objective_parameter,pw_combi,scenario_of_interest,robustness_metric,year,Value,normalized_values,flood_agr,drought_agr,flood_urb,drought_shp
Crop_Loss,00_00_00_00,D,average,20,34.48,1.0,00,00,00,00
Crop_Loss,00_00_00_00,D,average,60,122.99,1.0,00,00,00,00
Crop_Loss,00_00_00_00,D,average,100,196.53,1.0,00,00,00,00
Crop_Loss,00_00_00_00,D&G,average,20,35.2,1.0,00,00,00,00
Crop_Loss,00_00_00_00,D&G,average,60,129.66,1.0,00,00,00,00
Crop_Loss,00_00_00_00,D&G,average,100,214.42,1.0,00,00,00,00
Crop_Loss,00_00_00_00,D&G&Wp,average,20,40.61,1.0,00,00,00,00
Crop_Loss,00_00_00_00,D&G&Wp,average,60,178.62,1.0,00,00,00,00
Crop_Loss,00_00_00_00,D&G&Wp,average,100,341.08,1.0,00,00,00,00
Crop_Loss,00_00_00_00,D&Wp,average,20,42.96,1.0,00,00,00,00
Crop_Loss,00_00_00_00,D&Wp,average,60,199.77,1.0,00,00,00,00
Crop_Loss,00_00_00_00,D&Wp,average,100,395.46,1.0,00,00,00,00
Crop_Loss,00_00_00_00,G,average,20,35.91,1.0,00,00,00,00
Crop_Loss,00_00_00_00,G,average,60,136.34,1.0,00,00,00,00
Crop_Loss,00_00_00_00,G,average,100,232.32,1.0,00,00,00,00
Crop_Loss,00_00_00_00,G&Wp,average,20,43.68,1.0,00,00,00,00
Crop_Loss,00_00_00_00,G&Wp,average,60,206.44,1.0,00,00,00,00
Crop_Loss,00_00_00_00,G&Wp,average,100,413.36,1.0,00,00,00,00
Crop_Loss,00_00_00_00,Wp,average,20,51.44,1.0,00,00,00,00
Crop_Loss,00_00_00_00,Wp,average,60,276.55,1.0,00,00,00,00
Crop_Loss,00_00_00_00,Wp,average,100,594.4,1.0,00,00,00,00
Crop_Loss,00_00_01_00,D,average,20,34.48,1.0,00,00,01,00
Crop_Loss,00_00_01_00,D,average,60,121.19,0.99,00,00,01,00
Crop_Loss,00_00_01_00,D,average,100,185.7,0.94,00,00,01,00
Crop_Loss,00_00_01_00,D&G,average,20,35.2,1.0,00,00,01,00
Crop_Loss,00_00_01_00,D&G,average,60,127.61,0.98,00,00,01,00
Crop_Loss,00_00_01_00,D&G,average,100,199.34,0.93,00,00,01,00
Crop_Loss,00_00_01_00,D&G&Wp,average,20,40.61,1.0,00,00,01,00
Crop_Loss,00_00_01_00,D&G&Wp,average,60,176.17,0.99,00,00,01,00
Crop_Loss,00_00_01_00,D&G&Wp,average,100,323.33,0.95,00,00,01,00
Crop_Loss,00_00_01_00,D&Wp,average,20,42.96,1.0,00,00,01,00
Crop_Loss,00_00_01_00,D&Wp,average,60,197.24,0.99,00,00,01,00
Crop_Loss,00_00_01_00,D&Wp,average,100,378.51,0.96,00,00,01,00
Crop_Loss,00_00_01_00,G,average,20,35.91,1.0,00,00,01,00
Crop_Loss,00_00_01_00,G,average,60,134.02,0.98,00,00,01,00
Crop_Loss,00_00_01_00,G,average,100,212.98,0.92,00,00,01,00
Crop_Loss,00_00_01_00,G&Wp,average,20,43.68,1.0,00,00,01,00
Crop_Loss,00_00_01_00,G&Wp,average,60,203.66,0.99,00,00,01,00
Crop_Loss,00_00_01_00,G&Wp,average,100,392.15,0.95,00,00,01,00
Crop_Loss,00_00_01_00,Wp,average,20,51.44,1.0,00,00,01,00
Crop_Loss,00_00_01_00,Wp,average,60,273.29,0.99,00,00,01,00
Crop_Loss,00_00_01_00,Wp,average,100,571.31,0.96,00,00,01,00
Crop_Loss,00_00_03_00,D,average,20,34.48,1.0,00,00,03,00
Crop_Loss,00_00_03_00,D,average,60,121.19,0.99,00,00,03,00
Crop_Loss,00_00_03_00,D,average,100,185.7,0.94,00,00,03,00
Crop_Loss,00_00_03_00,D&G,average,20,35.2,1.0,00,00,03,00
Crop_Loss,00_00_03_00,D&G,average,60,127.61,0.98,00,00,03,00
Crop_Loss,00_00_03_00,D&G,average,100,199.34,0.93,00,00,03,00
Crop_Loss,00_00_03_00,D&G&Wp,average,20,40.61,1.0,00,00,03,00
Crop_Loss,00_00_03_00,D&G&Wp,average,60,176.17,0.99,00,00,03,00
Crop_Loss,00_00_03_00,D&G&Wp,average,100,323.33,0.95,00,00,03,00
Crop_Loss,00_00_03_00,D&Wp,average,20,42.96,1.0,00,00,03,00
Crop_Loss,00_00_03_00,D&Wp,average,60,197.24,0.99,00,00,03,00
Crop_Loss,00_00_03_00,D&Wp,average,100,378.51,0.96,00,00,03,00
Crop_Loss,00_00_03_00,G,average,20,35.91,1.0,00,00,03,00
Crop_Loss,00_00_03_00,G,average,60,134.02,0.98,00,00,03,00
Crop_Loss,00_00_03_00,G,average,100,212.98,0.92,00,00,03,00
Crop_Loss,00_00_03_00,G&Wp,average,20,43.68,1.0,00,00,03,00
Crop_Loss,00_00_03_00,G&Wp,average,60,203.66,0.99,00,00,03,00
Crop_Loss,00_00_03_00,G&Wp,average,100,392.15,0.95,00,00,03,00
Crop_Loss,00_00_03_00,Wp,average,20,51.44,1.0,00,00,03,00
Crop_Loss,00_00_03_00,Wp,average,60,273.29,0.99,00,00,03,00
Crop_Loss,00_00_03_00,Wp,average,100,571.31,0.96,00,00,03,00
Crop_Loss,00_00_05_00,D,average,20,31.2,0.9,00,00,05,00
Crop_Loss,00_00_05_00,D,average,60,111.64,0.91,00,00,05,00
Crop_Loss,00_00_05_00,D,average,100,173.49,0.88,00,00,05,00
Crop_Loss,00_00_05_00,D&G,average,20,31.76,0.9,00,00,05,00
Crop_Loss,00_00_05_00,D&G,average,60,116.67,0.9,00,00,05,00
Crop_Loss,00_00_05_00,D&G,average,100,185.59,0.87,00,00,05,00
Crop_Loss,00_00_05_00,D&G&Wp,average,20,37.21,0.92,00,00,05,00
Crop_Loss,00_00_05_00,D&G&Wp,average,60,163.76,0.92,00,00,05,00
Crop_Loss,00_00_05_00,D&G&Wp,average,100,308.76,0.91,00,00,05,00
Crop_Loss,00_00_05_00,D&Wp,average,20,39.66,0.92,00,00,05,00
Crop_Loss,00_00_05_00,D&Wp,average,60,184.79,0.93,00,00,05,00
Crop_Loss,00_00_05_00,D&Wp,average,100,364.29,0.92,00,00,05,00
Crop_Loss,00_00_05_00,G,average,20,32.33,0.9,00,00,05,00
Crop_Loss,00_00_05_00,G,average,60,121.71,0.89,00,00,05,00
Crop_Loss,00_00_05_00,G,average,100,197.7,0.85,00,00,05,00
Crop_Loss,00_00_05_00,G&Wp,average,20,40.22,0.92,00,00,05,00
Crop_Loss,00_00_05_00,G&Wp,average,60,189.83,0.92,00,00,05,00
Crop_Loss,00_00_05_00,G&Wp,average,100,376.4,0.91,00,00,05,00
Crop_Loss,00_00_05_00,Wp,average,20,48.11,0.94,00,00,05,00
Crop_Loss,00_00_05_00,Wp,average,60,257.94,0.93,00,00,05,00
Crop_Loss,00_00_05_00,Wp,average,100,555.1,0.93,00,00,05,00
Crop_Loss,00_00_07_00,D,average,20,35.26,1.02,00,00,07,00
Crop_Loss,00_00_07_00,D,average,60,139.08,1.13,00,00,07,00
Crop_Loss,00_00_07_00,D,average,100,229.5,1.17,00,00,07,00
Crop_Loss,00_00_07_00,D&G,average,20,35.83,1.02,00,00,07,00
Crop_Loss,00_00_07_00,D&G,average,60,144.07,1.11,00,00,07,00
Crop_Loss,00_00_07_00,D&G,average,100,241.53,1.13,00,00,07,00
Crop_Loss,00_00_07_00,D&G&Wp,average,20,41.03,1.01,00,00,07,00
Crop_Loss,00_00_07_00,D&G&Wp,average,60,187.73,1.05,00,00,07,00
Crop_Loss,00_00_07_00,D&G&Wp,average,100,353.93,1.04,00,00,07,00
Crop_Loss,00_00_07_00,D&Wp,average,20,43.35,1.01,00,00,07,00
Crop_Loss,00_00_07_00,D&Wp,average,60,207.07,1.04,00,00,07,00
Crop_Loss,00_00_07_00,D&Wp,average,100,404.11,1.02,00,00,07,00
Crop_Loss,00_00_07_00,G,average,20,36.4,1.01,00,00,07,00
Crop_Loss,00_00_07_00,G,average,60,149.06,1.09,00,00,07,00
Crop_Loss,00_00_07_00,G,average,100,253.56,1.09,00,00,07,00
Crop_Loss,00_00_07_00,G&Wp,average,20,43.92,1.01,00,00,07,00
Crop_Loss,00_00_07_00,G&Wp,average,60,212.06,1.03,00,00,07,00
Crop_Loss,00_00_07_00,G&Wp,average,100,416.14,1.01,00,00,07,00
Crop_Loss,00_00_07_00,Wp,average,20,51.43,1.0,00,00,07,00
Crop_Loss,00_00_07_00,Wp,average,60,275.06,0.99,00,00,07,00
Crop_Loss,00_00_07_00,Wp,average,100,578.72,0.97,00,00,07,00
Crop_Loss,00_00_09_00,D,average,20,31.2,0.9,00,00,09,00
Crop_Loss,00_00_09_00,D,average,60,111.14,0.9,00,00,09,00
Crop_Loss,00_00_09_00,D,average,100,172.49,0.88,00,00,09,00
Crop_Loss,00_00_09_00,D&G,average,20,31.76,0.9,00,00,09,00
Crop_Loss,00_00_09_00,D&G,average,60,116.16,0.9,00,00,09,00
Crop_Loss,00_00_09_00,D&G,average,100,184.58,0.86,00,00,09,00
Crop_Loss,00_00_09_00,D&G&Wp,average,20,37.21,0.92,00,00,09,00
Crop_Loss,00_00_09_00,D&G&Wp,average,60,163.36,0.91,00,00,09,00
Crop_Loss,00_00_09_00,D&G&Wp,average,100,307.99,0.9,00,00,09,00
Crop_Loss,00_00_09_00,D&Wp,average,20,39.65,0.92,00,00,09,00
Crop_Loss,00_00_09_00,D&Wp,average,60,184.45,0.92,00,00,09,00
Crop_Loss,00_00_09_00,D&Wp,average,100,363.66,0.92,00,00,09,00
Crop_Loss,00_00_09_00,G,average,20,32.32,0.9,00,00,09,00
Crop_Loss,00_00_09_00,G,average,60,121.19,0.89,00,00,09,00
Crop_Loss,00_00_09_00,G,average,100,196.67,0.85,00,00,09,00
Crop_Loss,00_00_09_00,G&Wp,average,20,40.22,0.92,00,00,09,00
Crop_Loss,00_00_09_00,G&Wp,average,60,189.48,0.92,00,00,09,00
Crop_Loss,00_00_09_00,G&Wp,average,100,375.74,0.91,00,00,09,00
Crop_Loss,00_00_09_00,Wp,average,20,48.11,0.94,00,00,09,00
Crop_Loss,00_00_09_00,Wp,average,60,257.76,0.93,00,00,09,00
Crop_Loss,00_00_09_00,Wp,average,100,554.82,0.93,00,00,09,00
Crop_Loss,00_00_11_00,D,average,20,34.48,1.0,00,00,11,00
Crop_Loss,00_00_11_00,D,average,60,121.98,0.99,00,00,11,00
Crop_Loss,00_00_11_00,D,average,100,191.29,0.97,00,00,11,00
Crop_Loss,00_00_11_00,D&G,average,20,35.2,1.0,00,00,11,00
Crop_Loss,00_00_11_00,D&G,average,60,128.35,0.99,00,00,11,00
Crop_Loss,00_00_11_00,D&G,average,100,204.88,0.96,00,00,11,00
Crop_Loss,00_00_11_00,D&G&Wp,average,20,40.61,1.0,00,00,11,00
Crop_Loss,00_00_11_00,D&G&Wp,average,60,177.16,0.99,00,00,11,00
Crop_Loss,00_00_11_00,D&G&Wp,average,100,329.45,0.97,00,00,11,00
Crop_Loss,00_00_11_00,D&Wp,average,20,42.96,1.0,00,00,11,00
Crop_Loss,00_00_11_00,D&Wp,average,60,198.38,0.99,00,00,11,00
Crop_Loss,00_00_11_00,D&Wp,average,100,384.94,0.97,00,00,11,00
Crop_Loss,00_00_11_00,G,average,20,35.91,1.0,00,00,11,00
Crop_Loss,00_00_11_00,G,average,60,134.72,0.99,00,00,11,00
Crop_Loss,00_00_11_00,G,average,100,218.48,0.94,00,00,11,00
Crop_Loss,00_00_11_00,G&Wp,average,20,43.68,1.0,00,00,11,00
Crop_Loss,00_00_11_00,G&Wp,average,60,204.76,0.99,00,00,11,00
Crop_Loss,00_00_11_00,G&Wp,average,100,398.54,0.96,00,00,11,00
Crop_Loss,00_00_11_00,Wp,average,20,51.44,1.0,00,00,11,00
Crop_Loss,00_00_11_00,Wp,average,60,274.79,0.99,00,00,11,00
Crop_Loss,00_00_11_00,Wp,average,100,578.59,0.97,00,00,11,00
Crop_Loss,00_00_13_00,D,average,20,34.48,1.0,00,00,13,00
Crop_Loss,00_00_13_00,D,average,60,125.92,1.02,00,00,13,00
Crop_Loss,00_00_13_00,D,average,100,212.99,1.08,00,00,13,00
Crop_Loss,00_00_13_00,D&G,average,20,35.2,1.0,00,00,13,00
Crop_Loss,00_00_13_00,D&G,average,60,132.6,1.02,00,00,13,00
Crop_Loss,00_00_13_00,D&G,average,100,228.34,1.06,00,00,13,00
Crop_Loss,00_00_13_00,D&G&Wp,average,20,40.61,1.0,00,00,13,00
Crop_Loss,00_00_13_00,D&G&Wp,average,60,180.38,1.01,00,00,13,00
Crop_Loss,00_00_13_00,D&G&Wp,average,100,345.98,1.01,00,00,13,00
Crop_Loss,00_00_13_00,D&Wp,average,20,42.96,1.0,00,00,13,00
Crop_Loss,00_00_13_00,D&Wp,average,60,200.93,1.01,00,00,13,00
Crop_Loss,00_00_13_00,D&Wp,average,100,397.13,1.0,00,00,13,00
Crop_Loss,00_00_13_00,G,average,20,35.91,1.0,00,00,13,00
Crop_Loss,00_00_13_00,G,average,60,139.28,1.02,00,00,13,00
Crop_Loss,00_00_13_00,G,average,100,243.68,1.05,00,00,13,00
Crop_Loss,00_00_13_00,G&Wp,average,20,43.68,1.0,00,00,13,00
Crop_Loss,00_00_13_00,G&Wp,average,60,207.6,1.01,00,00,13,00
Crop_Loss,00_00_13_00,G&Wp,average,100,412.47,1.0,00,00,13,00
Crop_Loss,00_00_13_00,Wp,average,20,51.44,1.0,00,00,13,00
Crop_Loss,00_00_13_00,Wp,average,60,275.93,1.0,00,00,13,00
Crop_Loss,00_00_13_00,Wp,average,100,581.26,0.98,00,00,13,00
Crop_Loss,01_00_00_00,D,average,20,34.75,1.01,01,00,00,00
Crop_Loss,01_00_00_00,D,average,60,133.36,1.08,01,00,00,00
Crop_Loss,01_00_00_00,D,average,100,231.22,1.18,01,00,00,00
Crop_Loss,01_00_00_00,D&G,average,20,35.48,1.01,01,00,00,00
Crop_Loss,01_00_00_00,D&G,average,60,142.77,1.1,01,00,00,00
Crop_Loss,01_00_00_00,D&G,average,100,251.97,1.18,01,00,00,00
Crop_Loss,01_00_00_00,D&G&Wp,average,20,40.98,1.01,01,00,00,00
Crop_Loss,01_00_00_00,D&G&Wp,average,60,194.68,1.09,01,00,00,00
Crop_Loss,01_00_00_00,D&G&Wp,average,100,382.65,1.12,01,00,00,00
Crop_Loss,01_00_00_00,D&Wp,average,20,43.37,1.01,01,00,00,00
Crop_Loss,01_00_00_00,D&Wp,average,60,215.92,1.08,01,00,00,00
Crop_Loss,01_00_00_00,D&Wp,average,100,437.62,1.11,01,00,00,00
Crop_Loss,01_00_00_00,G,average,20,36.21,1.01,01,00,00,00
Crop_Loss,01_00_00_00,G,average,60,152.18,1.12,01,00,00,00
Crop_Loss,01_00_00_00,G,average,100,272.72,1.17,01,00,00,00
Crop_Loss,01_00_00_00,G&Wp,average,20,44.1,1.01,01,00,00,00
Crop_Loss,01_00_00_00,G&Wp,average,60,225.33,1.09,01,00,00,00
Crop_Loss,01_00_00_00,G&Wp,average,100,458.37,1.11,01,00,00,00
Crop_Loss,01_00_00_00,Wp,average,20,51.99,1.01,01,00,00,00
Crop_Loss,01_00_00_00,Wp,average,60,298.49,1.08,01,00,00,00
Crop_Loss,01_00_00_00,Wp,average,100,644.01,1.08,01,00,00,00
Crop_Loss,01_00_01_00,D,average,20,34.75,1.01,01,00,01,00
Crop_Loss,01_00_01_00,D,average,60,131.47,1.07,01,00,01,00
Crop_Loss,01_00_01_00,D,average,100,216.43,1.1,01,00,01,00
Crop_Loss,01_00_01_00,D&G,average,20,35.48,1.01,01,00,01,00
Crop_Loss,01_00_01_00,D&G,average,60,140.84,1.09,01,00,01,00
Crop_Loss,01_00_01_00,D&G,average,100,235.08,1.1,01,00,01,00
Crop_Loss,01_00_01_00,D&G&Wp,average,20,40.98,1.01,01,00,01,00
Crop_Loss,01_00_01_00,D&G&Wp,average,60,192.77,1.08,01,00,01,00
Crop_Loss,01_00_01_00,D&G&Wp,average,100,368.51,1.08,01,00,01,00
Crop_Loss,01_00_01_00,D&Wp,average,20,43.37,1.01,01,00,01,00
Crop_Loss,01_00_01_00,D&Wp,average,60,214.04,1.07,01,00,01,00
Crop_Loss,01_00_01_00,D&Wp,average,100,425.89,1.08,01,00,01,00
Crop_Loss,01_00_01_00,G,average,20,36.21,1.01,01,00,01,00
Crop_Loss,01_00_01_00,G,average,60,150.22,1.1,01,00,01,00
Crop_Loss,01_00_01_00,G,average,100,253.74,1.09,01,00,01,00
Crop_Loss,01_00_01_00,G&Wp,average,20,44.1,1.01,01,00,01,00
Crop_Loss,01_00_01_00,G&Wp,average,60,223.42,1.08,01,00,01,00
Crop_Loss,01_00_01_00,G&Wp,average,100,444.55,1.08,01,00,01,00
Crop_Loss,01_00_01_00,Wp,average,20,51.99,1.01,01,00,01,00
Crop_Loss,01_00_01_00,Wp,average,60,296.62,1.07,01,00,01,00
Crop_Loss,01_00_01_00,Wp,average,100,635.35,1.07,01,00,01,00
Crop_Loss,01_00_03_00,D,average,20,34.75,1.01,01,00,03,00
Crop_Loss,01_00_03_00,D,average,60,131.47,1.07,01,00,03,00
Crop_Loss,01_00_03_00,D,average,100,216.43,1.1,01,00,03,00
Crop_Loss,01_00_03_00,D&G,average,20,35.48,1.01,01,00,03,00
Crop_Loss,01_00_03_00,D&G,average,60,140.85,1.09,01,00,03,00
Crop_Loss,01_00_03_00,D&G,average,100,235.09,1.1,01,00,03,00
Crop_Loss,01_00_03_00,D&G&Wp,average,20,40.98,1.01,01,00,03,00
Crop_Loss,01_00_03_00,D&G&Wp,average,60,192.77,1.08,01,00,03,00
Crop_Loss,01_00_03_00,D&G&Wp,average,100,368.51,1.08,01,00,03,00
Crop_Loss,01_00_03_00,D&Wp,average,20,43.37,1.01,01,00,03,00
Crop_Loss,01_00_03_00,D&Wp,average,60,214.05,1.07,01,00,03,00
Crop_Loss,01_00_03_00,D&Wp,average,100,425.89,1.08,01,00,03,00
Crop_Loss,01_00_03_00,G,average,20,36.21,1.01,01,00,03,00
Crop_Loss,01_00_03_00,G,average,60,150.22,1.1,01,00,03,00
Crop_Loss,01_00_03_00,G,average,100,253.74,1.09,01,00,03,00
Crop_Loss,01_00_03_00,G&Wp,average,20,44.1,1.01,01,00,03,00
Crop_Loss,01_00_03_00,G&Wp,average,60,223.42,1.08,01,00,03,00
Crop_Loss,01_00_03_00,G&Wp,average,100,444.55,1.08,01,00,03,00
Crop_Loss,01_00_03_00,Wp,average,20,51.99,1.01,01,00,03,00
Crop_Loss,01_00_03_00,Wp,average,60,296.62,1.07,01,00,03,00
Crop_Loss,01_00_03_00,Wp,average,100,635.35,1.07,01,00,03,00
Crop_Loss,01_00_05_00,D,average,20,31.2,0.9,01,00,05,00
Crop_Loss,01_00_05_00,D,average,60,114.85,0.93,01,00,05,00
Crop_Loss,01_00_05_00,D,average,100,183.65,0.93,01,00,05,00
Crop_Loss,01_00_05_00,D&G,average,20,31.76,0.9,01,00,05,00
Crop_Loss,01_00_05_00,D&G,average,60,120.05,0.93,01,00,05,00
Crop_Loss,01_00_05_00,D&G,average,100,196.3,0.92,01,00,05,00
Crop_Loss,01_00_05_00,D&G&Wp,average,20,37.21,0.92,01,00,05,00
Crop_Loss,01_00_05_00,D&G&Wp,average,60,167.94,0.94,01,00,05,00
Crop_Loss,01_00_05_00,D&G&Wp,average,100,321.54,0.94,01,00,05,00
Crop_Loss,01_00_05_00,D&Wp,average,20,39.66,0.92,01,00,05,00
Crop_Loss,01_00_05_00,D&Wp,average,60,189.29,0.95,01,00,05,00
Crop_Loss,01_00_05_00,D&Wp,average,100,377.83,0.96,01,00,05,00
Crop_Loss,01_00_05_00,G,average,20,32.33,0.9,01,00,05,00
Crop_Loss,01_00_05_00,G,average,60,125.24,0.92,01,00,05,00
Crop_Loss,01_00_05_00,G,average,100,208.95,0.9,01,00,05,00
Crop_Loss,01_00_05_00,G&Wp,average,20,40.22,0.92,01,00,05,00
Crop_Loss,01_00_05_00,G&Wp,average,60,194.48,0.94,01,00,05,00
Crop_Loss,01_00_05_00,G&Wp,average,100,390.48,0.94,01,00,05,00
Crop_Loss,01_00_05_00,Wp,average,20,48.11,0.94,01,00,05,00
Crop_Loss,01_00_05_00,Wp,average,60,263.73,0.95,01,00,05,00
Crop_Loss,01_00_05_00,Wp,average,100,572.0,0.96,01,00,05,00
Crop_Loss,01_00_07_00,D,average,20,35.26,1.02,01,00,07,00
Crop_Loss,01_00_07_00,D,average,60,141.73,1.15,01,00,07,00
Crop_Loss,01_00_07_00,D,average,100,237.31,1.21,01,00,07,00
Crop_Loss,01_00_07_00,D&G,average,20,35.83,1.02,01,00,07,00
Crop_Loss,01_00_07_00,D&G,average,60,146.85,1.13,01,00,07,00
Crop_Loss,01_00_07_00,D&G,average,100,249.66,1.16,01,00,07,00
Crop_Loss,01_00_07_00,D&G&Wp,average,20,41.03,1.01,01,00,07,00
Crop_Loss,01_00_07_00,D&G&Wp,average,60,191.21,1.07,01,00,07,00
Crop_Loss,01_00_07_00,D&G&Wp,average,100,363.58,1.07,01,00,07,00
Crop_Loss,01_00_07_00,D&Wp,average,20,43.35,1.01,01,00,07,00
Crop_Loss,01_00_07_00,D&Wp,average,60,210.84,1.06,01,00,07,00
Crop_Loss,01_00_07_00,D&Wp,average,100,414.36,1.05,01,00,07,00
Crop_Loss,01_00_07_00,G,average,20,36.4,1.01,01,00,07,00
Crop_Loss,01_00_07_00,G,average,60,151.96,1.11,01,00,07,00
Crop_Loss,01_00_07_00,G,average,100,262.0,1.13,01,00,07,00
Crop_Loss,01_00_07_00,G&Wp,average,20,43.92,1.01,01,00,07,00
Crop_Loss,01_00_07_00,G&Wp,average,60,215.96,1.05,01,00,07,00
Crop_Loss,01_00_07_00,G&Wp,average,100,426.71,1.03,01,00,07,00
Crop_Loss,01_00_07_00,Wp,average,20,51.43,1.0,01,00,07,00
Crop_Loss,01_00_07_00,Wp,average,60,279.95,1.01,01,00,07,00
Crop_Loss,01_00_07_00,Wp,average,100,591.42,0.99,01,00,07,00
Crop_Loss,01_00_09_00,D,average,20,31.2,0.9,01,00,09,00
Crop_Loss,01_00_09_00,D,average,60,114.25,0.93,01,00,09,00
Crop_Loss,01_00_09_00,D,average,100,181.6,0.92,01,00,09,00
Crop_Loss,01_00_09_00,D&G,average,20,31.76,0.9,01,00,09,00
Crop_Loss,01_00_09_00,D&G,average,60,119.43,0.92,01,00,09,00
Crop_Loss,01_00_09_00,D&G,average,100,194.17,0.91,01,00,09,00
Crop_Loss,01_00_09_00,D&G&Wp,average,20,37.21,0.92,01,00,09,00
Crop_Loss,01_00_09_00,D&G&Wp,average,60,167.44,0.94,01,00,09,00
Crop_Loss,01_00_09_00,D&G&Wp,average,100,319.59,0.94,01,00,09,00
Crop_Loss,01_00_09_00,D&Wp,average,20,39.65,0.92,01,00,09,00
Crop_Loss,01_00_09_00,D&Wp,average,60,188.86,0.95,01,00,09,00
Crop_Loss,01_00_09_00,D&Wp,average,100,376.02,0.95,01,00,09,00
Crop_Loss,01_00_09_00,G,average,20,32.32,0.9,01,00,09,00
Crop_Loss,01_00_09_00,G,average,60,124.6,0.91,01,00,09,00
Crop_Loss,01_00_09_00,G,average,100,206.74,0.89,01,00,09,00
Crop_Loss,01_00_09_00,G&Wp,average,20,40.22,0.92,01,00,09,00
Crop_Loss,01_00_09_00,G&Wp,average,60,194.03,0.94,01,00,09,00
Crop_Loss,01_00_09_00,G&Wp,average,100,388.59,0.94,01,00,09,00
Crop_Loss,01_00_09_00,Wp,average,20,48.11,0.94,01,00,09,00
Crop_Loss,01_00_09_00,Wp,average,60,263.46,0.95,01,00,09,00
Crop_Loss,01_00_09_00,Wp,average,100,570.44,0.96,01,00,09,00
Crop_Loss,01_00_11_00,D,average,20,34.75,1.01,01,00,11,00
Crop_Loss,01_00_11_00,D,average,60,132.24,1.08,01,00,11,00
Crop_Loss,01_00_11_00,D,average,100,223.54,1.14,01,00,11,00
Crop_Loss,01_00_11_00,D&G,average,20,35.48,1.01,01,00,11,00
Crop_Loss,01_00_11_00,D&G,average,60,141.56,1.09,01,00,11,00
Crop_Loss,01_00_11_00,D&G,average,100,242.89,1.13,01,00,11,00
Crop_Loss,01_00_11_00,D&G&Wp,average,20,40.98,1.01,01,00,11,00
Crop_Loss,01_00_11_00,D&G&Wp,average,60,193.69,1.08,01,00,11,00
Crop_Loss,01_00_11_00,D&G&Wp,average,100,375.54,1.1,01,00,11,00
Crop_Loss,01_00_11_00,D&Wp,average,20,43.37,1.01,01,00,11,00
Crop_Loss,01_00_11_00,D&Wp,average,60,215.1,1.08,01,00,11,00
Crop_Loss,01_00_11_00,D&Wp,average,100,432.2,1.09,01,00,11,00
Crop_Loss,01_00_11_00,G,average,20,36.21,1.01,01,00,11,00
Crop_Loss,01_00_11_00,G,average,60,150.87,1.11,01,00,11,00
Crop_Loss,01_00_11_00,G,average,100,262.23,1.13,01,00,11,00
Crop_Loss,01_00_11_00,G&Wp,average,20,44.1,1.01,01,00,11,00
Crop_Loss,01_00_11_00,G&Wp,average,60,224.41,1.09,01,00,11,00
Crop_Loss,01_00_11_00,G&Wp,average,100,451.54,1.09,01,00,11,00
Crop_Loss,01_00_11_00,Wp,average,20,51.99,1.01,01,00,11,00
Crop_Loss,01_00_11_00,Wp,average,60,297.96,1.08,01,00,11,00
Crop_Loss,01_00_11_00,Wp,average,100,640.84,1.08,01,00,11,00
Crop_Loss,01_00_13_00,D,average,20,34.75,1.01,01,00,13,00
Crop_Loss,01_00_13_00,D,average,60,135.68,1.1,01,00,13,00
Crop_Loss,01_00_13_00,D,average,100,237.8,1.21,01,00,13,00
Crop_Loss,01_00_13_00,D&G,average,20,35.48,1.01,01,00,13,00
Crop_Loss,01_00_13_00,D&G,average,60,145.46,1.12,01,00,13,00
Crop_Loss,01_00_13_00,D&G,average,100,259.07,1.21,01,00,13,00
Crop_Loss,01_00_13_00,D&G&Wp,average,20,40.98,1.01,01,00,13,00
Crop_Loss,01_00_13_00,D&G&Wp,average,60,196.44,1.1,01,00,13,00
Crop_Loss,01_00_13_00,D&G&Wp,average,100,385.15,1.13,01,00,13,00
Crop_Loss,01_00_13_00,D&Wp,average,20,43.37,1.01,01,00,13,00
Crop_Loss,01_00_13_00,D&Wp,average,60,217.05,1.09,01,00,13,00
Crop_Loss,01_00_13_00,D&Wp,average,100,437.55,1.11,01,00,13,00
Crop_Loss,01_00_13_00,G,average,20,36.21,1.01,01,00,13,00
Crop_Loss,01_00_13_00,G,average,60,155.23,1.14,01,00,13,00
Crop_Loss,01_00_13_00,G,average,100,280.34,1.21,01,00,13,00
Crop_Loss,01_00_13_00,G&Wp,average,20,44.1,1.01,01,00,13,00
Crop_Loss,01_00_13_00,G&Wp,average,60,226.83,1.1,01,00,13,00
Crop_Loss,01_00_13_00,G&Wp,average,100,458.82,1.11,01,00,13,00
Crop_Loss,01_00_13_00,Wp,average,20,51.99,1.01,01,00,13,00
Crop_Loss,01_00_13_00,Wp,average,60,298.42,1.08,01,00,13,00
Crop_Loss,01_00_13_00,Wp,average,100,637.3,1.07,01,00,13,00
Crop_Loss,03_00_00_00,D,average,20,35.51,1.03,03,00,00,00
Crop_Loss,03_00_00_00,D,average,60,141.52,1.15,03,00,00,00
Crop_Loss,03_00_00_00,D,average,100,244.02,1.24,03,00,00,00
Crop_Loss,03_00_00_00,D&G,average,20,36.28,1.03,03,00,00,00
Crop_Loss,03_00_00_00,D&G,average,60,149.02,1.15,03,00,00,00
Crop_Loss,03_00_00_00,D&G,average,100,261.68,1.22,03,00,00,00
Crop_Loss,03_00_00_00,D&G&Wp,average,20,41.66,1.03,03,00,00,00
Crop_Loss,03_00_00_00,D&G&Wp,average,60,200.5,1.12,03,00,00,00
Crop_Loss,03_00_00_00,D&G&Wp,average,100,391.13,1.15,03,00,00,00
Crop_Loss,03_00_00_00,D&Wp,average,20,43.95,1.02,03,00,00,00
Crop_Loss,03_00_00_00,D&Wp,average,60,222.5,1.11,03,00,00,00
Crop_Loss,03_00_00_00,D&Wp,average,100,447.02,1.13,03,00,00,00
Crop_Loss,03_00_00_00,G,average,20,37.06,1.03,03,00,00,00
Crop_Loss,03_00_00_00,G,average,60,156.51,1.15,03,00,00,00
Crop_Loss,03_00_00_00,G,average,100,279.34,1.2,03,00,00,00
Crop_Loss,03_00_00_00,G&Wp,average,20,44.73,1.02,03,00,00,00
Crop_Loss,03_00_00_00,G&Wp,average,60,229.99,1.11,03,00,00,00
Crop_Loss,03_00_00_00,G&Wp,average,100,464.68,1.12,03,00,00,00
Crop_Loss,03_00_00_00,Wp,average,20,52.4,1.02,03,00,00,00
Crop_Loss,03_00_00_00,Wp,average,60,303.47,1.1,03,00,00,00
Crop_Loss,03_00_00_00,Wp,average,100,650.03,1.09,03,00,00,00
Crop_Loss,03_00_01_00,D,average,20,35.51,1.03,03,00,01,00
Crop_Loss,03_00_01_00,D,average,60,139.83,1.14,03,00,01,00
Crop_Loss,03_00_01_00,D,average,100,231.96,1.18,03,00,01,00
Crop_Loss,03_00_01_00,D&G,average,20,36.29,1.03,03,00,01,00
Crop_Loss,03_00_01_00,D&G,average,60,147.12,1.13,03,00,01,00
Crop_Loss,03_00_01_00,D&G,average,100,246.83,1.15,03,00,01,00
Crop_Loss,03_00_01_00,D&G&Wp,average,20,41.66,1.03,03,00,01,00
Crop_Loss,03_00_01_00,D&G&Wp,average,60,198.65,1.11,03,00,01,00
Crop_Loss,03_00_01_00,D&G&Wp,average,100,379.18,1.11,03,00,01,00
Crop_Loss,03_00_01_00,D&Wp,average,20,43.95,1.02,03,00,01,00
Crop_Loss,03_00_01_00,D&Wp,average,60,220.77,1.11,03,00,01,00
Crop_Loss,03_00_01_00,D&Wp,average,100,437.93,1.11,03,00,01,00
Crop_Loss,03_00_01_00,G,average,20,37.06,1.03,03,00,01,00
Crop_Loss,03_00_01_00,G,average,60,154.41,1.13,03,00,01,00
Crop_Loss,03_00_01_00,G,average,100,261.7,1.13,03,00,01,00
Crop_Loss,03_00_01_00,G&Wp,average,20,44.73,1.02,03,00,01,00
Crop_Loss,03_00_01_00,G&Wp,average,60,228.06,1.1,03,00,01,00
Crop_Loss,03_00_01_00,G&Wp,average,100,452.79,1.1,03,00,01,00
Crop_Loss,03_00_01_00,Wp,average,20,52.4,1.02,03,00,01,00
Crop_Loss,03_00_01_00,Wp,average,60,301.7,1.09,03,00,01,00
Crop_Loss,03_00_01_00,Wp,average,100,643.89,1.08,03,00,01,00
Crop_Loss,03_00_03_00,D,average,20,35.51,1.03,03,00,03,00
Crop_Loss,03_00_03_00,D,average,60,139.83,1.14,03,00,03,00
Crop_Loss,03_00_03_00,D,average,100,231.96,1.18,03,00,03,00
Crop_Loss,03_00_03_00,D&G,average,20,36.29,1.03,03,00,03,00
Crop_Loss,03_00_03_00,D&G,average,60,147.12,1.13,03,00,03,00
Crop_Loss,03_00_03_00,D&G,average,100,246.83,1.15,03,00,03,00
Crop_Loss,03_00_03_00,D&G&Wp,average,20,41.66,1.03,03,00,03,00
Crop_Loss,03_00_03_00,D&G&Wp,average,60,198.65,1.11,03,00,03,00
Crop_Loss,03_00_03_00,D&G&Wp,average,100,379.19,1.11,03,00,03,00
Crop_Loss,03_00_03_00,D&Wp,average,20,43.95,1.02,03,00,03,00
Crop_Loss,03_00_03_00,D&Wp,average,60,220.77,1.11,03,00,03,00
Crop_Loss,03_00_03_00,D&Wp,average,100,437.93,1.11,03,00,03,00
Crop_Loss,03_00_03_00,G,average,20,37.06,1.03,03,00,03,00
Crop_Loss,03_00_03_00,G,average,60,154.41,1.13,03,00,03,00
Crop_Loss,03_00_03_00,G,average,100,261.7,1.13,03,00,03,00
Crop_Loss,03_00_03_00,G&Wp,average,20,44.73,1.02,03,00,03,00
Crop_Loss,03_00_03_00,G&Wp,average,60,228.06,1.1,03,00,03,00
Crop_Loss,03_00_03_00,G&Wp,average,100,452.8,1.1,03,00,03,00
Crop_Loss,03_00_03_00,Wp,average,20,52.4,1.02,03,00,03,00
Crop_Loss,03_00_03_00,Wp,average,60,301.7,1.09,03,00,03,00
Crop_Loss,03_00_03_00,Wp,average,100,643.89,1.08,03,00,03,00
Crop_Loss,03_00_05_00,D,average,20,31.2,0.9,03,00,05,00
Crop_Loss,03_00_05_00,D,average,60,119.43,0.97,03,00,05,00
Crop_Loss,03_00_05_00,D,average,100,197.77,1.01,03,00,05,00
Crop_Loss,03_00_05_00,D&G,average,20,31.76,0.9,03,00,05,00
Crop_Loss,03_00_05_00,D&G,average,60,124.64,0.96,03,00,05,00
Crop_Loss,03_00_05_00,D&G,average,100,210.52,0.98,03,00,05,00
Crop_Loss,03_00_05_00,D&G&Wp,average,20,37.21,0.92,03,00,05,00
Crop_Loss,03_00_05_00,D&G&Wp,average,60,172.32,0.96,03,00,05,00
Crop_Loss,03_00_05_00,D&G&Wp,average,100,334.6,0.98,03,00,05,00
Crop_Loss,03_00_05_00,D&Wp,average,20,39.66,0.92,03,00,05,00
Crop_Loss,03_00_05_00,D&Wp,average,60,193.55,0.97,03,00,05,00
Crop_Loss,03_00_05_00,D&Wp,average,100,390.27,0.99,03,00,05,00
Crop_Loss,03_00_05_00,G,average,20,32.33,0.9,03,00,05,00
Crop_Loss,03_00_05_00,G,average,60,129.85,0.95,03,00,05,00
Crop_Loss,03_00_05_00,G,average,100,223.27,0.96,03,00,05,00
Crop_Loss,03_00_05_00,G&Wp,average,20,40.22,0.92,03,00,05,00
Crop_Loss,03_00_05_00,G&Wp,average,60,198.76,0.96,03,00,05,00
Crop_Loss,03_00_05_00,G&Wp,average,100,403.02,0.97,03,00,05,00
Crop_Loss,03_00_05_00,Wp,average,20,48.11,0.94,03,00,05,00
Crop_Loss,03_00_05_00,Wp,average,60,267.67,0.97,03,00,05,00
Crop_Loss,03_00_05_00,Wp,average,100,582.77,0.98,03,00,05,00
Crop_Loss,03_00_07_00,D,average,20,35.26,1.02,03,00,07,00
Crop_Loss,03_00_07_00,D,average,60,146.52,1.19,03,00,07,00
Crop_Loss,03_00_07_00,D,average,100,249.23,1.27,03,00,07,00
Crop_Loss,03_00_07_00,D&G,average,20,35.83,1.02,03,00,07,00
Crop_Loss,03_00_07_00,D&G,average,60,151.69,1.17,03,00,07,00
Crop_Loss,03_00_07_00,D&G,average,100,261.78,1.22,03,00,07,00
Crop_Loss,03_00_07_00,D&G&Wp,average,20,41.03,1.01,03,00,07,00
Crop_Loss,03_00_07_00,D&G&Wp,average,60,195.9,1.1,03,00,07,00
Crop_Loss,03_00_07_00,D&G&Wp,average,100,375.25,1.1,03,00,07,00
Crop_Loss,03_00_07_00,D&Wp,average,20,43.35,1.01,03,00,07,00
Crop_Loss,03_00_07_00,D&Wp,average,60,215.42,1.08,03,00,07,00
Crop_Loss,03_00_07_00,D&Wp,average,100,425.71,1.08,03,00,07,00
Crop_Loss,03_00_07_00,G,average,20,36.41,1.01,03,00,07,00
Crop_Loss,03_00_07_00,G,average,60,156.86,1.15,03,00,07,00
Crop_Loss,03_00_07_00,G,average,100,274.32,1.18,03,00,07,00
Crop_Loss,03_00_07_00,G&Wp,average,20,43.92,1.01,03,00,07,00
Crop_Loss,03_00_07_00,G&Wp,average,60,220.59,1.07,03,00,07,00
Crop_Loss,03_00_07_00,G&Wp,average,100,438.26,1.06,03,00,07,00
Crop_Loss,03_00_07_00,Wp,average,20,51.43,1.0,03,00,07,00
Crop_Loss,03_00_07_00,Wp,average,60,284.31,1.03,03,00,07,00
Crop_Loss,03_00_07_00,Wp,average,100,602.19,1.01,03,00,07,00
Crop_Loss,03_00_09_00,D,average,20,31.2,0.9,03,00,09,00
Crop_Loss,03_00_09_00,D,average,60,118.65,0.96,03,00,09,00
Crop_Loss,03_00_09_00,D,average,100,192.39,0.98,03,00,09,00
Crop_Loss,03_00_09_00,D&G,average,20,31.76,0.9,03,00,09,00
Crop_Loss,03_00_09_00,D&G,average,60,123.84,0.96,03,00,09,00
Crop_Loss,03_00_09_00,D&G,average,100,204.99,0.96,03,00,09,00
Crop_Loss,03_00_09_00,D&G&Wp,average,20,37.21,0.92,03,00,09,00
Crop_Loss,03_00_09_00,D&G&Wp,average,60,171.61,0.96,03,00,09,00
Crop_Loss,03_00_09_00,D&G&Wp,average,100,330.06,0.97,03,00,09,00
Crop_Loss,03_00_09_00,D&Wp,average,20,39.65,0.92,03,00,09,00
Crop_Loss,03_00_09_00,D&Wp,average,60,192.9,0.97,03,00,09,00
Crop_Loss,03_00_09_00,D&Wp,average,100,386.29,0.98,03,00,09,00
Crop_Loss,03_00_09_00,G,average,20,32.32,0.9,03,00,09,00
Crop_Loss,03_00_09_00,G,average,60,129.03,0.95,03,00,09,00
Crop_Loss,03_00_09_00,G,average,100,217.6,0.94,03,00,09,00
Crop_Loss,03_00_09_00,G&Wp,average,20,40.22,0.92,03,00,09,00
Crop_Loss,03_00_09_00,G&Wp,average,60,198.09,0.96,03,00,09,00
Crop_Loss,03_00_09_00,G&Wp,average,100,398.89,0.97,03,00,09,00
Crop_Loss,03_00_09_00,Wp,average,20,48.11,0.94,03,00,09,00
Crop_Loss,03_00_09_00,Wp,average,60,267.16,0.97,03,00,09,00
Crop_Loss,03_00_09_00,Wp,average,100,580.19,0.98,03,00,09,00
Crop_Loss,03_00_11_00,D,average,20,35.51,1.03,03,00,11,00
Crop_Loss,03_00_11_00,D,average,60,140.68,1.14,03,00,11,00
Crop_Loss,03_00_11_00,D,average,100,238.63,1.21,03,00,11,00
Crop_Loss,03_00_11_00,D&G,average,20,36.29,1.03,03,00,11,00
Crop_Loss,03_00_11_00,D&G,average,60,147.88,1.14,03,00,11,00
Crop_Loss,03_00_11_00,D&G,average,100,253.77,1.18,03,00,11,00
Crop_Loss,03_00_11_00,D&G&Wp,average,20,41.66,1.03,03,00,11,00
Crop_Loss,03_00_11_00,D&G&Wp,average,60,199.57,1.12,03,00,11,00
Crop_Loss,03_00_11_00,D&G&Wp,average,100,384.98,1.13,03,00,11,00
Crop_Loss,03_00_11_00,D&Wp,average,20,43.96,1.02,03,00,11,00
Crop_Loss,03_00_11_00,D&Wp,average,60,221.81,1.11,03,00,11,00
Crop_Loss,03_00_11_00,D&Wp,average,100,443.03,1.12,03,00,11,00
Crop_Loss,03_00_11_00,G,average,20,37.06,1.03,03,00,11,00
Crop_Loss,03_00_11_00,G,average,60,155.08,1.14,03,00,11,00
Crop_Loss,03_00_11_00,G,average,100,268.9,1.16,03,00,11,00
Crop_Loss,03_00_11_00,G&Wp,average,20,44.73,1.02,03,00,11,00
Crop_Loss,03_00_11_00,G&Wp,average,60,229.02,1.11,03,00,11,00
Crop_Loss,03_00_11_00,G&Wp,average,100,458.16,1.11,03,00,11,00
Crop_Loss,03_00_11_00,Wp,average,20,52.4,1.02,03,00,11,00
Crop_Loss,03_00_11_00,Wp,average,60,302.95,1.1,03,00,11,00
Crop_Loss,03_00_11_00,Wp,average,100,647.42,1.09,03,00,11,00
Crop_Loss,03_00_13_00,D,average,20,35.51,1.03,03,00,13,00
Crop_Loss,03_00_13_00,D,average,60,144.58,1.18,03,00,13,00
Crop_Loss,03_00_13_00,D,average,100,256.32,1.3,03,00,13,00
Crop_Loss,03_00_13_00,D&G,average,20,36.29,1.03,03,00,13,00
Crop_Loss,03_00_13_00,D&G,average,60,152.1,1.17,03,00,13,00
Crop_Loss,03_00_13_00,D&G,average,100,272.08,1.27,03,00,13,00
Crop_Loss,03_00_13_00,D&G&Wp,average,20,41.66,1.03,03,00,13,00
Crop_Loss,03_00_13_00,D&G&Wp,average,60,202.65,1.13,03,00,13,00
Crop_Loss,03_00_13_00,D&G&Wp,average,100,397.61,1.17,03,00,13,00
Crop_Loss,03_00_13_00,D&Wp,average,20,43.96,1.02,03,00,13,00
Crop_Loss,03_00_13_00,D&Wp,average,60,224.16,1.12,03,00,13,00
Crop_Loss,03_00_13_00,D&Wp,average,100,452.49,1.14,03,00,13,00
Crop_Loss,03_00_13_00,G,average,20,37.06,1.03,03,00,13,00
Crop_Loss,03_00_13_00,G,average,60,159.62,1.17,03,00,13,00
Crop_Loss,03_00_13_00,G,average,100,287.85,1.24,03,00,13,00
Crop_Loss,03_00_13_00,G&Wp,average,20,44.73,1.02,03,00,13,00
Crop_Loss,03_00_13_00,G&Wp,average,60,231.68,1.12,03,00,13,00
Crop_Loss,03_00_13_00,G&Wp,average,100,468.26,1.13,03,00,13,00
Crop_Loss,03_00_13_00,Wp,average,20,52.4,1.02,03,00,13,00
Crop_Loss,03_00_13_00,Wp,average,60,303.75,1.1,03,00,13,00
Crop_Loss,03_00_13_00,Wp,average,100,648.67,1.09,03,00,13,00
Crop_Loss,05_00_00_00,D,average,20,33.48,0.97,05,00,00,00
Crop_Loss,05_00_00_00,D,average,60,115.28,0.94,05,00,00,00
Crop_Loss,05_00_00_00,D,average,100,178.27,0.91,05,00,00,00
Crop_Loss,05_00_00_00,D&G,average,20,33.83,0.96,05,00,00,00
Crop_Loss,05_00_00_00,D&G,average,60,120.45,0.93,05,00,00,00
Crop_Loss,05_00_00_00,D&G,average,100,191.03,0.89,05,00,00,00
Crop_Loss,05_00_00_00,D&G&Wp,average,20,39.48,0.97,05,00,00,00
Crop_Loss,05_00_00_00,D&G&Wp,average,60,167.86,0.94,05,00,00,00
Crop_Loss,05_00_00_00,D&G&Wp,average,100,314.04,0.92,05,00,00,00
Crop_Loss,05_00_00_00,D&Wp,average,20,42.14,0.98,05,00,00,00
Crop_Loss,05_00_00_00,D&Wp,average,60,188.97,0.95,05,00,00,00
Crop_Loss,05_00_00_00,D&Wp,average,100,369.16,0.93,05,00,00,00
Crop_Loss,05_00_00_00,G,average,20,34.17,0.95,05,00,00,00
Crop_Loss,05_00_00_00,G,average,60,125.63,0.92,05,00,00,00
Crop_Loss,05_00_00_00,G,average,100,203.78,0.88,05,00,00,00
Crop_Loss,05_00_00_00,G&Wp,average,20,42.48,0.97,05,00,00,00
Crop_Loss,05_00_00_00,G&Wp,average,60,194.15,0.94,05,00,00,00
Crop_Loss,05_00_00_00,G&Wp,average,100,381.92,0.92,05,00,00,00
Crop_Loss,05_00_00_00,Wp,average,20,50.79,0.99,05,00,00,00
Crop_Loss,05_00_00_00,Wp,average,60,262.67,0.95,05,00,00,00
Crop_Loss,05_00_00_00,Wp,average,100,560.06,0.94,05,00,00,00
Crop_Loss,05_00_01_00,D,average,20,33.48,0.97,05,00,01,00
Crop_Loss,05_00_01_00,D,average,60,115.28,0.94,05,00,01,00
Crop_Loss,05_00_01_00,D,average,100,178.0,0.91,05,00,01,00
Crop_Loss,05_00_01_00,D&G,average,20,33.83,0.96,05,00,01,00
Crop_Loss,05_00_01_00,D&G,average,60,120.45,0.93,05,00,01,00
Crop_Loss,05_00_01_00,D&G,average,100,190.02,0.89,05,00,01,00
Crop_Loss,05_00_01_00,D&G&Wp,average,20,39.48,0.97,05,00,01,00
Crop_Loss,05_00_01_00,D&G&Wp,average,60,167.86,0.94,05,00,01,00
Crop_Loss,05_00_01_00,D&G&Wp,average,100,313.21,0.92,05,00,01,00
Crop_Loss,05_00_01_00,D&Wp,average,20,42.14,0.98,05,00,01,00
Crop_Loss,05_00_01_00,D&Wp,average,60,188.97,0.95,05,00,01,00
Crop_Loss,05_00_01_00,D&Wp,average,100,368.8,0.93,05,00,01,00
Crop_Loss,05_00_01_00,G,average,20,34.17,0.95,05,00,01,00
Crop_Loss,05_00_01_00,G,average,60,125.63,0.92,05,00,01,00
Crop_Loss,05_00_01_00,G,average,100,202.03,0.87,05,00,01,00
Crop_Loss,05_00_01_00,G&Wp,average,20,42.48,0.97,05,00,01,00
Crop_Loss,05_00_01_00,G&Wp,average,60,194.15,0.94,05,00,01,00
Crop_Loss,05_00_01_00,G&Wp,average,100,380.82,0.92,05,00,01,00
Crop_Loss,05_00_01_00,Wp,average,20,50.79,0.99,05,00,01,00
Crop_Loss,05_00_01_00,Wp,average,60,262.67,0.95,05,00,01,00
Crop_Loss,05_00_01_00,Wp,average,100,559.6,0.94,05,00,01,00
Crop_Loss,05_00_03_00,D,average,20,33.48,0.97,05,00,03,00
Crop_Loss,05_00_03_00,D,average,60,115.28,0.94,05,00,03,00
Crop_Loss,05_00_03_00,D,average,100,178.0,0.91,05,00,03,00
Crop_Loss,05_00_03_00,D&G,average,20,33.83,0.96,05,00,03,00
Crop_Loss,05_00_03_00,D&G,average,60,120.45,0.93,05,00,03,00
Crop_Loss,05_00_03_00,D&G,average,100,190.02,0.89,05,00,03,00
Crop_Loss,05_00_03_00,D&G&Wp,average,20,39.48,0.97,05,00,03,00
Crop_Loss,05_00_03_00,D&G&Wp,average,60,167.86,0.94,05,00,03,00
Crop_Loss,05_00_03_00,D&G&Wp,average,100,313.21,0.92,05,00,03,00
Crop_Loss,05_00_03_00,D&Wp,average,20,42.14,0.98,05,00,03,00
Crop_Loss,05_00_03_00,D&Wp,average,60,188.97,0.95,05,00,03,00
Crop_Loss,05_00_03_00,D&Wp,average,100,368.8,0.93,05,00,03,00
Crop_Loss,05_00_03_00,G,average,20,34.17,0.95,05,00,03,00
Crop_Loss,05_00_03_00,G,average,60,125.63,0.92,05,00,03,00
Crop_Loss,05_00_03_00,G,average,100,202.03,0.87,05,00,03,00
Crop_Loss,05_00_03_00,G&Wp,average,20,42.48,0.97,05,00,03,00
Crop_Loss,05_00_03_00,G&Wp,average,60,194.15,0.94,05,00,03,00
Crop_Loss,05_00_03_00,G&Wp,average,100,380.82,0.92,05,00,03,00
Crop_Loss,05_00_03_00,Wp,average,20,50.79,0.99,05,00,03,00
Crop_Loss,05_00_03_00,Wp,average,60,262.67,0.95,05,00,03,00
Crop_Loss,05_00_03_00,Wp,average,100,559.6,0.94,05,00,03,00
Crop_Loss,05_00_05_00,D,average,20,31.2,0.9,05,00,05,00
Crop_Loss,05_00_05_00,D,average,60,111.86,0.91,05,00,05,00
Crop_Loss,05_00_05_00,D,average,100,174.52,0.89,05,00,05,00
Crop_Loss,05_00_05_00,D&G,average,20,31.76,0.9,05,00,05,00
Crop_Loss,05_00_05_00,D&G,average,60,116.92,0.9,05,00,05,00
Crop_Loss,05_00_05_00,D&G,average,100,186.71,0.87,05,00,05,00
Crop_Loss,05_00_05_00,D&G&Wp,average,20,37.21,0.92,05,00,05,00
Crop_Loss,05_00_05_00,D&G&Wp,average,60,164.21,0.92,05,00,05,00
Crop_Loss,05_00_05_00,D&G&Wp,average,100,310.3,0.91,05,00,05,00
Crop_Loss,05_00_05_00,D&Wp,average,20,39.66,0.92,05,00,05,00
Crop_Loss,05_00_05_00,D&Wp,average,60,185.32,0.93,05,00,05,00
Crop_Loss,05_00_05_00,D&Wp,average,100,366.0,0.93,05,00,05,00
Crop_Loss,05_00_05_00,G,average,20,32.33,0.9,05,00,05,00
Crop_Loss,05_00_05_00,G,average,60,121.98,0.89,05,00,05,00
Crop_Loss,05_00_05_00,G,average,100,198.89,0.86,05,00,05,00
Crop_Loss,05_00_05_00,G&Wp,average,20,40.22,0.92,05,00,05,00
Crop_Loss,05_00_05_00,G&Wp,average,60,190.38,0.92,05,00,05,00
Crop_Loss,05_00_05_00,G&Wp,average,100,378.18,0.91,05,00,05,00
Crop_Loss,05_00_05_00,Wp,average,20,48.11,0.94,05,00,05,00
Crop_Loss,05_00_05_00,Wp,average,60,258.77,0.94,05,00,05,00
Crop_Loss,05_00_05_00,Wp,average,100,557.47,0.94,05,00,05,00
Crop_Loss,05_00_07_00,D,average,20,35.26,1.02,05,00,07,00
Crop_Loss,05_00_07_00,D,average,60,138.47,1.13,05,00,07,00
Crop_Loss,05_00_07_00,D,average,100,228.76,1.16,05,00,07,00
Crop_Loss,05_00_07_00,D&G,average,20,35.83,1.02,05,00,07,00
Crop_Loss,05_00_07_00,D&G,average,60,143.46,1.11,05,00,07,00
Crop_Loss,05_00_07_00,D&G,average,100,240.78,1.12,05,00,07,00
Crop_Loss,05_00_07_00,D&G&Wp,average,20,41.03,1.01,05,00,07,00
Crop_Loss,05_00_07_00,D&G&Wp,average,60,187.03,1.05,05,00,07,00
Crop_Loss,05_00_07_00,D&G&Wp,average,100,353.08,1.04,05,00,07,00
Crop_Loss,05_00_07_00,D&Wp,average,20,43.35,1.01,05,00,07,00
Crop_Loss,05_00_07_00,D&Wp,average,60,206.32,1.03,05,00,07,00
Crop_Loss,05_00_07_00,D&Wp,average,100,403.22,1.02,05,00,07,00
Crop_Loss,05_00_07_00,G,average,20,36.4,1.01,05,00,07,00
Crop_Loss,05_00_07_00,G,average,60,148.44,1.09,05,00,07,00
Crop_Loss,05_00_07_00,G,average,100,252.79,1.09,05,00,07,00
Crop_Loss,05_00_07_00,G&Wp,average,20,43.92,1.01,05,00,07,00
Crop_Loss,05_00_07_00,G&Wp,average,60,211.31,1.02,05,00,07,00
Crop_Loss,05_00_07_00,G&Wp,average,100,415.24,1.0,05,00,07,00
Crop_Loss,05_00_07_00,Wp,average,20,51.44,1.0,05,00,07,00
Crop_Loss,05_00_07_00,Wp,average,60,274.18,0.99,05,00,07,00
Crop_Loss,05_00_07_00,Wp,average,100,577.68,0.97,05,00,07,00
Crop_Loss,05_00_09_00,D,average,20,31.2,0.9,05,00,09,00
Crop_Loss,05_00_09_00,D,average,60,111.36,0.91,05,00,09,00
Crop_Loss,05_00_09_00,D,average,100,173.54,0.88,05,00,09,00
Crop_Loss,05_00_09_00,D&G,average,20,31.76,0.9,05,00,09,00
Crop_Loss,05_00_09_00,D&G,average,60,116.42,0.9,05,00,09,00
Crop_Loss,05_00_09_00,D&G,average,100,185.71,0.87,05,00,09,00
Crop_Loss,05_00_09_00,D&G&Wp,average,20,37.21,0.92,05,00,09,00
Crop_Loss,05_00_09_00,D&G&Wp,average,60,163.82,0.92,05,00,09,00
Crop_Loss,05_00_09_00,D&G&Wp,average,100,309.54,0.91,05,00,09,00
Crop_Loss,05_00_09_00,D&Wp,average,20,39.65,0.92,05,00,09,00
Crop_Loss,05_00_09_00,D&Wp,average,60,184.99,0.93,05,00,09,00
Crop_Loss,05_00_09_00,D&Wp,average,100,365.38,0.92,05,00,09,00
Crop_Loss,05_00_09_00,G,average,20,32.32,0.9,05,00,09,00
Crop_Loss,05_00_09_00,G,average,60,121.47,0.89,05,00,09,00
Crop_Loss,05_00_09_00,G,average,100,197.87,0.85,05,00,09,00
Crop_Loss,05_00_09_00,G&Wp,average,20,40.22,0.92,05,00,09,00
Crop_Loss,05_00_09_00,G&Wp,average,60,190.04,0.92,05,00,09,00
Crop_Loss,05_00_09_00,G&Wp,average,100,377.54,0.91,05,00,09,00
Crop_Loss,05_00_09_00,Wp,average,20,48.11,0.94,05,00,09,00
Crop_Loss,05_00_09_00,Wp,average,60,258.61,0.94,05,00,09,00
Crop_Loss,05_00_09_00,Wp,average,100,557.22,0.94,05,00,09,00
Crop_Loss,05_00_11_00,D,average,20,33.48,0.97,05,00,11,00
Crop_Loss,05_00_11_00,D,average,60,115.28,0.94,05,00,11,00
Crop_Loss,05_00_11_00,D,average,100,178.27,0.91,05,00,11,00
Crop_Loss,05_00_11_00,D&G,average,20,33.83,0.96,05,00,11,00
Crop_Loss,05_00_11_00,D&G,average,60,120.45,0.93,05,00,11,00
Crop_Loss,05_00_11_00,D&G,average,100,190.61,0.89,05,00,11,00
Crop_Loss,05_00_11_00,D&G&Wp,average,20,39.48,0.97,05,00,11,00
Crop_Loss,05_00_11_00,D&G&Wp,average,60,167.86,0.94,05,00,11,00
Crop_Loss,05_00_11_00,D&G&Wp,average,100,313.76,0.92,05,00,11,00
Crop_Loss,05_00_11_00,D&Wp,average,20,42.14,0.98,05,00,11,00
Crop_Loss,05_00_11_00,D&Wp,average,60,188.97,0.95,05,00,11,00
Crop_Loss,05_00_11_00,D&Wp,average,100,369.16,0.93,05,00,11,00
Crop_Loss,05_00_11_00,G,average,20,34.17,0.95,05,00,11,00
Crop_Loss,05_00_11_00,G,average,60,125.63,0.92,05,00,11,00
Crop_Loss,05_00_11_00,G,average,100,202.94,0.87,05,00,11,00
Crop_Loss,05_00_11_00,G&Wp,average,20,42.48,0.97,05,00,11,00
Crop_Loss,05_00_11_00,G&Wp,average,60,194.15,0.94,05,00,11,00
Crop_Loss,05_00_11_00,G&Wp,average,100,381.5,0.92,05,00,11,00
Crop_Loss,05_00_11_00,Wp,average,20,50.79,0.99,05,00,11,00
Crop_Loss,05_00_11_00,Wp,average,60,262.67,0.95,05,00,11,00
Crop_Loss,05_00_11_00,Wp,average,100,560.06,0.94,05,00,11,00
Crop_Loss,05_00_13_00,D,average,20,33.48,0.97,05,00,13,00
Crop_Loss,05_00_13_00,D,average,60,115.48,0.94,05,00,13,00
Crop_Loss,05_00_13_00,D,average,100,184.37,0.94,05,00,13,00
Crop_Loss,05_00_13_00,D&G,average,20,33.83,0.96,05,00,13,00
Crop_Loss,05_00_13_00,D&G,average,60,120.78,0.93,05,00,13,00
Crop_Loss,05_00_13_00,D&G,average,100,197.49,0.92,05,00,13,00
Crop_Loss,05_00_13_00,D&G&Wp,average,20,39.48,0.97,05,00,13,00
Crop_Loss,05_00_13_00,D&G&Wp,average,60,168.11,0.94,05,00,13,00
Crop_Loss,05_00_13_00,D&G&Wp,average,100,318.41,0.93,05,00,13,00
Crop_Loss,05_00_13_00,D&Wp,average,20,42.14,0.98,05,00,13,00
Crop_Loss,05_00_13_00,D&Wp,average,60,189.13,0.95,05,00,13,00
Crop_Loss,05_00_13_00,D&Wp,average,100,372.31,0.94,05,00,13,00
Crop_Loss,05_00_13_00,G,average,20,34.17,0.95,05,00,13,00
Crop_Loss,05_00_13_00,G,average,60,126.09,0.92,05,00,13,00
Crop_Loss,05_00_13_00,G,average,100,210.61,0.91,05,00,13,00
Crop_Loss,05_00_13_00,G&Wp,average,20,42.48,0.97,05,00,13,00
Crop_Loss,05_00_13_00,G&Wp,average,60,194.43,0.94,05,00,13,00
Crop_Loss,05_00_13_00,G&Wp,average,100,385.43,0.93,05,00,13,00
Crop_Loss,05_00_13_00,Wp,average,20,50.79,0.99,05,00,13,00
Crop_Loss,05_00_13_00,Wp,average,60,262.77,0.95,05,00,13,00
Crop_Loss,05_00_13_00,Wp,average,100,560.25,0.94,05,00,13,00
Crop_Loss,07_00_00_00,D,average,20,33.48,0.97,07,00,00,00
Crop_Loss,07_00_00_00,D,average,60,115.0,0.94,07,00,00,00
Crop_Loss,07_00_00_00,D,average,100,178.8,0.91,07,00,00,00
Crop_Loss,07_00_00_00,D&G,average,20,33.83,0.96,07,00,00,00
Crop_Loss,07_00_00_00,D&G,average,60,120.2,0.93,07,00,00,00
Crop_Loss,07_00_00_00,D&G,average,100,191.63,0.89,07,00,00,00
Crop_Loss,07_00_00_00,D&G&Wp,average,20,39.48,0.97,07,00,00,00
Crop_Loss,07_00_00_00,D&G&Wp,average,60,168.49,0.94,07,00,00,00
Crop_Loss,07_00_00_00,D&G&Wp,average,100,316.27,0.93,07,00,00,00
Crop_Loss,07_00_00_00,D&Wp,average,20,42.14,0.98,07,00,00,00
Crop_Loss,07_00_00_00,D&Wp,average,60,190.04,0.95,07,00,00,00
Crop_Loss,07_00_00_00,D&Wp,average,100,372.18,0.94,07,00,00,00
Crop_Loss,07_00_00_00,G,average,20,34.17,0.95,07,00,00,00
Crop_Loss,07_00_00_00,G,average,60,125.39,0.92,07,00,00,00
Crop_Loss,07_00_00_00,G,average,100,204.45,0.88,07,00,00,00
Crop_Loss,07_00_00_00,G&Wp,average,20,42.48,0.97,07,00,00,00
Crop_Loss,07_00_00_00,G&Wp,average,60,195.23,0.95,07,00,00,00
Crop_Loss,07_00_00_00,G&Wp,average,100,385.0,0.93,07,00,00,00
Crop_Loss,07_00_00_00,Wp,average,20,50.79,0.99,07,00,00,00
Crop_Loss,07_00_00_00,Wp,average,60,265.07,0.96,07,00,00,00
Crop_Loss,07_00_00_00,Wp,average,100,565.55,0.95,07,00,00,00
Crop_Loss,07_00_01_00,D,average,20,33.48,0.97,07,00,01,00
Crop_Loss,07_00_01_00,D,average,60,115.0,0.94,07,00,01,00
Crop_Loss,07_00_01_00,D,average,100,178.54,0.91,07,00,01,00
Crop_Loss,07_00_01_00,D&G,average,20,33.83,0.96,07,00,01,00
Crop_Loss,07_00_01_00,D&G,average,60,120.2,0.93,07,00,01,00
Crop_Loss,07_00_01_00,D&G,average,100,190.62,0.89,07,00,01,00
Crop_Loss,07_00_01_00,D&G&Wp,average,20,39.48,0.97,07,00,01,00
Crop_Loss,07_00_01_00,D&G&Wp,average,60,168.49,0.94,07,00,01,00
Crop_Loss,07_00_01_00,D&G&Wp,average,100,315.6,0.93,07,00,01,00
Crop_Loss,07_00_01_00,D&Wp,average,20,42.14,0.98,07,00,01,00
Crop_Loss,07_00_01_00,D&Wp,average,60,190.04,0.95,07,00,01,00
Crop_Loss,07_00_01_00,D&Wp,average,100,372.05,0.94,07,00,01,00
Crop_Loss,07_00_01_00,G,average,20,34.17,0.95,07,00,01,00
Crop_Loss,07_00_01_00,G,average,60,125.39,0.92,07,00,01,00
Crop_Loss,07_00_01_00,G,average,100,202.7,0.87,07,00,01,00
Crop_Loss,07_00_01_00,G&Wp,average,20,42.48,0.97,07,00,01,00
Crop_Loss,07_00_01_00,G&Wp,average,60,195.23,0.95,07,00,01,00
Crop_Loss,07_00_01_00,G&Wp,average,100,384.13,0.93,07,00,01,00
Crop_Loss,07_00_01_00,Wp,average,20,50.79,0.99,07,00,01,00
Crop_Loss,07_00_01_00,Wp,average,60,265.07,0.96,07,00,01,00
Crop_Loss,07_00_01_00,Wp,average,100,565.55,0.95,07,00,01,00
Crop_Loss,07_00_03_00,D,average,20,33.48,0.97,07,00,03,00
Crop_Loss,07_00_03_00,D,average,60,115.0,0.94,07,00,03,00
Crop_Loss,07_00_03_00,D,average,100,178.54,0.91,07,00,03,00
Crop_Loss,07_00_03_00,D&G,average,20,33.83,0.96,07,00,03,00
Crop_Loss,07_00_03_00,D&G,average,60,120.2,0.93,07,00,03,00
Crop_Loss,07_00_03_00,D&G,average,100,190.62,0.89,07,00,03,00
Crop_Loss,07_00_03_00,D&G&Wp,average,20,39.48,0.97,07,00,03,00
Crop_Loss,07_00_03_00,D&G&Wp,average,60,168.49,0.94,07,00,03,00
Crop_Loss,07_00_03_00,D&G&Wp,average,100,315.6,0.93,07,00,03,00
Crop_Loss,07_00_03_00,D&Wp,average,20,42.14,0.98,07,00,03,00
Crop_Loss,07_00_03_00,D&Wp,average,60,190.04,0.95,07,00,03,00
Crop_Loss,07_00_03_00,D&Wp,average,100,372.05,0.94,07,00,03,00
Crop_Loss,07_00_03_00,G,average,20,34.17,0.95,07,00,03,00
Crop_Loss,07_00_03_00,G,average,60,125.39,0.92,07,00,03,00
Crop_Loss,07_00_03_00,G,average,100,202.7,0.87,07,00,03,00
Crop_Loss,07_00_03_00,G&Wp,average,20,42.48,0.97,07,00,03,00
Crop_Loss,07_00_03_00,G&Wp,average,60,195.23,0.95,07,00,03,00
Crop_Loss,07_00_03_00,G&Wp,average,100,384.13,0.93,07,00,03,00
Crop_Loss,07_00_03_00,Wp,average,20,50.79,0.99,07,00,03,00
Crop_Loss,07_00_03_00,Wp,average,60,265.07,0.96,07,00,03,00
Crop_Loss,07_00_03_00,Wp,average,100,565.55,0.95,07,00,03,00
Crop_Loss,07_00_05_00,D,average,20,31.2,0.9,07,00,05,00
Crop_Loss,07_00_05_00,D,average,60,111.86,0.91,07,00,05,00
Crop_Loss,07_00_05_00,D,average,100,174.52,0.89,07,00,05,00
Crop_Loss,07_00_05_00,D&G,average,20,31.76,0.9,07,00,05,00
Crop_Loss,07_00_05_00,D&G,average,60,116.92,0.9,07,00,05,00
Crop_Loss,07_00_05_00,D&G,average,100,186.71,0.87,07,00,05,00
Crop_Loss,07_00_05_00,D&G&Wp,average,20,37.21,0.92,07,00,05,00
Crop_Loss,07_00_05_00,D&G&Wp,average,60,164.21,0.92,07,00,05,00
Crop_Loss,07_00_05_00,D&G&Wp,average,100,310.3,0.91,07,00,05,00
Crop_Loss,07_00_05_00,D&Wp,average,20,39.66,0.92,07,00,05,00
Crop_Loss,07_00_05_00,D&Wp,average,60,185.32,0.93,07,00,05,00
Crop_Loss,07_00_05_00,D&Wp,average,100,366.0,0.93,07,00,05,00
Crop_Loss,07_00_05_00,G,average,20,32.33,0.9,07,00,05,00
Crop_Loss,07_00_05_00,G,average,60,121.98,0.89,07,00,05,00
Crop_Loss,07_00_05_00,G,average,100,198.89,0.86,07,00,05,00
Crop_Loss,07_00_05_00,G&Wp,average,20,40.22,0.92,07,00,05,00
Crop_Loss,07_00_05_00,G&Wp,average,60,190.38,0.92,07,00,05,00
Crop_Loss,07_00_05_00,G&Wp,average,100,378.18,0.91,07,00,05,00
Crop_Loss,07_00_05_00,Wp,average,20,48.11,0.94,07,00,05,00
Crop_Loss,07_00_05_00,Wp,average,60,258.77,0.94,07,00,05,00
Crop_Loss,07_00_05_00,Wp,average,100,557.47,0.94,07,00,05,00
Crop_Loss,07_00_07_00,D,average,20,35.26,1.02,07,00,07,00
Crop_Loss,07_00_07_00,D,average,60,138.69,1.13,07,00,07,00
Crop_Loss,07_00_07_00,D,average,100,229.71,1.17,07,00,07,00
Crop_Loss,07_00_07_00,D&G,average,20,35.83,1.02,07,00,07,00
Crop_Loss,07_00_07_00,D&G,average,60,143.69,1.11,07,00,07,00
Crop_Loss,07_00_07_00,D&G,average,100,241.78,1.13,07,00,07,00
Crop_Loss,07_00_07_00,D&G&Wp,average,20,41.03,1.01,07,00,07,00
Crop_Loss,07_00_07_00,D&G&Wp,average,60,187.45,1.05,07,00,07,00
Crop_Loss,07_00_07_00,D&G&Wp,average,100,354.47,1.04,07,00,07,00
Crop_Loss,07_00_07_00,D&Wp,average,20,43.35,1.01,07,00,07,00
Crop_Loss,07_00_07_00,D&Wp,average,60,206.82,1.04,07,00,07,00
Crop_Loss,07_00_07_00,D&Wp,average,100,404.77,1.02,07,00,07,00
Crop_Loss,07_00_07_00,G,average,20,36.4,1.01,07,00,07,00
Crop_Loss,07_00_07_00,G,average,60,148.7,1.09,07,00,07,00
Crop_Loss,07_00_07_00,G,average,100,253.85,1.09,07,00,07,00
Crop_Loss,07_00_07_00,G&Wp,average,20,43.92,1.01,07,00,07,00
Crop_Loss,07_00_07_00,G&Wp,average,60,211.83,1.03,07,00,07,00
Crop_Loss,07_00_07_00,G&Wp,average,100,416.84,1.01,07,00,07,00
Crop_Loss,07_00_07_00,Wp,average,20,51.44,1.0,07,00,07,00
Crop_Loss,07_00_07_00,Wp,average,60,274.96,0.99,07,00,07,00
Crop_Loss,07_00_07_00,Wp,average,100,579.84,0.98,07,00,07,00
Crop_Loss,07_00_09_00,D,average,20,31.2,0.9,07,00,09,00
Crop_Loss,07_00_09_00,D,average,60,111.36,0.91,07,00,09,00
Crop_Loss,07_00_09_00,D,average,100,173.54,0.88,07,00,09,00
Crop_Loss,07_00_09_00,D&G,average,20,31.76,0.9,07,00,09,00
Crop_Loss,07_00_09_00,D&G,average,60,116.42,0.9,07,00,09,00
Crop_Loss,07_00_09_00,D&G,average,100,185.71,0.87,07,00,09,00
Crop_Loss,07_00_09_00,D&G&Wp,average,20,37.21,0.92,07,00,09,00
Crop_Loss,07_00_09_00,D&G&Wp,average,60,163.82,0.92,07,00,09,00
Crop_Loss,07_00_09_00,D&G&Wp,average,100,309.77,0.91,07,00,09,00
Crop_Loss,07_00_09_00,D&Wp,average,20,39.65,0.92,07,00,09,00
Crop_Loss,07_00_09_00,D&Wp,average,60,184.99,0.93,07,00,09,00
Crop_Loss,07_00_09_00,D&Wp,average,100,365.73,0.92,07,00,09,00
Crop_Loss,07_00_09_00,G,average,20,32.32,0.9,07,00,09,00
Crop_Loss,07_00_09_00,G,average,60,121.47,0.89,07,00,09,00
Crop_Loss,07_00_09_00,G,average,100,197.87,0.85,07,00,09,00
Crop_Loss,07_00_09_00,G&Wp,average,20,40.22,0.92,07,00,09,00
Crop_Loss,07_00_09_00,G&Wp,average,60,190.04,0.92,07,00,09,00
Crop_Loss,07_00_09_00,G&Wp,average,100,377.89,0.91,07,00,09,00
Crop_Loss,07_00_09_00,Wp,average,20,48.11,0.94,07,00,09,00
Crop_Loss,07_00_09_00,Wp,average,60,258.61,0.94,07,00,09,00
Crop_Loss,07_00_09_00,Wp,average,100,557.91,0.94,07,00,09,00
Crop_Loss,07_00_11_00,D,average,20,33.48,0.97,07,00,11,00
Crop_Loss,07_00_11_00,D,average,60,115.0,0.94,07,00,11,00
Crop_Loss,07_00_11_00,D,average,100,178.8,0.91,07,00,11,00
Crop_Loss,07_00_11_00,D&G,average,20,33.83,0.96,07,00,11,00
Crop_Loss,07_00_11_00,D&G,average,60,120.2,0.93,07,00,11,00
Crop_Loss,07_00_11_00,D&G,average,100,191.21,0.89,07,00,11,00
Crop_Loss,07_00_11_00,D&G&Wp,average,20,39.48,0.97,07,00,11,00
Crop_Loss,07_00_11_00,D&G&Wp,average,60,168.49,0.94,07,00,11,00
Crop_Loss,07_00_11_00,D&G&Wp,average,100,315.99,0.93,07,00,11,00
Crop_Loss,07_00_11_00,D&Wp,average,20,42.14,0.98,07,00,11,00
Crop_Loss,07_00_11_00,D&Wp,average,60,190.04,0.95,07,00,11,00
Crop_Loss,07_00_11_00,D&Wp,average,100,372.18,0.94,07,00,11,00
Crop_Loss,07_00_11_00,G,average,20,34.17,0.95,07,00,11,00
Crop_Loss,07_00_11_00,G,average,60,125.39,0.92,07,00,11,00
Crop_Loss,07_00_11_00,G,average,100,203.61,0.88,07,00,11,00
Crop_Loss,07_00_11_00,G&Wp,average,20,42.48,0.97,07,00,11,00
Crop_Loss,07_00_11_00,G&Wp,average,60,195.23,0.95,07,00,11,00
Crop_Loss,07_00_11_00,G&Wp,average,100,384.58,0.93,07,00,11,00
Crop_Loss,07_00_11_00,Wp,average,20,50.79,0.99,07,00,11,00
Crop_Loss,07_00_11_00,Wp,average,60,265.07,0.96,07,00,11,00
Crop_Loss,07_00_11_00,Wp,average,100,565.55,0.95,07,00,11,00
Crop_Loss,07_00_13_00,D,average,20,33.48,0.97,07,00,13,00
Crop_Loss,07_00_13_00,D,average,60,115.0,0.94,07,00,13,00
Crop_Loss,07_00_13_00,D,average,100,181.98,0.93,07,00,13,00
Crop_Loss,07_00_13_00,D&G,average,20,33.83,0.96,07,00,13,00
Crop_Loss,07_00_13_00,D&G,average,60,120.33,0.93,07,00,13,00
Crop_Loss,07_00_13_00,D&G,average,100,195.15,0.91,07,00,13,00
Crop_Loss,07_00_13_00,D&G&Wp,average,20,39.48,0.97,07,00,13,00
Crop_Loss,07_00_13_00,D&G&Wp,average,60,168.61,0.94,07,00,13,00
Crop_Loss,07_00_13_00,D&G&Wp,average,100,318.89,0.93,07,00,13,00
Crop_Loss,07_00_13_00,D&Wp,average,20,42.14,0.98,07,00,13,00
Crop_Loss,07_00_13_00,D&Wp,average,60,190.09,0.95,07,00,13,00
Crop_Loss,07_00_13_00,D&Wp,average,100,374.17,0.95,07,00,13,00
Crop_Loss,07_00_13_00,G,average,20,34.17,0.95,07,00,13,00
Crop_Loss,07_00_13_00,G,average,60,125.66,0.92,07,00,13,00
Crop_Loss,07_00_13_00,G,average,100,208.32,0.9,07,00,13,00
Crop_Loss,07_00_13_00,G&Wp,average,20,42.48,0.97,07,00,13,00
Crop_Loss,07_00_13_00,G&Wp,average,60,195.42,0.95,07,00,13,00
Crop_Loss,07_00_13_00,G&Wp,average,100,387.34,0.94,07,00,13,00
Crop_Loss,07_00_13_00,Wp,average,20,50.79,0.99,07,00,13,00
Crop_Loss,07_00_13_00,Wp,average,60,265.17,0.96,07,00,13,00
Crop_Loss,07_00_13_00,Wp,average,100,566.37,0.95,07,00,13,00
Crop_Loss,09_00_00_00,D,average,20,34.48,1.0,09,00,00,00
Crop_Loss,09_00_00_00,D,average,60,128.11,1.04,09,00,00,00
Crop_Loss,09_00_00_00,D,average,100,220.47,1.12,09,00,00,00
Crop_Loss,09_00_00_00,D&G,average,20,35.2,1.0,09,00,00,00
Crop_Loss,09_00_00_00,D&G,average,60,137.48,1.06,09,00,00,00
Crop_Loss,09_00_00_00,D&G,average,100,242.62,1.13,09,00,00,00
Crop_Loss,09_00_00_00,D&G&Wp,average,20,40.61,1.0,09,00,00,00
Crop_Loss,09_00_00_00,D&G&Wp,average,60,188.92,1.06,09,00,00,00
Crop_Loss,09_00_00_00,D&G&Wp,average,100,374.96,1.1,09,00,00,00
Crop_Loss,09_00_00_00,D&Wp,average,20,42.96,1.0,09,00,00,00
Crop_Loss,09_00_00_00,D&Wp,average,60,209.97,1.05,09,00,00,00
Crop_Loss,09_00_00_00,D&Wp,average,100,430.05,1.09,09,00,00,00
Crop_Loss,09_00_00_00,G,average,20,35.91,1.0,09,00,00,00
Crop_Loss,09_00_00_00,G,average,60,146.84,1.08,09,00,00,00
Crop_Loss,09_00_00_00,G,average,100,264.78,1.14,09,00,00,00
Crop_Loss,09_00_00_00,G&Wp,average,20,43.68,1.0,09,00,00,00
Crop_Loss,09_00_00_00,G&Wp,average,60,219.33,1.06,09,00,00,00
Crop_Loss,09_00_00_00,G&Wp,average,100,452.21,1.09,09,00,00,00
Crop_Loss,09_00_00_00,Wp,average,20,51.44,1.0,09,00,00,00
Crop_Loss,09_00_00_00,Wp,average,60,291.82,1.06,09,00,00,00
Crop_Loss,09_00_00_00,Wp,average,100,639.63,1.08,09,00,00,00
Crop_Loss,09_00_01_00,D,average,20,34.48,1.0,09,00,01,00
Crop_Loss,09_00_01_00,D,average,60,126.17,1.03,09,00,01,00
Crop_Loss,09_00_01_00,D,average,100,204.98,1.04,09,00,01,00
Crop_Loss,09_00_01_00,D&G,average,20,35.2,1.0,09,00,01,00
Crop_Loss,09_00_01_00,D&G,average,60,135.45,1.04,09,00,01,00
Crop_Loss,09_00_01_00,D&G,average,100,224.03,1.04,09,00,01,00
Crop_Loss,09_00_01_00,D&G&Wp,average,20,40.61,1.0,09,00,01,00
Crop_Loss,09_00_01_00,D&G&Wp,average,60,186.33,1.04,09,00,01,00
Crop_Loss,09_00_01_00,D&G&Wp,average,100,356.8,1.05,09,00,01,00
Crop_Loss,09_00_01_00,D&Wp,average,20,42.96,1.0,09,00,01,00
Crop_Loss,09_00_01_00,D&Wp,average,60,207.12,1.04,09,00,01,00
Crop_Loss,09_00_01_00,D&Wp,average,100,413.66,1.05,09,00,01,00
Crop_Loss,09_00_01_00,G,average,20,35.91,1.0,09,00,01,00
Crop_Loss,09_00_01_00,G,average,60,144.74,1.06,09,00,01,00
Crop_Loss,09_00_01_00,G,average,100,243.09,1.05,09,00,01,00
Crop_Loss,09_00_01_00,G&Wp,average,20,43.68,1.0,09,00,01,00
Crop_Loss,09_00_01_00,G&Wp,average,60,216.41,1.05,09,00,01,00
Crop_Loss,09_00_01_00,G&Wp,average,100,432.72,1.05,09,00,01,00
Crop_Loss,09_00_01_00,Wp,average,20,51.44,1.0,09,00,01,00
Crop_Loss,09_00_01_00,Wp,average,60,288.07,1.04,09,00,01,00
Crop_Loss,09_00_01_00,Wp,average,100,622.34,1.05,09,00,01,00
Crop_Loss,09_00_03_00,D,average,20,34.48,1.0,09,00,03,00
Crop_Loss,09_00_03_00,D,average,60,126.17,1.03,09,00,03,00
Crop_Loss,09_00_03_00,D,average,100,204.98,1.04,09,00,03,00
Crop_Loss,09_00_03_00,D&G,average,20,35.2,1.0,09,00,03,00
Crop_Loss,09_00_03_00,D&G,average,60,135.45,1.04,09,00,03,00
Crop_Loss,09_00_03_00,D&G,average,100,224.03,1.04,09,00,03,00
Crop_Loss,09_00_03_00,D&G&Wp,average,20,40.61,1.0,09,00,03,00
Crop_Loss,09_00_03_00,D&G&Wp,average,60,186.33,1.04,09,00,03,00
Crop_Loss,09_00_03_00,D&G&Wp,average,100,356.8,1.05,09,00,03,00
Crop_Loss,09_00_03_00,D&Wp,average,20,42.96,1.0,09,00,03,00
Crop_Loss,09_00_03_00,D&Wp,average,60,207.12,1.04,09,00,03,00
Crop_Loss,09_00_03_00,D&Wp,average,100,413.66,1.05,09,00,03,00
Crop_Loss,09_00_03_00,G,average,20,35.91,1.0,09,00,03,00
Crop_Loss,09_00_03_00,G,average,60,144.74,1.06,09,00,03,00
Crop_Loss,09_00_03_00,G,average,100,243.09,1.05,09,00,03,00
Crop_Loss,09_00_03_00,G&Wp,average,20,43.68,1.0,09,00,03,00
Crop_Loss,09_00_03_00,G&Wp,average,60,216.41,1.05,09,00,03,00
Crop_Loss,09_00_03_00,G&Wp,average,100,432.72,1.05,09,00,03,00
Crop_Loss,09_00_03_00,Wp,average,20,51.44,1.0,09,00,03,00
Crop_Loss,09_00_03_00,Wp,average,60,288.08,1.04,09,00,03,00
Crop_Loss,09_00_03_00,Wp,average,100,622.34,1.05,09,00,03,00
Crop_Loss,09_00_05_00,D,average,20,31.2,0.9,09,00,05,00
Crop_Loss,09_00_05_00,D,average,60,112.6,0.92,09,00,05,00
Crop_Loss,09_00_05_00,D,average,100,177.35,0.9,09,00,05,00
Crop_Loss,09_00_05_00,D&G,average,20,31.76,0.9,09,00,05,00
Crop_Loss,09_00_05_00,D&G,average,60,117.66,0.91,09,00,05,00
Crop_Loss,09_00_05_00,D&G,average,100,189.56,0.88,09,00,05,00
Crop_Loss,09_00_05_00,D&G&Wp,average,20,37.21,0.92,09,00,05,00
Crop_Loss,09_00_05_00,D&G&Wp,average,60,164.78,0.92,09,00,05,00
Crop_Loss,09_00_05_00,D&G&Wp,average,100,312.86,0.92,09,00,05,00
Crop_Loss,09_00_05_00,D&Wp,average,20,39.66,0.92,09,00,05,00
Crop_Loss,09_00_05_00,D&Wp,average,60,185.81,0.93,09,00,05,00
Crop_Loss,09_00_05_00,D&Wp,average,100,368.41,0.93,09,00,05,00
Crop_Loss,09_00_05_00,G,average,20,32.33,0.9,09,00,05,00
Crop_Loss,09_00_05_00,G,average,60,122.71,0.9,09,00,05,00
Crop_Loss,09_00_05_00,G,average,100,201.76,0.87,09,00,05,00
Crop_Loss,09_00_05_00,G&Wp,average,20,40.22,0.92,09,00,05,00
Crop_Loss,09_00_05_00,G&Wp,average,60,190.87,0.92,09,00,05,00
Crop_Loss,09_00_05_00,G&Wp,average,100,380.61,0.92,09,00,05,00
Crop_Loss,09_00_05_00,Wp,average,20,48.11,0.94,09,00,05,00
Crop_Loss,09_00_05_00,Wp,average,60,259.02,0.94,09,00,05,00
Crop_Loss,09_00_05_00,Wp,average,100,559.46,0.94,09,00,05,00
Crop_Loss,09_00_07_00,D,average,20,35.25,1.02,09,00,07,00
Crop_Loss,09_00_07_00,D,average,60,139.85,1.14,09,00,07,00
Crop_Loss,09_00_07_00,D,average,100,232.74,1.18,09,00,07,00
Crop_Loss,09_00_07_00,D&G,average,20,35.83,1.02,09,00,07,00
Crop_Loss,09_00_07_00,D&G,average,60,144.86,1.12,09,00,07,00
Crop_Loss,09_00_07_00,D&G,average,100,244.77,1.14,09,00,07,00
Crop_Loss,09_00_07_00,D&G&Wp,average,20,41.03,1.01,09,00,07,00
Crop_Loss,09_00_07_00,D&G&Wp,average,60,188.56,1.06,09,00,07,00
Crop_Loss,09_00_07_00,D&G&Wp,average,100,357.27,1.05,09,00,07,00
Crop_Loss,09_00_07_00,D&Wp,average,20,43.35,1.01,09,00,07,00
Crop_Loss,09_00_07_00,D&Wp,average,60,207.9,1.04,09,00,07,00
Crop_Loss,09_00_07_00,D&Wp,average,100,407.51,1.03,09,00,07,00
Crop_Loss,09_00_07_00,G,average,20,36.4,1.01,09,00,07,00
Crop_Loss,09_00_07_00,G,average,60,149.87,1.1,09,00,07,00
Crop_Loss,09_00_07_00,G,average,100,256.8,1.11,09,00,07,00
Crop_Loss,09_00_07_00,G&Wp,average,20,43.92,1.01,09,00,07,00
Crop_Loss,09_00_07_00,G&Wp,average,60,212.91,1.03,09,00,07,00
Crop_Loss,09_00_07_00,G&Wp,average,100,419.54,1.01,09,00,07,00
Crop_Loss,09_00_07_00,Wp,average,20,51.44,1.0,09,00,07,00
Crop_Loss,09_00_07_00,Wp,average,60,275.95,1.0,09,00,07,00
Crop_Loss,09_00_07_00,Wp,average,100,582.27,0.98,09,00,07,00
Crop_Loss,09_00_09_00,D,average,20,31.2,0.9,09,00,09,00
Crop_Loss,09_00_09_00,D,average,60,112.1,0.91,09,00,09,00
Crop_Loss,09_00_09_00,D,average,100,176.35,0.9,09,00,09,00
Crop_Loss,09_00_09_00,D&G,average,20,31.76,0.9,09,00,09,00
Crop_Loss,09_00_09_00,D&G,average,60,117.15,0.9,09,00,09,00
Crop_Loss,09_00_09_00,D&G,average,100,188.54,0.88,09,00,09,00
Crop_Loss,09_00_09_00,D&G&Wp,average,20,37.21,0.92,09,00,09,00
Crop_Loss,09_00_09_00,D&G&Wp,average,60,164.38,0.92,09,00,09,00
Crop_Loss,09_00_09_00,D&G&Wp,average,100,312.09,0.92,09,00,09,00
Crop_Loss,09_00_09_00,D&Wp,average,20,39.65,0.92,09,00,09,00
Crop_Loss,09_00_09_00,D&Wp,average,60,185.47,0.93,09,00,09,00
Crop_Loss,09_00_09_00,D&Wp,average,100,367.77,0.93,09,00,09,00
Crop_Loss,09_00_09_00,G,average,20,32.32,0.9,09,00,09,00
Crop_Loss,09_00_09_00,G,average,60,122.2,0.9,09,00,09,00
Crop_Loss,09_00_09_00,G,average,100,200.73,0.86,09,00,09,00
Crop_Loss,09_00_09_00,G&Wp,average,20,40.22,0.92,09,00,09,00
Crop_Loss,09_00_09_00,G&Wp,average,60,190.52,0.92,09,00,09,00
Crop_Loss,09_00_09_00,G&Wp,average,100,379.96,0.92,09,00,09,00
Crop_Loss,09_00_09_00,Wp,average,20,48.11,0.94,09,00,09,00
Crop_Loss,09_00_09_00,Wp,average,60,258.84,0.94,09,00,09,00
Crop_Loss,09_00_09_00,Wp,average,100,559.19,0.94,09,00,09,00
Crop_Loss,09_00_11_00,D,average,20,35.51,1.03,09,00,11,00
Crop_Loss,09_00_11_00,D,average,60,135.48,1.1,09,00,11,00
Crop_Loss,09_00_11_00,D,average,100,226.65,1.15,09,00,11,00
Crop_Loss,09_00_11_00,D&G,average,20,36.28,1.03,09,00,11,00
Crop_Loss,09_00_11_00,D&G,average,60,142.62,1.1,09,00,11,00
Crop_Loss,09_00_11_00,D&G,average,100,241.62,1.13,09,00,11,00
Crop_Loss,09_00_11_00,D&G&Wp,average,20,41.66,1.03,09,00,11,00
Crop_Loss,09_00_11_00,D&G&Wp,average,60,195.08,1.09,09,00,11,00
Crop_Loss,09_00_11_00,D&G&Wp,average,100,375.72,1.1,09,00,11,00
Crop_Loss,09_00_11_00,D&Wp,average,20,43.95,1.02,09,00,11,00
Crop_Loss,09_00_11_00,D&Wp,average,60,217.74,1.09,09,00,11,00
Crop_Loss,09_00_11_00,D&Wp,average,100,435.28,1.1,09,00,11,00
Crop_Loss,09_00_11_00,G,average,20,37.06,1.03,09,00,11,00
Crop_Loss,09_00_11_00,G,average,60,149.77,1.1,09,00,11,00
Crop_Loss,09_00_11_00,G,average,100,256.59,1.1,09,00,11,00
Crop_Loss,09_00_11_00,G&Wp,average,20,44.73,1.02,09,00,11,00
Crop_Loss,09_00_11_00,G&Wp,average,60,224.88,1.09,09,00,11,00
Crop_Loss,09_00_11_00,G&Wp,average,100,450.25,1.09,09,00,11,00
Crop_Loss,09_00_11_00,Wp,average,20,52.4,1.02,09,00,11,00
Crop_Loss,09_00_11_00,Wp,average,60,299.99,1.08,09,00,11,00
Crop_Loss,09_00_11_00,Wp,average,100,643.91,1.08,09,00,11,00
Crop_Loss,09_00_13_00,D,average,20,34.79,1.01,09,00,13,00
Crop_Loss,09_00_13_00,D,average,60,134.28,1.09,09,00,13,00
Crop_Loss,09_00_13_00,D,average,100,236.3,1.2,09,00,13,00
Crop_Loss,09_00_13_00,D&G,average,20,35.43,1.01,09,00,13,00
Crop_Loss,09_00_13_00,D&G,average,60,141.77,1.09,09,00,13,00
Crop_Loss,09_00_13_00,D&G,average,100,252.2,1.18,09,00,13,00
Crop_Loss,09_00_13_00,D&G&Wp,average,20,40.93,1.01,09,00,13,00
Crop_Loss,09_00_13_00,D&G&Wp,average,60,191.45,1.07,09,00,13,00
Crop_Loss,09_00_13_00,D&G&Wp,average,100,376.7,1.1,09,00,13,00
Crop_Loss,09_00_13_00,D&Wp,average,20,43.36,1.01,09,00,13,00
Crop_Loss,09_00_13_00,D&Wp,average,60,212.54,1.06,09,00,13,00
Crop_Loss,09_00_13_00,D&Wp,average,100,431.0,1.09,09,00,13,00
Crop_Loss,09_00_13_00,G,average,20,36.07,1.0,09,00,13,00
Crop_Loss,09_00_13_00,G,average,60,149.26,1.09,09,00,13,00
Crop_Loss,09_00_13_00,G,average,100,268.09,1.15,09,00,13,00
Crop_Loss,09_00_13_00,G&Wp,average,20,44.0,1.01,09,00,13,00
Crop_Loss,09_00_13_00,G&Wp,average,60,220.03,1.07,09,00,13,00
Crop_Loss,09_00_13_00,G&Wp,average,100,446.9,1.08,09,00,13,00
Crop_Loss,09_00_13_00,Wp,average,20,51.93,1.01,09,00,13,00
Crop_Loss,09_00_13_00,Wp,average,60,290.8,1.05,09,00,13,00
Crop_Loss,09_00_13_00,Wp,average,100,625.7,1.05,09,00,13,00
Crop_Loss,11_00_00_00,D,average,20,34.75,1.01,11,00,00,00
Crop_Loss,11_00_00_00,D,average,60,129.05,1.05,11,00,00,00
Crop_Loss,11_00_00_00,D,average,100,212.34,1.08,11,00,00,00
Crop_Loss,11_00_00_00,D&G,average,20,35.48,1.01,11,00,00,00
Crop_Loss,11_00_00_00,D&G,average,60,136.17,1.05,11,00,00,00
Crop_Loss,11_00_00_00,D&G,average,100,233.25,1.09,11,00,00,00
Crop_Loss,11_00_00_00,D&G&Wp,average,20,40.98,1.01,11,00,00,00
Crop_Loss,11_00_00_00,D&G&Wp,average,60,187.98,1.05,11,00,00,00
Crop_Loss,11_00_00_00,D&G&Wp,average,100,367.89,1.08,11,00,00,00
Crop_Loss,11_00_00_00,D&Wp,average,20,43.37,1.01,11,00,00,00
Crop_Loss,11_00_00_00,D&Wp,average,60,210.33,1.05,11,00,00,00
Crop_Loss,11_00_00_00,D&Wp,average,100,424.76,1.07,11,00,00,00
Crop_Loss,11_00_00_00,G,average,20,36.21,1.01,11,00,00,00
Crop_Loss,11_00_00_00,G,average,60,143.28,1.05,11,00,00,00
Crop_Loss,11_00_00_00,G,average,100,254.15,1.09,11,00,00,00
Crop_Loss,11_00_00_00,G&Wp,average,20,44.1,1.01,11,00,00,00
Crop_Loss,11_00_00_00,G&Wp,average,60,217.45,1.05,11,00,00,00
Crop_Loss,11_00_00_00,G&Wp,average,100,445.67,1.08,11,00,00,00
Crop_Loss,11_00_00_00,Wp,average,20,51.99,1.01,11,00,00,00
Crop_Loss,11_00_00_00,Wp,average,60,291.61,1.05,11,00,00,00
Crop_Loss,11_00_00_00,Wp,average,100,637.18,1.07,11,00,00,00
Crop_Loss,11_00_01_00,D,average,20,34.75,1.01,11,00,01,00
Crop_Loss,11_00_01_00,D,average,60,127.31,1.04,11,00,01,00
Crop_Loss,11_00_01_00,D,average,100,201.86,1.03,11,00,01,00
Crop_Loss,11_00_01_00,D&G,average,20,35.48,1.01,11,00,01,00
Crop_Loss,11_00_01_00,D&G,average,60,134.11,1.03,11,00,01,00
Crop_Loss,11_00_01_00,D&G,average,100,217.7,1.02,11,00,01,00
Crop_Loss,11_00_01_00,D&G&Wp,average,20,40.98,1.01,11,00,01,00
Crop_Loss,11_00_01_00,D&G&Wp,average,60,185.08,1.04,11,00,01,00
Crop_Loss,11_00_01_00,D&G&Wp,average,100,350.36,1.03,11,00,01,00
Crop_Loss,11_00_01_00,D&Wp,average,20,43.37,1.01,11,00,01,00
Crop_Loss,11_00_01_00,D&Wp,average,60,207.16,1.04,11,00,01,00
Crop_Loss,11_00_01_00,D&Wp,average,100,408.77,1.03,11,00,01,00
Crop_Loss,11_00_01_00,G,average,20,36.21,1.01,11,00,01,00
Crop_Loss,11_00_01_00,G,average,60,140.92,1.03,11,00,01,00
Crop_Loss,11_00_01_00,G,average,100,233.54,1.01,11,00,01,00
Crop_Loss,11_00_01_00,G&Wp,average,20,44.1,1.01,11,00,01,00
Crop_Loss,11_00_01_00,G&Wp,average,60,213.96,1.04,11,00,01,00
Crop_Loss,11_00_01_00,G&Wp,average,100,424.61,1.03,11,00,01,00
Crop_Loss,11_00_01_00,Wp,average,20,51.99,1.01,11,00,01,00
Crop_Loss,11_00_01_00,Wp,average,60,287.01,1.04,11,00,01,00
Crop_Loss,11_00_01_00,Wp,average,100,615.68,1.04,11,00,01,00
Crop_Loss,11_00_03_00,D,average,20,34.75,1.01,11,00,03,00
Crop_Loss,11_00_03_00,D,average,60,127.31,1.04,11,00,03,00
Crop_Loss,11_00_03_00,D,average,100,201.86,1.03,11,00,03,00
Crop_Loss,11_00_03_00,D&G,average,20,35.48,1.01,11,00,03,00
Crop_Loss,11_00_03_00,D&G,average,60,134.11,1.03,11,00,03,00
Crop_Loss,11_00_03_00,D&G,average,100,217.7,1.02,11,00,03,00
Crop_Loss,11_00_03_00,D&G&Wp,average,20,40.98,1.01,11,00,03,00
Crop_Loss,11_00_03_00,D&G&Wp,average,60,185.08,1.04,11,00,03,00
Crop_Loss,11_00_03_00,D&G&Wp,average,100,350.36,1.03,11,00,03,00
Crop_Loss,11_00_03_00,D&Wp,average,20,43.37,1.01,11,00,03,00
Crop_Loss,11_00_03_00,D&Wp,average,60,207.16,1.04,11,00,03,00
Crop_Loss,11_00_03_00,D&Wp,average,100,408.77,1.03,11,00,03,00
Crop_Loss,11_00_03_00,G,average,20,36.21,1.01,11,00,03,00
Crop_Loss,11_00_03_00,G,average,60,140.92,1.03,11,00,03,00
Crop_Loss,11_00_03_00,G,average,100,233.54,1.01,11,00,03,00
Crop_Loss,11_00_03_00,G&Wp,average,20,44.1,1.01,11,00,03,00
Crop_Loss,11_00_03_00,G&Wp,average,60,213.96,1.04,11,00,03,00
Crop_Loss,11_00_03_00,G&Wp,average,100,424.61,1.03,11,00,03,00
Crop_Loss,11_00_03_00,Wp,average,20,51.99,1.01,11,00,03,00
Crop_Loss,11_00_03_00,Wp,average,60,287.01,1.04,11,00,03,00
Crop_Loss,11_00_03_00,Wp,average,100,615.68,1.04,11,00,03,00
Crop_Loss,11_00_05_00,D,average,20,31.2,0.9,11,00,05,00
Crop_Loss,11_00_05_00,D,average,60,113.89,0.93,11,00,05,00
Crop_Loss,11_00_05_00,D,average,100,179.8,0.91,11,00,05,00
Crop_Loss,11_00_05_00,D&G,average,20,31.76,0.9,11,00,05,00
Crop_Loss,11_00_05_00,D&G,average,60,119.06,0.92,11,00,05,00
Crop_Loss,11_00_05_00,D&G,average,100,192.34,0.9,11,00,05,00
Crop_Loss,11_00_05_00,D&G&Wp,average,20,37.21,0.92,11,00,05,00
Crop_Loss,11_00_05_00,D&G&Wp,average,60,166.94,0.93,11,00,05,00
Crop_Loss,11_00_05_00,D&G&Wp,average,100,317.5,0.93,11,00,05,00
Crop_Loss,11_00_05_00,D&Wp,average,20,39.66,0.92,11,00,05,00
Crop_Loss,11_00_05_00,D&Wp,average,60,188.29,0.94,11,00,05,00
Crop_Loss,11_00_05_00,D&Wp,average,100,373.8,0.95,11,00,05,00
Crop_Loss,11_00_05_00,G,average,20,32.33,0.9,11,00,05,00
Crop_Loss,11_00_05_00,G,average,60,124.23,0.91,11,00,05,00
Crop_Loss,11_00_05_00,G,average,100,204.89,0.88,11,00,05,00
Crop_Loss,11_00_05_00,G&Wp,average,20,40.22,0.92,11,00,05,00
Crop_Loss,11_00_05_00,G&Wp,average,60,193.46,0.94,11,00,05,00
Crop_Loss,11_00_05_00,G&Wp,average,100,386.35,0.93,11,00,05,00
Crop_Loss,11_00_05_00,Wp,average,20,48.11,0.94,11,00,05,00
Crop_Loss,11_00_05_00,Wp,average,60,262.68,0.95,11,00,05,00
Crop_Loss,11_00_05_00,Wp,average,100,567.8,0.96,11,00,05,00
Crop_Loss,11_00_07_00,D,average,20,35.26,1.02,11,00,07,00
Crop_Loss,11_00_07_00,D,average,60,140.95,1.15,11,00,07,00
Crop_Loss,11_00_07_00,D,average,100,234.2,1.19,11,00,07,00
Crop_Loss,11_00_07_00,D&G,average,20,35.83,1.02,11,00,07,00
Crop_Loss,11_00_07_00,D&G,average,60,146.06,1.13,11,00,07,00
Crop_Loss,11_00_07_00,D&G,average,100,246.48,1.15,11,00,07,00
Crop_Loss,11_00_07_00,D&G&Wp,average,20,41.03,1.01,11,00,07,00
Crop_Loss,11_00_07_00,D&G&Wp,average,60,190.41,1.07,11,00,07,00
Crop_Loss,11_00_07_00,D&G&Wp,average,100,360.32,1.06,11,00,07,00
Crop_Loss,11_00_07_00,D&Wp,average,20,43.35,1.01,11,00,07,00
Crop_Loss,11_00_07_00,D&Wp,average,60,210.03,1.05,11,00,07,00
Crop_Loss,11_00_07_00,D&Wp,average,100,411.1,1.04,11,00,07,00
Crop_Loss,11_00_07_00,G,average,20,36.4,1.01,11,00,07,00
Crop_Loss,11_00_07_00,G,average,60,151.17,1.11,11,00,07,00
Crop_Loss,11_00_07_00,G,average,100,258.76,1.11,11,00,07,00
Crop_Loss,11_00_07_00,G&Wp,average,20,43.92,1.01,11,00,07,00
Crop_Loss,11_00_07_00,G&Wp,average,60,215.13,1.04,11,00,07,00
Crop_Loss,11_00_07_00,G&Wp,average,100,423.38,1.02,11,00,07,00
Crop_Loss,11_00_07_00,Wp,average,20,51.43,1.0,11,00,07,00
Crop_Loss,11_00_07_00,Wp,average,60,279.1,1.01,11,00,07,00
Crop_Loss,11_00_07_00,Wp,average,100,588.0,0.99,11,00,07,00
Crop_Loss,11_00_09_00,D,average,20,31.2,0.9,11,00,09,00
Crop_Loss,11_00_09_00,D,average,60,113.29,0.92,11,00,09,00
Crop_Loss,11_00_09_00,D,average,100,177.74,0.9,11,00,09,00
Crop_Loss,11_00_09_00,D&G,average,20,31.76,0.9,11,00,09,00
Crop_Loss,11_00_09_00,D&G,average,60,118.44,0.91,11,00,09,00
Crop_Loss,11_00_09_00,D&G,average,100,190.21,0.89,11,00,09,00
Crop_Loss,11_00_09_00,D&G&Wp,average,20,37.21,0.92,11,00,09,00
Crop_Loss,11_00_09_00,D&G&Wp,average,60,166.43,0.93,11,00,09,00
Crop_Loss,11_00_09_00,D&G&Wp,average,100,315.56,0.93,11,00,09,00
Crop_Loss,11_00_09_00,D&Wp,average,20,39.65,0.92,11,00,09,00
Crop_Loss,11_00_09_00,D&Wp,average,60,187.85,0.94,11,00,09,00
Crop_Loss,11_00_09_00,D&Wp,average,100,371.99,0.94,11,00,09,00
Crop_Loss,11_00_09_00,G,average,20,32.32,0.9,11,00,09,00
Crop_Loss,11_00_09_00,G,average,60,123.6,0.91,11,00,09,00
Crop_Loss,11_00_09_00,G,average,100,202.68,0.87,11,00,09,00
Crop_Loss,11_00_09_00,G&Wp,average,20,40.22,0.92,11,00,09,00
Crop_Loss,11_00_09_00,G&Wp,average,60,193.01,0.93,11,00,09,00
Crop_Loss,11_00_09_00,G&Wp,average,100,384.46,0.93,11,00,09,00
Crop_Loss,11_00_09_00,Wp,average,20,48.11,0.94,11,00,09,00
Crop_Loss,11_00_09_00,Wp,average,60,262.42,0.95,11,00,09,00
Crop_Loss,11_00_09_00,Wp,average,100,566.24,0.95,11,00,09,00
Crop_Loss,11_00_11_00,D,average,20,34.75,1.01,11,00,11,00
Crop_Loss,11_00_11_00,D,average,60,132.24,1.08,11,00,11,00
Crop_Loss,11_00_11_00,D,average,100,223.55,1.14,11,00,11,00
Crop_Loss,11_00_11_00,D&G,average,20,35.48,1.01,11,00,11,00
Crop_Loss,11_00_11_00,D&G,average,60,141.55,1.09,11,00,11,00
Crop_Loss,11_00_11_00,D&G,average,100,242.76,1.13,11,00,11,00
Crop_Loss,11_00_11_00,D&G&Wp,average,20,40.98,1.01,11,00,11,00
Crop_Loss,11_00_11_00,D&G&Wp,average,60,193.69,1.08,11,00,11,00
Crop_Loss,11_00_11_00,D&G&Wp,average,100,375.45,1.1,11,00,11,00
Crop_Loss,11_00_11_00,D&Wp,average,20,43.37,1.01,11,00,11,00
Crop_Loss,11_00_11_00,D&Wp,average,60,215.1,1.08,11,00,11,00
Crop_Loss,11_00_11_00,D&Wp,average,100,432.19,1.09,11,00,11,00
Crop_Loss,11_00_11_00,G,average,20,36.21,1.01,11,00,11,00
Crop_Loss,11_00_11_00,G,average,60,150.87,1.11,11,00,11,00
Crop_Loss,11_00_11_00,G,average,100,261.98,1.13,11,00,11,00
Crop_Loss,11_00_11_00,G&Wp,average,20,44.1,1.01,11,00,11,00
Crop_Loss,11_00_11_00,G&Wp,average,60,224.41,1.09,11,00,11,00
Crop_Loss,11_00_11_00,G&Wp,average,100,451.4,1.09,11,00,11,00
Crop_Loss,11_00_11_00,Wp,average,20,51.99,1.01,11,00,11,00
Crop_Loss,11_00_11_00,Wp,average,60,297.96,1.08,11,00,11,00
Crop_Loss,11_00_11_00,Wp,average,100,640.83,1.08,11,00,11,00
Crop_Loss,11_00_13_00,D,average,20,34.75,1.01,11,00,13,00
Crop_Loss,11_00_13_00,D,average,60,134.98,1.1,11,00,13,00
Crop_Loss,11_00_13_00,D,average,100,234.24,1.19,11,00,13,00
Crop_Loss,11_00_13_00,D&G,average,20,35.48,1.01,11,00,13,00
Crop_Loss,11_00_13_00,D&G,average,60,144.51,1.11,11,00,13,00
Crop_Loss,11_00_13_00,D&G,average,100,254.42,1.19,11,00,13,00
Crop_Loss,11_00_13_00,D&G&Wp,average,20,40.98,1.01,11,00,13,00
Crop_Loss,11_00_13_00,D&G&Wp,average,60,194.68,1.09,11,00,13,00
Crop_Loss,11_00_13_00,D&G&Wp,average,100,378.77,1.11,11,00,13,00
Crop_Loss,11_00_13_00,D&Wp,average,20,43.37,1.01,11,00,13,00
Crop_Loss,11_00_13_00,D&Wp,average,60,215.0,1.08,11,00,13,00
Crop_Loss,11_00_13_00,D&Wp,average,100,430.86,1.09,11,00,13,00
Crop_Loss,11_00_13_00,G,average,20,36.21,1.01,11,00,13,00
Crop_Loss,11_00_13_00,G,average,60,154.03,1.13,11,00,13,00
Crop_Loss,11_00_13_00,G,average,100,274.61,1.18,11,00,13,00
Crop_Loss,11_00_13_00,G&Wp,average,20,44.1,1.01,11,00,13,00
Crop_Loss,11_00_13_00,G&Wp,average,60,224.52,1.09,11,00,13,00
Crop_Loss,11_00_13_00,G&Wp,average,100,451.04,1.09,11,00,13,00
Crop_Loss,11_00_13_00,Wp,average,20,51.99,1.01,11,00,13,00
Crop_Loss,11_00_13_00,Wp,average,60,295.01,1.07,11,00,13,00
Crop_Loss,11_00_13_00,Wp,average,100,627.47,1.06,11,00,13,00
Crop_Loss,13_00_00_00,D,average,20,34.33,1.0,13,00,00,00
Crop_Loss,13_00_00_00,D,average,60,120.64,0.98,13,00,00,00
Crop_Loss,13_00_00_00,D,average,100,187.61,0.95,13,00,00,00
Crop_Loss,13_00_00_00,D&G,average,20,35.05,1.0,13,00,00,00
Crop_Loss,13_00_00_00,D&G,average,60,125.41,0.97,13,00,00,00
Crop_Loss,13_00_00_00,D&G,average,100,199.95,0.93,13,00,00,00
Crop_Loss,13_00_00_00,D&G&Wp,average,20,40.49,1.0,13,00,00,00
Crop_Loss,13_00_00_00,D&G&Wp,average,60,172.84,0.97,13,00,00,00
Crop_Loss,13_00_00_00,D&G&Wp,average,100,322.84,0.95,13,00,00,00
Crop_Loss,13_00_00_00,D&Wp,average,20,42.85,1.0,13,00,00,00
Crop_Loss,13_00_00_00,D&Wp,average,60,194.17,0.97,13,00,00,00
Crop_Loss,13_00_00_00,D&Wp,average,100,378.11,0.96,13,00,00,00
Crop_Loss,13_00_00_00,G,average,20,35.77,1.0,13,00,00,00
Crop_Loss,13_00_00_00,G,average,60,130.18,0.95,13,00,00,00
Crop_Loss,13_00_00_00,G,average,100,212.29,0.91,13,00,00,00
Crop_Loss,13_00_00_00,G&Wp,average,20,43.56,1.0,13,00,00,00
Crop_Loss,13_00_00_00,G&Wp,average,60,198.94,0.96,13,00,00,00
Crop_Loss,13_00_00_00,G&Wp,average,100,390.45,0.94,13,00,00,00
Crop_Loss,13_00_00_00,Wp,average,20,51.36,1.0,13,00,00,00
Crop_Loss,13_00_00_00,Wp,average,60,267.69,0.97,13,00,00,00
Crop_Loss,13_00_00_00,Wp,average,100,568.61,0.96,13,00,00,00
Crop_Loss,13_00_01_00,D,average,20,34.33,1.0,13,00,01,00
Crop_Loss,13_00_01_00,D,average,60,119.06,0.97,13,00,01,00
Crop_Loss,13_00_01_00,D,average,100,182.74,0.93,13,00,01,00
Crop_Loss,13_00_01_00,D&G,average,20,35.05,1.0,13,00,01,00
Crop_Loss,13_00_01_00,D&G,average,60,124.62,0.96,13,00,01,00
Crop_Loss,13_00_01_00,D&G,average,100,194.82,0.91,13,00,01,00
Crop_Loss,13_00_01_00,D&G&Wp,average,20,40.49,1.0,13,00,01,00
Crop_Loss,13_00_01_00,D&G&Wp,average,60,172.18,0.96,13,00,01,00
Crop_Loss,13_00_01_00,D&G&Wp,average,100,319.3,0.94,13,00,01,00
Crop_Loss,13_00_01_00,D&Wp,average,20,42.85,1.0,13,00,01,00
Crop_Loss,13_00_01_00,D&Wp,average,60,193.17,0.97,13,00,01,00
Crop_Loss,13_00_01_00,D&Wp,average,100,375.5,0.95,13,00,01,00
Crop_Loss,13_00_01_00,G,average,20,35.77,1.0,13,00,01,00
Crop_Loss,13_00_01_00,G,average,60,130.18,0.95,13,00,01,00
Crop_Loss,13_00_01_00,G,average,100,206.89,0.89,13,00,01,00
Crop_Loss,13_00_01_00,G&Wp,average,20,43.56,1.0,13,00,01,00
Crop_Loss,13_00_01_00,G&Wp,average,60,198.74,0.96,13,00,01,00
Crop_Loss,13_00_01_00,G&Wp,average,100,387.58,0.94,13,00,01,00
Crop_Loss,13_00_01_00,Wp,average,20,51.36,1.0,13,00,01,00
Crop_Loss,13_00_01_00,Wp,average,60,267.29,0.97,13,00,01,00
Crop_Loss,13_00_01_00,Wp,average,100,568.26,0.96,13,00,01,00
Crop_Loss,13_00_03_00,D,average,20,34.33,1.0,13,00,03,00
Crop_Loss,13_00_03_00,D,average,60,119.06,0.97,13,00,03,00
Crop_Loss,13_00_03_00,D,average,100,182.74,0.93,13,00,03,00
Crop_Loss,13_00_03_00,D&G,average,20,35.05,1.0,13,00,03,00
Crop_Loss,13_00_03_00,D&G,average,60,124.62,0.96,13,00,03,00
Crop_Loss,13_00_03_00,D&G,average,100,194.82,0.91,13,00,03,00
Crop_Loss,13_00_03_00,D&G&Wp,average,20,40.49,1.0,13,00,03,00
Crop_Loss,13_00_03_00,D&G&Wp,average,60,172.18,0.96,13,00,03,00
Crop_Loss,13_00_03_00,D&G&Wp,average,100,319.3,0.94,13,00,03,00
Crop_Loss,13_00_03_00,D&Wp,average,20,42.85,1.0,13,00,03,00
Crop_Loss,13_00_03_00,D&Wp,average,60,193.17,0.97,13,00,03,00
Crop_Loss,13_00_03_00,D&Wp,average,100,375.5,0.95,13,00,03,00
Crop_Loss,13_00_03_00,G,average,20,35.77,1.0,13,00,03,00
Crop_Loss,13_00_03_00,G,average,60,130.18,0.95,13,00,03,00
Crop_Loss,13_00_03_00,G,average,100,206.89,0.89,13,00,03,00
Crop_Loss,13_00_03_00,G&Wp,average,20,43.56,1.0,13,00,03,00
Crop_Loss,13_00_03_00,G&Wp,average,60,198.74,0.96,13,00,03,00
Crop_Loss,13_00_03_00,G&Wp,average,100,387.58,0.94,13,00,03,00
Crop_Loss,13_00_03_00,Wp,average,20,51.36,1.0,13,00,03,00
Crop_Loss,13_00_03_00,Wp,average,60,267.29,0.97,13,00,03,00
Crop_Loss,13_00_03_00,Wp,average,100,568.26,0.96,13,00,03,00
Crop_Loss,13_00_05_00,D,average,20,31.2,0.9,13,00,05,00
Crop_Loss,13_00_05_00,D,average,60,111.64,0.91,13,00,05,00
Crop_Loss,13_00_05_00,D,average,100,173.49,0.88,13,00,05,00
Crop_Loss,13_00_05_00,D&G,average,20,31.76,0.9,13,00,05,00
Crop_Loss,13_00_05_00,D&G,average,60,116.67,0.9,13,00,05,00
Crop_Loss,13_00_05_00,D&G,average,100,185.59,0.87,13,00,05,00
Crop_Loss,13_00_05_00,D&G&Wp,average,20,37.21,0.92,13,00,05,00
Crop_Loss,13_00_05_00,D&G&Wp,average,60,163.76,0.92,13,00,05,00
Crop_Loss,13_00_05_00,D&G&Wp,average,100,308.76,0.91,13,00,05,00
Crop_Loss,13_00_05_00,D&Wp,average,20,39.66,0.92,13,00,05,00
Crop_Loss,13_00_05_00,D&Wp,average,60,184.79,0.93,13,00,05,00
Crop_Loss,13_00_05_00,D&Wp,average,100,364.29,0.92,13,00,05,00
Crop_Loss,13_00_05_00,G,average,20,32.33,0.9,13,00,05,00
Crop_Loss,13_00_05_00,G,average,60,121.71,0.89,13,00,05,00
Crop_Loss,13_00_05_00,G,average,100,197.7,0.85,13,00,05,00
Crop_Loss,13_00_05_00,G&Wp,average,20,40.22,0.92,13,00,05,00
Crop_Loss,13_00_05_00,G&Wp,average,60,189.83,0.92,13,00,05,00
Crop_Loss,13_00_05_00,G&Wp,average,100,376.4,0.91,13,00,05,00
Crop_Loss,13_00_05_00,Wp,average,20,48.11,0.94,13,00,05,00
Crop_Loss,13_00_05_00,Wp,average,60,257.94,0.93,13,00,05,00
Crop_Loss,13_00_05_00,Wp,average,100,555.1,0.93,13,00,05,00
Crop_Loss,13_00_07_00,D,average,20,35.26,1.02,13,00,07,00
Crop_Loss,13_00_07_00,D,average,60,138.76,1.13,13,00,07,00
Crop_Loss,13_00_07_00,D,average,100,229.24,1.17,13,00,07,00
Crop_Loss,13_00_07_00,D&G,average,20,35.83,1.02,13,00,07,00
Crop_Loss,13_00_07_00,D&G,average,60,143.76,1.11,13,00,07,00
Crop_Loss,13_00_07_00,D&G,average,100,241.23,1.13,13,00,07,00
Crop_Loss,13_00_07_00,D&G&Wp,average,20,41.03,1.01,13,00,07,00
Crop_Loss,13_00_07_00,D&G&Wp,average,60,187.4,1.05,13,00,07,00
Crop_Loss,13_00_07_00,D&G&Wp,average,100,353.6,1.04,13,00,07,00
Crop_Loss,13_00_07_00,D&Wp,average,20,43.35,1.01,13,00,07,00
Crop_Loss,13_00_07_00,D&Wp,average,60,206.73,1.03,13,00,07,00
Crop_Loss,13_00_07_00,D&Wp,average,100,403.79,1.02,13,00,07,00
Crop_Loss,13_00_07_00,G,average,20,36.41,1.01,13,00,07,00
Crop_Loss,13_00_07_00,G,average,60,148.75,1.09,13,00,07,00
Crop_Loss,13_00_07_00,G,average,100,253.22,1.09,13,00,07,00
Crop_Loss,13_00_07_00,G&Wp,average,20,43.92,1.01,13,00,07,00
Crop_Loss,13_00_07_00,G&Wp,average,60,211.73,1.03,13,00,07,00
Crop_Loss,13_00_07_00,G&Wp,average,100,415.78,1.01,13,00,07,00
Crop_Loss,13_00_07_00,Wp,average,20,51.43,1.0,13,00,07,00
Crop_Loss,13_00_07_00,Wp,average,60,274.7,0.99,13,00,07,00
Crop_Loss,13_00_07_00,Wp,average,100,578.34,0.97,13,00,07,00
Crop_Loss,13_00_09_00,D,average,20,31.2,0.9,13,00,09,00
Crop_Loss,13_00_09_00,D,average,60,112.1,0.91,13,00,09,00
Crop_Loss,13_00_09_00,D,average,100,176.35,0.9,13,00,09,00
Crop_Loss,13_00_09_00,D&G,average,20,31.76,0.9,13,00,09,00
Crop_Loss,13_00_09_00,D&G,average,60,117.15,0.9,13,00,09,00
Crop_Loss,13_00_09_00,D&G,average,100,188.54,0.88,13,00,09,00
Crop_Loss,13_00_09_00,D&G&Wp,average,20,37.21,0.92,13,00,09,00
Crop_Loss,13_00_09_00,D&G&Wp,average,60,164.38,0.92,13,00,09,00
Crop_Loss,13_00_09_00,D&G&Wp,average,100,312.09,0.92,13,00,09,00
Crop_Loss,13_00_09_00,D&Wp,average,20,39.65,0.92,13,00,09,00
Crop_Loss,13_00_09_00,D&Wp,average,60,185.47,0.93,13,00,09,00
Crop_Loss,13_00_09_00,D&Wp,average,100,367.77,0.93,13,00,09,00
Crop_Loss,13_00_09_00,G,average,20,32.32,0.9,13,00,09,00
Crop_Loss,13_00_09_00,G,average,60,122.2,0.9,13,00,09,00
Crop_Loss,13_00_09_00,G,average,100,200.73,0.86,13,00,09,00
Crop_Loss,13_00_09_00,G&Wp,average,20,40.22,0.92,13,00,09,00
Crop_Loss,13_00_09_00,G&Wp,average,60,190.52,0.92,13,00,09,00
Crop_Loss,13_00_09_00,G&Wp,average,100,379.96,0.92,13,00,09,00
Crop_Loss,13_00_09_00,Wp,average,20,48.11,0.94,13,00,09,00
Crop_Loss,13_00_09_00,Wp,average,60,258.84,0.94,13,00,09,00
Crop_Loss,13_00_09_00,Wp,average,100,559.18,0.94,13,00,09,00
Crop_Loss,13_00_11_00,D,average,20,34.33,1.0,13,00,11,00
Crop_Loss,13_00_11_00,D,average,60,119.7,0.97,13,00,11,00
Crop_Loss,13_00_11_00,D,average,100,185.31,0.94,13,00,11,00
Crop_Loss,13_00_11_00,D&G,average,20,35.05,1.0,13,00,11,00
Crop_Loss,13_00_11_00,D&G,average,60,124.94,0.96,13,00,11,00
Crop_Loss,13_00_11_00,D&G,average,100,197.22,0.92,13,00,11,00
Crop_Loss,13_00_11_00,D&G&Wp,average,20,40.49,1.0,13,00,11,00
Crop_Loss,13_00_11_00,D&G&Wp,average,60,172.52,0.97,13,00,11,00
Crop_Loss,13_00_11_00,D&G&Wp,average,100,321.02,0.94,13,00,11,00
Crop_Loss,13_00_11_00,D&Wp,average,20,42.85,1.0,13,00,11,00
Crop_Loss,13_00_11_00,D&Wp,average,60,193.7,0.97,13,00,11,00
Crop_Loss,13_00_11_00,D&Wp,average,100,376.96,0.95,13,00,11,00
Crop_Loss,13_00_11_00,G,average,20,35.77,1.0,13,00,11,00
Crop_Loss,13_00_11_00,G,average,60,130.18,0.95,13,00,11,00
Crop_Loss,13_00_11_00,G,average,100,209.13,0.9,13,00,11,00
Crop_Loss,13_00_11_00,G&Wp,average,20,43.56,1.0,13,00,11,00
Crop_Loss,13_00_11_00,G&Wp,average,60,198.94,0.96,13,00,11,00
Crop_Loss,13_00_11_00,G&Wp,average,100,388.87,0.94,13,00,11,00
Crop_Loss,13_00_11_00,Wp,average,20,51.36,1.0,13,00,11,00
Crop_Loss,13_00_11_00,Wp,average,60,267.69,0.97,13,00,11,00
Crop_Loss,13_00_11_00,Wp,average,100,568.61,0.96,13,00,11,00
Crop_Loss,13_00_13_00,D,average,20,34.33,1.0,13,00,13,00
Crop_Loss,13_00_13_00,D,average,60,123.82,1.01,13,00,13,00
Crop_Loss,13_00_13_00,D,average,100,204.83,1.04,13,00,13,00
Crop_Loss,13_00_13_00,D&G,average,20,35.05,1.0,13,00,13,00
Crop_Loss,13_00_13_00,D&G,average,60,128.11,0.99,13,00,13,00
Crop_Loss,13_00_13_00,D&G,average,100,213.72,1.0,13,00,13,00
Crop_Loss,13_00_13_00,D&G&Wp,average,20,40.49,1.0,13,00,13,00
Crop_Loss,13_00_13_00,D&G&Wp,average,60,174.79,0.98,13,00,13,00
Crop_Loss,13_00_13_00,D&G&Wp,average,100,333.15,0.98,13,00,13,00
Crop_Loss,13_00_13_00,D&Wp,average,20,42.85,1.0,13,00,13,00
Crop_Loss,13_00_13_00,D&Wp,average,60,195.99,0.98,13,00,13,00
Crop_Loss,13_00_13_00,D&Wp,average,100,388.42,0.98,13,00,13,00
Crop_Loss,13_00_13_00,G,average,20,35.77,1.0,13,00,13,00
Crop_Loss,13_00_13_00,G,average,60,132.4,0.97,13,00,13,00
Crop_Loss,13_00_13_00,G,average,100,222.6,0.96,13,00,13,00
Crop_Loss,13_00_13_00,G&Wp,average,20,43.56,1.0,13,00,13,00
Crop_Loss,13_00_13_00,G&Wp,average,60,200.28,0.97,13,00,13,00
Crop_Loss,13_00_13_00,G&Wp,average,100,397.3,0.96,13,00,13,00
Crop_Loss,13_00_13_00,Wp,average,20,51.36,1.0,13,00,13,00
Crop_Loss,13_00_13_00,Wp,average,60,268.16,0.97,13,00,13,00
Crop_Loss,13_00_13_00,Wp,average,100,572.0,0.96,13,00,13,00
Farmer_Flood_Measure_Costs,00_00_00_00,D,average,20,0.0,0.0,00,00,00,00
Farmer_Flood_Measure_Costs,00_00_00_00,D,average,60,0.0,0.0,00,00,00,00
Farmer_Flood_Measure_Costs,00_00_00_00,D,average,100,0.0,0.0,00,00,00,00
Farmer_Flood_Measure_Costs,00_00_00_00,D&G,average,20,0.0,0.0,00,00,00,00
Farmer_Flood_Measure_Costs,00_00_00_00,D&G,average,60,0.0,0.0,00,00,00,00
Farmer_Flood_Measure_Costs,00_00_00_00,D&G,average,100,0.0,0.0,00,00,00,00
Farmer_Flood_Measure_Costs,00_00_00_00,D&G&Wp,average,20,0.0,0.0,00,00,00,00
Farmer_Flood_Measure_Costs,00_00_00_00,D&G&Wp,average,60,0.0,0.0,00,00,00,00
Farmer_Flood_Measure_Costs,00_00_00_00,D&G&Wp,average,100,0.0,0.0,00,00,00,00
Farmer_Flood_Measure_Costs,00_00_00_00,D&Wp,average,20,0.0,0.0,00,00,00,00
Farmer_Flood_Measure_Costs,00_00_00_00,D&Wp,average,60,0.0,0.0,00,00,00,00
Farmer_Flood_Measure_Costs,00_00_00_00,D&Wp,average,100,0.0,0.0,00,00,00,00
Farmer_Flood_Measure_Costs,00_00_00_00,G,average,20,0.0,0.0,00,00,00,00
Farmer_Flood_Measure_Costs,00_00_00_00,G,average,60,0.0,0.0,00,00,00,00
Farmer_Flood_Measure_Costs,00_00_00_00,G,average,100,0.0,0.0,00,00,00,00
Farmer_Flood_Measure_Costs,00_00_00_00,G&Wp,average,20,0.0,0.0,00,00,00,00
Farmer_Flood_Measure_Costs,00_00_00_00,G&Wp,average,60,0.0,0.0,00,00,00,00
Farmer_Flood_Measure_Costs,00_00_00_00,G&Wp,average,100,0.0,0.0,00,00,00,00
Farmer_Flood_Measure_Costs,00_00_00_00,Wp,average,20,0.0,0.0,00,00,00,00
Farmer_Flood_Measure_Costs,00_00_00_00,Wp,average,60,0.0,0.0,00,00,00,00
Farmer_Flood_Measure_Costs,00_00_00_00,Wp,average,100,0.0,0.0,00,00,00,00
Farmer_Flood_Measure_Costs,00_00_01_00,D,average,20,0.0,0.0,00,00,01,00
Farmer_Flood_Measure_Costs,00_00_01_00,D,average,60,0.0,0.0,00,00,01,00
Farmer_Flood_Measure_Costs,00_00_01_00,D,average,100,0.0,0.0,00,00,01,00
Farmer_Flood_Measure_Costs,00_00_01_00,D&G,average,20,0.0,0.0,00,00,01,00
Farmer_Flood_Measure_Costs,00_00_01_00,D&G,average,60,0.0,0.0,00,00,01,00
Farmer_Flood_Measure_Costs,00_00_01_00,D&G,average,100,0.0,0.0,00,00,01,00
Farmer_Flood_Measure_Costs,00_00_01_00,D&G&Wp,average,20,0.0,0.0,00,00,01,00
Farmer_Flood_Measure_Costs,00_00_01_00,D&G&Wp,average,60,0.0,0.0,00,00,01,00
Farmer_Flood_Measure_Costs,00_00_01_00,D&G&Wp,average,100,0.0,0.0,00,00,01,00
Farmer_Flood_Measure_Costs,00_00_01_00,D&Wp,average,20,0.0,0.0,00,00,01,00
Farmer_Flood_Measure_Costs,00_00_01_00,D&Wp,average,60,0.0,0.0,00,00,01,00
Farmer_Flood_Measure_Costs,00_00_01_00,D&Wp,average,100,0.0,0.0,00,00,01,00
Farmer_Flood_Measure_Costs,00_00_01_00,G,average,20,0.0,0.0,00,00,01,00
Farmer_Flood_Measure_Costs,00_00_01_00,G,average,60,0.0,0.0,00,00,01,00
Farmer_Flood_Measure_Costs,00_00_01_00,G,average,100,0.0,0.0,00,00,01,00
Farmer_Flood_Measure_Costs,00_00_01_00,G&Wp,average,20,0.0,0.0,00,00,01,00
Farmer_Flood_Measure_Costs,00_00_01_00,G&Wp,average,60,0.0,0.0,00,00,01,00
Farmer_Flood_Measure_Costs,00_00_01_00,G&Wp,average,100,0.0,0.0,00,00,01,00
Farmer_Flood_Measure_Costs,00_00_01_00,Wp,average,20,0.0,0.0,00,00,01,00
Farmer_Flood_Measure_Costs,00_00_01_00,Wp,average,60,0.0,0.0,00,00,01,00
Farmer_Flood_Measure_Costs,00_00_01_00,Wp,average,100,0.0,0.0,00,00,01,00
Farmer_Flood_Measure_Costs,00_00_03_00,D,average,20,0.0,0.0,00,00,03,00
Farmer_Flood_Measure_Costs,00_00_03_00,D,average,60,0.0,0.0,00,00,03,00
Farmer_Flood_Measure_Costs,00_00_03_00,D,average,100,0.0,0.0,00,00,03,00
Farmer_Flood_Measure_Costs,00_00_03_00,D&G,average,20,0.0,0.0,00,00,03,00
Farmer_Flood_Measure_Costs,00_00_03_00,D&G,average,60,0.0,0.0,00,00,03,00
Farmer_Flood_Measure_Costs,00_00_03_00,D&G,average,100,0.0,0.0,00,00,03,00
Farmer_Flood_Measure_Costs,00_00_03_00,D&G&Wp,average,20,0.0,0.0,00,00,03,00
Farmer_Flood_Measure_Costs,00_00_03_00,D&G&Wp,average,60,0.0,0.0,00,00,03,00
Farmer_Flood_Measure_Costs,00_00_03_00,D&G&Wp,average,100,0.0,0.0,00,00,03,00
Farmer_Flood_Measure_Costs,00_00_03_00,D&Wp,average,20,0.0,0.0,00,00,03,00
Farmer_Flood_Measure_Costs,00_00_03_00,D&Wp,average,60,0.0,0.0,00,00,03,00
Farmer_Flood_Measure_Costs,00_00_03_00,D&Wp,average,100,0.0,0.0,00,00,03,00
Farmer_Flood_Measure_Costs,00_00_03_00,G,average,20,0.0,0.0,00,00,03,00
Farmer_Flood_Measure_Costs,00_00_03_00,G,average,60,0.0,0.0,00,00,03,00
Farmer_Flood_Measure_Costs,00_00_03_00,G,average,100,0.0,0.0,00,00,03,00
Farmer_Flood_Measure_Costs,00_00_03_00,G&Wp,average,20,0.0,0.0,00,00,03,00
Farmer_Flood_Measure_Costs,00_00_03_00,G&Wp,average,60,0.0,0.0,00,00,03,00
Farmer_Flood_Measure_Costs,00_00_03_00,G&Wp,average,100,0.0,0.0,00,00,03,00
Farmer_Flood_Measure_Costs,00_00_03_00,Wp,average,20,0.0,0.0,00,00,03,00
Farmer_Flood_Measure_Costs,00_00_03_00,Wp,average,60,0.0,0.0,00,00,03,00
Farmer_Flood_Measure_Costs,00_00_03_00,Wp,average,100,0.0,0.0,00,00,03,00
Farmer_Flood_Measure_Costs,00_00_05_00,D,average,20,0.0,0.0,00,00,05,00
Farmer_Flood_Measure_Costs,00_00_05_00,D,average,60,0.0,0.0,00,00,05,00
Farmer_Flood_Measure_Costs,00_00_05_00,D,average,100,0.0,0.0,00,00,05,00
Farmer_Flood_Measure_Costs,00_00_05_00,D&G,average,20,0.0,0.0,00,00,05,00
Farmer_Flood_Measure_Costs,00_00_05_00,D&G,average,60,0.0,0.0,00,00,05,00
Farmer_Flood_Measure_Costs,00_00_05_00,D&G,average,100,0.0,0.0,00,00,05,00
Farmer_Flood_Measure_Costs,00_00_05_00,D&G&Wp,average,20,0.0,0.0,00,00,05,00
Farmer_Flood_Measure_Costs,00_00_05_00,D&G&Wp,average,60,0.0,0.0,00,00,05,00
Farmer_Flood_Measure_Costs,00_00_05_00,D&G&Wp,average,100,0.0,0.0,00,00,05,00
Farmer_Flood_Measure_Costs,00_00_05_00,D&Wp,average,20,0.0,0.0,00,00,05,00
Farmer_Flood_Measure_Costs,00_00_05_00,D&Wp,average,60,0.0,0.0,00,00,05,00
Farmer_Flood_Measure_Costs,00_00_05_00,D&Wp,average,100,0.0,0.0,00,00,05,00
Farmer_Flood_Measure_Costs,00_00_05_00,G,average,20,0.0,0.0,00,00,05,00
Farmer_Flood_Measure_Costs,00_00_05_00,G,average,60,0.0,0.0,00,00,05,00
Farmer_Flood_Measure_Costs,00_00_05_00,G,average,100,0.0,0.0,00,00,05,00
Farmer_Flood_Measure_Costs,00_00_05_00,G&Wp,average,20,0.0,0.0,00,00,05,00
Farmer_Flood_Measure_Costs,00_00_05_00,G&Wp,average,60,0.0,0.0,00,00,05,00
Farmer_Flood_Measure_Costs,00_00_05_00,G&Wp,average,100,0.0,0.0,00,00,05,00
Farmer_Flood_Measure_Costs,00_00_05_00,Wp,average,20,0.0,0.0,00,00,05,00
Farmer_Flood_Measure_Costs,00_00_05_00,Wp,average,60,0.0,0.0,00,00,05,00
Farmer_Flood_Measure_Costs,00_00_05_00,Wp,average,100,0.0,0.0,00,00,05,00
Farmer_Flood_Measure_Costs,00_00_07_00,D,average,20,0.0,0.0,00,00,07,00
Farmer_Flood_Measure_Costs,00_00_07_00,D,average,60,0.0,0.0,00,00,07,00
Farmer_Flood_Measure_Costs,00_00_07_00,D,average,100,0.0,0.0,00,00,07,00
Farmer_Flood_Measure_Costs,00_00_07_00,D&G,average,20,0.0,0.0,00,00,07,00
Farmer_Flood_Measure_Costs,00_00_07_00,D&G,average,60,0.0,0.0,00,00,07,00
Farmer_Flood_Measure_Costs,00_00_07_00,D&G,average,100,0.0,0.0,00,00,07,00
Farmer_Flood_Measure_Costs,00_00_07_00,D&G&Wp,average,20,0.0,0.0,00,00,07,00
Farmer_Flood_Measure_Costs,00_00_07_00,D&G&Wp,average,60,0.0,0.0,00,00,07,00
Farmer_Flood_Measure_Costs,00_00_07_00,D&G&Wp,average,100,0.0,0.0,00,00,07,00
Farmer_Flood_Measure_Costs,00_00_07_00,D&Wp,average,20,0.0,0.0,00,00,07,00
Farmer_Flood_Measure_Costs,00_00_07_00,D&Wp,average,60,0.0,0.0,00,00,07,00
Farmer_Flood_Measure_Costs,00_00_07_00,D&Wp,average,100,0.0,0.0,00,00,07,00
Farmer_Flood_Measure_Costs,00_00_07_00,G,average,20,0.0,0.0,00,00,07,00
Farmer_Flood_Measure_Costs,00_00_07_00,G,average,60,0.0,0.0,00,00,07,00
Farmer_Flood_Measure_Costs,00_00_07_00,G,average,100,0.0,0.0,00,00,07,00
Farmer_Flood_Measure_Costs,00_00_07_00,G&Wp,average,20,0.0,0.0,00,00,07,00
Farmer_Flood_Measure_Costs,00_00_07_00,G&Wp,average,60,0.0,0.0,00,00,07,00
Farmer_Flood_Measure_Costs,00_00_07_00,G&Wp,average,100,0.0,0.0,00,00,07,00
Farmer_Flood_Measure_Costs,00_00_07_00,Wp,average,20,0.0,0.0,00,00,07,00
Farmer_Flood_Measure_Costs,00_00_07_00,Wp,average,60,0.0,0.0,00,00,07,00
Farmer_Flood_Measure_Costs,00_00_07_00,Wp,average,100,0.0,0.0,00,00,07,00
Farmer_Flood_Measure_Costs,00_00_09_00,D,average,20,0.0,0.0,00,00,09,00
Farmer_Flood_Measure_Costs,00_00_09_00,D,average,60,0.0,0.0,00,00,09,00
Farmer_Flood_Measure_Costs,00_00_09_00,D,average,100,0.0,0.0,00,00,09,00
Farmer_Flood_Measure_Costs,00_00_09_00,D&G,average,20,0.0,0.0,00,00,09,00
Farmer_Flood_Measure_Costs,00_00_09_00,D&G,average,60,0.0,0.0,00,00,09,00
Farmer_Flood_Measure_Costs,00_00_09_00,D&G,average,100,0.0,0.0,00,00,09,00
Farmer_Flood_Measure_Costs,00_00_09_00,D&G&Wp,average,20,0.0,0.0,00,00,09,00
Farmer_Flood_Measure_Costs,00_00_09_00,D&G&Wp,average,60,0.0,0.0,00,00,09,00
Farmer_Flood_Measure_Costs,00_00_09_00,D&G&Wp,average,100,0.0,0.0,00,00,09,00
Farmer_Flood_Measure_Costs,00_00_09_00,D&Wp,average,20,0.0,0.0,00,00,09,00
Farmer_Flood_Measure_Costs,00_00_09_00,D&Wp,average,60,0.0,0.0,00,00,09,00
Farmer_Flood_Measure_Costs,00_00_09_00,D&Wp,average,100,0.0,0.0,00,00,09,00
Farmer_Flood_Measure_Costs,00_00_09_00,G,average,20,0.0,0.0,00,00,09,00
Farmer_Flood_Measure_Costs,00_00_09_00,G,average,60,0.0,0.0,00,00,09,00
Farmer_Flood_Measure_Costs,00_00_09_00,G,average,100,0.0,0.0,00,00,09,00
Farmer_Flood_Measure_Costs,00_00_09_00,G&Wp,average,20,0.0,0.0,00,00,09,00
Farmer_Flood_Measure_Costs,00_00_09_00,G&Wp,average,60,0.0,0.0,00,00,09,00
Farmer_Flood_Measure_Costs,00_00_09_00,G&Wp,average,100,0.0,0.0,00,00,09,00
Farmer_Flood_Measure_Costs,00_00_09_00,Wp,average,20,0.0,0.0,00,00,09,00
Farmer_Flood_Measure_Costs,00_00_09_00,Wp,average,60,0.0,0.0,00,00,09,00
Farmer_Flood_Measure_Costs,00_00_09_00,Wp,average,100,0.0,0.0,00,00,09,00
Farmer_Flood_Measure_Costs,00_00_11_00,D,average,20,0.0,0.0,00,00,11,00
Farmer_Flood_Measure_Costs,00_00_11_00,D,average,60,0.0,0.0,00,00,11,00
Farmer_Flood_Measure_Costs,00_00_11_00,D,average,100,0.0,0.0,00,00,11,00
Farmer_Flood_Measure_Costs,00_00_11_00,D&G,average,20,0.0,0.0,00,00,11,00
Farmer_Flood_Measure_Costs,00_00_11_00,D&G,average,60,0.0,0.0,00,00,11,00
Farmer_Flood_Measure_Costs,00_00_11_00,D&G,average,100,0.0,0.0,00,00,11,00
Farmer_Flood_Measure_Costs,00_00_11_00,D&G&Wp,average,20,0.0,0.0,00,00,11,00
Farmer_Flood_Measure_Costs,00_00_11_00,D&G&Wp,average,60,0.0,0.0,00,00,11,00
Farmer_Flood_Measure_Costs,00_00_11_00,D&G&Wp,average,100,0.0,0.0,00,00,11,00
Farmer_Flood_Measure_Costs,00_00_11_00,D&Wp,average,20,0.0,0.0,00,00,11,00
Farmer_Flood_Measure_Costs,00_00_11_00,D&Wp,average,60,0.0,0.0,00,00,11,00
Farmer_Flood_Measure_Costs,00_00_11_00,D&Wp,average,100,0.0,0.0,00,00,11,00
Farmer_Flood_Measure_Costs,00_00_11_00,G,average,20,0.0,0.0,00,00,11,00
Farmer_Flood_Measure_Costs,00_00_11_00,G,average,60,0.0,0.0,00,00,11,00
Farmer_Flood_Measure_Costs,00_00_11_00,G,average,100,0.0,0.0,00,00,11,00
Farmer_Flood_Measure_Costs,00_00_11_00,G&Wp,average,20,0.0,0.0,00,00,11,00
Farmer_Flood_Measure_Costs,00_00_11_00,G&Wp,average,60,0.0,0.0,00,00,11,00
Farmer_Flood_Measure_Costs,00_00_11_00,G&Wp,average,100,0.0,0.0,00,00,11,00
Farmer_Flood_Measure_Costs,00_00_11_00,Wp,average,20,0.0,0.0,00,00,11,00
Farmer_Flood_Measure_Costs,00_00_11_00,Wp,average,60,0.0,0.0,00,00,11,00
Farmer_Flood_Measure_Costs,00_00_11_00,Wp,average,100,0.0,0.0,00,00,11,00
Farmer_Flood_Measure_Costs,00_00_13_00,D,average,20,0.0,0.0,00,00,13,00
Farmer_Flood_Measure_Costs,00_00_13_00,D,average,60,0.0,0.0,00,00,13,00
Farmer_Flood_Measure_Costs,00_00_13_00,D,average,100,0.0,0.0,00,00,13,00
Farmer_Flood_Measure_Costs,00_00_13_00,D&G,average,20,0.0,0.0,00,00,13,00
Farmer_Flood_Measure_Costs,00_00_13_00,D&G,average,60,0.0,0.0,00,00,13,00
Farmer_Flood_Measure_Costs,00_00_13_00,D&G,average,100,0.0,0.0,00,00,13,00
Farmer_Flood_Measure_Costs,00_00_13_00,D&G&Wp,average,20,0.0,0.0,00,00,13,00
Farmer_Flood_Measure_Costs,00_00_13_00,D&G&Wp,average,60,0.0,0.0,00,00,13,00
Farmer_Flood_Measure_Costs,00_00_13_00,D&G&Wp,average,100,0.0,0.0,00,00,13,00
Farmer_Flood_Measure_Costs,00_00_13_00,D&Wp,average,20,0.0,0.0,00,00,13,00
Farmer_Flood_Measure_Costs,00_00_13_00,D&Wp,average,60,0.0,0.0,00,00,13,00
Farmer_Flood_Measure_Costs,00_00_13_00,D&Wp,average,100,0.0,0.0,00,00,13,00
Farmer_Flood_Measure_Costs,00_00_13_00,G,average,20,0.0,0.0,00,00,13,00
Farmer_Flood_Measure_Costs,00_00_13_00,G,average,60,0.0,0.0,00,00,13,00
Farmer_Flood_Measure_Costs,00_00_13_00,G,average,100,0.0,0.0,00,00,13,00
Farmer_Flood_Measure_Costs,00_00_13_00,G&Wp,average,20,0.0,0.0,00,00,13,00
Farmer_Flood_Measure_Costs,00_00_13_00,G&Wp,average,60,0.0,0.0,00,00,13,00
Farmer_Flood_Measure_Costs,00_00_13_00,G&Wp,average,100,0.0,0.0,00,00,13,00
Farmer_Flood_Measure_Costs,00_00_13_00,Wp,average,20,0.0,0.0,00,00,13,00
Farmer_Flood_Measure_Costs,00_00_13_00,Wp,average,60,0.0,0.0,00,00,13,00
Farmer_Flood_Measure_Costs,00_00_13_00,Wp,average,100,0.0,0.0,00,00,13,00
Farmer_Flood_Measure_Costs,01_00_00_00,D,average,20,0.07,0.0,01,00,00,00
Farmer_Flood_Measure_Costs,01_00_00_00,D,average,60,12.67,0.04,01,00,00,00
Farmer_Flood_Measure_Costs,01_00_00_00,D,average,100,15.07,0.03,01,00,00,00
Farmer_Flood_Measure_Costs,01_00_00_00,D&G,average,20,0.08,0.0,01,00,00,00
Farmer_Flood_Measure_Costs,01_00_00_00,D&G,average,60,23.95,0.07,01,00,00,00
Farmer_Flood_Measure_Costs,01_00_00_00,D&G,average,100,39.11,0.08,01,00,00,00
Farmer_Flood_Measure_Costs,01_00_00_00,D&G&Wp,average,20,0.08,0.0,01,00,00,00
Farmer_Flood_Measure_Costs,01_00_00_00,D&G&Wp,average,60,31.52,0.09,01,00,00,00
Farmer_Flood_Measure_Costs,01_00_00_00,D&G&Wp,average,100,69.72,0.14,01,00,00,00
Farmer_Flood_Measure_Costs,01_00_00_00,D&Wp,average,20,0.07,0.0,01,00,00,00
Farmer_Flood_Measure_Costs,01_00_00_00,D&Wp,average,60,29.66,0.08,01,00,00,00
Farmer_Flood_Measure_Costs,01_00_00_00,D&Wp,average,100,73.0,0.15,01,00,00,00
Farmer_Flood_Measure_Costs,01_00_00_00,G,average,20,0.09,0.0,01,00,00,00
Farmer_Flood_Measure_Costs,01_00_00_00,G,average,60,35.23,0.1,01,00,00,00
Farmer_Flood_Measure_Costs,01_00_00_00,G,average,100,63.15,0.13,01,00,00,00
Farmer_Flood_Measure_Costs,01_00_00_00,G&Wp,average,20,0.08,0.0,01,00,00,00
Farmer_Flood_Measure_Costs,01_00_00_00,G&Wp,average,60,40.94,0.12,01,00,00,00
Farmer_Flood_Measure_Costs,01_00_00_00,G&Wp,average,100,97.04,0.19,01,00,00,00
Farmer_Flood_Measure_Costs,01_00_00_00,Wp,average,20,0.07,0.0,01,00,00,00
Farmer_Flood_Measure_Costs,01_00_00_00,Wp,average,60,46.65,0.13,01,00,00,00
Farmer_Flood_Measure_Costs,01_00_00_00,Wp,average,100,130.93,0.26,01,00,00,00
Farmer_Flood_Measure_Costs,01_00_01_00,D,average,20,0.07,0.0,01,00,01,00
Farmer_Flood_Measure_Costs,01_00_01_00,D,average,60,12.66,0.04,01,00,01,00
Farmer_Flood_Measure_Costs,01_00_01_00,D,average,100,14.92,0.03,01,00,01,00
Farmer_Flood_Measure_Costs,01_00_01_00,D&G,average,20,0.08,0.0,01,00,01,00
Farmer_Flood_Measure_Costs,01_00_01_00,D&G,average,60,12.74,0.04,01,00,01,00
Farmer_Flood_Measure_Costs,01_00_01_00,D&G,average,100,15.0,0.03,01,00,01,00
Farmer_Flood_Measure_Costs,01_00_01_00,D&G&Wp,average,20,0.08,0.0,01,00,01,00
Farmer_Flood_Measure_Costs,01_00_01_00,D&G&Wp,average,60,21.31,0.06,01,00,01,00
Farmer_Flood_Measure_Costs,01_00_01_00,D&G&Wp,average,100,31.2,0.06,01,00,01,00
Farmer_Flood_Measure_Costs,01_00_01_00,D&Wp,average,20,0.07,0.0,01,00,01,00
Farmer_Flood_Measure_Costs,01_00_01_00,D&Wp,average,60,25.56,0.07,01,00,01,00
Farmer_Flood_Measure_Costs,01_00_01_00,D&Wp,average,100,39.27,0.08,01,00,01,00
Farmer_Flood_Measure_Costs,01_00_01_00,G,average,20,0.09,0.0,01,00,01,00
Farmer_Flood_Measure_Costs,01_00_01_00,G,average,60,12.83,0.04,01,00,01,00
Farmer_Flood_Measure_Costs,01_00_01_00,G,average,100,15.08,0.03,01,00,01,00
Farmer_Flood_Measure_Costs,01_00_01_00,G&Wp,average,20,0.08,0.0,01,00,01,00
Farmer_Flood_Measure_Costs,01_00_01_00,G&Wp,average,60,25.64,0.07,01,00,01,00
Farmer_Flood_Measure_Costs,01_00_01_00,G&Wp,average,100,39.34,0.08,01,00,01,00
Farmer_Flood_Measure_Costs,01_00_01_00,Wp,average,20,0.07,0.0,01,00,01,00
Farmer_Flood_Measure_Costs,01_00_01_00,Wp,average,60,38.45,0.11,01,00,01,00
Farmer_Flood_Measure_Costs,01_00_01_00,Wp,average,100,63.61,0.13,01,00,01,00
Farmer_Flood_Measure_Costs,01_00_03_00,D,average,20,0.07,0.0,01,00,03,00
Farmer_Flood_Measure_Costs,01_00_03_00,D,average,60,12.66,0.04,01,00,03,00
Farmer_Flood_Measure_Costs,01_00_03_00,D,average,100,14.92,0.03,01,00,03,00
Farmer_Flood_Measure_Costs,01_00_03_00,D&G,average,20,0.08,0.0,01,00,03,00
Farmer_Flood_Measure_Costs,01_00_03_00,D&G,average,60,12.74,0.04,01,00,03,00
Farmer_Flood_Measure_Costs,01_00_03_00,D&G,average,100,15.0,0.03,01,00,03,00
Farmer_Flood_Measure_Costs,01_00_03_00,D&G&Wp,average,20,0.08,0.0,01,00,03,00
Farmer_Flood_Measure_Costs,01_00_03_00,D&G&Wp,average,60,21.31,0.06,01,00,03,00
Farmer_Flood_Measure_Costs,01_00_03_00,D&G&Wp,average,100,31.2,0.06,01,00,03,00
Farmer_Flood_Measure_Costs,01_00_03_00,D&Wp,average,20,0.07,0.0,01,00,03,00
Farmer_Flood_Measure_Costs,01_00_03_00,D&Wp,average,60,25.56,0.07,01,00,03,00
Farmer_Flood_Measure_Costs,01_00_03_00,D&Wp,average,100,39.27,0.08,01,00,03,00
Farmer_Flood_Measure_Costs,01_00_03_00,G,average,20,0.09,0.0,01,00,03,00
Farmer_Flood_Measure_Costs,01_00_03_00,G,average,60,12.83,0.04,01,00,03,00
Farmer_Flood_Measure_Costs,01_00_03_00,G,average,100,15.08,0.03,01,00,03,00
Farmer_Flood_Measure_Costs,01_00_03_00,G&Wp,average,20,0.08,0.0,01,00,03,00
Farmer_Flood_Measure_Costs,01_00_03_00,G&Wp,average,60,25.64,0.07,01,00,03,00
Farmer_Flood_Measure_Costs,01_00_03_00,G&Wp,average,100,39.34,0.08,01,00,03,00
Farmer_Flood_Measure_Costs,01_00_03_00,Wp,average,20,0.07,0.0,01,00,03,00
Farmer_Flood_Measure_Costs,01_00_03_00,Wp,average,60,38.45,0.11,01,00,03,00
Farmer_Flood_Measure_Costs,01_00_03_00,Wp,average,100,63.61,0.13,01,00,03,00
Farmer_Flood_Measure_Costs,01_00_05_00,D,average,20,0.0,0.0,01,00,05,00
Farmer_Flood_Measure_Costs,01_00_05_00,D,average,60,0.57,0.0,01,00,05,00
Farmer_Flood_Measure_Costs,01_00_05_00,D,average,100,1.8,0.0,01,00,05,00
Farmer_Flood_Measure_Costs,01_00_05_00,D&G,average,20,0.0,0.0,01,00,05,00
Farmer_Flood_Measure_Costs,01_00_05_00,D&G,average,60,0.57,0.0,01,00,05,00
Farmer_Flood_Measure_Costs,01_00_05_00,D&G,average,100,1.8,0.0,01,00,05,00
Farmer_Flood_Measure_Costs,01_00_05_00,D&G&Wp,average,20,0.0,0.0,01,00,05,00
Farmer_Flood_Measure_Costs,01_00_05_00,D&G&Wp,average,60,0.58,0.0,01,00,05,00
Farmer_Flood_Measure_Costs,01_00_05_00,D&G&Wp,average,100,1.78,0.0,01,00,05,00
Farmer_Flood_Measure_Costs,01_00_05_00,D&Wp,average,20,0.0,0.0,01,00,05,00
Farmer_Flood_Measure_Costs,01_00_05_00,D&Wp,average,60,0.59,0.0,01,00,05,00
Farmer_Flood_Measure_Costs,01_00_05_00,D&Wp,average,100,1.77,0.0,01,00,05,00
Farmer_Flood_Measure_Costs,01_00_05_00,G,average,20,0.0,0.0,01,00,05,00
Farmer_Flood_Measure_Costs,01_00_05_00,G,average,60,0.57,0.0,01,00,05,00
Farmer_Flood_Measure_Costs,01_00_05_00,G,average,100,1.8,0.0,01,00,05,00
Farmer_Flood_Measure_Costs,01_00_05_00,G&Wp,average,20,0.0,0.0,01,00,05,00
Farmer_Flood_Measure_Costs,01_00_05_00,G&Wp,average,60,0.59,0.0,01,00,05,00
Farmer_Flood_Measure_Costs,01_00_05_00,G&Wp,average,100,1.77,0.0,01,00,05,00
Farmer_Flood_Measure_Costs,01_00_05_00,Wp,average,20,0.0,0.0,01,00,05,00
Farmer_Flood_Measure_Costs,01_00_05_00,Wp,average,60,0.6,0.0,01,00,05,00
Farmer_Flood_Measure_Costs,01_00_05_00,Wp,average,100,1.74,0.0,01,00,05,00
Farmer_Flood_Measure_Costs,01_00_07_00,D,average,20,0.0,0.0,01,00,07,00
Farmer_Flood_Measure_Costs,01_00_07_00,D,average,60,0.55,0.0,01,00,07,00
Farmer_Flood_Measure_Costs,01_00_07_00,D,average,100,1.47,0.0,01,00,07,00
Farmer_Flood_Measure_Costs,01_00_07_00,D&G,average,20,0.0,0.0,01,00,07,00
Farmer_Flood_Measure_Costs,01_00_07_00,D&G,average,60,0.55,0.0,01,00,07,00
Farmer_Flood_Measure_Costs,01_00_07_00,D&G,average,100,1.48,0.0,01,00,07,00
Farmer_Flood_Measure_Costs,01_00_07_00,D&G&Wp,average,20,0.0,0.0,01,00,07,00
Farmer_Flood_Measure_Costs,01_00_07_00,D&G&Wp,average,60,0.56,0.0,01,00,07,00
Farmer_Flood_Measure_Costs,01_00_07_00,D&G&Wp,average,100,1.49,0.0,01,00,07,00
Farmer_Flood_Measure_Costs,01_00_07_00,D&Wp,average,20,0.0,0.0,01,00,07,00
Farmer_Flood_Measure_Costs,01_00_07_00,D&Wp,average,60,0.56,0.0,01,00,07,00
Farmer_Flood_Measure_Costs,01_00_07_00,D&Wp,average,100,1.49,0.0,01,00,07,00
Farmer_Flood_Measure_Costs,01_00_07_00,G,average,20,0.0,0.0,01,00,07,00
Farmer_Flood_Measure_Costs,01_00_07_00,G,average,60,0.55,0.0,01,00,07,00
Farmer_Flood_Measure_Costs,01_00_07_00,G,average,100,1.48,0.0,01,00,07,00
Farmer_Flood_Measure_Costs,01_00_07_00,G&Wp,average,20,0.0,0.0,01,00,07,00
Farmer_Flood_Measure_Costs,01_00_07_00,G&Wp,average,60,0.57,0.0,01,00,07,00
Farmer_Flood_Measure_Costs,01_00_07_00,G&Wp,average,100,1.49,0.0,01,00,07,00
Farmer_Flood_Measure_Costs,01_00_07_00,Wp,average,20,0.0,0.0,01,00,07,00
Farmer_Flood_Measure_Costs,01_00_07_00,Wp,average,60,0.58,0.0,01,00,07,00
Farmer_Flood_Measure_Costs,01_00_07_00,Wp,average,100,1.5,0.0,01,00,07,00
Farmer_Flood_Measure_Costs,01_00_09_00,D,average,20,0.0,0.0,01,00,09,00
Farmer_Flood_Measure_Costs,01_00_09_00,D,average,60,0.55,0.0,01,00,09,00
Farmer_Flood_Measure_Costs,01_00_09_00,D,average,100,1.47,0.0,01,00,09,00
Farmer_Flood_Measure_Costs,01_00_09_00,D&G,average,20,0.0,0.0,01,00,09,00
Farmer_Flood_Measure_Costs,01_00_09_00,D&G,average,60,0.55,0.0,01,00,09,00
Farmer_Flood_Measure_Costs,01_00_09_00,D&G,average,100,1.48,0.0,01,00,09,00
Farmer_Flood_Measure_Costs,01_00_09_00,D&G&Wp,average,20,0.0,0.0,01,00,09,00
Farmer_Flood_Measure_Costs,01_00_09_00,D&G&Wp,average,60,0.56,0.0,01,00,09,00
Farmer_Flood_Measure_Costs,01_00_09_00,D&G&Wp,average,100,1.52,0.0,01,00,09,00
Farmer_Flood_Measure_Costs,01_00_09_00,D&Wp,average,20,0.0,0.0,01,00,09,00
Farmer_Flood_Measure_Costs,01_00_09_00,D&Wp,average,60,0.56,0.0,01,00,09,00
Farmer_Flood_Measure_Costs,01_00_09_00,D&Wp,average,100,1.53,0.0,01,00,09,00
Farmer_Flood_Measure_Costs,01_00_09_00,G,average,20,0.0,0.0,01,00,09,00
Farmer_Flood_Measure_Costs,01_00_09_00,G,average,60,0.55,0.0,01,00,09,00
Farmer_Flood_Measure_Costs,01_00_09_00,G,average,100,1.48,0.0,01,00,09,00
Farmer_Flood_Measure_Costs,01_00_09_00,G&Wp,average,20,0.0,0.0,01,00,09,00
Farmer_Flood_Measure_Costs,01_00_09_00,G&Wp,average,60,0.57,0.0,01,00,09,00
Farmer_Flood_Measure_Costs,01_00_09_00,G&Wp,average,100,1.54,0.0,01,00,09,00
Farmer_Flood_Measure_Costs,01_00_09_00,Wp,average,20,0.0,0.0,01,00,09,00
Farmer_Flood_Measure_Costs,01_00_09_00,Wp,average,60,0.58,0.0,01,00,09,00
Farmer_Flood_Measure_Costs,01_00_09_00,Wp,average,100,1.59,0.0,01,00,09,00
Farmer_Flood_Measure_Costs,01_00_11_00,D,average,20,0.07,0.0,01,00,11,00
Farmer_Flood_Measure_Costs,01_00_11_00,D,average,60,12.66,0.04,01,00,11,00
Farmer_Flood_Measure_Costs,01_00_11_00,D,average,100,14.99,0.03,01,00,11,00
Farmer_Flood_Measure_Costs,01_00_11_00,D&G,average,20,0.08,0.0,01,00,11,00
Farmer_Flood_Measure_Costs,01_00_11_00,D&G,average,60,18.34,0.05,01,00,11,00
Farmer_Flood_Measure_Costs,01_00_11_00,D&G,average,100,20.74,0.04,01,00,11,00
Farmer_Flood_Measure_Costs,01_00_11_00,D&G&Wp,average,20,0.08,0.0,01,00,11,00
Farmer_Flood_Measure_Costs,01_00_11_00,D&G&Wp,average,60,28.78,0.08,01,00,11,00
Farmer_Flood_Measure_Costs,01_00_11_00,D&G&Wp,average,100,47.25,0.09,01,00,11,00
Farmer_Flood_Measure_Costs,01_00_11_00,D&Wp,average,20,0.07,0.0,01,00,11,00
Farmer_Flood_Measure_Costs,01_00_11_00,D&Wp,average,60,31.16,0.09,01,00,11,00
Farmer_Flood_Measure_Costs,01_00_11_00,D&Wp,average,100,57.63,0.12,01,00,11,00
Farmer_Flood_Measure_Costs,01_00_11_00,G,average,20,0.09,0.0,01,00,11,00
Farmer_Flood_Measure_Costs,01_00_11_00,G,average,60,24.03,0.07,01,00,11,00
Farmer_Flood_Measure_Costs,01_00_11_00,G,average,100,26.5,0.05,01,00,11,00
Farmer_Flood_Measure_Costs,01_00_11_00,G&Wp,average,20,0.08,0.0,01,00,11,00
Farmer_Flood_Measure_Costs,01_00_11_00,G&Wp,average,60,36.84,0.11,01,00,11,00
Farmer_Flood_Measure_Costs,01_00_11_00,G&Wp,average,100,63.39,0.13,01,00,11,00
Farmer_Flood_Measure_Costs,01_00_11_00,Wp,average,20,0.07,0.0,01,00,11,00
Farmer_Flood_Measure_Costs,01_00_11_00,Wp,average,60,49.65,0.14,01,00,11,00
Farmer_Flood_Measure_Costs,01_00_11_00,Wp,average,100,100.28,0.2,01,00,11,00
Farmer_Flood_Measure_Costs,01_00_13_00,D,average,20,0.07,0.0,01,00,13,00
Farmer_Flood_Measure_Costs,01_00_13_00,D,average,60,12.65,0.04,01,00,13,00
Farmer_Flood_Measure_Costs,01_00_13_00,D,average,100,14.74,0.03,01,00,13,00
Farmer_Flood_Measure_Costs,01_00_13_00,D&G,average,20,0.08,0.0,01,00,13,00
Farmer_Flood_Measure_Costs,01_00_13_00,D&G,average,60,12.74,0.04,01,00,13,00
Farmer_Flood_Measure_Costs,01_00_13_00,D&G,average,100,14.86,0.03,01,00,13,00
Farmer_Flood_Measure_Costs,01_00_13_00,D&G&Wp,average,20,0.08,0.0,01,00,13,00
Farmer_Flood_Measure_Costs,01_00_13_00,D&G&Wp,average,60,16.57,0.05,01,00,13,00
Farmer_Flood_Measure_Costs,01_00_13_00,D&G&Wp,average,100,26.35,0.05,01,00,13,00
Farmer_Flood_Measure_Costs,01_00_13_00,D&Wp,average,20,0.07,0.0,01,00,13,00
Farmer_Flood_Measure_Costs,01_00_13_00,D&Wp,average,60,18.45,0.05,01,00,13,00
Farmer_Flood_Measure_Costs,01_00_13_00,D&Wp,average,100,32.03,0.06,01,00,13,00
Farmer_Flood_Measure_Costs,01_00_13_00,G,average,20,0.09,0.0,01,00,13,00
Farmer_Flood_Measure_Costs,01_00_13_00,G,average,60,12.83,0.04,01,00,13,00
Farmer_Flood_Measure_Costs,01_00_13_00,G,average,100,14.99,0.03,01,00,13,00
Farmer_Flood_Measure_Costs,01_00_13_00,G&Wp,average,20,0.08,0.0,01,00,13,00
Farmer_Flood_Measure_Costs,01_00_13_00,G&Wp,average,60,18.54,0.05,01,00,13,00
Farmer_Flood_Measure_Costs,01_00_13_00,G&Wp,average,100,32.15,0.06,01,00,13,00
Farmer_Flood_Measure_Costs,01_00_13_00,Wp,average,20,0.07,0.0,01,00,13,00
Farmer_Flood_Measure_Costs,01_00_13_00,Wp,average,60,24.25,0.07,01,00,13,00
Farmer_Flood_Measure_Costs,01_00_13_00,Wp,average,100,49.32,0.1,01,00,13,00
Farmer_Flood_Measure_Costs,03_00_00_00,D,average,20,0.04,0.0,03,00,00,00
Farmer_Flood_Measure_Costs,03_00_00_00,D,average,60,11.93,0.03,03,00,00,00
Farmer_Flood_Measure_Costs,03_00_00_00,D,average,100,13.78,0.03,03,00,00,00
Farmer_Flood_Measure_Costs,03_00_00_00,D&G,average,20,0.05,0.0,03,00,00,00
Farmer_Flood_Measure_Costs,03_00_00_00,D&G,average,60,17.62,0.05,03,00,00,00
Farmer_Flood_Measure_Costs,03_00_00_00,D&G,average,100,30.78,0.06,03,00,00,00
Farmer_Flood_Measure_Costs,03_00_00_00,D&G&Wp,average,20,0.04,0.0,03,00,00,00
Farmer_Flood_Measure_Costs,03_00_00_00,D&G&Wp,average,60,27.15,0.08,03,00,00,00
Farmer_Flood_Measure_Costs,03_00_00_00,D&G&Wp,average,100,63.95,0.13,03,00,00,00
Farmer_Flood_Measure_Costs,03_00_00_00,D&Wp,average,20,0.04,0.0,03,00,00,00
Farmer_Flood_Measure_Costs,03_00_00_00,D&Wp,average,60,29.07,0.08,03,00,00,00
Farmer_Flood_Measure_Costs,03_00_00_00,D&Wp,average,100,72.04,0.14,03,00,00,00
Farmer_Flood_Measure_Costs,03_00_00_00,G,average,20,0.05,0.0,03,00,00,00
Farmer_Flood_Measure_Costs,03_00_00_00,G,average,60,23.3,0.07,03,00,00,00
Farmer_Flood_Measure_Costs,03_00_00_00,G,average,100,47.78,0.1,03,00,00,00
Farmer_Flood_Measure_Costs,03_00_00_00,G&Wp,average,20,0.04,0.0,03,00,00,00
Farmer_Flood_Measure_Costs,03_00_00_00,G&Wp,average,60,34.75,0.1,03,00,00,00
Farmer_Flood_Measure_Costs,03_00_00_00,G&Wp,average,100,89.04,0.18,03,00,00,00
Farmer_Flood_Measure_Costs,03_00_00_00,Wp,average,20,0.04,0.0,03,00,00,00
Farmer_Flood_Measure_Costs,03_00_00_00,Wp,average,60,46.21,0.13,03,00,00,00
Farmer_Flood_Measure_Costs,03_00_00_00,Wp,average,100,130.3,0.26,03,00,00,00
Farmer_Flood_Measure_Costs,03_00_01_00,D,average,20,0.04,0.0,03,00,01,00
Farmer_Flood_Measure_Costs,03_00_01_00,D,average,60,11.9,0.03,03,00,01,00
Farmer_Flood_Measure_Costs,03_00_01_00,D,average,100,13.19,0.03,03,00,01,00
Farmer_Flood_Measure_Costs,03_00_01_00,D&G,average,20,0.05,0.0,03,00,01,00
Farmer_Flood_Measure_Costs,03_00_01_00,D&G,average,60,12.0,0.03,03,00,01,00
Farmer_Flood_Measure_Costs,03_00_01_00,D&G,average,100,13.38,0.03,03,00,01,00
Farmer_Flood_Measure_Costs,03_00_01_00,D&G&Wp,average,20,0.04,0.0,03,00,01,00
Farmer_Flood_Measure_Costs,03_00_01_00,D&G&Wp,average,60,20.67,0.06,03,00,01,00
Farmer_Flood_Measure_Costs,03_00_01_00,D&G&Wp,average,100,26.15,0.05,03,00,01,00
Farmer_Flood_Measure_Costs,03_00_01_00,D&Wp,average,20,0.04,0.0,03,00,01,00
Farmer_Flood_Measure_Costs,03_00_01_00,D&Wp,average,60,24.95,0.07,03,00,01,00
Farmer_Flood_Measure_Costs,03_00_01_00,D&Wp,average,100,32.44,0.06,03,00,01,00
Farmer_Flood_Measure_Costs,03_00_01_00,G,average,20,0.05,0.0,03,00,01,00
Farmer_Flood_Measure_Costs,03_00_01_00,G,average,60,12.09,0.03,03,00,01,00
Farmer_Flood_Measure_Costs,03_00_01_00,G,average,100,13.58,0.03,03,00,01,00
Farmer_Flood_Measure_Costs,03_00_01_00,G&Wp,average,20,0.04,0.0,03,00,01,00
Farmer_Flood_Measure_Costs,03_00_01_00,G&Wp,average,60,25.05,0.07,03,00,01,00
Farmer_Flood_Measure_Costs,03_00_01_00,G&Wp,average,100,32.63,0.07,03,00,01,00
Farmer_Flood_Measure_Costs,03_00_01_00,Wp,average,20,0.04,0.0,03,00,01,00
Farmer_Flood_Measure_Costs,03_00_01_00,Wp,average,60,38.01,0.11,03,00,01,00
Farmer_Flood_Measure_Costs,03_00_01_00,Wp,average,100,51.68,0.1,03,00,01,00
Farmer_Flood_Measure_Costs,03_00_03_00,D,average,20,0.04,0.0,03,00,03,00
Farmer_Flood_Measure_Costs,03_00_03_00,D,average,60,11.9,0.03,03,00,03,00
Farmer_Flood_Measure_Costs,03_00_03_00,D,average,100,13.19,0.03,03,00,03,00
Farmer_Flood_Measure_Costs,03_00_03_00,D&G,average,20,0.05,0.0,03,00,03,00
Farmer_Flood_Measure_Costs,03_00_03_00,D&G,average,60,12.0,0.03,03,00,03,00
Farmer_Flood_Measure_Costs,03_00_03_00,D&G,average,100,13.38,0.03,03,00,03,00
Farmer_Flood_Measure_Costs,03_00_03_00,D&G&Wp,average,20,0.04,0.0,03,00,03,00
Farmer_Flood_Measure_Costs,03_00_03_00,D&G&Wp,average,60,20.67,0.06,03,00,03,00
Farmer_Flood_Measure_Costs,03_00_03_00,D&G&Wp,average,100,26.15,0.05,03,00,03,00
Farmer_Flood_Measure_Costs,03_00_03_00,D&Wp,average,20,0.04,0.0,03,00,03,00
Farmer_Flood_Measure_Costs,03_00_03_00,D&Wp,average,60,24.95,0.07,03,00,03,00
Farmer_Flood_Measure_Costs,03_00_03_00,D&Wp,average,100,32.44,0.06,03,00,03,00
Farmer_Flood_Measure_Costs,03_00_03_00,G,average,20,0.05,0.0,03,00,03,00
Farmer_Flood_Measure_Costs,03_00_03_00,G,average,60,12.09,0.03,03,00,03,00
Farmer_Flood_Measure_Costs,03_00_03_00,G,average,100,13.58,0.03,03,00,03,00
Farmer_Flood_Measure_Costs,03_00_03_00,G&Wp,average,20,0.04,0.0,03,00,03,00
Farmer_Flood_Measure_Costs,03_00_03_00,G&Wp,average,60,25.05,0.07,03,00,03,00
Farmer_Flood_Measure_Costs,03_00_03_00,G&Wp,average,100,32.63,0.07,03,00,03,00
Farmer_Flood_Measure_Costs,03_00_03_00,Wp,average,20,0.04,0.0,03,00,03,00
Farmer_Flood_Measure_Costs,03_00_03_00,Wp,average,60,38.01,0.11,03,00,03,00
Farmer_Flood_Measure_Costs,03_00_03_00,Wp,average,100,51.68,0.1,03,00,03,00
Farmer_Flood_Measure_Costs,03_00_05_00,D,average,20,0.0,0.0,03,00,05,00
Farmer_Flood_Measure_Costs,03_00_05_00,D,average,60,0.3,0.0,03,00,05,00
Farmer_Flood_Measure_Costs,03_00_05_00,D,average,100,0.95,0.0,03,00,05,00
Farmer_Flood_Measure_Costs,03_00_05_00,D&G,average,20,0.0,0.0,03,00,05,00
Farmer_Flood_Measure_Costs,03_00_05_00,D&G,average,60,0.3,0.0,03,00,05,00
Farmer_Flood_Measure_Costs,03_00_05_00,D&G,average,100,0.95,0.0,03,00,05,00
Farmer_Flood_Measure_Costs,03_00_05_00,D&G&Wp,average,20,0.0,0.0,03,00,05,00
Farmer_Flood_Measure_Costs,03_00_05_00,D&G&Wp,average,60,0.3,0.0,03,00,05,00
Farmer_Flood_Measure_Costs,03_00_05_00,D&G&Wp,average,100,0.94,0.0,03,00,05,00
Farmer_Flood_Measure_Costs,03_00_05_00,D&Wp,average,20,0.0,0.0,03,00,05,00
Farmer_Flood_Measure_Costs,03_00_05_00,D&Wp,average,60,0.3,0.0,03,00,05,00
Farmer_Flood_Measure_Costs,03_00_05_00,D&Wp,average,100,0.93,0.0,03,00,05,00
Farmer_Flood_Measure_Costs,03_00_05_00,G,average,20,0.0,0.0,03,00,05,00
Farmer_Flood_Measure_Costs,03_00_05_00,G,average,60,0.3,0.0,03,00,05,00
Farmer_Flood_Measure_Costs,03_00_05_00,G,average,100,0.95,0.0,03,00,05,00
Farmer_Flood_Measure_Costs,03_00_05_00,G&Wp,average,20,0.0,0.0,03,00,05,00
Farmer_Flood_Measure_Costs,03_00_05_00,G&Wp,average,60,0.3,0.0,03,00,05,00
Farmer_Flood_Measure_Costs,03_00_05_00,G&Wp,average,100,0.94,0.0,03,00,05,00
Farmer_Flood_Measure_Costs,03_00_05_00,Wp,average,20,0.0,0.0,03,00,05,00
Farmer_Flood_Measure_Costs,03_00_05_00,Wp,average,60,0.31,0.0,03,00,05,00
Farmer_Flood_Measure_Costs,03_00_05_00,Wp,average,100,0.92,0.0,03,00,05,00
Farmer_Flood_Measure_Costs,03_00_07_00,D,average,20,0.0,0.0,03,00,07,00
Farmer_Flood_Measure_Costs,03_00_07_00,D,average,60,0.28,0.0,03,00,07,00
Farmer_Flood_Measure_Costs,03_00_07_00,D,average,100,0.82,0.0,03,00,07,00
Farmer_Flood_Measure_Costs,03_00_07_00,D&G,average,20,0.0,0.0,03,00,07,00
Farmer_Flood_Measure_Costs,03_00_07_00,D&G,average,60,0.29,0.0,03,00,07,00
Farmer_Flood_Measure_Costs,03_00_07_00,D&G,average,100,0.82,0.0,03,00,07,00
Farmer_Flood_Measure_Costs,03_00_07_00,D&G&Wp,average,20,0.0,0.0,03,00,07,00
Farmer_Flood_Measure_Costs,03_00_07_00,D&G&Wp,average,60,0.29,0.0,03,00,07,00
Farmer_Flood_Measure_Costs,03_00_07_00,D&G&Wp,average,100,0.82,0.0,03,00,07,00
Farmer_Flood_Measure_Costs,03_00_07_00,D&Wp,average,20,0.0,0.0,03,00,07,00
Farmer_Flood_Measure_Costs,03_00_07_00,D&Wp,average,60,0.29,0.0,03,00,07,00
Farmer_Flood_Measure_Costs,03_00_07_00,D&Wp,average,100,0.82,0.0,03,00,07,00
Farmer_Flood_Measure_Costs,03_00_07_00,G,average,20,0.0,0.0,03,00,07,00
Farmer_Flood_Measure_Costs,03_00_07_00,G,average,60,0.29,0.0,03,00,07,00
Farmer_Flood_Measure_Costs,03_00_07_00,G,average,100,0.82,0.0,03,00,07,00
Farmer_Flood_Measure_Costs,03_00_07_00,G&Wp,average,20,0.0,0.0,03,00,07,00
Farmer_Flood_Measure_Costs,03_00_07_00,G&Wp,average,60,0.29,0.0,03,00,07,00
Farmer_Flood_Measure_Costs,03_00_07_00,G&Wp,average,100,0.82,0.0,03,00,07,00
Farmer_Flood_Measure_Costs,03_00_07_00,Wp,average,20,0.0,0.0,03,00,07,00
Farmer_Flood_Measure_Costs,03_00_07_00,Wp,average,60,0.3,0.0,03,00,07,00
Farmer_Flood_Measure_Costs,03_00_07_00,Wp,average,100,0.83,0.0,03,00,07,00
Farmer_Flood_Measure_Costs,03_00_09_00,D,average,20,0.0,0.0,03,00,09,00
Farmer_Flood_Measure_Costs,03_00_09_00,D,average,60,0.28,0.0,03,00,09,00
Farmer_Flood_Measure_Costs,03_00_09_00,D,average,100,0.82,0.0,03,00,09,00
Farmer_Flood_Measure_Costs,03_00_09_00,D&G,average,20,0.0,0.0,03,00,09,00
Farmer_Flood_Measure_Costs,03_00_09_00,D&G,average,60,0.29,0.0,03,00,09,00
Farmer_Flood_Measure_Costs,03_00_09_00,D&G,average,100,0.82,0.0,03,00,09,00
Farmer_Flood_Measure_Costs,03_00_09_00,D&G&Wp,average,20,0.0,0.0,03,00,09,00
Farmer_Flood_Measure_Costs,03_00_09_00,D&G&Wp,average,60,0.29,0.0,03,00,09,00
Farmer_Flood_Measure_Costs,03_00_09_00,D&G&Wp,average,100,0.83,0.0,03,00,09,00
Farmer_Flood_Measure_Costs,03_00_09_00,D&Wp,average,20,0.0,0.0,03,00,09,00
Farmer_Flood_Measure_Costs,03_00_09_00,D&Wp,average,60,0.29,0.0,03,00,09,00
Farmer_Flood_Measure_Costs,03_00_09_00,D&Wp,average,100,0.84,0.0,03,00,09,00
Farmer_Flood_Measure_Costs,03_00_09_00,G,average,20,0.0,0.0,03,00,09,00
Farmer_Flood_Measure_Costs,03_00_09_00,G,average,60,0.29,0.0,03,00,09,00
Farmer_Flood_Measure_Costs,03_00_09_00,G,average,100,0.82,0.0,03,00,09,00
Farmer_Flood_Measure_Costs,03_00_09_00,G&Wp,average,20,0.0,0.0,03,00,09,00
Farmer_Flood_Measure_Costs,03_00_09_00,G&Wp,average,60,0.29,0.0,03,00,09,00
Farmer_Flood_Measure_Costs,03_00_09_00,G&Wp,average,100,0.84,0.0,03,00,09,00
Farmer_Flood_Measure_Costs,03_00_09_00,Wp,average,20,0.0,0.0,03,00,09,00
Farmer_Flood_Measure_Costs,03_00_09_00,Wp,average,60,0.3,0.0,03,00,09,00
Farmer_Flood_Measure_Costs,03_00_09_00,Wp,average,100,0.87,0.0,03,00,09,00
Farmer_Flood_Measure_Costs,03_00_11_00,D,average,20,0.04,0.0,03,00,11,00
Farmer_Flood_Measure_Costs,03_00_11_00,D,average,60,11.92,0.03,03,00,11,00
Farmer_Flood_Measure_Costs,03_00_11_00,D,average,100,13.56,0.03,03,00,11,00
Farmer_Flood_Measure_Costs,03_00_11_00,D&G,average,20,0.05,0.0,03,00,11,00
Farmer_Flood_Measure_Costs,03_00_11_00,D&G,average,60,17.61,0.05,03,00,11,00
Farmer_Flood_Measure_Costs,03_00_11_00,D&G,average,100,19.31,0.04,03,00,11,00
Farmer_Flood_Measure_Costs,03_00_11_00,D&G&Wp,average,20,0.04,0.0,03,00,11,00
Farmer_Flood_Measure_Costs,03_00_11_00,D&G&Wp,average,60,28.14,0.08,03,00,11,00
Farmer_Flood_Measure_Costs,03_00_11_00,D&G&Wp,average,100,41.33,0.08,03,00,11,00
Farmer_Flood_Measure_Costs,03_00_11_00,D&Wp,average,20,0.04,0.0,03,00,11,00
Farmer_Flood_Measure_Costs,03_00_11_00,D&Wp,average,60,30.56,0.09,03,00,11,00
Farmer_Flood_Measure_Costs,03_00_11_00,D&Wp,average,100,49.47,0.1,03,00,11,00
Farmer_Flood_Measure_Costs,03_00_11_00,G,average,20,0.05,0.0,03,00,11,00
Farmer_Flood_Measure_Costs,03_00_11_00,G,average,60,23.29,0.07,03,00,11,00
Farmer_Flood_Measure_Costs,03_00_11_00,G,average,100,25.06,0.05,03,00,11,00
Farmer_Flood_Measure_Costs,03_00_11_00,G&Wp,average,20,0.04,0.0,03,00,11,00
Farmer_Flood_Measure_Costs,03_00_11_00,G&Wp,average,60,36.25,0.1,03,00,11,00
Farmer_Flood_Measure_Costs,03_00_11_00,G&Wp,average,100,55.22,0.11,03,00,11,00
Farmer_Flood_Measure_Costs,03_00_11_00,Wp,average,20,0.04,0.0,03,00,11,00
Farmer_Flood_Measure_Costs,03_00_11_00,Wp,average,60,49.21,0.14,03,00,11,00
Farmer_Flood_Measure_Costs,03_00_11_00,Wp,average,100,85.37,0.17,03,00,11,00
Farmer_Flood_Measure_Costs,03_00_13_00,D,average,20,0.04,0.0,03,00,13,00
Farmer_Flood_Measure_Costs,03_00_13_00,D,average,60,11.9,0.03,03,00,13,00
Farmer_Flood_Measure_Costs,03_00_13_00,D,average,100,13.15,0.03,03,00,13,00
Farmer_Flood_Measure_Costs,03_00_13_00,D&G,average,20,0.05,0.0,03,00,13,00
Farmer_Flood_Measure_Costs,03_00_13_00,D&G,average,60,12.0,0.03,03,00,13,00
Farmer_Flood_Measure_Costs,03_00_13_00,D&G,average,100,13.34,0.03,03,00,13,00
Farmer_Flood_Measure_Costs,03_00_13_00,D&G&Wp,average,20,0.04,0.0,03,00,13,00
Farmer_Flood_Measure_Costs,03_00_13_00,D&G&Wp,average,60,15.93,0.05,03,00,13,00
Farmer_Flood_Measure_Costs,03_00_13_00,D&G&Wp,average,100,21.32,0.04,03,00,13,00
Farmer_Flood_Measure_Costs,03_00_13_00,D&Wp,average,20,0.04,0.0,03,00,13,00
Farmer_Flood_Measure_Costs,03_00_13_00,D&Wp,average,60,17.85,0.05,03,00,13,00
Farmer_Flood_Measure_Costs,03_00_13_00,D&Wp,average,100,25.21,0.05,03,00,13,00
Farmer_Flood_Measure_Costs,03_00_13_00,G,average,20,0.05,0.0,03,00,13,00
Farmer_Flood_Measure_Costs,03_00_13_00,G,average,60,12.09,0.03,03,00,13,00
Farmer_Flood_Measure_Costs,03_00_13_00,G,average,100,13.54,0.03,03,00,13,00
Farmer_Flood_Measure_Costs,03_00_13_00,G&Wp,average,20,0.04,0.0,03,00,13,00
Farmer_Flood_Measure_Costs,03_00_13_00,G&Wp,average,60,17.95,0.05,03,00,13,00
Farmer_Flood_Measure_Costs,03_00_13_00,G&Wp,average,100,25.4,0.05,03,00,13,00
Farmer_Flood_Measure_Costs,03_00_13_00,Wp,average,20,0.04,0.0,03,00,13,00
Farmer_Flood_Measure_Costs,03_00_13_00,Wp,average,60,23.8,0.07,03,00,13,00
Farmer_Flood_Measure_Costs,03_00_13_00,Wp,average,100,37.27,0.07,03,00,13,00
Farmer_Flood_Measure_Costs,05_00_00_00,D,average,20,33.6,0.22,05,00,00,00
Farmer_Flood_Measure_Costs,05_00_00_00,D,average,60,118.0,0.34,05,00,00,00
Farmer_Flood_Measure_Costs,05_00_00_00,D,average,100,140.4,0.28,05,00,00,00
Farmer_Flood_Measure_Costs,05_00_00_00,D&G,average,20,33.6,0.22,05,00,00,00
Farmer_Flood_Measure_Costs,05_00_00_00,D&G,average,60,118.0,0.34,05,00,00,00
Farmer_Flood_Measure_Costs,05_00_00_00,D&G,average,100,140.4,0.28,05,00,00,00
Farmer_Flood_Measure_Costs,05_00_00_00,D&G&Wp,average,20,33.6,0.22,05,00,00,00
Farmer_Flood_Measure_Costs,05_00_00_00,D&G&Wp,average,60,125.47,0.36,05,00,00,00
Farmer_Flood_Measure_Costs,05_00_00_00,D&G&Wp,average,100,145.13,0.29,05,00,00,00
Farmer_Flood_Measure_Costs,05_00_00_00,D&Wp,average,20,33.6,0.22,05,00,00,00
Farmer_Flood_Measure_Costs,05_00_00_00,D&Wp,average,60,129.2,0.37,05,00,00,00
Farmer_Flood_Measure_Costs,05_00_00_00,D&Wp,average,100,147.5,0.29,05,00,00,00
Farmer_Flood_Measure_Costs,05_00_00_00,G,average,20,33.6,0.22,05,00,00,00
Farmer_Flood_Measure_Costs,05_00_00_00,G,average,60,118.0,0.34,05,00,00,00
Farmer_Flood_Measure_Costs,05_00_00_00,G,average,100,140.4,0.28,05,00,00,00
Farmer_Flood_Measure_Costs,05_00_00_00,G&Wp,average,20,33.6,0.22,05,00,00,00
Farmer_Flood_Measure_Costs,05_00_00_00,G&Wp,average,60,129.2,0.37,05,00,00,00
Farmer_Flood_Measure_Costs,05_00_00_00,G&Wp,average,100,147.5,0.29,05,00,00,00
Farmer_Flood_Measure_Costs,05_00_00_00,Wp,average,20,33.6,0.22,05,00,00,00
Farmer_Flood_Measure_Costs,05_00_00_00,Wp,average,60,140.4,0.4,05,00,00,00
Farmer_Flood_Measure_Costs,05_00_00_00,Wp,average,100,154.6,0.31,05,00,00,00
Farmer_Flood_Measure_Costs,05_00_01_00,D,average,20,33.6,0.22,05,00,01,00
Farmer_Flood_Measure_Costs,05_00_01_00,D,average,60,118.0,0.34,05,00,01,00
Farmer_Flood_Measure_Costs,05_00_01_00,D,average,100,143.4,0.29,05,00,01,00
Farmer_Flood_Measure_Costs,05_00_01_00,D&G,average,20,33.6,0.22,05,00,01,00
Farmer_Flood_Measure_Costs,05_00_01_00,D&G,average,60,118.0,0.34,05,00,01,00
Farmer_Flood_Measure_Costs,05_00_01_00,D&G,average,100,137.8,0.28,05,00,01,00
Farmer_Flood_Measure_Costs,05_00_01_00,D&G&Wp,average,20,33.6,0.22,05,00,01,00
Farmer_Flood_Measure_Costs,05_00_01_00,D&G&Wp,average,60,125.47,0.36,05,00,01,00
Farmer_Flood_Measure_Costs,05_00_01_00,D&G&Wp,average,100,138.67,0.28,05,00,01,00
Farmer_Flood_Measure_Costs,05_00_01_00,D&Wp,average,20,33.6,0.22,05,00,01,00
Farmer_Flood_Measure_Costs,05_00_01_00,D&Wp,average,60,129.2,0.37,05,00,01,00
Farmer_Flood_Measure_Costs,05_00_01_00,D&Wp,average,100,141.9,0.28,05,00,01,00
Farmer_Flood_Measure_Costs,05_00_01_00,G,average,20,33.6,0.22,05,00,01,00
Farmer_Flood_Measure_Costs,05_00_01_00,G,average,60,118.0,0.34,05,00,01,00
Farmer_Flood_Measure_Costs,05_00_01_00,G,average,100,132.2,0.26,05,00,01,00
Farmer_Flood_Measure_Costs,05_00_01_00,G&Wp,average,20,33.6,0.22,05,00,01,00
Farmer_Flood_Measure_Costs,05_00_01_00,G&Wp,average,60,129.2,0.37,05,00,01,00
Farmer_Flood_Measure_Costs,05_00_01_00,G&Wp,average,100,136.3,0.27,05,00,01,00
Farmer_Flood_Measure_Costs,05_00_01_00,Wp,average,20,33.6,0.22,05,00,01,00
Farmer_Flood_Measure_Costs,05_00_01_00,Wp,average,60,140.4,0.4,05,00,01,00
Farmer_Flood_Measure_Costs,05_00_01_00,Wp,average,100,140.4,0.28,05,00,01,00
Farmer_Flood_Measure_Costs,05_00_03_00,D,average,20,33.6,0.22,05,00,03,00
Farmer_Flood_Measure_Costs,05_00_03_00,D,average,60,118.0,0.34,05,00,03,00
Farmer_Flood_Measure_Costs,05_00_03_00,D,average,100,143.4,0.29,05,00,03,00
Farmer_Flood_Measure_Costs,05_00_03_00,D&G,average,20,33.6,0.22,05,00,03,00
Farmer_Flood_Measure_Costs,05_00_03_00,D&G,average,60,118.0,0.34,05,00,03,00
Farmer_Flood_Measure_Costs,05_00_03_00,D&G,average,100,137.8,0.28,05,00,03,00
Farmer_Flood_Measure_Costs,05_00_03_00,D&G&Wp,average,20,33.6,0.22,05,00,03,00
Farmer_Flood_Measure_Costs,05_00_03_00,D&G&Wp,average,60,125.47,0.36,05,00,03,00
Farmer_Flood_Measure_Costs,05_00_03_00,D&G&Wp,average,100,138.67,0.28,05,00,03,00
Farmer_Flood_Measure_Costs,05_00_03_00,D&Wp,average,20,33.6,0.22,05,00,03,00
Farmer_Flood_Measure_Costs,05_00_03_00,D&Wp,average,60,129.2,0.37,05,00,03,00
Farmer_Flood_Measure_Costs,05_00_03_00,D&Wp,average,100,141.9,0.28,05,00,03,00
Farmer_Flood_Measure_Costs,05_00_03_00,G,average,20,33.6,0.22,05,00,03,00
Farmer_Flood_Measure_Costs,05_00_03_00,G,average,60,118.0,0.34,05,00,03,00
Farmer_Flood_Measure_Costs,05_00_03_00,G,average,100,132.2,0.26,05,00,03,00
Farmer_Flood_Measure_Costs,05_00_03_00,G&Wp,average,20,33.6,0.22,05,00,03,00
Farmer_Flood_Measure_Costs,05_00_03_00,G&Wp,average,60,129.2,0.37,05,00,03,00
Farmer_Flood_Measure_Costs,05_00_03_00,G&Wp,average,100,136.3,0.27,05,00,03,00
Farmer_Flood_Measure_Costs,05_00_03_00,Wp,average,20,33.6,0.22,05,00,03,00
Farmer_Flood_Measure_Costs,05_00_03_00,Wp,average,60,140.4,0.4,05,00,03,00
Farmer_Flood_Measure_Costs,05_00_03_00,Wp,average,100,140.4,0.28,05,00,03,00
Farmer_Flood_Measure_Costs,05_00_05_00,D,average,20,0.0,0.0,05,00,05,00
Farmer_Flood_Measure_Costs,05_00_05_00,D,average,60,59.07,0.17,05,00,05,00
Farmer_Flood_Measure_Costs,05_00_05_00,D,average,100,73.48,0.15,05,00,05,00
Farmer_Flood_Measure_Costs,05_00_05_00,D&G,average,20,0.0,0.0,05,00,05,00
Farmer_Flood_Measure_Costs,05_00_05_00,D&G,average,60,59.07,0.17,05,00,05,00
Farmer_Flood_Measure_Costs,05_00_05_00,D&G,average,100,73.48,0.15,05,00,05,00
Farmer_Flood_Measure_Costs,05_00_05_00,D&G&Wp,average,20,0.0,0.0,05,00,05,00
Farmer_Flood_Measure_Costs,05_00_05_00,D&G&Wp,average,60,59.07,0.17,05,00,05,00
Farmer_Flood_Measure_Costs,05_00_05_00,D&G&Wp,average,100,68.75,0.14,05,00,05,00
Farmer_Flood_Measure_Costs,05_00_05_00,D&Wp,average,20,0.0,0.0,05,00,05,00
Farmer_Flood_Measure_Costs,05_00_05_00,D&Wp,average,60,59.07,0.17,05,00,05,00
Farmer_Flood_Measure_Costs,05_00_05_00,D&Wp,average,100,66.38,0.13,05,00,05,00
Farmer_Flood_Measure_Costs,05_00_05_00,G,average,20,0.0,0.0,05,00,05,00
Farmer_Flood_Measure_Costs,05_00_05_00,G,average,60,59.07,0.17,05,00,05,00
Farmer_Flood_Measure_Costs,05_00_05_00,G,average,100,73.48,0.15,05,00,05,00
Farmer_Flood_Measure_Costs,05_00_05_00,G&Wp,average,20,0.0,0.0,05,00,05,00
Farmer_Flood_Measure_Costs,05_00_05_00,G&Wp,average,60,59.07,0.17,05,00,05,00
Farmer_Flood_Measure_Costs,05_00_05_00,G&Wp,average,100,66.38,0.13,05,00,05,00
Farmer_Flood_Measure_Costs,05_00_05_00,Wp,average,20,0.0,0.0,05,00,05,00
Farmer_Flood_Measure_Costs,05_00_05_00,Wp,average,60,59.07,0.17,05,00,05,00
Farmer_Flood_Measure_Costs,05_00_05_00,Wp,average,100,59.28,0.12,05,00,05,00
Farmer_Flood_Measure_Costs,05_00_07_00,D,average,20,0.0,0.0,05,00,07,00
Farmer_Flood_Measure_Costs,05_00_07_00,D,average,60,59.0,0.17,05,00,07,00
Farmer_Flood_Measure_Costs,05_00_07_00,D,average,100,59.0,0.12,05,00,07,00
Farmer_Flood_Measure_Costs,05_00_07_00,D&G,average,20,0.0,0.0,05,00,07,00
Farmer_Flood_Measure_Costs,05_00_07_00,D&G,average,60,59.0,0.17,05,00,07,00
Farmer_Flood_Measure_Costs,05_00_07_00,D&G,average,100,59.0,0.12,05,00,07,00
Farmer_Flood_Measure_Costs,05_00_07_00,D&G&Wp,average,20,0.0,0.0,05,00,07,00
Farmer_Flood_Measure_Costs,05_00_07_00,D&G&Wp,average,60,59.0,0.17,05,00,07,00
Farmer_Flood_Measure_Costs,05_00_07_00,D&G&Wp,average,100,59.0,0.12,05,00,07,00
Farmer_Flood_Measure_Costs,05_00_07_00,D&Wp,average,20,0.0,0.0,05,00,07,00
Farmer_Flood_Measure_Costs,05_00_07_00,D&Wp,average,60,59.0,0.17,05,00,07,00
Farmer_Flood_Measure_Costs,05_00_07_00,D&Wp,average,100,59.0,0.12,05,00,07,00
Farmer_Flood_Measure_Costs,05_00_07_00,G,average,20,0.0,0.0,05,00,07,00
Farmer_Flood_Measure_Costs,05_00_07_00,G,average,60,59.0,0.17,05,00,07,00
Farmer_Flood_Measure_Costs,05_00_07_00,G,average,100,59.0,0.12,05,00,07,00
Farmer_Flood_Measure_Costs,05_00_07_00,G&Wp,average,20,0.0,0.0,05,00,07,00
Farmer_Flood_Measure_Costs,05_00_07_00,G&Wp,average,60,59.0,0.17,05,00,07,00
Farmer_Flood_Measure_Costs,05_00_07_00,G&Wp,average,100,59.0,0.12,05,00,07,00
Farmer_Flood_Measure_Costs,05_00_07_00,Wp,average,20,0.0,0.0,05,00,07,00
Farmer_Flood_Measure_Costs,05_00_07_00,Wp,average,60,59.0,0.17,05,00,07,00
Farmer_Flood_Measure_Costs,05_00_07_00,Wp,average,100,59.0,0.12,05,00,07,00
Farmer_Flood_Measure_Costs,05_00_09_00,D,average,20,0.0,0.0,05,00,09,00
Farmer_Flood_Measure_Costs,05_00_09_00,D,average,60,44.87,0.13,05,00,09,00
Farmer_Flood_Measure_Costs,05_00_09_00,D,average,100,45.08,0.09,05,00,09,00
Farmer_Flood_Measure_Costs,05_00_09_00,D&G,average,20,0.0,0.0,05,00,09,00
Farmer_Flood_Measure_Costs,05_00_09_00,D&G,average,60,44.87,0.13,05,00,09,00
Farmer_Flood_Measure_Costs,05_00_09_00,D&G,average,100,45.08,0.09,05,00,09,00
Farmer_Flood_Measure_Costs,05_00_09_00,D&G&Wp,average,20,0.0,0.0,05,00,09,00
Farmer_Flood_Measure_Costs,05_00_09_00,D&G&Wp,average,60,44.87,0.13,05,00,09,00
Farmer_Flood_Measure_Costs,05_00_09_00,D&G&Wp,average,100,48.81,0.1,05,00,09,00
Farmer_Flood_Measure_Costs,05_00_09_00,D&Wp,average,20,0.0,0.0,05,00,09,00
Farmer_Flood_Measure_Costs,05_00_09_00,D&Wp,average,60,44.87,0.13,05,00,09,00
Farmer_Flood_Measure_Costs,05_00_09_00,D&Wp,average,100,50.68,0.1,05,00,09,00
Farmer_Flood_Measure_Costs,05_00_09_00,G,average,20,0.0,0.0,05,00,09,00
Farmer_Flood_Measure_Costs,05_00_09_00,G,average,60,44.87,0.13,05,00,09,00
Farmer_Flood_Measure_Costs,05_00_09_00,G,average,100,45.08,0.09,05,00,09,00
Farmer_Flood_Measure_Costs,05_00_09_00,G&Wp,average,20,0.0,0.0,05,00,09,00
Farmer_Flood_Measure_Costs,05_00_09_00,G&Wp,average,60,44.87,0.13,05,00,09,00
Farmer_Flood_Measure_Costs,05_00_09_00,G&Wp,average,100,50.68,0.1,05,00,09,00
Farmer_Flood_Measure_Costs,05_00_09_00,Wp,average,20,0.0,0.0,05,00,09,00
Farmer_Flood_Measure_Costs,05_00_09_00,Wp,average,60,44.87,0.13,05,00,09,00
Farmer_Flood_Measure_Costs,05_00_09_00,Wp,average,100,56.28,0.11,05,00,09,00
Farmer_Flood_Measure_Costs,05_00_11_00,D,average,20,33.6,0.22,05,00,11,00
Farmer_Flood_Measure_Costs,05_00_11_00,D,average,60,118.0,0.34,05,00,11,00
Farmer_Flood_Measure_Costs,05_00_11_00,D,average,100,140.4,0.28,05,00,11,00
Farmer_Flood_Measure_Costs,05_00_11_00,D&G,average,20,33.6,0.22,05,00,11,00
Farmer_Flood_Measure_Costs,05_00_11_00,D&G,average,60,118.0,0.34,05,00,11,00
Farmer_Flood_Measure_Costs,05_00_11_00,D&G,average,100,141.9,0.28,05,00,11,00
Farmer_Flood_Measure_Costs,05_00_11_00,D&G&Wp,average,20,33.6,0.22,05,00,11,00
Farmer_Flood_Measure_Costs,05_00_11_00,D&G&Wp,average,60,125.47,0.36,05,00,11,00
Farmer_Flood_Measure_Costs,05_00_11_00,D&G&Wp,average,100,146.13,0.29,05,00,11,00
Farmer_Flood_Measure_Costs,05_00_11_00,D&Wp,average,20,33.6,0.22,05,00,11,00
Farmer_Flood_Measure_Costs,05_00_11_00,D&Wp,average,60,129.2,0.37,05,00,11,00
Farmer_Flood_Measure_Costs,05_00_11_00,D&Wp,average,100,147.5,0.29,05,00,11,00
Farmer_Flood_Measure_Costs,05_00_11_00,G,average,20,33.6,0.22,05,00,11,00
Farmer_Flood_Measure_Costs,05_00_11_00,G,average,60,118.0,0.34,05,00,11,00
Farmer_Flood_Measure_Costs,05_00_11_00,G,average,100,143.4,0.29,05,00,11,00
Farmer_Flood_Measure_Costs,05_00_11_00,G&Wp,average,20,33.6,0.22,05,00,11,00
Farmer_Flood_Measure_Costs,05_00_11_00,G&Wp,average,60,129.2,0.37,05,00,11,00
Farmer_Flood_Measure_Costs,05_00_11_00,G&Wp,average,100,149.0,0.3,05,00,11,00
Farmer_Flood_Measure_Costs,05_00_11_00,Wp,average,20,33.6,0.22,05,00,11,00
Farmer_Flood_Measure_Costs,05_00_11_00,Wp,average,60,140.4,0.4,05,00,11,00
Farmer_Flood_Measure_Costs,05_00_11_00,Wp,average,100,154.6,0.31,05,00,11,00
Farmer_Flood_Measure_Costs,05_00_13_00,D,average,20,33.6,0.22,05,00,13,00
Farmer_Flood_Measure_Costs,05_00_13_00,D,average,60,118.0,0.34,05,00,13,00
Farmer_Flood_Measure_Costs,05_00_13_00,D,average,100,129.2,0.26,05,00,13,00
Farmer_Flood_Measure_Costs,05_00_13_00,D&G,average,20,33.6,0.22,05,00,13,00
Farmer_Flood_Measure_Costs,05_00_13_00,D&G,average,60,118.0,0.34,05,00,13,00
Farmer_Flood_Measure_Costs,05_00_13_00,D&G,average,100,123.6,0.25,05,00,13,00
Farmer_Flood_Measure_Costs,05_00_13_00,D&G&Wp,average,20,33.6,0.22,05,00,13,00
Farmer_Flood_Measure_Costs,05_00_13_00,D&G&Wp,average,60,125.47,0.36,05,00,13,00
Farmer_Flood_Measure_Costs,05_00_13_00,D&G&Wp,average,100,129.2,0.26,05,00,13,00
Farmer_Flood_Measure_Costs,05_00_13_00,D&Wp,average,20,33.6,0.22,05,00,13,00
Farmer_Flood_Measure_Costs,05_00_13_00,D&Wp,average,60,129.2,0.37,05,00,13,00
Farmer_Flood_Measure_Costs,05_00_13_00,D&Wp,average,100,134.8,0.27,05,00,13,00
Farmer_Flood_Measure_Costs,05_00_13_00,G,average,20,33.6,0.22,05,00,13,00
Farmer_Flood_Measure_Costs,05_00_13_00,G,average,60,118.0,0.34,05,00,13,00
Farmer_Flood_Measure_Costs,05_00_13_00,G,average,100,118.0,0.24,05,00,13,00
Farmer_Flood_Measure_Costs,05_00_13_00,G&Wp,average,20,33.6,0.22,05,00,13,00
Farmer_Flood_Measure_Costs,05_00_13_00,G&Wp,average,60,129.2,0.37,05,00,13,00
Farmer_Flood_Measure_Costs,05_00_13_00,G&Wp,average,100,129.2,0.26,05,00,13,00
Farmer_Flood_Measure_Costs,05_00_13_00,Wp,average,20,33.6,0.22,05,00,13,00
Farmer_Flood_Measure_Costs,05_00_13_00,Wp,average,60,140.4,0.4,05,00,13,00
Farmer_Flood_Measure_Costs,05_00_13_00,Wp,average,100,140.4,0.28,05,00,13,00
Farmer_Flood_Measure_Costs,07_00_00_00,D,average,20,42.6,0.28,07,00,00,00
Farmer_Flood_Measure_Costs,07_00_00_00,D,average,60,113.67,0.32,07,00,00,00
Farmer_Flood_Measure_Costs,07_00_00_00,D,average,100,142.28,0.28,07,00,00,00
Farmer_Flood_Measure_Costs,07_00_00_00,D&G,average,20,42.6,0.28,07,00,00,00
Farmer_Flood_Measure_Costs,07_00_00_00,D&G,average,60,113.67,0.32,07,00,00,00
Farmer_Flood_Measure_Costs,07_00_00_00,D&G,average,100,142.28,0.28,07,00,00,00
Farmer_Flood_Measure_Costs,07_00_00_00,D&G&Wp,average,20,42.6,0.28,07,00,00,00
Farmer_Flood_Measure_Costs,07_00_00_00,D&G&Wp,average,60,123.19,0.35,07,00,00,00
Farmer_Flood_Measure_Costs,07_00_00_00,D&G&Wp,average,100,142.4,0.28,07,00,00,00
Farmer_Flood_Measure_Costs,07_00_00_00,D&Wp,average,20,42.6,0.28,07,00,00,00
Farmer_Flood_Measure_Costs,07_00_00_00,D&Wp,average,60,127.95,0.37,07,00,00,00
Farmer_Flood_Measure_Costs,07_00_00_00,D&Wp,average,100,142.47,0.28,07,00,00,00
Farmer_Flood_Measure_Costs,07_00_00_00,G,average,20,42.6,0.28,07,00,00,00
Farmer_Flood_Measure_Costs,07_00_00_00,G,average,60,113.67,0.32,07,00,00,00
Farmer_Flood_Measure_Costs,07_00_00_00,G,average,100,142.28,0.28,07,00,00,00
Farmer_Flood_Measure_Costs,07_00_00_00,G&Wp,average,20,42.6,0.28,07,00,00,00
Farmer_Flood_Measure_Costs,07_00_00_00,G&Wp,average,60,127.95,0.37,07,00,00,00
Farmer_Flood_Measure_Costs,07_00_00_00,G&Wp,average,100,142.47,0.28,07,00,00,00
Farmer_Flood_Measure_Costs,07_00_00_00,Wp,average,20,42.6,0.28,07,00,00,00
Farmer_Flood_Measure_Costs,07_00_00_00,Wp,average,60,142.23,0.41,07,00,00,00
Farmer_Flood_Measure_Costs,07_00_00_00,Wp,average,100,142.65,0.29,07,00,00,00
Farmer_Flood_Measure_Costs,07_00_01_00,D,average,20,42.6,0.28,07,00,01,00
Farmer_Flood_Measure_Costs,07_00_01_00,D,average,60,113.67,0.32,07,00,01,00
Farmer_Flood_Measure_Costs,07_00_01_00,D,average,100,142.28,0.28,07,00,01,00
Farmer_Flood_Measure_Costs,07_00_01_00,D&G,average,20,42.6,0.28,07,00,01,00
Farmer_Flood_Measure_Costs,07_00_01_00,D&G,average,60,113.67,0.32,07,00,01,00
Farmer_Flood_Measure_Costs,07_00_01_00,D&G,average,100,135.18,0.27,07,00,01,00
Farmer_Flood_Measure_Costs,07_00_01_00,D&G&Wp,average,20,42.6,0.28,07,00,01,00
Farmer_Flood_Measure_Costs,07_00_01_00,D&G&Wp,average,60,123.19,0.35,07,00,01,00
Farmer_Flood_Measure_Costs,07_00_01_00,D&G&Wp,average,100,137.67,0.28,07,00,01,00
Farmer_Flood_Measure_Costs,07_00_01_00,D&Wp,average,20,42.6,0.28,07,00,01,00
Farmer_Flood_Measure_Costs,07_00_01_00,D&Wp,average,60,127.95,0.37,07,00,01,00
Farmer_Flood_Measure_Costs,07_00_01_00,D&Wp,average,100,142.47,0.28,07,00,01,00
Farmer_Flood_Measure_Costs,07_00_01_00,G,average,20,42.6,0.28,07,00,01,00
Farmer_Flood_Measure_Costs,07_00_01_00,G,average,60,113.67,0.32,07,00,01,00
Farmer_Flood_Measure_Costs,07_00_01_00,G,average,100,128.08,0.26,07,00,01,00
Farmer_Flood_Measure_Costs,07_00_01_00,G&Wp,average,20,42.6,0.28,07,00,01,00
Farmer_Flood_Measure_Costs,07_00_01_00,G&Wp,average,60,127.95,0.37,07,00,01,00
Farmer_Flood_Measure_Costs,07_00_01_00,G&Wp,average,100,135.37,0.27,07,00,01,00
Farmer_Flood_Measure_Costs,07_00_01_00,Wp,average,20,42.6,0.28,07,00,01,00
Farmer_Flood_Measure_Costs,07_00_01_00,Wp,average,60,142.23,0.41,07,00,01,00
Farmer_Flood_Measure_Costs,07_00_01_00,Wp,average,100,142.65,0.29,07,00,01,00
Farmer_Flood_Measure_Costs,07_00_03_00,D,average,20,42.6,0.28,07,00,03,00
Farmer_Flood_Measure_Costs,07_00_03_00,D,average,60,113.67,0.32,07,00,03,00
Farmer_Flood_Measure_Costs,07_00_03_00,D,average,100,142.28,0.28,07,00,03,00
Farmer_Flood_Measure_Costs,07_00_03_00,D&G,average,20,42.6,0.28,07,00,03,00
Farmer_Flood_Measure_Costs,07_00_03_00,D&G,average,60,113.67,0.32,07,00,03,00
Farmer_Flood_Measure_Costs,07_00_03_00,D&G,average,100,135.18,0.27,07,00,03,00
Farmer_Flood_Measure_Costs,07_00_03_00,D&G&Wp,average,20,42.6,0.28,07,00,03,00
Farmer_Flood_Measure_Costs,07_00_03_00,D&G&Wp,average,60,123.19,0.35,07,00,03,00
Farmer_Flood_Measure_Costs,07_00_03_00,D&G&Wp,average,100,137.67,0.28,07,00,03,00
Farmer_Flood_Measure_Costs,07_00_03_00,D&Wp,average,20,42.6,0.28,07,00,03,00
Farmer_Flood_Measure_Costs,07_00_03_00,D&Wp,average,60,127.95,0.37,07,00,03,00
Farmer_Flood_Measure_Costs,07_00_03_00,D&Wp,average,100,142.47,0.28,07,00,03,00
Farmer_Flood_Measure_Costs,07_00_03_00,G,average,20,42.6,0.28,07,00,03,00
Farmer_Flood_Measure_Costs,07_00_03_00,G,average,60,113.67,0.32,07,00,03,00
Farmer_Flood_Measure_Costs,07_00_03_00,G,average,100,128.08,0.26,07,00,03,00
Farmer_Flood_Measure_Costs,07_00_03_00,G&Wp,average,20,42.6,0.28,07,00,03,00
Farmer_Flood_Measure_Costs,07_00_03_00,G&Wp,average,60,127.95,0.37,07,00,03,00
Farmer_Flood_Measure_Costs,07_00_03_00,G&Wp,average,100,135.37,0.27,07,00,03,00
Farmer_Flood_Measure_Costs,07_00_03_00,Wp,average,20,42.6,0.28,07,00,03,00
Farmer_Flood_Measure_Costs,07_00_03_00,Wp,average,60,142.23,0.41,07,00,03,00
Farmer_Flood_Measure_Costs,07_00_03_00,Wp,average,100,142.65,0.29,07,00,03,00
Farmer_Flood_Measure_Costs,07_00_05_00,D,average,20,0.0,0.0,07,00,05,00
Farmer_Flood_Measure_Costs,07_00_05_00,D,average,60,71.07,0.2,07,00,05,00
Farmer_Flood_Measure_Costs,07_00_05_00,D,average,100,85.48,0.17,07,00,05,00
Farmer_Flood_Measure_Costs,07_00_05_00,D&G,average,20,0.0,0.0,07,00,05,00
Farmer_Flood_Measure_Costs,07_00_05_00,D&G,average,60,71.07,0.2,07,00,05,00
Farmer_Flood_Measure_Costs,07_00_05_00,D&G,average,100,85.48,0.17,07,00,05,00
Farmer_Flood_Measure_Costs,07_00_05_00,D&G&Wp,average,20,0.0,0.0,07,00,05,00
Farmer_Flood_Measure_Costs,07_00_05_00,D&G&Wp,average,60,71.07,0.2,07,00,05,00
Farmer_Flood_Measure_Costs,07_00_05_00,D&G&Wp,average,100,80.75,0.16,07,00,05,00
Farmer_Flood_Measure_Costs,07_00_05_00,D&Wp,average,20,0.0,0.0,07,00,05,00
Farmer_Flood_Measure_Costs,07_00_05_00,D&Wp,average,60,71.07,0.2,07,00,05,00
Farmer_Flood_Measure_Costs,07_00_05_00,D&Wp,average,100,78.38,0.16,07,00,05,00
Farmer_Flood_Measure_Costs,07_00_05_00,G,average,20,0.0,0.0,07,00,05,00
Farmer_Flood_Measure_Costs,07_00_05_00,G,average,60,71.07,0.2,07,00,05,00
Farmer_Flood_Measure_Costs,07_00_05_00,G,average,100,85.48,0.17,07,00,05,00
Farmer_Flood_Measure_Costs,07_00_05_00,G&Wp,average,20,0.0,0.0,07,00,05,00
Farmer_Flood_Measure_Costs,07_00_05_00,G&Wp,average,60,71.07,0.2,07,00,05,00
Farmer_Flood_Measure_Costs,07_00_05_00,G&Wp,average,100,78.38,0.16,07,00,05,00
Farmer_Flood_Measure_Costs,07_00_05_00,Wp,average,20,0.0,0.0,07,00,05,00
Farmer_Flood_Measure_Costs,07_00_05_00,Wp,average,60,71.07,0.2,07,00,05,00
Farmer_Flood_Measure_Costs,07_00_05_00,Wp,average,100,71.28,0.14,07,00,05,00
Farmer_Flood_Measure_Costs,07_00_07_00,D,average,20,0.0,0.0,07,00,07,00
Farmer_Flood_Measure_Costs,07_00_07_00,D,average,60,56.87,0.16,07,00,07,00
Farmer_Flood_Measure_Costs,07_00_07_00,D,average,100,57.08,0.11,07,00,07,00
Farmer_Flood_Measure_Costs,07_00_07_00,D&G,average,20,0.0,0.0,07,00,07,00
Farmer_Flood_Measure_Costs,07_00_07_00,D&G,average,60,56.87,0.16,07,00,07,00
Farmer_Flood_Measure_Costs,07_00_07_00,D&G,average,100,57.08,0.11,07,00,07,00
Farmer_Flood_Measure_Costs,07_00_07_00,D&G&Wp,average,20,0.0,0.0,07,00,07,00
Farmer_Flood_Measure_Costs,07_00_07_00,D&G&Wp,average,60,56.87,0.16,07,00,07,00
Farmer_Flood_Measure_Costs,07_00_07_00,D&G&Wp,average,100,57.08,0.11,07,00,07,00
Farmer_Flood_Measure_Costs,07_00_07_00,D&Wp,average,20,0.0,0.0,07,00,07,00
Farmer_Flood_Measure_Costs,07_00_07_00,D&Wp,average,60,56.87,0.16,07,00,07,00
Farmer_Flood_Measure_Costs,07_00_07_00,D&Wp,average,100,57.08,0.11,07,00,07,00
Farmer_Flood_Measure_Costs,07_00_07_00,G,average,20,0.0,0.0,07,00,07,00
Farmer_Flood_Measure_Costs,07_00_07_00,G,average,60,56.87,0.16,07,00,07,00
Farmer_Flood_Measure_Costs,07_00_07_00,G,average,100,57.08,0.11,07,00,07,00
Farmer_Flood_Measure_Costs,07_00_07_00,G&Wp,average,20,0.0,0.0,07,00,07,00
Farmer_Flood_Measure_Costs,07_00_07_00,G&Wp,average,60,56.87,0.16,07,00,07,00
Farmer_Flood_Measure_Costs,07_00_07_00,G&Wp,average,100,57.08,0.11,07,00,07,00
Farmer_Flood_Measure_Costs,07_00_07_00,Wp,average,20,0.0,0.0,07,00,07,00
Farmer_Flood_Measure_Costs,07_00_07_00,Wp,average,60,56.87,0.16,07,00,07,00
Farmer_Flood_Measure_Costs,07_00_07_00,Wp,average,100,57.08,0.11,07,00,07,00
Farmer_Flood_Measure_Costs,07_00_09_00,D,average,20,0.0,0.0,07,00,09,00
Farmer_Flood_Measure_Costs,07_00_09_00,D,average,60,56.87,0.16,07,00,09,00
Farmer_Flood_Measure_Costs,07_00_09_00,D,average,100,57.08,0.11,07,00,09,00
Farmer_Flood_Measure_Costs,07_00_09_00,D&G,average,20,0.0,0.0,07,00,09,00
Farmer_Flood_Measure_Costs,07_00_09_00,D&G,average,60,56.87,0.16,07,00,09,00
Farmer_Flood_Measure_Costs,07_00_09_00,D&G,average,100,57.08,0.11,07,00,09,00
Farmer_Flood_Measure_Costs,07_00_09_00,D&G&Wp,average,20,0.0,0.0,07,00,09,00
Farmer_Flood_Measure_Costs,07_00_09_00,D&G&Wp,average,60,56.87,0.16,07,00,09,00
Farmer_Flood_Measure_Costs,07_00_09_00,D&G&Wp,average,100,57.11,0.11,07,00,09,00
Farmer_Flood_Measure_Costs,07_00_09_00,D&Wp,average,20,0.0,0.0,07,00,09,00
Farmer_Flood_Measure_Costs,07_00_09_00,D&Wp,average,60,56.87,0.16,07,00,09,00
Farmer_Flood_Measure_Costs,07_00_09_00,D&Wp,average,100,57.12,0.11,07,00,09,00
Farmer_Flood_Measure_Costs,07_00_09_00,G,average,20,0.0,0.0,07,00,09,00
Farmer_Flood_Measure_Costs,07_00_09_00,G,average,60,56.87,0.16,07,00,09,00
Farmer_Flood_Measure_Costs,07_00_09_00,G,average,100,57.08,0.11,07,00,09,00
Farmer_Flood_Measure_Costs,07_00_09_00,G&Wp,average,20,0.0,0.0,07,00,09,00
Farmer_Flood_Measure_Costs,07_00_09_00,G&Wp,average,60,56.87,0.16,07,00,09,00
Farmer_Flood_Measure_Costs,07_00_09_00,G&Wp,average,100,57.12,0.11,07,00,09,00
Farmer_Flood_Measure_Costs,07_00_09_00,Wp,average,20,0.0,0.0,07,00,09,00
Farmer_Flood_Measure_Costs,07_00_09_00,Wp,average,60,56.87,0.16,07,00,09,00
Farmer_Flood_Measure_Costs,07_00_09_00,Wp,average,100,57.17,0.11,07,00,09,00
Farmer_Flood_Measure_Costs,07_00_11_00,D,average,20,42.6,0.28,07,00,11,00
Farmer_Flood_Measure_Costs,07_00_11_00,D,average,60,113.67,0.32,07,00,11,00
Farmer_Flood_Measure_Costs,07_00_11_00,D,average,100,142.28,0.28,07,00,11,00
Farmer_Flood_Measure_Costs,07_00_11_00,D&G,average,20,42.6,0.28,07,00,11,00
Farmer_Flood_Measure_Costs,07_00_11_00,D&G,average,60,113.67,0.32,07,00,11,00
Farmer_Flood_Measure_Costs,07_00_11_00,D&G,average,100,142.28,0.28,07,00,11,00
Farmer_Flood_Measure_Costs,07_00_11_00,D&G&Wp,average,20,42.6,0.28,07,00,11,00
Farmer_Flood_Measure_Costs,07_00_11_00,D&G&Wp,average,60,123.19,0.35,07,00,11,00
Farmer_Flood_Measure_Costs,07_00_11_00,D&G&Wp,average,100,142.4,0.28,07,00,11,00
Farmer_Flood_Measure_Costs,07_00_11_00,D&Wp,average,20,42.6,0.28,07,00,11,00
Farmer_Flood_Measure_Costs,07_00_11_00,D&Wp,average,60,127.95,0.37,07,00,11,00
Farmer_Flood_Measure_Costs,07_00_11_00,D&Wp,average,100,142.47,0.28,07,00,11,00
Farmer_Flood_Measure_Costs,07_00_11_00,G,average,20,42.6,0.28,07,00,11,00
Farmer_Flood_Measure_Costs,07_00_11_00,G,average,60,113.67,0.32,07,00,11,00
Farmer_Flood_Measure_Costs,07_00_11_00,G,average,100,142.28,0.28,07,00,11,00
Farmer_Flood_Measure_Costs,07_00_11_00,G&Wp,average,20,42.6,0.28,07,00,11,00
Farmer_Flood_Measure_Costs,07_00_11_00,G&Wp,average,60,127.95,0.37,07,00,11,00
Farmer_Flood_Measure_Costs,07_00_11_00,G&Wp,average,100,142.47,0.28,07,00,11,00
Farmer_Flood_Measure_Costs,07_00_11_00,Wp,average,20,42.6,0.28,07,00,11,00
Farmer_Flood_Measure_Costs,07_00_11_00,Wp,average,60,142.23,0.41,07,00,11,00
Farmer_Flood_Measure_Costs,07_00_11_00,Wp,average,100,142.65,0.29,07,00,11,00
Farmer_Flood_Measure_Costs,07_00_13_00,D,average,20,42.6,0.28,07,00,13,00
Farmer_Flood_Measure_Costs,07_00_13_00,D,average,60,113.67,0.32,07,00,13,00
Farmer_Flood_Measure_Costs,07_00_13_00,D,average,100,128.08,0.26,07,00,13,00
Farmer_Flood_Measure_Costs,07_00_13_00,D&G,average,20,42.6,0.28,07,00,13,00
Farmer_Flood_Measure_Costs,07_00_13_00,D&G,average,60,113.67,0.32,07,00,13,00
Farmer_Flood_Measure_Costs,07_00_13_00,D&G,average,100,120.98,0.24,07,00,13,00
Farmer_Flood_Measure_Costs,07_00_13_00,D&G&Wp,average,20,42.6,0.28,07,00,13,00
Farmer_Flood_Measure_Costs,07_00_13_00,D&G&Wp,average,60,123.19,0.35,07,00,13,00
Farmer_Flood_Measure_Costs,07_00_13_00,D&G&Wp,average,100,128.2,0.26,07,00,13,00
Farmer_Flood_Measure_Costs,07_00_13_00,D&Wp,average,20,42.6,0.28,07,00,13,00
Farmer_Flood_Measure_Costs,07_00_13_00,D&Wp,average,60,127.95,0.37,07,00,13,00
Farmer_Flood_Measure_Costs,07_00_13_00,D&Wp,average,100,135.37,0.27,07,00,13,00
Farmer_Flood_Measure_Costs,07_00_13_00,G,average,20,42.6,0.28,07,00,13,00
Farmer_Flood_Measure_Costs,07_00_13_00,G,average,60,113.67,0.32,07,00,13,00
Farmer_Flood_Measure_Costs,07_00_13_00,G,average,100,113.88,0.23,07,00,13,00
Farmer_Flood_Measure_Costs,07_00_13_00,G&Wp,average,20,42.6,0.28,07,00,13,00
Farmer_Flood_Measure_Costs,07_00_13_00,G&Wp,average,60,127.95,0.37,07,00,13,00
Farmer_Flood_Measure_Costs,07_00_13_00,G&Wp,average,100,128.27,0.26,07,00,13,00
Farmer_Flood_Measure_Costs,07_00_13_00,Wp,average,20,42.6,0.28,07,00,13,00
Farmer_Flood_Measure_Costs,07_00_13_00,Wp,average,60,142.23,0.41,07,00,13,00
Farmer_Flood_Measure_Costs,07_00_13_00,Wp,average,100,142.65,0.29,07,00,13,00
Farmer_Flood_Measure_Costs,09_00_00_00,D,average,20,5.0,0.03,09,00,00,00
Farmer_Flood_Measure_Costs,09_00_00_00,D,average,60,84.33,0.24,09,00,00,00
Farmer_Flood_Measure_Costs,09_00_00_00,D,average,100,205.22,0.41,09,00,00,00
Farmer_Flood_Measure_Costs,09_00_00_00,D&G,average,20,5.51,0.04,09,00,00,00
Farmer_Flood_Measure_Costs,09_00_00_00,D&G,average,60,85.09,0.24,09,00,00,00
Farmer_Flood_Measure_Costs,09_00_00_00,D&G,average,100,223.58,0.45,09,00,00,00
Farmer_Flood_Measure_Costs,09_00_00_00,D&G&Wp,average,20,5.23,0.03,09,00,00,00
Farmer_Flood_Measure_Costs,09_00_00_00,D&G&Wp,average,60,93.15,0.27,09,00,00,00
Farmer_Flood_Measure_Costs,09_00_00_00,D&G&Wp,average,100,264.7,0.53,09,00,00,00
Farmer_Flood_Measure_Costs,09_00_00_00,D&Wp,average,20,4.84,0.03,09,00,00,00
Farmer_Flood_Measure_Costs,09_00_00_00,D&Wp,average,60,96.81,0.28,09,00,00,00
Farmer_Flood_Measure_Costs,09_00_00_00,D&Wp,average,100,276.08,0.55,09,00,00,00
Farmer_Flood_Measure_Costs,09_00_00_00,G,average,20,6.01,0.04,09,00,00,00
Farmer_Flood_Measure_Costs,09_00_00_00,G,average,60,85.84,0.25,09,00,00,00
Farmer_Flood_Measure_Costs,09_00_00_00,G,average,100,241.94,0.48,09,00,00,00
Farmer_Flood_Measure_Costs,09_00_00_00,G&Wp,average,20,5.34,0.04,09,00,00,00
Farmer_Flood_Measure_Costs,09_00_00_00,G&Wp,average,60,97.57,0.28,09,00,00,00
Farmer_Flood_Measure_Costs,09_00_00_00,G&Wp,average,100,294.44,0.59,09,00,00,00
Farmer_Flood_Measure_Costs,09_00_00_00,Wp,average,20,4.67,0.03,09,00,00,00
Farmer_Flood_Measure_Costs,09_00_00_00,Wp,average,60,109.29,0.31,09,00,00,00
Farmer_Flood_Measure_Costs,09_00_00_00,Wp,average,100,346.95,0.69,09,00,00,00
Farmer_Flood_Measure_Costs,09_00_01_00,D,average,20,5.0,0.03,09,00,01,00
Farmer_Flood_Measure_Costs,09_00_01_00,D,average,60,84.32,0.24,09,00,01,00
Farmer_Flood_Measure_Costs,09_00_01_00,D,average,100,205.06,0.41,09,00,01,00
Farmer_Flood_Measure_Costs,09_00_01_00,D&G,average,20,5.51,0.04,09,00,01,00
Farmer_Flood_Measure_Costs,09_00_01_00,D&G,average,60,85.08,0.24,09,00,01,00
Farmer_Flood_Measure_Costs,09_00_01_00,D&G,average,100,202.56,0.41,09,00,01,00
Farmer_Flood_Measure_Costs,09_00_01_00,D&G&Wp,average,20,5.23,0.03,09,00,01,00
Farmer_Flood_Measure_Costs,09_00_01_00,D&G&Wp,average,60,89.38,0.26,09,00,01,00
Farmer_Flood_Measure_Costs,09_00_01_00,D&G&Wp,average,100,213.07,0.43,09,00,01,00
Farmer_Flood_Measure_Costs,09_00_01_00,D&Wp,average,20,4.84,0.03,09,00,01,00
Farmer_Flood_Measure_Costs,09_00_01_00,D&Wp,average,60,91.15,0.26,09,00,01,00
Farmer_Flood_Measure_Costs,09_00_01_00,D&Wp,average,100,219.58,0.44,09,00,01,00
Farmer_Flood_Measure_Costs,09_00_01_00,G,average,20,6.01,0.04,09,00,01,00
Farmer_Flood_Measure_Costs,09_00_01_00,G,average,60,85.83,0.25,09,00,01,00
Farmer_Flood_Measure_Costs,09_00_01_00,G,average,100,200.06,0.4,09,00,01,00
Farmer_Flood_Measure_Costs,09_00_01_00,G&Wp,average,20,5.34,0.04,09,00,01,00
Farmer_Flood_Measure_Costs,09_00_01_00,G&Wp,average,60,91.9,0.26,09,00,01,00
Farmer_Flood_Measure_Costs,09_00_01_00,G&Wp,average,100,217.08,0.43,09,00,01,00
Farmer_Flood_Measure_Costs,09_00_01_00,Wp,average,20,4.67,0.03,09,00,01,00
Farmer_Flood_Measure_Costs,09_00_01_00,Wp,average,60,97.98,0.28,09,00,01,00
Farmer_Flood_Measure_Costs,09_00_01_00,Wp,average,100,234.1,0.47,09,00,01,00
Farmer_Flood_Measure_Costs,09_00_03_00,D,average,20,5.0,0.03,09,00,03,00
Farmer_Flood_Measure_Costs,09_00_03_00,D,average,60,84.32,0.24,09,00,03,00
Farmer_Flood_Measure_Costs,09_00_03_00,D,average,100,205.06,0.41,09,00,03,00
Farmer_Flood_Measure_Costs,09_00_03_00,D&G,average,20,5.51,0.04,09,00,03,00
Farmer_Flood_Measure_Costs,09_00_03_00,D&G,average,60,85.08,0.24,09,00,03,00
Farmer_Flood_Measure_Costs,09_00_03_00,D&G,average,100,202.56,0.41,09,00,03,00
Farmer_Flood_Measure_Costs,09_00_03_00,D&G&Wp,average,20,5.23,0.03,09,00,03,00
Farmer_Flood_Measure_Costs,09_00_03_00,D&G&Wp,average,60,89.38,0.26,09,00,03,00
Farmer_Flood_Measure_Costs,09_00_03_00,D&G&Wp,average,100,213.07,0.43,09,00,03,00
Farmer_Flood_Measure_Costs,09_00_03_00,D&Wp,average,20,4.84,0.03,09,00,03,00
Farmer_Flood_Measure_Costs,09_00_03_00,D&Wp,average,60,91.15,0.26,09,00,03,00
Farmer_Flood_Measure_Costs,09_00_03_00,D&Wp,average,100,219.58,0.44,09,00,03,00
Farmer_Flood_Measure_Costs,09_00_03_00,G,average,20,6.01,0.04,09,00,03,00
Farmer_Flood_Measure_Costs,09_00_03_00,G,average,60,85.83,0.25,09,00,03,00
Farmer_Flood_Measure_Costs,09_00_03_00,G,average,100,200.06,0.4,09,00,03,00
Farmer_Flood_Measure_Costs,09_00_03_00,G&Wp,average,20,5.34,0.04,09,00,03,00
Farmer_Flood_Measure_Costs,09_00_03_00,G&Wp,average,60,91.9,0.26,09,00,03,00
Farmer_Flood_Measure_Costs,09_00_03_00,G&Wp,average,100,217.08,0.43,09,00,03,00
Farmer_Flood_Measure_Costs,09_00_03_00,Wp,average,20,4.67,0.03,09,00,03,00
Farmer_Flood_Measure_Costs,09_00_03_00,Wp,average,60,97.98,0.28,09,00,03,00
Farmer_Flood_Measure_Costs,09_00_03_00,Wp,average,100,234.1,0.47,09,00,03,00
Farmer_Flood_Measure_Costs,09_00_05_00,D,average,20,0.0,0.0,09,00,05,00
Farmer_Flood_Measure_Costs,09_00_05_00,D,average,60,34.8,0.1,09,00,05,00
Farmer_Flood_Measure_Costs,09_00_05_00,D,average,100,107.9,0.22,09,00,05,00
Farmer_Flood_Measure_Costs,09_00_05_00,D&G,average,20,0.0,0.0,09,00,05,00
Farmer_Flood_Measure_Costs,09_00_05_00,D&G,average,60,34.97,0.1,09,00,05,00
Farmer_Flood_Measure_Costs,09_00_05_00,D&G,average,100,108.06,0.22,09,00,05,00
Farmer_Flood_Measure_Costs,09_00_05_00,D&G&Wp,average,20,0.0,0.0,09,00,05,00
Farmer_Flood_Measure_Costs,09_00_05_00,D&G&Wp,average,60,35.59,0.1,09,00,05,00
Farmer_Flood_Measure_Costs,09_00_05_00,D&G&Wp,average,100,106.74,0.21,09,00,05,00
Farmer_Flood_Measure_Costs,09_00_05_00,D&Wp,average,20,0.0,0.0,09,00,05,00
Farmer_Flood_Measure_Costs,09_00_05_00,D&Wp,average,60,35.81,0.1,09,00,05,00
Farmer_Flood_Measure_Costs,09_00_05_00,D&Wp,average,100,106.0,0.21,09,00,05,00
Farmer_Flood_Measure_Costs,09_00_05_00,G,average,20,0.0,0.0,09,00,05,00
Farmer_Flood_Measure_Costs,09_00_05_00,G,average,60,35.14,0.1,09,00,05,00
Farmer_Flood_Measure_Costs,09_00_05_00,G,average,100,108.23,0.22,09,00,05,00
Farmer_Flood_Measure_Costs,09_00_05_00,G&Wp,average,20,0.0,0.0,09,00,05,00
Farmer_Flood_Measure_Costs,09_00_05_00,G&Wp,average,60,35.98,0.1,09,00,05,00
Farmer_Flood_Measure_Costs,09_00_05_00,G&Wp,average,100,106.16,0.21,09,00,05,00
Farmer_Flood_Measure_Costs,09_00_05_00,Wp,average,20,0.0,0.0,09,00,05,00
Farmer_Flood_Measure_Costs,09_00_05_00,Wp,average,60,36.82,0.11,09,00,05,00
Farmer_Flood_Measure_Costs,09_00_05_00,Wp,average,100,104.1,0.21,09,00,05,00
Farmer_Flood_Measure_Costs,09_00_07_00,D,average,20,0.0,0.0,09,00,07,00
Farmer_Flood_Measure_Costs,09_00_07_00,D,average,60,33.36,0.1,09,00,07,00
Farmer_Flood_Measure_Costs,09_00_07_00,D,average,100,87.2,0.17,09,00,07,00
Farmer_Flood_Measure_Costs,09_00_07_00,D&G,average,20,0.0,0.0,09,00,07,00
Farmer_Flood_Measure_Costs,09_00_07_00,D&G,average,60,33.53,0.1,09,00,07,00
Farmer_Flood_Measure_Costs,09_00_07_00,D&G,average,100,87.37,0.17,09,00,07,00
Farmer_Flood_Measure_Costs,09_00_07_00,D&G&Wp,average,20,0.0,0.0,09,00,07,00
Farmer_Flood_Measure_Costs,09_00_07_00,D&G&Wp,average,60,34.14,0.1,09,00,07,00
Farmer_Flood_Measure_Costs,09_00_07_00,D&G&Wp,average,100,87.98,0.18,09,00,07,00
Farmer_Flood_Measure_Costs,09_00_07_00,D&Wp,average,20,0.0,0.0,09,00,07,00
Farmer_Flood_Measure_Costs,09_00_07_00,D&Wp,average,60,34.37,0.1,09,00,07,00
Farmer_Flood_Measure_Costs,09_00_07_00,D&Wp,average,100,88.21,0.18,09,00,07,00
Farmer_Flood_Measure_Costs,09_00_07_00,G,average,20,0.0,0.0,09,00,07,00
Farmer_Flood_Measure_Costs,09_00_07_00,G,average,60,33.7,0.1,09,00,07,00
Farmer_Flood_Measure_Costs,09_00_07_00,G,average,100,87.54,0.18,09,00,07,00
Farmer_Flood_Measure_Costs,09_00_07_00,G&Wp,average,20,0.0,0.0,09,00,07,00
Farmer_Flood_Measure_Costs,09_00_07_00,G&Wp,average,60,34.54,0.1,09,00,07,00
Farmer_Flood_Measure_Costs,09_00_07_00,G&Wp,average,100,88.38,0.18,09,00,07,00
Farmer_Flood_Measure_Costs,09_00_07_00,Wp,average,20,0.0,0.0,09,00,07,00
Farmer_Flood_Measure_Costs,09_00_07_00,Wp,average,60,35.38,0.1,09,00,07,00
Farmer_Flood_Measure_Costs,09_00_07_00,Wp,average,100,89.22,0.18,09,00,07,00
Farmer_Flood_Measure_Costs,09_00_09_00,D,average,20,0.0,0.0,09,00,09,00
Farmer_Flood_Measure_Costs,09_00_09_00,D,average,60,33.36,0.1,09,00,09,00
Farmer_Flood_Measure_Costs,09_00_09_00,D,average,100,87.2,0.17,09,00,09,00
Farmer_Flood_Measure_Costs,09_00_09_00,D&G,average,20,0.0,0.0,09,00,09,00
Farmer_Flood_Measure_Costs,09_00_09_00,D&G,average,60,33.53,0.1,09,00,09,00
Farmer_Flood_Measure_Costs,09_00_09_00,D&G,average,100,87.37,0.17,09,00,09,00
Farmer_Flood_Measure_Costs,09_00_09_00,D&G&Wp,average,20,0.0,0.0,09,00,09,00
Farmer_Flood_Measure_Costs,09_00_09_00,D&G&Wp,average,60,34.14,0.1,09,00,09,00
Farmer_Flood_Measure_Costs,09_00_09_00,D&G&Wp,average,100,89.92,0.18,09,00,09,00
Farmer_Flood_Measure_Costs,09_00_09_00,D&Wp,average,20,0.0,0.0,09,00,09,00
Farmer_Flood_Measure_Costs,09_00_09_00,D&Wp,average,60,34.37,0.1,09,00,09,00
Farmer_Flood_Measure_Costs,09_00_09_00,D&Wp,average,100,91.11,0.18,09,00,09,00
Farmer_Flood_Measure_Costs,09_00_09_00,G,average,20,0.0,0.0,09,00,09,00
Farmer_Flood_Measure_Costs,09_00_09_00,G,average,60,33.7,0.1,09,00,09,00
Farmer_Flood_Measure_Costs,09_00_09_00,G,average,100,87.54,0.18,09,00,09,00
Farmer_Flood_Measure_Costs,09_00_09_00,G&Wp,average,20,0.0,0.0,09,00,09,00
Farmer_Flood_Measure_Costs,09_00_09_00,G&Wp,average,60,34.54,0.1,09,00,09,00
Farmer_Flood_Measure_Costs,09_00_09_00,G&Wp,average,100,91.28,0.18,09,00,09,00
Farmer_Flood_Measure_Costs,09_00_09_00,Wp,average,20,0.0,0.0,09,00,09,00
Farmer_Flood_Measure_Costs,09_00_09_00,Wp,average,60,35.38,0.1,09,00,09,00
Farmer_Flood_Measure_Costs,09_00_09_00,Wp,average,100,95.03,0.19,09,00,09,00
Farmer_Flood_Measure_Costs,09_00_11_00,D,average,20,0.04,0.0,09,00,11,00
Farmer_Flood_Measure_Costs,09_00_11_00,D,average,60,33.78,0.1,09,00,11,00
Farmer_Flood_Measure_Costs,09_00_11_00,D,average,100,88.73,0.18,09,00,11,00
Farmer_Flood_Measure_Costs,09_00_11_00,D&G,average,20,0.05,0.0,09,00,11,00
Farmer_Flood_Measure_Costs,09_00_11_00,D&G,average,60,39.64,0.11,09,00,11,00
Farmer_Flood_Measure_Costs,09_00_11_00,D&G,average,100,94.56,0.19,09,00,11,00
Farmer_Flood_Measure_Costs,09_00_11_00,D&G&Wp,average,20,0.04,0.0,09,00,11,00
Farmer_Flood_Measure_Costs,09_00_11_00,D&G&Wp,average,60,42.35,0.12,09,00,11,00
Farmer_Flood_Measure_Costs,09_00_11_00,D&G&Wp,average,100,101.46,0.2,09,00,11,00
Farmer_Flood_Measure_Costs,09_00_11_00,D&Wp,average,20,0.04,0.0,09,00,11,00
Farmer_Flood_Measure_Costs,09_00_11_00,D&Wp,average,60,40.78,0.12,09,00,11,00
Farmer_Flood_Measure_Costs,09_00_11_00,D&Wp,average,100,101.99,0.2,09,00,11,00
Farmer_Flood_Measure_Costs,09_00_11_00,G,average,20,0.05,0.0,09,00,11,00
Farmer_Flood_Measure_Costs,09_00_11_00,G,average,60,45.49,0.13,09,00,11,00
Farmer_Flood_Measure_Costs,09_00_11_00,G,average,100,100.4,0.2,09,00,11,00
Farmer_Flood_Measure_Costs,09_00_11_00,G&Wp,average,20,0.04,0.0,09,00,11,00
Farmer_Flood_Measure_Costs,09_00_11_00,G&Wp,average,60,46.63,0.13,09,00,11,00
Farmer_Flood_Measure_Costs,09_00_11_00,G&Wp,average,100,107.83,0.22,09,00,11,00
Farmer_Flood_Measure_Costs,09_00_11_00,Wp,average,20,0.04,0.0,09,00,11,00
Farmer_Flood_Measure_Costs,09_00_11_00,Wp,average,60,47.78,0.14,09,00,11,00
Farmer_Flood_Measure_Costs,09_00_11_00,Wp,average,100,115.26,0.23,09,00,11,00
Farmer_Flood_Measure_Costs,09_00_13_00,D,average,20,5.0,0.03,09,00,13,00
Farmer_Flood_Measure_Costs,09_00_13_00,D,average,60,78.76,0.23,09,00,13,00
Farmer_Flood_Measure_Costs,09_00_13_00,D,average,100,173.18,0.35,09,00,13,00
Farmer_Flood_Measure_Costs,09_00_13_00,D&G,average,20,5.51,0.04,09,00,13,00
Farmer_Flood_Measure_Costs,09_00_13_00,D&G,average,60,79.48,0.23,09,00,13,00
Farmer_Flood_Measure_Costs,09_00_13_00,D&G,average,100,173.92,0.35,09,00,13,00
Farmer_Flood_Measure_Costs,09_00_13_00,D&G&Wp,average,20,5.08,0.03,09,00,13,00
Farmer_Flood_Measure_Costs,09_00_13_00,D&G&Wp,average,60,75.33,0.22,09,00,13,00
Farmer_Flood_Measure_Costs,09_00_13_00,D&G&Wp,average,100,165.54,0.33,09,00,13,00
Farmer_Flood_Measure_Costs,09_00_13_00,D&Wp,average,20,4.62,0.03,09,00,13,00
Farmer_Flood_Measure_Costs,09_00_13_00,D&Wp,average,60,72.91,0.21,09,00,13,00
Farmer_Flood_Measure_Costs,09_00_13_00,D&Wp,average,100,160.98,0.32,09,00,13,00
Farmer_Flood_Measure_Costs,09_00_13_00,G,average,20,6.01,0.04,09,00,13,00
Farmer_Flood_Measure_Costs,09_00_13_00,G,average,60,80.19,0.23,09,00,13,00
Farmer_Flood_Measure_Costs,09_00_13_00,G,average,100,174.66,0.35,09,00,13,00
Farmer_Flood_Measure_Costs,09_00_13_00,G&Wp,average,20,5.13,0.03,09,00,13,00
Farmer_Flood_Measure_Costs,09_00_13_00,G&Wp,average,60,73.62,0.21,09,00,13,00
Farmer_Flood_Measure_Costs,09_00_13_00,G&Wp,average,100,161.72,0.32,09,00,13,00
Farmer_Flood_Measure_Costs,09_00_13_00,Wp,average,20,4.24,0.03,09,00,13,00
Farmer_Flood_Measure_Costs,09_00_13_00,Wp,average,60,67.05,0.19,09,00,13,00
Farmer_Flood_Measure_Costs,09_00_13_00,Wp,average,100,148.77,0.3,09,00,13,00
Farmer_Flood_Measure_Costs,11_00_00_00,D,average,20,0.07,0.0,11,00,00,00
Farmer_Flood_Measure_Costs,11_00_00_00,D,average,60,24.34,0.07,11,00,00,00
Farmer_Flood_Measure_Costs,11_00_00_00,D,average,100,111.62,0.22,11,00,00,00
Farmer_Flood_Measure_Costs,11_00_00_00,D&G,average,20,0.08,0.0,11,00,00,00
Farmer_Flood_Measure_Costs,11_00_00_00,D&G,average,60,35.96,0.1,11,00,00,00
Farmer_Flood_Measure_Costs,11_00_00_00,D&G,average,100,151.96,0.3,11,00,00,00
Farmer_Flood_Measure_Costs,11_00_00_00,D&G&Wp,average,20,0.08,0.0,11,00,00,00
Farmer_Flood_Measure_Costs,11_00_00_00,D&G&Wp,average,60,46.5,0.13,11,00,00,00
Farmer_Flood_Measure_Costs,11_00_00_00,D&G&Wp,average,100,209.23,0.42,11,00,00,00
Farmer_Flood_Measure_Costs,11_00_00_00,D&Wp,average,20,0.07,0.0,11,00,00,00
Farmer_Flood_Measure_Costs,11_00_00_00,D&Wp,average,60,45.97,0.13,11,00,00,00
Farmer_Flood_Measure_Costs,11_00_00_00,D&Wp,average,100,217.7,0.44,11,00,00,00
Farmer_Flood_Measure_Costs,11_00_00_00,G,average,20,0.09,0.0,11,00,00,00
Farmer_Flood_Measure_Costs,11_00_00_00,G,average,60,47.57,0.14,11,00,00,00
Farmer_Flood_Measure_Costs,11_00_00_00,G,average,100,192.3,0.38,11,00,00,00
Farmer_Flood_Measure_Costs,11_00_00_00,G&Wp,average,20,0.08,0.0,11,00,00,00
Farmer_Flood_Measure_Costs,11_00_00_00,G&Wp,average,60,57.58,0.16,11,00,00,00
Farmer_Flood_Measure_Costs,11_00_00_00,G&Wp,average,100,258.04,0.52,11,00,00,00
Farmer_Flood_Measure_Costs,11_00_00_00,Wp,average,20,0.07,0.0,11,00,00,00
Farmer_Flood_Measure_Costs,11_00_00_00,Wp,average,60,67.59,0.19,11,00,00,00
Farmer_Flood_Measure_Costs,11_00_00_00,Wp,average,100,323.78,0.65,11,00,00,00
Farmer_Flood_Measure_Costs,11_00_01_00,D,average,20,0.07,0.0,11,00,01,00
Farmer_Flood_Measure_Costs,11_00_01_00,D,average,60,23.57,0.07,11,00,01,00
Farmer_Flood_Measure_Costs,11_00_01_00,D,average,100,88.47,0.18,11,00,01,00
Farmer_Flood_Measure_Costs,11_00_01_00,D&G,average,20,0.08,0.0,11,00,01,00
Farmer_Flood_Measure_Costs,11_00_01_00,D&G,average,60,35.57,0.1,11,00,01,00
Farmer_Flood_Measure_Costs,11_00_01_00,D&G,average,100,108.18,0.22,11,00,01,00
Farmer_Flood_Measure_Costs,11_00_01_00,D&G&Wp,average,20,0.08,0.0,11,00,01,00
Farmer_Flood_Measure_Costs,11_00_01_00,D&G&Wp,average,60,41.49,0.12,11,00,01,00
Farmer_Flood_Measure_Costs,11_00_01_00,D&G&Wp,average,100,126.38,0.25,11,00,01,00
Farmer_Flood_Measure_Costs,11_00_01_00,D&Wp,average,20,0.07,0.0,11,00,01,00
Farmer_Flood_Measure_Costs,11_00_01_00,D&Wp,average,60,38.46,0.11,11,00,01,00
Farmer_Flood_Measure_Costs,11_00_01_00,D&Wp,average,100,125.63,0.25,11,00,01,00
Farmer_Flood_Measure_Costs,11_00_01_00,G,average,20,0.09,0.0,11,00,01,00
Farmer_Flood_Measure_Costs,11_00_01_00,G,average,60,47.56,0.14,11,00,01,00
Farmer_Flood_Measure_Costs,11_00_01_00,G,average,100,127.89,0.26,11,00,01,00
Farmer_Flood_Measure_Costs,11_00_01_00,G&Wp,average,20,0.08,0.0,11,00,01,00
Farmer_Flood_Measure_Costs,11_00_01_00,G&Wp,average,60,50.45,0.14,11,00,01,00
Farmer_Flood_Measure_Costs,11_00_01_00,G&Wp,average,100,145.34,0.29,11,00,01,00
Farmer_Flood_Measure_Costs,11_00_01_00,Wp,average,20,0.07,0.0,11,00,01,00
Farmer_Flood_Measure_Costs,11_00_01_00,Wp,average,60,53.35,0.15,11,00,01,00
Farmer_Flood_Measure_Costs,11_00_01_00,Wp,average,100,162.79,0.33,11,00,01,00
Farmer_Flood_Measure_Costs,11_00_03_00,D,average,20,0.07,0.0,11,00,03,00
Farmer_Flood_Measure_Costs,11_00_03_00,D,average,60,23.57,0.07,11,00,03,00
Farmer_Flood_Measure_Costs,11_00_03_00,D,average,100,88.47,0.18,11,00,03,00
Farmer_Flood_Measure_Costs,11_00_03_00,D&G,average,20,0.08,0.0,11,00,03,00
Farmer_Flood_Measure_Costs,11_00_03_00,D&G,average,60,35.57,0.1,11,00,03,00
Farmer_Flood_Measure_Costs,11_00_03_00,D&G,average,100,108.18,0.22,11,00,03,00
Farmer_Flood_Measure_Costs,11_00_03_00,D&G&Wp,average,20,0.08,0.0,11,00,03,00
Farmer_Flood_Measure_Costs,11_00_03_00,D&G&Wp,average,60,41.49,0.12,11,00,03,00
Farmer_Flood_Measure_Costs,11_00_03_00,D&G&Wp,average,100,126.38,0.25,11,00,03,00
Farmer_Flood_Measure_Costs,11_00_03_00,D&Wp,average,20,0.07,0.0,11,00,03,00
Farmer_Flood_Measure_Costs,11_00_03_00,D&Wp,average,60,38.46,0.11,11,00,03,00
Farmer_Flood_Measure_Costs,11_00_03_00,D&Wp,average,100,125.63,0.25,11,00,03,00
Farmer_Flood_Measure_Costs,11_00_03_00,G,average,20,0.09,0.0,11,00,03,00
Farmer_Flood_Measure_Costs,11_00_03_00,G,average,60,47.56,0.14,11,00,03,00
Farmer_Flood_Measure_Costs,11_00_03_00,G,average,100,127.89,0.26,11,00,03,00
Farmer_Flood_Measure_Costs,11_00_03_00,G&Wp,average,20,0.08,0.0,11,00,03,00
Farmer_Flood_Measure_Costs,11_00_03_00,G&Wp,average,60,50.45,0.14,11,00,03,00
Farmer_Flood_Measure_Costs,11_00_03_00,G&Wp,average,100,145.34,0.29,11,00,03,00
Farmer_Flood_Measure_Costs,11_00_03_00,Wp,average,20,0.07,0.0,11,00,03,00
Farmer_Flood_Measure_Costs,11_00_03_00,Wp,average,60,53.35,0.15,11,00,03,00
Farmer_Flood_Measure_Costs,11_00_03_00,Wp,average,100,162.79,0.33,11,00,03,00
Farmer_Flood_Measure_Costs,11_00_05_00,D,average,20,0.0,0.0,11,00,05,00
Farmer_Flood_Measure_Costs,11_00_05_00,D,average,60,5.01,0.01,11,00,05,00
Farmer_Flood_Measure_Costs,11_00_05_00,D,average,100,19.59,0.04,11,00,05,00
Farmer_Flood_Measure_Costs,11_00_05_00,D&G,average,20,0.0,0.0,11,00,05,00
Farmer_Flood_Measure_Costs,11_00_05_00,D&G,average,60,5.01,0.01,11,00,05,00
Farmer_Flood_Measure_Costs,11_00_05_00,D&G,average,100,19.59,0.04,11,00,05,00
Farmer_Flood_Measure_Costs,11_00_05_00,D&G&Wp,average,20,0.0,0.0,11,00,05,00
Farmer_Flood_Measure_Costs,11_00_05_00,D&G&Wp,average,60,5.02,0.01,11,00,05,00
Farmer_Flood_Measure_Costs,11_00_05_00,D&G&Wp,average,100,19.57,0.04,11,00,05,00
Farmer_Flood_Measure_Costs,11_00_05_00,D&Wp,average,20,0.0,0.0,11,00,05,00
Farmer_Flood_Measure_Costs,11_00_05_00,D&Wp,average,60,5.02,0.01,11,00,05,00
Farmer_Flood_Measure_Costs,11_00_05_00,D&Wp,average,100,19.56,0.04,11,00,05,00
Farmer_Flood_Measure_Costs,11_00_05_00,G,average,20,0.0,0.0,11,00,05,00
Farmer_Flood_Measure_Costs,11_00_05_00,G,average,60,5.01,0.01,11,00,05,00
Farmer_Flood_Measure_Costs,11_00_05_00,G,average,100,19.6,0.04,11,00,05,00
Farmer_Flood_Measure_Costs,11_00_05_00,G&Wp,average,20,0.0,0.0,11,00,05,00
Farmer_Flood_Measure_Costs,11_00_05_00,G&Wp,average,60,5.03,0.01,11,00,05,00
Farmer_Flood_Measure_Costs,11_00_05_00,G&Wp,average,100,19.57,0.04,11,00,05,00
Farmer_Flood_Measure_Costs,11_00_05_00,Wp,average,20,0.0,0.0,11,00,05,00
Farmer_Flood_Measure_Costs,11_00_05_00,Wp,average,60,5.04,0.01,11,00,05,00
Farmer_Flood_Measure_Costs,11_00_05_00,Wp,average,100,19.53,0.04,11,00,05,00
Farmer_Flood_Measure_Costs,11_00_07_00,D,average,20,0.0,0.0,11,00,07,00
Farmer_Flood_Measure_Costs,11_00_07_00,D,average,60,4.99,0.01,11,00,07,00
Farmer_Flood_Measure_Costs,11_00_07_00,D,average,100,19.27,0.04,11,00,07,00
Farmer_Flood_Measure_Costs,11_00_07_00,D&G,average,20,0.0,0.0,11,00,07,00
Farmer_Flood_Measure_Costs,11_00_07_00,D&G,average,60,4.99,0.01,11,00,07,00
Farmer_Flood_Measure_Costs,11_00_07_00,D&G,average,100,19.27,0.04,11,00,07,00
Farmer_Flood_Measure_Costs,11_00_07_00,D&G&Wp,average,20,0.0,0.0,11,00,07,00
Farmer_Flood_Measure_Costs,11_00_07_00,D&G&Wp,average,60,5.0,0.01,11,00,07,00
Farmer_Flood_Measure_Costs,11_00_07_00,D&G&Wp,average,100,19.28,0.04,11,00,07,00
Farmer_Flood_Measure_Costs,11_00_07_00,D&Wp,average,20,0.0,0.0,11,00,07,00
Farmer_Flood_Measure_Costs,11_00_07_00,D&Wp,average,60,5.0,0.01,11,00,07,00
Farmer_Flood_Measure_Costs,11_00_07_00,D&Wp,average,100,19.29,0.04,11,00,07,00
Farmer_Flood_Measure_Costs,11_00_07_00,G,average,20,0.0,0.0,11,00,07,00
Farmer_Flood_Measure_Costs,11_00_07_00,G,average,60,4.99,0.01,11,00,07,00
Farmer_Flood_Measure_Costs,11_00_07_00,G,average,100,19.28,0.04,11,00,07,00
Farmer_Flood_Measure_Costs,11_00_07_00,G&Wp,average,20,0.0,0.0,11,00,07,00
Farmer_Flood_Measure_Costs,11_00_07_00,G&Wp,average,60,5.0,0.01,11,00,07,00
Farmer_Flood_Measure_Costs,11_00_07_00,G&Wp,average,100,19.29,0.04,11,00,07,00
Farmer_Flood_Measure_Costs,11_00_07_00,Wp,average,20,0.0,0.0,11,00,07,00
Farmer_Flood_Measure_Costs,11_00_07_00,Wp,average,60,5.02,0.01,11,00,07,00
Farmer_Flood_Measure_Costs,11_00_07_00,Wp,average,100,19.3,0.04,11,00,07,00
Farmer_Flood_Measure_Costs,11_00_09_00,D,average,20,0.0,0.0,11,00,09,00
Farmer_Flood_Measure_Costs,11_00_09_00,D,average,60,4.99,0.01,11,00,09,00
Farmer_Flood_Measure_Costs,11_00_09_00,D,average,100,19.27,0.04,11,00,09,00
Farmer_Flood_Measure_Costs,11_00_09_00,D&G,average,20,0.0,0.0,11,00,09,00
Farmer_Flood_Measure_Costs,11_00_09_00,D&G,average,60,4.99,0.01,11,00,09,00
Farmer_Flood_Measure_Costs,11_00_09_00,D&G,average,100,19.27,0.04,11,00,09,00
Farmer_Flood_Measure_Costs,11_00_09_00,D&G&Wp,average,20,0.0,0.0,11,00,09,00
Farmer_Flood_Measure_Costs,11_00_09_00,D&G&Wp,average,60,5.0,0.01,11,00,09,00
Farmer_Flood_Measure_Costs,11_00_09_00,D&G&Wp,average,100,19.31,0.04,11,00,09,00
Farmer_Flood_Measure_Costs,11_00_09_00,D&Wp,average,20,0.0,0.0,11,00,09,00
Farmer_Flood_Measure_Costs,11_00_09_00,D&Wp,average,60,5.0,0.01,11,00,09,00
Farmer_Flood_Measure_Costs,11_00_09_00,D&Wp,average,100,19.33,0.04,11,00,09,00
Farmer_Flood_Measure_Costs,11_00_09_00,G,average,20,0.0,0.0,11,00,09,00
Farmer_Flood_Measure_Costs,11_00_09_00,G,average,60,4.99,0.01,11,00,09,00
Farmer_Flood_Measure_Costs,11_00_09_00,G,average,100,19.28,0.04,11,00,09,00
Farmer_Flood_Measure_Costs,11_00_09_00,G&Wp,average,20,0.0,0.0,11,00,09,00
Farmer_Flood_Measure_Costs,11_00_09_00,G&Wp,average,60,5.0,0.01,11,00,09,00
Farmer_Flood_Measure_Costs,11_00_09_00,G&Wp,average,100,19.33,0.04,11,00,09,00
Farmer_Flood_Measure_Costs,11_00_09_00,Wp,average,20,0.0,0.0,11,00,09,00
Farmer_Flood_Measure_Costs,11_00_09_00,Wp,average,60,5.02,0.01,11,00,09,00
Farmer_Flood_Measure_Costs,11_00_09_00,Wp,average,100,19.39,0.04,11,00,09,00
Farmer_Flood_Measure_Costs,11_00_11_00,D,average,20,0.07,0.0,11,00,11,00
Farmer_Flood_Measure_Costs,11_00_11_00,D,average,60,15.66,0.04,11,00,11,00
Farmer_Flood_Measure_Costs,11_00_11_00,D,average,100,17.99,0.04,11,00,11,00
Farmer_Flood_Measure_Costs,11_00_11_00,D&G,average,20,0.08,0.0,11,00,11,00
Farmer_Flood_Measure_Costs,11_00_11_00,D&G,average,60,22.84,0.07,11,00,11,00
Farmer_Flood_Measure_Costs,11_00_11_00,D&G,average,100,25.24,0.05,11,00,11,00
Farmer_Flood_Measure_Costs,11_00_11_00,D&G&Wp,average,20,0.08,0.0,11,00,11,00
Farmer_Flood_Measure_Costs,11_00_11_00,D&G&Wp,average,60,34.78,0.1,11,00,11,00
Farmer_Flood_Measure_Costs,11_00_11_00,D&G&Wp,average,100,56.25,0.11,11,00,11,00
Farmer_Flood_Measure_Costs,11_00_11_00,D&Wp,average,20,0.07,0.0,11,00,11,00
Farmer_Flood_Measure_Costs,11_00_11_00,D&Wp,average,60,37.16,0.11,11,00,11,00
Farmer_Flood_Measure_Costs,11_00_11_00,D&Wp,average,100,68.13,0.14,11,00,11,00
Farmer_Flood_Measure_Costs,11_00_11_00,G,average,20,0.09,0.0,11,00,11,00
Farmer_Flood_Measure_Costs,11_00_11_00,G,average,60,30.03,0.09,11,00,11,00
Farmer_Flood_Measure_Costs,11_00_11_00,G,average,100,32.5,0.06,11,00,11,00
Farmer_Flood_Measure_Costs,11_00_11_00,G&Wp,average,20,0.08,0.0,11,00,11,00
Farmer_Flood_Measure_Costs,11_00_11_00,G&Wp,average,60,44.34,0.13,11,00,11,00
Farmer_Flood_Measure_Costs,11_00_11_00,G&Wp,average,100,75.39,0.15,11,00,11,00
Farmer_Flood_Measure_Costs,11_00_11_00,Wp,average,20,0.07,0.0,11,00,11,00
Farmer_Flood_Measure_Costs,11_00_11_00,Wp,average,60,58.65,0.17,11,00,11,00
Farmer_Flood_Measure_Costs,11_00_11_00,Wp,average,100,118.28,0.24,11,00,11,00
Farmer_Flood_Measure_Costs,11_00_13_00,D,average,20,0.07,0.0,11,00,13,00
Farmer_Flood_Measure_Costs,11_00_13_00,D,average,60,11.99,0.03,11,00,13,00
Farmer_Flood_Measure_Costs,11_00_13_00,D,average,100,49.92,0.1,11,00,13,00
Farmer_Flood_Measure_Costs,11_00_13_00,D&G,average,20,0.08,0.0,11,00,13,00
Farmer_Flood_Measure_Costs,11_00_13_00,D&G,average,60,12.08,0.03,11,00,13,00
Farmer_Flood_Measure_Costs,11_00_13_00,D&G,average,100,51.04,0.1,11,00,13,00
Farmer_Flood_Measure_Costs,11_00_13_00,D&G&Wp,average,20,0.08,0.0,11,00,13,00
Farmer_Flood_Measure_Costs,11_00_13_00,D&G&Wp,average,60,12.96,0.04,11,00,13,00
Farmer_Flood_Measure_Costs,11_00_13_00,D&G&Wp,average,100,57.75,0.12,11,00,13,00
Farmer_Flood_Measure_Costs,11_00_13_00,D&Wp,average,20,0.07,0.0,11,00,13,00
Farmer_Flood_Measure_Costs,11_00_13_00,D&Wp,average,60,13.36,0.04,11,00,13,00
Farmer_Flood_Measure_Costs,11_00_13_00,D&Wp,average,100,60.54,0.12,11,00,13,00
Farmer_Flood_Measure_Costs,11_00_13_00,G,average,20,0.09,0.0,11,00,13,00
Farmer_Flood_Measure_Costs,11_00_13_00,G,average,60,12.17,0.03,11,00,13,00
Farmer_Flood_Measure_Costs,11_00_13_00,G,average,100,52.17,0.1,11,00,13,00
Farmer_Flood_Measure_Costs,11_00_13_00,G&Wp,average,20,0.08,0.0,11,00,13,00
Farmer_Flood_Measure_Costs,11_00_13_00,G&Wp,average,60,13.45,0.04,11,00,13,00
Farmer_Flood_Measure_Costs,11_00_13_00,G&Wp,average,100,61.67,0.12,11,00,13,00
Farmer_Flood_Measure_Costs,11_00_13_00,Wp,average,20,0.07,0.0,11,00,13,00
Farmer_Flood_Measure_Costs,11_00_13_00,Wp,average,60,14.73,0.04,11,00,13,00
Farmer_Flood_Measure_Costs,11_00_13_00,Wp,average,100,71.17,0.14,11,00,13,00
Farmer_Flood_Measure_Costs,13_00_00_00,D,average,20,0.72,0.0,13,00,00,00
Farmer_Flood_Measure_Costs,13_00_00_00,D,average,60,79.24,0.23,13,00,00,00
Farmer_Flood_Measure_Costs,13_00_00_00,D,average,100,132.75,0.27,13,00,00,00
Farmer_Flood_Measure_Costs,13_00_00_00,D&G,average,20,0.76,0.01,13,00,00,00
Farmer_Flood_Measure_Costs,13_00_00_00,D&G,average,60,79.3,0.23,13,00,00,00
Farmer_Flood_Measure_Costs,13_00_00_00,D&G,average,100,147.06,0.29,13,00,00,00
Farmer_Flood_Measure_Costs,13_00_00_00,D&G&Wp,average,20,0.74,0.0,13,00,00,00
Farmer_Flood_Measure_Costs,13_00_00_00,D&G&Wp,average,60,89.2,0.25,13,00,00,00
Farmer_Flood_Measure_Costs,13_00_00_00,D&G&Wp,average,100,152.61,0.31,13,00,00,00
Farmer_Flood_Measure_Costs,13_00_00_00,D&Wp,average,20,0.7,0.0,13,00,00,00
Farmer_Flood_Measure_Costs,13_00_00_00,D&Wp,average,60,94.12,0.27,13,00,00,00
Farmer_Flood_Measure_Costs,13_00_00_00,D&Wp,average,100,148.23,0.3,13,00,00,00
Farmer_Flood_Measure_Costs,13_00_00_00,G,average,20,0.81,0.01,13,00,00,00
Farmer_Flood_Measure_Costs,13_00_00_00,G,average,60,79.36,0.23,13,00,00,00
Farmer_Flood_Measure_Costs,13_00_00_00,G,average,100,161.36,0.32,13,00,00,00
Farmer_Flood_Measure_Costs,13_00_00_00,G&Wp,average,20,0.75,0.01,13,00,00,00
Farmer_Flood_Measure_Costs,13_00_00_00,G&Wp,average,60,94.18,0.27,13,00,00,00
Farmer_Flood_Measure_Costs,13_00_00_00,G&Wp,average,100,162.54,0.33,13,00,00,00
Farmer_Flood_Measure_Costs,13_00_00_00,Wp,average,20,0.69,0.0,13,00,00,00
Farmer_Flood_Measure_Costs,13_00_00_00,Wp,average,60,109.01,0.31,13,00,00,00
Farmer_Flood_Measure_Costs,13_00_00_00,Wp,average,100,163.71,0.33,13,00,00,00
Farmer_Flood_Measure_Costs,13_00_01_00,D,average,20,0.72,0.0,13,00,01,00
Farmer_Flood_Measure_Costs,13_00_01_00,D,average,60,65.04,0.19,13,00,01,00
Farmer_Flood_Measure_Costs,13_00_01_00,D,average,100,90.15,0.18,13,00,01,00
Farmer_Flood_Measure_Costs,13_00_01_00,D&G,average,20,0.76,0.01,13,00,01,00
Farmer_Flood_Measure_Costs,13_00_01_00,D&G,average,60,72.2,0.21,13,00,01,00
Farmer_Flood_Measure_Costs,13_00_01_00,D&G,average,100,96.96,0.19,13,00,01,00
Farmer_Flood_Measure_Costs,13_00_01_00,D&G&Wp,average,20,0.74,0.0,13,00,01,00
Farmer_Flood_Measure_Costs,13_00_01_00,D&G&Wp,average,60,84.47,0.24,13,00,01,00
Farmer_Flood_Measure_Costs,13_00_01_00,D&G&Wp,average,100,114.48,0.23,13,00,01,00
Farmer_Flood_Measure_Costs,13_00_01_00,D&Wp,average,20,0.7,0.0,13,00,01,00
Farmer_Flood_Measure_Costs,13_00_01_00,D&Wp,average,60,87.02,0.25,13,00,01,00
Farmer_Flood_Measure_Costs,13_00_01_00,D&Wp,average,100,119.83,0.24,13,00,01,00
Farmer_Flood_Measure_Costs,13_00_01_00,G,average,20,0.81,0.01,13,00,01,00
Farmer_Flood_Measure_Costs,13_00_01_00,G,average,60,79.36,0.23,13,00,01,00
Farmer_Flood_Measure_Costs,13_00_01_00,G,average,100,103.77,0.21,13,00,01,00
Farmer_Flood_Measure_Costs,13_00_01_00,G&Wp,average,20,0.75,0.01,13,00,01,00
Farmer_Flood_Measure_Costs,13_00_01_00,G&Wp,average,60,94.18,0.27,13,00,01,00
Farmer_Flood_Measure_Costs,13_00_01_00,G&Wp,average,100,126.64,0.25,13,00,01,00
Farmer_Flood_Measure_Costs,13_00_01_00,Wp,average,20,0.69,0.0,13,00,01,00
Farmer_Flood_Measure_Costs,13_00_01_00,Wp,average,60,109.01,0.31,13,00,01,00
Farmer_Flood_Measure_Costs,13_00_01_00,Wp,average,100,149.51,0.3,13,00,01,00
Farmer_Flood_Measure_Costs,13_00_03_00,D,average,20,0.72,0.0,13,00,03,00
Farmer_Flood_Measure_Costs,13_00_03_00,D,average,60,65.04,0.19,13,00,03,00
Farmer_Flood_Measure_Costs,13_00_03_00,D,average,100,90.15,0.18,13,00,03,00
Farmer_Flood_Measure_Costs,13_00_03_00,D&G,average,20,0.76,0.01,13,00,03,00
Farmer_Flood_Measure_Costs,13_00_03_00,D&G,average,60,72.2,0.21,13,00,03,00
Farmer_Flood_Measure_Costs,13_00_03_00,D&G,average,100,96.96,0.19,13,00,03,00
Farmer_Flood_Measure_Costs,13_00_03_00,D&G&Wp,average,20,0.74,0.0,13,00,03,00
Farmer_Flood_Measure_Costs,13_00_03_00,D&G&Wp,average,60,84.47,0.24,13,00,03,00
Farmer_Flood_Measure_Costs,13_00_03_00,D&G&Wp,average,100,114.48,0.23,13,00,03,00
Farmer_Flood_Measure_Costs,13_00_03_00,D&Wp,average,20,0.7,0.0,13,00,03,00
Farmer_Flood_Measure_Costs,13_00_03_00,D&Wp,average,60,87.02,0.25,13,00,03,00
Farmer_Flood_Measure_Costs,13_00_03_00,D&Wp,average,100,119.83,0.24,13,00,03,00
Farmer_Flood_Measure_Costs,13_00_03_00,G,average,20,0.81,0.01,13,00,03,00
Farmer_Flood_Measure_Costs,13_00_03_00,G,average,60,79.36,0.23,13,00,03,00
Farmer_Flood_Measure_Costs,13_00_03_00,G,average,100,103.77,0.21,13,00,03,00
Farmer_Flood_Measure_Costs,13_00_03_00,G&Wp,average,20,0.75,0.01,13,00,03,00
Farmer_Flood_Measure_Costs,13_00_03_00,G&Wp,average,60,94.18,0.27,13,00,03,00
Farmer_Flood_Measure_Costs,13_00_03_00,G&Wp,average,100,126.64,0.25,13,00,03,00
Farmer_Flood_Measure_Costs,13_00_03_00,Wp,average,20,0.69,0.0,13,00,03,00
Farmer_Flood_Measure_Costs,13_00_03_00,Wp,average,60,109.01,0.31,13,00,03,00
Farmer_Flood_Measure_Costs,13_00_03_00,Wp,average,100,149.51,0.3,13,00,03,00
Farmer_Flood_Measure_Costs,13_00_05_00,D,average,20,0.0,0.0,13,00,05,00
Farmer_Flood_Measure_Costs,13_00_05_00,D,average,60,17.76,0.05,13,00,05,00
Farmer_Flood_Measure_Costs,13_00_05_00,D,average,100,24.37,0.05,13,00,05,00
Farmer_Flood_Measure_Costs,13_00_05_00,D&G,average,20,0.0,0.0,13,00,05,00
Farmer_Flood_Measure_Costs,13_00_05_00,D&G,average,60,17.77,0.05,13,00,05,00
Farmer_Flood_Measure_Costs,13_00_05_00,D&G,average,100,24.38,0.05,13,00,05,00
Farmer_Flood_Measure_Costs,13_00_05_00,D&G&Wp,average,20,0.0,0.0,13,00,05,00
Farmer_Flood_Measure_Costs,13_00_05_00,D&G&Wp,average,60,17.83,0.05,13,00,05,00
Farmer_Flood_Measure_Costs,13_00_05_00,D&G&Wp,average,100,24.24,0.05,13,00,05,00
Farmer_Flood_Measure_Costs,13_00_05_00,D&Wp,average,20,0.0,0.0,13,00,05,00
Farmer_Flood_Measure_Costs,13_00_05_00,D&Wp,average,60,17.85,0.05,13,00,05,00
Farmer_Flood_Measure_Costs,13_00_05_00,D&Wp,average,100,24.16,0.05,13,00,05,00
Farmer_Flood_Measure_Costs,13_00_05_00,G,average,20,0.0,0.0,13,00,05,00
Farmer_Flood_Measure_Costs,13_00_05_00,G,average,60,17.79,0.05,13,00,05,00
Farmer_Flood_Measure_Costs,13_00_05_00,G,average,100,24.4,0.05,13,00,05,00
Farmer_Flood_Measure_Costs,13_00_05_00,G&Wp,average,20,0.0,0.0,13,00,05,00
Farmer_Flood_Measure_Costs,13_00_05_00,G&Wp,average,60,17.87,0.05,13,00,05,00
Farmer_Flood_Measure_Costs,13_00_05_00,G&Wp,average,100,24.17,0.05,13,00,05,00
Farmer_Flood_Measure_Costs,13_00_05_00,Wp,average,20,0.0,0.0,13,00,05,00
Farmer_Flood_Measure_Costs,13_00_05_00,Wp,average,60,17.94,0.05,13,00,05,00
Farmer_Flood_Measure_Costs,13_00_05_00,Wp,average,100,23.94,0.05,13,00,05,00
Farmer_Flood_Measure_Costs,13_00_07_00,D,average,20,0.0,0.0,13,00,07,00
Farmer_Flood_Measure_Costs,13_00_07_00,D,average,60,17.54,0.05,13,00,07,00
Farmer_Flood_Measure_Costs,13_00_07_00,D,average,100,22.34,0.04,13,00,07,00
Farmer_Flood_Measure_Costs,13_00_07_00,D&G,average,20,0.0,0.0,13,00,07,00
Farmer_Flood_Measure_Costs,13_00_07_00,D&G,average,60,17.56,0.05,13,00,07,00
Farmer_Flood_Measure_Costs,13_00_07_00,D&G,average,100,22.36,0.04,13,00,07,00
Farmer_Flood_Measure_Costs,13_00_07_00,D&G&Wp,average,20,0.0,0.0,13,00,07,00
Farmer_Flood_Measure_Costs,13_00_07_00,D&G&Wp,average,60,17.61,0.05,13,00,07,00
Farmer_Flood_Measure_Costs,13_00_07_00,D&G&Wp,average,100,22.41,0.04,13,00,07,00
Farmer_Flood_Measure_Costs,13_00_07_00,D&Wp,average,20,0.0,0.0,13,00,07,00
Farmer_Flood_Measure_Costs,13_00_07_00,D&Wp,average,60,17.63,0.05,13,00,07,00
Farmer_Flood_Measure_Costs,13_00_07_00,D&Wp,average,100,22.43,0.04,13,00,07,00
Farmer_Flood_Measure_Costs,13_00_07_00,G,average,20,0.0,0.0,13,00,07,00
Farmer_Flood_Measure_Costs,13_00_07_00,G,average,60,17.57,0.05,13,00,07,00
Farmer_Flood_Measure_Costs,13_00_07_00,G,average,100,22.37,0.04,13,00,07,00
Farmer_Flood_Measure_Costs,13_00_07_00,G&Wp,average,20,0.0,0.0,13,00,07,00
Farmer_Flood_Measure_Costs,13_00_07_00,G&Wp,average,60,17.65,0.05,13,00,07,00
Farmer_Flood_Measure_Costs,13_00_07_00,G&Wp,average,100,22.44,0.04,13,00,07,00
Farmer_Flood_Measure_Costs,13_00_07_00,Wp,average,20,0.0,0.0,13,00,07,00
Farmer_Flood_Measure_Costs,13_00_07_00,Wp,average,60,17.72,0.05,13,00,07,00
Farmer_Flood_Measure_Costs,13_00_07_00,Wp,average,100,22.52,0.05,13,00,07,00
Farmer_Flood_Measure_Costs,13_00_09_00,D,average,20,0.0,0.0,13,00,09,00
Farmer_Flood_Measure_Costs,13_00_09_00,D,average,60,3.37,0.01,13,00,09,00
Farmer_Flood_Measure_Costs,13_00_09_00,D,average,100,8.25,0.02,13,00,09,00
Farmer_Flood_Measure_Costs,13_00_09_00,D&G,average,20,0.0,0.0,13,00,09,00
Farmer_Flood_Measure_Costs,13_00_09_00,D&G,average,60,3.39,0.01,13,00,09,00
Farmer_Flood_Measure_Costs,13_00_09_00,D&G,average,100,8.27,0.02,13,00,09,00
Farmer_Flood_Measure_Costs,13_00_09_00,D&G&Wp,average,20,0.0,0.0,13,00,09,00
Farmer_Flood_Measure_Costs,13_00_09_00,D&G&Wp,average,60,3.44,0.01,13,00,09,00
Farmer_Flood_Measure_Costs,13_00_09_00,D&G&Wp,average,100,8.52,0.02,13,00,09,00
Farmer_Flood_Measure_Costs,13_00_09_00,D&Wp,average,20,0.0,0.0,13,00,09,00
Farmer_Flood_Measure_Costs,13_00_09_00,D&Wp,average,60,3.46,0.01,13,00,09,00
Farmer_Flood_Measure_Costs,13_00_09_00,D&Wp,average,100,8.65,0.02,13,00,09,00
Farmer_Flood_Measure_Costs,13_00_09_00,G,average,20,0.0,0.0,13,00,09,00
Farmer_Flood_Measure_Costs,13_00_09_00,G,average,60,3.4,0.01,13,00,09,00
Farmer_Flood_Measure_Costs,13_00_09_00,G,average,100,8.28,0.02,13,00,09,00
Farmer_Flood_Measure_Costs,13_00_09_00,G&Wp,average,20,0.0,0.0,13,00,09,00
Farmer_Flood_Measure_Costs,13_00_09_00,G&Wp,average,60,3.48,0.01,13,00,09,00
Farmer_Flood_Measure_Costs,13_00_09_00,G&Wp,average,100,8.66,0.02,13,00,09,00
Farmer_Flood_Measure_Costs,13_00_09_00,Wp,average,20,0.0,0.0,13,00,09,00
Farmer_Flood_Measure_Costs,13_00_09_00,Wp,average,60,3.55,0.01,13,00,09,00
Farmer_Flood_Measure_Costs,13_00_09_00,Wp,average,100,9.04,0.02,13,00,09,00
Farmer_Flood_Measure_Costs,13_00_11_00,D,average,20,0.72,0.0,13,00,11,00
Farmer_Flood_Measure_Costs,13_00_11_00,D,average,60,65.04,0.19,13,00,11,00
Farmer_Flood_Measure_Costs,13_00_11_00,D,average,100,118.55,0.24,13,00,11,00
Farmer_Flood_Measure_Costs,13_00_11_00,D&G,average,20,0.76,0.01,13,00,11,00
Farmer_Flood_Measure_Costs,13_00_11_00,D&G,average,60,72.2,0.21,13,00,11,00
Farmer_Flood_Measure_Costs,13_00_11_00,D&G,average,100,125.76,0.25,13,00,11,00
Farmer_Flood_Measure_Costs,13_00_11_00,D&G&Wp,average,20,0.74,0.0,13,00,11,00
Farmer_Flood_Measure_Costs,13_00_11_00,D&G&Wp,average,60,84.47,0.24,13,00,11,00
Farmer_Flood_Measure_Costs,13_00_11_00,D&G&Wp,average,100,138.41,0.28,13,00,11,00
Farmer_Flood_Measure_Costs,13_00_11_00,D&Wp,average,20,0.7,0.0,13,00,11,00
Farmer_Flood_Measure_Costs,13_00_11_00,D&Wp,average,60,87.02,0.25,13,00,11,00
Farmer_Flood_Measure_Costs,13_00_11_00,D&Wp,average,100,141.13,0.28,13,00,11,00
Farmer_Flood_Measure_Costs,13_00_11_00,G,average,20,0.81,0.01,13,00,11,00
Farmer_Flood_Measure_Costs,13_00_11_00,G,average,60,79.36,0.23,13,00,11,00
Farmer_Flood_Measure_Costs,13_00_11_00,G,average,100,132.96,0.27,13,00,11,00
Farmer_Flood_Measure_Costs,13_00_11_00,G&Wp,average,20,0.75,0.01,13,00,11,00
Farmer_Flood_Measure_Costs,13_00_11_00,G&Wp,average,60,94.18,0.27,13,00,11,00
Farmer_Flood_Measure_Costs,13_00_11_00,G&Wp,average,100,148.34,0.3,13,00,11,00
Farmer_Flood_Measure_Costs,13_00_11_00,Wp,average,20,0.69,0.0,13,00,11,00
Farmer_Flood_Measure_Costs,13_00_11_00,Wp,average,60,109.01,0.31,13,00,11,00
Farmer_Flood_Measure_Costs,13_00_11_00,Wp,average,100,163.71,0.33,13,00,11,00
Farmer_Flood_Measure_Costs,13_00_13_00,D,average,20,0.72,0.0,13,00,13,00
Farmer_Flood_Measure_Costs,13_00_13_00,D,average,60,50.84,0.15,13,00,13,00
Farmer_Flood_Measure_Costs,13_00_13_00,D,average,100,75.34,0.15,13,00,13,00
Farmer_Flood_Measure_Costs,13_00_13_00,D&G,average,20,0.76,0.01,13,00,13,00
Farmer_Flood_Measure_Costs,13_00_13_00,D&G,average,60,65.1,0.19,13,00,13,00
Farmer_Flood_Measure_Costs,13_00_13_00,D&G,average,100,89.25,0.18,13,00,13,00
Farmer_Flood_Measure_Costs,13_00_13_00,D&G&Wp,average,20,0.74,0.0,13,00,13,00
Farmer_Flood_Measure_Costs,13_00_13_00,D&G&Wp,average,60,75.0,0.21,13,00,13,00
Farmer_Flood_Measure_Costs,13_00_13_00,D&G&Wp,average,100,104.6,0.21,13,00,13,00
Farmer_Flood_Measure_Costs,13_00_13_00,D&Wp,average,20,0.7,0.0,13,00,13,00
Farmer_Flood_Measure_Costs,13_00_13_00,D&Wp,average,60,72.82,0.21,13,00,13,00
Farmer_Flood_Measure_Costs,13_00_13_00,D&Wp,average,100,105.32,0.21,13,00,13,00
Farmer_Flood_Measure_Costs,13_00_13_00,G,average,20,0.81,0.01,13,00,13,00
Farmer_Flood_Measure_Costs,13_00_13_00,G,average,60,79.36,0.23,13,00,13,00
Farmer_Flood_Measure_Costs,13_00_13_00,G,average,100,103.16,0.21,13,00,13,00
Farmer_Flood_Measure_Costs,13_00_13_00,G&Wp,average,20,0.75,0.01,13,00,13,00
Farmer_Flood_Measure_Costs,13_00_13_00,G&Wp,average,60,87.08,0.25,13,00,13,00
Farmer_Flood_Measure_Costs,13_00_13_00,G&Wp,average,100,119.23,0.24,13,00,13,00
Farmer_Flood_Measure_Costs,13_00_13_00,Wp,average,20,0.69,0.0,13,00,13,00
Farmer_Flood_Measure_Costs,13_00_13_00,Wp,average,60,94.81,0.27,13,00,13,00
Farmer_Flood_Measure_Costs,13_00_13_00,Wp,average,100,135.31,0.27,13,00,13,00
Farmer_Structural_Damage,00_00_00_00,D,average,20,37.35,1.0,00,00,00,00
Farmer_Structural_Damage,00_00_00_00,D,average,60,131.28,1.0,00,00,00,00
Farmer_Structural_Damage,00_00_00_00,D,average,100,198.53,1.0,00,00,00,00
Farmer_Structural_Damage,00_00_00_00,D&G,average,20,40.5,1.0,00,00,00,00
Farmer_Structural_Damage,00_00_00_00,D&G,average,60,151.36,1.0,00,00,00,00
Farmer_Structural_Damage,00_00_00_00,D&G,average,100,254.13,1.0,00,00,00,00
Farmer_Structural_Damage,00_00_00_00,D&G&Wp,average,20,43.53,1.0,00,00,00,00
Farmer_Structural_Damage,00_00_00_00,D&G&Wp,average,60,183.58,1.0,00,00,00,00
Farmer_Structural_Damage,00_00_00_00,D&G&Wp,average,100,360.08,1.0,00,00,00,00
Farmer_Structural_Damage,00_00_00_00,D&Wp,average,20,43.46,1.0,00,00,00,00
Farmer_Structural_Damage,00_00_00_00,D&Wp,average,60,189.64,1.0,00,00,00,00
Farmer_Structural_Damage,00_00_00_00,D&Wp,average,100,385.25,1.0,00,00,00,00
Farmer_Structural_Damage,00_00_00_00,G,average,20,43.65,1.0,00,00,00,00
Farmer_Structural_Damage,00_00_00_00,G,average,60,171.45,1.0,00,00,00,00
Farmer_Structural_Damage,00_00_00_00,G,average,100,309.74,1.0,00,00,00,00
Farmer_Structural_Damage,00_00_00_00,G&Wp,average,20,46.62,1.0,00,00,00,00
Farmer_Structural_Damage,00_00_00_00,G&Wp,average,60,209.72,1.0,00,00,00,00
Farmer_Structural_Damage,00_00_00_00,G&Wp,average,100,440.86,1.0,00,00,00,00
Farmer_Structural_Damage,00_00_00_00,Wp,average,20,49.58,1.0,00,00,00,00
Farmer_Structural_Damage,00_00_00_00,Wp,average,60,248.0,1.0,00,00,00,00
Farmer_Structural_Damage,00_00_00_00,Wp,average,100,571.97,1.0,00,00,00,00
Farmer_Structural_Damage,00_00_01_00,D,average,20,37.35,1.0,00,00,01,00
Farmer_Structural_Damage,00_00_01_00,D,average,60,114.26,0.87,00,00,01,00
Farmer_Structural_Damage,00_00_01_00,D,average,100,136.3,0.69,00,00,01,00
Farmer_Structural_Damage,00_00_01_00,D&G,average,20,40.5,1.0,00,00,01,00
Farmer_Structural_Damage,00_00_01_00,D&G,average,60,130.73,0.86,00,00,01,00
Farmer_Structural_Damage,00_00_01_00,D&G,average,100,153.99,0.61,00,00,01,00
Farmer_Structural_Damage,00_00_01_00,D&G&Wp,average,20,43.53,1.0,00,00,01,00
Farmer_Structural_Damage,00_00_01_00,D&G&Wp,average,60,156.16,0.85,00,00,01,00
Farmer_Structural_Damage,00_00_01_00,D&G&Wp,average,100,175.1,0.49,00,00,01,00
Farmer_Structural_Damage,00_00_01_00,D&Wp,average,20,43.46,1.0,00,00,01,00
Farmer_Structural_Damage,00_00_01_00,D&Wp,average,60,160.64,0.85,00,00,01,00
Farmer_Structural_Damage,00_00_01_00,D&Wp,average,100,176.82,0.46,00,00,01,00
Farmer_Structural_Damage,00_00_01_00,G,average,20,43.65,1.0,00,00,01,00
Farmer_Structural_Damage,00_00_01_00,G,average,60,147.2,0.86,00,00,01,00
Farmer_Structural_Damage,00_00_01_00,G,average,100,171.68,0.55,00,00,01,00
Farmer_Structural_Damage,00_00_01_00,G&Wp,average,20,46.62,1.0,00,00,01,00
Farmer_Structural_Damage,00_00_01_00,G&Wp,average,60,177.11,0.84,00,00,01,00
Farmer_Structural_Damage,00_00_01_00,G&Wp,average,100,194.5,0.44,00,00,01,00
Farmer_Structural_Damage,00_00_01_00,Wp,average,20,49.58,1.0,00,00,01,00
Farmer_Structural_Damage,00_00_01_00,Wp,average,60,207.02,0.83,00,00,01,00
Farmer_Structural_Damage,00_00_01_00,Wp,average,100,217.33,0.38,00,00,01,00
Farmer_Structural_Damage,00_00_03_00,D,average,20,37.35,1.0,00,00,03,00
Farmer_Structural_Damage,00_00_03_00,D,average,60,114.26,0.87,00,00,03,00
Farmer_Structural_Damage,00_00_03_00,D,average,100,136.3,0.69,00,00,03,00
Farmer_Structural_Damage,00_00_03_00,D&G,average,20,40.5,1.0,00,00,03,00
Farmer_Structural_Damage,00_00_03_00,D&G,average,60,130.73,0.86,00,00,03,00
Farmer_Structural_Damage,00_00_03_00,D&G,average,100,153.99,0.61,00,00,03,00
Farmer_Structural_Damage,00_00_03_00,D&G&Wp,average,20,43.53,1.0,00,00,03,00
Farmer_Structural_Damage,00_00_03_00,D&G&Wp,average,60,156.16,0.85,00,00,03,00
Farmer_Structural_Damage,00_00_03_00,D&G&Wp,average,100,175.1,0.49,00,00,03,00
Farmer_Structural_Damage,00_00_03_00,D&Wp,average,20,43.46,1.0,00,00,03,00
Farmer_Structural_Damage,00_00_03_00,D&Wp,average,60,160.64,0.85,00,00,03,00
Farmer_Structural_Damage,00_00_03_00,D&Wp,average,100,176.82,0.46,00,00,03,00
Farmer_Structural_Damage,00_00_03_00,G,average,20,43.65,1.0,00,00,03,00
Farmer_Structural_Damage,00_00_03_00,G,average,60,147.2,0.86,00,00,03,00
Farmer_Structural_Damage,00_00_03_00,G,average,100,171.68,0.55,00,00,03,00
Farmer_Structural_Damage,00_00_03_00,G&Wp,average,20,46.62,1.0,00,00,03,00
Farmer_Structural_Damage,00_00_03_00,G&Wp,average,60,177.11,0.84,00,00,03,00
Farmer_Structural_Damage,00_00_03_00,G&Wp,average,100,194.5,0.44,00,00,03,00
Farmer_Structural_Damage,00_00_03_00,Wp,average,20,49.58,1.0,00,00,03,00
Farmer_Structural_Damage,00_00_03_00,Wp,average,60,207.02,0.83,00,00,03,00
Farmer_Structural_Damage,00_00_03_00,Wp,average,100,217.33,0.38,00,00,03,00
Farmer_Structural_Damage,00_00_05_00,D,average,20,10.77,0.29,00,00,05,00
Farmer_Structural_Damage,00_00_05_00,D,average,60,40.68,0.31,00,00,05,00
Farmer_Structural_Damage,00_00_05_00,D,average,100,44.06,0.22,00,00,05,00
Farmer_Structural_Damage,00_00_05_00,D&G,average,20,11.09,0.27,00,00,05,00
Farmer_Structural_Damage,00_00_05_00,D&G,average,60,43.16,0.29,00,00,05,00
Farmer_Structural_Damage,00_00_05_00,D&G,average,100,46.63,0.18,00,00,05,00
Farmer_Structural_Damage,00_00_05_00,D&G&Wp,average,20,11.2,0.26,00,00,05,00
Farmer_Structural_Damage,00_00_05_00,D&G&Wp,average,60,47.72,0.26,00,00,05,00
Farmer_Structural_Damage,00_00_05_00,D&G&Wp,average,100,50.99,0.14,00,00,05,00
Farmer_Structural_Damage,00_00_05_00,D&Wp,average,20,11.1,0.26,00,00,05,00
Farmer_Structural_Damage,00_00_05_00,D&Wp,average,60,48.76,0.26,00,00,05,00
Farmer_Structural_Damage,00_00_05_00,D&Wp,average,100,51.89,0.13,00,00,05,00
Farmer_Structural_Damage,00_00_05_00,G,average,20,11.41,0.26,00,00,05,00
Farmer_Structural_Damage,00_00_05_00,G,average,60,45.63,0.27,00,00,05,00
Farmer_Structural_Damage,00_00_05_00,G,average,100,49.2,0.16,00,00,05,00
Farmer_Structural_Damage,00_00_05_00,G&Wp,average,20,11.42,0.24,00,00,05,00
Farmer_Structural_Damage,00_00_05_00,G&Wp,average,60,51.23,0.24,00,00,05,00
Farmer_Structural_Damage,00_00_05_00,G&Wp,average,100,54.45,0.12,00,00,05,00
Farmer_Structural_Damage,00_00_05_00,Wp,average,20,11.42,0.23,00,00,05,00
Farmer_Structural_Damage,00_00_05_00,Wp,average,60,56.83,0.23,00,00,05,00
Farmer_Structural_Damage,00_00_05_00,Wp,average,100,59.71,0.1,00,00,05,00
Farmer_Structural_Damage,00_00_07_00,D,average,20,11.46,0.31,00,00,07,00
Farmer_Structural_Damage,00_00_07_00,D,average,60,45.65,0.35,00,00,07,00
Farmer_Structural_Damage,00_00_07_00,D,average,100,48.9,0.25,00,00,07,00
Farmer_Structural_Damage,00_00_07_00,D&G,average,20,11.79,0.29,00,00,07,00
Farmer_Structural_Damage,00_00_07_00,D&G,average,60,48.13,0.32,00,00,07,00
Farmer_Structural_Damage,00_00_07_00,D&G,average,100,50.45,0.2,00,00,07,00
Farmer_Structural_Damage,00_00_07_00,D&G&Wp,average,20,11.9,0.27,00,00,07,00
Farmer_Structural_Damage,00_00_07_00,D&G&Wp,average,60,52.43,0.29,00,00,07,00
Farmer_Structural_Damage,00_00_07_00,D&G&Wp,average,100,54.83,0.15,00,00,07,00
Farmer_Structural_Damage,00_00_07_00,D&Wp,average,20,11.79,0.27,00,00,07,00
Farmer_Structural_Damage,00_00_07_00,D&Wp,average,60,53.34,0.28,00,00,07,00
Farmer_Structural_Damage,00_00_07_00,D&Wp,average,100,56.25,0.15,00,00,07,00
Farmer_Structural_Damage,00_00_07_00,G,average,20,12.12,0.28,00,00,07,00
Farmer_Structural_Damage,00_00_07_00,G,average,60,50.61,0.3,00,00,07,00
Farmer_Structural_Damage,00_00_07_00,G,average,100,51.99,0.17,00,00,07,00
Farmer_Structural_Damage,00_00_07_00,G&Wp,average,20,12.12,0.26,00,00,07,00
Farmer_Structural_Damage,00_00_07_00,G&Wp,average,60,55.82,0.27,00,00,07,00
Farmer_Structural_Damage,00_00_07_00,G&Wp,average,100,57.79,0.13,00,00,07,00
Farmer_Structural_Damage,00_00_07_00,Wp,average,20,12.12,0.24,00,00,07,00
Farmer_Structural_Damage,00_00_07_00,Wp,average,60,61.03,0.25,00,00,07,00
Farmer_Structural_Damage,00_00_07_00,Wp,average,100,63.59,0.11,00,00,07,00
Farmer_Structural_Damage,00_00_09_00,D,average,20,10.77,0.29,00,00,09,00
Farmer_Structural_Damage,00_00_09_00,D,average,60,37.44,0.29,00,00,09,00
Farmer_Structural_Damage,00_00_09_00,D,average,100,37.44,0.19,00,00,09,00
Farmer_Structural_Damage,00_00_09_00,D&G,average,20,11.09,0.27,00,00,09,00
Farmer_Structural_Damage,00_00_09_00,D&G,average,60,39.86,0.26,00,00,09,00
Farmer_Structural_Damage,00_00_09_00,D&G,average,100,39.86,0.16,00,00,09,00
Farmer_Structural_Damage,00_00_09_00,D&G&Wp,average,20,11.2,0.26,00,00,09,00
Farmer_Structural_Damage,00_00_09_00,D&G&Wp,average,60,43.83,0.24,00,00,09,00
Farmer_Structural_Damage,00_00_09_00,D&G&Wp,average,100,44.83,0.12,00,00,09,00
Farmer_Structural_Damage,00_00_09_00,D&Wp,average,20,11.1,0.26,00,00,09,00
Farmer_Structural_Damage,00_00_09_00,D&Wp,average,60,44.6,0.24,00,00,09,00
Farmer_Structural_Damage,00_00_09_00,D&Wp,average,100,46.11,0.12,00,00,09,00
Farmer_Structural_Damage,00_00_09_00,G,average,20,11.41,0.26,00,00,09,00
Farmer_Structural_Damage,00_00_09_00,G,average,60,42.28,0.25,00,00,09,00
Farmer_Structural_Damage,00_00_09_00,G,average,100,42.28,0.14,00,00,09,00
Farmer_Structural_Damage,00_00_09_00,G&Wp,average,20,11.42,0.24,00,00,09,00
Farmer_Structural_Damage,00_00_09_00,G&Wp,average,60,47.02,0.22,00,00,09,00
Farmer_Structural_Damage,00_00_09_00,G&Wp,average,100,48.53,0.11,00,00,09,00
Farmer_Structural_Damage,00_00_09_00,Wp,average,20,11.42,0.23,00,00,09,00
Farmer_Structural_Damage,00_00_09_00,Wp,average,60,51.76,0.21,00,00,09,00
Farmer_Structural_Damage,00_00_09_00,Wp,average,100,54.78,0.1,00,00,09,00
Farmer_Structural_Damage,00_00_11_00,D,average,20,37.35,1.0,00,00,11,00
Farmer_Structural_Damage,00_00_11_00,D,average,60,119.09,0.91,00,00,11,00
Farmer_Structural_Damage,00_00_11_00,D,average,100,169.05,0.85,00,00,11,00
Farmer_Structural_Damage,00_00_11_00,D&G,average,20,40.5,1.0,00,00,11,00
Farmer_Structural_Damage,00_00_11_00,D&G,average,60,135.72,0.9,00,00,11,00
Farmer_Structural_Damage,00_00_11_00,D&G,average,100,189.11,0.74,00,00,11,00
Farmer_Structural_Damage,00_00_11_00,D&G&Wp,average,20,43.53,1.0,00,00,11,00
Farmer_Structural_Damage,00_00_11_00,D&G&Wp,average,60,164.04,0.89,00,00,11,00
Farmer_Structural_Damage,00_00_11_00,D&G&Wp,average,100,227.57,0.63,00,00,11,00
Farmer_Structural_Damage,00_00_11_00,D&Wp,average,20,43.46,1.0,00,00,11,00
Farmer_Structural_Damage,00_00_11_00,D&Wp,average,60,169.88,0.9,00,00,11,00
Farmer_Structural_Damage,00_00_11_00,D&Wp,average,100,236.77,0.61,00,00,11,00
Farmer_Structural_Damage,00_00_11_00,G,average,20,43.65,1.0,00,00,11,00
Farmer_Structural_Damage,00_00_11_00,G,average,60,152.35,0.89,00,00,11,00
Farmer_Structural_Damage,00_00_11_00,G,average,100,209.18,0.68,00,00,11,00
Farmer_Structural_Damage,00_00_11_00,G&Wp,average,20,46.62,1.0,00,00,11,00
Farmer_Structural_Damage,00_00_11_00,G&Wp,average,60,186.51,0.89,00,00,11,00
Farmer_Structural_Damage,00_00_11_00,G&Wp,average,100,256.83,0.58,00,00,11,00
Farmer_Structural_Damage,00_00_11_00,Wp,average,20,49.58,1.0,00,00,11,00
Farmer_Structural_Damage,00_00_11_00,Wp,average,60,220.67,0.89,00,00,11,00
Farmer_Structural_Damage,00_00_11_00,Wp,average,100,304.48,0.53,00,00,11,00
Farmer_Structural_Damage,00_00_13_00,D,average,20,37.35,1.0,00,00,13,00
Farmer_Structural_Damage,00_00_13_00,D,average,60,113.06,0.86,00,00,13,00
Farmer_Structural_Damage,00_00_13_00,D,average,100,140.92,0.71,00,00,13,00
Farmer_Structural_Damage,00_00_13_00,D&G,average,20,40.5,1.0,00,00,13,00
Farmer_Structural_Damage,00_00_13_00,D&G,average,60,129.93,0.86,00,00,13,00
Farmer_Structural_Damage,00_00_13_00,D&G,average,100,157.99,0.62,00,00,13,00
Farmer_Structural_Damage,00_00_13_00,D&G&Wp,average,20,43.53,1.0,00,00,13,00
Farmer_Structural_Damage,00_00_13_00,D&G&Wp,average,60,152.9,0.83,00,00,13,00
Farmer_Structural_Damage,00_00_13_00,D&G&Wp,average,100,177.86,0.49,00,00,13,00
Farmer_Structural_Damage,00_00_13_00,D&Wp,average,20,43.46,1.0,00,00,13,00
Farmer_Structural_Damage,00_00_13_00,D&Wp,average,60,155.95,0.82,00,00,13,00
Farmer_Structural_Damage,00_00_13_00,D&Wp,average,100,179.26,0.47,00,00,13,00
Farmer_Structural_Damage,00_00_13_00,G,average,20,43.65,1.0,00,00,13,00
Farmer_Structural_Damage,00_00_13_00,G,average,60,146.8,0.86,00,00,13,00
Farmer_Structural_Damage,00_00_13_00,G,average,100,175.06,0.57,00,00,13,00
Farmer_Structural_Damage,00_00_13_00,G&Wp,average,20,46.62,1.0,00,00,13,00
Farmer_Structural_Damage,00_00_13_00,G&Wp,average,60,172.82,0.82,00,00,13,00
Farmer_Structural_Damage,00_00_13_00,G&Wp,average,100,196.33,0.45,00,00,13,00
Farmer_Structural_Damage,00_00_13_00,Wp,average,20,49.58,1.0,00,00,13,00
Farmer_Structural_Damage,00_00_13_00,Wp,average,60,198.83,0.8,00,00,13,00
Farmer_Structural_Damage,00_00_13_00,Wp,average,100,217.59,0.38,00,00,13,00
Farmer_Structural_Damage,01_00_00_00,D,average,20,37.16,0.99,01,00,00,00
Farmer_Structural_Damage,01_00_00_00,D,average,60,128.61,0.98,01,00,00,00
Farmer_Structural_Damage,01_00_00_00,D,average,100,189.45,0.95,01,00,00,00
Farmer_Structural_Damage,01_00_00_00,D&G,average,20,40.17,0.99,01,00,00,00
Farmer_Structural_Damage,01_00_00_00,D&G,average,60,146.6,0.97,01,00,00,00
Farmer_Structural_Damage,01_00_00_00,D&G,average,100,223.94,0.88,01,00,00,00
Farmer_Structural_Damage,01_00_00_00,D&G&Wp,average,20,43.23,0.99,01,00,00,00
Farmer_Structural_Damage,01_00_00_00,D&G&Wp,average,60,169.85,0.93,01,00,00,00
Farmer_Structural_Damage,01_00_00_00,D&G&Wp,average,100,246.76,0.69,01,00,00,00
Farmer_Structural_Damage,01_00_00_00,D&Wp,average,20,43.26,1.0,01,00,00,00
Farmer_Structural_Damage,01_00_00_00,D&Wp,average,60,172.48,0.91,01,00,00,00
Farmer_Structural_Damage,01_00_00_00,D&Wp,average,100,240.92,0.63,01,00,00,00
Farmer_Structural_Damage,01_00_00_00,G,average,20,43.18,0.99,01,00,00,00
Farmer_Structural_Damage,01_00_00_00,G,average,60,164.58,0.96,01,00,00,00
Farmer_Structural_Damage,01_00_00_00,G,average,100,258.43,0.83,01,00,00,00
Farmer_Structural_Damage,01_00_00_00,G&Wp,average,20,46.27,0.99,01,00,00,00
Farmer_Structural_Damage,01_00_00_00,G&Wp,average,60,190.47,0.91,01,00,00,00
Farmer_Structural_Damage,01_00_00_00,G&Wp,average,100,275.41,0.62,01,00,00,00
Farmer_Structural_Damage,01_00_00_00,Wp,average,20,49.36,1.0,01,00,00,00
Farmer_Structural_Damage,01_00_00_00,Wp,average,60,216.35,0.87,01,00,00,00
Farmer_Structural_Damage,01_00_00_00,Wp,average,100,292.39,0.51,01,00,00,00
Farmer_Structural_Damage,01_00_01_00,D,average,20,37.16,0.99,01,00,01,00
Farmer_Structural_Damage,01_00_01_00,D,average,60,112.07,0.85,01,00,01,00
Farmer_Structural_Damage,01_00_01_00,D,average,100,132.88,0.67,01,00,01,00
Farmer_Structural_Damage,01_00_01_00,D&G,average,20,40.17,0.99,01,00,01,00
Farmer_Structural_Damage,01_00_01_00,D&G,average,60,127.6,0.84,01,00,01,00
Farmer_Structural_Damage,01_00_01_00,D&G,average,100,146.59,0.58,01,00,01,00
Farmer_Structural_Damage,01_00_01_00,D&G&Wp,average,20,43.23,0.99,01,00,01,00
Farmer_Structural_Damage,01_00_01_00,D&G&Wp,average,60,150.96,0.82,01,00,01,00
Farmer_Structural_Damage,01_00_01_00,D&G&Wp,average,100,166.71,0.46,01,00,01,00
Farmer_Structural_Damage,01_00_01_00,D&Wp,average,20,43.26,1.0,01,00,01,00
Farmer_Structural_Damage,01_00_01_00,D&Wp,average,60,154.88,0.82,01,00,01,00
Farmer_Structural_Damage,01_00_01_00,D&Wp,average,100,169.92,0.44,01,00,01,00
Farmer_Structural_Damage,01_00_01_00,G,average,20,43.18,0.99,01,00,01,00
Farmer_Structural_Damage,01_00_01_00,G,average,60,143.12,0.83,01,00,01,00
Farmer_Structural_Damage,01_00_01_00,G,average,100,160.3,0.52,01,00,01,00
Farmer_Structural_Damage,01_00_01_00,G&Wp,average,20,46.27,0.99,01,00,01,00
Farmer_Structural_Damage,01_00_01_00,G&Wp,average,60,170.4,0.81,01,00,01,00
Farmer_Structural_Damage,01_00_01_00,G&Wp,average,100,183.63,0.42,01,00,01,00
Farmer_Structural_Damage,01_00_01_00,Wp,average,20,49.36,1.0,01,00,01,00
Farmer_Structural_Damage,01_00_01_00,Wp,average,60,197.69,0.8,01,00,01,00
Farmer_Structural_Damage,01_00_01_00,Wp,average,100,206.96,0.36,01,00,01,00
Farmer_Structural_Damage,01_00_03_00,D,average,20,37.16,0.99,01,00,03,00
Farmer_Structural_Damage,01_00_03_00,D,average,60,112.08,0.85,01,00,03,00
Farmer_Structural_Damage,01_00_03_00,D,average,100,132.89,0.67,01,00,03,00
Farmer_Structural_Damage,01_00_03_00,D&G,average,20,40.17,0.99,01,00,03,00
Farmer_Structural_Damage,01_00_03_00,D&G,average,60,127.6,0.84,01,00,03,00
Farmer_Structural_Damage,01_00_03_00,D&G,average,100,146.6,0.58,01,00,03,00
Farmer_Structural_Damage,01_00_03_00,D&G&Wp,average,20,43.23,0.99,01,00,03,00
Farmer_Structural_Damage,01_00_03_00,D&G&Wp,average,60,150.97,0.82,01,00,03,00
Farmer_Structural_Damage,01_00_03_00,D&G&Wp,average,100,166.73,0.46,01,00,03,00
Farmer_Structural_Damage,01_00_03_00,D&Wp,average,20,43.26,1.0,01,00,03,00
Farmer_Structural_Damage,01_00_03_00,D&Wp,average,60,154.89,0.82,01,00,03,00
Farmer_Structural_Damage,01_00_03_00,D&Wp,average,100,169.94,0.44,01,00,03,00
Farmer_Structural_Damage,01_00_03_00,G,average,20,43.18,0.99,01,00,03,00
Farmer_Structural_Damage,01_00_03_00,G,average,60,143.12,0.83,01,00,03,00
Farmer_Structural_Damage,01_00_03_00,G,average,100,160.31,0.52,01,00,03,00
Farmer_Structural_Damage,01_00_03_00,G&Wp,average,20,46.27,0.99,01,00,03,00
Farmer_Structural_Damage,01_00_03_00,G&Wp,average,60,170.41,0.81,01,00,03,00
Farmer_Structural_Damage,01_00_03_00,G&Wp,average,100,183.64,0.42,01,00,03,00
Farmer_Structural_Damage,01_00_03_00,Wp,average,20,49.36,1.0,01,00,03,00
Farmer_Structural_Damage,01_00_03_00,Wp,average,60,197.7,0.8,01,00,03,00
Farmer_Structural_Damage,01_00_03_00,Wp,average,100,206.98,0.36,01,00,03,00
Farmer_Structural_Damage,01_00_05_00,D,average,20,10.77,0.29,01,00,05,00
Farmer_Structural_Damage,01_00_05_00,D,average,60,40.68,0.31,01,00,05,00
Farmer_Structural_Damage,01_00_05_00,D,average,100,44.06,0.22,01,00,05,00
Farmer_Structural_Damage,01_00_05_00,D&G,average,20,11.09,0.27,01,00,05,00
Farmer_Structural_Damage,01_00_05_00,D&G,average,60,43.16,0.29,01,00,05,00
Farmer_Structural_Damage,01_00_05_00,D&G,average,100,46.63,0.18,01,00,05,00
Farmer_Structural_Damage,01_00_05_00,D&G&Wp,average,20,11.2,0.26,01,00,05,00
Farmer_Structural_Damage,01_00_05_00,D&G&Wp,average,60,47.72,0.26,01,00,05,00
Farmer_Structural_Damage,01_00_05_00,D&G&Wp,average,100,50.99,0.14,01,00,05,00
Farmer_Structural_Damage,01_00_05_00,D&Wp,average,20,11.1,0.26,01,00,05,00
Farmer_Structural_Damage,01_00_05_00,D&Wp,average,60,48.76,0.26,01,00,05,00
Farmer_Structural_Damage,01_00_05_00,D&Wp,average,100,51.89,0.13,01,00,05,00
Farmer_Structural_Damage,01_00_05_00,G,average,20,11.41,0.26,01,00,05,00
Farmer_Structural_Damage,01_00_05_00,G,average,60,45.63,0.27,01,00,05,00
Farmer_Structural_Damage,01_00_05_00,G,average,100,49.2,0.16,01,00,05,00
Farmer_Structural_Damage,01_00_05_00,G&Wp,average,20,11.42,0.24,01,00,05,00
Farmer_Structural_Damage,01_00_05_00,G&Wp,average,60,51.23,0.24,01,00,05,00
Farmer_Structural_Damage,01_00_05_00,G&Wp,average,100,54.45,0.12,01,00,05,00
Farmer_Structural_Damage,01_00_05_00,Wp,average,20,11.42,0.23,01,00,05,00
Farmer_Structural_Damage,01_00_05_00,Wp,average,60,56.83,0.23,01,00,05,00
Farmer_Structural_Damage,01_00_05_00,Wp,average,100,59.71,0.1,01,00,05,00
Farmer_Structural_Damage,01_00_07_00,D,average,20,11.47,0.31,01,00,07,00
Farmer_Structural_Damage,01_00_07_00,D,average,60,45.48,0.35,01,00,07,00
Farmer_Structural_Damage,01_00_07_00,D,average,100,49.05,0.25,01,00,07,00
Farmer_Structural_Damage,01_00_07_00,D&G,average,20,11.8,0.29,01,00,07,00
Farmer_Structural_Damage,01_00_07_00,D&G,average,60,47.97,0.32,01,00,07,00
Farmer_Structural_Damage,01_00_07_00,D&G,average,100,50.42,0.2,01,00,07,00
Farmer_Structural_Damage,01_00_07_00,D&G&Wp,average,20,11.9,0.27,01,00,07,00
Farmer_Structural_Damage,01_00_07_00,D&G&Wp,average,60,52.26,0.28,01,00,07,00
Farmer_Structural_Damage,01_00_07_00,D&G&Wp,average,100,54.74,0.15,01,00,07,00
Farmer_Structural_Damage,01_00_07_00,D&Wp,average,20,11.79,0.27,01,00,07,00
Farmer_Structural_Damage,01_00_07_00,D&Wp,average,60,53.17,0.28,01,00,07,00
Farmer_Structural_Damage,01_00_07_00,D&Wp,average,100,56.21,0.15,01,00,07,00
Farmer_Structural_Damage,01_00_07_00,G,average,20,12.13,0.28,01,00,07,00
Farmer_Structural_Damage,01_00_07_00,G,average,60,50.45,0.29,01,00,07,00
Farmer_Structural_Damage,01_00_07_00,G,average,100,51.79,0.17,01,00,07,00
Farmer_Structural_Damage,01_00_07_00,G&Wp,average,20,12.12,0.26,01,00,07,00
Farmer_Structural_Damage,01_00_07_00,G&Wp,average,60,55.65,0.27,01,00,07,00
Farmer_Structural_Damage,01_00_07_00,G&Wp,average,100,57.58,0.13,01,00,07,00
Farmer_Structural_Damage,01_00_07_00,Wp,average,20,12.11,0.24,01,00,07,00
Farmer_Structural_Damage,01_00_07_00,Wp,average,60,60.85,0.25,01,00,07,00
Farmer_Structural_Damage,01_00_07_00,Wp,average,100,63.37,0.11,01,00,07,00
Farmer_Structural_Damage,01_00_09_00,D,average,20,10.77,0.29,01,00,09,00
Farmer_Structural_Damage,01_00_09_00,D,average,60,37.44,0.29,01,00,09,00
Farmer_Structural_Damage,01_00_09_00,D,average,100,37.44,0.19,01,00,09,00
Farmer_Structural_Damage,01_00_09_00,D&G,average,20,11.09,0.27,01,00,09,00
Farmer_Structural_Damage,01_00_09_00,D&G,average,60,39.86,0.26,01,00,09,00
Farmer_Structural_Damage,01_00_09_00,D&G,average,100,39.86,0.16,01,00,09,00
Farmer_Structural_Damage,01_00_09_00,D&G&Wp,average,20,11.2,0.26,01,00,09,00
Farmer_Structural_Damage,01_00_09_00,D&G&Wp,average,60,43.83,0.24,01,00,09,00
Farmer_Structural_Damage,01_00_09_00,D&G&Wp,average,100,44.83,0.12,01,00,09,00
Farmer_Structural_Damage,01_00_09_00,D&Wp,average,20,11.1,0.26,01,00,09,00
Farmer_Structural_Damage,01_00_09_00,D&Wp,average,60,44.6,0.24,01,00,09,00
Farmer_Structural_Damage,01_00_09_00,D&Wp,average,100,46.11,0.12,01,00,09,00
Farmer_Structural_Damage,01_00_09_00,G,average,20,11.41,0.26,01,00,09,00
Farmer_Structural_Damage,01_00_09_00,G,average,60,42.28,0.25,01,00,09,00
Farmer_Structural_Damage,01_00_09_00,G,average,100,42.28,0.14,01,00,09,00
Farmer_Structural_Damage,01_00_09_00,G&Wp,average,20,11.42,0.24,01,00,09,00
Farmer_Structural_Damage,01_00_09_00,G&Wp,average,60,47.02,0.22,01,00,09,00
Farmer_Structural_Damage,01_00_09_00,G&Wp,average,100,48.53,0.11,01,00,09,00
Farmer_Structural_Damage,01_00_09_00,Wp,average,20,11.42,0.23,01,00,09,00
Farmer_Structural_Damage,01_00_09_00,Wp,average,60,51.76,0.21,01,00,09,00
Farmer_Structural_Damage,01_00_09_00,Wp,average,100,54.78,0.1,01,00,09,00
Farmer_Structural_Damage,01_00_11_00,D,average,20,37.16,0.99,01,00,11,00
Farmer_Structural_Damage,01_00_11_00,D,average,60,116.76,0.89,01,00,11,00
Farmer_Structural_Damage,01_00_11_00,D,average,100,163.21,0.82,01,00,11,00
Farmer_Structural_Damage,01_00_11_00,D&G,average,20,40.17,0.99,01,00,11,00
Farmer_Structural_Damage,01_00_11_00,D&G,average,60,132.22,0.87,01,00,11,00
Farmer_Structural_Damage,01_00_11_00,D&G,average,100,176.68,0.7,01,00,11,00
Farmer_Structural_Damage,01_00_11_00,D&G&Wp,average,20,43.23,0.99,01,00,11,00
Farmer_Structural_Damage,01_00_11_00,D&G&Wp,average,60,158.11,0.86,01,00,11,00
Farmer_Structural_Damage,01_00_11_00,D&G&Wp,average,100,199.5,0.55,01,00,11,00
Farmer_Structural_Damage,01_00_11_00,D&Wp,average,20,43.26,1.0,01,00,11,00
Farmer_Structural_Damage,01_00_11_00,D&Wp,average,60,163.32,0.86,01,00,11,00
Farmer_Structural_Damage,01_00_11_00,D&Wp,average,100,204.17,0.53,01,00,11,00
Farmer_Structural_Damage,01_00_11_00,G,average,20,43.18,0.99,01,00,11,00
Farmer_Structural_Damage,01_00_11_00,G,average,60,147.68,0.86,01,00,11,00
Farmer_Structural_Damage,01_00_11_00,G,average,100,190.15,0.61,01,00,11,00
Farmer_Structural_Damage,01_00_11_00,G&Wp,average,20,46.27,0.99,01,00,11,00
Farmer_Structural_Damage,01_00_11_00,G&Wp,average,60,178.78,0.85,01,00,11,00
Farmer_Structural_Damage,01_00_11_00,G&Wp,average,100,217.64,0.49,01,00,11,00
Farmer_Structural_Damage,01_00_11_00,Wp,average,20,49.36,1.0,01,00,11,00
Farmer_Structural_Damage,01_00_11_00,Wp,average,60,209.88,0.85,01,00,11,00
Farmer_Structural_Damage,01_00_11_00,Wp,average,100,245.12,0.43,01,00,11,00
Farmer_Structural_Damage,01_00_13_00,D,average,20,37.16,0.99,01,00,13,00
Farmer_Structural_Damage,01_00_13_00,D,average,60,110.89,0.84,01,00,13,00
Farmer_Structural_Damage,01_00_13_00,D,average,100,136.18,0.69,01,00,13,00
Farmer_Structural_Damage,01_00_13_00,D&G,average,20,40.17,0.99,01,00,13,00
Farmer_Structural_Damage,01_00_13_00,D&G,average,60,126.78,0.84,01,00,13,00
Farmer_Structural_Damage,01_00_13_00,D&G,average,100,149.21,0.59,01,00,13,00
Farmer_Structural_Damage,01_00_13_00,D&G&Wp,average,20,43.23,0.99,01,00,13,00
Farmer_Structural_Damage,01_00_13_00,D&G&Wp,average,60,147.7,0.8,01,00,13,00
Farmer_Structural_Damage,01_00_13_00,D&G&Wp,average,100,166.83,0.46,01,00,13,00
Farmer_Structural_Damage,01_00_13_00,D&Wp,average,20,43.26,1.0,01,00,13,00
Farmer_Structural_Damage,01_00_13_00,D&Wp,average,60,150.22,0.79,01,00,13,00
Farmer_Structural_Damage,01_00_13_00,D&Wp,average,100,169.12,0.44,01,00,13,00
Farmer_Structural_Damage,01_00_13_00,G,average,20,43.18,0.99,01,00,13,00
Farmer_Structural_Damage,01_00_13_00,G,average,60,142.68,0.83,01,00,13,00
Farmer_Structural_Damage,01_00_13_00,G,average,100,162.24,0.52,01,00,13,00
Farmer_Structural_Damage,01_00_13_00,G&Wp,average,20,46.27,0.99,01,00,13,00
Farmer_Structural_Damage,01_00_13_00,G&Wp,average,60,166.11,0.79,01,00,13,00
Farmer_Structural_Damage,01_00_13_00,G&Wp,average,100,182.15,0.41,01,00,13,00
Farmer_Structural_Damage,01_00_13_00,Wp,average,20,49.36,1.0,01,00,13,00
Farmer_Structural_Damage,01_00_13_00,Wp,average,60,189.55,0.76,01,00,13,00
Farmer_Structural_Damage,01_00_13_00,Wp,average,100,202.06,0.35,01,00,13,00
Farmer_Structural_Damage,03_00_00_00,D,average,20,36.7,0.98,03,00,00,00
Farmer_Structural_Damage,03_00_00_00,D,average,60,124.77,0.95,03,00,00,00
Farmer_Structural_Damage,03_00_00_00,D,average,100,183.5,0.92,03,00,00,00
Farmer_Structural_Damage,03_00_00_00,D&G,average,20,39.45,0.97,03,00,00,00
Farmer_Structural_Damage,03_00_00_00,D&G,average,60,143.29,0.95,03,00,00,00
Farmer_Structural_Damage,03_00_00_00,D&G,average,100,218.53,0.86,03,00,00,00
Farmer_Structural_Damage,03_00_00_00,D&G&Wp,average,20,42.62,0.98,03,00,00,00
Farmer_Structural_Damage,03_00_00_00,D&G&Wp,average,60,166.25,0.91,03,00,00,00
Farmer_Structural_Damage,03_00_00_00,D&G&Wp,average,100,247.26,0.69,03,00,00,00
Farmer_Structural_Damage,03_00_00_00,D&Wp,average,20,42.83,0.99,03,00,00,00
Farmer_Structural_Damage,03_00_00_00,D&Wp,average,60,168.47,0.89,03,00,00,00
Farmer_Structural_Damage,03_00_00_00,D&Wp,average,100,244.11,0.63,03,00,00,00
Farmer_Structural_Damage,03_00_00_00,G,average,20,42.2,0.97,03,00,00,00
Farmer_Structural_Damage,03_00_00_00,G,average,60,161.82,0.94,03,00,00,00
Farmer_Structural_Damage,03_00_00_00,G,average,100,253.57,0.82,03,00,00,00
Farmer_Structural_Damage,03_00_00_00,G&Wp,average,20,45.57,0.98,03,00,00,00
Farmer_Structural_Damage,03_00_00_00,G&Wp,average,60,186.99,0.89,03,00,00,00
Farmer_Structural_Damage,03_00_00_00,G&Wp,average,100,279.14,0.63,03,00,00,00
Farmer_Structural_Damage,03_00_00_00,Wp,average,20,48.95,0.99,03,00,00,00
Farmer_Structural_Damage,03_00_00_00,Wp,average,60,212.17,0.86,03,00,00,00
Farmer_Structural_Damage,03_00_00_00,Wp,average,100,304.72,0.53,03,00,00,00
Farmer_Structural_Damage,03_00_01_00,D,average,20,36.71,0.98,03,00,01,00
Farmer_Structural_Damage,03_00_01_00,D,average,60,109.26,0.83,03,00,01,00
Farmer_Structural_Damage,03_00_01_00,D,average,100,129.57,0.65,03,00,01,00
Farmer_Structural_Damage,03_00_01_00,D&G,average,20,39.45,0.97,03,00,01,00
Farmer_Structural_Damage,03_00_01_00,D&G,average,60,124.47,0.82,03,00,01,00
Farmer_Structural_Damage,03_00_01_00,D&G,average,100,143.15,0.56,03,00,01,00
Farmer_Structural_Damage,03_00_01_00,D&G&Wp,average,20,42.62,0.98,03,00,01,00
Farmer_Structural_Damage,03_00_01_00,D&G&Wp,average,60,147.55,0.8,03,00,01,00
Farmer_Structural_Damage,03_00_01_00,D&G&Wp,average,100,163.04,0.45,03,00,01,00
Farmer_Structural_Damage,03_00_01_00,D&Wp,average,20,42.83,0.99,03,00,01,00
Farmer_Structural_Damage,03_00_01_00,D&Wp,average,60,151.49,0.8,03,00,01,00
Farmer_Structural_Damage,03_00_01_00,D&Wp,average,100,166.19,0.43,03,00,01,00
Farmer_Structural_Damage,03_00_01_00,G,average,20,42.2,0.97,03,00,01,00
Farmer_Structural_Damage,03_00_01_00,G,average,60,139.68,0.81,03,00,01,00
Farmer_Structural_Damage,03_00_01_00,G,average,100,156.73,0.51,03,00,01,00
Farmer_Structural_Damage,03_00_01_00,G&Wp,average,20,45.57,0.98,03,00,01,00
Farmer_Structural_Damage,03_00_01_00,G&Wp,average,60,166.7,0.79,03,00,01,00
Farmer_Structural_Damage,03_00_01_00,G&Wp,average,100,179.77,0.41,03,00,01,00
Farmer_Structural_Damage,03_00_01_00,Wp,average,20,48.95,0.99,03,00,01,00
Farmer_Structural_Damage,03_00_01_00,Wp,average,60,193.72,0.78,03,00,01,00
Farmer_Structural_Damage,03_00_01_00,Wp,average,100,202.81,0.35,03,00,01,00
Farmer_Structural_Damage,03_00_03_00,D,average,20,36.71,0.98,03,00,03,00
Farmer_Structural_Damage,03_00_03_00,D,average,60,109.28,0.83,03,00,03,00
Farmer_Structural_Damage,03_00_03_00,D,average,100,129.58,0.65,03,00,03,00
Farmer_Structural_Damage,03_00_03_00,D&G,average,20,39.45,0.97,03,00,03,00
Farmer_Structural_Damage,03_00_03_00,D&G,average,60,124.46,0.82,03,00,03,00
Farmer_Structural_Damage,03_00_03_00,D&G,average,100,143.14,0.56,03,00,03,00
Farmer_Structural_Damage,03_00_03_00,D&G&Wp,average,20,42.62,0.98,03,00,03,00
Farmer_Structural_Damage,03_00_03_00,D&G&Wp,average,60,147.54,0.8,03,00,03,00
Farmer_Structural_Damage,03_00_03_00,D&G&Wp,average,100,163.02,0.45,03,00,03,00
Farmer_Structural_Damage,03_00_03_00,D&Wp,average,20,42.83,0.99,03,00,03,00
Farmer_Structural_Damage,03_00_03_00,D&Wp,average,60,151.49,0.8,03,00,03,00
Farmer_Structural_Damage,03_00_03_00,D&Wp,average,100,166.19,0.43,03,00,03,00
Farmer_Structural_Damage,03_00_03_00,G,average,20,42.19,0.97,03,00,03,00
Farmer_Structural_Damage,03_00_03_00,G,average,60,139.64,0.81,03,00,03,00
Farmer_Structural_Damage,03_00_03_00,G,average,100,156.69,0.51,03,00,03,00
Farmer_Structural_Damage,03_00_03_00,G&Wp,average,20,45.57,0.98,03,00,03,00
Farmer_Structural_Damage,03_00_03_00,G&Wp,average,60,166.67,0.79,03,00,03,00
Farmer_Structural_Damage,03_00_03_00,G&Wp,average,100,179.74,0.41,03,00,03,00
Farmer_Structural_Damage,03_00_03_00,Wp,average,20,48.95,0.99,03,00,03,00
Farmer_Structural_Damage,03_00_03_00,Wp,average,60,193.7,0.78,03,00,03,00
Farmer_Structural_Damage,03_00_03_00,Wp,average,100,202.79,0.35,03,00,03,00
Farmer_Structural_Damage,03_00_05_00,D,average,20,10.77,0.29,03,00,05,00
Farmer_Structural_Damage,03_00_05_00,D,average,60,40.68,0.31,03,00,05,00
Farmer_Structural_Damage,03_00_05_00,D,average,100,44.06,0.22,03,00,05,00
Farmer_Structural_Damage,03_00_05_00,D&G,average,20,11.09,0.27,03,00,05,00
Farmer_Structural_Damage,03_00_05_00,D&G,average,60,43.16,0.29,03,00,05,00
Farmer_Structural_Damage,03_00_05_00,D&G,average,100,46.63,0.18,03,00,05,00
Farmer_Structural_Damage,03_00_05_00,D&G&Wp,average,20,11.2,0.26,03,00,05,00
Farmer_Structural_Damage,03_00_05_00,D&G&Wp,average,60,47.72,0.26,03,00,05,00
Farmer_Structural_Damage,03_00_05_00,D&G&Wp,average,100,50.99,0.14,03,00,05,00
Farmer_Structural_Damage,03_00_05_00,D&Wp,average,20,11.1,0.26,03,00,05,00
Farmer_Structural_Damage,03_00_05_00,D&Wp,average,60,48.76,0.26,03,00,05,00
Farmer_Structural_Damage,03_00_05_00,D&Wp,average,100,51.89,0.13,03,00,05,00
Farmer_Structural_Damage,03_00_05_00,G,average,20,11.41,0.26,03,00,05,00
Farmer_Structural_Damage,03_00_05_00,G,average,60,45.63,0.27,03,00,05,00
Farmer_Structural_Damage,03_00_05_00,G,average,100,49.2,0.16,03,00,05,00
Farmer_Structural_Damage,03_00_05_00,G&Wp,average,20,11.42,0.24,03,00,05,00
Farmer_Structural_Damage,03_00_05_00,G&Wp,average,60,51.23,0.24,03,00,05,00
Farmer_Structural_Damage,03_00_05_00,G&Wp,average,100,54.45,0.12,03,00,05,00
Farmer_Structural_Damage,03_00_05_00,Wp,average,20,11.42,0.23,03,00,05,00
Farmer_Structural_Damage,03_00_05_00,Wp,average,60,56.83,0.23,03,00,05,00
Farmer_Structural_Damage,03_00_05_00,Wp,average,100,59.71,0.1,03,00,05,00
Farmer_Structural_Damage,03_00_07_00,D,average,20,11.47,0.31,03,00,07,00
Farmer_Structural_Damage,03_00_07_00,D,average,60,45.18,0.34,03,00,07,00
Farmer_Structural_Damage,03_00_07_00,D,average,100,48.38,0.24,03,00,07,00
Farmer_Structural_Damage,03_00_07_00,D&G,average,20,11.8,0.29,03,00,07,00
Farmer_Structural_Damage,03_00_07_00,D&G,average,60,47.67,0.31,03,00,07,00
Farmer_Structural_Damage,03_00_07_00,D&G,average,100,49.92,0.2,03,00,07,00
Farmer_Structural_Damage,03_00_07_00,D&G&Wp,average,20,11.9,0.27,03,00,07,00
Farmer_Structural_Damage,03_00_07_00,D&G&Wp,average,60,51.95,0.28,03,00,07,00
Farmer_Structural_Damage,03_00_07_00,D&G&Wp,average,100,54.27,0.15,03,00,07,00
Farmer_Structural_Damage,03_00_07_00,D&Wp,average,20,11.79,0.27,03,00,07,00
Farmer_Structural_Damage,03_00_07_00,D&Wp,average,60,52.85,0.28,03,00,07,00
Farmer_Structural_Damage,03_00_07_00,D&Wp,average,100,55.68,0.14,03,00,07,00
Farmer_Structural_Damage,03_00_07_00,G,average,20,12.12,0.28,03,00,07,00
Farmer_Structural_Damage,03_00_07_00,G,average,60,50.16,0.29,03,00,07,00
Farmer_Structural_Damage,03_00_07_00,G,average,100,51.46,0.17,03,00,07,00
Farmer_Structural_Damage,03_00_07_00,G&Wp,average,20,12.12,0.26,03,00,07,00
Farmer_Structural_Damage,03_00_07_00,G&Wp,average,60,55.34,0.26,03,00,07,00
Farmer_Structural_Damage,03_00_07_00,G&Wp,average,100,57.22,0.13,03,00,07,00
Farmer_Structural_Damage,03_00_07_00,Wp,average,20,12.11,0.24,03,00,07,00
Farmer_Structural_Damage,03_00_07_00,Wp,average,60,60.52,0.24,03,00,07,00
Farmer_Structural_Damage,03_00_07_00,Wp,average,100,62.98,0.11,03,00,07,00
Farmer_Structural_Damage,03_00_09_00,D,average,20,10.77,0.29,03,00,09,00
Farmer_Structural_Damage,03_00_09_00,D,average,60,37.44,0.29,03,00,09,00
Farmer_Structural_Damage,03_00_09_00,D,average,100,37.44,0.19,03,00,09,00
Farmer_Structural_Damage,03_00_09_00,D&G,average,20,11.09,0.27,03,00,09,00
Farmer_Structural_Damage,03_00_09_00,D&G,average,60,39.86,0.26,03,00,09,00
Farmer_Structural_Damage,03_00_09_00,D&G,average,100,39.86,0.16,03,00,09,00
Farmer_Structural_Damage,03_00_09_00,D&G&Wp,average,20,11.2,0.26,03,00,09,00
Farmer_Structural_Damage,03_00_09_00,D&G&Wp,average,60,43.83,0.24,03,00,09,00
Farmer_Structural_Damage,03_00_09_00,D&G&Wp,average,100,44.83,0.12,03,00,09,00
Farmer_Structural_Damage,03_00_09_00,D&Wp,average,20,11.1,0.26,03,00,09,00
Farmer_Structural_Damage,03_00_09_00,D&Wp,average,60,44.6,0.24,03,00,09,00
Farmer_Structural_Damage,03_00_09_00,D&Wp,average,100,46.11,0.12,03,00,09,00
Farmer_Structural_Damage,03_00_09_00,G,average,20,11.41,0.26,03,00,09,00
Farmer_Structural_Damage,03_00_09_00,G,average,60,42.28,0.25,03,00,09,00
Farmer_Structural_Damage,03_00_09_00,G,average,100,42.28,0.14,03,00,09,00
Farmer_Structural_Damage,03_00_09_00,G&Wp,average,20,11.42,0.24,03,00,09,00
Farmer_Structural_Damage,03_00_09_00,G&Wp,average,60,47.02,0.22,03,00,09,00
Farmer_Structural_Damage,03_00_09_00,G&Wp,average,100,48.53,0.11,03,00,09,00
Farmer_Structural_Damage,03_00_09_00,Wp,average,20,11.42,0.23,03,00,09,00
Farmer_Structural_Damage,03_00_09_00,Wp,average,60,51.76,0.21,03,00,09,00
Farmer_Structural_Damage,03_00_09_00,Wp,average,100,54.78,0.1,03,00,09,00
Farmer_Structural_Damage,03_00_11_00,D,average,20,36.71,0.98,03,00,11,00
Farmer_Structural_Damage,03_00_11_00,D,average,60,113.64,0.87,03,00,11,00
Farmer_Structural_Damage,03_00_11_00,D,average,100,158.52,0.8,03,00,11,00
Farmer_Structural_Damage,03_00_11_00,D&G,average,20,39.45,0.97,03,00,11,00
Farmer_Structural_Damage,03_00_11_00,D&G,average,60,128.99,0.85,03,00,11,00
Farmer_Structural_Damage,03_00_11_00,D&G,average,100,172.26,0.68,03,00,11,00
Farmer_Structural_Damage,03_00_11_00,D&G&Wp,average,20,42.61,0.98,03,00,11,00
Farmer_Structural_Damage,03_00_11_00,D&G&Wp,average,60,154.55,0.84,03,00,11,00
Farmer_Structural_Damage,03_00_11_00,D&G&Wp,average,100,195.1,0.54,03,00,11,00
Farmer_Structural_Damage,03_00_11_00,D&Wp,average,20,42.83,0.99,03,00,11,00
Farmer_Structural_Damage,03_00_11_00,D&Wp,average,60,159.65,0.84,03,00,11,00
Farmer_Structural_Damage,03_00_11_00,D&Wp,average,100,199.65,0.52,03,00,11,00
Farmer_Structural_Damage,03_00_11_00,G,average,20,42.19,0.97,03,00,11,00
Farmer_Structural_Damage,03_00_11_00,G,average,60,144.34,0.84,03,00,11,00
Farmer_Structural_Damage,03_00_11_00,G,average,100,186.0,0.6,03,00,11,00
Farmer_Structural_Damage,03_00_11_00,G&Wp,average,20,45.57,0.98,03,00,11,00
Farmer_Structural_Damage,03_00_11_00,G&Wp,average,60,175.0,0.83,03,00,11,00
Farmer_Structural_Damage,03_00_11_00,G&Wp,average,100,213.39,0.48,03,00,11,00
Farmer_Structural_Damage,03_00_11_00,Wp,average,20,48.94,0.99,03,00,11,00
Farmer_Structural_Damage,03_00_11_00,Wp,average,60,205.66,0.83,03,00,11,00
Farmer_Structural_Damage,03_00_11_00,Wp,average,100,240.77,0.42,03,00,11,00
Farmer_Structural_Damage,03_00_13_00,D,average,20,36.71,0.98,03,00,13,00
Farmer_Structural_Damage,03_00_13_00,D,average,60,108.11,0.82,03,00,13,00
Farmer_Structural_Damage,03_00_13_00,D,average,100,132.72,0.67,03,00,13,00
Farmer_Structural_Damage,03_00_13_00,D&G,average,20,39.45,0.97,03,00,13,00
Farmer_Structural_Damage,03_00_13_00,D&G,average,60,123.66,0.82,03,00,13,00
Farmer_Structural_Damage,03_00_13_00,D&G,average,100,145.64,0.57,03,00,13,00
Farmer_Structural_Damage,03_00_13_00,D&G&Wp,average,20,42.61,0.98,03,00,13,00
Farmer_Structural_Damage,03_00_13_00,D&G&Wp,average,60,144.44,0.79,03,00,13,00
Farmer_Structural_Damage,03_00_13_00,D&G&Wp,average,100,163.64,0.45,03,00,13,00
Farmer_Structural_Damage,03_00_13_00,D&Wp,average,20,42.82,0.99,03,00,13,00
Farmer_Structural_Damage,03_00_13_00,D&Wp,average,60,147.05,0.78,03,00,13,00
Farmer_Structural_Damage,03_00_13_00,D&Wp,average,100,166.17,0.43,03,00,13,00
Farmer_Structural_Damage,03_00_13_00,G,average,20,42.19,0.97,03,00,13,00
Farmer_Structural_Damage,03_00_13_00,G,average,60,139.21,0.81,03,00,13,00
Farmer_Structural_Damage,03_00_13_00,G,average,100,158.57,0.51,03,00,13,00
Farmer_Structural_Damage,03_00_13_00,G&Wp,average,20,45.57,0.98,03,00,13,00
Farmer_Structural_Damage,03_00_13_00,G&Wp,average,60,162.61,0.78,03,00,13,00
Farmer_Structural_Damage,03_00_13_00,G&Wp,average,100,179.1,0.41,03,00,13,00
Farmer_Structural_Damage,03_00_13_00,Wp,average,20,48.94,0.99,03,00,13,00
Farmer_Structural_Damage,03_00_13_00,Wp,average,60,186.0,0.75,03,00,13,00
Farmer_Structural_Damage,03_00_13_00,Wp,average,100,199.63,0.35,03,00,13,00
Farmer_Structural_Damage,05_00_00_00,D,average,20,30.2,0.81,05,00,00,00
Farmer_Structural_Damage,05_00_00_00,D,average,60,70.98,0.54,05,00,00,00
Farmer_Structural_Damage,05_00_00_00,D,average,100,85.87,0.43,05,00,00,00
Farmer_Structural_Damage,05_00_00_00,D&G,average,20,28.9,0.71,05,00,00,00
Farmer_Structural_Damage,05_00_00_00,D&G,average,60,75.62,0.5,05,00,00,00
Farmer_Structural_Damage,05_00_00_00,D&G,average,100,92.64,0.36,05,00,00,00
Farmer_Structural_Damage,05_00_00_00,D&G&Wp,average,20,33.48,0.77,05,00,00,00
Farmer_Structural_Damage,05_00_00_00,D&G&Wp,average,60,84.73,0.46,05,00,00,00
Farmer_Structural_Damage,05_00_00_00,D&G&Wp,average,100,98.84,0.27,05,00,00,00
Farmer_Structural_Damage,05_00_00_00,D&Wp,average,20,36.43,0.84,05,00,00,00
Farmer_Structural_Damage,05_00_00_00,D&Wp,average,60,86.96,0.46,05,00,00,00
Farmer_Structural_Damage,05_00_00_00,D&Wp,average,100,98.56,0.26,05,00,00,00
Farmer_Structural_Damage,05_00_00_00,G,average,20,27.59,0.63,05,00,00,00
Farmer_Structural_Damage,05_00_00_00,G,average,60,80.26,0.47,05,00,00,00
Farmer_Structural_Damage,05_00_00_00,G,average,100,99.4,0.32,05,00,00,00
Farmer_Structural_Damage,05_00_00_00,G&Wp,average,20,35.12,0.75,05,00,00,00
Farmer_Structural_Damage,05_00_00_00,G&Wp,average,60,91.6,0.44,05,00,00,00
Farmer_Structural_Damage,05_00_00_00,G&Wp,average,100,105.32,0.24,05,00,00,00
Farmer_Structural_Damage,05_00_00_00,Wp,average,20,42.66,0.86,05,00,00,00
Farmer_Structural_Damage,05_00_00_00,Wp,average,60,102.94,0.42,05,00,00,00
Farmer_Structural_Damage,05_00_00_00,Wp,average,100,111.25,0.19,05,00,00,00
Farmer_Structural_Damage,05_00_01_00,D,average,20,30.2,0.81,05,00,01,00
Farmer_Structural_Damage,05_00_01_00,D,average,60,70.98,0.54,05,00,01,00
Farmer_Structural_Damage,05_00_01_00,D,average,100,83.24,0.42,05,00,01,00
Farmer_Structural_Damage,05_00_01_00,D&G,average,20,28.9,0.71,05,00,01,00
Farmer_Structural_Damage,05_00_01_00,D&G,average,60,75.62,0.5,05,00,01,00
Farmer_Structural_Damage,05_00_01_00,D&G,average,100,84.88,0.33,05,00,01,00
Farmer_Structural_Damage,05_00_01_00,D&G&Wp,average,20,33.48,0.77,05,00,01,00
Farmer_Structural_Damage,05_00_01_00,D&G&Wp,average,60,84.73,0.46,05,00,01,00
Farmer_Structural_Damage,05_00_01_00,D&G&Wp,average,100,90.9,0.25,05,00,01,00
Farmer_Structural_Damage,05_00_01_00,D&Wp,average,20,36.43,0.84,05,00,01,00
Farmer_Structural_Damage,05_00_01_00,D&Wp,average,60,86.96,0.46,05,00,01,00
Farmer_Structural_Damage,05_00_01_00,D&Wp,average,100,93.09,0.24,05,00,01,00
Farmer_Structural_Damage,05_00_01_00,G,average,20,27.59,0.63,05,00,01,00
Farmer_Structural_Damage,05_00_01_00,G,average,60,80.26,0.47,05,00,01,00
Farmer_Structural_Damage,05_00_01_00,G,average,100,86.52,0.28,05,00,01,00
Farmer_Structural_Damage,05_00_01_00,G&Wp,average,20,35.12,0.75,05,00,01,00
Farmer_Structural_Damage,05_00_01_00,G&Wp,average,60,91.6,0.44,05,00,01,00
Farmer_Structural_Damage,05_00_01_00,G&Wp,average,100,94.73,0.21,05,00,01,00
Farmer_Structural_Damage,05_00_01_00,Wp,average,20,42.66,0.86,05,00,01,00
Farmer_Structural_Damage,05_00_01_00,Wp,average,60,102.94,0.42,05,00,01,00
Farmer_Structural_Damage,05_00_01_00,Wp,average,100,102.94,0.18,05,00,01,00
Farmer_Structural_Damage,05_00_03_00,D,average,20,30.2,0.81,05,00,03,00
Farmer_Structural_Damage,05_00_03_00,D,average,60,70.98,0.54,05,00,03,00
Farmer_Structural_Damage,05_00_03_00,D,average,100,83.24,0.42,05,00,03,00
Farmer_Structural_Damage,05_00_03_00,D&G,average,20,28.9,0.71,05,00,03,00
Farmer_Structural_Damage,05_00_03_00,D&G,average,60,75.62,0.5,05,00,03,00
Farmer_Structural_Damage,05_00_03_00,D&G,average,100,84.88,0.33,05,00,03,00
Farmer_Structural_Damage,05_00_03_00,D&G&Wp,average,20,33.48,0.77,05,00,03,00
Farmer_Structural_Damage,05_00_03_00,D&G&Wp,average,60,84.73,0.46,05,00,03,00
Farmer_Structural_Damage,05_00_03_00,D&G&Wp,average,100,90.9,0.25,05,00,03,00
Farmer_Structural_Damage,05_00_03_00,D&Wp,average,20,36.43,0.84,05,00,03,00
Farmer_Structural_Damage,05_00_03_00,D&Wp,average,60,86.96,0.46,05,00,03,00
Farmer_Structural_Damage,05_00_03_00,D&Wp,average,100,93.09,0.24,05,00,03,00
Farmer_Structural_Damage,05_00_03_00,G,average,20,27.59,0.63,05,00,03,00
Farmer_Structural_Damage,05_00_03_00,G,average,60,80.26,0.47,05,00,03,00
Farmer_Structural_Damage,05_00_03_00,G,average,100,86.52,0.28,05,00,03,00
Farmer_Structural_Damage,05_00_03_00,G&Wp,average,20,35.12,0.75,05,00,03,00
Farmer_Structural_Damage,05_00_03_00,G&Wp,average,60,91.6,0.44,05,00,03,00
Farmer_Structural_Damage,05_00_03_00,G&Wp,average,100,94.73,0.21,05,00,03,00
Farmer_Structural_Damage,05_00_03_00,Wp,average,20,42.66,0.86,05,00,03,00
Farmer_Structural_Damage,05_00_03_00,Wp,average,60,102.94,0.42,05,00,03,00
Farmer_Structural_Damage,05_00_03_00,Wp,average,100,102.94,0.18,05,00,03,00
Farmer_Structural_Damage,05_00_05_00,D,average,20,10.77,0.29,05,00,05,00
Farmer_Structural_Damage,05_00_05_00,D,average,60,40.68,0.31,05,00,05,00
Farmer_Structural_Damage,05_00_05_00,D,average,100,44.06,0.22,05,00,05,00
Farmer_Structural_Damage,05_00_05_00,D&G,average,20,11.09,0.27,05,00,05,00
Farmer_Structural_Damage,05_00_05_00,D&G,average,60,43.16,0.29,05,00,05,00
Farmer_Structural_Damage,05_00_05_00,D&G,average,100,46.63,0.18,05,00,05,00
Farmer_Structural_Damage,05_00_05_00,D&G&Wp,average,20,11.2,0.26,05,00,05,00
Farmer_Structural_Damage,05_00_05_00,D&G&Wp,average,60,47.72,0.26,05,00,05,00
Farmer_Structural_Damage,05_00_05_00,D&G&Wp,average,100,50.99,0.14,05,00,05,00
Farmer_Structural_Damage,05_00_05_00,D&Wp,average,20,11.1,0.26,05,00,05,00
Farmer_Structural_Damage,05_00_05_00,D&Wp,average,60,48.76,0.26,05,00,05,00
Farmer_Structural_Damage,05_00_05_00,D&Wp,average,100,51.89,0.13,05,00,05,00
Farmer_Structural_Damage,05_00_05_00,G,average,20,11.41,0.26,05,00,05,00
Farmer_Structural_Damage,05_00_05_00,G,average,60,45.63,0.27,05,00,05,00
Farmer_Structural_Damage,05_00_05_00,G,average,100,49.2,0.16,05,00,05,00
Farmer_Structural_Damage,05_00_05_00,G&Wp,average,20,11.42,0.24,05,00,05,00
Farmer_Structural_Damage,05_00_05_00,G&Wp,average,60,51.23,0.24,05,00,05,00
Farmer_Structural_Damage,05_00_05_00,G&Wp,average,100,54.45,0.12,05,00,05,00
Farmer_Structural_Damage,05_00_05_00,Wp,average,20,11.42,0.23,05,00,05,00
Farmer_Structural_Damage,05_00_05_00,Wp,average,60,56.83,0.23,05,00,05,00
Farmer_Structural_Damage,05_00_05_00,Wp,average,100,59.71,0.1,05,00,05,00
Farmer_Structural_Damage,05_00_07_00,D,average,20,11.46,0.31,05,00,07,00
Farmer_Structural_Damage,05_00_07_00,D,average,60,43.0,0.33,05,00,07,00
Farmer_Structural_Damage,05_00_07_00,D,average,100,45.79,0.23,05,00,07,00
Farmer_Structural_Damage,05_00_07_00,D&G,average,20,11.79,0.29,05,00,07,00
Farmer_Structural_Damage,05_00_07_00,D&G,average,60,45.46,0.3,05,00,07,00
Farmer_Structural_Damage,05_00_07_00,D&G,average,100,47.26,0.19,05,00,07,00
Farmer_Structural_Damage,05_00_07_00,D&G&Wp,average,20,11.9,0.27,05,00,07,00
Farmer_Structural_Damage,05_00_07_00,D&G&Wp,average,60,49.52,0.27,05,00,07,00
Farmer_Structural_Damage,05_00_07_00,D&G&Wp,average,100,51.38,0.14,05,00,07,00
Farmer_Structural_Damage,05_00_07_00,D&Wp,average,20,11.79,0.27,05,00,07,00
Farmer_Structural_Damage,05_00_07_00,D&Wp,average,60,50.33,0.27,05,00,07,00
Farmer_Structural_Damage,05_00_07_00,D&Wp,average,100,52.7,0.14,05,00,07,00
Farmer_Structural_Damage,05_00_07_00,G,average,20,12.12,0.28,05,00,07,00
Farmer_Structural_Damage,05_00_07_00,G,average,60,47.91,0.28,05,00,07,00
Farmer_Structural_Damage,05_00_07_00,G,average,100,48.73,0.16,05,00,07,00
Farmer_Structural_Damage,05_00_07_00,G&Wp,average,20,12.12,0.26,05,00,07,00
Farmer_Structural_Damage,05_00_07_00,G&Wp,average,60,52.78,0.25,05,00,07,00
Farmer_Structural_Damage,05_00_07_00,G&Wp,average,100,54.17,0.12,05,00,07,00
Farmer_Structural_Damage,05_00_07_00,Wp,average,20,12.11,0.24,05,00,07,00
Farmer_Structural_Damage,05_00_07_00,Wp,average,60,57.66,0.23,05,00,07,00
Farmer_Structural_Damage,05_00_07_00,Wp,average,100,59.6,0.1,05,00,07,00
Farmer_Structural_Damage,05_00_09_00,D,average,20,10.77,0.29,05,00,09,00
Farmer_Structural_Damage,05_00_09_00,D,average,60,37.44,0.29,05,00,09,00
Farmer_Structural_Damage,05_00_09_00,D,average,100,37.44,0.19,05,00,09,00
Farmer_Structural_Damage,05_00_09_00,D&G,average,20,11.09,0.27,05,00,09,00
Farmer_Structural_Damage,05_00_09_00,D&G,average,60,39.86,0.26,05,00,09,00
Farmer_Structural_Damage,05_00_09_00,D&G,average,100,39.86,0.16,05,00,09,00
Farmer_Structural_Damage,05_00_09_00,D&G&Wp,average,20,11.2,0.26,05,00,09,00
Farmer_Structural_Damage,05_00_09_00,D&G&Wp,average,60,43.83,0.24,05,00,09,00
Farmer_Structural_Damage,05_00_09_00,D&G&Wp,average,100,44.83,0.12,05,00,09,00
Farmer_Structural_Damage,05_00_09_00,D&Wp,average,20,11.1,0.26,05,00,09,00
Farmer_Structural_Damage,05_00_09_00,D&Wp,average,60,44.6,0.24,05,00,09,00
Farmer_Structural_Damage,05_00_09_00,D&Wp,average,100,46.11,0.12,05,00,09,00
Farmer_Structural_Damage,05_00_09_00,G,average,20,11.41,0.26,05,00,09,00
Farmer_Structural_Damage,05_00_09_00,G,average,60,42.28,0.25,05,00,09,00
Farmer_Structural_Damage,05_00_09_00,G,average,100,42.28,0.14,05,00,09,00
Farmer_Structural_Damage,05_00_09_00,G&Wp,average,20,11.42,0.24,05,00,09,00
Farmer_Structural_Damage,05_00_09_00,G&Wp,average,60,47.02,0.22,05,00,09,00
Farmer_Structural_Damage,05_00_09_00,G&Wp,average,100,48.53,0.11,05,00,09,00
Farmer_Structural_Damage,05_00_09_00,Wp,average,20,11.42,0.23,05,00,09,00
Farmer_Structural_Damage,05_00_09_00,Wp,average,60,51.76,0.21,05,00,09,00
Farmer_Structural_Damage,05_00_09_00,Wp,average,100,54.78,0.1,05,00,09,00
Farmer_Structural_Damage,05_00_11_00,D,average,20,30.2,0.81,05,00,11,00
Farmer_Structural_Damage,05_00_11_00,D,average,60,70.98,0.54,05,00,11,00
Farmer_Structural_Damage,05_00_11_00,D,average,100,85.87,0.43,05,00,11,00
Farmer_Structural_Damage,05_00_11_00,D&G,average,20,28.9,0.71,05,00,11,00
Farmer_Structural_Damage,05_00_11_00,D&G,average,60,75.62,0.5,05,00,11,00
Farmer_Structural_Damage,05_00_11_00,D&G,average,100,89.19,0.35,05,00,11,00
Farmer_Structural_Damage,05_00_11_00,D&G&Wp,average,20,33.48,0.77,05,00,11,00
Farmer_Structural_Damage,05_00_11_00,D&G&Wp,average,60,84.73,0.46,05,00,11,00
Farmer_Structural_Damage,05_00_11_00,D&G&Wp,average,100,96.54,0.27,05,00,11,00
Farmer_Structural_Damage,05_00_11_00,D&Wp,average,20,36.43,0.84,05,00,11,00
Farmer_Structural_Damage,05_00_11_00,D&Wp,average,60,86.96,0.46,05,00,11,00
Farmer_Structural_Damage,05_00_11_00,D&Wp,average,100,98.56,0.26,05,00,11,00
Farmer_Structural_Damage,05_00_11_00,G,average,20,27.59,0.63,05,00,11,00
Farmer_Structural_Damage,05_00_11_00,G,average,60,80.26,0.47,05,00,11,00
Farmer_Structural_Damage,05_00_11_00,G,average,100,92.52,0.3,05,00,11,00
Farmer_Structural_Damage,05_00_11_00,G&Wp,average,20,35.12,0.75,05,00,11,00
Farmer_Structural_Damage,05_00_11_00,G&Wp,average,60,91.6,0.44,05,00,11,00
Farmer_Structural_Damage,05_00_11_00,G&Wp,average,100,101.88,0.23,05,00,11,00
Farmer_Structural_Damage,05_00_11_00,Wp,average,20,42.66,0.86,05,00,11,00
Farmer_Structural_Damage,05_00_11_00,Wp,average,60,102.94,0.42,05,00,11,00
Farmer_Structural_Damage,05_00_11_00,Wp,average,100,111.25,0.19,05,00,11,00
Farmer_Structural_Damage,05_00_13_00,D,average,20,30.2,0.81,05,00,13,00
Farmer_Structural_Damage,05_00_13_00,D,average,60,70.98,0.54,05,00,13,00
Farmer_Structural_Damage,05_00_13_00,D,average,100,82.65,0.42,05,00,13,00
Farmer_Structural_Damage,05_00_13_00,D&G,average,20,28.9,0.71,05,00,13,00
Farmer_Structural_Damage,05_00_13_00,D&G,average,60,75.62,0.5,05,00,13,00
Farmer_Structural_Damage,05_00_13_00,D&G,average,100,83.68,0.33,05,00,13,00
Farmer_Structural_Damage,05_00_13_00,D&G&Wp,average,20,33.48,0.77,05,00,13,00
Farmer_Structural_Damage,05_00_13_00,D&G&Wp,average,60,84.73,0.46,05,00,13,00
Farmer_Structural_Damage,05_00_13_00,D&G&Wp,average,100,90.1,0.25,05,00,13,00
Farmer_Structural_Damage,05_00_13_00,D&Wp,average,20,36.43,0.84,05,00,13,00
Farmer_Structural_Damage,05_00_13_00,D&Wp,average,60,86.96,0.46,05,00,13,00
Farmer_Structural_Damage,05_00_13_00,D&Wp,average,100,92.8,0.24,05,00,13,00
Farmer_Structural_Damage,05_00_13_00,G,average,20,27.59,0.63,05,00,13,00
Farmer_Structural_Damage,05_00_13_00,G,average,60,80.26,0.47,05,00,13,00
Farmer_Structural_Damage,05_00_13_00,G,average,100,84.71,0.27,05,00,13,00
Farmer_Structural_Damage,05_00_13_00,G&Wp,average,20,35.12,0.75,05,00,13,00
Farmer_Structural_Damage,05_00_13_00,G&Wp,average,60,91.6,0.44,05,00,13,00
Farmer_Structural_Damage,05_00_13_00,G&Wp,average,100,93.82,0.21,05,00,13,00
Farmer_Structural_Damage,05_00_13_00,Wp,average,20,42.66,0.86,05,00,13,00
Farmer_Structural_Damage,05_00_13_00,Wp,average,60,102.94,0.42,05,00,13,00
Farmer_Structural_Damage,05_00_13_00,Wp,average,100,102.94,0.18,05,00,13,00
Farmer_Structural_Damage,07_00_00_00,D,average,20,30.2,0.81,07,00,00,00
Farmer_Structural_Damage,07_00_00_00,D,average,60,67.74,0.52,07,00,00,00
Farmer_Structural_Damage,07_00_00_00,D,average,100,82.62,0.42,07,00,00,00
Farmer_Structural_Damage,07_00_00_00,D&G,average,20,28.9,0.71,07,00,00,00
Farmer_Structural_Damage,07_00_00_00,D&G,average,60,72.33,0.48,07,00,00,00
Farmer_Structural_Damage,07_00_00_00,D&G,average,100,89.34,0.35,07,00,00,00
Farmer_Structural_Damage,07_00_00_00,D&G&Wp,average,20,33.48,0.77,07,00,00,00
Farmer_Structural_Damage,07_00_00_00,D&G&Wp,average,60,82.53,0.45,07,00,00,00
Farmer_Structural_Damage,07_00_00_00,D&G&Wp,average,100,94.85,0.26,07,00,00,00
Farmer_Structural_Damage,07_00_00_00,D&Wp,average,20,36.43,0.84,07,00,00,00
Farmer_Structural_Damage,07_00_00_00,D&Wp,average,60,85.34,0.45,07,00,00,00
Farmer_Structural_Damage,07_00_00_00,D&Wp,average,100,94.25,0.24,07,00,00,00
Farmer_Structural_Damage,07_00_00_00,G,average,20,27.59,0.63,07,00,00,00
Farmer_Structural_Damage,07_00_00_00,G,average,60,76.91,0.45,07,00,00,00
Farmer_Structural_Damage,07_00_00_00,G,average,100,96.06,0.31,07,00,00,00
Farmer_Structural_Damage,07_00_00_00,G&Wp,average,20,35.12,0.75,07,00,00,00
Farmer_Structural_Damage,07_00_00_00,G&Wp,average,60,89.93,0.43,07,00,00,00
Farmer_Structural_Damage,07_00_00_00,G&Wp,average,100,100.96,0.23,07,00,00,00
Farmer_Structural_Damage,07_00_00_00,Wp,average,20,42.66,0.86,07,00,00,00
Farmer_Structural_Damage,07_00_00_00,Wp,average,60,102.94,0.42,07,00,00,00
Farmer_Structural_Damage,07_00_00_00,Wp,average,100,105.87,0.19,07,00,00,00
Farmer_Structural_Damage,07_00_01_00,D,average,20,30.2,0.81,07,00,01,00
Farmer_Structural_Damage,07_00_01_00,D,average,60,67.74,0.52,07,00,01,00
Farmer_Structural_Damage,07_00_01_00,D,average,100,79.99,0.4,07,00,01,00
Farmer_Structural_Damage,07_00_01_00,D&G,average,20,28.9,0.71,07,00,01,00
Farmer_Structural_Damage,07_00_01_00,D&G,average,60,72.33,0.48,07,00,01,00
Farmer_Structural_Damage,07_00_01_00,D&G,average,100,81.59,0.32,07,00,01,00
Farmer_Structural_Damage,07_00_01_00,D&G&Wp,average,20,33.48,0.77,07,00,01,00
Farmer_Structural_Damage,07_00_01_00,D&G&Wp,average,60,82.53,0.45,07,00,01,00
Farmer_Structural_Damage,07_00_01_00,D&G&Wp,average,100,89.68,0.25,07,00,01,00
Farmer_Structural_Damage,07_00_01_00,D&Wp,average,20,36.43,0.84,07,00,01,00
Farmer_Structural_Damage,07_00_01_00,D&Wp,average,60,85.34,0.45,07,00,01,00
Farmer_Structural_Damage,07_00_01_00,D&Wp,average,100,92.93,0.24,07,00,01,00
Farmer_Structural_Damage,07_00_01_00,G,average,20,27.59,0.63,07,00,01,00
Farmer_Structural_Damage,07_00_01_00,G,average,60,76.91,0.45,07,00,01,00
Farmer_Structural_Damage,07_00_01_00,G,average,100,83.18,0.27,07,00,01,00
Farmer_Structural_Damage,07_00_01_00,G&Wp,average,20,35.12,0.75,07,00,01,00
Farmer_Structural_Damage,07_00_01_00,G&Wp,average,60,89.93,0.43,07,00,01,00
Farmer_Structural_Damage,07_00_01_00,G&Wp,average,100,94.52,0.21,07,00,01,00
Farmer_Structural_Damage,07_00_01_00,Wp,average,20,42.66,0.86,07,00,01,00
Farmer_Structural_Damage,07_00_01_00,Wp,average,60,102.94,0.42,07,00,01,00
Farmer_Structural_Damage,07_00_01_00,Wp,average,100,105.87,0.19,07,00,01,00
Farmer_Structural_Damage,07_00_03_00,D,average,20,30.2,0.81,07,00,03,00
Farmer_Structural_Damage,07_00_03_00,D,average,60,67.74,0.52,07,00,03,00
Farmer_Structural_Damage,07_00_03_00,D,average,100,79.99,0.4,07,00,03,00
Farmer_Structural_Damage,07_00_03_00,D&G,average,20,28.9,0.71,07,00,03,00
Farmer_Structural_Damage,07_00_03_00,D&G,average,60,72.33,0.48,07,00,03,00
Farmer_Structural_Damage,07_00_03_00,D&G,average,100,81.59,0.32,07,00,03,00
Farmer_Structural_Damage,07_00_03_00,D&G&Wp,average,20,33.48,0.77,07,00,03,00
Farmer_Structural_Damage,07_00_03_00,D&G&Wp,average,60,82.53,0.45,07,00,03,00
Farmer_Structural_Damage,07_00_03_00,D&G&Wp,average,100,89.68,0.25,07,00,03,00
Farmer_Structural_Damage,07_00_03_00,D&Wp,average,20,36.43,0.84,07,00,03,00
Farmer_Structural_Damage,07_00_03_00,D&Wp,average,60,85.34,0.45,07,00,03,00
Farmer_Structural_Damage,07_00_03_00,D&Wp,average,100,92.93,0.24,07,00,03,00
Farmer_Structural_Damage,07_00_03_00,G,average,20,27.59,0.63,07,00,03,00
Farmer_Structural_Damage,07_00_03_00,G,average,60,76.91,0.45,07,00,03,00
Farmer_Structural_Damage,07_00_03_00,G,average,100,83.18,0.27,07,00,03,00
Farmer_Structural_Damage,07_00_03_00,G&Wp,average,20,35.12,0.75,07,00,03,00
Farmer_Structural_Damage,07_00_03_00,G&Wp,average,60,89.93,0.43,07,00,03,00
Farmer_Structural_Damage,07_00_03_00,G&Wp,average,100,94.52,0.21,07,00,03,00
Farmer_Structural_Damage,07_00_03_00,Wp,average,20,42.66,0.86,07,00,03,00
Farmer_Structural_Damage,07_00_03_00,Wp,average,60,102.94,0.42,07,00,03,00
Farmer_Structural_Damage,07_00_03_00,Wp,average,100,105.87,0.19,07,00,03,00
Farmer_Structural_Damage,07_00_05_00,D,average,20,10.77,0.29,07,00,05,00
Farmer_Structural_Damage,07_00_05_00,D,average,60,40.68,0.31,07,00,05,00
Farmer_Structural_Damage,07_00_05_00,D,average,100,44.06,0.22,07,00,05,00
Farmer_Structural_Damage,07_00_05_00,D&G,average,20,11.09,0.27,07,00,05,00
Farmer_Structural_Damage,07_00_05_00,D&G,average,60,43.16,0.29,07,00,05,00
Farmer_Structural_Damage,07_00_05_00,D&G,average,100,46.63,0.18,07,00,05,00
Farmer_Structural_Damage,07_00_05_00,D&G&Wp,average,20,11.2,0.26,07,00,05,00
Farmer_Structural_Damage,07_00_05_00,D&G&Wp,average,60,47.72,0.26,07,00,05,00
Farmer_Structural_Damage,07_00_05_00,D&G&Wp,average,100,50.99,0.14,07,00,05,00
Farmer_Structural_Damage,07_00_05_00,D&Wp,average,20,11.1,0.26,07,00,05,00
Farmer_Structural_Damage,07_00_05_00,D&Wp,average,60,48.76,0.26,07,00,05,00
Farmer_Structural_Damage,07_00_05_00,D&Wp,average,100,51.89,0.13,07,00,05,00
Farmer_Structural_Damage,07_00_05_00,G,average,20,11.41,0.26,07,00,05,00
Farmer_Structural_Damage,07_00_05_00,G,average,60,45.63,0.27,07,00,05,00
Farmer_Structural_Damage,07_00_05_00,G,average,100,49.2,0.16,07,00,05,00
Farmer_Structural_Damage,07_00_05_00,G&Wp,average,20,11.42,0.24,07,00,05,00
Farmer_Structural_Damage,07_00_05_00,G&Wp,average,60,51.23,0.24,07,00,05,00
Farmer_Structural_Damage,07_00_05_00,G&Wp,average,100,54.45,0.12,07,00,05,00
Farmer_Structural_Damage,07_00_05_00,Wp,average,20,11.42,0.23,07,00,05,00
Farmer_Structural_Damage,07_00_05_00,Wp,average,60,56.83,0.23,07,00,05,00
Farmer_Structural_Damage,07_00_05_00,Wp,average,100,59.71,0.1,07,00,05,00
Farmer_Structural_Damage,07_00_07_00,D,average,20,11.46,0.31,07,00,07,00
Farmer_Structural_Damage,07_00_07_00,D,average,60,43.01,0.33,07,00,07,00
Farmer_Structural_Damage,07_00_07_00,D,average,100,45.83,0.23,07,00,07,00
Farmer_Structural_Damage,07_00_07_00,D&G,average,20,11.79,0.29,07,00,07,00
Farmer_Structural_Damage,07_00_07_00,D&G,average,60,45.47,0.3,07,00,07,00
Farmer_Structural_Damage,07_00_07_00,D&G,average,100,47.29,0.19,07,00,07,00
Farmer_Structural_Damage,07_00_07_00,D&G&Wp,average,20,11.9,0.27,07,00,07,00
Farmer_Structural_Damage,07_00_07_00,D&G&Wp,average,60,49.53,0.27,07,00,07,00
Farmer_Structural_Damage,07_00_07_00,D&G&Wp,average,100,51.39,0.14,07,00,07,00
Farmer_Structural_Damage,07_00_07_00,D&Wp,average,20,11.78,0.27,07,00,07,00
Farmer_Structural_Damage,07_00_07_00,D&Wp,average,60,50.33,0.27,07,00,07,00
Farmer_Structural_Damage,07_00_07_00,D&Wp,average,100,52.71,0.14,07,00,07,00
Farmer_Structural_Damage,07_00_07_00,G,average,20,12.13,0.28,07,00,07,00
Farmer_Structural_Damage,07_00_07_00,G,average,60,47.93,0.28,07,00,07,00
Farmer_Structural_Damage,07_00_07_00,G,average,100,48.75,0.16,07,00,07,00
Farmer_Structural_Damage,07_00_07_00,G&Wp,average,20,12.12,0.26,07,00,07,00
Farmer_Structural_Damage,07_00_07_00,G&Wp,average,60,52.79,0.25,07,00,07,00
Farmer_Structural_Damage,07_00_07_00,G&Wp,average,100,54.17,0.12,07,00,07,00
Farmer_Structural_Damage,07_00_07_00,Wp,average,20,12.1,0.24,07,00,07,00
Farmer_Structural_Damage,07_00_07_00,Wp,average,60,57.64,0.23,07,00,07,00
Farmer_Structural_Damage,07_00_07_00,Wp,average,100,59.6,0.1,07,00,07,00
Farmer_Structural_Damage,07_00_09_00,D,average,20,10.77,0.29,07,00,09,00
Farmer_Structural_Damage,07_00_09_00,D,average,60,37.44,0.29,07,00,09,00
Farmer_Structural_Damage,07_00_09_00,D,average,100,37.44,0.19,07,00,09,00
Farmer_Structural_Damage,07_00_09_00,D&G,average,20,11.09,0.27,07,00,09,00
Farmer_Structural_Damage,07_00_09_00,D&G,average,60,39.86,0.26,07,00,09,00
Farmer_Structural_Damage,07_00_09_00,D&G,average,100,39.86,0.16,07,00,09,00
Farmer_Structural_Damage,07_00_09_00,D&G&Wp,average,20,11.2,0.26,07,00,09,00
Farmer_Structural_Damage,07_00_09_00,D&G&Wp,average,60,43.83,0.24,07,00,09,00
Farmer_Structural_Damage,07_00_09_00,D&G&Wp,average,100,44.83,0.12,07,00,09,00
Farmer_Structural_Damage,07_00_09_00,D&Wp,average,20,11.1,0.26,07,00,09,00
Farmer_Structural_Damage,07_00_09_00,D&Wp,average,60,44.6,0.24,07,00,09,00
Farmer_Structural_Damage,07_00_09_00,D&Wp,average,100,46.11,0.12,07,00,09,00
Farmer_Structural_Damage,07_00_09_00,G,average,20,11.41,0.26,07,00,09,00
Farmer_Structural_Damage,07_00_09_00,G,average,60,42.28,0.25,07,00,09,00
Farmer_Structural_Damage,07_00_09_00,G,average,100,42.28,0.14,07,00,09,00
Farmer_Structural_Damage,07_00_09_00,G&Wp,average,20,11.42,0.24,07,00,09,00
Farmer_Structural_Damage,07_00_09_00,G&Wp,average,60,47.02,0.22,07,00,09,00
Farmer_Structural_Damage,07_00_09_00,G&Wp,average,100,48.53,0.11,07,00,09,00
Farmer_Structural_Damage,07_00_09_00,Wp,average,20,11.42,0.23,07,00,09,00
Farmer_Structural_Damage,07_00_09_00,Wp,average,60,51.76,0.21,07,00,09,00
Farmer_Structural_Damage,07_00_09_00,Wp,average,100,54.78,0.1,07,00,09,00
Farmer_Structural_Damage,07_00_11_00,D,average,20,30.2,0.81,07,00,11,00
Farmer_Structural_Damage,07_00_11_00,D,average,60,67.74,0.52,07,00,11,00
Farmer_Structural_Damage,07_00_11_00,D,average,100,82.62,0.42,07,00,11,00
Farmer_Structural_Damage,07_00_11_00,D&G,average,20,28.9,0.71,07,00,11,00
Farmer_Structural_Damage,07_00_11_00,D&G,average,60,72.33,0.48,07,00,11,00
Farmer_Structural_Damage,07_00_11_00,D&G,average,100,85.9,0.34,07,00,11,00
Farmer_Structural_Damage,07_00_11_00,D&G&Wp,average,20,33.48,0.77,07,00,11,00
Farmer_Structural_Damage,07_00_11_00,D&G&Wp,average,60,82.53,0.45,07,00,11,00
Farmer_Structural_Damage,07_00_11_00,D&G&Wp,average,100,92.55,0.26,07,00,11,00
Farmer_Structural_Damage,07_00_11_00,D&Wp,average,20,36.43,0.84,07,00,11,00
Farmer_Structural_Damage,07_00_11_00,D&Wp,average,60,85.34,0.45,07,00,11,00
Farmer_Structural_Damage,07_00_11_00,D&Wp,average,100,94.25,0.24,07,00,11,00
Farmer_Structural_Damage,07_00_11_00,G,average,20,27.59,0.63,07,00,11,00
Farmer_Structural_Damage,07_00_11_00,G,average,60,76.91,0.45,07,00,11,00
Farmer_Structural_Damage,07_00_11_00,G,average,100,89.17,0.29,07,00,11,00
Farmer_Structural_Damage,07_00_11_00,G&Wp,average,20,35.12,0.75,07,00,11,00
Farmer_Structural_Damage,07_00_11_00,G&Wp,average,60,89.93,0.43,07,00,11,00
Farmer_Structural_Damage,07_00_11_00,G&Wp,average,100,97.52,0.22,07,00,11,00
Farmer_Structural_Damage,07_00_11_00,Wp,average,20,42.66,0.86,07,00,11,00
Farmer_Structural_Damage,07_00_11_00,Wp,average,60,102.94,0.42,07,00,11,00
Farmer_Structural_Damage,07_00_11_00,Wp,average,100,105.87,0.19,07,00,11,00
Farmer_Structural_Damage,07_00_13_00,D,average,20,30.2,0.81,07,00,13,00
Farmer_Structural_Damage,07_00_13_00,D,average,60,67.74,0.52,07,00,13,00
Farmer_Structural_Damage,07_00_13_00,D,average,100,79.41,0.4,07,00,13,00
Farmer_Structural_Damage,07_00_13_00,D&G,average,20,28.9,0.71,07,00,13,00
Farmer_Structural_Damage,07_00_13_00,D&G,average,60,72.33,0.48,07,00,13,00
Farmer_Structural_Damage,07_00_13_00,D&G,average,100,80.38,0.32,07,00,13,00
Farmer_Structural_Damage,07_00_13_00,D&G&Wp,average,20,33.48,0.77,07,00,13,00
Farmer_Structural_Damage,07_00_13_00,D&G&Wp,average,60,82.53,0.45,07,00,13,00
Farmer_Structural_Damage,07_00_13_00,D&G&Wp,average,100,88.88,0.25,07,00,13,00
Farmer_Structural_Damage,07_00_13_00,D&Wp,average,20,36.43,0.84,07,00,13,00
Farmer_Structural_Damage,07_00_13_00,D&Wp,average,60,85.34,0.45,07,00,13,00
Farmer_Structural_Damage,07_00_13_00,D&Wp,average,100,92.64,0.24,07,00,13,00
Farmer_Structural_Damage,07_00_13_00,G,average,20,27.59,0.63,07,00,13,00
Farmer_Structural_Damage,07_00_13_00,G,average,60,76.91,0.45,07,00,13,00
Farmer_Structural_Damage,07_00_13_00,G,average,100,81.35,0.26,07,00,13,00
Farmer_Structural_Damage,07_00_13_00,G&Wp,average,20,35.12,0.75,07,00,13,00
Farmer_Structural_Damage,07_00_13_00,G&Wp,average,60,89.93,0.43,07,00,13,00
Farmer_Structural_Damage,07_00_13_00,G&Wp,average,100,93.61,0.21,07,00,13,00
Farmer_Structural_Damage,07_00_13_00,Wp,average,20,42.66,0.86,07,00,13,00
Farmer_Structural_Damage,07_00_13_00,Wp,average,60,102.94,0.42,07,00,13,00
Farmer_Structural_Damage,07_00_13_00,Wp,average,100,105.87,0.19,07,00,13,00
Farmer_Structural_Damage,09_00_00_00,D,average,20,37.35,1.0,09,00,00,00
Farmer_Structural_Damage,09_00_00_00,D,average,60,130.62,0.99,09,00,00,00
Farmer_Structural_Damage,09_00_00_00,D,average,100,194.66,0.98,09,00,00,00
Farmer_Structural_Damage,09_00_00_00,D&G,average,20,40.5,1.0,09,00,00,00
Farmer_Structural_Damage,09_00_00_00,D&G,average,60,149.07,0.98,09,00,00,00
Farmer_Structural_Damage,09_00_00_00,D&G,average,100,237.87,0.94,09,00,00,00
Farmer_Structural_Damage,09_00_00_00,D&G&Wp,average,20,43.53,1.0,09,00,00,00
Farmer_Structural_Damage,09_00_00_00,D&G&Wp,average,60,179.32,0.98,09,00,00,00
Farmer_Structural_Damage,09_00_00_00,D&G&Wp,average,100,286.71,0.8,09,00,00,00
Farmer_Structural_Damage,09_00_00_00,D&Wp,average,20,43.46,1.0,09,00,00,00
Farmer_Structural_Damage,09_00_00_00,D&Wp,average,60,185.22,0.98,09,00,00,00
Farmer_Structural_Damage,09_00_00_00,D&Wp,average,100,289.53,0.75,09,00,00,00
Farmer_Structural_Damage,09_00_00_00,G,average,20,43.65,1.0,09,00,00,00
Farmer_Structural_Damage,09_00_00_00,G,average,60,167.53,0.98,09,00,00,00
Farmer_Structural_Damage,09_00_00_00,G,average,100,281.08,0.91,09,00,00,00
Farmer_Structural_Damage,09_00_00_00,G&Wp,average,20,46.62,1.0,09,00,00,00
Farmer_Structural_Damage,09_00_00_00,G&Wp,average,60,203.67,0.97,09,00,00,00
Farmer_Structural_Damage,09_00_00_00,G&Wp,average,100,332.74,0.75,09,00,00,00
Farmer_Structural_Damage,09_00_00_00,Wp,average,20,49.58,1.0,09,00,00,00
Farmer_Structural_Damage,09_00_00_00,Wp,average,60,239.82,0.97,09,00,00,00
Farmer_Structural_Damage,09_00_00_00,Wp,average,100,384.4,0.67,09,00,00,00
Farmer_Structural_Damage,09_00_01_00,D,average,20,37.35,1.0,09,00,01,00
Farmer_Structural_Damage,09_00_01_00,D,average,60,113.6,0.87,09,00,01,00
Farmer_Structural_Damage,09_00_01_00,D,average,100,135.32,0.68,09,00,01,00
Farmer_Structural_Damage,09_00_01_00,D&G,average,20,40.5,1.0,09,00,01,00
Farmer_Structural_Damage,09_00_01_00,D&G,average,60,129.47,0.86,09,00,01,00
Farmer_Structural_Damage,09_00_01_00,D&G,average,100,151.73,0.6,09,00,01,00
Farmer_Structural_Damage,09_00_01_00,D&G&Wp,average,20,43.53,1.0,09,00,01,00
Farmer_Structural_Damage,09_00_01_00,D&G&Wp,average,60,153.86,0.84,09,00,01,00
Farmer_Structural_Damage,09_00_01_00,D&G&Wp,average,100,171.89,0.48,09,00,01,00
Farmer_Structural_Damage,09_00_01_00,D&Wp,average,20,43.46,1.0,09,00,01,00
Farmer_Structural_Damage,09_00_01_00,D&Wp,average,60,158.11,0.83,09,00,01,00
Farmer_Structural_Damage,09_00_01_00,D&Wp,average,100,173.77,0.45,09,00,01,00
Farmer_Structural_Damage,09_00_01_00,G,average,20,43.65,1.0,09,00,01,00
Farmer_Structural_Damage,09_00_01_00,G,average,60,145.34,0.85,09,00,01,00
Farmer_Structural_Damage,09_00_01_00,G,average,100,168.13,0.54,09,00,01,00
Farmer_Structural_Damage,09_00_01_00,G&Wp,average,20,46.62,1.0,09,00,01,00
Farmer_Structural_Damage,09_00_01_00,G&Wp,average,60,173.98,0.83,09,00,01,00
Farmer_Structural_Damage,09_00_01_00,G&Wp,average,100,190.17,0.43,09,00,01,00
Farmer_Structural_Damage,09_00_01_00,Wp,average,20,49.58,1.0,09,00,01,00
Farmer_Structural_Damage,09_00_01_00,Wp,average,60,202.62,0.82,09,00,01,00
Farmer_Structural_Damage,09_00_01_00,Wp,average,100,212.21,0.37,09,00,01,00
Farmer_Structural_Damage,09_00_03_00,D,average,20,37.35,1.0,09,00,03,00
Farmer_Structural_Damage,09_00_03_00,D,average,60,113.6,0.87,09,00,03,00
Farmer_Structural_Damage,09_00_03_00,D,average,100,135.32,0.68,09,00,03,00
Farmer_Structural_Damage,09_00_03_00,D&G,average,20,40.5,1.0,09,00,03,00
Farmer_Structural_Damage,09_00_03_00,D&G,average,60,129.47,0.86,09,00,03,00
Farmer_Structural_Damage,09_00_03_00,D&G,average,100,151.72,0.6,09,00,03,00
Farmer_Structural_Damage,09_00_03_00,D&G&Wp,average,20,43.53,1.0,09,00,03,00
Farmer_Structural_Damage,09_00_03_00,D&G&Wp,average,60,153.85,0.84,09,00,03,00
Farmer_Structural_Damage,09_00_03_00,D&G&Wp,average,100,171.88,0.48,09,00,03,00
Farmer_Structural_Damage,09_00_03_00,D&Wp,average,20,43.46,1.0,09,00,03,00
Farmer_Structural_Damage,09_00_03_00,D&Wp,average,60,158.11,0.83,09,00,03,00
Farmer_Structural_Damage,09_00_03_00,D&Wp,average,100,173.76,0.45,09,00,03,00
Farmer_Structural_Damage,09_00_03_00,G,average,20,43.65,1.0,09,00,03,00
Farmer_Structural_Damage,09_00_03_00,G,average,60,145.34,0.85,09,00,03,00
Farmer_Structural_Damage,09_00_03_00,G,average,100,168.12,0.54,09,00,03,00
Farmer_Structural_Damage,09_00_03_00,G&Wp,average,20,46.62,1.0,09,00,03,00
Farmer_Structural_Damage,09_00_03_00,G&Wp,average,60,173.98,0.83,09,00,03,00
Farmer_Structural_Damage,09_00_03_00,G&Wp,average,100,190.16,0.43,09,00,03,00
Farmer_Structural_Damage,09_00_03_00,Wp,average,20,49.58,1.0,09,00,03,00
Farmer_Structural_Damage,09_00_03_00,Wp,average,60,202.62,0.82,09,00,03,00
Farmer_Structural_Damage,09_00_03_00,Wp,average,100,212.2,0.37,09,00,03,00
Farmer_Structural_Damage,09_00_05_00,D,average,20,10.77,0.29,09,00,05,00
Farmer_Structural_Damage,09_00_05_00,D,average,60,40.68,0.31,09,00,05,00
Farmer_Structural_Damage,09_00_05_00,D,average,100,44.06,0.22,09,00,05,00
Farmer_Structural_Damage,09_00_05_00,D&G,average,20,11.09,0.27,09,00,05,00
Farmer_Structural_Damage,09_00_05_00,D&G,average,60,43.16,0.29,09,00,05,00
Farmer_Structural_Damage,09_00_05_00,D&G,average,100,46.63,0.18,09,00,05,00
Farmer_Structural_Damage,09_00_05_00,D&G&Wp,average,20,11.2,0.26,09,00,05,00
Farmer_Structural_Damage,09_00_05_00,D&G&Wp,average,60,47.72,0.26,09,00,05,00
Farmer_Structural_Damage,09_00_05_00,D&G&Wp,average,100,50.99,0.14,09,00,05,00
Farmer_Structural_Damage,09_00_05_00,D&Wp,average,20,11.1,0.26,09,00,05,00
Farmer_Structural_Damage,09_00_05_00,D&Wp,average,60,48.76,0.26,09,00,05,00
Farmer_Structural_Damage,09_00_05_00,D&Wp,average,100,51.89,0.13,09,00,05,00
Farmer_Structural_Damage,09_00_05_00,G,average,20,11.41,0.26,09,00,05,00
Farmer_Structural_Damage,09_00_05_00,G,average,60,45.63,0.27,09,00,05,00
Farmer_Structural_Damage,09_00_05_00,G,average,100,49.2,0.16,09,00,05,00
Farmer_Structural_Damage,09_00_05_00,G&Wp,average,20,11.42,0.24,09,00,05,00
Farmer_Structural_Damage,09_00_05_00,G&Wp,average,60,51.23,0.24,09,00,05,00
Farmer_Structural_Damage,09_00_05_00,G&Wp,average,100,54.45,0.12,09,00,05,00
Farmer_Structural_Damage,09_00_05_00,Wp,average,20,11.42,0.23,09,00,05,00
Farmer_Structural_Damage,09_00_05_00,Wp,average,60,56.83,0.23,09,00,05,00
Farmer_Structural_Damage,09_00_05_00,Wp,average,100,59.71,0.1,09,00,05,00
Farmer_Structural_Damage,09_00_07_00,D,average,20,11.46,0.31,09,00,07,00
Farmer_Structural_Damage,09_00_07_00,D,average,60,45.67,0.35,09,00,07,00
Farmer_Structural_Damage,09_00_07_00,D,average,100,49.32,0.25,09,00,07,00
Farmer_Structural_Damage,09_00_07_00,D&G,average,20,11.79,0.29,09,00,07,00
Farmer_Structural_Damage,09_00_07_00,D&G,average,60,48.15,0.32,09,00,07,00
Farmer_Structural_Damage,09_00_07_00,D&G,average,100,50.67,0.2,09,00,07,00
Farmer_Structural_Damage,09_00_07_00,D&G&Wp,average,20,11.9,0.27,09,00,07,00
Farmer_Structural_Damage,09_00_07_00,D&G&Wp,average,60,52.44,0.29,09,00,07,00
Farmer_Structural_Damage,09_00_07_00,D&G&Wp,average,100,54.97,0.15,09,00,07,00
Farmer_Structural_Damage,09_00_07_00,D&Wp,average,20,11.79,0.27,09,00,07,00
Farmer_Structural_Damage,09_00_07_00,D&Wp,average,60,53.34,0.28,09,00,07,00
Farmer_Structural_Damage,09_00_07_00,D&Wp,average,100,56.44,0.15,09,00,07,00
Farmer_Structural_Damage,09_00_07_00,G,average,20,12.12,0.28,09,00,07,00
Farmer_Structural_Damage,09_00_07_00,G,average,60,50.64,0.3,09,00,07,00
Farmer_Structural_Damage,09_00_07_00,G,average,100,52.02,0.17,09,00,07,00
Farmer_Structural_Damage,09_00_07_00,G&Wp,average,20,12.12,0.26,09,00,07,00
Farmer_Structural_Damage,09_00_07_00,G&Wp,average,60,55.82,0.27,09,00,07,00
Farmer_Structural_Damage,09_00_07_00,G&Wp,average,100,57.8,0.13,09,00,07,00
Farmer_Structural_Damage,09_00_07_00,Wp,average,20,12.11,0.24,09,00,07,00
Farmer_Structural_Damage,09_00_07_00,Wp,average,60,61.01,0.25,09,00,07,00
Farmer_Structural_Damage,09_00_07_00,Wp,average,100,63.57,0.11,09,00,07,00
Farmer_Structural_Damage,09_00_09_00,D,average,20,10.77,0.29,09,00,09,00
Farmer_Structural_Damage,09_00_09_00,D,average,60,37.44,0.29,09,00,09,00
Farmer_Structural_Damage,09_00_09_00,D,average,100,37.44,0.19,09,00,09,00
Farmer_Structural_Damage,09_00_09_00,D&G,average,20,11.09,0.27,09,00,09,00
Farmer_Structural_Damage,09_00_09_00,D&G,average,60,39.86,0.26,09,00,09,00
Farmer_Structural_Damage,09_00_09_00,D&G,average,100,39.86,0.16,09,00,09,00
Farmer_Structural_Damage,09_00_09_00,D&G&Wp,average,20,11.2,0.26,09,00,09,00
Farmer_Structural_Damage,09_00_09_00,D&G&Wp,average,60,43.83,0.24,09,00,09,00
Farmer_Structural_Damage,09_00_09_00,D&G&Wp,average,100,44.83,0.12,09,00,09,00
Farmer_Structural_Damage,09_00_09_00,D&Wp,average,20,11.1,0.26,09,00,09,00
Farmer_Structural_Damage,09_00_09_00,D&Wp,average,60,44.6,0.24,09,00,09,00
Farmer_Structural_Damage,09_00_09_00,D&Wp,average,100,46.11,0.12,09,00,09,00
Farmer_Structural_Damage,09_00_09_00,G,average,20,11.41,0.26,09,00,09,00
Farmer_Structural_Damage,09_00_09_00,G,average,60,42.28,0.25,09,00,09,00
Farmer_Structural_Damage,09_00_09_00,G,average,100,42.28,0.14,09,00,09,00
Farmer_Structural_Damage,09_00_09_00,G&Wp,average,20,11.42,0.24,09,00,09,00
Farmer_Structural_Damage,09_00_09_00,G&Wp,average,60,47.02,0.22,09,00,09,00
Farmer_Structural_Damage,09_00_09_00,G&Wp,average,100,48.53,0.11,09,00,09,00
Farmer_Structural_Damage,09_00_09_00,Wp,average,20,11.42,0.23,09,00,09,00
Farmer_Structural_Damage,09_00_09_00,Wp,average,60,51.76,0.21,09,00,09,00
Farmer_Structural_Damage,09_00_09_00,Wp,average,100,54.78,0.1,09,00,09,00
Farmer_Structural_Damage,09_00_11_00,D,average,20,36.71,0.98,09,00,11,00
Farmer_Structural_Damage,09_00_11_00,D,average,60,115.81,0.88,09,00,11,00
Farmer_Structural_Damage,09_00_11_00,D,average,100,152.8,0.77,09,00,11,00
Farmer_Structural_Damage,09_00_11_00,D&G,average,20,39.46,0.97,09,00,11,00
Farmer_Structural_Damage,09_00_11_00,D&G,average,60,131.62,0.87,09,00,11,00
Farmer_Structural_Damage,09_00_11_00,D&G,average,100,168.09,0.66,09,00,11,00
Farmer_Structural_Damage,09_00_11_00,D&G&Wp,average,20,42.62,0.98,09,00,11,00
Farmer_Structural_Damage,09_00_11_00,D&G&Wp,average,60,158.34,0.86,09,00,11,00
Farmer_Structural_Damage,09_00_11_00,D&G&Wp,average,100,195.16,0.54,09,00,11,00
Farmer_Structural_Damage,09_00_11_00,D&Wp,average,20,42.83,0.99,09,00,11,00
Farmer_Structural_Damage,09_00_11_00,D&Wp,average,60,163.79,0.86,09,00,11,00
Farmer_Structural_Damage,09_00_11_00,D&Wp,average,100,201.06,0.52,09,00,11,00
Farmer_Structural_Damage,09_00_11_00,G,average,20,42.21,0.97,09,00,11,00
Farmer_Structural_Damage,09_00_11_00,G,average,60,147.43,0.86,09,00,11,00
Farmer_Structural_Damage,09_00_11_00,G,average,100,183.37,0.59,09,00,11,00
Farmer_Structural_Damage,09_00_11_00,G&Wp,average,20,45.58,0.98,09,00,11,00
Farmer_Structural_Damage,09_00_11_00,G&Wp,average,60,179.6,0.86,09,00,11,00
Farmer_Structural_Damage,09_00_11_00,G&Wp,average,100,216.34,0.49,09,00,11,00
Farmer_Structural_Damage,09_00_11_00,Wp,average,20,48.94,0.99,09,00,11,00
Farmer_Structural_Damage,09_00_11_00,Wp,average,60,211.76,0.85,09,00,11,00
Farmer_Structural_Damage,09_00_11_00,Wp,average,100,249.31,0.44,09,00,11,00
Farmer_Structural_Damage,09_00_13_00,D,average,20,30.9,0.83,09,00,13,00
Farmer_Structural_Damage,09_00_13_00,D,average,60,87.35,0.67,09,00,13,00
Farmer_Structural_Damage,09_00_13_00,D,average,100,111.39,0.56,09,00,13,00
Farmer_Structural_Damage,09_00_13_00,D&G,average,20,32.63,0.81,09,00,13,00
Farmer_Structural_Damage,09_00_13_00,D&G,average,60,101.02,0.67,09,00,13,00
Farmer_Structural_Damage,09_00_13_00,D&G,average,100,118.97,0.47,09,00,13,00
Farmer_Structural_Damage,09_00_13_00,D&G&Wp,average,20,38.24,0.88,09,00,13,00
Farmer_Structural_Damage,09_00_13_00,D&G&Wp,average,60,119.31,0.65,09,00,13,00
Farmer_Structural_Damage,09_00_13_00,D&G&Wp,average,100,134.61,0.37,09,00,13,00
Farmer_Structural_Damage,09_00_13_00,D&Wp,average,20,40.18,0.92,09,00,13,00
Farmer_Structural_Damage,09_00_13_00,D&Wp,average,60,121.62,0.64,09,00,13,00
Farmer_Structural_Damage,09_00_13_00,D&Wp,average,100,138.64,0.36,09,00,13,00
Farmer_Structural_Damage,09_00_13_00,G,average,20,34.37,0.79,09,00,13,00
Farmer_Structural_Damage,09_00_13_00,G,average,60,114.68,0.67,09,00,13,00
Farmer_Structural_Damage,09_00_13_00,G,average,100,126.54,0.41,09,00,13,00
Farmer_Structural_Damage,09_00_13_00,G&Wp,average,20,41.91,0.9,09,00,13,00
Farmer_Structural_Damage,09_00_13_00,G&Wp,average,60,135.28,0.65,09,00,13,00
Farmer_Structural_Damage,09_00_13_00,G&Wp,average,100,146.22,0.33,09,00,13,00
Farmer_Structural_Damage,09_00_13_00,Wp,average,20,49.46,1.0,09,00,13,00
Farmer_Structural_Damage,09_00_13_00,Wp,average,60,155.88,0.63,09,00,13,00
Farmer_Structural_Damage,09_00_13_00,Wp,average,100,165.9,0.29,09,00,13,00
Farmer_Structural_Damage,11_00_00_00,D,average,20,37.16,0.99,11,00,00,00
Farmer_Structural_Damage,11_00_00_00,D,average,60,129.28,0.98,11,00,00,00
Farmer_Structural_Damage,11_00_00_00,D,average,100,194.0,0.98,11,00,00,00
Farmer_Structural_Damage,11_00_00_00,D&G,average,20,40.17,0.99,11,00,00,00
Farmer_Structural_Damage,11_00_00_00,D&G,average,60,148.91,0.98,11,00,00,00
Farmer_Structural_Damage,11_00_00_00,D&G,average,100,239.0,0.94,11,00,00,00
Farmer_Structural_Damage,11_00_00_00,D&G&Wp,average,20,43.23,0.99,11,00,00,00
Farmer_Structural_Damage,11_00_00_00,D&G&Wp,average,60,179.68,0.98,11,00,00,00
Farmer_Structural_Damage,11_00_00_00,D&G&Wp,average,100,292.88,0.81,11,00,00,00
Farmer_Structural_Damage,11_00_00_00,D&Wp,average,20,43.26,1.0,11,00,00,00
Farmer_Structural_Damage,11_00_00_00,D&Wp,average,60,185.24,0.98,11,00,00,00
Farmer_Structural_Damage,11_00_00_00,D&Wp,average,100,297.32,0.77,11,00,00,00
Farmer_Structural_Damage,11_00_00_00,G,average,20,43.18,0.99,11,00,00,00
Farmer_Structural_Damage,11_00_00_00,G,average,60,168.54,0.98,11,00,00,00
Farmer_Structural_Damage,11_00_00_00,G,average,100,284.01,0.92,11,00,00,00
Farmer_Structural_Damage,11_00_00_00,G&Wp,average,20,46.27,0.99,11,00,00,00
Farmer_Structural_Damage,11_00_00_00,G&Wp,average,60,204.87,0.98,11,00,00,00
Farmer_Structural_Damage,11_00_00_00,G&Wp,average,100,342.32,0.78,11,00,00,00
Farmer_Structural_Damage,11_00_00_00,Wp,average,20,49.36,1.0,11,00,00,00
Farmer_Structural_Damage,11_00_00_00,Wp,average,60,241.2,0.97,11,00,00,00
Farmer_Structural_Damage,11_00_00_00,Wp,average,100,400.64,0.7,11,00,00,00
Farmer_Structural_Damage,11_00_01_00,D,average,20,37.16,0.99,11,00,01,00
Farmer_Structural_Damage,11_00_01_00,D,average,60,112.75,0.86,11,00,01,00
Farmer_Structural_Damage,11_00_01_00,D,average,100,134.32,0.68,11,00,01,00
Farmer_Structural_Damage,11_00_01_00,D&G,average,20,40.17,0.99,11,00,01,00
Farmer_Structural_Damage,11_00_01_00,D&G,average,60,128.86,0.85,11,00,01,00
Farmer_Structural_Damage,11_00_01_00,D&G,average,100,151.3,0.6,11,00,01,00
Farmer_Structural_Damage,11_00_01_00,D&G&Wp,average,20,43.23,0.99,11,00,01,00
Farmer_Structural_Damage,11_00_01_00,D&G&Wp,average,60,153.56,0.84,11,00,01,00
Farmer_Structural_Damage,11_00_01_00,D&G&Wp,average,100,171.85,0.48,11,00,01,00
Farmer_Structural_Damage,11_00_01_00,D&Wp,average,20,43.26,1.0,11,00,01,00
Farmer_Structural_Damage,11_00_01_00,D&Wp,average,60,157.84,0.83,11,00,01,00
Farmer_Structural_Damage,11_00_01_00,D&Wp,average,100,173.62,0.45,11,00,01,00
Farmer_Structural_Damage,11_00_01_00,G,average,20,43.18,0.99,11,00,01,00
Farmer_Structural_Damage,11_00_01_00,G,average,60,144.98,0.85,11,00,01,00
Farmer_Structural_Damage,11_00_01_00,G,average,100,168.29,0.54,11,00,01,00
Farmer_Structural_Damage,11_00_01_00,G&Wp,average,20,46.27,0.99,11,00,01,00
Farmer_Structural_Damage,11_00_01_00,G&Wp,average,60,173.96,0.83,11,00,01,00
Farmer_Structural_Damage,11_00_01_00,G&Wp,average,100,190.61,0.43,11,00,01,00
Farmer_Structural_Damage,11_00_01_00,Wp,average,20,49.36,1.0,11,00,01,00
Farmer_Structural_Damage,11_00_01_00,Wp,average,60,202.94,0.82,11,00,01,00
Farmer_Structural_Damage,11_00_01_00,Wp,average,100,212.94,0.37,11,00,01,00
Farmer_Structural_Damage,11_00_03_00,D,average,20,37.16,0.99,11,00,03,00
Farmer_Structural_Damage,11_00_03_00,D,average,60,112.75,0.86,11,00,03,00
Farmer_Structural_Damage,11_00_03_00,D,average,100,134.32,0.68,11,00,03,00
Farmer_Structural_Damage,11_00_03_00,D&G,average,20,40.17,0.99,11,00,03,00
Farmer_Structural_Damage,11_00_03_00,D&G,average,60,128.86,0.85,11,00,03,00
Farmer_Structural_Damage,11_00_03_00,D&G,average,100,151.3,0.6,11,00,03,00
Farmer_Structural_Damage,11_00_03_00,D&G&Wp,average,20,43.23,0.99,11,00,03,00
Farmer_Structural_Damage,11_00_03_00,D&G&Wp,average,60,153.55,0.84,11,00,03,00
Farmer_Structural_Damage,11_00_03_00,D&G&Wp,average,100,171.84,0.48,11,00,03,00
Farmer_Structural_Damage,11_00_03_00,D&Wp,average,20,43.26,1.0,11,00,03,00
Farmer_Structural_Damage,11_00_03_00,D&Wp,average,60,157.84,0.83,11,00,03,00
Farmer_Structural_Damage,11_00_03_00,D&Wp,average,100,173.62,0.45,11,00,03,00
Farmer_Structural_Damage,11_00_03_00,G,average,20,43.18,0.99,11,00,03,00
Farmer_Structural_Damage,11_00_03_00,G,average,60,144.98,0.85,11,00,03,00
Farmer_Structural_Damage,11_00_03_00,G,average,100,168.29,0.54,11,00,03,00
Farmer_Structural_Damage,11_00_03_00,G&Wp,average,20,46.27,0.99,11,00,03,00
Farmer_Structural_Damage,11_00_03_00,G&Wp,average,60,173.96,0.83,11,00,03,00
Farmer_Structural_Damage,11_00_03_00,G&Wp,average,100,190.61,0.43,11,00,03,00
Farmer_Structural_Damage,11_00_03_00,Wp,average,20,49.36,1.0,11,00,03,00
Farmer_Structural_Damage,11_00_03_00,Wp,average,60,202.93,0.82,11,00,03,00
Farmer_Structural_Damage,11_00_03_00,Wp,average,100,212.93,0.37,11,00,03,00
Farmer_Structural_Damage,11_00_05_00,D,average,20,10.77,0.29,11,00,05,00
Farmer_Structural_Damage,11_00_05_00,D,average,60,40.68,0.31,11,00,05,00
Farmer_Structural_Damage,11_00_05_00,D,average,100,44.06,0.22,11,00,05,00
Farmer_Structural_Damage,11_00_05_00,D&G,average,20,11.09,0.27,11,00,05,00
Farmer_Structural_Damage,11_00_05_00,D&G,average,60,43.16,0.29,11,00,05,00
Farmer_Structural_Damage,11_00_05_00,D&G,average,100,46.63,0.18,11,00,05,00
Farmer_Structural_Damage,11_00_05_00,D&G&Wp,average,20,11.2,0.26,11,00,05,00
Farmer_Structural_Damage,11_00_05_00,D&G&Wp,average,60,47.72,0.26,11,00,05,00
Farmer_Structural_Damage,11_00_05_00,D&G&Wp,average,100,50.99,0.14,11,00,05,00
Farmer_Structural_Damage,11_00_05_00,D&Wp,average,20,11.1,0.26,11,00,05,00
Farmer_Structural_Damage,11_00_05_00,D&Wp,average,60,48.76,0.26,11,00,05,00
Farmer_Structural_Damage,11_00_05_00,D&Wp,average,100,51.89,0.13,11,00,05,00
Farmer_Structural_Damage,11_00_05_00,G,average,20,11.41,0.26,11,00,05,00
Farmer_Structural_Damage,11_00_05_00,G,average,60,45.63,0.27,11,00,05,00
Farmer_Structural_Damage,11_00_05_00,G,average,100,49.2,0.16,11,00,05,00
Farmer_Structural_Damage,11_00_05_00,G&Wp,average,20,11.42,0.24,11,00,05,00
Farmer_Structural_Damage,11_00_05_00,G&Wp,average,60,51.23,0.24,11,00,05,00
Farmer_Structural_Damage,11_00_05_00,G&Wp,average,100,54.45,0.12,11,00,05,00
Farmer_Structural_Damage,11_00_05_00,Wp,average,20,11.42,0.23,11,00,05,00
Farmer_Structural_Damage,11_00_05_00,Wp,average,60,56.83,0.23,11,00,05,00
Farmer_Structural_Damage,11_00_05_00,Wp,average,100,59.71,0.1,11,00,05,00
Farmer_Structural_Damage,11_00_07_00,D,average,20,11.47,0.31,11,00,07,00
Farmer_Structural_Damage,11_00_07_00,D,average,60,45.52,0.35,11,00,07,00
Farmer_Structural_Damage,11_00_07_00,D,average,100,49.08,0.25,11,00,07,00
Farmer_Structural_Damage,11_00_07_00,D&G,average,20,11.8,0.29,11,00,07,00
Farmer_Structural_Damage,11_00_07_00,D&G,average,60,47.99,0.32,11,00,07,00
Farmer_Structural_Damage,11_00_07_00,D&G,average,100,50.44,0.2,11,00,07,00
Farmer_Structural_Damage,11_00_07_00,D&G&Wp,average,20,11.9,0.27,11,00,07,00
Farmer_Structural_Damage,11_00_07_00,D&G&Wp,average,60,52.27,0.28,11,00,07,00
Farmer_Structural_Damage,11_00_07_00,D&G&Wp,average,100,54.74,0.15,11,00,07,00
Farmer_Structural_Damage,11_00_07_00,D&Wp,average,20,11.79,0.27,11,00,07,00
Farmer_Structural_Damage,11_00_07_00,D&Wp,average,60,53.17,0.28,11,00,07,00
Farmer_Structural_Damage,11_00_07_00,D&Wp,average,100,56.22,0.15,11,00,07,00
Farmer_Structural_Damage,11_00_07_00,G,average,20,12.13,0.28,11,00,07,00
Farmer_Structural_Damage,11_00_07_00,G,average,60,50.46,0.29,11,00,07,00
Farmer_Structural_Damage,11_00_07_00,G,average,100,51.79,0.17,11,00,07,00
Farmer_Structural_Damage,11_00_07_00,G&Wp,average,20,12.12,0.26,11,00,07,00
Farmer_Structural_Damage,11_00_07_00,G&Wp,average,60,55.64,0.27,11,00,07,00
Farmer_Structural_Damage,11_00_07_00,G&Wp,average,100,57.57,0.13,11,00,07,00
Farmer_Structural_Damage,11_00_07_00,Wp,average,20,12.11,0.24,11,00,07,00
Farmer_Structural_Damage,11_00_07_00,Wp,average,60,60.83,0.25,11,00,07,00
Farmer_Structural_Damage,11_00_07_00,Wp,average,100,63.36,0.11,11,00,07,00
Farmer_Structural_Damage,11_00_09_00,D,average,20,10.77,0.29,11,00,09,00
Farmer_Structural_Damage,11_00_09_00,D,average,60,37.44,0.29,11,00,09,00
Farmer_Structural_Damage,11_00_09_00,D,average,100,37.44,0.19,11,00,09,00
Farmer_Structural_Damage,11_00_09_00,D&G,average,20,11.09,0.27,11,00,09,00
Farmer_Structural_Damage,11_00_09_00,D&G,average,60,39.86,0.26,11,00,09,00
Farmer_Structural_Damage,11_00_09_00,D&G,average,100,39.86,0.16,11,00,09,00
Farmer_Structural_Damage,11_00_09_00,D&G&Wp,average,20,11.2,0.26,11,00,09,00
Farmer_Structural_Damage,11_00_09_00,D&G&Wp,average,60,43.83,0.24,11,00,09,00
Farmer_Structural_Damage,11_00_09_00,D&G&Wp,average,100,44.83,0.12,11,00,09,00
Farmer_Structural_Damage,11_00_09_00,D&Wp,average,20,11.1,0.26,11,00,09,00
Farmer_Structural_Damage,11_00_09_00,D&Wp,average,60,44.6,0.24,11,00,09,00
Farmer_Structural_Damage,11_00_09_00,D&Wp,average,100,46.11,0.12,11,00,09,00
Farmer_Structural_Damage,11_00_09_00,G,average,20,11.41,0.26,11,00,09,00
Farmer_Structural_Damage,11_00_09_00,G,average,60,42.28,0.25,11,00,09,00
Farmer_Structural_Damage,11_00_09_00,G,average,100,42.28,0.14,11,00,09,00
Farmer_Structural_Damage,11_00_09_00,G&Wp,average,20,11.42,0.24,11,00,09,00
Farmer_Structural_Damage,11_00_09_00,G&Wp,average,60,47.02,0.22,11,00,09,00
Farmer_Structural_Damage,11_00_09_00,G&Wp,average,100,48.53,0.11,11,00,09,00
Farmer_Structural_Damage,11_00_09_00,Wp,average,20,11.42,0.23,11,00,09,00
Farmer_Structural_Damage,11_00_09_00,Wp,average,60,51.76,0.21,11,00,09,00
Farmer_Structural_Damage,11_00_09_00,Wp,average,100,54.78,0.1,11,00,09,00
Farmer_Structural_Damage,11_00_11_00,D,average,20,37.16,0.99,11,00,11,00
Farmer_Structural_Damage,11_00_11_00,D,average,60,116.76,0.89,11,00,11,00
Farmer_Structural_Damage,11_00_11_00,D,average,100,163.22,0.82,11,00,11,00
Farmer_Structural_Damage,11_00_11_00,D&G,average,20,40.17,0.99,11,00,11,00
Farmer_Structural_Damage,11_00_11_00,D&G,average,60,132.22,0.87,11,00,11,00
Farmer_Structural_Damage,11_00_11_00,D&G,average,100,175.46,0.69,11,00,11,00
Farmer_Structural_Damage,11_00_11_00,D&G&Wp,average,20,43.23,0.99,11,00,11,00
Farmer_Structural_Damage,11_00_11_00,D&G&Wp,average,60,158.1,0.86,11,00,11,00
Farmer_Structural_Damage,11_00_11_00,D&G&Wp,average,100,198.67,0.55,11,00,11,00
Farmer_Structural_Damage,11_00_11_00,D&Wp,average,20,43.26,1.0,11,00,11,00
Farmer_Structural_Damage,11_00_11_00,D&Wp,average,60,163.31,0.86,11,00,11,00
Farmer_Structural_Damage,11_00_11_00,D&Wp,average,100,204.16,0.53,11,00,11,00
Farmer_Structural_Damage,11_00_11_00,G,average,20,43.18,0.99,11,00,11,00
Farmer_Structural_Damage,11_00_11_00,G,average,60,147.68,0.86,11,00,11,00
Farmer_Structural_Damage,11_00_11_00,G,average,100,187.7,0.61,11,00,11,00
Farmer_Structural_Damage,11_00_11_00,G&Wp,average,20,46.27,0.99,11,00,11,00
Farmer_Structural_Damage,11_00_11_00,G&Wp,average,60,178.77,0.85,11,00,11,00
Farmer_Structural_Damage,11_00_11_00,G&Wp,average,100,216.4,0.49,11,00,11,00
Farmer_Structural_Damage,11_00_11_00,Wp,average,20,49.36,1.0,11,00,11,00
Farmer_Structural_Damage,11_00_11_00,Wp,average,60,209.87,0.85,11,00,11,00
Farmer_Structural_Damage,11_00_11_00,Wp,average,100,245.1,0.43,11,00,11,00
Farmer_Structural_Damage,11_00_13_00,D,average,20,37.16,0.99,11,00,13,00
Farmer_Structural_Damage,11_00_13_00,D,average,60,105.58,0.8,11,00,13,00
Farmer_Structural_Damage,11_00_13_00,D,average,100,130.68,0.66,11,00,13,00
Farmer_Structural_Damage,11_00_13_00,D&G,average,20,40.17,0.99,11,00,13,00
Farmer_Structural_Damage,11_00_13_00,D&G,average,60,120.37,0.8,11,00,13,00
Farmer_Structural_Damage,11_00_13_00,D&G,average,100,139.35,0.55,11,00,13,00
Farmer_Structural_Damage,11_00_13_00,D&G&Wp,average,20,43.23,0.99,11,00,13,00
Farmer_Structural_Damage,11_00_13_00,D&G&Wp,average,60,139.1,0.76,11,00,13,00
Farmer_Structural_Damage,11_00_13_00,D&G&Wp,average,100,154.74,0.43,11,00,13,00
Farmer_Structural_Damage,11_00_13_00,D&Wp,average,20,43.26,1.0,11,00,13,00
Farmer_Structural_Damage,11_00_13_00,D&Wp,average,60,141.07,0.74,11,00,13,00
Farmer_Structural_Damage,11_00_13_00,D&Wp,average,100,158.09,0.41,11,00,13,00
Farmer_Structural_Damage,11_00_13_00,G,average,20,43.18,0.99,11,00,13,00
Farmer_Structural_Damage,11_00_13_00,G,average,60,135.16,0.79,11,00,13,00
Farmer_Structural_Damage,11_00_13_00,G,average,100,148.03,0.48,11,00,13,00
Farmer_Structural_Damage,11_00_13_00,G&Wp,average,20,46.27,0.99,11,00,13,00
Farmer_Structural_Damage,11_00_13_00,G&Wp,average,60,155.86,0.74,11,00,13,00
Farmer_Structural_Damage,11_00_13_00,G&Wp,average,100,166.77,0.38,11,00,13,00
Farmer_Structural_Damage,11_00_13_00,Wp,average,20,49.36,1.0,11,00,13,00
Farmer_Structural_Damage,11_00_13_00,Wp,average,60,176.57,0.71,11,00,13,00
Farmer_Structural_Damage,11_00_13_00,Wp,average,100,185.5,0.32,11,00,13,00
Farmer_Structural_Damage,13_00_00_00,D,average,20,37.35,1.0,13,00,00,00
Farmer_Structural_Damage,13_00_00_00,D,average,60,124.46,0.95,13,00,00,00
Farmer_Structural_Damage,13_00_00_00,D,average,100,168.39,0.85,13,00,00,00
Farmer_Structural_Damage,13_00_00_00,D&G,average,20,40.5,1.0,13,00,00,00
Farmer_Structural_Damage,13_00_00_00,D&G,average,60,126.5,0.84,13,00,00,00
Farmer_Structural_Damage,13_00_00_00,D&G,average,100,175.72,0.69,13,00,00,00
Farmer_Structural_Damage,13_00_00_00,D&G&Wp,average,20,43.53,1.0,13,00,00,00
Farmer_Structural_Damage,13_00_00_00,D&G&Wp,average,60,139.78,0.76,13,00,00,00
Farmer_Structural_Damage,13_00_00_00,D&G&Wp,average,100,174.67,0.49,13,00,00,00
Farmer_Structural_Damage,13_00_00_00,D&Wp,average,20,43.46,1.0,13,00,00,00
Farmer_Structural_Damage,13_00_00_00,D&Wp,average,60,145.4,0.77,13,00,00,00
Farmer_Structural_Damage,13_00_00_00,D&Wp,average,100,170.47,0.44,13,00,00,00
Farmer_Structural_Damage,13_00_00_00,G,average,20,43.65,1.0,13,00,00,00
Farmer_Structural_Damage,13_00_00_00,G,average,60,128.55,0.75,13,00,00,00
Farmer_Structural_Damage,13_00_00_00,G,average,100,183.06,0.59,13,00,00,00
Farmer_Structural_Damage,13_00_00_00,G&Wp,average,20,46.62,1.0,13,00,00,00
Farmer_Structural_Damage,13_00_00_00,G&Wp,average,60,147.44,0.7,13,00,00,00
Farmer_Structural_Damage,13_00_00_00,G&Wp,average,100,177.81,0.4,13,00,00,00
Farmer_Structural_Damage,13_00_00_00,Wp,average,20,49.58,1.0,13,00,00,00
Farmer_Structural_Damage,13_00_00_00,Wp,average,60,166.34,0.67,13,00,00,00
Farmer_Structural_Damage,13_00_00_00,Wp,average,100,172.56,0.3,13,00,00,00
Farmer_Structural_Damage,13_00_01_00,D,average,20,37.35,1.0,13,00,01,00
Farmer_Structural_Damage,13_00_01_00,D,average,60,107.44,0.82,13,00,01,00
Farmer_Structural_Damage,13_00_01_00,D,average,100,127.58,0.64,13,00,01,00
Farmer_Structural_Damage,13_00_01_00,D&G,average,20,40.5,1.0,13,00,01,00
Farmer_Structural_Damage,13_00_01_00,D&G,average,60,118.0,0.78,13,00,01,00
Farmer_Structural_Damage,13_00_01_00,D&G,average,100,132.02,0.52,13,00,01,00
Farmer_Structural_Damage,13_00_01_00,D&G&Wp,average,20,43.53,1.0,13,00,01,00
Farmer_Structural_Damage,13_00_01_00,D&G&Wp,average,60,133.03,0.72,13,00,01,00
Farmer_Structural_Damage,13_00_01_00,D&G&Wp,average,100,144.34,0.4,13,00,01,00
Farmer_Structural_Damage,13_00_01_00,D&Wp,average,20,43.46,1.0,13,00,01,00
Farmer_Structural_Damage,13_00_01_00,D&Wp,average,60,135.26,0.71,13,00,01,00
Farmer_Structural_Damage,13_00_01_00,D&Wp,average,100,148.28,0.38,13,00,01,00
Farmer_Structural_Damage,13_00_01_00,G,average,20,43.65,1.0,13,00,01,00
Farmer_Structural_Damage,13_00_01_00,G,average,60,128.55,0.75,13,00,01,00
Farmer_Structural_Damage,13_00_01_00,G,average,100,136.45,0.44,13,00,01,00
Farmer_Structural_Damage,13_00_01_00,G&Wp,average,20,46.62,1.0,13,00,01,00
Farmer_Structural_Damage,13_00_01_00,G&Wp,average,60,145.82,0.7,13,00,01,00
Farmer_Structural_Damage,13_00_01_00,G&Wp,average,100,152.72,0.35,13,00,01,00
Farmer_Structural_Damage,13_00_01_00,Wp,average,20,49.58,1.0,13,00,01,00
Farmer_Structural_Damage,13_00_01_00,Wp,average,60,163.09,0.66,13,00,01,00
Farmer_Structural_Damage,13_00_01_00,Wp,average,100,168.98,0.3,13,00,01,00
Farmer_Structural_Damage,13_00_03_00,D,average,20,37.35,1.0,13,00,03,00
Farmer_Structural_Damage,13_00_03_00,D,average,60,107.44,0.82,13,00,03,00
Farmer_Structural_Damage,13_00_03_00,D,average,100,127.58,0.64,13,00,03,00
Farmer_Structural_Damage,13_00_03_00,D&G,average,20,40.5,1.0,13,00,03,00
Farmer_Structural_Damage,13_00_03_00,D&G,average,60,118.0,0.78,13,00,03,00
Farmer_Structural_Damage,13_00_03_00,D&G,average,100,132.02,0.52,13,00,03,00
Farmer_Structural_Damage,13_00_03_00,D&G&Wp,average,20,43.53,1.0,13,00,03,00
Farmer_Structural_Damage,13_00_03_00,D&G&Wp,average,60,133.03,0.72,13,00,03,00
Farmer_Structural_Damage,13_00_03_00,D&G&Wp,average,100,144.34,0.4,13,00,03,00
Farmer_Structural_Damage,13_00_03_00,D&Wp,average,20,43.46,1.0,13,00,03,00
Farmer_Structural_Damage,13_00_03_00,D&Wp,average,60,135.26,0.71,13,00,03,00
Farmer_Structural_Damage,13_00_03_00,D&Wp,average,100,148.28,0.38,13,00,03,00
Farmer_Structural_Damage,13_00_03_00,G,average,20,43.65,1.0,13,00,03,00
Farmer_Structural_Damage,13_00_03_00,G,average,60,128.55,0.75,13,00,03,00
Farmer_Structural_Damage,13_00_03_00,G,average,100,136.45,0.44,13,00,03,00
Farmer_Structural_Damage,13_00_03_00,G&Wp,average,20,46.62,1.0,13,00,03,00
Farmer_Structural_Damage,13_00_03_00,G&Wp,average,60,145.82,0.7,13,00,03,00
Farmer_Structural_Damage,13_00_03_00,G&Wp,average,100,152.72,0.35,13,00,03,00
Farmer_Structural_Damage,13_00_03_00,Wp,average,20,49.58,1.0,13,00,03,00
Farmer_Structural_Damage,13_00_03_00,Wp,average,60,163.09,0.66,13,00,03,00
Farmer_Structural_Damage,13_00_03_00,Wp,average,100,168.98,0.3,13,00,03,00
Farmer_Structural_Damage,13_00_05_00,D,average,20,10.77,0.29,13,00,05,00
Farmer_Structural_Damage,13_00_05_00,D,average,60,40.68,0.31,13,00,05,00
Farmer_Structural_Damage,13_00_05_00,D,average,100,44.06,0.22,13,00,05,00
Farmer_Structural_Damage,13_00_05_00,D&G,average,20,11.09,0.27,13,00,05,00
Farmer_Structural_Damage,13_00_05_00,D&G,average,60,43.16,0.29,13,00,05,00
Farmer_Structural_Damage,13_00_05_00,D&G,average,100,46.63,0.18,13,00,05,00
Farmer_Structural_Damage,13_00_05_00,D&G&Wp,average,20,11.2,0.26,13,00,05,00
Farmer_Structural_Damage,13_00_05_00,D&G&Wp,average,60,47.72,0.26,13,00,05,00
Farmer_Structural_Damage,13_00_05_00,D&G&Wp,average,100,50.99,0.14,13,00,05,00
Farmer_Structural_Damage,13_00_05_00,D&Wp,average,20,11.1,0.26,13,00,05,00
Farmer_Structural_Damage,13_00_05_00,D&Wp,average,60,48.76,0.26,13,00,05,00
Farmer_Structural_Damage,13_00_05_00,D&Wp,average,100,51.89,0.13,13,00,05,00
Farmer_Structural_Damage,13_00_05_00,G,average,20,11.41,0.26,13,00,05,00
Farmer_Structural_Damage,13_00_05_00,G,average,60,45.63,0.27,13,00,05,00
Farmer_Structural_Damage,13_00_05_00,G,average,100,49.2,0.16,13,00,05,00
Farmer_Structural_Damage,13_00_05_00,G&Wp,average,20,11.42,0.24,13,00,05,00
Farmer_Structural_Damage,13_00_05_00,G&Wp,average,60,51.23,0.24,13,00,05,00
Farmer_Structural_Damage,13_00_05_00,G&Wp,average,100,54.45,0.12,13,00,05,00
Farmer_Structural_Damage,13_00_05_00,Wp,average,20,11.42,0.23,13,00,05,00
Farmer_Structural_Damage,13_00_05_00,Wp,average,60,56.83,0.23,13,00,05,00
Farmer_Structural_Damage,13_00_05_00,Wp,average,100,59.71,0.1,13,00,05,00
Farmer_Structural_Damage,13_00_07_00,D,average,20,11.46,0.31,13,00,07,00
Farmer_Structural_Damage,13_00_07_00,D,average,60,45.62,0.35,13,00,07,00
Farmer_Structural_Damage,13_00_07_00,D,average,100,49.25,0.25,13,00,07,00
Farmer_Structural_Damage,13_00_07_00,D&G,average,20,11.79,0.29,13,00,07,00
Farmer_Structural_Damage,13_00_07_00,D&G,average,60,48.12,0.32,13,00,07,00
Farmer_Structural_Damage,13_00_07_00,D&G,average,100,50.62,0.2,13,00,07,00
Farmer_Structural_Damage,13_00_07_00,D&G&Wp,average,20,11.9,0.27,13,00,07,00
Farmer_Structural_Damage,13_00_07_00,D&G&Wp,average,60,52.41,0.29,13,00,07,00
Farmer_Structural_Damage,13_00_07_00,D&G&Wp,average,100,54.94,0.15,13,00,07,00
Farmer_Structural_Damage,13_00_07_00,D&Wp,average,20,11.79,0.27,13,00,07,00
Farmer_Structural_Damage,13_00_07_00,D&Wp,average,60,53.31,0.28,13,00,07,00
Farmer_Structural_Damage,13_00_07_00,D&Wp,average,100,56.4,0.15,13,00,07,00
Farmer_Structural_Damage,13_00_07_00,G,average,20,12.13,0.28,13,00,07,00
Farmer_Structural_Damage,13_00_07_00,G,average,60,50.62,0.3,13,00,07,00
Farmer_Structural_Damage,13_00_07_00,G,average,100,52.0,0.17,13,00,07,00
Farmer_Structural_Damage,13_00_07_00,G&Wp,average,20,12.12,0.26,13,00,07,00
Farmer_Structural_Damage,13_00_07_00,G&Wp,average,60,55.81,0.27,13,00,07,00
Farmer_Structural_Damage,13_00_07_00,G&Wp,average,100,57.78,0.13,13,00,07,00
Farmer_Structural_Damage,13_00_07_00,Wp,average,20,12.11,0.24,13,00,07,00
Farmer_Structural_Damage,13_00_07_00,Wp,average,60,61.0,0.25,13,00,07,00
Farmer_Structural_Damage,13_00_07_00,Wp,average,100,63.56,0.11,13,00,07,00
Farmer_Structural_Damage,13_00_09_00,D,average,20,10.77,0.29,13,00,09,00
Farmer_Structural_Damage,13_00_09_00,D,average,60,37.44,0.29,13,00,09,00
Farmer_Structural_Damage,13_00_09_00,D,average,100,37.44,0.19,13,00,09,00
Farmer_Structural_Damage,13_00_09_00,D&G,average,20,11.09,0.27,13,00,09,00
Farmer_Structural_Damage,13_00_09_00,D&G,average,60,39.86,0.26,13,00,09,00
Farmer_Structural_Damage,13_00_09_00,D&G,average,100,39.86,0.16,13,00,09,00
Farmer_Structural_Damage,13_00_09_00,D&G&Wp,average,20,11.2,0.26,13,00,09,00
Farmer_Structural_Damage,13_00_09_00,D&G&Wp,average,60,43.83,0.24,13,00,09,00
Farmer_Structural_Damage,13_00_09_00,D&G&Wp,average,100,44.83,0.12,13,00,09,00
Farmer_Structural_Damage,13_00_09_00,D&Wp,average,20,11.1,0.26,13,00,09,00
Farmer_Structural_Damage,13_00_09_00,D&Wp,average,60,44.6,0.24,13,00,09,00
Farmer_Structural_Damage,13_00_09_00,D&Wp,average,100,46.11,0.12,13,00,09,00
Farmer_Structural_Damage,13_00_09_00,G,average,20,11.41,0.26,13,00,09,00
Farmer_Structural_Damage,13_00_09_00,G,average,60,42.28,0.25,13,00,09,00
Farmer_Structural_Damage,13_00_09_00,G,average,100,42.28,0.14,13,00,09,00
Farmer_Structural_Damage,13_00_09_00,G&Wp,average,20,11.42,0.24,13,00,09,00
Farmer_Structural_Damage,13_00_09_00,G&Wp,average,60,47.02,0.22,13,00,09,00
Farmer_Structural_Damage,13_00_09_00,G&Wp,average,100,48.53,0.11,13,00,09,00
Farmer_Structural_Damage,13_00_09_00,Wp,average,20,11.42,0.23,13,00,09,00
Farmer_Structural_Damage,13_00_09_00,Wp,average,60,51.76,0.21,13,00,09,00
Farmer_Structural_Damage,13_00_09_00,Wp,average,100,54.78,0.1,13,00,09,00
Farmer_Structural_Damage,13_00_11_00,D,average,20,37.35,1.0,13,00,11,00
Farmer_Structural_Damage,13_00_11_00,D,average,60,112.27,0.86,13,00,11,00
Farmer_Structural_Damage,13_00_11_00,D,average,100,147.47,0.74,13,00,11,00
Farmer_Structural_Damage,13_00_11_00,D&G,average,20,40.5,1.0,13,00,11,00
Farmer_Structural_Damage,13_00_11_00,D&G,average,60,120.41,0.8,13,00,11,00
Farmer_Structural_Damage,13_00_11_00,D&G,average,100,150.54,0.59,13,00,11,00
Farmer_Structural_Damage,13_00_11_00,D&G&Wp,average,20,43.53,1.0,13,00,11,00
Farmer_Structural_Damage,13_00_11_00,D&G&Wp,average,60,135.72,0.74,13,00,11,00
Farmer_Structural_Damage,13_00_11_00,D&G&Wp,average,100,157.88,0.44,13,00,11,00
Farmer_Structural_Damage,13_00_11_00,D&Wp,average,20,43.46,1.0,13,00,11,00
Farmer_Structural_Damage,13_00_11_00,D&Wp,average,60,139.3,0.73,13,00,11,00
Farmer_Structural_Damage,13_00_11_00,D&Wp,average,100,160.02,0.42,13,00,11,00
Farmer_Structural_Damage,13_00_11_00,G,average,20,43.65,1.0,13,00,11,00
Farmer_Structural_Damage,13_00_11_00,G,average,60,128.55,0.75,13,00,11,00
Farmer_Structural_Damage,13_00_11_00,G,average,100,153.61,0.5,13,00,11,00
Farmer_Structural_Damage,13_00_11_00,G&Wp,average,20,46.62,1.0,13,00,11,00
Farmer_Structural_Damage,13_00_11_00,G&Wp,average,60,147.44,0.7,13,00,11,00
Farmer_Structural_Damage,13_00_11_00,G&Wp,average,100,163.09,0.37,13,00,11,00
Farmer_Structural_Damage,13_00_11_00,Wp,average,20,49.58,1.0,13,00,11,00
Farmer_Structural_Damage,13_00_11_00,Wp,average,60,166.34,0.67,13,00,11,00
Farmer_Structural_Damage,13_00_11_00,Wp,average,100,172.56,0.3,13,00,11,00
Farmer_Structural_Damage,13_00_13_00,D,average,20,37.35,1.0,13,00,13,00
Farmer_Structural_Damage,13_00_13_00,D,average,60,106.25,0.81,13,00,13,00
Farmer_Structural_Damage,13_00_13_00,D,average,100,128.48,0.65,13,00,13,00
Farmer_Structural_Damage,13_00_13_00,D&G,average,20,40.5,1.0,13,00,13,00
Farmer_Structural_Damage,13_00_13_00,D&G,average,60,117.4,0.78,13,00,13,00
Farmer_Structural_Damage,13_00_13_00,D&G,average,100,132.3,0.52,13,00,13,00
Farmer_Structural_Damage,13_00_13_00,D&G&Wp,average,20,43.53,1.0,13,00,13,00
Farmer_Structural_Damage,13_00_13_00,D&G&Wp,average,60,130.22,0.71,13,00,13,00
Farmer_Structural_Damage,13_00_13_00,D&G&Wp,average,100,142.41,0.4,13,00,13,00
Farmer_Structural_Damage,13_00_13_00,D&Wp,average,20,43.46,1.0,13,00,13,00
Farmer_Structural_Damage,13_00_13_00,D&Wp,average,60,131.05,0.69,13,00,13,00
Farmer_Structural_Damage,13_00_13_00,D&Wp,average,100,145.55,0.38,13,00,13,00
Farmer_Structural_Damage,13_00_13_00,G,average,20,43.65,1.0,13,00,13,00
Farmer_Structural_Damage,13_00_13_00,G,average,60,128.55,0.75,13,00,13,00
Farmer_Structural_Damage,13_00_13_00,G,average,100,136.12,0.44,13,00,13,00
Farmer_Structural_Damage,13_00_13_00,G&Wp,average,20,46.62,1.0,13,00,13,00
Farmer_Structural_Damage,13_00_13_00,G&Wp,average,60,142.2,0.68,13,00,13,00
Farmer_Structural_Damage,13_00_13_00,G&Wp,average,100,149.37,0.34,13,00,13,00
Farmer_Structural_Damage,13_00_13_00,Wp,average,20,49.58,1.0,13,00,13,00
Farmer_Structural_Damage,13_00_13_00,Wp,average,60,155.85,0.63,13,00,13,00
Farmer_Structural_Damage,13_00_13_00,Wp,average,100,162.62,0.28,13,00,13,00
