objective_parameter,pw_combi,scenario_of_interest,robustness_metric,year,Value,normalized_values,flood_agr,drought_agr,flood_urb,drought_shp
Municipality_Measure_Costs,00_00_00_00,D,average,20,0.0,0.0,00,00,00,00
Municipality_Measure_Costs,00_00_00_00,D,average,60,0.0,0.0,00,00,00,00
Municipality_Measure_Costs,00_00_00_00,D,average,100,0.0,0.0,00,00,00,00
Municipality_Measure_Costs,00_00_00_00,D&G,average,20,0.0,0.0,00,00,00,00
Municipality_Measure_Costs,00_00_00_00,D&G,average,60,0.0,0.0,00,00,00,00
Municipality_Measure_Costs,00_00_00_00,D&G,average,100,0.0,0.0,00,00,00,00
Municipality_Measure_Costs,00_00_00_00,D&G&Wp,average,20,0.0,0.0,00,00,00,00
Municipality_Measure_Costs,00_00_00_00,D&G&Wp,average,60,0.0,0.0,00,00,00,00
Municipality_Measure_Costs,00_00_00_00,D&G&Wp,average,100,0.0,0.0,00,00,00,00
Municipality_Measure_Costs,00_00_00_00,D&Wp,average,20,0.0,0.0,00,00,00,00
Municipality_Measure_Costs,00_00_00_00,D&Wp,average,60,0.0,0.0,00,00,00,00
Municipality_Measure_Costs,00_00_00_00,D&Wp,average,100,0.0,0.0,00,00,00,00
Municipality_Measure_Costs,00_00_00_00,G,average,20,0.0,0.0,00,00,00,00
Municipality_Measure_Costs,00_00_00_00,G,average,60,0.0,0.0,00,00,00,00
Municipality_Measure_Costs,00_00_00_00,G,average,100,0.0,0.0,00,00,00,00
Municipality_Measure_Costs,00_00_00_00,G&Wp,average,20,0.0,0.0,00,00,00,00
Municipality_Measure_Costs,00_00_00_00,G&Wp,average,60,0.0,0.0,00,00,00,00
Municipality_Measure_Costs,00_00_00_00,G&Wp,average,100,0.0,0.0,00,00,00,00
Municipality_Measure_Costs,00_00_00_00,Wp,average,20,0.0,0.0,00,00,00,00
Municipality_Measure_Costs,00_00_00_00,Wp,average,60,0.0,0.0,00,00,00,00
Municipality_Measure_Costs,00_00_00_00,Wp,average,100,0.0,0.0,00,00,00,00
Municipality_Measure_Costs,00_00_01_00,D,average,20,21.58,0.07,00,00,01,00
Municipality_Measure_Costs,00_00_01_00,D,average,60,118.42,0.22,00,00,01,00
Municipality_Measure_Costs,00_00_01_00,D,average,100,235.6,0.33,00,00,01,00
Municipality_Measure_Costs,00_00_01_00,D&G,average,20,21.58,0.07,00,00,01,00
Municipality_Measure_Costs,00_00_01_00,D&G,average,60,124.05,0.23,00,00,01,00
Municipality_Measure_Costs,00_00_01_00,D&G,average,100,235.63,0.33,00,00,01,00
Municipality_Measure_Costs,00_00_01_00,D&G&Wp,average,20,21.58,0.07,00,00,01,00
Municipality_Measure_Costs,00_00_01_00,D&G&Wp,average,60,133.57,0.24,00,00,01,00
Municipality_Measure_Costs,00_00_01_00,D&G&Wp,average,100,235.82,0.33,00,00,01,00
Municipality_Measure_Costs,00_00_01_00,D&Wp,average,20,21.58,0.07,00,00,01,00
Municipality_Measure_Costs,00_00_01_00,D&Wp,average,60,135.52,0.25,00,00,01,00
Municipality_Measure_Costs,00_00_01_00,D&Wp,average,100,235.9,0.33,00,00,01,00
Municipality_Measure_Costs,00_00_01_00,G,average,20,21.58,0.07,00,00,01,00
Municipality_Measure_Costs,00_00_01_00,G,average,60,129.67,0.24,00,00,01,00
Municipality_Measure_Costs,00_00_01_00,G,average,100,235.65,0.33,00,00,01,00
Municipality_Measure_Costs,00_00_01_00,G&Wp,average,20,21.58,0.07,00,00,01,00
Municipality_Measure_Costs,00_00_01_00,G&Wp,average,60,141.14,0.26,00,00,01,00
Municipality_Measure_Costs,00_00_01_00,G&Wp,average,100,235.93,0.33,00,00,01,00
Municipality_Measure_Costs,00_00_01_00,Wp,average,20,21.58,0.07,00,00,01,00
Municipality_Measure_Costs,00_00_01_00,Wp,average,60,152.62,0.28,00,00,01,00
Municipality_Measure_Costs,00_00_01_00,Wp,average,100,236.2,0.33,00,00,01,00
Municipality_Measure_Costs,00_00_03_00,D,average,20,26.85,0.08,00,00,03,00
Municipality_Measure_Costs,00_00_03_00,D,average,60,115.67,0.21,00,00,03,00
Municipality_Measure_Costs,00_00_03_00,D,average,100,228.57,0.32,00,00,03,00
Municipality_Measure_Costs,00_00_03_00,D&G,average,20,26.85,0.08,00,00,03,00
Municipality_Measure_Costs,00_00_03_00,D&G,average,60,121.27,0.22,00,00,03,00
Municipality_Measure_Costs,00_00_03_00,D&G,average,100,228.64,0.32,00,00,03,00
Municipality_Measure_Costs,00_00_03_00,D&G&Wp,average,20,26.85,0.08,00,00,03,00
Municipality_Measure_Costs,00_00_03_00,D&G&Wp,average,60,130.65,0.24,00,00,03,00
Municipality_Measure_Costs,00_00_03_00,D&G&Wp,average,100,228.85,0.32,00,00,03,00
Municipality_Measure_Costs,00_00_03_00,D&Wp,average,20,26.85,0.08,00,00,03,00
Municipality_Measure_Costs,00_00_03_00,D&Wp,average,60,132.55,0.24,00,00,03,00
Municipality_Measure_Costs,00_00_03_00,D&Wp,average,100,228.92,0.32,00,00,03,00
Municipality_Measure_Costs,00_00_03_00,G,average,20,26.85,0.08,00,00,03,00
Municipality_Measure_Costs,00_00_03_00,G,average,60,126.87,0.23,00,00,03,00
Municipality_Measure_Costs,00_00_03_00,G,average,100,228.72,0.32,00,00,03,00
Municipality_Measure_Costs,00_00_03_00,G&Wp,average,20,26.85,0.08,00,00,03,00
Municipality_Measure_Costs,00_00_03_00,G&Wp,average,60,138.15,0.25,00,00,03,00
Municipality_Measure_Costs,00_00_03_00,G&Wp,average,100,228.99,0.32,00,00,03,00
Municipality_Measure_Costs,00_00_03_00,Wp,average,20,26.85,0.08,00,00,03,00
Municipality_Measure_Costs,00_00_03_00,Wp,average,60,149.42,0.27,00,00,03,00
Municipality_Measure_Costs,00_00_03_00,Wp,average,100,229.27,0.32,00,00,03,00
Municipality_Measure_Costs,00_00_05_00,D,average,20,56.0,0.17,00,00,05,00
Municipality_Measure_Costs,00_00_05_00,D,average,60,140.4,0.26,00,00,05,00
Municipality_Measure_Costs,00_00_05_00,D,average,100,154.6,0.21,00,00,05,00
Municipality_Measure_Costs,00_00_05_00,D&G,average,20,56.0,0.17,00,00,05,00
Municipality_Measure_Costs,00_00_05_00,D&G,average,60,140.4,0.26,00,00,05,00
Municipality_Measure_Costs,00_00_05_00,D&G,average,100,154.6,0.21,00,00,05,00
Municipality_Measure_Costs,00_00_05_00,D&G&Wp,average,20,56.0,0.17,00,00,05,00
Municipality_Measure_Costs,00_00_05_00,D&G&Wp,average,60,140.4,0.26,00,00,05,00
Municipality_Measure_Costs,00_00_05_00,D&G&Wp,average,100,154.6,0.21,00,00,05,00
Municipality_Measure_Costs,00_00_05_00,D&Wp,average,20,56.0,0.17,00,00,05,00
Municipality_Measure_Costs,00_00_05_00,D&Wp,average,60,140.4,0.26,00,00,05,00
Municipality_Measure_Costs,00_00_05_00,D&Wp,average,100,154.6,0.21,00,00,05,00
Municipality_Measure_Costs,00_00_05_00,G,average,20,56.0,0.17,00,00,05,00
Municipality_Measure_Costs,00_00_05_00,G,average,60,140.4,0.26,00,00,05,00
Municipality_Measure_Costs,00_00_05_00,G,average,100,154.6,0.21,00,00,05,00
Municipality_Measure_Costs,00_00_05_00,G&Wp,average,20,56.0,0.17,00,00,05,00
Municipality_Measure_Costs,00_00_05_00,G&Wp,average,60,140.4,0.26,00,00,05,00
Municipality_Measure_Costs,00_00_05_00,G&Wp,average,100,154.6,0.21,00,00,05,00
Municipality_Measure_Costs,00_00_05_00,Wp,average,20,56.0,0.17,00,00,05,00
Municipality_Measure_Costs,00_00_05_00,Wp,average,60,140.4,0.26,00,00,05,00
Municipality_Measure_Costs,00_00_05_00,Wp,average,100,154.6,0.21,00,00,05,00
Municipality_Measure_Costs,00_00_07_00,D,average,20,145.7,0.44,00,00,07,00
Municipality_Measure_Costs,00_00_07_00,D,average,60,358.6,0.65,00,00,07,00
Municipality_Measure_Costs,00_00_07_00,D,average,100,381.0,0.53,00,00,07,00
Municipality_Measure_Costs,00_00_07_00,D&G,average,20,145.7,0.44,00,00,07,00
Municipality_Measure_Costs,00_00_07_00,D&G,average,60,358.6,0.65,00,00,07,00
Municipality_Measure_Costs,00_00_07_00,D&G,average,100,381.0,0.53,00,00,07,00
Municipality_Measure_Costs,00_00_07_00,D&G&Wp,average,20,145.7,0.44,00,00,07,00
Municipality_Measure_Costs,00_00_07_00,D&G&Wp,average,60,358.6,0.65,00,00,07,00
Municipality_Measure_Costs,00_00_07_00,D&G&Wp,average,100,381.0,0.53,00,00,07,00
Municipality_Measure_Costs,00_00_07_00,D&Wp,average,20,145.7,0.44,00,00,07,00
Municipality_Measure_Costs,00_00_07_00,D&Wp,average,60,358.6,0.65,00,00,07,00
Municipality_Measure_Costs,00_00_07_00,D&Wp,average,100,381.0,0.53,00,00,07,00
Municipality_Measure_Costs,00_00_07_00,G,average,20,145.7,0.44,00,00,07,00
Municipality_Measure_Costs,00_00_07_00,G,average,60,358.6,0.65,00,00,07,00
Municipality_Measure_Costs,00_00_07_00,G,average,100,381.0,0.53,00,00,07,00
Municipality_Measure_Costs,00_00_07_00,G&Wp,average,20,145.7,0.44,00,00,07,00
Municipality_Measure_Costs,00_00_07_00,G&Wp,average,60,358.6,0.65,00,00,07,00
Municipality_Measure_Costs,00_00_07_00,G&Wp,average,100,381.0,0.53,00,00,07,00
Municipality_Measure_Costs,00_00_07_00,Wp,average,20,145.7,0.44,00,00,07,00
Municipality_Measure_Costs,00_00_07_00,Wp,average,60,358.6,0.65,00,00,07,00
Municipality_Measure_Costs,00_00_07_00,Wp,average,100,381.0,0.53,00,00,07,00
Municipality_Measure_Costs,00_00_09_00,D,average,20,71.0,0.22,00,00,09,00
Municipality_Measure_Costs,00_00_09_00,D,average,60,153.2,0.28,00,00,09,00
Municipality_Measure_Costs,00_00_09_00,D,average,100,153.2,0.21,00,00,09,00
Municipality_Measure_Costs,00_00_09_00,D&G,average,20,71.0,0.22,00,00,09,00
Municipality_Measure_Costs,00_00_09_00,D&G,average,60,153.2,0.28,00,00,09,00
Municipality_Measure_Costs,00_00_09_00,D&G,average,100,153.2,0.21,00,00,09,00
Municipality_Measure_Costs,00_00_09_00,D&G&Wp,average,20,71.0,0.22,00,00,09,00
Municipality_Measure_Costs,00_00_09_00,D&G&Wp,average,60,153.2,0.28,00,00,09,00
Municipality_Measure_Costs,00_00_09_00,D&G&Wp,average,100,156.93,0.22,00,00,09,00
Municipality_Measure_Costs,00_00_09_00,D&Wp,average,20,71.0,0.22,00,00,09,00
Municipality_Measure_Costs,00_00_09_00,D&Wp,average,60,153.2,0.28,00,00,09,00
Municipality_Measure_Costs,00_00_09_00,D&Wp,average,100,158.8,0.22,00,00,09,00
Municipality_Measure_Costs,00_00_09_00,G,average,20,71.0,0.22,00,00,09,00
Municipality_Measure_Costs,00_00_09_00,G,average,60,153.2,0.28,00,00,09,00
Municipality_Measure_Costs,00_00_09_00,G,average,100,153.2,0.21,00,00,09,00
Municipality_Measure_Costs,00_00_09_00,G&Wp,average,20,71.0,0.22,00,00,09,00
Municipality_Measure_Costs,00_00_09_00,G&Wp,average,60,153.2,0.28,00,00,09,00
Municipality_Measure_Costs,00_00_09_00,G&Wp,average,100,158.8,0.22,00,00,09,00
Municipality_Measure_Costs,00_00_09_00,Wp,average,20,71.0,0.22,00,00,09,00
Municipality_Measure_Costs,00_00_09_00,Wp,average,60,153.2,0.28,00,00,09,00
Municipality_Measure_Costs,00_00_09_00,Wp,average,100,164.4,0.23,00,00,09,00
Municipality_Measure_Costs,00_00_11_00,D,average,20,22.34,0.07,00,00,11,00
Municipality_Measure_Costs,00_00_11_00,D,average,60,191.16,0.35,00,00,11,00
Municipality_Measure_Costs,00_00_11_00,D,average,100,452.05,0.63,00,00,11,00
Municipality_Measure_Costs,00_00_11_00,D&G,average,20,22.34,0.07,00,00,11,00
Municipality_Measure_Costs,00_00_11_00,D&G,average,60,193.64,0.35,00,00,11,00
Municipality_Measure_Costs,00_00_11_00,D&G,average,100,452.29,0.63,00,00,11,00
Municipality_Measure_Costs,00_00_11_00,D&G&Wp,average,20,22.34,0.07,00,00,11,00
Municipality_Measure_Costs,00_00_11_00,D&G&Wp,average,60,198.84,0.36,00,00,11,00
Municipality_Measure_Costs,00_00_11_00,D&G&Wp,average,100,457.52,0.64,00,00,11,00
Municipality_Measure_Costs,00_00_11_00,D&Wp,average,20,22.34,0.07,00,00,11,00
Municipality_Measure_Costs,00_00_11_00,D&Wp,average,60,200.2,0.36,00,00,11,00
Municipality_Measure_Costs,00_00_11_00,D&Wp,average,100,460.02,0.64,00,00,11,00
Municipality_Measure_Costs,00_00_11_00,G,average,20,22.34,0.07,00,00,11,00
Municipality_Measure_Costs,00_00_11_00,G,average,60,196.13,0.36,00,00,11,00
Municipality_Measure_Costs,00_00_11_00,G,average,100,452.54,0.63,00,00,11,00
Municipality_Measure_Costs,00_00_11_00,G&Wp,average,20,22.34,0.07,00,00,11,00
Municipality_Measure_Costs,00_00_11_00,G&Wp,average,60,202.68,0.37,00,00,11,00
Municipality_Measure_Costs,00_00_11_00,G&Wp,average,100,460.26,0.64,00,00,11,00
Municipality_Measure_Costs,00_00_11_00,Wp,average,20,22.34,0.07,00,00,11,00
Municipality_Measure_Costs,00_00_11_00,Wp,average,60,209.24,0.38,00,00,11,00
Municipality_Measure_Costs,00_00_11_00,Wp,average,100,467.98,0.65,00,00,11,00
Municipality_Measure_Costs,00_00_13_00,D,average,20,28.16,0.09,00,00,13,00
Municipality_Measure_Costs,00_00_13_00,D,average,60,223.79,0.41,00,00,13,00
Municipality_Measure_Costs,00_00_13_00,D,average,100,587.02,0.82,00,00,13,00
Municipality_Measure_Costs,00_00_13_00,D&G,average,20,28.16,0.09,00,00,13,00
Municipality_Measure_Costs,00_00_13_00,D&G,average,60,242.84,0.44,00,00,13,00
Municipality_Measure_Costs,00_00_13_00,D&G,average,100,604.33,0.84,00,00,13,00
Municipality_Measure_Costs,00_00_13_00,D&G&Wp,average,20,28.16,0.09,00,00,13,00
Municipality_Measure_Costs,00_00_13_00,D&G&Wp,average,60,267.46,0.49,00,00,13,00
Municipality_Measure_Costs,00_00_13_00,D&G&Wp,average,100,618.79,0.86,00,00,13,00
Municipality_Measure_Costs,00_00_13_00,D&Wp,average,20,28.16,0.09,00,00,13,00
Municipality_Measure_Costs,00_00_13_00,D&Wp,average,60,270.25,0.49,00,00,13,00
Municipality_Measure_Costs,00_00_13_00,D&Wp,average,100,617.38,0.86,00,00,13,00
Municipality_Measure_Costs,00_00_13_00,G,average,20,28.16,0.09,00,00,13,00
Municipality_Measure_Costs,00_00_13_00,G,average,60,261.89,0.48,00,00,13,00
Municipality_Measure_Costs,00_00_13_00,G,average,100,621.63,0.86,00,00,13,00
Municipality_Measure_Costs,00_00_13_00,G&Wp,average,20,28.16,0.09,00,00,13,00
Municipality_Measure_Costs,00_00_13_00,G&Wp,average,60,289.3,0.53,00,00,13,00
Municipality_Measure_Costs,00_00_13_00,G&Wp,average,100,634.68,0.88,00,00,13,00
Municipality_Measure_Costs,00_00_13_00,Wp,average,20,28.16,0.09,00,00,13,00
Municipality_Measure_Costs,00_00_13_00,Wp,average,60,316.7,0.58,00,00,13,00
Municipality_Measure_Costs,00_00_13_00,Wp,average,100,647.73,0.9,00,00,13,00
Municipality_Measure_Costs,01_00_00_00,D,average,20,0.0,0.0,01,00,00,00
Municipality_Measure_Costs,01_00_00_00,D,average,60,0.0,0.0,01,00,00,00
Municipality_Measure_Costs,01_00_00_00,D,average,100,0.0,0.0,01,00,00,00
Municipality_Measure_Costs,01_00_00_00,D&G,average,20,0.0,0.0,01,00,00,00
Municipality_Measure_Costs,01_00_00_00,D&G,average,60,0.0,0.0,01,00,00,00
Municipality_Measure_Costs,01_00_00_00,D&G,average,100,0.0,0.0,01,00,00,00
Municipality_Measure_Costs,01_00_00_00,D&G&Wp,average,20,0.0,0.0,01,00,00,00
Municipality_Measure_Costs,01_00_00_00,D&G&Wp,average,60,0.0,0.0,01,00,00,00
Municipality_Measure_Costs,01_00_00_00,D&G&Wp,average,100,0.0,0.0,01,00,00,00
Municipality_Measure_Costs,01_00_00_00,D&Wp,average,20,0.0,0.0,01,00,00,00
Municipality_Measure_Costs,01_00_00_00,D&Wp,average,60,0.0,0.0,01,00,00,00
Municipality_Measure_Costs,01_00_00_00,D&Wp,average,100,0.0,0.0,01,00,00,00
Municipality_Measure_Costs,01_00_00_00,G,average,20,0.0,0.0,01,00,00,00
Municipality_Measure_Costs,01_00_00_00,G,average,60,0.0,0.0,01,00,00,00
Municipality_Measure_Costs,01_00_00_00,G,average,100,0.0,0.0,01,00,00,00
Municipality_Measure_Costs,01_00_00_00,G&Wp,average,20,0.0,0.0,01,00,00,00
Municipality_Measure_Costs,01_00_00_00,G&Wp,average,60,0.0,0.0,01,00,00,00
Municipality_Measure_Costs,01_00_00_00,G&Wp,average,100,0.0,0.0,01,00,00,00
Municipality_Measure_Costs,01_00_00_00,Wp,average,20,0.0,0.0,01,00,00,00
Municipality_Measure_Costs,01_00_00_00,Wp,average,60,0.0,0.0,01,00,00,00
Municipality_Measure_Costs,01_00_00_00,Wp,average,100,0.0,0.0,01,00,00,00
Municipality_Measure_Costs,01_00_01_00,D,average,20,21.58,0.07,01,00,01,00
Municipality_Measure_Costs,01_00_01_00,D,average,60,118.42,0.22,01,00,01,00
Municipality_Measure_Costs,01_00_01_00,D,average,100,224.4,0.31,01,00,01,00
Municipality_Measure_Costs,01_00_01_00,D&G,average,20,21.58,0.07,01,00,01,00
Municipality_Measure_Costs,01_00_01_00,D&G,average,60,124.05,0.23,01,00,01,00
Municipality_Measure_Costs,01_00_01_00,D&G,average,100,224.43,0.31,01,00,01,00
Municipality_Measure_Costs,01_00_01_00,D&G&Wp,average,20,21.58,0.07,01,00,01,00
Municipality_Measure_Costs,01_00_01_00,D&G&Wp,average,60,125.1,0.23,01,00,01,00
Municipality_Measure_Costs,01_00_01_00,D&G&Wp,average,100,218.15,0.3,01,00,01,00
Municipality_Measure_Costs,01_00_01_00,D&Wp,average,20,21.58,0.07,01,00,01,00
Municipality_Measure_Costs,01_00_01_00,D&Wp,average,60,122.82,0.22,01,00,01,00
Municipality_Measure_Costs,01_00_01_00,D&Wp,average,100,215.0,0.3,01,00,01,00
Municipality_Measure_Costs,01_00_01_00,G,average,20,21.58,0.07,01,00,01,00
Municipality_Measure_Costs,01_00_01_00,G,average,60,129.67,0.24,01,00,01,00
Municipality_Measure_Costs,01_00_01_00,G,average,100,224.45,0.31,01,00,01,00
Municipality_Measure_Costs,01_00_01_00,G&Wp,average,20,21.58,0.07,01,00,01,00
Municipality_Measure_Costs,01_00_01_00,G&Wp,average,60,128.44,0.23,01,00,01,00
Municipality_Measure_Costs,01_00_01_00,G&Wp,average,100,215.03,0.3,01,00,01,00
Municipality_Measure_Costs,01_00_01_00,Wp,average,20,21.58,0.07,01,00,01,00
Municipality_Measure_Costs,01_00_01_00,Wp,average,60,127.22,0.23,01,00,01,00
Municipality_Measure_Costs,01_00_01_00,Wp,average,100,205.6,0.29,01,00,01,00
Municipality_Measure_Costs,01_00_03_00,D,average,20,26.85,0.08,01,00,03,00
Municipality_Measure_Costs,01_00_03_00,D,average,60,115.67,0.21,01,00,03,00
Municipality_Measure_Costs,01_00_03_00,D,average,100,217.37,0.3,01,00,03,00
Municipality_Measure_Costs,01_00_03_00,D&G,average,20,26.85,0.08,01,00,03,00
Municipality_Measure_Costs,01_00_03_00,D&G,average,60,121.27,0.22,01,00,03,00
Municipality_Measure_Costs,01_00_03_00,D&G,average,100,217.44,0.3,01,00,03,00
Municipality_Measure_Costs,01_00_03_00,D&G&Wp,average,20,26.85,0.08,01,00,03,00
Municipality_Measure_Costs,01_00_03_00,D&G&Wp,average,60,122.19,0.22,01,00,03,00
Municipality_Measure_Costs,01_00_03_00,D&G&Wp,average,100,211.19,0.29,01,00,03,00
Municipality_Measure_Costs,01_00_03_00,D&Wp,average,20,26.85,0.08,01,00,03,00
Municipality_Measure_Costs,01_00_03_00,D&Wp,average,60,119.85,0.22,01,00,03,00
Municipality_Measure_Costs,01_00_03_00,D&Wp,average,100,208.02,0.29,01,00,03,00
Municipality_Measure_Costs,01_00_03_00,G,average,20,26.85,0.08,01,00,03,00
Municipality_Measure_Costs,01_00_03_00,G,average,60,126.87,0.23,01,00,03,00
Municipality_Measure_Costs,01_00_03_00,G,average,100,217.52,0.3,01,00,03,00
Municipality_Measure_Costs,01_00_03_00,G&Wp,average,20,26.85,0.08,01,00,03,00
Municipality_Measure_Costs,01_00_03_00,G&Wp,average,60,125.45,0.23,01,00,03,00
Municipality_Measure_Costs,01_00_03_00,G&Wp,average,100,208.09,0.29,01,00,03,00
Municipality_Measure_Costs,01_00_03_00,Wp,average,20,26.85,0.08,01,00,03,00
Municipality_Measure_Costs,01_00_03_00,Wp,average,60,124.02,0.23,01,00,03,00
Municipality_Measure_Costs,01_00_03_00,Wp,average,100,198.67,0.28,01,00,03,00
Municipality_Measure_Costs,01_00_05_00,D,average,20,56.0,0.17,01,00,05,00
Municipality_Measure_Costs,01_00_05_00,D,average,60,140.4,0.26,01,00,05,00
Municipality_Measure_Costs,01_00_05_00,D,average,100,154.6,0.21,01,00,05,00
Municipality_Measure_Costs,01_00_05_00,D&G,average,20,56.0,0.17,01,00,05,00
Municipality_Measure_Costs,01_00_05_00,D&G,average,60,140.4,0.26,01,00,05,00
Municipality_Measure_Costs,01_00_05_00,D&G,average,100,154.6,0.21,01,00,05,00
Municipality_Measure_Costs,01_00_05_00,D&G&Wp,average,20,56.0,0.17,01,00,05,00
Municipality_Measure_Costs,01_00_05_00,D&G&Wp,average,60,140.4,0.26,01,00,05,00
Municipality_Measure_Costs,01_00_05_00,D&G&Wp,average,100,154.6,0.21,01,00,05,00
Municipality_Measure_Costs,01_00_05_00,D&Wp,average,20,56.0,0.17,01,00,05,00
Municipality_Measure_Costs,01_00_05_00,D&Wp,average,60,140.4,0.26,01,00,05,00
Municipality_Measure_Costs,01_00_05_00,D&Wp,average,100,154.6,0.21,01,00,05,00
Municipality_Measure_Costs,01_00_05_00,G,average,20,56.0,0.17,01,00,05,00
Municipality_Measure_Costs,01_00_05_00,G,average,60,140.4,0.26,01,00,05,00
Municipality_Measure_Costs,01_00_05_00,G,average,100,154.6,0.21,01,00,05,00
Municipality_Measure_Costs,01_00_05_00,G&Wp,average,20,56.0,0.17,01,00,05,00
Municipality_Measure_Costs,01_00_05_00,G&Wp,average,60,140.4,0.26,01,00,05,00
Municipality_Measure_Costs,01_00_05_00,G&Wp,average,100,154.6,0.21,01,00,05,00
Municipality_Measure_Costs,01_00_05_00,Wp,average,20,56.0,0.17,01,00,05,00
Municipality_Measure_Costs,01_00_05_00,Wp,average,60,140.4,0.26,01,00,05,00
Municipality_Measure_Costs,01_00_05_00,Wp,average,100,154.6,0.21,01,00,05,00
Municipality_Measure_Costs,01_00_07_00,D,average,20,145.7,0.44,01,00,07,00
Municipality_Measure_Costs,01_00_07_00,D,average,60,358.6,0.65,01,00,07,00
Municipality_Measure_Costs,01_00_07_00,D,average,100,381.0,0.53,01,00,07,00
Municipality_Measure_Costs,01_00_07_00,D&G,average,20,145.7,0.44,01,00,07,00
Municipality_Measure_Costs,01_00_07_00,D&G,average,60,358.6,0.65,01,00,07,00
Municipality_Measure_Costs,01_00_07_00,D&G,average,100,381.0,0.53,01,00,07,00
Municipality_Measure_Costs,01_00_07_00,D&G&Wp,average,20,145.7,0.44,01,00,07,00
Municipality_Measure_Costs,01_00_07_00,D&G&Wp,average,60,358.6,0.65,01,00,07,00
Municipality_Measure_Costs,01_00_07_00,D&G&Wp,average,100,381.0,0.53,01,00,07,00
Municipality_Measure_Costs,01_00_07_00,D&Wp,average,20,145.7,0.44,01,00,07,00
Municipality_Measure_Costs,01_00_07_00,D&Wp,average,60,358.6,0.65,01,00,07,00
Municipality_Measure_Costs,01_00_07_00,D&Wp,average,100,381.0,0.53,01,00,07,00
Municipality_Measure_Costs,01_00_07_00,G,average,20,145.7,0.44,01,00,07,00
Municipality_Measure_Costs,01_00_07_00,G,average,60,358.6,0.65,01,00,07,00
Municipality_Measure_Costs,01_00_07_00,G,average,100,381.0,0.53,01,00,07,00
Municipality_Measure_Costs,01_00_07_00,G&Wp,average,20,145.7,0.44,01,00,07,00
Municipality_Measure_Costs,01_00_07_00,G&Wp,average,60,358.6,0.65,01,00,07,00
Municipality_Measure_Costs,01_00_07_00,G&Wp,average,100,381.0,0.53,01,00,07,00
Municipality_Measure_Costs,01_00_07_00,Wp,average,20,145.7,0.44,01,00,07,00
Municipality_Measure_Costs,01_00_07_00,Wp,average,60,358.6,0.65,01,00,07,00
Municipality_Measure_Costs,01_00_07_00,Wp,average,100,381.0,0.53,01,00,07,00
Municipality_Measure_Costs,01_00_09_00,D,average,20,71.0,0.22,01,00,09,00
Municipality_Measure_Costs,01_00_09_00,D,average,60,153.2,0.28,01,00,09,00
Municipality_Measure_Costs,01_00_09_00,D,average,100,153.2,0.21,01,00,09,00
Municipality_Measure_Costs,01_00_09_00,D&G,average,20,71.0,0.22,01,00,09,00
Municipality_Measure_Costs,01_00_09_00,D&G,average,60,153.2,0.28,01,00,09,00
Municipality_Measure_Costs,01_00_09_00,D&G,average,100,153.2,0.21,01,00,09,00
Municipality_Measure_Costs,01_00_09_00,D&G&Wp,average,20,71.0,0.22,01,00,09,00
Municipality_Measure_Costs,01_00_09_00,D&G&Wp,average,60,153.2,0.28,01,00,09,00
Municipality_Measure_Costs,01_00_09_00,D&G&Wp,average,100,156.93,0.22,01,00,09,00
Municipality_Measure_Costs,01_00_09_00,D&Wp,average,20,71.0,0.22,01,00,09,00
Municipality_Measure_Costs,01_00_09_00,D&Wp,average,60,153.2,0.28,01,00,09,00
Municipality_Measure_Costs,01_00_09_00,D&Wp,average,100,158.8,0.22,01,00,09,00
Municipality_Measure_Costs,01_00_09_00,G,average,20,71.0,0.22,01,00,09,00
Municipality_Measure_Costs,01_00_09_00,G,average,60,153.2,0.28,01,00,09,00
Municipality_Measure_Costs,01_00_09_00,G,average,100,153.2,0.21,01,00,09,00
Municipality_Measure_Costs,01_00_09_00,G&Wp,average,20,71.0,0.22,01,00,09,00
Municipality_Measure_Costs,01_00_09_00,G&Wp,average,60,153.2,0.28,01,00,09,00
Municipality_Measure_Costs,01_00_09_00,G&Wp,average,100,158.8,0.22,01,00,09,00
Municipality_Measure_Costs,01_00_09_00,Wp,average,20,71.0,0.22,01,00,09,00
Municipality_Measure_Costs,01_00_09_00,Wp,average,60,153.2,0.28,01,00,09,00
Municipality_Measure_Costs,01_00_09_00,Wp,average,100,164.4,0.23,01,00,09,00
Municipality_Measure_Costs,01_00_11_00,D,average,20,22.34,0.07,01,00,11,00
Municipality_Measure_Costs,01_00_11_00,D,average,60,191.16,0.35,01,00,11,00
Municipality_Measure_Costs,01_00_11_00,D,average,100,440.85,0.61,01,00,11,00
Municipality_Measure_Costs,01_00_11_00,D&G,average,20,22.34,0.07,01,00,11,00
Municipality_Measure_Costs,01_00_11_00,D&G,average,60,188.04,0.34,01,00,11,00
Municipality_Measure_Costs,01_00_11_00,D&G,average,100,435.49,0.6,01,00,11,00
Municipality_Measure_Costs,01_00_11_00,D&G&Wp,average,20,22.34,0.07,01,00,11,00
Municipality_Measure_Costs,01_00_11_00,D&G&Wp,average,60,189.83,0.35,01,00,11,00
Municipality_Measure_Costs,01_00_11_00,D&G&Wp,average,100,422.38,0.59,01,00,11,00
Municipality_Measure_Costs,01_00_11_00,D&Wp,average,20,22.34,0.07,01,00,11,00
Municipality_Measure_Costs,01_00_11_00,D&Wp,average,60,192.28,0.35,01,00,11,00
Municipality_Measure_Costs,01_00_11_00,D&Wp,average,100,418.5,0.58,01,00,11,00
Municipality_Measure_Costs,01_00_11_00,G,average,20,22.34,0.07,01,00,11,00
Municipality_Measure_Costs,01_00_11_00,G,average,60,184.93,0.34,01,00,11,00
Municipality_Measure_Costs,01_00_11_00,G,average,100,430.14,0.6,01,00,11,00
Municipality_Measure_Costs,01_00_11_00,G&Wp,average,20,22.34,0.07,01,00,11,00
Municipality_Measure_Costs,01_00_11_00,G&Wp,average,60,189.17,0.34,01,00,11,00
Municipality_Measure_Costs,01_00_11_00,G&Wp,average,100,413.14,0.57,01,00,11,00
Municipality_Measure_Costs,01_00_11_00,Wp,average,20,22.34,0.07,01,00,11,00
Municipality_Measure_Costs,01_00_11_00,Wp,average,60,193.4,0.35,01,00,11,00
Municipality_Measure_Costs,01_00_11_00,Wp,average,100,396.15,0.55,01,00,11,00
Municipality_Measure_Costs,01_00_13_00,D,average,20,28.16,0.09,01,00,13,00
Municipality_Measure_Costs,01_00_13_00,D,average,60,223.79,0.41,01,00,13,00
Municipality_Measure_Costs,01_00_13_00,D,average,100,560.12,0.78,01,00,13,00
Municipality_Measure_Costs,01_00_13_00,D&G,average,20,28.16,0.09,01,00,13,00
Municipality_Measure_Costs,01_00_13_00,D&G,average,60,242.84,0.44,01,00,13,00
Municipality_Measure_Costs,01_00_13_00,D&G,average,100,571.83,0.79,01,00,13,00
Municipality_Measure_Costs,01_00_13_00,D&G&Wp,average,20,28.16,0.09,01,00,13,00
Municipality_Measure_Costs,01_00_13_00,D&G&Wp,average,60,258.49,0.47,01,00,13,00
Municipality_Measure_Costs,01_00_13_00,D&G&Wp,average,100,564.26,0.78,01,00,13,00
Municipality_Measure_Costs,01_00_13_00,D&Wp,average,20,28.16,0.09,01,00,13,00
Municipality_Measure_Costs,01_00_13_00,D&Wp,average,60,256.8,0.47,01,00,13,00
Municipality_Measure_Costs,01_00_13_00,D&Wp,average,100,554.63,0.77,01,00,13,00
Municipality_Measure_Costs,01_00_13_00,G,average,20,28.16,0.09,01,00,13,00
Municipality_Measure_Costs,01_00_13_00,G,average,60,261.89,0.48,01,00,13,00
Municipality_Measure_Costs,01_00_13_00,G,average,100,583.53,0.81,01,00,13,00
Municipality_Measure_Costs,01_00_13_00,G&Wp,average,20,28.16,0.09,01,00,13,00
Municipality_Measure_Costs,01_00_13_00,G&Wp,average,60,275.85,0.5,01,00,13,00
Municipality_Measure_Costs,01_00_13_00,G&Wp,average,100,566.33,0.79,01,00,13,00
Municipality_Measure_Costs,01_00_13_00,Wp,average,20,28.16,0.09,01,00,13,00
Municipality_Measure_Costs,01_00_13_00,Wp,average,60,289.8,0.53,01,00,13,00
Municipality_Measure_Costs,01_00_13_00,Wp,average,100,549.13,0.76,01,00,13,00
Municipality_Measure_Costs,03_00_00_00,D,average,20,0.0,0.0,03,00,00,00
Municipality_Measure_Costs,03_00_00_00,D,average,60,0.0,0.0,03,00,00,00
Municipality_Measure_Costs,03_00_00_00,D,average,100,0.0,0.0,03,00,00,00
Municipality_Measure_Costs,03_00_00_00,D&G,average,20,0.0,0.0,03,00,00,00
Municipality_Measure_Costs,03_00_00_00,D&G,average,60,0.0,0.0,03,00,00,00
Municipality_Measure_Costs,03_00_00_00,D&G,average,100,0.0,0.0,03,00,00,00
Municipality_Measure_Costs,03_00_00_00,D&G&Wp,average,20,0.0,0.0,03,00,00,00
Municipality_Measure_Costs,03_00_00_00,D&G&Wp,average,60,0.0,0.0,03,00,00,00
Municipality_Measure_Costs,03_00_00_00,D&G&Wp,average,100,0.0,0.0,03,00,00,00
Municipality_Measure_Costs,03_00_00_00,D&Wp,average,20,0.0,0.0,03,00,00,00
Municipality_Measure_Costs,03_00_00_00,D&Wp,average,60,0.0,0.0,03,00,00,00
Municipality_Measure_Costs,03_00_00_00,D&Wp,average,100,0.0,0.0,03,00,00,00
Municipality_Measure_Costs,03_00_00_00,G,average,20,0.0,0.0,03,00,00,00
Municipality_Measure_Costs,03_00_00_00,G,average,60,0.0,0.0,03,00,00,00
Municipality_Measure_Costs,03_00_00_00,G,average,100,0.0,0.0,03,00,00,00
Municipality_Measure_Costs,03_00_00_00,G&Wp,average,20,0.0,0.0,03,00,00,00
Municipality_Measure_Costs,03_00_00_00,G&Wp,average,60,0.0,0.0,03,00,00,00
Municipality_Measure_Costs,03_00_00_00,G&Wp,average,100,0.0,0.0,03,00,00,00
Municipality_Measure_Costs,03_00_00_00,Wp,average,20,0.0,0.0,03,00,00,00
Municipality_Measure_Costs,03_00_00_00,Wp,average,60,0.0,0.0,03,00,00,00
Municipality_Measure_Costs,03_00_00_00,Wp,average,100,0.0,0.0,03,00,00,00
Municipality_Measure_Costs,03_00_01_00,D,average,20,21.58,0.07,03,00,01,00
Municipality_Measure_Costs,03_00_01_00,D,average,60,118.42,0.22,03,00,01,00
Municipality_Measure_Costs,03_00_01_00,D,average,100,224.4,0.31,03,00,01,00
Municipality_Measure_Costs,03_00_01_00,D&G,average,20,21.58,0.07,03,00,01,00
Municipality_Measure_Costs,03_00_01_00,D&G,average,60,124.05,0.23,03,00,01,00
Municipality_Measure_Costs,03_00_01_00,D&G,average,100,224.43,0.31,03,00,01,00
Municipality_Measure_Costs,03_00_01_00,D&G&Wp,average,20,21.58,0.07,03,00,01,00
Municipality_Measure_Costs,03_00_01_00,D&G&Wp,average,60,129.84,0.24,03,00,01,00
Municipality_Measure_Costs,03_00_01_00,D&G&Wp,average,100,221.89,0.31,03,00,01,00
Municipality_Measure_Costs,03_00_01_00,D&Wp,average,20,21.58,0.07,03,00,01,00
Municipality_Measure_Costs,03_00_01_00,D&Wp,average,60,129.92,0.24,03,00,01,00
Municipality_Measure_Costs,03_00_01_00,D&Wp,average,100,220.6,0.31,03,00,01,00
Municipality_Measure_Costs,03_00_01_00,G,average,20,21.58,0.07,03,00,01,00
Municipality_Measure_Costs,03_00_01_00,G,average,60,129.67,0.24,03,00,01,00
Municipality_Measure_Costs,03_00_01_00,G,average,100,224.45,0.31,03,00,01,00
Municipality_Measure_Costs,03_00_01_00,G&Wp,average,20,21.58,0.07,03,00,01,00
Municipality_Measure_Costs,03_00_01_00,G&Wp,average,60,135.54,0.25,03,00,01,00
Municipality_Measure_Costs,03_00_01_00,G&Wp,average,100,220.63,0.31,03,00,01,00
Municipality_Measure_Costs,03_00_01_00,Wp,average,20,21.58,0.07,03,00,01,00
Municipality_Measure_Costs,03_00_01_00,Wp,average,60,141.42,0.26,03,00,01,00
Municipality_Measure_Costs,03_00_01_00,Wp,average,100,216.8,0.3,03,00,01,00
Municipality_Measure_Costs,03_00_03_00,D,average,20,26.85,0.08,03,00,03,00
Municipality_Measure_Costs,03_00_03_00,D,average,60,115.67,0.21,03,00,03,00
Municipality_Measure_Costs,03_00_03_00,D,average,100,217.37,0.3,03,00,03,00
Municipality_Measure_Costs,03_00_03_00,D&G,average,20,26.85,0.08,03,00,03,00
Municipality_Measure_Costs,03_00_03_00,D&G,average,60,121.27,0.22,03,00,03,00
Municipality_Measure_Costs,03_00_03_00,D&G,average,100,217.44,0.3,03,00,03,00
Municipality_Measure_Costs,03_00_03_00,D&G&Wp,average,20,26.85,0.08,03,00,03,00
Municipality_Measure_Costs,03_00_03_00,D&G&Wp,average,60,126.92,0.23,03,00,03,00
Municipality_Measure_Costs,03_00_03_00,D&G&Wp,average,100,214.92,0.3,03,00,03,00
Municipality_Measure_Costs,03_00_03_00,D&Wp,average,20,26.85,0.08,03,00,03,00
Municipality_Measure_Costs,03_00_03_00,D&Wp,average,60,126.95,0.23,03,00,03,00
Municipality_Measure_Costs,03_00_03_00,D&Wp,average,100,213.62,0.3,03,00,03,00
Municipality_Measure_Costs,03_00_03_00,G,average,20,26.85,0.08,03,00,03,00
Municipality_Measure_Costs,03_00_03_00,G,average,60,126.87,0.23,03,00,03,00
Municipality_Measure_Costs,03_00_03_00,G,average,100,217.52,0.3,03,00,03,00
Municipality_Measure_Costs,03_00_03_00,G&Wp,average,20,26.85,0.08,03,00,03,00
Municipality_Measure_Costs,03_00_03_00,G&Wp,average,60,132.55,0.24,03,00,03,00
Municipality_Measure_Costs,03_00_03_00,G&Wp,average,100,213.69,0.3,03,00,03,00
Municipality_Measure_Costs,03_00_03_00,Wp,average,20,26.85,0.08,03,00,03,00
Municipality_Measure_Costs,03_00_03_00,Wp,average,60,138.22,0.25,03,00,03,00
Municipality_Measure_Costs,03_00_03_00,Wp,average,100,209.87,0.29,03,00,03,00
Municipality_Measure_Costs,03_00_05_00,D,average,20,56.0,0.17,03,00,05,00
Municipality_Measure_Costs,03_00_05_00,D,average,60,140.4,0.26,03,00,05,00
Municipality_Measure_Costs,03_00_05_00,D,average,100,154.6,0.21,03,00,05,00
Municipality_Measure_Costs,03_00_05_00,D&G,average,20,56.0,0.17,03,00,05,00
Municipality_Measure_Costs,03_00_05_00,D&G,average,60,140.4,0.26,03,00,05,00
Municipality_Measure_Costs,03_00_05_00,D&G,average,100,154.6,0.21,03,00,05,00
Municipality_Measure_Costs,03_00_05_00,D&G&Wp,average,20,56.0,0.17,03,00,05,00
Municipality_Measure_Costs,03_00_05_00,D&G&Wp,average,60,140.4,0.26,03,00,05,00
Municipality_Measure_Costs,03_00_05_00,D&G&Wp,average,100,154.6,0.21,03,00,05,00
Municipality_Measure_Costs,03_00_05_00,D&Wp,average,20,56.0,0.17,03,00,05,00
Municipality_Measure_Costs,03_00_05_00,D&Wp,average,60,140.4,0.26,03,00,05,00
Municipality_Measure_Costs,03_00_05_00,D&Wp,average,100,154.6,0.21,03,00,05,00
Municipality_Measure_Costs,03_00_05_00,G,average,20,56.0,0.17,03,00,05,00
Municipality_Measure_Costs,03_00_05_00,G,average,60,140.4,0.26,03,00,05,00
Municipality_Measure_Costs,03_00_05_00,G,average,100,154.6,0.21,03,00,05,00
Municipality_Measure_Costs,03_00_05_00,G&Wp,average,20,56.0,0.17,03,00,05,00
Municipality_Measure_Costs,03_00_05_00,G&Wp,average,60,140.4,0.26,03,00,05,00
Municipality_Measure_Costs,03_00_05_00,G&Wp,average,100,154.6,0.21,03,00,05,00
Municipality_Measure_Costs,03_00_05_00,Wp,average,20,56.0,0.17,03,00,05,00
Municipality_Measure_Costs,03_00_05_00,Wp,average,60,140.4,0.26,03,00,05,00
Municipality_Measure_Costs,03_00_05_00,Wp,average,100,154.6,0.21,03,00,05,00
Municipality_Measure_Costs,03_00_07_00,D,average,20,145.7,0.44,03,00,07,00
Municipality_Measure_Costs,03_00_07_00,D,average,60,358.6,0.65,03,00,07,00
Municipality_Measure_Costs,03_00_07_00,D,average,100,381.0,0.53,03,00,07,00
Municipality_Measure_Costs,03_00_07_00,D&G,average,20,145.7,0.44,03,00,07,00
Municipality_Measure_Costs,03_00_07_00,D&G,average,60,358.6,0.65,03,00,07,00
Municipality_Measure_Costs,03_00_07_00,D&G,average,100,381.0,0.53,03,00,07,00
Municipality_Measure_Costs,03_00_07_00,D&G&Wp,average,20,145.7,0.44,03,00,07,00
Municipality_Measure_Costs,03_00_07_00,D&G&Wp,average,60,358.6,0.65,03,00,07,00
Municipality_Measure_Costs,03_00_07_00,D&G&Wp,average,100,381.0,0.53,03,00,07,00
Municipality_Measure_Costs,03_00_07_00,D&Wp,average,20,145.7,0.44,03,00,07,00
Municipality_Measure_Costs,03_00_07_00,D&Wp,average,60,358.6,0.65,03,00,07,00
Municipality_Measure_Costs,03_00_07_00,D&Wp,average,100,381.0,0.53,03,00,07,00
Municipality_Measure_Costs,03_00_07_00,G,average,20,145.7,0.44,03,00,07,00
Municipality_Measure_Costs,03_00_07_00,G,average,60,358.6,0.65,03,00,07,00
Municipality_Measure_Costs,03_00_07_00,G,average,100,381.0,0.53,03,00,07,00
Municipality_Measure_Costs,03_00_07_00,G&Wp,average,20,145.7,0.44,03,00,07,00
Municipality_Measure_Costs,03_00_07_00,G&Wp,average,60,358.6,0.65,03,00,07,00
Municipality_Measure_Costs,03_00_07_00,G&Wp,average,100,381.0,0.53,03,00,07,00
Municipality_Measure_Costs,03_00_07_00,Wp,average,20,145.7,0.44,03,00,07,00
Municipality_Measure_Costs,03_00_07_00,Wp,average,60,358.6,0.65,03,00,07,00
Municipality_Measure_Costs,03_00_07_00,Wp,average,100,381.0,0.53,03,00,07,00
Municipality_Measure_Costs,03_00_09_00,D,average,20,71.0,0.22,03,00,09,00
Municipality_Measure_Costs,03_00_09_00,D,average,60,153.2,0.28,03,00,09,00
Municipality_Measure_Costs,03_00_09_00,D,average,100,153.2,0.21,03,00,09,00
Municipality_Measure_Costs,03_00_09_00,D&G,average,20,71.0,0.22,03,00,09,00
Municipality_Measure_Costs,03_00_09_00,D&G,average,60,153.2,0.28,03,00,09,00
Municipality_Measure_Costs,03_00_09_00,D&G,average,100,153.2,0.21,03,00,09,00
Municipality_Measure_Costs,03_00_09_00,D&G&Wp,average,20,71.0,0.22,03,00,09,00
Municipality_Measure_Costs,03_00_09_00,D&G&Wp,average,60,153.2,0.28,03,00,09,00
Municipality_Measure_Costs,03_00_09_00,D&G&Wp,average,100,156.93,0.22,03,00,09,00
Municipality_Measure_Costs,03_00_09_00,D&Wp,average,20,71.0,0.22,03,00,09,00
Municipality_Measure_Costs,03_00_09_00,D&Wp,average,60,153.2,0.28,03,00,09,00
Municipality_Measure_Costs,03_00_09_00,D&Wp,average,100,158.8,0.22,03,00,09,00
Municipality_Measure_Costs,03_00_09_00,G,average,20,71.0,0.22,03,00,09,00
Municipality_Measure_Costs,03_00_09_00,G,average,60,153.2,0.28,03,00,09,00
Municipality_Measure_Costs,03_00_09_00,G,average,100,153.2,0.21,03,00,09,00
Municipality_Measure_Costs,03_00_09_00,G&Wp,average,20,71.0,0.22,03,00,09,00
Municipality_Measure_Costs,03_00_09_00,G&Wp,average,60,153.2,0.28,03,00,09,00
Municipality_Measure_Costs,03_00_09_00,G&Wp,average,100,158.8,0.22,03,00,09,00
Municipality_Measure_Costs,03_00_09_00,Wp,average,20,71.0,0.22,03,00,09,00
Municipality_Measure_Costs,03_00_09_00,Wp,average,60,153.2,0.28,03,00,09,00
Municipality_Measure_Costs,03_00_09_00,Wp,average,100,164.4,0.23,03,00,09,00
Municipality_Measure_Costs,03_00_11_00,D,average,20,22.34,0.07,03,00,11,00
Municipality_Measure_Costs,03_00_11_00,D,average,60,191.16,0.35,03,00,11,00
Municipality_Measure_Costs,03_00_11_00,D,average,100,440.85,0.61,03,00,11,00
Municipality_Measure_Costs,03_00_11_00,D&G,average,20,22.34,0.07,03,00,11,00
Municipality_Measure_Costs,03_00_11_00,D&G,average,60,188.04,0.34,03,00,11,00
Municipality_Measure_Costs,03_00_11_00,D&G,average,100,435.49,0.6,03,00,11,00
Municipality_Measure_Costs,03_00_11_00,D&G&Wp,average,20,22.34,0.07,03,00,11,00
Municipality_Measure_Costs,03_00_11_00,D&G&Wp,average,60,191.37,0.35,03,00,11,00
Municipality_Measure_Costs,03_00_11_00,D&G&Wp,average,100,423.92,0.59,03,00,11,00
Municipality_Measure_Costs,03_00_11_00,D&Wp,average,20,22.34,0.07,03,00,11,00
Municipality_Measure_Costs,03_00_11_00,D&Wp,average,60,194.6,0.35,03,00,11,00
Municipality_Measure_Costs,03_00_11_00,D&Wp,average,100,420.82,0.58,03,00,11,00
Municipality_Measure_Costs,03_00_11_00,G,average,20,22.34,0.07,03,00,11,00
Municipality_Measure_Costs,03_00_11_00,G,average,60,184.93,0.34,03,00,11,00
Municipality_Measure_Costs,03_00_11_00,G,average,100,430.14,0.6,03,00,11,00
Municipality_Measure_Costs,03_00_11_00,G&Wp,average,20,22.34,0.07,03,00,11,00
Municipality_Measure_Costs,03_00_11_00,G&Wp,average,60,191.48,0.35,03,00,11,00
Municipality_Measure_Costs,03_00_11_00,G&Wp,average,100,415.46,0.58,03,00,11,00
Municipality_Measure_Costs,03_00_11_00,Wp,average,20,22.34,0.07,03,00,11,00
Municipality_Measure_Costs,03_00_11_00,Wp,average,60,198.04,0.36,03,00,11,00
Municipality_Measure_Costs,03_00_11_00,Wp,average,100,400.78,0.56,03,00,11,00
Municipality_Measure_Costs,03_00_13_00,D,average,20,28.16,0.09,03,00,13,00
Municipality_Measure_Costs,03_00_13_00,D,average,60,223.79,0.41,03,00,13,00
Municipality_Measure_Costs,03_00_13_00,D,average,100,560.12,0.78,03,00,13,00
Municipality_Measure_Costs,03_00_13_00,D&G,average,20,28.16,0.09,03,00,13,00
Municipality_Measure_Costs,03_00_13_00,D&G,average,60,242.84,0.44,03,00,13,00
Municipality_Measure_Costs,03_00_13_00,D&G,average,100,571.83,0.79,03,00,13,00
Municipality_Measure_Costs,03_00_13_00,D&G&Wp,average,20,28.16,0.09,03,00,13,00
Municipality_Measure_Costs,03_00_13_00,D&G&Wp,average,60,267.46,0.49,03,00,13,00
Municipality_Measure_Costs,03_00_13_00,D&G&Wp,average,100,576.96,0.8,03,00,13,00
Municipality_Measure_Costs,03_00_13_00,D&Wp,average,20,28.16,0.09,03,00,13,00
Municipality_Measure_Costs,03_00_13_00,D&Wp,average,60,270.25,0.49,03,00,13,00
Municipality_Measure_Costs,03_00_13_00,D&Wp,average,100,573.68,0.8,03,00,13,00
Municipality_Measure_Costs,03_00_13_00,G,average,20,28.16,0.09,03,00,13,00
Municipality_Measure_Costs,03_00_13_00,G,average,60,261.89,0.48,03,00,13,00
Municipality_Measure_Costs,03_00_13_00,G,average,100,583.53,0.81,03,00,13,00
Municipality_Measure_Costs,03_00_13_00,G&Wp,average,20,28.16,0.09,03,00,13,00
Municipality_Measure_Costs,03_00_13_00,G&Wp,average,60,289.3,0.53,03,00,13,00
Municipality_Measure_Costs,03_00_13_00,G&Wp,average,100,585.38,0.81,03,00,13,00
Municipality_Measure_Costs,03_00_13_00,Wp,average,20,28.16,0.09,03,00,13,00
Municipality_Measure_Costs,03_00_13_00,Wp,average,60,316.7,0.58,03,00,13,00
Municipality_Measure_Costs,03_00_13_00,Wp,average,100,587.23,0.82,03,00,13,00
Municipality_Measure_Costs,05_00_00_00,D,average,20,0.0,0.0,05,00,00,00
Municipality_Measure_Costs,05_00_00_00,D,average,60,0.0,0.0,05,00,00,00
Municipality_Measure_Costs,05_00_00_00,D,average,100,0.0,0.0,05,00,00,00
Municipality_Measure_Costs,05_00_00_00,D&G,average,20,0.0,0.0,05,00,00,00
Municipality_Measure_Costs,05_00_00_00,D&G,average,60,0.0,0.0,05,00,00,00
Municipality_Measure_Costs,05_00_00_00,D&G,average,100,0.0,0.0,05,00,00,00
Municipality_Measure_Costs,05_00_00_00,D&G&Wp,average,20,0.0,0.0,05,00,00,00
Municipality_Measure_Costs,05_00_00_00,D&G&Wp,average,60,0.0,0.0,05,00,00,00
Municipality_Measure_Costs,05_00_00_00,D&G&Wp,average,100,0.0,0.0,05,00,00,00
Municipality_Measure_Costs,05_00_00_00,D&Wp,average,20,0.0,0.0,05,00,00,00
Municipality_Measure_Costs,05_00_00_00,D&Wp,average,60,0.0,0.0,05,00,00,00
Municipality_Measure_Costs,05_00_00_00,D&Wp,average,100,0.0,0.0,05,00,00,00
Municipality_Measure_Costs,05_00_00_00,G,average,20,0.0,0.0,05,00,00,00
Municipality_Measure_Costs,05_00_00_00,G,average,60,0.0,0.0,05,00,00,00
Municipality_Measure_Costs,05_00_00_00,G,average,100,0.0,0.0,05,00,00,00
Municipality_Measure_Costs,05_00_00_00,G&Wp,average,20,0.0,0.0,05,00,00,00
Municipality_Measure_Costs,05_00_00_00,G&Wp,average,60,0.0,0.0,05,00,00,00
Municipality_Measure_Costs,05_00_00_00,G&Wp,average,100,0.0,0.0,05,00,00,00
Municipality_Measure_Costs,05_00_00_00,Wp,average,20,0.0,0.0,05,00,00,00
Municipality_Measure_Costs,05_00_00_00,Wp,average,60,0.0,0.0,05,00,00,00
Municipality_Measure_Costs,05_00_00_00,Wp,average,100,0.0,0.0,05,00,00,00
Municipality_Measure_Costs,05_00_01_00,D,average,20,21.58,0.07,05,00,01,00
Municipality_Measure_Costs,05_00_01_00,D,average,60,61.36,0.11,05,00,01,00
Municipality_Measure_Costs,05_00_01_00,D,average,100,106.71,0.15,05,00,01,00
Municipality_Measure_Costs,05_00_01_00,D&G,average,20,19.26,0.06,05,00,01,00
Municipality_Measure_Costs,05_00_01_00,D&G,average,60,64.67,0.12,05,00,01,00
Municipality_Measure_Costs,05_00_01_00,D&G,average,100,102.92,0.14,05,00,01,00
Municipality_Measure_Costs,05_00_01_00,D&G&Wp,average,20,18.49,0.06,05,00,01,00
Municipality_Measure_Costs,05_00_01_00,D&G&Wp,average,60,66.95,0.12,05,00,01,00
Municipality_Measure_Costs,05_00_01_00,D&G&Wp,average,100,99.1,0.14,05,00,01,00
Municipality_Measure_Costs,05_00_01_00,D&Wp,average,20,19.26,0.06,05,00,01,00
Municipality_Measure_Costs,05_00_01_00,D&Wp,average,60,66.44,0.12,05,00,01,00
Municipality_Measure_Costs,05_00_01_00,D&Wp,average,100,99.09,0.14,05,00,01,00
Municipality_Measure_Costs,05_00_01_00,G,average,20,16.95,0.05,05,00,01,00
Municipality_Measure_Costs,05_00_01_00,G,average,60,67.97,0.12,05,00,01,00
Municipality_Measure_Costs,05_00_01_00,G,average,100,99.12,0.14,05,00,01,00
Municipality_Measure_Costs,05_00_01_00,G&Wp,average,20,16.95,0.05,05,00,01,00
Municipality_Measure_Costs,05_00_01_00,G&Wp,average,60,69.75,0.13,05,00,01,00
Municipality_Measure_Costs,05_00_01_00,G&Wp,average,100,95.3,0.13,05,00,01,00
Municipality_Measure_Costs,05_00_01_00,Wp,average,20,16.95,0.05,05,00,01,00
Municipality_Measure_Costs,05_00_01_00,Wp,average,60,71.52,0.13,05,00,01,00
Municipality_Measure_Costs,05_00_01_00,Wp,average,100,91.47,0.13,05,00,01,00
Municipality_Measure_Costs,05_00_03_00,D,average,20,26.85,0.08,05,00,03,00
Municipality_Measure_Costs,05_00_03_00,D,average,60,63.93,0.12,05,00,03,00
Municipality_Measure_Costs,05_00_03_00,D,average,100,103.29,0.14,05,00,03,00
Municipality_Measure_Costs,05_00_03_00,D&G,average,20,26.18,0.08,05,00,03,00
Municipality_Measure_Costs,05_00_03_00,D&G,average,60,67.86,0.12,05,00,03,00
Municipality_Measure_Costs,05_00_03_00,D&G,average,100,99.13,0.14,05,00,03,00
Municipality_Measure_Costs,05_00_03_00,D&G&Wp,average,20,25.95,0.08,05,00,03,00
Municipality_Measure_Costs,05_00_03_00,D&G&Wp,average,60,70.17,0.13,05,00,03,00
Municipality_Measure_Costs,05_00_03_00,D&G&Wp,average,100,95.0,0.13,05,00,03,00
Municipality_Measure_Costs,05_00_03_00,D&Wp,average,20,26.18,0.08,05,00,03,00
Municipality_Measure_Costs,05_00_03_00,D&Wp,average,60,69.36,0.13,05,00,03,00
Municipality_Measure_Costs,05_00_03_00,D&Wp,average,100,95.03,0.13,05,00,03,00
Municipality_Measure_Costs,05_00_03_00,G,average,20,25.51,0.08,05,00,03,00
Municipality_Measure_Costs,05_00_03_00,G,average,60,71.79,0.13,05,00,03,00
Municipality_Measure_Costs,05_00_03_00,G,average,100,94.96,0.13,05,00,03,00
Municipality_Measure_Costs,05_00_03_00,G&Wp,average,20,25.51,0.08,05,00,03,00
Municipality_Measure_Costs,05_00_03_00,G&Wp,average,60,73.29,0.13,05,00,03,00
Municipality_Measure_Costs,05_00_03_00,G&Wp,average,100,90.86,0.13,05,00,03,00
Municipality_Measure_Costs,05_00_03_00,Wp,average,20,25.51,0.08,05,00,03,00
Municipality_Measure_Costs,05_00_03_00,Wp,average,60,74.79,0.14,05,00,03,00
Municipality_Measure_Costs,05_00_03_00,Wp,average,100,86.76,0.12,05,00,03,00
Municipality_Measure_Costs,05_00_05_00,D,average,20,56.0,0.17,05,00,05,00
Municipality_Measure_Costs,05_00_05_00,D,average,60,133.26,0.24,05,00,05,00
Municipality_Measure_Costs,05_00_05_00,D,average,100,137.9,0.19,05,00,05,00
Municipality_Measure_Costs,05_00_05_00,D&G,average,20,56.0,0.17,05,00,05,00
Municipality_Measure_Costs,05_00_05_00,D&G,average,60,133.26,0.24,05,00,05,00
Municipality_Measure_Costs,05_00_05_00,D&G,average,100,137.9,0.19,05,00,05,00
Municipality_Measure_Costs,05_00_05_00,D&G&Wp,average,20,56.0,0.17,05,00,05,00
Municipality_Measure_Costs,05_00_05_00,D&G&Wp,average,60,133.26,0.24,05,00,05,00
Municipality_Measure_Costs,05_00_05_00,D&G&Wp,average,100,141.09,0.2,05,00,05,00
Municipality_Measure_Costs,05_00_05_00,D&Wp,average,20,56.0,0.17,05,00,05,00
Municipality_Measure_Costs,05_00_05_00,D&Wp,average,60,133.26,0.24,05,00,05,00
Municipality_Measure_Costs,05_00_05_00,D&Wp,average,100,142.68,0.2,05,00,05,00
Municipality_Measure_Costs,05_00_05_00,G,average,20,56.0,0.17,05,00,05,00
Municipality_Measure_Costs,05_00_05_00,G,average,60,133.26,0.24,05,00,05,00
Municipality_Measure_Costs,05_00_05_00,G,average,100,137.9,0.19,05,00,05,00
Municipality_Measure_Costs,05_00_05_00,G&Wp,average,20,56.0,0.17,05,00,05,00
Municipality_Measure_Costs,05_00_05_00,G&Wp,average,60,133.26,0.24,05,00,05,00
Municipality_Measure_Costs,05_00_05_00,G&Wp,average,100,142.68,0.2,05,00,05,00
Municipality_Measure_Costs,05_00_05_00,Wp,average,20,56.0,0.17,05,00,05,00
Municipality_Measure_Costs,05_00_05_00,Wp,average,60,133.26,0.24,05,00,05,00
Municipality_Measure_Costs,05_00_05_00,Wp,average,100,147.46,0.2,05,00,05,00
Municipality_Measure_Costs,05_00_07_00,D,average,20,145.7,0.44,05,00,07,00
Municipality_Measure_Costs,05_00_07_00,D,average,60,326.65,0.59,05,00,07,00
Municipality_Measure_Costs,05_00_07_00,D,average,100,339.84,0.47,05,00,07,00
Municipality_Measure_Costs,05_00_07_00,D&G,average,20,145.7,0.44,05,00,07,00
Municipality_Measure_Costs,05_00_07_00,D&G,average,60,326.65,0.59,05,00,07,00
Municipality_Measure_Costs,05_00_07_00,D&G,average,100,339.84,0.47,05,00,07,00
Municipality_Measure_Costs,05_00_07_00,D&G&Wp,average,20,145.7,0.44,05,00,07,00
Municipality_Measure_Costs,05_00_07_00,D&G&Wp,average,60,326.65,0.59,05,00,07,00
Municipality_Measure_Costs,05_00_07_00,D&G&Wp,average,100,339.84,0.47,05,00,07,00
Municipality_Measure_Costs,05_00_07_00,D&Wp,average,20,145.7,0.44,05,00,07,00
Municipality_Measure_Costs,05_00_07_00,D&Wp,average,60,326.65,0.59,05,00,07,00
Municipality_Measure_Costs,05_00_07_00,D&Wp,average,100,339.84,0.47,05,00,07,00
Municipality_Measure_Costs,05_00_07_00,G,average,20,145.7,0.44,05,00,07,00
Municipality_Measure_Costs,05_00_07_00,G,average,60,326.65,0.59,05,00,07,00
Municipality_Measure_Costs,05_00_07_00,G,average,100,339.84,0.47,05,00,07,00
Municipality_Measure_Costs,05_00_07_00,G&Wp,average,20,145.7,0.44,05,00,07,00
Municipality_Measure_Costs,05_00_07_00,G&Wp,average,60,326.65,0.59,05,00,07,00
Municipality_Measure_Costs,05_00_07_00,G&Wp,average,100,339.84,0.47,05,00,07,00
Municipality_Measure_Costs,05_00_07_00,Wp,average,20,145.7,0.44,05,00,07,00
Municipality_Measure_Costs,05_00_07_00,Wp,average,60,326.65,0.59,05,00,07,00
Municipality_Measure_Costs,05_00_07_00,Wp,average,100,339.84,0.47,05,00,07,00
Municipality_Measure_Costs,05_00_09_00,D,average,20,71.0,0.22,05,00,09,00
Municipality_Measure_Costs,05_00_09_00,D,average,60,146.63,0.27,05,00,09,00
Municipality_Measure_Costs,05_00_09_00,D,average,100,146.63,0.2,05,00,09,00
Municipality_Measure_Costs,05_00_09_00,D&G,average,20,71.0,0.22,05,00,09,00
Municipality_Measure_Costs,05_00_09_00,D&G,average,60,146.63,0.27,05,00,09,00
Municipality_Measure_Costs,05_00_09_00,D&G,average,100,146.63,0.2,05,00,09,00
Municipality_Measure_Costs,05_00_09_00,D&G&Wp,average,20,71.0,0.22,05,00,09,00
Municipality_Measure_Costs,05_00_09_00,D&G&Wp,average,60,146.63,0.27,05,00,09,00
Municipality_Measure_Costs,05_00_09_00,D&G&Wp,average,100,148.18,0.21,05,00,09,00
Municipality_Measure_Costs,05_00_09_00,D&Wp,average,20,71.0,0.22,05,00,09,00
Municipality_Measure_Costs,05_00_09_00,D&Wp,average,60,146.63,0.27,05,00,09,00
Municipality_Measure_Costs,05_00_09_00,D&Wp,average,100,148.95,0.21,05,00,09,00
Municipality_Measure_Costs,05_00_09_00,G,average,20,71.0,0.22,05,00,09,00
Municipality_Measure_Costs,05_00_09_00,G,average,60,146.63,0.27,05,00,09,00
Municipality_Measure_Costs,05_00_09_00,G,average,100,146.63,0.2,05,00,09,00
Municipality_Measure_Costs,05_00_09_00,G&Wp,average,20,71.0,0.22,05,00,09,00
Municipality_Measure_Costs,05_00_09_00,G&Wp,average,60,146.63,0.27,05,00,09,00
Municipality_Measure_Costs,05_00_09_00,G&Wp,average,100,148.95,0.21,05,00,09,00
Municipality_Measure_Costs,05_00_09_00,Wp,average,20,71.0,0.22,05,00,09,00
Municipality_Measure_Costs,05_00_09_00,Wp,average,60,146.63,0.27,05,00,09,00
Municipality_Measure_Costs,05_00_09_00,Wp,average,100,151.26,0.21,05,00,09,00
Municipality_Measure_Costs,05_00_11_00,D,average,20,22.34,0.07,05,00,11,00
Municipality_Measure_Costs,05_00_11_00,D,average,60,150.92,0.27,05,00,11,00
Municipality_Measure_Costs,05_00_11_00,D,average,100,308.55,0.43,05,00,11,00
Municipality_Measure_Costs,05_00_11_00,D&G,average,20,21.66,0.07,05,00,11,00
Municipality_Measure_Costs,05_00_11_00,D&G,average,60,151.73,0.28,05,00,11,00
Municipality_Measure_Costs,05_00_11_00,D&G,average,100,311.65,0.43,05,00,11,00
Municipality_Measure_Costs,05_00_11_00,D&G&Wp,average,20,21.44,0.06,05,00,11,00
Municipality_Measure_Costs,05_00_11_00,D&G&Wp,average,60,153.24,0.28,05,00,11,00
Municipality_Measure_Costs,05_00_11_00,D&G&Wp,average,100,308.64,0.43,05,00,11,00
Municipality_Measure_Costs,05_00_11_00,D&Wp,average,20,21.66,0.07,05,00,11,00
Municipality_Measure_Costs,05_00_11_00,D&Wp,average,60,153.58,0.28,05,00,11,00
Municipality_Measure_Costs,05_00_11_00,D&Wp,average,100,305.58,0.42,05,00,11,00
Municipality_Measure_Costs,05_00_11_00,G,average,20,20.99,0.06,05,00,11,00
Municipality_Measure_Costs,05_00_11_00,G,average,60,152.55,0.28,05,00,11,00
Municipality_Measure_Costs,05_00_11_00,G,average,100,314.75,0.44,05,00,11,00
Municipality_Measure_Costs,05_00_11_00,G&Wp,average,20,20.99,0.06,05,00,11,00
Municipality_Measure_Costs,05_00_11_00,G&Wp,average,60,154.4,0.28,05,00,11,00
Municipality_Measure_Costs,05_00_11_00,G&Wp,average,100,308.68,0.43,05,00,11,00
Municipality_Measure_Costs,05_00_11_00,Wp,average,20,20.99,0.06,05,00,11,00
Municipality_Measure_Costs,05_00_11_00,Wp,average,60,156.24,0.28,05,00,11,00
Municipality_Measure_Costs,05_00_11_00,Wp,average,100,302.61,0.42,05,00,11,00
Municipality_Measure_Costs,05_00_13_00,D,average,20,28.16,0.09,05,00,13,00
Municipality_Measure_Costs,05_00_13_00,D,average,60,145.49,0.26,05,00,13,00
Municipality_Measure_Costs,05_00_13_00,D,average,100,304.57,0.42,05,00,13,00
Municipality_Measure_Costs,05_00_13_00,D&G,average,20,26.94,0.08,05,00,13,00
Municipality_Measure_Costs,05_00_13_00,D&G,average,60,150.99,0.27,05,00,13,00
Municipality_Measure_Costs,05_00_13_00,D&G,average,100,295.5,0.41,05,00,13,00
Municipality_Measure_Costs,05_00_13_00,D&G&Wp,average,20,26.53,0.08,05,00,13,00
Municipality_Measure_Costs,05_00_13_00,D&G&Wp,average,60,143.86,0.26,05,00,13,00
Municipality_Measure_Costs,05_00_13_00,D&G&Wp,average,100,267.08,0.37,05,00,13,00
Municipality_Measure_Costs,05_00_13_00,D&Wp,average,20,26.94,0.08,05,00,13,00
Municipality_Measure_Costs,05_00_13_00,D&Wp,average,60,137.54,0.25,05,00,13,00
Municipality_Measure_Costs,05_00_13_00,D&Wp,average,100,257.4,0.36,05,00,13,00
Municipality_Measure_Costs,05_00_13_00,G,average,20,25.71,0.08,05,00,13,00
Municipality_Measure_Costs,05_00_13_00,G,average,60,156.5,0.28,05,00,13,00
Municipality_Measure_Costs,05_00_13_00,G,average,100,286.44,0.4,05,00,13,00
Municipality_Measure_Costs,05_00_13_00,G&Wp,average,20,25.71,0.08,05,00,13,00
Municipality_Measure_Costs,05_00_13_00,G&Wp,average,60,143.05,0.26,05,00,13,00
Municipality_Measure_Costs,05_00_13_00,G&Wp,average,100,248.34,0.34,05,00,13,00
Municipality_Measure_Costs,05_00_13_00,Wp,average,20,25.71,0.08,05,00,13,00
Municipality_Measure_Costs,05_00_13_00,Wp,average,60,129.6,0.24,05,00,13,00
Municipality_Measure_Costs,05_00_13_00,Wp,average,100,210.24,0.29,05,00,13,00
Municipality_Measure_Costs,07_00_00_00,D,average,20,0.0,0.0,07,00,00,00
Municipality_Measure_Costs,07_00_00_00,D,average,60,0.0,0.0,07,00,00,00
Municipality_Measure_Costs,07_00_00_00,D,average,100,0.0,0.0,07,00,00,00
Municipality_Measure_Costs,07_00_00_00,D&G,average,20,0.0,0.0,07,00,00,00
Municipality_Measure_Costs,07_00_00_00,D&G,average,60,0.0,0.0,07,00,00,00
Municipality_Measure_Costs,07_00_00_00,D&G,average,100,0.0,0.0,07,00,00,00
Municipality_Measure_Costs,07_00_00_00,D&G&Wp,average,20,0.0,0.0,07,00,00,00
Municipality_Measure_Costs,07_00_00_00,D&G&Wp,average,60,0.0,0.0,07,00,00,00
Municipality_Measure_Costs,07_00_00_00,D&G&Wp,average,100,0.0,0.0,07,00,00,00
Municipality_Measure_Costs,07_00_00_00,D&Wp,average,20,0.0,0.0,07,00,00,00
Municipality_Measure_Costs,07_00_00_00,D&Wp,average,60,0.0,0.0,07,00,00,00
Municipality_Measure_Costs,07_00_00_00,D&Wp,average,100,0.0,0.0,07,00,00,00
Municipality_Measure_Costs,07_00_00_00,G,average,20,0.0,0.0,07,00,00,00
Municipality_Measure_Costs,07_00_00_00,G,average,60,0.0,0.0,07,00,00,00
Municipality_Measure_Costs,07_00_00_00,G,average,100,0.0,0.0,07,00,00,00
Municipality_Measure_Costs,07_00_00_00,G&Wp,average,20,0.0,0.0,07,00,00,00
Municipality_Measure_Costs,07_00_00_00,G&Wp,average,60,0.0,0.0,07,00,00,00
Municipality_Measure_Costs,07_00_00_00,G&Wp,average,100,0.0,0.0,07,00,00,00
Municipality_Measure_Costs,07_00_00_00,Wp,average,20,0.0,0.0,07,00,00,00
Municipality_Measure_Costs,07_00_00_00,Wp,average,60,0.0,0.0,07,00,00,00
Municipality_Measure_Costs,07_00_00_00,Wp,average,100,0.0,0.0,07,00,00,00
Municipality_Measure_Costs,07_00_01_00,D,average,20,21.58,0.07,07,00,01,00
Municipality_Measure_Costs,07_00_01_00,D,average,60,61.36,0.11,07,00,01,00
Municipality_Measure_Costs,07_00_01_00,D,average,100,103.71,0.14,07,00,01,00
Municipality_Measure_Costs,07_00_01_00,D&G,average,20,19.26,0.06,07,00,01,00
Municipality_Measure_Costs,07_00_01_00,D&G,average,60,64.67,0.12,07,00,01,00
Municipality_Measure_Costs,07_00_01_00,D&G,average,100,101.42,0.14,07,00,01,00
Municipality_Measure_Costs,07_00_01_00,D&G&Wp,average,20,18.49,0.06,07,00,01,00
Municipality_Measure_Costs,07_00_01_00,D&G&Wp,average,60,65.95,0.12,07,00,01,00
Municipality_Measure_Costs,07_00_01_00,D&G&Wp,average,100,100.83,0.14,07,00,01,00
Municipality_Measure_Costs,07_00_01_00,D&Wp,average,20,19.26,0.06,07,00,01,00
Municipality_Measure_Costs,07_00_01_00,D&Wp,average,60,64.94,0.12,07,00,01,00
Municipality_Measure_Costs,07_00_01_00,D&Wp,average,100,101.69,0.14,07,00,01,00
Municipality_Measure_Costs,07_00_01_00,G,average,20,16.95,0.05,07,00,01,00
Municipality_Measure_Costs,07_00_01_00,G,average,60,67.97,0.12,07,00,01,00
Municipality_Measure_Costs,07_00_01_00,G,average,100,99.12,0.14,07,00,01,00
Municipality_Measure_Costs,07_00_01_00,G&Wp,average,20,16.95,0.05,07,00,01,00
Municipality_Measure_Costs,07_00_01_00,G&Wp,average,60,68.25,0.12,07,00,01,00
Municipality_Measure_Costs,07_00_01_00,G&Wp,average,100,99.4,0.14,07,00,01,00
Municipality_Measure_Costs,07_00_01_00,Wp,average,20,16.95,0.05,07,00,01,00
Municipality_Measure_Costs,07_00_01_00,Wp,average,60,68.52,0.12,07,00,01,00
Municipality_Measure_Costs,07_00_01_00,Wp,average,100,99.67,0.14,07,00,01,00
Municipality_Measure_Costs,07_00_03_00,D,average,20,26.85,0.08,07,00,03,00
Municipality_Measure_Costs,07_00_03_00,D,average,60,63.93,0.12,07,00,03,00
Municipality_Measure_Costs,07_00_03_00,D,average,100,100.29,0.14,07,00,03,00
Municipality_Measure_Costs,07_00_03_00,D&G,average,20,26.18,0.08,07,00,03,00
Municipality_Measure_Costs,07_00_03_00,D&G,average,60,67.86,0.12,07,00,03,00
Municipality_Measure_Costs,07_00_03_00,D&G,average,100,97.63,0.14,07,00,03,00
Municipality_Measure_Costs,07_00_03_00,D&G&Wp,average,20,25.95,0.08,07,00,03,00
Municipality_Measure_Costs,07_00_03_00,D&G&Wp,average,60,69.17,0.13,07,00,03,00
Municipality_Measure_Costs,07_00_03_00,D&G&Wp,average,100,96.74,0.13,07,00,03,00
Municipality_Measure_Costs,07_00_03_00,D&Wp,average,20,26.18,0.08,07,00,03,00
Municipality_Measure_Costs,07_00_03_00,D&Wp,average,60,67.86,0.12,07,00,03,00
Municipality_Measure_Costs,07_00_03_00,D&Wp,average,100,97.63,0.14,07,00,03,00
Municipality_Measure_Costs,07_00_03_00,G,average,20,25.51,0.08,07,00,03,00
Municipality_Measure_Costs,07_00_03_00,G,average,60,71.79,0.13,07,00,03,00
Municipality_Measure_Costs,07_00_03_00,G,average,100,94.96,0.13,07,00,03,00
Municipality_Measure_Costs,07_00_03_00,G&Wp,average,20,25.51,0.08,07,00,03,00
Municipality_Measure_Costs,07_00_03_00,G&Wp,average,60,71.79,0.13,07,00,03,00
Municipality_Measure_Costs,07_00_03_00,G&Wp,average,100,94.96,0.13,07,00,03,00
Municipality_Measure_Costs,07_00_03_00,Wp,average,20,25.51,0.08,07,00,03,00
Municipality_Measure_Costs,07_00_03_00,Wp,average,60,71.79,0.13,07,00,03,00
Municipality_Measure_Costs,07_00_03_00,Wp,average,100,94.96,0.13,07,00,03,00
Municipality_Measure_Costs,07_00_05_00,D,average,20,56.0,0.17,07,00,05,00
Municipality_Measure_Costs,07_00_05_00,D,average,60,121.26,0.22,07,00,05,00
Municipality_Measure_Costs,07_00_05_00,D,average,100,125.9,0.17,07,00,05,00
Municipality_Measure_Costs,07_00_05_00,D&G,average,20,56.0,0.17,07,00,05,00
Municipality_Measure_Costs,07_00_05_00,D&G,average,60,121.26,0.22,07,00,05,00
Municipality_Measure_Costs,07_00_05_00,D&G,average,100,125.9,0.17,07,00,05,00
Municipality_Measure_Costs,07_00_05_00,D&G&Wp,average,20,56.0,0.17,07,00,05,00
Municipality_Measure_Costs,07_00_05_00,D&G&Wp,average,60,121.26,0.22,07,00,05,00
Municipality_Measure_Costs,07_00_05_00,D&G&Wp,average,100,129.09,0.18,07,00,05,00
Municipality_Measure_Costs,07_00_05_00,D&Wp,average,20,56.0,0.17,07,00,05,00
Municipality_Measure_Costs,07_00_05_00,D&Wp,average,60,121.26,0.22,07,00,05,00
Municipality_Measure_Costs,07_00_05_00,D&Wp,average,100,130.68,0.18,07,00,05,00
Municipality_Measure_Costs,07_00_05_00,G,average,20,56.0,0.17,07,00,05,00
Municipality_Measure_Costs,07_00_05_00,G,average,60,121.26,0.22,07,00,05,00
Municipality_Measure_Costs,07_00_05_00,G,average,100,125.9,0.17,07,00,05,00
Municipality_Measure_Costs,07_00_05_00,G&Wp,average,20,56.0,0.17,07,00,05,00
Municipality_Measure_Costs,07_00_05_00,G&Wp,average,60,121.26,0.22,07,00,05,00
Municipality_Measure_Costs,07_00_05_00,G&Wp,average,100,130.68,0.18,07,00,05,00
Municipality_Measure_Costs,07_00_05_00,Wp,average,20,56.0,0.17,07,00,05,00
Municipality_Measure_Costs,07_00_05_00,Wp,average,60,121.26,0.22,07,00,05,00
Municipality_Measure_Costs,07_00_05_00,Wp,average,100,135.46,0.19,07,00,05,00
Municipality_Measure_Costs,07_00_07_00,D,average,20,145.7,0.44,07,00,07,00
Municipality_Measure_Costs,07_00_07_00,D,average,60,336.2,0.61,07,00,07,00
Municipality_Measure_Costs,07_00_07_00,D,average,100,347.4,0.48,07,00,07,00
Municipality_Measure_Costs,07_00_07_00,D&G,average,20,145.7,0.44,07,00,07,00
Municipality_Measure_Costs,07_00_07_00,D&G,average,60,336.2,0.61,07,00,07,00
Municipality_Measure_Costs,07_00_07_00,D&G,average,100,347.4,0.48,07,00,07,00
Municipality_Measure_Costs,07_00_07_00,D&G&Wp,average,20,145.7,0.44,07,00,07,00
Municipality_Measure_Costs,07_00_07_00,D&G&Wp,average,60,336.2,0.61,07,00,07,00
Municipality_Measure_Costs,07_00_07_00,D&G&Wp,average,100,347.4,0.48,07,00,07,00
Municipality_Measure_Costs,07_00_07_00,D&Wp,average,20,145.7,0.44,07,00,07,00
Municipality_Measure_Costs,07_00_07_00,D&Wp,average,60,336.2,0.61,07,00,07,00
Municipality_Measure_Costs,07_00_07_00,D&Wp,average,100,347.4,0.48,07,00,07,00
Municipality_Measure_Costs,07_00_07_00,G,average,20,145.7,0.44,07,00,07,00
Municipality_Measure_Costs,07_00_07_00,G,average,60,336.2,0.61,07,00,07,00
Municipality_Measure_Costs,07_00_07_00,G,average,100,347.4,0.48,07,00,07,00
Municipality_Measure_Costs,07_00_07_00,G&Wp,average,20,145.7,0.44,07,00,07,00
Municipality_Measure_Costs,07_00_07_00,G&Wp,average,60,336.2,0.61,07,00,07,00
Municipality_Measure_Costs,07_00_07_00,G&Wp,average,100,347.4,0.48,07,00,07,00
Municipality_Measure_Costs,07_00_07_00,Wp,average,20,145.7,0.44,07,00,07,00
Municipality_Measure_Costs,07_00_07_00,Wp,average,60,336.2,0.61,07,00,07,00
Municipality_Measure_Costs,07_00_07_00,Wp,average,100,347.4,0.48,07,00,07,00
Municipality_Measure_Costs,07_00_09_00,D,average,20,71.0,0.22,07,00,09,00
Municipality_Measure_Costs,07_00_09_00,D,average,60,134.63,0.24,07,00,09,00
Municipality_Measure_Costs,07_00_09_00,D,average,100,134.63,0.19,07,00,09,00
Municipality_Measure_Costs,07_00_09_00,D&G,average,20,71.0,0.22,07,00,09,00
Municipality_Measure_Costs,07_00_09_00,D&G,average,60,134.63,0.24,07,00,09,00
Municipality_Measure_Costs,07_00_09_00,D&G,average,100,134.63,0.19,07,00,09,00
Municipality_Measure_Costs,07_00_09_00,D&G&Wp,average,20,71.0,0.22,07,00,09,00
Municipality_Measure_Costs,07_00_09_00,D&G&Wp,average,60,134.63,0.24,07,00,09,00
Municipality_Measure_Costs,07_00_09_00,D&G&Wp,average,100,138.37,0.19,07,00,09,00
Municipality_Measure_Costs,07_00_09_00,D&Wp,average,20,71.0,0.22,07,00,09,00
Municipality_Measure_Costs,07_00_09_00,D&Wp,average,60,134.63,0.24,07,00,09,00
Municipality_Measure_Costs,07_00_09_00,D&Wp,average,100,140.23,0.19,07,00,09,00
Municipality_Measure_Costs,07_00_09_00,G,average,20,71.0,0.22,07,00,09,00
Municipality_Measure_Costs,07_00_09_00,G,average,60,134.63,0.24,07,00,09,00
Municipality_Measure_Costs,07_00_09_00,G,average,100,134.63,0.19,07,00,09,00
Municipality_Measure_Costs,07_00_09_00,G&Wp,average,20,71.0,0.22,07,00,09,00
Municipality_Measure_Costs,07_00_09_00,G&Wp,average,60,134.63,0.24,07,00,09,00
Municipality_Measure_Costs,07_00_09_00,G&Wp,average,100,140.23,0.19,07,00,09,00
Municipality_Measure_Costs,07_00_09_00,Wp,average,20,71.0,0.22,07,00,09,00
Municipality_Measure_Costs,07_00_09_00,Wp,average,60,134.63,0.24,07,00,09,00
Municipality_Measure_Costs,07_00_09_00,Wp,average,100,145.83,0.2,07,00,09,00
Municipality_Measure_Costs,07_00_11_00,D,average,20,22.34,0.07,07,00,11,00
Municipality_Measure_Costs,07_00_11_00,D,average,60,146.29,0.27,07,00,11,00
Municipality_Measure_Costs,07_00_11_00,D,average,100,315.12,0.44,07,00,11,00
Municipality_Measure_Costs,07_00_11_00,D&G,average,20,21.66,0.07,07,00,11,00
Municipality_Measure_Costs,07_00_11_00,D&G,average,60,147.1,0.27,07,00,11,00
Municipality_Measure_Costs,07_00_11_00,D&G,average,100,318.22,0.44,07,00,11,00
Municipality_Measure_Costs,07_00_11_00,D&G&Wp,average,20,21.44,0.06,07,00,11,00
Municipality_Measure_Costs,07_00_11_00,D&G&Wp,average,60,150.15,0.27,07,00,11,00
Municipality_Measure_Costs,07_00_11_00,D&G&Wp,average,100,316.75,0.44,07,00,11,00
Municipality_Measure_Costs,07_00_11_00,D&Wp,average,20,21.66,0.07,07,00,11,00
Municipality_Measure_Costs,07_00_11_00,D&Wp,average,60,151.27,0.28,07,00,11,00
Municipality_Measure_Costs,07_00_11_00,D&Wp,average,100,314.47,0.44,07,00,11,00
Municipality_Measure_Costs,07_00_11_00,G,average,20,20.99,0.06,07,00,11,00
Municipality_Measure_Costs,07_00_11_00,G,average,60,147.92,0.27,07,00,11,00
Municipality_Measure_Costs,07_00_11_00,G,average,100,321.32,0.45,07,00,11,00
Municipality_Measure_Costs,07_00_11_00,G&Wp,average,20,20.99,0.06,07,00,11,00
Municipality_Measure_Costs,07_00_11_00,G&Wp,average,60,152.08,0.28,07,00,11,00
Municipality_Measure_Costs,07_00_11_00,G&Wp,average,100,317.57,0.44,07,00,11,00
Municipality_Measure_Costs,07_00_11_00,Wp,average,20,20.99,0.06,07,00,11,00
Municipality_Measure_Costs,07_00_11_00,Wp,average,60,156.24,0.28,07,00,11,00
Municipality_Measure_Costs,07_00_11_00,Wp,average,100,313.81,0.44,07,00,11,00
Municipality_Measure_Costs,07_00_13_00,D,average,20,28.16,0.09,07,00,13,00
Municipality_Measure_Costs,07_00_13_00,D,average,60,118.59,0.22,07,00,13,00
Municipality_Measure_Costs,07_00_13_00,D,average,100,277.67,0.39,07,00,13,00
Municipality_Measure_Costs,07_00_13_00,D&G,average,20,26.94,0.08,07,00,13,00
Municipality_Measure_Costs,07_00_13_00,D&G,average,60,124.09,0.23,07,00,13,00
Municipality_Measure_Costs,07_00_13_00,D&G,average,100,268.6,0.37,07,00,13,00
Municipality_Measure_Costs,07_00_13_00,D&G&Wp,average,20,26.53,0.08,07,00,13,00
Municipality_Measure_Costs,07_00_13_00,D&G&Wp,average,60,125.93,0.23,07,00,13,00
Municipality_Measure_Costs,07_00_13_00,D&G&Wp,average,100,258.11,0.36,07,00,13,00
Municipality_Measure_Costs,07_00_13_00,D&Wp,average,20,26.94,0.08,07,00,13,00
Municipality_Measure_Costs,07_00_13_00,D&Wp,average,60,124.09,0.23,07,00,13,00
Municipality_Measure_Costs,07_00_13_00,D&Wp,average,100,257.4,0.36,07,00,13,00
Municipality_Measure_Costs,07_00_13_00,G,average,20,25.71,0.08,07,00,13,00
Municipality_Measure_Costs,07_00_13_00,G,average,60,129.6,0.24,07,00,13,00
Municipality_Measure_Costs,07_00_13_00,G,average,100,259.54,0.36,07,00,13,00
Municipality_Measure_Costs,07_00_13_00,G&Wp,average,20,25.71,0.08,07,00,13,00
Municipality_Measure_Costs,07_00_13_00,G&Wp,average,60,129.6,0.24,07,00,13,00
Municipality_Measure_Costs,07_00_13_00,G&Wp,average,100,248.34,0.34,07,00,13,00
Municipality_Measure_Costs,07_00_13_00,Wp,average,20,25.71,0.08,07,00,13,00
Municipality_Measure_Costs,07_00_13_00,Wp,average,60,129.6,0.24,07,00,13,00
Municipality_Measure_Costs,07_00_13_00,Wp,average,100,237.14,0.33,07,00,13,00
Municipality_Measure_Costs,09_00_00_00,D,average,20,0.0,0.0,09,00,00,00
Municipality_Measure_Costs,09_00_00_00,D,average,60,0.0,0.0,09,00,00,00
Municipality_Measure_Costs,09_00_00_00,D,average,100,0.0,0.0,09,00,00,00
Municipality_Measure_Costs,09_00_00_00,D&G,average,20,0.0,0.0,09,00,00,00
Municipality_Measure_Costs,09_00_00_00,D&G,average,60,0.0,0.0,09,00,00,00
Municipality_Measure_Costs,09_00_00_00,D&G,average,100,0.0,0.0,09,00,00,00
Municipality_Measure_Costs,09_00_00_00,D&G&Wp,average,20,0.0,0.0,09,00,00,00
Municipality_Measure_Costs,09_00_00_00,D&G&Wp,average,60,0.0,0.0,09,00,00,00
Municipality_Measure_Costs,09_00_00_00,D&G&Wp,average,100,0.0,0.0,09,00,00,00
Municipality_Measure_Costs,09_00_00_00,D&Wp,average,20,0.0,0.0,09,00,00,00
Municipality_Measure_Costs,09_00_00_00,D&Wp,average,60,0.0,0.0,09,00,00,00
Municipality_Measure_Costs,09_00_00_00,D&Wp,average,100,0.0,0.0,09,00,00,00
Municipality_Measure_Costs,09_00_00_00,G,average,20,0.0,0.0,09,00,00,00
Municipality_Measure_Costs,09_00_00_00,G,average,60,0.0,0.0,09,00,00,00
Municipality_Measure_Costs,09_00_00_00,G,average,100,0.0,0.0,09,00,00,00
Municipality_Measure_Costs,09_00_00_00,G&Wp,average,20,0.0,0.0,09,00,00,00
Municipality_Measure_Costs,09_00_00_00,G&Wp,average,60,0.0,0.0,09,00,00,00
Municipality_Measure_Costs,09_00_00_00,G&Wp,average,100,0.0,0.0,09,00,00,00
Municipality_Measure_Costs,09_00_00_00,Wp,average,20,0.0,0.0,09,00,00,00
Municipality_Measure_Costs,09_00_00_00,Wp,average,60,0.0,0.0,09,00,00,00
Municipality_Measure_Costs,09_00_00_00,Wp,average,100,0.0,0.0,09,00,00,00
Municipality_Measure_Costs,09_00_01_00,D,average,20,21.58,0.07,09,00,01,00
Municipality_Measure_Costs,09_00_01_00,D,average,60,118.42,0.22,09,00,01,00
Municipality_Measure_Costs,09_00_01_00,D,average,100,235.6,0.33,09,00,01,00
Municipality_Measure_Costs,09_00_01_00,D&G,average,20,21.58,0.07,09,00,01,00
Municipality_Measure_Costs,09_00_01_00,D&G,average,60,124.05,0.23,09,00,01,00
Municipality_Measure_Costs,09_00_01_00,D&G,average,100,235.63,0.33,09,00,01,00
Municipality_Measure_Costs,09_00_01_00,D&G&Wp,average,20,21.58,0.07,09,00,01,00
Municipality_Measure_Costs,09_00_01_00,D&G&Wp,average,60,133.57,0.24,09,00,01,00
Municipality_Measure_Costs,09_00_01_00,D&G&Wp,average,100,235.82,0.33,09,00,01,00
Municipality_Measure_Costs,09_00_01_00,D&Wp,average,20,21.58,0.07,09,00,01,00
Municipality_Measure_Costs,09_00_01_00,D&Wp,average,60,135.52,0.25,09,00,01,00
Municipality_Measure_Costs,09_00_01_00,D&Wp,average,100,235.9,0.33,09,00,01,00
Municipality_Measure_Costs,09_00_01_00,G,average,20,21.58,0.07,09,00,01,00
Municipality_Measure_Costs,09_00_01_00,G,average,60,129.67,0.24,09,00,01,00
Municipality_Measure_Costs,09_00_01_00,G,average,100,235.65,0.33,09,00,01,00
Municipality_Measure_Costs,09_00_01_00,G&Wp,average,20,21.58,0.07,09,00,01,00
Municipality_Measure_Costs,09_00_01_00,G&Wp,average,60,141.14,0.26,09,00,01,00
Municipality_Measure_Costs,09_00_01_00,G&Wp,average,100,235.93,0.33,09,00,01,00
Municipality_Measure_Costs,09_00_01_00,Wp,average,20,21.58,0.07,09,00,01,00
Municipality_Measure_Costs,09_00_01_00,Wp,average,60,152.62,0.28,09,00,01,00
Municipality_Measure_Costs,09_00_01_00,Wp,average,100,236.2,0.33,09,00,01,00
Municipality_Measure_Costs,09_00_03_00,D,average,20,26.85,0.08,09,00,03,00
Municipality_Measure_Costs,09_00_03_00,D,average,60,115.67,0.21,09,00,03,00
Municipality_Measure_Costs,09_00_03_00,D,average,100,228.57,0.32,09,00,03,00
Municipality_Measure_Costs,09_00_03_00,D&G,average,20,26.85,0.08,09,00,03,00
Municipality_Measure_Costs,09_00_03_00,D&G,average,60,121.27,0.22,09,00,03,00
Municipality_Measure_Costs,09_00_03_00,D&G,average,100,228.64,0.32,09,00,03,00
Municipality_Measure_Costs,09_00_03_00,D&G&Wp,average,20,26.85,0.08,09,00,03,00
Municipality_Measure_Costs,09_00_03_00,D&G&Wp,average,60,130.65,0.24,09,00,03,00
Municipality_Measure_Costs,09_00_03_00,D&G&Wp,average,100,228.85,0.32,09,00,03,00
Municipality_Measure_Costs,09_00_03_00,D&Wp,average,20,26.85,0.08,09,00,03,00
Municipality_Measure_Costs,09_00_03_00,D&Wp,average,60,132.55,0.24,09,00,03,00
Municipality_Measure_Costs,09_00_03_00,D&Wp,average,100,228.92,0.32,09,00,03,00
Municipality_Measure_Costs,09_00_03_00,G,average,20,26.85,0.08,09,00,03,00
Municipality_Measure_Costs,09_00_03_00,G,average,60,126.87,0.23,09,00,03,00
Municipality_Measure_Costs,09_00_03_00,G,average,100,228.72,0.32,09,00,03,00
Municipality_Measure_Costs,09_00_03_00,G&Wp,average,20,26.85,0.08,09,00,03,00
Municipality_Measure_Costs,09_00_03_00,G&Wp,average,60,138.15,0.25,09,00,03,00
Municipality_Measure_Costs,09_00_03_00,G&Wp,average,100,228.99,0.32,09,00,03,00
Municipality_Measure_Costs,09_00_03_00,Wp,average,20,26.85,0.08,09,00,03,00
Municipality_Measure_Costs,09_00_03_00,Wp,average,60,149.42,0.27,09,00,03,00
Municipality_Measure_Costs,09_00_03_00,Wp,average,100,229.27,0.32,09,00,03,00
Municipality_Measure_Costs,09_00_05_00,D,average,20,56.0,0.17,09,00,05,00
Municipality_Measure_Costs,09_00_05_00,D,average,60,140.4,0.26,09,00,05,00
Municipality_Measure_Costs,09_00_05_00,D,average,100,154.6,0.21,09,00,05,00
Municipality_Measure_Costs,09_00_05_00,D&G,average,20,56.0,0.17,09,00,05,00
Municipality_Measure_Costs,09_00_05_00,D&G,average,60,140.4,0.26,09,00,05,00
Municipality_Measure_Costs,09_00_05_00,D&G,average,100,154.6,0.21,09,00,05,00
Municipality_Measure_Costs,09_00_05_00,D&G&Wp,average,20,56.0,0.17,09,00,05,00
Municipality_Measure_Costs,09_00_05_00,D&G&Wp,average,60,140.4,0.26,09,00,05,00
Municipality_Measure_Costs,09_00_05_00,D&G&Wp,average,100,154.6,0.21,09,00,05,00
Municipality_Measure_Costs,09_00_05_00,D&Wp,average,20,56.0,0.17,09,00,05,00
Municipality_Measure_Costs,09_00_05_00,D&Wp,average,60,140.4,0.26,09,00,05,00
Municipality_Measure_Costs,09_00_05_00,D&Wp,average,100,154.6,0.21,09,00,05,00
Municipality_Measure_Costs,09_00_05_00,G,average,20,56.0,0.17,09,00,05,00
Municipality_Measure_Costs,09_00_05_00,G,average,60,140.4,0.26,09,00,05,00
Municipality_Measure_Costs,09_00_05_00,G,average,100,154.6,0.21,09,00,05,00
Municipality_Measure_Costs,09_00_05_00,G&Wp,average,20,56.0,0.17,09,00,05,00
Municipality_Measure_Costs,09_00_05_00,G&Wp,average,60,140.4,0.26,09,00,05,00
Municipality_Measure_Costs,09_00_05_00,G&Wp,average,100,154.6,0.21,09,00,05,00
Municipality_Measure_Costs,09_00_05_00,Wp,average,20,56.0,0.17,09,00,05,00
Municipality_Measure_Costs,09_00_05_00,Wp,average,60,140.4,0.26,09,00,05,00
Municipality_Measure_Costs,09_00_05_00,Wp,average,100,154.6,0.21,09,00,05,00
Municipality_Measure_Costs,09_00_07_00,D,average,20,145.7,0.44,09,00,07,00
Municipality_Measure_Costs,09_00_07_00,D,average,60,358.6,0.65,09,00,07,00
Municipality_Measure_Costs,09_00_07_00,D,average,100,381.0,0.53,09,00,07,00
Municipality_Measure_Costs,09_00_07_00,D&G,average,20,145.7,0.44,09,00,07,00
Municipality_Measure_Costs,09_00_07_00,D&G,average,60,358.6,0.65,09,00,07,00
Municipality_Measure_Costs,09_00_07_00,D&G,average,100,381.0,0.53,09,00,07,00
Municipality_Measure_Costs,09_00_07_00,D&G&Wp,average,20,145.7,0.44,09,00,07,00
Municipality_Measure_Costs,09_00_07_00,D&G&Wp,average,60,358.6,0.65,09,00,07,00
Municipality_Measure_Costs,09_00_07_00,D&G&Wp,average,100,381.0,0.53,09,00,07,00
Municipality_Measure_Costs,09_00_07_00,D&Wp,average,20,145.7,0.44,09,00,07,00
Municipality_Measure_Costs,09_00_07_00,D&Wp,average,60,358.6,0.65,09,00,07,00
Municipality_Measure_Costs,09_00_07_00,D&Wp,average,100,381.0,0.53,09,00,07,00
Municipality_Measure_Costs,09_00_07_00,G,average,20,145.7,0.44,09,00,07,00
Municipality_Measure_Costs,09_00_07_00,G,average,60,358.6,0.65,09,00,07,00
Municipality_Measure_Costs,09_00_07_00,G,average,100,381.0,0.53,09,00,07,00
Municipality_Measure_Costs,09_00_07_00,G&Wp,average,20,145.7,0.44,09,00,07,00
Municipality_Measure_Costs,09_00_07_00,G&Wp,average,60,358.6,0.65,09,00,07,00
Municipality_Measure_Costs,09_00_07_00,G&Wp,average,100,381.0,0.53,09,00,07,00
Municipality_Measure_Costs,09_00_07_00,Wp,average,20,145.7,0.44,09,00,07,00
Municipality_Measure_Costs,09_00_07_00,Wp,average,60,358.6,0.65,09,00,07,00
Municipality_Measure_Costs,09_00_07_00,Wp,average,100,381.0,0.53,09,00,07,00
Municipality_Measure_Costs,09_00_09_00,D,average,20,71.0,0.22,09,00,09,00
Municipality_Measure_Costs,09_00_09_00,D,average,60,153.2,0.28,09,00,09,00
Municipality_Measure_Costs,09_00_09_00,D,average,100,153.2,0.21,09,00,09,00
Municipality_Measure_Costs,09_00_09_00,D&G,average,20,71.0,0.22,09,00,09,00
Municipality_Measure_Costs,09_00_09_00,D&G,average,60,153.2,0.28,09,00,09,00
Municipality_Measure_Costs,09_00_09_00,D&G,average,100,153.2,0.21,09,00,09,00
Municipality_Measure_Costs,09_00_09_00,D&G&Wp,average,20,71.0,0.22,09,00,09,00
Municipality_Measure_Costs,09_00_09_00,D&G&Wp,average,60,153.2,0.28,09,00,09,00
Municipality_Measure_Costs,09_00_09_00,D&G&Wp,average,100,156.93,0.22,09,00,09,00
Municipality_Measure_Costs,09_00_09_00,D&Wp,average,20,71.0,0.22,09,00,09,00
Municipality_Measure_Costs,09_00_09_00,D&Wp,average,60,153.2,0.28,09,00,09,00
Municipality_Measure_Costs,09_00_09_00,D&Wp,average,100,158.8,0.22,09,00,09,00
Municipality_Measure_Costs,09_00_09_00,G,average,20,71.0,0.22,09,00,09,00
Municipality_Measure_Costs,09_00_09_00,G,average,60,153.2,0.28,09,00,09,00
Municipality_Measure_Costs,09_00_09_00,G,average,100,153.2,0.21,09,00,09,00
Municipality_Measure_Costs,09_00_09_00,G&Wp,average,20,71.0,0.22,09,00,09,00
Municipality_Measure_Costs,09_00_09_00,G&Wp,average,60,153.2,0.28,09,00,09,00
Municipality_Measure_Costs,09_00_09_00,G&Wp,average,100,158.8,0.22,09,00,09,00
Municipality_Measure_Costs,09_00_09_00,Wp,average,20,71.0,0.22,09,00,09,00
Municipality_Measure_Costs,09_00_09_00,Wp,average,60,153.2,0.28,09,00,09,00
Municipality_Measure_Costs,09_00_09_00,Wp,average,100,164.4,0.23,09,00,09,00
Municipality_Measure_Costs,09_00_11_00,D,average,20,22.34,0.07,09,00,11,00
Municipality_Measure_Costs,09_00_11_00,D,average,60,170.39,0.31,09,00,11,00
Municipality_Measure_Costs,09_00_11_00,D,average,100,379.1,0.53,09,00,11,00
Municipality_Measure_Costs,09_00_11_00,D&G,average,20,22.34,0.07,09,00,11,00
Municipality_Measure_Costs,09_00_11_00,D&G,average,60,167.13,0.3,09,00,11,00
Municipality_Measure_Costs,09_00_11_00,D&G,average,100,373.53,0.52,09,00,11,00
Municipality_Measure_Costs,09_00_11_00,D&G&Wp,average,20,22.34,0.07,09,00,11,00
Municipality_Measure_Costs,09_00_11_00,D&G&Wp,average,60,172.07,0.31,09,00,11,00
Municipality_Measure_Costs,09_00_11_00,D&G&Wp,average,100,368.69,0.51,09,00,11,00
Municipality_Measure_Costs,09_00_11_00,D&Wp,average,20,22.34,0.07,09,00,11,00
Municipality_Measure_Costs,09_00_11_00,D&Wp,average,60,176.18,0.32,09,00,11,00
Municipality_Measure_Costs,09_00_11_00,D&Wp,average,100,369.06,0.51,09,00,11,00
Municipality_Measure_Costs,09_00_11_00,G,average,20,22.34,0.07,09,00,11,00
Municipality_Measure_Costs,09_00_11_00,G,average,60,163.87,0.3,09,00,11,00
Municipality_Measure_Costs,09_00_11_00,G,average,100,367.95,0.51,09,00,11,00
Municipality_Measure_Costs,09_00_11_00,G&Wp,average,20,22.34,0.07,09,00,11,00
Municipality_Measure_Costs,09_00_11_00,G&Wp,average,60,172.92,0.31,09,00,11,00
Municipality_Measure_Costs,09_00_11_00,G&Wp,average,100,363.49,0.5,09,00,11,00
Municipality_Measure_Costs,09_00_11_00,Wp,average,20,22.34,0.07,09,00,11,00
Municipality_Measure_Costs,09_00_11_00,Wp,average,60,181.97,0.33,09,00,11,00
Municipality_Measure_Costs,09_00_11_00,Wp,average,100,359.02,0.5,09,00,11,00
Municipality_Measure_Costs,09_00_13_00,D,average,20,103.86,0.31,09,00,13,00
Municipality_Measure_Costs,09_00_13_00,D,average,60,241.4,0.44,09,00,13,00
Municipality_Measure_Costs,09_00_13_00,D,average,100,456.52,0.63,09,00,13,00
Municipality_Measure_Costs,09_00_13_00,D&G,average,20,103.86,0.31,09,00,13,00
Municipality_Measure_Costs,09_00_13_00,D&G,average,60,260.45,0.47,09,00,13,00
Municipality_Measure_Costs,09_00_13_00,D&G,average,100,473.32,0.66,09,00,13,00
Municipality_Measure_Costs,09_00_13_00,D&G&Wp,average,20,95.49,0.29,09,00,13,00
Municipality_Measure_Costs,09_00_13_00,D&G&Wp,average,60,280.84,0.51,09,00,13,00
Municipality_Measure_Costs,09_00_13_00,D&G&Wp,average,100,488.47,0.68,09,00,13,00
Municipality_Measure_Costs,09_00_13_00,D&Wp,average,20,91.3,0.28,09,00,13,00
Municipality_Measure_Costs,09_00_13_00,D&Wp,average,60,281.51,0.51,09,00,13,00
Municipality_Measure_Costs,09_00_13_00,D&Wp,average,100,487.65,0.68,09,00,13,00
Municipality_Measure_Costs,09_00_13_00,G,average,20,103.86,0.31,09,00,13,00
Municipality_Measure_Costs,09_00_13_00,G,average,60,279.5,0.51,09,00,13,00
Municipality_Measure_Costs,09_00_13_00,G,average,100,490.12,0.68,09,00,13,00
Municipality_Measure_Costs,09_00_13_00,G&Wp,average,20,91.3,0.28,09,00,13,00
Municipality_Measure_Costs,09_00_13_00,G&Wp,average,60,300.56,0.55,09,00,13,00
Municipality_Measure_Costs,09_00_13_00,G&Wp,average,100,504.45,0.7,09,00,13,00
Municipality_Measure_Costs,09_00_13_00,Wp,average,20,78.74,0.24,09,00,13,00
Municipality_Measure_Costs,09_00_13_00,Wp,average,60,321.62,0.58,09,00,13,00
Municipality_Measure_Costs,09_00_13_00,Wp,average,100,518.78,0.72,09,00,13,00
Municipality_Measure_Costs,11_00_00_00,D,average,20,0.0,0.0,11,00,00,00
Municipality_Measure_Costs,11_00_00_00,D,average,60,0.0,0.0,11,00,00,00
Municipality_Measure_Costs,11_00_00_00,D,average,100,0.0,0.0,11,00,00,00
Municipality_Measure_Costs,11_00_00_00,D&G,average,20,0.0,0.0,11,00,00,00
Municipality_Measure_Costs,11_00_00_00,D&G,average,60,0.0,0.0,11,00,00,00
Municipality_Measure_Costs,11_00_00_00,D&G,average,100,0.0,0.0,11,00,00,00
Municipality_Measure_Costs,11_00_00_00,D&G&Wp,average,20,0.0,0.0,11,00,00,00
Municipality_Measure_Costs,11_00_00_00,D&G&Wp,average,60,0.0,0.0,11,00,00,00
Municipality_Measure_Costs,11_00_00_00,D&G&Wp,average,100,0.0,0.0,11,00,00,00
Municipality_Measure_Costs,11_00_00_00,D&Wp,average,20,0.0,0.0,11,00,00,00
Municipality_Measure_Costs,11_00_00_00,D&Wp,average,60,0.0,0.0,11,00,00,00
Municipality_Measure_Costs,11_00_00_00,D&Wp,average,100,0.0,0.0,11,00,00,00
Municipality_Measure_Costs,11_00_00_00,G,average,20,0.0,0.0,11,00,00,00
Municipality_Measure_Costs,11_00_00_00,G,average,60,0.0,0.0,11,00,00,00
Municipality_Measure_Costs,11_00_00_00,G,average,100,0.0,0.0,11,00,00,00
Municipality_Measure_Costs,11_00_00_00,G&Wp,average,20,0.0,0.0,11,00,00,00
Municipality_Measure_Costs,11_00_00_00,G&Wp,average,60,0.0,0.0,11,00,00,00
Municipality_Measure_Costs,11_00_00_00,G&Wp,average,100,0.0,0.0,11,00,00,00
Municipality_Measure_Costs,11_00_00_00,Wp,average,20,0.0,0.0,11,00,00,00
Municipality_Measure_Costs,11_00_00_00,Wp,average,60,0.0,0.0,11,00,00,00
Municipality_Measure_Costs,11_00_00_00,Wp,average,100,0.0,0.0,11,00,00,00
Municipality_Measure_Costs,11_00_01_00,D,average,20,21.58,0.07,11,00,01,00
Municipality_Measure_Costs,11_00_01_00,D,average,60,118.42,0.22,11,00,01,00
Municipality_Measure_Costs,11_00_01_00,D,average,100,235.6,0.33,11,00,01,00
Municipality_Measure_Costs,11_00_01_00,D&G,average,20,21.58,0.07,11,00,01,00
Municipality_Measure_Costs,11_00_01_00,D&G,average,60,124.05,0.23,11,00,01,00
Municipality_Measure_Costs,11_00_01_00,D&G,average,100,235.63,0.33,11,00,01,00
Municipality_Measure_Costs,11_00_01_00,D&G&Wp,average,20,21.58,0.07,11,00,01,00
Municipality_Measure_Costs,11_00_01_00,D&G&Wp,average,60,133.57,0.24,11,00,01,00
Municipality_Measure_Costs,11_00_01_00,D&G&Wp,average,100,235.82,0.33,11,00,01,00
Municipality_Measure_Costs,11_00_01_00,D&Wp,average,20,21.58,0.07,11,00,01,00
Municipality_Measure_Costs,11_00_01_00,D&Wp,average,60,135.52,0.25,11,00,01,00
Municipality_Measure_Costs,11_00_01_00,D&Wp,average,100,235.9,0.33,11,00,01,00
Municipality_Measure_Costs,11_00_01_00,G,average,20,21.58,0.07,11,00,01,00
Municipality_Measure_Costs,11_00_01_00,G,average,60,129.67,0.24,11,00,01,00
Municipality_Measure_Costs,11_00_01_00,G,average,100,235.65,0.33,11,00,01,00
Municipality_Measure_Costs,11_00_01_00,G&Wp,average,20,21.58,0.07,11,00,01,00
Municipality_Measure_Costs,11_00_01_00,G&Wp,average,60,141.14,0.26,11,00,01,00
Municipality_Measure_Costs,11_00_01_00,G&Wp,average,100,235.93,0.33,11,00,01,00
Municipality_Measure_Costs,11_00_01_00,Wp,average,20,21.58,0.07,11,00,01,00
Municipality_Measure_Costs,11_00_01_00,Wp,average,60,152.62,0.28,11,00,01,00
Municipality_Measure_Costs,11_00_01_00,Wp,average,100,236.2,0.33,11,00,01,00
Municipality_Measure_Costs,11_00_03_00,D,average,20,26.85,0.08,11,00,03,00
Municipality_Measure_Costs,11_00_03_00,D,average,60,115.67,0.21,11,00,03,00
Municipality_Measure_Costs,11_00_03_00,D,average,100,228.57,0.32,11,00,03,00
Municipality_Measure_Costs,11_00_03_00,D&G,average,20,26.85,0.08,11,00,03,00
Municipality_Measure_Costs,11_00_03_00,D&G,average,60,121.27,0.22,11,00,03,00
Municipality_Measure_Costs,11_00_03_00,D&G,average,100,228.64,0.32,11,00,03,00
Municipality_Measure_Costs,11_00_03_00,D&G&Wp,average,20,26.85,0.08,11,00,03,00
Municipality_Measure_Costs,11_00_03_00,D&G&Wp,average,60,130.65,0.24,11,00,03,00
Municipality_Measure_Costs,11_00_03_00,D&G&Wp,average,100,228.85,0.32,11,00,03,00
Municipality_Measure_Costs,11_00_03_00,D&Wp,average,20,26.85,0.08,11,00,03,00
Municipality_Measure_Costs,11_00_03_00,D&Wp,average,60,132.55,0.24,11,00,03,00
Municipality_Measure_Costs,11_00_03_00,D&Wp,average,100,228.92,0.32,11,00,03,00
Municipality_Measure_Costs,11_00_03_00,G,average,20,26.85,0.08,11,00,03,00
Municipality_Measure_Costs,11_00_03_00,G,average,60,126.87,0.23,11,00,03,00
Municipality_Measure_Costs,11_00_03_00,G,average,100,228.72,0.32,11,00,03,00
Municipality_Measure_Costs,11_00_03_00,G&Wp,average,20,26.85,0.08,11,00,03,00
Municipality_Measure_Costs,11_00_03_00,G&Wp,average,60,138.15,0.25,11,00,03,00
Municipality_Measure_Costs,11_00_03_00,G&Wp,average,100,228.99,0.32,11,00,03,00
Municipality_Measure_Costs,11_00_03_00,Wp,average,20,26.85,0.08,11,00,03,00
Municipality_Measure_Costs,11_00_03_00,Wp,average,60,149.42,0.27,11,00,03,00
Municipality_Measure_Costs,11_00_03_00,Wp,average,100,229.27,0.32,11,00,03,00
Municipality_Measure_Costs,11_00_05_00,D,average,20,56.0,0.17,11,00,05,00
Municipality_Measure_Costs,11_00_05_00,D,average,60,140.4,0.26,11,00,05,00
Municipality_Measure_Costs,11_00_05_00,D,average,100,154.6,0.21,11,00,05,00
Municipality_Measure_Costs,11_00_05_00,D&G,average,20,56.0,0.17,11,00,05,00
Municipality_Measure_Costs,11_00_05_00,D&G,average,60,140.4,0.26,11,00,05,00
Municipality_Measure_Costs,11_00_05_00,D&G,average,100,154.6,0.21,11,00,05,00
Municipality_Measure_Costs,11_00_05_00,D&G&Wp,average,20,56.0,0.17,11,00,05,00
Municipality_Measure_Costs,11_00_05_00,D&G&Wp,average,60,140.4,0.26,11,00,05,00
Municipality_Measure_Costs,11_00_05_00,D&G&Wp,average,100,154.6,0.21,11,00,05,00
Municipality_Measure_Costs,11_00_05_00,D&Wp,average,20,56.0,0.17,11,00,05,00
Municipality_Measure_Costs,11_00_05_00,D&Wp,average,60,140.4,0.26,11,00,05,00
Municipality_Measure_Costs,11_00_05_00,D&Wp,average,100,154.6,0.21,11,00,05,00
Municipality_Measure_Costs,11_00_05_00,G,average,20,56.0,0.17,11,00,05,00
Municipality_Measure_Costs,11_00_05_00,G,average,60,140.4,0.26,11,00,05,00
Municipality_Measure_Costs,11_00_05_00,G,average,100,154.6,0.21,11,00,05,00
Municipality_Measure_Costs,11_00_05_00,G&Wp,average,20,56.0,0.17,11,00,05,00
Municipality_Measure_Costs,11_00_05_00,G&Wp,average,60,140.4,0.26,11,00,05,00
Municipality_Measure_Costs,11_00_05_00,G&Wp,average,100,154.6,0.21,11,00,05,00
Municipality_Measure_Costs,11_00_05_00,Wp,average,20,56.0,0.17,11,00,05,00
Municipality_Measure_Costs,11_00_05_00,Wp,average,60,140.4,0.26,11,00,05,00
Municipality_Measure_Costs,11_00_05_00,Wp,average,100,154.6,0.21,11,00,05,00
Municipality_Measure_Costs,11_00_07_00,D,average,20,145.7,0.44,11,00,07,00
Municipality_Measure_Costs,11_00_07_00,D,average,60,358.6,0.65,11,00,07,00
Municipality_Measure_Costs,11_00_07_00,D,average,100,381.0,0.53,11,00,07,00
Municipality_Measure_Costs,11_00_07_00,D&G,average,20,145.7,0.44,11,00,07,00
Municipality_Measure_Costs,11_00_07_00,D&G,average,60,358.6,0.65,11,00,07,00
Municipality_Measure_Costs,11_00_07_00,D&G,average,100,381.0,0.53,11,00,07,00
Municipality_Measure_Costs,11_00_07_00,D&G&Wp,average,20,145.7,0.44,11,00,07,00
Municipality_Measure_Costs,11_00_07_00,D&G&Wp,average,60,358.6,0.65,11,00,07,00
Municipality_Measure_Costs,11_00_07_00,D&G&Wp,average,100,381.0,0.53,11,00,07,00
Municipality_Measure_Costs,11_00_07_00,D&Wp,average,20,145.7,0.44,11,00,07,00
Municipality_Measure_Costs,11_00_07_00,D&Wp,average,60,358.6,0.65,11,00,07,00
Municipality_Measure_Costs,11_00_07_00,D&Wp,average,100,381.0,0.53,11,00,07,00
Municipality_Measure_Costs,11_00_07_00,G,average,20,145.7,0.44,11,00,07,00
Municipality_Measure_Costs,11_00_07_00,G,average,60,358.6,0.65,11,00,07,00
Municipality_Measure_Costs,11_00_07_00,G,average,100,381.0,0.53,11,00,07,00
Municipality_Measure_Costs,11_00_07_00,G&Wp,average,20,145.7,0.44,11,00,07,00
Municipality_Measure_Costs,11_00_07_00,G&Wp,average,60,358.6,0.65,11,00,07,00
Municipality_Measure_Costs,11_00_07_00,G&Wp,average,100,381.0,0.53,11,00,07,00
Municipality_Measure_Costs,11_00_07_00,Wp,average,20,145.7,0.44,11,00,07,00
Municipality_Measure_Costs,11_00_07_00,Wp,average,60,358.6,0.65,11,00,07,00
Municipality_Measure_Costs,11_00_07_00,Wp,average,100,381.0,0.53,11,00,07,00
Municipality_Measure_Costs,11_00_09_00,D,average,20,71.0,0.22,11,00,09,00
Municipality_Measure_Costs,11_00_09_00,D,average,60,153.2,0.28,11,00,09,00
Municipality_Measure_Costs,11_00_09_00,D,average,100,153.2,0.21,11,00,09,00
Municipality_Measure_Costs,11_00_09_00,D&G,average,20,71.0,0.22,11,00,09,00
Municipality_Measure_Costs,11_00_09_00,D&G,average,60,153.2,0.28,11,00,09,00
Municipality_Measure_Costs,11_00_09_00,D&G,average,100,153.2,0.21,11,00,09,00
Municipality_Measure_Costs,11_00_09_00,D&G&Wp,average,20,71.0,0.22,11,00,09,00
Municipality_Measure_Costs,11_00_09_00,D&G&Wp,average,60,153.2,0.28,11,00,09,00
Municipality_Measure_Costs,11_00_09_00,D&G&Wp,average,100,156.93,0.22,11,00,09,00
Municipality_Measure_Costs,11_00_09_00,D&Wp,average,20,71.0,0.22,11,00,09,00
Municipality_Measure_Costs,11_00_09_00,D&Wp,average,60,153.2,0.28,11,00,09,00
Municipality_Measure_Costs,11_00_09_00,D&Wp,average,100,158.8,0.22,11,00,09,00
Municipality_Measure_Costs,11_00_09_00,G,average,20,71.0,0.22,11,00,09,00
Municipality_Measure_Costs,11_00_09_00,G,average,60,153.2,0.28,11,00,09,00
Municipality_Measure_Costs,11_00_09_00,G,average,100,153.2,0.21,11,00,09,00
Municipality_Measure_Costs,11_00_09_00,G&Wp,average,20,71.0,0.22,11,00,09,00
Municipality_Measure_Costs,11_00_09_00,G&Wp,average,60,153.2,0.28,11,00,09,00
Municipality_Measure_Costs,11_00_09_00,G&Wp,average,100,158.8,0.22,11,00,09,00
Municipality_Measure_Costs,11_00_09_00,Wp,average,20,71.0,0.22,11,00,09,00
Municipality_Measure_Costs,11_00_09_00,Wp,average,60,153.2,0.28,11,00,09,00
Municipality_Measure_Costs,11_00_09_00,Wp,average,100,164.4,0.23,11,00,09,00
Municipality_Measure_Costs,11_00_11_00,D,average,20,22.34,0.07,11,00,11,00
Municipality_Measure_Costs,11_00_11_00,D,average,60,191.16,0.35,11,00,11,00
Municipality_Measure_Costs,11_00_11_00,D,average,100,440.85,0.61,11,00,11,00
Municipality_Measure_Costs,11_00_11_00,D&G,average,20,22.34,0.07,11,00,11,00
Municipality_Measure_Costs,11_00_11_00,D&G,average,60,193.64,0.35,11,00,11,00
Municipality_Measure_Costs,11_00_11_00,D&G,average,100,441.09,0.61,11,00,11,00
Municipality_Measure_Costs,11_00_11_00,D&G&Wp,average,20,22.34,0.07,11,00,11,00
Municipality_Measure_Costs,11_00_11_00,D&G&Wp,average,60,197.3,0.36,11,00,11,00
Municipality_Measure_Costs,11_00_11_00,D&G&Wp,average,100,433.58,0.6,11,00,11,00
Municipality_Measure_Costs,11_00_11_00,D&Wp,average,20,22.34,0.07,11,00,11,00
Municipality_Measure_Costs,11_00_11_00,D&Wp,average,60,197.88,0.36,11,00,11,00
Municipality_Measure_Costs,11_00_11_00,D&Wp,average,100,429.7,0.6,11,00,11,00
Municipality_Measure_Costs,11_00_11_00,G,average,20,22.34,0.07,11,00,11,00
Municipality_Measure_Costs,11_00_11_00,G,average,60,196.13,0.36,11,00,11,00
Municipality_Measure_Costs,11_00_11_00,G,average,100,441.34,0.61,11,00,11,00
Municipality_Measure_Costs,11_00_11_00,G&Wp,average,20,22.34,0.07,11,00,11,00
Municipality_Measure_Costs,11_00_11_00,G&Wp,average,60,200.37,0.36,11,00,11,00
Municipality_Measure_Costs,11_00_11_00,G&Wp,average,100,429.94,0.6,11,00,11,00
Municipality_Measure_Costs,11_00_11_00,Wp,average,20,22.34,0.07,11,00,11,00
Municipality_Measure_Costs,11_00_11_00,Wp,average,60,204.6,0.37,11,00,11,00
Municipality_Measure_Costs,11_00_11_00,Wp,average,100,418.55,0.58,11,00,11,00
Municipality_Measure_Costs,11_00_13_00,D,average,20,28.16,0.09,11,00,13,00
Municipality_Measure_Costs,11_00_13_00,D,average,60,266.98,0.49,11,00,13,00
Municipality_Measure_Costs,11_00_13_00,D,average,100,562.76,0.78,11,00,13,00
Municipality_Measure_Costs,11_00_13_00,D&G,average,20,28.16,0.09,11,00,13,00
Municipality_Measure_Costs,11_00_13_00,D&G,average,60,286.03,0.52,11,00,13,00
Municipality_Measure_Costs,11_00_13_00,D&G,average,100,579.56,0.8,11,00,13,00
Municipality_Measure_Costs,11_00_13_00,D&G&Wp,average,20,28.16,0.09,11,00,13,00
Municipality_Measure_Costs,11_00_13_00,D&G&Wp,average,60,301.34,0.55,11,00,13,00
Municipality_Measure_Costs,11_00_13_00,D&G&Wp,average,100,581.42,0.81,11,00,13,00
Municipality_Measure_Costs,11_00_13_00,D&Wp,average,20,28.16,0.09,11,00,13,00
Municipality_Measure_Costs,11_00_13_00,D&Wp,average,60,299.48,0.54,11,00,13,00
Municipality_Measure_Costs,11_00_13_00,D&Wp,average,100,573.96,0.8,11,00,13,00
Municipality_Measure_Costs,11_00_13_00,G,average,20,28.16,0.09,11,00,13,00
Municipality_Measure_Costs,11_00_13_00,G,average,60,305.08,0.55,11,00,13,00
Municipality_Measure_Costs,11_00_13_00,G,average,100,596.36,0.83,11,00,13,00
Municipality_Measure_Costs,11_00_13_00,G&Wp,average,20,28.16,0.09,11,00,13,00
Municipality_Measure_Costs,11_00_13_00,G&Wp,average,60,318.53,0.58,11,00,13,00
Municipality_Measure_Costs,11_00_13_00,G&Wp,average,100,590.76,0.82,11,00,13,00
Municipality_Measure_Costs,11_00_13_00,Wp,average,20,28.16,0.09,11,00,13,00
Municipality_Measure_Costs,11_00_13_00,Wp,average,60,331.98,0.6,11,00,13,00
Municipality_Measure_Costs,11_00_13_00,Wp,average,100,585.16,0.81,11,00,13,00
Municipality_Measure_Costs,13_00_00_00,D,average,20,0.0,0.0,13,00,00,00
Municipality_Measure_Costs,13_00_00_00,D,average,60,0.0,0.0,13,00,00,00
Municipality_Measure_Costs,13_00_00_00,D,average,100,0.0,0.0,13,00,00,00
Municipality_Measure_Costs,13_00_00_00,D&G,average,20,0.0,0.0,13,00,00,00
Municipality_Measure_Costs,13_00_00_00,D&G,average,60,0.0,0.0,13,00,00,00
Municipality_Measure_Costs,13_00_00_00,D&G,average,100,0.0,0.0,13,00,00,00
Municipality_Measure_Costs,13_00_00_00,D&G&Wp,average,20,0.0,0.0,13,00,00,00
Municipality_Measure_Costs,13_00_00_00,D&G&Wp,average,60,0.0,0.0,13,00,00,00
Municipality_Measure_Costs,13_00_00_00,D&G&Wp,average,100,0.0,0.0,13,00,00,00
Municipality_Measure_Costs,13_00_00_00,D&Wp,average,20,0.0,0.0,13,00,00,00
Municipality_Measure_Costs,13_00_00_00,D&Wp,average,60,0.0,0.0,13,00,00,00
Municipality_Measure_Costs,13_00_00_00,D&Wp,average,100,0.0,0.0,13,00,00,00
Municipality_Measure_Costs,13_00_00_00,G,average,20,0.0,0.0,13,00,00,00
Municipality_Measure_Costs,13_00_00_00,G,average,60,0.0,0.0,13,00,00,00
Municipality_Measure_Costs,13_00_00_00,G,average,100,0.0,0.0,13,00,00,00
Municipality_Measure_Costs,13_00_00_00,G&Wp,average,20,0.0,0.0,13,00,00,00
Municipality_Measure_Costs,13_00_00_00,G&Wp,average,60,0.0,0.0,13,00,00,00
Municipality_Measure_Costs,13_00_00_00,G&Wp,average,100,0.0,0.0,13,00,00,00
Municipality_Measure_Costs,13_00_00_00,Wp,average,20,0.0,0.0,13,00,00,00
Municipality_Measure_Costs,13_00_00_00,Wp,average,60,0.0,0.0,13,00,00,00
Municipality_Measure_Costs,13_00_00_00,Wp,average,100,0.0,0.0,13,00,00,00
Municipality_Measure_Costs,13_00_01_00,D,average,20,21.58,0.07,13,00,01,00
Municipality_Measure_Costs,13_00_01_00,D,average,60,104.22,0.19,13,00,01,00
Municipality_Measure_Costs,13_00_01_00,D,average,100,187.8,0.26,13,00,01,00
Municipality_Measure_Costs,13_00_01_00,D&G,average,20,21.58,0.07,13,00,01,00
Municipality_Measure_Costs,13_00_01_00,D&G,average,60,98.65,0.18,13,00,01,00
Municipality_Measure_Costs,13_00_01_00,D&G,average,100,174.31,0.24,13,00,01,00
Municipality_Measure_Costs,13_00_01_00,D&G&Wp,average,20,21.58,0.07,13,00,01,00
Municipality_Measure_Costs,13_00_01_00,D&G&Wp,average,60,97.62,0.18,13,00,01,00
Municipality_Measure_Costs,13_00_01_00,D&G&Wp,average,100,168.45,0.23,13,00,01,00
Municipality_Measure_Costs,13_00_01_00,D&Wp,average,20,21.58,0.07,13,00,01,00
Municipality_Measure_Costs,13_00_01_00,D&Wp,average,60,99.89,0.18,13,00,01,00
Municipality_Measure_Costs,13_00_01_00,D&Wp,average,100,172.27,0.24,13,00,01,00
Municipality_Measure_Costs,13_00_01_00,G,average,20,21.58,0.07,13,00,01,00
Municipality_Measure_Costs,13_00_01_00,G,average,60,93.07,0.17,13,00,01,00
Municipality_Measure_Costs,13_00_01_00,G,average,100,160.82,0.22,13,00,01,00
Municipality_Measure_Costs,13_00_01_00,G&Wp,average,20,21.58,0.07,13,00,01,00
Municipality_Measure_Costs,13_00_01_00,G&Wp,average,60,94.31,0.17,13,00,01,00
Municipality_Measure_Costs,13_00_01_00,G&Wp,average,100,158.78,0.22,13,00,01,00
Municipality_Measure_Costs,13_00_01_00,Wp,average,20,21.58,0.07,13,00,01,00
Municipality_Measure_Costs,13_00_01_00,Wp,average,60,95.56,0.17,13,00,01,00
Municipality_Measure_Costs,13_00_01_00,Wp,average,100,156.74,0.22,13,00,01,00
Municipality_Measure_Costs,13_00_03_00,D,average,20,26.85,0.08,13,00,03,00
Municipality_Measure_Costs,13_00_03_00,D,average,60,101.47,0.18,13,00,03,00
Municipality_Measure_Costs,13_00_03_00,D,average,100,180.77,0.25,13,00,03,00
Municipality_Measure_Costs,13_00_03_00,D&G,average,20,26.85,0.08,13,00,03,00
Municipality_Measure_Costs,13_00_03_00,D&G,average,60,95.87,0.17,13,00,03,00
Municipality_Measure_Costs,13_00_03_00,D&G,average,100,168.4,0.23,13,00,03,00
Municipality_Measure_Costs,13_00_03_00,D&G&Wp,average,20,26.85,0.08,13,00,03,00
Municipality_Measure_Costs,13_00_03_00,D&G&Wp,average,60,96.42,0.18,13,00,03,00
Municipality_Measure_Costs,13_00_03_00,D&G&Wp,average,100,162.59,0.23,13,00,03,00
Municipality_Measure_Costs,13_00_03_00,D&Wp,average,20,26.85,0.08,13,00,03,00
Municipality_Measure_Costs,13_00_03_00,D&Wp,average,60,99.5,0.18,13,00,03,00
Municipality_Measure_Costs,13_00_03_00,D&Wp,average,100,165.88,0.23,13,00,03,00
Municipality_Measure_Costs,13_00_03_00,G,average,20,26.85,0.08,13,00,03,00
Municipality_Measure_Costs,13_00_03_00,G,average,60,90.27,0.16,13,00,03,00
Municipality_Measure_Costs,13_00_03_00,G,average,100,156.03,0.22,13,00,03,00
Municipality_Measure_Costs,13_00_03_00,G&Wp,average,20,26.85,0.08,13,00,03,00
Municipality_Measure_Costs,13_00_03_00,G&Wp,average,60,93.9,0.17,13,00,03,00
Municipality_Measure_Costs,13_00_03_00,G&Wp,average,100,153.51,0.21,13,00,03,00
Municipality_Measure_Costs,13_00_03_00,Wp,average,20,26.85,0.08,13,00,03,00
Municipality_Measure_Costs,13_00_03_00,Wp,average,60,97.53,0.18,13,00,03,00
Municipality_Measure_Costs,13_00_03_00,Wp,average,100,150.99,0.21,13,00,03,00
Municipality_Measure_Costs,13_00_05_00,D,average,20,56.0,0.17,13,00,05,00
Municipality_Measure_Costs,13_00_05_00,D,average,60,130.83,0.24,13,00,05,00
Municipality_Measure_Costs,13_00_05_00,D,average,100,145.03,0.2,13,00,05,00
Municipality_Measure_Costs,13_00_05_00,D&G,average,20,56.0,0.17,13,00,05,00
Municipality_Measure_Costs,13_00_05_00,D&G,average,60,130.83,0.24,13,00,05,00
Municipality_Measure_Costs,13_00_05_00,D&G,average,100,145.03,0.2,13,00,05,00
Municipality_Measure_Costs,13_00_05_00,D&G&Wp,average,20,56.0,0.17,13,00,05,00
Municipality_Measure_Costs,13_00_05_00,D&G&Wp,average,60,130.83,0.24,13,00,05,00
Municipality_Measure_Costs,13_00_05_00,D&G&Wp,average,100,145.03,0.2,13,00,05,00
Municipality_Measure_Costs,13_00_05_00,D&Wp,average,20,56.0,0.17,13,00,05,00
Municipality_Measure_Costs,13_00_05_00,D&Wp,average,60,130.83,0.24,13,00,05,00
Municipality_Measure_Costs,13_00_05_00,D&Wp,average,100,145.03,0.2,13,00,05,00
Municipality_Measure_Costs,13_00_05_00,G,average,20,56.0,0.17,13,00,05,00
Municipality_Measure_Costs,13_00_05_00,G,average,60,130.83,0.24,13,00,05,00
Municipality_Measure_Costs,13_00_05_00,G,average,100,145.03,0.2,13,00,05,00
Municipality_Measure_Costs,13_00_05_00,G&Wp,average,20,56.0,0.17,13,00,05,00
Municipality_Measure_Costs,13_00_05_00,G&Wp,average,60,130.83,0.24,13,00,05,00
Municipality_Measure_Costs,13_00_05_00,G&Wp,average,100,145.03,0.2,13,00,05,00
Municipality_Measure_Costs,13_00_05_00,Wp,average,20,56.0,0.17,13,00,05,00
Municipality_Measure_Costs,13_00_05_00,Wp,average,60,130.83,0.24,13,00,05,00
Municipality_Measure_Costs,13_00_05_00,Wp,average,100,145.03,0.2,13,00,05,00
Municipality_Measure_Costs,13_00_07_00,D,average,20,145.7,0.44,13,00,07,00
Municipality_Measure_Costs,13_00_07_00,D,average,60,358.6,0.65,13,00,07,00
Municipality_Measure_Costs,13_00_07_00,D,average,100,381.0,0.53,13,00,07,00
Municipality_Measure_Costs,13_00_07_00,D&G,average,20,145.7,0.44,13,00,07,00
Municipality_Measure_Costs,13_00_07_00,D&G,average,60,358.6,0.65,13,00,07,00
Municipality_Measure_Costs,13_00_07_00,D&G,average,100,381.0,0.53,13,00,07,00
Municipality_Measure_Costs,13_00_07_00,D&G&Wp,average,20,145.7,0.44,13,00,07,00
Municipality_Measure_Costs,13_00_07_00,D&G&Wp,average,60,358.6,0.65,13,00,07,00
Municipality_Measure_Costs,13_00_07_00,D&G&Wp,average,100,381.0,0.53,13,00,07,00
Municipality_Measure_Costs,13_00_07_00,D&Wp,average,20,145.7,0.44,13,00,07,00
Municipality_Measure_Costs,13_00_07_00,D&Wp,average,60,358.6,0.65,13,00,07,00
Municipality_Measure_Costs,13_00_07_00,D&Wp,average,100,381.0,0.53,13,00,07,00
Municipality_Measure_Costs,13_00_07_00,G,average,20,145.7,0.44,13,00,07,00
Municipality_Measure_Costs,13_00_07_00,G,average,60,358.6,0.65,13,00,07,00
Municipality_Measure_Costs,13_00_07_00,G,average,100,381.0,0.53,13,00,07,00
Municipality_Measure_Costs,13_00_07_00,G&Wp,average,20,145.7,0.44,13,00,07,00
Municipality_Measure_Costs,13_00_07_00,G&Wp,average,60,358.6,0.65,13,00,07,00
Municipality_Measure_Costs,13_00_07_00,G&Wp,average,100,381.0,0.53,13,00,07,00
Municipality_Measure_Costs,13_00_07_00,Wp,average,20,145.7,0.44,13,00,07,00
Municipality_Measure_Costs,13_00_07_00,Wp,average,60,358.6,0.65,13,00,07,00
Municipality_Measure_Costs,13_00_07_00,Wp,average,100,381.0,0.53,13,00,07,00
Municipality_Measure_Costs,13_00_09_00,D,average,20,71.0,0.22,13,00,09,00
Municipality_Measure_Costs,13_00_09_00,D,average,60,153.2,0.28,13,00,09,00
Municipality_Measure_Costs,13_00_09_00,D,average,100,153.2,0.21,13,00,09,00
Municipality_Measure_Costs,13_00_09_00,D&G,average,20,71.0,0.22,13,00,09,00
Municipality_Measure_Costs,13_00_09_00,D&G,average,60,153.2,0.28,13,00,09,00
Municipality_Measure_Costs,13_00_09_00,D&G,average,100,153.2,0.21,13,00,09,00
Municipality_Measure_Costs,13_00_09_00,D&G&Wp,average,20,71.0,0.22,13,00,09,00
Municipality_Measure_Costs,13_00_09_00,D&G&Wp,average,60,153.2,0.28,13,00,09,00
Municipality_Measure_Costs,13_00_09_00,D&G&Wp,average,100,156.93,0.22,13,00,09,00
Municipality_Measure_Costs,13_00_09_00,D&Wp,average,20,71.0,0.22,13,00,09,00
Municipality_Measure_Costs,13_00_09_00,D&Wp,average,60,153.2,0.28,13,00,09,00
Municipality_Measure_Costs,13_00_09_00,D&Wp,average,100,158.8,0.22,13,00,09,00
Municipality_Measure_Costs,13_00_09_00,G,average,20,71.0,0.22,13,00,09,00
Municipality_Measure_Costs,13_00_09_00,G,average,60,153.2,0.28,13,00,09,00
Municipality_Measure_Costs,13_00_09_00,G,average,100,153.2,0.21,13,00,09,00
Municipality_Measure_Costs,13_00_09_00,G&Wp,average,20,71.0,0.22,13,00,09,00
Municipality_Measure_Costs,13_00_09_00,G&Wp,average,60,153.2,0.28,13,00,09,00
Municipality_Measure_Costs,13_00_09_00,G&Wp,average,100,158.8,0.22,13,00,09,00
Municipality_Measure_Costs,13_00_09_00,Wp,average,20,71.0,0.22,13,00,09,00
Municipality_Measure_Costs,13_00_09_00,Wp,average,60,153.2,0.28,13,00,09,00
Municipality_Measure_Costs,13_00_09_00,Wp,average,100,164.4,0.23,13,00,09,00
Municipality_Measure_Costs,13_00_11_00,D,average,20,22.34,0.07,13,00,11,00
Municipality_Measure_Costs,13_00_11_00,D,average,60,186.53,0.34,13,00,11,00
Municipality_Measure_Costs,13_00_11_00,D,average,100,393.35,0.55,13,00,11,00
Municipality_Measure_Costs,13_00_11_00,D&G,average,20,22.34,0.07,13,00,11,00
Municipality_Measure_Costs,13_00_11_00,D&G,average,60,173.18,0.31,13,00,11,00
Municipality_Measure_Costs,13_00_11_00,D&G,average,100,382.12,0.53,13,00,11,00
Municipality_Measure_Costs,13_00_11_00,D&G&Wp,average,20,22.34,0.07,13,00,11,00
Municipality_Measure_Costs,13_00_11_00,D&G&Wp,average,60,171.74,0.31,13,00,11,00
Municipality_Measure_Costs,13_00_11_00,D&G&Wp,average,100,370.46,0.51,13,00,11,00
Municipality_Measure_Costs,13_00_11_00,D&Wp,average,20,22.34,0.07,13,00,11,00
Municipality_Measure_Costs,13_00_11_00,D&Wp,average,60,177.69,0.32,13,00,11,00
Municipality_Measure_Costs,13_00_11_00,D&Wp,average,100,370.25,0.51,13,00,11,00
Municipality_Measure_Costs,13_00_11_00,G,average,20,22.34,0.07,13,00,11,00
Municipality_Measure_Costs,13_00_11_00,G,average,60,159.83,0.29,13,00,11,00
Municipality_Measure_Costs,13_00_11_00,G,average,100,370.88,0.52,13,00,11,00
Municipality_Measure_Costs,13_00_11_00,G&Wp,average,20,22.34,0.07,13,00,11,00
Municipality_Measure_Costs,13_00_11_00,G&Wp,average,60,164.34,0.3,13,00,11,00
Municipality_Measure_Costs,13_00_11_00,G&Wp,average,100,359.01,0.5,13,00,11,00
Municipality_Measure_Costs,13_00_11_00,Wp,average,20,22.34,0.07,13,00,11,00
Municipality_Measure_Costs,13_00_11_00,Wp,average,60,168.85,0.31,13,00,11,00
Municipality_Measure_Costs,13_00_11_00,Wp,average,100,347.14,0.48,13,00,11,00
Municipality_Measure_Costs,13_00_13_00,D,average,20,28.16,0.09,13,00,13,00
Municipality_Measure_Costs,13_00_13_00,D,average,60,223.79,0.41,13,00,13,00
Municipality_Measure_Costs,13_00_13_00,D,average,100,495.12,0.69,13,00,13,00
Municipality_Measure_Costs,13_00_13_00,D&G,average,20,28.16,0.09,13,00,13,00
Municipality_Measure_Costs,13_00_13_00,D&G,average,60,204.74,0.37,13,00,13,00
Municipality_Measure_Costs,13_00_13_00,D&G,average,100,463.64,0.64,13,00,13,00
Municipality_Measure_Costs,13_00_13_00,D&G&Wp,average,20,28.16,0.09,13,00,13,00
Municipality_Measure_Costs,13_00_13_00,D&G&Wp,average,60,202.92,0.37,13,00,13,00
Municipality_Measure_Costs,13_00_13_00,D&G&Wp,average,100,436.57,0.61,13,00,13,00
Municipality_Measure_Costs,13_00_13_00,D&Wp,average,20,28.16,0.09,13,00,13,00
Municipality_Measure_Costs,13_00_13_00,D&Wp,average,60,211.54,0.38,13,00,13,00
Municipality_Measure_Costs,13_00_13_00,D&Wp,average,100,438.78,0.61,13,00,13,00
Municipality_Measure_Costs,13_00_13_00,G,average,20,28.16,0.09,13,00,13,00
Municipality_Measure_Costs,13_00_13_00,G,average,60,185.69,0.34,13,00,13,00
Municipality_Measure_Costs,13_00_13_00,G,average,100,432.15,0.6,13,00,13,00
Municipality_Measure_Costs,13_00_13_00,G&Wp,average,20,28.16,0.09,13,00,13,00
Municipality_Measure_Costs,13_00_13_00,G&Wp,average,60,192.49,0.35,13,00,13,00
Municipality_Measure_Costs,13_00_13_00,G&Wp,average,100,407.29,0.57,13,00,13,00
Municipality_Measure_Costs,13_00_13_00,Wp,average,20,28.16,0.09,13,00,13,00
Municipality_Measure_Costs,13_00_13_00,Wp,average,60,199.29,0.36,13,00,13,00
Municipality_Measure_Costs,13_00_13_00,Wp,average,100,382.44,0.53,13,00,13,00
Municipality_Structural_Damage,00_00_00_00,D,average,20,670.52,1.0,00,00,00,00
Municipality_Structural_Damage,00_00_00_00,D,average,60,2363.56,1.0,00,00,00,00
Municipality_Structural_Damage,00_00_00_00,D,average,100,3922.26,1.0,00,00,00,00
Municipality_Structural_Damage,00_00_00_00,D&G,average,20,733.12,1.0,00,00,00,00
Municipality_Structural_Damage,00_00_00_00,D&G,average,60,2708.88,1.0,00,00,00,00
Municipality_Structural_Damage,00_00_00_00,D&G,average,100,4856.35,1.0,00,00,00,00
Municipality_Structural_Damage,00_00_00_00,D&G&Wp,average,20,781.14,1.0,00,00,00,00
Municipality_Structural_Damage,00_00_00_00,D&G&Wp,average,60,3278.24,1.0,00,00,00,00
Municipality_Structural_Damage,00_00_00_00,D&G&Wp,average,100,6672.49,1.0,00,00,00,00
Municipality_Structural_Damage,00_00_00_00,D&Wp,average,20,773.84,1.0,00,00,00,00
Municipality_Structural_Damage,00_00_00_00,D&Wp,average,60,3390.25,1.0,00,00,00,00
Municipality_Structural_Damage,00_00_00_00,D&Wp,average,100,7113.51,1.0,00,00,00,00
Municipality_Structural_Damage,00_00_00_00,G,average,20,795.72,1.0,00,00,00,00
Municipality_Structural_Damage,00_00_00_00,G,average,60,3054.21,1.0,00,00,00,00
Municipality_Structural_Damage,00_00_00_00,G,average,100,5790.45,1.0,00,00,00,00
Municipality_Structural_Damage,00_00_00_00,G&Wp,average,20,836.45,1.0,00,00,00,00
Municipality_Structural_Damage,00_00_00_00,G&Wp,average,60,3735.58,1.0,00,00,00,00
Municipality_Structural_Damage,00_00_00_00,G&Wp,average,100,8047.61,1.0,00,00,00,00
Municipality_Structural_Damage,00_00_00_00,Wp,average,20,877.17,1.0,00,00,00,00
Municipality_Structural_Damage,00_00_00_00,Wp,average,60,4416.94,1.0,00,00,00,00
Municipality_Structural_Damage,00_00_00_00,Wp,average,100,10304.77,1.0,00,00,00,00
Municipality_Structural_Damage,00_00_01_00,D,average,20,653.42,0.97,00,00,01,00
Municipality_Structural_Damage,00_00_01_00,D,average,60,1954.39,0.83,00,00,01,00
Municipality_Structural_Damage,00_00_01_00,D,average,100,2317.05,0.59,00,00,01,00
Municipality_Structural_Damage,00_00_01_00,D&G,average,20,713.12,0.97,00,00,01,00
Municipality_Structural_Damage,00_00_01_00,D&G,average,60,2199.87,0.81,00,00,01,00
Municipality_Structural_Damage,00_00_01_00,D&G,average,100,2574.7,0.53,00,00,01,00
Municipality_Structural_Damage,00_00_01_00,D&G&Wp,average,20,758.85,0.97,00,00,01,00
Municipality_Structural_Damage,00_00_01_00,D&G&Wp,average,60,2596.02,0.79,00,00,01,00
Municipality_Structural_Damage,00_00_01_00,D&G&Wp,average,100,2887.0,0.43,00,00,01,00
Municipality_Structural_Damage,00_00_01_00,D&Wp,average,20,751.87,0.97,00,00,01,00
Municipality_Structural_Damage,00_00_01_00,D&Wp,average,60,2671.35,0.79,00,00,01,00
Municipality_Structural_Damage,00_00_01_00,D&Wp,average,100,2914.31,0.41,00,00,01,00
Municipality_Structural_Damage,00_00_01_00,G,average,20,772.82,0.97,00,00,01,00
Municipality_Structural_Damage,00_00_01_00,G,average,60,2445.36,0.8,00,00,01,00
Municipality_Structural_Damage,00_00_01_00,G,average,100,2832.36,0.49,00,00,01,00
Municipality_Structural_Damage,00_00_01_00,G&Wp,average,20,811.57,0.97,00,00,01,00
Municipality_Structural_Damage,00_00_01_00,G&Wp,average,60,2916.84,0.78,00,00,01,00
Municipality_Structural_Damage,00_00_01_00,G&Wp,average,100,3171.97,0.39,00,00,01,00
Municipality_Structural_Damage,00_00_01_00,Wp,average,20,850.32,0.97,00,00,01,00
Municipality_Structural_Damage,00_00_01_00,Wp,average,60,3388.32,0.77,00,00,01,00
Municipality_Structural_Damage,00_00_01_00,Wp,average,100,3511.58,0.34,00,00,01,00
Municipality_Structural_Damage,00_00_03_00,D,average,20,621.83,0.93,00,00,03,00
Municipality_Structural_Damage,00_00_03_00,D,average,60,1913.56,0.81,00,00,03,00
Municipality_Structural_Damage,00_00_03_00,D,average,100,2267.36,0.58,00,00,03,00
Municipality_Structural_Damage,00_00_03_00,D&G,average,20,679.31,0.93,00,00,03,00
Municipality_Structural_Damage,00_00_03_00,D&G,average,60,2149.8,0.79,00,00,03,00
Municipality_Structural_Damage,00_00_03_00,D&G,average,100,2518.46,0.52,00,00,03,00
Municipality_Structural_Damage,00_00_03_00,D&G&Wp,average,20,722.75,0.93,00,00,03,00
Municipality_Structural_Damage,00_00_03_00,D&G&Wp,average,60,2536.54,0.77,00,00,03,00
Municipality_Structural_Damage,00_00_03_00,D&G&Wp,average,100,2823.4,0.42,00,00,03,00
Municipality_Structural_Damage,00_00_03_00,D&Wp,average,20,715.72,0.92,00,00,03,00
Municipality_Structural_Damage,00_00_03_00,D&Wp,average,60,2611.79,0.77,00,00,03,00
Municipality_Structural_Damage,00_00_03_00,D&Wp,average,100,2850.32,0.4,00,00,03,00
Municipality_Structural_Damage,00_00_03_00,G,average,20,736.8,0.93,00,00,03,00
Municipality_Structural_Damage,00_00_03_00,G,average,60,2386.04,0.78,00,00,03,00
Municipality_Structural_Damage,00_00_03_00,G,average,100,2769.57,0.48,00,00,03,00
Municipality_Structural_Damage,00_00_03_00,G&Wp,average,20,773.21,0.92,00,00,03,00
Municipality_Structural_Damage,00_00_03_00,G&Wp,average,60,2848.03,0.76,00,00,03,00
Municipality_Structural_Damage,00_00_03_00,G&Wp,average,100,3101.43,0.39,00,00,03,00
Municipality_Structural_Damage,00_00_03_00,Wp,average,20,809.62,0.92,00,00,03,00
Municipality_Structural_Damage,00_00_03_00,Wp,average,60,3310.02,0.75,00,00,03,00
Municipality_Structural_Damage,00_00_03_00,Wp,average,100,3433.29,0.33,00,00,03,00
Municipality_Structural_Damage,00_00_05_00,D,average,20,192.89,0.29,00,00,05,00
Municipality_Structural_Damage,00_00_05_00,D,average,60,695.03,0.29,00,00,05,00
Municipality_Structural_Damage,00_00_05_00,D,average,100,738.99,0.19,00,00,05,00
Municipality_Structural_Damage,00_00_05_00,D&G,average,20,206.62,0.28,00,00,05,00
Municipality_Structural_Damage,00_00_05_00,D&G,average,60,752.67,0.28,00,00,05,00
Municipality_Structural_Damage,00_00_05_00,D&G,average,100,798.16,0.16,00,00,05,00
Municipality_Structural_Damage,00_00_05_00,D&G&Wp,average,20,211.33,0.27,00,00,05,00
Municipality_Structural_Damage,00_00_05_00,D&G&Wp,average,60,830.47,0.25,00,00,05,00
Municipality_Structural_Damage,00_00_05_00,D&G&Wp,average,100,873.4,0.13,00,00,05,00
Municipality_Structural_Damage,00_00_05_00,D&Wp,average,20,206.82,0.27,00,00,05,00
Municipality_Structural_Damage,00_00_05_00,D&Wp,average,60,840.55,0.25,00,00,05,00
Municipality_Structural_Damage,00_00_05_00,D&Wp,average,100,881.43,0.12,00,00,05,00
Municipality_Structural_Damage,00_00_05_00,G,average,20,220.34,0.28,00,00,05,00
Municipality_Structural_Damage,00_00_05_00,G,average,60,810.31,0.27,00,00,05,00
Municipality_Structural_Damage,00_00_05_00,G,average,100,857.34,0.15,00,00,05,00
Municipality_Structural_Damage,00_00_05_00,G&Wp,average,20,220.55,0.26,00,00,05,00
Municipality_Structural_Damage,00_00_05_00,G&Wp,average,60,898.19,0.24,00,00,05,00
Municipality_Structural_Damage,00_00_05_00,G&Wp,average,100,940.6,0.12,00,00,05,00
Municipality_Structural_Damage,00_00_05_00,Wp,average,20,220.76,0.25,00,00,05,00
Municipality_Structural_Damage,00_00_05_00,Wp,average,60,986.07,0.22,00,00,05,00
Municipality_Structural_Damage,00_00_05_00,Wp,average,100,1023.86,0.1,00,00,05,00
Municipality_Structural_Damage,00_00_07_00,D,average,20,217.41,0.32,00,00,07,00
Municipality_Structural_Damage,00_00_07_00,D,average,60,929.04,0.39,00,00,07,00
Municipality_Structural_Damage,00_00_07_00,D,average,100,1022.8,0.26,00,00,07,00
Municipality_Structural_Damage,00_00_07_00,D&G,average,20,231.74,0.32,00,00,07,00
Municipality_Structural_Damage,00_00_07_00,D&G,average,60,987.88,0.36,00,00,07,00
Municipality_Structural_Damage,00_00_07_00,D&G,average,100,1058.68,0.22,00,00,07,00
Municipality_Structural_Damage,00_00_07_00,D&G&Wp,average,20,235.99,0.3,00,00,07,00
Municipality_Structural_Damage,00_00_07_00,D&G&Wp,average,60,1073.29,0.33,00,00,07,00
Municipality_Structural_Damage,00_00_07_00,D&G&Wp,average,100,1137.91,0.17,00,00,07,00
Municipality_Structural_Damage,00_00_07_00,D&Wp,average,20,230.94,0.3,00,00,07,00
Municipality_Structural_Damage,00_00_07_00,D&Wp,average,60,1086.58,0.32,00,00,07,00
Municipality_Structural_Damage,00_00_07_00,D&Wp,average,100,1159.59,0.16,00,00,07,00
Municipality_Structural_Damage,00_00_07_00,G,average,20,246.07,0.31,00,00,07,00
Municipality_Structural_Damage,00_00_07_00,G,average,60,1046.72,0.34,00,00,07,00
Municipality_Structural_Damage,00_00_07_00,G,average,100,1094.55,0.19,00,00,07,00
Municipality_Structural_Damage,00_00_07_00,G&Wp,average,20,245.27,0.29,00,00,07,00
Municipality_Structural_Damage,00_00_07_00,G&Wp,average,60,1145.42,0.31,00,00,07,00
Municipality_Structural_Damage,00_00_07_00,G&Wp,average,100,1195.46,0.15,00,00,07,00
Municipality_Structural_Damage,00_00_07_00,Wp,average,20,244.48,0.28,00,00,07,00
Municipality_Structural_Damage,00_00_07_00,Wp,average,60,1244.12,0.28,00,00,07,00
Municipality_Structural_Damage,00_00_07_00,Wp,average,100,1296.38,0.13,00,00,07,00
Municipality_Structural_Damage,00_00_09_00,D,average,20,192.89,0.29,00,00,09,00
Municipality_Structural_Damage,00_00_09_00,D,average,60,652.63,0.28,00,00,09,00
Municipality_Structural_Damage,00_00_09_00,D,average,100,652.63,0.17,00,00,09,00
Municipality_Structural_Damage,00_00_09_00,D&G,average,20,206.62,0.28,00,00,09,00
Municipality_Structural_Damage,00_00_09_00,D&G,average,60,709.57,0.26,00,00,09,00
Municipality_Structural_Damage,00_00_09_00,D&G,average,100,709.57,0.15,00,00,09,00
Municipality_Structural_Damage,00_00_09_00,D&G&Wp,average,20,211.33,0.27,00,00,09,00
Municipality_Structural_Damage,00_00_09_00,D&G&Wp,average,60,779.37,0.24,00,00,09,00
Municipality_Structural_Damage,00_00_09_00,D&G&Wp,average,100,792.46,0.12,00,00,09,00
Municipality_Structural_Damage,00_00_09_00,D&Wp,average,20,206.82,0.27,00,00,09,00
Municipality_Structural_Damage,00_00_09_00,D&Wp,average,60,785.79,0.23,00,00,09,00
Municipality_Structural_Damage,00_00_09_00,D&Wp,average,100,805.43,0.11,00,00,09,00
Municipality_Structural_Damage,00_00_09_00,G,average,20,220.34,0.28,00,00,09,00
Municipality_Structural_Damage,00_00_09_00,G,average,60,766.51,0.25,00,00,09,00
Municipality_Structural_Damage,00_00_09_00,G,average,100,766.51,0.13,00,00,09,00
Municipality_Structural_Damage,00_00_09_00,G&Wp,average,20,220.55,0.26,00,00,09,00
Municipality_Structural_Damage,00_00_09_00,G&Wp,average,60,842.74,0.23,00,00,09,00
Municipality_Structural_Damage,00_00_09_00,G&Wp,average,100,862.37,0.11,00,00,09,00
Municipality_Structural_Damage,00_00_09_00,Wp,average,20,220.76,0.25,00,00,09,00
Municipality_Structural_Damage,00_00_09_00,Wp,average,60,918.96,0.21,00,00,09,00
Municipality_Structural_Damage,00_00_09_00,Wp,average,100,958.24,0.09,00,00,09,00
Municipality_Structural_Damage,00_00_11_00,D,average,20,669.49,1.0,00,00,11,00
Municipality_Structural_Damage,00_00_11_00,D,average,60,2127.48,0.9,00,00,11,00
Municipality_Structural_Damage,00_00_11_00,D,average,100,3017.74,0.77,00,00,11,00
Municipality_Structural_Damage,00_00_11_00,D&G,average,20,731.84,1.0,00,00,11,00
Municipality_Structural_Damage,00_00_11_00,D&G,average,60,2391.82,0.88,00,00,11,00
Municipality_Structural_Damage,00_00_11_00,D&G,average,100,3288.69,0.68,00,00,11,00
Municipality_Structural_Damage,00_00_11_00,D&G&Wp,average,20,779.57,1.0,00,00,11,00
Municipality_Structural_Damage,00_00_11_00,D&G&Wp,average,60,2849.39,0.87,00,00,11,00
Municipality_Structural_Damage,00_00_11_00,D&G&Wp,average,100,3841.08,0.58,00,00,11,00
Municipality_Structural_Damage,00_00_11_00,D&Wp,average,20,772.27,1.0,00,00,11,00
Municipality_Structural_Damage,00_00_11_00,D&Wp,average,60,2946.01,0.87,00,00,11,00
Municipality_Structural_Damage,00_00_11_00,D&Wp,average,100,3981.79,0.56,00,00,11,00
Municipality_Structural_Damage,00_00_11_00,G,average,20,794.18,1.0,00,00,11,00
Municipality_Structural_Damage,00_00_11_00,G,average,60,2656.17,0.87,00,00,11,00
Municipality_Structural_Damage,00_00_11_00,G,average,100,3559.65,0.61,00,00,11,00
Municipality_Structural_Damage,00_00_11_00,G&Wp,average,20,834.61,1.0,00,00,11,00
Municipality_Structural_Damage,00_00_11_00,G&Wp,average,60,3210.35,0.86,00,00,11,00
Municipality_Structural_Damage,00_00_11_00,G&Wp,average,100,4252.74,0.53,00,00,11,00
Municipality_Structural_Damage,00_00_11_00,Wp,average,20,875.05,1.0,00,00,11,00
Municipality_Structural_Damage,00_00_11_00,Wp,average,60,3764.53,0.85,00,00,11,00
Municipality_Structural_Damage,00_00_11_00,Wp,average,100,4945.84,0.48,00,00,11,00
Municipality_Structural_Damage,00_00_13_00,D,average,20,622.76,0.93,00,00,13,00
Municipality_Structural_Damage,00_00_13_00,D,average,60,1921.74,0.81,00,00,13,00
Municipality_Structural_Damage,00_00_13_00,D,average,100,2554.64,0.65,00,00,13,00
Municipality_Structural_Damage,00_00_13_00,D&G,average,20,680.47,0.93,00,00,13,00
Municipality_Structural_Damage,00_00_13_00,D&G,average,60,2178.16,0.8,00,00,13,00
Municipality_Structural_Damage,00_00_13_00,D&G,average,100,2799.18,0.58,00,00,13,00
Municipality_Structural_Damage,00_00_13_00,D&G&Wp,average,20,724.16,0.93,00,00,13,00
Municipality_Structural_Damage,00_00_13_00,D&G&Wp,average,60,2531.42,0.77,00,00,13,00
Municipality_Structural_Damage,00_00_13_00,D&G&Wp,average,100,3053.77,0.46,00,00,13,00
Municipality_Structural_Damage,00_00_13_00,D&Wp,average,20,717.14,0.93,00,00,13,00
Municipality_Structural_Damage,00_00_13_00,D&Wp,average,60,2579.84,0.76,00,00,13,00
Municipality_Structural_Damage,00_00_13_00,D&Wp,average,100,3058.8,0.43,00,00,13,00
Municipality_Structural_Damage,00_00_13_00,G,average,20,738.18,0.93,00,00,13,00
Municipality_Structural_Damage,00_00_13_00,G,average,60,2434.58,0.8,00,00,13,00
Municipality_Structural_Damage,00_00_13_00,G,average,100,3043.73,0.53,00,00,13,00
Municipality_Structural_Damage,00_00_13_00,G&Wp,average,20,774.85,0.93,00,00,13,00
Municipality_Structural_Damage,00_00_13_00,G&Wp,average,60,2836.26,0.76,00,00,13,00
Municipality_Structural_Damage,00_00_13_00,G&Wp,average,100,3303.34,0.41,00,00,13,00
Municipality_Structural_Damage,00_00_13_00,Wp,average,20,811.52,0.93,00,00,13,00
Municipality_Structural_Damage,00_00_13_00,Wp,average,60,3237.93,0.73,00,00,13,00
Municipality_Structural_Damage,00_00_13_00,Wp,average,100,3562.95,0.35,00,00,13,00
Municipality_Structural_Damage,01_00_00_00,D,average,20,670.52,1.0,01,00,00,00
Municipality_Structural_Damage,01_00_00_00,D,average,60,2363.56,1.0,01,00,00,00
Municipality_Structural_Damage,01_00_00_00,D,average,100,3845.01,0.98,01,00,00,00
Municipality_Structural_Damage,01_00_00_00,D&G,average,20,733.12,1.0,01,00,00,00
Municipality_Structural_Damage,01_00_00_00,D&G,average,60,2708.88,1.0,01,00,00,00
Municipality_Structural_Damage,01_00_00_00,D&G,average,100,4447.2,0.92,01,00,00,00
Municipality_Structural_Damage,01_00_00_00,D&G&Wp,average,20,781.14,1.0,01,00,00,00
Municipality_Structural_Damage,01_00_00_00,D&G&Wp,average,60,3121.92,0.95,01,00,00,00
Municipality_Structural_Damage,01_00_00_00,D&G&Wp,average,100,4766.16,0.71,01,00,00,00
Municipality_Structural_Damage,01_00_00_00,D&Wp,average,20,773.84,1.0,01,00,00,00
Municipality_Structural_Damage,01_00_00_00,D&Wp,average,60,3155.78,0.93,01,00,00,00
Municipality_Structural_Damage,01_00_00_00,D&Wp,average,100,4624.55,0.65,01,00,00,00
Municipality_Structural_Damage,01_00_00_00,G,average,20,795.72,1.0,01,00,00,00
Municipality_Structural_Damage,01_00_00_00,G,average,60,3054.21,1.0,01,00,00,00
Municipality_Structural_Damage,01_00_00_00,G,average,100,5049.38,0.87,01,00,00,00
Municipality_Structural_Damage,01_00_00_00,G&Wp,average,20,836.45,1.0,01,00,00,00
Municipality_Structural_Damage,01_00_00_00,G&Wp,average,60,3501.1,0.94,01,00,00,00
Municipality_Structural_Damage,01_00_00_00,G&Wp,average,100,5226.73,0.65,01,00,00,00
Municipality_Structural_Damage,01_00_00_00,Wp,average,20,877.17,1.0,01,00,00,00
Municipality_Structural_Damage,01_00_00_00,Wp,average,60,3948.0,0.89,01,00,00,00
Municipality_Structural_Damage,01_00_00_00,Wp,average,100,5404.09,0.52,01,00,00,00
Municipality_Structural_Damage,01_00_01_00,D,average,20,653.42,0.97,01,00,01,00
Municipality_Structural_Damage,01_00_01_00,D,average,60,1954.39,0.83,01,00,01,00
Municipality_Structural_Damage,01_00_01_00,D,average,100,2293.42,0.58,01,00,01,00
Municipality_Structural_Damage,01_00_01_00,D&G,average,20,713.12,0.97,01,00,01,00
Municipality_Structural_Damage,01_00_01_00,D&G,average,60,2199.87,0.81,01,00,01,00
Municipality_Structural_Damage,01_00_01_00,D&G,average,100,2523.64,0.52,01,00,01,00
Municipality_Structural_Damage,01_00_01_00,D&G&Wp,average,20,758.85,0.97,01,00,01,00
Municipality_Structural_Damage,01_00_01_00,D&G&Wp,average,60,2571.88,0.78,01,00,01,00
Municipality_Structural_Damage,01_00_01_00,D&G&Wp,average,100,2828.81,0.42,01,00,01,00
Municipality_Structural_Damage,01_00_01_00,D&Wp,average,20,751.87,0.97,01,00,01,00
Municipality_Structural_Damage,01_00_01_00,D&Wp,average,60,2635.14,0.78,01,00,01,00
Municipality_Structural_Damage,01_00_01_00,D&Wp,average,100,2866.29,0.4,01,00,01,00
Municipality_Structural_Damage,01_00_01_00,G,average,20,772.82,0.97,01,00,01,00
Municipality_Structural_Damage,01_00_01_00,G,average,60,2445.36,0.8,01,00,01,00
Municipality_Structural_Damage,01_00_01_00,G,average,100,2753.85,0.48,01,00,01,00
Municipality_Structural_Damage,01_00_01_00,G&Wp,average,20,811.57,0.97,01,00,01,00
Municipality_Structural_Damage,01_00_01_00,G&Wp,average,60,2880.62,0.77,01,00,01,00
Municipality_Structural_Damage,01_00_01_00,G&Wp,average,100,3096.5,0.38,01,00,01,00
Municipality_Structural_Damage,01_00_01_00,Wp,average,20,850.32,0.97,01,00,01,00
Municipality_Structural_Damage,01_00_01_00,Wp,average,60,3315.89,0.75,01,00,01,00
Municipality_Structural_Damage,01_00_01_00,Wp,average,100,3439.15,0.33,01,00,01,00
Municipality_Structural_Damage,01_00_03_00,D,average,20,621.83,0.93,01,00,03,00
Municipality_Structural_Damage,01_00_03_00,D,average,60,1913.56,0.81,01,00,03,00
Municipality_Structural_Damage,01_00_03_00,D,average,100,2243.73,0.57,01,00,03,00
Municipality_Structural_Damage,01_00_03_00,D&G,average,20,679.31,0.93,01,00,03,00
Municipality_Structural_Damage,01_00_03_00,D&G,average,60,2149.8,0.79,01,00,03,00
Municipality_Structural_Damage,01_00_03_00,D&G,average,100,2467.4,0.51,01,00,03,00
Municipality_Structural_Damage,01_00_03_00,D&G&Wp,average,20,722.75,0.93,01,00,03,00
Municipality_Structural_Damage,01_00_03_00,D&G&Wp,average,60,2512.4,0.77,01,00,03,00
Municipality_Structural_Damage,01_00_03_00,D&G&Wp,average,100,2765.22,0.41,01,00,03,00
Municipality_Structural_Damage,01_00_03_00,D&Wp,average,20,715.72,0.92,01,00,03,00
Municipality_Structural_Damage,01_00_03_00,D&Wp,average,60,2575.58,0.76,01,00,03,00
Municipality_Structural_Damage,01_00_03_00,D&Wp,average,100,2802.3,0.39,01,00,03,00
Municipality_Structural_Damage,01_00_03_00,G,average,20,736.8,0.93,01,00,03,00
Municipality_Structural_Damage,01_00_03_00,G,average,60,2386.04,0.78,01,00,03,00
Municipality_Structural_Damage,01_00_03_00,G,average,100,2691.06,0.46,01,00,03,00
Municipality_Structural_Damage,01_00_03_00,G&Wp,average,20,773.21,0.92,01,00,03,00
Municipality_Structural_Damage,01_00_03_00,G&Wp,average,60,2811.82,0.75,01,00,03,00
Municipality_Structural_Damage,01_00_03_00,G&Wp,average,100,3025.96,0.38,01,00,03,00
Municipality_Structural_Damage,01_00_03_00,Wp,average,20,809.62,0.92,01,00,03,00
Municipality_Structural_Damage,01_00_03_00,Wp,average,60,3237.59,0.73,01,00,03,00
Municipality_Structural_Damage,01_00_03_00,Wp,average,100,3360.86,0.33,01,00,03,00
Municipality_Structural_Damage,01_00_05_00,D,average,20,192.89,0.29,01,00,05,00
Municipality_Structural_Damage,01_00_05_00,D,average,60,695.03,0.29,01,00,05,00
Municipality_Structural_Damage,01_00_05_00,D,average,100,738.99,0.19,01,00,05,00
Municipality_Structural_Damage,01_00_05_00,D&G,average,20,206.62,0.28,01,00,05,00
Municipality_Structural_Damage,01_00_05_00,D&G,average,60,752.67,0.28,01,00,05,00
Municipality_Structural_Damage,01_00_05_00,D&G,average,100,798.16,0.16,01,00,05,00
Municipality_Structural_Damage,01_00_05_00,D&G&Wp,average,20,211.33,0.27,01,00,05,00
Municipality_Structural_Damage,01_00_05_00,D&G&Wp,average,60,830.47,0.25,01,00,05,00
Municipality_Structural_Damage,01_00_05_00,D&G&Wp,average,100,873.4,0.13,01,00,05,00
Municipality_Structural_Damage,01_00_05_00,D&Wp,average,20,206.82,0.27,01,00,05,00
Municipality_Structural_Damage,01_00_05_00,D&Wp,average,60,840.55,0.25,01,00,05,00
Municipality_Structural_Damage,01_00_05_00,D&Wp,average,100,881.43,0.12,01,00,05,00
Municipality_Structural_Damage,01_00_05_00,G,average,20,220.34,0.28,01,00,05,00
Municipality_Structural_Damage,01_00_05_00,G,average,60,810.31,0.27,01,00,05,00
Municipality_Structural_Damage,01_00_05_00,G,average,100,857.34,0.15,01,00,05,00
Municipality_Structural_Damage,01_00_05_00,G&Wp,average,20,220.55,0.26,01,00,05,00
Municipality_Structural_Damage,01_00_05_00,G&Wp,average,60,898.19,0.24,01,00,05,00
Municipality_Structural_Damage,01_00_05_00,G&Wp,average,100,940.6,0.12,01,00,05,00
Municipality_Structural_Damage,01_00_05_00,Wp,average,20,220.76,0.25,01,00,05,00
Municipality_Structural_Damage,01_00_05_00,Wp,average,60,986.07,0.22,01,00,05,00
Municipality_Structural_Damage,01_00_05_00,Wp,average,100,1023.86,0.1,01,00,05,00
Municipality_Structural_Damage,01_00_07_00,D,average,20,217.04,0.32,01,00,07,00
Municipality_Structural_Damage,01_00_07_00,D,average,60,932.66,0.39,01,00,07,00
Municipality_Structural_Damage,01_00_07_00,D,average,100,1043.9,0.27,01,00,07,00
Municipality_Structural_Damage,01_00_07_00,D&G,average,20,230.86,0.31,01,00,07,00
Municipality_Structural_Damage,01_00_07_00,D&G,average,60,990.64,0.37,01,00,07,00
Municipality_Structural_Damage,01_00_07_00,D&G,average,100,1070.18,0.22,01,00,07,00
Municipality_Structural_Damage,01_00_07_00,D&G&Wp,average,20,235.9,0.3,01,00,07,00
Municipality_Structural_Damage,01_00_07_00,D&G&Wp,average,60,1074.76,0.33,01,00,07,00
Municipality_Structural_Damage,01_00_07_00,D&G&Wp,average,100,1145.67,0.17,01,00,07,00
Municipality_Structural_Damage,01_00_07_00,D&Wp,average,20,231.52,0.3,01,00,07,00
Municipality_Structural_Damage,01_00_07_00,D&Wp,average,60,1087.84,0.32,01,00,07,00
Municipality_Structural_Damage,01_00_07_00,D&Wp,average,100,1170.27,0.16,01,00,07,00
Municipality_Structural_Damage,01_00_07_00,G,average,20,244.68,0.31,01,00,07,00
Municipality_Structural_Damage,01_00_07_00,G,average,60,1048.61,0.34,01,00,07,00
Municipality_Structural_Damage,01_00_07_00,G,average,100,1096.46,0.19,01,00,07,00
Municipality_Structural_Damage,01_00_07_00,G&Wp,average,20,245.34,0.29,01,00,07,00
Municipality_Structural_Damage,01_00_07_00,G&Wp,average,60,1145.82,0.31,01,00,07,00
Municipality_Structural_Damage,01_00_07_00,G&Wp,average,100,1196.55,0.15,01,00,07,00
Municipality_Structural_Damage,01_00_07_00,Wp,average,20,246.0,0.28,01,00,07,00
Municipality_Structural_Damage,01_00_07_00,Wp,average,60,1243.02,0.28,01,00,07,00
Municipality_Structural_Damage,01_00_07_00,Wp,average,100,1296.65,0.13,01,00,07,00
Municipality_Structural_Damage,01_00_09_00,D,average,20,192.89,0.29,01,00,09,00
Municipality_Structural_Damage,01_00_09_00,D,average,60,652.63,0.28,01,00,09,00
Municipality_Structural_Damage,01_00_09_00,D,average,100,652.63,0.17,01,00,09,00
Municipality_Structural_Damage,01_00_09_00,D&G,average,20,206.62,0.28,01,00,09,00
Municipality_Structural_Damage,01_00_09_00,D&G,average,60,709.57,0.26,01,00,09,00
Municipality_Structural_Damage,01_00_09_00,D&G,average,100,709.57,0.15,01,00,09,00
Municipality_Structural_Damage,01_00_09_00,D&G&Wp,average,20,211.33,0.27,01,00,09,00
Municipality_Structural_Damage,01_00_09_00,D&G&Wp,average,60,779.37,0.24,01,00,09,00
Municipality_Structural_Damage,01_00_09_00,D&G&Wp,average,100,792.46,0.12,01,00,09,00
Municipality_Structural_Damage,01_00_09_00,D&Wp,average,20,206.82,0.27,01,00,09,00
Municipality_Structural_Damage,01_00_09_00,D&Wp,average,60,785.79,0.23,01,00,09,00
Municipality_Structural_Damage,01_00_09_00,D&Wp,average,100,805.43,0.11,01,00,09,00
Municipality_Structural_Damage,01_00_09_00,G,average,20,220.34,0.28,01,00,09,00
Municipality_Structural_Damage,01_00_09_00,G,average,60,766.51,0.25,01,00,09,00
Municipality_Structural_Damage,01_00_09_00,G,average,100,766.51,0.13,01,00,09,00
Municipality_Structural_Damage,01_00_09_00,G&Wp,average,20,220.55,0.26,01,00,09,00
Municipality_Structural_Damage,01_00_09_00,G&Wp,average,60,842.74,0.23,01,00,09,00
Municipality_Structural_Damage,01_00_09_00,G&Wp,average,100,862.37,0.11,01,00,09,00
Municipality_Structural_Damage,01_00_09_00,Wp,average,20,220.76,0.25,01,00,09,00
Municipality_Structural_Damage,01_00_09_00,Wp,average,60,918.96,0.21,01,00,09,00
Municipality_Structural_Damage,01_00_09_00,Wp,average,100,958.24,0.09,01,00,09,00
Municipality_Structural_Damage,01_00_11_00,D,average,20,669.49,1.0,01,00,11,00
Municipality_Structural_Damage,01_00_11_00,D,average,60,2127.48,0.9,01,00,11,00
Municipality_Structural_Damage,01_00_11_00,D,average,100,2994.12,0.76,01,00,11,00
Municipality_Structural_Damage,01_00_11_00,D&G,average,20,731.84,1.0,01,00,11,00
Municipality_Structural_Damage,01_00_11_00,D&G,average,60,2391.82,0.88,01,00,11,00
Municipality_Structural_Damage,01_00_11_00,D&G,average,100,3214.91,0.66,01,00,11,00
Municipality_Structural_Damage,01_00_11_00,D&G&Wp,average,20,779.57,1.0,01,00,11,00
Municipality_Structural_Damage,01_00_11_00,D&G&Wp,average,60,2824.14,0.86,01,00,11,00
Municipality_Structural_Damage,01_00_11_00,D&G&Wp,average,100,3543.55,0.53,01,00,11,00
Municipality_Structural_Damage,01_00_11_00,D&Wp,average,20,772.27,1.0,01,00,11,00
Municipality_Structural_Damage,01_00_11_00,D&Wp,average,60,2908.12,0.86,01,00,11,00
Municipality_Structural_Damage,01_00_11_00,D&Wp,average,100,3597.47,0.51,01,00,11,00
Municipality_Structural_Damage,01_00_11_00,G,average,20,794.18,1.0,01,00,11,00
Municipality_Structural_Damage,01_00_11_00,G,average,60,2656.17,0.87,01,00,11,00
Municipality_Structural_Damage,01_00_11_00,G,average,100,3435.71,0.59,01,00,11,00
Municipality_Structural_Damage,01_00_11_00,G&Wp,average,20,834.61,1.0,01,00,11,00
Municipality_Structural_Damage,01_00_11_00,G&Wp,average,60,3172.46,0.85,01,00,11,00
Municipality_Structural_Damage,01_00_11_00,G&Wp,average,100,3818.26,0.47,01,00,11,00
Municipality_Structural_Damage,01_00_11_00,Wp,average,20,875.05,1.0,01,00,11,00
Municipality_Structural_Damage,01_00_11_00,Wp,average,60,3688.76,0.84,01,00,11,00
Municipality_Structural_Damage,01_00_11_00,Wp,average,100,4200.82,0.41,01,00,11,00
Municipality_Structural_Damage,01_00_13_00,D,average,20,622.76,0.93,01,00,13,00
Municipality_Structural_Damage,01_00_13_00,D,average,60,1921.47,0.81,01,00,13,00
Municipality_Structural_Damage,01_00_13_00,D,average,100,2518.0,0.64,01,00,13,00
Municipality_Structural_Damage,01_00_13_00,D&G,average,20,680.47,0.93,01,00,13,00
Municipality_Structural_Damage,01_00_13_00,D&G,average,60,2177.27,0.8,01,00,13,00
Municipality_Structural_Damage,01_00_13_00,D&G,average,100,2729.87,0.56,01,00,13,00
Municipality_Structural_Damage,01_00_13_00,D&G&Wp,average,20,724.16,0.93,01,00,13,00
Municipality_Structural_Damage,01_00_13_00,D&G&Wp,average,60,2507.2,0.76,01,00,13,00
Municipality_Structural_Damage,01_00_13_00,D&G&Wp,average,100,2953.21,0.44,01,00,13,00
Municipality_Structural_Damage,01_00_13_00,D&Wp,average,20,717.14,0.93,01,00,13,00
Municipality_Structural_Damage,01_00_13_00,D&Wp,average,60,2544.26,0.75,01,00,13,00
Municipality_Structural_Damage,01_00_13_00,D&Wp,average,100,2958.95,0.42,01,00,13,00
Municipality_Structural_Damage,01_00_13_00,G,average,20,738.18,0.93,01,00,13,00
Municipality_Structural_Damage,01_00_13_00,G,average,60,2433.07,0.8,01,00,13,00
Municipality_Structural_Damage,01_00_13_00,G,average,100,2941.74,0.51,01,00,13,00
Municipality_Structural_Damage,01_00_13_00,G&Wp,average,20,774.85,0.93,01,00,13,00
Municipality_Structural_Damage,01_00_13_00,G&Wp,average,60,2800.06,0.75,01,00,13,00
Municipality_Structural_Damage,01_00_13_00,G&Wp,average,100,3170.82,0.39,01,00,13,00
Municipality_Structural_Damage,01_00_13_00,Wp,average,20,811.52,0.93,01,00,13,00
Municipality_Structural_Damage,01_00_13_00,Wp,average,60,3167.05,0.72,01,00,13,00
Municipality_Structural_Damage,01_00_13_00,Wp,average,100,3399.9,0.33,01,00,13,00
Municipality_Structural_Damage,03_00_00_00,D,average,20,670.52,1.0,03,00,00,00
Municipality_Structural_Damage,03_00_00_00,D,average,60,2363.56,1.0,03,00,00,00
Municipality_Structural_Damage,03_00_00_00,D,average,100,3845.01,0.98,03,00,00,00
Municipality_Structural_Damage,03_00_00_00,D&G,average,20,733.12,1.0,03,00,00,00
Municipality_Structural_Damage,03_00_00_00,D&G,average,60,2708.88,1.0,03,00,00,00
Municipality_Structural_Damage,03_00_00_00,D&G,average,100,4447.2,0.92,03,00,00,00
Municipality_Structural_Damage,03_00_00_00,D&G&Wp,average,20,781.14,1.0,03,00,00,00
Municipality_Structural_Damage,03_00_00_00,D&G&Wp,average,60,3133.25,0.96,03,00,00,00
Municipality_Structural_Damage,03_00_00_00,D&G&Wp,average,100,4914.14,0.74,03,00,00,00
Municipality_Structural_Damage,03_00_00_00,D&Wp,average,20,773.84,1.0,03,00,00,00
Municipality_Structural_Damage,03_00_00_00,D&Wp,average,60,3172.76,0.94,03,00,00,00
Municipality_Structural_Damage,03_00_00_00,D&Wp,average,100,4846.51,0.68,03,00,00,00
Municipality_Structural_Damage,03_00_00_00,G,average,20,795.72,1.0,03,00,00,00
Municipality_Structural_Damage,03_00_00_00,G,average,60,3054.21,1.0,03,00,00,00
Municipality_Structural_Damage,03_00_00_00,G,average,100,5049.38,0.87,03,00,00,00
Municipality_Structural_Damage,03_00_00_00,G&Wp,average,20,836.45,1.0,03,00,00,00
Municipality_Structural_Damage,03_00_00_00,G&Wp,average,60,3518.09,0.94,03,00,00,00
Municipality_Structural_Damage,03_00_00_00,G&Wp,average,100,5448.7,0.68,03,00,00,00
Municipality_Structural_Damage,03_00_00_00,Wp,average,20,877.17,1.0,03,00,00,00
Municipality_Structural_Damage,03_00_00_00,Wp,average,60,3981.97,0.9,03,00,00,00
Municipality_Structural_Damage,03_00_00_00,Wp,average,100,5848.02,0.57,03,00,00,00
Municipality_Structural_Damage,03_00_01_00,D,average,20,653.42,0.97,03,00,01,00
Municipality_Structural_Damage,03_00_01_00,D,average,60,1954.39,0.83,03,00,01,00
Municipality_Structural_Damage,03_00_01_00,D,average,100,2293.42,0.58,03,00,01,00
Municipality_Structural_Damage,03_00_01_00,D&G,average,20,713.12,0.97,03,00,01,00
Municipality_Structural_Damage,03_00_01_00,D&G,average,60,2199.87,0.81,03,00,01,00
Municipality_Structural_Damage,03_00_01_00,D&G,average,100,2523.64,0.52,03,00,01,00
Municipality_Structural_Damage,03_00_01_00,D&G&Wp,average,20,758.85,0.97,03,00,01,00
Municipality_Structural_Damage,03_00_01_00,D&G&Wp,average,60,2581.92,0.79,03,00,01,00
Municipality_Structural_Damage,03_00_01_00,D&G&Wp,average,100,2838.85,0.43,03,00,01,00
Municipality_Structural_Damage,03_00_01_00,D&Wp,average,20,751.87,0.97,03,00,01,00
Municipality_Structural_Damage,03_00_01_00,D&Wp,average,60,2650.2,0.78,03,00,01,00
Municipality_Structural_Damage,03_00_01_00,D&Wp,average,100,2881.35,0.41,03,00,01,00
Municipality_Structural_Damage,03_00_01_00,G,average,20,772.82,0.97,03,00,01,00
Municipality_Structural_Damage,03_00_01_00,G,average,60,2445.36,0.8,03,00,01,00
Municipality_Structural_Damage,03_00_01_00,G,average,100,2753.85,0.48,03,00,01,00
Municipality_Structural_Damage,03_00_01_00,G&Wp,average,20,811.57,0.97,03,00,01,00
Municipality_Structural_Damage,03_00_01_00,G&Wp,average,60,2895.68,0.78,03,00,01,00
Municipality_Structural_Damage,03_00_01_00,G&Wp,average,100,3111.56,0.39,03,00,01,00
Municipality_Structural_Damage,03_00_01_00,Wp,average,20,850.32,0.97,03,00,01,00
Municipality_Structural_Damage,03_00_01_00,Wp,average,60,3346.01,0.76,03,00,01,00
Municipality_Structural_Damage,03_00_01_00,Wp,average,100,3469.28,0.34,03,00,01,00
Municipality_Structural_Damage,03_00_03_00,D,average,20,621.83,0.93,03,00,03,00
Municipality_Structural_Damage,03_00_03_00,D,average,60,1913.56,0.81,03,00,03,00
Municipality_Structural_Damage,03_00_03_00,D,average,100,2243.73,0.57,03,00,03,00
Municipality_Structural_Damage,03_00_03_00,D&G,average,20,679.31,0.93,03,00,03,00
Municipality_Structural_Damage,03_00_03_00,D&G,average,60,2149.8,0.79,03,00,03,00
Municipality_Structural_Damage,03_00_03_00,D&G,average,100,2467.4,0.51,03,00,03,00
Municipality_Structural_Damage,03_00_03_00,D&G&Wp,average,20,722.75,0.93,03,00,03,00
Municipality_Structural_Damage,03_00_03_00,D&G&Wp,average,60,2522.44,0.77,03,00,03,00
Municipality_Structural_Damage,03_00_03_00,D&G&Wp,average,100,2775.26,0.42,03,00,03,00
Municipality_Structural_Damage,03_00_03_00,D&Wp,average,20,715.72,0.92,03,00,03,00
Municipality_Structural_Damage,03_00_03_00,D&Wp,average,60,2590.64,0.76,03,00,03,00
Municipality_Structural_Damage,03_00_03_00,D&Wp,average,100,2817.36,0.4,03,00,03,00
Municipality_Structural_Damage,03_00_03_00,G,average,20,736.8,0.93,03,00,03,00
Municipality_Structural_Damage,03_00_03_00,G,average,60,2386.04,0.78,03,00,03,00
Municipality_Structural_Damage,03_00_03_00,G,average,100,2691.06,0.46,03,00,03,00
Municipality_Structural_Damage,03_00_03_00,G&Wp,average,20,773.21,0.92,03,00,03,00
Municipality_Structural_Damage,03_00_03_00,G&Wp,average,60,2826.88,0.76,03,00,03,00
Municipality_Structural_Damage,03_00_03_00,G&Wp,average,100,3041.02,0.38,03,00,03,00
Municipality_Structural_Damage,03_00_03_00,Wp,average,20,809.62,0.92,03,00,03,00
Municipality_Structural_Damage,03_00_03_00,Wp,average,60,3267.72,0.74,03,00,03,00
Municipality_Structural_Damage,03_00_03_00,Wp,average,100,3390.98,0.33,03,00,03,00
Municipality_Structural_Damage,03_00_05_00,D,average,20,192.89,0.29,03,00,05,00
Municipality_Structural_Damage,03_00_05_00,D,average,60,695.03,0.29,03,00,05,00
Municipality_Structural_Damage,03_00_05_00,D,average,100,738.99,0.19,03,00,05,00
Municipality_Structural_Damage,03_00_05_00,D&G,average,20,206.62,0.28,03,00,05,00
Municipality_Structural_Damage,03_00_05_00,D&G,average,60,752.67,0.28,03,00,05,00
Municipality_Structural_Damage,03_00_05_00,D&G,average,100,798.16,0.16,03,00,05,00
Municipality_Structural_Damage,03_00_05_00,D&G&Wp,average,20,211.33,0.27,03,00,05,00
Municipality_Structural_Damage,03_00_05_00,D&G&Wp,average,60,830.47,0.25,03,00,05,00
Municipality_Structural_Damage,03_00_05_00,D&G&Wp,average,100,873.4,0.13,03,00,05,00
Municipality_Structural_Damage,03_00_05_00,D&Wp,average,20,206.82,0.27,03,00,05,00
Municipality_Structural_Damage,03_00_05_00,D&Wp,average,60,840.55,0.25,03,00,05,00
Municipality_Structural_Damage,03_00_05_00,D&Wp,average,100,881.43,0.12,03,00,05,00
Municipality_Structural_Damage,03_00_05_00,G,average,20,220.34,0.28,03,00,05,00
Municipality_Structural_Damage,03_00_05_00,G,average,60,810.31,0.27,03,00,05,00
Municipality_Structural_Damage,03_00_05_00,G,average,100,857.34,0.15,03,00,05,00
Municipality_Structural_Damage,03_00_05_00,G&Wp,average,20,220.55,0.26,03,00,05,00
Municipality_Structural_Damage,03_00_05_00,G&Wp,average,60,898.19,0.24,03,00,05,00
Municipality_Structural_Damage,03_00_05_00,G&Wp,average,100,940.6,0.12,03,00,05,00
Municipality_Structural_Damage,03_00_05_00,Wp,average,20,220.76,0.25,03,00,05,00
Municipality_Structural_Damage,03_00_05_00,Wp,average,60,986.07,0.22,03,00,05,00
Municipality_Structural_Damage,03_00_05_00,Wp,average,100,1023.86,0.1,03,00,05,00
Municipality_Structural_Damage,03_00_07_00,D,average,20,216.56,0.32,03,00,07,00
Municipality_Structural_Damage,03_00_07_00,D,average,60,932.94,0.39,03,00,07,00
Municipality_Structural_Damage,03_00_07_00,D,average,100,1021.52,0.26,03,00,07,00
Municipality_Structural_Damage,03_00_07_00,D&G,average,20,230.97,0.32,03,00,07,00
Municipality_Structural_Damage,03_00_07_00,D&G,average,60,990.61,0.37,03,00,07,00
Municipality_Structural_Damage,03_00_07_00,D&G,average,100,1058.77,0.22,03,00,07,00
Municipality_Structural_Damage,03_00_07_00,D&G&Wp,average,20,235.99,0.3,03,00,07,00
Municipality_Structural_Damage,03_00_07_00,D&G&Wp,average,60,1074.68,0.33,03,00,07,00
Municipality_Structural_Damage,03_00_07_00,D&G&Wp,average,100,1138.53,0.17,03,00,07,00
Municipality_Structural_Damage,03_00_07_00,D&Wp,average,20,231.3,0.3,03,00,07,00
Municipality_Structural_Damage,03_00_07_00,D&Wp,average,60,1087.88,0.32,03,00,07,00
Municipality_Structural_Damage,03_00_07_00,D&Wp,average,100,1159.79,0.16,03,00,07,00
Municipality_Structural_Damage,03_00_07_00,G,average,20,245.38,0.31,03,00,07,00
Municipality_Structural_Damage,03_00_07_00,G,average,60,1048.28,0.34,03,00,07,00
Municipality_Structural_Damage,03_00_07_00,G,average,100,1096.01,0.19,03,00,07,00
Municipality_Structural_Damage,03_00_07_00,G&Wp,average,20,245.71,0.29,03,00,07,00
Municipality_Structural_Damage,03_00_07_00,G&Wp,average,60,1145.55,0.31,03,00,07,00
Municipality_Structural_Damage,03_00_07_00,G&Wp,average,100,1197.04,0.15,03,00,07,00
Municipality_Structural_Damage,03_00_07_00,Wp,average,20,246.03,0.28,03,00,07,00
Municipality_Structural_Damage,03_00_07_00,Wp,average,60,1242.82,0.28,03,00,07,00
Municipality_Structural_Damage,03_00_07_00,Wp,average,100,1298.06,0.13,03,00,07,00
Municipality_Structural_Damage,03_00_09_00,D,average,20,192.89,0.29,03,00,09,00
Municipality_Structural_Damage,03_00_09_00,D,average,60,652.63,0.28,03,00,09,00
Municipality_Structural_Damage,03_00_09_00,D,average,100,652.63,0.17,03,00,09,00
Municipality_Structural_Damage,03_00_09_00,D&G,average,20,206.62,0.28,03,00,09,00
Municipality_Structural_Damage,03_00_09_00,D&G,average,60,709.57,0.26,03,00,09,00
Municipality_Structural_Damage,03_00_09_00,D&G,average,100,709.57,0.15,03,00,09,00
Municipality_Structural_Damage,03_00_09_00,D&G&Wp,average,20,211.33,0.27,03,00,09,00
Municipality_Structural_Damage,03_00_09_00,D&G&Wp,average,60,779.37,0.24,03,00,09,00
Municipality_Structural_Damage,03_00_09_00,D&G&Wp,average,100,792.46,0.12,03,00,09,00
Municipality_Structural_Damage,03_00_09_00,D&Wp,average,20,206.82,0.27,03,00,09,00
Municipality_Structural_Damage,03_00_09_00,D&Wp,average,60,785.79,0.23,03,00,09,00
Municipality_Structural_Damage,03_00_09_00,D&Wp,average,100,805.43,0.11,03,00,09,00
Municipality_Structural_Damage,03_00_09_00,G,average,20,220.34,0.28,03,00,09,00
Municipality_Structural_Damage,03_00_09_00,G,average,60,766.51,0.25,03,00,09,00
Municipality_Structural_Damage,03_00_09_00,G,average,100,766.51,0.13,03,00,09,00
Municipality_Structural_Damage,03_00_09_00,G&Wp,average,20,220.55,0.26,03,00,09,00
Municipality_Structural_Damage,03_00_09_00,G&Wp,average,60,842.74,0.23,03,00,09,00
Municipality_Structural_Damage,03_00_09_00,G&Wp,average,100,862.37,0.11,03,00,09,00
Municipality_Structural_Damage,03_00_09_00,Wp,average,20,220.76,0.25,03,00,09,00
Municipality_Structural_Damage,03_00_09_00,Wp,average,60,918.96,0.21,03,00,09,00
Municipality_Structural_Damage,03_00_09_00,Wp,average,100,958.24,0.09,03,00,09,00
Municipality_Structural_Damage,03_00_11_00,D,average,20,669.49,1.0,03,00,11,00
Municipality_Structural_Damage,03_00_11_00,D,average,60,2127.48,0.9,03,00,11,00
Municipality_Structural_Damage,03_00_11_00,D,average,100,2994.12,0.76,03,00,11,00
Municipality_Structural_Damage,03_00_11_00,D&G,average,20,731.84,1.0,03,00,11,00
Municipality_Structural_Damage,03_00_11_00,D&G,average,60,2391.82,0.88,03,00,11,00
Municipality_Structural_Damage,03_00_11_00,D&G,average,100,3214.91,0.66,03,00,11,00
Municipality_Structural_Damage,03_00_11_00,D&G&Wp,average,20,779.57,1.0,03,00,11,00
Municipality_Structural_Damage,03_00_11_00,D&G&Wp,average,60,2835.29,0.86,03,00,11,00
Municipality_Structural_Damage,03_00_11_00,D&G&Wp,average,100,3563.31,0.53,03,00,11,00
Municipality_Structural_Damage,03_00_11_00,D&Wp,average,20,772.27,1.0,03,00,11,00
Municipality_Structural_Damage,03_00_11_00,D&Wp,average,60,2924.85,0.86,03,00,11,00
Municipality_Structural_Damage,03_00_11_00,D&Wp,average,100,3627.11,0.51,03,00,11,00
Municipality_Structural_Damage,03_00_11_00,G,average,20,794.18,1.0,03,00,11,00
Municipality_Structural_Damage,03_00_11_00,G,average,60,2656.17,0.87,03,00,11,00
Municipality_Structural_Damage,03_00_11_00,G,average,100,3435.71,0.59,03,00,11,00
Municipality_Structural_Damage,03_00_11_00,G&Wp,average,20,834.61,1.0,03,00,11,00
Municipality_Structural_Damage,03_00_11_00,G&Wp,average,60,3189.2,0.85,03,00,11,00
Municipality_Structural_Damage,03_00_11_00,G&Wp,average,100,3847.9,0.48,03,00,11,00
Municipality_Structural_Damage,03_00_11_00,Wp,average,20,875.05,1.0,03,00,11,00
Municipality_Structural_Damage,03_00_11_00,Wp,average,60,3722.23,0.84,03,00,11,00
Municipality_Structural_Damage,03_00_11_00,Wp,average,100,4260.1,0.41,03,00,11,00
Municipality_Structural_Damage,03_00_13_00,D,average,20,622.76,0.93,03,00,13,00
Municipality_Structural_Damage,03_00_13_00,D,average,60,1922.14,0.81,03,00,13,00
Municipality_Structural_Damage,03_00_13_00,D,average,100,2511.74,0.64,03,00,13,00
Municipality_Structural_Damage,03_00_13_00,D&G,average,20,680.47,0.93,03,00,13,00
Municipality_Structural_Damage,03_00_13_00,D&G,average,60,2178.36,0.8,03,00,13,00
Municipality_Structural_Damage,03_00_13_00,D&G,average,100,2727.18,0.56,03,00,13,00
Municipality_Structural_Damage,03_00_13_00,D&G&Wp,average,20,724.16,0.93,03,00,13,00
Municipality_Structural_Damage,03_00_13_00,D&G&Wp,average,60,2517.46,0.77,03,00,13,00
Municipality_Structural_Damage,03_00_13_00,D&G&Wp,average,100,2969.31,0.45,03,00,13,00
Municipality_Structural_Damage,03_00_13_00,D&Wp,average,20,717.14,0.93,03,00,13,00
Municipality_Structural_Damage,03_00_13_00,D&Wp,average,60,2558.9,0.75,03,00,13,00
Municipality_Structural_Damage,03_00_13_00,D&Wp,average,100,2982.66,0.42,03,00,13,00
Municipality_Structural_Damage,03_00_13_00,G,average,20,738.18,0.93,03,00,13,00
Municipality_Structural_Damage,03_00_13_00,G,average,60,2434.57,0.8,03,00,13,00
Municipality_Structural_Damage,03_00_13_00,G,average,100,2942.61,0.51,03,00,13,00
Municipality_Structural_Damage,03_00_13_00,G&Wp,average,20,774.85,0.93,03,00,13,00
Municipality_Structural_Damage,03_00_13_00,G&Wp,average,60,2815.12,0.75,03,00,13,00
Municipality_Structural_Damage,03_00_13_00,G&Wp,average,100,3198.1,0.4,03,00,13,00
Municipality_Structural_Damage,03_00_13_00,Wp,average,20,811.52,0.93,03,00,13,00
Municipality_Structural_Damage,03_00_13_00,Wp,average,60,3195.66,0.72,03,00,13,00
Municipality_Structural_Damage,03_00_13_00,Wp,average,100,3453.58,0.34,03,00,13,00
Municipality_Structural_Damage,05_00_00_00,D,average,20,534.61,0.8,05,00,00,00
Municipality_Structural_Damage,05_00_00_00,D,average,60,1278.36,0.54,05,00,00,00
Municipality_Structural_Damage,05_00_00_00,D,average,100,1533.07,0.39,05,00,00,00
Municipality_Structural_Damage,05_00_00_00,D&G,average,20,519.5,0.71,05,00,00,00
Municipality_Structural_Damage,05_00_00_00,D&G,average,60,1354.99,0.5,05,00,00,00
Municipality_Structural_Damage,05_00_00_00,D&G,average,100,1629.74,0.34,05,00,00,00
Municipality_Structural_Damage,05_00_00_00,D&G&Wp,average,20,593.44,0.76,05,00,00,00
Municipality_Structural_Damage,05_00_00_00,D&G&Wp,average,60,1506.32,0.46,05,00,00,00
Municipality_Structural_Damage,05_00_00_00,D&G&Wp,average,100,1726.7,0.26,05,00,00,00
Municipality_Structural_Damage,05_00_00_00,D&Wp,average,20,637.98,0.82,05,00,00,00
Municipality_Structural_Damage,05_00_00_00,D&Wp,average,60,1543.66,0.46,05,00,00,00
Municipality_Structural_Damage,05_00_00_00,D&Wp,average,100,1726.85,0.24,05,00,00,00
Municipality_Structural_Damage,05_00_00_00,G,average,20,504.39,0.63,05,00,00,00
Municipality_Structural_Damage,05_00_00_00,G,average,60,1431.62,0.47,05,00,00,00
Municipality_Structural_Damage,05_00_00_00,G,average,100,1726.4,0.3,05,00,00,00
Municipality_Structural_Damage,05_00_00_00,G&Wp,average,20,622.86,0.74,05,00,00,00
Municipality_Structural_Damage,05_00_00_00,G&Wp,average,60,1620.29,0.43,05,00,00,00
Municipality_Structural_Damage,05_00_00_00,G&Wp,average,100,1823.52,0.23,05,00,00,00
Municipality_Structural_Damage,05_00_00_00,Wp,average,20,741.34,0.85,05,00,00,00
Municipality_Structural_Damage,05_00_00_00,Wp,average,60,1808.96,0.41,05,00,00,00
Municipality_Structural_Damage,05_00_00_00,Wp,average,100,1920.63,0.19,05,00,00,00
Municipality_Structural_Damage,05_00_01_00,D,average,20,532.02,0.79,05,00,01,00
Municipality_Structural_Damage,05_00_01_00,D,average,60,1247.39,0.53,05,00,01,00
Municipality_Structural_Damage,05_00_01_00,D,average,100,1401.55,0.36,05,00,01,00
Municipality_Structural_Damage,05_00_01_00,D&G,average,20,517.2,0.71,05,00,01,00
Municipality_Structural_Damage,05_00_01_00,D&G,average,60,1318.85,0.49,05,00,01,00
Municipality_Structural_Damage,05_00_01_00,D&G,average,100,1432.71,0.3,05,00,01,00
Municipality_Structural_Damage,05_00_01_00,D&G&Wp,average,20,584.18,0.75,05,00,01,00
Municipality_Structural_Damage,05_00_01_00,D&G&Wp,average,60,1461.33,0.45,05,00,01,00
Municipality_Structural_Damage,05_00_01_00,D&G&Wp,average,100,1537.23,0.23,05,00,01,00
Municipality_Structural_Damage,05_00_01_00,D&Wp,average,20,625.09,0.81,05,00,01,00
Municipality_Structural_Damage,05_00_01_00,D&Wp,average,60,1496.84,0.44,05,00,01,00
Municipality_Structural_Damage,05_00_01_00,D&Wp,average,100,1573.92,0.22,05,00,01,00
Municipality_Structural_Damage,05_00_01_00,G,average,20,502.37,0.63,05,00,01,00
Municipality_Structural_Damage,05_00_01_00,G,average,60,1390.31,0.46,05,00,01,00
Municipality_Structural_Damage,05_00_01_00,G,average,100,1463.87,0.25,05,00,01,00
Municipality_Structural_Damage,05_00_01_00,G&Wp,average,20,610.26,0.73,05,00,01,00
Municipality_Structural_Damage,05_00_01_00,G&Wp,average,60,1568.3,0.42,05,00,01,00
Municipality_Structural_Damage,05_00_01_00,G&Wp,average,100,1605.08,0.2,05,00,01,00
Municipality_Structural_Damage,05_00_01_00,Wp,average,20,718.15,0.82,05,00,01,00
Municipality_Structural_Damage,05_00_01_00,Wp,average,60,1746.29,0.4,05,00,01,00
Municipality_Structural_Damage,05_00_01_00,Wp,average,100,1746.29,0.17,05,00,01,00
Municipality_Structural_Damage,05_00_03_00,D,average,20,500.44,0.75,05,00,03,00
Municipality_Structural_Damage,05_00_03_00,D,average,60,1214.56,0.51,05,00,03,00
Municipality_Structural_Damage,05_00_03_00,D,average,100,1368.72,0.35,05,00,03,00
Municipality_Structural_Damage,05_00_03_00,D&G,average,20,488.21,0.67,05,00,03,00
Municipality_Structural_Damage,05_00_03_00,D&G,average,60,1288.83,0.48,05,00,03,00
Municipality_Structural_Damage,05_00_03_00,D&G,average,100,1402.69,0.29,05,00,03,00
Municipality_Structural_Damage,05_00_03_00,D&G&Wp,average,20,554.6,0.71,05,00,03,00
Municipality_Structural_Damage,05_00_03_00,D&G&Wp,average,60,1431.32,0.44,05,00,03,00
Municipality_Structural_Damage,05_00_03_00,D&G&Wp,average,100,1507.22,0.23,05,00,03,00
Municipality_Structural_Damage,05_00_03_00,D&Wp,average,20,593.9,0.77,05,00,03,00
Municipality_Structural_Damage,05_00_03_00,D&Wp,average,60,1465.42,0.43,05,00,03,00
Municipality_Structural_Damage,05_00_03_00,D&Wp,average,100,1542.5,0.22,05,00,03,00
Municipality_Structural_Damage,05_00_03_00,G,average,20,475.98,0.6,05,00,03,00
Municipality_Structural_Damage,05_00_03_00,G,average,60,1363.1,0.45,05,00,03,00
Municipality_Structural_Damage,05_00_03_00,G,average,100,1436.66,0.25,05,00,03,00
Municipality_Structural_Damage,05_00_03_00,G&Wp,average,20,581.68,0.7,05,00,03,00
Municipality_Structural_Damage,05_00_03_00,G&Wp,average,60,1539.7,0.41,05,00,03,00
Municipality_Structural_Damage,05_00_03_00,G&Wp,average,100,1576.47,0.2,05,00,03,00
Municipality_Structural_Damage,05_00_03_00,Wp,average,20,687.37,0.78,05,00,03,00
Municipality_Structural_Damage,05_00_03_00,Wp,average,60,1716.28,0.39,05,00,03,00
Municipality_Structural_Damage,05_00_03_00,Wp,average,100,1716.28,0.17,05,00,03,00
Municipality_Structural_Damage,05_00_05_00,D,average,20,192.89,0.29,05,00,05,00
Municipality_Structural_Damage,05_00_05_00,D,average,60,695.03,0.29,05,00,05,00
Municipality_Structural_Damage,05_00_05_00,D,average,100,738.99,0.19,05,00,05,00
Municipality_Structural_Damage,05_00_05_00,D&G,average,20,206.62,0.28,05,00,05,00
Municipality_Structural_Damage,05_00_05_00,D&G,average,60,752.67,0.28,05,00,05,00
Municipality_Structural_Damage,05_00_05_00,D&G,average,100,798.16,0.16,05,00,05,00
Municipality_Structural_Damage,05_00_05_00,D&G&Wp,average,20,211.33,0.27,05,00,05,00
Municipality_Structural_Damage,05_00_05_00,D&G&Wp,average,60,830.47,0.25,05,00,05,00
Municipality_Structural_Damage,05_00_05_00,D&G&Wp,average,100,873.4,0.13,05,00,05,00
Municipality_Structural_Damage,05_00_05_00,D&Wp,average,20,206.82,0.27,05,00,05,00
Municipality_Structural_Damage,05_00_05_00,D&Wp,average,60,840.55,0.25,05,00,05,00
Municipality_Structural_Damage,05_00_05_00,D&Wp,average,100,881.43,0.12,05,00,05,00
Municipality_Structural_Damage,05_00_05_00,G,average,20,220.34,0.28,05,00,05,00
Municipality_Structural_Damage,05_00_05_00,G,average,60,810.31,0.27,05,00,05,00
Municipality_Structural_Damage,05_00_05_00,G,average,100,857.34,0.15,05,00,05,00
Municipality_Structural_Damage,05_00_05_00,G&Wp,average,20,220.55,0.26,05,00,05,00
Municipality_Structural_Damage,05_00_05_00,G&Wp,average,60,898.19,0.24,05,00,05,00
Municipality_Structural_Damage,05_00_05_00,G&Wp,average,100,940.6,0.12,05,00,05,00
Municipality_Structural_Damage,05_00_05_00,Wp,average,20,220.76,0.25,05,00,05,00
Municipality_Structural_Damage,05_00_05_00,Wp,average,60,986.07,0.22,05,00,05,00
Municipality_Structural_Damage,05_00_05_00,Wp,average,100,1023.86,0.1,05,00,05,00
Municipality_Structural_Damage,05_00_07_00,D,average,20,217.75,0.32,05,00,07,00
Municipality_Structural_Damage,05_00_07_00,D,average,60,818.62,0.35,05,00,07,00
Municipality_Structural_Damage,05_00_07_00,D,average,100,887.76,0.23,05,00,07,00
Municipality_Structural_Damage,05_00_07_00,D&G,average,20,231.52,0.32,05,00,07,00
Municipality_Structural_Damage,05_00_07_00,D&G,average,60,877.41,0.32,05,00,07,00
Municipality_Structural_Damage,05_00_07_00,D&G,average,100,925.41,0.19,05,00,07,00
Municipality_Structural_Damage,05_00_07_00,D&G&Wp,average,20,236.11,0.3,05,00,07,00
Municipality_Structural_Damage,05_00_07_00,D&G&Wp,average,60,951.53,0.29,05,00,07,00
Municipality_Structural_Damage,05_00_07_00,D&G&Wp,average,100,993.77,0.15,05,00,07,00
Municipality_Structural_Damage,05_00_07_00,D&Wp,average,20,231.52,0.3,05,00,07,00
Municipality_Structural_Damage,05_00_07_00,D&Wp,average,60,959.19,0.28,05,00,07,00
Municipality_Structural_Damage,05_00_07_00,D&Wp,average,100,1009.13,0.14,05,00,07,00
Municipality_Structural_Damage,05_00_07_00,G,average,20,245.3,0.31,05,00,07,00
Municipality_Structural_Damage,05_00_07_00,G,average,60,936.2,0.31,05,00,07,00
Municipality_Structural_Damage,05_00_07_00,G,average,100,963.05,0.17,05,00,07,00
Municipality_Structural_Damage,05_00_07_00,G&Wp,average,20,245.29,0.29,05,00,07,00
Municipality_Structural_Damage,05_00_07_00,G&Wp,average,60,1017.98,0.27,05,00,07,00
Municipality_Structural_Damage,05_00_07_00,G&Wp,average,100,1046.77,0.13,05,00,07,00
Municipality_Structural_Damage,05_00_07_00,Wp,average,20,245.28,0.28,05,00,07,00
Municipality_Structural_Damage,05_00_07_00,Wp,average,60,1099.77,0.25,05,00,07,00
Municipality_Structural_Damage,05_00_07_00,Wp,average,100,1130.49,0.11,05,00,07,00
Municipality_Structural_Damage,05_00_09_00,D,average,20,192.89,0.29,05,00,09,00
Municipality_Structural_Damage,05_00_09_00,D,average,60,652.63,0.28,05,00,09,00
Municipality_Structural_Damage,05_00_09_00,D,average,100,652.63,0.17,05,00,09,00
Municipality_Structural_Damage,05_00_09_00,D&G,average,20,206.62,0.28,05,00,09,00
Municipality_Structural_Damage,05_00_09_00,D&G,average,60,709.57,0.26,05,00,09,00
Municipality_Structural_Damage,05_00_09_00,D&G,average,100,709.57,0.15,05,00,09,00
Municipality_Structural_Damage,05_00_09_00,D&G&Wp,average,20,211.33,0.27,05,00,09,00
Municipality_Structural_Damage,05_00_09_00,D&G&Wp,average,60,779.37,0.24,05,00,09,00
Municipality_Structural_Damage,05_00_09_00,D&G&Wp,average,100,792.46,0.12,05,00,09,00
Municipality_Structural_Damage,05_00_09_00,D&Wp,average,20,206.82,0.27,05,00,09,00
Municipality_Structural_Damage,05_00_09_00,D&Wp,average,60,785.79,0.23,05,00,09,00
Municipality_Structural_Damage,05_00_09_00,D&Wp,average,100,805.43,0.11,05,00,09,00
Municipality_Structural_Damage,05_00_09_00,G,average,20,220.34,0.28,05,00,09,00
Municipality_Structural_Damage,05_00_09_00,G,average,60,766.51,0.25,05,00,09,00
Municipality_Structural_Damage,05_00_09_00,G,average,100,766.51,0.13,05,00,09,00
Municipality_Structural_Damage,05_00_09_00,G&Wp,average,20,220.55,0.26,05,00,09,00
Municipality_Structural_Damage,05_00_09_00,G&Wp,average,60,842.74,0.23,05,00,09,00
Municipality_Structural_Damage,05_00_09_00,G&Wp,average,100,862.37,0.11,05,00,09,00
Municipality_Structural_Damage,05_00_09_00,Wp,average,20,220.76,0.25,05,00,09,00
Municipality_Structural_Damage,05_00_09_00,Wp,average,60,918.96,0.21,05,00,09,00
Municipality_Structural_Damage,05_00_09_00,Wp,average,100,958.24,0.09,05,00,09,00
Municipality_Structural_Damage,05_00_11_00,D,average,20,534.61,0.8,05,00,11,00
Municipality_Structural_Damage,05_00_11_00,D,average,60,1276.99,0.54,05,00,11,00
Municipality_Structural_Damage,05_00_11_00,D,average,100,1516.7,0.39,05,00,11,00
Municipality_Structural_Damage,05_00_11_00,D&G,average,20,519.5,0.71,05,00,11,00
Municipality_Structural_Damage,05_00_11_00,D&G,average,60,1353.19,0.5,05,00,11,00
Municipality_Structural_Damage,05_00_11_00,D&G,average,100,1546.52,0.32,05,00,11,00
Municipality_Structural_Damage,05_00_11_00,D&G&Wp,average,20,592.74,0.76,05,00,11,00
Municipality_Structural_Damage,05_00_11_00,D&G&Wp,average,60,1503.75,0.46,05,00,11,00
Municipality_Structural_Damage,05_00_11_00,D&G&Wp,average,100,1665.91,0.25,05,00,11,00
Municipality_Structural_Damage,05_00_11_00,D&Wp,average,20,636.92,0.82,05,00,11,00
Municipality_Structural_Damage,05_00_11_00,D&Wp,average,60,1540.94,0.45,05,00,11,00
Municipality_Structural_Damage,05_00_11_00,D&Wp,average,100,1710.69,0.24,05,00,11,00
Municipality_Structural_Damage,05_00_11_00,G,average,20,504.39,0.63,05,00,11,00
Municipality_Structural_Damage,05_00_11_00,G,average,60,1429.39,0.47,05,00,11,00
Municipality_Structural_Damage,05_00_11_00,G,average,100,1576.35,0.27,05,00,11,00
Municipality_Structural_Damage,05_00_11_00,G&Wp,average,20,621.8,0.74,05,00,11,00
Municipality_Structural_Damage,05_00_11_00,G&Wp,average,60,1617.13,0.43,05,00,11,00
Municipality_Structural_Damage,05_00_11_00,G&Wp,average,100,1740.52,0.22,05,00,11,00
Municipality_Structural_Damage,05_00_11_00,Wp,average,20,739.22,0.84,05,00,11,00
Municipality_Structural_Damage,05_00_11_00,Wp,average,60,1804.88,0.41,05,00,11,00
Municipality_Structural_Damage,05_00_11_00,Wp,average,100,1904.68,0.18,05,00,11,00
Municipality_Structural_Damage,05_00_13_00,D,average,20,500.44,0.75,05,00,13,00
Municipality_Structural_Damage,05_00_13_00,D,average,60,1215.79,0.51,05,00,13,00
Municipality_Structural_Damage,05_00_13_00,D,average,100,1394.23,0.36,05,00,13,00
Municipality_Structural_Damage,05_00_13_00,D&G,average,20,488.21,0.67,05,00,13,00
Municipality_Structural_Damage,05_00_13_00,D&G,average,60,1290.45,0.48,05,00,13,00
Municipality_Structural_Damage,05_00_13_00,D&G,average,100,1428.49,0.29,05,00,13,00
Municipality_Structural_Damage,05_00_13_00,D&G&Wp,average,20,555.23,0.71,05,00,13,00
Municipality_Structural_Damage,05_00_13_00,D&G&Wp,average,60,1433.62,0.44,05,00,13,00
Municipality_Structural_Damage,05_00_13_00,D&G&Wp,average,100,1525.65,0.23,05,00,13,00
Municipality_Structural_Damage,05_00_13_00,D&Wp,average,20,594.86,0.77,05,00,13,00
Municipality_Structural_Damage,05_00_13_00,D&Wp,average,60,1467.88,0.43,05,00,13,00
Municipality_Structural_Damage,05_00_13_00,D&Wp,average,100,1557.09,0.22,05,00,13,00
Municipality_Structural_Damage,05_00_13_00,G,average,20,475.98,0.6,05,00,13,00
Municipality_Structural_Damage,05_00_13_00,G,average,60,1365.11,0.45,05,00,13,00
Municipality_Structural_Damage,05_00_13_00,G,average,100,1462.76,0.25,05,00,13,00
Municipality_Structural_Damage,05_00_13_00,G&Wp,average,20,582.63,0.7,05,00,13,00
Municipality_Structural_Damage,05_00_13_00,G&Wp,average,60,1542.54,0.41,05,00,13,00
Municipality_Structural_Damage,05_00_13_00,G&Wp,average,100,1591.36,0.2,05,00,13,00
Municipality_Structural_Damage,05_00_13_00,Wp,average,20,689.28,0.79,05,00,13,00
Municipality_Structural_Damage,05_00_13_00,Wp,average,60,1719.96,0.39,05,00,13,00
Municipality_Structural_Damage,05_00_13_00,Wp,average,100,1719.96,0.17,05,00,13,00
Municipality_Structural_Damage,07_00_00_00,D,average,20,534.61,0.8,07,00,00,00
Municipality_Structural_Damage,07_00_00_00,D,average,60,1235.96,0.52,07,00,00,00
Municipality_Structural_Damage,07_00_00_00,D,average,100,1490.67,0.38,07,00,00,00
Municipality_Structural_Damage,07_00_00_00,D&G,average,20,519.5,0.71,07,00,00,00
Municipality_Structural_Damage,07_00_00_00,D&G,average,60,1311.89,0.48,07,00,00,00
Municipality_Structural_Damage,07_00_00_00,D&G,average,100,1586.63,0.33,07,00,00,00
Municipality_Structural_Damage,07_00_00_00,D&G&Wp,average,20,593.44,0.76,07,00,00,00
Municipality_Structural_Damage,07_00_00_00,D&G&Wp,average,60,1477.58,0.45,07,00,00,00
Municipality_Structural_Damage,07_00_00_00,D&G&Wp,average,100,1673.83,0.25,07,00,00,00
Municipality_Structural_Damage,07_00_00_00,D&Wp,average,20,637.98,0.82,07,00,00,00
Municipality_Structural_Damage,07_00_00_00,D&Wp,average,60,1522.46,0.45,07,00,00,00
Municipality_Structural_Damage,07_00_00_00,D&Wp,average,100,1669.45,0.23,07,00,00,00
Municipality_Structural_Damage,07_00_00_00,G,average,20,504.39,0.63,07,00,00,00
Municipality_Structural_Damage,07_00_00_00,G,average,60,1387.82,0.45,07,00,00,00
Municipality_Structural_Damage,07_00_00_00,G,average,100,1682.6,0.29,07,00,00,00
Municipality_Structural_Damage,07_00_00_00,G&Wp,average,20,622.86,0.74,07,00,00,00
Municipality_Structural_Damage,07_00_00_00,G&Wp,average,60,1598.39,0.43,07,00,00,00
Municipality_Structural_Damage,07_00_00_00,G&Wp,average,100,1765.42,0.22,07,00,00,00
Municipality_Structural_Damage,07_00_00_00,Wp,average,20,741.34,0.85,07,00,00,00
Municipality_Structural_Damage,07_00_00_00,Wp,average,60,1808.96,0.41,07,00,00,00
Municipality_Structural_Damage,07_00_00_00,Wp,average,100,1848.24,0.18,07,00,00,00
Municipality_Structural_Damage,07_00_01_00,D,average,20,532.02,0.79,07,00,01,00
Municipality_Structural_Damage,07_00_01_00,D,average,60,1209.51,0.51,07,00,01,00
Municipality_Structural_Damage,07_00_01_00,D,average,100,1363.67,0.35,07,00,01,00
Municipality_Structural_Damage,07_00_01_00,D&G,average,20,517.2,0.71,07,00,01,00
Municipality_Structural_Damage,07_00_01_00,D&G,average,60,1280.36,0.47,07,00,01,00
Municipality_Structural_Damage,07_00_01_00,D&G,average,100,1394.22,0.29,07,00,01,00
Municipality_Structural_Damage,07_00_01_00,D&G&Wp,average,20,584.18,0.75,07,00,01,00
Municipality_Structural_Damage,07_00_01_00,D&G&Wp,average,60,1435.67,0.44,07,00,01,00
Municipality_Structural_Damage,07_00_01_00,D&G&Wp,average,100,1523.22,0.23,07,00,01,00
Municipality_Structural_Damage,07_00_01_00,D&Wp,average,20,625.09,0.81,07,00,01,00
Municipality_Structural_Damage,07_00_01_00,D&Wp,average,60,1477.9,0.44,07,00,01,00
Municipality_Structural_Damage,07_00_01_00,D&Wp,average,100,1572.45,0.22,07,00,01,00
Municipality_Structural_Damage,07_00_01_00,G,average,20,502.37,0.63,07,00,01,00
Municipality_Structural_Damage,07_00_01_00,G,average,60,1351.2,0.44,07,00,01,00
Municipality_Structural_Damage,07_00_01_00,G,average,100,1424.76,0.25,07,00,01,00
Municipality_Structural_Damage,07_00_01_00,G&Wp,average,20,610.26,0.73,07,00,01,00
Municipality_Structural_Damage,07_00_01_00,G&Wp,average,60,1548.74,0.41,07,00,01,00
Municipality_Structural_Damage,07_00_01_00,G&Wp,average,100,1602.99,0.2,07,00,01,00
Municipality_Structural_Damage,07_00_01_00,Wp,average,20,718.15,0.82,07,00,01,00
Municipality_Structural_Damage,07_00_01_00,Wp,average,60,1746.29,0.4,07,00,01,00
Municipality_Structural_Damage,07_00_01_00,Wp,average,100,1781.23,0.17,07,00,01,00
Municipality_Structural_Damage,07_00_03_00,D,average,20,500.44,0.75,07,00,03,00
Municipality_Structural_Damage,07_00_03_00,D,average,60,1176.68,0.5,07,00,03,00
Municipality_Structural_Damage,07_00_03_00,D,average,100,1330.85,0.34,07,00,03,00
Municipality_Structural_Damage,07_00_03_00,D&G,average,20,488.21,0.67,07,00,03,00
Municipality_Structural_Damage,07_00_03_00,D&G,average,60,1250.34,0.46,07,00,03,00
Municipality_Structural_Damage,07_00_03_00,D&G,average,100,1364.2,0.28,07,00,03,00
Municipality_Structural_Damage,07_00_03_00,D&G&Wp,average,20,554.6,0.71,07,00,03,00
Municipality_Structural_Damage,07_00_03_00,D&G&Wp,average,60,1405.66,0.43,07,00,03,00
Municipality_Structural_Damage,07_00_03_00,D&G&Wp,average,100,1493.21,0.22,07,00,03,00
Municipality_Structural_Damage,07_00_03_00,D&Wp,average,20,593.9,0.77,07,00,03,00
Municipality_Structural_Damage,07_00_03_00,D&Wp,average,60,1446.48,0.43,07,00,03,00
Municipality_Structural_Damage,07_00_03_00,D&Wp,average,100,1541.04,0.22,07,00,03,00
Municipality_Structural_Damage,07_00_03_00,G,average,20,475.98,0.6,07,00,03,00
Municipality_Structural_Damage,07_00_03_00,G,average,60,1324.0,0.43,07,00,03,00
Municipality_Structural_Damage,07_00_03_00,G,average,100,1397.55,0.24,07,00,03,00
Municipality_Structural_Damage,07_00_03_00,G&Wp,average,20,581.68,0.7,07,00,03,00
Municipality_Structural_Damage,07_00_03_00,G&Wp,average,60,1520.14,0.41,07,00,03,00
Municipality_Structural_Damage,07_00_03_00,G&Wp,average,100,1574.39,0.2,07,00,03,00
Municipality_Structural_Damage,07_00_03_00,Wp,average,20,687.37,0.78,07,00,03,00
Municipality_Structural_Damage,07_00_03_00,Wp,average,60,1716.28,0.39,07,00,03,00
Municipality_Structural_Damage,07_00_03_00,Wp,average,100,1751.22,0.17,07,00,03,00
Municipality_Structural_Damage,07_00_05_00,D,average,20,192.89,0.29,07,00,05,00
Municipality_Structural_Damage,07_00_05_00,D,average,60,695.03,0.29,07,00,05,00
Municipality_Structural_Damage,07_00_05_00,D,average,100,738.99,0.19,07,00,05,00
Municipality_Structural_Damage,07_00_05_00,D&G,average,20,206.62,0.28,07,00,05,00
Municipality_Structural_Damage,07_00_05_00,D&G,average,60,752.67,0.28,07,00,05,00
Municipality_Structural_Damage,07_00_05_00,D&G,average,100,798.16,0.16,07,00,05,00
Municipality_Structural_Damage,07_00_05_00,D&G&Wp,average,20,211.33,0.27,07,00,05,00
Municipality_Structural_Damage,07_00_05_00,D&G&Wp,average,60,830.47,0.25,07,00,05,00
Municipality_Structural_Damage,07_00_05_00,D&G&Wp,average,100,873.4,0.13,07,00,05,00
Municipality_Structural_Damage,07_00_05_00,D&Wp,average,20,206.82,0.27,07,00,05,00
Municipality_Structural_Damage,07_00_05_00,D&Wp,average,60,840.55,0.25,07,00,05,00
Municipality_Structural_Damage,07_00_05_00,D&Wp,average,100,881.43,0.12,07,00,05,00
Municipality_Structural_Damage,07_00_05_00,G,average,20,220.34,0.28,07,00,05,00
Municipality_Structural_Damage,07_00_05_00,G,average,60,810.31,0.27,07,00,05,00
Municipality_Structural_Damage,07_00_05_00,G,average,100,857.34,0.15,07,00,05,00
Municipality_Structural_Damage,07_00_05_00,G&Wp,average,20,220.55,0.26,07,00,05,00
Municipality_Structural_Damage,07_00_05_00,G&Wp,average,60,898.19,0.24,07,00,05,00
Municipality_Structural_Damage,07_00_05_00,G&Wp,average,100,940.6,0.12,07,00,05,00
Municipality_Structural_Damage,07_00_05_00,Wp,average,20,220.76,0.25,07,00,05,00
Municipality_Structural_Damage,07_00_05_00,Wp,average,60,986.07,0.22,07,00,05,00
Municipality_Structural_Damage,07_00_05_00,Wp,average,100,1023.86,0.1,07,00,05,00
Municipality_Structural_Damage,07_00_07_00,D,average,20,218.46,0.33,07,00,07,00
Municipality_Structural_Damage,07_00_07_00,D,average,60,816.41,0.35,07,00,07,00
Municipality_Structural_Damage,07_00_07_00,D,average,100,881.13,0.22,07,00,07,00
Municipality_Structural_Damage,07_00_07_00,D&G,average,20,231.3,0.32,07,00,07,00
Municipality_Structural_Damage,07_00_07_00,D&G,average,60,874.34,0.32,07,00,07,00
Municipality_Structural_Damage,07_00_07_00,D&G,average,100,920.38,0.19,07,00,07,00
Municipality_Structural_Damage,07_00_07_00,D&G&Wp,average,20,236.41,0.3,07,00,07,00
Municipality_Structural_Damage,07_00_07_00,D&G&Wp,average,60,950.53,0.29,07,00,07,00
Municipality_Structural_Damage,07_00_07_00,D&G&Wp,average,100,990.71,0.15,07,00,07,00
Municipality_Structural_Damage,07_00_07_00,D&Wp,average,20,232.55,0.3,07,00,07,00
Municipality_Structural_Damage,07_00_07_00,D&Wp,average,60,959.65,0.28,07,00,07,00
Municipality_Structural_Damage,07_00_07_00,D&Wp,average,100,1006.24,0.14,07,00,07,00
Municipality_Structural_Damage,07_00_07_00,G,average,20,244.13,0.31,07,00,07,00
Municipality_Structural_Damage,07_00_07_00,G,average,60,932.28,0.31,07,00,07,00
Municipality_Structural_Damage,07_00_07_00,G,average,100,959.64,0.17,07,00,07,00
Municipality_Structural_Damage,07_00_07_00,G&Wp,average,20,245.38,0.29,07,00,07,00
Municipality_Structural_Damage,07_00_07_00,G&Wp,average,60,1017.59,0.27,07,00,07,00
Municipality_Structural_Damage,07_00_07_00,G&Wp,average,100,1045.49,0.13,07,00,07,00
Municipality_Structural_Damage,07_00_07_00,Wp,average,20,246.63,0.28,07,00,07,00
Municipality_Structural_Damage,07_00_07_00,Wp,average,60,1102.9,0.25,07,00,07,00
Municipality_Structural_Damage,07_00_07_00,Wp,average,100,1131.35,0.11,07,00,07,00
Municipality_Structural_Damage,07_00_09_00,D,average,20,192.89,0.29,07,00,09,00
Municipality_Structural_Damage,07_00_09_00,D,average,60,652.63,0.28,07,00,09,00
Municipality_Structural_Damage,07_00_09_00,D,average,100,652.63,0.17,07,00,09,00
Municipality_Structural_Damage,07_00_09_00,D&G,average,20,206.62,0.28,07,00,09,00
Municipality_Structural_Damage,07_00_09_00,D&G,average,60,709.57,0.26,07,00,09,00
Municipality_Structural_Damage,07_00_09_00,D&G,average,100,709.57,0.15,07,00,09,00
Municipality_Structural_Damage,07_00_09_00,D&G&Wp,average,20,211.33,0.27,07,00,09,00
Municipality_Structural_Damage,07_00_09_00,D&G&Wp,average,60,779.37,0.24,07,00,09,00
Municipality_Structural_Damage,07_00_09_00,D&G&Wp,average,100,792.46,0.12,07,00,09,00
Municipality_Structural_Damage,07_00_09_00,D&Wp,average,20,206.82,0.27,07,00,09,00
Municipality_Structural_Damage,07_00_09_00,D&Wp,average,60,785.79,0.23,07,00,09,00
Municipality_Structural_Damage,07_00_09_00,D&Wp,average,100,805.43,0.11,07,00,09,00
Municipality_Structural_Damage,07_00_09_00,G,average,20,220.34,0.28,07,00,09,00
Municipality_Structural_Damage,07_00_09_00,G,average,60,766.51,0.25,07,00,09,00
Municipality_Structural_Damage,07_00_09_00,G,average,100,766.51,0.13,07,00,09,00
Municipality_Structural_Damage,07_00_09_00,G&Wp,average,20,220.55,0.26,07,00,09,00
Municipality_Structural_Damage,07_00_09_00,G&Wp,average,60,842.74,0.23,07,00,09,00
Municipality_Structural_Damage,07_00_09_00,G&Wp,average,100,862.37,0.11,07,00,09,00
Municipality_Structural_Damage,07_00_09_00,Wp,average,20,220.76,0.25,07,00,09,00
Municipality_Structural_Damage,07_00_09_00,Wp,average,60,918.96,0.21,07,00,09,00
Municipality_Structural_Damage,07_00_09_00,Wp,average,100,958.24,0.09,07,00,09,00
Municipality_Structural_Damage,07_00_11_00,D,average,20,534.61,0.8,07,00,11,00
Municipality_Structural_Damage,07_00_11_00,D,average,60,1234.91,0.52,07,00,11,00
Municipality_Structural_Damage,07_00_11_00,D,average,100,1474.62,0.38,07,00,11,00
Municipality_Structural_Damage,07_00_11_00,D&G,average,20,519.5,0.71,07,00,11,00
Municipality_Structural_Damage,07_00_11_00,D&G,average,60,1310.42,0.48,07,00,11,00
Municipality_Structural_Damage,07_00_11_00,D&G,average,100,1503.76,0.31,07,00,11,00
Municipality_Structural_Damage,07_00_11_00,D&G&Wp,average,20,592.74,0.76,07,00,11,00
Municipality_Structural_Damage,07_00_11_00,D&G&Wp,average,60,1475.24,0.45,07,00,11,00
Municipality_Structural_Damage,07_00_11_00,D&G&Wp,average,100,1615.78,0.24,07,00,11,00
Municipality_Structural_Damage,07_00_11_00,D&Wp,average,20,636.92,0.82,07,00,11,00
Municipality_Structural_Damage,07_00_11_00,D&Wp,average,60,1519.89,0.45,07,00,11,00
Municipality_Structural_Damage,07_00_11_00,D&Wp,average,100,1657.22,0.23,07,00,11,00
Municipality_Structural_Damage,07_00_11_00,G,average,20,504.39,0.63,07,00,11,00
Municipality_Structural_Damage,07_00_11_00,G,average,60,1385.94,0.45,07,00,11,00
Municipality_Structural_Damage,07_00_11_00,G,average,100,1532.9,0.26,07,00,11,00
Municipality_Structural_Damage,07_00_11_00,G&Wp,average,20,621.8,0.74,07,00,11,00
Municipality_Structural_Damage,07_00_11_00,G&Wp,average,60,1595.41,0.43,07,00,11,00
Municipality_Structural_Damage,07_00_11_00,G&Wp,average,100,1686.36,0.21,07,00,11,00
Municipality_Structural_Damage,07_00_11_00,Wp,average,20,739.22,0.84,07,00,11,00
Municipality_Structural_Damage,07_00_11_00,Wp,average,60,1804.88,0.41,07,00,11,00
Municipality_Structural_Damage,07_00_11_00,Wp,average,100,1839.82,0.18,07,00,11,00
Municipality_Structural_Damage,07_00_13_00,D,average,20,500.44,0.75,07,00,13,00
Municipality_Structural_Damage,07_00_13_00,D,average,60,1177.63,0.5,07,00,13,00
Municipality_Structural_Damage,07_00_13_00,D,average,100,1355.52,0.35,07,00,13,00
Municipality_Structural_Damage,07_00_13_00,D&G,average,20,488.21,0.67,07,00,13,00
Municipality_Structural_Damage,07_00_13_00,D&G,average,60,1251.66,0.46,07,00,13,00
Municipality_Structural_Damage,07_00_13_00,D&G,average,100,1390.22,0.29,07,00,13,00
Municipality_Structural_Damage,07_00_13_00,D&G&Wp,average,20,555.23,0.71,07,00,13,00
Municipality_Structural_Damage,07_00_13_00,D&G&Wp,average,60,1407.76,0.43,07,00,13,00
Municipality_Structural_Damage,07_00_13_00,D&G&Wp,average,100,1511.92,0.23,07,00,13,00
Municipality_Structural_Damage,07_00_13_00,D&Wp,average,20,594.86,0.77,07,00,13,00
Municipality_Structural_Damage,07_00_13_00,D&Wp,average,60,1448.8,0.43,07,00,13,00
Municipality_Structural_Damage,07_00_13_00,D&Wp,average,100,1555.41,0.22,07,00,13,00
Municipality_Structural_Damage,07_00_13_00,G,average,20,475.98,0.6,07,00,13,00
Municipality_Structural_Damage,07_00_13_00,G,average,60,1325.69,0.43,07,00,13,00
Municipality_Structural_Damage,07_00_13_00,G,average,100,1424.92,0.25,07,00,13,00
Municipality_Structural_Damage,07_00_13_00,G&Wp,average,20,582.63,0.7,07,00,13,00
Municipality_Structural_Damage,07_00_13_00,G&Wp,average,60,1522.83,0.41,07,00,13,00
Municipality_Structural_Damage,07_00_13_00,G&Wp,average,100,1590.12,0.2,07,00,13,00
Municipality_Structural_Damage,07_00_13_00,Wp,average,20,689.28,0.79,07,00,13,00
Municipality_Structural_Damage,07_00_13_00,Wp,average,60,1719.96,0.39,07,00,13,00
Municipality_Structural_Damage,07_00_13_00,Wp,average,100,1755.31,0.17,07,00,13,00
Municipality_Structural_Damage,09_00_00_00,D,average,20,670.52,1.0,09,00,00,00
Municipality_Structural_Damage,09_00_00_00,D,average,60,2363.56,1.0,09,00,00,00
Municipality_Structural_Damage,09_00_00_00,D,average,100,3922.26,1.0,09,00,00,00
Municipality_Structural_Damage,09_00_00_00,D&G,average,20,733.12,1.0,09,00,00,00
Municipality_Structural_Damage,09_00_00_00,D&G,average,60,2708.88,1.0,09,00,00,00
Municipality_Structural_Damage,09_00_00_00,D&G,average,100,4647.07,0.96,09,00,00,00
Municipality_Structural_Damage,09_00_00_00,D&G&Wp,average,20,781.14,1.0,09,00,00,00
Municipality_Structural_Damage,09_00_00_00,D&G&Wp,average,60,3278.24,1.0,09,00,00,00
Municipality_Structural_Damage,09_00_00_00,D&G&Wp,average,100,5514.73,0.83,09,00,00,00
Municipality_Structural_Damage,09_00_00_00,D&Wp,average,20,773.84,1.0,09,00,00,00
Municipality_Structural_Damage,09_00_00_00,D&Wp,average,60,3390.25,1.0,09,00,00,00
Municipality_Structural_Damage,09_00_00_00,D&Wp,average,100,5586.16,0.79,09,00,00,00
Municipality_Structural_Damage,09_00_00_00,G,average,20,795.72,1.0,09,00,00,00
Municipality_Structural_Damage,09_00_00_00,G,average,60,3054.21,1.0,09,00,00,00
Municipality_Structural_Damage,09_00_00_00,G,average,100,5371.88,0.93,09,00,00,00
Municipality_Structural_Damage,09_00_00_00,G&Wp,average,20,836.45,1.0,09,00,00,00
Municipality_Structural_Damage,09_00_00_00,G&Wp,average,60,3735.58,1.0,09,00,00,00
Municipality_Structural_Damage,09_00_00_00,G&Wp,average,100,6310.97,0.78,09,00,00,00
Municipality_Structural_Damage,09_00_00_00,Wp,average,20,877.17,1.0,09,00,00,00
Municipality_Structural_Damage,09_00_00_00,Wp,average,60,4416.94,1.0,09,00,00,00
Municipality_Structural_Damage,09_00_00_00,Wp,average,100,7250.06,0.7,09,00,00,00
Municipality_Structural_Damage,09_00_01_00,D,average,20,653.42,0.97,09,00,01,00
Municipality_Structural_Damage,09_00_01_00,D,average,60,1954.39,0.83,09,00,01,00
Municipality_Structural_Damage,09_00_01_00,D,average,100,2317.05,0.59,09,00,01,00
Municipality_Structural_Damage,09_00_01_00,D&G,average,20,713.12,0.97,09,00,01,00
Municipality_Structural_Damage,09_00_01_00,D&G,average,60,2199.87,0.81,09,00,01,00
Municipality_Structural_Damage,09_00_01_00,D&G,average,100,2574.7,0.53,09,00,01,00
Municipality_Structural_Damage,09_00_01_00,D&G&Wp,average,20,758.85,0.97,09,00,01,00
Municipality_Structural_Damage,09_00_01_00,D&G&Wp,average,60,2596.02,0.79,09,00,01,00
Municipality_Structural_Damage,09_00_01_00,D&G&Wp,average,100,2887.0,0.43,09,00,01,00
Municipality_Structural_Damage,09_00_01_00,D&Wp,average,20,751.87,0.97,09,00,01,00
Municipality_Structural_Damage,09_00_01_00,D&Wp,average,60,2671.35,0.79,09,00,01,00
Municipality_Structural_Damage,09_00_01_00,D&Wp,average,100,2914.31,0.41,09,00,01,00
Municipality_Structural_Damage,09_00_01_00,G,average,20,772.82,0.97,09,00,01,00
Municipality_Structural_Damage,09_00_01_00,G,average,60,2445.36,0.8,09,00,01,00
Municipality_Structural_Damage,09_00_01_00,G,average,100,2832.36,0.49,09,00,01,00
Municipality_Structural_Damage,09_00_01_00,G&Wp,average,20,811.57,0.97,09,00,01,00
Municipality_Structural_Damage,09_00_01_00,G&Wp,average,60,2916.84,0.78,09,00,01,00
Municipality_Structural_Damage,09_00_01_00,G&Wp,average,100,3171.97,0.39,09,00,01,00
Municipality_Structural_Damage,09_00_01_00,Wp,average,20,850.32,0.97,09,00,01,00
Municipality_Structural_Damage,09_00_01_00,Wp,average,60,3388.32,0.77,09,00,01,00
Municipality_Structural_Damage,09_00_01_00,Wp,average,100,3511.58,0.34,09,00,01,00
Municipality_Structural_Damage,09_00_03_00,D,average,20,621.83,0.93,09,00,03,00
Municipality_Structural_Damage,09_00_03_00,D,average,60,1913.56,0.81,09,00,03,00
Municipality_Structural_Damage,09_00_03_00,D,average,100,2267.36,0.58,09,00,03,00
Municipality_Structural_Damage,09_00_03_00,D&G,average,20,679.31,0.93,09,00,03,00
Municipality_Structural_Damage,09_00_03_00,D&G,average,60,2149.8,0.79,09,00,03,00
Municipality_Structural_Damage,09_00_03_00,D&G,average,100,2518.46,0.52,09,00,03,00
Municipality_Structural_Damage,09_00_03_00,D&G&Wp,average,20,722.75,0.93,09,00,03,00
Municipality_Structural_Damage,09_00_03_00,D&G&Wp,average,60,2536.54,0.77,09,00,03,00
Municipality_Structural_Damage,09_00_03_00,D&G&Wp,average,100,2823.4,0.42,09,00,03,00
Municipality_Structural_Damage,09_00_03_00,D&Wp,average,20,715.72,0.92,09,00,03,00
Municipality_Structural_Damage,09_00_03_00,D&Wp,average,60,2611.79,0.77,09,00,03,00
Municipality_Structural_Damage,09_00_03_00,D&Wp,average,100,2850.32,0.4,09,00,03,00
Municipality_Structural_Damage,09_00_03_00,G,average,20,736.8,0.93,09,00,03,00
Municipality_Structural_Damage,09_00_03_00,G,average,60,2386.04,0.78,09,00,03,00
Municipality_Structural_Damage,09_00_03_00,G,average,100,2769.57,0.48,09,00,03,00
Municipality_Structural_Damage,09_00_03_00,G&Wp,average,20,773.21,0.92,09,00,03,00
Municipality_Structural_Damage,09_00_03_00,G&Wp,average,60,2848.03,0.76,09,00,03,00
Municipality_Structural_Damage,09_00_03_00,G&Wp,average,100,3101.43,0.39,09,00,03,00
Municipality_Structural_Damage,09_00_03_00,Wp,average,20,809.62,0.92,09,00,03,00
Municipality_Structural_Damage,09_00_03_00,Wp,average,60,3310.02,0.75,09,00,03,00
Municipality_Structural_Damage,09_00_03_00,Wp,average,100,3433.29,0.33,09,00,03,00
Municipality_Structural_Damage,09_00_05_00,D,average,20,192.89,0.29,09,00,05,00
Municipality_Structural_Damage,09_00_05_00,D,average,60,695.03,0.29,09,00,05,00
Municipality_Structural_Damage,09_00_05_00,D,average,100,738.99,0.19,09,00,05,00
Municipality_Structural_Damage,09_00_05_00,D&G,average,20,206.62,0.28,09,00,05,00
Municipality_Structural_Damage,09_00_05_00,D&G,average,60,752.67,0.28,09,00,05,00
Municipality_Structural_Damage,09_00_05_00,D&G,average,100,798.16,0.16,09,00,05,00
Municipality_Structural_Damage,09_00_05_00,D&G&Wp,average,20,211.33,0.27,09,00,05,00
Municipality_Structural_Damage,09_00_05_00,D&G&Wp,average,60,830.47,0.25,09,00,05,00
Municipality_Structural_Damage,09_00_05_00,D&G&Wp,average,100,873.4,0.13,09,00,05,00
Municipality_Structural_Damage,09_00_05_00,D&Wp,average,20,206.82,0.27,09,00,05,00
Municipality_Structural_Damage,09_00_05_00,D&Wp,average,60,840.55,0.25,09,00,05,00
Municipality_Structural_Damage,09_00_05_00,D&Wp,average,100,881.43,0.12,09,00,05,00
Municipality_Structural_Damage,09_00_05_00,G,average,20,220.34,0.28,09,00,05,00
Municipality_Structural_Damage,09_00_05_00,G,average,60,810.31,0.27,09,00,05,00
Municipality_Structural_Damage,09_00_05_00,G,average,100,857.34,0.15,09,00,05,00
Municipality_Structural_Damage,09_00_05_00,G&Wp,average,20,220.55,0.26,09,00,05,00
Municipality_Structural_Damage,09_00_05_00,G&Wp,average,60,898.19,0.24,09,00,05,00
Municipality_Structural_Damage,09_00_05_00,G&Wp,average,100,940.6,0.12,09,00,05,00
Municipality_Structural_Damage,09_00_05_00,Wp,average,20,220.76,0.25,09,00,05,00
Municipality_Structural_Damage,09_00_05_00,Wp,average,60,986.07,0.22,09,00,05,00
Municipality_Structural_Damage,09_00_05_00,Wp,average,100,1023.86,0.1,09,00,05,00
Municipality_Structural_Damage,09_00_07_00,D,average,20,217.12,0.32,09,00,07,00
Municipality_Structural_Damage,09_00_07_00,D,average,60,926.22,0.39,09,00,07,00
Municipality_Structural_Damage,09_00_07_00,D,average,100,1034.15,0.26,09,00,07,00
Municipality_Structural_Damage,09_00_07_00,D&G,average,20,231.44,0.32,09,00,07,00
Municipality_Structural_Damage,09_00_07_00,D&G,average,60,983.93,0.36,09,00,07,00
Municipality_Structural_Damage,09_00_07_00,D&G,average,100,1061.05,0.22,09,00,07,00
Municipality_Structural_Damage,09_00_07_00,D&G&Wp,average,20,235.91,0.3,09,00,07,00
Municipality_Structural_Damage,09_00_07_00,D&G&Wp,average,60,1071.93,0.33,09,00,07,00
Municipality_Structural_Damage,09_00_07_00,D&G&Wp,average,100,1141.13,0.17,09,00,07,00
Municipality_Structural_Damage,09_00_07_00,D&Wp,average,20,230.99,0.3,09,00,07,00
Municipality_Structural_Damage,09_00_07_00,D&Wp,average,60,1087.07,0.32,09,00,07,00
Municipality_Structural_Damage,09_00_07_00,D&Wp,average,100,1167.72,0.16,09,00,07,00
Municipality_Structural_Damage,09_00_07_00,G,average,20,245.76,0.31,09,00,07,00
Municipality_Structural_Damage,09_00_07_00,G,average,60,1041.64,0.34,09,00,07,00
Municipality_Structural_Damage,09_00_07_00,G,average,100,1087.96,0.19,09,00,07,00
Municipality_Structural_Damage,09_00_07_00,G&Wp,average,20,245.31,0.29,09,00,07,00
Municipality_Structural_Damage,09_00_07_00,G&Wp,average,60,1144.78,0.31,09,00,07,00
Municipality_Structural_Damage,09_00_07_00,G&Wp,average,100,1194.63,0.15,09,00,07,00
Municipality_Structural_Damage,09_00_07_00,Wp,average,20,244.86,0.28,09,00,07,00
Municipality_Structural_Damage,09_00_07_00,Wp,average,60,1247.93,0.28,09,00,07,00
Municipality_Structural_Damage,09_00_07_00,Wp,average,100,1301.29,0.13,09,00,07,00
Municipality_Structural_Damage,09_00_09_00,D,average,20,192.89,0.29,09,00,09,00
Municipality_Structural_Damage,09_00_09_00,D,average,60,652.63,0.28,09,00,09,00
Municipality_Structural_Damage,09_00_09_00,D,average,100,652.63,0.17,09,00,09,00
Municipality_Structural_Damage,09_00_09_00,D&G,average,20,206.62,0.28,09,00,09,00
Municipality_Structural_Damage,09_00_09_00,D&G,average,60,709.57,0.26,09,00,09,00
Municipality_Structural_Damage,09_00_09_00,D&G,average,100,709.57,0.15,09,00,09,00
Municipality_Structural_Damage,09_00_09_00,D&G&Wp,average,20,211.33,0.27,09,00,09,00
Municipality_Structural_Damage,09_00_09_00,D&G&Wp,average,60,779.37,0.24,09,00,09,00
Municipality_Structural_Damage,09_00_09_00,D&G&Wp,average,100,792.46,0.12,09,00,09,00
Municipality_Structural_Damage,09_00_09_00,D&Wp,average,20,206.82,0.27,09,00,09,00
Municipality_Structural_Damage,09_00_09_00,D&Wp,average,60,785.79,0.23,09,00,09,00
Municipality_Structural_Damage,09_00_09_00,D&Wp,average,100,805.43,0.11,09,00,09,00
Municipality_Structural_Damage,09_00_09_00,G,average,20,220.34,0.28,09,00,09,00
Municipality_Structural_Damage,09_00_09_00,G,average,60,766.51,0.25,09,00,09,00
Municipality_Structural_Damage,09_00_09_00,G,average,100,766.51,0.13,09,00,09,00
Municipality_Structural_Damage,09_00_09_00,G&Wp,average,20,220.55,0.26,09,00,09,00
Municipality_Structural_Damage,09_00_09_00,G&Wp,average,60,842.74,0.23,09,00,09,00
Municipality_Structural_Damage,09_00_09_00,G&Wp,average,100,862.37,0.11,09,00,09,00
Municipality_Structural_Damage,09_00_09_00,Wp,average,20,220.76,0.25,09,00,09,00
Municipality_Structural_Damage,09_00_09_00,Wp,average,60,918.96,0.21,09,00,09,00
Municipality_Structural_Damage,09_00_09_00,Wp,average,100,958.24,0.09,09,00,09,00
Municipality_Structural_Damage,09_00_11_00,D,average,20,669.49,1.0,09,00,11,00
Municipality_Structural_Damage,09_00_11_00,D,average,60,2089.0,0.88,09,00,11,00
Municipality_Structural_Damage,09_00_11_00,D,average,100,2817.19,0.72,09,00,11,00
Municipality_Structural_Damage,09_00_11_00,D&G,average,20,731.84,1.0,09,00,11,00
Municipality_Structural_Damage,09_00_11_00,D&G,average,60,2350.95,0.87,09,00,11,00
Municipality_Structural_Damage,09_00_11_00,D&G,average,100,3029.51,0.62,09,00,11,00
Municipality_Structural_Damage,09_00_11_00,D&G&Wp,average,20,779.57,1.0,09,00,11,00
Municipality_Structural_Damage,09_00_11_00,D&G&Wp,average,60,2798.23,0.85,09,00,11,00
Municipality_Structural_Damage,09_00_11_00,D&G&Wp,average,100,3429.62,0.51,09,00,11,00
Municipality_Structural_Damage,09_00_11_00,D&Wp,average,20,772.27,1.0,09,00,11,00
Municipality_Structural_Damage,09_00_11_00,D&Wp,average,60,2890.89,0.85,09,00,11,00
Municipality_Structural_Damage,09_00_11_00,D&Wp,average,100,3523.52,0.5,09,00,11,00
Municipality_Structural_Damage,09_00_11_00,G,average,20,794.18,1.0,09,00,11,00
Municipality_Structural_Damage,09_00_11_00,G,average,60,2612.91,0.86,09,00,11,00
Municipality_Structural_Damage,09_00_11_00,G,average,100,3241.82,0.56,09,00,11,00
Municipality_Structural_Damage,09_00_11_00,G&Wp,average,20,834.61,1.0,09,00,11,00
Municipality_Structural_Damage,09_00_11_00,G&Wp,average,60,3152.85,0.84,09,00,11,00
Municipality_Structural_Damage,09_00_11_00,G&Wp,average,100,3735.83,0.46,09,00,11,00
Municipality_Structural_Damage,09_00_11_00,Wp,average,20,875.05,1.0,09,00,11,00
Municipality_Structural_Damage,09_00_11_00,Wp,average,60,3692.79,0.84,09,00,11,00
Municipality_Structural_Damage,09_00_11_00,Wp,average,100,4229.84,0.41,09,00,11,00
Municipality_Structural_Damage,09_00_13_00,D,average,20,521.9,0.78,09,00,13,00
Municipality_Structural_Damage,09_00_13_00,D,average,60,1561.33,0.66,09,00,13,00
Municipality_Structural_Damage,09_00_13_00,D,average,100,2074.57,0.53,09,00,13,00
Municipality_Structural_Damage,09_00_13_00,D&G,average,20,557.8,0.76,09,00,13,00
Municipality_Structural_Damage,09_00_13_00,D&G,average,60,1777.21,0.66,09,00,13,00
Municipality_Structural_Damage,09_00_13_00,D&G,average,100,2188.71,0.45,09,00,13,00
Municipality_Structural_Damage,09_00_13_00,D&G&Wp,average,20,641.09,0.82,09,00,13,00
Municipality_Structural_Damage,09_00_13_00,D&G&Wp,average,60,2069.09,0.63,09,00,13,00
Municipality_Structural_Damage,09_00_13_00,D&G&Wp,average,100,2421.13,0.36,09,00,13,00
Municipality_Structural_Damage,09_00_13_00,D&Wp,average,20,664.78,0.86,09,00,13,00
Municipality_Structural_Damage,09_00_13_00,D&Wp,average,60,2107.1,0.62,09,00,13,00
Municipality_Structural_Damage,09_00_13_00,D&Wp,average,100,2480.28,0.35,09,00,13,00
Municipality_Structural_Damage,09_00_13_00,G,average,20,593.7,0.75,09,00,13,00
Municipality_Structural_Damage,09_00_13_00,G,average,60,1993.08,0.65,09,00,13,00
Municipality_Structural_Damage,09_00_13_00,G,average,100,2302.85,0.4,09,00,13,00
Municipality_Structural_Damage,09_00_13_00,G&Wp,average,20,700.68,0.84,09,00,13,00
Municipality_Structural_Damage,09_00_13_00,G&Wp,average,60,2322.98,0.62,09,00,13,00
Municipality_Structural_Damage,09_00_13_00,G&Wp,average,100,2594.41,0.32,09,00,13,00
Municipality_Structural_Damage,09_00_13_00,Wp,average,20,807.67,0.92,09,00,13,00
Municipality_Structural_Damage,09_00_13_00,Wp,average,60,2652.87,0.6,09,00,13,00
Municipality_Structural_Damage,09_00_13_00,Wp,average,100,2885.98,0.28,09,00,13,00
Municipality_Structural_Damage,11_00_00_00,D,average,20,670.52,1.0,11,00,00,00
Municipality_Structural_Damage,11_00_00_00,D,average,60,2363.56,1.0,11,00,00,00
Municipality_Structural_Damage,11_00_00_00,D,average,100,3922.26,1.0,11,00,00,00
Municipality_Structural_Damage,11_00_00_00,D&G,average,20,733.12,1.0,11,00,00,00
Municipality_Structural_Damage,11_00_00_00,D&G,average,60,2708.88,1.0,11,00,00,00
Municipality_Structural_Damage,11_00_00_00,D&G,average,100,4647.07,0.96,11,00,00,00
Municipality_Structural_Damage,11_00_00_00,D&G&Wp,average,20,781.14,1.0,11,00,00,00
Municipality_Structural_Damage,11_00_00_00,D&G&Wp,average,60,3278.24,1.0,11,00,00,00
Municipality_Structural_Damage,11_00_00_00,D&G&Wp,average,100,5576.67,0.84,11,00,00,00
Municipality_Structural_Damage,11_00_00_00,D&Wp,average,20,773.84,1.0,11,00,00,00
Municipality_Structural_Damage,11_00_00_00,D&Wp,average,60,3390.25,1.0,11,00,00,00
Municipality_Structural_Damage,11_00_00_00,D&Wp,average,100,5679.06,0.8,11,00,00,00
Municipality_Structural_Damage,11_00_00_00,G,average,20,795.72,1.0,11,00,00,00
Municipality_Structural_Damage,11_00_00_00,G,average,60,3054.21,1.0,11,00,00,00
Municipality_Structural_Damage,11_00_00_00,G,average,100,5371.88,0.93,11,00,00,00
Municipality_Structural_Damage,11_00_00_00,G&Wp,average,20,836.45,1.0,11,00,00,00
Municipality_Structural_Damage,11_00_00_00,G&Wp,average,60,3735.58,1.0,11,00,00,00
Municipality_Structural_Damage,11_00_00_00,G&Wp,average,100,6403.87,0.8,11,00,00,00
Municipality_Structural_Damage,11_00_00_00,Wp,average,20,877.17,1.0,11,00,00,00
Municipality_Structural_Damage,11_00_00_00,Wp,average,60,4416.94,1.0,11,00,00,00
Municipality_Structural_Damage,11_00_00_00,Wp,average,100,7435.86,0.72,11,00,00,00
Municipality_Structural_Damage,11_00_01_00,D,average,20,653.42,0.97,11,00,01,00
Municipality_Structural_Damage,11_00_01_00,D,average,60,1954.39,0.83,11,00,01,00
Municipality_Structural_Damage,11_00_01_00,D,average,100,2317.05,0.59,11,00,01,00
Municipality_Structural_Damage,11_00_01_00,D&G,average,20,713.12,0.97,11,00,01,00
Municipality_Structural_Damage,11_00_01_00,D&G,average,60,2199.87,0.81,11,00,01,00
Municipality_Structural_Damage,11_00_01_00,D&G,average,100,2574.7,0.53,11,00,01,00
Municipality_Structural_Damage,11_00_01_00,D&G&Wp,average,20,758.85,0.97,11,00,01,00
Municipality_Structural_Damage,11_00_01_00,D&G&Wp,average,60,2596.02,0.79,11,00,01,00
Municipality_Structural_Damage,11_00_01_00,D&G&Wp,average,100,2887.0,0.43,11,00,01,00
Municipality_Structural_Damage,11_00_01_00,D&Wp,average,20,751.87,0.97,11,00,01,00
Municipality_Structural_Damage,11_00_01_00,D&Wp,average,60,2671.35,0.79,11,00,01,00
Municipality_Structural_Damage,11_00_01_00,D&Wp,average,100,2914.31,0.41,11,00,01,00
Municipality_Structural_Damage,11_00_01_00,G,average,20,772.82,0.97,11,00,01,00
Municipality_Structural_Damage,11_00_01_00,G,average,60,2445.36,0.8,11,00,01,00
Municipality_Structural_Damage,11_00_01_00,G,average,100,2832.36,0.49,11,00,01,00
Municipality_Structural_Damage,11_00_01_00,G&Wp,average,20,811.57,0.97,11,00,01,00
Municipality_Structural_Damage,11_00_01_00,G&Wp,average,60,2916.84,0.78,11,00,01,00
Municipality_Structural_Damage,11_00_01_00,G&Wp,average,100,3171.97,0.39,11,00,01,00
Municipality_Structural_Damage,11_00_01_00,Wp,average,20,850.32,0.97,11,00,01,00
Municipality_Structural_Damage,11_00_01_00,Wp,average,60,3388.32,0.77,11,00,01,00
Municipality_Structural_Damage,11_00_01_00,Wp,average,100,3511.58,0.34,11,00,01,00
Municipality_Structural_Damage,11_00_03_00,D,average,20,621.83,0.93,11,00,03,00
Municipality_Structural_Damage,11_00_03_00,D,average,60,1913.56,0.81,11,00,03,00
Municipality_Structural_Damage,11_00_03_00,D,average,100,2267.36,0.58,11,00,03,00
Municipality_Structural_Damage,11_00_03_00,D&G,average,20,679.31,0.93,11,00,03,00
Municipality_Structural_Damage,11_00_03_00,D&G,average,60,2149.8,0.79,11,00,03,00
Municipality_Structural_Damage,11_00_03_00,D&G,average,100,2518.46,0.52,11,00,03,00
Municipality_Structural_Damage,11_00_03_00,D&G&Wp,average,20,722.75,0.93,11,00,03,00
Municipality_Structural_Damage,11_00_03_00,D&G&Wp,average,60,2536.54,0.77,11,00,03,00
Municipality_Structural_Damage,11_00_03_00,D&G&Wp,average,100,2823.4,0.42,11,00,03,00
Municipality_Structural_Damage,11_00_03_00,D&Wp,average,20,715.72,0.92,11,00,03,00
Municipality_Structural_Damage,11_00_03_00,D&Wp,average,60,2611.79,0.77,11,00,03,00
Municipality_Structural_Damage,11_00_03_00,D&Wp,average,100,2850.32,0.4,11,00,03,00
Municipality_Structural_Damage,11_00_03_00,G,average,20,736.8,0.93,11,00,03,00
Municipality_Structural_Damage,11_00_03_00,G,average,60,2386.04,0.78,11,00,03,00
Municipality_Structural_Damage,11_00_03_00,G,average,100,2769.57,0.48,11,00,03,00
Municipality_Structural_Damage,11_00_03_00,G&Wp,average,20,773.21,0.92,11,00,03,00
Municipality_Structural_Damage,11_00_03_00,G&Wp,average,60,2848.03,0.76,11,00,03,00
Municipality_Structural_Damage,11_00_03_00,G&Wp,average,100,3101.43,0.39,11,00,03,00
Municipality_Structural_Damage,11_00_03_00,Wp,average,20,809.62,0.92,11,00,03,00
Municipality_Structural_Damage,11_00_03_00,Wp,average,60,3310.02,0.75,11,00,03,00
Municipality_Structural_Damage,11_00_03_00,Wp,average,100,3433.29,0.33,11,00,03,00
Municipality_Structural_Damage,11_00_05_00,D,average,20,192.89,0.29,11,00,05,00
Municipality_Structural_Damage,11_00_05_00,D,average,60,695.03,0.29,11,00,05,00
Municipality_Structural_Damage,11_00_05_00,D,average,100,738.99,0.19,11,00,05,00
Municipality_Structural_Damage,11_00_05_00,D&G,average,20,206.62,0.28,11,00,05,00
Municipality_Structural_Damage,11_00_05_00,D&G,average,60,752.67,0.28,11,00,05,00
Municipality_Structural_Damage,11_00_05_00,D&G,average,100,798.16,0.16,11,00,05,00
Municipality_Structural_Damage,11_00_05_00,D&G&Wp,average,20,211.33,0.27,11,00,05,00
Municipality_Structural_Damage,11_00_05_00,D&G&Wp,average,60,830.47,0.25,11,00,05,00
Municipality_Structural_Damage,11_00_05_00,D&G&Wp,average,100,873.4,0.13,11,00,05,00
Municipality_Structural_Damage,11_00_05_00,D&Wp,average,20,206.82,0.27,11,00,05,00
Municipality_Structural_Damage,11_00_05_00,D&Wp,average,60,840.55,0.25,11,00,05,00
Municipality_Structural_Damage,11_00_05_00,D&Wp,average,100,881.43,0.12,11,00,05,00
Municipality_Structural_Damage,11_00_05_00,G,average,20,220.34,0.28,11,00,05,00
Municipality_Structural_Damage,11_00_05_00,G,average,60,810.31,0.27,11,00,05,00
Municipality_Structural_Damage,11_00_05_00,G,average,100,857.34,0.15,11,00,05,00
Municipality_Structural_Damage,11_00_05_00,G&Wp,average,20,220.55,0.26,11,00,05,00
Municipality_Structural_Damage,11_00_05_00,G&Wp,average,60,898.19,0.24,11,00,05,00
Municipality_Structural_Damage,11_00_05_00,G&Wp,average,100,940.6,0.12,11,00,05,00
Municipality_Structural_Damage,11_00_05_00,Wp,average,20,220.76,0.25,11,00,05,00
Municipality_Structural_Damage,11_00_05_00,Wp,average,60,986.07,0.22,11,00,05,00
Municipality_Structural_Damage,11_00_05_00,Wp,average,100,1023.86,0.1,11,00,05,00
Municipality_Structural_Damage,11_00_07_00,D,average,20,216.44,0.32,11,00,07,00
Municipality_Structural_Damage,11_00_07_00,D,average,60,924.62,0.39,11,00,07,00
Municipality_Structural_Damage,11_00_07_00,D,average,100,1037.12,0.26,11,00,07,00
Municipality_Structural_Damage,11_00_07_00,D&G,average,20,230.51,0.31,11,00,07,00
Municipality_Structural_Damage,11_00_07_00,D&G,average,60,986.09,0.36,11,00,07,00
Municipality_Structural_Damage,11_00_07_00,D&G,average,100,1066.92,0.22,11,00,07,00
Municipality_Structural_Damage,11_00_07_00,D&G&Wp,average,20,235.6,0.3,11,00,07,00
Municipality_Structural_Damage,11_00_07_00,D&G&Wp,average,60,1073.29,0.33,11,00,07,00
Municipality_Structural_Damage,11_00_07_00,D&G&Wp,average,100,1144.67,0.17,11,00,07,00
Municipality_Structural_Damage,11_00_07_00,D&Wp,average,20,231.11,0.3,11,00,07,00
Municipality_Structural_Damage,11_00_07_00,D&Wp,average,60,1086.15,0.32,11,00,07,00
Municipality_Structural_Damage,11_00_07_00,D&Wp,average,100,1168.65,0.16,11,00,07,00
Municipality_Structural_Damage,11_00_07_00,G,average,20,244.57,0.31,11,00,07,00
Municipality_Structural_Damage,11_00_07_00,G,average,60,1047.57,0.34,11,00,07,00
Municipality_Structural_Damage,11_00_07_00,G,average,100,1096.71,0.19,11,00,07,00
Municipality_Structural_Damage,11_00_07_00,G&Wp,average,20,245.18,0.29,11,00,07,00
Municipality_Structural_Damage,11_00_07_00,G&Wp,average,60,1147.62,0.31,11,00,07,00
Municipality_Structural_Damage,11_00_07_00,G&Wp,average,100,1198.44,0.15,11,00,07,00
Municipality_Structural_Damage,11_00_07_00,Wp,average,20,245.79,0.28,11,00,07,00
Municipality_Structural_Damage,11_00_07_00,Wp,average,60,1247.68,0.28,11,00,07,00
Municipality_Structural_Damage,11_00_07_00,Wp,average,100,1300.18,0.13,11,00,07,00
Municipality_Structural_Damage,11_00_09_00,D,average,20,192.89,0.29,11,00,09,00
Municipality_Structural_Damage,11_00_09_00,D,average,60,652.63,0.28,11,00,09,00
Municipality_Structural_Damage,11_00_09_00,D,average,100,652.63,0.17,11,00,09,00
Municipality_Structural_Damage,11_00_09_00,D&G,average,20,206.62,0.28,11,00,09,00
Municipality_Structural_Damage,11_00_09_00,D&G,average,60,709.57,0.26,11,00,09,00
Municipality_Structural_Damage,11_00_09_00,D&G,average,100,709.57,0.15,11,00,09,00
Municipality_Structural_Damage,11_00_09_00,D&G&Wp,average,20,211.33,0.27,11,00,09,00
Municipality_Structural_Damage,11_00_09_00,D&G&Wp,average,60,779.37,0.24,11,00,09,00
Municipality_Structural_Damage,11_00_09_00,D&G&Wp,average,100,792.46,0.12,11,00,09,00
Municipality_Structural_Damage,11_00_09_00,D&Wp,average,20,206.82,0.27,11,00,09,00
Municipality_Structural_Damage,11_00_09_00,D&Wp,average,60,785.79,0.23,11,00,09,00
Municipality_Structural_Damage,11_00_09_00,D&Wp,average,100,805.43,0.11,11,00,09,00
Municipality_Structural_Damage,11_00_09_00,G,average,20,220.34,0.28,11,00,09,00
Municipality_Structural_Damage,11_00_09_00,G,average,60,766.51,0.25,11,00,09,00
Municipality_Structural_Damage,11_00_09_00,G,average,100,766.51,0.13,11,00,09,00
Municipality_Structural_Damage,11_00_09_00,G&Wp,average,20,220.55,0.26,11,00,09,00
Municipality_Structural_Damage,11_00_09_00,G&Wp,average,60,842.74,0.23,11,00,09,00
Municipality_Structural_Damage,11_00_09_00,G&Wp,average,100,862.37,0.11,11,00,09,00
Municipality_Structural_Damage,11_00_09_00,Wp,average,20,220.76,0.25,11,00,09,00
Municipality_Structural_Damage,11_00_09_00,Wp,average,60,918.96,0.21,11,00,09,00
Municipality_Structural_Damage,11_00_09_00,Wp,average,100,958.24,0.09,11,00,09,00
Municipality_Structural_Damage,11_00_11_00,D,average,20,669.49,1.0,11,00,11,00
Municipality_Structural_Damage,11_00_11_00,D,average,60,2127.48,0.9,11,00,11,00
Municipality_Structural_Damage,11_00_11_00,D,average,100,2994.12,0.76,11,00,11,00
Municipality_Structural_Damage,11_00_11_00,D&G,average,20,731.84,1.0,11,00,11,00
Municipality_Structural_Damage,11_00_11_00,D&G,average,60,2391.82,0.88,11,00,11,00
Municipality_Structural_Damage,11_00_11_00,D&G,average,100,3198.4,0.66,11,00,11,00
Municipality_Structural_Damage,11_00_11_00,D&G&Wp,average,20,779.57,1.0,11,00,11,00
Municipality_Structural_Damage,11_00_11_00,D&G&Wp,average,60,2824.14,0.86,11,00,11,00
Municipality_Structural_Damage,11_00_11_00,D&G&Wp,average,100,3532.54,0.53,11,00,11,00
Municipality_Structural_Damage,11_00_11_00,D&Wp,average,20,772.27,1.0,11,00,11,00
Municipality_Structural_Damage,11_00_11_00,D&Wp,average,60,2908.12,0.86,11,00,11,00
Municipality_Structural_Damage,11_00_11_00,D&Wp,average,100,3597.47,0.51,11,00,11,00
Municipality_Structural_Damage,11_00_11_00,G,average,20,794.18,1.0,11,00,11,00
Municipality_Structural_Damage,11_00_11_00,G,average,60,2656.17,0.87,11,00,11,00
Municipality_Structural_Damage,11_00_11_00,G,average,100,3402.68,0.59,11,00,11,00
Municipality_Structural_Damage,11_00_11_00,G&Wp,average,20,834.61,1.0,11,00,11,00
Municipality_Structural_Damage,11_00_11_00,G&Wp,average,60,3172.46,0.85,11,00,11,00
Municipality_Structural_Damage,11_00_11_00,G&Wp,average,100,3801.75,0.47,11,00,11,00
Municipality_Structural_Damage,11_00_11_00,Wp,average,20,875.05,1.0,11,00,11,00
Municipality_Structural_Damage,11_00_11_00,Wp,average,60,3688.76,0.84,11,00,11,00
Municipality_Structural_Damage,11_00_11_00,Wp,average,100,4200.82,0.41,11,00,11,00
Municipality_Structural_Damage,11_00_13_00,D,average,20,622.76,0.93,11,00,13,00
Municipality_Structural_Damage,11_00_13_00,D,average,60,1818.65,0.77,11,00,13,00
Municipality_Structural_Damage,11_00_13_00,D,average,100,2377.1,0.61,11,00,13,00
Municipality_Structural_Damage,11_00_13_00,D&G,average,20,680.47,0.93,11,00,13,00
Municipality_Structural_Damage,11_00_13_00,D&G,average,60,2059.34,0.76,11,00,13,00
Municipality_Structural_Damage,11_00_13_00,D&G,average,100,2505.48,0.52,11,00,13,00
Municipality_Structural_Damage,11_00_13_00,D&G&Wp,average,20,724.16,0.93,11,00,13,00
Municipality_Structural_Damage,11_00_13_00,D&G&Wp,average,60,2348.8,0.72,11,00,13,00
Municipality_Structural_Damage,11_00_13_00,D&G&Wp,average,100,2716.16,0.41,11,00,13,00
Municipality_Structural_Damage,11_00_13_00,D&Wp,average,20,717.14,0.93,11,00,13,00
Municipality_Structural_Damage,11_00_13_00,D&Wp,average,60,2373.19,0.7,11,00,13,00
Municipality_Structural_Damage,11_00_13_00,D&Wp,average,100,2757.31,0.39,11,00,13,00
Municipality_Structural_Damage,11_00_13_00,G,average,20,738.18,0.93,11,00,13,00
Municipality_Structural_Damage,11_00_13_00,G,average,60,2300.04,0.75,11,00,13,00
Municipality_Structural_Damage,11_00_13_00,G,average,100,2633.86,0.45,11,00,13,00
Municipality_Structural_Damage,11_00_13_00,G&Wp,average,20,774.85,0.93,11,00,13,00
Municipality_Structural_Damage,11_00_13_00,G&Wp,average,60,2613.88,0.7,11,00,13,00
Municipality_Structural_Damage,11_00_13_00,G&Wp,average,100,2885.69,0.36,11,00,13,00
Municipality_Structural_Damage,11_00_13_00,Wp,average,20,811.52,0.93,11,00,13,00
Municipality_Structural_Damage,11_00_13_00,Wp,average,60,2927.72,0.66,11,00,13,00
Municipality_Structural_Damage,11_00_13_00,Wp,average,100,3137.53,0.3,11,00,13,00
Municipality_Structural_Damage,13_00_00_00,D,average,20,670.52,1.0,13,00,00,00
Municipality_Structural_Damage,13_00_00_00,D,average,60,2224.82,0.94,13,00,00,00
Municipality_Structural_Damage,13_00_00_00,D,average,100,3106.31,0.79,13,00,00,00
Municipality_Structural_Damage,13_00_00_00,D&G,average,20,733.12,1.0,13,00,00,00
Municipality_Structural_Damage,13_00_00_00,D&G,average,60,2257.4,0.83,13,00,00,00
Municipality_Structural_Damage,13_00_00_00,D&G,average,100,3207.33,0.66,13,00,00,00
Municipality_Structural_Damage,13_00_00_00,D&G&Wp,average,20,781.14,1.0,13,00,00,00
Municipality_Structural_Damage,13_00_00_00,D&G&Wp,average,60,2484.38,0.76,13,00,00,00
Municipality_Structural_Damage,13_00_00_00,D&G&Wp,average,100,3144.67,0.47,13,00,00,00
Municipality_Structural_Damage,13_00_00_00,D&Wp,average,20,773.84,1.0,13,00,00,00
Municipality_Structural_Damage,13_00_00_00,D&Wp,average,60,2581.58,0.76,13,00,00,00
Municipality_Structural_Damage,13_00_00_00,D&Wp,average,100,3062.83,0.43,13,00,00,00
Municipality_Structural_Damage,13_00_00_00,G,average,20,795.72,1.0,13,00,00,00
Municipality_Structural_Damage,13_00_00_00,G,average,60,2289.97,0.75,13,00,00,00
Municipality_Structural_Damage,13_00_00_00,G,average,100,3308.35,0.57,13,00,00,00
Municipality_Structural_Damage,13_00_00_00,G&Wp,average,20,836.45,1.0,13,00,00,00
Municipality_Structural_Damage,13_00_00_00,G&Wp,average,60,2614.16,0.7,13,00,00,00
Municipality_Structural_Damage,13_00_00_00,G&Wp,average,100,3163.85,0.39,13,00,00,00
Municipality_Structural_Damage,13_00_00_00,Wp,average,20,877.17,1.0,13,00,00,00
Municipality_Structural_Damage,13_00_00_00,Wp,average,60,2938.34,0.67,13,00,00,00
Municipality_Structural_Damage,13_00_00_00,Wp,average,100,3019.35,0.29,13,00,00,00
Municipality_Structural_Damage,13_00_01_00,D,average,20,653.42,0.97,13,00,01,00
Municipality_Structural_Damage,13_00_01_00,D,average,60,1830.3,0.77,13,00,01,00
Municipality_Structural_Damage,13_00_01_00,D,average,100,2128.62,0.54,13,00,01,00
Municipality_Structural_Damage,13_00_01_00,D&G,average,20,713.12,0.97,13,00,01,00
Municipality_Structural_Damage,13_00_01_00,D&G,average,60,2003.66,0.74,13,00,01,00
Municipality_Structural_Damage,13_00_01_00,D&G,average,100,2214.9,0.46,13,00,01,00
Municipality_Structural_Damage,13_00_01_00,D&G&Wp,average,20,758.85,0.97,13,00,01,00
Municipality_Structural_Damage,13_00_01_00,D&G&Wp,average,60,2247.16,0.69,13,00,01,00
Municipality_Structural_Damage,13_00_01_00,D&G&Wp,average,100,2410.87,0.36,13,00,01,00
Municipality_Structural_Damage,13_00_01_00,D&Wp,average,20,751.87,0.97,13,00,01,00
Municipality_Structural_Damage,13_00_01_00,D&Wp,average,60,2282.23,0.67,13,00,01,00
Municipality_Structural_Damage,13_00_01_00,D&Wp,average,100,2465.7,0.35,13,00,01,00
Municipality_Structural_Damage,13_00_01_00,G,average,20,772.82,0.97,13,00,01,00
Municipality_Structural_Damage,13_00_01_00,G,average,60,2177.01,0.71,13,00,01,00
Municipality_Structural_Damage,13_00_01_00,G,average,100,2301.19,0.4,13,00,01,00
Municipality_Structural_Damage,13_00_01_00,G&Wp,average,20,811.57,0.97,13,00,01,00
Municipality_Structural_Damage,13_00_01_00,G&Wp,average,60,2455.58,0.66,13,00,01,00
Municipality_Structural_Damage,13_00_01_00,G&Wp,average,100,2551.99,0.32,13,00,01,00
Municipality_Structural_Damage,13_00_01_00,Wp,average,20,850.32,0.97,13,00,01,00
Municipality_Structural_Damage,13_00_01_00,Wp,average,60,2734.15,0.62,13,00,01,00
Municipality_Structural_Damage,13_00_01_00,Wp,average,100,2802.79,0.27,13,00,01,00
Municipality_Structural_Damage,13_00_03_00,D,average,20,621.83,0.93,13,00,03,00
Municipality_Structural_Damage,13_00_03_00,D,average,60,1789.48,0.76,13,00,03,00
Municipality_Structural_Damage,13_00_03_00,D,average,100,2078.93,0.53,13,00,03,00
Municipality_Structural_Damage,13_00_03_00,D&G,average,20,679.31,0.93,13,00,03,00
Municipality_Structural_Damage,13_00_03_00,D&G,average,60,1953.59,0.72,13,00,03,00
Municipality_Structural_Damage,13_00_03_00,D&G,average,100,2160.4,0.44,13,00,03,00
Municipality_Structural_Damage,13_00_03_00,D&G&Wp,average,20,722.75,0.93,13,00,03,00
Municipality_Structural_Damage,13_00_03_00,D&G&Wp,average,60,2189.75,0.67,13,00,03,00
Municipality_Structural_Damage,13_00_03_00,D&G&Wp,average,100,2350.51,0.35,13,00,03,00
Municipality_Structural_Damage,13_00_03_00,D&Wp,average,20,715.72,0.92,13,00,03,00
Municipality_Structural_Damage,13_00_03_00,D&Wp,average,60,2225.78,0.66,13,00,03,00
Municipality_Structural_Damage,13_00_03_00,D&Wp,average,100,2404.82,0.34,13,00,03,00
Municipality_Structural_Damage,13_00_03_00,G,average,20,736.8,0.93,13,00,03,00
Municipality_Structural_Damage,13_00_03_00,G,average,60,2117.7,0.69,13,00,03,00
Municipality_Structural_Damage,13_00_03_00,G,average,100,2241.88,0.39,13,00,03,00
Municipality_Structural_Damage,13_00_03_00,G&Wp,average,20,773.21,0.92,13,00,03,00
Municipality_Structural_Damage,13_00_03_00,G&Wp,average,60,2389.89,0.64,13,00,03,00
Municipality_Structural_Damage,13_00_03_00,G&Wp,average,100,2486.3,0.31,13,00,03,00
Municipality_Structural_Damage,13_00_03_00,Wp,average,20,809.62,0.92,13,00,03,00
Municipality_Structural_Damage,13_00_03_00,Wp,average,60,2662.09,0.6,13,00,03,00
Municipality_Structural_Damage,13_00_03_00,Wp,average,100,2730.72,0.26,13,00,03,00
Municipality_Structural_Damage,13_00_05_00,D,average,20,192.89,0.29,13,00,05,00
Municipality_Structural_Damage,13_00_05_00,D,average,60,695.03,0.29,13,00,05,00
Municipality_Structural_Damage,13_00_05_00,D,average,100,738.99,0.19,13,00,05,00
Municipality_Structural_Damage,13_00_05_00,D&G,average,20,206.62,0.28,13,00,05,00
Municipality_Structural_Damage,13_00_05_00,D&G,average,60,752.67,0.28,13,00,05,00
Municipality_Structural_Damage,13_00_05_00,D&G,average,100,798.16,0.16,13,00,05,00
Municipality_Structural_Damage,13_00_05_00,D&G&Wp,average,20,211.33,0.27,13,00,05,00
Municipality_Structural_Damage,13_00_05_00,D&G&Wp,average,60,830.47,0.25,13,00,05,00
Municipality_Structural_Damage,13_00_05_00,D&G&Wp,average,100,873.4,0.13,13,00,05,00
Municipality_Structural_Damage,13_00_05_00,D&Wp,average,20,206.82,0.27,13,00,05,00
Municipality_Structural_Damage,13_00_05_00,D&Wp,average,60,840.55,0.25,13,00,05,00
Municipality_Structural_Damage,13_00_05_00,D&Wp,average,100,881.43,0.12,13,00,05,00
Municipality_Structural_Damage,13_00_05_00,G,average,20,220.34,0.28,13,00,05,00
Municipality_Structural_Damage,13_00_05_00,G,average,60,810.31,0.27,13,00,05,00
Municipality_Structural_Damage,13_00_05_00,G,average,100,857.34,0.15,13,00,05,00
Municipality_Structural_Damage,13_00_05_00,G&Wp,average,20,220.55,0.26,13,00,05,00
Municipality_Structural_Damage,13_00_05_00,G&Wp,average,60,898.19,0.24,13,00,05,00
Municipality_Structural_Damage,13_00_05_00,G&Wp,average,100,940.6,0.12,13,00,05,00
Municipality_Structural_Damage,13_00_05_00,Wp,average,20,220.76,0.25,13,00,05,00
Municipality_Structural_Damage,13_00_05_00,Wp,average,60,986.07,0.22,13,00,05,00
Municipality_Structural_Damage,13_00_05_00,Wp,average,100,1023.86,0.1,13,00,05,00
Municipality_Structural_Damage,13_00_07_00,D,average,20,217.91,0.32,13,00,07,00
Municipality_Structural_Damage,13_00_07_00,D,average,60,936.12,0.4,13,00,07,00
Municipality_Structural_Damage,13_00_07_00,D,average,100,1048.94,0.27,13,00,07,00
Municipality_Structural_Damage,13_00_07_00,D&G,average,20,231.41,0.32,13,00,07,00
Municipality_Structural_Damage,13_00_07_00,D&G,average,60,990.41,0.37,13,00,07,00
Municipality_Structural_Damage,13_00_07_00,D&G,average,100,1070.64,0.22,13,00,07,00
Municipality_Structural_Damage,13_00_07_00,D&G&Wp,average,20,236.04,0.3,13,00,07,00
Municipality_Structural_Damage,13_00_07_00,D&G&Wp,average,60,1076.43,0.33,13,00,07,00
Municipality_Structural_Damage,13_00_07_00,D&G&Wp,average,100,1147.85,0.17,13,00,07,00
Municipality_Structural_Damage,13_00_07_00,D&Wp,average,20,231.61,0.3,13,00,07,00
Municipality_Structural_Damage,13_00_07_00,D&Wp,average,60,1092.28,0.32,13,00,07,00
Municipality_Structural_Damage,13_00_07_00,D&Wp,average,100,1175.6,0.17,13,00,07,00
Municipality_Structural_Damage,13_00_07_00,G,average,20,244.9,0.31,13,00,07,00
Municipality_Structural_Damage,13_00_07_00,G,average,60,1044.71,0.34,13,00,07,00
Municipality_Structural_Damage,13_00_07_00,G,average,100,1092.34,0.19,13,00,07,00
Municipality_Structural_Damage,13_00_07_00,G&Wp,average,20,245.11,0.29,13,00,07,00
Municipality_Structural_Damage,13_00_07_00,G&Wp,average,60,1146.58,0.31,13,00,07,00
Municipality_Structural_Damage,13_00_07_00,G&Wp,average,100,1197.31,0.15,13,00,07,00
Municipality_Structural_Damage,13_00_07_00,Wp,average,20,245.31,0.28,13,00,07,00
Municipality_Structural_Damage,13_00_07_00,Wp,average,60,1248.45,0.28,13,00,07,00
Municipality_Structural_Damage,13_00_07_00,Wp,average,100,1302.27,0.13,13,00,07,00
Municipality_Structural_Damage,13_00_09_00,D,average,20,192.89,0.29,13,00,09,00
Municipality_Structural_Damage,13_00_09_00,D,average,60,652.63,0.28,13,00,09,00
Municipality_Structural_Damage,13_00_09_00,D,average,100,652.63,0.17,13,00,09,00
Municipality_Structural_Damage,13_00_09_00,D&G,average,20,206.62,0.28,13,00,09,00
Municipality_Structural_Damage,13_00_09_00,D&G,average,60,709.57,0.26,13,00,09,00
Municipality_Structural_Damage,13_00_09_00,D&G,average,100,709.57,0.15,13,00,09,00
Municipality_Structural_Damage,13_00_09_00,D&G&Wp,average,20,211.33,0.27,13,00,09,00
Municipality_Structural_Damage,13_00_09_00,D&G&Wp,average,60,779.37,0.24,13,00,09,00
Municipality_Structural_Damage,13_00_09_00,D&G&Wp,average,100,792.46,0.12,13,00,09,00
Municipality_Structural_Damage,13_00_09_00,D&Wp,average,20,206.82,0.27,13,00,09,00
Municipality_Structural_Damage,13_00_09_00,D&Wp,average,60,785.79,0.23,13,00,09,00
Municipality_Structural_Damage,13_00_09_00,D&Wp,average,100,805.43,0.11,13,00,09,00
Municipality_Structural_Damage,13_00_09_00,G,average,20,220.34,0.28,13,00,09,00
Municipality_Structural_Damage,13_00_09_00,G,average,60,766.51,0.25,13,00,09,00
Municipality_Structural_Damage,13_00_09_00,G,average,100,766.51,0.13,13,00,09,00
Municipality_Structural_Damage,13_00_09_00,G&Wp,average,20,220.55,0.26,13,00,09,00
Municipality_Structural_Damage,13_00_09_00,G&Wp,average,60,842.74,0.23,13,00,09,00
Municipality_Structural_Damage,13_00_09_00,G&Wp,average,100,862.37,0.11,13,00,09,00
Municipality_Structural_Damage,13_00_09_00,Wp,average,20,220.76,0.25,13,00,09,00
Municipality_Structural_Damage,13_00_09_00,Wp,average,60,918.96,0.21,13,00,09,00
Municipality_Structural_Damage,13_00_09_00,Wp,average,100,958.24,0.09,13,00,09,00
Municipality_Structural_Damage,13_00_11_00,D,average,20,669.49,1.0,13,00,11,00
Municipality_Structural_Damage,13_00_11_00,D,average,60,1989.61,0.84,13,00,11,00
Municipality_Structural_Damage,13_00_11_00,D,average,100,2578.32,0.66,13,00,11,00
Municipality_Structural_Damage,13_00_11_00,D&G,average,20,731.84,1.0,13,00,11,00
Municipality_Structural_Damage,13_00_11_00,D&G,average,60,2128.72,0.79,13,00,11,00
Municipality_Structural_Damage,13_00_11_00,D&G,average,100,2622.19,0.54,13,00,11,00
Municipality_Structural_Damage,13_00_11_00,D&G&Wp,average,20,779.57,1.0,13,00,11,00
Municipality_Structural_Damage,13_00_11_00,D&G&Wp,average,60,2387.48,0.73,13,00,11,00
Municipality_Structural_Damage,13_00_11_00,D&G&Wp,average,100,2740.53,0.41,13,00,11,00
Municipality_Structural_Damage,13_00_11_00,D&Wp,average,20,772.27,1.0,13,00,11,00
Municipality_Structural_Damage,13_00_11_00,D&Wp,average,60,2447.31,0.72,13,00,11,00
Municipality_Structural_Damage,13_00_11_00,D&Wp,average,100,2777.77,0.39,13,00,11,00
Municipality_Structural_Damage,13_00_11_00,G,average,20,794.18,1.0,13,00,11,00
Municipality_Structural_Damage,13_00_11_00,G,average,60,2267.83,0.74,13,00,11,00
Municipality_Structural_Damage,13_00_11_00,G,average,100,2666.06,0.46,13,00,11,00
Municipality_Structural_Damage,13_00_11_00,G&Wp,average,20,834.61,1.0,13,00,11,00
Municipality_Structural_Damage,13_00_11_00,G&Wp,average,60,2586.42,0.69,13,00,11,00
Municipality_Structural_Damage,13_00_11_00,G&Wp,average,100,2821.64,0.35,13,00,11,00
Municipality_Structural_Damage,13_00_11_00,Wp,average,20,875.05,1.0,13,00,11,00
Municipality_Structural_Damage,13_00_11_00,Wp,average,60,2905.0,0.66,13,00,11,00
Municipality_Structural_Damage,13_00_11_00,Wp,average,100,2977.22,0.29,13,00,11,00
Municipality_Structural_Damage,13_00_13_00,D,average,20,622.76,0.93,13,00,13,00
Municipality_Structural_Damage,13_00_13_00,D,average,60,1794.9,0.76,13,00,13,00
Municipality_Structural_Damage,13_00_13_00,D,average,100,2212.47,0.56,13,00,13,00
Municipality_Structural_Damage,13_00_13_00,D&G,average,20,680.47,0.93,13,00,13,00
Municipality_Structural_Damage,13_00_13_00,D&G,average,60,1966.26,0.73,13,00,13,00
Municipality_Structural_Damage,13_00_13_00,D&G,average,100,2272.62,0.47,13,00,13,00
Municipality_Structural_Damage,13_00_13_00,D&G&Wp,average,20,724.16,0.93,13,00,13,00
Municipality_Structural_Damage,13_00_13_00,D&G&Wp,average,60,2165.32,0.66,13,00,13,00
Municipality_Structural_Damage,13_00_13_00,D&G&Wp,average,100,2398.5,0.36,13,00,13,00
Municipality_Structural_Damage,13_00_13_00,D&Wp,average,20,717.14,0.93,13,00,13,00
Municipality_Structural_Damage,13_00_13_00,D&Wp,average,60,2179.17,0.64,13,00,13,00
Municipality_Structural_Damage,13_00_13_00,D&Wp,average,100,2431.36,0.34,13,00,13,00
Municipality_Structural_Damage,13_00_13_00,G,average,20,738.18,0.93,13,00,13,00
Municipality_Structural_Damage,13_00_13_00,G,average,60,2137.62,0.7,13,00,13,00
Municipality_Structural_Damage,13_00_13_00,G,average,100,2332.78,0.4,13,00,13,00
Municipality_Structural_Damage,13_00_13_00,G&Wp,average,20,774.85,0.93,13,00,13,00
Municipality_Structural_Damage,13_00_13_00,G&Wp,average,60,2350.53,0.63,13,00,13,00
Municipality_Structural_Damage,13_00_13_00,G&Wp,average,100,2491.51,0.31,13,00,13,00
Municipality_Structural_Damage,13_00_13_00,Wp,average,20,811.52,0.93,13,00,13,00
Municipality_Structural_Damage,13_00_13_00,Wp,average,60,2563.44,0.58,13,00,13,00
Municipality_Structural_Damage,13_00_13_00,Wp,average,100,2650.25,0.26,13,00,13,00
