objective_parameter,pw_combi,scenario_of_interest,robustness_metric,year,Value,normalized_values,flood_agr,drought_agr,flood_urb,drought_shp
Crop_Loss,00_00_00_00,D,average,20,34.48,1.0,00,00,00,00
Crop_Loss,00_00_00_00,D,average,60,122.99,1.0,00,00,00,00
Crop_Loss,00_00_00_00,D,average,100,196.53,1.0,00,00,00,00
Crop_Loss,00_00_00_00,D&G,average,20,35.2,1.0,00,00,00,00
Crop_Loss,00_00_00_00,D&G,average,60,129.66,1.0,00,00,00,00
Crop_Loss,00_00_00_00,D&G,average,100,214.42,1.0,00,00,00,00
Crop_Loss,00_00_00_00,D&G&Wp,average,20,40.61,1.0,00,00,00,00
Crop_Loss,00_00_00_00,D&G&Wp,average,60,178.62,1.0,00,00,00,00
Crop_Loss,00_00_00_00,D&G&Wp,average,100,341.08,1.0,00,00,00,00
Crop_Loss,00_00_00_00,D&Wp,average,20,42.96,1.0,00,00,00,00
Crop_Loss,00_00_00_00,D&Wp,average,60,199.77,1.0,00,00,00,00
Crop_Loss,00_00_00_00,D&Wp,average,100,395.46,1.0,00,00,00,00
Crop_Loss,00_00_00_00,G,average,20,35.91,1.0,00,00,00,00
Crop_Loss,00_00_00_00,G,average,60,136.34,1.0,00,00,00,00
Crop_Loss,00_00_00_00,G,average,100,232.32,1.0,00,00,00,00
Crop_Loss,00_00_00_00,G&Wp,average,20,43.68,1.0,00,00,00,00
Crop_Loss,00_00_00_00,G&Wp,average,60,206.44,1.0,00,00,00,00
Crop_Loss,00_00_00_00,G&Wp,average,100,413.36,1.0,00,00,00,00
Crop_Loss,00_00_00_00,Wp,average,20,51.44,1.0,00,00,00,00
Crop_Loss,00_00_00_00,Wp,average,60,276.55,1.0,00,00,00,00
Crop_Loss,00_00_00_00,Wp,average,100,594.4,1.0,00,00,00,00
Crop_Loss,00_01_00_00,D,average,20,35.63,1.03,00,01,00,00
Crop_Loss,00_01_00_00,D,average,60,95.27,0.77,00,01,00,00
Crop_Loss,00_01_00_00,D,average,100,135.96,0.69,00,01,00,00
Crop_Loss,00_01_00_00,D&G,average,20,36.27,1.03,00,01,00,00
Crop_Loss,00_01_00_00,D&G,average,60,99.71,0.77,00,01,00,00
Crop_Loss,00_01_00_00,D&G,average,100,147.66,0.69,00,01,00,00
Crop_Loss,00_01_00_00,D&G&Wp,average,20,41.6,1.02,00,01,00,00
Crop_Loss,00_01_00_00,D&G&Wp,average,60,122.58,0.69,00,01,00,00
Crop_Loss,00_01_00_00,D&G&Wp,average,100,199.9,0.59,00,01,00,00
Crop_Loss,00_01_00_00,D&Wp,average,20,43.95,1.02,00,01,00,00
Crop_Loss,00_01_00_00,D&Wp,average,60,131.8,0.66,00,01,00,00
Crop_Loss,00_01_00_00,D&Wp,average,100,220.18,0.56,00,01,00,00
Crop_Loss,00_01_00_00,G,average,20,36.91,1.03,00,01,00,00
Crop_Loss,00_01_00_00,G,average,60,104.14,0.76,00,01,00,00
Crop_Loss,00_01_00_00,G,average,100,159.35,0.69,00,01,00,00
Crop_Loss,00_01_00_00,G&Wp,average,20,44.58,1.02,00,01,00,00
Crop_Loss,00_01_00_00,G&Wp,average,60,136.23,0.66,00,01,00,00
Crop_Loss,00_01_00_00,G&Wp,average,100,231.88,0.56,00,01,00,00
Crop_Loss,00_01_00_00,Wp,average,20,52.26,1.02,00,01,00,00
Crop_Loss,00_01_00_00,Wp,average,60,168.33,0.61,00,01,00,00
Crop_Loss,00_01_00_00,Wp,average,100,304.4,0.51,00,01,00,00
Crop_Loss,00_03_00_00,D,average,20,33.04,0.96,00,03,00,00
Crop_Loss,00_03_00_00,D,average,60,92.87,0.76,00,03,00,00
Crop_Loss,00_03_00_00,D,average,100,133.56,0.68,00,03,00,00
Crop_Loss,00_03_00_00,D&G,average,20,33.74,0.96,00,03,00,00
Crop_Loss,00_03_00_00,D&G,average,60,96.92,0.75,00,03,00,00
Crop_Loss,00_03_00_00,D&G,average,100,144.87,0.68,00,03,00,00
Crop_Loss,00_03_00_00,D&G&Wp,average,20,38.7,0.95,00,03,00,00
Crop_Loss,00_03_00_00,D&G&Wp,average,60,119.41,0.67,00,03,00,00
Crop_Loss,00_03_00_00,D&G&Wp,average,100,196.73,0.58,00,03,00,00
Crop_Loss,00_03_00_00,D&Wp,average,20,40.83,0.95,00,03,00,00
Crop_Loss,00_03_00_00,D&Wp,average,60,128.63,0.64,00,03,00,00
Crop_Loss,00_03_00_00,D&Wp,average,100,217.01,0.55,00,03,00,00
Crop_Loss,00_03_00_00,G,average,20,34.45,0.96,00,03,00,00
Crop_Loss,00_03_00_00,G,average,60,100.97,0.74,00,03,00,00
Crop_Loss,00_03_00_00,G,average,100,156.18,0.67,00,03,00,00
Crop_Loss,00_03_00_00,G&Wp,average,20,41.54,0.95,00,03,00,00
Crop_Loss,00_03_00_00,G&Wp,average,60,132.68,0.64,00,03,00,00
Crop_Loss,00_03_00_00,G&Wp,average,100,228.32,0.55,00,03,00,00
Crop_Loss,00_03_00_00,Wp,average,20,48.63,0.95,00,03,00,00
Crop_Loss,00_03_00_00,Wp,average,60,164.39,0.59,00,03,00,00
Crop_Loss,00_03_00_00,Wp,average,100,300.45,0.51,00,03,00,00
Crop_Loss,00_05_00_00,D,average,20,29.26,0.85,00,05,00,00
Crop_Loss,00_05_00_00,D,average,60,53.55,0.44,00,05,00,00
Crop_Loss,00_05_00_00,D,average,100,68.57,0.35,00,05,00,00
Crop_Loss,00_05_00_00,D&G,average,20,29.86,0.85,00,05,00,00
Crop_Loss,00_05_00_00,D&G,average,60,55.6,0.43,00,05,00,00
Crop_Loss,00_05_00_00,D&G,average,100,76.38,0.36,00,05,00,00
Crop_Loss,00_05_00_00,D&G&Wp,average,20,32.72,0.81,00,05,00,00
Crop_Loss,00_05_00_00,D&G&Wp,average,60,65.78,0.37,00,05,00,00
Crop_Loss,00_05_00_00,D&G&Wp,average,100,111.12,0.33,00,05,00,00
Crop_Loss,00_05_00_00,D&Wp,average,20,33.85,0.79,00,05,00,00
Crop_Loss,00_05_00_00,D&Wp,average,60,69.84,0.35,00,05,00,00
Crop_Loss,00_05_00_00,D&Wp,average,100,124.58,0.32,00,05,00,00
Crop_Loss,00_05_00_00,G,average,20,30.46,0.85,00,05,00,00
Crop_Loss,00_05_00_00,G,average,60,57.64,0.42,00,05,00,00
Crop_Loss,00_05_00_00,G,average,100,84.2,0.36,00,05,00,00
Crop_Loss,00_05_00_00,G&Wp,average,20,34.46,0.79,00,05,00,00
Crop_Loss,00_05_00_00,G&Wp,average,60,71.89,0.35,00,05,00,00
Crop_Loss,00_05_00_00,G&Wp,average,100,132.39,0.32,00,05,00,00
Crop_Loss,00_05_00_00,Wp,average,20,38.45,0.75,00,05,00,00
Crop_Loss,00_05_00_00,Wp,average,60,86.13,0.31,00,05,00,00
Crop_Loss,00_05_00_00,Wp,average,100,180.59,0.3,00,05,00,00
Crop_Loss,00_06_00_00,D,average,20,30.42,0.88,00,06,00,00
Crop_Loss,00_06_00_00,D,average,60,67.49,0.55,00,06,00,00
Crop_Loss,00_06_00_00,D,average,100,82.03,0.42,00,06,00,00
Crop_Loss,00_06_00_00,D&G,average,20,31.06,0.88,00,06,00,00
Crop_Loss,00_06_00_00,D&G,average,60,70.47,0.54,00,06,00,00
Crop_Loss,00_06_00_00,D&G,average,100,90.34,0.42,00,06,00,00
Crop_Loss,00_06_00_00,D&G&Wp,average,20,34.84,0.86,00,06,00,00
Crop_Loss,00_06_00_00,D&G&Wp,average,60,80.92,0.45,00,06,00,00
Crop_Loss,00_06_00_00,D&G&Wp,average,100,115.57,0.34,00,06,00,00
Crop_Loss,00_06_00_00,D&Wp,average,20,36.42,0.85,00,06,00,00
Crop_Loss,00_06_00_00,D&Wp,average,60,84.65,0.42,00,06,00,00
Crop_Loss,00_06_00_00,D&Wp,average,100,124.04,0.31,00,06,00,00
Crop_Loss,00_06_00_00,G,average,20,31.7,0.88,00,06,00,00
Crop_Loss,00_06_00_00,G,average,60,73.45,0.54,00,06,00,00
Crop_Loss,00_06_00_00,G,average,100,98.64,0.42,00,06,00,00
Crop_Loss,00_06_00_00,G&Wp,average,20,37.06,0.85,00,06,00,00
Crop_Loss,00_06_00_00,G&Wp,average,60,87.63,0.42,00,06,00,00
Crop_Loss,00_06_00_00,G&Wp,average,100,132.35,0.32,00,06,00,00
Crop_Loss,00_06_00_00,Wp,average,20,42.42,0.82,00,06,00,00
Crop_Loss,00_06_00_00,Wp,average,60,101.81,0.37,00,06,00,00
Crop_Loss,00_06_00_00,Wp,average,100,166.05,0.28,00,06,00,00
Crop_Loss,00_07_00_00,D,average,20,23.36,0.68,00,07,00,00
Crop_Loss,00_07_00_00,D,average,60,45.69,0.37,00,07,00,00
Crop_Loss,00_07_00_00,D,average,100,64.1,0.33,00,07,00,00
Crop_Loss,00_07_00_00,D&G,average,20,23.78,0.68,00,07,00,00
Crop_Loss,00_07_00_00,D&G,average,60,48.77,0.38,00,07,00,00
Crop_Loss,00_07_00_00,D&G,average,100,73.45,0.34,00,07,00,00
Crop_Loss,00_07_00_00,D&G&Wp,average,20,24.65,0.61,00,07,00,00
Crop_Loss,00_07_00_00,D&G&Wp,average,60,58.76,0.33,00,07,00,00
Crop_Loss,00_07_00_00,D&G&Wp,average,100,100.26,0.29,00,07,00,00
Crop_Loss,00_07_00_00,D&Wp,average,20,24.88,0.58,00,07,00,00
Crop_Loss,00_07_00_00,D&Wp,average,60,62.21,0.31,00,07,00,00
Crop_Loss,00_07_00_00,D&Wp,average,100,108.99,0.28,00,07,00,00
Crop_Loss,00_07_00_00,G,average,20,24.2,0.67,00,07,00,00
Crop_Loss,00_07_00_00,G,average,60,51.84,0.38,00,07,00,00
Crop_Loss,00_07_00_00,G,average,100,82.8,0.36,00,07,00,00
Crop_Loss,00_07_00_00,G&Wp,average,20,25.3,0.58,00,07,00,00
Crop_Loss,00_07_00_00,G&Wp,average,60,65.29,0.32,00,07,00,00
Crop_Loss,00_07_00_00,G&Wp,average,100,118.34,0.29,00,07,00,00
Crop_Loss,00_07_00_00,Wp,average,20,26.4,0.51,00,07,00,00
Crop_Loss,00_07_00_00,Wp,average,60,78.74,0.28,00,07,00,00
Crop_Loss,00_07_00_00,Wp,average,100,153.88,0.26,00,07,00,00
Crop_Loss,00_08_00_00,D,average,20,23.72,0.69,00,08,00,00
Crop_Loss,00_08_00_00,D,average,60,48.81,0.4,00,08,00,00
Crop_Loss,00_08_00_00,D,average,100,69.81,0.36,00,08,00,00
Crop_Loss,00_08_00_00,D&G,average,20,24.15,0.69,00,08,00,00
Crop_Loss,00_08_00_00,D&G,average,60,53.78,0.41,00,08,00,00
Crop_Loss,00_08_00_00,D&G,average,100,82.35,0.38,00,08,00,00
Crop_Loss,00_08_00_00,D&G&Wp,average,20,25.3,0.62,00,08,00,00
Crop_Loss,00_08_00_00,D&G&Wp,average,60,74.55,0.42,00,08,00,00
Crop_Loss,00_08_00_00,D&G&Wp,average,100,139.18,0.41,00,08,00,00
Crop_Loss,00_08_00_00,D&Wp,average,20,25.67,0.6,00,08,00,00
Crop_Loss,00_08_00_00,D&Wp,average,60,82.46,0.41,00,08,00,00
Crop_Loss,00_08_00_00,D&Wp,average,100,161.32,0.41,00,08,00,00
Crop_Loss,00_08_00_00,G,average,20,24.57,0.68,00,08,00,00
Crop_Loss,00_08_00_00,G,average,60,58.75,0.43,00,08,00,00
Crop_Loss,00_08_00_00,G,average,100,94.89,0.41,00,08,00,00
Crop_Loss,00_08_00_00,G&Wp,average,20,26.09,0.6,00,08,00,00
Crop_Loss,00_08_00_00,G&Wp,average,60,87.43,0.42,00,08,00,00
Crop_Loss,00_08_00_00,G&Wp,average,100,173.86,0.42,00,08,00,00
Crop_Loss,00_08_00_00,Wp,average,20,27.62,0.54,00,08,00,00
Crop_Loss,00_08_00_00,Wp,average,60,116.1,0.42,00,08,00,00
Crop_Loss,00_08_00_00,Wp,average,100,252.83,0.43,00,08,00,00
Crop_Loss,00_09_00_00,D,average,20,30.32,0.88,00,09,00,00
Crop_Loss,00_09_00_00,D,average,60,88.84,0.72,00,09,00,00
Crop_Loss,00_09_00_00,D,average,100,128.19,0.65,00,09,00,00
Crop_Loss,00_09_00_00,D&G,average,20,30.91,0.88,00,09,00,00
Crop_Loss,00_09_00_00,D&G,average,60,92.72,0.72,00,09,00,00
Crop_Loss,00_09_00_00,D&G,average,100,138.91,0.65,00,09,00,00
Crop_Loss,00_09_00_00,D&G&Wp,average,20,34.95,0.86,00,09,00,00
Crop_Loss,00_09_00_00,D&G&Wp,average,60,113.73,0.64,00,09,00,00
Crop_Loss,00_09_00_00,D&G&Wp,average,100,183.52,0.54,00,09,00,00
Crop_Loss,00_09_00_00,D&Wp,average,20,36.68,0.85,00,09,00,00
Crop_Loss,00_09_00_00,D&Wp,average,60,122.29,0.61,00,09,00,00
Crop_Loss,00_09_00_00,D&Wp,average,100,200.47,0.51,00,09,00,00
Crop_Loss,00_09_00_00,G,average,20,31.49,0.88,00,09,00,00
Crop_Loss,00_09_00_00,G,average,60,96.6,0.71,00,09,00,00
Crop_Loss,00_09_00_00,G,average,100,149.63,0.64,00,09,00,00
Crop_Loss,00_09_00_00,G&Wp,average,20,37.27,0.85,00,09,00,00
Crop_Loss,00_09_00_00,G&Wp,average,60,126.17,0.61,00,09,00,00
Crop_Loss,00_09_00_00,G&Wp,average,100,211.19,0.51,00,09,00,00
Crop_Loss,00_09_00_00,Wp,average,20,43.04,0.84,00,09,00,00
Crop_Loss,00_09_00_00,Wp,average,60,155.74,0.56,00,09,00,00
Crop_Loss,00_09_00_00,Wp,average,100,272.74,0.46,00,09,00,00
Crop_Loss,01_00_00_00,D,average,20,34.75,1.01,01,00,00,00
Crop_Loss,01_00_00_00,D,average,60,133.36,1.08,01,00,00,00
Crop_Loss,01_00_00_00,D,average,100,231.22,1.18,01,00,00,00
Crop_Loss,01_00_00_00,D&G,average,20,35.48,1.01,01,00,00,00
Crop_Loss,01_00_00_00,D&G,average,60,142.77,1.1,01,00,00,00
Crop_Loss,01_00_00_00,D&G,average,100,251.97,1.18,01,00,00,00
Crop_Loss,01_00_00_00,D&G&Wp,average,20,40.98,1.01,01,00,00,00
Crop_Loss,01_00_00_00,D&G&Wp,average,60,194.68,1.09,01,00,00,00
Crop_Loss,01_00_00_00,D&G&Wp,average,100,382.65,1.12,01,00,00,00
Crop_Loss,01_00_00_00,D&Wp,average,20,43.37,1.01,01,00,00,00
Crop_Loss,01_00_00_00,D&Wp,average,60,215.92,1.08,01,00,00,00
Crop_Loss,01_00_00_00,D&Wp,average,100,437.62,1.11,01,00,00,00
Crop_Loss,01_00_00_00,G,average,20,36.21,1.01,01,00,00,00
Crop_Loss,01_00_00_00,G,average,60,152.18,1.12,01,00,00,00
Crop_Loss,01_00_00_00,G,average,100,272.72,1.17,01,00,00,00
Crop_Loss,01_00_00_00,G&Wp,average,20,44.1,1.01,01,00,00,00
Crop_Loss,01_00_00_00,G&Wp,average,60,225.33,1.09,01,00,00,00
Crop_Loss,01_00_00_00,G&Wp,average,100,458.37,1.11,01,00,00,00
Crop_Loss,01_00_00_00,Wp,average,20,51.99,1.01,01,00,00,00
Crop_Loss,01_00_00_00,Wp,average,60,298.49,1.08,01,00,00,00
Crop_Loss,01_00_00_00,Wp,average,100,644.01,1.08,01,00,00,00
Crop_Loss,01_01_00_00,D,average,20,35.37,1.03,01,01,00,00
Crop_Loss,01_01_00_00,D,average,60,89.31,0.73,01,01,00,00
Crop_Loss,01_01_00_00,D,average,100,127.23,0.65,01,01,00,00
Crop_Loss,01_01_00_00,D&G,average,20,36.09,1.03,01,01,00,00
Crop_Loss,01_01_00_00,D&G,average,60,94.91,0.73,01,01,00,00
Crop_Loss,01_01_00_00,D&G,average,100,137.41,0.64,01,01,00,00
Crop_Loss,01_01_00_00,D&G&Wp,average,20,41.69,1.03,01,01,00,00
Crop_Loss,01_01_00_00,D&G&Wp,average,60,113.77,0.64,01,01,00,00
Crop_Loss,01_01_00_00,D&G&Wp,average,100,171.5,0.5,01,01,00,00
Crop_Loss,01_01_00_00,D&Wp,average,20,44.13,1.03,01,01,00,00
Crop_Loss,01_01_00_00,D&Wp,average,60,120.4,0.6,01,01,00,00
Crop_Loss,01_01_00_00,D&Wp,average,100,183.46,0.46,01,01,00,00
Crop_Loss,01_01_00_00,G,average,20,36.81,1.02,01,01,00,00
Crop_Loss,01_01_00_00,G,average,60,100.5,0.74,01,01,00,00
Crop_Loss,01_01_00_00,G,average,100,147.58,0.64,01,01,00,00
Crop_Loss,01_01_00_00,G&Wp,average,20,44.85,1.03,01,01,00,00
Crop_Loss,01_01_00_00,G&Wp,average,60,126.0,0.61,01,01,00,00
Crop_Loss,01_01_00_00,G&Wp,average,100,193.64,0.47,01,01,00,00
Crop_Loss,01_01_00_00,Wp,average,20,52.9,1.03,01,01,00,00
Crop_Loss,01_01_00_00,Wp,average,60,151.49,0.55,01,01,00,00
Crop_Loss,01_01_00_00,Wp,average,100,239.69,0.4,01,01,00,00
Crop_Loss,01_03_00_00,D,average,20,33.26,0.96,01,03,00,00
Crop_Loss,01_03_00_00,D,average,60,91.82,0.75,01,03,00,00
Crop_Loss,01_03_00_00,D,average,100,137.27,0.7,01,03,00,00
Crop_Loss,01_03_00_00,D&G,average,20,33.98,0.97,01,03,00,00
Crop_Loss,01_03_00_00,D&G,average,60,96.82,0.75,01,03,00,00
Crop_Loss,01_03_00_00,D&G,average,100,145.7,0.68,01,03,00,00
Crop_Loss,01_03_00_00,D&G&Wp,average,20,39.01,0.96,01,03,00,00
Crop_Loss,01_03_00_00,D&G&Wp,average,60,116.19,0.65,01,03,00,00
Crop_Loss,01_03_00_00,D&G&Wp,average,100,181.4,0.53,01,03,00,00
Crop_Loss,01_03_00_00,D&Wp,average,20,41.16,0.96,01,03,00,00
Crop_Loss,01_03_00_00,D&Wp,average,60,123.37,0.62,01,03,00,00
Crop_Loss,01_03_00_00,D&Wp,average,100,195.03,0.49,01,03,00,00
Crop_Loss,01_03_00_00,G,average,20,34.7,0.97,01,03,00,00
Crop_Loss,01_03_00_00,G,average,60,101.82,0.75,01,03,00,00
Crop_Loss,01_03_00_00,G,average,100,154.13,0.66,01,03,00,00
Crop_Loss,01_03_00_00,G&Wp,average,20,41.88,0.96,01,03,00,00
Crop_Loss,01_03_00_00,G&Wp,average,60,128.37,0.62,01,03,00,00
Crop_Loss,01_03_00_00,G&Wp,average,100,203.46,0.49,01,03,00,00
Crop_Loss,01_03_00_00,Wp,average,20,49.06,0.95,01,03,00,00
Crop_Loss,01_03_00_00,Wp,average,60,154.92,0.56,01,03,00,00
Crop_Loss,01_03_00_00,Wp,average,100,252.79,0.43,01,03,00,00
Crop_Loss,01_05_00_00,D,average,20,29.39,0.85,01,05,00,00
Crop_Loss,01_05_00_00,D,average,60,59.05,0.48,01,05,00,00
Crop_Loss,01_05_00_00,D,average,100,91.86,0.47,01,05,00,00
Crop_Loss,01_05_00_00,D&G,average,20,30.01,0.85,01,05,00,00
Crop_Loss,01_05_00_00,D&G,average,60,63.69,0.49,01,05,00,00
Crop_Loss,01_05_00_00,D&G,average,100,101.61,0.47,01,05,00,00
Crop_Loss,01_05_00_00,D&G&Wp,average,20,32.95,0.81,01,05,00,00
Crop_Loss,01_05_00_00,D&G&Wp,average,60,75.27,0.42,01,05,00,00
Crop_Loss,01_05_00_00,D&G&Wp,average,100,135.43,0.4,01,05,00,00
Crop_Loss,01_05_00_00,D&Wp,average,20,34.11,0.79,01,05,00,00
Crop_Loss,01_05_00_00,D&Wp,average,60,78.75,0.39,01,05,00,00
Crop_Loss,01_05_00_00,D&Wp,average,100,147.47,0.37,01,05,00,00
Crop_Loss,01_05_00_00,G,average,20,30.63,0.85,01,05,00,00
Crop_Loss,01_05_00_00,G,average,60,68.32,0.5,01,05,00,00
Crop_Loss,01_05_00_00,G,average,100,111.36,0.48,01,05,00,00
Crop_Loss,01_05_00_00,G&Wp,average,20,34.74,0.8,01,05,00,00
Crop_Loss,01_05_00_00,G&Wp,average,60,83.38,0.4,01,05,00,00
Crop_Loss,01_05_00_00,G&Wp,average,100,157.22,0.38,01,05,00,00
Crop_Loss,01_05_00_00,Wp,average,20,38.84,0.76,01,05,00,00
Crop_Loss,01_05_00_00,Wp,average,60,98.44,0.36,01,05,00,00
Crop_Loss,01_05_00_00,Wp,average,100,203.07,0.34,01,05,00,00
Crop_Loss,01_06_00_00,D,average,20,30.61,0.89,01,06,00,00
Crop_Loss,01_06_00_00,D,average,60,73.83,0.6,01,06,00,00
Crop_Loss,01_06_00_00,D,average,100,106.2,0.54,01,06,00,00
Crop_Loss,01_06_00_00,D&G,average,20,31.28,0.89,01,06,00,00
Crop_Loss,01_06_00_00,D&G,average,60,78.94,0.61,01,06,00,00
Crop_Loss,01_06_00_00,D&G,average,100,115.75,0.54,01,06,00,00
Crop_Loss,01_06_00_00,D&G&Wp,average,20,35.21,0.87,01,06,00,00
Crop_Loss,01_06_00_00,D&G&Wp,average,60,90.56,0.51,01,06,00,00
Crop_Loss,01_06_00_00,D&G&Wp,average,100,135.08,0.4,01,06,00,00
Crop_Loss,01_06_00_00,D&Wp,average,20,36.85,0.86,01,06,00,00
Crop_Loss,01_06_00_00,D&Wp,average,60,93.82,0.47,01,06,00,00
Crop_Loss,01_06_00_00,D&Wp,average,100,139.98,0.35,01,06,00,00
Crop_Loss,01_06_00_00,G,average,20,31.94,0.89,01,06,00,00
Crop_Loss,01_06_00_00,G,average,60,84.05,0.62,01,06,00,00
Crop_Loss,01_06_00_00,G,average,100,125.3,0.54,01,06,00,00
Crop_Loss,01_06_00_00,G&Wp,average,20,37.52,0.86,01,06,00,00
Crop_Loss,01_06_00_00,G&Wp,average,60,98.93,0.48,01,06,00,00
Crop_Loss,01_06_00_00,G&Wp,average,100,149.52,0.36,01,06,00,00
Crop_Loss,01_06_00_00,Wp,average,20,43.09,0.84,01,06,00,00
Crop_Loss,01_06_00_00,Wp,average,60,113.81,0.41,01,06,00,00
Crop_Loss,01_06_00_00,Wp,average,100,173.75,0.29,01,06,00,00
Crop_Loss,01_07_00_00,D,average,20,23.39,0.68,01,07,00,00
Crop_Loss,01_07_00_00,D,average,60,51.44,0.42,01,07,00,00
Crop_Loss,01_07_00_00,D,average,100,88.25,0.45,01,07,00,00
Crop_Loss,01_07_00_00,D&G,average,20,23.81,0.68,01,07,00,00
Crop_Loss,01_07_00_00,D&G,average,60,57.2,0.44,01,07,00,00
Crop_Loss,01_07_00_00,D&G,average,100,99.72,0.47,01,07,00,00
Crop_Loss,01_07_00_00,D&G&Wp,average,20,24.69,0.61,01,07,00,00
Crop_Loss,01_07_00_00,D&G&Wp,average,60,68.44,0.38,01,07,00,00
Crop_Loss,01_07_00_00,D&G&Wp,average,100,119.13,0.35,01,07,00,00
Crop_Loss,01_07_00_00,D&Wp,average,20,24.91,0.58,01,07,00,00
Crop_Loss,01_07_00_00,D&Wp,average,60,71.18,0.36,01,07,00,00
Crop_Loss,01_07_00_00,D&Wp,average,100,123.1,0.31,01,07,00,00
Crop_Loss,01_07_00_00,G,average,20,24.23,0.67,01,07,00,00
Crop_Loss,01_07_00_00,G,average,60,62.96,0.46,01,07,00,00
Crop_Loss,01_07_00_00,G,average,100,111.2,0.48,01,07,00,00
Crop_Loss,01_07_00_00,G&Wp,average,20,25.34,0.58,01,07,00,00
Crop_Loss,01_07_00_00,G&Wp,average,60,76.94,0.37,01,07,00,00
Crop_Loss,01_07_00_00,G&Wp,average,100,134.57,0.33,01,07,00,00
Crop_Loss,01_07_00_00,Wp,average,20,26.44,0.51,01,07,00,00
Crop_Loss,01_07_00_00,Wp,average,60,90.93,0.33,01,07,00,00
Crop_Loss,01_07_00_00,Wp,average,100,157.94,0.27,01,07,00,00
Crop_Loss,01_08_00_00,D,average,20,23.75,0.69,01,08,00,00
Crop_Loss,01_08_00_00,D,average,60,53.3,0.43,01,08,00,00
Crop_Loss,01_08_00_00,D,average,100,90.56,0.46,01,08,00,00
Crop_Loss,01_08_00_00,D&G,average,20,24.18,0.69,01,08,00,00
Crop_Loss,01_08_00_00,D&G,average,60,60.47,0.47,01,08,00,00
Crop_Loss,01_08_00_00,D&G,average,100,103.78,0.48,01,08,00,00
Crop_Loss,01_08_00_00,D&G&Wp,average,20,25.31,0.62,01,08,00,00
Crop_Loss,01_08_00_00,D&G&Wp,average,60,79.59,0.45,01,08,00,00
Crop_Loss,01_08_00_00,D&G&Wp,average,100,148.01,0.43,01,08,00,00
Crop_Loss,01_08_00_00,D&Wp,average,20,25.66,0.6,01,08,00,00
Crop_Loss,01_08_00_00,D&Wp,average,60,85.56,0.43,01,08,00,00
Crop_Loss,01_08_00_00,D&Wp,average,100,163.51,0.41,01,08,00,00
Crop_Loss,01_08_00_00,G,average,20,24.61,0.69,01,08,00,00
Crop_Loss,01_08_00_00,G,average,60,67.65,0.5,01,08,00,00
Crop_Loss,01_08_00_00,G,average,100,117.0,0.5,01,08,00,00
Crop_Loss,01_08_00_00,G&Wp,average,20,26.09,0.6,01,08,00,00
Crop_Loss,01_08_00_00,G&Wp,average,60,92.73,0.45,01,08,00,00
Crop_Loss,01_08_00_00,G&Wp,average,100,176.74,0.43,01,08,00,00
Crop_Loss,01_08_00_00,Wp,average,20,27.57,0.54,01,08,00,00
Crop_Loss,01_08_00_00,Wp,average,60,117.82,0.43,01,08,00,00
Crop_Loss,01_08_00_00,Wp,average,100,236.47,0.4,01,08,00,00
Crop_Loss,01_09_00_00,D,average,20,30.51,0.88,01,09,00,00
Crop_Loss,01_09_00_00,D,average,60,88.92,0.72,01,09,00,00
Crop_Loss,01_09_00_00,D,average,100,135.98,0.69,01,09,00,00
Crop_Loss,01_09_00_00,D&G,average,20,31.09,0.88,01,09,00,00
Crop_Loss,01_09_00_00,D&G,average,60,94.01,0.73,01,09,00,00
Crop_Loss,01_09_00_00,D&G,average,100,143.45,0.67,01,09,00,00
Crop_Loss,01_09_00_00,D&G&Wp,average,20,35.16,0.87,01,09,00,00
Crop_Loss,01_09_00_00,D&G&Wp,average,60,111.15,0.62,01,09,00,00
Crop_Loss,01_09_00_00,D&G&Wp,average,100,165.0,0.48,01,09,00,00
Crop_Loss,01_09_00_00,D&Wp,average,20,36.91,0.86,01,09,00,00
Crop_Loss,01_09_00_00,D&Wp,average,60,117.17,0.59,01,09,00,00
Crop_Loss,01_09_00_00,D&Wp,average,100,172.05,0.44,01,09,00,00
Crop_Loss,01_09_00_00,G,average,20,31.67,0.88,01,09,00,00
Crop_Loss,01_09_00_00,G,average,60,99.1,0.73,01,09,00,00
Crop_Loss,01_09_00_00,G,average,100,150.91,0.65,01,09,00,00
Crop_Loss,01_09_00_00,G&Wp,average,20,37.49,0.86,01,09,00,00
Crop_Loss,01_09_00_00,G&Wp,average,60,122.26,0.59,01,09,00,00
Crop_Loss,01_09_00_00,G&Wp,average,100,179.52,0.43,01,09,00,00
Crop_Loss,01_09_00_00,Wp,average,20,43.31,0.84,01,09,00,00
Crop_Loss,01_09_00_00,Wp,average,60,145.43,0.53,01,09,00,00
Crop_Loss,01_09_00_00,Wp,average,100,208.12,0.35,01,09,00,00
Crop_Loss,03_00_00_00,D,average,20,35.51,1.03,03,00,00,00
Crop_Loss,03_00_00_00,D,average,60,141.52,1.15,03,00,00,00
Crop_Loss,03_00_00_00,D,average,100,244.02,1.24,03,00,00,00
Crop_Loss,03_00_00_00,D&G,average,20,36.28,1.03,03,00,00,00
Crop_Loss,03_00_00_00,D&G,average,60,149.02,1.15,03,00,00,00
Crop_Loss,03_00_00_00,D&G,average,100,261.68,1.22,03,00,00,00
Crop_Loss,03_00_00_00,D&G&Wp,average,20,41.66,1.03,03,00,00,00
Crop_Loss,03_00_00_00,D&G&Wp,average,60,200.5,1.12,03,00,00,00
Crop_Loss,03_00_00_00,D&G&Wp,average,100,391.13,1.15,03,00,00,00
Crop_Loss,03_00_00_00,D&Wp,average,20,43.95,1.02,03,00,00,00
Crop_Loss,03_00_00_00,D&Wp,average,60,222.5,1.11,03,00,00,00
Crop_Loss,03_00_00_00,D&Wp,average,100,447.02,1.13,03,00,00,00
Crop_Loss,03_00_00_00,G,average,20,37.06,1.03,03,00,00,00
Crop_Loss,03_00_00_00,G,average,60,156.51,1.15,03,00,00,00
Crop_Loss,03_00_00_00,G,average,100,279.34,1.2,03,00,00,00
Crop_Loss,03_00_00_00,G&Wp,average,20,44.73,1.02,03,00,00,00
Crop_Loss,03_00_00_00,G&Wp,average,60,229.99,1.11,03,00,00,00
Crop_Loss,03_00_00_00,G&Wp,average,100,464.68,1.12,03,00,00,00
Crop_Loss,03_00_00_00,Wp,average,20,52.4,1.02,03,00,00,00
Crop_Loss,03_00_00_00,Wp,average,60,303.47,1.1,03,00,00,00
Crop_Loss,03_00_00_00,Wp,average,100,650.03,1.09,03,00,00,00
Crop_Loss,03_01_00_00,D,average,20,36.77,1.07,03,01,00,00
Crop_Loss,03_01_00_00,D,average,60,111.09,0.9,03,01,00,00
Crop_Loss,03_01_00_00,D,average,100,163.28,0.83,03,01,00,00
Crop_Loss,03_01_00_00,D&G,average,20,37.42,1.06,03,01,00,00
Crop_Loss,03_01_00_00,D&G,average,60,114.22,0.88,03,01,00,00
Crop_Loss,03_01_00_00,D&G,average,100,170.68,0.8,03,01,00,00
Crop_Loss,03_01_00_00,D&G&Wp,average,20,42.76,1.05,03,01,00,00
Crop_Loss,03_01_00_00,D&G&Wp,average,60,132.25,0.74,03,01,00,00
Crop_Loss,03_01_00_00,D&G&Wp,average,100,201.4,0.59,03,01,00,00
Crop_Loss,03_01_00_00,D&Wp,average,20,45.11,1.05,03,01,00,00
Crop_Loss,03_01_00_00,D&Wp,average,60,139.69,0.7,03,01,00,00
Crop_Loss,03_01_00_00,D&Wp,average,100,213.05,0.54,03,01,00,00
Crop_Loss,03_01_00_00,G,average,20,38.06,1.06,03,01,00,00
Crop_Loss,03_01_00_00,G,average,60,117.36,0.86,03,01,00,00
Crop_Loss,03_01_00_00,G,average,100,178.09,0.77,03,01,00,00
Crop_Loss,03_01_00_00,G&Wp,average,20,45.76,1.05,03,01,00,00
Crop_Loss,03_01_00_00,G&Wp,average,60,142.83,0.69,03,01,00,00
Crop_Loss,03_01_00_00,G&Wp,average,100,220.45,0.53,03,01,00,00
Crop_Loss,03_01_00_00,Wp,average,20,53.45,1.04,03,01,00,00
Crop_Loss,03_01_00_00,Wp,average,60,168.3,0.61,03,01,00,00
Crop_Loss,03_01_00_00,Wp,average,100,262.82,0.44,03,01,00,00
Crop_Loss,03_03_00_00,D,average,20,34.07,0.99,03,03,00,00
Crop_Loss,03_03_00_00,D,average,60,108.57,0.88,03,03,00,00
Crop_Loss,03_03_00_00,D,average,100,160.76,0.82,03,03,00,00
Crop_Loss,03_03_00_00,D&G,average,20,34.85,0.99,03,03,00,00
Crop_Loss,03_03_00_00,D&G,average,60,112.61,0.87,03,03,00,00
Crop_Loss,03_03_00_00,D&G,average,100,169.07,0.79,03,03,00,00
Crop_Loss,03_03_00_00,D&G&Wp,average,20,39.84,0.98,03,03,00,00
Crop_Loss,03_03_00_00,D&G&Wp,average,60,129.86,0.73,03,03,00,00
Crop_Loss,03_03_00_00,D&G&Wp,average,100,199.0,0.58,03,03,00,00
Crop_Loss,03_03_00_00,D&Wp,average,20,41.94,0.98,03,03,00,00
Crop_Loss,03_03_00_00,D&Wp,average,60,136.46,0.68,03,03,00,00
Crop_Loss,03_03_00_00,D&Wp,average,100,209.81,0.53,03,03,00,00
Crop_Loss,03_03_00_00,G,average,20,35.63,0.99,03,03,00,00
Crop_Loss,03_03_00_00,G,average,60,116.64,0.86,03,03,00,00
Crop_Loss,03_03_00_00,G,average,100,177.37,0.76,03,03,00,00
Crop_Loss,03_03_00_00,G&Wp,average,20,42.72,0.98,03,03,00,00
Crop_Loss,03_03_00_00,G&Wp,average,60,140.5,0.68,03,03,00,00
Crop_Loss,03_03_00_00,G&Wp,average,100,218.12,0.53,03,03,00,00
Crop_Loss,03_03_00_00,Wp,average,20,49.82,0.97,03,03,00,00
Crop_Loss,03_03_00_00,Wp,average,60,164.35,0.59,03,03,00,00
Crop_Loss,03_03_00_00,Wp,average,100,258.87,0.44,03,03,00,00
Crop_Loss,03_05_00_00,D,average,20,30.29,0.88,03,05,00,00
Crop_Loss,03_05_00_00,D,average,60,71.57,0.58,03,05,00,00
Crop_Loss,03_05_00_00,D,average,100,111.57,0.57,03,05,00,00
Crop_Loss,03_05_00_00,D&G,average,20,30.97,0.88,03,05,00,00
Crop_Loss,03_05_00_00,D&G,average,60,73.91,0.57,03,05,00,00
Crop_Loss,03_05_00_00,D&G,average,100,117.65,0.55,03,05,00,00
Crop_Loss,03_05_00_00,D&G&Wp,average,20,33.86,0.83,03,05,00,00
Crop_Loss,03_05_00_00,D&G&Wp,average,60,85.2,0.48,03,05,00,00
Crop_Loss,03_05_00_00,D&G&Wp,average,100,149.77,0.44,03,05,00,00
Crop_Loss,03_05_00_00,D&Wp,average,20,34.97,0.81,03,05,00,00
Crop_Loss,03_05_00_00,D&Wp,average,60,89.68,0.45,03,05,00,00
Crop_Loss,03_05_00_00,D&Wp,average,100,162.78,0.41,03,05,00,00
Crop_Loss,03_05_00_00,G,average,20,31.65,0.88,03,05,00,00
Crop_Loss,03_05_00_00,G,average,60,76.24,0.56,03,05,00,00
Crop_Loss,03_05_00_00,G,average,100,123.74,0.53,03,05,00,00
Crop_Loss,03_05_00_00,G&Wp,average,20,35.65,0.82,03,05,00,00
Crop_Loss,03_05_00_00,G&Wp,average,60,92.02,0.45,03,05,00,00
Crop_Loss,03_05_00_00,G&Wp,average,100,168.87,0.41,03,05,00,00
Crop_Loss,03_05_00_00,Wp,average,20,39.64,0.77,03,05,00,00
Crop_Loss,03_05_00_00,Wp,average,60,107.79,0.39,03,05,00,00
Crop_Loss,03_05_00_00,Wp,average,100,213.99,0.36,03,05,00,00
Crop_Loss,03_06_00_00,D,average,20,31.45,0.91,03,06,00,00
Crop_Loss,03_06_00_00,D,average,60,85.5,0.7,03,06,00,00
Crop_Loss,03_06_00_00,D,average,100,124.93,0.64,03,06,00,00
Crop_Loss,03_06_00_00,D&G,average,20,32.17,0.91,03,06,00,00
Crop_Loss,03_06_00_00,D&G,average,60,88.89,0.69,03,06,00,00
Crop_Loss,03_06_00_00,D&G,average,100,131.61,0.61,03,06,00,00
Crop_Loss,03_06_00_00,D&G&Wp,average,20,35.98,0.89,03,06,00,00
Crop_Loss,03_06_00_00,D&G&Wp,average,60,99.83,0.56,03,06,00,00
Crop_Loss,03_06_00_00,D&G&Wp,average,100,150.16,0.44,03,06,00,00
Crop_Loss,03_06_00_00,D&Wp,average,20,37.53,0.87,03,06,00,00
Crop_Loss,03_06_00_00,D&Wp,average,60,103.6,0.52,03,06,00,00
Crop_Loss,03_06_00_00,D&Wp,average,100,156.11,0.39,03,06,00,00
Crop_Loss,03_06_00_00,G,average,20,32.88,0.92,03,06,00,00
Crop_Loss,03_06_00_00,G,average,60,92.28,0.68,03,06,00,00
Crop_Loss,03_06_00_00,G,average,100,138.28,0.6,03,06,00,00
Crop_Loss,03_06_00_00,G&Wp,average,20,38.25,0.88,03,06,00,00
Crop_Loss,03_06_00_00,G&Wp,average,60,106.99,0.52,03,06,00,00
Crop_Loss,03_06_00_00,G&Wp,average,100,162.78,0.39,03,06,00,00
Crop_Loss,03_06_00_00,Wp,average,20,43.61,0.85,03,06,00,00
Crop_Loss,03_06_00_00,Wp,average,60,121.7,0.44,03,06,00,00
Crop_Loss,03_06_00_00,Wp,average,100,187.28,0.32,03,06,00,00
Crop_Loss,03_07_00_00,D,average,20,24.39,0.71,03,07,00,00
Crop_Loss,03_07_00_00,D,average,60,63.75,0.52,03,07,00,00
Crop_Loss,03_07_00_00,D,average,100,107.49,0.55,03,07,00,00
Crop_Loss,03_07_00_00,D&G,average,20,24.88,0.71,03,07,00,00
Crop_Loss,03_07_00_00,D&G,average,60,67.18,0.52,03,07,00,00
Crop_Loss,03_07_00_00,D&G,average,100,115.28,0.54,03,07,00,00
Crop_Loss,03_07_00_00,D&G&Wp,average,20,25.79,0.64,03,07,00,00
Crop_Loss,03_07_00_00,D&G&Wp,average,60,78.27,0.44,03,07,00,00
Crop_Loss,03_07_00_00,D&G&Wp,average,100,134.75,0.4,03,07,00,00
Crop_Loss,03_07_00_00,D&Wp,average,20,26.0,0.61,03,07,00,00
Crop_Loss,03_07_00_00,D&Wp,average,60,82.11,0.41,03,07,00,00
Crop_Loss,03_07_00_00,D&Wp,average,100,140.6,0.36,03,07,00,00
Crop_Loss,03_07_00_00,G,average,20,25.38,0.71,03,07,00,00
Crop_Loss,03_07_00_00,G,average,60,70.6,0.52,03,07,00,00
Crop_Loss,03_07_00_00,G,average,100,123.06,0.53,03,07,00,00
Crop_Loss,03_07_00_00,G&Wp,average,20,26.5,0.61,03,07,00,00
Crop_Loss,03_07_00_00,G&Wp,average,60,85.54,0.41,03,07,00,00
Crop_Loss,03_07_00_00,G&Wp,average,100,148.39,0.36,03,07,00,00
Crop_Loss,03_07_00_00,Wp,average,20,27.62,0.54,03,07,00,00
Crop_Loss,03_07_00_00,Wp,average,60,100.47,0.36,03,07,00,00
Crop_Loss,03_07_00_00,Wp,average,100,173.71,0.29,03,07,00,00
Crop_Loss,03_08_00_00,D,average,20,24.75,0.72,03,08,00,00
Crop_Loss,03_08_00_00,D,average,60,66.31,0.54,03,08,00,00
Crop_Loss,03_08_00_00,D,average,100,110.51,0.56,03,08,00,00
Crop_Loss,03_08_00_00,D&G,average,20,25.25,0.72,03,08,00,00
Crop_Loss,03_08_00_00,D&G,average,60,71.87,0.55,03,08,00,00
Crop_Loss,03_08_00_00,D&G,average,100,121.84,0.57,03,08,00,00
Crop_Loss,03_08_00_00,D&G&Wp,average,20,26.45,0.65,03,08,00,00
Crop_Loss,03_08_00_00,D&G&Wp,average,60,87.65,0.49,03,08,00,00
Crop_Loss,03_08_00_00,D&G&Wp,average,100,153.22,0.45,03,08,00,00
Crop_Loss,03_08_00_00,D&Wp,average,20,26.79,0.62,03,08,00,00
Crop_Loss,03_08_00_00,D&Wp,average,60,92.76,0.46,03,08,00,00
Crop_Loss,03_08_00_00,D&Wp,average,100,163.24,0.41,03,08,00,00
Crop_Loss,03_08_00_00,G,average,20,25.75,0.72,03,08,00,00
Crop_Loss,03_08_00_00,G,average,60,77.43,0.57,03,08,00,00
Crop_Loss,03_08_00_00,G,average,100,133.17,0.57,03,08,00,00
Crop_Loss,03_08_00_00,G&Wp,average,20,27.29,0.62,03,08,00,00
Crop_Loss,03_08_00_00,G&Wp,average,60,98.32,0.48,03,08,00,00
Crop_Loss,03_08_00_00,G&Wp,average,100,174.57,0.42,03,08,00,00
Crop_Loss,03_08_00_00,Wp,average,20,28.84,0.56,03,08,00,00
Crop_Loss,03_08_00_00,Wp,average,60,119.21,0.43,03,08,00,00
Crop_Loss,03_08_00_00,Wp,average,100,215.98,0.36,03,08,00,00
Crop_Loss,03_09_00_00,D,average,20,31.34,0.91,03,09,00,00
Crop_Loss,03_09_00_00,D,average,60,104.73,0.85,03,09,00,00
Crop_Loss,03_09_00_00,D,average,100,157.99,0.8,03,09,00,00
Crop_Loss,03_09_00_00,D&G,average,20,32.01,0.91,03,09,00,00
Crop_Loss,03_09_00_00,D&G,average,60,108.59,0.84,03,09,00,00
Crop_Loss,03_09_00_00,D&G,average,100,164.04,0.77,03,09,00,00
Crop_Loss,03_09_00_00,D&G&Wp,average,20,36.08,0.89,03,09,00,00
Crop_Loss,03_09_00_00,D&G&Wp,average,60,124.38,0.7,03,09,00,00
Crop_Loss,03_09_00_00,D&G&Wp,average,100,180.7,0.53,03,09,00,00
Crop_Loss,03_09_00_00,D&Wp,average,20,37.79,0.88,03,09,00,00
Crop_Loss,03_09_00_00,D&Wp,average,60,130.35,0.65,03,09,00,00
Crop_Loss,03_09_00_00,D&Wp,average,100,186.0,0.47,03,09,00,00
Crop_Loss,03_09_00_00,G,average,20,32.67,0.91,03,09,00,00
Crop_Loss,03_09_00_00,G,average,60,112.44,0.82,03,09,00,00
Crop_Loss,03_09_00_00,G,average,100,170.09,0.73,03,09,00,00
Crop_Loss,03_09_00_00,G&Wp,average,20,38.45,0.88,03,09,00,00
Crop_Loss,03_09_00_00,G&Wp,average,60,134.21,0.65,03,09,00,00
Crop_Loss,03_09_00_00,G&Wp,average,100,192.05,0.46,03,09,00,00
Crop_Loss,03_09_00_00,Wp,average,20,44.23,0.86,03,09,00,00
Crop_Loss,03_09_00_00,Wp,average,60,155.98,0.56,03,09,00,00
Crop_Loss,03_09_00_00,Wp,average,100,214.0,0.36,03,09,00,00
Crop_Loss,05_00_00_00,D,average,20,33.48,0.97,05,00,00,00
Crop_Loss,05_00_00_00,D,average,60,115.28,0.94,05,00,00,00
Crop_Loss,05_00_00_00,D,average,100,178.27,0.91,05,00,00,00
Crop_Loss,05_00_00_00,D&G,average,20,33.83,0.96,05,00,00,00
Crop_Loss,05_00_00_00,D&G,average,60,120.45,0.93,05,00,00,00
Crop_Loss,05_00_00_00,D&G,average,100,191.03,0.89,05,00,00,00
Crop_Loss,05_00_00_00,D&G&Wp,average,20,39.48,0.97,05,00,00,00
Crop_Loss,05_00_00_00,D&G&Wp,average,60,167.86,0.94,05,00,00,00
Crop_Loss,05_00_00_00,D&G&Wp,average,100,314.04,0.92,05,00,00,00
Crop_Loss,05_00_00_00,D&Wp,average,20,42.14,0.98,05,00,00,00
Crop_Loss,05_00_00_00,D&Wp,average,60,188.97,0.95,05,00,00,00
Crop_Loss,05_00_00_00,D&Wp,average,100,369.16,0.93,05,00,00,00
Crop_Loss,05_00_00_00,G,average,20,34.17,0.95,05,00,00,00
Crop_Loss,05_00_00_00,G,average,60,125.63,0.92,05,00,00,00
Crop_Loss,05_00_00_00,G,average,100,203.78,0.88,05,00,00,00
Crop_Loss,05_00_00_00,G&Wp,average,20,42.48,0.97,05,00,00,00
Crop_Loss,05_00_00_00,G&Wp,average,60,194.15,0.94,05,00,00,00
Crop_Loss,05_00_00_00,G&Wp,average,100,381.92,0.92,05,00,00,00
Crop_Loss,05_00_00_00,Wp,average,20,50.79,0.99,05,00,00,00
Crop_Loss,05_00_00_00,Wp,average,60,262.67,0.95,05,00,00,00
Crop_Loss,05_00_00_00,Wp,average,100,560.06,0.94,05,00,00,00
Crop_Loss,05_01_00_00,D,average,20,34.01,0.99,05,01,00,00
Crop_Loss,05_01_00_00,D,average,60,85.7,0.7,05,01,00,00
Crop_Loss,05_01_00_00,D,average,100,115.35,0.59,05,01,00,00
Crop_Loss,05_01_00_00,D&G,average,20,34.64,0.98,05,01,00,00
Crop_Loss,05_01_00_00,D&G,average,60,88.43,0.68,05,01,00,00
Crop_Loss,05_01_00_00,D&G,average,100,120.0,0.56,05,01,00,00
Crop_Loss,05_01_00_00,D&G&Wp,average,20,40.06,0.99,05,01,00,00
Crop_Loss,05_01_00_00,D&G&Wp,average,60,108.39,0.61,05,01,00,00
Crop_Loss,05_01_00_00,D&G&Wp,average,100,160.36,0.47,05,01,00,00
Crop_Loss,05_01_00_00,D&Wp,average,20,42.45,0.99,05,01,00,00
Crop_Loss,05_01_00_00,D&Wp,average,60,117.01,0.59,05,01,00,00
Crop_Loss,05_01_00_00,D&Wp,average,100,178.22,0.45,05,01,00,00
Crop_Loss,05_01_00_00,G,average,20,35.28,0.98,05,01,00,00
Crop_Loss,05_01_00_00,G,average,60,91.15,0.67,05,01,00,00
Crop_Loss,05_01_00_00,G,average,100,124.64,0.54,05,01,00,00
Crop_Loss,05_01_00_00,G&Wp,average,20,43.09,0.99,05,01,00,00
Crop_Loss,05_01_00_00,G&Wp,average,60,119.73,0.58,05,01,00,00
Crop_Loss,05_01_00_00,G&Wp,average,100,182.87,0.44,05,01,00,00
Crop_Loss,05_01_00_00,Wp,average,20,50.89,0.99,05,01,00,00
Crop_Loss,05_01_00_00,Wp,average,60,148.32,0.54,05,01,00,00
Crop_Loss,05_01_00_00,Wp,average,100,241.09,0.41,05,01,00,00
Crop_Loss,05_03_00_00,D,average,20,32.03,0.93,05,03,00,00
Crop_Loss,05_03_00_00,D,average,60,83.91,0.68,05,03,00,00
Crop_Loss,05_03_00_00,D,average,100,113.56,0.58,05,03,00,00
Crop_Loss,05_03_00_00,D&G,average,20,32.35,0.92,05,03,00,00
Crop_Loss,05_03_00_00,D&G,average,60,85.87,0.66,05,03,00,00
Crop_Loss,05_03_00_00,D&G,average,100,117.44,0.55,05,03,00,00
Crop_Loss,05_03_00_00,D&G&Wp,average,20,37.28,0.92,05,03,00,00
Crop_Loss,05_03_00_00,D&G&Wp,average,60,105.33,0.59,05,03,00,00
Crop_Loss,05_03_00_00,D&G&Wp,average,100,157.3,0.46,05,03,00,00
Crop_Loss,05_03_00_00,D&Wp,average,20,39.59,0.92,05,03,00,00
Crop_Loss,05_03_00_00,D&Wp,average,60,114.08,0.57,05,03,00,00
Crop_Loss,05_03_00_00,D&Wp,average,100,175.29,0.44,05,03,00,00
Crop_Loss,05_03_00_00,G,average,20,32.67,0.91,05,03,00,00
Crop_Loss,05_03_00_00,G,average,60,87.83,0.64,05,03,00,00
Crop_Loss,05_03_00_00,G,average,100,121.32,0.52,05,03,00,00
Crop_Loss,05_03_00_00,G&Wp,average,20,39.91,0.91,05,03,00,00
Crop_Loss,05_03_00_00,G&Wp,average,60,116.04,0.56,05,03,00,00
Crop_Loss,05_03_00_00,G&Wp,average,100,179.17,0.43,05,03,00,00
Crop_Loss,05_03_00_00,Wp,average,20,47.14,0.92,05,03,00,00
Crop_Loss,05_03_00_00,Wp,average,60,144.25,0.52,05,03,00,00
Crop_Loss,05_03_00_00,Wp,average,100,237.03,0.4,05,03,00,00
Crop_Loss,05_05_00_00,D,average,20,28.25,0.82,05,05,00,00
Crop_Loss,05_05_00_00,D,average,60,44.57,0.36,05,05,00,00
Crop_Loss,05_05_00_00,D,average,100,48.78,0.25,05,05,00,00
Crop_Loss,05_05_00_00,D&G,average,20,28.45,0.81,05,05,00,00
Crop_Loss,05_05_00_00,D&G,average,60,44.66,0.34,05,05,00,00
Crop_Loss,05_05_00_00,D&G,average,100,50.03,0.23,05,05,00,00
Crop_Loss,05_05_00_00,D&G&Wp,average,20,31.24,0.77,05,05,00,00
Crop_Loss,05_05_00_00,D&G&Wp,average,60,51.52,0.29,05,05,00,00
Crop_Loss,05_05_00_00,D&G&Wp,average,100,71.83,0.21,05,05,00,00
Crop_Loss,05_05_00_00,D&Wp,average,20,32.53,0.76,05,05,00,00
Crop_Loss,05_05_00_00,D&Wp,average,60,54.9,0.27,05,05,00,00
Crop_Loss,05_05_00_00,D&Wp,average,100,82.12,0.21,05,05,00,00
Crop_Loss,05_05_00_00,G,average,20,28.65,0.8,05,05,00,00
Crop_Loss,05_05_00_00,G,average,60,44.75,0.33,05,05,00,00
Crop_Loss,05_05_00_00,G,average,100,51.27,0.22,05,05,00,00
Crop_Loss,05_05_00_00,G&Wp,average,20,32.73,0.75,05,05,00,00
Crop_Loss,05_05_00_00,G&Wp,average,60,54.99,0.27,05,05,00,00
Crop_Loss,05_05_00_00,G&Wp,average,100,83.36,0.2,05,05,00,00
Crop_Loss,05_05_00_00,Wp,average,20,36.8,0.72,05,05,00,00
Crop_Loss,05_05_00_00,Wp,average,60,65.24,0.24,05,05,00,00
Crop_Loss,05_05_00_00,Wp,average,100,115.45,0.19,05,05,00,00
Crop_Loss,05_06_00_00,D,average,20,29.41,0.85,05,06,00,00
Crop_Loss,05_06_00_00,D,average,60,58.84,0.48,05,06,00,00
Crop_Loss,05_06_00_00,D,average,100,62.57,0.32,05,06,00,00
Crop_Loss,05_06_00_00,D&G,average,20,29.65,0.84,05,06,00,00
Crop_Loss,05_06_00_00,D&G,average,60,59.93,0.46,05,06,00,00
Crop_Loss,05_06_00_00,D&G,average,100,64.35,0.3,05,06,00,00
Crop_Loss,05_06_00_00,D&G&Wp,average,20,33.37,0.82,05,06,00,00
Crop_Loss,05_06_00_00,D&G&Wp,average,60,67.0,0.38,05,06,00,00
Crop_Loss,05_06_00_00,D&G&Wp,average,100,76.27,0.22,05,06,00,00
Crop_Loss,05_06_00_00,D&Wp,average,20,35.11,0.82,05,06,00,00
Crop_Loss,05_06_00_00,D&Wp,average,60,70.0,0.35,05,06,00,00
Crop_Loss,05_06_00_00,D&Wp,average,100,81.34,0.21,05,06,00,00
Crop_Loss,05_06_00_00,G,average,20,29.89,0.83,05,06,00,00
Crop_Loss,05_06_00_00,G,average,60,61.01,0.45,05,06,00,00
Crop_Loss,05_06_00_00,G,average,100,66.13,0.28,05,06,00,00
Crop_Loss,05_06_00_00,G&Wp,average,20,35.34,0.81,05,06,00,00
Crop_Loss,05_06_00_00,G&Wp,average,60,71.08,0.34,05,06,00,00
Crop_Loss,05_06_00_00,G&Wp,average,100,83.12,0.2,05,06,00,00
Crop_Loss,05_06_00_00,Wp,average,20,40.8,0.79,05,06,00,00
Crop_Loss,05_06_00_00,Wp,average,60,81.16,0.29,05,06,00,00
Crop_Loss,05_06_00_00,Wp,average,100,100.1,0.17,05,06,00,00
Crop_Loss,05_07_00_00,D,average,20,22.34,0.65,05,07,00,00
Crop_Loss,05_07_00_00,D,average,60,36.66,0.3,05,07,00,00
Crop_Loss,05_07_00_00,D,average,100,44.29,0.23,05,07,00,00
Crop_Loss,05_07_00_00,D&G,average,20,22.3,0.63,05,07,00,00
Crop_Loss,05_07_00_00,D&G,average,60,37.81,0.29,05,07,00,00
Crop_Loss,05_07_00_00,D&G,average,100,47.12,0.22,05,07,00,00
Crop_Loss,05_07_00_00,D&G&Wp,average,20,23.02,0.57,05,07,00,00
Crop_Loss,05_07_00_00,D&G&Wp,average,60,44.39,0.25,05,07,00,00
Crop_Loss,05_07_00_00,D&G&Wp,average,100,60.85,0.18,05,07,00,00
Crop_Loss,05_07_00_00,D&Wp,average,20,23.41,0.54,05,07,00,00
Crop_Loss,05_07_00_00,D&Wp,average,60,47.1,0.24,05,07,00,00
Crop_Loss,05_07_00_00,D&Wp,average,100,66.3,0.17,05,07,00,00
Crop_Loss,05_07_00_00,G,average,20,22.25,0.62,05,07,00,00
Crop_Loss,05_07_00_00,G,average,60,38.97,0.29,05,07,00,00
Crop_Loss,05_07_00_00,G,average,100,49.96,0.22,05,07,00,00
Crop_Loss,05_07_00_00,G&Wp,average,20,23.37,0.53,05,07,00,00
Crop_Loss,05_07_00_00,G&Wp,average,60,48.26,0.23,05,07,00,00
Crop_Loss,05_07_00_00,G&Wp,average,100,69.13,0.17,05,07,00,00
Crop_Loss,05_07_00_00,Wp,average,20,24.48,0.48,05,07,00,00
Crop_Loss,05_07_00_00,Wp,average,60,57.54,0.21,05,07,00,00
Crop_Loss,05_07_00_00,Wp,average,100,88.31,0.15,05,07,00,00
Crop_Loss,05_08_00_00,D,average,20,22.71,0.66,05,08,00,00
Crop_Loss,05_08_00_00,D,average,60,39.78,0.32,05,08,00,00
Crop_Loss,05_08_00_00,D,average,100,49.97,0.25,05,08,00,00
Crop_Loss,05_08_00_00,D&G,average,20,22.67,0.64,05,08,00,00
Crop_Loss,05_08_00_00,D&G,average,60,42.6,0.33,05,08,00,00
Crop_Loss,05_08_00_00,D&G,average,100,55.09,0.26,05,08,00,00
Crop_Loss,05_08_00_00,D&G&Wp,average,20,23.68,0.58,05,08,00,00
Crop_Loss,05_08_00_00,D&G&Wp,average,60,60.23,0.34,05,08,00,00
Crop_Loss,05_08_00_00,D&G&Wp,average,100,99.7,0.29,05,08,00,00
Crop_Loss,05_08_00_00,D&Wp,average,20,24.2,0.56,05,08,00,00
Crop_Loss,05_08_00_00,D&Wp,average,60,67.63,0.34,05,08,00,00
Crop_Loss,05_08_00_00,D&Wp,average,100,119.45,0.3,05,08,00,00
Crop_Loss,05_08_00_00,G,average,20,22.63,0.63,05,08,00,00
Crop_Loss,05_08_00_00,G,average,60,45.42,0.33,05,08,00,00
Crop_Loss,05_08_00_00,G,average,100,60.2,0.26,05,08,00,00
Crop_Loss,05_08_00_00,G&Wp,average,20,24.16,0.55,05,08,00,00
Crop_Loss,05_08_00_00,G&Wp,average,60,70.45,0.34,05,08,00,00
Crop_Loss,05_08_00_00,G&Wp,average,100,124.57,0.3,05,08,00,00
Crop_Loss,05_08_00_00,Wp,average,20,25.69,0.5,05,08,00,00
Crop_Loss,05_08_00_00,Wp,average,60,95.48,0.35,05,08,00,00
Crop_Loss,05_08_00_00,Wp,average,100,188.93,0.32,05,08,00,00
Crop_Loss,05_09_00_00,D,average,20,29.3,0.85,05,09,00,00
Crop_Loss,05_09_00_00,D,average,60,80.81,0.66,05,09,00,00
Crop_Loss,05_09_00_00,D,average,100,109.57,0.56,05,09,00,00
Crop_Loss,05_09_00_00,D&G,average,20,29.47,0.84,05,09,00,00
Crop_Loss,05_09_00_00,D&G,average,60,82.62,0.64,05,09,00,00
Crop_Loss,05_09_00_00,D&G,average,100,112.72,0.53,05,09,00,00
Crop_Loss,05_09_00_00,D&G&Wp,average,20,33.44,0.82,05,09,00,00
Crop_Loss,05_09_00_00,D&G&Wp,average,60,100.51,0.56,05,09,00,00
Crop_Loss,05_09_00_00,D&G&Wp,average,100,144.93,0.42,05,09,00,00
Crop_Loss,05_09_00_00,D&Wp,average,20,35.35,0.82,05,09,00,00
Crop_Loss,05_09_00_00,D&Wp,average,60,108.55,0.54,05,09,00,00
Crop_Loss,05_09_00_00,D&Wp,average,100,159.46,0.4,05,09,00,00
Crop_Loss,05_09_00_00,G,average,20,29.64,0.83,05,09,00,00
Crop_Loss,05_09_00_00,G,average,60,84.43,0.62,05,09,00,00
Crop_Loss,05_09_00_00,G,average,100,115.88,0.5,05,09,00,00
Crop_Loss,05_09_00_00,G&Wp,average,20,35.51,0.81,05,09,00,00
Crop_Loss,05_09_00_00,G&Wp,average,60,110.36,0.53,05,09,00,00
Crop_Loss,05_09_00_00,G&Wp,average,100,162.61,0.39,05,09,00,00
Crop_Loss,05_09_00_00,Wp,average,20,41.39,0.8,05,09,00,00
Crop_Loss,05_09_00_00,Wp,average,60,136.28,0.49,05,09,00,00
Crop_Loss,05_09_00_00,Wp,average,100,209.35,0.35,05,09,00,00
Crop_Loss,07_00_00_00,D,average,20,33.48,0.97,07,00,00,00
Crop_Loss,07_00_00_00,D,average,60,115.0,0.94,07,00,00,00
Crop_Loss,07_00_00_00,D,average,100,178.8,0.91,07,00,00,00
Crop_Loss,07_00_00_00,D&G,average,20,33.83,0.96,07,00,00,00
Crop_Loss,07_00_00_00,D&G,average,60,120.2,0.93,07,00,00,00
Crop_Loss,07_00_00_00,D&G,average,100,191.63,0.89,07,00,00,00
Crop_Loss,07_00_00_00,D&G&Wp,average,20,39.48,0.97,07,00,00,00
Crop_Loss,07_00_00_00,D&G&Wp,average,60,168.49,0.94,07,00,00,00
Crop_Loss,07_00_00_00,D&G&Wp,average,100,316.27,0.93,07,00,00,00
Crop_Loss,07_00_00_00,D&Wp,average,20,42.14,0.98,07,00,00,00
Crop_Loss,07_00_00_00,D&Wp,average,60,190.04,0.95,07,00,00,00
Crop_Loss,07_00_00_00,D&Wp,average,100,372.18,0.94,07,00,00,00
Crop_Loss,07_00_00_00,G,average,20,34.17,0.95,07,00,00,00
Crop_Loss,07_00_00_00,G,average,60,125.39,0.92,07,00,00,00
Crop_Loss,07_00_00_00,G,average,100,204.45,0.88,07,00,00,00
Crop_Loss,07_00_00_00,G&Wp,average,20,42.48,0.97,07,00,00,00
Crop_Loss,07_00_00_00,G&Wp,average,60,195.23,0.95,07,00,00,00
Crop_Loss,07_00_00_00,G&Wp,average,100,385.0,0.93,07,00,00,00
Crop_Loss,07_00_00_00,Wp,average,20,50.79,0.99,07,00,00,00
Crop_Loss,07_00_00_00,Wp,average,60,265.07,0.96,07,00,00,00
Crop_Loss,07_00_00_00,Wp,average,100,565.55,0.95,07,00,00,00
Crop_Loss,07_01_00_00,D,average,20,34.0,0.99,07,01,00,00
Crop_Loss,07_01_00_00,D,average,60,84.62,0.69,07,01,00,00
Crop_Loss,07_01_00_00,D,average,100,112.12,0.57,07,01,00,00
Crop_Loss,07_01_00_00,D&G,average,20,34.64,0.98,07,01,00,00
Crop_Loss,07_01_00_00,D&G,average,60,87.26,0.67,07,01,00,00
Crop_Loss,07_01_00_00,D&G,average,100,116.35,0.54,07,01,00,00
Crop_Loss,07_01_00_00,D&G&Wp,average,20,40.06,0.99,07,01,00,00
Crop_Loss,07_01_00_00,D&G&Wp,average,60,106.78,0.6,07,01,00,00
Crop_Loss,07_01_00_00,D&G&Wp,average,100,154.56,0.45,07,01,00,00
Crop_Loss,07_01_00_00,D&Wp,average,20,42.45,0.99,07,01,00,00
Crop_Loss,07_01_00_00,D&Wp,average,60,115.21,0.58,07,01,00,00
Crop_Loss,07_01_00_00,D&Wp,average,100,171.55,0.43,07,01,00,00
Crop_Loss,07_01_00_00,G,average,20,35.28,0.98,07,01,00,00
Crop_Loss,07_01_00_00,G,average,60,89.9,0.66,07,01,00,00
Crop_Loss,07_01_00_00,G,average,100,120.58,0.52,07,01,00,00
Crop_Loss,07_01_00_00,G&Wp,average,20,43.09,0.99,07,01,00,00
Crop_Loss,07_01_00_00,G&Wp,average,60,117.85,0.57,07,01,00,00
Crop_Loss,07_01_00_00,G&Wp,average,100,175.77,0.43,07,01,00,00
Crop_Loss,07_01_00_00,Wp,average,20,50.89,0.99,07,01,00,00
Crop_Loss,07_01_00_00,Wp,average,60,145.8,0.53,07,01,00,00
Crop_Loss,07_01_00_00,Wp,average,100,230.97,0.39,07,01,00,00
Crop_Loss,07_03_00_00,D,average,20,32.03,0.93,07,03,00,00
Crop_Loss,07_03_00_00,D,average,60,82.83,0.67,07,03,00,00
Crop_Loss,07_03_00_00,D,average,100,110.33,0.56,07,03,00,00
Crop_Loss,07_03_00_00,D&G,average,20,32.35,0.92,07,03,00,00
Crop_Loss,07_03_00_00,D&G,average,60,84.71,0.65,07,03,00,00
Crop_Loss,07_03_00_00,D&G,average,100,113.79,0.53,07,03,00,00
Crop_Loss,07_03_00_00,D&G&Wp,average,20,37.28,0.92,07,03,00,00
Crop_Loss,07_03_00_00,D&G&Wp,average,60,103.72,0.58,07,03,00,00
Crop_Loss,07_03_00_00,D&G&Wp,average,100,151.5,0.44,07,03,00,00
Crop_Loss,07_03_00_00,D&Wp,average,20,39.58,0.92,07,03,00,00
Crop_Loss,07_03_00_00,D&Wp,average,60,112.28,0.56,07,03,00,00
Crop_Loss,07_03_00_00,D&Wp,average,100,168.62,0.43,07,03,00,00
Crop_Loss,07_03_00_00,G,average,20,32.67,0.91,07,03,00,00
Crop_Loss,07_03_00_00,G,average,60,86.58,0.64,07,03,00,00
Crop_Loss,07_03_00_00,G,average,100,117.25,0.5,07,03,00,00
Crop_Loss,07_03_00_00,G&Wp,average,20,39.9,0.91,07,03,00,00
Crop_Loss,07_03_00_00,G&Wp,average,60,114.16,0.55,07,03,00,00
Crop_Loss,07_03_00_00,G&Wp,average,100,172.08,0.42,07,03,00,00
Crop_Loss,07_03_00_00,Wp,average,20,47.14,0.92,07,03,00,00
Crop_Loss,07_03_00_00,Wp,average,60,141.73,0.51,07,03,00,00
Crop_Loss,07_03_00_00,Wp,average,100,226.9,0.38,07,03,00,00
Crop_Loss,07_05_00_00,D,average,20,28.25,0.82,07,05,00,00
Crop_Loss,07_05_00_00,D,average,60,44.11,0.36,07,05,00,00
Crop_Loss,07_05_00_00,D,average,100,48.37,0.25,07,05,00,00
Crop_Loss,07_05_00_00,D&G,average,20,28.45,0.81,07,05,00,00
Crop_Loss,07_05_00_00,D&G,average,60,44.19,0.34,07,05,00,00
Crop_Loss,07_05_00_00,D&G,average,100,49.63,0.23,07,05,00,00
Crop_Loss,07_05_00_00,D&G&Wp,average,20,31.24,0.77,07,05,00,00
Crop_Loss,07_05_00_00,D&G&Wp,average,60,51.03,0.29,07,05,00,00
Crop_Loss,07_05_00_00,D&G&Wp,average,100,71.52,0.21,07,05,00,00
Crop_Loss,07_05_00_00,D&Wp,average,20,32.53,0.76,07,05,00,00
Crop_Loss,07_05_00_00,D&Wp,average,60,54.4,0.27,07,05,00,00
Crop_Loss,07_05_00_00,D&Wp,average,100,81.84,0.21,07,05,00,00
Crop_Loss,07_05_00_00,G,average,20,28.65,0.8,07,05,00,00
Crop_Loss,07_05_00_00,G,average,60,44.28,0.32,07,05,00,00
Crop_Loss,07_05_00_00,G,average,100,50.89,0.22,07,05,00,00
Crop_Loss,07_05_00_00,G&Wp,average,20,32.73,0.75,07,05,00,00
Crop_Loss,07_05_00_00,G&Wp,average,60,54.49,0.26,07,05,00,00
Crop_Loss,07_05_00_00,G&Wp,average,100,83.1,0.2,07,05,00,00
Crop_Loss,07_05_00_00,Wp,average,20,36.8,0.72,07,05,00,00
Crop_Loss,07_05_00_00,Wp,average,60,64.69,0.23,07,05,00,00
Crop_Loss,07_05_00_00,Wp,average,100,115.32,0.19,07,05,00,00
Crop_Loss,07_06_00_00,D,average,20,29.41,0.85,07,06,00,00
Crop_Loss,07_06_00_00,D,average,60,58.37,0.47,07,06,00,00
Crop_Loss,07_06_00_00,D,average,100,62.13,0.32,07,06,00,00
Crop_Loss,07_06_00_00,D&G,average,20,29.65,0.84,07,06,00,00
Crop_Loss,07_06_00_00,D&G,average,60,59.45,0.46,07,06,00,00
Crop_Loss,07_06_00_00,D&G,average,100,63.92,0.3,07,06,00,00
Crop_Loss,07_06_00_00,D&G&Wp,average,20,33.37,0.82,07,06,00,00
Crop_Loss,07_06_00_00,D&G&Wp,average,60,66.5,0.37,07,06,00,00
Crop_Loss,07_06_00_00,D&G&Wp,average,100,75.71,0.22,07,06,00,00
Crop_Loss,07_06_00_00,D&Wp,average,20,35.11,0.82,07,06,00,00
Crop_Loss,07_06_00_00,D&Wp,average,60,69.48,0.35,07,06,00,00
Crop_Loss,07_06_00_00,D&Wp,average,100,80.71,0.2,07,06,00,00
Crop_Loss,07_06_00_00,G,average,20,29.88,0.83,07,06,00,00
Crop_Loss,07_06_00_00,G,average,60,60.52,0.44,07,06,00,00
Crop_Loss,07_06_00_00,G,average,100,65.72,0.28,07,06,00,00
Crop_Loss,07_06_00_00,G&Wp,average,20,35.34,0.81,07,06,00,00
Crop_Loss,07_06_00_00,G&Wp,average,60,70.56,0.34,07,06,00,00
Crop_Loss,07_06_00_00,G&Wp,average,100,82.5,0.2,07,06,00,00
Crop_Loss,07_06_00_00,Wp,average,20,40.8,0.79,07,06,00,00
Crop_Loss,07_06_00_00,Wp,average,60,80.59,0.29,07,06,00,00
Crop_Loss,07_06_00_00,Wp,average,100,99.29,0.17,07,06,00,00
Crop_Loss,07_07_00_00,D,average,20,22.34,0.65,07,07,00,00
Crop_Loss,07_07_00_00,D,average,60,36.19,0.29,07,07,00,00
Crop_Loss,07_07_00_00,D,average,100,43.86,0.22,07,07,00,00
Crop_Loss,07_07_00_00,D&G,average,20,22.3,0.63,07,07,00,00
Crop_Loss,07_07_00_00,D&G,average,60,37.35,0.29,07,07,00,00
Crop_Loss,07_07_00_00,D&G,average,100,46.72,0.22,07,07,00,00
Crop_Loss,07_07_00_00,D&G&Wp,average,20,23.02,0.57,07,07,00,00
Crop_Loss,07_07_00_00,D&G&Wp,average,60,43.9,0.25,07,07,00,00
Crop_Loss,07_07_00_00,D&G&Wp,average,100,60.15,0.18,07,07,00,00
Crop_Loss,07_07_00_00,D&Wp,average,20,23.41,0.54,07,07,00,00
Crop_Loss,07_07_00_00,D&Wp,average,60,46.6,0.23,07,07,00,00
Crop_Loss,07_07_00_00,D&Wp,average,100,65.44,0.17,07,07,00,00
Crop_Loss,07_07_00_00,G,average,20,22.25,0.62,07,07,00,00
Crop_Loss,07_07_00_00,G,average,60,38.5,0.28,07,07,00,00
Crop_Loss,07_07_00_00,G,average,100,49.58,0.21,07,07,00,00
Crop_Loss,07_07_00_00,G&Wp,average,20,23.37,0.53,07,07,00,00
Crop_Loss,07_07_00_00,G&Wp,average,60,47.75,0.23,07,07,00,00
Crop_Loss,07_07_00_00,G&Wp,average,100,68.29,0.17,07,07,00,00
Crop_Loss,07_07_00_00,Wp,average,20,24.48,0.48,07,07,00,00
Crop_Loss,07_07_00_00,Wp,average,60,57.0,0.21,07,07,00,00
Crop_Loss,07_07_00_00,Wp,average,100,87.01,0.15,07,07,00,00
Crop_Loss,07_08_00_00,D,average,20,22.71,0.66,07,08,00,00
Crop_Loss,07_08_00_00,D,average,60,38.76,0.32,07,08,00,00
Crop_Loss,07_08_00_00,D,average,100,46.87,0.24,07,08,00,00
Crop_Loss,07_08_00_00,D&G,average,20,22.67,0.64,07,08,00,00
Crop_Loss,07_08_00_00,D&G,average,60,41.44,0.32,07,08,00,00
Crop_Loss,07_08_00_00,D&G,average,100,51.37,0.24,07,08,00,00
Crop_Loss,07_08_00_00,D&G&Wp,average,20,23.68,0.58,07,08,00,00
Crop_Loss,07_08_00_00,D&G&Wp,average,60,58.61,0.33,07,08,00,00
Crop_Loss,07_08_00_00,D&G&Wp,average,100,93.85,0.28,07,08,00,00
Crop_Loss,07_08_00_00,D&Wp,average,20,24.2,0.56,07,08,00,00
Crop_Loss,07_08_00_00,D&Wp,average,60,65.86,0.33,07,08,00,00
Crop_Loss,07_08_00_00,D&Wp,average,100,112.83,0.29,07,08,00,00
Crop_Loss,07_08_00_00,G,average,20,22.63,0.63,07,08,00,00
Crop_Loss,07_08_00_00,G,average,60,44.12,0.32,07,08,00,00
Crop_Loss,07_08_00_00,G,average,100,55.87,0.24,07,08,00,00
Crop_Loss,07_08_00_00,G&Wp,average,20,24.16,0.55,07,08,00,00
Crop_Loss,07_08_00_00,G&Wp,average,60,68.54,0.33,07,08,00,00
Crop_Loss,07_08_00_00,G&Wp,average,100,117.34,0.28,07,08,00,00
Crop_Loss,07_08_00_00,Wp,average,20,25.69,0.5,07,08,00,00
Crop_Loss,07_08_00_00,Wp,average,60,92.96,0.34,07,08,00,00
Crop_Loss,07_08_00_00,Wp,average,100,178.8,0.3,07,08,00,00
Crop_Loss,07_09_00_00,D,average,20,29.3,0.85,07,09,00,00
Crop_Loss,07_09_00_00,D,average,60,79.62,0.65,07,09,00,00
Crop_Loss,07_09_00_00,D,average,100,105.97,0.54,07,09,00,00
Crop_Loss,07_09_00_00,D&G,average,20,29.47,0.84,07,09,00,00
Crop_Loss,07_09_00_00,D&G,average,60,81.34,0.63,07,09,00,00
Crop_Loss,07_09_00_00,D&G,average,100,108.59,0.51,07,09,00,00
Crop_Loss,07_09_00_00,D&G&Wp,average,20,33.44,0.82,07,09,00,00
Crop_Loss,07_09_00_00,D&G&Wp,average,60,98.69,0.55,07,09,00,00
Crop_Loss,07_09_00_00,D&G&Wp,average,100,137.78,0.4,07,09,00,00
Crop_Loss,07_09_00_00,D&Wp,average,20,35.35,0.82,07,09,00,00
Crop_Loss,07_09_00_00,D&Wp,average,60,106.5,0.53,07,09,00,00
Crop_Loss,07_09_00_00,D&Wp,average,100,151.07,0.38,07,09,00,00
Crop_Loss,07_09_00_00,G,average,20,29.64,0.83,07,09,00,00
Crop_Loss,07_09_00_00,G,average,60,83.05,0.61,07,09,00,00
Crop_Loss,07_09_00_00,G,average,100,111.21,0.48,07,09,00,00
Crop_Loss,07_09_00_00,G&Wp,average,20,35.51,0.81,07,09,00,00
Crop_Loss,07_09_00_00,G&Wp,average,60,108.22,0.52,07,09,00,00
Crop_Loss,07_09_00_00,G&Wp,average,100,153.69,0.37,07,09,00,00
Crop_Loss,07_09_00_00,Wp,average,20,41.39,0.8,07,09,00,00
Crop_Loss,07_09_00_00,Wp,average,60,133.39,0.48,07,09,00,00
Crop_Loss,07_09_00_00,Wp,average,100,196.17,0.33,07,09,00,00
Crop_Loss,09_00_00_00,D,average,20,34.48,1.0,09,00,00,00
Crop_Loss,09_00_00_00,D,average,60,128.11,1.04,09,00,00,00
Crop_Loss,09_00_00_00,D,average,100,220.47,1.12,09,00,00,00
Crop_Loss,09_00_00_00,D&G,average,20,35.2,1.0,09,00,00,00
Crop_Loss,09_00_00_00,D&G,average,60,137.48,1.06,09,00,00,00
Crop_Loss,09_00_00_00,D&G,average,100,242.62,1.13,09,00,00,00
Crop_Loss,09_00_00_00,D&G&Wp,average,20,40.61,1.0,09,00,00,00
Crop_Loss,09_00_00_00,D&G&Wp,average,60,188.92,1.06,09,00,00,00
Crop_Loss,09_00_00_00,D&G&Wp,average,100,374.96,1.1,09,00,00,00
Crop_Loss,09_00_00_00,D&Wp,average,20,42.96,1.0,09,00,00,00
Crop_Loss,09_00_00_00,D&Wp,average,60,209.97,1.05,09,00,00,00
Crop_Loss,09_00_00_00,D&Wp,average,100,430.05,1.09,09,00,00,00
Crop_Loss,09_00_00_00,G,average,20,35.91,1.0,09,00,00,00
Crop_Loss,09_00_00_00,G,average,60,146.84,1.08,09,00,00,00
Crop_Loss,09_00_00_00,G,average,100,264.78,1.14,09,00,00,00
Crop_Loss,09_00_00_00,G&Wp,average,20,43.68,1.0,09,00,00,00
Crop_Loss,09_00_00_00,G&Wp,average,60,219.33,1.06,09,00,00,00
Crop_Loss,09_00_00_00,G&Wp,average,100,452.21,1.09,09,00,00,00
Crop_Loss,09_00_00_00,Wp,average,20,51.44,1.0,09,00,00,00
Crop_Loss,09_00_00_00,Wp,average,60,291.82,1.06,09,00,00,00
Crop_Loss,09_00_00_00,Wp,average,100,639.63,1.08,09,00,00,00
Crop_Loss,09_01_00_00,D,average,20,35.63,1.03,09,01,00,00
Crop_Loss,09_01_00_00,D,average,60,100.45,0.82,09,01,00,00
Crop_Loss,09_01_00_00,D,average,100,154.1,0.78,09,01,00,00
Crop_Loss,09_01_00_00,D&G,average,20,36.27,1.03,09,01,00,00
Crop_Loss,09_01_00_00,D&G,average,60,106.72,0.82,09,01,00,00
Crop_Loss,09_01_00_00,D&G,average,100,165.95,0.77,09,01,00,00
Crop_Loss,09_01_00_00,D&G&Wp,average,20,41.6,1.02,09,01,00,00
Crop_Loss,09_01_00_00,D&G&Wp,average,60,129.45,0.72,09,01,00,00
Crop_Loss,09_01_00_00,D&G&Wp,average,100,205.21,0.6,09,01,00,00
Crop_Loss,09_01_00_00,D&Wp,average,20,43.95,1.02,09,01,00,00
Crop_Loss,09_01_00_00,D&Wp,average,60,137.68,0.69,09,01,00,00
Crop_Loss,09_01_00_00,D&Wp,average,100,218.92,0.55,09,01,00,00
Crop_Loss,09_01_00_00,G,average,20,36.91,1.03,09,01,00,00
Crop_Loss,09_01_00_00,G,average,60,112.99,0.83,09,01,00,00
Crop_Loss,09_01_00_00,G,average,100,177.81,0.77,09,01,00,00
Crop_Loss,09_01_00_00,G&Wp,average,20,44.58,1.02,09,01,00,00
Crop_Loss,09_01_00_00,G&Wp,average,60,143.95,0.7,09,01,00,00
Crop_Loss,09_01_00_00,G&Wp,average,100,230.77,0.56,09,01,00,00
Crop_Loss,09_01_00_00,Wp,average,20,52.26,1.02,09,01,00,00
Crop_Loss,09_01_00_00,Wp,average,60,174.92,0.63,09,01,00,00
Crop_Loss,09_01_00_00,Wp,average,100,283.73,0.48,09,01,00,00
Crop_Loss,09_03_00_00,D,average,20,33.04,0.96,09,03,00,00
Crop_Loss,09_03_00_00,D,average,60,98.05,0.8,09,03,00,00
Crop_Loss,09_03_00_00,D,average,100,151.7,0.77,09,03,00,00
Crop_Loss,09_03_00_00,D&G,average,20,33.74,0.96,09,03,00,00
Crop_Loss,09_03_00_00,D&G,average,60,103.93,0.8,09,03,00,00
Crop_Loss,09_03_00_00,D&G,average,100,163.17,0.76,09,03,00,00
Crop_Loss,09_03_00_00,D&G&Wp,average,20,38.7,0.95,09,03,00,00
Crop_Loss,09_03_00_00,D&G&Wp,average,60,126.28,0.71,09,03,00,00
Crop_Loss,09_03_00_00,D&G&Wp,average,100,202.04,0.59,09,03,00,00
Crop_Loss,09_03_00_00,D&Wp,average,20,40.83,0.95,09,03,00,00
Crop_Loss,09_03_00_00,D&Wp,average,60,134.51,0.67,09,03,00,00
Crop_Loss,09_03_00_00,D&Wp,average,100,215.74,0.55,09,03,00,00
Crop_Loss,09_03_00_00,G,average,20,34.45,0.96,09,03,00,00
Crop_Loss,09_03_00_00,G,average,60,109.82,0.81,09,03,00,00
Crop_Loss,09_03_00_00,G,average,100,174.63,0.75,09,03,00,00
Crop_Loss,09_03_00_00,G&Wp,average,20,41.54,0.95,09,03,00,00
Crop_Loss,09_03_00_00,G&Wp,average,60,140.39,0.68,09,03,00,00
Crop_Loss,09_03_00_00,G&Wp,average,100,227.21,0.55,09,03,00,00
Crop_Loss,09_03_00_00,Wp,average,20,48.63,0.95,09,03,00,00
Crop_Loss,09_03_00_00,Wp,average,60,170.97,0.62,09,03,00,00
Crop_Loss,09_03_00_00,Wp,average,100,279.78,0.47,09,03,00,00
Crop_Loss,09_05_00_00,D,average,20,29.26,0.85,09,05,00,00
Crop_Loss,09_05_00_00,D,average,60,58.5,0.48,09,05,00,00
Crop_Loss,09_05_00_00,D,average,100,91.71,0.47,09,05,00,00
Crop_Loss,09_05_00_00,D&G,average,20,29.86,0.85,09,05,00,00
Crop_Loss,09_05_00_00,D&G,average,60,63.13,0.49,09,05,00,00
Crop_Loss,09_05_00_00,D&G,average,100,102.44,0.48,09,05,00,00
Crop_Loss,09_05_00_00,D&G&Wp,average,20,32.72,0.81,09,05,00,00
Crop_Loss,09_05_00_00,D&G&Wp,average,60,75.54,0.42,09,05,00,00
Crop_Loss,09_05_00_00,D&G&Wp,average,100,138.83,0.41,09,05,00,00
Crop_Loss,09_05_00_00,D&Wp,average,20,33.85,0.79,09,05,00,00
Crop_Loss,09_05_00_00,D&Wp,average,60,79.44,0.4,09,05,00,00
Crop_Loss,09_05_00_00,D&Wp,average,100,151.66,0.38,09,05,00,00
Crop_Loss,09_05_00_00,G,average,20,30.46,0.85,09,05,00,00
Crop_Loss,09_05_00_00,G,average,60,67.75,0.5,09,05,00,00
Crop_Loss,09_05_00_00,G,average,100,113.17,0.49,09,05,00,00
Crop_Loss,09_05_00_00,G&Wp,average,20,34.46,0.79,09,05,00,00
Crop_Loss,09_05_00_00,G&Wp,average,60,84.06,0.41,09,05,00,00
Crop_Loss,09_05_00_00,G&Wp,average,100,162.39,0.39,09,05,00,00
Crop_Loss,09_05_00_00,Wp,average,20,38.45,0.75,09,05,00,00
Crop_Loss,09_05_00_00,Wp,average,60,100.37,0.36,09,05,00,00
Crop_Loss,09_05_00_00,Wp,average,100,211.61,0.36,09,05,00,00
Crop_Loss,09_06_00_00,D,average,20,30.42,0.88,09,06,00,00
Crop_Loss,09_06_00_00,D,average,60,72.44,0.59,09,06,00,00
Crop_Loss,09_06_00_00,D,average,100,105.16,0.54,09,06,00,00
Crop_Loss,09_06_00_00,D&G,average,20,31.06,0.88,09,06,00,00
Crop_Loss,09_06_00_00,D&G,average,60,77.99,0.6,09,06,00,00
Crop_Loss,09_06_00_00,D&G,average,100,116.33,0.54,09,06,00,00
Crop_Loss,09_06_00_00,D&G&Wp,average,20,34.84,0.86,09,06,00,00
Crop_Loss,09_06_00_00,D&G&Wp,average,60,90.54,0.51,09,06,00,00
Crop_Loss,09_06_00_00,D&G&Wp,average,100,140.61,0.41,09,06,00,00
Crop_Loss,09_06_00_00,D&Wp,average,20,36.42,0.85,09,06,00,00
Crop_Loss,09_06_00_00,D&Wp,average,60,94.04,0.47,09,06,00,00
Crop_Loss,09_06_00_00,D&Wp,average,100,147.16,0.37,09,06,00,00
Crop_Loss,09_06_00_00,G,average,20,31.7,0.88,09,06,00,00
Crop_Loss,09_06_00_00,G,average,60,83.54,0.61,09,06,00,00
Crop_Loss,09_06_00_00,G,average,100,127.51,0.55,09,06,00,00
Crop_Loss,09_06_00_00,G&Wp,average,20,37.06,0.85,09,06,00,00
Crop_Loss,09_06_00_00,G&Wp,average,60,99.59,0.48,09,06,00,00
Crop_Loss,09_06_00_00,G&Wp,average,100,158.34,0.38,09,06,00,00
Crop_Loss,09_06_00_00,Wp,average,20,42.42,0.82,09,06,00,00
Crop_Loss,09_06_00_00,Wp,average,60,115.64,0.42,09,06,00,00
Crop_Loss,09_06_00_00,Wp,average,100,189.16,0.32,09,06,00,00
Crop_Loss,09_07_00_00,D,average,20,23.36,0.68,09,07,00,00
Crop_Loss,09_07_00_00,D,average,60,50.65,0.41,09,07,00,00
Crop_Loss,09_07_00_00,D,average,100,87.36,0.44,09,07,00,00
Crop_Loss,09_07_00_00,D&G,average,20,23.78,0.68,09,07,00,00
Crop_Loss,09_07_00_00,D&G,average,60,56.32,0.43,09,07,00,00
Crop_Loss,09_07_00_00,D&G,average,100,99.77,0.47,09,07,00,00
Crop_Loss,09_07_00_00,D&G&Wp,average,20,24.65,0.61,09,07,00,00
Crop_Loss,09_07_00_00,D&G&Wp,average,60,68.55,0.38,09,07,00,00
Crop_Loss,09_07_00_00,D&G&Wp,average,100,123.95,0.36,09,07,00,00
Crop_Loss,09_07_00_00,D&Wp,average,20,24.88,0.58,09,07,00,00
Crop_Loss,09_07_00_00,D&Wp,average,60,71.83,0.36,09,07,00,00
Crop_Loss,09_07_00_00,D&Wp,average,100,129.83,0.33,09,07,00,00
Crop_Loss,09_07_00_00,G,average,20,24.2,0.67,09,07,00,00
Crop_Loss,09_07_00_00,G,average,60,62.0,0.45,09,07,00,00
Crop_Loss,09_07_00_00,G,average,100,112.17,0.48,09,07,00,00
Crop_Loss,09_07_00_00,G&Wp,average,20,25.3,0.58,09,07,00,00
Crop_Loss,09_07_00_00,G&Wp,average,60,77.5,0.38,09,07,00,00
Crop_Loss,09_07_00_00,G&Wp,average,100,142.24,0.34,09,07,00,00
Crop_Loss,09_07_00_00,Wp,average,20,26.4,0.51,09,07,00,00
Crop_Loss,09_07_00_00,Wp,average,60,93.01,0.34,09,07,00,00
Crop_Loss,09_07_00_00,Wp,average,100,172.31,0.29,09,07,00,00
Crop_Loss,09_08_00_00,D,average,20,23.72,0.69,09,08,00,00
Crop_Loss,09_08_00_00,D,average,60,53.79,0.44,09,08,00,00
Crop_Loss,09_08_00_00,D,average,100,93.08,0.47,09,08,00,00
Crop_Loss,09_08_00_00,D&G,average,20,24.15,0.69,09,08,00,00
Crop_Loss,09_08_00_00,D&G,average,60,61.35,0.47,09,08,00,00
Crop_Loss,09_08_00_00,D&G,average,100,108.81,0.51,09,08,00,00
Crop_Loss,09_08_00_00,D&G&Wp,average,20,25.3,0.62,09,08,00,00
Crop_Loss,09_08_00_00,D&G&Wp,average,60,81.88,0.46,09,08,00,00
Crop_Loss,09_08_00_00,D&G&Wp,average,100,150.18,0.44,09,08,00,00
Crop_Loss,09_08_00_00,D&Wp,average,20,25.67,0.6,09,08,00,00
Crop_Loss,09_08_00_00,D&Wp,average,60,88.37,0.44,09,08,00,00
Crop_Loss,09_08_00_00,D&Wp,average,100,163.0,0.41,09,08,00,00
Crop_Loss,09_08_00_00,G,average,20,24.57,0.68,09,08,00,00
Crop_Loss,09_08_00_00,G,average,60,68.91,0.51,09,08,00,00
Crop_Loss,09_08_00_00,G,average,100,124.54,0.54,09,08,00,00
Crop_Loss,09_08_00_00,G&Wp,average,20,26.09,0.6,09,08,00,00
Crop_Loss,09_08_00_00,G&Wp,average,60,95.93,0.46,09,08,00,00
Crop_Loss,09_08_00_00,G&Wp,average,100,178.73,0.43,09,08,00,00
Crop_Loss,09_08_00_00,Wp,average,20,27.62,0.54,09,08,00,00
Crop_Loss,09_08_00_00,Wp,average,60,122.95,0.44,09,08,00,00
Crop_Loss,09_08_00_00,Wp,average,100,232.92,0.39,09,08,00,00
Crop_Loss,09_09_00_00,D,average,20,30.32,0.88,09,09,00,00
Crop_Loss,09_09_00_00,D,average,60,94.08,0.76,09,09,00,00
Crop_Loss,09_09_00_00,D,average,100,148.01,0.75,09,09,00,00
Crop_Loss,09_09_00_00,D&G,average,20,30.91,0.88,09,09,00,00
Crop_Loss,09_09_00_00,D&G,average,60,99.72,0.77,09,09,00,00
Crop_Loss,09_09_00_00,D&G,average,100,157.55,0.73,09,09,00,00
Crop_Loss,09_09_00_00,D&G&Wp,average,20,34.95,0.86,09,09,00,00
Crop_Loss,09_09_00_00,D&G&Wp,average,60,120.11,0.67,09,09,00,00
Crop_Loss,09_09_00_00,D&G&Wp,average,100,183.37,0.54,09,09,00,00
Crop_Loss,09_09_00_00,D&Wp,average,20,36.68,0.85,09,09,00,00
Crop_Loss,09_09_00_00,D&Wp,average,60,127.49,0.64,09,09,00,00
Crop_Loss,09_09_00_00,D&Wp,average,100,191.51,0.48,09,09,00,00
Crop_Loss,09_09_00_00,G,average,20,31.49,0.88,09,09,00,00
Crop_Loss,09_09_00_00,G,average,60,105.36,0.77,09,09,00,00
Crop_Loss,09_09_00_00,G,average,100,167.09,0.72,09,09,00,00
Crop_Loss,09_09_00_00,G&Wp,average,20,37.27,0.85,09,09,00,00
Crop_Loss,09_09_00_00,G&Wp,average,60,133.13,0.64,09,09,00,00
Crop_Loss,09_09_00_00,G&Wp,average,100,201.05,0.49,09,09,00,00
Crop_Loss,09_09_00_00,Wp,average,20,43.04,0.84,09,09,00,00
Crop_Loss,09_09_00_00,Wp,average,60,160.91,0.58,09,09,00,00
Crop_Loss,09_09_00_00,Wp,average,100,235.01,0.4,09,09,00,00
Crop_Loss,11_00_00_00,D,average,20,34.75,1.01,11,00,00,00
Crop_Loss,11_00_00_00,D,average,60,129.05,1.05,11,00,00,00
Crop_Loss,11_00_00_00,D,average,100,212.34,1.08,11,00,00,00
Crop_Loss,11_00_00_00,D&G,average,20,35.48,1.01,11,00,00,00
Crop_Loss,11_00_00_00,D&G,average,60,136.17,1.05,11,00,00,00
Crop_Loss,11_00_00_00,D&G,average,100,233.25,1.09,11,00,00,00
Crop_Loss,11_00_00_00,D&G&Wp,average,20,40.98,1.01,11,00,00,00
Crop_Loss,11_00_00_00,D&G&Wp,average,60,187.98,1.05,11,00,00,00
Crop_Loss,11_00_00_00,D&G&Wp,average,100,367.89,1.08,11,00,00,00
Crop_Loss,11_00_00_00,D&Wp,average,20,43.37,1.01,11,00,00,00
Crop_Loss,11_00_00_00,D&Wp,average,60,210.33,1.05,11,00,00,00
Crop_Loss,11_00_00_00,D&Wp,average,100,424.76,1.07,11,00,00,00
Crop_Loss,11_00_00_00,G,average,20,36.21,1.01,11,00,00,00
Crop_Loss,11_00_00_00,G,average,60,143.28,1.05,11,00,00,00
Crop_Loss,11_00_00_00,G,average,100,254.15,1.09,11,00,00,00
Crop_Loss,11_00_00_00,G&Wp,average,20,44.1,1.01,11,00,00,00
Crop_Loss,11_00_00_00,G&Wp,average,60,217.45,1.05,11,00,00,00
Crop_Loss,11_00_00_00,G&Wp,average,100,445.67,1.08,11,00,00,00
Crop_Loss,11_00_00_00,Wp,average,20,51.99,1.01,11,00,00,00
Crop_Loss,11_00_00_00,Wp,average,60,291.61,1.05,11,00,00,00
Crop_Loss,11_00_00_00,Wp,average,100,637.18,1.07,11,00,00,00
Crop_Loss,11_01_00_00,D,average,20,35.37,1.03,11,01,00,00
Crop_Loss,11_01_00_00,D,average,60,84.97,0.69,11,01,00,00
Crop_Loss,11_01_00_00,D,average,100,108.18,0.55,11,01,00,00
Crop_Loss,11_01_00_00,D&G,average,20,36.09,1.03,11,01,00,00
Crop_Loss,11_01_00_00,D&G,average,60,88.71,0.68,11,01,00,00
Crop_Loss,11_01_00_00,D&G,average,100,119.34,0.56,11,01,00,00
Crop_Loss,11_01_00_00,D&G&Wp,average,20,41.69,1.03,11,01,00,00
Crop_Loss,11_01_00_00,D&G&Wp,average,60,107.73,0.6,11,01,00,00
Crop_Loss,11_01_00_00,D&G&Wp,average,100,158.98,0.47,11,01,00,00
Crop_Loss,11_01_00_00,D&Wp,average,20,44.13,1.03,11,01,00,00
Crop_Loss,11_01_00_00,D&Wp,average,60,115.37,0.58,11,01,00,00
Crop_Loss,11_01_00_00,D&Wp,average,100,173.23,0.44,11,01,00,00
Crop_Loss,11_01_00_00,G,average,20,36.81,1.02,11,01,00,00
Crop_Loss,11_01_00_00,G,average,60,92.45,0.68,11,01,00,00
Crop_Loss,11_01_00_00,G,average,100,130.49,0.56,11,01,00,00
Crop_Loss,11_01_00_00,G&Wp,average,20,44.85,1.03,11,01,00,00
Crop_Loss,11_01_00_00,G&Wp,average,60,119.11,0.58,11,01,00,00
Crop_Loss,11_01_00_00,G&Wp,average,100,184.39,0.45,11,01,00,00
Crop_Loss,11_01_00_00,Wp,average,20,52.9,1.03,11,01,00,00
Crop_Loss,11_01_00_00,Wp,average,60,145.77,0.53,11,01,00,00
Crop_Loss,11_01_00_00,Wp,average,100,238.28,0.4,11,01,00,00
Crop_Loss,11_03_00_00,D,average,20,33.26,0.96,11,03,00,00
Crop_Loss,11_03_00_00,D,average,60,87.48,0.71,11,03,00,00
Crop_Loss,11_03_00_00,D,average,100,118.17,0.6,11,03,00,00
Crop_Loss,11_03_00_00,D&G,average,20,33.98,0.97,11,03,00,00
Crop_Loss,11_03_00_00,D&G,average,60,90.62,0.7,11,03,00,00
Crop_Loss,11_03_00_00,D&G,average,100,127.6,0.6,11,03,00,00
Crop_Loss,11_03_00_00,D&G&Wp,average,20,39.01,0.96,11,03,00,00
Crop_Loss,11_03_00_00,D&G&Wp,average,60,110.09,0.62,11,03,00,00
Crop_Loss,11_03_00_00,D&G&Wp,average,100,168.81,0.49,11,03,00,00
Crop_Loss,11_03_00_00,D&Wp,average,20,41.16,0.96,11,03,00,00
Crop_Loss,11_03_00_00,D&Wp,average,60,118.26,0.59,11,03,00,00
Crop_Loss,11_03_00_00,D&Wp,average,100,184.7,0.47,11,03,00,00
Crop_Loss,11_03_00_00,G,average,20,34.7,0.97,11,03,00,00
Crop_Loss,11_03_00_00,G,average,60,93.76,0.69,11,03,00,00
Crop_Loss,11_03_00_00,G,average,100,137.03,0.59,11,03,00,00
Crop_Loss,11_03_00_00,G&Wp,average,20,41.88,0.96,11,03,00,00
Crop_Loss,11_03_00_00,G&Wp,average,60,121.4,0.59,11,03,00,00
Crop_Loss,11_03_00_00,G&Wp,average,100,194.13,0.47,11,03,00,00
Crop_Loss,11_03_00_00,Wp,average,20,49.06,0.95,11,03,00,00
Crop_Loss,11_03_00_00,Wp,average,60,149.04,0.54,11,03,00,00
Crop_Loss,11_03_00_00,Wp,average,100,251.23,0.42,11,03,00,00
Crop_Loss,11_05_00_00,D,average,20,29.39,0.85,11,05,00,00
Crop_Loss,11_05_00_00,D,average,60,54.71,0.44,11,05,00,00
Crop_Loss,11_05_00_00,D,average,100,72.82,0.37,11,05,00,00
Crop_Loss,11_05_00_00,D&G,average,20,30.01,0.85,11,05,00,00
Crop_Loss,11_05_00_00,D&G,average,60,57.01,0.44,11,05,00,00
Crop_Loss,11_05_00_00,D&G,average,100,82.99,0.39,11,05,00,00
Crop_Loss,11_05_00_00,D&G&Wp,average,20,32.95,0.81,11,05,00,00
Crop_Loss,11_05_00_00,D&G&Wp,average,60,68.89,0.39,11,05,00,00
Crop_Loss,11_05_00_00,D&G&Wp,average,100,122.33,0.36,11,05,00,00
Crop_Loss,11_05_00_00,D&Wp,average,20,34.11,0.79,11,05,00,00
Crop_Loss,11_05_00_00,D&Wp,average,60,73.68,0.37,11,05,00,00
Crop_Loss,11_05_00_00,D&Wp,average,100,136.91,0.35,11,05,00,00
Crop_Loss,11_05_00_00,G,average,20,30.63,0.85,11,05,00,00
Crop_Loss,11_05_00_00,G,average,60,59.32,0.44,11,05,00,00
Crop_Loss,11_05_00_00,G,average,100,93.16,0.4,11,05,00,00
Crop_Loss,11_05_00_00,G&Wp,average,20,34.74,0.8,11,05,00,00
Crop_Loss,11_05_00_00,G&Wp,average,60,75.99,0.37,11,05,00,00
Crop_Loss,11_05_00_00,G&Wp,average,100,147.08,0.36,11,05,00,00
Crop_Loss,11_05_00_00,Wp,average,20,38.84,0.76,11,05,00,00
Crop_Loss,11_05_00_00,Wp,average,60,92.65,0.34,11,05,00,00
Crop_Loss,11_05_00_00,Wp,average,100,201.0,0.34,11,05,00,00
Crop_Loss,11_06_00_00,D,average,20,30.61,0.89,11,06,00,00
Crop_Loss,11_06_00_00,D,average,60,69.49,0.57,11,06,00,00
Crop_Loss,11_06_00_00,D,average,100,87.16,0.44,11,06,00,00
Crop_Loss,11_06_00_00,D&G,average,20,31.28,0.89,11,06,00,00
Crop_Loss,11_06_00_00,D&G,average,60,72.26,0.56,11,06,00,00
Crop_Loss,11_06_00_00,D&G,average,100,97.13,0.45,11,06,00,00
Crop_Loss,11_06_00_00,D&G&Wp,average,20,35.21,0.87,11,06,00,00
Crop_Loss,11_06_00_00,D&G&Wp,average,60,84.21,0.47,11,06,00,00
Crop_Loss,11_06_00_00,D&G&Wp,average,100,122.11,0.36,11,06,00,00
Crop_Loss,11_06_00_00,D&Wp,average,20,36.85,0.86,11,06,00,00
Crop_Loss,11_06_00_00,D&Wp,average,60,88.8,0.44,11,06,00,00
Crop_Loss,11_06_00_00,D&Wp,average,100,129.62,0.33,11,06,00,00
Crop_Loss,11_06_00_00,G,average,20,31.94,0.89,11,06,00,00
Crop_Loss,11_06_00_00,G,average,60,75.03,0.55,11,06,00,00
Crop_Loss,11_06_00_00,G,average,100,107.09,0.46,11,06,00,00
Crop_Loss,11_06_00_00,G&Wp,average,20,37.52,0.86,11,06,00,00
Crop_Loss,11_06_00_00,G&Wp,average,60,91.57,0.44,11,06,00,00
Crop_Loss,11_06_00_00,G&Wp,average,100,139.59,0.34,11,06,00,00
Crop_Loss,11_06_00_00,Wp,average,20,43.09,0.84,11,06,00,00
Crop_Loss,11_06_00_00,Wp,average,60,108.11,0.39,11,06,00,00
Crop_Loss,11_06_00_00,Wp,average,100,172.08,0.29,11,06,00,00
Crop_Loss,11_07_00_00,D,average,20,23.39,0.68,11,07,00,00
Crop_Loss,11_07_00_00,D,average,60,47.1,0.38,11,07,00,00
Crop_Loss,11_07_00_00,D,average,100,69.2,0.35,11,07,00,00
Crop_Loss,11_07_00_00,D&G,average,20,23.81,0.68,11,07,00,00
Crop_Loss,11_07_00_00,D&G,average,60,50.53,0.39,11,07,00,00
Crop_Loss,11_07_00_00,D&G,average,100,81.09,0.38,11,07,00,00
Crop_Loss,11_07_00_00,D&G&Wp,average,20,24.69,0.61,11,07,00,00
Crop_Loss,11_07_00_00,D&G&Wp,average,60,62.06,0.35,11,07,00,00
Crop_Loss,11_07_00_00,D&G&Wp,average,100,106.04,0.31,11,07,00,00
Crop_Loss,11_07_00_00,D&Wp,average,20,24.91,0.58,11,07,00,00
Crop_Loss,11_07_00_00,D&Wp,average,60,66.11,0.33,11,07,00,00
Crop_Loss,11_07_00_00,D&Wp,average,100,112.58,0.28,11,07,00,00
Crop_Loss,11_07_00_00,G,average,20,24.23,0.67,11,07,00,00
Crop_Loss,11_07_00_00,G,average,60,53.95,0.4,11,07,00,00
Crop_Loss,11_07_00_00,G,average,100,92.97,0.4,11,07,00,00
Crop_Loss,11_07_00_00,G&Wp,average,20,25.34,0.58,11,07,00,00
Crop_Loss,11_07_00_00,G&Wp,average,60,69.53,0.34,11,07,00,00
Crop_Loss,11_07_00_00,G&Wp,average,100,124.47,0.3,11,07,00,00
Crop_Loss,11_07_00_00,Wp,average,20,26.44,0.51,11,07,00,00
Crop_Loss,11_07_00_00,Wp,average,60,85.12,0.31,11,07,00,00
Crop_Loss,11_07_00_00,Wp,average,100,155.96,0.26,11,07,00,00
Crop_Loss,11_08_00_00,D,average,20,23.75,0.69,11,08,00,00
Crop_Loss,11_08_00_00,D,average,60,48.96,0.4,11,08,00,00
Crop_Loss,11_08_00_00,D,average,100,71.52,0.36,11,08,00,00
Crop_Loss,11_08_00_00,D&G,average,20,24.18,0.69,11,08,00,00
Crop_Loss,11_08_00_00,D&G,average,60,53.8,0.41,11,08,00,00
Crop_Loss,11_08_00_00,D&G,average,100,85.19,0.4,11,08,00,00
Crop_Loss,11_08_00_00,D&G&Wp,average,20,25.31,0.62,11,08,00,00
Crop_Loss,11_08_00_00,D&G&Wp,average,60,73.42,0.41,11,08,00,00
Crop_Loss,11_08_00_00,D&G&Wp,average,100,135.14,0.4,11,08,00,00
Crop_Loss,11_08_00_00,D&Wp,average,20,25.66,0.6,11,08,00,00
Crop_Loss,11_08_00_00,D&Wp,average,60,80.81,0.4,11,08,00,00
Crop_Loss,11_08_00_00,D&Wp,average,100,153.28,0.39,11,08,00,00
Crop_Loss,11_08_00_00,G,average,20,24.61,0.69,11,08,00,00
Crop_Loss,11_08_00_00,G,average,60,58.64,0.43,11,08,00,00
Crop_Loss,11_08_00_00,G,average,100,98.86,0.43,11,08,00,00
Crop_Loss,11_08_00_00,G&Wp,average,20,26.09,0.6,11,08,00,00
Crop_Loss,11_08_00_00,G&Wp,average,60,85.65,0.41,11,08,00,00
Crop_Loss,11_08_00_00,G&Wp,average,100,166.94,0.4,11,08,00,00
Crop_Loss,11_08_00_00,Wp,average,20,27.57,0.54,11,08,00,00
Crop_Loss,11_08_00_00,Wp,average,60,112.65,0.41,11,08,00,00
Crop_Loss,11_08_00_00,Wp,average,100,235.03,0.4,11,08,00,00
Crop_Loss,11_09_00_00,D,average,20,30.51,0.88,11,09,00,00
Crop_Loss,11_09_00_00,D,average,60,84.58,0.69,11,09,00,00
Crop_Loss,11_09_00_00,D,average,100,116.88,0.59,11,09,00,00
Crop_Loss,11_09_00_00,D&G,average,20,31.09,0.88,11,09,00,00
Crop_Loss,11_09_00_00,D&G,average,60,87.81,0.68,11,09,00,00
Crop_Loss,11_09_00_00,D&G,average,100,125.38,0.58,11,09,00,00
Crop_Loss,11_09_00_00,D&G&Wp,average,20,35.16,0.87,11,09,00,00
Crop_Loss,11_09_00_00,D&G&Wp,average,60,105.0,0.59,11,09,00,00
Crop_Loss,11_09_00_00,D&G&Wp,average,100,152.51,0.45,11,09,00,00
Crop_Loss,11_09_00_00,D&Wp,average,20,36.91,0.86,11,09,00,00
Crop_Loss,11_09_00_00,D&Wp,average,60,111.97,0.56,11,09,00,00
Crop_Loss,11_09_00_00,D&Wp,average,100,161.83,0.41,11,09,00,00
Crop_Loss,11_09_00_00,G,average,20,31.67,0.88,11,09,00,00
Crop_Loss,11_09_00_00,G,average,60,91.05,0.67,11,09,00,00
Crop_Loss,11_09_00_00,G,average,100,133.87,0.58,11,09,00,00
Crop_Loss,11_09_00_00,G&Wp,average,20,37.49,0.86,11,09,00,00
Crop_Loss,11_09_00_00,G&Wp,average,60,115.2,0.56,11,09,00,00
Crop_Loss,11_09_00_00,G&Wp,average,100,170.32,0.41,11,09,00,00
Crop_Loss,11_09_00_00,Wp,average,20,43.31,0.84,11,09,00,00
Crop_Loss,11_09_00_00,Wp,average,60,139.36,0.5,11,09,00,00
Crop_Loss,11_09_00_00,Wp,average,100,206.77,0.35,11,09,00,00
Crop_Loss,13_00_00_00,D,average,20,34.33,1.0,13,00,00,00
Crop_Loss,13_00_00_00,D,average,60,120.64,0.98,13,00,00,00
Crop_Loss,13_00_00_00,D,average,100,187.61,0.95,13,00,00,00
Crop_Loss,13_00_00_00,D&G,average,20,35.05,1.0,13,00,00,00
Crop_Loss,13_00_00_00,D&G,average,60,125.41,0.97,13,00,00,00
Crop_Loss,13_00_00_00,D&G,average,100,199.95,0.93,13,00,00,00
Crop_Loss,13_00_00_00,D&G&Wp,average,20,40.49,1.0,13,00,00,00
Crop_Loss,13_00_00_00,D&G&Wp,average,60,172.84,0.97,13,00,00,00
Crop_Loss,13_00_00_00,D&G&Wp,average,100,322.84,0.95,13,00,00,00
Crop_Loss,13_00_00_00,D&Wp,average,20,42.85,1.0,13,00,00,00
Crop_Loss,13_00_00_00,D&Wp,average,60,194.17,0.97,13,00,00,00
Crop_Loss,13_00_00_00,D&Wp,average,100,378.11,0.96,13,00,00,00
Crop_Loss,13_00_00_00,G,average,20,35.77,1.0,13,00,00,00
Crop_Loss,13_00_00_00,G,average,60,130.18,0.95,13,00,00,00
Crop_Loss,13_00_00_00,G,average,100,212.29,0.91,13,00,00,00
Crop_Loss,13_00_00_00,G&Wp,average,20,43.56,1.0,13,00,00,00
Crop_Loss,13_00_00_00,G&Wp,average,60,198.94,0.96,13,00,00,00
Crop_Loss,13_00_00_00,G&Wp,average,100,390.45,0.94,13,00,00,00
Crop_Loss,13_00_00_00,Wp,average,20,51.36,1.0,13,00,00,00
Crop_Loss,13_00_00_00,Wp,average,60,267.69,0.97,13,00,00,00
Crop_Loss,13_00_00_00,Wp,average,100,568.61,0.96,13,00,00,00
Crop_Loss,13_01_00_00,D,average,20,35.44,1.03,13,01,00,00
Crop_Loss,13_01_00_00,D,average,60,91.24,0.74,13,01,00,00
Crop_Loss,13_01_00_00,D,average,100,125.02,0.64,13,01,00,00
Crop_Loss,13_01_00_00,D&G,average,20,36.12,1.03,13,01,00,00
Crop_Loss,13_01_00_00,D&G,average,60,94.0,0.72,13,01,00,00
Crop_Loss,13_01_00_00,D&G,average,100,129.73,0.61,13,01,00,00
Crop_Loss,13_01_00_00,D&G&Wp,average,20,41.47,1.02,13,01,00,00
Crop_Loss,13_01_00_00,D&G&Wp,average,60,114.53,0.64,13,01,00,00
Crop_Loss,13_01_00_00,D&G&Wp,average,100,170.49,0.5,13,01,00,00
Crop_Loss,13_01_00_00,D&Wp,average,20,43.81,1.02,13,01,00,00
Crop_Loss,13_01_00_00,D&Wp,average,60,123.41,0.62,13,01,00,00
Crop_Loss,13_01_00_00,D&Wp,average,100,188.52,0.48,13,01,00,00
Crop_Loss,13_01_00_00,G,average,20,36.79,1.02,13,01,00,00
Crop_Loss,13_01_00_00,G,average,60,96.77,0.71,13,01,00,00
Crop_Loss,13_01_00_00,G,average,100,134.44,0.58,13,01,00,00
Crop_Loss,13_01_00_00,G&Wp,average,20,44.49,1.02,13,01,00,00
Crop_Loss,13_01_00_00,G&Wp,average,60,126.18,0.61,13,01,00,00
Crop_Loss,13_01_00_00,G&Wp,average,100,193.23,0.47,13,01,00,00
Crop_Loss,13_01_00_00,Wp,average,20,52.18,1.01,13,01,00,00
Crop_Loss,13_01_00_00,Wp,average,60,155.58,0.56,13,01,00,00
Crop_Loss,13_01_00_00,Wp,average,100,252.01,0.42,13,01,00,00
Crop_Loss,13_03_00_00,D,average,20,32.88,0.95,13,03,00,00
Crop_Loss,13_03_00_00,D,average,60,88.88,0.72,13,03,00,00
Crop_Loss,13_03_00_00,D,average,100,122.66,0.62,13,03,00,00
Crop_Loss,13_03_00_00,D&G,average,20,33.59,0.95,13,03,00,00
Crop_Loss,13_03_00_00,D&G,average,60,91.22,0.7,13,03,00,00
Crop_Loss,13_03_00_00,D&G,average,100,126.95,0.59,13,03,00,00
Crop_Loss,13_03_00_00,D&G&Wp,average,20,38.58,0.95,13,03,00,00
Crop_Loss,13_03_00_00,D&G&Wp,average,60,111.36,0.62,13,03,00,00
Crop_Loss,13_03_00_00,D&G&Wp,average,100,167.32,0.49,13,03,00,00
Crop_Loss,13_03_00_00,D&Wp,average,20,40.72,0.95,13,03,00,00
Crop_Loss,13_03_00_00,D&Wp,average,60,120.26,0.6,13,03,00,00
Crop_Loss,13_03_00_00,D&Wp,average,100,185.36,0.47,13,03,00,00
Crop_Loss,13_03_00_00,G,average,20,34.3,0.96,13,03,00,00
Crop_Loss,13_03_00_00,G,average,60,93.57,0.69,13,03,00,00
Crop_Loss,13_03_00_00,G,average,100,131.24,0.56,13,03,00,00
Crop_Loss,13_03_00_00,G&Wp,average,20,41.42,0.95,13,03,00,00
Crop_Loss,13_03_00_00,G&Wp,average,60,122.6,0.59,13,03,00,00
Crop_Loss,13_03_00_00,G&Wp,average,100,189.65,0.46,13,03,00,00
Crop_Loss,13_03_00_00,Wp,average,20,48.55,0.94,13,03,00,00
Crop_Loss,13_03_00_00,Wp,average,60,151.63,0.55,13,03,00,00
Crop_Loss,13_03_00_00,Wp,average,100,248.07,0.42,13,03,00,00
Crop_Loss,13_05_00_00,D,average,20,29.11,0.84,13,05,00,00
Crop_Loss,13_05_00_00,D,average,60,51.05,0.42,13,05,00,00
Crop_Loss,13_05_00_00,D,average,100,59.29,0.3,13,05,00,00
Crop_Loss,13_05_00_00,D&G,average,20,29.71,0.84,13,05,00,00
Crop_Loss,13_05_00_00,D&G,average,60,50.66,0.39,13,05,00,00
Crop_Loss,13_05_00_00,D&G,average,100,60.29,0.28,13,05,00,00
Crop_Loss,13_05_00_00,D&G&Wp,average,20,32.58,0.8,13,05,00,00
Crop_Loss,13_05_00_00,D&G&Wp,average,60,58.07,0.33,13,05,00,00
Crop_Loss,13_05_00_00,D&G&Wp,average,100,82.44,0.24,13,05,00,00
Crop_Loss,13_05_00_00,D&Wp,average,20,33.71,0.78,13,05,00,00
Crop_Loss,13_05_00_00,D&Wp,average,60,61.97,0.31,13,05,00,00
Crop_Loss,13_05_00_00,D&Wp,average,100,93.02,0.24,13,05,00,00
Crop_Loss,13_05_00_00,G,average,20,30.32,0.84,13,05,00,00
Crop_Loss,13_05_00_00,G,average,60,50.28,0.37,13,05,00,00
Crop_Loss,13_05_00_00,G,average,100,61.29,0.26,13,05,00,00
Crop_Loss,13_05_00_00,G&Wp,average,20,34.31,0.79,13,05,00,00
Crop_Loss,13_05_00_00,G&Wp,average,60,61.58,0.3,13,05,00,00
Crop_Loss,13_05_00_00,G&Wp,average,100,94.01,0.23,13,05,00,00
Crop_Loss,13_05_00_00,Wp,average,20,38.31,0.74,13,05,00,00
Crop_Loss,13_05_00_00,Wp,average,60,72.89,0.26,13,05,00,00
Crop_Loss,13_05_00_00,Wp,average,100,126.74,0.21,13,05,00,00
Crop_Loss,13_06_00_00,D,average,20,30.26,0.88,13,06,00,00
Crop_Loss,13_06_00_00,D,average,60,64.99,0.53,13,06,00,00
Crop_Loss,13_06_00_00,D,average,100,72.74,0.37,13,06,00,00
Crop_Loss,13_06_00_00,D&G,average,20,30.91,0.88,13,06,00,00
Crop_Loss,13_06_00_00,D&G,average,60,65.53,0.51,13,06,00,00
Crop_Loss,13_06_00_00,D&G,average,100,74.22,0.35,13,06,00,00
Crop_Loss,13_06_00_00,D&G&Wp,average,20,34.7,0.85,13,06,00,00
Crop_Loss,13_06_00_00,D&G&Wp,average,60,73.21,0.41,13,06,00,00
Crop_Loss,13_06_00_00,D&G&Wp,average,100,86.54,0.25,13,06,00,00
Crop_Loss,13_06_00_00,D&Wp,average,20,36.27,0.84,13,06,00,00
Crop_Loss,13_06_00_00,D&Wp,average,60,76.78,0.38,13,06,00,00
Crop_Loss,13_06_00_00,D&Wp,average,100,91.97,0.23,13,06,00,00
Crop_Loss,13_06_00_00,G,average,20,31.55,0.88,13,06,00,00
Crop_Loss,13_06_00_00,G,average,60,66.06,0.48,13,06,00,00
Crop_Loss,13_06_00_00,G,average,100,75.69,0.33,13,06,00,00
Crop_Loss,13_06_00_00,G&Wp,average,20,36.92,0.85,13,06,00,00
Crop_Loss,13_06_00_00,G&Wp,average,60,77.32,0.37,13,06,00,00
Crop_Loss,13_06_00_00,G&Wp,average,100,93.44,0.23,13,06,00,00
Crop_Loss,13_06_00_00,Wp,average,20,42.28,0.82,13,06,00,00
Crop_Loss,13_06_00_00,Wp,average,60,88.58,0.32,13,06,00,00
Crop_Loss,13_06_00_00,Wp,average,100,111.19,0.19,13,06,00,00
Crop_Loss,13_07_00_00,D,average,20,23.21,0.67,13,07,00,00
Crop_Loss,13_07_00_00,D,average,60,43.18,0.35,13,07,00,00
Crop_Loss,13_07_00_00,D,average,100,54.83,0.28,13,07,00,00
Crop_Loss,13_07_00_00,D&G,average,20,23.63,0.67,13,07,00,00
Crop_Loss,13_07_00_00,D&G,average,60,43.86,0.34,13,07,00,00
Crop_Loss,13_07_00_00,D&G,average,100,57.43,0.27,13,07,00,00
Crop_Loss,13_07_00_00,D&G&Wp,average,20,24.5,0.6,13,07,00,00
Crop_Loss,13_07_00_00,D&G&Wp,average,60,51.07,0.29,13,07,00,00
Crop_Loss,13_07_00_00,D&G&Wp,average,100,71.58,0.21,13,07,00,00
Crop_Loss,13_07_00_00,D&Wp,average,20,24.73,0.58,13,07,00,00
Crop_Loss,13_07_00_00,D&Wp,average,60,54.33,0.27,13,07,00,00
Crop_Loss,13_07_00_00,D&Wp,average,100,77.36,0.2,13,07,00,00
Crop_Loss,13_07_00_00,G,average,20,24.05,0.67,13,07,00,00
Crop_Loss,13_07_00_00,G,average,60,44.54,0.33,13,07,00,00
Crop_Loss,13_07_00_00,G,average,100,60.02,0.26,13,07,00,00
Crop_Loss,13_07_00_00,G&Wp,average,20,25.14,0.58,13,07,00,00
Crop_Loss,13_07_00_00,G&Wp,average,60,55.01,0.27,13,07,00,00
Crop_Loss,13_07_00_00,G&Wp,average,100,79.96,0.19,13,07,00,00
Crop_Loss,13_07_00_00,Wp,average,20,26.24,0.51,13,07,00,00
Crop_Loss,13_07_00_00,Wp,average,60,65.48,0.24,13,07,00,00
Crop_Loss,13_07_00_00,Wp,average,100,99.89,0.17,13,07,00,00
Crop_Loss,13_08_00_00,D,average,20,23.57,0.68,13,08,00,00
Crop_Loss,13_08_00_00,D,average,60,46.31,0.38,13,08,00,00
Crop_Loss,13_08_00_00,D,average,100,60.52,0.31,13,08,00,00
Crop_Loss,13_08_00_00,D&G,average,20,24.0,0.68,13,08,00,00
Crop_Loss,13_08_00_00,D&G,average,60,48.84,0.38,13,08,00,00
Crop_Loss,13_08_00_00,D&G,average,100,65.39,0.3,13,08,00,00
Crop_Loss,13_08_00_00,D&G&Wp,average,20,25.15,0.62,13,08,00,00
Crop_Loss,13_08_00_00,D&G&Wp,average,60,66.96,0.37,13,08,00,00
Crop_Loss,13_08_00_00,D&G&Wp,average,100,110.36,0.32,13,08,00,00
Crop_Loss,13_08_00_00,D&Wp,average,20,25.52,0.59,13,08,00,00
Crop_Loss,13_08_00_00,D&Wp,average,60,74.75,0.37,13,08,00,00
Crop_Loss,13_08_00_00,D&Wp,average,100,130.41,0.33,13,08,00,00
Crop_Loss,13_08_00_00,G,average,20,24.42,0.68,13,08,00,00
Crop_Loss,13_08_00_00,G,average,60,51.36,0.38,13,08,00,00
Crop_Loss,13_08_00_00,G,average,100,70.25,0.3,13,08,00,00
Crop_Loss,13_08_00_00,G&Wp,average,20,25.94,0.59,13,08,00,00
Crop_Loss,13_08_00_00,G&Wp,average,60,77.28,0.37,13,08,00,00
Crop_Loss,13_08_00_00,G&Wp,average,100,135.28,0.33,13,08,00,00
Crop_Loss,13_08_00_00,Wp,average,20,27.46,0.53,13,08,00,00
Crop_Loss,13_08_00_00,Wp,average,60,103.19,0.37,13,08,00,00
Crop_Loss,13_08_00_00,Wp,average,100,200.3,0.34,13,08,00,00
Crop_Loss,13_09_00_00,D,average,20,30.17,0.87,13,09,00,00
Crop_Loss,13_09_00_00,D,average,60,85.13,0.69,13,09,00,00
Crop_Loss,13_09_00_00,D,average,100,117.87,0.6,13,09,00,00
Crop_Loss,13_09_00_00,D&G,average,20,30.75,0.87,13,09,00,00
Crop_Loss,13_09_00_00,D&G,average,60,87.47,0.67,13,09,00,00
Crop_Loss,13_09_00_00,D&G,average,100,121.58,0.57,13,09,00,00
Crop_Loss,13_09_00_00,D&G&Wp,average,20,34.81,0.86,13,09,00,00
Crop_Loss,13_09_00_00,D&G&Wp,average,60,106.16,0.59,13,09,00,00
Crop_Loss,13_09_00_00,D&G&Wp,average,100,154.49,0.45,13,09,00,00
Crop_Loss,13_09_00_00,D&Wp,average,20,36.54,0.85,13,09,00,00
Crop_Loss,13_09_00_00,D&Wp,average,60,114.34,0.57,13,09,00,00
Crop_Loss,13_09_00_00,D&Wp,average,100,169.09,0.43,13,09,00,00
Crop_Loss,13_09_00_00,G,average,20,31.34,0.87,13,09,00,00
Crop_Loss,13_09_00_00,G,average,60,89.8,0.66,13,09,00,00
Crop_Loss,13_09_00_00,G,average,100,125.29,0.54,13,09,00,00
Crop_Loss,13_09_00_00,G&Wp,average,20,37.13,0.85,13,09,00,00
Crop_Loss,13_09_00_00,G&Wp,average,60,116.68,0.57,13,09,00,00
Crop_Loss,13_09_00_00,G&Wp,average,100,172.8,0.42,13,09,00,00
Crop_Loss,13_09_00_00,Wp,average,20,42.91,0.83,13,09,00,00
Crop_Loss,13_09_00_00,Wp,average,60,143.55,0.52,13,09,00,00
Crop_Loss,13_09_00_00,Wp,average,100,220.31,0.37,13,09,00,00
Farmer_Flood_Measure_Costs,00_00_00_00,D,average,20,0.0,0.0,00,00,00,00
Farmer_Flood_Measure_Costs,00_00_00_00,D,average,60,0.0,0.0,00,00,00,00
Farmer_Flood_Measure_Costs,00_00_00_00,D,average,100,0.0,0.0,00,00,00,00
Farmer_Flood_Measure_Costs,00_00_00_00,D&G,average,20,0.0,0.0,00,00,00,00
Farmer_Flood_Measure_Costs,00_00_00_00,D&G,average,60,0.0,0.0,00,00,00,00
Farmer_Flood_Measure_Costs,00_00_00_00,D&G,average,100,0.0,0.0,00,00,00,00
Farmer_Flood_Measure_Costs,00_00_00_00,D&G&Wp,average,20,0.0,0.0,00,00,00,00
Farmer_Flood_Measure_Costs,00_00_00_00,D&G&Wp,average,60,0.0,0.0,00,00,00,00
Farmer_Flood_Measure_Costs,00_00_00_00,D&G&Wp,average,100,0.0,0.0,00,00,00,00
Farmer_Flood_Measure_Costs,00_00_00_00,D&Wp,average,20,0.0,0.0,00,00,00,00
Farmer_Flood_Measure_Costs,00_00_00_00,D&Wp,average,60,0.0,0.0,00,00,00,00
Farmer_Flood_Measure_Costs,00_00_00_00,D&Wp,average,100,0.0,0.0,00,00,00,00
Farmer_Flood_Measure_Costs,00_00_00_00,G,average,20,0.0,0.0,00,00,00,00
Farmer_Flood_Measure_Costs,00_00_00_00,G,average,60,0.0,0.0,00,00,00,00
Farmer_Flood_Measure_Costs,00_00_00_00,G,average,100,0.0,0.0,00,00,00,00
Farmer_Flood_Measure_Costs,00_00_00_00,G&Wp,average,20,0.0,0.0,00,00,00,00
Farmer_Flood_Measure_Costs,00_00_00_00,G&Wp,average,60,0.0,0.0,00,00,00,00
Farmer_Flood_Measure_Costs,00_00_00_00,G&Wp,average,100,0.0,0.0,00,00,00,00
Farmer_Flood_Measure_Costs,00_00_00_00,Wp,average,20,0.0,0.0,00,00,00,00
Farmer_Flood_Measure_Costs,00_00_00_00,Wp,average,60,0.0,0.0,00,00,00,00
Farmer_Flood_Measure_Costs,00_00_00_00,Wp,average,100,0.0,0.0,00,00,00,00
Farmer_Flood_Measure_Costs,00_01_00_00,D,average,20,0.0,0.0,00,01,00,00
Farmer_Flood_Measure_Costs,00_01_00_00,D,average,60,0.0,0.0,00,01,00,00
Farmer_Flood_Measure_Costs,00_01_00_00,D,average,100,0.0,0.0,00,01,00,00
Farmer_Flood_Measure_Costs,00_01_00_00,D&G,average,20,0.0,0.0,00,01,00,00
Farmer_Flood_Measure_Costs,00_01_00_00,D&G,average,60,0.0,0.0,00,01,00,00
Farmer_Flood_Measure_Costs,00_01_00_00,D&G,average,100,0.0,0.0,00,01,00,00
Farmer_Flood_Measure_Costs,00_01_00_00,D&G&Wp,average,20,0.0,0.0,00,01,00,00
Farmer_Flood_Measure_Costs,00_01_00_00,D&G&Wp,average,60,0.0,0.0,00,01,00,00
Farmer_Flood_Measure_Costs,00_01_00_00,D&G&Wp,average,100,0.0,0.0,00,01,00,00
Farmer_Flood_Measure_Costs,00_01_00_00,D&Wp,average,20,0.0,0.0,00,01,00,00
Farmer_Flood_Measure_Costs,00_01_00_00,D&Wp,average,60,0.0,0.0,00,01,00,00
Farmer_Flood_Measure_Costs,00_01_00_00,D&Wp,average,100,0.0,0.0,00,01,00,00
Farmer_Flood_Measure_Costs,00_01_00_00,G,average,20,0.0,0.0,00,01,00,00
Farmer_Flood_Measure_Costs,00_01_00_00,G,average,60,0.0,0.0,00,01,00,00
Farmer_Flood_Measure_Costs,00_01_00_00,G,average,100,0.0,0.0,00,01,00,00
Farmer_Flood_Measure_Costs,00_01_00_00,G&Wp,average,20,0.0,0.0,00,01,00,00
Farmer_Flood_Measure_Costs,00_01_00_00,G&Wp,average,60,0.0,0.0,00,01,00,00
Farmer_Flood_Measure_Costs,00_01_00_00,G&Wp,average,100,0.0,0.0,00,01,00,00
Farmer_Flood_Measure_Costs,00_01_00_00,Wp,average,20,0.0,0.0,00,01,00,00
Farmer_Flood_Measure_Costs,00_01_00_00,Wp,average,60,0.0,0.0,00,01,00,00
Farmer_Flood_Measure_Costs,00_01_00_00,Wp,average,100,0.0,0.0,00,01,00,00
Farmer_Flood_Measure_Costs,00_03_00_00,D,average,20,0.0,0.0,00,03,00,00
Farmer_Flood_Measure_Costs,00_03_00_00,D,average,60,0.0,0.0,00,03,00,00
Farmer_Flood_Measure_Costs,00_03_00_00,D,average,100,0.0,0.0,00,03,00,00
Farmer_Flood_Measure_Costs,00_03_00_00,D&G,average,20,0.0,0.0,00,03,00,00
Farmer_Flood_Measure_Costs,00_03_00_00,D&G,average,60,0.0,0.0,00,03,00,00
Farmer_Flood_Measure_Costs,00_03_00_00,D&G,average,100,0.0,0.0,00,03,00,00
Farmer_Flood_Measure_Costs,00_03_00_00,D&G&Wp,average,20,0.0,0.0,00,03,00,00
Farmer_Flood_Measure_Costs,00_03_00_00,D&G&Wp,average,60,0.0,0.0,00,03,00,00
Farmer_Flood_Measure_Costs,00_03_00_00,D&G&Wp,average,100,0.0,0.0,00,03,00,00
Farmer_Flood_Measure_Costs,00_03_00_00,D&Wp,average,20,0.0,0.0,00,03,00,00
Farmer_Flood_Measure_Costs,00_03_00_00,D&Wp,average,60,0.0,0.0,00,03,00,00
Farmer_Flood_Measure_Costs,00_03_00_00,D&Wp,average,100,0.0,0.0,00,03,00,00
Farmer_Flood_Measure_Costs,00_03_00_00,G,average,20,0.0,0.0,00,03,00,00
Farmer_Flood_Measure_Costs,00_03_00_00,G,average,60,0.0,0.0,00,03,00,00
Farmer_Flood_Measure_Costs,00_03_00_00,G,average,100,0.0,0.0,00,03,00,00
Farmer_Flood_Measure_Costs,00_03_00_00,G&Wp,average,20,0.0,0.0,00,03,00,00
Farmer_Flood_Measure_Costs,00_03_00_00,G&Wp,average,60,0.0,0.0,00,03,00,00
Farmer_Flood_Measure_Costs,00_03_00_00,G&Wp,average,100,0.0,0.0,00,03,00,00
Farmer_Flood_Measure_Costs,00_03_00_00,Wp,average,20,0.0,0.0,00,03,00,00
Farmer_Flood_Measure_Costs,00_03_00_00,Wp,average,60,0.0,0.0,00,03,00,00
Farmer_Flood_Measure_Costs,00_03_00_00,Wp,average,100,0.0,0.0,00,03,00,00
Farmer_Flood_Measure_Costs,00_05_00_00,D,average,20,0.0,0.0,00,05,00,00
Farmer_Flood_Measure_Costs,00_05_00_00,D,average,60,0.0,0.0,00,05,00,00
Farmer_Flood_Measure_Costs,00_05_00_00,D,average,100,0.0,0.0,00,05,00,00
Farmer_Flood_Measure_Costs,00_05_00_00,D&G,average,20,0.0,0.0,00,05,00,00
Farmer_Flood_Measure_Costs,00_05_00_00,D&G,average,60,0.0,0.0,00,05,00,00
Farmer_Flood_Measure_Costs,00_05_00_00,D&G,average,100,0.0,0.0,00,05,00,00
Farmer_Flood_Measure_Costs,00_05_00_00,D&G&Wp,average,20,0.0,0.0,00,05,00,00
Farmer_Flood_Measure_Costs,00_05_00_00,D&G&Wp,average,60,0.0,0.0,00,05,00,00
Farmer_Flood_Measure_Costs,00_05_00_00,D&G&Wp,average,100,0.0,0.0,00,05,00,00
Farmer_Flood_Measure_Costs,00_05_00_00,D&Wp,average,20,0.0,0.0,00,05,00,00
Farmer_Flood_Measure_Costs,00_05_00_00,D&Wp,average,60,0.0,0.0,00,05,00,00
Farmer_Flood_Measure_Costs,00_05_00_00,D&Wp,average,100,0.0,0.0,00,05,00,00
Farmer_Flood_Measure_Costs,00_05_00_00,G,average,20,0.0,0.0,00,05,00,00
Farmer_Flood_Measure_Costs,00_05_00_00,G,average,60,0.0,0.0,00,05,00,00
Farmer_Flood_Measure_Costs,00_05_00_00,G,average,100,0.0,0.0,00,05,00,00
Farmer_Flood_Measure_Costs,00_05_00_00,G&Wp,average,20,0.0,0.0,00,05,00,00
Farmer_Flood_Measure_Costs,00_05_00_00,G&Wp,average,60,0.0,0.0,00,05,00,00
Farmer_Flood_Measure_Costs,00_05_00_00,G&Wp,average,100,0.0,0.0,00,05,00,00
Farmer_Flood_Measure_Costs,00_05_00_00,Wp,average,20,0.0,0.0,00,05,00,00
Farmer_Flood_Measure_Costs,00_05_00_00,Wp,average,60,0.0,0.0,00,05,00,00
Farmer_Flood_Measure_Costs,00_05_00_00,Wp,average,100,0.0,0.0,00,05,00,00
Farmer_Flood_Measure_Costs,00_06_00_00,D,average,20,0.0,0.0,00,06,00,00
Farmer_Flood_Measure_Costs,00_06_00_00,D,average,60,0.0,0.0,00,06,00,00
Farmer_Flood_Measure_Costs,00_06_00_00,D,average,100,0.0,0.0,00,06,00,00
Farmer_Flood_Measure_Costs,00_06_00_00,D&G,average,20,0.0,0.0,00,06,00,00
Farmer_Flood_Measure_Costs,00_06_00_00,D&G,average,60,0.0,0.0,00,06,00,00
Farmer_Flood_Measure_Costs,00_06_00_00,D&G,average,100,0.0,0.0,00,06,00,00
Farmer_Flood_Measure_Costs,00_06_00_00,D&G&Wp,average,20,0.0,0.0,00,06,00,00
Farmer_Flood_Measure_Costs,00_06_00_00,D&G&Wp,average,60,0.0,0.0,00,06,00,00
Farmer_Flood_Measure_Costs,00_06_00_00,D&G&Wp,average,100,0.0,0.0,00,06,00,00
Farmer_Flood_Measure_Costs,00_06_00_00,D&Wp,average,20,0.0,0.0,00,06,00,00
Farmer_Flood_Measure_Costs,00_06_00_00,D&Wp,average,60,0.0,0.0,00,06,00,00
Farmer_Flood_Measure_Costs,00_06_00_00,D&Wp,average,100,0.0,0.0,00,06,00,00
Farmer_Flood_Measure_Costs,00_06_00_00,G,average,20,0.0,0.0,00,06,00,00
Farmer_Flood_Measure_Costs,00_06_00_00,G,average,60,0.0,0.0,00,06,00,00
Farmer_Flood_Measure_Costs,00_06_00_00,G,average,100,0.0,0.0,00,06,00,00
Farmer_Flood_Measure_Costs,00_06_00_00,G&Wp,average,20,0.0,0.0,00,06,00,00
Farmer_Flood_Measure_Costs,00_06_00_00,G&Wp,average,60,0.0,0.0,00,06,00,00
Farmer_Flood_Measure_Costs,00_06_00_00,G&Wp,average,100,0.0,0.0,00,06,00,00
Farmer_Flood_Measure_Costs,00_06_00_00,Wp,average,20,0.0,0.0,00,06,00,00
Farmer_Flood_Measure_Costs,00_06_00_00,Wp,average,60,0.0,0.0,00,06,00,00
Farmer_Flood_Measure_Costs,00_06_00_00,Wp,average,100,0.0,0.0,00,06,00,00
Farmer_Flood_Measure_Costs,00_07_00_00,D,average,20,0.0,0.0,00,07,00,00
Farmer_Flood_Measure_Costs,00_07_00_00,D,average,60,0.0,0.0,00,07,00,00
Farmer_Flood_Measure_Costs,00_07_00_00,D,average,100,0.0,0.0,00,07,00,00
Farmer_Flood_Measure_Costs,00_07_00_00,D&G,average,20,0.0,0.0,00,07,00,00
Farmer_Flood_Measure_Costs,00_07_00_00,D&G,average,60,0.0,0.0,00,07,00,00
Farmer_Flood_Measure_Costs,00_07_00_00,D&G,average,100,0.0,0.0,00,07,00,00
Farmer_Flood_Measure_Costs,00_07_00_00,D&G&Wp,average,20,0.0,0.0,00,07,00,00
Farmer_Flood_Measure_Costs,00_07_00_00,D&G&Wp,average,60,0.0,0.0,00,07,00,00
Farmer_Flood_Measure_Costs,00_07_00_00,D&G&Wp,average,100,0.0,0.0,00,07,00,00
Farmer_Flood_Measure_Costs,00_07_00_00,D&Wp,average,20,0.0,0.0,00,07,00,00
Farmer_Flood_Measure_Costs,00_07_00_00,D&Wp,average,60,0.0,0.0,00,07,00,00
Farmer_Flood_Measure_Costs,00_07_00_00,D&Wp,average,100,0.0,0.0,00,07,00,00
Farmer_Flood_Measure_Costs,00_07_00_00,G,average,20,0.0,0.0,00,07,00,00
Farmer_Flood_Measure_Costs,00_07_00_00,G,average,60,0.0,0.0,00,07,00,00
Farmer_Flood_Measure_Costs,00_07_00_00,G,average,100,0.0,0.0,00,07,00,00
Farmer_Flood_Measure_Costs,00_07_00_00,G&Wp,average,20,0.0,0.0,00,07,00,00
Farmer_Flood_Measure_Costs,00_07_00_00,G&Wp,average,60,0.0,0.0,00,07,00,00
Farmer_Flood_Measure_Costs,00_07_00_00,G&Wp,average,100,0.0,0.0,00,07,00,00
Farmer_Flood_Measure_Costs,00_07_00_00,Wp,average,20,0.0,0.0,00,07,00,00
Farmer_Flood_Measure_Costs,00_07_00_00,Wp,average,60,0.0,0.0,00,07,00,00
Farmer_Flood_Measure_Costs,00_07_00_00,Wp,average,100,0.0,0.0,00,07,00,00
Farmer_Flood_Measure_Costs,00_08_00_00,D,average,20,0.0,0.0,00,08,00,00
Farmer_Flood_Measure_Costs,00_08_00_00,D,average,60,0.0,0.0,00,08,00,00
Farmer_Flood_Measure_Costs,00_08_00_00,D,average,100,0.0,0.0,00,08,00,00
Farmer_Flood_Measure_Costs,00_08_00_00,D&G,average,20,0.0,0.0,00,08,00,00
Farmer_Flood_Measure_Costs,00_08_00_00,D&G,average,60,0.0,0.0,00,08,00,00
Farmer_Flood_Measure_Costs,00_08_00_00,D&G,average,100,0.0,0.0,00,08,00,00
Farmer_Flood_Measure_Costs,00_08_00_00,D&G&Wp,average,20,0.0,0.0,00,08,00,00
Farmer_Flood_Measure_Costs,00_08_00_00,D&G&Wp,average,60,0.0,0.0,00,08,00,00
Farmer_Flood_Measure_Costs,00_08_00_00,D&G&Wp,average,100,0.0,0.0,00,08,00,00
Farmer_Flood_Measure_Costs,00_08_00_00,D&Wp,average,20,0.0,0.0,00,08,00,00
Farmer_Flood_Measure_Costs,00_08_00_00,D&Wp,average,60,0.0,0.0,00,08,00,00
Farmer_Flood_Measure_Costs,00_08_00_00,D&Wp,average,100,0.0,0.0,00,08,00,00
Farmer_Flood_Measure_Costs,00_08_00_00,G,average,20,0.0,0.0,00,08,00,00
Farmer_Flood_Measure_Costs,00_08_00_00,G,average,60,0.0,0.0,00,08,00,00
Farmer_Flood_Measure_Costs,00_08_00_00,G,average,100,0.0,0.0,00,08,00,00
Farmer_Flood_Measure_Costs,00_08_00_00,G&Wp,average,20,0.0,0.0,00,08,00,00
Farmer_Flood_Measure_Costs,00_08_00_00,G&Wp,average,60,0.0,0.0,00,08,00,00
Farmer_Flood_Measure_Costs,00_08_00_00,G&Wp,average,100,0.0,0.0,00,08,00,00
Farmer_Flood_Measure_Costs,00_08_00_00,Wp,average,20,0.0,0.0,00,08,00,00
Farmer_Flood_Measure_Costs,00_08_00_00,Wp,average,60,0.0,0.0,00,08,00,00
Farmer_Flood_Measure_Costs,00_08_00_00,Wp,average,100,0.0,0.0,00,08,00,00
Farmer_Flood_Measure_Costs,00_09_00_00,D,average,20,0.0,0.0,00,09,00,00
Farmer_Flood_Measure_Costs,00_09_00_00,D,average,60,0.0,0.0,00,09,00,00
Farmer_Flood_Measure_Costs,00_09_00_00,D,average,100,0.0,0.0,00,09,00,00
Farmer_Flood_Measure_Costs,00_09_00_00,D&G,average,20,0.0,0.0,00,09,00,00
Farmer_Flood_Measure_Costs,00_09_00_00,D&G,average,60,0.0,0.0,00,09,00,00
Farmer_Flood_Measure_Costs,00_09_00_00,D&G,average,100,0.0,0.0,00,09,00,00
Farmer_Flood_Measure_Costs,00_09_00_00,D&G&Wp,average,20,0.0,0.0,00,09,00,00
Farmer_Flood_Measure_Costs,00_09_00_00,D&G&Wp,average,60,0.0,0.0,00,09,00,00
Farmer_Flood_Measure_Costs,00_09_00_00,D&G&Wp,average,100,0.0,0.0,00,09,00,00
Farmer_Flood_Measure_Costs,00_09_00_00,D&Wp,average,20,0.0,0.0,00,09,00,00
Farmer_Flood_Measure_Costs,00_09_00_00,D&Wp,average,60,0.0,0.0,00,09,00,00
Farmer_Flood_Measure_Costs,00_09_00_00,D&Wp,average,100,0.0,0.0,00,09,00,00
Farmer_Flood_Measure_Costs,00_09_00_00,G,average,20,0.0,0.0,00,09,00,00
Farmer_Flood_Measure_Costs,00_09_00_00,G,average,60,0.0,0.0,00,09,00,00
Farmer_Flood_Measure_Costs,00_09_00_00,G,average,100,0.0,0.0,00,09,00,00
Farmer_Flood_Measure_Costs,00_09_00_00,G&Wp,average,20,0.0,0.0,00,09,00,00
Farmer_Flood_Measure_Costs,00_09_00_00,G&Wp,average,60,0.0,0.0,00,09,00,00
Farmer_Flood_Measure_Costs,00_09_00_00,G&Wp,average,100,0.0,0.0,00,09,00,00
Farmer_Flood_Measure_Costs,00_09_00_00,Wp,average,20,0.0,0.0,00,09,00,00
Farmer_Flood_Measure_Costs,00_09_00_00,Wp,average,60,0.0,0.0,00,09,00,00
Farmer_Flood_Measure_Costs,00_09_00_00,Wp,average,100,0.0,0.0,00,09,00,00
Farmer_Flood_Measure_Costs,01_00_00_00,D,average,20,0.07,0.0,01,00,00,00
Farmer_Flood_Measure_Costs,01_00_00_00,D,average,60,12.67,0.04,01,00,00,00
Farmer_Flood_Measure_Costs,01_00_00_00,D,average,100,15.07,0.03,01,00,00,00
Farmer_Flood_Measure_Costs,01_00_00_00,D&G,average,20,0.08,0.0,01,00,00,00
Farmer_Flood_Measure_Costs,01_00_00_00,D&G,average,60,23.95,0.07,01,00,00,00
Farmer_Flood_Measure_Costs,01_00_00_00,D&G,average,100,39.11,0.08,01,00,00,00
Farmer_Flood_Measure_Costs,01_00_00_00,D&G&Wp,average,20,0.08,0.0,01,00,00,00
Farmer_Flood_Measure_Costs,01_00_00_00,D&G&Wp,average,60,31.52,0.09,01,00,00,00
Farmer_Flood_Measure_Costs,01_00_00_00,D&G&Wp,average,100,69.72,0.14,01,00,00,00
Farmer_Flood_Measure_Costs,01_00_00_00,D&Wp,average,20,0.07,0.0,01,00,00,00
Farmer_Flood_Measure_Costs,01_00_00_00,D&Wp,average,60,29.66,0.08,01,00,00,00
Farmer_Flood_Measure_Costs,01_00_00_00,D&Wp,average,100,73.0,0.15,01,00,00,00
Farmer_Flood_Measure_Costs,01_00_00_00,G,average,20,0.09,0.0,01,00,00,00
Farmer_Flood_Measure_Costs,01_00_00_00,G,average,60,35.23,0.1,01,00,00,00
Farmer_Flood_Measure_Costs,01_00_00_00,G,average,100,63.15,0.13,01,00,00,00
Farmer_Flood_Measure_Costs,01_00_00_00,G&Wp,average,20,0.08,0.0,01,00,00,00
Farmer_Flood_Measure_Costs,01_00_00_00,G&Wp,average,60,40.94,0.12,01,00,00,00
Farmer_Flood_Measure_Costs,01_00_00_00,G&Wp,average,100,97.04,0.19,01,00,00,00
Farmer_Flood_Measure_Costs,01_00_00_00,Wp,average,20,0.07,0.0,01,00,00,00
Farmer_Flood_Measure_Costs,01_00_00_00,Wp,average,60,46.65,0.13,01,00,00,00
Farmer_Flood_Measure_Costs,01_00_00_00,Wp,average,100,130.93,0.26,01,00,00,00
Farmer_Flood_Measure_Costs,01_01_00_00,D,average,20,0.09,0.0,01,01,00,00
Farmer_Flood_Measure_Costs,01_01_00_00,D,average,60,12.68,0.04,01,01,00,00
Farmer_Flood_Measure_Costs,01_01_00_00,D,average,100,15.09,0.03,01,01,00,00
Farmer_Flood_Measure_Costs,01_01_00_00,D&G,average,20,0.09,0.0,01,01,00,00
Farmer_Flood_Measure_Costs,01_01_00_00,D&G,average,60,23.98,0.07,01,01,00,00
Farmer_Flood_Measure_Costs,01_01_00_00,D&G,average,100,44.82,0.09,01,01,00,00
Farmer_Flood_Measure_Costs,01_01_00_00,D&G&Wp,average,20,0.09,0.0,01,01,00,00
Farmer_Flood_Measure_Costs,01_01_00_00,D&G&Wp,average,60,35.29,0.1,01,01,00,00
Farmer_Flood_Measure_Costs,01_01_00_00,D&G&Wp,average,100,68.82,0.14,01,01,00,00
Farmer_Flood_Measure_Costs,01_01_00_00,D&Wp,average,20,0.09,0.0,01,01,00,00
Farmer_Flood_Measure_Costs,01_01_00_00,D&Wp,average,60,35.3,0.1,01,01,00,00
Farmer_Flood_Measure_Costs,01_01_00_00,D&Wp,average,100,65.96,0.13,01,01,00,00
Farmer_Flood_Measure_Costs,01_01_00_00,G,average,20,0.09,0.0,01,01,00,00
Farmer_Flood_Measure_Costs,01_01_00_00,G,average,60,35.28,0.1,01,01,00,00
Farmer_Flood_Measure_Costs,01_01_00_00,G,average,100,74.54,0.15,01,01,00,00
Farmer_Flood_Measure_Costs,01_01_00_00,G&Wp,average,20,0.09,0.0,01,01,00,00
Farmer_Flood_Measure_Costs,01_01_00_00,G&Wp,average,60,46.6,0.13,01,01,00,00
Farmer_Flood_Measure_Costs,01_01_00_00,G&Wp,average,100,95.68,0.19,01,01,00,00
Farmer_Flood_Measure_Costs,01_01_00_00,Wp,average,20,0.09,0.0,01,01,00,00
Farmer_Flood_Measure_Costs,01_01_00_00,Wp,average,60,57.92,0.17,01,01,00,00
Farmer_Flood_Measure_Costs,01_01_00_00,Wp,average,100,116.82,0.23,01,01,00,00
Farmer_Flood_Measure_Costs,01_03_00_00,D,average,20,0.07,0.0,01,03,00,00
Farmer_Flood_Measure_Costs,01_03_00_00,D,average,60,12.67,0.04,01,03,00,00
Farmer_Flood_Measure_Costs,01_03_00_00,D,average,100,15.08,0.03,01,03,00,00
Farmer_Flood_Measure_Costs,01_03_00_00,D&G,average,20,0.08,0.0,01,03,00,00
Farmer_Flood_Measure_Costs,01_03_00_00,D&G,average,60,23.97,0.07,01,03,00,00
Farmer_Flood_Measure_Costs,01_03_00_00,D&G,average,100,44.81,0.09,01,03,00,00
Farmer_Flood_Measure_Costs,01_03_00_00,D&G&Wp,average,20,0.08,0.0,01,03,00,00
Farmer_Flood_Measure_Costs,01_03_00_00,D&G&Wp,average,60,35.29,0.1,01,03,00,00
Farmer_Flood_Measure_Costs,01_03_00_00,D&G&Wp,average,100,68.81,0.14,01,03,00,00
Farmer_Flood_Measure_Costs,01_03_00_00,D&Wp,average,20,0.08,0.0,01,03,00,00
Farmer_Flood_Measure_Costs,01_03_00_00,D&Wp,average,60,35.29,0.1,01,03,00,00
Farmer_Flood_Measure_Costs,01_03_00_00,D&Wp,average,100,65.95,0.13,01,03,00,00
Farmer_Flood_Measure_Costs,01_03_00_00,G,average,20,0.09,0.0,01,03,00,00
Farmer_Flood_Measure_Costs,01_03_00_00,G,average,60,35.28,0.1,01,03,00,00
Farmer_Flood_Measure_Costs,01_03_00_00,G,average,100,74.54,0.15,01,03,00,00
Farmer_Flood_Measure_Costs,01_03_00_00,G&Wp,average,20,0.09,0.0,01,03,00,00
Farmer_Flood_Measure_Costs,01_03_00_00,G&Wp,average,60,46.6,0.13,01,03,00,00
Farmer_Flood_Measure_Costs,01_03_00_00,G&Wp,average,100,95.68,0.19,01,03,00,00
Farmer_Flood_Measure_Costs,01_03_00_00,Wp,average,20,0.09,0.0,01,03,00,00
Farmer_Flood_Measure_Costs,01_03_00_00,Wp,average,60,57.92,0.17,01,03,00,00
Farmer_Flood_Measure_Costs,01_03_00_00,Wp,average,100,116.82,0.23,01,03,00,00
Farmer_Flood_Measure_Costs,01_05_00_00,D,average,20,0.07,0.0,01,05,00,00
Farmer_Flood_Measure_Costs,01_05_00_00,D,average,60,12.67,0.04,01,05,00,00
Farmer_Flood_Measure_Costs,01_05_00_00,D,average,100,15.07,0.03,01,05,00,00
Farmer_Flood_Measure_Costs,01_05_00_00,D&G,average,20,0.08,0.0,01,05,00,00
Farmer_Flood_Measure_Costs,01_05_00_00,D&G,average,60,23.95,0.07,01,05,00,00
Farmer_Flood_Measure_Costs,01_05_00_00,D&G,average,100,39.11,0.08,01,05,00,00
Farmer_Flood_Measure_Costs,01_05_00_00,D&G&Wp,average,20,0.08,0.0,01,05,00,00
Farmer_Flood_Measure_Costs,01_05_00_00,D&G&Wp,average,60,35.27,0.1,01,05,00,00
Farmer_Flood_Measure_Costs,01_05_00_00,D&G&Wp,average,100,65.0,0.13,01,05,00,00
Farmer_Flood_Measure_Costs,01_05_00_00,D&Wp,average,20,0.08,0.0,01,05,00,00
Farmer_Flood_Measure_Costs,01_05_00_00,D&Wp,average,60,35.29,0.1,01,05,00,00
Farmer_Flood_Measure_Costs,01_05_00_00,D&Wp,average,100,65.93,0.13,01,05,00,00
Farmer_Flood_Measure_Costs,01_05_00_00,G,average,20,0.09,0.0,01,05,00,00
Farmer_Flood_Measure_Costs,01_05_00_00,G,average,60,35.23,0.1,01,05,00,00
Farmer_Flood_Measure_Costs,01_05_00_00,G,average,100,63.15,0.13,01,05,00,00
Farmer_Flood_Measure_Costs,01_05_00_00,G&Wp,average,20,0.09,0.0,01,05,00,00
Farmer_Flood_Measure_Costs,01_05_00_00,G&Wp,average,60,46.57,0.13,01,05,00,00
Farmer_Flood_Measure_Costs,01_05_00_00,G&Wp,average,100,89.97,0.18,01,05,00,00
Farmer_Flood_Measure_Costs,01_05_00_00,Wp,average,20,0.09,0.0,01,05,00,00
Farmer_Flood_Measure_Costs,01_05_00_00,Wp,average,60,57.92,0.17,01,05,00,00
Farmer_Flood_Measure_Costs,01_05_00_00,Wp,average,100,116.79,0.23,01,05,00,00
Farmer_Flood_Measure_Costs,01_06_00_00,D,average,20,0.07,0.0,01,06,00,00
Farmer_Flood_Measure_Costs,01_06_00_00,D,average,60,12.67,0.04,01,06,00,00
Farmer_Flood_Measure_Costs,01_06_00_00,D,average,100,15.07,0.03,01,06,00,00
Farmer_Flood_Measure_Costs,01_06_00_00,D&G,average,20,0.08,0.0,01,06,00,00
Farmer_Flood_Measure_Costs,01_06_00_00,D&G,average,60,23.95,0.07,01,06,00,00
Farmer_Flood_Measure_Costs,01_06_00_00,D&G,average,100,39.11,0.08,01,06,00,00
Farmer_Flood_Measure_Costs,01_06_00_00,D&G&Wp,average,20,0.08,0.0,01,06,00,00
Farmer_Flood_Measure_Costs,01_06_00_00,D&G&Wp,average,60,35.27,0.1,01,06,00,00
Farmer_Flood_Measure_Costs,01_06_00_00,D&G&Wp,average,100,65.0,0.13,01,06,00,00
Farmer_Flood_Measure_Costs,01_06_00_00,D&Wp,average,20,0.08,0.0,01,06,00,00
Farmer_Flood_Measure_Costs,01_06_00_00,D&Wp,average,60,35.29,0.1,01,06,00,00
Farmer_Flood_Measure_Costs,01_06_00_00,D&Wp,average,100,65.93,0.13,01,06,00,00
Farmer_Flood_Measure_Costs,01_06_00_00,G,average,20,0.09,0.0,01,06,00,00
Farmer_Flood_Measure_Costs,01_06_00_00,G,average,60,35.23,0.1,01,06,00,00
Farmer_Flood_Measure_Costs,01_06_00_00,G,average,100,63.15,0.13,01,06,00,00
Farmer_Flood_Measure_Costs,01_06_00_00,G&Wp,average,20,0.09,0.0,01,06,00,00
Farmer_Flood_Measure_Costs,01_06_00_00,G&Wp,average,60,46.57,0.13,01,06,00,00
Farmer_Flood_Measure_Costs,01_06_00_00,G&Wp,average,100,89.97,0.18,01,06,00,00
Farmer_Flood_Measure_Costs,01_06_00_00,Wp,average,20,0.09,0.0,01,06,00,00
Farmer_Flood_Measure_Costs,01_06_00_00,Wp,average,60,57.92,0.17,01,06,00,00
Farmer_Flood_Measure_Costs,01_06_00_00,Wp,average,100,116.79,0.23,01,06,00,00
Farmer_Flood_Measure_Costs,01_07_00_00,D,average,20,0.07,0.0,01,07,00,00
Farmer_Flood_Measure_Costs,01_07_00_00,D,average,60,12.67,0.04,01,07,00,00
Farmer_Flood_Measure_Costs,01_07_00_00,D,average,100,15.07,0.03,01,07,00,00
Farmer_Flood_Measure_Costs,01_07_00_00,D&G,average,20,0.08,0.0,01,07,00,00
Farmer_Flood_Measure_Costs,01_07_00_00,D&G,average,60,23.95,0.07,01,07,00,00
Farmer_Flood_Measure_Costs,01_07_00_00,D&G,average,100,39.11,0.08,01,07,00,00
Farmer_Flood_Measure_Costs,01_07_00_00,D&G&Wp,average,20,0.08,0.0,01,07,00,00
Farmer_Flood_Measure_Costs,01_07_00_00,D&G&Wp,average,60,35.27,0.1,01,07,00,00
Farmer_Flood_Measure_Costs,01_07_00_00,D&G&Wp,average,100,65.0,0.13,01,07,00,00
Farmer_Flood_Measure_Costs,01_07_00_00,D&Wp,average,20,0.08,0.0,01,07,00,00
Farmer_Flood_Measure_Costs,01_07_00_00,D&Wp,average,60,35.29,0.1,01,07,00,00
Farmer_Flood_Measure_Costs,01_07_00_00,D&Wp,average,100,65.93,0.13,01,07,00,00
Farmer_Flood_Measure_Costs,01_07_00_00,G,average,20,0.09,0.0,01,07,00,00
Farmer_Flood_Measure_Costs,01_07_00_00,G,average,60,35.23,0.1,01,07,00,00
Farmer_Flood_Measure_Costs,01_07_00_00,G,average,100,63.15,0.13,01,07,00,00
Farmer_Flood_Measure_Costs,01_07_00_00,G&Wp,average,20,0.09,0.0,01,07,00,00
Farmer_Flood_Measure_Costs,01_07_00_00,G&Wp,average,60,46.57,0.13,01,07,00,00
Farmer_Flood_Measure_Costs,01_07_00_00,G&Wp,average,100,89.97,0.18,01,07,00,00
Farmer_Flood_Measure_Costs,01_07_00_00,Wp,average,20,0.09,0.0,01,07,00,00
Farmer_Flood_Measure_Costs,01_07_00_00,Wp,average,60,57.92,0.17,01,07,00,00
Farmer_Flood_Measure_Costs,01_07_00_00,Wp,average,100,116.79,0.23,01,07,00,00
Farmer_Flood_Measure_Costs,01_08_00_00,D,average,20,0.07,0.0,01,08,00,00
Farmer_Flood_Measure_Costs,01_08_00_00,D,average,60,12.67,0.04,01,08,00,00
Farmer_Flood_Measure_Costs,01_08_00_00,D,average,100,15.07,0.03,01,08,00,00
Farmer_Flood_Measure_Costs,01_08_00_00,D&G,average,20,0.08,0.0,01,08,00,00
Farmer_Flood_Measure_Costs,01_08_00_00,D&G,average,60,23.97,0.07,01,08,00,00
Farmer_Flood_Measure_Costs,01_08_00_00,D&G,average,100,44.81,0.09,01,08,00,00
Farmer_Flood_Measure_Costs,01_08_00_00,D&G&Wp,average,20,0.08,0.0,01,08,00,00
Farmer_Flood_Measure_Costs,01_08_00_00,D&G&Wp,average,60,35.29,0.1,01,08,00,00
Farmer_Flood_Measure_Costs,01_08_00_00,D&G&Wp,average,100,68.81,0.14,01,08,00,00
Farmer_Flood_Measure_Costs,01_08_00_00,D&Wp,average,20,0.08,0.0,01,08,00,00
Farmer_Flood_Measure_Costs,01_08_00_00,D&Wp,average,60,35.29,0.1,01,08,00,00
Farmer_Flood_Measure_Costs,01_08_00_00,D&Wp,average,100,65.95,0.13,01,08,00,00
Farmer_Flood_Measure_Costs,01_08_00_00,G,average,20,0.09,0.0,01,08,00,00
Farmer_Flood_Measure_Costs,01_08_00_00,G,average,60,35.28,0.1,01,08,00,00
Farmer_Flood_Measure_Costs,01_08_00_00,G,average,100,74.54,0.15,01,08,00,00
Farmer_Flood_Measure_Costs,01_08_00_00,G&Wp,average,20,0.09,0.0,01,08,00,00
Farmer_Flood_Measure_Costs,01_08_00_00,G&Wp,average,60,46.6,0.13,01,08,00,00
Farmer_Flood_Measure_Costs,01_08_00_00,G&Wp,average,100,95.68,0.19,01,08,00,00
Farmer_Flood_Measure_Costs,01_08_00_00,Wp,average,20,0.09,0.0,01,08,00,00
Farmer_Flood_Measure_Costs,01_08_00_00,Wp,average,60,57.92,0.17,01,08,00,00
Farmer_Flood_Measure_Costs,01_08_00_00,Wp,average,100,116.82,0.23,01,08,00,00
Farmer_Flood_Measure_Costs,01_09_00_00,D,average,20,0.07,0.0,01,09,00,00
Farmer_Flood_Measure_Costs,01_09_00_00,D,average,60,12.67,0.04,01,09,00,00
Farmer_Flood_Measure_Costs,01_09_00_00,D,average,100,15.08,0.03,01,09,00,00
Farmer_Flood_Measure_Costs,01_09_00_00,D&G,average,20,0.08,0.0,01,09,00,00
Farmer_Flood_Measure_Costs,01_09_00_00,D&G,average,60,23.97,0.07,01,09,00,00
Farmer_Flood_Measure_Costs,01_09_00_00,D&G,average,100,44.81,0.09,01,09,00,00
Farmer_Flood_Measure_Costs,01_09_00_00,D&G&Wp,average,20,0.08,0.0,01,09,00,00
Farmer_Flood_Measure_Costs,01_09_00_00,D&G&Wp,average,60,35.29,0.1,01,09,00,00
Farmer_Flood_Measure_Costs,01_09_00_00,D&G&Wp,average,100,68.81,0.14,01,09,00,00
Farmer_Flood_Measure_Costs,01_09_00_00,D&Wp,average,20,0.08,0.0,01,09,00,00
Farmer_Flood_Measure_Costs,01_09_00_00,D&Wp,average,60,35.29,0.1,01,09,00,00
Farmer_Flood_Measure_Costs,01_09_00_00,D&Wp,average,100,65.95,0.13,01,09,00,00
Farmer_Flood_Measure_Costs,01_09_00_00,G,average,20,0.09,0.0,01,09,00,00
Farmer_Flood_Measure_Costs,01_09_00_00,G,average,60,35.28,0.1,01,09,00,00
Farmer_Flood_Measure_Costs,01_09_00_00,G,average,100,74.54,0.15,01,09,00,00
Farmer_Flood_Measure_Costs,01_09_00_00,G&Wp,average,20,0.09,0.0,01,09,00,00
Farmer_Flood_Measure_Costs,01_09_00_00,G&Wp,average,60,46.6,0.13,01,09,00,00
Farmer_Flood_Measure_Costs,01_09_00_00,G&Wp,average,100,95.68,0.19,01,09,00,00
Farmer_Flood_Measure_Costs,01_09_00_00,Wp,average,20,0.09,0.0,01,09,00,00
Farmer_Flood_Measure_Costs,01_09_00_00,Wp,average,60,57.92,0.17,01,09,00,00
Farmer_Flood_Measure_Costs,01_09_00_00,Wp,average,100,116.82,0.23,01,09,00,00
Farmer_Flood_Measure_Costs,03_00_00_00,D,average,20,0.04,0.0,03,00,00,00
Farmer_Flood_Measure_Costs,03_00_00_00,D,average,60,11.93,0.03,03,00,00,00
Farmer_Flood_Measure_Costs,03_00_00_00,D,average,100,13.78,0.03,03,00,00,00
Farmer_Flood_Measure_Costs,03_00_00_00,D&G,average,20,0.05,0.0,03,00,00,00
Farmer_Flood_Measure_Costs,03_00_00_00,D&G,average,60,17.62,0.05,03,00,00,00
Farmer_Flood_Measure_Costs,03_00_00_00,D&G,average,100,30.78,0.06,03,00,00,00
Farmer_Flood_Measure_Costs,03_00_00_00,D&G&Wp,average,20,0.04,0.0,03,00,00,00
Farmer_Flood_Measure_Costs,03_00_00_00,D&G&Wp,average,60,27.15,0.08,03,00,00,00
Farmer_Flood_Measure_Costs,03_00_00_00,D&G&Wp,average,100,63.95,0.13,03,00,00,00
Farmer_Flood_Measure_Costs,03_00_00_00,D&Wp,average,20,0.04,0.0,03,00,00,00
Farmer_Flood_Measure_Costs,03_00_00_00,D&Wp,average,60,29.07,0.08,03,00,00,00
Farmer_Flood_Measure_Costs,03_00_00_00,D&Wp,average,100,72.04,0.14,03,00,00,00
Farmer_Flood_Measure_Costs,03_00_00_00,G,average,20,0.05,0.0,03,00,00,00
Farmer_Flood_Measure_Costs,03_00_00_00,G,average,60,23.3,0.07,03,00,00,00
Farmer_Flood_Measure_Costs,03_00_00_00,G,average,100,47.78,0.1,03,00,00,00
Farmer_Flood_Measure_Costs,03_00_00_00,G&Wp,average,20,0.04,0.0,03,00,00,00
Farmer_Flood_Measure_Costs,03_00_00_00,G&Wp,average,60,34.75,0.1,03,00,00,00
Farmer_Flood_Measure_Costs,03_00_00_00,G&Wp,average,100,89.04,0.18,03,00,00,00
Farmer_Flood_Measure_Costs,03_00_00_00,Wp,average,20,0.04,0.0,03,00,00,00
Farmer_Flood_Measure_Costs,03_00_00_00,Wp,average,60,46.21,0.13,03,00,00,00
Farmer_Flood_Measure_Costs,03_00_00_00,Wp,average,100,130.3,0.26,03,00,00,00
Farmer_Flood_Measure_Costs,03_01_00_00,D,average,20,0.05,0.0,03,01,00,00
Farmer_Flood_Measure_Costs,03_01_00_00,D,average,60,11.94,0.03,03,01,00,00
Farmer_Flood_Measure_Costs,03_01_00_00,D,average,100,13.79,0.03,03,01,00,00
Farmer_Flood_Measure_Costs,03_01_00_00,D&G,average,20,0.05,0.0,03,01,00,00
Farmer_Flood_Measure_Costs,03_01_00_00,D&G,average,60,23.33,0.07,03,01,00,00
Farmer_Flood_Measure_Costs,03_01_00_00,D&G,average,100,43.65,0.09,03,01,00,00
Farmer_Flood_Measure_Costs,03_01_00_00,D&G&Wp,average,20,0.05,0.0,03,01,00,00
Farmer_Flood_Measure_Costs,03_01_00_00,D&G&Wp,average,60,34.74,0.1,03,01,00,00
Farmer_Flood_Measure_Costs,03_01_00_00,D&G&Wp,average,100,72.6,0.15,03,01,00,00
Farmer_Flood_Measure_Costs,03_01_00_00,D&Wp,average,20,0.05,0.0,03,01,00,00
Farmer_Flood_Measure_Costs,03_01_00_00,D&Wp,average,60,34.74,0.1,03,01,00,00
Farmer_Flood_Measure_Costs,03_01_00_00,D&Wp,average,100,72.15,0.14,03,01,00,00
Farmer_Flood_Measure_Costs,03_01_00_00,G,average,20,0.05,0.0,03,01,00,00
Farmer_Flood_Measure_Costs,03_01_00_00,G,average,60,34.73,0.1,03,01,00,00
Farmer_Flood_Measure_Costs,03_01_00_00,G,average,100,73.5,0.15,03,01,00,00
Farmer_Flood_Measure_Costs,03_01_00_00,G&Wp,average,20,0.05,0.0,03,01,00,00
Farmer_Flood_Measure_Costs,03_01_00_00,G&Wp,average,60,46.13,0.13,03,01,00,00
Farmer_Flood_Measure_Costs,03_01_00_00,G&Wp,average,100,102.01,0.2,03,01,00,00
Farmer_Flood_Measure_Costs,03_01_00_00,Wp,average,20,0.05,0.0,03,01,00,00
Farmer_Flood_Measure_Costs,03_01_00_00,Wp,average,60,57.54,0.16,03,01,00,00
Farmer_Flood_Measure_Costs,03_01_00_00,Wp,average,100,130.51,0.26,03,01,00,00
Farmer_Flood_Measure_Costs,03_03_00_00,D,average,20,0.04,0.0,03,03,00,00
Farmer_Flood_Measure_Costs,03_03_00_00,D,average,60,11.93,0.03,03,03,00,00
Farmer_Flood_Measure_Costs,03_03_00_00,D,average,100,13.78,0.03,03,03,00,00
Farmer_Flood_Measure_Costs,03_03_00_00,D&G,average,20,0.05,0.0,03,03,00,00
Farmer_Flood_Measure_Costs,03_03_00_00,D&G,average,60,17.63,0.05,03,03,00,00
Farmer_Flood_Measure_Costs,03_03_00_00,D&G,average,100,36.44,0.07,03,03,00,00
Farmer_Flood_Measure_Costs,03_03_00_00,D&G&Wp,average,20,0.05,0.0,03,03,00,00
Farmer_Flood_Measure_Costs,03_03_00_00,D&G&Wp,average,60,30.93,0.09,03,03,00,00
Farmer_Flood_Measure_Costs,03_03_00_00,D&G&Wp,average,100,67.8,0.14,03,03,00,00
Farmer_Flood_Measure_Costs,03_03_00_00,D&Wp,average,20,0.05,0.0,03,03,00,00
Farmer_Flood_Measure_Costs,03_03_00_00,D&Wp,average,60,34.74,0.1,03,03,00,00
Farmer_Flood_Measure_Costs,03_03_00_00,D&Wp,average,100,72.14,0.14,03,03,00,00
Farmer_Flood_Measure_Costs,03_03_00_00,G,average,20,0.05,0.0,03,03,00,00
Farmer_Flood_Measure_Costs,03_03_00_00,G,average,60,23.33,0.07,03,03,00,00
Farmer_Flood_Measure_Costs,03_03_00_00,G,average,100,59.1,0.12,03,03,00,00
Farmer_Flood_Measure_Costs,03_03_00_00,G&Wp,average,20,0.05,0.0,03,03,00,00
Farmer_Flood_Measure_Costs,03_03_00_00,G&Wp,average,60,40.43,0.12,03,03,00,00
Farmer_Flood_Measure_Costs,03_03_00_00,G&Wp,average,100,94.81,0.19,03,03,00,00
Farmer_Flood_Measure_Costs,03_03_00_00,Wp,average,20,0.05,0.0,03,03,00,00
Farmer_Flood_Measure_Costs,03_03_00_00,Wp,average,60,57.54,0.16,03,03,00,00
Farmer_Flood_Measure_Costs,03_03_00_00,Wp,average,100,130.51,0.26,03,03,00,00
Farmer_Flood_Measure_Costs,03_05_00_00,D,average,20,0.04,0.0,03,05,00,00
Farmer_Flood_Measure_Costs,03_05_00_00,D,average,60,11.93,0.03,03,05,00,00
Farmer_Flood_Measure_Costs,03_05_00_00,D,average,100,13.78,0.03,03,05,00,00
Farmer_Flood_Measure_Costs,03_05_00_00,D&G,average,20,0.05,0.0,03,05,00,00
Farmer_Flood_Measure_Costs,03_05_00_00,D&G,average,60,17.62,0.05,03,05,00,00
Farmer_Flood_Measure_Costs,03_05_00_00,D&G,average,100,30.78,0.06,03,05,00,00
Farmer_Flood_Measure_Costs,03_05_00_00,D&G&Wp,average,20,0.05,0.0,03,05,00,00
Farmer_Flood_Measure_Costs,03_05_00_00,D&G&Wp,average,60,27.16,0.08,03,05,00,00
Farmer_Flood_Measure_Costs,03_05_00_00,D&G&Wp,average,100,63.96,0.13,03,05,00,00
Farmer_Flood_Measure_Costs,03_05_00_00,D&Wp,average,20,0.05,0.0,03,05,00,00
Farmer_Flood_Measure_Costs,03_05_00_00,D&Wp,average,60,29.08,0.08,03,05,00,00
Farmer_Flood_Measure_Costs,03_05_00_00,D&Wp,average,100,72.05,0.14,03,05,00,00
Farmer_Flood_Measure_Costs,03_05_00_00,G,average,20,0.05,0.0,03,05,00,00
Farmer_Flood_Measure_Costs,03_05_00_00,G,average,60,23.3,0.07,03,05,00,00
Farmer_Flood_Measure_Costs,03_05_00_00,G,average,100,47.78,0.1,03,05,00,00
Farmer_Flood_Measure_Costs,03_05_00_00,G&Wp,average,20,0.05,0.0,03,05,00,00
Farmer_Flood_Measure_Costs,03_05_00_00,G&Wp,average,60,34.77,0.1,03,05,00,00
Farmer_Flood_Measure_Costs,03_05_00_00,G&Wp,average,100,89.05,0.18,03,05,00,00
Farmer_Flood_Measure_Costs,03_05_00_00,Wp,average,20,0.05,0.0,03,05,00,00
Farmer_Flood_Measure_Costs,03_05_00_00,Wp,average,60,46.23,0.13,03,05,00,00
Farmer_Flood_Measure_Costs,03_05_00_00,Wp,average,100,130.32,0.26,03,05,00,00
Farmer_Flood_Measure_Costs,03_06_00_00,D,average,20,0.04,0.0,03,06,00,00
Farmer_Flood_Measure_Costs,03_06_00_00,D,average,60,11.93,0.03,03,06,00,00
Farmer_Flood_Measure_Costs,03_06_00_00,D,average,100,13.78,0.03,03,06,00,00
Farmer_Flood_Measure_Costs,03_06_00_00,D&G,average,20,0.05,0.0,03,06,00,00
Farmer_Flood_Measure_Costs,03_06_00_00,D&G,average,60,17.62,0.05,03,06,00,00
Farmer_Flood_Measure_Costs,03_06_00_00,D&G,average,100,30.78,0.06,03,06,00,00
Farmer_Flood_Measure_Costs,03_06_00_00,D&G&Wp,average,20,0.05,0.0,03,06,00,00
Farmer_Flood_Measure_Costs,03_06_00_00,D&G&Wp,average,60,27.16,0.08,03,06,00,00
Farmer_Flood_Measure_Costs,03_06_00_00,D&G&Wp,average,100,63.96,0.13,03,06,00,00
Farmer_Flood_Measure_Costs,03_06_00_00,D&Wp,average,20,0.05,0.0,03,06,00,00
Farmer_Flood_Measure_Costs,03_06_00_00,D&Wp,average,60,29.08,0.08,03,06,00,00
Farmer_Flood_Measure_Costs,03_06_00_00,D&Wp,average,100,72.05,0.14,03,06,00,00
Farmer_Flood_Measure_Costs,03_06_00_00,G,average,20,0.05,0.0,03,06,00,00
Farmer_Flood_Measure_Costs,03_06_00_00,G,average,60,23.3,0.07,03,06,00,00
Farmer_Flood_Measure_Costs,03_06_00_00,G,average,100,47.78,0.1,03,06,00,00
Farmer_Flood_Measure_Costs,03_06_00_00,G&Wp,average,20,0.05,0.0,03,06,00,00
Farmer_Flood_Measure_Costs,03_06_00_00,G&Wp,average,60,34.77,0.1,03,06,00,00
Farmer_Flood_Measure_Costs,03_06_00_00,G&Wp,average,100,89.05,0.18,03,06,00,00
Farmer_Flood_Measure_Costs,03_06_00_00,Wp,average,20,0.05,0.0,03,06,00,00
Farmer_Flood_Measure_Costs,03_06_00_00,Wp,average,60,46.23,0.13,03,06,00,00
Farmer_Flood_Measure_Costs,03_06_00_00,Wp,average,100,130.32,0.26,03,06,00,00
Farmer_Flood_Measure_Costs,03_07_00_00,D,average,20,0.04,0.0,03,07,00,00
Farmer_Flood_Measure_Costs,03_07_00_00,D,average,60,11.93,0.03,03,07,00,00
Farmer_Flood_Measure_Costs,03_07_00_00,D,average,100,13.78,0.03,03,07,00,00
Farmer_Flood_Measure_Costs,03_07_00_00,D&G,average,20,0.05,0.0,03,07,00,00
Farmer_Flood_Measure_Costs,03_07_00_00,D&G,average,60,17.62,0.05,03,07,00,00
Farmer_Flood_Measure_Costs,03_07_00_00,D&G,average,100,30.78,0.06,03,07,00,00
Farmer_Flood_Measure_Costs,03_07_00_00,D&G&Wp,average,20,0.05,0.0,03,07,00,00
Farmer_Flood_Measure_Costs,03_07_00_00,D&G&Wp,average,60,27.16,0.08,03,07,00,00
Farmer_Flood_Measure_Costs,03_07_00_00,D&G&Wp,average,100,63.96,0.13,03,07,00,00
Farmer_Flood_Measure_Costs,03_07_00_00,D&Wp,average,20,0.05,0.0,03,07,00,00
Farmer_Flood_Measure_Costs,03_07_00_00,D&Wp,average,60,29.08,0.08,03,07,00,00
Farmer_Flood_Measure_Costs,03_07_00_00,D&Wp,average,100,72.05,0.14,03,07,00,00
Farmer_Flood_Measure_Costs,03_07_00_00,G,average,20,0.05,0.0,03,07,00,00
Farmer_Flood_Measure_Costs,03_07_00_00,G,average,60,23.3,0.07,03,07,00,00
Farmer_Flood_Measure_Costs,03_07_00_00,G,average,100,47.78,0.1,03,07,00,00
Farmer_Flood_Measure_Costs,03_07_00_00,G&Wp,average,20,0.05,0.0,03,07,00,00
Farmer_Flood_Measure_Costs,03_07_00_00,G&Wp,average,60,34.77,0.1,03,07,00,00
Farmer_Flood_Measure_Costs,03_07_00_00,G&Wp,average,100,89.05,0.18,03,07,00,00
Farmer_Flood_Measure_Costs,03_07_00_00,Wp,average,20,0.05,0.0,03,07,00,00
Farmer_Flood_Measure_Costs,03_07_00_00,Wp,average,60,46.23,0.13,03,07,00,00
Farmer_Flood_Measure_Costs,03_07_00_00,Wp,average,100,130.32,0.26,03,07,00,00
Farmer_Flood_Measure_Costs,03_08_00_00,D,average,20,0.04,0.0,03,08,00,00
Farmer_Flood_Measure_Costs,03_08_00_00,D,average,60,11.93,0.03,03,08,00,00
Farmer_Flood_Measure_Costs,03_08_00_00,D,average,100,13.78,0.03,03,08,00,00
Farmer_Flood_Measure_Costs,03_08_00_00,D&G,average,20,0.05,0.0,03,08,00,00
Farmer_Flood_Measure_Costs,03_08_00_00,D&G,average,60,17.63,0.05,03,08,00,00
Farmer_Flood_Measure_Costs,03_08_00_00,D&G,average,100,36.44,0.07,03,08,00,00
Farmer_Flood_Measure_Costs,03_08_00_00,D&G&Wp,average,20,0.05,0.0,03,08,00,00
Farmer_Flood_Measure_Costs,03_08_00_00,D&G&Wp,average,60,27.17,0.08,03,08,00,00
Farmer_Flood_Measure_Costs,03_08_00_00,D&G&Wp,average,100,67.77,0.14,03,08,00,00
Farmer_Flood_Measure_Costs,03_08_00_00,D&Wp,average,20,0.05,0.0,03,08,00,00
Farmer_Flood_Measure_Costs,03_08_00_00,D&Wp,average,60,29.09,0.08,03,08,00,00
Farmer_Flood_Measure_Costs,03_08_00_00,D&Wp,average,100,72.1,0.14,03,08,00,00
Farmer_Flood_Measure_Costs,03_08_00_00,G,average,20,0.05,0.0,03,08,00,00
Farmer_Flood_Measure_Costs,03_08_00_00,G,average,60,23.33,0.07,03,08,00,00
Farmer_Flood_Measure_Costs,03_08_00_00,G,average,100,59.1,0.12,03,08,00,00
Farmer_Flood_Measure_Costs,03_08_00_00,G&Wp,average,20,0.05,0.0,03,08,00,00
Farmer_Flood_Measure_Costs,03_08_00_00,G&Wp,average,60,34.79,0.1,03,08,00,00
Farmer_Flood_Measure_Costs,03_08_00_00,G&Wp,average,100,94.76,0.19,03,08,00,00
Farmer_Flood_Measure_Costs,03_08_00_00,Wp,average,20,0.05,0.0,03,08,00,00
Farmer_Flood_Measure_Costs,03_08_00_00,Wp,average,60,46.26,0.13,03,08,00,00
Farmer_Flood_Measure_Costs,03_08_00_00,Wp,average,100,130.43,0.26,03,08,00,00
Farmer_Flood_Measure_Costs,03_09_00_00,D,average,20,0.04,0.0,03,09,00,00
Farmer_Flood_Measure_Costs,03_09_00_00,D,average,60,11.93,0.03,03,09,00,00
Farmer_Flood_Measure_Costs,03_09_00_00,D,average,100,13.78,0.03,03,09,00,00
Farmer_Flood_Measure_Costs,03_09_00_00,D&G,average,20,0.05,0.0,03,09,00,00
Farmer_Flood_Measure_Costs,03_09_00_00,D&G,average,60,17.63,0.05,03,09,00,00
Farmer_Flood_Measure_Costs,03_09_00_00,D&G,average,100,36.44,0.07,03,09,00,00
Farmer_Flood_Measure_Costs,03_09_00_00,D&G&Wp,average,20,0.05,0.0,03,09,00,00
Farmer_Flood_Measure_Costs,03_09_00_00,D&G&Wp,average,60,27.19,0.08,03,09,00,00
Farmer_Flood_Measure_Costs,03_09_00_00,D&G&Wp,average,100,67.79,0.14,03,09,00,00
Farmer_Flood_Measure_Costs,03_09_00_00,D&Wp,average,20,0.05,0.0,03,09,00,00
Farmer_Flood_Measure_Costs,03_09_00_00,D&Wp,average,60,29.13,0.08,03,09,00,00
Farmer_Flood_Measure_Costs,03_09_00_00,D&Wp,average,100,72.13,0.14,03,09,00,00
Farmer_Flood_Measure_Costs,03_09_00_00,G,average,20,0.05,0.0,03,09,00,00
Farmer_Flood_Measure_Costs,03_09_00_00,G,average,60,23.33,0.07,03,09,00,00
Farmer_Flood_Measure_Costs,03_09_00_00,G,average,100,59.1,0.12,03,09,00,00
Farmer_Flood_Measure_Costs,03_09_00_00,G&Wp,average,20,0.05,0.0,03,09,00,00
Farmer_Flood_Measure_Costs,03_09_00_00,G&Wp,average,60,34.82,0.1,03,09,00,00
Farmer_Flood_Measure_Costs,03_09_00_00,G&Wp,average,100,94.8,0.19,03,09,00,00
Farmer_Flood_Measure_Costs,03_09_00_00,Wp,average,20,0.05,0.0,03,09,00,00
Farmer_Flood_Measure_Costs,03_09_00_00,Wp,average,60,46.32,0.13,03,09,00,00
Farmer_Flood_Measure_Costs,03_09_00_00,Wp,average,100,130.49,0.26,03,09,00,00
Farmer_Flood_Measure_Costs,05_00_00_00,D,average,20,33.6,0.22,05,00,00,00
Farmer_Flood_Measure_Costs,05_00_00_00,D,average,60,118.0,0.34,05,00,00,00
Farmer_Flood_Measure_Costs,05_00_00_00,D,average,100,140.4,0.28,05,00,00,00
Farmer_Flood_Measure_Costs,05_00_00_00,D&G,average,20,33.6,0.22,05,00,00,00
Farmer_Flood_Measure_Costs,05_00_00_00,D&G,average,60,118.0,0.34,05,00,00,00
Farmer_Flood_Measure_Costs,05_00_00_00,D&G,average,100,140.4,0.28,05,00,00,00
Farmer_Flood_Measure_Costs,05_00_00_00,D&G&Wp,average,20,33.6,0.22,05,00,00,00
Farmer_Flood_Measure_Costs,05_00_00_00,D&G&Wp,average,60,125.47,0.36,05,00,00,00
Farmer_Flood_Measure_Costs,05_00_00_00,D&G&Wp,average,100,145.13,0.29,05,00,00,00
Farmer_Flood_Measure_Costs,05_00_00_00,D&Wp,average,20,33.6,0.22,05,00,00,00
Farmer_Flood_Measure_Costs,05_00_00_00,D&Wp,average,60,129.2,0.37,05,00,00,00
Farmer_Flood_Measure_Costs,05_00_00_00,D&Wp,average,100,147.5,0.29,05,00,00,00
Farmer_Flood_Measure_Costs,05_00_00_00,G,average,20,33.6,0.22,05,00,00,00
Farmer_Flood_Measure_Costs,05_00_00_00,G,average,60,118.0,0.34,05,00,00,00
Farmer_Flood_Measure_Costs,05_00_00_00,G,average,100,140.4,0.28,05,00,00,00
Farmer_Flood_Measure_Costs,05_00_00_00,G&Wp,average,20,33.6,0.22,05,00,00,00
Farmer_Flood_Measure_Costs,05_00_00_00,G&Wp,average,60,129.2,0.37,05,00,00,00
Farmer_Flood_Measure_Costs,05_00_00_00,G&Wp,average,100,147.5,0.29,05,00,00,00
Farmer_Flood_Measure_Costs,05_00_00_00,Wp,average,20,33.6,0.22,05,00,00,00
Farmer_Flood_Measure_Costs,05_00_00_00,Wp,average,60,140.4,0.4,05,00,00,00
Farmer_Flood_Measure_Costs,05_00_00_00,Wp,average,100,154.6,0.31,05,00,00,00
Farmer_Flood_Measure_Costs,05_01_00_00,D,average,20,33.6,0.22,05,01,00,00
Farmer_Flood_Measure_Costs,05_01_00_00,D,average,60,118.0,0.34,05,01,00,00
Farmer_Flood_Measure_Costs,05_01_00_00,D,average,100,140.4,0.28,05,01,00,00
Farmer_Flood_Measure_Costs,05_01_00_00,D&G,average,20,33.6,0.22,05,01,00,00
Farmer_Flood_Measure_Costs,05_01_00_00,D&G,average,60,123.6,0.35,05,01,00,00
Farmer_Flood_Measure_Costs,05_01_00_00,D&G,average,100,147.5,0.29,05,01,00,00
Farmer_Flood_Measure_Costs,05_01_00_00,D&G&Wp,average,20,33.6,0.22,05,01,00,00
Farmer_Flood_Measure_Costs,05_01_00_00,D&G&Wp,average,60,129.2,0.37,05,01,00,00
Farmer_Flood_Measure_Costs,05_01_00_00,D&G&Wp,average,100,149.87,0.3,05,01,00,00
Farmer_Flood_Measure_Costs,05_01_00_00,D&Wp,average,20,33.6,0.22,05,01,00,00
Farmer_Flood_Measure_Costs,05_01_00_00,D&Wp,average,60,129.2,0.37,05,01,00,00
Farmer_Flood_Measure_Costs,05_01_00_00,D&Wp,average,100,147.5,0.29,05,01,00,00
Farmer_Flood_Measure_Costs,05_01_00_00,G,average,20,33.6,0.22,05,01,00,00
Farmer_Flood_Measure_Costs,05_01_00_00,G,average,60,129.2,0.37,05,01,00,00
Farmer_Flood_Measure_Costs,05_01_00_00,G,average,100,154.6,0.31,05,01,00,00
Farmer_Flood_Measure_Costs,05_01_00_00,G&Wp,average,20,33.6,0.22,05,01,00,00
Farmer_Flood_Measure_Costs,05_01_00_00,G&Wp,average,60,134.8,0.39,05,01,00,00
Farmer_Flood_Measure_Costs,05_01_00_00,G&Wp,average,100,154.6,0.31,05,01,00,00
Farmer_Flood_Measure_Costs,05_01_00_00,Wp,average,20,33.6,0.22,05,01,00,00
Farmer_Flood_Measure_Costs,05_01_00_00,Wp,average,60,140.4,0.4,05,01,00,00
Farmer_Flood_Measure_Costs,05_01_00_00,Wp,average,100,154.6,0.31,05,01,00,00
Farmer_Flood_Measure_Costs,05_03_00_00,D,average,20,33.6,0.22,05,03,00,00
Farmer_Flood_Measure_Costs,05_03_00_00,D,average,60,118.0,0.34,05,03,00,00
Farmer_Flood_Measure_Costs,05_03_00_00,D,average,100,140.4,0.28,05,03,00,00
Farmer_Flood_Measure_Costs,05_03_00_00,D&G,average,20,33.6,0.22,05,03,00,00
Farmer_Flood_Measure_Costs,05_03_00_00,D&G,average,60,123.6,0.35,05,03,00,00
Farmer_Flood_Measure_Costs,05_03_00_00,D&G,average,100,147.5,0.29,05,03,00,00
Farmer_Flood_Measure_Costs,05_03_00_00,D&G&Wp,average,20,33.6,0.22,05,03,00,00
Farmer_Flood_Measure_Costs,05_03_00_00,D&G&Wp,average,60,129.2,0.37,05,03,00,00
Farmer_Flood_Measure_Costs,05_03_00_00,D&G&Wp,average,100,149.87,0.3,05,03,00,00
Farmer_Flood_Measure_Costs,05_03_00_00,D&Wp,average,20,33.6,0.22,05,03,00,00
Farmer_Flood_Measure_Costs,05_03_00_00,D&Wp,average,60,129.2,0.37,05,03,00,00
Farmer_Flood_Measure_Costs,05_03_00_00,D&Wp,average,100,147.5,0.29,05,03,00,00
Farmer_Flood_Measure_Costs,05_03_00_00,G,average,20,33.6,0.22,05,03,00,00
Farmer_Flood_Measure_Costs,05_03_00_00,G,average,60,129.2,0.37,05,03,00,00
Farmer_Flood_Measure_Costs,05_03_00_00,G,average,100,154.6,0.31,05,03,00,00
Farmer_Flood_Measure_Costs,05_03_00_00,G&Wp,average,20,33.6,0.22,05,03,00,00
Farmer_Flood_Measure_Costs,05_03_00_00,G&Wp,average,60,134.8,0.39,05,03,00,00
Farmer_Flood_Measure_Costs,05_03_00_00,G&Wp,average,100,154.6,0.31,05,03,00,00
Farmer_Flood_Measure_Costs,05_03_00_00,Wp,average,20,33.6,0.22,05,03,00,00
Farmer_Flood_Measure_Costs,05_03_00_00,Wp,average,60,140.4,0.4,05,03,00,00
Farmer_Flood_Measure_Costs,05_03_00_00,Wp,average,100,154.6,0.31,05,03,00,00
Farmer_Flood_Measure_Costs,05_05_00_00,D,average,20,33.6,0.22,05,05,00,00
Farmer_Flood_Measure_Costs,05_05_00_00,D,average,60,118.0,0.34,05,05,00,00
Farmer_Flood_Measure_Costs,05_05_00_00,D,average,100,140.4,0.28,05,05,00,00
Farmer_Flood_Measure_Costs,05_05_00_00,D&G,average,20,33.6,0.22,05,05,00,00
Farmer_Flood_Measure_Costs,05_05_00_00,D&G,average,60,118.0,0.34,05,05,00,00
Farmer_Flood_Measure_Costs,05_05_00_00,D&G,average,100,140.4,0.28,05,05,00,00
Farmer_Flood_Measure_Costs,05_05_00_00,D&G&Wp,average,20,33.6,0.22,05,05,00,00
Farmer_Flood_Measure_Costs,05_05_00_00,D&G&Wp,average,60,125.47,0.36,05,05,00,00
Farmer_Flood_Measure_Costs,05_05_00_00,D&G&Wp,average,100,145.13,0.29,05,05,00,00
Farmer_Flood_Measure_Costs,05_05_00_00,D&Wp,average,20,33.6,0.22,05,05,00,00
Farmer_Flood_Measure_Costs,05_05_00_00,D&Wp,average,60,129.2,0.37,05,05,00,00
Farmer_Flood_Measure_Costs,05_05_00_00,D&Wp,average,100,147.5,0.29,05,05,00,00
Farmer_Flood_Measure_Costs,05_05_00_00,G,average,20,33.6,0.22,05,05,00,00
Farmer_Flood_Measure_Costs,05_05_00_00,G,average,60,118.0,0.34,05,05,00,00
Farmer_Flood_Measure_Costs,05_05_00_00,G,average,100,140.4,0.28,05,05,00,00
Farmer_Flood_Measure_Costs,05_05_00_00,G&Wp,average,20,33.6,0.22,05,05,00,00
Farmer_Flood_Measure_Costs,05_05_00_00,G&Wp,average,60,129.2,0.37,05,05,00,00
Farmer_Flood_Measure_Costs,05_05_00_00,G&Wp,average,100,147.5,0.29,05,05,00,00
Farmer_Flood_Measure_Costs,05_05_00_00,Wp,average,20,33.6,0.22,05,05,00,00
Farmer_Flood_Measure_Costs,05_05_00_00,Wp,average,60,140.4,0.4,05,05,00,00
Farmer_Flood_Measure_Costs,05_05_00_00,Wp,average,100,154.6,0.31,05,05,00,00
Farmer_Flood_Measure_Costs,05_06_00_00,D,average,20,33.6,0.22,05,06,00,00
Farmer_Flood_Measure_Costs,05_06_00_00,D,average,60,118.0,0.34,05,06,00,00
Farmer_Flood_Measure_Costs,05_06_00_00,D,average,100,140.4,0.28,05,06,00,00
Farmer_Flood_Measure_Costs,05_06_00_00,D&G,average,20,33.6,0.22,05,06,00,00
Farmer_Flood_Measure_Costs,05_06_00_00,D&G,average,60,118.0,0.34,05,06,00,00
Farmer_Flood_Measure_Costs,05_06_00_00,D&G,average,100,140.4,0.28,05,06,00,00
Farmer_Flood_Measure_Costs,05_06_00_00,D&G&Wp,average,20,33.6,0.22,05,06,00,00
Farmer_Flood_Measure_Costs,05_06_00_00,D&G&Wp,average,60,125.47,0.36,05,06,00,00
Farmer_Flood_Measure_Costs,05_06_00_00,D&G&Wp,average,100,145.13,0.29,05,06,00,00
Farmer_Flood_Measure_Costs,05_06_00_00,D&Wp,average,20,33.6,0.22,05,06,00,00
Farmer_Flood_Measure_Costs,05_06_00_00,D&Wp,average,60,129.2,0.37,05,06,00,00
Farmer_Flood_Measure_Costs,05_06_00_00,D&Wp,average,100,147.5,0.29,05,06,00,00
Farmer_Flood_Measure_Costs,05_06_00_00,G,average,20,33.6,0.22,05,06,00,00
Farmer_Flood_Measure_Costs,05_06_00_00,G,average,60,118.0,0.34,05,06,00,00
Farmer_Flood_Measure_Costs,05_06_00_00,G,average,100,140.4,0.28,05,06,00,00
Farmer_Flood_Measure_Costs,05_06_00_00,G&Wp,average,20,33.6,0.22,05,06,00,00
Farmer_Flood_Measure_Costs,05_06_00_00,G&Wp,average,60,129.2,0.37,05,06,00,00
Farmer_Flood_Measure_Costs,05_06_00_00,G&Wp,average,100,147.5,0.29,05,06,00,00
Farmer_Flood_Measure_Costs,05_06_00_00,Wp,average,20,33.6,0.22,05,06,00,00
Farmer_Flood_Measure_Costs,05_06_00_00,Wp,average,60,140.4,0.4,05,06,00,00
Farmer_Flood_Measure_Costs,05_06_00_00,Wp,average,100,154.6,0.31,05,06,00,00
Farmer_Flood_Measure_Costs,05_07_00_00,D,average,20,33.6,0.22,05,07,00,00
Farmer_Flood_Measure_Costs,05_07_00_00,D,average,60,118.0,0.34,05,07,00,00
Farmer_Flood_Measure_Costs,05_07_00_00,D,average,100,140.4,0.28,05,07,00,00
Farmer_Flood_Measure_Costs,05_07_00_00,D&G,average,20,33.6,0.22,05,07,00,00
Farmer_Flood_Measure_Costs,05_07_00_00,D&G,average,60,118.0,0.34,05,07,00,00
Farmer_Flood_Measure_Costs,05_07_00_00,D&G,average,100,140.4,0.28,05,07,00,00
Farmer_Flood_Measure_Costs,05_07_00_00,D&G&Wp,average,20,33.6,0.22,05,07,00,00
Farmer_Flood_Measure_Costs,05_07_00_00,D&G&Wp,average,60,125.47,0.36,05,07,00,00
Farmer_Flood_Measure_Costs,05_07_00_00,D&G&Wp,average,100,145.13,0.29,05,07,00,00
Farmer_Flood_Measure_Costs,05_07_00_00,D&Wp,average,20,33.6,0.22,05,07,00,00
Farmer_Flood_Measure_Costs,05_07_00_00,D&Wp,average,60,129.2,0.37,05,07,00,00
Farmer_Flood_Measure_Costs,05_07_00_00,D&Wp,average,100,147.5,0.29,05,07,00,00
Farmer_Flood_Measure_Costs,05_07_00_00,G,average,20,33.6,0.22,05,07,00,00
Farmer_Flood_Measure_Costs,05_07_00_00,G,average,60,118.0,0.34,05,07,00,00
Farmer_Flood_Measure_Costs,05_07_00_00,G,average,100,140.4,0.28,05,07,00,00
Farmer_Flood_Measure_Costs,05_07_00_00,G&Wp,average,20,33.6,0.22,05,07,00,00
Farmer_Flood_Measure_Costs,05_07_00_00,G&Wp,average,60,129.2,0.37,05,07,00,00
Farmer_Flood_Measure_Costs,05_07_00_00,G&Wp,average,100,147.5,0.29,05,07,00,00
Farmer_Flood_Measure_Costs,05_07_00_00,Wp,average,20,33.6,0.22,05,07,00,00
Farmer_Flood_Measure_Costs,05_07_00_00,Wp,average,60,140.4,0.4,05,07,00,00
Farmer_Flood_Measure_Costs,05_07_00_00,Wp,average,100,154.6,0.31,05,07,00,00
Farmer_Flood_Measure_Costs,05_08_00_00,D,average,20,33.6,0.22,05,08,00,00
Farmer_Flood_Measure_Costs,05_08_00_00,D,average,60,118.0,0.34,05,08,00,00
Farmer_Flood_Measure_Costs,05_08_00_00,D,average,100,140.4,0.28,05,08,00,00
Farmer_Flood_Measure_Costs,05_08_00_00,D&G,average,20,33.6,0.22,05,08,00,00
Farmer_Flood_Measure_Costs,05_08_00_00,D&G,average,60,123.6,0.35,05,08,00,00
Farmer_Flood_Measure_Costs,05_08_00_00,D&G,average,100,147.5,0.29,05,08,00,00
Farmer_Flood_Measure_Costs,05_08_00_00,D&G&Wp,average,20,33.6,0.22,05,08,00,00
Farmer_Flood_Measure_Costs,05_08_00_00,D&G&Wp,average,60,129.2,0.37,05,08,00,00
Farmer_Flood_Measure_Costs,05_08_00_00,D&G&Wp,average,100,149.87,0.3,05,08,00,00
Farmer_Flood_Measure_Costs,05_08_00_00,D&Wp,average,20,33.6,0.22,05,08,00,00
Farmer_Flood_Measure_Costs,05_08_00_00,D&Wp,average,60,129.2,0.37,05,08,00,00
Farmer_Flood_Measure_Costs,05_08_00_00,D&Wp,average,100,147.5,0.29,05,08,00,00
Farmer_Flood_Measure_Costs,05_08_00_00,G,average,20,33.6,0.22,05,08,00,00
Farmer_Flood_Measure_Costs,05_08_00_00,G,average,60,129.2,0.37,05,08,00,00
Farmer_Flood_Measure_Costs,05_08_00_00,G,average,100,154.6,0.31,05,08,00,00
Farmer_Flood_Measure_Costs,05_08_00_00,G&Wp,average,20,33.6,0.22,05,08,00,00
Farmer_Flood_Measure_Costs,05_08_00_00,G&Wp,average,60,134.8,0.39,05,08,00,00
Farmer_Flood_Measure_Costs,05_08_00_00,G&Wp,average,100,154.6,0.31,05,08,00,00
Farmer_Flood_Measure_Costs,05_08_00_00,Wp,average,20,33.6,0.22,05,08,00,00
Farmer_Flood_Measure_Costs,05_08_00_00,Wp,average,60,140.4,0.4,05,08,00,00
Farmer_Flood_Measure_Costs,05_08_00_00,Wp,average,100,154.6,0.31,05,08,00,00
Farmer_Flood_Measure_Costs,05_09_00_00,D,average,20,33.6,0.22,05,09,00,00
Farmer_Flood_Measure_Costs,05_09_00_00,D,average,60,118.0,0.34,05,09,00,00
Farmer_Flood_Measure_Costs,05_09_00_00,D,average,100,140.4,0.28,05,09,00,00
Farmer_Flood_Measure_Costs,05_09_00_00,D&G,average,20,33.6,0.22,05,09,00,00
Farmer_Flood_Measure_Costs,05_09_00_00,D&G,average,60,123.6,0.35,05,09,00,00
Farmer_Flood_Measure_Costs,05_09_00_00,D&G,average,100,147.5,0.29,05,09,00,00
Farmer_Flood_Measure_Costs,05_09_00_00,D&G&Wp,average,20,33.6,0.22,05,09,00,00
Farmer_Flood_Measure_Costs,05_09_00_00,D&G&Wp,average,60,129.2,0.37,05,09,00,00
Farmer_Flood_Measure_Costs,05_09_00_00,D&G&Wp,average,100,149.87,0.3,05,09,00,00
Farmer_Flood_Measure_Costs,05_09_00_00,D&Wp,average,20,33.6,0.22,05,09,00,00
Farmer_Flood_Measure_Costs,05_09_00_00,D&Wp,average,60,129.2,0.37,05,09,00,00
Farmer_Flood_Measure_Costs,05_09_00_00,D&Wp,average,100,147.5,0.29,05,09,00,00
Farmer_Flood_Measure_Costs,05_09_00_00,G,average,20,33.6,0.22,05,09,00,00
Farmer_Flood_Measure_Costs,05_09_00_00,G,average,60,129.2,0.37,05,09,00,00
Farmer_Flood_Measure_Costs,05_09_00_00,G,average,100,154.6,0.31,05,09,00,00
Farmer_Flood_Measure_Costs,05_09_00_00,G&Wp,average,20,33.6,0.22,05,09,00,00
Farmer_Flood_Measure_Costs,05_09_00_00,G&Wp,average,60,134.8,0.39,05,09,00,00
Farmer_Flood_Measure_Costs,05_09_00_00,G&Wp,average,100,154.6,0.31,05,09,00,00
Farmer_Flood_Measure_Costs,05_09_00_00,Wp,average,20,33.6,0.22,05,09,00,00
Farmer_Flood_Measure_Costs,05_09_00_00,Wp,average,60,140.4,0.4,05,09,00,00
Farmer_Flood_Measure_Costs,05_09_00_00,Wp,average,100,154.6,0.31,05,09,00,00
Farmer_Flood_Measure_Costs,07_00_00_00,D,average,20,42.6,0.28,07,00,00,00
Farmer_Flood_Measure_Costs,07_00_00_00,D,average,60,113.67,0.32,07,00,00,00
Farmer_Flood_Measure_Costs,07_00_00_00,D,average,100,142.28,0.28,07,00,00,00
Farmer_Flood_Measure_Costs,07_00_00_00,D&G,average,20,42.6,0.28,07,00,00,00
Farmer_Flood_Measure_Costs,07_00_00_00,D&G,average,60,113.67,0.32,07,00,00,00
Farmer_Flood_Measure_Costs,07_00_00_00,D&G,average,100,142.28,0.28,07,00,00,00
Farmer_Flood_Measure_Costs,07_00_00_00,D&G&Wp,average,20,42.6,0.28,07,00,00,00
Farmer_Flood_Measure_Costs,07_00_00_00,D&G&Wp,average,60,123.19,0.35,07,00,00,00
Farmer_Flood_Measure_Costs,07_00_00_00,D&G&Wp,average,100,142.4,0.28,07,00,00,00
Farmer_Flood_Measure_Costs,07_00_00_00,D&Wp,average,20,42.6,0.28,07,00,00,00
Farmer_Flood_Measure_Costs,07_00_00_00,D&Wp,average,60,127.95,0.37,07,00,00,00
Farmer_Flood_Measure_Costs,07_00_00_00,D&Wp,average,100,142.47,0.28,07,00,00,00
Farmer_Flood_Measure_Costs,07_00_00_00,G,average,20,42.6,0.28,07,00,00,00
Farmer_Flood_Measure_Costs,07_00_00_00,G,average,60,113.67,0.32,07,00,00,00
Farmer_Flood_Measure_Costs,07_00_00_00,G,average,100,142.28,0.28,07,00,00,00
Farmer_Flood_Measure_Costs,07_00_00_00,G&Wp,average,20,42.6,0.28,07,00,00,00
Farmer_Flood_Measure_Costs,07_00_00_00,G&Wp,average,60,127.95,0.37,07,00,00,00
Farmer_Flood_Measure_Costs,07_00_00_00,G&Wp,average,100,142.47,0.28,07,00,00,00
Farmer_Flood_Measure_Costs,07_00_00_00,Wp,average,20,42.6,0.28,07,00,00,00
Farmer_Flood_Measure_Costs,07_00_00_00,Wp,average,60,142.23,0.41,07,00,00,00
Farmer_Flood_Measure_Costs,07_00_00_00,Wp,average,100,142.65,0.29,07,00,00,00
Farmer_Flood_Measure_Costs,07_01_00_00,D,average,20,42.6,0.28,07,01,00,00
Farmer_Flood_Measure_Costs,07_01_00_00,D,average,60,113.67,0.32,07,01,00,00
Farmer_Flood_Measure_Costs,07_01_00_00,D,average,100,142.28,0.28,07,01,00,00
Farmer_Flood_Measure_Costs,07_01_00_00,D&G,average,20,42.6,0.28,07,01,00,00
Farmer_Flood_Measure_Costs,07_01_00_00,D&G,average,60,120.77,0.35,07,01,00,00
Farmer_Flood_Measure_Costs,07_01_00_00,D&G,average,100,142.28,0.28,07,01,00,00
Farmer_Flood_Measure_Costs,07_01_00_00,D&G&Wp,average,20,42.6,0.28,07,01,00,00
Farmer_Flood_Measure_Costs,07_01_00_00,D&G&Wp,average,60,127.87,0.37,07,01,00,00
Farmer_Flood_Measure_Costs,07_01_00_00,D&G&Wp,average,100,142.31,0.28,07,01,00,00
Farmer_Flood_Measure_Costs,07_01_00_00,D&Wp,average,20,42.6,0.28,07,01,00,00
Farmer_Flood_Measure_Costs,07_01_00_00,D&Wp,average,60,127.87,0.37,07,01,00,00
Farmer_Flood_Measure_Costs,07_01_00_00,D&Wp,average,100,142.32,0.28,07,01,00,00
Farmer_Flood_Measure_Costs,07_01_00_00,G,average,20,42.6,0.28,07,01,00,00
Farmer_Flood_Measure_Costs,07_01_00_00,G,average,60,127.87,0.37,07,01,00,00
Farmer_Flood_Measure_Costs,07_01_00_00,G,average,100,142.28,0.28,07,01,00,00
Farmer_Flood_Measure_Costs,07_01_00_00,G&Wp,average,20,42.6,0.28,07,01,00,00
Farmer_Flood_Measure_Costs,07_01_00_00,G&Wp,average,60,134.97,0.39,07,01,00,00
Farmer_Flood_Measure_Costs,07_01_00_00,G&Wp,average,100,142.32,0.28,07,01,00,00
Farmer_Flood_Measure_Costs,07_01_00_00,Wp,average,20,42.6,0.28,07,01,00,00
Farmer_Flood_Measure_Costs,07_01_00_00,Wp,average,60,142.07,0.41,07,01,00,00
Farmer_Flood_Measure_Costs,07_01_00_00,Wp,average,100,142.37,0.28,07,01,00,00
Farmer_Flood_Measure_Costs,07_03_00_00,D,average,20,42.6,0.28,07,03,00,00
Farmer_Flood_Measure_Costs,07_03_00_00,D,average,60,113.67,0.32,07,03,00,00
Farmer_Flood_Measure_Costs,07_03_00_00,D,average,100,142.28,0.28,07,03,00,00
Farmer_Flood_Measure_Costs,07_03_00_00,D&G,average,20,42.6,0.28,07,03,00,00
Farmer_Flood_Measure_Costs,07_03_00_00,D&G,average,60,120.77,0.35,07,03,00,00
Farmer_Flood_Measure_Costs,07_03_00_00,D&G,average,100,142.28,0.28,07,03,00,00
Farmer_Flood_Measure_Costs,07_03_00_00,D&G&Wp,average,20,42.6,0.28,07,03,00,00
Farmer_Flood_Measure_Costs,07_03_00_00,D&G&Wp,average,60,127.87,0.37,07,03,00,00
Farmer_Flood_Measure_Costs,07_03_00_00,D&G&Wp,average,100,142.31,0.28,07,03,00,00
Farmer_Flood_Measure_Costs,07_03_00_00,D&Wp,average,20,42.6,0.28,07,03,00,00
Farmer_Flood_Measure_Costs,07_03_00_00,D&Wp,average,60,127.87,0.37,07,03,00,00
Farmer_Flood_Measure_Costs,07_03_00_00,D&Wp,average,100,142.32,0.28,07,03,00,00
Farmer_Flood_Measure_Costs,07_03_00_00,G,average,20,42.6,0.28,07,03,00,00
Farmer_Flood_Measure_Costs,07_03_00_00,G,average,60,127.87,0.37,07,03,00,00
Farmer_Flood_Measure_Costs,07_03_00_00,G,average,100,142.28,0.28,07,03,00,00
Farmer_Flood_Measure_Costs,07_03_00_00,G&Wp,average,20,42.6,0.28,07,03,00,00
Farmer_Flood_Measure_Costs,07_03_00_00,G&Wp,average,60,134.97,0.39,07,03,00,00
Farmer_Flood_Measure_Costs,07_03_00_00,G&Wp,average,100,142.32,0.28,07,03,00,00
Farmer_Flood_Measure_Costs,07_03_00_00,Wp,average,20,42.6,0.28,07,03,00,00
Farmer_Flood_Measure_Costs,07_03_00_00,Wp,average,60,142.07,0.41,07,03,00,00
Farmer_Flood_Measure_Costs,07_03_00_00,Wp,average,100,142.37,0.28,07,03,00,00
Farmer_Flood_Measure_Costs,07_05_00_00,D,average,20,42.6,0.28,07,05,00,00
Farmer_Flood_Measure_Costs,07_05_00_00,D,average,60,113.67,0.32,07,05,00,00
Farmer_Flood_Measure_Costs,07_05_00_00,D,average,100,142.28,0.28,07,05,00,00
Farmer_Flood_Measure_Costs,07_05_00_00,D&G,average,20,42.6,0.28,07,05,00,00
Farmer_Flood_Measure_Costs,07_05_00_00,D&G,average,60,113.67,0.32,07,05,00,00
Farmer_Flood_Measure_Costs,07_05_00_00,D&G,average,100,142.28,0.28,07,05,00,00
Farmer_Flood_Measure_Costs,07_05_00_00,D&G&Wp,average,20,42.6,0.28,07,05,00,00
Farmer_Flood_Measure_Costs,07_05_00_00,D&G&Wp,average,60,123.14,0.35,07,05,00,00
Farmer_Flood_Measure_Costs,07_05_00_00,D&G&Wp,average,100,142.31,0.28,07,05,00,00
Farmer_Flood_Measure_Costs,07_05_00_00,D&Wp,average,20,42.6,0.28,07,05,00,00
Farmer_Flood_Measure_Costs,07_05_00_00,D&Wp,average,60,127.87,0.37,07,05,00,00
Farmer_Flood_Measure_Costs,07_05_00_00,D&Wp,average,100,142.32,0.28,07,05,00,00
Farmer_Flood_Measure_Costs,07_05_00_00,G,average,20,42.6,0.28,07,05,00,00
Farmer_Flood_Measure_Costs,07_05_00_00,G,average,60,113.67,0.32,07,05,00,00
Farmer_Flood_Measure_Costs,07_05_00_00,G,average,100,142.28,0.28,07,05,00,00
Farmer_Flood_Measure_Costs,07_05_00_00,G&Wp,average,20,42.6,0.28,07,05,00,00
Farmer_Flood_Measure_Costs,07_05_00_00,G&Wp,average,60,127.87,0.37,07,05,00,00
Farmer_Flood_Measure_Costs,07_05_00_00,G&Wp,average,100,142.32,0.28,07,05,00,00
Farmer_Flood_Measure_Costs,07_05_00_00,Wp,average,20,42.6,0.28,07,05,00,00
Farmer_Flood_Measure_Costs,07_05_00_00,Wp,average,60,142.07,0.41,07,05,00,00
Farmer_Flood_Measure_Costs,07_05_00_00,Wp,average,100,142.37,0.28,07,05,00,00
Farmer_Flood_Measure_Costs,07_06_00_00,D,average,20,42.6,0.28,07,06,00,00
Farmer_Flood_Measure_Costs,07_06_00_00,D,average,60,113.67,0.32,07,06,00,00
Farmer_Flood_Measure_Costs,07_06_00_00,D,average,100,142.28,0.28,07,06,00,00
Farmer_Flood_Measure_Costs,07_06_00_00,D&G,average,20,42.6,0.28,07,06,00,00
Farmer_Flood_Measure_Costs,07_06_00_00,D&G,average,60,113.67,0.32,07,06,00,00
Farmer_Flood_Measure_Costs,07_06_00_00,D&G,average,100,142.28,0.28,07,06,00,00
Farmer_Flood_Measure_Costs,07_06_00_00,D&G&Wp,average,20,42.6,0.28,07,06,00,00
Farmer_Flood_Measure_Costs,07_06_00_00,D&G&Wp,average,60,123.14,0.35,07,06,00,00
Farmer_Flood_Measure_Costs,07_06_00_00,D&G&Wp,average,100,142.31,0.28,07,06,00,00
Farmer_Flood_Measure_Costs,07_06_00_00,D&Wp,average,20,42.6,0.28,07,06,00,00
Farmer_Flood_Measure_Costs,07_06_00_00,D&Wp,average,60,127.87,0.37,07,06,00,00
Farmer_Flood_Measure_Costs,07_06_00_00,D&Wp,average,100,142.32,0.28,07,06,00,00
Farmer_Flood_Measure_Costs,07_06_00_00,G,average,20,42.6,0.28,07,06,00,00
Farmer_Flood_Measure_Costs,07_06_00_00,G,average,60,113.67,0.32,07,06,00,00
Farmer_Flood_Measure_Costs,07_06_00_00,G,average,100,142.28,0.28,07,06,00,00
Farmer_Flood_Measure_Costs,07_06_00_00,G&Wp,average,20,42.6,0.28,07,06,00,00
Farmer_Flood_Measure_Costs,07_06_00_00,G&Wp,average,60,127.87,0.37,07,06,00,00
Farmer_Flood_Measure_Costs,07_06_00_00,G&Wp,average,100,142.32,0.28,07,06,00,00
Farmer_Flood_Measure_Costs,07_06_00_00,Wp,average,20,42.6,0.28,07,06,00,00
Farmer_Flood_Measure_Costs,07_06_00_00,Wp,average,60,142.07,0.41,07,06,00,00
Farmer_Flood_Measure_Costs,07_06_00_00,Wp,average,100,142.37,0.28,07,06,00,00
Farmer_Flood_Measure_Costs,07_07_00_00,D,average,20,42.6,0.28,07,07,00,00
Farmer_Flood_Measure_Costs,07_07_00_00,D,average,60,113.67,0.32,07,07,00,00
Farmer_Flood_Measure_Costs,07_07_00_00,D,average,100,142.28,0.28,07,07,00,00
Farmer_Flood_Measure_Costs,07_07_00_00,D&G,average,20,42.6,0.28,07,07,00,00
Farmer_Flood_Measure_Costs,07_07_00_00,D&G,average,60,113.67,0.32,07,07,00,00
Farmer_Flood_Measure_Costs,07_07_00_00,D&G,average,100,142.28,0.28,07,07,00,00
Farmer_Flood_Measure_Costs,07_07_00_00,D&G&Wp,average,20,42.6,0.28,07,07,00,00
Farmer_Flood_Measure_Costs,07_07_00_00,D&G&Wp,average,60,123.14,0.35,07,07,00,00
Farmer_Flood_Measure_Costs,07_07_00_00,D&G&Wp,average,100,142.31,0.28,07,07,00,00
Farmer_Flood_Measure_Costs,07_07_00_00,D&Wp,average,20,42.6,0.28,07,07,00,00
Farmer_Flood_Measure_Costs,07_07_00_00,D&Wp,average,60,127.87,0.37,07,07,00,00
Farmer_Flood_Measure_Costs,07_07_00_00,D&Wp,average,100,142.32,0.28,07,07,00,00
Farmer_Flood_Measure_Costs,07_07_00_00,G,average,20,42.6,0.28,07,07,00,00
Farmer_Flood_Measure_Costs,07_07_00_00,G,average,60,113.67,0.32,07,07,00,00
Farmer_Flood_Measure_Costs,07_07_00_00,G,average,100,142.28,0.28,07,07,00,00
Farmer_Flood_Measure_Costs,07_07_00_00,G&Wp,average,20,42.6,0.28,07,07,00,00
Farmer_Flood_Measure_Costs,07_07_00_00,G&Wp,average,60,127.87,0.37,07,07,00,00
Farmer_Flood_Measure_Costs,07_07_00_00,G&Wp,average,100,142.32,0.28,07,07,00,00
Farmer_Flood_Measure_Costs,07_07_00_00,Wp,average,20,42.6,0.28,07,07,00,00
Farmer_Flood_Measure_Costs,07_07_00_00,Wp,average,60,142.07,0.41,07,07,00,00
Farmer_Flood_Measure_Costs,07_07_00_00,Wp,average,100,142.37,0.28,07,07,00,00
Farmer_Flood_Measure_Costs,07_08_00_00,D,average,20,42.6,0.28,07,08,00,00
Farmer_Flood_Measure_Costs,07_08_00_00,D,average,60,113.67,0.32,07,08,00,00
Farmer_Flood_Measure_Costs,07_08_00_00,D,average,100,142.28,0.28,07,08,00,00
Farmer_Flood_Measure_Costs,07_08_00_00,D&G,average,20,42.6,0.28,07,08,00,00
Farmer_Flood_Measure_Costs,07_08_00_00,D&G,average,60,120.77,0.35,07,08,00,00
Farmer_Flood_Measure_Costs,07_08_00_00,D&G,average,100,142.28,0.28,07,08,00,00
Farmer_Flood_Measure_Costs,07_08_00_00,D&G&Wp,average,20,42.6,0.28,07,08,00,00
Farmer_Flood_Measure_Costs,07_08_00_00,D&G&Wp,average,60,127.87,0.37,07,08,00,00
Farmer_Flood_Measure_Costs,07_08_00_00,D&G&Wp,average,100,142.31,0.28,07,08,00,00
Farmer_Flood_Measure_Costs,07_08_00_00,D&Wp,average,20,42.6,0.28,07,08,00,00
Farmer_Flood_Measure_Costs,07_08_00_00,D&Wp,average,60,127.87,0.37,07,08,00,00
Farmer_Flood_Measure_Costs,07_08_00_00,D&Wp,average,100,142.32,0.28,07,08,00,00
Farmer_Flood_Measure_Costs,07_08_00_00,G,average,20,42.6,0.28,07,08,00,00
Farmer_Flood_Measure_Costs,07_08_00_00,G,average,60,127.87,0.37,07,08,00,00
Farmer_Flood_Measure_Costs,07_08_00_00,G,average,100,142.28,0.28,07,08,00,00
Farmer_Flood_Measure_Costs,07_08_00_00,G&Wp,average,20,42.6,0.28,07,08,00,00
Farmer_Flood_Measure_Costs,07_08_00_00,G&Wp,average,60,134.97,0.39,07,08,00,00
Farmer_Flood_Measure_Costs,07_08_00_00,G&Wp,average,100,142.32,0.28,07,08,00,00
Farmer_Flood_Measure_Costs,07_08_00_00,Wp,average,20,42.6,0.28,07,08,00,00
Farmer_Flood_Measure_Costs,07_08_00_00,Wp,average,60,142.07,0.41,07,08,00,00
Farmer_Flood_Measure_Costs,07_08_00_00,Wp,average,100,142.37,0.28,07,08,00,00
Farmer_Flood_Measure_Costs,07_09_00_00,D,average,20,42.6,0.28,07,09,00,00
Farmer_Flood_Measure_Costs,07_09_00_00,D,average,60,113.67,0.32,07,09,00,00
Farmer_Flood_Measure_Costs,07_09_00_00,D,average,100,142.28,0.28,07,09,00,00
Farmer_Flood_Measure_Costs,07_09_00_00,D&G,average,20,42.6,0.28,07,09,00,00
Farmer_Flood_Measure_Costs,07_09_00_00,D&G,average,60,120.77,0.35,07,09,00,00
Farmer_Flood_Measure_Costs,07_09_00_00,D&G,average,100,142.28,0.28,07,09,00,00
Farmer_Flood_Measure_Costs,07_09_00_00,D&G&Wp,average,20,42.6,0.28,07,09,00,00
Farmer_Flood_Measure_Costs,07_09_00_00,D&G&Wp,average,60,127.87,0.37,07,09,00,00
Farmer_Flood_Measure_Costs,07_09_00_00,D&G&Wp,average,100,142.31,0.28,07,09,00,00
Farmer_Flood_Measure_Costs,07_09_00_00,D&Wp,average,20,42.6,0.28,07,09,00,00
Farmer_Flood_Measure_Costs,07_09_00_00,D&Wp,average,60,127.87,0.37,07,09,00,00
Farmer_Flood_Measure_Costs,07_09_00_00,D&Wp,average,100,142.32,0.28,07,09,00,00
Farmer_Flood_Measure_Costs,07_09_00_00,G,average,20,42.6,0.28,07,09,00,00
Farmer_Flood_Measure_Costs,07_09_00_00,G,average,60,127.87,0.37,07,09,00,00
Farmer_Flood_Measure_Costs,07_09_00_00,G,average,100,142.28,0.28,07,09,00,00
Farmer_Flood_Measure_Costs,07_09_00_00,G&Wp,average,20,42.6,0.28,07,09,00,00
Farmer_Flood_Measure_Costs,07_09_00_00,G&Wp,average,60,134.97,0.39,07,09,00,00
Farmer_Flood_Measure_Costs,07_09_00_00,G&Wp,average,100,142.32,0.28,07,09,00,00
Farmer_Flood_Measure_Costs,07_09_00_00,Wp,average,20,42.6,0.28,07,09,00,00
Farmer_Flood_Measure_Costs,07_09_00_00,Wp,average,60,142.07,0.41,07,09,00,00
Farmer_Flood_Measure_Costs,07_09_00_00,Wp,average,100,142.37,0.28,07,09,00,00
Farmer_Flood_Measure_Costs,09_00_00_00,D,average,20,5.0,0.03,09,00,00,00
Farmer_Flood_Measure_Costs,09_00_00_00,D,average,60,84.33,0.24,09,00,00,00
Farmer_Flood_Measure_Costs,09_00_00_00,D,average,100,205.22,0.41,09,00,00,00
Farmer_Flood_Measure_Costs,09_00_00_00,D&G,average,20,5.51,0.04,09,00,00,00
Farmer_Flood_Measure_Costs,09_00_00_00,D&G,average,60,85.09,0.24,09,00,00,00
Farmer_Flood_Measure_Costs,09_00_00_00,D&G,average,100,223.58,0.45,09,00,00,00
Farmer_Flood_Measure_Costs,09_00_00_00,D&G&Wp,average,20,5.23,0.03,09,00,00,00
Farmer_Flood_Measure_Costs,09_00_00_00,D&G&Wp,average,60,93.15,0.27,09,00,00,00
Farmer_Flood_Measure_Costs,09_00_00_00,D&G&Wp,average,100,264.7,0.53,09,00,00,00
Farmer_Flood_Measure_Costs,09_00_00_00,D&Wp,average,20,4.84,0.03,09,00,00,00
Farmer_Flood_Measure_Costs,09_00_00_00,D&Wp,average,60,96.81,0.28,09,00,00,00
Farmer_Flood_Measure_Costs,09_00_00_00,D&Wp,average,100,276.08,0.55,09,00,00,00
Farmer_Flood_Measure_Costs,09_00_00_00,G,average,20,6.01,0.04,09,00,00,00
Farmer_Flood_Measure_Costs,09_00_00_00,G,average,60,85.84,0.25,09,00,00,00
Farmer_Flood_Measure_Costs,09_00_00_00,G,average,100,241.94,0.48,09,00,00,00
Farmer_Flood_Measure_Costs,09_00_00_00,G&Wp,average,20,5.34,0.04,09,00,00,00
Farmer_Flood_Measure_Costs,09_00_00_00,G&Wp,average,60,97.57,0.28,09,00,00,00
Farmer_Flood_Measure_Costs,09_00_00_00,G&Wp,average,100,294.44,0.59,09,00,00,00
Farmer_Flood_Measure_Costs,09_00_00_00,Wp,average,20,4.67,0.03,09,00,00,00
Farmer_Flood_Measure_Costs,09_00_00_00,Wp,average,60,109.29,0.31,09,00,00,00
Farmer_Flood_Measure_Costs,09_00_00_00,Wp,average,100,346.95,0.69,09,00,00,00
Farmer_Flood_Measure_Costs,09_01_00_00,D,average,20,6.01,0.04,09,01,00,00
Farmer_Flood_Measure_Costs,09_01_00_00,D,average,60,85.38,0.24,09,01,00,00
Farmer_Flood_Measure_Costs,09_01_00_00,D,average,100,206.47,0.41,09,01,00,00
Farmer_Flood_Measure_Costs,09_01_00_00,D&G,average,20,6.01,0.04,09,01,00,00
Farmer_Flood_Measure_Costs,09_01_00_00,D&G,average,60,87.34,0.25,09,01,00,00
Farmer_Flood_Measure_Costs,09_01_00_00,D&G,average,100,229.78,0.46,09,01,00,00
Farmer_Flood_Measure_Costs,09_01_00_00,D&G&Wp,average,20,6.01,0.04,09,01,00,00
Farmer_Flood_Measure_Costs,09_01_00_00,D&G&Wp,average,60,95.11,0.27,09,01,00,00
Farmer_Flood_Measure_Costs,09_01_00_00,D&G&Wp,average,100,269.29,0.54,09,01,00,00
Farmer_Flood_Measure_Costs,09_01_00_00,D&Wp,average,20,6.01,0.04,09,01,00,00
Farmer_Flood_Measure_Costs,09_01_00_00,D&Wp,average,60,98.01,0.28,09,01,00,00
Farmer_Flood_Measure_Costs,09_01_00_00,D&Wp,average,100,277.39,0.55,09,01,00,00
Farmer_Flood_Measure_Costs,09_01_00_00,G,average,20,6.01,0.04,09,01,00,00
Farmer_Flood_Measure_Costs,09_01_00_00,G,average,60,89.3,0.26,09,01,00,00
Farmer_Flood_Measure_Costs,09_01_00_00,G,average,100,253.08,0.51,09,01,00,00
Farmer_Flood_Measure_Costs,09_01_00_00,G&Wp,average,20,6.01,0.04,09,01,00,00
Farmer_Flood_Measure_Costs,09_01_00_00,G&Wp,average,60,99.97,0.29,09,01,00,00
Farmer_Flood_Measure_Costs,09_01_00_00,G&Wp,average,100,300.69,0.6,09,01,00,00
Farmer_Flood_Measure_Costs,09_01_00_00,Wp,average,20,6.01,0.04,09,01,00,00
Farmer_Flood_Measure_Costs,09_01_00_00,Wp,average,60,110.65,0.32,09,01,00,00
Farmer_Flood_Measure_Costs,09_01_00_00,Wp,average,100,348.3,0.7,09,01,00,00
Farmer_Flood_Measure_Costs,09_03_00_00,D,average,20,5.0,0.03,09,03,00,00
Farmer_Flood_Measure_Costs,09_03_00_00,D,average,60,84.37,0.24,09,03,00,00
Farmer_Flood_Measure_Costs,09_03_00_00,D,average,100,205.47,0.41,09,03,00,00
Farmer_Flood_Measure_Costs,09_03_00_00,D&G,average,20,5.51,0.04,09,03,00,00
Farmer_Flood_Measure_Costs,09_03_00_00,D&G,average,60,86.84,0.25,09,03,00,00
Farmer_Flood_Measure_Costs,09_03_00_00,D&G,average,100,229.27,0.46,09,03,00,00
Farmer_Flood_Measure_Costs,09_03_00_00,D&G&Wp,average,20,5.68,0.04,09,03,00,00
Farmer_Flood_Measure_Costs,09_03_00_00,D&G&Wp,average,60,94.77,0.27,09,03,00,00
Farmer_Flood_Measure_Costs,09_03_00_00,D&G&Wp,average,100,268.95,0.54,09,03,00,00
Farmer_Flood_Measure_Costs,09_03_00_00,D&Wp,average,20,5.51,0.04,09,03,00,00
Farmer_Flood_Measure_Costs,09_03_00_00,D&Wp,average,60,97.51,0.28,09,03,00,00
Farmer_Flood_Measure_Costs,09_03_00_00,D&Wp,average,100,276.88,0.55,09,03,00,00
Farmer_Flood_Measure_Costs,09_03_00_00,G,average,20,6.01,0.04,09,03,00,00
Farmer_Flood_Measure_Costs,09_03_00_00,G,average,60,89.3,0.26,09,03,00,00
Farmer_Flood_Measure_Costs,09_03_00_00,G,average,100,253.08,0.51,09,03,00,00
Farmer_Flood_Measure_Costs,09_03_00_00,G&Wp,average,20,6.01,0.04,09,03,00,00
Farmer_Flood_Measure_Costs,09_03_00_00,G&Wp,average,60,99.97,0.29,09,03,00,00
Farmer_Flood_Measure_Costs,09_03_00_00,G&Wp,average,100,300.69,0.6,09,03,00,00
Farmer_Flood_Measure_Costs,09_03_00_00,Wp,average,20,6.01,0.04,09,03,00,00
Farmer_Flood_Measure_Costs,09_03_00_00,Wp,average,60,110.65,0.32,09,03,00,00
Farmer_Flood_Measure_Costs,09_03_00_00,Wp,average,100,348.3,0.7,09,03,00,00
Farmer_Flood_Measure_Costs,09_05_00_00,D,average,20,5.0,0.03,09,05,00,00
Farmer_Flood_Measure_Costs,09_05_00_00,D,average,60,84.33,0.24,09,05,00,00
Farmer_Flood_Measure_Costs,09_05_00_00,D,average,100,205.22,0.41,09,05,00,00
Farmer_Flood_Measure_Costs,09_05_00_00,D&G,average,20,5.51,0.04,09,05,00,00
Farmer_Flood_Measure_Costs,09_05_00_00,D&G,average,60,85.09,0.24,09,05,00,00
Farmer_Flood_Measure_Costs,09_05_00_00,D&G,average,100,223.58,0.45,09,05,00,00
Farmer_Flood_Measure_Costs,09_05_00_00,D&G&Wp,average,20,5.68,0.04,09,05,00,00
Farmer_Flood_Measure_Costs,09_05_00_00,D&G&Wp,average,60,93.61,0.27,09,05,00,00
Farmer_Flood_Measure_Costs,09_05_00_00,D&G&Wp,average,100,265.15,0.53,09,05,00,00
Farmer_Flood_Measure_Costs,09_05_00_00,D&Wp,average,20,5.51,0.04,09,05,00,00
Farmer_Flood_Measure_Costs,09_05_00_00,D&Wp,average,60,97.49,0.28,09,05,00,00
Farmer_Flood_Measure_Costs,09_05_00_00,D&Wp,average,100,276.76,0.55,09,05,00,00
Farmer_Flood_Measure_Costs,09_05_00_00,G,average,20,6.01,0.04,09,05,00,00
Farmer_Flood_Measure_Costs,09_05_00_00,G,average,60,85.84,0.25,09,05,00,00
Farmer_Flood_Measure_Costs,09_05_00_00,G,average,100,241.94,0.48,09,05,00,00
Farmer_Flood_Measure_Costs,09_05_00_00,G&Wp,average,20,6.01,0.04,09,05,00,00
Farmer_Flood_Measure_Costs,09_05_00_00,G&Wp,average,60,98.24,0.28,09,05,00,00
Farmer_Flood_Measure_Costs,09_05_00_00,G&Wp,average,100,295.12,0.59,09,05,00,00
Farmer_Flood_Measure_Costs,09_05_00_00,Wp,average,20,6.01,0.04,09,05,00,00
Farmer_Flood_Measure_Costs,09_05_00_00,Wp,average,60,110.65,0.32,09,05,00,00
Farmer_Flood_Measure_Costs,09_05_00_00,Wp,average,100,348.3,0.7,09,05,00,00
Farmer_Flood_Measure_Costs,09_06_00_00,D,average,20,5.0,0.03,09,06,00,00
Farmer_Flood_Measure_Costs,09_06_00_00,D,average,60,84.33,0.24,09,06,00,00
Farmer_Flood_Measure_Costs,09_06_00_00,D,average,100,205.22,0.41,09,06,00,00
Farmer_Flood_Measure_Costs,09_06_00_00,D&G,average,20,5.51,0.04,09,06,00,00
Farmer_Flood_Measure_Costs,09_06_00_00,D&G,average,60,85.09,0.24,09,06,00,00
Farmer_Flood_Measure_Costs,09_06_00_00,D&G,average,100,223.58,0.45,09,06,00,00
Farmer_Flood_Measure_Costs,09_06_00_00,D&G&Wp,average,20,5.68,0.04,09,06,00,00
Farmer_Flood_Measure_Costs,09_06_00_00,D&G&Wp,average,60,93.61,0.27,09,06,00,00
Farmer_Flood_Measure_Costs,09_06_00_00,D&G&Wp,average,100,265.15,0.53,09,06,00,00
Farmer_Flood_Measure_Costs,09_06_00_00,D&Wp,average,20,5.51,0.04,09,06,00,00
Farmer_Flood_Measure_Costs,09_06_00_00,D&Wp,average,60,97.49,0.28,09,06,00,00
Farmer_Flood_Measure_Costs,09_06_00_00,D&Wp,average,100,276.76,0.55,09,06,00,00
Farmer_Flood_Measure_Costs,09_06_00_00,G,average,20,6.01,0.04,09,06,00,00
Farmer_Flood_Measure_Costs,09_06_00_00,G,average,60,85.84,0.25,09,06,00,00
Farmer_Flood_Measure_Costs,09_06_00_00,G,average,100,241.94,0.48,09,06,00,00
Farmer_Flood_Measure_Costs,09_06_00_00,G&Wp,average,20,6.01,0.04,09,06,00,00
Farmer_Flood_Measure_Costs,09_06_00_00,G&Wp,average,60,98.24,0.28,09,06,00,00
Farmer_Flood_Measure_Costs,09_06_00_00,G&Wp,average,100,295.12,0.59,09,06,00,00
Farmer_Flood_Measure_Costs,09_06_00_00,Wp,average,20,6.01,0.04,09,06,00,00
Farmer_Flood_Measure_Costs,09_06_00_00,Wp,average,60,110.65,0.32,09,06,00,00
Farmer_Flood_Measure_Costs,09_06_00_00,Wp,average,100,348.3,0.7,09,06,00,00
Farmer_Flood_Measure_Costs,09_07_00_00,D,average,20,5.0,0.03,09,07,00,00
Farmer_Flood_Measure_Costs,09_07_00_00,D,average,60,84.33,0.24,09,07,00,00
Farmer_Flood_Measure_Costs,09_07_00_00,D,average,100,205.22,0.41,09,07,00,00
Farmer_Flood_Measure_Costs,09_07_00_00,D&G,average,20,5.51,0.04,09,07,00,00
Farmer_Flood_Measure_Costs,09_07_00_00,D&G,average,60,85.09,0.24,09,07,00,00
Farmer_Flood_Measure_Costs,09_07_00_00,D&G,average,100,223.58,0.45,09,07,00,00
Farmer_Flood_Measure_Costs,09_07_00_00,D&G&Wp,average,20,5.68,0.04,09,07,00,00
Farmer_Flood_Measure_Costs,09_07_00_00,D&G&Wp,average,60,93.61,0.27,09,07,00,00
Farmer_Flood_Measure_Costs,09_07_00_00,D&G&Wp,average,100,265.15,0.53,09,07,00,00
Farmer_Flood_Measure_Costs,09_07_00_00,D&Wp,average,20,5.51,0.04,09,07,00,00
Farmer_Flood_Measure_Costs,09_07_00_00,D&Wp,average,60,97.49,0.28,09,07,00,00
Farmer_Flood_Measure_Costs,09_07_00_00,D&Wp,average,100,276.76,0.55,09,07,00,00
Farmer_Flood_Measure_Costs,09_07_00_00,G,average,20,6.01,0.04,09,07,00,00
Farmer_Flood_Measure_Costs,09_07_00_00,G,average,60,85.84,0.25,09,07,00,00
Farmer_Flood_Measure_Costs,09_07_00_00,G,average,100,241.94,0.48,09,07,00,00
Farmer_Flood_Measure_Costs,09_07_00_00,G&Wp,average,20,6.01,0.04,09,07,00,00
Farmer_Flood_Measure_Costs,09_07_00_00,G&Wp,average,60,98.24,0.28,09,07,00,00
Farmer_Flood_Measure_Costs,09_07_00_00,G&Wp,average,100,295.12,0.59,09,07,00,00
Farmer_Flood_Measure_Costs,09_07_00_00,Wp,average,20,6.01,0.04,09,07,00,00
Farmer_Flood_Measure_Costs,09_07_00_00,Wp,average,60,110.65,0.32,09,07,00,00
Farmer_Flood_Measure_Costs,09_07_00_00,Wp,average,100,348.3,0.7,09,07,00,00
Farmer_Flood_Measure_Costs,09_08_00_00,D,average,20,5.0,0.03,09,08,00,00
Farmer_Flood_Measure_Costs,09_08_00_00,D,average,60,84.33,0.24,09,08,00,00
Farmer_Flood_Measure_Costs,09_08_00_00,D,average,100,205.22,0.41,09,08,00,00
Farmer_Flood_Measure_Costs,09_08_00_00,D&G,average,20,5.51,0.04,09,08,00,00
Farmer_Flood_Measure_Costs,09_08_00_00,D&G,average,60,86.82,0.25,09,08,00,00
Farmer_Flood_Measure_Costs,09_08_00_00,D&G,average,100,229.15,0.46,09,08,00,00
Farmer_Flood_Measure_Costs,09_08_00_00,D&G&Wp,average,20,5.68,0.04,09,08,00,00
Farmer_Flood_Measure_Costs,09_08_00_00,D&G&Wp,average,60,94.76,0.27,09,08,00,00
Farmer_Flood_Measure_Costs,09_08_00_00,D&G&Wp,average,100,268.87,0.54,09,08,00,00
Farmer_Flood_Measure_Costs,09_08_00_00,D&Wp,average,20,5.51,0.04,09,08,00,00
Farmer_Flood_Measure_Costs,09_08_00_00,D&Wp,average,60,97.49,0.28,09,08,00,00
Farmer_Flood_Measure_Costs,09_08_00_00,D&Wp,average,100,276.76,0.55,09,08,00,00
Farmer_Flood_Measure_Costs,09_08_00_00,G,average,20,6.01,0.04,09,08,00,00
Farmer_Flood_Measure_Costs,09_08_00_00,G,average,60,89.3,0.26,09,08,00,00
Farmer_Flood_Measure_Costs,09_08_00_00,G,average,100,253.08,0.51,09,08,00,00
Farmer_Flood_Measure_Costs,09_08_00_00,G&Wp,average,20,6.01,0.04,09,08,00,00
Farmer_Flood_Measure_Costs,09_08_00_00,G&Wp,average,60,99.97,0.29,09,08,00,00
Farmer_Flood_Measure_Costs,09_08_00_00,G&Wp,average,100,300.69,0.6,09,08,00,00
Farmer_Flood_Measure_Costs,09_08_00_00,Wp,average,20,6.01,0.04,09,08,00,00
Farmer_Flood_Measure_Costs,09_08_00_00,Wp,average,60,110.65,0.32,09,08,00,00
Farmer_Flood_Measure_Costs,09_08_00_00,Wp,average,100,348.3,0.7,09,08,00,00
Farmer_Flood_Measure_Costs,09_09_00_00,D,average,20,5.0,0.03,09,09,00,00
Farmer_Flood_Measure_Costs,09_09_00_00,D,average,60,84.37,0.24,09,09,00,00
Farmer_Flood_Measure_Costs,09_09_00_00,D,average,100,205.47,0.41,09,09,00,00
Farmer_Flood_Measure_Costs,09_09_00_00,D&G,average,20,5.51,0.04,09,09,00,00
Farmer_Flood_Measure_Costs,09_09_00_00,D&G,average,60,86.84,0.25,09,09,00,00
Farmer_Flood_Measure_Costs,09_09_00_00,D&G,average,100,229.27,0.46,09,09,00,00
Farmer_Flood_Measure_Costs,09_09_00_00,D&G&Wp,average,20,5.68,0.04,09,09,00,00
Farmer_Flood_Measure_Costs,09_09_00_00,D&G&Wp,average,60,94.77,0.27,09,09,00,00
Farmer_Flood_Measure_Costs,09_09_00_00,D&G&Wp,average,100,268.95,0.54,09,09,00,00
Farmer_Flood_Measure_Costs,09_09_00_00,D&Wp,average,20,5.51,0.04,09,09,00,00
Farmer_Flood_Measure_Costs,09_09_00_00,D&Wp,average,60,97.5,0.28,09,09,00,00
Farmer_Flood_Measure_Costs,09_09_00_00,D&Wp,average,100,276.88,0.55,09,09,00,00
Farmer_Flood_Measure_Costs,09_09_00_00,G,average,20,6.01,0.04,09,09,00,00
Farmer_Flood_Measure_Costs,09_09_00_00,G,average,60,89.3,0.26,09,09,00,00
Farmer_Flood_Measure_Costs,09_09_00_00,G,average,100,253.08,0.51,09,09,00,00
Farmer_Flood_Measure_Costs,09_09_00_00,G&Wp,average,20,6.01,0.04,09,09,00,00
Farmer_Flood_Measure_Costs,09_09_00_00,G&Wp,average,60,99.97,0.29,09,09,00,00
Farmer_Flood_Measure_Costs,09_09_00_00,G&Wp,average,100,300.69,0.6,09,09,00,00
Farmer_Flood_Measure_Costs,09_09_00_00,Wp,average,20,6.01,0.04,09,09,00,00
Farmer_Flood_Measure_Costs,09_09_00_00,Wp,average,60,110.64,0.32,09,09,00,00
Farmer_Flood_Measure_Costs,09_09_00_00,Wp,average,100,348.3,0.7,09,09,00,00
Farmer_Flood_Measure_Costs,11_00_00_00,D,average,20,0.07,0.0,11,00,00,00
Farmer_Flood_Measure_Costs,11_00_00_00,D,average,60,24.34,0.07,11,00,00,00
Farmer_Flood_Measure_Costs,11_00_00_00,D,average,100,111.62,0.22,11,00,00,00
Farmer_Flood_Measure_Costs,11_00_00_00,D&G,average,20,0.08,0.0,11,00,00,00
Farmer_Flood_Measure_Costs,11_00_00_00,D&G,average,60,35.96,0.1,11,00,00,00
Farmer_Flood_Measure_Costs,11_00_00_00,D&G,average,100,151.96,0.3,11,00,00,00
Farmer_Flood_Measure_Costs,11_00_00_00,D&G&Wp,average,20,0.08,0.0,11,00,00,00
Farmer_Flood_Measure_Costs,11_00_00_00,D&G&Wp,average,60,46.5,0.13,11,00,00,00
Farmer_Flood_Measure_Costs,11_00_00_00,D&G&Wp,average,100,209.23,0.42,11,00,00,00
Farmer_Flood_Measure_Costs,11_00_00_00,D&Wp,average,20,0.07,0.0,11,00,00,00
Farmer_Flood_Measure_Costs,11_00_00_00,D&Wp,average,60,45.97,0.13,11,00,00,00
Farmer_Flood_Measure_Costs,11_00_00_00,D&Wp,average,100,217.7,0.44,11,00,00,00
Farmer_Flood_Measure_Costs,11_00_00_00,G,average,20,0.09,0.0,11,00,00,00
Farmer_Flood_Measure_Costs,11_00_00_00,G,average,60,47.57,0.14,11,00,00,00
Farmer_Flood_Measure_Costs,11_00_00_00,G,average,100,192.3,0.38,11,00,00,00
Farmer_Flood_Measure_Costs,11_00_00_00,G&Wp,average,20,0.08,0.0,11,00,00,00
Farmer_Flood_Measure_Costs,11_00_00_00,G&Wp,average,60,57.58,0.16,11,00,00,00
Farmer_Flood_Measure_Costs,11_00_00_00,G&Wp,average,100,258.04,0.52,11,00,00,00
Farmer_Flood_Measure_Costs,11_00_00_00,Wp,average,20,0.07,0.0,11,00,00,00
Farmer_Flood_Measure_Costs,11_00_00_00,Wp,average,60,67.59,0.19,11,00,00,00
Farmer_Flood_Measure_Costs,11_00_00_00,Wp,average,100,323.78,0.65,11,00,00,00
Farmer_Flood_Measure_Costs,11_01_00_00,D,average,20,0.09,0.0,11,01,00,00
Farmer_Flood_Measure_Costs,11_01_00_00,D,average,60,24.36,0.07,11,01,00,00
Farmer_Flood_Measure_Costs,11_01_00_00,D,average,100,111.97,0.22,11,01,00,00
Farmer_Flood_Measure_Costs,11_01_00_00,D&G,average,20,0.09,0.0,11,01,00,00
Farmer_Flood_Measure_Costs,11_01_00_00,D&G,average,60,43.1,0.12,11,01,00,00
Farmer_Flood_Measure_Costs,11_01_00_00,D&G,average,100,153.93,0.31,11,01,00,00
Farmer_Flood_Measure_Costs,11_01_00_00,D&G&Wp,average,20,0.09,0.0,11,01,00,00
Farmer_Flood_Measure_Costs,11_01_00_00,D&G&Wp,average,60,53.52,0.15,11,01,00,00
Farmer_Flood_Measure_Costs,11_01_00_00,D&G&Wp,average,100,214.71,0.43,11,01,00,00
Farmer_Flood_Measure_Costs,11_01_00_00,D&Wp,average,20,0.09,0.0,11,01,00,00
Farmer_Flood_Measure_Costs,11_01_00_00,D&Wp,average,60,49.36,0.14,11,01,00,00
Farmer_Flood_Measure_Costs,11_01_00_00,D&Wp,average,100,224.12,0.45,11,01,00,00
Farmer_Flood_Measure_Costs,11_01_00_00,G,average,20,0.09,0.0,11,01,00,00
Farmer_Flood_Measure_Costs,11_01_00_00,G,average,60,61.85,0.18,11,01,00,00
Farmer_Flood_Measure_Costs,11_01_00_00,G,average,100,195.89,0.39,11,01,00,00
Farmer_Flood_Measure_Costs,11_01_00_00,G&Wp,average,20,0.09,0.0,11,01,00,00
Farmer_Flood_Measure_Costs,11_01_00_00,G&Wp,average,60,68.11,0.19,11,01,00,00
Farmer_Flood_Measure_Costs,11_01_00_00,G&Wp,average,100,266.09,0.53,11,01,00,00
Farmer_Flood_Measure_Costs,11_01_00_00,Wp,average,20,0.09,0.0,11,01,00,00
Farmer_Flood_Measure_Costs,11_01_00_00,Wp,average,60,74.37,0.21,11,01,00,00
Farmer_Flood_Measure_Costs,11_01_00_00,Wp,average,100,336.28,0.67,11,01,00,00
Farmer_Flood_Measure_Costs,11_03_00_00,D,average,20,0.07,0.0,11,03,00,00
Farmer_Flood_Measure_Costs,11_03_00_00,D,average,60,24.34,0.07,11,03,00,00
Farmer_Flood_Measure_Costs,11_03_00_00,D,average,100,111.95,0.22,11,03,00,00
Farmer_Flood_Measure_Costs,11_03_00_00,D&G,average,20,0.08,0.0,11,03,00,00
Farmer_Flood_Measure_Costs,11_03_00_00,D&G,average,60,43.1,0.12,11,03,00,00
Farmer_Flood_Measure_Costs,11_03_00_00,D&G,average,100,153.92,0.31,11,03,00,00
Farmer_Flood_Measure_Costs,11_03_00_00,D&G&Wp,average,20,0.08,0.0,11,03,00,00
Farmer_Flood_Measure_Costs,11_03_00_00,D&G&Wp,average,60,53.52,0.15,11,03,00,00
Farmer_Flood_Measure_Costs,11_03_00_00,D&G&Wp,average,100,214.71,0.43,11,03,00,00
Farmer_Flood_Measure_Costs,11_03_00_00,D&Wp,average,20,0.08,0.0,11,03,00,00
Farmer_Flood_Measure_Costs,11_03_00_00,D&Wp,average,60,49.35,0.14,11,03,00,00
Farmer_Flood_Measure_Costs,11_03_00_00,D&Wp,average,100,224.11,0.45,11,03,00,00
Farmer_Flood_Measure_Costs,11_03_00_00,G,average,20,0.09,0.0,11,03,00,00
Farmer_Flood_Measure_Costs,11_03_00_00,G,average,60,61.85,0.18,11,03,00,00
Farmer_Flood_Measure_Costs,11_03_00_00,G,average,100,195.89,0.39,11,03,00,00
Farmer_Flood_Measure_Costs,11_03_00_00,G&Wp,average,20,0.09,0.0,11,03,00,00
Farmer_Flood_Measure_Costs,11_03_00_00,G&Wp,average,60,68.11,0.19,11,03,00,00
Farmer_Flood_Measure_Costs,11_03_00_00,G&Wp,average,100,266.09,0.53,11,03,00,00
Farmer_Flood_Measure_Costs,11_03_00_00,Wp,average,20,0.09,0.0,11,03,00,00
Farmer_Flood_Measure_Costs,11_03_00_00,Wp,average,60,74.37,0.21,11,03,00,00
Farmer_Flood_Measure_Costs,11_03_00_00,Wp,average,100,336.28,0.67,11,03,00,00
Farmer_Flood_Measure_Costs,11_05_00_00,D,average,20,0.07,0.0,11,05,00,00
Farmer_Flood_Measure_Costs,11_05_00_00,D,average,60,24.34,0.07,11,05,00,00
Farmer_Flood_Measure_Costs,11_05_00_00,D,average,100,111.62,0.22,11,05,00,00
Farmer_Flood_Measure_Costs,11_05_00_00,D&G,average,20,0.08,0.0,11,05,00,00
Farmer_Flood_Measure_Costs,11_05_00_00,D&G,average,60,35.96,0.1,11,05,00,00
Farmer_Flood_Measure_Costs,11_05_00_00,D&G,average,100,151.96,0.3,11,05,00,00
Farmer_Flood_Measure_Costs,11_05_00_00,D&G&Wp,average,20,0.08,0.0,11,05,00,00
Farmer_Flood_Measure_Costs,11_05_00_00,D&G&Wp,average,60,48.76,0.14,11,05,00,00
Farmer_Flood_Measure_Costs,11_05_00_00,D&G&Wp,average,100,211.6,0.42,11,05,00,00
Farmer_Flood_Measure_Costs,11_05_00_00,D&Wp,average,20,0.08,0.0,11,05,00,00
Farmer_Flood_Measure_Costs,11_05_00_00,D&Wp,average,60,49.35,0.14,11,05,00,00
Farmer_Flood_Measure_Costs,11_05_00_00,D&Wp,average,100,221.25,0.44,11,05,00,00
Farmer_Flood_Measure_Costs,11_05_00_00,G,average,20,0.09,0.0,11,05,00,00
Farmer_Flood_Measure_Costs,11_05_00_00,G,average,60,47.57,0.14,11,05,00,00
Farmer_Flood_Measure_Costs,11_05_00_00,G,average,100,192.3,0.38,11,05,00,00
Farmer_Flood_Measure_Costs,11_05_00_00,G&Wp,average,20,0.09,0.0,11,05,00,00
Farmer_Flood_Measure_Costs,11_05_00_00,G&Wp,average,60,60.97,0.17,11,05,00,00
Farmer_Flood_Measure_Costs,11_05_00_00,G&Wp,average,100,261.59,0.52,11,05,00,00
Farmer_Flood_Measure_Costs,11_05_00_00,Wp,average,20,0.09,0.0,11,05,00,00
Farmer_Flood_Measure_Costs,11_05_00_00,Wp,average,60,74.37,0.21,11,05,00,00
Farmer_Flood_Measure_Costs,11_05_00_00,Wp,average,100,330.88,0.66,11,05,00,00
Farmer_Flood_Measure_Costs,11_06_00_00,D,average,20,0.07,0.0,11,06,00,00
Farmer_Flood_Measure_Costs,11_06_00_00,D,average,60,24.34,0.07,11,06,00,00
Farmer_Flood_Measure_Costs,11_06_00_00,D,average,100,111.62,0.22,11,06,00,00
Farmer_Flood_Measure_Costs,11_06_00_00,D&G,average,20,0.08,0.0,11,06,00,00
Farmer_Flood_Measure_Costs,11_06_00_00,D&G,average,60,35.96,0.1,11,06,00,00
Farmer_Flood_Measure_Costs,11_06_00_00,D&G,average,100,151.96,0.3,11,06,00,00
Farmer_Flood_Measure_Costs,11_06_00_00,D&G&Wp,average,20,0.08,0.0,11,06,00,00
Farmer_Flood_Measure_Costs,11_06_00_00,D&G&Wp,average,60,48.76,0.14,11,06,00,00
Farmer_Flood_Measure_Costs,11_06_00_00,D&G&Wp,average,100,211.6,0.42,11,06,00,00
Farmer_Flood_Measure_Costs,11_06_00_00,D&Wp,average,20,0.08,0.0,11,06,00,00
Farmer_Flood_Measure_Costs,11_06_00_00,D&Wp,average,60,49.35,0.14,11,06,00,00
Farmer_Flood_Measure_Costs,11_06_00_00,D&Wp,average,100,221.25,0.44,11,06,00,00
Farmer_Flood_Measure_Costs,11_06_00_00,G,average,20,0.09,0.0,11,06,00,00
Farmer_Flood_Measure_Costs,11_06_00_00,G,average,60,47.57,0.14,11,06,00,00
Farmer_Flood_Measure_Costs,11_06_00_00,G,average,100,192.3,0.38,11,06,00,00
Farmer_Flood_Measure_Costs,11_06_00_00,G&Wp,average,20,0.09,0.0,11,06,00,00
Farmer_Flood_Measure_Costs,11_06_00_00,G&Wp,average,60,60.97,0.17,11,06,00,00
Farmer_Flood_Measure_Costs,11_06_00_00,G&Wp,average,100,261.59,0.52,11,06,00,00
Farmer_Flood_Measure_Costs,11_06_00_00,Wp,average,20,0.09,0.0,11,06,00,00
Farmer_Flood_Measure_Costs,11_06_00_00,Wp,average,60,74.37,0.21,11,06,00,00
Farmer_Flood_Measure_Costs,11_06_00_00,Wp,average,100,330.88,0.66,11,06,00,00
Farmer_Flood_Measure_Costs,11_07_00_00,D,average,20,0.07,0.0,11,07,00,00
Farmer_Flood_Measure_Costs,11_07_00_00,D,average,60,24.34,0.07,11,07,00,00
Farmer_Flood_Measure_Costs,11_07_00_00,D,average,100,111.62,0.22,11,07,00,00
Farmer_Flood_Measure_Costs,11_07_00_00,D&G,average,20,0.08,0.0,11,07,00,00
Farmer_Flood_Measure_Costs,11_07_00_00,D&G,average,60,35.96,0.1,11,07,00,00
Farmer_Flood_Measure_Costs,11_07_00_00,D&G,average,100,151.96,0.3,11,07,00,00
Farmer_Flood_Measure_Costs,11_07_00_00,D&G&Wp,average,20,0.08,0.0,11,07,00,00
Farmer_Flood_Measure_Costs,11_07_00_00,D&G&Wp,average,60,48.76,0.14,11,07,00,00
Farmer_Flood_Measure_Costs,11_07_00_00,D&G&Wp,average,100,211.6,0.42,11,07,00,00
Farmer_Flood_Measure_Costs,11_07_00_00,D&Wp,average,20,0.08,0.0,11,07,00,00
Farmer_Flood_Measure_Costs,11_07_00_00,D&Wp,average,60,49.35,0.14,11,07,00,00
Farmer_Flood_Measure_Costs,11_07_00_00,D&Wp,average,100,221.25,0.44,11,07,00,00
Farmer_Flood_Measure_Costs,11_07_00_00,G,average,20,0.09,0.0,11,07,00,00
Farmer_Flood_Measure_Costs,11_07_00_00,G,average,60,47.57,0.14,11,07,00,00
Farmer_Flood_Measure_Costs,11_07_00_00,G,average,100,192.3,0.38,11,07,00,00
Farmer_Flood_Measure_Costs,11_07_00_00,G&Wp,average,20,0.09,0.0,11,07,00,00
Farmer_Flood_Measure_Costs,11_07_00_00,G&Wp,average,60,60.97,0.17,11,07,00,00
Farmer_Flood_Measure_Costs,11_07_00_00,G&Wp,average,100,261.59,0.52,11,07,00,00
Farmer_Flood_Measure_Costs,11_07_00_00,Wp,average,20,0.09,0.0,11,07,00,00
Farmer_Flood_Measure_Costs,11_07_00_00,Wp,average,60,74.37,0.21,11,07,00,00
Farmer_Flood_Measure_Costs,11_07_00_00,Wp,average,100,330.88,0.66,11,07,00,00
Farmer_Flood_Measure_Costs,11_08_00_00,D,average,20,0.07,0.0,11,08,00,00
Farmer_Flood_Measure_Costs,11_08_00_00,D,average,60,24.34,0.07,11,08,00,00
Farmer_Flood_Measure_Costs,11_08_00_00,D,average,100,111.62,0.22,11,08,00,00
Farmer_Flood_Measure_Costs,11_08_00_00,D&G,average,20,0.08,0.0,11,08,00,00
Farmer_Flood_Measure_Costs,11_08_00_00,D&G,average,60,35.98,0.1,11,08,00,00
Farmer_Flood_Measure_Costs,11_08_00_00,D&G,average,100,153.74,0.31,11,08,00,00
Farmer_Flood_Measure_Costs,11_08_00_00,D&G&Wp,average,20,0.08,0.0,11,08,00,00
Farmer_Flood_Measure_Costs,11_08_00_00,D&G&Wp,average,60,48.78,0.14,11,08,00,00
Farmer_Flood_Measure_Costs,11_08_00_00,D&G&Wp,average,100,214.58,0.43,11,08,00,00
Farmer_Flood_Measure_Costs,11_08_00_00,D&Wp,average,20,0.08,0.0,11,08,00,00
Farmer_Flood_Measure_Costs,11_08_00_00,D&Wp,average,60,49.35,0.14,11,08,00,00
Farmer_Flood_Measure_Costs,11_08_00_00,D&Wp,average,100,223.95,0.45,11,08,00,00
Farmer_Flood_Measure_Costs,11_08_00_00,G,average,20,0.09,0.0,11,08,00,00
Farmer_Flood_Measure_Costs,11_08_00_00,G,average,60,47.62,0.14,11,08,00,00
Farmer_Flood_Measure_Costs,11_08_00_00,G,average,100,195.86,0.39,11,08,00,00
Farmer_Flood_Measure_Costs,11_08_00_00,G&Wp,average,20,0.09,0.0,11,08,00,00
Farmer_Flood_Measure_Costs,11_08_00_00,G&Wp,average,60,60.99,0.17,11,08,00,00
Farmer_Flood_Measure_Costs,11_08_00_00,G&Wp,average,100,266.07,0.53,11,08,00,00
Farmer_Flood_Measure_Costs,11_08_00_00,Wp,average,20,0.09,0.0,11,08,00,00
Farmer_Flood_Measure_Costs,11_08_00_00,Wp,average,60,74.37,0.21,11,08,00,00
Farmer_Flood_Measure_Costs,11_08_00_00,Wp,average,100,336.28,0.67,11,08,00,00
Farmer_Flood_Measure_Costs,11_09_00_00,D,average,20,0.07,0.0,11,09,00,00
Farmer_Flood_Measure_Costs,11_09_00_00,D,average,60,24.34,0.07,11,09,00,00
Farmer_Flood_Measure_Costs,11_09_00_00,D,average,100,111.95,0.22,11,09,00,00
Farmer_Flood_Measure_Costs,11_09_00_00,D&G,average,20,0.08,0.0,11,09,00,00
Farmer_Flood_Measure_Costs,11_09_00_00,D&G,average,60,43.1,0.12,11,09,00,00
Farmer_Flood_Measure_Costs,11_09_00_00,D&G,average,100,153.92,0.31,11,09,00,00
Farmer_Flood_Measure_Costs,11_09_00_00,D&G&Wp,average,20,0.08,0.0,11,09,00,00
Farmer_Flood_Measure_Costs,11_09_00_00,D&G&Wp,average,60,53.52,0.15,11,09,00,00
Farmer_Flood_Measure_Costs,11_09_00_00,D&G&Wp,average,100,214.71,0.43,11,09,00,00
Farmer_Flood_Measure_Costs,11_09_00_00,D&Wp,average,20,0.08,0.0,11,09,00,00
Farmer_Flood_Measure_Costs,11_09_00_00,D&Wp,average,60,49.35,0.14,11,09,00,00
Farmer_Flood_Measure_Costs,11_09_00_00,D&Wp,average,100,224.11,0.45,11,09,00,00
Farmer_Flood_Measure_Costs,11_09_00_00,G,average,20,0.09,0.0,11,09,00,00
Farmer_Flood_Measure_Costs,11_09_00_00,G,average,60,61.85,0.18,11,09,00,00
Farmer_Flood_Measure_Costs,11_09_00_00,G,average,100,195.89,0.39,11,09,00,00
Farmer_Flood_Measure_Costs,11_09_00_00,G&Wp,average,20,0.09,0.0,11,09,00,00
Farmer_Flood_Measure_Costs,11_09_00_00,G&Wp,average,60,68.11,0.19,11,09,00,00
Farmer_Flood_Measure_Costs,11_09_00_00,G&Wp,average,100,266.08,0.53,11,09,00,00
Farmer_Flood_Measure_Costs,11_09_00_00,Wp,average,20,0.09,0.0,11,09,00,00
Farmer_Flood_Measure_Costs,11_09_00_00,Wp,average,60,74.36,0.21,11,09,00,00
Farmer_Flood_Measure_Costs,11_09_00_00,Wp,average,100,336.28,0.67,11,09,00,00
Farmer_Flood_Measure_Costs,13_00_00_00,D,average,20,0.72,0.0,13,00,00,00
Farmer_Flood_Measure_Costs,13_00_00_00,D,average,60,79.24,0.23,13,00,00,00
Farmer_Flood_Measure_Costs,13_00_00_00,D,average,100,132.75,0.27,13,00,00,00
Farmer_Flood_Measure_Costs,13_00_00_00,D&G,average,20,0.76,0.01,13,00,00,00
Farmer_Flood_Measure_Costs,13_00_00_00,D&G,average,60,79.3,0.23,13,00,00,00
Farmer_Flood_Measure_Costs,13_00_00_00,D&G,average,100,147.06,0.29,13,00,00,00
Farmer_Flood_Measure_Costs,13_00_00_00,D&G&Wp,average,20,0.74,0.0,13,00,00,00
Farmer_Flood_Measure_Costs,13_00_00_00,D&G&Wp,average,60,89.2,0.25,13,00,00,00
Farmer_Flood_Measure_Costs,13_00_00_00,D&G&Wp,average,100,152.61,0.31,13,00,00,00
Farmer_Flood_Measure_Costs,13_00_00_00,D&Wp,average,20,0.7,0.0,13,00,00,00
Farmer_Flood_Measure_Costs,13_00_00_00,D&Wp,average,60,94.12,0.27,13,00,00,00
Farmer_Flood_Measure_Costs,13_00_00_00,D&Wp,average,100,148.23,0.3,13,00,00,00
Farmer_Flood_Measure_Costs,13_00_00_00,G,average,20,0.81,0.01,13,00,00,00
Farmer_Flood_Measure_Costs,13_00_00_00,G,average,60,79.36,0.23,13,00,00,00
Farmer_Flood_Measure_Costs,13_00_00_00,G,average,100,161.36,0.32,13,00,00,00
Farmer_Flood_Measure_Costs,13_00_00_00,G&Wp,average,20,0.75,0.01,13,00,00,00
Farmer_Flood_Measure_Costs,13_00_00_00,G&Wp,average,60,94.18,0.27,13,00,00,00
Farmer_Flood_Measure_Costs,13_00_00_00,G&Wp,average,100,162.54,0.33,13,00,00,00
Farmer_Flood_Measure_Costs,13_00_00_00,Wp,average,20,0.69,0.0,13,00,00,00
Farmer_Flood_Measure_Costs,13_00_00_00,Wp,average,60,109.01,0.31,13,00,00,00
Farmer_Flood_Measure_Costs,13_00_00_00,Wp,average,100,163.71,0.33,13,00,00,00
Farmer_Flood_Measure_Costs,13_01_00_00,D,average,20,0.81,0.01,13,01,00,00
Farmer_Flood_Measure_Costs,13_01_00_00,D,average,60,79.33,0.23,13,01,00,00
Farmer_Flood_Measure_Costs,13_01_00_00,D,average,100,132.84,0.27,13,01,00,00
Farmer_Flood_Measure_Costs,13_01_00_00,D&G,average,20,0.81,0.01,13,01,00,00
Farmer_Flood_Measure_Costs,13_01_00_00,D&G,average,60,79.54,0.23,13,01,00,00
Farmer_Flood_Measure_Costs,13_01_00_00,D&G,average,100,147.6,0.3,13,01,00,00
Farmer_Flood_Measure_Costs,13_01_00_00,D&G&Wp,average,20,0.81,0.01,13,01,00,00
Farmer_Flood_Measure_Costs,13_01_00_00,D&G&Wp,average,60,89.41,0.26,13,01,00,00
Farmer_Flood_Measure_Costs,13_01_00_00,D&G&Wp,average,100,153.01,0.31,13,01,00,00
Farmer_Flood_Measure_Costs,13_01_00_00,D&Wp,average,20,0.81,0.01,13,01,00,00
Farmer_Flood_Measure_Costs,13_01_00_00,D&Wp,average,60,94.23,0.27,13,01,00,00
Farmer_Flood_Measure_Costs,13_01_00_00,D&Wp,average,100,148.34,0.3,13,01,00,00
Farmer_Flood_Measure_Costs,13_01_00_00,G,average,20,0.81,0.01,13,01,00,00
Farmer_Flood_Measure_Costs,13_01_00_00,G,average,60,79.76,0.23,13,01,00,00
Farmer_Flood_Measure_Costs,13_01_00_00,G,average,100,162.35,0.32,13,01,00,00
Farmer_Flood_Measure_Costs,13_01_00_00,G&Wp,average,20,0.81,0.01,13,01,00,00
Farmer_Flood_Measure_Costs,13_01_00_00,G&Wp,average,60,94.44,0.27,13,01,00,00
Farmer_Flood_Measure_Costs,13_01_00_00,G&Wp,average,100,163.09,0.33,13,01,00,00
Farmer_Flood_Measure_Costs,13_01_00_00,Wp,average,20,0.81,0.01,13,01,00,00
Farmer_Flood_Measure_Costs,13_01_00_00,Wp,average,60,109.13,0.31,13,01,00,00
Farmer_Flood_Measure_Costs,13_01_00_00,Wp,average,100,163.83,0.33,13,01,00,00
Farmer_Flood_Measure_Costs,13_03_00_00,D,average,20,0.72,0.0,13,03,00,00
Farmer_Flood_Measure_Costs,13_03_00_00,D,average,60,79.24,0.23,13,03,00,00
Farmer_Flood_Measure_Costs,13_03_00_00,D,average,100,132.75,0.27,13,03,00,00
Farmer_Flood_Measure_Costs,13_03_00_00,D&G,average,20,0.76,0.01,13,03,00,00
Farmer_Flood_Measure_Costs,13_03_00_00,D&G,average,60,79.5,0.23,13,03,00,00
Farmer_Flood_Measure_Costs,13_03_00_00,D&G,average,100,147.55,0.3,13,03,00,00
Farmer_Flood_Measure_Costs,13_03_00_00,D&G&Wp,average,20,0.78,0.01,13,03,00,00
Farmer_Flood_Measure_Costs,13_03_00_00,D&G&Wp,average,60,89.38,0.26,13,03,00,00
Farmer_Flood_Measure_Costs,13_03_00_00,D&G&Wp,average,100,152.98,0.31,13,03,00,00
Farmer_Flood_Measure_Costs,13_03_00_00,D&Wp,average,20,0.76,0.01,13,03,00,00
Farmer_Flood_Measure_Costs,13_03_00_00,D&Wp,average,60,94.18,0.27,13,03,00,00
Farmer_Flood_Measure_Costs,13_03_00_00,D&Wp,average,100,148.29,0.3,13,03,00,00
Farmer_Flood_Measure_Costs,13_03_00_00,G,average,20,0.81,0.01,13,03,00,00
Farmer_Flood_Measure_Costs,13_03_00_00,G,average,60,79.76,0.23,13,03,00,00
Farmer_Flood_Measure_Costs,13_03_00_00,G,average,100,162.35,0.32,13,03,00,00
Farmer_Flood_Measure_Costs,13_03_00_00,G&Wp,average,20,0.81,0.01,13,03,00,00
Farmer_Flood_Measure_Costs,13_03_00_00,G&Wp,average,60,94.44,0.27,13,03,00,00
Farmer_Flood_Measure_Costs,13_03_00_00,G&Wp,average,100,163.09,0.33,13,03,00,00
Farmer_Flood_Measure_Costs,13_03_00_00,Wp,average,20,0.81,0.01,13,03,00,00
Farmer_Flood_Measure_Costs,13_03_00_00,Wp,average,60,109.13,0.31,13,03,00,00
Farmer_Flood_Measure_Costs,13_03_00_00,Wp,average,100,163.83,0.33,13,03,00,00
Farmer_Flood_Measure_Costs,13_05_00_00,D,average,20,0.72,0.0,13,05,00,00
Farmer_Flood_Measure_Costs,13_05_00_00,D,average,60,79.24,0.23,13,05,00,00
Farmer_Flood_Measure_Costs,13_05_00_00,D,average,100,132.75,0.27,13,05,00,00
Farmer_Flood_Measure_Costs,13_05_00_00,D&G,average,20,0.76,0.01,13,05,00,00
Farmer_Flood_Measure_Costs,13_05_00_00,D&G,average,60,79.3,0.23,13,05,00,00
Farmer_Flood_Measure_Costs,13_05_00_00,D&G,average,100,147.06,0.29,13,05,00,00
Farmer_Flood_Measure_Costs,13_05_00_00,D&G&Wp,average,20,0.78,0.01,13,05,00,00
Farmer_Flood_Measure_Costs,13_05_00_00,D&G&Wp,average,60,89.24,0.25,13,05,00,00
Farmer_Flood_Measure_Costs,13_05_00_00,D&G&Wp,average,100,152.65,0.31,13,05,00,00
Farmer_Flood_Measure_Costs,13_05_00_00,D&Wp,average,20,0.76,0.01,13,05,00,00
Farmer_Flood_Measure_Costs,13_05_00_00,D&Wp,average,60,94.18,0.27,13,05,00,00
Farmer_Flood_Measure_Costs,13_05_00_00,D&Wp,average,100,148.29,0.3,13,05,00,00
Farmer_Flood_Measure_Costs,13_05_00_00,G,average,20,0.81,0.01,13,05,00,00
Farmer_Flood_Measure_Costs,13_05_00_00,G,average,60,79.36,0.23,13,05,00,00
Farmer_Flood_Measure_Costs,13_05_00_00,G,average,100,161.36,0.32,13,05,00,00
Farmer_Flood_Measure_Costs,13_05_00_00,G&Wp,average,20,0.81,0.01,13,05,00,00
Farmer_Flood_Measure_Costs,13_05_00_00,G&Wp,average,60,94.24,0.27,13,05,00,00
Farmer_Flood_Measure_Costs,13_05_00_00,G&Wp,average,100,162.6,0.33,13,05,00,00
Farmer_Flood_Measure_Costs,13_05_00_00,Wp,average,20,0.81,0.01,13,05,00,00
Farmer_Flood_Measure_Costs,13_05_00_00,Wp,average,60,109.13,0.31,13,05,00,00
Farmer_Flood_Measure_Costs,13_05_00_00,Wp,average,100,163.83,0.33,13,05,00,00
Farmer_Flood_Measure_Costs,13_06_00_00,D,average,20,0.72,0.0,13,06,00,00
Farmer_Flood_Measure_Costs,13_06_00_00,D,average,60,79.24,0.23,13,06,00,00
Farmer_Flood_Measure_Costs,13_06_00_00,D,average,100,132.75,0.27,13,06,00,00
Farmer_Flood_Measure_Costs,13_06_00_00,D&G,average,20,0.76,0.01,13,06,00,00
Farmer_Flood_Measure_Costs,13_06_00_00,D&G,average,60,79.3,0.23,13,06,00,00
Farmer_Flood_Measure_Costs,13_06_00_00,D&G,average,100,147.06,0.29,13,06,00,00
Farmer_Flood_Measure_Costs,13_06_00_00,D&G&Wp,average,20,0.78,0.01,13,06,00,00
Farmer_Flood_Measure_Costs,13_06_00_00,D&G&Wp,average,60,89.24,0.25,13,06,00,00
Farmer_Flood_Measure_Costs,13_06_00_00,D&G&Wp,average,100,152.65,0.31,13,06,00,00
Farmer_Flood_Measure_Costs,13_06_00_00,D&Wp,average,20,0.76,0.01,13,06,00,00
Farmer_Flood_Measure_Costs,13_06_00_00,D&Wp,average,60,94.18,0.27,13,06,00,00
Farmer_Flood_Measure_Costs,13_06_00_00,D&Wp,average,100,148.29,0.3,13,06,00,00
Farmer_Flood_Measure_Costs,13_06_00_00,G,average,20,0.81,0.01,13,06,00,00
Farmer_Flood_Measure_Costs,13_06_00_00,G,average,60,79.36,0.23,13,06,00,00
Farmer_Flood_Measure_Costs,13_06_00_00,G,average,100,161.36,0.32,13,06,00,00
Farmer_Flood_Measure_Costs,13_06_00_00,G&Wp,average,20,0.81,0.01,13,06,00,00
Farmer_Flood_Measure_Costs,13_06_00_00,G&Wp,average,60,94.24,0.27,13,06,00,00
Farmer_Flood_Measure_Costs,13_06_00_00,G&Wp,average,100,162.6,0.33,13,06,00,00
Farmer_Flood_Measure_Costs,13_06_00_00,Wp,average,20,0.81,0.01,13,06,00,00
Farmer_Flood_Measure_Costs,13_06_00_00,Wp,average,60,109.13,0.31,13,06,00,00
Farmer_Flood_Measure_Costs,13_06_00_00,Wp,average,100,163.83,0.33,13,06,00,00
Farmer_Flood_Measure_Costs,13_07_00_00,D,average,20,0.72,0.0,13,07,00,00
Farmer_Flood_Measure_Costs,13_07_00_00,D,average,60,79.24,0.23,13,07,00,00
Farmer_Flood_Measure_Costs,13_07_00_00,D,average,100,132.75,0.27,13,07,00,00
Farmer_Flood_Measure_Costs,13_07_00_00,D&G,average,20,0.76,0.01,13,07,00,00
Farmer_Flood_Measure_Costs,13_07_00_00,D&G,average,60,79.3,0.23,13,07,00,00
Farmer_Flood_Measure_Costs,13_07_00_00,D&G,average,100,147.06,0.29,13,07,00,00
Farmer_Flood_Measure_Costs,13_07_00_00,D&G&Wp,average,20,0.78,0.01,13,07,00,00
Farmer_Flood_Measure_Costs,13_07_00_00,D&G&Wp,average,60,89.24,0.25,13,07,00,00
Farmer_Flood_Measure_Costs,13_07_00_00,D&G&Wp,average,100,152.65,0.31,13,07,00,00
Farmer_Flood_Measure_Costs,13_07_00_00,D&Wp,average,20,0.76,0.01,13,07,00,00
Farmer_Flood_Measure_Costs,13_07_00_00,D&Wp,average,60,94.18,0.27,13,07,00,00
Farmer_Flood_Measure_Costs,13_07_00_00,D&Wp,average,100,148.29,0.3,13,07,00,00
Farmer_Flood_Measure_Costs,13_07_00_00,G,average,20,0.81,0.01,13,07,00,00
Farmer_Flood_Measure_Costs,13_07_00_00,G,average,60,79.36,0.23,13,07,00,00
Farmer_Flood_Measure_Costs,13_07_00_00,G,average,100,161.36,0.32,13,07,00,00
Farmer_Flood_Measure_Costs,13_07_00_00,G&Wp,average,20,0.81,0.01,13,07,00,00
Farmer_Flood_Measure_Costs,13_07_00_00,G&Wp,average,60,94.24,0.27,13,07,00,00
Farmer_Flood_Measure_Costs,13_07_00_00,G&Wp,average,100,162.6,0.33,13,07,00,00
Farmer_Flood_Measure_Costs,13_07_00_00,Wp,average,20,0.81,0.01,13,07,00,00
Farmer_Flood_Measure_Costs,13_07_00_00,Wp,average,60,109.13,0.31,13,07,00,00
Farmer_Flood_Measure_Costs,13_07_00_00,Wp,average,100,163.83,0.33,13,07,00,00
Farmer_Flood_Measure_Costs,13_08_00_00,D,average,20,0.72,0.0,13,08,00,00
Farmer_Flood_Measure_Costs,13_08_00_00,D,average,60,79.24,0.23,13,08,00,00
Farmer_Flood_Measure_Costs,13_08_00_00,D,average,100,132.75,0.27,13,08,00,00
Farmer_Flood_Measure_Costs,13_08_00_00,D&G,average,20,0.76,0.01,13,08,00,00
Farmer_Flood_Measure_Costs,13_08_00_00,D&G,average,60,79.5,0.23,13,08,00,00
Farmer_Flood_Measure_Costs,13_08_00_00,D&G,average,100,147.55,0.3,13,08,00,00
Farmer_Flood_Measure_Costs,13_08_00_00,D&G&Wp,average,20,0.78,0.01,13,08,00,00
Farmer_Flood_Measure_Costs,13_08_00_00,D&G&Wp,average,60,89.38,0.26,13,08,00,00
Farmer_Flood_Measure_Costs,13_08_00_00,D&G&Wp,average,100,152.98,0.31,13,08,00,00
Farmer_Flood_Measure_Costs,13_08_00_00,D&Wp,average,20,0.76,0.01,13,08,00,00
Farmer_Flood_Measure_Costs,13_08_00_00,D&Wp,average,60,94.18,0.27,13,08,00,00
Farmer_Flood_Measure_Costs,13_08_00_00,D&Wp,average,100,148.29,0.3,13,08,00,00
Farmer_Flood_Measure_Costs,13_08_00_00,G,average,20,0.81,0.01,13,08,00,00
Farmer_Flood_Measure_Costs,13_08_00_00,G,average,60,79.76,0.23,13,08,00,00
Farmer_Flood_Measure_Costs,13_08_00_00,G,average,100,162.35,0.32,13,08,00,00
Farmer_Flood_Measure_Costs,13_08_00_00,G&Wp,average,20,0.81,0.01,13,08,00,00
Farmer_Flood_Measure_Costs,13_08_00_00,G&Wp,average,60,94.44,0.27,13,08,00,00
Farmer_Flood_Measure_Costs,13_08_00_00,G&Wp,average,100,163.09,0.33,13,08,00,00
Farmer_Flood_Measure_Costs,13_08_00_00,Wp,average,20,0.81,0.01,13,08,00,00
Farmer_Flood_Measure_Costs,13_08_00_00,Wp,average,60,109.13,0.31,13,08,00,00
Farmer_Flood_Measure_Costs,13_08_00_00,Wp,average,100,163.83,0.33,13,08,00,00
Farmer_Flood_Measure_Costs,13_09_00_00,D,average,20,0.72,0.0,13,09,00,00
Farmer_Flood_Measure_Costs,13_09_00_00,D,average,60,79.24,0.23,13,09,00,00
Farmer_Flood_Measure_Costs,13_09_00_00,D,average,100,132.75,0.27,13,09,00,00
Farmer_Flood_Measure_Costs,13_09_00_00,D&G,average,20,0.76,0.01,13,09,00,00
Farmer_Flood_Measure_Costs,13_09_00_00,D&G,average,60,79.5,0.23,13,09,00,00
Farmer_Flood_Measure_Costs,13_09_00_00,D&G,average,100,147.55,0.3,13,09,00,00
Farmer_Flood_Measure_Costs,13_09_00_00,D&G&Wp,average,20,0.78,0.01,13,09,00,00
Farmer_Flood_Measure_Costs,13_09_00_00,D&G&Wp,average,60,89.38,0.26,13,09,00,00
Farmer_Flood_Measure_Costs,13_09_00_00,D&G&Wp,average,100,152.98,0.31,13,09,00,00
Farmer_Flood_Measure_Costs,13_09_00_00,D&Wp,average,20,0.76,0.01,13,09,00,00
Farmer_Flood_Measure_Costs,13_09_00_00,D&Wp,average,60,94.18,0.27,13,09,00,00
Farmer_Flood_Measure_Costs,13_09_00_00,D&Wp,average,100,148.29,0.3,13,09,00,00
Farmer_Flood_Measure_Costs,13_09_00_00,G,average,20,0.81,0.01,13,09,00,00
Farmer_Flood_Measure_Costs,13_09_00_00,G,average,60,79.76,0.23,13,09,00,00
Farmer_Flood_Measure_Costs,13_09_00_00,G,average,100,162.35,0.32,13,09,00,00
Farmer_Flood_Measure_Costs,13_09_00_00,G&Wp,average,20,0.81,0.01,13,09,00,00
Farmer_Flood_Measure_Costs,13_09_00_00,G&Wp,average,60,94.44,0.27,13,09,00,00
Farmer_Flood_Measure_Costs,13_09_00_00,G&Wp,average,100,163.09,0.33,13,09,00,00
Farmer_Flood_Measure_Costs,13_09_00_00,Wp,average,20,0.81,0.01,13,09,00,00
Farmer_Flood_Measure_Costs,13_09_00_00,Wp,average,60,109.13,0.31,13,09,00,00
Farmer_Flood_Measure_Costs,13_09_00_00,Wp,average,100,163.83,0.33,13,09,00,00
Farmer_Structural_Damage,00_00_00_00,D,average,20,37.35,1.0,00,00,00,00
Farmer_Structural_Damage,00_00_00_00,D,average,60,131.28,1.0,00,00,00,00
Farmer_Structural_Damage,00_00_00_00,D,average,100,198.53,1.0,00,00,00,00
Farmer_Structural_Damage,00_00_00_00,D&G,average,20,40.5,1.0,00,00,00,00
Farmer_Structural_Damage,00_00_00_00,D&G,average,60,151.36,1.0,00,00,00,00
Farmer_Structural_Damage,00_00_00_00,D&G,average,100,254.13,1.0,00,00,00,00
Farmer_Structural_Damage,00_00_00_00,D&G&Wp,average,20,43.53,1.0,00,00,00,00
Farmer_Structural_Damage,00_00_00_00,D&G&Wp,average,60,183.58,1.0,00,00,00,00
Farmer_Structural_Damage,00_00_00_00,D&G&Wp,average,100,360.08,1.0,00,00,00,00
Farmer_Structural_Damage,00_00_00_00,D&Wp,average,20,43.46,1.0,00,00,00,00
Farmer_Structural_Damage,00_00_00_00,D&Wp,average,60,189.64,1.0,00,00,00,00
Farmer_Structural_Damage,00_00_00_00,D&Wp,average,100,385.25,1.0,00,00,00,00
Farmer_Structural_Damage,00_00_00_00,G,average,20,43.65,1.0,00,00,00,00
Farmer_Structural_Damage,00_00_00_00,G,average,60,171.45,1.0,00,00,00,00
Farmer_Structural_Damage,00_00_00_00,G,average,100,309.74,1.0,00,00,00,00
Farmer_Structural_Damage,00_00_00_00,G&Wp,average,20,46.62,1.0,00,00,00,00
Farmer_Structural_Damage,00_00_00_00,G&Wp,average,60,209.72,1.0,00,00,00,00
Farmer_Structural_Damage,00_00_00_00,G&Wp,average,100,440.86,1.0,00,00,00,00
Farmer_Structural_Damage,00_00_00_00,Wp,average,20,49.58,1.0,00,00,00,00
Farmer_Structural_Damage,00_00_00_00,Wp,average,60,248.0,1.0,00,00,00,00
Farmer_Structural_Damage,00_00_00_00,Wp,average,100,571.97,1.0,00,00,00,00
Farmer_Structural_Damage,00_01_00_00,D,average,20,38.08,1.02,00,01,00,00
Farmer_Structural_Damage,00_01_00_00,D,average,60,135.44,1.03,00,01,00,00
Farmer_Structural_Damage,00_01_00_00,D,average,100,205.54,1.04,00,01,00,00
Farmer_Structural_Damage,00_01_00_00,D&G,average,20,41.34,1.02,00,01,00,00
Farmer_Structural_Damage,00_01_00_00,D&G,average,60,156.35,1.03,00,01,00,00
Farmer_Structural_Damage,00_01_00_00,D&G,average,100,263.47,1.04,00,01,00,00
Farmer_Structural_Damage,00_01_00_00,D&G&Wp,average,20,44.51,1.02,00,01,00,00
Farmer_Structural_Damage,00_01_00_00,D&G&Wp,average,60,189.76,1.03,00,01,00,00
Farmer_Structural_Damage,00_01_00_00,D&G&Wp,average,100,373.61,1.04,00,01,00,00
Farmer_Structural_Damage,00_01_00_00,D&Wp,average,20,44.47,1.02,00,01,00,00
Farmer_Structural_Damage,00_01_00_00,D&Wp,average,60,196.01,1.03,00,01,00,00
Farmer_Structural_Damage,00_01_00_00,D&Wp,average,100,399.72,1.04,00,01,00,00
Farmer_Structural_Damage,00_01_00_00,G,average,20,44.6,1.02,00,01,00,00
Farmer_Structural_Damage,00_01_00_00,G,average,60,177.27,1.03,00,01,00,00
Farmer_Structural_Damage,00_01_00_00,G,average,100,321.39,1.04,00,01,00,00
Farmer_Structural_Damage,00_01_00_00,G&Wp,average,20,47.73,1.02,00,01,00,00
Farmer_Structural_Damage,00_01_00_00,G&Wp,average,60,216.93,1.03,00,01,00,00
Farmer_Structural_Damage,00_01_00_00,G&Wp,average,100,457.64,1.04,00,01,00,00
Farmer_Structural_Damage,00_01_00_00,Wp,average,20,50.86,1.03,00,01,00,00
Farmer_Structural_Damage,00_01_00_00,Wp,average,60,256.59,1.03,00,01,00,00
Farmer_Structural_Damage,00_01_00_00,Wp,average,100,593.9,1.04,00,01,00,00
Farmer_Structural_Damage,00_03_00_00,D,average,20,37.41,1.0,00,03,00,00
Farmer_Structural_Damage,00_03_00_00,D,average,60,134.7,1.03,00,03,00,00
Farmer_Structural_Damage,00_03_00_00,D,average,100,204.81,1.03,00,03,00,00
Farmer_Structural_Damage,00_03_00_00,D&G,average,20,40.64,1.0,00,03,00,00
Farmer_Structural_Damage,00_03_00_00,D&G,average,60,155.62,1.03,00,03,00,00
Farmer_Structural_Damage,00_03_00_00,D&G,average,100,262.73,1.03,00,03,00,00
Farmer_Structural_Damage,00_03_00_00,D&G&Wp,average,20,43.7,1.0,00,03,00,00
Farmer_Structural_Damage,00_03_00_00,D&G&Wp,average,60,188.93,1.03,00,03,00,00
Farmer_Structural_Damage,00_03_00_00,D&G&Wp,average,100,372.77,1.04,00,03,00,00
Farmer_Structural_Damage,00_03_00_00,D&Wp,average,20,43.62,1.0,00,03,00,00
Farmer_Structural_Damage,00_03_00_00,D&Wp,average,60,195.13,1.03,00,03,00,00
Farmer_Structural_Damage,00_03_00_00,D&Wp,average,100,398.83,1.04,00,03,00,00
Farmer_Structural_Damage,00_03_00_00,G,average,20,43.86,1.0,00,03,00,00
Farmer_Structural_Damage,00_03_00_00,G,average,60,176.53,1.03,00,03,00,00
Farmer_Structural_Damage,00_03_00_00,G,average,100,320.65,1.04,00,03,00,00
Farmer_Structural_Damage,00_03_00_00,G&Wp,average,20,46.84,1.0,00,03,00,00
Farmer_Structural_Damage,00_03_00_00,G&Wp,average,60,216.04,1.03,00,03,00,00
Farmer_Structural_Damage,00_03_00_00,G&Wp,average,100,456.76,1.04,00,03,00,00
Farmer_Structural_Damage,00_03_00_00,Wp,average,20,49.82,1.0,00,03,00,00
Farmer_Structural_Damage,00_03_00_00,Wp,average,60,255.55,1.03,00,03,00,00
Farmer_Structural_Damage,00_03_00_00,Wp,average,100,592.86,1.04,00,03,00,00
Farmer_Structural_Damage,00_05_00_00,D,average,20,37.45,1.0,00,05,00,00
Farmer_Structural_Damage,00_05_00_00,D,average,60,131.99,1.01,00,05,00,00
Farmer_Structural_Damage,00_05_00_00,D,average,100,199.44,1.0,00,05,00,00
Farmer_Structural_Damage,00_05_00_00,D&G,average,20,40.62,1.0,00,05,00,00
Farmer_Structural_Damage,00_05_00_00,D&G,average,60,152.41,1.01,00,05,00,00
Farmer_Structural_Damage,00_05_00_00,D&G,average,100,255.89,1.01,00,05,00,00
Farmer_Structural_Damage,00_05_00_00,D&G&Wp,average,20,43.69,1.0,00,05,00,00
Farmer_Structural_Damage,00_05_00_00,D&G&Wp,average,60,185.02,1.01,00,05,00,00
Farmer_Structural_Damage,00_05_00_00,D&G&Wp,average,100,363.74,1.01,00,05,00,00
Farmer_Structural_Damage,00_05_00_00,D&Wp,average,20,43.64,1.0,00,05,00,00
Farmer_Structural_Damage,00_05_00_00,D&Wp,average,60,191.11,1.01,00,05,00,00
Farmer_Structural_Damage,00_05_00_00,D&Wp,average,100,389.44,1.01,00,05,00,00
Farmer_Structural_Damage,00_05_00_00,G,average,20,43.79,1.0,00,05,00,00
Farmer_Structural_Damage,00_05_00_00,G,average,60,172.83,1.01,00,05,00,00
Farmer_Structural_Damage,00_05_00_00,G,average,100,312.33,1.01,00,05,00,00
Farmer_Structural_Damage,00_05_00_00,G&Wp,average,20,46.82,1.0,00,05,00,00
Farmer_Structural_Damage,00_05_00_00,G&Wp,average,60,211.53,1.01,00,05,00,00
Farmer_Structural_Damage,00_05_00_00,G&Wp,average,100,445.89,1.01,00,05,00,00
Farmer_Structural_Damage,00_05_00_00,Wp,average,20,49.85,1.01,00,05,00,00
Farmer_Structural_Damage,00_05_00_00,Wp,average,60,250.23,1.01,00,05,00,00
Farmer_Structural_Damage,00_05_00_00,Wp,average,100,579.44,1.01,00,05,00,00
Farmer_Structural_Damage,00_06_00_00,D,average,20,37.45,1.0,00,06,00,00
Farmer_Structural_Damage,00_06_00_00,D,average,60,131.94,1.01,00,06,00,00
Farmer_Structural_Damage,00_06_00_00,D,average,100,199.4,1.0,00,06,00,00
Farmer_Structural_Damage,00_06_00_00,D&G,average,20,40.62,1.0,00,06,00,00
Farmer_Structural_Damage,00_06_00_00,D&G,average,60,152.31,1.01,00,06,00,00
Farmer_Structural_Damage,00_06_00_00,D&G,average,100,255.8,1.01,00,06,00,00
Farmer_Structural_Damage,00_06_00_00,D&G&Wp,average,20,43.68,1.0,00,06,00,00
Farmer_Structural_Damage,00_06_00_00,D&G&Wp,average,60,184.88,1.01,00,06,00,00
Farmer_Structural_Damage,00_06_00_00,D&G&Wp,average,100,362.87,1.01,00,06,00,00
Farmer_Structural_Damage,00_06_00_00,D&Wp,average,20,43.63,1.0,00,06,00,00
Farmer_Structural_Damage,00_06_00_00,D&Wp,average,60,190.98,1.01,00,06,00,00
Farmer_Structural_Damage,00_06_00_00,D&Wp,average,100,388.2,1.01,00,06,00,00
Farmer_Structural_Damage,00_06_00_00,G,average,20,43.79,1.0,00,06,00,00
Farmer_Structural_Damage,00_06_00_00,G,average,60,172.68,1.01,00,06,00,00
Farmer_Structural_Damage,00_06_00_00,G,average,100,312.21,1.01,00,06,00,00
Farmer_Structural_Damage,00_06_00_00,G&Wp,average,20,46.8,1.0,00,06,00,00
Farmer_Structural_Damage,00_06_00_00,G&Wp,average,60,211.34,1.01,00,06,00,00
Farmer_Structural_Damage,00_06_00_00,G&Wp,average,100,444.6,1.01,00,06,00,00
Farmer_Structural_Damage,00_06_00_00,Wp,average,20,49.81,1.0,00,06,00,00
Farmer_Structural_Damage,00_06_00_00,Wp,average,60,250.01,1.01,00,06,00,00
Farmer_Structural_Damage,00_06_00_00,Wp,average,100,577.0,1.01,00,06,00,00
Farmer_Structural_Damage,00_07_00_00,D,average,20,37.6,1.01,00,07,00,00
Farmer_Structural_Damage,00_07_00_00,D,average,60,132.23,1.01,00,07,00,00
Farmer_Structural_Damage,00_07_00_00,D,average,100,199.67,1.01,00,07,00,00
Farmer_Structural_Damage,00_07_00_00,D&G,average,20,40.82,1.01,00,07,00,00
Farmer_Structural_Damage,00_07_00_00,D&G,average,60,152.62,1.01,00,07,00,00
Farmer_Structural_Damage,00_07_00_00,D&G,average,100,256.06,1.01,00,07,00,00
Farmer_Structural_Damage,00_07_00_00,D&G&Wp,average,20,43.97,1.01,00,07,00,00
Farmer_Structural_Damage,00_07_00_00,D&G&Wp,average,60,185.3,1.01,00,07,00,00
Farmer_Structural_Damage,00_07_00_00,D&G&Wp,average,100,363.4,1.01,00,07,00,00
Farmer_Structural_Damage,00_07_00_00,D&Wp,average,20,43.94,1.01,00,07,00,00
Farmer_Structural_Damage,00_07_00_00,D&Wp,average,60,191.44,1.01,00,07,00,00
Farmer_Structural_Damage,00_07_00_00,D&Wp,average,100,388.88,1.01,00,07,00,00
Farmer_Structural_Damage,00_07_00_00,G,average,20,44.04,1.01,00,07,00,00
Farmer_Structural_Damage,00_07_00_00,G,average,60,173.02,1.01,00,07,00,00
Farmer_Structural_Damage,00_07_00_00,G,average,100,312.45,1.01,00,07,00,00
Farmer_Structural_Damage,00_07_00_00,G&Wp,average,20,47.16,1.01,00,07,00,00
Farmer_Structural_Damage,00_07_00_00,G&Wp,average,60,211.84,1.01,00,07,00,00
Farmer_Structural_Damage,00_07_00_00,G&Wp,average,100,445.27,1.01,00,07,00,00
Farmer_Structural_Damage,00_07_00_00,Wp,average,20,50.28,1.01,00,07,00,00
Farmer_Structural_Damage,00_07_00_00,Wp,average,60,250.65,1.01,00,07,00,00
Farmer_Structural_Damage,00_07_00_00,Wp,average,100,578.09,1.01,00,07,00,00
Farmer_Structural_Damage,00_08_00_00,D,average,20,37.6,1.01,00,08,00,00
Farmer_Structural_Damage,00_08_00_00,D,average,60,132.59,1.01,00,08,00,00
Farmer_Structural_Damage,00_08_00_00,D,average,100,200.28,1.01,00,08,00,00
Farmer_Structural_Damage,00_08_00_00,D&G,average,20,40.82,1.01,00,08,00,00
Farmer_Structural_Damage,00_08_00_00,D&G,average,60,153.24,1.01,00,08,00,00
Farmer_Structural_Damage,00_08_00_00,D&G,average,100,257.32,1.01,00,08,00,00
Farmer_Structural_Damage,00_08_00_00,D&G&Wp,average,20,44.01,1.01,00,08,00,00
Farmer_Structural_Damage,00_08_00_00,D&G&Wp,average,60,187.31,1.02,00,08,00,00
Farmer_Structural_Damage,00_08_00_00,D&G&Wp,average,100,369.13,1.03,00,08,00,00
Farmer_Structural_Damage,00_08_00_00,D&Wp,average,20,44.0,1.01,00,08,00,00
Farmer_Structural_Damage,00_08_00_00,D&Wp,average,60,194.02,1.02,00,08,00,00
Farmer_Structural_Damage,00_08_00_00,D&Wp,average,100,396.51,1.03,00,08,00,00
Farmer_Structural_Damage,00_08_00_00,G,average,20,44.04,1.01,00,08,00,00
Farmer_Structural_Damage,00_08_00_00,G,average,60,173.88,1.01,00,08,00,00
Farmer_Structural_Damage,00_08_00_00,G,average,100,314.36,1.01,00,08,00,00
Farmer_Structural_Damage,00_08_00_00,G&Wp,average,20,47.22,1.01,00,08,00,00
Farmer_Structural_Damage,00_08_00_00,G&Wp,average,60,214.67,1.02,00,08,00,00
Farmer_Structural_Damage,00_08_00_00,G&Wp,average,100,453.55,1.03,00,08,00,00
Farmer_Structural_Damage,00_08_00_00,Wp,average,20,50.4,1.02,00,08,00,00
Farmer_Structural_Damage,00_08_00_00,Wp,average,60,255.45,1.03,00,08,00,00
Farmer_Structural_Damage,00_08_00_00,Wp,average,100,592.74,1.04,00,08,00,00
Farmer_Structural_Damage,00_09_00_00,D,average,20,37.5,1.0,00,09,00,00
Farmer_Structural_Damage,00_09_00_00,D,average,60,132.29,1.01,00,09,00,00
Farmer_Structural_Damage,00_09_00_00,D,average,100,201.19,1.01,00,09,00,00
Farmer_Structural_Damage,00_09_00_00,D&G,average,20,40.77,1.01,00,09,00,00
Farmer_Structural_Damage,00_09_00_00,D&G,average,60,153.29,1.01,00,09,00,00
Farmer_Structural_Damage,00_09_00_00,D&G,average,100,259.45,1.02,00,09,00,00
Farmer_Structural_Damage,00_09_00_00,D&G&Wp,average,20,43.69,1.0,00,09,00,00
Farmer_Structural_Damage,00_09_00_00,D&G&Wp,average,60,185.78,1.01,00,09,00,00
Farmer_Structural_Damage,00_09_00_00,D&G&Wp,average,100,368.75,1.02,00,09,00,00
Farmer_Structural_Damage,00_09_00_00,D&Wp,average,20,43.52,1.0,00,09,00,00
Farmer_Structural_Damage,00_09_00_00,D&Wp,average,60,191.52,1.01,00,09,00,00
Farmer_Structural_Damage,00_09_00_00,D&Wp,average,100,394.27,1.02,00,09,00,00
Farmer_Structural_Damage,00_09_00_00,G,average,20,44.03,1.01,00,09,00,00
Farmer_Structural_Damage,00_09_00_00,G,average,60,174.28,1.02,00,09,00,00
Farmer_Structural_Damage,00_09_00_00,G,average,100,317.72,1.03,00,09,00,00
Farmer_Structural_Damage,00_09_00_00,G&Wp,average,20,46.78,1.0,00,09,00,00
Farmer_Structural_Damage,00_09_00_00,G&Wp,average,60,212.52,1.01,00,09,00,00
Farmer_Structural_Damage,00_09_00_00,G&Wp,average,100,452.54,1.03,00,09,00,00
Farmer_Structural_Damage,00_09_00_00,Wp,average,20,49.53,1.0,00,09,00,00
Farmer_Structural_Damage,00_09_00_00,Wp,average,60,250.75,1.01,00,09,00,00
Farmer_Structural_Damage,00_09_00_00,Wp,average,100,587.36,1.03,00,09,00,00
Farmer_Structural_Damage,01_00_00_00,D,average,20,37.16,0.99,01,00,00,00
Farmer_Structural_Damage,01_00_00_00,D,average,60,128.61,0.98,01,00,00,00
Farmer_Structural_Damage,01_00_00_00,D,average,100,189.45,0.95,01,00,00,00
Farmer_Structural_Damage,01_00_00_00,D&G,average,20,40.17,0.99,01,00,00,00
Farmer_Structural_Damage,01_00_00_00,D&G,average,60,146.6,0.97,01,00,00,00
Farmer_Structural_Damage,01_00_00_00,D&G,average,100,223.94,0.88,01,00,00,00
Farmer_Structural_Damage,01_00_00_00,D&G&Wp,average,20,43.23,0.99,01,00,00,00
Farmer_Structural_Damage,01_00_00_00,D&G&Wp,average,60,169.85,0.93,01,00,00,00
Farmer_Structural_Damage,01_00_00_00,D&G&Wp,average,100,246.76,0.69,01,00,00,00
Farmer_Structural_Damage,01_00_00_00,D&Wp,average,20,43.26,1.0,01,00,00,00
Farmer_Structural_Damage,01_00_00_00,D&Wp,average,60,172.48,0.91,01,00,00,00
Farmer_Structural_Damage,01_00_00_00,D&Wp,average,100,240.92,0.63,01,00,00,00
Farmer_Structural_Damage,01_00_00_00,G,average,20,43.18,0.99,01,00,00,00
Farmer_Structural_Damage,01_00_00_00,G,average,60,164.58,0.96,01,00,00,00
Farmer_Structural_Damage,01_00_00_00,G,average,100,258.43,0.83,01,00,00,00
Farmer_Structural_Damage,01_00_00_00,G&Wp,average,20,46.27,0.99,01,00,00,00
Farmer_Structural_Damage,01_00_00_00,G&Wp,average,60,190.47,0.91,01,00,00,00
Farmer_Structural_Damage,01_00_00_00,G&Wp,average,100,275.41,0.62,01,00,00,00
Farmer_Structural_Damage,01_00_00_00,Wp,average,20,49.36,1.0,01,00,00,00
Farmer_Structural_Damage,01_00_00_00,Wp,average,60,216.35,0.87,01,00,00,00
Farmer_Structural_Damage,01_00_00_00,Wp,average,100,292.39,0.51,01,00,00,00
Farmer_Structural_Damage,01_01_00_00,D,average,20,37.61,1.01,01,01,00,00
Farmer_Structural_Damage,01_01_00_00,D,average,60,132.3,1.01,01,01,00,00
Farmer_Structural_Damage,01_01_00_00,D,average,100,195.33,0.98,01,01,00,00
Farmer_Structural_Damage,01_01_00_00,D&G,average,20,40.82,1.01,01,01,00,00
Farmer_Structural_Damage,01_01_00_00,D&G,average,60,151.12,1.0,01,01,00,00
Farmer_Structural_Damage,01_01_00_00,D&G,average,100,230.43,0.91,01,01,00,00
Farmer_Structural_Damage,01_01_00_00,D&G&Wp,average,20,43.96,1.01,01,01,00,00
Farmer_Structural_Damage,01_01_00_00,D&G&Wp,average,60,173.71,0.95,01,01,00,00
Farmer_Structural_Damage,01_01_00_00,D&G&Wp,average,100,245.6,0.68,01,01,00,00
Farmer_Structural_Damage,01_01_00_00,D&Wp,average,20,43.92,1.01,01,01,00,00
Farmer_Structural_Damage,01_01_00_00,D&Wp,average,60,175.6,0.93,01,01,00,00
Farmer_Structural_Damage,01_01_00_00,D&Wp,average,100,235.64,0.61,01,01,00,00
Farmer_Structural_Damage,01_01_00_00,G,average,20,44.03,1.01,01,01,00,00
Farmer_Structural_Damage,01_01_00_00,G,average,60,169.93,0.99,01,01,00,00
Farmer_Structural_Damage,01_01_00_00,G,average,100,265.52,0.86,01,01,00,00
Farmer_Structural_Damage,01_01_00_00,G&Wp,average,20,47.13,1.01,01,01,00,00
Farmer_Structural_Damage,01_01_00_00,G&Wp,average,60,194.41,0.93,01,01,00,00
Farmer_Structural_Damage,01_01_00_00,G&Wp,average,100,270.74,0.61,01,01,00,00
Farmer_Structural_Damage,01_01_00_00,Wp,average,20,50.23,1.01,01,01,00,00
Farmer_Structural_Damage,01_01_00_00,Wp,average,60,218.9,0.88,01,01,00,00
Farmer_Structural_Damage,01_01_00_00,Wp,average,100,275.96,0.48,01,01,00,00
Farmer_Structural_Damage,01_03_00_00,D,average,20,37.22,1.0,01,03,00,00
Farmer_Structural_Damage,01_03_00_00,D,average,60,131.87,1.0,01,03,00,00
Farmer_Structural_Damage,01_03_00_00,D,average,100,194.9,0.98,01,03,00,00
Farmer_Structural_Damage,01_03_00_00,D&G,average,20,40.3,1.0,01,03,00,00
Farmer_Structural_Damage,01_03_00_00,D&G,average,60,150.57,0.99,01,03,00,00
Farmer_Structural_Damage,01_03_00_00,D&G,average,100,229.87,0.9,01,03,00,00
Farmer_Structural_Damage,01_03_00_00,D&G&Wp,average,20,43.3,0.99,01,03,00,00
Farmer_Structural_Damage,01_03_00_00,D&G&Wp,average,60,173.04,0.94,01,03,00,00
Farmer_Structural_Damage,01_03_00_00,D&G&Wp,average,100,244.93,0.68,01,03,00,00
Farmer_Structural_Damage,01_03_00_00,D&Wp,average,20,43.26,1.0,01,03,00,00
Farmer_Structural_Damage,01_03_00_00,D&Wp,average,60,174.93,0.92,01,03,00,00
Farmer_Structural_Damage,01_03_00_00,D&Wp,average,100,234.97,0.61,01,03,00,00
Farmer_Structural_Damage,01_03_00_00,G,average,20,43.38,0.99,01,03,00,00
Farmer_Structural_Damage,01_03_00_00,G,average,60,169.26,0.99,01,03,00,00
Farmer_Structural_Damage,01_03_00_00,G,average,100,264.84,0.86,01,03,00,00
Farmer_Structural_Damage,01_03_00_00,G&Wp,average,20,46.34,0.99,01,03,00,00
Farmer_Structural_Damage,01_03_00_00,G&Wp,average,60,193.63,0.92,01,03,00,00
Farmer_Structural_Damage,01_03_00_00,G&Wp,average,100,269.95,0.61,01,03,00,00
Farmer_Structural_Damage,01_03_00_00,Wp,average,20,49.31,0.99,01,03,00,00
Farmer_Structural_Damage,01_03_00_00,Wp,average,60,218.0,0.88,01,03,00,00
Farmer_Structural_Damage,01_03_00_00,Wp,average,100,275.05,0.48,01,03,00,00
Farmer_Structural_Damage,01_05_00_00,D,average,20,37.26,1.0,01,05,00,00
Farmer_Structural_Damage,01_05_00_00,D,average,60,129.34,0.99,01,05,00,00
Farmer_Structural_Damage,01_05_00_00,D,average,100,190.38,0.96,01,05,00,00
Farmer_Structural_Damage,01_05_00_00,D&G,average,20,40.29,0.99,01,05,00,00
Farmer_Structural_Damage,01_05_00_00,D&G,average,60,147.66,0.98,01,05,00,00
Farmer_Structural_Damage,01_05_00_00,D&G,average,100,225.48,0.89,01,05,00,00
Farmer_Structural_Damage,01_05_00_00,D&G&Wp,average,20,43.31,0.99,01,05,00,00
Farmer_Structural_Damage,01_05_00_00,D&G&Wp,average,60,169.74,0.92,01,05,00,00
Farmer_Structural_Damage,01_05_00_00,D&G&Wp,average,100,246.96,0.69,01,05,00,00
Farmer_Structural_Damage,01_05_00_00,D&Wp,average,20,43.3,1.0,01,05,00,00
Farmer_Structural_Damage,01_05_00_00,D&Wp,average,60,171.61,0.9,01,05,00,00
Farmer_Structural_Damage,01_05_00_00,D&Wp,average,100,240.15,0.62,01,05,00,00
Farmer_Structural_Damage,01_05_00_00,G,average,20,43.32,0.99,01,05,00,00
Farmer_Structural_Damage,01_05_00_00,G,average,60,165.98,0.97,01,05,00,00
Farmer_Structural_Damage,01_05_00_00,G,average,100,260.57,0.84,01,05,00,00
Farmer_Structural_Damage,01_05_00_00,G&Wp,average,20,46.33,0.99,01,05,00,00
Farmer_Structural_Damage,01_05_00_00,G&Wp,average,60,189.93,0.91,01,05,00,00
Farmer_Structural_Damage,01_05_00_00,G&Wp,average,100,275.24,0.62,01,05,00,00
Farmer_Structural_Damage,01_05_00_00,Wp,average,20,49.34,1.0,01,05,00,00
Farmer_Structural_Damage,01_05_00_00,Wp,average,60,213.88,0.86,01,05,00,00
Farmer_Structural_Damage,01_05_00_00,Wp,average,100,289.92,0.51,01,05,00,00
Farmer_Structural_Damage,01_06_00_00,D,average,20,37.26,1.0,01,06,00,00
Farmer_Structural_Damage,01_06_00_00,D,average,60,129.28,0.98,01,06,00,00
Farmer_Structural_Damage,01_06_00_00,D,average,100,190.32,0.96,01,06,00,00
Farmer_Structural_Damage,01_06_00_00,D&G,average,20,40.29,0.99,01,06,00,00
Farmer_Structural_Damage,01_06_00_00,D&G,average,60,147.34,0.97,01,06,00,00
Farmer_Structural_Damage,01_06_00_00,D&G,average,100,225.18,0.89,01,06,00,00
Farmer_Structural_Damage,01_06_00_00,D&G&Wp,average,20,43.29,0.99,01,06,00,00
Farmer_Structural_Damage,01_06_00_00,D&G&Wp,average,60,169.41,0.92,01,06,00,00
Farmer_Structural_Damage,01_06_00_00,D&G&Wp,average,100,246.62,0.68,01,06,00,00
Farmer_Structural_Damage,01_06_00_00,D&Wp,average,20,43.28,1.0,01,06,00,00
Farmer_Structural_Damage,01_06_00_00,D&Wp,average,60,171.4,0.9,01,06,00,00
Farmer_Structural_Damage,01_06_00_00,D&Wp,average,100,239.91,0.62,01,06,00,00
Farmer_Structural_Damage,01_06_00_00,G,average,20,43.32,0.99,01,06,00,00
Farmer_Structural_Damage,01_06_00_00,G,average,60,165.41,0.96,01,06,00,00
Farmer_Structural_Damage,01_06_00_00,G,average,100,260.04,0.84,01,06,00,00
Farmer_Structural_Damage,01_06_00_00,G&Wp,average,20,46.31,0.99,01,06,00,00
Farmer_Structural_Damage,01_06_00_00,G&Wp,average,60,189.47,0.9,01,06,00,00
Farmer_Structural_Damage,01_06_00_00,G&Wp,average,100,274.77,0.62,01,06,00,00
Farmer_Structural_Damage,01_06_00_00,Wp,average,20,49.3,0.99,01,06,00,00
Farmer_Structural_Damage,01_06_00_00,Wp,average,60,213.53,0.86,01,06,00,00
Farmer_Structural_Damage,01_06_00_00,Wp,average,100,289.51,0.51,01,06,00,00
Farmer_Structural_Damage,01_07_00_00,D,average,20,37.41,1.0,01,07,00,00
Farmer_Structural_Damage,01_07_00_00,D,average,60,129.58,0.99,01,07,00,00
Farmer_Structural_Damage,01_07_00_00,D,average,100,190.61,0.96,01,07,00,00
Farmer_Structural_Damage,01_07_00_00,D&G,average,20,40.5,1.0,01,07,00,00
Farmer_Structural_Damage,01_07_00_00,D&G,average,60,147.89,0.98,01,07,00,00
Farmer_Structural_Damage,01_07_00_00,D&G,average,100,225.67,0.89,01,07,00,00
Farmer_Structural_Damage,01_07_00_00,D&G&Wp,average,20,43.6,1.0,01,07,00,00
Farmer_Structural_Damage,01_07_00_00,D&G&Wp,average,60,170.02,0.93,01,07,00,00
Farmer_Structural_Damage,01_07_00_00,D&G&Wp,average,100,247.19,0.69,01,07,00,00
Farmer_Structural_Damage,01_07_00_00,D&Wp,average,20,43.6,1.0,01,07,00,00
Farmer_Structural_Damage,01_07_00_00,D&Wp,average,60,171.94,0.91,01,07,00,00
Farmer_Structural_Damage,01_07_00_00,D&Wp,average,100,240.42,0.62,01,07,00,00
Farmer_Structural_Damage,01_07_00_00,G,average,20,43.59,1.0,01,07,00,00
Farmer_Structural_Damage,01_07_00_00,G,average,60,166.2,0.97,01,07,00,00
Farmer_Structural_Damage,01_07_00_00,G,average,100,260.74,0.84,01,07,00,00
Farmer_Structural_Damage,01_07_00_00,G&Wp,average,20,46.7,1.0,01,07,00,00
Farmer_Structural_Damage,01_07_00_00,G&Wp,average,60,190.25,0.91,01,07,00,00
Farmer_Structural_Damage,01_07_00_00,G&Wp,average,100,275.48,0.62,01,07,00,00
Farmer_Structural_Damage,01_07_00_00,Wp,average,20,49.8,1.0,01,07,00,00
Farmer_Structural_Damage,01_07_00_00,Wp,average,60,214.3,0.86,01,07,00,00
Farmer_Structural_Damage,01_07_00_00,Wp,average,100,290.23,0.51,01,07,00,00
Farmer_Structural_Damage,01_08_00_00,D,average,20,37.41,1.0,01,08,00,00
Farmer_Structural_Damage,01_08_00_00,D,average,60,129.94,0.99,01,08,00,00
Farmer_Structural_Damage,01_08_00_00,D,average,100,191.19,0.96,01,08,00,00
Farmer_Structural_Damage,01_08_00_00,D&G,average,20,40.5,1.0,01,08,00,00
Farmer_Structural_Damage,01_08_00_00,D&G,average,60,148.44,0.98,01,08,00,00
Farmer_Structural_Damage,01_08_00_00,D&G,average,100,225.81,0.89,01,08,00,00
Farmer_Structural_Damage,01_08_00_00,D&G&Wp,average,20,43.64,1.0,01,08,00,00
Farmer_Structural_Damage,01_08_00_00,D&G&Wp,average,60,169.73,0.92,01,08,00,00
Farmer_Structural_Damage,01_08_00_00,D&G&Wp,average,100,240.34,0.67,01,08,00,00
Farmer_Structural_Damage,01_08_00_00,D&Wp,average,20,43.66,1.0,01,08,00,00
Farmer_Structural_Damage,01_08_00_00,D&Wp,average,60,171.13,0.9,01,08,00,00
Farmer_Structural_Damage,01_08_00_00,D&Wp,average,100,230.3,0.6,01,08,00,00
Farmer_Structural_Damage,01_08_00_00,G,average,20,43.59,1.0,01,08,00,00
Farmer_Structural_Damage,01_08_00_00,G,average,60,166.94,0.97,01,08,00,00
Farmer_Structural_Damage,01_08_00_00,G,average,100,260.44,0.84,01,08,00,00
Farmer_Structural_Damage,01_08_00_00,G&Wp,average,20,46.75,1.0,01,08,00,00
Farmer_Structural_Damage,01_08_00_00,G&Wp,average,60,189.63,0.9,01,08,00,00
Farmer_Structural_Damage,01_08_00_00,G&Wp,average,100,264.92,0.6,01,08,00,00
Farmer_Structural_Damage,01_08_00_00,Wp,average,20,49.92,1.01,01,08,00,00
Farmer_Structural_Damage,01_08_00_00,Wp,average,60,212.32,0.86,01,08,00,00
Farmer_Structural_Damage,01_08_00_00,Wp,average,100,269.41,0.47,01,08,00,00
Farmer_Structural_Damage,01_09_00_00,D,average,20,37.31,1.0,01,09,00,00
Farmer_Structural_Damage,01_09_00_00,D,average,60,129.66,0.99,01,09,00,00
Farmer_Structural_Damage,01_09_00_00,D,average,100,191.68,0.97,01,09,00,00
Farmer_Structural_Damage,01_09_00_00,D&G,average,20,40.43,1.0,01,09,00,00
Farmer_Structural_Damage,01_09_00_00,D&G,average,60,148.55,0.98,01,09,00,00
Farmer_Structural_Damage,01_09_00_00,D&G,average,100,226.99,0.89,01,09,00,00
Farmer_Structural_Damage,01_09_00_00,D&G&Wp,average,20,43.29,0.99,01,09,00,00
Farmer_Structural_Damage,01_09_00_00,D&G&Wp,average,60,170.49,0.93,01,09,00,00
Farmer_Structural_Damage,01_09_00_00,D&G&Wp,average,100,241.83,0.67,01,09,00,00
Farmer_Structural_Damage,01_09_00_00,D&Wp,average,20,43.16,0.99,01,09,00,00
Farmer_Structural_Damage,01_09_00_00,D&Wp,average,60,172.01,0.91,01,09,00,00
Farmer_Structural_Damage,01_09_00_00,D&Wp,average,100,231.6,0.6,01,09,00,00
Farmer_Structural_Damage,01_09_00_00,G,average,20,43.55,1.0,01,09,00,00
Farmer_Structural_Damage,01_09_00_00,G,average,60,167.44,0.98,01,09,00,00
Farmer_Structural_Damage,01_09_00_00,G,average,100,262.3,0.85,01,09,00,00
Farmer_Structural_Damage,01_09_00_00,G&Wp,average,20,46.28,0.99,01,09,00,00
Farmer_Structural_Damage,01_09_00_00,G&Wp,average,60,190.9,0.91,01,09,00,00
Farmer_Structural_Damage,01_09_00_00,G&Wp,average,100,266.91,0.61,01,09,00,00
Farmer_Structural_Damage,01_09_00_00,Wp,average,20,49.01,0.99,01,09,00,00
Farmer_Structural_Damage,01_09_00_00,Wp,average,60,214.36,0.86,01,09,00,00
Farmer_Structural_Damage,01_09_00_00,Wp,average,100,271.52,0.47,01,09,00,00
Farmer_Structural_Damage,03_00_00_00,D,average,20,36.7,0.98,03,00,00,00
Farmer_Structural_Damage,03_00_00_00,D,average,60,124.77,0.95,03,00,00,00
Farmer_Structural_Damage,03_00_00_00,D,average,100,183.5,0.92,03,00,00,00
Farmer_Structural_Damage,03_00_00_00,D&G,average,20,39.45,0.97,03,00,00,00
Farmer_Structural_Damage,03_00_00_00,D&G,average,60,143.29,0.95,03,00,00,00
Farmer_Structural_Damage,03_00_00_00,D&G,average,100,218.53,0.86,03,00,00,00
Farmer_Structural_Damage,03_00_00_00,D&G&Wp,average,20,42.62,0.98,03,00,00,00
Farmer_Structural_Damage,03_00_00_00,D&G&Wp,average,60,166.25,0.91,03,00,00,00
Farmer_Structural_Damage,03_00_00_00,D&G&Wp,average,100,247.26,0.69,03,00,00,00
Farmer_Structural_Damage,03_00_00_00,D&Wp,average,20,42.83,0.99,03,00,00,00
Farmer_Structural_Damage,03_00_00_00,D&Wp,average,60,168.47,0.89,03,00,00,00
Farmer_Structural_Damage,03_00_00_00,D&Wp,average,100,244.11,0.63,03,00,00,00
Farmer_Structural_Damage,03_00_00_00,G,average,20,42.2,0.97,03,00,00,00
Farmer_Structural_Damage,03_00_00_00,G,average,60,161.82,0.94,03,00,00,00
Farmer_Structural_Damage,03_00_00_00,G,average,100,253.57,0.82,03,00,00,00
Farmer_Structural_Damage,03_00_00_00,G&Wp,average,20,45.57,0.98,03,00,00,00
Farmer_Structural_Damage,03_00_00_00,G&Wp,average,60,186.99,0.89,03,00,00,00
Farmer_Structural_Damage,03_00_00_00,G&Wp,average,100,279.14,0.63,03,00,00,00
Farmer_Structural_Damage,03_00_00_00,Wp,average,20,48.95,0.99,03,00,00,00
Farmer_Structural_Damage,03_00_00_00,Wp,average,60,212.17,0.86,03,00,00,00
Farmer_Structural_Damage,03_00_00_00,Wp,average,100,304.72,0.53,03,00,00,00
Farmer_Structural_Damage,03_01_00_00,D,average,20,36.9,0.99,03,01,00,00
Farmer_Structural_Damage,03_01_00_00,D,average,60,128.31,0.98,03,01,00,00
Farmer_Structural_Damage,03_01_00_00,D,average,100,189.66,0.96,03,01,00,00
Farmer_Structural_Damage,03_01_00_00,D&G,average,20,40.02,0.99,03,01,00,00
Farmer_Structural_Damage,03_01_00_00,D&G,average,60,147.37,0.97,03,01,00,00
Farmer_Structural_Damage,03_01_00_00,D&G,average,100,224.85,0.88,03,01,00,00
Farmer_Structural_Damage,03_01_00_00,D&G&Wp,average,20,43.12,0.99,03,01,00,00
Farmer_Structural_Damage,03_01_00_00,D&G&Wp,average,60,169.72,0.92,03,01,00,00
Farmer_Structural_Damage,03_01_00_00,D&G&Wp,average,100,247.28,0.69,03,01,00,00
Farmer_Structural_Damage,03_01_00_00,D&Wp,average,20,43.11,0.99,03,01,00,00
Farmer_Structural_Damage,03_01_00_00,D&Wp,average,60,171.36,0.9,03,01,00,00
Farmer_Structural_Damage,03_01_00_00,D&Wp,average,100,240.91,0.63,03,01,00,00
Farmer_Structural_Damage,03_01_00_00,G,average,20,43.14,0.99,03,01,00,00
Farmer_Structural_Damage,03_01_00_00,G,average,60,166.43,0.97,03,01,00,00
Farmer_Structural_Damage,03_01_00_00,G,average,100,260.03,0.84,03,01,00,00
Farmer_Structural_Damage,03_01_00_00,G&Wp,average,20,46.23,0.99,03,01,00,00
Farmer_Structural_Damage,03_01_00_00,G&Wp,average,60,190.42,0.91,03,01,00,00
Farmer_Structural_Damage,03_01_00_00,G&Wp,average,100,276.09,0.63,03,01,00,00
Farmer_Structural_Damage,03_01_00_00,Wp,average,20,49.32,0.99,03,01,00,00
Farmer_Structural_Damage,03_01_00_00,Wp,average,60,214.42,0.86,03,01,00,00
Farmer_Structural_Damage,03_01_00_00,Wp,average,100,292.15,0.51,03,01,00,00
Farmer_Structural_Damage,03_03_00_00,D,average,20,36.78,0.98,03,03,00,00
Farmer_Structural_Damage,03_03_00_00,D,average,60,128.13,0.98,03,03,00,00
Farmer_Structural_Damage,03_03_00_00,D,average,100,189.45,0.95,03,03,00,00
Farmer_Structural_Damage,03_03_00_00,D&G,average,20,39.59,0.98,03,03,00,00
Farmer_Structural_Damage,03_03_00_00,D&G,average,60,147.31,0.97,03,03,00,00
Farmer_Structural_Damage,03_03_00_00,D&G,average,100,224.77,0.88,03,03,00,00
Farmer_Structural_Damage,03_03_00_00,D&G&Wp,average,20,42.49,0.98,03,03,00,00
Farmer_Structural_Damage,03_03_00_00,D&G&Wp,average,60,169.33,0.92,03,03,00,00
Farmer_Structural_Damage,03_03_00_00,D&G&Wp,average,100,246.88,0.69,03,03,00,00
Farmer_Structural_Damage,03_03_00_00,D&Wp,average,20,42.53,0.98,03,03,00,00
Farmer_Structural_Damage,03_03_00_00,D&Wp,average,60,170.76,0.9,03,03,00,00
Farmer_Structural_Damage,03_03_00_00,D&Wp,average,100,240.27,0.62,03,03,00,00
Farmer_Structural_Damage,03_03_00_00,G,average,20,42.4,0.97,03,03,00,00
Farmer_Structural_Damage,03_03_00_00,G,average,60,166.48,0.97,03,03,00,00
Farmer_Structural_Damage,03_03_00_00,G,average,100,260.09,0.84,03,03,00,00
Farmer_Structural_Damage,03_03_00_00,G&Wp,average,20,45.34,0.97,03,03,00,00
Farmer_Structural_Damage,03_03_00_00,G&Wp,average,60,189.94,0.91,03,03,00,00
Farmer_Structural_Damage,03_03_00_00,G&Wp,average,100,275.59,0.63,03,03,00,00
Farmer_Structural_Damage,03_03_00_00,Wp,average,20,48.29,0.97,03,03,00,00
Farmer_Structural_Damage,03_03_00_00,Wp,average,60,213.39,0.86,03,03,00,00
Farmer_Structural_Damage,03_03_00_00,Wp,average,100,291.09,0.51,03,03,00,00
Farmer_Structural_Damage,03_05_00_00,D,average,20,36.8,0.99,03,05,00,00
Farmer_Structural_Damage,03_05_00_00,D,average,60,125.39,0.96,03,05,00,00
Farmer_Structural_Damage,03_05_00_00,D,average,100,184.31,0.93,03,05,00,00
Farmer_Structural_Damage,03_05_00_00,D&G,average,20,39.57,0.98,03,05,00,00
Farmer_Structural_Damage,03_05_00_00,D&G,average,60,144.25,0.95,03,05,00,00
Farmer_Structural_Damage,03_05_00_00,D&G,average,100,219.93,0.87,03,05,00,00
Farmer_Structural_Damage,03_05_00_00,D&G&Wp,average,20,42.48,0.98,03,05,00,00
Farmer_Structural_Damage,03_05_00_00,D&G&Wp,average,60,167.04,0.91,03,05,00,00
Farmer_Structural_Damage,03_05_00_00,D&G&Wp,average,100,248.78,0.69,03,05,00,00
Farmer_Structural_Damage,03_05_00_00,D&Wp,average,20,42.54,0.98,03,05,00,00
Farmer_Structural_Damage,03_05_00_00,D&Wp,average,60,169.01,0.89,03,05,00,00
Farmer_Structural_Damage,03_05_00_00,D&Wp,average,100,245.39,0.64,03,05,00,00
Farmer_Structural_Damage,03_05_00_00,G,average,20,42.34,0.97,03,05,00,00
Farmer_Structural_Damage,03_05_00_00,G,average,60,163.11,0.95,03,05,00,00
Farmer_Structural_Damage,03_05_00_00,G,average,100,255.55,0.83,03,05,00,00
Farmer_Structural_Damage,03_05_00_00,G&Wp,average,20,45.31,0.97,03,05,00,00
Farmer_Structural_Damage,03_05_00_00,G&Wp,average,60,187.87,0.9,03,05,00,00
Farmer_Structural_Damage,03_05_00_00,G&Wp,average,100,281.01,0.64,03,05,00,00
Farmer_Structural_Damage,03_05_00_00,Wp,average,20,48.29,0.97,03,05,00,00
Farmer_Structural_Damage,03_05_00_00,Wp,average,60,212.63,0.86,03,05,00,00
Farmer_Structural_Damage,03_05_00_00,Wp,average,100,306.47,0.54,03,05,00,00
Farmer_Structural_Damage,03_06_00_00,D,average,20,36.81,0.99,03,06,00,00
Farmer_Structural_Damage,03_06_00_00,D,average,60,125.39,0.96,03,06,00,00
Farmer_Structural_Damage,03_06_00_00,D,average,100,184.35,0.93,03,06,00,00
Farmer_Structural_Damage,03_06_00_00,D&G,average,20,39.57,0.98,03,06,00,00
Farmer_Structural_Damage,03_06_00_00,D&G,average,60,144.17,0.95,03,06,00,00
Farmer_Structural_Damage,03_06_00_00,D&G,average,100,219.88,0.87,03,06,00,00
Farmer_Structural_Damage,03_06_00_00,D&G&Wp,average,20,42.47,0.98,03,06,00,00
Farmer_Structural_Damage,03_06_00_00,D&G&Wp,average,60,166.91,0.91,03,06,00,00
Farmer_Structural_Damage,03_06_00_00,D&G&Wp,average,100,252.6,0.7,03,06,00,00
Farmer_Structural_Damage,03_06_00_00,D&Wp,average,20,42.54,0.98,03,06,00,00
Farmer_Structural_Damage,03_06_00_00,D&Wp,average,60,168.89,0.89,03,06,00,00
Farmer_Structural_Damage,03_06_00_00,D&Wp,average,100,251.19,0.65,03,06,00,00
Farmer_Structural_Damage,03_06_00_00,G,average,20,42.33,0.97,03,06,00,00
Farmer_Structural_Damage,03_06_00_00,G,average,60,162.94,0.95,03,06,00,00
Farmer_Structural_Damage,03_06_00_00,G,average,100,255.42,0.82,03,06,00,00
Farmer_Structural_Damage,03_06_00_00,G&Wp,average,20,45.3,0.97,03,06,00,00
Farmer_Structural_Damage,03_06_00_00,G&Wp,average,60,187.66,0.89,03,06,00,00
Farmer_Structural_Damage,03_06_00_00,G&Wp,average,100,286.73,0.65,03,06,00,00
Farmer_Structural_Damage,03_06_00_00,Wp,average,20,48.27,0.97,03,06,00,00
Farmer_Structural_Damage,03_06_00_00,Wp,average,60,212.39,0.86,03,06,00,00
Farmer_Structural_Damage,03_06_00_00,Wp,average,100,318.04,0.56,03,06,00,00
Farmer_Structural_Damage,03_07_00_00,D,average,20,36.96,0.99,03,07,00,00
Farmer_Structural_Damage,03_07_00_00,D,average,60,125.64,0.96,03,07,00,00
Farmer_Structural_Damage,03_07_00_00,D,average,100,184.56,0.93,03,07,00,00
Farmer_Structural_Damage,03_07_00_00,D&G,average,20,39.77,0.98,03,07,00,00
Farmer_Structural_Damage,03_07_00_00,D&G,average,60,144.47,0.95,03,07,00,00
Farmer_Structural_Damage,03_07_00_00,D&G,average,100,220.15,0.87,03,07,00,00
Farmer_Structural_Damage,03_07_00_00,D&G&Wp,average,20,42.75,0.98,03,07,00,00
Farmer_Structural_Damage,03_07_00_00,D&G&Wp,average,60,167.34,0.91,03,07,00,00
Farmer_Structural_Damage,03_07_00_00,D&G&Wp,average,100,248.85,0.69,03,07,00,00
Farmer_Structural_Damage,03_07_00_00,D&Wp,average,20,42.84,0.99,03,07,00,00
Farmer_Structural_Damage,03_07_00_00,D&Wp,average,60,169.35,0.89,03,07,00,00
Farmer_Structural_Damage,03_07_00_00,D&Wp,average,100,245.41,0.64,03,07,00,00
Farmer_Structural_Damage,03_07_00_00,G,average,20,42.57,0.98,03,07,00,00
Farmer_Structural_Damage,03_07_00_00,G,average,60,163.3,0.95,03,07,00,00
Farmer_Structural_Damage,03_07_00_00,G,average,100,255.73,0.83,03,07,00,00
Farmer_Structural_Damage,03_07_00_00,G&Wp,average,20,45.65,0.98,03,07,00,00
Farmer_Structural_Damage,03_07_00_00,G&Wp,average,60,188.18,0.9,03,07,00,00
Farmer_Structural_Damage,03_07_00_00,G&Wp,average,100,280.99,0.64,03,07,00,00
Farmer_Structural_Damage,03_07_00_00,Wp,average,20,48.72,0.98,03,07,00,00
Farmer_Structural_Damage,03_07_00_00,Wp,average,60,213.07,0.86,03,07,00,00
Farmer_Structural_Damage,03_07_00_00,Wp,average,100,306.26,0.54,03,07,00,00
Farmer_Structural_Damage,03_08_00_00,D,average,20,36.96,0.99,03,08,00,00
Farmer_Structural_Damage,03_08_00_00,D,average,60,125.99,0.96,03,08,00,00
Farmer_Structural_Damage,03_08_00_00,D,average,100,185.11,0.93,03,08,00,00
Farmer_Structural_Damage,03_08_00_00,D&G,average,20,39.77,0.98,03,08,00,00
Farmer_Structural_Damage,03_08_00_00,D&G,average,60,144.92,0.96,03,08,00,00
Farmer_Structural_Damage,03_08_00_00,D&G,average,100,220.18,0.87,03,08,00,00
Farmer_Structural_Damage,03_08_00_00,D&G&Wp,average,20,42.79,0.98,03,08,00,00
Farmer_Structural_Damage,03_08_00_00,D&G&Wp,average,60,168.72,0.92,03,08,00,00
Farmer_Structural_Damage,03_08_00_00,D&G&Wp,average,100,244.79,0.68,03,08,00,00
Farmer_Structural_Damage,03_08_00_00,D&Wp,average,20,42.9,0.99,03,08,00,00
Farmer_Structural_Damage,03_08_00_00,D&Wp,average,60,171.16,0.9,03,08,00,00
Farmer_Structural_Damage,03_08_00_00,D&Wp,average,100,239.56,0.62,03,08,00,00
Farmer_Structural_Damage,03_08_00_00,G,average,20,42.57,0.98,03,08,00,00
Farmer_Structural_Damage,03_08_00_00,G,average,60,163.84,0.96,03,08,00,00
Farmer_Structural_Damage,03_08_00_00,G,average,100,255.25,0.82,03,08,00,00
Farmer_Structural_Damage,03_08_00_00,G&Wp,average,20,45.71,0.98,03,08,00,00
Farmer_Structural_Damage,03_08_00_00,G&Wp,average,60,190.08,0.91,03,08,00,00
Farmer_Structural_Damage,03_08_00_00,G&Wp,average,100,274.63,0.62,03,08,00,00
Farmer_Structural_Damage,03_08_00_00,Wp,average,20,48.85,0.99,03,08,00,00
Farmer_Structural_Damage,03_08_00_00,Wp,average,60,216.33,0.87,03,08,00,00
Farmer_Structural_Damage,03_08_00_00,Wp,average,100,294.01,0.51,03,08,00,00
Farmer_Structural_Damage,03_09_00_00,D,average,20,36.88,0.99,03,09,00,00
Farmer_Structural_Damage,03_09_00_00,D,average,60,126.13,0.96,03,09,00,00
Farmer_Structural_Damage,03_09_00_00,D,average,100,186.45,0.94,03,09,00,00
Farmer_Structural_Damage,03_09_00_00,D&G,average,20,39.73,0.98,03,09,00,00
Farmer_Structural_Damage,03_09_00_00,D&G,average,60,145.43,0.96,03,09,00,00
Farmer_Structural_Damage,03_09_00_00,D&G,average,100,222.11,0.87,03,09,00,00
Farmer_Structural_Damage,03_09_00_00,D&G&Wp,average,20,42.48,0.98,03,09,00,00
Farmer_Structural_Damage,03_09_00_00,D&G&Wp,average,60,166.93,0.91,03,09,00,00
Farmer_Structural_Damage,03_09_00_00,D&G&Wp,average,100,246.82,0.69,03,09,00,00
Farmer_Structural_Damage,03_09_00_00,D&Wp,average,20,42.43,0.98,03,09,00,00
Farmer_Structural_Damage,03_09_00_00,D&Wp,average,60,168.03,0.89,03,09,00,00
Farmer_Structural_Damage,03_09_00_00,D&Wp,average,100,241.35,0.63,03,09,00,00
Farmer_Structural_Damage,03_09_00_00,G,average,20,42.58,0.98,03,09,00,00
Farmer_Structural_Damage,03_09_00_00,G,average,60,164.72,0.96,03,09,00,00
Farmer_Structural_Damage,03_09_00_00,G,average,100,257.76,0.83,03,09,00,00
Farmer_Structural_Damage,03_09_00_00,G&Wp,average,20,45.29,0.97,03,09,00,00
Farmer_Structural_Damage,03_09_00_00,G&Wp,average,60,187.32,0.89,03,09,00,00
Farmer_Structural_Damage,03_09_00_00,G&Wp,average,100,277.0,0.63,03,09,00,00
Farmer_Structural_Damage,03_09_00_00,Wp,average,20,47.99,0.97,03,09,00,00
Farmer_Structural_Damage,03_09_00_00,Wp,average,60,209.92,0.85,03,09,00,00
Farmer_Structural_Damage,03_09_00_00,Wp,average,100,296.25,0.52,03,09,00,00
Farmer_Structural_Damage,05_00_00_00,D,average,20,30.2,0.81,05,00,00,00
Farmer_Structural_Damage,05_00_00_00,D,average,60,70.98,0.54,05,00,00,00
Farmer_Structural_Damage,05_00_00_00,D,average,100,85.87,0.43,05,00,00,00
Farmer_Structural_Damage,05_00_00_00,D&G,average,20,28.9,0.71,05,00,00,00
Farmer_Structural_Damage,05_00_00_00,D&G,average,60,75.62,0.5,05,00,00,00
Farmer_Structural_Damage,05_00_00_00,D&G,average,100,92.64,0.36,05,00,00,00
Farmer_Structural_Damage,05_00_00_00,D&G&Wp,average,20,33.48,0.77,05,00,00,00
Farmer_Structural_Damage,05_00_00_00,D&G&Wp,average,60,84.73,0.46,05,00,00,00
Farmer_Structural_Damage,05_00_00_00,D&G&Wp,average,100,98.84,0.27,05,00,00,00
Farmer_Structural_Damage,05_00_00_00,D&Wp,average,20,36.43,0.84,05,00,00,00
Farmer_Structural_Damage,05_00_00_00,D&Wp,average,60,86.96,0.46,05,00,00,00
Farmer_Structural_Damage,05_00_00_00,D&Wp,average,100,98.56,0.26,05,00,00,00
Farmer_Structural_Damage,05_00_00_00,G,average,20,27.59,0.63,05,00,00,00
Farmer_Structural_Damage,05_00_00_00,G,average,60,80.26,0.47,05,00,00,00
Farmer_Structural_Damage,05_00_00_00,G,average,100,99.4,0.32,05,00,00,00
Farmer_Structural_Damage,05_00_00_00,G&Wp,average,20,35.12,0.75,05,00,00,00
Farmer_Structural_Damage,05_00_00_00,G&Wp,average,60,91.6,0.44,05,00,00,00
Farmer_Structural_Damage,05_00_00_00,G&Wp,average,100,105.32,0.24,05,00,00,00
Farmer_Structural_Damage,05_00_00_00,Wp,average,20,42.66,0.86,05,00,00,00
Farmer_Structural_Damage,05_00_00_00,Wp,average,60,102.94,0.42,05,00,00,00
Farmer_Structural_Damage,05_00_00_00,Wp,average,100,111.25,0.19,05,00,00,00
Farmer_Structural_Damage,05_01_00_00,D,average,20,24.51,0.66,05,01,00,00
Farmer_Structural_Damage,05_01_00_00,D,average,60,66.55,0.51,05,01,00,00
Farmer_Structural_Damage,05_01_00_00,D,average,100,81.82,0.41,05,01,00,00
Farmer_Structural_Damage,05_01_00_00,D&G,average,20,26.28,0.65,05,01,00,00
Farmer_Structural_Damage,05_01_00_00,D&G,average,60,73.0,0.48,05,01,00,00
Farmer_Structural_Damage,05_01_00_00,D&G,average,100,85.44,0.34,05,01,00,00
Farmer_Structural_Damage,05_01_00_00,D&G&Wp,average,20,28.4,0.65,05,01,00,00
Farmer_Structural_Damage,05_01_00_00,D&G&Wp,average,60,81.92,0.45,05,01,00,00
Farmer_Structural_Damage,05_01_00_00,D&G&Wp,average,100,93.04,0.26,05,01,00,00
Farmer_Structural_Damage,05_01_00_00,D&Wp,average,20,28.57,0.66,05,01,00,00
Farmer_Structural_Damage,05_01_00_00,D&Wp,average,60,83.15,0.44,05,01,00,00
Farmer_Structural_Damage,05_01_00_00,D&Wp,average,100,95.03,0.25,05,01,00,00
Farmer_Structural_Damage,05_01_00_00,G,average,20,28.05,0.64,05,01,00,00
Farmer_Structural_Damage,05_01_00_00,G,average,60,79.45,0.46,05,01,00,00
Farmer_Structural_Damage,05_01_00_00,G,average,100,89.06,0.29,05,01,00,00
Farmer_Structural_Damage,05_01_00_00,G&Wp,average,20,30.34,0.65,05,01,00,00
Farmer_Structural_Damage,05_01_00_00,G&Wp,average,60,89.6,0.43,05,01,00,00
Farmer_Structural_Damage,05_01_00_00,G&Wp,average,100,98.65,0.22,05,01,00,00
Farmer_Structural_Damage,05_01_00_00,Wp,average,20,32.63,0.66,05,01,00,00
Farmer_Structural_Damage,05_01_00_00,Wp,average,60,99.75,0.4,05,01,00,00
Farmer_Structural_Damage,05_01_00_00,Wp,average,100,108.24,0.19,05,01,00,00
Farmer_Structural_Damage,05_03_00_00,D,average,20,30.24,0.81,05,03,00,00
Farmer_Structural_Damage,05_03_00_00,D,average,60,72.27,0.55,05,03,00,00
Farmer_Structural_Damage,05_03_00_00,D,average,100,87.55,0.44,05,03,00,00
Farmer_Structural_Damage,05_03_00_00,D&G,average,20,28.99,0.72,05,03,00,00
Farmer_Structural_Damage,05_03_00_00,D&G,average,60,75.71,0.5,05,03,00,00
Farmer_Structural_Damage,05_03_00_00,D&G,average,100,88.15,0.35,05,03,00,00
Farmer_Structural_Damage,05_03_00_00,D&G&Wp,average,20,30.01,0.69,05,03,00,00
Farmer_Structural_Damage,05_03_00_00,D&G&Wp,average,60,83.53,0.46,05,03,00,00
Farmer_Structural_Damage,05_03_00_00,D&G&Wp,average,100,94.66,0.26,05,03,00,00
Farmer_Structural_Damage,05_03_00_00,D&Wp,average,20,31.15,0.72,05,03,00,00
Farmer_Structural_Damage,05_03_00_00,D&Wp,average,60,85.72,0.45,05,03,00,00
Farmer_Structural_Damage,05_03_00_00,D&Wp,average,100,97.61,0.25,05,03,00,00
Farmer_Structural_Damage,05_03_00_00,G,average,20,27.74,0.64,05,03,00,00
Farmer_Structural_Damage,05_03_00_00,G,average,60,79.15,0.46,05,03,00,00
Farmer_Structural_Damage,05_03_00_00,G,average,100,88.76,0.29,05,03,00,00
Farmer_Structural_Damage,05_03_00_00,G&Wp,average,20,29.9,0.64,05,03,00,00
Farmer_Structural_Damage,05_03_00_00,G&Wp,average,60,89.16,0.43,05,03,00,00
Farmer_Structural_Damage,05_03_00_00,G&Wp,average,100,98.21,0.22,05,03,00,00
Farmer_Structural_Damage,05_03_00_00,Wp,average,20,32.06,0.65,05,03,00,00
Farmer_Structural_Damage,05_03_00_00,Wp,average,60,99.18,0.4,05,03,00,00
Farmer_Structural_Damage,05_03_00_00,Wp,average,100,107.67,0.19,05,03,00,00
Farmer_Structural_Damage,05_05_00_00,D,average,20,30.29,0.81,05,05,00,00
Farmer_Structural_Damage,05_05_00_00,D,average,60,71.11,0.54,05,05,00,00
Farmer_Structural_Damage,05_05_00_00,D,average,100,86.0,0.43,05,05,00,00
Farmer_Structural_Damage,05_05_00_00,D&G,average,20,28.98,0.72,05,05,00,00
Farmer_Structural_Damage,05_05_00_00,D&G,average,60,75.88,0.5,05,05,00,00
Farmer_Structural_Damage,05_05_00_00,D&G,average,100,92.89,0.37,05,05,00,00
Farmer_Structural_Damage,05_05_00_00,D&G&Wp,average,20,30.0,0.69,05,05,00,00
Farmer_Structural_Damage,05_05_00_00,D&G&Wp,average,60,83.06,0.45,05,05,00,00
Farmer_Structural_Damage,05_05_00_00,D&G&Wp,average,100,97.2,0.27,05,05,00,00
Farmer_Structural_Damage,05_05_00_00,D&Wp,average,20,31.16,0.72,05,05,00,00
Farmer_Structural_Damage,05_05_00_00,D&Wp,average,60,84.27,0.44,05,05,00,00
Farmer_Structural_Damage,05_05_00_00,D&Wp,average,100,95.92,0.25,05,05,00,00
Farmer_Structural_Damage,05_05_00_00,G,average,20,27.67,0.63,05,05,00,00
Farmer_Structural_Damage,05_05_00_00,G,average,60,80.64,0.47,05,05,00,00
Farmer_Structural_Damage,05_05_00_00,G,average,100,99.78,0.32,05,05,00,00
Farmer_Structural_Damage,05_05_00_00,G&Wp,average,20,29.85,0.64,05,05,00,00
Farmer_Structural_Damage,05_05_00_00,G&Wp,average,60,89.03,0.42,05,05,00,00
Farmer_Structural_Damage,05_05_00_00,G&Wp,average,100,102.81,0.23,05,05,00,00
Farmer_Structural_Damage,05_05_00_00,Wp,average,20,32.02,0.65,05,05,00,00
Farmer_Structural_Damage,05_05_00_00,Wp,average,60,97.42,0.39,05,05,00,00
Farmer_Structural_Damage,05_05_00_00,Wp,average,100,105.83,0.19,05,05,00,00
Farmer_Structural_Damage,05_06_00_00,D,average,20,30.29,0.81,05,06,00,00
Farmer_Structural_Damage,05_06_00_00,D,average,60,71.1,0.54,05,06,00,00
Farmer_Structural_Damage,05_06_00_00,D,average,100,85.99,0.43,05,06,00,00
Farmer_Structural_Damage,05_06_00_00,D&G,average,20,28.98,0.72,05,06,00,00
Farmer_Structural_Damage,05_06_00_00,D&G,average,60,75.87,0.5,05,06,00,00
Farmer_Structural_Damage,05_06_00_00,D&G,average,100,92.88,0.37,05,06,00,00
Farmer_Structural_Damage,05_06_00_00,D&G&Wp,average,20,29.99,0.69,05,06,00,00
Farmer_Structural_Damage,05_06_00_00,D&G&Wp,average,60,83.05,0.45,05,06,00,00
Farmer_Structural_Damage,05_06_00_00,D&G&Wp,average,100,97.16,0.27,05,06,00,00
Farmer_Structural_Damage,05_06_00_00,D&Wp,average,20,31.16,0.72,05,06,00,00
Farmer_Structural_Damage,05_06_00_00,D&Wp,average,60,84.25,0.44,05,06,00,00
Farmer_Structural_Damage,05_06_00_00,D&Wp,average,100,95.85,0.25,05,06,00,00
Farmer_Structural_Damage,05_06_00_00,G,average,20,27.67,0.63,05,06,00,00
Farmer_Structural_Damage,05_06_00_00,G,average,60,80.63,0.47,05,06,00,00
Farmer_Structural_Damage,05_06_00_00,G,average,100,99.77,0.32,05,06,00,00
Farmer_Structural_Damage,05_06_00_00,G&Wp,average,20,29.85,0.64,05,06,00,00
Farmer_Structural_Damage,05_06_00_00,G&Wp,average,60,89.02,0.42,05,06,00,00
Farmer_Structural_Damage,05_06_00_00,G&Wp,average,100,102.74,0.23,05,06,00,00
Farmer_Structural_Damage,05_06_00_00,Wp,average,20,32.02,0.65,05,06,00,00
Farmer_Structural_Damage,05_06_00_00,Wp,average,60,97.4,0.39,05,06,00,00
Farmer_Structural_Damage,05_06_00_00,Wp,average,100,105.71,0.18,05,06,00,00
Farmer_Structural_Damage,05_07_00_00,D,average,20,30.43,0.81,05,07,00,00
Farmer_Structural_Damage,05_07_00_00,D,average,60,71.25,0.54,05,07,00,00
Farmer_Structural_Damage,05_07_00_00,D,average,100,86.14,0.43,05,07,00,00
Farmer_Structural_Damage,05_07_00_00,D&G,average,20,29.12,0.72,05,07,00,00
Farmer_Structural_Damage,05_07_00_00,D&G,average,60,76.02,0.5,05,07,00,00
Farmer_Structural_Damage,05_07_00_00,D&G,average,100,93.03,0.37,05,07,00,00
Farmer_Structural_Damage,05_07_00_00,D&G&Wp,average,20,30.18,0.69,05,07,00,00
Farmer_Structural_Damage,05_07_00_00,D&G&Wp,average,60,83.24,0.45,05,07,00,00
Farmer_Structural_Damage,05_07_00_00,D&G&Wp,average,100,97.36,0.27,05,07,00,00
Farmer_Structural_Damage,05_07_00_00,D&Wp,average,20,31.36,0.72,05,07,00,00
Farmer_Structural_Damage,05_07_00_00,D&Wp,average,60,84.47,0.45,05,07,00,00
Farmer_Structural_Damage,05_07_00_00,D&Wp,average,100,96.07,0.25,05,07,00,00
Farmer_Structural_Damage,05_07_00_00,G,average,20,27.81,0.64,05,07,00,00
Farmer_Structural_Damage,05_07_00_00,G,average,60,80.78,0.47,05,07,00,00
Farmer_Structural_Damage,05_07_00_00,G,average,100,99.92,0.32,05,07,00,00
Farmer_Structural_Damage,05_07_00_00,G&Wp,average,20,30.06,0.64,05,07,00,00
Farmer_Structural_Damage,05_07_00_00,G&Wp,average,60,89.24,0.43,05,07,00,00
Farmer_Structural_Damage,05_07_00_00,G&Wp,average,100,102.96,0.23,05,07,00,00
Farmer_Structural_Damage,05_07_00_00,Wp,average,20,32.3,0.65,05,07,00,00
Farmer_Structural_Damage,05_07_00_00,Wp,average,60,97.7,0.39,05,07,00,00
Farmer_Structural_Damage,05_07_00_00,Wp,average,100,106.01,0.19,05,07,00,00
Farmer_Structural_Damage,05_08_00_00,D,average,20,30.43,0.81,05,08,00,00
Farmer_Structural_Damage,05_08_00_00,D,average,60,71.61,0.55,05,08,00,00
Farmer_Structural_Damage,05_08_00_00,D,average,100,86.5,0.44,05,08,00,00
Farmer_Structural_Damage,05_08_00_00,D&G,average,20,29.12,0.72,05,08,00,00
Farmer_Structural_Damage,05_08_00_00,D&G,average,60,75.05,0.5,05,08,00,00
Farmer_Structural_Damage,05_08_00_00,D&G,average,100,87.21,0.34,05,08,00,00
Farmer_Structural_Damage,05_08_00_00,D&G&Wp,average,20,30.22,0.69,05,08,00,00
Farmer_Structural_Damage,05_08_00_00,D&G&Wp,average,60,82.96,0.45,05,08,00,00
Farmer_Structural_Damage,05_08_00_00,D&G&Wp,average,100,93.9,0.26,05,08,00,00
Farmer_Structural_Damage,05_08_00_00,D&Wp,average,20,31.42,0.72,05,08,00,00
Farmer_Structural_Damage,05_08_00_00,D&Wp,average,60,85.2,0.45,05,08,00,00
Farmer_Structural_Damage,05_08_00_00,D&Wp,average,100,96.89,0.25,05,08,00,00
Farmer_Structural_Damage,05_08_00_00,G,average,20,27.81,0.64,05,08,00,00
Farmer_Structural_Damage,05_08_00_00,G,average,60,78.49,0.46,05,08,00,00
Farmer_Structural_Damage,05_08_00_00,G,average,100,87.93,0.28,05,08,00,00
Farmer_Structural_Damage,05_08_00_00,G&Wp,average,20,30.12,0.65,05,08,00,00
Farmer_Structural_Damage,05_08_00_00,G&Wp,average,60,88.64,0.42,05,08,00,00
Farmer_Structural_Damage,05_08_00_00,G&Wp,average,100,97.6,0.22,05,08,00,00
Farmer_Structural_Damage,05_08_00_00,Wp,average,20,32.42,0.65,05,08,00,00
Farmer_Structural_Damage,05_08_00_00,Wp,average,60,98.79,0.4,05,08,00,00
Farmer_Structural_Damage,05_08_00_00,Wp,average,100,107.28,0.19,05,08,00,00
Farmer_Structural_Damage,05_09_00_00,D,average,20,30.32,0.81,05,09,00,00
Farmer_Structural_Damage,05_09_00_00,D,average,60,71.68,0.55,05,09,00,00
Farmer_Structural_Damage,05_09_00_00,D,average,100,86.96,0.44,05,09,00,00
Farmer_Structural_Damage,05_09_00_00,D&G,average,20,29.09,0.72,05,09,00,00
Farmer_Structural_Damage,05_09_00_00,D&G,average,60,75.19,0.5,05,09,00,00
Farmer_Structural_Damage,05_09_00_00,D&G,average,100,87.63,0.34,05,09,00,00
Farmer_Structural_Damage,05_09_00_00,D&G&Wp,average,20,29.96,0.69,05,09,00,00
Farmer_Structural_Damage,05_09_00_00,D&G&Wp,average,60,82.88,0.45,05,09,00,00
Farmer_Structural_Damage,05_09_00_00,D&G&Wp,average,100,94.0,0.26,05,09,00,00
Farmer_Structural_Damage,05_09_00_00,D&Wp,average,20,31.0,0.71,05,09,00,00
Farmer_Structural_Damage,05_09_00_00,D&Wp,average,60,84.97,0.45,05,09,00,00
Farmer_Structural_Damage,05_09_00_00,D&Wp,average,100,96.85,0.25,05,09,00,00
Farmer_Structural_Damage,05_09_00_00,G,average,20,27.86,0.64,05,09,00,00
Farmer_Structural_Damage,05_09_00_00,G,average,60,78.7,0.46,05,09,00,00
Farmer_Structural_Damage,05_09_00_00,G,average,100,88.31,0.29,05,09,00,00
Farmer_Structural_Damage,05_09_00_00,G&Wp,average,20,29.78,0.64,05,09,00,00
Farmer_Structural_Damage,05_09_00_00,G&Wp,average,60,88.48,0.42,05,09,00,00
Farmer_Structural_Damage,05_09_00_00,G&Wp,average,100,97.53,0.22,05,09,00,00
Farmer_Structural_Damage,05_09_00_00,Wp,average,20,31.69,0.64,05,09,00,00
Farmer_Structural_Damage,05_09_00_00,Wp,average,60,98.25,0.4,05,09,00,00
Farmer_Structural_Damage,05_09_00_00,Wp,average,100,106.75,0.19,05,09,00,00
Farmer_Structural_Damage,07_00_00_00,D,average,20,30.2,0.81,07,00,00,00
Farmer_Structural_Damage,07_00_00_00,D,average,60,67.74,0.52,07,00,00,00
Farmer_Structural_Damage,07_00_00_00,D,average,100,82.62,0.42,07,00,00,00
Farmer_Structural_Damage,07_00_00_00,D&G,average,20,28.9,0.71,07,00,00,00
Farmer_Structural_Damage,07_00_00_00,D&G,average,60,72.33,0.48,07,00,00,00
Farmer_Structural_Damage,07_00_00_00,D&G,average,100,89.34,0.35,07,00,00,00
Farmer_Structural_Damage,07_00_00_00,D&G&Wp,average,20,33.48,0.77,07,00,00,00
Farmer_Structural_Damage,07_00_00_00,D&G&Wp,average,60,82.53,0.45,07,00,00,00
Farmer_Structural_Damage,07_00_00_00,D&G&Wp,average,100,94.85,0.26,07,00,00,00
Farmer_Structural_Damage,07_00_00_00,D&Wp,average,20,36.43,0.84,07,00,00,00
Farmer_Structural_Damage,07_00_00_00,D&Wp,average,60,85.34,0.45,07,00,00,00
Farmer_Structural_Damage,07_00_00_00,D&Wp,average,100,94.25,0.24,07,00,00,00
Farmer_Structural_Damage,07_00_00_00,G,average,20,27.59,0.63,07,00,00,00
Farmer_Structural_Damage,07_00_00_00,G,average,60,76.91,0.45,07,00,00,00
Farmer_Structural_Damage,07_00_00_00,G,average,100,96.06,0.31,07,00,00,00
Farmer_Structural_Damage,07_00_00_00,G&Wp,average,20,35.12,0.75,07,00,00,00
Farmer_Structural_Damage,07_00_00_00,G&Wp,average,60,89.93,0.43,07,00,00,00
Farmer_Structural_Damage,07_00_00_00,G&Wp,average,100,100.96,0.23,07,00,00,00
Farmer_Structural_Damage,07_00_00_00,Wp,average,20,42.66,0.86,07,00,00,00
Farmer_Structural_Damage,07_00_00_00,Wp,average,60,102.94,0.42,07,00,00,00
Farmer_Structural_Damage,07_00_00_00,Wp,average,100,105.87,0.19,07,00,00,00
Farmer_Structural_Damage,07_01_00_00,D,average,20,24.51,0.66,07,01,00,00
Farmer_Structural_Damage,07_01_00_00,D,average,60,63.22,0.48,07,01,00,00
Farmer_Structural_Damage,07_01_00_00,D,average,100,78.5,0.4,07,01,00,00
Farmer_Structural_Damage,07_01_00_00,D&G,average,20,26.28,0.65,07,01,00,00
Farmer_Structural_Damage,07_01_00_00,D&G,average,60,69.62,0.46,07,01,00,00
Farmer_Structural_Damage,07_01_00_00,D&G,average,100,80.24,0.32,07,01,00,00
Farmer_Structural_Damage,07_01_00_00,D&G&Wp,average,20,28.4,0.65,07,01,00,00
Farmer_Structural_Damage,07_01_00_00,D&G&Wp,average,60,77.94,0.42,07,01,00,00
Farmer_Structural_Damage,07_01_00_00,D&G&Wp,average,100,86.05,0.24,07,01,00,00
Farmer_Structural_Damage,07_01_00_00,D&Wp,average,20,28.57,0.66,07,01,00,00
Farmer_Structural_Damage,07_01_00_00,D&Wp,average,60,78.9,0.42,07,01,00,00
Farmer_Structural_Damage,07_01_00_00,D&Wp,average,100,88.09,0.23,07,01,00,00
Farmer_Structural_Damage,07_01_00_00,G,average,20,28.05,0.64,07,01,00,00
Farmer_Structural_Damage,07_01_00_00,G,average,60,76.02,0.44,07,01,00,00
Farmer_Structural_Damage,07_01_00_00,G,average,100,81.98,0.26,07,01,00,00
Farmer_Structural_Damage,07_01_00_00,G&Wp,average,20,30.34,0.65,07,01,00,00
Farmer_Structural_Damage,07_01_00_00,G&Wp,average,60,85.3,0.41,07,01,00,00
Farmer_Structural_Damage,07_01_00_00,G&Wp,average,100,89.83,0.2,07,01,00,00
Farmer_Structural_Damage,07_01_00_00,Wp,average,20,32.63,0.66,07,01,00,00
Farmer_Structural_Damage,07_01_00_00,Wp,average,60,94.58,0.38,07,01,00,00
Farmer_Structural_Damage,07_01_00_00,Wp,average,100,97.68,0.17,07,01,00,00
Farmer_Structural_Damage,07_03_00_00,D,average,20,30.24,0.81,07,03,00,00
Farmer_Structural_Damage,07_03_00_00,D,average,60,68.94,0.53,07,03,00,00
Farmer_Structural_Damage,07_03_00_00,D,average,100,84.22,0.42,07,03,00,00
Farmer_Structural_Damage,07_03_00_00,D&G,average,20,28.99,0.72,07,03,00,00
Farmer_Structural_Damage,07_03_00_00,D&G,average,60,72.33,0.48,07,03,00,00
Farmer_Structural_Damage,07_03_00_00,D&G,average,100,82.95,0.33,07,03,00,00
Farmer_Structural_Damage,07_03_00_00,D&G&Wp,average,20,30.01,0.69,07,03,00,00
Farmer_Structural_Damage,07_03_00_00,D&G&Wp,average,60,79.56,0.43,07,03,00,00
Farmer_Structural_Damage,07_03_00_00,D&G&Wp,average,100,87.66,0.24,07,03,00,00
Farmer_Structural_Damage,07_03_00_00,D&Wp,average,20,31.15,0.72,07,03,00,00
Farmer_Structural_Damage,07_03_00_00,D&Wp,average,60,81.47,0.43,07,03,00,00
Farmer_Structural_Damage,07_03_00_00,D&Wp,average,100,90.66,0.24,07,03,00,00
Farmer_Structural_Damage,07_03_00_00,G,average,20,27.74,0.64,07,03,00,00
Farmer_Structural_Damage,07_03_00_00,G,average,60,75.72,0.44,07,03,00,00
Farmer_Structural_Damage,07_03_00_00,G,average,100,81.68,0.26,07,03,00,00
Farmer_Structural_Damage,07_03_00_00,G&Wp,average,20,29.9,0.64,07,03,00,00
Farmer_Structural_Damage,07_03_00_00,G&Wp,average,60,84.86,0.4,07,03,00,00
Farmer_Structural_Damage,07_03_00_00,G&Wp,average,100,89.39,0.2,07,03,00,00
Farmer_Structural_Damage,07_03_00_00,Wp,average,20,32.06,0.65,07,03,00,00
Farmer_Structural_Damage,07_03_00_00,Wp,average,60,94.0,0.38,07,03,00,00
Farmer_Structural_Damage,07_03_00_00,Wp,average,100,97.1,0.17,07,03,00,00
Farmer_Structural_Damage,07_05_00_00,D,average,20,30.29,0.81,07,05,00,00
Farmer_Structural_Damage,07_05_00_00,D,average,60,67.87,0.52,07,05,00,00
Farmer_Structural_Damage,07_05_00_00,D,average,100,82.75,0.42,07,05,00,00
Farmer_Structural_Damage,07_05_00_00,D&G,average,20,28.98,0.72,07,05,00,00
Farmer_Structural_Damage,07_05_00_00,D&G,average,60,72.58,0.48,07,05,00,00
Farmer_Structural_Damage,07_05_00_00,D&G,average,100,89.59,0.35,07,05,00,00
Farmer_Structural_Damage,07_05_00_00,D&G&Wp,average,20,30.0,0.69,07,05,00,00
Farmer_Structural_Damage,07_05_00_00,D&G&Wp,average,60,79.17,0.43,07,05,00,00
Farmer_Structural_Damage,07_05_00_00,D&G&Wp,average,100,91.52,0.25,07,05,00,00
Farmer_Structural_Damage,07_05_00_00,D&Wp,average,20,31.16,0.72,07,05,00,00
Farmer_Structural_Damage,07_05_00_00,D&Wp,average,60,80.11,0.42,07,05,00,00
Farmer_Structural_Damage,07_05_00_00,D&Wp,average,100,89.06,0.23,07,05,00,00
Farmer_Structural_Damage,07_05_00_00,G,average,20,27.67,0.63,07,05,00,00
Farmer_Structural_Damage,07_05_00_00,G,average,60,77.29,0.45,07,05,00,00
Farmer_Structural_Damage,07_05_00_00,G,average,100,96.43,0.31,07,05,00,00
Farmer_Structural_Damage,07_05_00_00,G&Wp,average,20,29.85,0.64,07,05,00,00
Farmer_Structural_Damage,07_05_00_00,G&Wp,average,60,84.82,0.4,07,05,00,00
Farmer_Structural_Damage,07_05_00_00,G&Wp,average,100,95.9,0.22,07,05,00,00
Farmer_Structural_Damage,07_05_00_00,Wp,average,20,32.02,0.65,07,05,00,00
Farmer_Structural_Damage,07_05_00_00,Wp,average,60,92.35,0.37,07,05,00,00
Farmer_Structural_Damage,07_05_00_00,Wp,average,100,95.37,0.17,07,05,00,00
Farmer_Structural_Damage,07_06_00_00,D,average,20,30.29,0.81,07,06,00,00
Farmer_Structural_Damage,07_06_00_00,D,average,60,67.86,0.52,07,06,00,00
Farmer_Structural_Damage,07_06_00_00,D,average,100,82.74,0.42,07,06,00,00
Farmer_Structural_Damage,07_06_00_00,D&G,average,20,28.98,0.72,07,06,00,00
Farmer_Structural_Damage,07_06_00_00,D&G,average,60,72.57,0.48,07,06,00,00
Farmer_Structural_Damage,07_06_00_00,D&G,average,100,89.58,0.35,07,06,00,00
Farmer_Structural_Damage,07_06_00_00,D&G&Wp,average,20,29.99,0.69,07,06,00,00
Farmer_Structural_Damage,07_06_00_00,D&G&Wp,average,60,79.16,0.43,07,06,00,00
Farmer_Structural_Damage,07_06_00_00,D&G&Wp,average,100,91.51,0.25,07,06,00,00
Farmer_Structural_Damage,07_06_00_00,D&Wp,average,20,31.16,0.72,07,06,00,00
Farmer_Structural_Damage,07_06_00_00,D&Wp,average,60,80.1,0.42,07,06,00,00
Farmer_Structural_Damage,07_06_00_00,D&Wp,average,100,89.04,0.23,07,06,00,00
Farmer_Structural_Damage,07_06_00_00,G,average,20,27.67,0.63,07,06,00,00
Farmer_Structural_Damage,07_06_00_00,G,average,60,77.28,0.45,07,06,00,00
Farmer_Structural_Damage,07_06_00_00,G,average,100,96.42,0.31,07,06,00,00
Farmer_Structural_Damage,07_06_00_00,G&Wp,average,20,29.85,0.64,07,06,00,00
Farmer_Structural_Damage,07_06_00_00,G&Wp,average,60,84.81,0.4,07,06,00,00
Farmer_Structural_Damage,07_06_00_00,G&Wp,average,100,95.89,0.22,07,06,00,00
Farmer_Structural_Damage,07_06_00_00,Wp,average,20,32.02,0.65,07,06,00,00
Farmer_Structural_Damage,07_06_00_00,Wp,average,60,92.33,0.37,07,06,00,00
Farmer_Structural_Damage,07_06_00_00,Wp,average,100,95.35,0.17,07,06,00,00
Farmer_Structural_Damage,07_07_00_00,D,average,20,30.43,0.81,07,07,00,00
Farmer_Structural_Damage,07_07_00_00,D,average,60,68.0,0.52,07,07,00,00
Farmer_Structural_Damage,07_07_00_00,D,average,100,82.89,0.42,07,07,00,00
Farmer_Structural_Damage,07_07_00_00,D&G,average,20,29.12,0.72,07,07,00,00
Farmer_Structural_Damage,07_07_00_00,D&G,average,60,72.72,0.48,07,07,00,00
Farmer_Structural_Damage,07_07_00_00,D&G,average,100,89.73,0.35,07,07,00,00
Farmer_Structural_Damage,07_07_00_00,D&G&Wp,average,20,30.18,0.69,07,07,00,00
Farmer_Structural_Damage,07_07_00_00,D&G&Wp,average,60,79.36,0.43,07,07,00,00
Farmer_Structural_Damage,07_07_00_00,D&G&Wp,average,100,91.7,0.25,07,07,00,00
Farmer_Structural_Damage,07_07_00_00,D&Wp,average,20,31.36,0.72,07,07,00,00
Farmer_Structural_Damage,07_07_00_00,D&Wp,average,60,80.32,0.42,07,07,00,00
Farmer_Structural_Damage,07_07_00_00,D&Wp,average,100,89.27,0.23,07,07,00,00
Farmer_Structural_Damage,07_07_00_00,G,average,20,27.81,0.64,07,07,00,00
Farmer_Structural_Damage,07_07_00_00,G,average,60,77.43,0.45,07,07,00,00
Farmer_Structural_Damage,07_07_00_00,G,average,100,96.58,0.31,07,07,00,00
Farmer_Structural_Damage,07_07_00_00,G&Wp,average,20,30.06,0.64,07,07,00,00
Farmer_Structural_Damage,07_07_00_00,G&Wp,average,60,85.03,0.41,07,07,00,00
Farmer_Structural_Damage,07_07_00_00,G&Wp,average,100,96.11,0.22,07,07,00,00
Farmer_Structural_Damage,07_07_00_00,Wp,average,20,32.3,0.65,07,07,00,00
Farmer_Structural_Damage,07_07_00_00,Wp,average,60,92.63,0.37,07,07,00,00
Farmer_Structural_Damage,07_07_00_00,Wp,average,100,95.64,0.17,07,07,00,00
Farmer_Structural_Damage,07_08_00_00,D,average,20,30.43,0.81,07,08,00,00
Farmer_Structural_Damage,07_08_00_00,D,average,60,68.37,0.52,07,08,00,00
Farmer_Structural_Damage,07_08_00_00,D,average,100,83.25,0.42,07,08,00,00
Farmer_Structural_Damage,07_08_00_00,D&G,average,20,29.12,0.72,07,08,00,00
Farmer_Structural_Damage,07_08_00_00,D&G,average,60,71.75,0.47,07,08,00,00
Farmer_Structural_Damage,07_08_00_00,D&G,average,100,82.09,0.32,07,08,00,00
Farmer_Structural_Damage,07_08_00_00,D&G&Wp,average,20,30.22,0.69,07,08,00,00
Farmer_Structural_Damage,07_08_00_00,D&G&Wp,average,60,79.04,0.43,07,08,00,00
Farmer_Structural_Damage,07_08_00_00,D&G&Wp,average,100,86.96,0.24,07,08,00,00
Farmer_Structural_Damage,07_08_00_00,D&Wp,average,20,31.42,0.72,07,08,00,00
Farmer_Structural_Damage,07_08_00_00,D&Wp,average,60,80.99,0.43,07,08,00,00
Farmer_Structural_Damage,07_08_00_00,D&Wp,average,100,89.98,0.23,07,08,00,00
Farmer_Structural_Damage,07_08_00_00,G,average,20,27.81,0.64,07,08,00,00
Farmer_Structural_Damage,07_08_00_00,G,average,60,75.14,0.44,07,08,00,00
Farmer_Structural_Damage,07_08_00_00,G,average,100,80.93,0.26,07,08,00,00
Farmer_Structural_Damage,07_08_00_00,G&Wp,average,20,30.12,0.65,07,08,00,00
Farmer_Structural_Damage,07_08_00_00,G&Wp,average,60,84.38,0.4,07,08,00,00
Farmer_Structural_Damage,07_08_00_00,G&Wp,average,100,88.82,0.2,07,08,00,00
Farmer_Structural_Damage,07_08_00_00,Wp,average,20,32.42,0.65,07,08,00,00
Farmer_Structural_Damage,07_08_00_00,Wp,average,60,93.61,0.38,07,08,00,00
Farmer_Structural_Damage,07_08_00_00,Wp,average,100,96.71,0.17,07,08,00,00
Farmer_Structural_Damage,07_09_00_00,D,average,20,30.32,0.81,07,09,00,00
Farmer_Structural_Damage,07_09_00_00,D,average,60,68.35,0.52,07,09,00,00
Farmer_Structural_Damage,07_09_00_00,D,average,100,83.63,0.42,07,09,00,00
Farmer_Structural_Damage,07_09_00_00,D&G,average,20,29.09,0.72,07,09,00,00
Farmer_Structural_Damage,07_09_00_00,D&G,average,60,71.81,0.47,07,09,00,00
Farmer_Structural_Damage,07_09_00_00,D&G,average,100,82.43,0.32,07,09,00,00
Farmer_Structural_Damage,07_09_00_00,D&G&Wp,average,20,29.96,0.69,07,09,00,00
Farmer_Structural_Damage,07_09_00_00,D&G&Wp,average,60,78.9,0.43,07,09,00,00
Farmer_Structural_Damage,07_09_00_00,D&G&Wp,average,100,87.01,0.24,07,09,00,00
Farmer_Structural_Damage,07_09_00_00,D&Wp,average,20,31.0,0.71,07,09,00,00
Farmer_Structural_Damage,07_09_00_00,D&Wp,average,60,80.72,0.43,07,09,00,00
Farmer_Structural_Damage,07_09_00_00,D&Wp,average,100,89.9,0.23,07,09,00,00
Farmer_Structural_Damage,07_09_00_00,G,average,20,27.86,0.64,07,09,00,00
Farmer_Structural_Damage,07_09_00_00,G,average,60,75.27,0.44,07,09,00,00
Farmer_Structural_Damage,07_09_00_00,G,average,100,81.23,0.26,07,09,00,00
Farmer_Structural_Damage,07_09_00_00,G&Wp,average,20,29.78,0.64,07,09,00,00
Farmer_Structural_Damage,07_09_00_00,G&Wp,average,60,84.17,0.4,07,09,00,00
Farmer_Structural_Damage,07_09_00_00,G&Wp,average,100,88.7,0.2,07,09,00,00
Farmer_Structural_Damage,07_09_00_00,Wp,average,20,31.69,0.64,07,09,00,00
Farmer_Structural_Damage,07_09_00_00,Wp,average,60,93.08,0.38,07,09,00,00
Farmer_Structural_Damage,07_09_00_00,Wp,average,100,96.18,0.17,07,09,00,00
Farmer_Structural_Damage,09_00_00_00,D,average,20,37.35,1.0,09,00,00,00
Farmer_Structural_Damage,09_00_00_00,D,average,60,130.62,0.99,09,00,00,00
Farmer_Structural_Damage,09_00_00_00,D,average,100,194.66,0.98,09,00,00,00
Farmer_Structural_Damage,09_00_00_00,D&G,average,20,40.5,1.0,09,00,00,00
Farmer_Structural_Damage,09_00_00_00,D&G,average,60,149.07,0.98,09,00,00,00
Farmer_Structural_Damage,09_00_00_00,D&G,average,100,237.87,0.94,09,00,00,00
Farmer_Structural_Damage,09_00_00_00,D&G&Wp,average,20,43.53,1.0,09,00,00,00
Farmer_Structural_Damage,09_00_00_00,D&G&Wp,average,60,179.32,0.98,09,00,00,00
Farmer_Structural_Damage,09_00_00_00,D&G&Wp,average,100,286.71,0.8,09,00,00,00
Farmer_Structural_Damage,09_00_00_00,D&Wp,average,20,43.46,1.0,09,00,00,00
Farmer_Structural_Damage,09_00_00_00,D&Wp,average,60,185.22,0.98,09,00,00,00
Farmer_Structural_Damage,09_00_00_00,D&Wp,average,100,289.53,0.75,09,00,00,00
Farmer_Structural_Damage,09_00_00_00,G,average,20,43.65,1.0,09,00,00,00
Farmer_Structural_Damage,09_00_00_00,G,average,60,167.53,0.98,09,00,00,00
Farmer_Structural_Damage,09_00_00_00,G,average,100,281.08,0.91,09,00,00,00
Farmer_Structural_Damage,09_00_00_00,G&Wp,average,20,46.62,1.0,09,00,00,00
Farmer_Structural_Damage,09_00_00_00,G&Wp,average,60,203.67,0.97,09,00,00,00
Farmer_Structural_Damage,09_00_00_00,G&Wp,average,100,332.74,0.75,09,00,00,00
Farmer_Structural_Damage,09_00_00_00,Wp,average,20,49.58,1.0,09,00,00,00
Farmer_Structural_Damage,09_00_00_00,Wp,average,60,239.82,0.97,09,00,00,00
Farmer_Structural_Damage,09_00_00_00,Wp,average,100,384.4,0.67,09,00,00,00
Farmer_Structural_Damage,09_01_00_00,D,average,20,38.08,1.02,09,01,00,00
Farmer_Structural_Damage,09_01_00_00,D,average,60,133.7,1.02,09,01,00,00
Farmer_Structural_Damage,09_01_00_00,D,average,100,200.31,1.01,09,01,00,00
Farmer_Structural_Damage,09_01_00_00,D&G,average,20,41.34,1.02,09,01,00,00
Farmer_Structural_Damage,09_01_00_00,D&G,average,60,153.48,1.01,09,01,00,00
Farmer_Structural_Damage,09_01_00_00,D&G,average,100,245.38,0.97,09,01,00,00
Farmer_Structural_Damage,09_01_00_00,D&G&Wp,average,20,44.51,1.02,09,01,00,00
Farmer_Structural_Damage,09_01_00_00,D&G&Wp,average,60,185.0,1.01,09,01,00,00
Farmer_Structural_Damage,09_01_00_00,D&G&Wp,average,100,294.13,0.82,09,01,00,00
Farmer_Structural_Damage,09_01_00_00,D&Wp,average,20,44.47,1.02,09,01,00,00
Farmer_Structural_Damage,09_01_00_00,D&Wp,average,60,190.86,1.01,09,01,00,00
Farmer_Structural_Damage,09_01_00_00,D&Wp,average,100,295.96,0.77,09,01,00,00
Farmer_Structural_Damage,09_01_00_00,G,average,20,44.6,1.02,09,01,00,00
Farmer_Structural_Damage,09_01_00_00,G,average,60,173.27,1.01,09,01,00,00
Farmer_Structural_Damage,09_01_00_00,G,average,100,290.45,0.94,09,01,00,00
Farmer_Structural_Damage,09_01_00_00,G&Wp,average,20,47.73,1.02,09,01,00,00
Farmer_Structural_Damage,09_01_00_00,G&Wp,average,60,210.65,1.0,09,01,00,00
Farmer_Structural_Damage,09_01_00_00,G&Wp,average,100,341.03,0.77,09,01,00,00
Farmer_Structural_Damage,09_01_00_00,Wp,average,20,50.86,1.03,09,01,00,00
Farmer_Structural_Damage,09_01_00_00,Wp,average,60,248.02,1.0,09,01,00,00
Farmer_Structural_Damage,09_01_00_00,Wp,average,100,391.62,0.68,09,01,00,00
Farmer_Structural_Damage,09_03_00_00,D,average,20,37.41,1.0,09,03,00,00
Farmer_Structural_Damage,09_03_00_00,D,average,60,132.96,1.01,09,03,00,00
Farmer_Structural_Damage,09_03_00_00,D,average,100,199.58,1.01,09,03,00,00
Farmer_Structural_Damage,09_03_00_00,D&G,average,20,40.64,1.0,09,03,00,00
Farmer_Structural_Damage,09_03_00_00,D&G,average,60,152.75,1.01,09,03,00,00
Farmer_Structural_Damage,09_03_00_00,D&G,average,100,244.65,0.96,09,03,00,00
Farmer_Structural_Damage,09_03_00_00,D&G&Wp,average,20,43.7,1.0,09,03,00,00
Farmer_Structural_Damage,09_03_00_00,D&G&Wp,average,60,184.15,1.0,09,03,00,00
Farmer_Structural_Damage,09_03_00_00,D&G&Wp,average,100,293.29,0.81,09,03,00,00
Farmer_Structural_Damage,09_03_00_00,D&Wp,average,20,43.62,1.0,09,03,00,00
Farmer_Structural_Damage,09_03_00_00,D&Wp,average,60,189.95,1.0,09,03,00,00
Farmer_Structural_Damage,09_03_00_00,D&Wp,average,100,295.07,0.77,09,03,00,00
Farmer_Structural_Damage,09_03_00_00,G,average,20,43.86,1.0,09,03,00,00
Farmer_Structural_Damage,09_03_00_00,G,average,60,172.53,1.01,09,03,00,00
Farmer_Structural_Damage,09_03_00_00,G,average,100,289.72,0.94,09,03,00,00
Farmer_Structural_Damage,09_03_00_00,G&Wp,average,20,46.84,1.0,09,03,00,00
Farmer_Structural_Damage,09_03_00_00,G&Wp,average,60,209.74,1.0,09,03,00,00
Farmer_Structural_Damage,09_03_00_00,G&Wp,average,100,340.14,0.77,09,03,00,00
Farmer_Structural_Damage,09_03_00_00,Wp,average,20,49.82,1.0,09,03,00,00
Farmer_Structural_Damage,09_03_00_00,Wp,average,60,246.94,1.0,09,03,00,00
Farmer_Structural_Damage,09_03_00_00,Wp,average,100,390.56,0.68,09,03,00,00
Farmer_Structural_Damage,09_05_00_00,D,average,20,37.45,1.0,09,05,00,00
Farmer_Structural_Damage,09_05_00_00,D,average,60,131.34,1.0,09,05,00,00
Farmer_Structural_Damage,09_05_00_00,D,average,100,195.55,0.98,09,05,00,00
Farmer_Structural_Damage,09_05_00_00,D&G,average,20,40.62,1.0,09,05,00,00
Farmer_Structural_Damage,09_05_00_00,D&G,average,60,150.08,0.99,09,05,00,00
Farmer_Structural_Damage,09_05_00_00,D&G,average,100,239.48,0.94,09,05,00,00
Farmer_Structural_Damage,09_05_00_00,D&G&Wp,average,20,43.69,1.0,09,05,00,00
Farmer_Structural_Damage,09_05_00_00,D&G&Wp,average,60,180.64,0.98,09,05,00,00
Farmer_Structural_Damage,09_05_00_00,D&G&Wp,average,100,288.93,0.8,09,05,00,00
Farmer_Structural_Damage,09_05_00_00,D&Wp,average,20,43.64,1.0,09,05,00,00
Farmer_Structural_Damage,09_05_00_00,D&Wp,average,60,186.54,0.98,09,05,00,00
Farmer_Structural_Damage,09_05_00_00,D&Wp,average,100,291.69,0.76,09,05,00,00
Farmer_Structural_Damage,09_05_00_00,G,average,20,43.79,1.0,09,05,00,00
Farmer_Structural_Damage,09_05_00_00,G,average,60,168.83,0.98,09,05,00,00
Farmer_Structural_Damage,09_05_00_00,G,average,100,283.41,0.91,09,05,00,00
Farmer_Structural_Damage,09_05_00_00,G&Wp,average,20,46.82,1.0,09,05,00,00
Farmer_Structural_Damage,09_05_00_00,G&Wp,average,60,205.29,0.98,09,05,00,00
Farmer_Structural_Damage,09_05_00_00,G&Wp,average,100,335.62,0.76,09,05,00,00
Farmer_Structural_Damage,09_05_00_00,Wp,average,20,49.85,1.01,09,05,00,00
Farmer_Structural_Damage,09_05_00_00,Wp,average,60,241.75,0.97,09,05,00,00
Farmer_Structural_Damage,09_05_00_00,Wp,average,100,387.83,0.68,09,05,00,00
Farmer_Structural_Damage,09_06_00_00,D,average,20,37.45,1.0,09,06,00,00
Farmer_Structural_Damage,09_06_00_00,D,average,60,131.28,1.0,09,06,00,00
Farmer_Structural_Damage,09_06_00_00,D,average,100,195.5,0.98,09,06,00,00
Farmer_Structural_Damage,09_06_00_00,D&G,average,20,40.62,1.0,09,06,00,00
Farmer_Structural_Damage,09_06_00_00,D&G,average,60,149.98,0.99,09,06,00,00
Farmer_Structural_Damage,09_06_00_00,D&G,average,100,239.4,0.94,09,06,00,00
Farmer_Structural_Damage,09_06_00_00,D&G&Wp,average,20,43.68,1.0,09,06,00,00
Farmer_Structural_Damage,09_06_00_00,D&G&Wp,average,60,180.5,0.98,09,06,00,00
Farmer_Structural_Damage,09_06_00_00,D&G&Wp,average,100,292.72,0.81,09,06,00,00
Farmer_Structural_Damage,09_06_00_00,D&Wp,average,20,43.63,1.0,09,06,00,00
Farmer_Structural_Damage,09_06_00_00,D&Wp,average,60,186.41,0.98,09,06,00,00
Farmer_Structural_Damage,09_06_00_00,D&Wp,average,100,297.43,0.77,09,06,00,00
Farmer_Structural_Damage,09_06_00_00,G,average,20,43.79,1.0,09,06,00,00
Farmer_Structural_Damage,09_06_00_00,G,average,60,168.68,0.98,09,06,00,00
Farmer_Structural_Damage,09_06_00_00,G,average,100,283.3,0.91,09,06,00,00
Farmer_Structural_Damage,09_06_00_00,G&Wp,average,20,46.8,1.0,09,06,00,00
Farmer_Structural_Damage,09_06_00_00,G&Wp,average,60,205.1,0.98,09,06,00,00
Farmer_Structural_Damage,09_06_00_00,G&Wp,average,100,341.33,0.77,09,06,00,00
Farmer_Structural_Damage,09_06_00_00,Wp,average,20,49.81,1.0,09,06,00,00
Farmer_Structural_Damage,09_06_00_00,Wp,average,60,241.53,0.97,09,06,00,00
Farmer_Structural_Damage,09_06_00_00,Wp,average,100,399.36,0.7,09,06,00,00
Farmer_Structural_Damage,09_07_00_00,D,average,20,37.6,1.01,09,07,00,00
Farmer_Structural_Damage,09_07_00_00,D,average,60,131.56,1.0,09,07,00,00
Farmer_Structural_Damage,09_07_00_00,D,average,100,195.76,0.99,09,07,00,00
Farmer_Structural_Damage,09_07_00_00,D&G,average,20,40.82,1.01,09,07,00,00
Farmer_Structural_Damage,09_07_00_00,D&G,average,60,150.31,0.99,09,07,00,00
Farmer_Structural_Damage,09_07_00_00,D&G,average,100,239.67,0.94,09,07,00,00
Farmer_Structural_Damage,09_07_00_00,D&G&Wp,average,20,43.97,1.01,09,07,00,00
Farmer_Structural_Damage,09_07_00_00,D&G&Wp,average,60,180.94,0.99,09,07,00,00
Farmer_Structural_Damage,09_07_00_00,D&G&Wp,average,100,289.0,0.8,09,07,00,00
Farmer_Structural_Damage,09_07_00_00,D&Wp,average,20,43.94,1.01,09,07,00,00
Farmer_Structural_Damage,09_07_00_00,D&Wp,average,60,186.88,0.99,09,07,00,00
Farmer_Structural_Damage,09_07_00_00,D&Wp,average,100,291.71,0.76,09,07,00,00
Farmer_Structural_Damage,09_07_00_00,G,average,20,44.04,1.01,09,07,00,00
Farmer_Structural_Damage,09_07_00_00,G,average,60,169.05,0.99,09,07,00,00
Farmer_Structural_Damage,09_07_00_00,G,average,100,283.59,0.92,09,07,00,00
Farmer_Structural_Damage,09_07_00_00,G&Wp,average,20,47.16,1.01,09,07,00,00
Farmer_Structural_Damage,09_07_00_00,G&Wp,average,60,205.62,0.98,09,07,00,00
Farmer_Structural_Damage,09_07_00_00,G&Wp,average,100,335.62,0.76,09,07,00,00
Farmer_Structural_Damage,09_07_00_00,Wp,average,20,50.28,1.01,09,07,00,00
Farmer_Structural_Damage,09_07_00_00,Wp,average,60,242.19,0.98,09,07,00,00
Farmer_Structural_Damage,09_07_00_00,Wp,average,100,387.65,0.68,09,07,00,00
Farmer_Structural_Damage,09_08_00_00,D,average,20,37.6,1.01,09,08,00,00
Farmer_Structural_Damage,09_08_00_00,D,average,60,131.93,1.0,09,08,00,00
Farmer_Structural_Damage,09_08_00_00,D,average,100,196.37,0.99,09,08,00,00
Farmer_Structural_Damage,09_08_00_00,D&G,average,20,40.82,1.01,09,08,00,00
Farmer_Structural_Damage,09_08_00_00,D&G,average,60,150.93,1.0,09,08,00,00
Farmer_Structural_Damage,09_08_00_00,D&G,average,100,240.31,0.95,09,08,00,00
Farmer_Structural_Damage,09_08_00_00,D&G&Wp,average,20,44.01,1.01,09,08,00,00
Farmer_Structural_Damage,09_08_00_00,D&G&Wp,average,60,182.9,1.0,09,08,00,00
Farmer_Structural_Damage,09_08_00_00,D&G&Wp,average,100,290.36,0.81,09,08,00,00
Farmer_Structural_Damage,09_08_00_00,D&Wp,average,20,44.0,1.01,09,08,00,00
Farmer_Structural_Damage,09_08_00_00,D&Wp,average,60,189.4,1.0,09,08,00,00
Farmer_Structural_Damage,09_08_00_00,D&Wp,average,100,293.41,0.76,09,08,00,00
Farmer_Structural_Damage,09_08_00_00,G,average,20,44.04,1.01,09,08,00,00
Farmer_Structural_Damage,09_08_00_00,G,average,60,169.92,0.99,09,08,00,00
Farmer_Structural_Damage,09_08_00_00,G,average,100,284.25,0.92,09,08,00,00
Farmer_Structural_Damage,09_08_00_00,G&Wp,average,20,47.22,1.01,09,08,00,00
Farmer_Structural_Damage,09_08_00_00,G&Wp,average,60,208.39,0.99,09,08,00,00
Farmer_Structural_Damage,09_08_00_00,G&Wp,average,100,337.35,0.77,09,08,00,00
Farmer_Structural_Damage,09_08_00_00,Wp,average,20,50.4,1.02,09,08,00,00
Farmer_Structural_Damage,09_08_00_00,Wp,average,60,246.86,1.0,09,08,00,00
Farmer_Structural_Damage,09_08_00_00,Wp,average,100,390.45,0.68,09,08,00,00
Farmer_Structural_Damage,09_09_00_00,D,average,20,37.5,1.0,09,09,00,00
Farmer_Structural_Damage,09_09_00_00,D,average,60,130.55,0.99,09,09,00,00
Farmer_Structural_Damage,09_09_00_00,D,average,100,196.04,0.99,09,09,00,00
Farmer_Structural_Damage,09_09_00_00,D&G,average,20,40.77,1.01,09,09,00,00
Farmer_Structural_Damage,09_09_00_00,D&G,average,60,150.53,0.99,09,09,00,00
Farmer_Structural_Damage,09_09_00_00,D&G,average,100,241.52,0.95,09,09,00,00
Farmer_Structural_Damage,09_09_00_00,D&G&Wp,average,20,43.69,1.0,09,09,00,00
Farmer_Structural_Damage,09_09_00_00,D&G&Wp,average,60,181.29,0.99,09,09,00,00
Farmer_Structural_Damage,09_09_00_00,D&G&Wp,average,100,289.86,0.8,09,09,00,00
Farmer_Structural_Damage,09_09_00_00,D&Wp,average,20,43.52,1.0,09,09,00,00
Farmer_Structural_Damage,09_09_00_00,D&Wp,average,60,186.67,0.98,09,09,00,00
Farmer_Structural_Damage,09_09_00_00,D&Wp,average,100,291.29,0.76,09,09,00,00
Farmer_Structural_Damage,09_09_00_00,G,average,20,44.03,1.01,09,09,00,00
Farmer_Structural_Damage,09_09_00_00,G,average,60,170.52,0.99,09,09,00,00
Farmer_Structural_Damage,09_09_00_00,G,average,100,287.01,0.93,09,09,00,00
Farmer_Structural_Damage,09_09_00_00,G&Wp,average,20,46.78,1.0,09,09,00,00
Farmer_Structural_Damage,09_09_00_00,G&Wp,average,60,206.65,0.99,09,09,00,00
Farmer_Structural_Damage,09_09_00_00,G&Wp,average,100,336.77,0.76,09,09,00,00
Farmer_Structural_Damage,09_09_00_00,Wp,average,20,49.53,1.0,09,09,00,00
Farmer_Structural_Damage,09_09_00_00,Wp,average,60,242.79,0.98,09,09,00,00
Farmer_Structural_Damage,09_09_00_00,Wp,average,100,386.54,0.68,09,09,00,00
Farmer_Structural_Damage,11_00_00_00,D,average,20,37.16,0.99,11,00,00,00
Farmer_Structural_Damage,11_00_00_00,D,average,60,129.28,0.98,11,00,00,00
Farmer_Structural_Damage,11_00_00_00,D,average,100,194.0,0.98,11,00,00,00
Farmer_Structural_Damage,11_00_00_00,D&G,average,20,40.17,0.99,11,00,00,00
Farmer_Structural_Damage,11_00_00_00,D&G,average,60,148.91,0.98,11,00,00,00
Farmer_Structural_Damage,11_00_00_00,D&G,average,100,239.0,0.94,11,00,00,00
Farmer_Structural_Damage,11_00_00_00,D&G&Wp,average,20,43.23,0.99,11,00,00,00
Farmer_Structural_Damage,11_00_00_00,D&G&Wp,average,60,179.68,0.98,11,00,00,00
Farmer_Structural_Damage,11_00_00_00,D&G&Wp,average,100,292.88,0.81,11,00,00,00
Farmer_Structural_Damage,11_00_00_00,D&Wp,average,20,43.26,1.0,11,00,00,00
Farmer_Structural_Damage,11_00_00_00,D&Wp,average,60,185.24,0.98,11,00,00,00
Farmer_Structural_Damage,11_00_00_00,D&Wp,average,100,297.32,0.77,11,00,00,00
Farmer_Structural_Damage,11_00_00_00,G,average,20,43.18,0.99,11,00,00,00
Farmer_Structural_Damage,11_00_00_00,G,average,60,168.54,0.98,11,00,00,00
Farmer_Structural_Damage,11_00_00_00,G,average,100,284.01,0.92,11,00,00,00
Farmer_Structural_Damage,11_00_00_00,G&Wp,average,20,46.27,0.99,11,00,00,00
Farmer_Structural_Damage,11_00_00_00,G&Wp,average,60,204.87,0.98,11,00,00,00
Farmer_Structural_Damage,11_00_00_00,G&Wp,average,100,342.32,0.78,11,00,00,00
Farmer_Structural_Damage,11_00_00_00,Wp,average,20,49.36,1.0,11,00,00,00
Farmer_Structural_Damage,11_00_00_00,Wp,average,60,241.2,0.97,11,00,00,00
Farmer_Structural_Damage,11_00_00_00,Wp,average,100,400.64,0.7,11,00,00,00
Farmer_Structural_Damage,11_01_00_00,D,average,20,37.61,1.01,11,01,00,00
Farmer_Structural_Damage,11_01_00_00,D,average,60,132.96,1.01,11,01,00,00
Farmer_Structural_Damage,11_01_00_00,D,average,100,200.33,1.01,11,01,00,00
Farmer_Structural_Damage,11_01_00_00,D&G,average,20,40.82,1.01,11,01,00,00
Farmer_Structural_Damage,11_01_00_00,D&G,average,60,152.79,1.01,11,01,00,00
Farmer_Structural_Damage,11_01_00_00,D&G,average,100,246.2,0.97,11,01,00,00
Farmer_Structural_Damage,11_01_00_00,D&G&Wp,average,20,43.96,1.01,11,01,00,00
Farmer_Structural_Damage,11_01_00_00,D&G&Wp,average,60,184.63,1.01,11,01,00,00
Farmer_Structural_Damage,11_01_00_00,D&G&Wp,average,100,295.5,0.82,11,01,00,00
Farmer_Structural_Damage,11_01_00_00,D&Wp,average,20,43.92,1.01,11,01,00,00
Farmer_Structural_Damage,11_01_00_00,D&Wp,average,60,190.63,1.01,11,01,00,00
Farmer_Structural_Damage,11_01_00_00,D&Wp,average,100,297.21,0.77,11,01,00,00
Farmer_Structural_Damage,11_01_00_00,G,average,20,44.03,1.01,11,01,00,00
Farmer_Structural_Damage,11_01_00_00,G,average,60,172.62,1.01,11,01,00,00
Farmer_Structural_Damage,11_01_00_00,G,average,100,292.07,0.94,11,01,00,00
Farmer_Structural_Damage,11_01_00_00,G&Wp,average,20,47.13,1.01,11,01,00,00
Farmer_Structural_Damage,11_01_00_00,G&Wp,average,60,210.46,1.0,11,01,00,00
Farmer_Structural_Damage,11_01_00_00,G&Wp,average,100,343.08,0.78,11,01,00,00
Farmer_Structural_Damage,11_01_00_00,Wp,average,20,50.23,1.01,11,01,00,00
Farmer_Structural_Damage,11_01_00_00,Wp,average,60,248.31,1.0,11,01,00,00
Farmer_Structural_Damage,11_01_00_00,Wp,average,100,394.1,0.69,11,01,00,00
Farmer_Structural_Damage,11_03_00_00,D,average,20,37.22,1.0,11,03,00,00
Farmer_Structural_Damage,11_03_00_00,D,average,60,132.52,1.01,11,03,00,00
Farmer_Structural_Damage,11_03_00_00,D,average,100,199.9,1.01,11,03,00,00
Farmer_Structural_Damage,11_03_00_00,D&G,average,20,40.3,1.0,11,03,00,00
Farmer_Structural_Damage,11_03_00_00,D&G,average,60,152.24,1.01,11,03,00,00
Farmer_Structural_Damage,11_03_00_00,D&G,average,100,245.67,0.97,11,03,00,00
Farmer_Structural_Damage,11_03_00_00,D&G&Wp,average,20,43.3,0.99,11,03,00,00
Farmer_Structural_Damage,11_03_00_00,D&G&Wp,average,60,183.96,1.0,11,03,00,00
Farmer_Structural_Damage,11_03_00_00,D&G&Wp,average,100,294.85,0.82,11,03,00,00
Farmer_Structural_Damage,11_03_00_00,D&Wp,average,20,43.26,1.0,11,03,00,00
Farmer_Structural_Damage,11_03_00_00,D&Wp,average,60,189.97,1.0,11,03,00,00
Farmer_Structural_Damage,11_03_00_00,D&Wp,average,100,296.56,0.77,11,03,00,00
Farmer_Structural_Damage,11_03_00_00,G,average,20,43.38,0.99,11,03,00,00
Farmer_Structural_Damage,11_03_00_00,G,average,60,171.96,1.0,11,03,00,00
Farmer_Structural_Damage,11_03_00_00,G,average,100,291.43,0.94,11,03,00,00
Farmer_Structural_Damage,11_03_00_00,G&Wp,average,20,46.34,0.99,11,03,00,00
Farmer_Structural_Damage,11_03_00_00,G&Wp,average,60,209.68,1.0,11,03,00,00
Farmer_Structural_Damage,11_03_00_00,G&Wp,average,100,342.33,0.78,11,03,00,00
Farmer_Structural_Damage,11_03_00_00,Wp,average,20,49.31,0.99,11,03,00,00
Farmer_Structural_Damage,11_03_00_00,Wp,average,60,247.41,1.0,11,03,00,00
Farmer_Structural_Damage,11_03_00_00,Wp,average,100,393.23,0.69,11,03,00,00
Farmer_Structural_Damage,11_05_00_00,D,average,20,37.26,1.0,11,05,00,00
Farmer_Structural_Damage,11_05_00_00,D,average,60,130.02,0.99,11,05,00,00
Farmer_Structural_Damage,11_05_00_00,D,average,100,194.97,0.98,11,05,00,00
Farmer_Structural_Damage,11_05_00_00,D&G,average,20,40.29,0.99,11,05,00,00
Farmer_Structural_Damage,11_05_00_00,D&G,average,60,150.0,0.99,11,05,00,00
Farmer_Structural_Damage,11_05_00_00,D&G,average,100,240.79,0.95,11,05,00,00
Farmer_Structural_Damage,11_05_00_00,D&G&Wp,average,20,43.31,0.99,11,05,00,00
Farmer_Structural_Damage,11_05_00_00,D&G&Wp,average,60,180.87,0.99,11,05,00,00
Farmer_Structural_Damage,11_05_00_00,D&G&Wp,average,100,290.73,0.81,11,05,00,00
Farmer_Structural_Damage,11_05_00_00,D&Wp,average,20,43.3,1.0,11,05,00,00
Farmer_Structural_Damage,11_05_00_00,D&Wp,average,60,186.32,0.98,11,05,00,00
Farmer_Structural_Damage,11_05_00_00,D&Wp,average,100,292.79,0.76,11,05,00,00
Farmer_Structural_Damage,11_05_00_00,G,average,20,43.32,0.99,11,05,00,00
Farmer_Structural_Damage,11_05_00_00,G,average,60,169.99,0.99,11,05,00,00
Farmer_Structural_Damage,11_05_00_00,G,average,100,286.62,0.93,11,05,00,00
Farmer_Structural_Damage,11_05_00_00,G&Wp,average,20,46.33,0.99,11,05,00,00
Farmer_Structural_Damage,11_05_00_00,G&Wp,average,60,206.3,0.98,11,05,00,00
Farmer_Structural_Damage,11_05_00_00,G&Wp,average,100,338.61,0.77,11,05,00,00
Farmer_Structural_Damage,11_05_00_00,Wp,average,20,49.34,1.0,11,05,00,00
Farmer_Structural_Damage,11_05_00_00,Wp,average,60,242.61,0.98,11,05,00,00
Farmer_Structural_Damage,11_05_00_00,Wp,average,100,390.6,0.68,11,05,00,00
Farmer_Structural_Damage,11_06_00_00,D,average,20,37.26,1.0,11,06,00,00
Farmer_Structural_Damage,11_06_00_00,D,average,60,129.95,0.99,11,06,00,00
Farmer_Structural_Damage,11_06_00_00,D,average,100,194.91,0.98,11,06,00,00
Farmer_Structural_Damage,11_06_00_00,D&G,average,20,40.29,0.99,11,06,00,00
Farmer_Structural_Damage,11_06_00_00,D&G,average,60,149.64,0.99,11,06,00,00
Farmer_Structural_Damage,11_06_00_00,D&G,average,100,240.46,0.95,11,06,00,00
Farmer_Structural_Damage,11_06_00_00,D&G&Wp,average,20,43.29,0.99,11,06,00,00
Farmer_Structural_Damage,11_06_00_00,D&G&Wp,average,60,180.54,0.98,11,06,00,00
Farmer_Structural_Damage,11_06_00_00,D&G&Wp,average,100,290.21,0.81,11,06,00,00
Farmer_Structural_Damage,11_06_00_00,D&Wp,average,20,43.28,1.0,11,06,00,00
Farmer_Structural_Damage,11_06_00_00,D&Wp,average,60,186.14,0.98,11,06,00,00
Farmer_Structural_Damage,11_06_00_00,D&Wp,average,100,292.32,0.76,11,06,00,00
Farmer_Structural_Damage,11_06_00_00,G,average,20,43.32,0.99,11,06,00,00
Farmer_Structural_Damage,11_06_00_00,G,average,60,169.33,0.99,11,06,00,00
Farmer_Structural_Damage,11_06_00_00,G,average,100,286.0,0.92,11,06,00,00
Farmer_Structural_Damage,11_06_00_00,G&Wp,average,20,46.31,0.99,11,06,00,00
Farmer_Structural_Damage,11_06_00_00,G&Wp,average,60,205.83,0.98,11,06,00,00
Farmer_Structural_Damage,11_06_00_00,G&Wp,average,100,337.86,0.77,11,06,00,00
Farmer_Structural_Damage,11_06_00_00,Wp,average,20,49.3,0.99,11,06,00,00
Farmer_Structural_Damage,11_06_00_00,Wp,average,60,242.33,0.98,11,06,00,00
Farmer_Structural_Damage,11_06_00_00,Wp,average,100,389.72,0.68,11,06,00,00
Farmer_Structural_Damage,11_07_00_00,D,average,20,37.41,1.0,11,07,00,00
Farmer_Structural_Damage,11_07_00_00,D,average,60,130.26,0.99,11,07,00,00
Farmer_Structural_Damage,11_07_00_00,D,average,100,195.19,0.98,11,07,00,00
Farmer_Structural_Damage,11_07_00_00,D&G,average,20,40.5,1.0,11,07,00,00
Farmer_Structural_Damage,11_07_00_00,D&G,average,60,150.22,0.99,11,07,00,00
Farmer_Structural_Damage,11_07_00_00,D&G,average,100,240.96,0.95,11,07,00,00
Farmer_Structural_Damage,11_07_00_00,D&G&Wp,average,20,43.6,1.0,11,07,00,00
Farmer_Structural_Damage,11_07_00_00,D&G&Wp,average,60,181.16,0.99,11,07,00,00
Farmer_Structural_Damage,11_07_00_00,D&G&Wp,average,100,290.75,0.81,11,07,00,00
Farmer_Structural_Damage,11_07_00_00,D&Wp,average,20,43.6,1.0,11,07,00,00
Farmer_Structural_Damage,11_07_00_00,D&Wp,average,60,186.65,0.98,11,07,00,00
Farmer_Structural_Damage,11_07_00_00,D&Wp,average,100,292.76,0.76,11,07,00,00
Farmer_Structural_Damage,11_07_00_00,G,average,20,43.59,1.0,11,07,00,00
Farmer_Structural_Damage,11_07_00_00,G,average,60,170.17,0.99,11,07,00,00
Farmer_Structural_Damage,11_07_00_00,G,average,100,286.74,0.93,11,07,00,00
Farmer_Structural_Damage,11_07_00_00,G&Wp,average,20,46.7,1.0,11,07,00,00
Farmer_Structural_Damage,11_07_00_00,G&Wp,average,60,206.61,0.99,11,07,00,00
Farmer_Structural_Damage,11_07_00_00,G&Wp,average,100,338.53,0.77,11,07,00,00
Farmer_Structural_Damage,11_07_00_00,Wp,average,20,49.8,1.0,11,07,00,00
Farmer_Structural_Damage,11_07_00_00,Wp,average,60,243.04,0.98,11,07,00,00
Farmer_Structural_Damage,11_07_00_00,Wp,average,100,390.33,0.68,11,07,00,00
Farmer_Structural_Damage,11_08_00_00,D,average,20,37.41,1.0,11,08,00,00
Farmer_Structural_Damage,11_08_00_00,D,average,60,130.62,0.99,11,08,00,00
Farmer_Structural_Damage,11_08_00_00,D,average,100,195.78,0.99,11,08,00,00
Farmer_Structural_Damage,11_08_00_00,D&G,average,20,40.5,1.0,11,08,00,00
Farmer_Structural_Damage,11_08_00_00,D&G,average,60,150.78,1.0,11,08,00,00
Farmer_Structural_Damage,11_08_00_00,D&G,average,100,241.9,0.95,11,08,00,00
Farmer_Structural_Damage,11_08_00_00,D&G&Wp,average,20,43.64,1.0,11,08,00,00
Farmer_Structural_Damage,11_08_00_00,D&G&Wp,average,60,183.0,1.0,11,08,00,00
Farmer_Structural_Damage,11_08_00_00,D&G&Wp,average,100,292.36,0.81,11,08,00,00
Farmer_Structural_Damage,11_08_00_00,D&Wp,average,20,43.66,1.0,11,08,00,00
Farmer_Structural_Damage,11_08_00_00,D&Wp,average,60,189.04,1.0,11,08,00,00
Farmer_Structural_Damage,11_08_00_00,D&Wp,average,100,294.54,0.76,11,08,00,00
Farmer_Structural_Damage,11_08_00_00,G,average,20,43.59,1.0,11,08,00,00
Farmer_Structural_Damage,11_08_00_00,G,average,60,170.93,1.0,11,08,00,00
Farmer_Structural_Damage,11_08_00_00,G,average,100,288.01,0.93,11,08,00,00
Farmer_Structural_Damage,11_08_00_00,G&Wp,average,20,46.75,1.0,11,08,00,00
Farmer_Structural_Damage,11_08_00_00,G&Wp,average,60,209.2,1.0,11,08,00,00
Farmer_Structural_Damage,11_08_00_00,G&Wp,average,100,340.66,0.77,11,08,00,00
Farmer_Structural_Damage,11_08_00_00,Wp,average,20,49.92,1.01,11,08,00,00
Farmer_Structural_Damage,11_08_00_00,Wp,average,60,247.46,1.0,11,08,00,00
Farmer_Structural_Damage,11_08_00_00,Wp,average,100,393.3,0.69,11,08,00,00
Farmer_Structural_Damage,11_09_00_00,D,average,20,37.31,1.0,11,09,00,00
Farmer_Structural_Damage,11_09_00_00,D,average,60,130.32,0.99,11,09,00,00
Farmer_Structural_Damage,11_09_00_00,D,average,100,196.58,0.99,11,09,00,00
Farmer_Structural_Damage,11_09_00_00,D&G,average,20,40.43,1.0,11,09,00,00
Farmer_Structural_Damage,11_09_00_00,D&G,average,60,150.13,0.99,11,09,00,00
Farmer_Structural_Damage,11_09_00_00,D&G,average,100,242.64,0.95,11,09,00,00
Farmer_Structural_Damage,11_09_00_00,D&G&Wp,average,20,43.29,0.99,11,09,00,00
Farmer_Structural_Damage,11_09_00_00,D&G&Wp,average,60,181.26,0.99,11,09,00,00
Farmer_Structural_Damage,11_09_00_00,D&G&Wp,average,100,291.58,0.81,11,09,00,00
Farmer_Structural_Damage,11_09_00_00,D&Wp,average,20,43.16,0.99,11,09,00,00
Farmer_Structural_Damage,11_09_00_00,D&Wp,average,60,186.91,0.99,11,09,00,00
Farmer_Structural_Damage,11_09_00_00,D&Wp,average,100,293.03,0.76,11,09,00,00
Farmer_Structural_Damage,11_09_00_00,G,average,20,43.55,1.0,11,09,00,00
Farmer_Structural_Damage,11_09_00_00,G,average,60,169.94,0.99,11,09,00,00
Farmer_Structural_Damage,11_09_00_00,G,average,100,288.69,0.93,11,09,00,00
Farmer_Structural_Damage,11_09_00_00,G&Wp,average,20,46.28,0.99,11,09,00,00
Farmer_Structural_Damage,11_09_00_00,G&Wp,average,60,206.72,0.99,11,09,00,00
Farmer_Structural_Damage,11_09_00_00,G&Wp,average,100,339.08,0.77,11,09,00,00
Farmer_Structural_Damage,11_09_00_00,Wp,average,20,49.01,0.99,11,09,00,00
Farmer_Structural_Damage,11_09_00_00,Wp,average,60,243.5,0.98,11,09,00,00
Farmer_Structural_Damage,11_09_00_00,Wp,average,100,389.48,0.68,11,09,00,00
Farmer_Structural_Damage,13_00_00_00,D,average,20,37.35,1.0,13,00,00,00
Farmer_Structural_Damage,13_00_00_00,D,average,60,124.46,0.95,13,00,00,00
Farmer_Structural_Damage,13_00_00_00,D,average,100,168.39,0.85,13,00,00,00
Farmer_Structural_Damage,13_00_00_00,D&G,average,20,40.5,1.0,13,00,00,00
Farmer_Structural_Damage,13_00_00_00,D&G,average,60,126.5,0.84,13,00,00,00
Farmer_Structural_Damage,13_00_00_00,D&G,average,100,175.72,0.69,13,00,00,00
Farmer_Structural_Damage,13_00_00_00,D&G&Wp,average,20,43.53,1.0,13,00,00,00
Farmer_Structural_Damage,13_00_00_00,D&G&Wp,average,60,139.78,0.76,13,00,00,00
Farmer_Structural_Damage,13_00_00_00,D&G&Wp,average,100,174.67,0.49,13,00,00,00
Farmer_Structural_Damage,13_00_00_00,D&Wp,average,20,43.46,1.0,13,00,00,00
Farmer_Structural_Damage,13_00_00_00,D&Wp,average,60,145.4,0.77,13,00,00,00
Farmer_Structural_Damage,13_00_00_00,D&Wp,average,100,170.47,0.44,13,00,00,00
Farmer_Structural_Damage,13_00_00_00,G,average,20,43.65,1.0,13,00,00,00
Farmer_Structural_Damage,13_00_00_00,G,average,60,128.55,0.75,13,00,00,00
Farmer_Structural_Damage,13_00_00_00,G,average,100,183.06,0.59,13,00,00,00
Farmer_Structural_Damage,13_00_00_00,G&Wp,average,20,46.62,1.0,13,00,00,00
Farmer_Structural_Damage,13_00_00_00,G&Wp,average,60,147.44,0.7,13,00,00,00
Farmer_Structural_Damage,13_00_00_00,G&Wp,average,100,177.81,0.4,13,00,00,00
Farmer_Structural_Damage,13_00_00_00,Wp,average,20,49.58,1.0,13,00,00,00
Farmer_Structural_Damage,13_00_00_00,Wp,average,60,166.34,0.67,13,00,00,00
Farmer_Structural_Damage,13_00_00_00,Wp,average,100,172.56,0.3,13,00,00,00
Farmer_Structural_Damage,13_01_00_00,D,average,20,38.08,1.02,13,01,00,00
Farmer_Structural_Damage,13_01_00_00,D,average,60,115.59,0.88,13,01,00,00
Farmer_Structural_Damage,13_01_00_00,D,average,100,161.01,0.81,13,01,00,00
Farmer_Structural_Damage,13_01_00_00,D&G,average,20,41.34,1.02,13,01,00,00
Farmer_Structural_Damage,13_01_00_00,D&G,average,60,124.05,0.82,13,01,00,00
Farmer_Structural_Damage,13_01_00_00,D&G,average,100,168.81,0.66,13,01,00,00
Farmer_Structural_Damage,13_01_00_00,D&G&Wp,average,20,44.51,1.02,13,01,00,00
Farmer_Structural_Damage,13_01_00_00,D&G&Wp,average,60,139.75,0.76,13,01,00,00
Farmer_Structural_Damage,13_01_00_00,D&G&Wp,average,100,171.72,0.48,13,01,00,00
Farmer_Structural_Damage,13_01_00_00,D&Wp,average,20,44.47,1.02,13,01,00,00
Farmer_Structural_Damage,13_01_00_00,D&Wp,average,60,143.37,0.76,13,01,00,00
Farmer_Structural_Damage,13_01_00_00,D&Wp,average,100,169.28,0.44,13,01,00,00
Farmer_Structural_Damage,13_01_00_00,G,average,20,44.6,1.02,13,01,00,00
Farmer_Structural_Damage,13_01_00_00,G,average,60,132.5,0.77,13,01,00,00
Farmer_Structural_Damage,13_01_00_00,G,average,100,176.61,0.57,13,01,00,00
Farmer_Structural_Damage,13_01_00_00,G&Wp,average,20,47.73,1.02,13,01,00,00
Farmer_Structural_Damage,13_01_00_00,G&Wp,average,60,151.83,0.72,13,01,00,00
Farmer_Structural_Damage,13_01_00_00,G&Wp,average,100,177.08,0.4,13,01,00,00
Farmer_Structural_Damage,13_01_00_00,Wp,average,20,50.86,1.03,13,01,00,00
Farmer_Structural_Damage,13_01_00_00,Wp,average,60,171.16,0.69,13,01,00,00
Farmer_Structural_Damage,13_01_00_00,Wp,average,100,177.55,0.31,13,01,00,00
Farmer_Structural_Damage,13_03_00_00,D,average,20,37.41,1.0,13,03,00,00
Farmer_Structural_Damage,13_03_00_00,D,average,60,114.86,0.87,13,03,00,00
Farmer_Structural_Damage,13_03_00_00,D,average,100,160.28,0.81,13,03,00,00
Farmer_Structural_Damage,13_03_00_00,D&G,average,20,40.64,1.0,13,03,00,00
Farmer_Structural_Damage,13_03_00_00,D&G,average,60,123.31,0.81,13,03,00,00
Farmer_Structural_Damage,13_03_00_00,D&G,average,100,168.08,0.66,13,03,00,00
Farmer_Structural_Damage,13_03_00_00,D&G&Wp,average,20,43.7,1.0,13,03,00,00
Farmer_Structural_Damage,13_03_00_00,D&G&Wp,average,60,138.91,0.76,13,03,00,00
Farmer_Structural_Damage,13_03_00_00,D&G&Wp,average,100,170.89,0.47,13,03,00,00
Farmer_Structural_Damage,13_03_00_00,D&Wp,average,20,43.62,1.0,13,03,00,00
Farmer_Structural_Damage,13_03_00_00,D&Wp,average,60,142.49,0.75,13,03,00,00
Farmer_Structural_Damage,13_03_00_00,D&Wp,average,100,168.4,0.44,13,03,00,00
Farmer_Structural_Damage,13_03_00_00,G,average,20,43.86,1.0,13,03,00,00
Farmer_Structural_Damage,13_03_00_00,G,average,60,131.76,0.77,13,03,00,00
Farmer_Structural_Damage,13_03_00_00,G,average,100,175.87,0.57,13,03,00,00
Farmer_Structural_Damage,13_03_00_00,G&Wp,average,20,46.84,1.0,13,03,00,00
Farmer_Structural_Damage,13_03_00_00,G&Wp,average,60,150.94,0.72,13,03,00,00
Farmer_Structural_Damage,13_03_00_00,G&Wp,average,100,176.19,0.4,13,03,00,00
Farmer_Structural_Damage,13_03_00_00,Wp,average,20,49.82,1.0,13,03,00,00
Farmer_Structural_Damage,13_03_00_00,Wp,average,60,170.12,0.69,13,03,00,00
Farmer_Structural_Damage,13_03_00_00,Wp,average,100,176.51,0.31,13,03,00,00
Farmer_Structural_Damage,13_05_00_00,D,average,20,37.45,1.0,13,05,00,00
Farmer_Structural_Damage,13_05_00_00,D,average,60,125.17,0.95,13,05,00,00
Farmer_Structural_Damage,13_05_00_00,D,average,100,169.14,0.85,13,05,00,00
Farmer_Structural_Damage,13_05_00_00,D&G,average,20,40.62,1.0,13,05,00,00
Farmer_Structural_Damage,13_05_00_00,D&G,average,60,127.24,0.84,13,05,00,00
Farmer_Structural_Damage,13_05_00_00,D&G,average,100,176.59,0.69,13,05,00,00
Farmer_Structural_Damage,13_05_00_00,D&G&Wp,average,20,43.69,1.0,13,05,00,00
Farmer_Structural_Damage,13_05_00_00,D&G&Wp,average,60,140.55,0.77,13,05,00,00
Farmer_Structural_Damage,13_05_00_00,D&G&Wp,average,100,175.52,0.49,13,05,00,00
Farmer_Structural_Damage,13_05_00_00,D&Wp,average,20,43.64,1.0,13,05,00,00
Farmer_Structural_Damage,13_05_00_00,D&Wp,average,60,146.16,0.77,13,05,00,00
Farmer_Structural_Damage,13_05_00_00,D&Wp,average,100,171.26,0.44,13,05,00,00
Farmer_Structural_Damage,13_05_00_00,G,average,20,43.79,1.0,13,05,00,00
Farmer_Structural_Damage,13_05_00_00,G,average,60,129.32,0.75,13,05,00,00
Farmer_Structural_Damage,13_05_00_00,G,average,100,184.03,0.59,13,05,00,00
Farmer_Structural_Damage,13_05_00_00,G&Wp,average,20,46.82,1.0,13,05,00,00
Farmer_Structural_Damage,13_05_00_00,G&Wp,average,60,148.23,0.71,13,05,00,00
Farmer_Structural_Damage,13_05_00_00,G&Wp,average,100,178.7,0.41,13,05,00,00
Farmer_Structural_Damage,13_05_00_00,Wp,average,20,49.85,1.01,13,05,00,00
Farmer_Structural_Damage,13_05_00_00,Wp,average,60,167.15,0.67,13,05,00,00
Farmer_Structural_Damage,13_05_00_00,Wp,average,100,173.37,0.3,13,05,00,00
Farmer_Structural_Damage,13_06_00_00,D,average,20,37.45,1.0,13,06,00,00
Farmer_Structural_Damage,13_06_00_00,D,average,60,125.12,0.95,13,06,00,00
Farmer_Structural_Damage,13_06_00_00,D,average,100,169.09,0.85,13,06,00,00
Farmer_Structural_Damage,13_06_00_00,D&G,average,20,40.62,1.0,13,06,00,00
Farmer_Structural_Damage,13_06_00_00,D&G,average,60,127.13,0.84,13,06,00,00
Farmer_Structural_Damage,13_06_00_00,D&G,average,100,176.48,0.69,13,06,00,00
Farmer_Structural_Damage,13_06_00_00,D&G&Wp,average,20,43.68,1.0,13,06,00,00
Farmer_Structural_Damage,13_06_00_00,D&G&Wp,average,60,140.37,0.76,13,06,00,00
Farmer_Structural_Damage,13_06_00_00,D&G&Wp,average,100,175.34,0.49,13,06,00,00
Farmer_Structural_Damage,13_06_00_00,D&Wp,average,20,43.63,1.0,13,06,00,00
Farmer_Structural_Damage,13_06_00_00,D&Wp,average,60,145.99,0.77,13,06,00,00
Farmer_Structural_Damage,13_06_00_00,D&Wp,average,100,171.08,0.44,13,06,00,00
Farmer_Structural_Damage,13_06_00_00,G,average,20,43.79,1.0,13,06,00,00
Farmer_Structural_Damage,13_06_00_00,G,average,60,129.14,0.75,13,06,00,00
Farmer_Structural_Damage,13_06_00_00,G,average,100,183.86,0.59,13,06,00,00
Farmer_Structural_Damage,13_06_00_00,G&Wp,average,20,46.8,1.0,13,06,00,00
Farmer_Structural_Damage,13_06_00_00,G&Wp,average,60,148.0,0.71,13,06,00,00
Farmer_Structural_Damage,13_06_00_00,G&Wp,average,100,178.47,0.4,13,06,00,00
Farmer_Structural_Damage,13_06_00_00,Wp,average,20,49.81,1.0,13,06,00,00
Farmer_Structural_Damage,13_06_00_00,Wp,average,60,166.85,0.67,13,06,00,00
Farmer_Structural_Damage,13_06_00_00,Wp,average,100,173.08,0.3,13,06,00,00
Farmer_Structural_Damage,13_07_00_00,D,average,20,37.6,1.01,13,07,00,00
Farmer_Structural_Damage,13_07_00_00,D,average,60,125.4,0.96,13,07,00,00
Farmer_Structural_Damage,13_07_00_00,D,average,100,169.38,0.85,13,07,00,00
Farmer_Structural_Damage,13_07_00_00,D&G,average,20,40.82,1.01,13,07,00,00
Farmer_Structural_Damage,13_07_00_00,D&G,average,60,127.48,0.84,13,07,00,00
Farmer_Structural_Damage,13_07_00_00,D&G,average,100,176.82,0.7,13,07,00,00
Farmer_Structural_Damage,13_07_00_00,D&G&Wp,average,20,43.97,1.01,13,07,00,00
Farmer_Structural_Damage,13_07_00_00,D&G&Wp,average,60,140.84,0.77,13,07,00,00
Farmer_Structural_Damage,13_07_00_00,D&G&Wp,average,100,175.81,0.49,13,07,00,00
Farmer_Structural_Damage,13_07_00_00,D&Wp,average,20,43.94,1.01,13,07,00,00
Farmer_Structural_Damage,13_07_00_00,D&Wp,average,60,146.49,0.77,13,07,00,00
Farmer_Structural_Damage,13_07_00_00,D&Wp,average,100,171.59,0.45,13,07,00,00
Farmer_Structural_Damage,13_07_00_00,G,average,20,44.04,1.01,13,07,00,00
Farmer_Structural_Damage,13_07_00_00,G,average,60,129.55,0.76,13,07,00,00
Farmer_Structural_Damage,13_07_00_00,G,average,100,184.26,0.59,13,07,00,00
Farmer_Structural_Damage,13_07_00_00,G&Wp,average,20,47.16,1.01,13,07,00,00
Farmer_Structural_Damage,13_07_00_00,G&Wp,average,60,148.56,0.71,13,07,00,00
Farmer_Structural_Damage,13_07_00_00,G&Wp,average,100,179.03,0.41,13,07,00,00
Farmer_Structural_Damage,13_07_00_00,Wp,average,20,50.28,1.01,13,07,00,00
Farmer_Structural_Damage,13_07_00_00,Wp,average,60,167.57,0.68,13,07,00,00
Farmer_Structural_Damage,13_07_00_00,Wp,average,100,173.8,0.3,13,07,00,00
Farmer_Structural_Damage,13_08_00_00,D,average,20,37.6,1.01,13,08,00,00
Farmer_Structural_Damage,13_08_00_00,D,average,60,125.77,0.96,13,08,00,00
Farmer_Structural_Damage,13_08_00_00,D,average,100,169.74,0.85,13,08,00,00
Farmer_Structural_Damage,13_08_00_00,D&G,average,20,40.82,1.01,13,08,00,00
Farmer_Structural_Damage,13_08_00_00,D&G,average,60,128.05,0.85,13,08,00,00
Farmer_Structural_Damage,13_08_00_00,D&G,average,100,171.65,0.68,13,08,00,00
Farmer_Structural_Damage,13_08_00_00,D&G&Wp,average,20,44.01,1.01,13,08,00,00
Farmer_Structural_Damage,13_08_00_00,D&G&Wp,average,60,142.04,0.77,13,08,00,00
Farmer_Structural_Damage,13_08_00_00,D&G&Wp,average,100,173.24,0.48,13,08,00,00
Farmer_Structural_Damage,13_08_00_00,D&Wp,average,20,44.0,1.01,13,08,00,00
Farmer_Structural_Damage,13_08_00_00,D&Wp,average,60,147.9,0.78,13,08,00,00
Farmer_Structural_Damage,13_08_00_00,D&Wp,average,100,173.08,0.45,13,08,00,00
Farmer_Structural_Damage,13_08_00_00,G,average,20,44.04,1.01,13,08,00,00
Farmer_Structural_Damage,13_08_00_00,G,average,60,130.33,0.76,13,08,00,00
Farmer_Structural_Damage,13_08_00_00,G,average,100,173.56,0.56,13,08,00,00
Farmer_Structural_Damage,13_08_00_00,G&Wp,average,20,47.22,1.01,13,08,00,00
Farmer_Structural_Damage,13_08_00_00,G&Wp,average,60,150.18,0.72,13,08,00,00
Farmer_Structural_Damage,13_08_00_00,G&Wp,average,100,174.99,0.4,13,08,00,00
Farmer_Structural_Damage,13_08_00_00,Wp,average,20,50.4,1.02,13,08,00,00
Farmer_Structural_Damage,13_08_00_00,Wp,average,60,170.04,0.69,13,08,00,00
Farmer_Structural_Damage,13_08_00_00,Wp,average,100,176.43,0.31,13,08,00,00
Farmer_Structural_Damage,13_09_00_00,D,average,20,37.5,1.0,13,09,00,00
Farmer_Structural_Damage,13_09_00_00,D,average,60,112.44,0.86,13,09,00,00
Farmer_Structural_Damage,13_09_00_00,D,average,100,157.14,0.79,13,09,00,00
Farmer_Structural_Damage,13_09_00_00,D&G,average,20,40.77,1.01,13,09,00,00
Farmer_Structural_Damage,13_09_00_00,D&G,average,60,121.47,0.8,13,09,00,00
Farmer_Structural_Damage,13_09_00_00,D&G,average,100,165.5,0.65,13,09,00,00
Farmer_Structural_Damage,13_09_00_00,D&G&Wp,average,20,43.69,1.0,13,09,00,00
Farmer_Structural_Damage,13_09_00_00,D&G&Wp,average,60,137.28,0.75,13,09,00,00
Farmer_Structural_Damage,13_09_00_00,D&G&Wp,average,100,168.77,0.47,13,09,00,00
Farmer_Structural_Damage,13_09_00_00,D&Wp,average,20,43.52,1.0,13,09,00,00
Farmer_Structural_Damage,13_09_00_00,D&Wp,average,60,140.67,0.74,13,09,00,00
Farmer_Structural_Damage,13_09_00_00,D&Wp,average,100,166.22,0.43,13,09,00,00
Farmer_Structural_Damage,13_09_00_00,G,average,20,44.03,1.01,13,09,00,00
Farmer_Structural_Damage,13_09_00_00,G,average,60,130.49,0.76,13,09,00,00
Farmer_Structural_Damage,13_09_00_00,G,average,100,173.86,0.56,13,09,00,00
Farmer_Structural_Damage,13_09_00_00,G&Wp,average,20,46.78,1.0,13,09,00,00
Farmer_Structural_Damage,13_09_00_00,G&Wp,average,60,149.7,0.71,13,09,00,00
Farmer_Structural_Damage,13_09_00_00,G&Wp,average,100,174.58,0.4,13,09,00,00
Farmer_Structural_Damage,13_09_00_00,Wp,average,20,49.53,1.0,13,09,00,00
Farmer_Structural_Damage,13_09_00_00,Wp,average,60,168.9,0.68,13,09,00,00
Farmer_Structural_Damage,13_09_00_00,Wp,average,100,175.3,0.31,13,09,00,00
