objective_parameter,pw_combi,scenario_of_interest,robustness_metric,year,Value,normalized_values,flood_agr,drought_agr,flood_urb,drought_shp
Crop_Loss,00_00_00_00,D,average,20,34.48,1.0,00,00,00,00
Crop_Loss,00_00_00_00,D,average,60,122.99,1.0,00,00,00,00
Crop_Loss,00_00_00_00,D,average,100,196.53,1.0,00,00,00,00
Crop_Loss,00_00_00_00,D&G,average,20,35.2,1.0,00,00,00,00
Crop_Loss,00_00_00_00,D&G,average,60,129.66,1.0,00,00,00,00
Crop_Loss,00_00_00_00,D&G,average,100,214.42,1.0,00,00,00,00
Crop_Loss,00_00_00_00,D&G&Wp,average,20,40.61,1.0,00,00,00,00
Crop_Loss,00_00_00_00,D&G&Wp,average,60,178.62,1.0,00,00,00,00
Crop_Loss,00_00_00_00,D&G&Wp,average,100,341.08,1.0,00,00,00,00
Crop_Loss,00_00_00_00,D&Wp,average,20,42.96,1.0,00,00,00,00
Crop_Loss,00_00_00_00,D&Wp,average,60,199.77,1.0,00,00,00,00
Crop_Loss,00_00_00_00,D&Wp,average,100,395.46,1.0,00,00,00,00
Crop_Loss,00_00_00_00,G,average,20,35.91,1.0,00,00,00,00
Crop_Loss,00_00_00_00,G,average,60,136.34,1.0,00,00,00,00
Crop_Loss,00_00_00_00,G,average,100,232.32,1.0,00,00,00,00
Crop_Loss,00_00_00_00,G&Wp,average,20,43.68,1.0,00,00,00,00
Crop_Loss,00_00_00_00,G&Wp,average,60,206.44,1.0,00,00,00,00
Crop_Loss,00_00_00_00,G&Wp,average,100,413.36,1.0,00,00,00,00
Crop_Loss,00_00_00_00,Wp,average,20,51.44,1.0,00,00,00,00
Crop_Loss,00_00_00_00,Wp,average,60,276.55,1.0,00,00,00,00
Crop_Loss,00_00_00_00,Wp,average,100,594.4,1.0,00,00,00,00
Crop_Loss,00_00_00_01,D,average,20,34.48,1.0,00,00,00,01
Crop_Loss,00_00_00_01,D,average,60,122.99,1.0,00,00,00,01
Crop_Loss,00_00_00_01,D,average,100,196.53,1.0,00,00,00,01
Crop_Loss,00_00_00_01,D&G,average,20,35.2,1.0,00,00,00,01
Crop_Loss,00_00_00_01,D&G,average,60,129.66,1.0,00,00,00,01
Crop_Loss,00_00_00_01,D&G,average,100,214.42,1.0,00,00,00,01
Crop_Loss,00_00_00_01,D&G&Wp,average,20,40.61,1.0,00,00,00,01
Crop_Loss,00_00_00_01,D&G&Wp,average,60,178.62,1.0,00,00,00,01
Crop_Loss,00_00_00_01,D&G&Wp,average,100,341.08,1.0,00,00,00,01
Crop_Loss,00_00_00_01,D&Wp,average,20,42.96,1.0,00,00,00,01
Crop_Loss,00_00_00_01,D&Wp,average,60,199.77,1.0,00,00,00,01
Crop_Loss,00_00_00_01,D&Wp,average,100,395.46,1.0,00,00,00,01
Crop_Loss,00_00_00_01,G,average,20,35.91,1.0,00,00,00,01
Crop_Loss,00_00_00_01,G,average,60,136.34,1.0,00,00,00,01
Crop_Loss,00_00_00_01,G,average,100,232.32,1.0,00,00,00,01
Crop_Loss,00_00_00_01,G&Wp,average,20,43.68,1.0,00,00,00,01
Crop_Loss,00_00_00_01,G&Wp,average,60,206.44,1.0,00,00,00,01
Crop_Loss,00_00_00_01,G&Wp,average,100,413.36,1.0,00,00,00,01
Crop_Loss,00_00_00_01,Wp,average,20,51.44,1.0,00,00,00,01
Crop_Loss,00_00_00_01,Wp,average,60,276.55,1.0,00,00,00,01
Crop_Loss,00_00_00_01,Wp,average,100,594.4,1.0,00,00,00,01
Crop_Loss,00_00_00_02,D,average,20,34.48,1.0,00,00,00,02
Crop_Loss,00_00_00_02,D,average,60,122.99,1.0,00,00,00,02
Crop_Loss,00_00_00_02,D,average,100,196.53,1.0,00,00,00,02
Crop_Loss,00_00_00_02,D&G,average,20,35.2,1.0,00,00,00,02
Crop_Loss,00_00_00_02,D&G,average,60,129.66,1.0,00,00,00,02
Crop_Loss,00_00_00_02,D&G,average,100,214.42,1.0,00,00,00,02
Crop_Loss,00_00_00_02,D&G&Wp,average,20,40.61,1.0,00,00,00,02
Crop_Loss,00_00_00_02,D&G&Wp,average,60,178.62,1.0,00,00,00,02
Crop_Loss,00_00_00_02,D&G&Wp,average,100,341.08,1.0,00,00,00,02
Crop_Loss,00_00_00_02,D&Wp,average,20,42.96,1.0,00,00,00,02
Crop_Loss,00_00_00_02,D&Wp,average,60,199.77,1.0,00,00,00,02
Crop_Loss,00_00_00_02,D&Wp,average,100,395.46,1.0,00,00,00,02
Crop_Loss,00_00_00_02,G,average,20,35.91,1.0,00,00,00,02
Crop_Loss,00_00_00_02,G,average,60,136.34,1.0,00,00,00,02
Crop_Loss,00_00_00_02,G,average,100,232.32,1.0,00,00,00,02
Crop_Loss,00_00_00_02,G&Wp,average,20,43.68,1.0,00,00,00,02
Crop_Loss,00_00_00_02,G&Wp,average,60,206.44,1.0,00,00,00,02
Crop_Loss,00_00_00_02,G&Wp,average,100,413.36,1.0,00,00,00,02
Crop_Loss,00_00_00_02,Wp,average,20,51.44,1.0,00,00,00,02
Crop_Loss,00_00_00_02,Wp,average,60,276.55,1.0,00,00,00,02
Crop_Loss,00_00_00_02,Wp,average,100,594.4,1.0,00,00,00,02
Crop_Loss,00_00_00_04,D,average,20,34.48,1.0,00,00,00,04
Crop_Loss,00_00_00_04,D,average,60,122.99,1.0,00,00,00,04
Crop_Loss,00_00_00_04,D,average,100,196.53,1.0,00,00,00,04
Crop_Loss,00_00_00_04,D&G,average,20,35.2,1.0,00,00,00,04
Crop_Loss,00_00_00_04,D&G,average,60,129.66,1.0,00,00,00,04
Crop_Loss,00_00_00_04,D&G,average,100,214.42,1.0,00,00,00,04
Crop_Loss,00_00_00_04,D&G&Wp,average,20,40.61,1.0,00,00,00,04
Crop_Loss,00_00_00_04,D&G&Wp,average,60,178.62,1.0,00,00,00,04
Crop_Loss,00_00_00_04,D&G&Wp,average,100,341.08,1.0,00,00,00,04
Crop_Loss,00_00_00_04,D&Wp,average,20,42.96,1.0,00,00,00,04
Crop_Loss,00_00_00_04,D&Wp,average,60,199.77,1.0,00,00,00,04
Crop_Loss,00_00_00_04,D&Wp,average,100,395.46,1.0,00,00,00,04
Crop_Loss,00_00_00_04,G,average,20,35.91,1.0,00,00,00,04
Crop_Loss,00_00_00_04,G,average,60,136.34,1.0,00,00,00,04
Crop_Loss,00_00_00_04,G,average,100,232.32,1.0,00,00,00,04
Crop_Loss,00_00_00_04,G&Wp,average,20,43.68,1.0,00,00,00,04
Crop_Loss,00_00_00_04,G&Wp,average,60,206.44,1.0,00,00,00,04
Crop_Loss,00_00_00_04,G&Wp,average,100,413.36,1.0,00,00,00,04
Crop_Loss,00_00_00_04,Wp,average,20,51.44,1.0,00,00,00,04
Crop_Loss,00_00_00_04,Wp,average,60,276.55,1.0,00,00,00,04
Crop_Loss,00_00_00_04,Wp,average,100,594.4,1.0,00,00,00,04
Crop_Loss,00_00_00_05,D,average,20,34.48,1.0,00,00,00,05
Crop_Loss,00_00_00_05,D,average,60,122.99,1.0,00,00,00,05
Crop_Loss,00_00_00_05,D,average,100,196.53,1.0,00,00,00,05
Crop_Loss,00_00_00_05,D&G,average,20,35.2,1.0,00,00,00,05
Crop_Loss,00_00_00_05,D&G,average,60,129.66,1.0,00,00,00,05
Crop_Loss,00_00_00_05,D&G,average,100,214.42,1.0,00,00,00,05
Crop_Loss,00_00_00_05,D&G&Wp,average,20,40.61,1.0,00,00,00,05
Crop_Loss,00_00_00_05,D&G&Wp,average,60,178.62,1.0,00,00,00,05
Crop_Loss,00_00_00_05,D&G&Wp,average,100,341.08,1.0,00,00,00,05
Crop_Loss,00_00_00_05,D&Wp,average,20,42.96,1.0,00,00,00,05
Crop_Loss,00_00_00_05,D&Wp,average,60,199.77,1.0,00,00,00,05
Crop_Loss,00_00_00_05,D&Wp,average,100,395.46,1.0,00,00,00,05
Crop_Loss,00_00_00_05,G,average,20,35.91,1.0,00,00,00,05
Crop_Loss,00_00_00_05,G,average,60,136.34,1.0,00,00,00,05
Crop_Loss,00_00_00_05,G,average,100,232.32,1.0,00,00,00,05
Crop_Loss,00_00_00_05,G&Wp,average,20,43.68,1.0,00,00,00,05
Crop_Loss,00_00_00_05,G&Wp,average,60,206.44,1.0,00,00,00,05
Crop_Loss,00_00_00_05,G&Wp,average,100,413.36,1.0,00,00,00,05
Crop_Loss,00_00_00_05,Wp,average,20,51.44,1.0,00,00,00,05
Crop_Loss,00_00_00_05,Wp,average,60,276.55,1.0,00,00,00,05
Crop_Loss,00_00_00_05,Wp,average,100,594.4,1.0,00,00,00,05
Crop_Loss,00_00_00_07,D,average,20,34.48,1.0,00,00,00,07
Crop_Loss,00_00_00_07,D,average,60,122.99,1.0,00,00,00,07
Crop_Loss,00_00_00_07,D,average,100,196.53,1.0,00,00,00,07
Crop_Loss,00_00_00_07,D&G,average,20,35.2,1.0,00,00,00,07
Crop_Loss,00_00_00_07,D&G,average,60,129.66,1.0,00,00,00,07
Crop_Loss,00_00_00_07,D&G,average,100,214.42,1.0,00,00,00,07
Crop_Loss,00_00_00_07,D&G&Wp,average,20,40.61,1.0,00,00,00,07
Crop_Loss,00_00_00_07,D&G&Wp,average,60,178.62,1.0,00,00,00,07
Crop_Loss,00_00_00_07,D&G&Wp,average,100,341.08,1.0,00,00,00,07
Crop_Loss,00_00_00_07,D&Wp,average,20,42.96,1.0,00,00,00,07
Crop_Loss,00_00_00_07,D&Wp,average,60,199.77,1.0,00,00,00,07
Crop_Loss,00_00_00_07,D&Wp,average,100,395.46,1.0,00,00,00,07
Crop_Loss,00_00_00_07,G,average,20,35.91,1.0,00,00,00,07
Crop_Loss,00_00_00_07,G,average,60,136.34,1.0,00,00,00,07
Crop_Loss,00_00_00_07,G,average,100,232.32,1.0,00,00,00,07
Crop_Loss,00_00_00_07,G&Wp,average,20,43.68,1.0,00,00,00,07
Crop_Loss,00_00_00_07,G&Wp,average,60,206.44,1.0,00,00,00,07
Crop_Loss,00_00_00_07,G&Wp,average,100,413.36,1.0,00,00,00,07
Crop_Loss,00_00_00_07,Wp,average,20,51.44,1.0,00,00,00,07
Crop_Loss,00_00_00_07,Wp,average,60,276.55,1.0,00,00,00,07
Crop_Loss,00_00_00_07,Wp,average,100,594.4,1.0,00,00,00,07
Crop_Loss,00_00_00_08,D,average,20,34.48,1.0,00,00,00,08
Crop_Loss,00_00_00_08,D,average,60,122.99,1.0,00,00,00,08
Crop_Loss,00_00_00_08,D,average,100,196.53,1.0,00,00,00,08
Crop_Loss,00_00_00_08,D&G,average,20,35.2,1.0,00,00,00,08
Crop_Loss,00_00_00_08,D&G,average,60,129.66,1.0,00,00,00,08
Crop_Loss,00_00_00_08,D&G,average,100,214.42,1.0,00,00,00,08
Crop_Loss,00_00_00_08,D&G&Wp,average,20,40.61,1.0,00,00,00,08
Crop_Loss,00_00_00_08,D&G&Wp,average,60,178.62,1.0,00,00,00,08
Crop_Loss,00_00_00_08,D&G&Wp,average,100,341.08,1.0,00,00,00,08
Crop_Loss,00_00_00_08,D&Wp,average,20,42.96,1.0,00,00,00,08
Crop_Loss,00_00_00_08,D&Wp,average,60,199.77,1.0,00,00,00,08
Crop_Loss,00_00_00_08,D&Wp,average,100,395.46,1.0,00,00,00,08
Crop_Loss,00_00_00_08,G,average,20,35.91,1.0,00,00,00,08
Crop_Loss,00_00_00_08,G,average,60,136.34,1.0,00,00,00,08
Crop_Loss,00_00_00_08,G,average,100,232.32,1.0,00,00,00,08
Crop_Loss,00_00_00_08,G&Wp,average,20,43.68,1.0,00,00,00,08
Crop_Loss,00_00_00_08,G&Wp,average,60,206.44,1.0,00,00,00,08
Crop_Loss,00_00_00_08,G&Wp,average,100,413.36,1.0,00,00,00,08
Crop_Loss,00_00_00_08,Wp,average,20,51.44,1.0,00,00,00,08
Crop_Loss,00_00_00_08,Wp,average,60,276.55,1.0,00,00,00,08
Crop_Loss,00_00_00_08,Wp,average,100,594.4,1.0,00,00,00,08
Crop_Loss,00_00_00_09,D,average,20,34.48,1.0,00,00,00,09
Crop_Loss,00_00_00_09,D,average,60,122.99,1.0,00,00,00,09
Crop_Loss,00_00_00_09,D,average,100,196.53,1.0,00,00,00,09
Crop_Loss,00_00_00_09,D&G,average,20,35.2,1.0,00,00,00,09
Crop_Loss,00_00_00_09,D&G,average,60,129.66,1.0,00,00,00,09
Crop_Loss,00_00_00_09,D&G,average,100,214.42,1.0,00,00,00,09
Crop_Loss,00_00_00_09,D&G&Wp,average,20,40.61,1.0,00,00,00,09
Crop_Loss,00_00_00_09,D&G&Wp,average,60,178.62,1.0,00,00,00,09
Crop_Loss,00_00_00_09,D&G&Wp,average,100,341.08,1.0,00,00,00,09
Crop_Loss,00_00_00_09,D&Wp,average,20,42.96,1.0,00,00,00,09
Crop_Loss,00_00_00_09,D&Wp,average,60,199.77,1.0,00,00,00,09
Crop_Loss,00_00_00_09,D&Wp,average,100,395.46,1.0,00,00,00,09
Crop_Loss,00_00_00_09,G,average,20,35.91,1.0,00,00,00,09
Crop_Loss,00_00_00_09,G,average,60,136.34,1.0,00,00,00,09
Crop_Loss,00_00_00_09,G,average,100,232.32,1.0,00,00,00,09
Crop_Loss,00_00_00_09,G&Wp,average,20,43.68,1.0,00,00,00,09
Crop_Loss,00_00_00_09,G&Wp,average,60,206.44,1.0,00,00,00,09
Crop_Loss,00_00_00_09,G&Wp,average,100,413.36,1.0,00,00,00,09
Crop_Loss,00_00_00_09,Wp,average,20,51.44,1.0,00,00,00,09
Crop_Loss,00_00_00_09,Wp,average,60,276.55,1.0,00,00,00,09
Crop_Loss,00_00_00_09,Wp,average,100,594.4,1.0,00,00,00,09
Crop_Loss,01_00_00_00,D,average,20,34.75,1.01,01,00,00,00
Crop_Loss,01_00_00_00,D,average,60,133.36,1.08,01,00,00,00
Crop_Loss,01_00_00_00,D,average,100,231.22,1.18,01,00,00,00
Crop_Loss,01_00_00_00,D&G,average,20,35.48,1.01,01,00,00,00
Crop_Loss,01_00_00_00,D&G,average,60,142.77,1.1,01,00,00,00
Crop_Loss,01_00_00_00,D&G,average,100,251.97,1.18,01,00,00,00
Crop_Loss,01_00_00_00,D&G&Wp,average,20,40.98,1.01,01,00,00,00
Crop_Loss,01_00_00_00,D&G&Wp,average,60,194.68,1.09,01,00,00,00
Crop_Loss,01_00_00_00,D&G&Wp,average,100,382.65,1.12,01,00,00,00
Crop_Loss,01_00_00_00,D&Wp,average,20,43.37,1.01,01,00,00,00
Crop_Loss,01_00_00_00,D&Wp,average,60,215.92,1.08,01,00,00,00
Crop_Loss,01_00_00_00,D&Wp,average,100,437.62,1.11,01,00,00,00
Crop_Loss,01_00_00_00,G,average,20,36.21,1.01,01,00,00,00
Crop_Loss,01_00_00_00,G,average,60,152.18,1.12,01,00,00,00
Crop_Loss,01_00_00_00,G,average,100,272.72,1.17,01,00,00,00
Crop_Loss,01_00_00_00,G&Wp,average,20,44.1,1.01,01,00,00,00
Crop_Loss,01_00_00_00,G&Wp,average,60,225.33,1.09,01,00,00,00
Crop_Loss,01_00_00_00,G&Wp,average,100,458.37,1.11,01,00,00,00
Crop_Loss,01_00_00_00,Wp,average,20,51.99,1.01,01,00,00,00
Crop_Loss,01_00_00_00,Wp,average,60,298.49,1.08,01,00,00,00
Crop_Loss,01_00_00_00,Wp,average,100,644.01,1.08,01,00,00,00
Crop_Loss,01_00_00_01,D,average,20,34.75,1.01,01,00,00,01
Crop_Loss,01_00_00_01,D,average,60,133.36,1.08,01,00,00,01
Crop_Loss,01_00_00_01,D,average,100,231.22,1.18,01,00,00,01
Crop_Loss,01_00_00_01,D&G,average,20,35.48,1.01,01,00,00,01
Crop_Loss,01_00_00_01,D&G,average,60,142.77,1.1,01,00,00,01
Crop_Loss,01_00_00_01,D&G,average,100,251.98,1.18,01,00,00,01
Crop_Loss,01_00_00_01,D&G&Wp,average,20,40.98,1.01,01,00,00,01
Crop_Loss,01_00_00_01,D&G&Wp,average,60,194.68,1.09,01,00,00,01
Crop_Loss,01_00_00_01,D&G&Wp,average,100,382.66,1.12,01,00,00,01
Crop_Loss,01_00_00_01,D&Wp,average,20,43.37,1.01,01,00,00,01
Crop_Loss,01_00_00_01,D&Wp,average,60,215.92,1.08,01,00,00,01
Crop_Loss,01_00_00_01,D&Wp,average,100,437.62,1.11,01,00,00,01
Crop_Loss,01_00_00_01,G,average,20,36.21,1.01,01,00,00,01
Crop_Loss,01_00_00_01,G,average,60,152.18,1.12,01,00,00,01
Crop_Loss,01_00_00_01,G,average,100,272.73,1.17,01,00,00,01
Crop_Loss,01_00_00_01,G&Wp,average,20,44.1,1.01,01,00,00,01
Crop_Loss,01_00_00_01,G&Wp,average,60,225.34,1.09,01,00,00,01
Crop_Loss,01_00_00_01,G&Wp,average,100,458.37,1.11,01,00,00,01
Crop_Loss,01_00_00_01,Wp,average,20,51.99,1.01,01,00,00,01
Crop_Loss,01_00_00_01,Wp,average,60,298.49,1.08,01,00,00,01
Crop_Loss,01_00_00_01,Wp,average,100,644.01,1.08,01,00,00,01
Crop_Loss,01_00_00_02,D,average,20,34.75,1.01,01,00,00,02
Crop_Loss,01_00_00_02,D,average,60,133.36,1.08,01,00,00,02
Crop_Loss,01_00_00_02,D,average,100,231.22,1.18,01,00,00,02
Crop_Loss,01_00_00_02,D&G,average,20,35.48,1.01,01,00,00,02
Crop_Loss,01_00_00_02,D&G,average,60,142.77,1.1,01,00,00,02
Crop_Loss,01_00_00_02,D&G,average,100,251.98,1.18,01,00,00,02
Crop_Loss,01_00_00_02,D&G&Wp,average,20,40.98,1.01,01,00,00,02
Crop_Loss,01_00_00_02,D&G&Wp,average,60,194.68,1.09,01,00,00,02
Crop_Loss,01_00_00_02,D&G&Wp,average,100,382.66,1.12,01,00,00,02
Crop_Loss,01_00_00_02,D&Wp,average,20,43.37,1.01,01,00,00,02
Crop_Loss,01_00_00_02,D&Wp,average,60,215.93,1.08,01,00,00,02
Crop_Loss,01_00_00_02,D&Wp,average,100,437.62,1.11,01,00,00,02
Crop_Loss,01_00_00_02,G,average,20,36.21,1.01,01,00,00,02
Crop_Loss,01_00_00_02,G,average,60,152.18,1.12,01,00,00,02
Crop_Loss,01_00_00_02,G,average,100,272.73,1.17,01,00,00,02
Crop_Loss,01_00_00_02,G&Wp,average,20,44.1,1.01,01,00,00,02
Crop_Loss,01_00_00_02,G&Wp,average,60,225.34,1.09,01,00,00,02
Crop_Loss,01_00_00_02,G&Wp,average,100,458.37,1.11,01,00,00,02
Crop_Loss,01_00_00_02,Wp,average,20,51.99,1.01,01,00,00,02
Crop_Loss,01_00_00_02,Wp,average,60,298.49,1.08,01,00,00,02
Crop_Loss,01_00_00_02,Wp,average,100,644.02,1.08,01,00,00,02
Crop_Loss,01_00_00_04,D,average,20,34.75,1.01,01,00,00,04
Crop_Loss,01_00_00_04,D,average,60,133.36,1.08,01,00,00,04
Crop_Loss,01_00_00_04,D,average,100,231.22,1.18,01,00,00,04
Crop_Loss,01_00_00_04,D&G,average,20,35.48,1.01,01,00,00,04
Crop_Loss,01_00_00_04,D&G,average,60,142.77,1.1,01,00,00,04
Crop_Loss,01_00_00_04,D&G,average,100,251.98,1.18,01,00,00,04
Crop_Loss,01_00_00_04,D&G&Wp,average,20,40.98,1.01,01,00,00,04
Crop_Loss,01_00_00_04,D&G&Wp,average,60,194.68,1.09,01,00,00,04
Crop_Loss,01_00_00_04,D&G&Wp,average,100,382.66,1.12,01,00,00,04
Crop_Loss,01_00_00_04,D&Wp,average,20,43.37,1.01,01,00,00,04
Crop_Loss,01_00_00_04,D&Wp,average,60,215.93,1.08,01,00,00,04
Crop_Loss,01_00_00_04,D&Wp,average,100,437.62,1.11,01,00,00,04
Crop_Loss,01_00_00_04,G,average,20,36.21,1.01,01,00,00,04
Crop_Loss,01_00_00_04,G,average,60,152.18,1.12,01,00,00,04
Crop_Loss,01_00_00_04,G,average,100,272.73,1.17,01,00,00,04
Crop_Loss,01_00_00_04,G&Wp,average,20,44.1,1.01,01,00,00,04
Crop_Loss,01_00_00_04,G&Wp,average,60,225.34,1.09,01,00,00,04
Crop_Loss,01_00_00_04,G&Wp,average,100,458.37,1.11,01,00,00,04
Crop_Loss,01_00_00_04,Wp,average,20,51.99,1.01,01,00,00,04
Crop_Loss,01_00_00_04,Wp,average,60,298.49,1.08,01,00,00,04
Crop_Loss,01_00_00_04,Wp,average,100,644.02,1.08,01,00,00,04
Crop_Loss,01_00_00_05,D,average,20,34.75,1.01,01,00,00,05
Crop_Loss,01_00_00_05,D,average,60,133.36,1.08,01,00,00,05
Crop_Loss,01_00_00_05,D,average,100,231.23,1.18,01,00,00,05
Crop_Loss,01_00_00_05,D&G,average,20,35.48,1.01,01,00,00,05
Crop_Loss,01_00_00_05,D&G,average,60,142.77,1.1,01,00,00,05
Crop_Loss,01_00_00_05,D&G,average,100,251.98,1.18,01,00,00,05
Crop_Loss,01_00_00_05,D&G&Wp,average,20,40.98,1.01,01,00,00,05
Crop_Loss,01_00_00_05,D&G&Wp,average,60,194.68,1.09,01,00,00,05
Crop_Loss,01_00_00_05,D&G&Wp,average,100,382.66,1.12,01,00,00,05
Crop_Loss,01_00_00_05,D&Wp,average,20,43.37,1.01,01,00,00,05
Crop_Loss,01_00_00_05,D&Wp,average,60,215.93,1.08,01,00,00,05
Crop_Loss,01_00_00_05,D&Wp,average,100,437.62,1.11,01,00,00,05
Crop_Loss,01_00_00_05,G,average,20,36.21,1.01,01,00,00,05
Crop_Loss,01_00_00_05,G,average,60,152.18,1.12,01,00,00,05
Crop_Loss,01_00_00_05,G,average,100,272.73,1.17,01,00,00,05
Crop_Loss,01_00_00_05,G&Wp,average,20,44.1,1.01,01,00,00,05
Crop_Loss,01_00_00_05,G&Wp,average,60,225.34,1.09,01,00,00,05
Crop_Loss,01_00_00_05,G&Wp,average,100,458.37,1.11,01,00,00,05
Crop_Loss,01_00_00_05,Wp,average,20,51.99,1.01,01,00,00,05
Crop_Loss,01_00_00_05,Wp,average,60,298.49,1.08,01,00,00,05
Crop_Loss,01_00_00_05,Wp,average,100,644.02,1.08,01,00,00,05
Crop_Loss,01_00_00_07,D,average,20,34.75,1.01,01,00,00,07
Crop_Loss,01_00_00_07,D,average,60,133.36,1.08,01,00,00,07
Crop_Loss,01_00_00_07,D,average,100,231.22,1.18,01,00,00,07
Crop_Loss,01_00_00_07,D&G,average,20,35.48,1.01,01,00,00,07
Crop_Loss,01_00_00_07,D&G,average,60,142.77,1.1,01,00,00,07
Crop_Loss,01_00_00_07,D&G,average,100,251.97,1.18,01,00,00,07
Crop_Loss,01_00_00_07,D&G&Wp,average,20,40.98,1.01,01,00,00,07
Crop_Loss,01_00_00_07,D&G&Wp,average,60,194.68,1.09,01,00,00,07
Crop_Loss,01_00_00_07,D&G&Wp,average,100,382.66,1.12,01,00,00,07
Crop_Loss,01_00_00_07,D&Wp,average,20,43.37,1.01,01,00,00,07
Crop_Loss,01_00_00_07,D&Wp,average,60,215.93,1.08,01,00,00,07
Crop_Loss,01_00_00_07,D&Wp,average,100,437.62,1.11,01,00,00,07
Crop_Loss,01_00_00_07,G,average,20,36.21,1.01,01,00,00,07
Crop_Loss,01_00_00_07,G,average,60,152.18,1.12,01,00,00,07
Crop_Loss,01_00_00_07,G,average,100,272.72,1.17,01,00,00,07
Crop_Loss,01_00_00_07,G&Wp,average,20,44.1,1.01,01,00,00,07
Crop_Loss,01_00_00_07,G&Wp,average,60,225.34,1.09,01,00,00,07
Crop_Loss,01_00_00_07,G&Wp,average,100,458.37,1.11,01,00,00,07
Crop_Loss,01_00_00_07,Wp,average,20,51.99,1.01,01,00,00,07
Crop_Loss,01_00_00_07,Wp,average,60,298.49,1.08,01,00,00,07
Crop_Loss,01_00_00_07,Wp,average,100,644.02,1.08,01,00,00,07
Crop_Loss,01_00_00_08,D,average,20,34.75,1.01,01,00,00,08
Crop_Loss,01_00_00_08,D,average,60,133.36,1.08,01,00,00,08
Crop_Loss,01_00_00_08,D,average,100,231.22,1.18,01,00,00,08
Crop_Loss,01_00_00_08,D&G,average,20,35.48,1.01,01,00,00,08
Crop_Loss,01_00_00_08,D&G,average,60,142.77,1.1,01,00,00,08
Crop_Loss,01_00_00_08,D&G,average,100,251.98,1.18,01,00,00,08
Crop_Loss,01_00_00_08,D&G&Wp,average,20,40.98,1.01,01,00,00,08
Crop_Loss,01_00_00_08,D&G&Wp,average,60,194.68,1.09,01,00,00,08
Crop_Loss,01_00_00_08,D&G&Wp,average,100,382.66,1.12,01,00,00,08
Crop_Loss,01_00_00_08,D&Wp,average,20,43.37,1.01,01,00,00,08
Crop_Loss,01_00_00_08,D&Wp,average,60,215.92,1.08,01,00,00,08
Crop_Loss,01_00_00_08,D&Wp,average,100,437.62,1.11,01,00,00,08
Crop_Loss,01_00_00_08,G,average,20,36.21,1.01,01,00,00,08
Crop_Loss,01_00_00_08,G,average,60,152.18,1.12,01,00,00,08
Crop_Loss,01_00_00_08,G,average,100,272.73,1.17,01,00,00,08
Crop_Loss,01_00_00_08,G&Wp,average,20,44.1,1.01,01,00,00,08
Crop_Loss,01_00_00_08,G&Wp,average,60,225.34,1.09,01,00,00,08
Crop_Loss,01_00_00_08,G&Wp,average,100,458.37,1.11,01,00,00,08
Crop_Loss,01_00_00_08,Wp,average,20,51.99,1.01,01,00,00,08
Crop_Loss,01_00_00_08,Wp,average,60,298.49,1.08,01,00,00,08
Crop_Loss,01_00_00_08,Wp,average,100,644.02,1.08,01,00,00,08
Crop_Loss,01_00_00_09,D,average,20,34.75,1.01,01,00,00,09
Crop_Loss,01_00_00_09,D,average,60,133.36,1.08,01,00,00,09
Crop_Loss,01_00_00_09,D,average,100,231.22,1.18,01,00,00,09
Crop_Loss,01_00_00_09,D&G,average,20,35.48,1.01,01,00,00,09
Crop_Loss,01_00_00_09,D&G,average,60,142.77,1.1,01,00,00,09
Crop_Loss,01_00_00_09,D&G,average,100,251.98,1.18,01,00,00,09
Crop_Loss,01_00_00_09,D&G&Wp,average,20,40.98,1.01,01,00,00,09
Crop_Loss,01_00_00_09,D&G&Wp,average,60,194.68,1.09,01,00,00,09
Crop_Loss,01_00_00_09,D&G&Wp,average,100,382.66,1.12,01,00,00,09
Crop_Loss,01_00_00_09,D&Wp,average,20,43.37,1.01,01,00,00,09
Crop_Loss,01_00_00_09,D&Wp,average,60,215.92,1.08,01,00,00,09
Crop_Loss,01_00_00_09,D&Wp,average,100,437.62,1.11,01,00,00,09
Crop_Loss,01_00_00_09,G,average,20,36.21,1.01,01,00,00,09
Crop_Loss,01_00_00_09,G,average,60,152.18,1.12,01,00,00,09
Crop_Loss,01_00_00_09,G,average,100,272.73,1.17,01,00,00,09
Crop_Loss,01_00_00_09,G&Wp,average,20,44.1,1.01,01,00,00,09
Crop_Loss,01_00_00_09,G&Wp,average,60,225.33,1.09,01,00,00,09
Crop_Loss,01_00_00_09,G&Wp,average,100,458.37,1.11,01,00,00,09
Crop_Loss,01_00_00_09,Wp,average,20,51.99,1.01,01,00,00,09
Crop_Loss,01_00_00_09,Wp,average,60,298.49,1.08,01,00,00,09
Crop_Loss,01_00_00_09,Wp,average,100,644.01,1.08,01,00,00,09
Crop_Loss,03_00_00_00,D,average,20,35.51,1.03,03,00,00,00
Crop_Loss,03_00_00_00,D,average,60,141.52,1.15,03,00,00,00
Crop_Loss,03_00_00_00,D,average,100,244.02,1.24,03,00,00,00
Crop_Loss,03_00_00_00,D&G,average,20,36.28,1.03,03,00,00,00
Crop_Loss,03_00_00_00,D&G,average,60,149.02,1.15,03,00,00,00
Crop_Loss,03_00_00_00,D&G,average,100,261.68,1.22,03,00,00,00
Crop_Loss,03_00_00_00,D&G&Wp,average,20,41.66,1.03,03,00,00,00
Crop_Loss,03_00_00_00,D&G&Wp,average,60,200.5,1.12,03,00,00,00
Crop_Loss,03_00_00_00,D&G&Wp,average,100,391.13,1.15,03,00,00,00
Crop_Loss,03_00_00_00,D&Wp,average,20,43.95,1.02,03,00,00,00
Crop_Loss,03_00_00_00,D&Wp,average,60,222.5,1.11,03,00,00,00
Crop_Loss,03_00_00_00,D&Wp,average,100,447.02,1.13,03,00,00,00
Crop_Loss,03_00_00_00,G,average,20,37.06,1.03,03,00,00,00
Crop_Loss,03_00_00_00,G,average,60,156.51,1.15,03,00,00,00
Crop_Loss,03_00_00_00,G,average,100,279.34,1.2,03,00,00,00
Crop_Loss,03_00_00_00,G&Wp,average,20,44.73,1.02,03,00,00,00
Crop_Loss,03_00_00_00,G&Wp,average,60,229.99,1.11,03,00,00,00
Crop_Loss,03_00_00_00,G&Wp,average,100,464.68,1.12,03,00,00,00
Crop_Loss,03_00_00_00,Wp,average,20,52.4,1.02,03,00,00,00
Crop_Loss,03_00_00_00,Wp,average,60,303.47,1.1,03,00,00,00
Crop_Loss,03_00_00_00,Wp,average,100,650.03,1.09,03,00,00,00
Crop_Loss,03_00_00_01,D,average,20,35.51,1.03,03,00,00,01
Crop_Loss,03_00_00_01,D,average,60,141.52,1.15,03,00,00,01
Crop_Loss,03_00_00_01,D,average,100,244.02,1.24,03,00,00,01
Crop_Loss,03_00_00_01,D&G,average,20,36.29,1.03,03,00,00,01
Crop_Loss,03_00_00_01,D&G,average,60,149.02,1.15,03,00,00,01
Crop_Loss,03_00_00_01,D&G,average,100,261.68,1.22,03,00,00,01
Crop_Loss,03_00_00_01,D&G&Wp,average,20,41.66,1.03,03,00,00,01
Crop_Loss,03_00_00_01,D&G&Wp,average,60,200.51,1.12,03,00,00,01
Crop_Loss,03_00_00_01,D&G&Wp,average,100,391.13,1.15,03,00,00,01
Crop_Loss,03_00_00_01,D&Wp,average,20,43.96,1.02,03,00,00,01
Crop_Loss,03_00_00_01,D&Wp,average,60,222.5,1.11,03,00,00,01
Crop_Loss,03_00_00_01,D&Wp,average,100,447.03,1.13,03,00,00,01
Crop_Loss,03_00_00_01,G,average,20,37.06,1.03,03,00,00,01
Crop_Loss,03_00_00_01,G,average,60,156.52,1.15,03,00,00,01
Crop_Loss,03_00_00_01,G,average,100,279.34,1.2,03,00,00,01
Crop_Loss,03_00_00_01,G&Wp,average,20,44.73,1.02,03,00,00,01
Crop_Loss,03_00_00_01,G&Wp,average,60,230.0,1.11,03,00,00,01
Crop_Loss,03_00_00_01,G&Wp,average,100,464.69,1.12,03,00,00,01
Crop_Loss,03_00_00_01,Wp,average,20,52.4,1.02,03,00,00,01
Crop_Loss,03_00_00_01,Wp,average,60,303.48,1.1,03,00,00,01
Crop_Loss,03_00_00_01,Wp,average,100,650.04,1.09,03,00,00,01
Crop_Loss,03_00_00_02,D,average,20,35.51,1.03,03,00,00,02
Crop_Loss,03_00_00_02,D,average,60,141.53,1.15,03,00,00,02
Crop_Loss,03_00_00_02,D,average,100,244.03,1.24,03,00,00,02
Crop_Loss,03_00_00_02,D&G,average,20,36.29,1.03,03,00,00,02
Crop_Loss,03_00_00_02,D&G,average,60,149.02,1.15,03,00,00,02
Crop_Loss,03_00_00_02,D&G,average,100,261.68,1.22,03,00,00,02
Crop_Loss,03_00_00_02,D&G&Wp,average,20,41.66,1.03,03,00,00,02
Crop_Loss,03_00_00_02,D&G&Wp,average,60,200.5,1.12,03,00,00,02
Crop_Loss,03_00_00_02,D&G&Wp,average,100,391.13,1.15,03,00,00,02
Crop_Loss,03_00_00_02,D&Wp,average,20,43.96,1.02,03,00,00,02
Crop_Loss,03_00_00_02,D&Wp,average,60,222.5,1.11,03,00,00,02
Crop_Loss,03_00_00_02,D&Wp,average,100,447.03,1.13,03,00,00,02
Crop_Loss,03_00_00_02,G,average,20,37.06,1.03,03,00,00,02
Crop_Loss,03_00_00_02,G,average,60,156.51,1.15,03,00,00,02
Crop_Loss,03_00_00_02,G,average,100,279.33,1.2,03,00,00,02
Crop_Loss,03_00_00_02,G&Wp,average,20,44.73,1.02,03,00,00,02
Crop_Loss,03_00_00_02,G&Wp,average,60,229.99,1.11,03,00,00,02
Crop_Loss,03_00_00_02,G&Wp,average,100,464.68,1.12,03,00,00,02
Crop_Loss,03_00_00_02,Wp,average,20,52.4,1.02,03,00,00,02
Crop_Loss,03_00_00_02,Wp,average,60,303.48,1.1,03,00,00,02
Crop_Loss,03_00_00_02,Wp,average,100,650.04,1.09,03,00,00,02
Crop_Loss,03_00_00_04,D,average,20,35.51,1.03,03,00,00,04
Crop_Loss,03_00_00_04,D,average,60,141.52,1.15,03,00,00,04
Crop_Loss,03_00_00_04,D,average,100,244.02,1.24,03,00,00,04
Crop_Loss,03_00_00_04,D&G,average,20,36.28,1.03,03,00,00,04
Crop_Loss,03_00_00_04,D&G,average,60,149.02,1.15,03,00,00,04
Crop_Loss,03_00_00_04,D&G,average,100,261.68,1.22,03,00,00,04
Crop_Loss,03_00_00_04,D&G&Wp,average,20,41.66,1.03,03,00,00,04
Crop_Loss,03_00_00_04,D&G&Wp,average,60,200.5,1.12,03,00,00,04
Crop_Loss,03_00_00_04,D&G&Wp,average,100,391.13,1.15,03,00,00,04
Crop_Loss,03_00_00_04,D&Wp,average,20,43.95,1.02,03,00,00,04
Crop_Loss,03_00_00_04,D&Wp,average,60,222.5,1.11,03,00,00,04
Crop_Loss,03_00_00_04,D&Wp,average,100,447.03,1.13,03,00,00,04
Crop_Loss,03_00_00_04,G,average,20,37.06,1.03,03,00,00,04
Crop_Loss,03_00_00_04,G,average,60,156.51,1.15,03,00,00,04
Crop_Loss,03_00_00_04,G,average,100,279.33,1.2,03,00,00,04
Crop_Loss,03_00_00_04,G&Wp,average,20,44.73,1.02,03,00,00,04
Crop_Loss,03_00_00_04,G&Wp,average,60,229.99,1.11,03,00,00,04
Crop_Loss,03_00_00_04,G&Wp,average,100,464.69,1.12,03,00,00,04
Crop_Loss,03_00_00_04,Wp,average,20,52.4,1.02,03,00,00,04
Crop_Loss,03_00_00_04,Wp,average,60,303.48,1.1,03,00,00,04
Crop_Loss,03_00_00_04,Wp,average,100,650.04,1.09,03,00,00,04
Crop_Loss,03_00_00_05,D,average,20,35.51,1.03,03,00,00,05
Crop_Loss,03_00_00_05,D,average,60,141.52,1.15,03,00,00,05
Crop_Loss,03_00_00_05,D,average,100,244.02,1.24,03,00,00,05
Crop_Loss,03_00_00_05,D&G,average,20,36.29,1.03,03,00,00,05
Crop_Loss,03_00_00_05,D&G,average,60,149.02,1.15,03,00,00,05
Crop_Loss,03_00_00_05,D&G,average,100,261.68,1.22,03,00,00,05
Crop_Loss,03_00_00_05,D&G&Wp,average,20,41.66,1.03,03,00,00,05
Crop_Loss,03_00_00_05,D&G&Wp,average,60,200.5,1.12,03,00,00,05
Crop_Loss,03_00_00_05,D&G&Wp,average,100,391.13,1.15,03,00,00,05
Crop_Loss,03_00_00_05,D&Wp,average,20,43.96,1.02,03,00,00,05
Crop_Loss,03_00_00_05,D&Wp,average,60,222.5,1.11,03,00,00,05
Crop_Loss,03_00_00_05,D&Wp,average,100,447.02,1.13,03,00,00,05
Crop_Loss,03_00_00_05,G,average,20,37.06,1.03,03,00,00,05
Crop_Loss,03_00_00_05,G,average,60,156.52,1.15,03,00,00,05
Crop_Loss,03_00_00_05,G,average,100,279.34,1.2,03,00,00,05
Crop_Loss,03_00_00_05,G&Wp,average,20,44.73,1.02,03,00,00,05
Crop_Loss,03_00_00_05,G&Wp,average,60,230.0,1.11,03,00,00,05
Crop_Loss,03_00_00_05,G&Wp,average,100,464.69,1.12,03,00,00,05
Crop_Loss,03_00_00_05,Wp,average,20,52.4,1.02,03,00,00,05
Crop_Loss,03_00_00_05,Wp,average,60,303.48,1.1,03,00,00,05
Crop_Loss,03_00_00_05,Wp,average,100,650.03,1.09,03,00,00,05
Crop_Loss,03_00_00_07,D,average,20,35.51,1.03,03,00,00,07
Crop_Loss,03_00_00_07,D,average,60,141.52,1.15,03,00,00,07
Crop_Loss,03_00_00_07,D,average,100,244.02,1.24,03,00,00,07
Crop_Loss,03_00_00_07,D&G,average,20,36.29,1.03,03,00,00,07
Crop_Loss,03_00_00_07,D&G,average,60,149.02,1.15,03,00,00,07
Crop_Loss,03_00_00_07,D&G,average,100,261.68,1.22,03,00,00,07
Crop_Loss,03_00_00_07,D&G&Wp,average,20,41.66,1.03,03,00,00,07
Crop_Loss,03_00_00_07,D&G&Wp,average,60,200.5,1.12,03,00,00,07
Crop_Loss,03_00_00_07,D&G&Wp,average,100,391.13,1.15,03,00,00,07
Crop_Loss,03_00_00_07,D&Wp,average,20,43.95,1.02,03,00,00,07
Crop_Loss,03_00_00_07,D&Wp,average,60,222.5,1.11,03,00,00,07
Crop_Loss,03_00_00_07,D&Wp,average,100,447.03,1.13,03,00,00,07
Crop_Loss,03_00_00_07,G,average,20,37.06,1.03,03,00,00,07
Crop_Loss,03_00_00_07,G,average,60,156.51,1.15,03,00,00,07
Crop_Loss,03_00_00_07,G,average,100,279.33,1.2,03,00,00,07
Crop_Loss,03_00_00_07,G&Wp,average,20,44.73,1.02,03,00,00,07
Crop_Loss,03_00_00_07,G&Wp,average,60,229.99,1.11,03,00,00,07
Crop_Loss,03_00_00_07,G&Wp,average,100,464.69,1.12,03,00,00,07
Crop_Loss,03_00_00_07,Wp,average,20,52.4,1.02,03,00,00,07
Crop_Loss,03_00_00_07,Wp,average,60,303.48,1.1,03,00,00,07
Crop_Loss,03_00_00_07,Wp,average,100,650.04,1.09,03,00,00,07
Crop_Loss,03_00_00_08,D,average,20,35.51,1.03,03,00,00,08
Crop_Loss,03_00_00_08,D,average,60,141.52,1.15,03,00,00,08
Crop_Loss,03_00_00_08,D,average,100,244.02,1.24,03,00,00,08
Crop_Loss,03_00_00_08,D&G,average,20,36.29,1.03,03,00,00,08
Crop_Loss,03_00_00_08,D&G,average,60,149.02,1.15,03,00,00,08
Crop_Loss,03_00_00_08,D&G,average,100,261.67,1.22,03,00,00,08
Crop_Loss,03_00_00_08,D&G&Wp,average,20,41.66,1.03,03,00,00,08
Crop_Loss,03_00_00_08,D&G&Wp,average,60,200.5,1.12,03,00,00,08
Crop_Loss,03_00_00_08,D&G&Wp,average,100,391.13,1.15,03,00,00,08
Crop_Loss,03_00_00_08,D&Wp,average,20,43.95,1.02,03,00,00,08
Crop_Loss,03_00_00_08,D&Wp,average,60,222.5,1.11,03,00,00,08
Crop_Loss,03_00_00_08,D&Wp,average,100,447.03,1.13,03,00,00,08
Crop_Loss,03_00_00_08,G,average,20,37.06,1.03,03,00,00,08
Crop_Loss,03_00_00_08,G,average,60,156.51,1.15,03,00,00,08
Crop_Loss,03_00_00_08,G,average,100,279.33,1.2,03,00,00,08
Crop_Loss,03_00_00_08,G&Wp,average,20,44.73,1.02,03,00,00,08
Crop_Loss,03_00_00_08,G&Wp,average,60,229.99,1.11,03,00,00,08
Crop_Loss,03_00_00_08,G&Wp,average,100,464.68,1.12,03,00,00,08
Crop_Loss,03_00_00_08,Wp,average,20,52.4,1.02,03,00,00,08
Crop_Loss,03_00_00_08,Wp,average,60,303.48,1.1,03,00,00,08
Crop_Loss,03_00_00_08,Wp,average,100,650.04,1.09,03,00,00,08
Crop_Loss,03_00_00_09,D,average,20,35.51,1.03,03,00,00,09
Crop_Loss,03_00_00_09,D,average,60,141.52,1.15,03,00,00,09
Crop_Loss,03_00_00_09,D,average,100,244.02,1.24,03,00,00,09
Crop_Loss,03_00_00_09,D&G,average,20,36.28,1.03,03,00,00,09
Crop_Loss,03_00_00_09,D&G,average,60,149.02,1.15,03,00,00,09
Crop_Loss,03_00_00_09,D&G,average,100,261.68,1.22,03,00,00,09
Crop_Loss,03_00_00_09,D&G&Wp,average,20,41.66,1.03,03,00,00,09
Crop_Loss,03_00_00_09,D&G&Wp,average,60,200.5,1.12,03,00,00,09
Crop_Loss,03_00_00_09,D&G&Wp,average,100,391.13,1.15,03,00,00,09
Crop_Loss,03_00_00_09,D&Wp,average,20,43.95,1.02,03,00,00,09
Crop_Loss,03_00_00_09,D&Wp,average,60,222.5,1.11,03,00,00,09
Crop_Loss,03_00_00_09,D&Wp,average,100,447.03,1.13,03,00,00,09
Crop_Loss,03_00_00_09,G,average,20,37.06,1.03,03,00,00,09
Crop_Loss,03_00_00_09,G,average,60,156.51,1.15,03,00,00,09
Crop_Loss,03_00_00_09,G,average,100,279.33,1.2,03,00,00,09
Crop_Loss,03_00_00_09,G&Wp,average,20,44.73,1.02,03,00,00,09
Crop_Loss,03_00_00_09,G&Wp,average,60,229.99,1.11,03,00,00,09
Crop_Loss,03_00_00_09,G&Wp,average,100,464.68,1.12,03,00,00,09
Crop_Loss,03_00_00_09,Wp,average,20,52.4,1.02,03,00,00,09
Crop_Loss,03_00_00_09,Wp,average,60,303.48,1.1,03,00,00,09
Crop_Loss,03_00_00_09,Wp,average,100,650.04,1.09,03,00,00,09
Crop_Loss,05_00_00_00,D,average,20,33.48,0.97,05,00,00,00
Crop_Loss,05_00_00_00,D,average,60,115.28,0.94,05,00,00,00
Crop_Loss,05_00_00_00,D,average,100,178.27,0.91,05,00,00,00
Crop_Loss,05_00_00_00,D&G,average,20,33.83,0.96,05,00,00,00
Crop_Loss,05_00_00_00,D&G,average,60,120.45,0.93,05,00,00,00
Crop_Loss,05_00_00_00,D&G,average,100,191.03,0.89,05,00,00,00
Crop_Loss,05_00_00_00,D&G&Wp,average,20,39.48,0.97,05,00,00,00
Crop_Loss,05_00_00_00,D&G&Wp,average,60,167.86,0.94,05,00,00,00
Crop_Loss,05_00_00_00,D&G&Wp,average,100,314.04,0.92,05,00,00,00
Crop_Loss,05_00_00_00,D&Wp,average,20,42.14,0.98,05,00,00,00
Crop_Loss,05_00_00_00,D&Wp,average,60,188.97,0.95,05,00,00,00
Crop_Loss,05_00_00_00,D&Wp,average,100,369.16,0.93,05,00,00,00
Crop_Loss,05_00_00_00,G,average,20,34.17,0.95,05,00,00,00
Crop_Loss,05_00_00_00,G,average,60,125.63,0.92,05,00,00,00
Crop_Loss,05_00_00_00,G,average,100,203.78,0.88,05,00,00,00
Crop_Loss,05_00_00_00,G&Wp,average,20,42.48,0.97,05,00,00,00
Crop_Loss,05_00_00_00,G&Wp,average,60,194.15,0.94,05,00,00,00
Crop_Loss,05_00_00_00,G&Wp,average,100,381.92,0.92,05,00,00,00
Crop_Loss,05_00_00_00,Wp,average,20,50.79,0.99,05,00,00,00
Crop_Loss,05_00_00_00,Wp,average,60,262.67,0.95,05,00,00,00
Crop_Loss,05_00_00_00,Wp,average,100,560.06,0.94,05,00,00,00
Crop_Loss,05_00_00_01,D,average,20,33.48,0.97,05,00,00,01
Crop_Loss,05_00_00_01,D,average,60,115.28,0.94,05,00,00,01
Crop_Loss,05_00_00_01,D,average,100,178.27,0.91,05,00,00,01
Crop_Loss,05_00_00_01,D&G,average,20,33.83,0.96,05,00,00,01
Crop_Loss,05_00_00_01,D&G,average,60,120.45,0.93,05,00,00,01
Crop_Loss,05_00_00_01,D&G,average,100,191.03,0.89,05,00,00,01
Crop_Loss,05_00_00_01,D&G&Wp,average,20,39.48,0.97,05,00,00,01
Crop_Loss,05_00_00_01,D&G&Wp,average,60,167.86,0.94,05,00,00,01
Crop_Loss,05_00_00_01,D&G&Wp,average,100,314.04,0.92,05,00,00,01
Crop_Loss,05_00_00_01,D&Wp,average,20,42.14,0.98,05,00,00,01
Crop_Loss,05_00_00_01,D&Wp,average,60,188.97,0.95,05,00,00,01
Crop_Loss,05_00_00_01,D&Wp,average,100,369.16,0.93,05,00,00,01
Crop_Loss,05_00_00_01,G,average,20,34.17,0.95,05,00,00,01
Crop_Loss,05_00_00_01,G,average,60,125.63,0.92,05,00,00,01
Crop_Loss,05_00_00_01,G,average,100,203.78,0.88,05,00,00,01
Crop_Loss,05_00_00_01,G&Wp,average,20,42.48,0.97,05,00,00,01
Crop_Loss,05_00_00_01,G&Wp,average,60,194.15,0.94,05,00,00,01
Crop_Loss,05_00_00_01,G&Wp,average,100,381.92,0.92,05,00,00,01
Crop_Loss,05_00_00_01,Wp,average,20,50.79,0.99,05,00,00,01
Crop_Loss,05_00_00_01,Wp,average,60,262.67,0.95,05,00,00,01
Crop_Loss,05_00_00_01,Wp,average,100,560.06,0.94,05,00,00,01
Crop_Loss,05_00_00_02,D,average,20,33.48,0.97,05,00,00,02
Crop_Loss,05_00_00_02,D,average,60,115.28,0.94,05,00,00,02
Crop_Loss,05_00_00_02,D,average,100,178.27,0.91,05,00,00,02
Crop_Loss,05_00_00_02,D&G,average,20,33.83,0.96,05,00,00,02
Crop_Loss,05_00_00_02,D&G,average,60,120.45,0.93,05,00,00,02
Crop_Loss,05_00_00_02,D&G,average,100,191.03,0.89,05,00,00,02
Crop_Loss,05_00_00_02,D&G&Wp,average,20,39.48,0.97,05,00,00,02
Crop_Loss,05_00_00_02,D&G&Wp,average,60,167.86,0.94,05,00,00,02
Crop_Loss,05_00_00_02,D&G&Wp,average,100,314.04,0.92,05,00,00,02
Crop_Loss,05_00_00_02,D&Wp,average,20,42.14,0.98,05,00,00,02
Crop_Loss,05_00_00_02,D&Wp,average,60,188.97,0.95,05,00,00,02
Crop_Loss,05_00_00_02,D&Wp,average,100,369.16,0.93,05,00,00,02
Crop_Loss,05_00_00_02,G,average,20,34.17,0.95,05,00,00,02
Crop_Loss,05_00_00_02,G,average,60,125.63,0.92,05,00,00,02
Crop_Loss,05_00_00_02,G,average,100,203.78,0.88,05,00,00,02
Crop_Loss,05_00_00_02,G&Wp,average,20,42.48,0.97,05,00,00,02
Crop_Loss,05_00_00_02,G&Wp,average,60,194.15,0.94,05,00,00,02
Crop_Loss,05_00_00_02,G&Wp,average,100,381.92,0.92,05,00,00,02
Crop_Loss,05_00_00_02,Wp,average,20,50.79,0.99,05,00,00,02
Crop_Loss,05_00_00_02,Wp,average,60,262.67,0.95,05,00,00,02
Crop_Loss,05_00_00_02,Wp,average,100,560.06,0.94,05,00,00,02
Crop_Loss,05_00_00_04,D,average,20,33.48,0.97,05,00,00,04
Crop_Loss,05_00_00_04,D,average,60,115.28,0.94,05,00,00,04
Crop_Loss,05_00_00_04,D,average,100,178.27,0.91,05,00,00,04
Crop_Loss,05_00_00_04,D&G,average,20,33.83,0.96,05,00,00,04
Crop_Loss,05_00_00_04,D&G,average,60,120.45,0.93,05,00,00,04
Crop_Loss,05_00_00_04,D&G,average,100,191.03,0.89,05,00,00,04
Crop_Loss,05_00_00_04,D&G&Wp,average,20,39.48,0.97,05,00,00,04
Crop_Loss,05_00_00_04,D&G&Wp,average,60,167.86,0.94,05,00,00,04
Crop_Loss,05_00_00_04,D&G&Wp,average,100,314.04,0.92,05,00,00,04
Crop_Loss,05_00_00_04,D&Wp,average,20,42.14,0.98,05,00,00,04
Crop_Loss,05_00_00_04,D&Wp,average,60,188.97,0.95,05,00,00,04
Crop_Loss,05_00_00_04,D&Wp,average,100,369.16,0.93,05,00,00,04
Crop_Loss,05_00_00_04,G,average,20,34.17,0.95,05,00,00,04
Crop_Loss,05_00_00_04,G,average,60,125.63,0.92,05,00,00,04
Crop_Loss,05_00_00_04,G,average,100,203.78,0.88,05,00,00,04
Crop_Loss,05_00_00_04,G&Wp,average,20,42.48,0.97,05,00,00,04
Crop_Loss,05_00_00_04,G&Wp,average,60,194.15,0.94,05,00,00,04
Crop_Loss,05_00_00_04,G&Wp,average,100,381.92,0.92,05,00,00,04
Crop_Loss,05_00_00_04,Wp,average,20,50.79,0.99,05,00,00,04
Crop_Loss,05_00_00_04,Wp,average,60,262.67,0.95,05,00,00,04
Crop_Loss,05_00_00_04,Wp,average,100,560.06,0.94,05,00,00,04
Crop_Loss,05_00_00_05,D,average,20,33.48,0.97,05,00,00,05
Crop_Loss,05_00_00_05,D,average,60,115.28,0.94,05,00,00,05
Crop_Loss,05_00_00_05,D,average,100,178.27,0.91,05,00,00,05
Crop_Loss,05_00_00_05,D&G,average,20,33.83,0.96,05,00,00,05
Crop_Loss,05_00_00_05,D&G,average,60,120.45,0.93,05,00,00,05
Crop_Loss,05_00_00_05,D&G,average,100,191.03,0.89,05,00,00,05
Crop_Loss,05_00_00_05,D&G&Wp,average,20,39.48,0.97,05,00,00,05
Crop_Loss,05_00_00_05,D&G&Wp,average,60,167.86,0.94,05,00,00,05
Crop_Loss,05_00_00_05,D&G&Wp,average,100,314.04,0.92,05,00,00,05
Crop_Loss,05_00_00_05,D&Wp,average,20,42.14,0.98,05,00,00,05
Crop_Loss,05_00_00_05,D&Wp,average,60,188.97,0.95,05,00,00,05
Crop_Loss,05_00_00_05,D&Wp,average,100,369.16,0.93,05,00,00,05
Crop_Loss,05_00_00_05,G,average,20,34.17,0.95,05,00,00,05
Crop_Loss,05_00_00_05,G,average,60,125.63,0.92,05,00,00,05
Crop_Loss,05_00_00_05,G,average,100,203.78,0.88,05,00,00,05
Crop_Loss,05_00_00_05,G&Wp,average,20,42.48,0.97,05,00,00,05
Crop_Loss,05_00_00_05,G&Wp,average,60,194.15,0.94,05,00,00,05
Crop_Loss,05_00_00_05,G&Wp,average,100,381.92,0.92,05,00,00,05
Crop_Loss,05_00_00_05,Wp,average,20,50.79,0.99,05,00,00,05
Crop_Loss,05_00_00_05,Wp,average,60,262.67,0.95,05,00,00,05
Crop_Loss,05_00_00_05,Wp,average,100,560.06,0.94,05,00,00,05
Crop_Loss,05_00_00_07,D,average,20,33.48,0.97,05,00,00,07
Crop_Loss,05_00_00_07,D,average,60,115.28,0.94,05,00,00,07
Crop_Loss,05_00_00_07,D,average,100,178.27,0.91,05,00,00,07
Crop_Loss,05_00_00_07,D&G,average,20,33.83,0.96,05,00,00,07
Crop_Loss,05_00_00_07,D&G,average,60,120.45,0.93,05,00,00,07
Crop_Loss,05_00_00_07,D&G,average,100,191.03,0.89,05,00,00,07
Crop_Loss,05_00_00_07,D&G&Wp,average,20,39.48,0.97,05,00,00,07
Crop_Loss,05_00_00_07,D&G&Wp,average,60,167.86,0.94,05,00,00,07
Crop_Loss,05_00_00_07,D&G&Wp,average,100,314.04,0.92,05,00,00,07
Crop_Loss,05_00_00_07,D&Wp,average,20,42.14,0.98,05,00,00,07
Crop_Loss,05_00_00_07,D&Wp,average,60,188.97,0.95,05,00,00,07
Crop_Loss,05_00_00_07,D&Wp,average,100,369.16,0.93,05,00,00,07
Crop_Loss,05_00_00_07,G,average,20,34.17,0.95,05,00,00,07
Crop_Loss,05_00_00_07,G,average,60,125.63,0.92,05,00,00,07
Crop_Loss,05_00_00_07,G,average,100,203.78,0.88,05,00,00,07
Crop_Loss,05_00_00_07,G&Wp,average,20,42.48,0.97,05,00,00,07
Crop_Loss,05_00_00_07,G&Wp,average,60,194.15,0.94,05,00,00,07
Crop_Loss,05_00_00_07,G&Wp,average,100,381.92,0.92,05,00,00,07
Crop_Loss,05_00_00_07,Wp,average,20,50.79,0.99,05,00,00,07
Crop_Loss,05_00_00_07,Wp,average,60,262.67,0.95,05,00,00,07
Crop_Loss,05_00_00_07,Wp,average,100,560.06,0.94,05,00,00,07
Crop_Loss,05_00_00_08,D,average,20,33.48,0.97,05,00,00,08
Crop_Loss,05_00_00_08,D,average,60,115.28,0.94,05,00,00,08
Crop_Loss,05_00_00_08,D,average,100,178.27,0.91,05,00,00,08
Crop_Loss,05_00_00_08,D&G,average,20,33.83,0.96,05,00,00,08
Crop_Loss,05_00_00_08,D&G,average,60,120.45,0.93,05,00,00,08
Crop_Loss,05_00_00_08,D&G,average,100,191.03,0.89,05,00,00,08
Crop_Loss,05_00_00_08,D&G&Wp,average,20,39.48,0.97,05,00,00,08
Crop_Loss,05_00_00_08,D&G&Wp,average,60,167.86,0.94,05,00,00,08
Crop_Loss,05_00_00_08,D&G&Wp,average,100,314.04,0.92,05,00,00,08
Crop_Loss,05_00_00_08,D&Wp,average,20,42.14,0.98,05,00,00,08
Crop_Loss,05_00_00_08,D&Wp,average,60,188.97,0.95,05,00,00,08
Crop_Loss,05_00_00_08,D&Wp,average,100,369.16,0.93,05,00,00,08
Crop_Loss,05_00_00_08,G,average,20,34.17,0.95,05,00,00,08
Crop_Loss,05_00_00_08,G,average,60,125.63,0.92,05,00,00,08
Crop_Loss,05_00_00_08,G,average,100,203.78,0.88,05,00,00,08
Crop_Loss,05_00_00_08,G&Wp,average,20,42.48,0.97,05,00,00,08
Crop_Loss,05_00_00_08,G&Wp,average,60,194.15,0.94,05,00,00,08
Crop_Loss,05_00_00_08,G&Wp,average,100,381.92,0.92,05,00,00,08
Crop_Loss,05_00_00_08,Wp,average,20,50.79,0.99,05,00,00,08
Crop_Loss,05_00_00_08,Wp,average,60,262.67,0.95,05,00,00,08
Crop_Loss,05_00_00_08,Wp,average,100,560.06,0.94,05,00,00,08
Crop_Loss,05_00_00_09,D,average,20,33.48,0.97,05,00,00,09
Crop_Loss,05_00_00_09,D,average,60,115.28,0.94,05,00,00,09
Crop_Loss,05_00_00_09,D,average,100,178.27,0.91,05,00,00,09
Crop_Loss,05_00_00_09,D&G,average,20,33.83,0.96,05,00,00,09
Crop_Loss,05_00_00_09,D&G,average,60,120.45,0.93,05,00,00,09
Crop_Loss,05_00_00_09,D&G,average,100,191.03,0.89,05,00,00,09
Crop_Loss,05_00_00_09,D&G&Wp,average,20,39.48,0.97,05,00,00,09
Crop_Loss,05_00_00_09,D&G&Wp,average,60,167.86,0.94,05,00,00,09
Crop_Loss,05_00_00_09,D&G&Wp,average,100,314.04,0.92,05,00,00,09
Crop_Loss,05_00_00_09,D&Wp,average,20,42.14,0.98,05,00,00,09
Crop_Loss,05_00_00_09,D&Wp,average,60,188.97,0.95,05,00,00,09
Crop_Loss,05_00_00_09,D&Wp,average,100,369.16,0.93,05,00,00,09
Crop_Loss,05_00_00_09,G,average,20,34.17,0.95,05,00,00,09
Crop_Loss,05_00_00_09,G,average,60,125.63,0.92,05,00,00,09
Crop_Loss,05_00_00_09,G,average,100,203.78,0.88,05,00,00,09
Crop_Loss,05_00_00_09,G&Wp,average,20,42.48,0.97,05,00,00,09
Crop_Loss,05_00_00_09,G&Wp,average,60,194.15,0.94,05,00,00,09
Crop_Loss,05_00_00_09,G&Wp,average,100,381.92,0.92,05,00,00,09
Crop_Loss,05_00_00_09,Wp,average,20,50.79,0.99,05,00,00,09
Crop_Loss,05_00_00_09,Wp,average,60,262.67,0.95,05,00,00,09
Crop_Loss,05_00_00_09,Wp,average,100,560.06,0.94,05,00,00,09
Crop_Loss,07_00_00_00,D,average,20,33.48,0.97,07,00,00,00
Crop_Loss,07_00_00_00,D,average,60,115.0,0.94,07,00,00,00
Crop_Loss,07_00_00_00,D,average,100,178.8,0.91,07,00,00,00
Crop_Loss,07_00_00_00,D&G,average,20,33.83,0.96,07,00,00,00
Crop_Loss,07_00_00_00,D&G,average,60,120.2,0.93,07,00,00,00
Crop_Loss,07_00_00_00,D&G,average,100,191.63,0.89,07,00,00,00
Crop_Loss,07_00_00_00,D&G&Wp,average,20,39.48,0.97,07,00,00,00
Crop_Loss,07_00_00_00,D&G&Wp,average,60,168.49,0.94,07,00,00,00
Crop_Loss,07_00_00_00,D&G&Wp,average,100,316.27,0.93,07,00,00,00
Crop_Loss,07_00_00_00,D&Wp,average,20,42.14,0.98,07,00,00,00
Crop_Loss,07_00_00_00,D&Wp,average,60,190.04,0.95,07,00,00,00
Crop_Loss,07_00_00_00,D&Wp,average,100,372.18,0.94,07,00,00,00
Crop_Loss,07_00_00_00,G,average,20,34.17,0.95,07,00,00,00
Crop_Loss,07_00_00_00,G,average,60,125.39,0.92,07,00,00,00
Crop_Loss,07_00_00_00,G,average,100,204.45,0.88,07,00,00,00
Crop_Loss,07_00_00_00,G&Wp,average,20,42.48,0.97,07,00,00,00
Crop_Loss,07_00_00_00,G&Wp,average,60,195.23,0.95,07,00,00,00
Crop_Loss,07_00_00_00,G&Wp,average,100,385.0,0.93,07,00,00,00
Crop_Loss,07_00_00_00,Wp,average,20,50.79,0.99,07,00,00,00
Crop_Loss,07_00_00_00,Wp,average,60,265.07,0.96,07,00,00,00
Crop_Loss,07_00_00_00,Wp,average,100,565.55,0.95,07,00,00,00
Crop_Loss,07_00_00_01,D,average,20,33.48,0.97,07,00,00,01
Crop_Loss,07_00_00_01,D,average,60,115.0,0.94,07,00,00,01
Crop_Loss,07_00_00_01,D,average,100,178.8,0.91,07,00,00,01
Crop_Loss,07_00_00_01,D&G,average,20,33.83,0.96,07,00,00,01
Crop_Loss,07_00_00_01,D&G,average,60,120.2,0.93,07,00,00,01
Crop_Loss,07_00_00_01,D&G,average,100,191.63,0.89,07,00,00,01
Crop_Loss,07_00_00_01,D&G&Wp,average,20,39.48,0.97,07,00,00,01
Crop_Loss,07_00_00_01,D&G&Wp,average,60,168.49,0.94,07,00,00,01
Crop_Loss,07_00_00_01,D&G&Wp,average,100,316.27,0.93,07,00,00,01
Crop_Loss,07_00_00_01,D&Wp,average,20,42.14,0.98,07,00,00,01
Crop_Loss,07_00_00_01,D&Wp,average,60,190.04,0.95,07,00,00,01
Crop_Loss,07_00_00_01,D&Wp,average,100,372.18,0.94,07,00,00,01
Crop_Loss,07_00_00_01,G,average,20,34.17,0.95,07,00,00,01
Crop_Loss,07_00_00_01,G,average,60,125.39,0.92,07,00,00,01
Crop_Loss,07_00_00_01,G,average,100,204.45,0.88,07,00,00,01
Crop_Loss,07_00_00_01,G&Wp,average,20,42.48,0.97,07,00,00,01
Crop_Loss,07_00_00_01,G&Wp,average,60,195.23,0.95,07,00,00,01
Crop_Loss,07_00_00_01,G&Wp,average,100,385.0,0.93,07,00,00,01
Crop_Loss,07_00_00_01,Wp,average,20,50.79,0.99,07,00,00,01
Crop_Loss,07_00_00_01,Wp,average,60,265.07,0.96,07,00,00,01
Crop_Loss,07_00_00_01,Wp,average,100,565.55,0.95,07,00,00,01
Crop_Loss,07_00_00_02,D,average,20,33.48,0.97,07,00,00,02
Crop_Loss,07_00_00_02,D,average,60,115.0,0.94,07,00,00,02
Crop_Loss,07_00_00_02,D,average,100,178.8,0.91,07,00,00,02
Crop_Loss,07_00_00_02,D&G,average,20,33.83,0.96,07,00,00,02
Crop_Loss,07_00_00_02,D&G,average,60,120.2,0.93,07,00,00,02
Crop_Loss,07_00_00_02,D&G,average,100,191.63,0.89,07,00,00,02
Crop_Loss,07_00_00_02,D&G&Wp,average,20,39.48,0.97,07,00,00,02
Crop_Loss,07_00_00_02,D&G&Wp,average,60,168.49,0.94,07,00,00,02
Crop_Loss,07_00_00_02,D&G&Wp,average,100,316.27,0.93,07,00,00,02
Crop_Loss,07_00_00_02,D&Wp,average,20,42.14,0.98,07,00,00,02
Crop_Loss,07_00_00_02,D&Wp,average,60,190.04,0.95,07,00,00,02
Crop_Loss,07_00_00_02,D&Wp,average,100,372.18,0.94,07,00,00,02
Crop_Loss,07_00_00_02,G,average,20,34.17,0.95,07,00,00,02
Crop_Loss,07_00_00_02,G,average,60,125.39,0.92,07,00,00,02
Crop_Loss,07_00_00_02,G,average,100,204.45,0.88,07,00,00,02
Crop_Loss,07_00_00_02,G&Wp,average,20,42.48,0.97,07,00,00,02
Crop_Loss,07_00_00_02,G&Wp,average,60,195.23,0.95,07,00,00,02
Crop_Loss,07_00_00_02,G&Wp,average,100,385.0,0.93,07,00,00,02
Crop_Loss,07_00_00_02,Wp,average,20,50.79,0.99,07,00,00,02
Crop_Loss,07_00_00_02,Wp,average,60,265.07,0.96,07,00,00,02
Crop_Loss,07_00_00_02,Wp,average,100,565.55,0.95,07,00,00,02
Crop_Loss,07_00_00_04,D,average,20,33.48,0.97,07,00,00,04
Crop_Loss,07_00_00_04,D,average,60,115.0,0.94,07,00,00,04
Crop_Loss,07_00_00_04,D,average,100,178.8,0.91,07,00,00,04
Crop_Loss,07_00_00_04,D&G,average,20,33.83,0.96,07,00,00,04
Crop_Loss,07_00_00_04,D&G,average,60,120.2,0.93,07,00,00,04
Crop_Loss,07_00_00_04,D&G,average,100,191.63,0.89,07,00,00,04
Crop_Loss,07_00_00_04,D&G&Wp,average,20,39.48,0.97,07,00,00,04
Crop_Loss,07_00_00_04,D&G&Wp,average,60,168.49,0.94,07,00,00,04
Crop_Loss,07_00_00_04,D&G&Wp,average,100,316.27,0.93,07,00,00,04
Crop_Loss,07_00_00_04,D&Wp,average,20,42.14,0.98,07,00,00,04
Crop_Loss,07_00_00_04,D&Wp,average,60,190.04,0.95,07,00,00,04
Crop_Loss,07_00_00_04,D&Wp,average,100,372.18,0.94,07,00,00,04
Crop_Loss,07_00_00_04,G,average,20,34.17,0.95,07,00,00,04
Crop_Loss,07_00_00_04,G,average,60,125.39,0.92,07,00,00,04
Crop_Loss,07_00_00_04,G,average,100,204.45,0.88,07,00,00,04
Crop_Loss,07_00_00_04,G&Wp,average,20,42.48,0.97,07,00,00,04
Crop_Loss,07_00_00_04,G&Wp,average,60,195.23,0.95,07,00,00,04
Crop_Loss,07_00_00_04,G&Wp,average,100,385.0,0.93,07,00,00,04
Crop_Loss,07_00_00_04,Wp,average,20,50.79,0.99,07,00,00,04
Crop_Loss,07_00_00_04,Wp,average,60,265.07,0.96,07,00,00,04
Crop_Loss,07_00_00_04,Wp,average,100,565.55,0.95,07,00,00,04
Crop_Loss,07_00_00_05,D,average,20,33.48,0.97,07,00,00,05
Crop_Loss,07_00_00_05,D,average,60,115.0,0.94,07,00,00,05
Crop_Loss,07_00_00_05,D,average,100,178.8,0.91,07,00,00,05
Crop_Loss,07_00_00_05,D&G,average,20,33.83,0.96,07,00,00,05
Crop_Loss,07_00_00_05,D&G,average,60,120.2,0.93,07,00,00,05
Crop_Loss,07_00_00_05,D&G,average,100,191.63,0.89,07,00,00,05
Crop_Loss,07_00_00_05,D&G&Wp,average,20,39.48,0.97,07,00,00,05
Crop_Loss,07_00_00_05,D&G&Wp,average,60,168.49,0.94,07,00,00,05
Crop_Loss,07_00_00_05,D&G&Wp,average,100,316.27,0.93,07,00,00,05
Crop_Loss,07_00_00_05,D&Wp,average,20,42.14,0.98,07,00,00,05
Crop_Loss,07_00_00_05,D&Wp,average,60,190.04,0.95,07,00,00,05
Crop_Loss,07_00_00_05,D&Wp,average,100,372.18,0.94,07,00,00,05
Crop_Loss,07_00_00_05,G,average,20,34.17,0.95,07,00,00,05
Crop_Loss,07_00_00_05,G,average,60,125.39,0.92,07,00,00,05
Crop_Loss,07_00_00_05,G,average,100,204.45,0.88,07,00,00,05
Crop_Loss,07_00_00_05,G&Wp,average,20,42.48,0.97,07,00,00,05
Crop_Loss,07_00_00_05,G&Wp,average,60,195.23,0.95,07,00,00,05
Crop_Loss,07_00_00_05,G&Wp,average,100,385.0,0.93,07,00,00,05
Crop_Loss,07_00_00_05,Wp,average,20,50.79,0.99,07,00,00,05
Crop_Loss,07_00_00_05,Wp,average,60,265.07,0.96,07,00,00,05
Crop_Loss,07_00_00_05,Wp,average,100,565.55,0.95,07,00,00,05
Crop_Loss,07_00_00_07,D,average,20,33.48,0.97,07,00,00,07
Crop_Loss,07_00_00_07,D,average,60,115.0,0.94,07,00,00,07
Crop_Loss,07_00_00_07,D,average,100,178.8,0.91,07,00,00,07
Crop_Loss,07_00_00_07,D&G,average,20,33.83,0.96,07,00,00,07
Crop_Loss,07_00_00_07,D&G,average,60,120.2,0.93,07,00,00,07
Crop_Loss,07_00_00_07,D&G,average,100,191.63,0.89,07,00,00,07
Crop_Loss,07_00_00_07,D&G&Wp,average,20,39.48,0.97,07,00,00,07
Crop_Loss,07_00_00_07,D&G&Wp,average,60,168.49,0.94,07,00,00,07
Crop_Loss,07_00_00_07,D&G&Wp,average,100,316.27,0.93,07,00,00,07
Crop_Loss,07_00_00_07,D&Wp,average,20,42.14,0.98,07,00,00,07
Crop_Loss,07_00_00_07,D&Wp,average,60,190.04,0.95,07,00,00,07
Crop_Loss,07_00_00_07,D&Wp,average,100,372.18,0.94,07,00,00,07
Crop_Loss,07_00_00_07,G,average,20,34.17,0.95,07,00,00,07
Crop_Loss,07_00_00_07,G,average,60,125.39,0.92,07,00,00,07
Crop_Loss,07_00_00_07,G,average,100,204.45,0.88,07,00,00,07
Crop_Loss,07_00_00_07,G&Wp,average,20,42.48,0.97,07,00,00,07
Crop_Loss,07_00_00_07,G&Wp,average,60,195.23,0.95,07,00,00,07
Crop_Loss,07_00_00_07,G&Wp,average,100,385.0,0.93,07,00,00,07
Crop_Loss,07_00_00_07,Wp,average,20,50.79,0.99,07,00,00,07
Crop_Loss,07_00_00_07,Wp,average,60,265.07,0.96,07,00,00,07
Crop_Loss,07_00_00_07,Wp,average,100,565.55,0.95,07,00,00,07
Crop_Loss,07_00_00_08,D,average,20,33.48,0.97,07,00,00,08
Crop_Loss,07_00_00_08,D,average,60,115.0,0.94,07,00,00,08
Crop_Loss,07_00_00_08,D,average,100,178.8,0.91,07,00,00,08
Crop_Loss,07_00_00_08,D&G,average,20,33.83,0.96,07,00,00,08
Crop_Loss,07_00_00_08,D&G,average,60,120.2,0.93,07,00,00,08
Crop_Loss,07_00_00_08,D&G,average,100,191.63,0.89,07,00,00,08
Crop_Loss,07_00_00_08,D&G&Wp,average,20,39.48,0.97,07,00,00,08
Crop_Loss,07_00_00_08,D&G&Wp,average,60,168.49,0.94,07,00,00,08
Crop_Loss,07_00_00_08,D&G&Wp,average,100,316.27,0.93,07,00,00,08
Crop_Loss,07_00_00_08,D&Wp,average,20,42.14,0.98,07,00,00,08
Crop_Loss,07_00_00_08,D&Wp,average,60,190.04,0.95,07,00,00,08
Crop_Loss,07_00_00_08,D&Wp,average,100,372.18,0.94,07,00,00,08
Crop_Loss,07_00_00_08,G,average,20,34.17,0.95,07,00,00,08
Crop_Loss,07_00_00_08,G,average,60,125.39,0.92,07,00,00,08
Crop_Loss,07_00_00_08,G,average,100,204.45,0.88,07,00,00,08
Crop_Loss,07_00_00_08,G&Wp,average,20,42.48,0.97,07,00,00,08
Crop_Loss,07_00_00_08,G&Wp,average,60,195.23,0.95,07,00,00,08
Crop_Loss,07_00_00_08,G&Wp,average,100,385.0,0.93,07,00,00,08
Crop_Loss,07_00_00_08,Wp,average,20,50.79,0.99,07,00,00,08
Crop_Loss,07_00_00_08,Wp,average,60,265.07,0.96,07,00,00,08
Crop_Loss,07_00_00_08,Wp,average,100,565.55,0.95,07,00,00,08
Crop_Loss,07_00_00_09,D,average,20,33.48,0.97,07,00,00,09
Crop_Loss,07_00_00_09,D,average,60,115.0,0.94,07,00,00,09
Crop_Loss,07_00_00_09,D,average,100,178.8,0.91,07,00,00,09
Crop_Loss,07_00_00_09,D&G,average,20,33.83,0.96,07,00,00,09
Crop_Loss,07_00_00_09,D&G,average,60,120.2,0.93,07,00,00,09
Crop_Loss,07_00_00_09,D&G,average,100,191.63,0.89,07,00,00,09
Crop_Loss,07_00_00_09,D&G&Wp,average,20,39.48,0.97,07,00,00,09
Crop_Loss,07_00_00_09,D&G&Wp,average,60,168.49,0.94,07,00,00,09
Crop_Loss,07_00_00_09,D&G&Wp,average,100,316.27,0.93,07,00,00,09
Crop_Loss,07_00_00_09,D&Wp,average,20,42.14,0.98,07,00,00,09
Crop_Loss,07_00_00_09,D&Wp,average,60,190.04,0.95,07,00,00,09
Crop_Loss,07_00_00_09,D&Wp,average,100,372.18,0.94,07,00,00,09
Crop_Loss,07_00_00_09,G,average,20,34.17,0.95,07,00,00,09
Crop_Loss,07_00_00_09,G,average,60,125.39,0.92,07,00,00,09
Crop_Loss,07_00_00_09,G,average,100,204.45,0.88,07,00,00,09
Crop_Loss,07_00_00_09,G&Wp,average,20,42.48,0.97,07,00,00,09
Crop_Loss,07_00_00_09,G&Wp,average,60,195.23,0.95,07,00,00,09
Crop_Loss,07_00_00_09,G&Wp,average,100,385.0,0.93,07,00,00,09
Crop_Loss,07_00_00_09,Wp,average,20,50.79,0.99,07,00,00,09
Crop_Loss,07_00_00_09,Wp,average,60,265.07,0.96,07,00,00,09
Crop_Loss,07_00_00_09,Wp,average,100,565.55,0.95,07,00,00,09
Crop_Loss,09_00_00_00,D,average,20,34.48,1.0,09,00,00,00
Crop_Loss,09_00_00_00,D,average,60,128.11,1.04,09,00,00,00
Crop_Loss,09_00_00_00,D,average,100,220.47,1.12,09,00,00,00
Crop_Loss,09_00_00_00,D&G,average,20,35.2,1.0,09,00,00,00
Crop_Loss,09_00_00_00,D&G,average,60,137.48,1.06,09,00,00,00
Crop_Loss,09_00_00_00,D&G,average,100,242.62,1.13,09,00,00,00
Crop_Loss,09_00_00_00,D&G&Wp,average,20,40.61,1.0,09,00,00,00
Crop_Loss,09_00_00_00,D&G&Wp,average,60,188.92,1.06,09,00,00,00
Crop_Loss,09_00_00_00,D&G&Wp,average,100,374.96,1.1,09,00,00,00
Crop_Loss,09_00_00_00,D&Wp,average,20,42.96,1.0,09,00,00,00
Crop_Loss,09_00_00_00,D&Wp,average,60,209.97,1.05,09,00,00,00
Crop_Loss,09_00_00_00,D&Wp,average,100,430.05,1.09,09,00,00,00
Crop_Loss,09_00_00_00,G,average,20,35.91,1.0,09,00,00,00
Crop_Loss,09_00_00_00,G,average,60,146.84,1.08,09,00,00,00
Crop_Loss,09_00_00_00,G,average,100,264.78,1.14,09,00,00,00
Crop_Loss,09_00_00_00,G&Wp,average,20,43.68,1.0,09,00,00,00
Crop_Loss,09_00_00_00,G&Wp,average,60,219.33,1.06,09,00,00,00
Crop_Loss,09_00_00_00,G&Wp,average,100,452.21,1.09,09,00,00,00
Crop_Loss,09_00_00_00,Wp,average,20,51.44,1.0,09,00,00,00
Crop_Loss,09_00_00_00,Wp,average,60,291.82,1.06,09,00,00,00
Crop_Loss,09_00_00_00,Wp,average,100,639.63,1.08,09,00,00,00
Crop_Loss,09_00_00_01,D,average,20,34.48,1.0,09,00,00,01
Crop_Loss,09_00_00_01,D,average,60,128.11,1.04,09,00,00,01
Crop_Loss,09_00_00_01,D,average,100,220.47,1.12,09,00,00,01
Crop_Loss,09_00_00_01,D&G,average,20,35.2,1.0,09,00,00,01
Crop_Loss,09_00_00_01,D&G,average,60,137.47,1.06,09,00,00,01
Crop_Loss,09_00_00_01,D&G,average,100,242.62,1.13,09,00,00,01
Crop_Loss,09_00_00_01,D&G&Wp,average,20,40.61,1.0,09,00,00,01
Crop_Loss,09_00_00_01,D&G&Wp,average,60,188.92,1.06,09,00,00,01
Crop_Loss,09_00_00_01,D&G&Wp,average,100,374.95,1.1,09,00,00,01
Crop_Loss,09_00_00_01,D&Wp,average,20,42.96,1.0,09,00,00,01
Crop_Loss,09_00_00_01,D&Wp,average,60,209.97,1.05,09,00,00,01
Crop_Loss,09_00_00_01,D&Wp,average,100,430.05,1.09,09,00,00,01
Crop_Loss,09_00_00_01,G,average,20,35.91,1.0,09,00,00,01
Crop_Loss,09_00_00_01,G,average,60,146.84,1.08,09,00,00,01
Crop_Loss,09_00_00_01,G,average,100,264.77,1.14,09,00,00,01
Crop_Loss,09_00_00_01,G&Wp,average,20,43.68,1.0,09,00,00,01
Crop_Loss,09_00_00_01,G&Wp,average,60,219.33,1.06,09,00,00,01
Crop_Loss,09_00_00_01,G&Wp,average,100,452.2,1.09,09,00,00,01
Crop_Loss,09_00_00_01,Wp,average,20,51.44,1.0,09,00,00,01
Crop_Loss,09_00_00_01,Wp,average,60,291.82,1.06,09,00,00,01
Crop_Loss,09_00_00_01,Wp,average,100,639.63,1.08,09,00,00,01
Crop_Loss,09_00_00_02,D,average,20,34.48,1.0,09,00,00,02
Crop_Loss,09_00_00_02,D,average,60,128.11,1.04,09,00,00,02
Crop_Loss,09_00_00_02,D,average,100,220.47,1.12,09,00,00,02
Crop_Loss,09_00_00_02,D&G,average,20,35.2,1.0,09,00,00,02
Crop_Loss,09_00_00_02,D&G,average,60,137.47,1.06,09,00,00,02
Crop_Loss,09_00_00_02,D&G,average,100,242.62,1.13,09,00,00,02
Crop_Loss,09_00_00_02,D&G&Wp,average,20,40.61,1.0,09,00,00,02
Crop_Loss,09_00_00_02,D&G&Wp,average,60,188.92,1.06,09,00,00,02
Crop_Loss,09_00_00_02,D&G&Wp,average,100,374.95,1.1,09,00,00,02
Crop_Loss,09_00_00_02,D&Wp,average,20,42.96,1.0,09,00,00,02
Crop_Loss,09_00_00_02,D&Wp,average,60,209.96,1.05,09,00,00,02
Crop_Loss,09_00_00_02,D&Wp,average,100,430.05,1.09,09,00,00,02
Crop_Loss,09_00_00_02,G,average,20,35.91,1.0,09,00,00,02
Crop_Loss,09_00_00_02,G,average,60,146.84,1.08,09,00,00,02
Crop_Loss,09_00_00_02,G,average,100,264.77,1.14,09,00,00,02
Crop_Loss,09_00_00_02,G&Wp,average,20,43.68,1.0,09,00,00,02
Crop_Loss,09_00_00_02,G&Wp,average,60,219.33,1.06,09,00,00,02
Crop_Loss,09_00_00_02,G&Wp,average,100,452.2,1.09,09,00,00,02
Crop_Loss,09_00_00_02,Wp,average,20,51.44,1.0,09,00,00,02
Crop_Loss,09_00_00_02,Wp,average,60,291.81,1.06,09,00,00,02
Crop_Loss,09_00_00_02,Wp,average,100,639.63,1.08,09,00,00,02
Crop_Loss,09_00_00_04,D,average,20,34.48,1.0,09,00,00,04
Crop_Loss,09_00_00_04,D,average,60,128.11,1.04,09,00,00,04
Crop_Loss,09_00_00_04,D,average,100,220.47,1.12,09,00,00,04
Crop_Loss,09_00_00_04,D&G,average,20,35.2,1.0,09,00,00,04
Crop_Loss,09_00_00_04,D&G,average,60,137.48,1.06,09,00,00,04
Crop_Loss,09_00_00_04,D&G,average,100,242.62,1.13,09,00,00,04
Crop_Loss,09_00_00_04,D&G&Wp,average,20,40.61,1.0,09,00,00,04
Crop_Loss,09_00_00_04,D&G&Wp,average,60,188.92,1.06,09,00,00,04
Crop_Loss,09_00_00_04,D&G&Wp,average,100,374.96,1.1,09,00,00,04
Crop_Loss,09_00_00_04,D&Wp,average,20,42.96,1.0,09,00,00,04
Crop_Loss,09_00_00_04,D&Wp,average,60,209.97,1.05,09,00,00,04
Crop_Loss,09_00_00_04,D&Wp,average,100,430.05,1.09,09,00,00,04
Crop_Loss,09_00_00_04,G,average,20,35.91,1.0,09,00,00,04
Crop_Loss,09_00_00_04,G,average,60,146.84,1.08,09,00,00,04
Crop_Loss,09_00_00_04,G,average,100,264.78,1.14,09,00,00,04
Crop_Loss,09_00_00_04,G&Wp,average,20,43.68,1.0,09,00,00,04
Crop_Loss,09_00_00_04,G&Wp,average,60,219.33,1.06,09,00,00,04
Crop_Loss,09_00_00_04,G&Wp,average,100,452.2,1.09,09,00,00,04
Crop_Loss,09_00_00_04,Wp,average,20,51.44,1.0,09,00,00,04
Crop_Loss,09_00_00_04,Wp,average,60,291.82,1.06,09,00,00,04
Crop_Loss,09_00_00_04,Wp,average,100,639.63,1.08,09,00,00,04
Crop_Loss,09_00_00_05,D,average,20,34.48,1.0,09,00,00,05
Crop_Loss,09_00_00_05,D,average,60,128.11,1.04,09,00,00,05
Crop_Loss,09_00_00_05,D,average,100,220.47,1.12,09,00,00,05
Crop_Loss,09_00_00_05,D&G,average,20,35.2,1.0,09,00,00,05
Crop_Loss,09_00_00_05,D&G,average,60,137.48,1.06,09,00,00,05
Crop_Loss,09_00_00_05,D&G,average,100,242.62,1.13,09,00,00,05
Crop_Loss,09_00_00_05,D&G&Wp,average,20,40.61,1.0,09,00,00,05
Crop_Loss,09_00_00_05,D&G&Wp,average,60,188.93,1.06,09,00,00,05
Crop_Loss,09_00_00_05,D&G&Wp,average,100,374.96,1.1,09,00,00,05
Crop_Loss,09_00_00_05,D&Wp,average,20,42.96,1.0,09,00,00,05
Crop_Loss,09_00_00_05,D&Wp,average,60,209.97,1.05,09,00,00,05
Crop_Loss,09_00_00_05,D&Wp,average,100,430.05,1.09,09,00,00,05
Crop_Loss,09_00_00_05,G,average,20,35.91,1.0,09,00,00,05
Crop_Loss,09_00_00_05,G,average,60,146.84,1.08,09,00,00,05
Crop_Loss,09_00_00_05,G,average,100,264.78,1.14,09,00,00,05
Crop_Loss,09_00_00_05,G&Wp,average,20,43.68,1.0,09,00,00,05
Crop_Loss,09_00_00_05,G&Wp,average,60,219.33,1.06,09,00,00,05
Crop_Loss,09_00_00_05,G&Wp,average,100,452.21,1.09,09,00,00,05
Crop_Loss,09_00_00_05,Wp,average,20,51.44,1.0,09,00,00,05
Crop_Loss,09_00_00_05,Wp,average,60,291.82,1.06,09,00,00,05
Crop_Loss,09_00_00_05,Wp,average,100,639.63,1.08,09,00,00,05
Crop_Loss,09_00_00_07,D,average,20,34.48,1.0,09,00,00,07
Crop_Loss,09_00_00_07,D,average,60,128.11,1.04,09,00,00,07
Crop_Loss,09_00_00_07,D,average,100,220.46,1.12,09,00,00,07
Crop_Loss,09_00_00_07,D&G,average,20,35.2,1.0,09,00,00,07
Crop_Loss,09_00_00_07,D&G,average,60,137.47,1.06,09,00,00,07
Crop_Loss,09_00_00_07,D&G,average,100,242.62,1.13,09,00,00,07
Crop_Loss,09_00_00_07,D&G&Wp,average,20,40.61,1.0,09,00,00,07
Crop_Loss,09_00_00_07,D&G&Wp,average,60,188.92,1.06,09,00,00,07
Crop_Loss,09_00_00_07,D&G&Wp,average,100,374.96,1.1,09,00,00,07
Crop_Loss,09_00_00_07,D&Wp,average,20,42.96,1.0,09,00,00,07
Crop_Loss,09_00_00_07,D&Wp,average,60,209.96,1.05,09,00,00,07
Crop_Loss,09_00_00_07,D&Wp,average,100,430.05,1.09,09,00,00,07
Crop_Loss,09_00_00_07,G,average,20,35.91,1.0,09,00,00,07
Crop_Loss,09_00_00_07,G,average,60,146.84,1.08,09,00,00,07
Crop_Loss,09_00_00_07,G,average,100,264.77,1.14,09,00,00,07
Crop_Loss,09_00_00_07,G&Wp,average,20,43.68,1.0,09,00,00,07
Crop_Loss,09_00_00_07,G&Wp,average,60,219.33,1.06,09,00,00,07
Crop_Loss,09_00_00_07,G&Wp,average,100,452.2,1.09,09,00,00,07
Crop_Loss,09_00_00_07,Wp,average,20,51.44,1.0,09,00,00,07
Crop_Loss,09_00_00_07,Wp,average,60,291.82,1.06,09,00,00,07
Crop_Loss,09_00_00_07,Wp,average,100,639.63,1.08,09,00,00,07
Crop_Loss,09_00_00_08,D,average,20,34.48,1.0,09,00,00,08
Crop_Loss,09_00_00_08,D,average,60,128.11,1.04,09,00,00,08
Crop_Loss,09_00_00_08,D,average,100,220.47,1.12,09,00,00,08
Crop_Loss,09_00_00_08,D&G,average,20,35.2,1.0,09,00,00,08
Crop_Loss,09_00_00_08,D&G,average,60,137.48,1.06,09,00,00,08
Crop_Loss,09_00_00_08,D&G,average,100,242.62,1.13,09,00,00,08
Crop_Loss,09_00_00_08,D&G&Wp,average,20,40.61,1.0,09,00,00,08
Crop_Loss,09_00_00_08,D&G&Wp,average,60,188.92,1.06,09,00,00,08
Crop_Loss,09_00_00_08,D&G&Wp,average,100,374.96,1.1,09,00,00,08
Crop_Loss,09_00_00_08,D&Wp,average,20,42.96,1.0,09,00,00,08
Crop_Loss,09_00_00_08,D&Wp,average,60,209.96,1.05,09,00,00,08
Crop_Loss,09_00_00_08,D&Wp,average,100,430.05,1.09,09,00,00,08
Crop_Loss,09_00_00_08,G,average,20,35.91,1.0,09,00,00,08
Crop_Loss,09_00_00_08,G,average,60,146.84,1.08,09,00,00,08
Crop_Loss,09_00_00_08,G,average,100,264.78,1.14,09,00,00,08
Crop_Loss,09_00_00_08,G&Wp,average,20,43.68,1.0,09,00,00,08
Crop_Loss,09_00_00_08,G&Wp,average,60,219.33,1.06,09,00,00,08
Crop_Loss,09_00_00_08,G&Wp,average,100,452.2,1.09,09,00,00,08
Crop_Loss,09_00_00_08,Wp,average,20,51.44,1.0,09,00,00,08
Crop_Loss,09_00_00_08,Wp,average,60,291.81,1.06,09,00,00,08
Crop_Loss,09_00_00_08,Wp,average,100,639.62,1.08,09,00,00,08
Crop_Loss,09_00_00_09,D,average,20,34.48,1.0,09,00,00,09
Crop_Loss,09_00_00_09,D,average,60,128.11,1.04,09,00,00,09
Crop_Loss,09_00_00_09,D,average,100,220.47,1.12,09,00,00,09
Crop_Loss,09_00_00_09,D&G,average,20,35.2,1.0,09,00,00,09
Crop_Loss,09_00_00_09,D&G,average,60,137.48,1.06,09,00,00,09
Crop_Loss,09_00_00_09,D&G,average,100,242.62,1.13,09,00,00,09
Crop_Loss,09_00_00_09,D&G&Wp,average,20,40.61,1.0,09,00,00,09
Crop_Loss,09_00_00_09,D&G&Wp,average,60,188.92,1.06,09,00,00,09
Crop_Loss,09_00_00_09,D&G&Wp,average,100,374.96,1.1,09,00,00,09
Crop_Loss,09_00_00_09,D&Wp,average,20,42.96,1.0,09,00,00,09
Crop_Loss,09_00_00_09,D&Wp,average,60,209.96,1.05,09,00,00,09
Crop_Loss,09_00_00_09,D&Wp,average,100,430.05,1.09,09,00,00,09
Crop_Loss,09_00_00_09,G,average,20,35.91,1.0,09,00,00,09
Crop_Loss,09_00_00_09,G,average,60,146.84,1.08,09,00,00,09
Crop_Loss,09_00_00_09,G,average,100,264.77,1.14,09,00,00,09
Crop_Loss,09_00_00_09,G&Wp,average,20,43.68,1.0,09,00,00,09
Crop_Loss,09_00_00_09,G&Wp,average,60,219.33,1.06,09,00,00,09
Crop_Loss,09_00_00_09,G&Wp,average,100,452.2,1.09,09,00,00,09
Crop_Loss,09_00_00_09,Wp,average,20,51.44,1.0,09,00,00,09
Crop_Loss,09_00_00_09,Wp,average,60,291.81,1.06,09,00,00,09
Crop_Loss,09_00_00_09,Wp,average,100,639.63,1.08,09,00,00,09
Crop_Loss,11_00_00_00,D,average,20,34.75,1.01,11,00,00,00
Crop_Loss,11_00_00_00,D,average,60,129.05,1.05,11,00,00,00
Crop_Loss,11_00_00_00,D,average,100,212.34,1.08,11,00,00,00
Crop_Loss,11_00_00_00,D&G,average,20,35.48,1.01,11,00,00,00
Crop_Loss,11_00_00_00,D&G,average,60,136.17,1.05,11,00,00,00
Crop_Loss,11_00_00_00,D&G,average,100,233.25,1.09,11,00,00,00
Crop_Loss,11_00_00_00,D&G&Wp,average,20,40.98,1.01,11,00,00,00
Crop_Loss,11_00_00_00,D&G&Wp,average,60,187.98,1.05,11,00,00,00
Crop_Loss,11_00_00_00,D&G&Wp,average,100,367.89,1.08,11,00,00,00
Crop_Loss,11_00_00_00,D&Wp,average,20,43.37,1.01,11,00,00,00
Crop_Loss,11_00_00_00,D&Wp,average,60,210.33,1.05,11,00,00,00
Crop_Loss,11_00_00_00,D&Wp,average,100,424.76,1.07,11,00,00,00
Crop_Loss,11_00_00_00,G,average,20,36.21,1.01,11,00,00,00
Crop_Loss,11_00_00_00,G,average,60,143.28,1.05,11,00,00,00
Crop_Loss,11_00_00_00,G,average,100,254.15,1.09,11,00,00,00
Crop_Loss,11_00_00_00,G&Wp,average,20,44.1,1.01,11,00,00,00
Crop_Loss,11_00_00_00,G&Wp,average,60,217.45,1.05,11,00,00,00
Crop_Loss,11_00_00_00,G&Wp,average,100,445.67,1.08,11,00,00,00
Crop_Loss,11_00_00_00,Wp,average,20,51.99,1.01,11,00,00,00
Crop_Loss,11_00_00_00,Wp,average,60,291.61,1.05,11,00,00,00
Crop_Loss,11_00_00_00,Wp,average,100,637.18,1.07,11,00,00,00
Crop_Loss,11_00_00_01,D,average,20,34.75,1.01,11,00,00,01
Crop_Loss,11_00_00_01,D,average,60,129.05,1.05,11,00,00,01
Crop_Loss,11_00_00_01,D,average,100,212.34,1.08,11,00,00,01
Crop_Loss,11_00_00_01,D&G,average,20,35.48,1.01,11,00,00,01
Crop_Loss,11_00_00_01,D&G,average,60,136.17,1.05,11,00,00,01
Crop_Loss,11_00_00_01,D&G,average,100,233.25,1.09,11,00,00,01
Crop_Loss,11_00_00_01,D&G&Wp,average,20,40.98,1.01,11,00,00,01
Crop_Loss,11_00_00_01,D&G&Wp,average,60,187.98,1.05,11,00,00,01
Crop_Loss,11_00_00_01,D&G&Wp,average,100,367.89,1.08,11,00,00,01
Crop_Loss,11_00_00_01,D&Wp,average,20,43.37,1.01,11,00,00,01
Crop_Loss,11_00_00_01,D&Wp,average,60,210.33,1.05,11,00,00,01
Crop_Loss,11_00_00_01,D&Wp,average,100,424.76,1.07,11,00,00,01
Crop_Loss,11_00_00_01,G,average,20,36.21,1.01,11,00,00,01
Crop_Loss,11_00_00_01,G,average,60,143.28,1.05,11,00,00,01
Crop_Loss,11_00_00_01,G,average,100,254.16,1.09,11,00,00,01
Crop_Loss,11_00_00_01,G&Wp,average,20,44.1,1.01,11,00,00,01
Crop_Loss,11_00_00_01,G&Wp,average,60,217.45,1.05,11,00,00,01
Crop_Loss,11_00_00_01,G&Wp,average,100,445.67,1.08,11,00,00,01
Crop_Loss,11_00_00_01,Wp,average,20,51.99,1.01,11,00,00,01
Crop_Loss,11_00_00_01,Wp,average,60,291.61,1.05,11,00,00,01
Crop_Loss,11_00_00_01,Wp,average,100,637.18,1.07,11,00,00,01
Crop_Loss,11_00_00_02,D,average,20,34.75,1.01,11,00,00,02
Crop_Loss,11_00_00_02,D,average,60,129.05,1.05,11,00,00,02
Crop_Loss,11_00_00_02,D,average,100,212.34,1.08,11,00,00,02
Crop_Loss,11_00_00_02,D&G,average,20,35.48,1.01,11,00,00,02
Crop_Loss,11_00_00_02,D&G,average,60,136.17,1.05,11,00,00,02
Crop_Loss,11_00_00_02,D&G,average,100,233.25,1.09,11,00,00,02
Crop_Loss,11_00_00_02,D&G&Wp,average,20,40.98,1.01,11,00,00,02
Crop_Loss,11_00_00_02,D&G&Wp,average,60,187.98,1.05,11,00,00,02
Crop_Loss,11_00_00_02,D&G&Wp,average,100,367.89,1.08,11,00,00,02
Crop_Loss,11_00_00_02,D&Wp,average,20,43.37,1.01,11,00,00,02
Crop_Loss,11_00_00_02,D&Wp,average,60,210.33,1.05,11,00,00,02
Crop_Loss,11_00_00_02,D&Wp,average,100,424.76,1.07,11,00,00,02
Crop_Loss,11_00_00_02,G,average,20,36.21,1.01,11,00,00,02
Crop_Loss,11_00_00_02,G,average,60,143.28,1.05,11,00,00,02
Crop_Loss,11_00_00_02,G,average,100,254.16,1.09,11,00,00,02
Crop_Loss,11_00_00_02,G&Wp,average,20,44.1,1.01,11,00,00,02
Crop_Loss,11_00_00_02,G&Wp,average,60,217.45,1.05,11,00,00,02
Crop_Loss,11_00_00_02,G&Wp,average,100,445.67,1.08,11,00,00,02
Crop_Loss,11_00_00_02,Wp,average,20,51.99,1.01,11,00,00,02
Crop_Loss,11_00_00_02,Wp,average,60,291.61,1.05,11,00,00,02
Crop_Loss,11_00_00_02,Wp,average,100,637.18,1.07,11,00,00,02
Crop_Loss,11_00_00_04,D,average,20,34.75,1.01,11,00,00,04
Crop_Loss,11_00_00_04,D,average,60,129.05,1.05,11,00,00,04
Crop_Loss,11_00_00_04,D,average,100,212.34,1.08,11,00,00,04
Crop_Loss,11_00_00_04,D&G,average,20,35.48,1.01,11,00,00,04
Crop_Loss,11_00_00_04,D&G,average,60,136.17,1.05,11,00,00,04
Crop_Loss,11_00_00_04,D&G,average,100,233.25,1.09,11,00,00,04
Crop_Loss,11_00_00_04,D&G&Wp,average,20,40.98,1.01,11,00,00,04
Crop_Loss,11_00_00_04,D&G&Wp,average,60,187.98,1.05,11,00,00,04
Crop_Loss,11_00_00_04,D&G&Wp,average,100,367.89,1.08,11,00,00,04
Crop_Loss,11_00_00_04,D&Wp,average,20,43.37,1.01,11,00,00,04
Crop_Loss,11_00_00_04,D&Wp,average,60,210.33,1.05,11,00,00,04
Crop_Loss,11_00_00_04,D&Wp,average,100,424.76,1.07,11,00,00,04
Crop_Loss,11_00_00_04,G,average,20,36.21,1.01,11,00,00,04
Crop_Loss,11_00_00_04,G,average,60,143.28,1.05,11,00,00,04
Crop_Loss,11_00_00_04,G,average,100,254.16,1.09,11,00,00,04
Crop_Loss,11_00_00_04,G&Wp,average,20,44.1,1.01,11,00,00,04
Crop_Loss,11_00_00_04,G&Wp,average,60,217.45,1.05,11,00,00,04
Crop_Loss,11_00_00_04,G&Wp,average,100,445.67,1.08,11,00,00,04
Crop_Loss,11_00_00_04,Wp,average,20,51.99,1.01,11,00,00,04
Crop_Loss,11_00_00_04,Wp,average,60,291.61,1.05,11,00,00,04
Crop_Loss,11_00_00_04,Wp,average,100,637.18,1.07,11,00,00,04
Crop_Loss,11_00_00_05,D,average,20,34.75,1.01,11,00,00,05
Crop_Loss,11_00_00_05,D,average,60,129.05,1.05,11,00,00,05
Crop_Loss,11_00_00_05,D,average,100,212.34,1.08,11,00,00,05
Crop_Loss,11_00_00_05,D&G,average,20,35.48,1.01,11,00,00,05
Crop_Loss,11_00_00_05,D&G,average,60,136.17,1.05,11,00,00,05
Crop_Loss,11_00_00_05,D&G,average,100,233.25,1.09,11,00,00,05
Crop_Loss,11_00_00_05,D&G&Wp,average,20,40.98,1.01,11,00,00,05
Crop_Loss,11_00_00_05,D&G&Wp,average,60,187.98,1.05,11,00,00,05
Crop_Loss,11_00_00_05,D&G&Wp,average,100,367.89,1.08,11,00,00,05
Crop_Loss,11_00_00_05,D&Wp,average,20,43.37,1.01,11,00,00,05
Crop_Loss,11_00_00_05,D&Wp,average,60,210.33,1.05,11,00,00,05
Crop_Loss,11_00_00_05,D&Wp,average,100,424.76,1.07,11,00,00,05
Crop_Loss,11_00_00_05,G,average,20,36.21,1.01,11,00,00,05
Crop_Loss,11_00_00_05,G,average,60,143.28,1.05,11,00,00,05
Crop_Loss,11_00_00_05,G,average,100,254.16,1.09,11,00,00,05
Crop_Loss,11_00_00_05,G&Wp,average,20,44.1,1.01,11,00,00,05
Crop_Loss,11_00_00_05,G&Wp,average,60,217.45,1.05,11,00,00,05
Crop_Loss,11_00_00_05,G&Wp,average,100,445.67,1.08,11,00,00,05
Crop_Loss,11_00_00_05,Wp,average,20,51.99,1.01,11,00,00,05
Crop_Loss,11_00_00_05,Wp,average,60,291.61,1.05,11,00,00,05
Crop_Loss,11_00_00_05,Wp,average,100,637.17,1.07,11,00,00,05
Crop_Loss,11_00_00_07,D,average,20,34.75,1.01,11,00,00,07
Crop_Loss,11_00_00_07,D,average,60,129.05,1.05,11,00,00,07
Crop_Loss,11_00_00_07,D,average,100,212.34,1.08,11,00,00,07
Crop_Loss,11_00_00_07,D&G,average,20,35.48,1.01,11,00,00,07
Crop_Loss,11_00_00_07,D&G,average,60,136.17,1.05,11,00,00,07
Crop_Loss,11_00_00_07,D&G,average,100,233.25,1.09,11,00,00,07
Crop_Loss,11_00_00_07,D&G&Wp,average,20,40.98,1.01,11,00,00,07
Crop_Loss,11_00_00_07,D&G&Wp,average,60,187.98,1.05,11,00,00,07
Crop_Loss,11_00_00_07,D&G&Wp,average,100,367.89,1.08,11,00,00,07
Crop_Loss,11_00_00_07,D&Wp,average,20,43.37,1.01,11,00,00,07
Crop_Loss,11_00_00_07,D&Wp,average,60,210.33,1.05,11,00,00,07
Crop_Loss,11_00_00_07,D&Wp,average,100,424.76,1.07,11,00,00,07
Crop_Loss,11_00_00_07,G,average,20,36.21,1.01,11,00,00,07
Crop_Loss,11_00_00_07,G,average,60,143.28,1.05,11,00,00,07
Crop_Loss,11_00_00_07,G,average,100,254.16,1.09,11,00,00,07
Crop_Loss,11_00_00_07,G&Wp,average,20,44.1,1.01,11,00,00,07
Crop_Loss,11_00_00_07,G&Wp,average,60,217.45,1.05,11,00,00,07
Crop_Loss,11_00_00_07,G&Wp,average,100,445.67,1.08,11,00,00,07
Crop_Loss,11_00_00_07,Wp,average,20,51.99,1.01,11,00,00,07
Crop_Loss,11_00_00_07,Wp,average,60,291.61,1.05,11,00,00,07
Crop_Loss,11_00_00_07,Wp,average,100,637.18,1.07,11,00,00,07
Crop_Loss,11_00_00_08,D,average,20,34.75,1.01,11,00,00,08
Crop_Loss,11_00_00_08,D,average,60,129.05,1.05,11,00,00,08
Crop_Loss,11_00_00_08,D,average,100,212.34,1.08,11,00,00,08
Crop_Loss,11_00_00_08,D&G,average,20,35.48,1.01,11,00,00,08
Crop_Loss,11_00_00_08,D&G,average,60,136.17,1.05,11,00,00,08
Crop_Loss,11_00_00_08,D&G,average,100,233.25,1.09,11,00,00,08
Crop_Loss,11_00_00_08,D&G&Wp,average,20,40.98,1.01,11,00,00,08
Crop_Loss,11_00_00_08,D&G&Wp,average,60,187.98,1.05,11,00,00,08
Crop_Loss,11_00_00_08,D&G&Wp,average,100,367.89,1.08,11,00,00,08
Crop_Loss,11_00_00_08,D&Wp,average,20,43.37,1.01,11,00,00,08
Crop_Loss,11_00_00_08,D&Wp,average,60,210.33,1.05,11,00,00,08
Crop_Loss,11_00_00_08,D&Wp,average,100,424.76,1.07,11,00,00,08
Crop_Loss,11_00_00_08,G,average,20,36.21,1.01,11,00,00,08
Crop_Loss,11_00_00_08,G,average,60,143.28,1.05,11,00,00,08
Crop_Loss,11_00_00_08,G,average,100,254.16,1.09,11,00,00,08
Crop_Loss,11_00_00_08,G&Wp,average,20,44.1,1.01,11,00,00,08
Crop_Loss,11_00_00_08,G&Wp,average,60,217.45,1.05,11,00,00,08
Crop_Loss,11_00_00_08,G&Wp,average,100,445.67,1.08,11,00,00,08
Crop_Loss,11_00_00_08,Wp,average,20,51.99,1.01,11,00,00,08
Crop_Loss,11_00_00_08,Wp,average,60,291.61,1.05,11,00,00,08
Crop_Loss,11_00_00_08,Wp,average,100,637.18,1.07,11,00,00,08
Crop_Loss,11_00_00_09,D,average,20,34.75,1.01,11,00,00,09
Crop_Loss,11_00_00_09,D,average,60,129.05,1.05,11,00,00,09
Crop_Loss,11_00_00_09,D,average,100,212.34,1.08,11,00,00,09
Crop_Loss,11_00_00_09,D&G,average,20,35.48,1.01,11,00,00,09
Crop_Loss,11_00_00_09,D&G,average,60,136.17,1.05,11,00,00,09
Crop_Loss,11_00_00_09,D&G,average,100,233.25,1.09,11,00,00,09
Crop_Loss,11_00_00_09,D&G&Wp,average,20,40.98,1.01,11,00,00,09
Crop_Loss,11_00_00_09,D&G&Wp,average,60,187.98,1.05,11,00,00,09
Crop_Loss,11_00_00_09,D&G&Wp,average,100,367.89,1.08,11,00,00,09
Crop_Loss,11_00_00_09,D&Wp,average,20,43.37,1.01,11,00,00,09
Crop_Loss,11_00_00_09,D&Wp,average,60,210.33,1.05,11,00,00,09
Crop_Loss,11_00_00_09,D&Wp,average,100,424.76,1.07,11,00,00,09
Crop_Loss,11_00_00_09,G,average,20,36.21,1.01,11,00,00,09
Crop_Loss,11_00_00_09,G,average,60,143.28,1.05,11,00,00,09
Crop_Loss,11_00_00_09,G,average,100,254.16,1.09,11,00,00,09
Crop_Loss,11_00_00_09,G&Wp,average,20,44.1,1.01,11,00,00,09
Crop_Loss,11_00_00_09,G&Wp,average,60,217.45,1.05,11,00,00,09
Crop_Loss,11_00_00_09,G&Wp,average,100,445.67,1.08,11,00,00,09
Crop_Loss,11_00_00_09,Wp,average,20,51.99,1.01,11,00,00,09
Crop_Loss,11_00_00_09,Wp,average,60,291.61,1.05,11,00,00,09
Crop_Loss,11_00_00_09,Wp,average,100,637.18,1.07,11,00,00,09
Crop_Loss,13_00_00_00,D,average,20,34.33,1.0,13,00,00,00
Crop_Loss,13_00_00_00,D,average,60,120.64,0.98,13,00,00,00
Crop_Loss,13_00_00_00,D,average,100,187.61,0.95,13,00,00,00
Crop_Loss,13_00_00_00,D&G,average,20,35.05,1.0,13,00,00,00
Crop_Loss,13_00_00_00,D&G,average,60,125.41,0.97,13,00,00,00
Crop_Loss,13_00_00_00,D&G,average,100,199.95,0.93,13,00,00,00
Crop_Loss,13_00_00_00,D&G&Wp,average,20,40.49,1.0,13,00,00,00
Crop_Loss,13_00_00_00,D&G&Wp,average,60,172.84,0.97,13,00,00,00
Crop_Loss,13_00_00_00,D&G&Wp,average,100,322.84,0.95,13,00,00,00
Crop_Loss,13_00_00_00,D&Wp,average,20,42.85,1.0,13,00,00,00
Crop_Loss,13_00_00_00,D&Wp,average,60,194.17,0.97,13,00,00,00
Crop_Loss,13_00_00_00,D&Wp,average,100,378.11,0.96,13,00,00,00
Crop_Loss,13_00_00_00,G,average,20,35.77,1.0,13,00,00,00
Crop_Loss,13_00_00_00,G,average,60,130.18,0.95,13,00,00,00
Crop_Loss,13_00_00_00,G,average,100,212.29,0.91,13,00,00,00
Crop_Loss,13_00_00_00,G&Wp,average,20,43.56,1.0,13,00,00,00
Crop_Loss,13_00_00_00,G&Wp,average,60,198.94,0.96,13,00,00,00
Crop_Loss,13_00_00_00,G&Wp,average,100,390.45,0.94,13,00,00,00
Crop_Loss,13_00_00_00,Wp,average,20,51.36,1.0,13,00,00,00
Crop_Loss,13_00_00_00,Wp,average,60,267.69,0.97,13,00,00,00
Crop_Loss,13_00_00_00,Wp,average,100,568.61,0.96,13,00,00,00
Crop_Loss,13_00_00_01,D,average,20,34.33,1.0,13,00,00,01
Crop_Loss,13_00_00_01,D,average,60,120.64,0.98,13,00,00,01
Crop_Loss,13_00_00_01,D,average,100,187.61,0.95,13,00,00,01
Crop_Loss,13_00_00_01,D&G,average,20,35.05,1.0,13,00,00,01
Crop_Loss,13_00_00_01,D&G,average,60,125.41,0.97,13,00,00,01
Crop_Loss,13_00_00_01,D&G,average,100,199.95,0.93,13,00,00,01
Crop_Loss,13_00_00_01,D&G&Wp,average,20,40.49,1.0,13,00,00,01
Crop_Loss,13_00_00_01,D&G&Wp,average,60,172.84,0.97,13,00,00,01
Crop_Loss,13_00_00_01,D&G&Wp,average,100,322.84,0.95,13,00,00,01
Crop_Loss,13_00_00_01,D&Wp,average,20,42.85,1.0,13,00,00,01
Crop_Loss,13_00_00_01,D&Wp,average,60,194.17,0.97,13,00,00,01
Crop_Loss,13_00_00_01,D&Wp,average,100,378.11,0.96,13,00,00,01
Crop_Loss,13_00_00_01,G,average,20,35.77,1.0,13,00,00,01
Crop_Loss,13_00_00_01,G,average,60,130.18,0.95,13,00,00,01
Crop_Loss,13_00_00_01,G,average,100,212.29,0.91,13,00,00,01
Crop_Loss,13_00_00_01,G&Wp,average,20,43.56,1.0,13,00,00,01
Crop_Loss,13_00_00_01,G&Wp,average,60,198.94,0.96,13,00,00,01
Crop_Loss,13_00_00_01,G&Wp,average,100,390.45,0.94,13,00,00,01
Crop_Loss,13_00_00_01,Wp,average,20,51.36,1.0,13,00,00,01
Crop_Loss,13_00_00_01,Wp,average,60,267.69,0.97,13,00,00,01
Crop_Loss,13_00_00_01,Wp,average,100,568.61,0.96,13,00,00,01
Crop_Loss,13_00_00_02,D,average,20,34.33,1.0,13,00,00,02
Crop_Loss,13_00_00_02,D,average,60,120.64,0.98,13,00,00,02
Crop_Loss,13_00_00_02,D,average,100,187.61,0.95,13,00,00,02
Crop_Loss,13_00_00_02,D&G,average,20,35.05,1.0,13,00,00,02
Crop_Loss,13_00_00_02,D&G,average,60,125.41,0.97,13,00,00,02
Crop_Loss,13_00_00_02,D&G,average,100,199.95,0.93,13,00,00,02
Crop_Loss,13_00_00_02,D&G&Wp,average,20,40.49,1.0,13,00,00,02
Crop_Loss,13_00_00_02,D&G&Wp,average,60,172.84,0.97,13,00,00,02
Crop_Loss,13_00_00_02,D&G&Wp,average,100,322.84,0.95,13,00,00,02
Crop_Loss,13_00_00_02,D&Wp,average,20,42.85,1.0,13,00,00,02
Crop_Loss,13_00_00_02,D&Wp,average,60,194.17,0.97,13,00,00,02
Crop_Loss,13_00_00_02,D&Wp,average,100,378.11,0.96,13,00,00,02
Crop_Loss,13_00_00_02,G,average,20,35.77,1.0,13,00,00,02
Crop_Loss,13_00_00_02,G,average,60,130.18,0.95,13,00,00,02
Crop_Loss,13_00_00_02,G,average,100,212.29,0.91,13,00,00,02
Crop_Loss,13_00_00_02,G&Wp,average,20,43.56,1.0,13,00,00,02
Crop_Loss,13_00_00_02,G&Wp,average,60,198.94,0.96,13,00,00,02
Crop_Loss,13_00_00_02,G&Wp,average,100,390.45,0.94,13,00,00,02
Crop_Loss,13_00_00_02,Wp,average,20,51.36,1.0,13,00,00,02
Crop_Loss,13_00_00_02,Wp,average,60,267.69,0.97,13,00,00,02
Crop_Loss,13_00_00_02,Wp,average,100,568.61,0.96,13,00,00,02
Crop_Loss,13_00_00_04,D,average,20,34.33,1.0,13,00,00,04
Crop_Loss,13_00_00_04,D,average,60,120.64,0.98,13,00,00,04
Crop_Loss,13_00_00_04,D,average,100,187.61,0.95,13,00,00,04
Crop_Loss,13_00_00_04,D&G,average,20,35.05,1.0,13,00,00,04
Crop_Loss,13_00_00_04,D&G,average,60,125.41,0.97,13,00,00,04
Crop_Loss,13_00_00_04,D&G,average,100,199.95,0.93,13,00,00,04
Crop_Loss,13_00_00_04,D&G&Wp,average,20,40.49,1.0,13,00,00,04
Crop_Loss,13_00_00_04,D&G&Wp,average,60,172.84,0.97,13,00,00,04
Crop_Loss,13_00_00_04,D&G&Wp,average,100,322.84,0.95,13,00,00,04
Crop_Loss,13_00_00_04,D&Wp,average,20,42.85,1.0,13,00,00,04
Crop_Loss,13_00_00_04,D&Wp,average,60,194.17,0.97,13,00,00,04
Crop_Loss,13_00_00_04,D&Wp,average,100,378.11,0.96,13,00,00,04
Crop_Loss,13_00_00_04,G,average,20,35.77,1.0,13,00,00,04
Crop_Loss,13_00_00_04,G,average,60,130.18,0.95,13,00,00,04
Crop_Loss,13_00_00_04,G,average,100,212.29,0.91,13,00,00,04
Crop_Loss,13_00_00_04,G&Wp,average,20,43.56,1.0,13,00,00,04
Crop_Loss,13_00_00_04,G&Wp,average,60,198.94,0.96,13,00,00,04
Crop_Loss,13_00_00_04,G&Wp,average,100,390.45,0.94,13,00,00,04
Crop_Loss,13_00_00_04,Wp,average,20,51.36,1.0,13,00,00,04
Crop_Loss,13_00_00_04,Wp,average,60,267.69,0.97,13,00,00,04
Crop_Loss,13_00_00_04,Wp,average,100,568.61,0.96,13,00,00,04
Crop_Loss,13_00_00_05,D,average,20,34.33,1.0,13,00,00,05
Crop_Loss,13_00_00_05,D,average,60,120.64,0.98,13,00,00,05
Crop_Loss,13_00_00_05,D,average,100,187.61,0.95,13,00,00,05
Crop_Loss,13_00_00_05,D&G,average,20,35.05,1.0,13,00,00,05
Crop_Loss,13_00_00_05,D&G,average,60,125.41,0.97,13,00,00,05
Crop_Loss,13_00_00_05,D&G,average,100,199.95,0.93,13,00,00,05
Crop_Loss,13_00_00_05,D&G&Wp,average,20,40.49,1.0,13,00,00,05
Crop_Loss,13_00_00_05,D&G&Wp,average,60,172.84,0.97,13,00,00,05
Crop_Loss,13_00_00_05,D&G&Wp,average,100,322.84,0.95,13,00,00,05
Crop_Loss,13_00_00_05,D&Wp,average,20,42.85,1.0,13,00,00,05
Crop_Loss,13_00_00_05,D&Wp,average,60,194.17,0.97,13,00,00,05
Crop_Loss,13_00_00_05,D&Wp,average,100,378.11,0.96,13,00,00,05
Crop_Loss,13_00_00_05,G,average,20,35.77,1.0,13,00,00,05
Crop_Loss,13_00_00_05,G,average,60,130.18,0.95,13,00,00,05
Crop_Loss,13_00_00_05,G,average,100,212.29,0.91,13,00,00,05
Crop_Loss,13_00_00_05,G&Wp,average,20,43.56,1.0,13,00,00,05
Crop_Loss,13_00_00_05,G&Wp,average,60,198.94,0.96,13,00,00,05
Crop_Loss,13_00_00_05,G&Wp,average,100,390.45,0.94,13,00,00,05
Crop_Loss,13_00_00_05,Wp,average,20,51.36,1.0,13,00,00,05
Crop_Loss,13_00_00_05,Wp,average,60,267.69,0.97,13,00,00,05
Crop_Loss,13_00_00_05,Wp,average,100,568.61,0.96,13,00,00,05
Crop_Loss,13_00_00_07,D,average,20,34.33,1.0,13,00,00,07
Crop_Loss,13_00_00_07,D,average,60,120.64,0.98,13,00,00,07
Crop_Loss,13_00_00_07,D,average,100,187.61,0.95,13,00,00,07
Crop_Loss,13_00_00_07,D&G,average,20,35.05,1.0,13,00,00,07
Crop_Loss,13_00_00_07,D&G,average,60,125.41,0.97,13,00,00,07
Crop_Loss,13_00_00_07,D&G,average,100,199.95,0.93,13,00,00,07
Crop_Loss,13_00_00_07,D&G&Wp,average,20,40.49,1.0,13,00,00,07
Crop_Loss,13_00_00_07,D&G&Wp,average,60,172.84,0.97,13,00,00,07
Crop_Loss,13_00_00_07,D&G&Wp,average,100,322.84,0.95,13,00,00,07
Crop_Loss,13_00_00_07,D&Wp,average,20,42.85,1.0,13,00,00,07
Crop_Loss,13_00_00_07,D&Wp,average,60,194.17,0.97,13,00,00,07
Crop_Loss,13_00_00_07,D&Wp,average,100,378.11,0.96,13,00,00,07
Crop_Loss,13_00_00_07,G,average,20,35.77,1.0,13,00,00,07
Crop_Loss,13_00_00_07,G,average,60,130.18,0.95,13,00,00,07
Crop_Loss,13_00_00_07,G,average,100,212.29,0.91,13,00,00,07
Crop_Loss,13_00_00_07,G&Wp,average,20,43.56,1.0,13,00,00,07
Crop_Loss,13_00_00_07,G&Wp,average,60,198.94,0.96,13,00,00,07
Crop_Loss,13_00_00_07,G&Wp,average,100,390.45,0.94,13,00,00,07
Crop_Loss,13_00_00_07,Wp,average,20,51.36,1.0,13,00,00,07
Crop_Loss,13_00_00_07,Wp,average,60,267.69,0.97,13,00,00,07
Crop_Loss,13_00_00_07,Wp,average,100,568.61,0.96,13,00,00,07
Crop_Loss,13_00_00_08,D,average,20,34.33,1.0,13,00,00,08
Crop_Loss,13_00_00_08,D,average,60,120.64,0.98,13,00,00,08
Crop_Loss,13_00_00_08,D,average,100,187.61,0.95,13,00,00,08
Crop_Loss,13_00_00_08,D&G,average,20,35.05,1.0,13,00,00,08
Crop_Loss,13_00_00_08,D&G,average,60,125.41,0.97,13,00,00,08
Crop_Loss,13_00_00_08,D&G,average,100,199.95,0.93,13,00,00,08
Crop_Loss,13_00_00_08,D&G&Wp,average,20,40.49,1.0,13,00,00,08
Crop_Loss,13_00_00_08,D&G&Wp,average,60,172.84,0.97,13,00,00,08
Crop_Loss,13_00_00_08,D&G&Wp,average,100,322.84,0.95,13,00,00,08
Crop_Loss,13_00_00_08,D&Wp,average,20,42.85,1.0,13,00,00,08
Crop_Loss,13_00_00_08,D&Wp,average,60,194.17,0.97,13,00,00,08
Crop_Loss,13_00_00_08,D&Wp,average,100,378.11,0.96,13,00,00,08
Crop_Loss,13_00_00_08,G,average,20,35.77,1.0,13,00,00,08
Crop_Loss,13_00_00_08,G,average,60,130.18,0.95,13,00,00,08
Crop_Loss,13_00_00_08,G,average,100,212.29,0.91,13,00,00,08
Crop_Loss,13_00_00_08,G&Wp,average,20,43.56,1.0,13,00,00,08
Crop_Loss,13_00_00_08,G&Wp,average,60,198.94,0.96,13,00,00,08
Crop_Loss,13_00_00_08,G&Wp,average,100,390.45,0.94,13,00,00,08
Crop_Loss,13_00_00_08,Wp,average,20,51.36,1.0,13,00,00,08
Crop_Loss,13_00_00_08,Wp,average,60,267.69,0.97,13,00,00,08
Crop_Loss,13_00_00_08,Wp,average,100,568.61,0.96,13,00,00,08
Crop_Loss,13_00_00_09,D,average,20,34.33,1.0,13,00,00,09
Crop_Loss,13_00_00_09,D,average,60,120.64,0.98,13,00,00,09
Crop_Loss,13_00_00_09,D,average,100,187.61,0.95,13,00,00,09
Crop_Loss,13_00_00_09,D&G,average,20,35.05,1.0,13,00,00,09
Crop_Loss,13_00_00_09,D&G,average,60,125.41,0.97,13,00,00,09
Crop_Loss,13_00_00_09,D&G,average,100,199.95,0.93,13,00,00,09
Crop_Loss,13_00_00_09,D&G&Wp,average,20,40.49,1.0,13,00,00,09
Crop_Loss,13_00_00_09,D&G&Wp,average,60,172.84,0.97,13,00,00,09
Crop_Loss,13_00_00_09,D&G&Wp,average,100,322.84,0.95,13,00,00,09
Crop_Loss,13_00_00_09,D&Wp,average,20,42.85,1.0,13,00,00,09
Crop_Loss,13_00_00_09,D&Wp,average,60,194.17,0.97,13,00,00,09
Crop_Loss,13_00_00_09,D&Wp,average,100,378.11,0.96,13,00,00,09
Crop_Loss,13_00_00_09,G,average,20,35.77,1.0,13,00,00,09
Crop_Loss,13_00_00_09,G,average,60,130.18,0.95,13,00,00,09
Crop_Loss,13_00_00_09,G,average,100,212.29,0.91,13,00,00,09
Crop_Loss,13_00_00_09,G&Wp,average,20,43.56,1.0,13,00,00,09
Crop_Loss,13_00_00_09,G&Wp,average,60,198.94,0.96,13,00,00,09
Crop_Loss,13_00_00_09,G&Wp,average,100,390.45,0.94,13,00,00,09
Crop_Loss,13_00_00_09,Wp,average,20,51.36,1.0,13,00,00,09
Crop_Loss,13_00_00_09,Wp,average,60,267.69,0.97,13,00,00,09
Crop_Loss,13_00_00_09,Wp,average,100,568.61,0.96,13,00,00,09
Farmer_Flood_Measure_Costs,00_00_00_00,D,average,20,0.0,0.0,00,00,00,00
Farmer_Flood_Measure_Costs,00_00_00_00,D,average,60,0.0,0.0,00,00,00,00
Farmer_Flood_Measure_Costs,00_00_00_00,D,average,100,0.0,0.0,00,00,00,00
Farmer_Flood_Measure_Costs,00_00_00_00,D&G,average,20,0.0,0.0,00,00,00,00
Farmer_Flood_Measure_Costs,00_00_00_00,D&G,average,60,0.0,0.0,00,00,00,00
Farmer_Flood_Measure_Costs,00_00_00_00,D&G,average,100,0.0,0.0,00,00,00,00
Farmer_Flood_Measure_Costs,00_00_00_00,D&G&Wp,average,20,0.0,0.0,00,00,00,00
Farmer_Flood_Measure_Costs,00_00_00_00,D&G&Wp,average,60,0.0,0.0,00,00,00,00
Farmer_Flood_Measure_Costs,00_00_00_00,D&G&Wp,average,100,0.0,0.0,00,00,00,00
Farmer_Flood_Measure_Costs,00_00_00_00,D&Wp,average,20,0.0,0.0,00,00,00,00
Farmer_Flood_Measure_Costs,00_00_00_00,D&Wp,average,60,0.0,0.0,00,00,00,00
Farmer_Flood_Measure_Costs,00_00_00_00,D&Wp,average,100,0.0,0.0,00,00,00,00
Farmer_Flood_Measure_Costs,00_00_00_00,G,average,20,0.0,0.0,00,00,00,00
Farmer_Flood_Measure_Costs,00_00_00_00,G,average,60,0.0,0.0,00,00,00,00
Farmer_Flood_Measure_Costs,00_00_00_00,G,average,100,0.0,0.0,00,00,00,00
Farmer_Flood_Measure_Costs,00_00_00_00,G&Wp,average,20,0.0,0.0,00,00,00,00
Farmer_Flood_Measure_Costs,00_00_00_00,G&Wp,average,60,0.0,0.0,00,00,00,00
Farmer_Flood_Measure_Costs,00_00_00_00,G&Wp,average,100,0.0,0.0,00,00,00,00
Farmer_Flood_Measure_Costs,00_00_00_00,Wp,average,20,0.0,0.0,00,00,00,00
Farmer_Flood_Measure_Costs,00_00_00_00,Wp,average,60,0.0,0.0,00,00,00,00
Farmer_Flood_Measure_Costs,00_00_00_00,Wp,average,100,0.0,0.0,00,00,00,00
Farmer_Flood_Measure_Costs,00_00_00_01,D,average,20,0.0,0.0,00,00,00,01
Farmer_Flood_Measure_Costs,00_00_00_01,D,average,60,0.0,0.0,00,00,00,01
Farmer_Flood_Measure_Costs,00_00_00_01,D,average,100,0.0,0.0,00,00,00,01
Farmer_Flood_Measure_Costs,00_00_00_01,D&G,average,20,0.0,0.0,00,00,00,01
Farmer_Flood_Measure_Costs,00_00_00_01,D&G,average,60,0.0,0.0,00,00,00,01
Farmer_Flood_Measure_Costs,00_00_00_01,D&G,average,100,0.0,0.0,00,00,00,01
Farmer_Flood_Measure_Costs,00_00_00_01,D&G&Wp,average,20,0.0,0.0,00,00,00,01
Farmer_Flood_Measure_Costs,00_00_00_01,D&G&Wp,average,60,0.0,0.0,00,00,00,01
Farmer_Flood_Measure_Costs,00_00_00_01,D&G&Wp,average,100,0.0,0.0,00,00,00,01
Farmer_Flood_Measure_Costs,00_00_00_01,D&Wp,average,20,0.0,0.0,00,00,00,01
Farmer_Flood_Measure_Costs,00_00_00_01,D&Wp,average,60,0.0,0.0,00,00,00,01
Farmer_Flood_Measure_Costs,00_00_00_01,D&Wp,average,100,0.0,0.0,00,00,00,01
Farmer_Flood_Measure_Costs,00_00_00_01,G,average,20,0.0,0.0,00,00,00,01
Farmer_Flood_Measure_Costs,00_00_00_01,G,average,60,0.0,0.0,00,00,00,01
Farmer_Flood_Measure_Costs,00_00_00_01,G,average,100,0.0,0.0,00,00,00,01
Farmer_Flood_Measure_Costs,00_00_00_01,G&Wp,average,20,0.0,0.0,00,00,00,01
Farmer_Flood_Measure_Costs,00_00_00_01,G&Wp,average,60,0.0,0.0,00,00,00,01
Farmer_Flood_Measure_Costs,00_00_00_01,G&Wp,average,100,0.0,0.0,00,00,00,01
Farmer_Flood_Measure_Costs,00_00_00_01,Wp,average,20,0.0,0.0,00,00,00,01
Farmer_Flood_Measure_Costs,00_00_00_01,Wp,average,60,0.0,0.0,00,00,00,01
Farmer_Flood_Measure_Costs,00_00_00_01,Wp,average,100,0.0,0.0,00,00,00,01
Farmer_Flood_Measure_Costs,00_00_00_02,D,average,20,0.0,0.0,00,00,00,02
Farmer_Flood_Measure_Costs,00_00_00_02,D,average,60,0.0,0.0,00,00,00,02
Farmer_Flood_Measure_Costs,00_00_00_02,D,average,100,0.0,0.0,00,00,00,02
Farmer_Flood_Measure_Costs,00_00_00_02,D&G,average,20,0.0,0.0,00,00,00,02
Farmer_Flood_Measure_Costs,00_00_00_02,D&G,average,60,0.0,0.0,00,00,00,02
Farmer_Flood_Measure_Costs,00_00_00_02,D&G,average,100,0.0,0.0,00,00,00,02
Farmer_Flood_Measure_Costs,00_00_00_02,D&G&Wp,average,20,0.0,0.0,00,00,00,02
Farmer_Flood_Measure_Costs,00_00_00_02,D&G&Wp,average,60,0.0,0.0,00,00,00,02
Farmer_Flood_Measure_Costs,00_00_00_02,D&G&Wp,average,100,0.0,0.0,00,00,00,02
Farmer_Flood_Measure_Costs,00_00_00_02,D&Wp,average,20,0.0,0.0,00,00,00,02
Farmer_Flood_Measure_Costs,00_00_00_02,D&Wp,average,60,0.0,0.0,00,00,00,02
Farmer_Flood_Measure_Costs,00_00_00_02,D&Wp,average,100,0.0,0.0,00,00,00,02
Farmer_Flood_Measure_Costs,00_00_00_02,G,average,20,0.0,0.0,00,00,00,02
Farmer_Flood_Measure_Costs,00_00_00_02,G,average,60,0.0,0.0,00,00,00,02
Farmer_Flood_Measure_Costs,00_00_00_02,G,average,100,0.0,0.0,00,00,00,02
Farmer_Flood_Measure_Costs,00_00_00_02,G&Wp,average,20,0.0,0.0,00,00,00,02
Farmer_Flood_Measure_Costs,00_00_00_02,G&Wp,average,60,0.0,0.0,00,00,00,02
Farmer_Flood_Measure_Costs,00_00_00_02,G&Wp,average,100,0.0,0.0,00,00,00,02
Farmer_Flood_Measure_Costs,00_00_00_02,Wp,average,20,0.0,0.0,00,00,00,02
Farmer_Flood_Measure_Costs,00_00_00_02,Wp,average,60,0.0,0.0,00,00,00,02
Farmer_Flood_Measure_Costs,00_00_00_02,Wp,average,100,0.0,0.0,00,00,00,02
Farmer_Flood_Measure_Costs,00_00_00_04,D,average,20,0.0,0.0,00,00,00,04
Farmer_Flood_Measure_Costs,00_00_00_04,D,average,60,0.0,0.0,00,00,00,04
Farmer_Flood_Measure_Costs,00_00_00_04,D,average,100,0.0,0.0,00,00,00,04
Farmer_Flood_Measure_Costs,00_00_00_04,D&G,average,20,0.0,0.0,00,00,00,04
Farmer_Flood_Measure_Costs,00_00_00_04,D&G,average,60,0.0,0.0,00,00,00,04
Farmer_Flood_Measure_Costs,00_00_00_04,D&G,average,100,0.0,0.0,00,00,00,04
Farmer_Flood_Measure_Costs,00_00_00_04,D&G&Wp,average,20,0.0,0.0,00,00,00,04
Farmer_Flood_Measure_Costs,00_00_00_04,D&G&Wp,average,60,0.0,0.0,00,00,00,04
Farmer_Flood_Measure_Costs,00_00_00_04,D&G&Wp,average,100,0.0,0.0,00,00,00,04
Farmer_Flood_Measure_Costs,00_00_00_04,D&Wp,average,20,0.0,0.0,00,00,00,04
Farmer_Flood_Measure_Costs,00_00_00_04,D&Wp,average,60,0.0,0.0,00,00,00,04
Farmer_Flood_Measure_Costs,00_00_00_04,D&Wp,average,100,0.0,0.0,00,00,00,04
Farmer_Flood_Measure_Costs,00_00_00_04,G,average,20,0.0,0.0,00,00,00,04
Farmer_Flood_Measure_Costs,00_00_00_04,G,average,60,0.0,0.0,00,00,00,04
Farmer_Flood_Measure_Costs,00_00_00_04,G,average,100,0.0,0.0,00,00,00,04
Farmer_Flood_Measure_Costs,00_00_00_04,G&Wp,average,20,0.0,0.0,00,00,00,04
Farmer_Flood_Measure_Costs,00_00_00_04,G&Wp,average,60,0.0,0.0,00,00,00,04
Farmer_Flood_Measure_Costs,00_00_00_04,G&Wp,average,100,0.0,0.0,00,00,00,04
Farmer_Flood_Measure_Costs,00_00_00_04,Wp,average,20,0.0,0.0,00,00,00,04
Farmer_Flood_Measure_Costs,00_00_00_04,Wp,average,60,0.0,0.0,00,00,00,04
Farmer_Flood_Measure_Costs,00_00_00_04,Wp,average,100,0.0,0.0,00,00,00,04
Farmer_Flood_Measure_Costs,00_00_00_05,D,average,20,0.0,0.0,00,00,00,05
Farmer_Flood_Measure_Costs,00_00_00_05,D,average,60,0.0,0.0,00,00,00,05
Farmer_Flood_Measure_Costs,00_00_00_05,D,average,100,0.0,0.0,00,00,00,05
Farmer_Flood_Measure_Costs,00_00_00_05,D&G,average,20,0.0,0.0,00,00,00,05
Farmer_Flood_Measure_Costs,00_00_00_05,D&G,average,60,0.0,0.0,00,00,00,05
Farmer_Flood_Measure_Costs,00_00_00_05,D&G,average,100,0.0,0.0,00,00,00,05
Farmer_Flood_Measure_Costs,00_00_00_05,D&G&Wp,average,20,0.0,0.0,00,00,00,05
Farmer_Flood_Measure_Costs,00_00_00_05,D&G&Wp,average,60,0.0,0.0,00,00,00,05
Farmer_Flood_Measure_Costs,00_00_00_05,D&G&Wp,average,100,0.0,0.0,00,00,00,05
Farmer_Flood_Measure_Costs,00_00_00_05,D&Wp,average,20,0.0,0.0,00,00,00,05
Farmer_Flood_Measure_Costs,00_00_00_05,D&Wp,average,60,0.0,0.0,00,00,00,05
Farmer_Flood_Measure_Costs,00_00_00_05,D&Wp,average,100,0.0,0.0,00,00,00,05
Farmer_Flood_Measure_Costs,00_00_00_05,G,average,20,0.0,0.0,00,00,00,05
Farmer_Flood_Measure_Costs,00_00_00_05,G,average,60,0.0,0.0,00,00,00,05
Farmer_Flood_Measure_Costs,00_00_00_05,G,average,100,0.0,0.0,00,00,00,05
Farmer_Flood_Measure_Costs,00_00_00_05,G&Wp,average,20,0.0,0.0,00,00,00,05
Farmer_Flood_Measure_Costs,00_00_00_05,G&Wp,average,60,0.0,0.0,00,00,00,05
Farmer_Flood_Measure_Costs,00_00_00_05,G&Wp,average,100,0.0,0.0,00,00,00,05
Farmer_Flood_Measure_Costs,00_00_00_05,Wp,average,20,0.0,0.0,00,00,00,05
Farmer_Flood_Measure_Costs,00_00_00_05,Wp,average,60,0.0,0.0,00,00,00,05
Farmer_Flood_Measure_Costs,00_00_00_05,Wp,average,100,0.0,0.0,00,00,00,05
Farmer_Flood_Measure_Costs,00_00_00_07,D,average,20,0.0,0.0,00,00,00,07
Farmer_Flood_Measure_Costs,00_00_00_07,D,average,60,0.0,0.0,00,00,00,07
Farmer_Flood_Measure_Costs,00_00_00_07,D,average,100,0.0,0.0,00,00,00,07
Farmer_Flood_Measure_Costs,00_00_00_07,D&G,average,20,0.0,0.0,00,00,00,07
Farmer_Flood_Measure_Costs,00_00_00_07,D&G,average,60,0.0,0.0,00,00,00,07
Farmer_Flood_Measure_Costs,00_00_00_07,D&G,average,100,0.0,0.0,00,00,00,07
Farmer_Flood_Measure_Costs,00_00_00_07,D&G&Wp,average,20,0.0,0.0,00,00,00,07
Farmer_Flood_Measure_Costs,00_00_00_07,D&G&Wp,average,60,0.0,0.0,00,00,00,07
Farmer_Flood_Measure_Costs,00_00_00_07,D&G&Wp,average,100,0.0,0.0,00,00,00,07
Farmer_Flood_Measure_Costs,00_00_00_07,D&Wp,average,20,0.0,0.0,00,00,00,07
Farmer_Flood_Measure_Costs,00_00_00_07,D&Wp,average,60,0.0,0.0,00,00,00,07
Farmer_Flood_Measure_Costs,00_00_00_07,D&Wp,average,100,0.0,0.0,00,00,00,07
Farmer_Flood_Measure_Costs,00_00_00_07,G,average,20,0.0,0.0,00,00,00,07
Farmer_Flood_Measure_Costs,00_00_00_07,G,average,60,0.0,0.0,00,00,00,07
Farmer_Flood_Measure_Costs,00_00_00_07,G,average,100,0.0,0.0,00,00,00,07
Farmer_Flood_Measure_Costs,00_00_00_07,G&Wp,average,20,0.0,0.0,00,00,00,07
Farmer_Flood_Measure_Costs,00_00_00_07,G&Wp,average,60,0.0,0.0,00,00,00,07
Farmer_Flood_Measure_Costs,00_00_00_07,G&Wp,average,100,0.0,0.0,00,00,00,07
Farmer_Flood_Measure_Costs,00_00_00_07,Wp,average,20,0.0,0.0,00,00,00,07
Farmer_Flood_Measure_Costs,00_00_00_07,Wp,average,60,0.0,0.0,00,00,00,07
Farmer_Flood_Measure_Costs,00_00_00_07,Wp,average,100,0.0,0.0,00,00,00,07
Farmer_Flood_Measure_Costs,00_00_00_08,D,average,20,0.0,0.0,00,00,00,08
Farmer_Flood_Measure_Costs,00_00_00_08,D,average,60,0.0,0.0,00,00,00,08
Farmer_Flood_Measure_Costs,00_00_00_08,D,average,100,0.0,0.0,00,00,00,08
Farmer_Flood_Measure_Costs,00_00_00_08,D&G,average,20,0.0,0.0,00,00,00,08
Farmer_Flood_Measure_Costs,00_00_00_08,D&G,average,60,0.0,0.0,00,00,00,08
Farmer_Flood_Measure_Costs,00_00_00_08,D&G,average,100,0.0,0.0,00,00,00,08
Farmer_Flood_Measure_Costs,00_00_00_08,D&G&Wp,average,20,0.0,0.0,00,00,00,08
Farmer_Flood_Measure_Costs,00_00_00_08,D&G&Wp,average,60,0.0,0.0,00,00,00,08
Farmer_Flood_Measure_Costs,00_00_00_08,D&G&Wp,average,100,0.0,0.0,00,00,00,08
Farmer_Flood_Measure_Costs,00_00_00_08,D&Wp,average,20,0.0,0.0,00,00,00,08
Farmer_Flood_Measure_Costs,00_00_00_08,D&Wp,average,60,0.0,0.0,00,00,00,08
Farmer_Flood_Measure_Costs,00_00_00_08,D&Wp,average,100,0.0,0.0,00,00,00,08
Farmer_Flood_Measure_Costs,00_00_00_08,G,average,20,0.0,0.0,00,00,00,08
Farmer_Flood_Measure_Costs,00_00_00_08,G,average,60,0.0,0.0,00,00,00,08
Farmer_Flood_Measure_Costs,00_00_00_08,G,average,100,0.0,0.0,00,00,00,08
Farmer_Flood_Measure_Costs,00_00_00_08,G&Wp,average,20,0.0,0.0,00,00,00,08
Farmer_Flood_Measure_Costs,00_00_00_08,G&Wp,average,60,0.0,0.0,00,00,00,08
Farmer_Flood_Measure_Costs,00_00_00_08,G&Wp,average,100,0.0,0.0,00,00,00,08
Farmer_Flood_Measure_Costs,00_00_00_08,Wp,average,20,0.0,0.0,00,00,00,08
Farmer_Flood_Measure_Costs,00_00_00_08,Wp,average,60,0.0,0.0,00,00,00,08
Farmer_Flood_Measure_Costs,00_00_00_08,Wp,average,100,0.0,0.0,00,00,00,08
Farmer_Flood_Measure_Costs,00_00_00_09,D,average,20,0.0,0.0,00,00,00,09
Farmer_Flood_Measure_Costs,00_00_00_09,D,average,60,0.0,0.0,00,00,00,09
Farmer_Flood_Measure_Costs,00_00_00_09,D,average,100,0.0,0.0,00,00,00,09
Farmer_Flood_Measure_Costs,00_00_00_09,D&G,average,20,0.0,0.0,00,00,00,09
Farmer_Flood_Measure_Costs,00_00_00_09,D&G,average,60,0.0,0.0,00,00,00,09
Farmer_Flood_Measure_Costs,00_00_00_09,D&G,average,100,0.0,0.0,00,00,00,09
Farmer_Flood_Measure_Costs,00_00_00_09,D&G&Wp,average,20,0.0,0.0,00,00,00,09
Farmer_Flood_Measure_Costs,00_00_00_09,D&G&Wp,average,60,0.0,0.0,00,00,00,09
Farmer_Flood_Measure_Costs,00_00_00_09,D&G&Wp,average,100,0.0,0.0,00,00,00,09
Farmer_Flood_Measure_Costs,00_00_00_09,D&Wp,average,20,0.0,0.0,00,00,00,09
Farmer_Flood_Measure_Costs,00_00_00_09,D&Wp,average,60,0.0,0.0,00,00,00,09
Farmer_Flood_Measure_Costs,00_00_00_09,D&Wp,average,100,0.0,0.0,00,00,00,09
Farmer_Flood_Measure_Costs,00_00_00_09,G,average,20,0.0,0.0,00,00,00,09
Farmer_Flood_Measure_Costs,00_00_00_09,G,average,60,0.0,0.0,00,00,00,09
Farmer_Flood_Measure_Costs,00_00_00_09,G,average,100,0.0,0.0,00,00,00,09
Farmer_Flood_Measure_Costs,00_00_00_09,G&Wp,average,20,0.0,0.0,00,00,00,09
Farmer_Flood_Measure_Costs,00_00_00_09,G&Wp,average,60,0.0,0.0,00,00,00,09
Farmer_Flood_Measure_Costs,00_00_00_09,G&Wp,average,100,0.0,0.0,00,00,00,09
Farmer_Flood_Measure_Costs,00_00_00_09,Wp,average,20,0.0,0.0,00,00,00,09
Farmer_Flood_Measure_Costs,00_00_00_09,Wp,average,60,0.0,0.0,00,00,00,09
Farmer_Flood_Measure_Costs,00_00_00_09,Wp,average,100,0.0,0.0,00,00,00,09
Farmer_Flood_Measure_Costs,01_00_00_00,D,average,20,0.07,0.0,01,00,00,00
Farmer_Flood_Measure_Costs,01_00_00_00,D,average,60,12.67,0.04,01,00,00,00
Farmer_Flood_Measure_Costs,01_00_00_00,D,average,100,15.07,0.03,01,00,00,00
Farmer_Flood_Measure_Costs,01_00_00_00,D&G,average,20,0.08,0.0,01,00,00,00
Farmer_Flood_Measure_Costs,01_00_00_00,D&G,average,60,23.95,0.07,01,00,00,00
Farmer_Flood_Measure_Costs,01_00_00_00,D&G,average,100,39.11,0.08,01,00,00,00
Farmer_Flood_Measure_Costs,01_00_00_00,D&G&Wp,average,20,0.08,0.0,01,00,00,00
Farmer_Flood_Measure_Costs,01_00_00_00,D&G&Wp,average,60,31.52,0.09,01,00,00,00
Farmer_Flood_Measure_Costs,01_00_00_00,D&G&Wp,average,100,69.72,0.14,01,00,00,00
Farmer_Flood_Measure_Costs,01_00_00_00,D&Wp,average,20,0.07,0.0,01,00,00,00
Farmer_Flood_Measure_Costs,01_00_00_00,D&Wp,average,60,29.66,0.08,01,00,00,00
Farmer_Flood_Measure_Costs,01_00_00_00,D&Wp,average,100,73.0,0.15,01,00,00,00
Farmer_Flood_Measure_Costs,01_00_00_00,G,average,20,0.09,0.0,01,00,00,00
Farmer_Flood_Measure_Costs,01_00_00_00,G,average,60,35.23,0.1,01,00,00,00
Farmer_Flood_Measure_Costs,01_00_00_00,G,average,100,63.15,0.13,01,00,00,00
Farmer_Flood_Measure_Costs,01_00_00_00,G&Wp,average,20,0.08,0.0,01,00,00,00
Farmer_Flood_Measure_Costs,01_00_00_00,G&Wp,average,60,40.94,0.12,01,00,00,00
Farmer_Flood_Measure_Costs,01_00_00_00,G&Wp,average,100,97.04,0.19,01,00,00,00
Farmer_Flood_Measure_Costs,01_00_00_00,Wp,average,20,0.07,0.0,01,00,00,00
Farmer_Flood_Measure_Costs,01_00_00_00,Wp,average,60,46.65,0.13,01,00,00,00
Farmer_Flood_Measure_Costs,01_00_00_00,Wp,average,100,130.93,0.26,01,00,00,00
Farmer_Flood_Measure_Costs,01_00_00_01,D,average,20,0.07,0.0,01,00,00,01
Farmer_Flood_Measure_Costs,01_00_00_01,D,average,60,12.67,0.04,01,00,00,01
Farmer_Flood_Measure_Costs,01_00_00_01,D,average,100,15.07,0.03,01,00,00,01
Farmer_Flood_Measure_Costs,01_00_00_01,D&G,average,20,0.08,0.0,01,00,00,01
Farmer_Flood_Measure_Costs,01_00_00_01,D&G,average,60,23.95,0.07,01,00,00,01
Farmer_Flood_Measure_Costs,01_00_00_01,D&G,average,100,39.11,0.08,01,00,00,01
Farmer_Flood_Measure_Costs,01_00_00_01,D&G&Wp,average,20,0.08,0.0,01,00,00,01
Farmer_Flood_Measure_Costs,01_00_00_01,D&G&Wp,average,60,31.52,0.09,01,00,00,01
Farmer_Flood_Measure_Costs,01_00_00_01,D&G&Wp,average,100,69.72,0.14,01,00,00,01
Farmer_Flood_Measure_Costs,01_00_00_01,D&Wp,average,20,0.07,0.0,01,00,00,01
Farmer_Flood_Measure_Costs,01_00_00_01,D&Wp,average,60,29.66,0.08,01,00,00,01
Farmer_Flood_Measure_Costs,01_00_00_01,D&Wp,average,100,73.0,0.15,01,00,00,01
Farmer_Flood_Measure_Costs,01_00_00_01,G,average,20,0.09,0.0,01,00,00,01
Farmer_Flood_Measure_Costs,01_00_00_01,G,average,60,35.23,0.1,01,00,00,01
Farmer_Flood_Measure_Costs,01_00_00_01,G,average,100,63.15,0.13,01,00,00,01
Farmer_Flood_Measure_Costs,01_00_00_01,G&Wp,average,20,0.08,0.0,01,00,00,01
Farmer_Flood_Measure_Costs,01_00_00_01,G&Wp,average,60,40.94,0.12,01,00,00,01
Farmer_Flood_Measure_Costs,01_00_00_01,G&Wp,average,100,97.04,0.19,01,00,00,01
Farmer_Flood_Measure_Costs,01_00_00_01,Wp,average,20,0.07,0.0,01,00,00,01
Farmer_Flood_Measure_Costs,01_00_00_01,Wp,average,60,46.65,0.13,01,00,00,01
Farmer_Flood_Measure_Costs,01_00_00_01,Wp,average,100,130.93,0.26,01,00,00,01
Farmer_Flood_Measure_Costs,01_00_00_02,D,average,20,0.07,0.0,01,00,00,02
Farmer_Flood_Measure_Costs,01_00_00_02,D,average,60,12.67,0.04,01,00,00,02
Farmer_Flood_Measure_Costs,01_00_00_02,D,average,100,15.07,0.03,01,00,00,02
Farmer_Flood_Measure_Costs,01_00_00_02,D&G,average,20,0.08,0.0,01,00,00,02
Farmer_Flood_Measure_Costs,01_00_00_02,D&G,average,60,23.95,0.07,01,00,00,02
Farmer_Flood_Measure_Costs,01_00_00_02,D&G,average,100,39.11,0.08,01,00,00,02
Farmer_Flood_Measure_Costs,01_00_00_02,D&G&Wp,average,20,0.08,0.0,01,00,00,02
Farmer_Flood_Measure_Costs,01_00_00_02,D&G&Wp,average,60,31.52,0.09,01,00,00,02
Farmer_Flood_Measure_Costs,01_00_00_02,D&G&Wp,average,100,69.72,0.14,01,00,00,02
Farmer_Flood_Measure_Costs,01_00_00_02,D&Wp,average,20,0.07,0.0,01,00,00,02
Farmer_Flood_Measure_Costs,01_00_00_02,D&Wp,average,60,29.66,0.08,01,00,00,02
Farmer_Flood_Measure_Costs,01_00_00_02,D&Wp,average,100,73.0,0.15,01,00,00,02
Farmer_Flood_Measure_Costs,01_00_00_02,G,average,20,0.09,0.0,01,00,00,02
Farmer_Flood_Measure_Costs,01_00_00_02,G,average,60,35.23,0.1,01,00,00,02
Farmer_Flood_Measure_Costs,01_00_00_02,G,average,100,63.15,0.13,01,00,00,02
Farmer_Flood_Measure_Costs,01_00_00_02,G&Wp,average,20,0.08,0.0,01,00,00,02
Farmer_Flood_Measure_Costs,01_00_00_02,G&Wp,average,60,40.94,0.12,01,00,00,02
Farmer_Flood_Measure_Costs,01_00_00_02,G&Wp,average,100,97.04,0.19,01,00,00,02
Farmer_Flood_Measure_Costs,01_00_00_02,Wp,average,20,0.07,0.0,01,00,00,02
Farmer_Flood_Measure_Costs,01_00_00_02,Wp,average,60,46.65,0.13,01,00,00,02
Farmer_Flood_Measure_Costs,01_00_00_02,Wp,average,100,130.93,0.26,01,00,00,02
Farmer_Flood_Measure_Costs,01_00_00_04,D,average,20,0.07,0.0,01,00,00,04
Farmer_Flood_Measure_Costs,01_00_00_04,D,average,60,12.67,0.04,01,00,00,04
Farmer_Flood_Measure_Costs,01_00_00_04,D,average,100,15.07,0.03,01,00,00,04
Farmer_Flood_Measure_Costs,01_00_00_04,D&G,average,20,0.08,0.0,01,00,00,04
Farmer_Flood_Measure_Costs,01_00_00_04,D&G,average,60,23.95,0.07,01,00,00,04
Farmer_Flood_Measure_Costs,01_00_00_04,D&G,average,100,39.11,0.08,01,00,00,04
Farmer_Flood_Measure_Costs,01_00_00_04,D&G&Wp,average,20,0.08,0.0,01,00,00,04
Farmer_Flood_Measure_Costs,01_00_00_04,D&G&Wp,average,60,31.52,0.09,01,00,00,04
Farmer_Flood_Measure_Costs,01_00_00_04,D&G&Wp,average,100,69.72,0.14,01,00,00,04
Farmer_Flood_Measure_Costs,01_00_00_04,D&Wp,average,20,0.07,0.0,01,00,00,04
Farmer_Flood_Measure_Costs,01_00_00_04,D&Wp,average,60,29.66,0.08,01,00,00,04
Farmer_Flood_Measure_Costs,01_00_00_04,D&Wp,average,100,73.0,0.15,01,00,00,04
Farmer_Flood_Measure_Costs,01_00_00_04,G,average,20,0.09,0.0,01,00,00,04
Farmer_Flood_Measure_Costs,01_00_00_04,G,average,60,35.23,0.1,01,00,00,04
Farmer_Flood_Measure_Costs,01_00_00_04,G,average,100,63.15,0.13,01,00,00,04
Farmer_Flood_Measure_Costs,01_00_00_04,G&Wp,average,20,0.08,0.0,01,00,00,04
Farmer_Flood_Measure_Costs,01_00_00_04,G&Wp,average,60,40.94,0.12,01,00,00,04
Farmer_Flood_Measure_Costs,01_00_00_04,G&Wp,average,100,97.04,0.19,01,00,00,04
Farmer_Flood_Measure_Costs,01_00_00_04,Wp,average,20,0.07,0.0,01,00,00,04
Farmer_Flood_Measure_Costs,01_00_00_04,Wp,average,60,46.65,0.13,01,00,00,04
Farmer_Flood_Measure_Costs,01_00_00_04,Wp,average,100,130.93,0.26,01,00,00,04
Farmer_Flood_Measure_Costs,01_00_00_05,D,average,20,0.07,0.0,01,00,00,05
Farmer_Flood_Measure_Costs,01_00_00_05,D,average,60,12.67,0.04,01,00,00,05
Farmer_Flood_Measure_Costs,01_00_00_05,D,average,100,15.07,0.03,01,00,00,05
Farmer_Flood_Measure_Costs,01_00_00_05,D&G,average,20,0.08,0.0,01,00,00,05
Farmer_Flood_Measure_Costs,01_00_00_05,D&G,average,60,23.95,0.07,01,00,00,05
Farmer_Flood_Measure_Costs,01_00_00_05,D&G,average,100,39.11,0.08,01,00,00,05
Farmer_Flood_Measure_Costs,01_00_00_05,D&G&Wp,average,20,0.08,0.0,01,00,00,05
Farmer_Flood_Measure_Costs,01_00_00_05,D&G&Wp,average,60,31.52,0.09,01,00,00,05
Farmer_Flood_Measure_Costs,01_00_00_05,D&G&Wp,average,100,69.72,0.14,01,00,00,05
Farmer_Flood_Measure_Costs,01_00_00_05,D&Wp,average,20,0.07,0.0,01,00,00,05
Farmer_Flood_Measure_Costs,01_00_00_05,D&Wp,average,60,29.66,0.08,01,00,00,05
Farmer_Flood_Measure_Costs,01_00_00_05,D&Wp,average,100,73.0,0.15,01,00,00,05
Farmer_Flood_Measure_Costs,01_00_00_05,G,average,20,0.09,0.0,01,00,00,05
Farmer_Flood_Measure_Costs,01_00_00_05,G,average,60,35.23,0.1,01,00,00,05
Farmer_Flood_Measure_Costs,01_00_00_05,G,average,100,63.15,0.13,01,00,00,05
Farmer_Flood_Measure_Costs,01_00_00_05,G&Wp,average,20,0.08,0.0,01,00,00,05
Farmer_Flood_Measure_Costs,01_00_00_05,G&Wp,average,60,40.94,0.12,01,00,00,05
Farmer_Flood_Measure_Costs,01_00_00_05,G&Wp,average,100,97.04,0.19,01,00,00,05
Farmer_Flood_Measure_Costs,01_00_00_05,Wp,average,20,0.07,0.0,01,00,00,05
Farmer_Flood_Measure_Costs,01_00_00_05,Wp,average,60,46.65,0.13,01,00,00,05
Farmer_Flood_Measure_Costs,01_00_00_05,Wp,average,100,130.93,0.26,01,00,00,05
Farmer_Flood_Measure_Costs,01_00_00_07,D,average,20,0.07,0.0,01,00,00,07
Farmer_Flood_Measure_Costs,01_00_00_07,D,average,60,12.67,0.04,01,00,00,07
Farmer_Flood_Measure_Costs,01_00_00_07,D,average,100,15.07,0.03,01,00,00,07
Farmer_Flood_Measure_Costs,01_00_00_07,D&G,average,20,0.08,0.0,01,00,00,07
Farmer_Flood_Measure_Costs,01_00_00_07,D&G,average,60,23.95,0.07,01,00,00,07
Farmer_Flood_Measure_Costs,01_00_00_07,D&G,average,100,39.11,0.08,01,00,00,07
Farmer_Flood_Measure_Costs,01_00_00_07,D&G&Wp,average,20,0.08,0.0,01,00,00,07
Farmer_Flood_Measure_Costs,01_00_00_07,D&G&Wp,average,60,31.52,0.09,01,00,00,07
Farmer_Flood_Measure_Costs,01_00_00_07,D&G&Wp,average,100,69.72,0.14,01,00,00,07
Farmer_Flood_Measure_Costs,01_00_00_07,D&Wp,average,20,0.07,0.0,01,00,00,07
Farmer_Flood_Measure_Costs,01_00_00_07,D&Wp,average,60,29.66,0.08,01,00,00,07
Farmer_Flood_Measure_Costs,01_00_00_07,D&Wp,average,100,73.0,0.15,01,00,00,07
Farmer_Flood_Measure_Costs,01_00_00_07,G,average,20,0.09,0.0,01,00,00,07
Farmer_Flood_Measure_Costs,01_00_00_07,G,average,60,35.23,0.1,01,00,00,07
Farmer_Flood_Measure_Costs,01_00_00_07,G,average,100,63.15,0.13,01,00,00,07
Farmer_Flood_Measure_Costs,01_00_00_07,G&Wp,average,20,0.08,0.0,01,00,00,07
Farmer_Flood_Measure_Costs,01_00_00_07,G&Wp,average,60,40.94,0.12,01,00,00,07
Farmer_Flood_Measure_Costs,01_00_00_07,G&Wp,average,100,97.04,0.19,01,00,00,07
Farmer_Flood_Measure_Costs,01_00_00_07,Wp,average,20,0.07,0.0,01,00,00,07
Farmer_Flood_Measure_Costs,01_00_00_07,Wp,average,60,46.65,0.13,01,00,00,07
Farmer_Flood_Measure_Costs,01_00_00_07,Wp,average,100,130.93,0.26,01,00,00,07
Farmer_Flood_Measure_Costs,01_00_00_08,D,average,20,0.07,0.0,01,00,00,08
Farmer_Flood_Measure_Costs,01_00_00_08,D,average,60,12.67,0.04,01,00,00,08
Farmer_Flood_Measure_Costs,01_00_00_08,D,average,100,15.07,0.03,01,00,00,08
Farmer_Flood_Measure_Costs,01_00_00_08,D&G,average,20,0.08,0.0,01,00,00,08
Farmer_Flood_Measure_Costs,01_00_00_08,D&G,average,60,23.95,0.07,01,00,00,08
Farmer_Flood_Measure_Costs,01_00_00_08,D&G,average,100,39.11,0.08,01,00,00,08
Farmer_Flood_Measure_Costs,01_00_00_08,D&G&Wp,average,20,0.08,0.0,01,00,00,08
Farmer_Flood_Measure_Costs,01_00_00_08,D&G&Wp,average,60,31.52,0.09,01,00,00,08
Farmer_Flood_Measure_Costs,01_00_00_08,D&G&Wp,average,100,69.72,0.14,01,00,00,08
Farmer_Flood_Measure_Costs,01_00_00_08,D&Wp,average,20,0.07,0.0,01,00,00,08
Farmer_Flood_Measure_Costs,01_00_00_08,D&Wp,average,60,29.66,0.08,01,00,00,08
Farmer_Flood_Measure_Costs,01_00_00_08,D&Wp,average,100,73.0,0.15,01,00,00,08
Farmer_Flood_Measure_Costs,01_00_00_08,G,average,20,0.09,0.0,01,00,00,08
Farmer_Flood_Measure_Costs,01_00_00_08,G,average,60,35.23,0.1,01,00,00,08
Farmer_Flood_Measure_Costs,01_00_00_08,G,average,100,63.15,0.13,01,00,00,08
Farmer_Flood_Measure_Costs,01_00_00_08,G&Wp,average,20,0.08,0.0,01,00,00,08
Farmer_Flood_Measure_Costs,01_00_00_08,G&Wp,average,60,40.94,0.12,01,00,00,08
Farmer_Flood_Measure_Costs,01_00_00_08,G&Wp,average,100,97.04,0.19,01,00,00,08
Farmer_Flood_Measure_Costs,01_00_00_08,Wp,average,20,0.07,0.0,01,00,00,08
Farmer_Flood_Measure_Costs,01_00_00_08,Wp,average,60,46.65,0.13,01,00,00,08
Farmer_Flood_Measure_Costs,01_00_00_08,Wp,average,100,130.93,0.26,01,00,00,08
Farmer_Flood_Measure_Costs,01_00_00_09,D,average,20,0.07,0.0,01,00,00,09
Farmer_Flood_Measure_Costs,01_00_00_09,D,average,60,12.67,0.04,01,00,00,09
Farmer_Flood_Measure_Costs,01_00_00_09,D,average,100,15.07,0.03,01,00,00,09
Farmer_Flood_Measure_Costs,01_00_00_09,D&G,average,20,0.08,0.0,01,00,00,09
Farmer_Flood_Measure_Costs,01_00_00_09,D&G,average,60,23.95,0.07,01,00,00,09
Farmer_Flood_Measure_Costs,01_00_00_09,D&G,average,100,39.11,0.08,01,00,00,09
Farmer_Flood_Measure_Costs,01_00_00_09,D&G&Wp,average,20,0.08,0.0,01,00,00,09
Farmer_Flood_Measure_Costs,01_00_00_09,D&G&Wp,average,60,31.52,0.09,01,00,00,09
Farmer_Flood_Measure_Costs,01_00_00_09,D&G&Wp,average,100,69.72,0.14,01,00,00,09
Farmer_Flood_Measure_Costs,01_00_00_09,D&Wp,average,20,0.07,0.0,01,00,00,09
Farmer_Flood_Measure_Costs,01_00_00_09,D&Wp,average,60,29.66,0.08,01,00,00,09
Farmer_Flood_Measure_Costs,01_00_00_09,D&Wp,average,100,73.0,0.15,01,00,00,09
Farmer_Flood_Measure_Costs,01_00_00_09,G,average,20,0.09,0.0,01,00,00,09
Farmer_Flood_Measure_Costs,01_00_00_09,G,average,60,35.23,0.1,01,00,00,09
Farmer_Flood_Measure_Costs,01_00_00_09,G,average,100,63.15,0.13,01,00,00,09
Farmer_Flood_Measure_Costs,01_00_00_09,G&Wp,average,20,0.08,0.0,01,00,00,09
Farmer_Flood_Measure_Costs,01_00_00_09,G&Wp,average,60,40.94,0.12,01,00,00,09
Farmer_Flood_Measure_Costs,01_00_00_09,G&Wp,average,100,97.04,0.19,01,00,00,09
Farmer_Flood_Measure_Costs,01_00_00_09,Wp,average,20,0.07,0.0,01,00,00,09
Farmer_Flood_Measure_Costs,01_00_00_09,Wp,average,60,46.65,0.13,01,00,00,09
Farmer_Flood_Measure_Costs,01_00_00_09,Wp,average,100,130.93,0.26,01,00,00,09
Farmer_Flood_Measure_Costs,03_00_00_00,D,average,20,0.04,0.0,03,00,00,00
Farmer_Flood_Measure_Costs,03_00_00_00,D,average,60,11.93,0.03,03,00,00,00
Farmer_Flood_Measure_Costs,03_00_00_00,D,average,100,13.78,0.03,03,00,00,00
Farmer_Flood_Measure_Costs,03_00_00_00,D&G,average,20,0.05,0.0,03,00,00,00
Farmer_Flood_Measure_Costs,03_00_00_00,D&G,average,60,17.62,0.05,03,00,00,00
Farmer_Flood_Measure_Costs,03_00_00_00,D&G,average,100,30.78,0.06,03,00,00,00
Farmer_Flood_Measure_Costs,03_00_00_00,D&G&Wp,average,20,0.04,0.0,03,00,00,00
Farmer_Flood_Measure_Costs,03_00_00_00,D&G&Wp,average,60,27.15,0.08,03,00,00,00
Farmer_Flood_Measure_Costs,03_00_00_00,D&G&Wp,average,100,63.95,0.13,03,00,00,00
Farmer_Flood_Measure_Costs,03_00_00_00,D&Wp,average,20,0.04,0.0,03,00,00,00
Farmer_Flood_Measure_Costs,03_00_00_00,D&Wp,average,60,29.07,0.08,03,00,00,00
Farmer_Flood_Measure_Costs,03_00_00_00,D&Wp,average,100,72.04,0.14,03,00,00,00
Farmer_Flood_Measure_Costs,03_00_00_00,G,average,20,0.05,0.0,03,00,00,00
Farmer_Flood_Measure_Costs,03_00_00_00,G,average,60,23.3,0.07,03,00,00,00
Farmer_Flood_Measure_Costs,03_00_00_00,G,average,100,47.78,0.1,03,00,00,00
Farmer_Flood_Measure_Costs,03_00_00_00,G&Wp,average,20,0.04,0.0,03,00,00,00
Farmer_Flood_Measure_Costs,03_00_00_00,G&Wp,average,60,34.75,0.1,03,00,00,00
Farmer_Flood_Measure_Costs,03_00_00_00,G&Wp,average,100,89.04,0.18,03,00,00,00
Farmer_Flood_Measure_Costs,03_00_00_00,Wp,average,20,0.04,0.0,03,00,00,00
Farmer_Flood_Measure_Costs,03_00_00_00,Wp,average,60,46.21,0.13,03,00,00,00
Farmer_Flood_Measure_Costs,03_00_00_00,Wp,average,100,130.3,0.26,03,00,00,00
Farmer_Flood_Measure_Costs,03_00_00_01,D,average,20,0.04,0.0,03,00,00,01
Farmer_Flood_Measure_Costs,03_00_00_01,D,average,60,11.93,0.03,03,00,00,01
Farmer_Flood_Measure_Costs,03_00_00_01,D,average,100,13.78,0.03,03,00,00,01
Farmer_Flood_Measure_Costs,03_00_00_01,D&G,average,20,0.05,0.0,03,00,00,01
Farmer_Flood_Measure_Costs,03_00_00_01,D&G,average,60,17.62,0.05,03,00,00,01
Farmer_Flood_Measure_Costs,03_00_00_01,D&G,average,100,30.78,0.06,03,00,00,01
Farmer_Flood_Measure_Costs,03_00_00_01,D&G&Wp,average,20,0.04,0.0,03,00,00,01
Farmer_Flood_Measure_Costs,03_00_00_01,D&G&Wp,average,60,27.15,0.08,03,00,00,01
Farmer_Flood_Measure_Costs,03_00_00_01,D&G&Wp,average,100,63.95,0.13,03,00,00,01
Farmer_Flood_Measure_Costs,03_00_00_01,D&Wp,average,20,0.04,0.0,03,00,00,01
Farmer_Flood_Measure_Costs,03_00_00_01,D&Wp,average,60,29.07,0.08,03,00,00,01
Farmer_Flood_Measure_Costs,03_00_00_01,D&Wp,average,100,72.04,0.14,03,00,00,01
Farmer_Flood_Measure_Costs,03_00_00_01,G,average,20,0.05,0.0,03,00,00,01
Farmer_Flood_Measure_Costs,03_00_00_01,G,average,60,23.3,0.07,03,00,00,01
Farmer_Flood_Measure_Costs,03_00_00_01,G,average,100,47.78,0.1,03,00,00,01
Farmer_Flood_Measure_Costs,03_00_00_01,G&Wp,average,20,0.04,0.0,03,00,00,01
Farmer_Flood_Measure_Costs,03_00_00_01,G&Wp,average,60,34.75,0.1,03,00,00,01
Farmer_Flood_Measure_Costs,03_00_00_01,G&Wp,average,100,89.04,0.18,03,00,00,01
Farmer_Flood_Measure_Costs,03_00_00_01,Wp,average,20,0.04,0.0,03,00,00,01
Farmer_Flood_Measure_Costs,03_00_00_01,Wp,average,60,46.21,0.13,03,00,00,01
Farmer_Flood_Measure_Costs,03_00_00_01,Wp,average,100,130.3,0.26,03,00,00,01
Farmer_Flood_Measure_Costs,03_00_00_02,D,average,20,0.04,0.0,03,00,00,02
Farmer_Flood_Measure_Costs,03_00_00_02,D,average,60,11.93,0.03,03,00,00,02
Farmer_Flood_Measure_Costs,03_00_00_02,D,average,100,13.78,0.03,03,00,00,02
Farmer_Flood_Measure_Costs,03_00_00_02,D&G,average,20,0.05,0.0,03,00,00,02
Farmer_Flood_Measure_Costs,03_00_00_02,D&G,average,60,17.62,0.05,03,00,00,02
Farmer_Flood_Measure_Costs,03_00_00_02,D&G,average,100,30.78,0.06,03,00,00,02
Farmer_Flood_Measure_Costs,03_00_00_02,D&G&Wp,average,20,0.04,0.0,03,00,00,02
Farmer_Flood_Measure_Costs,03_00_00_02,D&G&Wp,average,60,27.15,0.08,03,00,00,02
Farmer_Flood_Measure_Costs,03_00_00_02,D&G&Wp,average,100,63.95,0.13,03,00,00,02
Farmer_Flood_Measure_Costs,03_00_00_02,D&Wp,average,20,0.04,0.0,03,00,00,02
Farmer_Flood_Measure_Costs,03_00_00_02,D&Wp,average,60,29.07,0.08,03,00,00,02
Farmer_Flood_Measure_Costs,03_00_00_02,D&Wp,average,100,72.04,0.14,03,00,00,02
Farmer_Flood_Measure_Costs,03_00_00_02,G,average,20,0.05,0.0,03,00,00,02
Farmer_Flood_Measure_Costs,03_00_00_02,G,average,60,23.3,0.07,03,00,00,02
Farmer_Flood_Measure_Costs,03_00_00_02,G,average,100,47.78,0.1,03,00,00,02
Farmer_Flood_Measure_Costs,03_00_00_02,G&Wp,average,20,0.04,0.0,03,00,00,02
Farmer_Flood_Measure_Costs,03_00_00_02,G&Wp,average,60,34.75,0.1,03,00,00,02
Farmer_Flood_Measure_Costs,03_00_00_02,G&Wp,average,100,89.04,0.18,03,00,00,02
Farmer_Flood_Measure_Costs,03_00_00_02,Wp,average,20,0.04,0.0,03,00,00,02
Farmer_Flood_Measure_Costs,03_00_00_02,Wp,average,60,46.21,0.13,03,00,00,02
Farmer_Flood_Measure_Costs,03_00_00_02,Wp,average,100,130.3,0.26,03,00,00,02
Farmer_Flood_Measure_Costs,03_00_00_04,D,average,20,0.04,0.0,03,00,00,04
Farmer_Flood_Measure_Costs,03_00_00_04,D,average,60,11.93,0.03,03,00,00,04
Farmer_Flood_Measure_Costs,03_00_00_04,D,average,100,13.78,0.03,03,00,00,04
Farmer_Flood_Measure_Costs,03_00_00_04,D&G,average,20,0.05,0.0,03,00,00,04
Farmer_Flood_Measure_Costs,03_00_00_04,D&G,average,60,17.62,0.05,03,00,00,04
Farmer_Flood_Measure_Costs,03_00_00_04,D&G,average,100,30.78,0.06,03,00,00,04
Farmer_Flood_Measure_Costs,03_00_00_04,D&G&Wp,average,20,0.04,0.0,03,00,00,04
Farmer_Flood_Measure_Costs,03_00_00_04,D&G&Wp,average,60,27.15,0.08,03,00,00,04
Farmer_Flood_Measure_Costs,03_00_00_04,D&G&Wp,average,100,63.95,0.13,03,00,00,04
Farmer_Flood_Measure_Costs,03_00_00_04,D&Wp,average,20,0.04,0.0,03,00,00,04
Farmer_Flood_Measure_Costs,03_00_00_04,D&Wp,average,60,29.07,0.08,03,00,00,04
Farmer_Flood_Measure_Costs,03_00_00_04,D&Wp,average,100,72.04,0.14,03,00,00,04
Farmer_Flood_Measure_Costs,03_00_00_04,G,average,20,0.05,0.0,03,00,00,04
Farmer_Flood_Measure_Costs,03_00_00_04,G,average,60,23.3,0.07,03,00,00,04
Farmer_Flood_Measure_Costs,03_00_00_04,G,average,100,47.78,0.1,03,00,00,04
Farmer_Flood_Measure_Costs,03_00_00_04,G&Wp,average,20,0.04,0.0,03,00,00,04
Farmer_Flood_Measure_Costs,03_00_00_04,G&Wp,average,60,34.75,0.1,03,00,00,04
Farmer_Flood_Measure_Costs,03_00_00_04,G&Wp,average,100,89.04,0.18,03,00,00,04
Farmer_Flood_Measure_Costs,03_00_00_04,Wp,average,20,0.04,0.0,03,00,00,04
Farmer_Flood_Measure_Costs,03_00_00_04,Wp,average,60,46.21,0.13,03,00,00,04
Farmer_Flood_Measure_Costs,03_00_00_04,Wp,average,100,130.3,0.26,03,00,00,04
Farmer_Flood_Measure_Costs,03_00_00_05,D,average,20,0.04,0.0,03,00,00,05
Farmer_Flood_Measure_Costs,03_00_00_05,D,average,60,11.93,0.03,03,00,00,05
Farmer_Flood_Measure_Costs,03_00_00_05,D,average,100,13.78,0.03,03,00,00,05
Farmer_Flood_Measure_Costs,03_00_00_05,D&G,average,20,0.05,0.0,03,00,00,05
Farmer_Flood_Measure_Costs,03_00_00_05,D&G,average,60,17.62,0.05,03,00,00,05
Farmer_Flood_Measure_Costs,03_00_00_05,D&G,average,100,30.78,0.06,03,00,00,05
Farmer_Flood_Measure_Costs,03_00_00_05,D&G&Wp,average,20,0.04,0.0,03,00,00,05
Farmer_Flood_Measure_Costs,03_00_00_05,D&G&Wp,average,60,27.15,0.08,03,00,00,05
Farmer_Flood_Measure_Costs,03_00_00_05,D&G&Wp,average,100,63.95,0.13,03,00,00,05
Farmer_Flood_Measure_Costs,03_00_00_05,D&Wp,average,20,0.04,0.0,03,00,00,05
Farmer_Flood_Measure_Costs,03_00_00_05,D&Wp,average,60,29.07,0.08,03,00,00,05
Farmer_Flood_Measure_Costs,03_00_00_05,D&Wp,average,100,72.04,0.14,03,00,00,05
Farmer_Flood_Measure_Costs,03_00_00_05,G,average,20,0.05,0.0,03,00,00,05
Farmer_Flood_Measure_Costs,03_00_00_05,G,average,60,23.3,0.07,03,00,00,05
Farmer_Flood_Measure_Costs,03_00_00_05,G,average,100,47.78,0.1,03,00,00,05
Farmer_Flood_Measure_Costs,03_00_00_05,G&Wp,average,20,0.04,0.0,03,00,00,05
Farmer_Flood_Measure_Costs,03_00_00_05,G&Wp,average,60,34.75,0.1,03,00,00,05
Farmer_Flood_Measure_Costs,03_00_00_05,G&Wp,average,100,89.04,0.18,03,00,00,05
Farmer_Flood_Measure_Costs,03_00_00_05,Wp,average,20,0.04,0.0,03,00,00,05
Farmer_Flood_Measure_Costs,03_00_00_05,Wp,average,60,46.21,0.13,03,00,00,05
Farmer_Flood_Measure_Costs,03_00_00_05,Wp,average,100,130.3,0.26,03,00,00,05
Farmer_Flood_Measure_Costs,03_00_00_07,D,average,20,0.04,0.0,03,00,00,07
Farmer_Flood_Measure_Costs,03_00_00_07,D,average,60,11.93,0.03,03,00,00,07
Farmer_Flood_Measure_Costs,03_00_00_07,D,average,100,13.78,0.03,03,00,00,07
Farmer_Flood_Measure_Costs,03_00_00_07,D&G,average,20,0.05,0.0,03,00,00,07
Farmer_Flood_Measure_Costs,03_00_00_07,D&G,average,60,17.62,0.05,03,00,00,07
Farmer_Flood_Measure_Costs,03_00_00_07,D&G,average,100,30.78,0.06,03,00,00,07
Farmer_Flood_Measure_Costs,03_00_00_07,D&G&Wp,average,20,0.04,0.0,03,00,00,07
Farmer_Flood_Measure_Costs,03_00_00_07,D&G&Wp,average,60,27.15,0.08,03,00,00,07
Farmer_Flood_Measure_Costs,03_00_00_07,D&G&Wp,average,100,63.95,0.13,03,00,00,07
Farmer_Flood_Measure_Costs,03_00_00_07,D&Wp,average,20,0.04,0.0,03,00,00,07
Farmer_Flood_Measure_Costs,03_00_00_07,D&Wp,average,60,29.07,0.08,03,00,00,07
Farmer_Flood_Measure_Costs,03_00_00_07,D&Wp,average,100,72.04,0.14,03,00,00,07
Farmer_Flood_Measure_Costs,03_00_00_07,G,average,20,0.05,0.0,03,00,00,07
Farmer_Flood_Measure_Costs,03_00_00_07,G,average,60,23.3,0.07,03,00,00,07
Farmer_Flood_Measure_Costs,03_00_00_07,G,average,100,47.78,0.1,03,00,00,07
Farmer_Flood_Measure_Costs,03_00_00_07,G&Wp,average,20,0.04,0.0,03,00,00,07
Farmer_Flood_Measure_Costs,03_00_00_07,G&Wp,average,60,34.75,0.1,03,00,00,07
Farmer_Flood_Measure_Costs,03_00_00_07,G&Wp,average,100,89.04,0.18,03,00,00,07
Farmer_Flood_Measure_Costs,03_00_00_07,Wp,average,20,0.04,0.0,03,00,00,07
Farmer_Flood_Measure_Costs,03_00_00_07,Wp,average,60,46.21,0.13,03,00,00,07
Farmer_Flood_Measure_Costs,03_00_00_07,Wp,average,100,130.3,0.26,03,00,00,07
Farmer_Flood_Measure_Costs,03_00_00_08,D,average,20,0.04,0.0,03,00,00,08
Farmer_Flood_Measure_Costs,03_00_00_08,D,average,60,11.93,0.03,03,00,00,08
Farmer_Flood_Measure_Costs,03_00_00_08,D,average,100,13.78,0.03,03,00,00,08
Farmer_Flood_Measure_Costs,03_00_00_08,D&G,average,20,0.05,0.0,03,00,00,08
Farmer_Flood_Measure_Costs,03_00_00_08,D&G,average,60,17.62,0.05,03,00,00,08
Farmer_Flood_Measure_Costs,03_00_00_08,D&G,average,100,30.78,0.06,03,00,00,08
Farmer_Flood_Measure_Costs,03_00_00_08,D&G&Wp,average,20,0.04,0.0,03,00,00,08
Farmer_Flood_Measure_Costs,03_00_00_08,D&G&Wp,average,60,27.15,0.08,03,00,00,08
Farmer_Flood_Measure_Costs,03_00_00_08,D&G&Wp,average,100,63.95,0.13,03,00,00,08
Farmer_Flood_Measure_Costs,03_00_00_08,D&Wp,average,20,0.04,0.0,03,00,00,08
Farmer_Flood_Measure_Costs,03_00_00_08,D&Wp,average,60,29.07,0.08,03,00,00,08
Farmer_Flood_Measure_Costs,03_00_00_08,D&Wp,average,100,72.04,0.14,03,00,00,08
Farmer_Flood_Measure_Costs,03_00_00_08,G,average,20,0.05,0.0,03,00,00,08
Farmer_Flood_Measure_Costs,03_00_00_08,G,average,60,23.3,0.07,03,00,00,08
Farmer_Flood_Measure_Costs,03_00_00_08,G,average,100,47.78,0.1,03,00,00,08
Farmer_Flood_Measure_Costs,03_00_00_08,G&Wp,average,20,0.04,0.0,03,00,00,08
Farmer_Flood_Measure_Costs,03_00_00_08,G&Wp,average,60,34.75,0.1,03,00,00,08
Farmer_Flood_Measure_Costs,03_00_00_08,G&Wp,average,100,89.04,0.18,03,00,00,08
Farmer_Flood_Measure_Costs,03_00_00_08,Wp,average,20,0.04,0.0,03,00,00,08
Farmer_Flood_Measure_Costs,03_00_00_08,Wp,average,60,46.21,0.13,03,00,00,08
Farmer_Flood_Measure_Costs,03_00_00_08,Wp,average,100,130.3,0.26,03,00,00,08
Farmer_Flood_Measure_Costs,03_00_00_09,D,average,20,0.04,0.0,03,00,00,09
Farmer_Flood_Measure_Costs,03_00_00_09,D,average,60,11.93,0.03,03,00,00,09
Farmer_Flood_Measure_Costs,03_00_00_09,D,average,100,13.78,0.03,03,00,00,09
Farmer_Flood_Measure_Costs,03_00_00_09,D&G,average,20,0.05,0.0,03,00,00,09
Farmer_Flood_Measure_Costs,03_00_00_09,D&G,average,60,17.62,0.05,03,00,00,09
Farmer_Flood_Measure_Costs,03_00_00_09,D&G,average,100,30.78,0.06,03,00,00,09
Farmer_Flood_Measure_Costs,03_00_00_09,D&G&Wp,average,20,0.04,0.0,03,00,00,09
Farmer_Flood_Measure_Costs,03_00_00_09,D&G&Wp,average,60,27.15,0.08,03,00,00,09
Farmer_Flood_Measure_Costs,03_00_00_09,D&G&Wp,average,100,63.95,0.13,03,00,00,09
Farmer_Flood_Measure_Costs,03_00_00_09,D&Wp,average,20,0.04,0.0,03,00,00,09
Farmer_Flood_Measure_Costs,03_00_00_09,D&Wp,average,60,29.07,0.08,03,00,00,09
Farmer_Flood_Measure_Costs,03_00_00_09,D&Wp,average,100,72.04,0.14,03,00,00,09
Farmer_Flood_Measure_Costs,03_00_00_09,G,average,20,0.05,0.0,03,00,00,09
Farmer_Flood_Measure_Costs,03_00_00_09,G,average,60,23.3,0.07,03,00,00,09
Farmer_Flood_Measure_Costs,03_00_00_09,G,average,100,47.78,0.1,03,00,00,09
Farmer_Flood_Measure_Costs,03_00_00_09,G&Wp,average,20,0.04,0.0,03,00,00,09
Farmer_Flood_Measure_Costs,03_00_00_09,G&Wp,average,60,34.75,0.1,03,00,00,09
Farmer_Flood_Measure_Costs,03_00_00_09,G&Wp,average,100,89.04,0.18,03,00,00,09
Farmer_Flood_Measure_Costs,03_00_00_09,Wp,average,20,0.04,0.0,03,00,00,09
Farmer_Flood_Measure_Costs,03_00_00_09,Wp,average,60,46.21,0.13,03,00,00,09
Farmer_Flood_Measure_Costs,03_00_00_09,Wp,average,100,130.3,0.26,03,00,00,09
Farmer_Flood_Measure_Costs,05_00_00_00,D,average,20,33.6,0.22,05,00,00,00
Farmer_Flood_Measure_Costs,05_00_00_00,D,average,60,118.0,0.34,05,00,00,00
Farmer_Flood_Measure_Costs,05_00_00_00,D,average,100,140.4,0.28,05,00,00,00
Farmer_Flood_Measure_Costs,05_00_00_00,D&G,average,20,33.6,0.22,05,00,00,00
Farmer_Flood_Measure_Costs,05_00_00_00,D&G,average,60,118.0,0.34,05,00,00,00
Farmer_Flood_Measure_Costs,05_00_00_00,D&G,average,100,140.4,0.28,05,00,00,00
Farmer_Flood_Measure_Costs,05_00_00_00,D&G&Wp,average,20,33.6,0.22,05,00,00,00
Farmer_Flood_Measure_Costs,05_00_00_00,D&G&Wp,average,60,125.47,0.36,05,00,00,00
Farmer_Flood_Measure_Costs,05_00_00_00,D&G&Wp,average,100,145.13,0.29,05,00,00,00
Farmer_Flood_Measure_Costs,05_00_00_00,D&Wp,average,20,33.6,0.22,05,00,00,00
Farmer_Flood_Measure_Costs,05_00_00_00,D&Wp,average,60,129.2,0.37,05,00,00,00
Farmer_Flood_Measure_Costs,05_00_00_00,D&Wp,average,100,147.5,0.29,05,00,00,00
Farmer_Flood_Measure_Costs,05_00_00_00,G,average,20,33.6,0.22,05,00,00,00
Farmer_Flood_Measure_Costs,05_00_00_00,G,average,60,118.0,0.34,05,00,00,00
Farmer_Flood_Measure_Costs,05_00_00_00,G,average,100,140.4,0.28,05,00,00,00
Farmer_Flood_Measure_Costs,05_00_00_00,G&Wp,average,20,33.6,0.22,05,00,00,00
Farmer_Flood_Measure_Costs,05_00_00_00,G&Wp,average,60,129.2,0.37,05,00,00,00
Farmer_Flood_Measure_Costs,05_00_00_00,G&Wp,average,100,147.5,0.29,05,00,00,00
Farmer_Flood_Measure_Costs,05_00_00_00,Wp,average,20,33.6,0.22,05,00,00,00
Farmer_Flood_Measure_Costs,05_00_00_00,Wp,average,60,140.4,0.4,05,00,00,00
Farmer_Flood_Measure_Costs,05_00_00_00,Wp,average,100,154.6,0.31,05,00,00,00
Farmer_Flood_Measure_Costs,05_00_00_01,D,average,20,33.6,0.22,05,00,00,01
Farmer_Flood_Measure_Costs,05_00_00_01,D,average,60,118.0,0.34,05,00,00,01
Farmer_Flood_Measure_Costs,05_00_00_01,D,average,100,140.4,0.28,05,00,00,01
Farmer_Flood_Measure_Costs,05_00_00_01,D&G,average,20,33.6,0.22,05,00,00,01
Farmer_Flood_Measure_Costs,05_00_00_01,D&G,average,60,118.0,0.34,05,00,00,01
Farmer_Flood_Measure_Costs,05_00_00_01,D&G,average,100,140.4,0.28,05,00,00,01
Farmer_Flood_Measure_Costs,05_00_00_01,D&G&Wp,average,20,33.6,0.22,05,00,00,01
Farmer_Flood_Measure_Costs,05_00_00_01,D&G&Wp,average,60,125.47,0.36,05,00,00,01
Farmer_Flood_Measure_Costs,05_00_00_01,D&G&Wp,average,100,145.13,0.29,05,00,00,01
Farmer_Flood_Measure_Costs,05_00_00_01,D&Wp,average,20,33.6,0.22,05,00,00,01
Farmer_Flood_Measure_Costs,05_00_00_01,D&Wp,average,60,129.2,0.37,05,00,00,01
Farmer_Flood_Measure_Costs,05_00_00_01,D&Wp,average,100,147.5,0.29,05,00,00,01
Farmer_Flood_Measure_Costs,05_00_00_01,G,average,20,33.6,0.22,05,00,00,01
Farmer_Flood_Measure_Costs,05_00_00_01,G,average,60,118.0,0.34,05,00,00,01
Farmer_Flood_Measure_Costs,05_00_00_01,G,average,100,140.4,0.28,05,00,00,01
Farmer_Flood_Measure_Costs,05_00_00_01,G&Wp,average,20,33.6,0.22,05,00,00,01
Farmer_Flood_Measure_Costs,05_00_00_01,G&Wp,average,60,129.2,0.37,05,00,00,01
Farmer_Flood_Measure_Costs,05_00_00_01,G&Wp,average,100,147.5,0.29,05,00,00,01
Farmer_Flood_Measure_Costs,05_00_00_01,Wp,average,20,33.6,0.22,05,00,00,01
Farmer_Flood_Measure_Costs,05_00_00_01,Wp,average,60,140.4,0.4,05,00,00,01
Farmer_Flood_Measure_Costs,05_00_00_01,Wp,average,100,154.6,0.31,05,00,00,01
Farmer_Flood_Measure_Costs,05_00_00_02,D,average,20,33.6,0.22,05,00,00,02
Farmer_Flood_Measure_Costs,05_00_00_02,D,average,60,118.0,0.34,05,00,00,02
Farmer_Flood_Measure_Costs,05_00_00_02,D,average,100,140.4,0.28,05,00,00,02
Farmer_Flood_Measure_Costs,05_00_00_02,D&G,average,20,33.6,0.22,05,00,00,02
Farmer_Flood_Measure_Costs,05_00_00_02,D&G,average,60,118.0,0.34,05,00,00,02
Farmer_Flood_Measure_Costs,05_00_00_02,D&G,average,100,140.4,0.28,05,00,00,02
Farmer_Flood_Measure_Costs,05_00_00_02,D&G&Wp,average,20,33.6,0.22,05,00,00,02
Farmer_Flood_Measure_Costs,05_00_00_02,D&G&Wp,average,60,125.47,0.36,05,00,00,02
Farmer_Flood_Measure_Costs,05_00_00_02,D&G&Wp,average,100,145.13,0.29,05,00,00,02
Farmer_Flood_Measure_Costs,05_00_00_02,D&Wp,average,20,33.6,0.22,05,00,00,02
Farmer_Flood_Measure_Costs,05_00_00_02,D&Wp,average,60,129.2,0.37,05,00,00,02
Farmer_Flood_Measure_Costs,05_00_00_02,D&Wp,average,100,147.5,0.29,05,00,00,02
Farmer_Flood_Measure_Costs,05_00_00_02,G,average,20,33.6,0.22,05,00,00,02
Farmer_Flood_Measure_Costs,05_00_00_02,G,average,60,118.0,0.34,05,00,00,02
Farmer_Flood_Measure_Costs,05_00_00_02,G,average,100,140.4,0.28,05,00,00,02
Farmer_Flood_Measure_Costs,05_00_00_02,G&Wp,average,20,33.6,0.22,05,00,00,02
Farmer_Flood_Measure_Costs,05_00_00_02,G&Wp,average,60,129.2,0.37,05,00,00,02
Farmer_Flood_Measure_Costs,05_00_00_02,G&Wp,average,100,147.5,0.29,05,00,00,02
Farmer_Flood_Measure_Costs,05_00_00_02,Wp,average,20,33.6,0.22,05,00,00,02
Farmer_Flood_Measure_Costs,05_00_00_02,Wp,average,60,140.4,0.4,05,00,00,02
Farmer_Flood_Measure_Costs,05_00_00_02,Wp,average,100,154.6,0.31,05,00,00,02
Farmer_Flood_Measure_Costs,05_00_00_04,D,average,20,33.6,0.22,05,00,00,04
Farmer_Flood_Measure_Costs,05_00_00_04,D,average,60,118.0,0.34,05,00,00,04
Farmer_Flood_Measure_Costs,05_00_00_04,D,average,100,140.4,0.28,05,00,00,04
Farmer_Flood_Measure_Costs,05_00_00_04,D&G,average,20,33.6,0.22,05,00,00,04
Farmer_Flood_Measure_Costs,05_00_00_04,D&G,average,60,118.0,0.34,05,00,00,04
Farmer_Flood_Measure_Costs,05_00_00_04,D&G,average,100,140.4,0.28,05,00,00,04
Farmer_Flood_Measure_Costs,05_00_00_04,D&G&Wp,average,20,33.6,0.22,05,00,00,04
Farmer_Flood_Measure_Costs,05_00_00_04,D&G&Wp,average,60,125.47,0.36,05,00,00,04
Farmer_Flood_Measure_Costs,05_00_00_04,D&G&Wp,average,100,145.13,0.29,05,00,00,04
Farmer_Flood_Measure_Costs,05_00_00_04,D&Wp,average,20,33.6,0.22,05,00,00,04
Farmer_Flood_Measure_Costs,05_00_00_04,D&Wp,average,60,129.2,0.37,05,00,00,04
Farmer_Flood_Measure_Costs,05_00_00_04,D&Wp,average,100,147.5,0.29,05,00,00,04
Farmer_Flood_Measure_Costs,05_00_00_04,G,average,20,33.6,0.22,05,00,00,04
Farmer_Flood_Measure_Costs,05_00_00_04,G,average,60,118.0,0.34,05,00,00,04
Farmer_Flood_Measure_Costs,05_00_00_04,G,average,100,140.4,0.28,05,00,00,04
Farmer_Flood_Measure_Costs,05_00_00_04,G&Wp,average,20,33.6,0.22,05,00,00,04
Farmer_Flood_Measure_Costs,05_00_00_04,G&Wp,average,60,129.2,0.37,05,00,00,04
Farmer_Flood_Measure_Costs,05_00_00_04,G&Wp,average,100,147.5,0.29,05,00,00,04
Farmer_Flood_Measure_Costs,05_00_00_04,Wp,average,20,33.6,0.22,05,00,00,04
Farmer_Flood_Measure_Costs,05_00_00_04,Wp,average,60,140.4,0.4,05,00,00,04
Farmer_Flood_Measure_Costs,05_00_00_04,Wp,average,100,154.6,0.31,05,00,00,04
Farmer_Flood_Measure_Costs,05_00_00_05,D,average,20,33.6,0.22,05,00,00,05
Farmer_Flood_Measure_Costs,05_00_00_05,D,average,60,118.0,0.34,05,00,00,05
Farmer_Flood_Measure_Costs,05_00_00_05,D,average,100,140.4,0.28,05,00,00,05
Farmer_Flood_Measure_Costs,05_00_00_05,D&G,average,20,33.6,0.22,05,00,00,05
Farmer_Flood_Measure_Costs,05_00_00_05,D&G,average,60,118.0,0.34,05,00,00,05
Farmer_Flood_Measure_Costs,05_00_00_05,D&G,average,100,140.4,0.28,05,00,00,05
Farmer_Flood_Measure_Costs,05_00_00_05,D&G&Wp,average,20,33.6,0.22,05,00,00,05
Farmer_Flood_Measure_Costs,05_00_00_05,D&G&Wp,average,60,125.47,0.36,05,00,00,05
Farmer_Flood_Measure_Costs,05_00_00_05,D&G&Wp,average,100,145.13,0.29,05,00,00,05
Farmer_Flood_Measure_Costs,05_00_00_05,D&Wp,average,20,33.6,0.22,05,00,00,05
Farmer_Flood_Measure_Costs,05_00_00_05,D&Wp,average,60,129.2,0.37,05,00,00,05
Farmer_Flood_Measure_Costs,05_00_00_05,D&Wp,average,100,147.5,0.29,05,00,00,05
Farmer_Flood_Measure_Costs,05_00_00_05,G,average,20,33.6,0.22,05,00,00,05
Farmer_Flood_Measure_Costs,05_00_00_05,G,average,60,118.0,0.34,05,00,00,05
Farmer_Flood_Measure_Costs,05_00_00_05,G,average,100,140.4,0.28,05,00,00,05
Farmer_Flood_Measure_Costs,05_00_00_05,G&Wp,average,20,33.6,0.22,05,00,00,05
Farmer_Flood_Measure_Costs,05_00_00_05,G&Wp,average,60,129.2,0.37,05,00,00,05
Farmer_Flood_Measure_Costs,05_00_00_05,G&Wp,average,100,147.5,0.29,05,00,00,05
Farmer_Flood_Measure_Costs,05_00_00_05,Wp,average,20,33.6,0.22,05,00,00,05
Farmer_Flood_Measure_Costs,05_00_00_05,Wp,average,60,140.4,0.4,05,00,00,05
Farmer_Flood_Measure_Costs,05_00_00_05,Wp,average,100,154.6,0.31,05,00,00,05
Farmer_Flood_Measure_Costs,05_00_00_07,D,average,20,33.6,0.22,05,00,00,07
Farmer_Flood_Measure_Costs,05_00_00_07,D,average,60,118.0,0.34,05,00,00,07
Farmer_Flood_Measure_Costs,05_00_00_07,D,average,100,140.4,0.28,05,00,00,07
Farmer_Flood_Measure_Costs,05_00_00_07,D&G,average,20,33.6,0.22,05,00,00,07
Farmer_Flood_Measure_Costs,05_00_00_07,D&G,average,60,118.0,0.34,05,00,00,07
Farmer_Flood_Measure_Costs,05_00_00_07,D&G,average,100,140.4,0.28,05,00,00,07
Farmer_Flood_Measure_Costs,05_00_00_07,D&G&Wp,average,20,33.6,0.22,05,00,00,07
Farmer_Flood_Measure_Costs,05_00_00_07,D&G&Wp,average,60,125.47,0.36,05,00,00,07
Farmer_Flood_Measure_Costs,05_00_00_07,D&G&Wp,average,100,145.13,0.29,05,00,00,07
Farmer_Flood_Measure_Costs,05_00_00_07,D&Wp,average,20,33.6,0.22,05,00,00,07
Farmer_Flood_Measure_Costs,05_00_00_07,D&Wp,average,60,129.2,0.37,05,00,00,07
Farmer_Flood_Measure_Costs,05_00_00_07,D&Wp,average,100,147.5,0.29,05,00,00,07
Farmer_Flood_Measure_Costs,05_00_00_07,G,average,20,33.6,0.22,05,00,00,07
Farmer_Flood_Measure_Costs,05_00_00_07,G,average,60,118.0,0.34,05,00,00,07
Farmer_Flood_Measure_Costs,05_00_00_07,G,average,100,140.4,0.28,05,00,00,07
Farmer_Flood_Measure_Costs,05_00_00_07,G&Wp,average,20,33.6,0.22,05,00,00,07
Farmer_Flood_Measure_Costs,05_00_00_07,G&Wp,average,60,129.2,0.37,05,00,00,07
Farmer_Flood_Measure_Costs,05_00_00_07,G&Wp,average,100,147.5,0.29,05,00,00,07
Farmer_Flood_Measure_Costs,05_00_00_07,Wp,average,20,33.6,0.22,05,00,00,07
Farmer_Flood_Measure_Costs,05_00_00_07,Wp,average,60,140.4,0.4,05,00,00,07
Farmer_Flood_Measure_Costs,05_00_00_07,Wp,average,100,154.6,0.31,05,00,00,07
Farmer_Flood_Measure_Costs,05_00_00_08,D,average,20,33.6,0.22,05,00,00,08
Farmer_Flood_Measure_Costs,05_00_00_08,D,average,60,118.0,0.34,05,00,00,08
Farmer_Flood_Measure_Costs,05_00_00_08,D,average,100,140.4,0.28,05,00,00,08
Farmer_Flood_Measure_Costs,05_00_00_08,D&G,average,20,33.6,0.22,05,00,00,08
Farmer_Flood_Measure_Costs,05_00_00_08,D&G,average,60,118.0,0.34,05,00,00,08
Farmer_Flood_Measure_Costs,05_00_00_08,D&G,average,100,140.4,0.28,05,00,00,08
Farmer_Flood_Measure_Costs,05_00_00_08,D&G&Wp,average,20,33.6,0.22,05,00,00,08
Farmer_Flood_Measure_Costs,05_00_00_08,D&G&Wp,average,60,125.47,0.36,05,00,00,08
Farmer_Flood_Measure_Costs,05_00_00_08,D&G&Wp,average,100,145.13,0.29,05,00,00,08
Farmer_Flood_Measure_Costs,05_00_00_08,D&Wp,average,20,33.6,0.22,05,00,00,08
Farmer_Flood_Measure_Costs,05_00_00_08,D&Wp,average,60,129.2,0.37,05,00,00,08
Farmer_Flood_Measure_Costs,05_00_00_08,D&Wp,average,100,147.5,0.29,05,00,00,08
Farmer_Flood_Measure_Costs,05_00_00_08,G,average,20,33.6,0.22,05,00,00,08
Farmer_Flood_Measure_Costs,05_00_00_08,G,average,60,118.0,0.34,05,00,00,08
Farmer_Flood_Measure_Costs,05_00_00_08,G,average,100,140.4,0.28,05,00,00,08
Farmer_Flood_Measure_Costs,05_00_00_08,G&Wp,average,20,33.6,0.22,05,00,00,08
Farmer_Flood_Measure_Costs,05_00_00_08,G&Wp,average,60,129.2,0.37,05,00,00,08
Farmer_Flood_Measure_Costs,05_00_00_08,G&Wp,average,100,147.5,0.29,05,00,00,08
Farmer_Flood_Measure_Costs,05_00_00_08,Wp,average,20,33.6,0.22,05,00,00,08
Farmer_Flood_Measure_Costs,05_00_00_08,Wp,average,60,140.4,0.4,05,00,00,08
Farmer_Flood_Measure_Costs,05_00_00_08,Wp,average,100,154.6,0.31,05,00,00,08
Farmer_Flood_Measure_Costs,05_00_00_09,D,average,20,33.6,0.22,05,00,00,09
Farmer_Flood_Measure_Costs,05_00_00_09,D,average,60,118.0,0.34,05,00,00,09
Farmer_Flood_Measure_Costs,05_00_00_09,D,average,100,140.4,0.28,05,00,00,09
Farmer_Flood_Measure_Costs,05_00_00_09,D&G,average,20,33.6,0.22,05,00,00,09
Farmer_Flood_Measure_Costs,05_00_00_09,D&G,average,60,118.0,0.34,05,00,00,09
Farmer_Flood_Measure_Costs,05_00_00_09,D&G,average,100,140.4,0.28,05,00,00,09
Farmer_Flood_Measure_Costs,05_00_00_09,D&G&Wp,average,20,33.6,0.22,05,00,00,09
Farmer_Flood_Measure_Costs,05_00_00_09,D&G&Wp,average,60,125.47,0.36,05,00,00,09
Farmer_Flood_Measure_Costs,05_00_00_09,D&G&Wp,average,100,145.13,0.29,05,00,00,09
Farmer_Flood_Measure_Costs,05_00_00_09,D&Wp,average,20,33.6,0.22,05,00,00,09
Farmer_Flood_Measure_Costs,05_00_00_09,D&Wp,average,60,129.2,0.37,05,00,00,09
Farmer_Flood_Measure_Costs,05_00_00_09,D&Wp,average,100,147.5,0.29,05,00,00,09
Farmer_Flood_Measure_Costs,05_00_00_09,G,average,20,33.6,0.22,05,00,00,09
Farmer_Flood_Measure_Costs,05_00_00_09,G,average,60,118.0,0.34,05,00,00,09
Farmer_Flood_Measure_Costs,05_00_00_09,G,average,100,140.4,0.28,05,00,00,09
Farmer_Flood_Measure_Costs,05_00_00_09,G&Wp,average,20,33.6,0.22,05,00,00,09
Farmer_Flood_Measure_Costs,05_00_00_09,G&Wp,average,60,129.2,0.37,05,00,00,09
Farmer_Flood_Measure_Costs,05_00_00_09,G&Wp,average,100,147.5,0.29,05,00,00,09
Farmer_Flood_Measure_Costs,05_00_00_09,Wp,average,20,33.6,0.22,05,00,00,09
Farmer_Flood_Measure_Costs,05_00_00_09,Wp,average,60,140.4,0.4,05,00,00,09
Farmer_Flood_Measure_Costs,05_00_00_09,Wp,average,100,154.6,0.31,05,00,00,09
Farmer_Flood_Measure_Costs,07_00_00_00,D,average,20,42.6,0.28,07,00,00,00
Farmer_Flood_Measure_Costs,07_00_00_00,D,average,60,113.67,0.32,07,00,00,00
Farmer_Flood_Measure_Costs,07_00_00_00,D,average,100,142.28,0.28,07,00,00,00
Farmer_Flood_Measure_Costs,07_00_00_00,D&G,average,20,42.6,0.28,07,00,00,00
Farmer_Flood_Measure_Costs,07_00_00_00,D&G,average,60,113.67,0.32,07,00,00,00
Farmer_Flood_Measure_Costs,07_00_00_00,D&G,average,100,142.28,0.28,07,00,00,00
Farmer_Flood_Measure_Costs,07_00_00_00,D&G&Wp,average,20,42.6,0.28,07,00,00,00
Farmer_Flood_Measure_Costs,07_00_00_00,D&G&Wp,average,60,123.19,0.35,07,00,00,00
Farmer_Flood_Measure_Costs,07_00_00_00,D&G&Wp,average,100,142.4,0.28,07,00,00,00
Farmer_Flood_Measure_Costs,07_00_00_00,D&Wp,average,20,42.6,0.28,07,00,00,00
Farmer_Flood_Measure_Costs,07_00_00_00,D&Wp,average,60,127.95,0.37,07,00,00,00
Farmer_Flood_Measure_Costs,07_00_00_00,D&Wp,average,100,142.47,0.28,07,00,00,00
Farmer_Flood_Measure_Costs,07_00_00_00,G,average,20,42.6,0.28,07,00,00,00
Farmer_Flood_Measure_Costs,07_00_00_00,G,average,60,113.67,0.32,07,00,00,00
Farmer_Flood_Measure_Costs,07_00_00_00,G,average,100,142.28,0.28,07,00,00,00
Farmer_Flood_Measure_Costs,07_00_00_00,G&Wp,average,20,42.6,0.28,07,00,00,00
Farmer_Flood_Measure_Costs,07_00_00_00,G&Wp,average,60,127.95,0.37,07,00,00,00
Farmer_Flood_Measure_Costs,07_00_00_00,G&Wp,average,100,142.47,0.28,07,00,00,00
Farmer_Flood_Measure_Costs,07_00_00_00,Wp,average,20,42.6,0.28,07,00,00,00
Farmer_Flood_Measure_Costs,07_00_00_00,Wp,average,60,142.23,0.41,07,00,00,00
Farmer_Flood_Measure_Costs,07_00_00_00,Wp,average,100,142.65,0.29,07,00,00,00
Farmer_Flood_Measure_Costs,07_00_00_01,D,average,20,42.6,0.28,07,00,00,01
Farmer_Flood_Measure_Costs,07_00_00_01,D,average,60,113.67,0.32,07,00,00,01
Farmer_Flood_Measure_Costs,07_00_00_01,D,average,100,142.28,0.28,07,00,00,01
Farmer_Flood_Measure_Costs,07_00_00_01,D&G,average,20,42.6,0.28,07,00,00,01
Farmer_Flood_Measure_Costs,07_00_00_01,D&G,average,60,113.67,0.32,07,00,00,01
Farmer_Flood_Measure_Costs,07_00_00_01,D&G,average,100,142.28,0.28,07,00,00,01
Farmer_Flood_Measure_Costs,07_00_00_01,D&G&Wp,average,20,42.6,0.28,07,00,00,01
Farmer_Flood_Measure_Costs,07_00_00_01,D&G&Wp,average,60,123.19,0.35,07,00,00,01
Farmer_Flood_Measure_Costs,07_00_00_01,D&G&Wp,average,100,142.4,0.28,07,00,00,01
Farmer_Flood_Measure_Costs,07_00_00_01,D&Wp,average,20,42.6,0.28,07,00,00,01
Farmer_Flood_Measure_Costs,07_00_00_01,D&Wp,average,60,127.95,0.37,07,00,00,01
Farmer_Flood_Measure_Costs,07_00_00_01,D&Wp,average,100,142.47,0.28,07,00,00,01
Farmer_Flood_Measure_Costs,07_00_00_01,G,average,20,42.6,0.28,07,00,00,01
Farmer_Flood_Measure_Costs,07_00_00_01,G,average,60,113.67,0.32,07,00,00,01
Farmer_Flood_Measure_Costs,07_00_00_01,G,average,100,142.28,0.28,07,00,00,01
Farmer_Flood_Measure_Costs,07_00_00_01,G&Wp,average,20,42.6,0.28,07,00,00,01
Farmer_Flood_Measure_Costs,07_00_00_01,G&Wp,average,60,127.95,0.37,07,00,00,01
Farmer_Flood_Measure_Costs,07_00_00_01,G&Wp,average,100,142.47,0.28,07,00,00,01
Farmer_Flood_Measure_Costs,07_00_00_01,Wp,average,20,42.6,0.28,07,00,00,01
Farmer_Flood_Measure_Costs,07_00_00_01,Wp,average,60,142.23,0.41,07,00,00,01
Farmer_Flood_Measure_Costs,07_00_00_01,Wp,average,100,142.65,0.29,07,00,00,01
Farmer_Flood_Measure_Costs,07_00_00_02,D,average,20,42.6,0.28,07,00,00,02
Farmer_Flood_Measure_Costs,07_00_00_02,D,average,60,113.67,0.32,07,00,00,02
Farmer_Flood_Measure_Costs,07_00_00_02,D,average,100,142.28,0.28,07,00,00,02
Farmer_Flood_Measure_Costs,07_00_00_02,D&G,average,20,42.6,0.28,07,00,00,02
Farmer_Flood_Measure_Costs,07_00_00_02,D&G,average,60,113.67,0.32,07,00,00,02
Farmer_Flood_Measure_Costs,07_00_00_02,D&G,average,100,142.28,0.28,07,00,00,02
Farmer_Flood_Measure_Costs,07_00_00_02,D&G&Wp,average,20,42.6,0.28,07,00,00,02
Farmer_Flood_Measure_Costs,07_00_00_02,D&G&Wp,average,60,123.19,0.35,07,00,00,02
Farmer_Flood_Measure_Costs,07_00_00_02,D&G&Wp,average,100,142.4,0.28,07,00,00,02
Farmer_Flood_Measure_Costs,07_00_00_02,D&Wp,average,20,42.6,0.28,07,00,00,02
Farmer_Flood_Measure_Costs,07_00_00_02,D&Wp,average,60,127.95,0.37,07,00,00,02
Farmer_Flood_Measure_Costs,07_00_00_02,D&Wp,average,100,142.47,0.28,07,00,00,02
Farmer_Flood_Measure_Costs,07_00_00_02,G,average,20,42.6,0.28,07,00,00,02
Farmer_Flood_Measure_Costs,07_00_00_02,G,average,60,113.67,0.32,07,00,00,02
Farmer_Flood_Measure_Costs,07_00_00_02,G,average,100,142.28,0.28,07,00,00,02
Farmer_Flood_Measure_Costs,07_00_00_02,G&Wp,average,20,42.6,0.28,07,00,00,02
Farmer_Flood_Measure_Costs,07_00_00_02,G&Wp,average,60,127.95,0.37,07,00,00,02
Farmer_Flood_Measure_Costs,07_00_00_02,G&Wp,average,100,142.47,0.28,07,00,00,02
Farmer_Flood_Measure_Costs,07_00_00_02,Wp,average,20,42.6,0.28,07,00,00,02
Farmer_Flood_Measure_Costs,07_00_00_02,Wp,average,60,142.23,0.41,07,00,00,02
Farmer_Flood_Measure_Costs,07_00_00_02,Wp,average,100,142.65,0.29,07,00,00,02
Farmer_Flood_Measure_Costs,07_00_00_04,D,average,20,42.6,0.28,07,00,00,04
Farmer_Flood_Measure_Costs,07_00_00_04,D,average,60,113.67,0.32,07,00,00,04
Farmer_Flood_Measure_Costs,07_00_00_04,D,average,100,142.28,0.28,07,00,00,04
Farmer_Flood_Measure_Costs,07_00_00_04,D&G,average,20,42.6,0.28,07,00,00,04
Farmer_Flood_Measure_Costs,07_00_00_04,D&G,average,60,113.67,0.32,07,00,00,04
Farmer_Flood_Measure_Costs,07_00_00_04,D&G,average,100,142.28,0.28,07,00,00,04
Farmer_Flood_Measure_Costs,07_00_00_04,D&G&Wp,average,20,42.6,0.28,07,00,00,04
Farmer_Flood_Measure_Costs,07_00_00_04,D&G&Wp,average,60,123.19,0.35,07,00,00,04
Farmer_Flood_Measure_Costs,07_00_00_04,D&G&Wp,average,100,142.4,0.28,07,00,00,04
Farmer_Flood_Measure_Costs,07_00_00_04,D&Wp,average,20,42.6,0.28,07,00,00,04
Farmer_Flood_Measure_Costs,07_00_00_04,D&Wp,average,60,127.95,0.37,07,00,00,04
Farmer_Flood_Measure_Costs,07_00_00_04,D&Wp,average,100,142.47,0.28,07,00,00,04
Farmer_Flood_Measure_Costs,07_00_00_04,G,average,20,42.6,0.28,07,00,00,04
Farmer_Flood_Measure_Costs,07_00_00_04,G,average,60,113.67,0.32,07,00,00,04
Farmer_Flood_Measure_Costs,07_00_00_04,G,average,100,142.28,0.28,07,00,00,04
Farmer_Flood_Measure_Costs,07_00_00_04,G&Wp,average,20,42.6,0.28,07,00,00,04
Farmer_Flood_Measure_Costs,07_00_00_04,G&Wp,average,60,127.95,0.37,07,00,00,04
Farmer_Flood_Measure_Costs,07_00_00_04,G&Wp,average,100,142.47,0.28,07,00,00,04
Farmer_Flood_Measure_Costs,07_00_00_04,Wp,average,20,42.6,0.28,07,00,00,04
Farmer_Flood_Measure_Costs,07_00_00_04,Wp,average,60,142.23,0.41,07,00,00,04
Farmer_Flood_Measure_Costs,07_00_00_04,Wp,average,100,142.65,0.29,07,00,00,04
Farmer_Flood_Measure_Costs,07_00_00_05,D,average,20,42.6,0.28,07,00,00,05
Farmer_Flood_Measure_Costs,07_00_00_05,D,average,60,113.67,0.32,07,00,00,05
Farmer_Flood_Measure_Costs,07_00_00_05,D,average,100,142.28,0.28,07,00,00,05
Farmer_Flood_Measure_Costs,07_00_00_05,D&G,average,20,42.6,0.28,07,00,00,05
Farmer_Flood_Measure_Costs,07_00_00_05,D&G,average,60,113.67,0.32,07,00,00,05
Farmer_Flood_Measure_Costs,07_00_00_05,D&G,average,100,142.28,0.28,07,00,00,05
Farmer_Flood_Measure_Costs,07_00_00_05,D&G&Wp,average,20,42.6,0.28,07,00,00,05
Farmer_Flood_Measure_Costs,07_00_00_05,D&G&Wp,average,60,123.19,0.35,07,00,00,05
Farmer_Flood_Measure_Costs,07_00_00_05,D&G&Wp,average,100,142.4,0.28,07,00,00,05
Farmer_Flood_Measure_Costs,07_00_00_05,D&Wp,average,20,42.6,0.28,07,00,00,05
Farmer_Flood_Measure_Costs,07_00_00_05,D&Wp,average,60,127.95,0.37,07,00,00,05
Farmer_Flood_Measure_Costs,07_00_00_05,D&Wp,average,100,142.47,0.28,07,00,00,05
Farmer_Flood_Measure_Costs,07_00_00_05,G,average,20,42.6,0.28,07,00,00,05
Farmer_Flood_Measure_Costs,07_00_00_05,G,average,60,113.67,0.32,07,00,00,05
Farmer_Flood_Measure_Costs,07_00_00_05,G,average,100,142.28,0.28,07,00,00,05
Farmer_Flood_Measure_Costs,07_00_00_05,G&Wp,average,20,42.6,0.28,07,00,00,05
Farmer_Flood_Measure_Costs,07_00_00_05,G&Wp,average,60,127.95,0.37,07,00,00,05
Farmer_Flood_Measure_Costs,07_00_00_05,G&Wp,average,100,142.47,0.28,07,00,00,05
Farmer_Flood_Measure_Costs,07_00_00_05,Wp,average,20,42.6,0.28,07,00,00,05
Farmer_Flood_Measure_Costs,07_00_00_05,Wp,average,60,142.23,0.41,07,00,00,05
Farmer_Flood_Measure_Costs,07_00_00_05,Wp,average,100,142.65,0.29,07,00,00,05
Farmer_Flood_Measure_Costs,07_00_00_07,D,average,20,42.6,0.28,07,00,00,07
Farmer_Flood_Measure_Costs,07_00_00_07,D,average,60,113.67,0.32,07,00,00,07
Farmer_Flood_Measure_Costs,07_00_00_07,D,average,100,142.28,0.28,07,00,00,07
Farmer_Flood_Measure_Costs,07_00_00_07,D&G,average,20,42.6,0.28,07,00,00,07
Farmer_Flood_Measure_Costs,07_00_00_07,D&G,average,60,113.67,0.32,07,00,00,07
Farmer_Flood_Measure_Costs,07_00_00_07,D&G,average,100,142.28,0.28,07,00,00,07
Farmer_Flood_Measure_Costs,07_00_00_07,D&G&Wp,average,20,42.6,0.28,07,00,00,07
Farmer_Flood_Measure_Costs,07_00_00_07,D&G&Wp,average,60,123.19,0.35,07,00,00,07
Farmer_Flood_Measure_Costs,07_00_00_07,D&G&Wp,average,100,142.4,0.28,07,00,00,07
Farmer_Flood_Measure_Costs,07_00_00_07,D&Wp,average,20,42.6,0.28,07,00,00,07
Farmer_Flood_Measure_Costs,07_00_00_07,D&Wp,average,60,127.95,0.37,07,00,00,07
Farmer_Flood_Measure_Costs,07_00_00_07,D&Wp,average,100,142.47,0.28,07,00,00,07
Farmer_Flood_Measure_Costs,07_00_00_07,G,average,20,42.6,0.28,07,00,00,07
Farmer_Flood_Measure_Costs,07_00_00_07,G,average,60,113.67,0.32,07,00,00,07
Farmer_Flood_Measure_Costs,07_00_00_07,G,average,100,142.28,0.28,07,00,00,07
Farmer_Flood_Measure_Costs,07_00_00_07,G&Wp,average,20,42.6,0.28,07,00,00,07
Farmer_Flood_Measure_Costs,07_00_00_07,G&Wp,average,60,127.95,0.37,07,00,00,07
Farmer_Flood_Measure_Costs,07_00_00_07,G&Wp,average,100,142.47,0.28,07,00,00,07
Farmer_Flood_Measure_Costs,07_00_00_07,Wp,average,20,42.6,0.28,07,00,00,07
Farmer_Flood_Measure_Costs,07_00_00_07,Wp,average,60,142.23,0.41,07,00,00,07
Farmer_Flood_Measure_Costs,07_00_00_07,Wp,average,100,142.65,0.29,07,00,00,07
Farmer_Flood_Measure_Costs,07_00_00_08,D,average,20,42.6,0.28,07,00,00,08
Farmer_Flood_Measure_Costs,07_00_00_08,D,average,60,113.67,0.32,07,00,00,08
Farmer_Flood_Measure_Costs,07_00_00_08,D,average,100,142.28,0.28,07,00,00,08
Farmer_Flood_Measure_Costs,07_00_00_08,D&G,average,20,42.6,0.28,07,00,00,08
Farmer_Flood_Measure_Costs,07_00_00_08,D&G,average,60,113.67,0.32,07,00,00,08
Farmer_Flood_Measure_Costs,07_00_00_08,D&G,average,100,142.28,0.28,07,00,00,08
Farmer_Flood_Measure_Costs,07_00_00_08,D&G&Wp,average,20,42.6,0.28,07,00,00,08
Farmer_Flood_Measure_Costs,07_00_00_08,D&G&Wp,average,60,123.19,0.35,07,00,00,08
Farmer_Flood_Measure_Costs,07_00_00_08,D&G&Wp,average,100,142.4,0.28,07,00,00,08
Farmer_Flood_Measure_Costs,07_00_00_08,D&Wp,average,20,42.6,0.28,07,00,00,08
Farmer_Flood_Measure_Costs,07_00_00_08,D&Wp,average,60,127.95,0.37,07,00,00,08
Farmer_Flood_Measure_Costs,07_00_00_08,D&Wp,average,100,142.47,0.28,07,00,00,08
Farmer_Flood_Measure_Costs,07_00_00_08,G,average,20,42.6,0.28,07,00,00,08
Farmer_Flood_Measure_Costs,07_00_00_08,G,average,60,113.67,0.32,07,00,00,08
Farmer_Flood_Measure_Costs,07_00_00_08,G,average,100,142.28,0.28,07,00,00,08
Farmer_Flood_Measure_Costs,07_00_00_08,G&Wp,average,20,42.6,0.28,07,00,00,08
Farmer_Flood_Measure_Costs,07_00_00_08,G&Wp,average,60,127.95,0.37,07,00,00,08
Farmer_Flood_Measure_Costs,07_00_00_08,G&Wp,average,100,142.47,0.28,07,00,00,08
Farmer_Flood_Measure_Costs,07_00_00_08,Wp,average,20,42.6,0.28,07,00,00,08
Farmer_Flood_Measure_Costs,07_00_00_08,Wp,average,60,142.23,0.41,07,00,00,08
Farmer_Flood_Measure_Costs,07_00_00_08,Wp,average,100,142.65,0.29,07,00,00,08
Farmer_Flood_Measure_Costs,07_00_00_09,D,average,20,42.6,0.28,07,00,00,09
Farmer_Flood_Measure_Costs,07_00_00_09,D,average,60,113.67,0.32,07,00,00,09
Farmer_Flood_Measure_Costs,07_00_00_09,D,average,100,142.28,0.28,07,00,00,09
Farmer_Flood_Measure_Costs,07_00_00_09,D&G,average,20,42.6,0.28,07,00,00,09
Farmer_Flood_Measure_Costs,07_00_00_09,D&G,average,60,113.67,0.32,07,00,00,09
Farmer_Flood_Measure_Costs,07_00_00_09,D&G,average,100,142.28,0.28,07,00,00,09
Farmer_Flood_Measure_Costs,07_00_00_09,D&G&Wp,average,20,42.6,0.28,07,00,00,09
Farmer_Flood_Measure_Costs,07_00_00_09,D&G&Wp,average,60,123.19,0.35,07,00,00,09
Farmer_Flood_Measure_Costs,07_00_00_09,D&G&Wp,average,100,142.4,0.28,07,00,00,09
Farmer_Flood_Measure_Costs,07_00_00_09,D&Wp,average,20,42.6,0.28,07,00,00,09
Farmer_Flood_Measure_Costs,07_00_00_09,D&Wp,average,60,127.95,0.37,07,00,00,09
Farmer_Flood_Measure_Costs,07_00_00_09,D&Wp,average,100,142.47,0.28,07,00,00,09
Farmer_Flood_Measure_Costs,07_00_00_09,G,average,20,42.6,0.28,07,00,00,09
Farmer_Flood_Measure_Costs,07_00_00_09,G,average,60,113.67,0.32,07,00,00,09
Farmer_Flood_Measure_Costs,07_00_00_09,G,average,100,142.28,0.28,07,00,00,09
Farmer_Flood_Measure_Costs,07_00_00_09,G&Wp,average,20,42.6,0.28,07,00,00,09
Farmer_Flood_Measure_Costs,07_00_00_09,G&Wp,average,60,127.95,0.37,07,00,00,09
Farmer_Flood_Measure_Costs,07_00_00_09,G&Wp,average,100,142.47,0.28,07,00,00,09
Farmer_Flood_Measure_Costs,07_00_00_09,Wp,average,20,42.6,0.28,07,00,00,09
Farmer_Flood_Measure_Costs,07_00_00_09,Wp,average,60,142.23,0.41,07,00,00,09
Farmer_Flood_Measure_Costs,07_00_00_09,Wp,average,100,142.65,0.29,07,00,00,09
Farmer_Flood_Measure_Costs,09_00_00_00,D,average,20,5.0,0.03,09,00,00,00
Farmer_Flood_Measure_Costs,09_00_00_00,D,average,60,84.33,0.24,09,00,00,00
Farmer_Flood_Measure_Costs,09_00_00_00,D,average,100,205.22,0.41,09,00,00,00
Farmer_Flood_Measure_Costs,09_00_00_00,D&G,average,20,5.51,0.04,09,00,00,00
Farmer_Flood_Measure_Costs,09_00_00_00,D&G,average,60,85.09,0.24,09,00,00,00
Farmer_Flood_Measure_Costs,09_00_00_00,D&G,average,100,223.58,0.45,09,00,00,00
Farmer_Flood_Measure_Costs,09_00_00_00,D&G&Wp,average,20,5.23,0.03,09,00,00,00
Farmer_Flood_Measure_Costs,09_00_00_00,D&G&Wp,average,60,93.15,0.27,09,00,00,00
Farmer_Flood_Measure_Costs,09_00_00_00,D&G&Wp,average,100,264.7,0.53,09,00,00,00
Farmer_Flood_Measure_Costs,09_00_00_00,D&Wp,average,20,4.84,0.03,09,00,00,00
Farmer_Flood_Measure_Costs,09_00_00_00,D&Wp,average,60,96.81,0.28,09,00,00,00
Farmer_Flood_Measure_Costs,09_00_00_00,D&Wp,average,100,276.08,0.55,09,00,00,00
Farmer_Flood_Measure_Costs,09_00_00_00,G,average,20,6.01,0.04,09,00,00,00
Farmer_Flood_Measure_Costs,09_00_00_00,G,average,60,85.84,0.25,09,00,00,00
Farmer_Flood_Measure_Costs,09_00_00_00,G,average,100,241.94,0.48,09,00,00,00
Farmer_Flood_Measure_Costs,09_00_00_00,G&Wp,average,20,5.34,0.04,09,00,00,00
Farmer_Flood_Measure_Costs,09_00_00_00,G&Wp,average,60,97.57,0.28,09,00,00,00
Farmer_Flood_Measure_Costs,09_00_00_00,G&Wp,average,100,294.44,0.59,09,00,00,00
Farmer_Flood_Measure_Costs,09_00_00_00,Wp,average,20,4.67,0.03,09,00,00,00
Farmer_Flood_Measure_Costs,09_00_00_00,Wp,average,60,109.29,0.31,09,00,00,00
Farmer_Flood_Measure_Costs,09_00_00_00,Wp,average,100,346.95,0.69,09,00,00,00
Farmer_Flood_Measure_Costs,09_00_00_01,D,average,20,5.0,0.03,09,00,00,01
Farmer_Flood_Measure_Costs,09_00_00_01,D,average,60,84.33,0.24,09,00,00,01
Farmer_Flood_Measure_Costs,09_00_00_01,D,average,100,205.22,0.41,09,00,00,01
Farmer_Flood_Measure_Costs,09_00_00_01,D&G,average,20,5.51,0.04,09,00,00,01
Farmer_Flood_Measure_Costs,09_00_00_01,D&G,average,60,85.09,0.24,09,00,00,01
Farmer_Flood_Measure_Costs,09_00_00_01,D&G,average,100,223.58,0.45,09,00,00,01
Farmer_Flood_Measure_Costs,09_00_00_01,D&G&Wp,average,20,5.23,0.03,09,00,00,01
Farmer_Flood_Measure_Costs,09_00_00_01,D&G&Wp,average,60,93.15,0.27,09,00,00,01
Farmer_Flood_Measure_Costs,09_00_00_01,D&G&Wp,average,100,264.7,0.53,09,00,00,01
Farmer_Flood_Measure_Costs,09_00_00_01,D&Wp,average,20,4.84,0.03,09,00,00,01
Farmer_Flood_Measure_Costs,09_00_00_01,D&Wp,average,60,96.81,0.28,09,00,00,01
Farmer_Flood_Measure_Costs,09_00_00_01,D&Wp,average,100,276.08,0.55,09,00,00,01
Farmer_Flood_Measure_Costs,09_00_00_01,G,average,20,6.01,0.04,09,00,00,01
Farmer_Flood_Measure_Costs,09_00_00_01,G,average,60,85.84,0.25,09,00,00,01
Farmer_Flood_Measure_Costs,09_00_00_01,G,average,100,241.94,0.48,09,00,00,01
Farmer_Flood_Measure_Costs,09_00_00_01,G&Wp,average,20,5.34,0.04,09,00,00,01
Farmer_Flood_Measure_Costs,09_00_00_01,G&Wp,average,60,97.57,0.28,09,00,00,01
Farmer_Flood_Measure_Costs,09_00_00_01,G&Wp,average,100,294.44,0.59,09,00,00,01
Farmer_Flood_Measure_Costs,09_00_00_01,Wp,average,20,4.67,0.03,09,00,00,01
Farmer_Flood_Measure_Costs,09_00_00_01,Wp,average,60,109.29,0.31,09,00,00,01
Farmer_Flood_Measure_Costs,09_00_00_01,Wp,average,100,346.95,0.69,09,00,00,01
Farmer_Flood_Measure_Costs,09_00_00_02,D,average,20,5.0,0.03,09,00,00,02
Farmer_Flood_Measure_Costs,09_00_00_02,D,average,60,84.33,0.24,09,00,00,02
Farmer_Flood_Measure_Costs,09_00_00_02,D,average,100,205.22,0.41,09,00,00,02
Farmer_Flood_Measure_Costs,09_00_00_02,D&G,average,20,5.51,0.04,09,00,00,02
Farmer_Flood_Measure_Costs,09_00_00_02,D&G,average,60,85.09,0.24,09,00,00,02
Farmer_Flood_Measure_Costs,09_00_00_02,D&G,average,100,223.58,0.45,09,00,00,02
Farmer_Flood_Measure_Costs,09_00_00_02,D&G&Wp,average,20,5.23,0.03,09,00,00,02
Farmer_Flood_Measure_Costs,09_00_00_02,D&G&Wp,average,60,93.15,0.27,09,00,00,02
Farmer_Flood_Measure_Costs,09_00_00_02,D&G&Wp,average,100,264.7,0.53,09,00,00,02
Farmer_Flood_Measure_Costs,09_00_00_02,D&Wp,average,20,4.84,0.03,09,00,00,02
Farmer_Flood_Measure_Costs,09_00_00_02,D&Wp,average,60,96.81,0.28,09,00,00,02
Farmer_Flood_Measure_Costs,09_00_00_02,D&Wp,average,100,276.08,0.55,09,00,00,02
Farmer_Flood_Measure_Costs,09_00_00_02,G,average,20,6.01,0.04,09,00,00,02
Farmer_Flood_Measure_Costs,09_00_00_02,G,average,60,85.84,0.25,09,00,00,02
Farmer_Flood_Measure_Costs,09_00_00_02,G,average,100,241.94,0.48,09,00,00,02
Farmer_Flood_Measure_Costs,09_00_00_02,G&Wp,average,20,5.34,0.04,09,00,00,02
Farmer_Flood_Measure_Costs,09_00_00_02,G&Wp,average,60,97.57,0.28,09,00,00,02
Farmer_Flood_Measure_Costs,09_00_00_02,G&Wp,average,100,294.44,0.59,09,00,00,02
Farmer_Flood_Measure_Costs,09_00_00_02,Wp,average,20,4.67,0.03,09,00,00,02
Farmer_Flood_Measure_Costs,09_00_00_02,Wp,average,60,109.29,0.31,09,00,00,02
Farmer_Flood_Measure_Costs,09_00_00_02,Wp,average,100,346.95,0.69,09,00,00,02
Farmer_Flood_Measure_Costs,09_00_00_04,D,average,20,5.0,0.03,09,00,00,04
Farmer_Flood_Measure_Costs,09_00_00_04,D,average,60,84.33,0.24,09,00,00,04
Farmer_Flood_Measure_Costs,09_00_00_04,D,average,100,205.22,0.41,09,00,00,04
Farmer_Flood_Measure_Costs,09_00_00_04,D&G,average,20,5.51,0.04,09,00,00,04
Farmer_Flood_Measure_Costs,09_00_00_04,D&G,average,60,85.09,0.24,09,00,00,04
Farmer_Flood_Measure_Costs,09_00_00_04,D&G,average,100,223.58,0.45,09,00,00,04
Farmer_Flood_Measure_Costs,09_00_00_04,D&G&Wp,average,20,5.23,0.03,09,00,00,04
Farmer_Flood_Measure_Costs,09_00_00_04,D&G&Wp,average,60,93.15,0.27,09,00,00,04
Farmer_Flood_Measure_Costs,09_00_00_04,D&G&Wp,average,100,264.7,0.53,09,00,00,04
Farmer_Flood_Measure_Costs,09_00_00_04,D&Wp,average,20,4.84,0.03,09,00,00,04
Farmer_Flood_Measure_Costs,09_00_00_04,D&Wp,average,60,96.81,0.28,09,00,00,04
Farmer_Flood_Measure_Costs,09_00_00_04,D&Wp,average,100,276.08,0.55,09,00,00,04
Farmer_Flood_Measure_Costs,09_00_00_04,G,average,20,6.01,0.04,09,00,00,04
Farmer_Flood_Measure_Costs,09_00_00_04,G,average,60,85.84,0.25,09,00,00,04
Farmer_Flood_Measure_Costs,09_00_00_04,G,average,100,241.94,0.48,09,00,00,04
Farmer_Flood_Measure_Costs,09_00_00_04,G&Wp,average,20,5.34,0.04,09,00,00,04
Farmer_Flood_Measure_Costs,09_00_00_04,G&Wp,average,60,97.57,0.28,09,00,00,04
Farmer_Flood_Measure_Costs,09_00_00_04,G&Wp,average,100,294.44,0.59,09,00,00,04
Farmer_Flood_Measure_Costs,09_00_00_04,Wp,average,20,4.67,0.03,09,00,00,04
Farmer_Flood_Measure_Costs,09_00_00_04,Wp,average,60,109.29,0.31,09,00,00,04
Farmer_Flood_Measure_Costs,09_00_00_04,Wp,average,100,346.95,0.69,09,00,00,04
Farmer_Flood_Measure_Costs,09_00_00_05,D,average,20,5.0,0.03,09,00,00,05
Farmer_Flood_Measure_Costs,09_00_00_05,D,average,60,84.33,0.24,09,00,00,05
Farmer_Flood_Measure_Costs,09_00_00_05,D,average,100,205.22,0.41,09,00,00,05
Farmer_Flood_Measure_Costs,09_00_00_05,D&G,average,20,5.51,0.04,09,00,00,05
Farmer_Flood_Measure_Costs,09_00_00_05,D&G,average,60,85.09,0.24,09,00,00,05
Farmer_Flood_Measure_Costs,09_00_00_05,D&G,average,100,223.58,0.45,09,00,00,05
Farmer_Flood_Measure_Costs,09_00_00_05,D&G&Wp,average,20,5.23,0.03,09,00,00,05
Farmer_Flood_Measure_Costs,09_00_00_05,D&G&Wp,average,60,93.15,0.27,09,00,00,05
Farmer_Flood_Measure_Costs,09_00_00_05,D&G&Wp,average,100,264.7,0.53,09,00,00,05
Farmer_Flood_Measure_Costs,09_00_00_05,D&Wp,average,20,4.84,0.03,09,00,00,05
Farmer_Flood_Measure_Costs,09_00_00_05,D&Wp,average,60,96.81,0.28,09,00,00,05
Farmer_Flood_Measure_Costs,09_00_00_05,D&Wp,average,100,276.08,0.55,09,00,00,05
Farmer_Flood_Measure_Costs,09_00_00_05,G,average,20,6.01,0.04,09,00,00,05
Farmer_Flood_Measure_Costs,09_00_00_05,G,average,60,85.84,0.25,09,00,00,05
Farmer_Flood_Measure_Costs,09_00_00_05,G,average,100,241.94,0.48,09,00,00,05
Farmer_Flood_Measure_Costs,09_00_00_05,G&Wp,average,20,5.34,0.04,09,00,00,05
Farmer_Flood_Measure_Costs,09_00_00_05,G&Wp,average,60,97.57,0.28,09,00,00,05
Farmer_Flood_Measure_Costs,09_00_00_05,G&Wp,average,100,294.44,0.59,09,00,00,05
Farmer_Flood_Measure_Costs,09_00_00_05,Wp,average,20,4.67,0.03,09,00,00,05
Farmer_Flood_Measure_Costs,09_00_00_05,Wp,average,60,109.29,0.31,09,00,00,05
Farmer_Flood_Measure_Costs,09_00_00_05,Wp,average,100,346.95,0.69,09,00,00,05
Farmer_Flood_Measure_Costs,09_00_00_07,D,average,20,5.0,0.03,09,00,00,07
Farmer_Flood_Measure_Costs,09_00_00_07,D,average,60,84.33,0.24,09,00,00,07
Farmer_Flood_Measure_Costs,09_00_00_07,D,average,100,205.22,0.41,09,00,00,07
Farmer_Flood_Measure_Costs,09_00_00_07,D&G,average,20,5.51,0.04,09,00,00,07
Farmer_Flood_Measure_Costs,09_00_00_07,D&G,average,60,85.09,0.24,09,00,00,07
Farmer_Flood_Measure_Costs,09_00_00_07,D&G,average,100,223.58,0.45,09,00,00,07
Farmer_Flood_Measure_Costs,09_00_00_07,D&G&Wp,average,20,5.23,0.03,09,00,00,07
Farmer_Flood_Measure_Costs,09_00_00_07,D&G&Wp,average,60,93.15,0.27,09,00,00,07
Farmer_Flood_Measure_Costs,09_00_00_07,D&G&Wp,average,100,264.7,0.53,09,00,00,07
Farmer_Flood_Measure_Costs,09_00_00_07,D&Wp,average,20,4.84,0.03,09,00,00,07
Farmer_Flood_Measure_Costs,09_00_00_07,D&Wp,average,60,96.81,0.28,09,00,00,07
Farmer_Flood_Measure_Costs,09_00_00_07,D&Wp,average,100,276.08,0.55,09,00,00,07
Farmer_Flood_Measure_Costs,09_00_00_07,G,average,20,6.01,0.04,09,00,00,07
Farmer_Flood_Measure_Costs,09_00_00_07,G,average,60,85.84,0.25,09,00,00,07
Farmer_Flood_Measure_Costs,09_00_00_07,G,average,100,241.94,0.48,09,00,00,07
Farmer_Flood_Measure_Costs,09_00_00_07,G&Wp,average,20,5.34,0.04,09,00,00,07
Farmer_Flood_Measure_Costs,09_00_00_07,G&Wp,average,60,97.57,0.28,09,00,00,07
Farmer_Flood_Measure_Costs,09_00_00_07,G&Wp,average,100,294.44,0.59,09,00,00,07
Farmer_Flood_Measure_Costs,09_00_00_07,Wp,average,20,4.67,0.03,09,00,00,07
Farmer_Flood_Measure_Costs,09_00_00_07,Wp,average,60,109.29,0.31,09,00,00,07
Farmer_Flood_Measure_Costs,09_00_00_07,Wp,average,100,346.95,0.69,09,00,00,07
Farmer_Flood_Measure_Costs,09_00_00_08,D,average,20,5.0,0.03,09,00,00,08
Farmer_Flood_Measure_Costs,09_00_00_08,D,average,60,84.33,0.24,09,00,00,08
Farmer_Flood_Measure_Costs,09_00_00_08,D,average,100,205.22,0.41,09,00,00,08
Farmer_Flood_Measure_Costs,09_00_00_08,D&G,average,20,5.51,0.04,09,00,00,08
Farmer_Flood_Measure_Costs,09_00_00_08,D&G,average,60,85.09,0.24,09,00,00,08
Farmer_Flood_Measure_Costs,09_00_00_08,D&G,average,100,223.58,0.45,09,00,00,08
Farmer_Flood_Measure_Costs,09_00_00_08,D&G&Wp,average,20,5.23,0.03,09,00,00,08
Farmer_Flood_Measure_Costs,09_00_00_08,D&G&Wp,average,60,93.15,0.27,09,00,00,08
Farmer_Flood_Measure_Costs,09_00_00_08,D&G&Wp,average,100,264.7,0.53,09,00,00,08
Farmer_Flood_Measure_Costs,09_00_00_08,D&Wp,average,20,4.84,0.03,09,00,00,08
Farmer_Flood_Measure_Costs,09_00_00_08,D&Wp,average,60,96.81,0.28,09,00,00,08
Farmer_Flood_Measure_Costs,09_00_00_08,D&Wp,average,100,276.08,0.55,09,00,00,08
Farmer_Flood_Measure_Costs,09_00_00_08,G,average,20,6.01,0.04,09,00,00,08
Farmer_Flood_Measure_Costs,09_00_00_08,G,average,60,85.84,0.25,09,00,00,08
Farmer_Flood_Measure_Costs,09_00_00_08,G,average,100,241.94,0.48,09,00,00,08
Farmer_Flood_Measure_Costs,09_00_00_08,G&Wp,average,20,5.34,0.04,09,00,00,08
Farmer_Flood_Measure_Costs,09_00_00_08,G&Wp,average,60,97.57,0.28,09,00,00,08
Farmer_Flood_Measure_Costs,09_00_00_08,G&Wp,average,100,294.44,0.59,09,00,00,08
Farmer_Flood_Measure_Costs,09_00_00_08,Wp,average,20,4.67,0.03,09,00,00,08
Farmer_Flood_Measure_Costs,09_00_00_08,Wp,average,60,109.29,0.31,09,00,00,08
Farmer_Flood_Measure_Costs,09_00_00_08,Wp,average,100,346.95,0.69,09,00,00,08
Farmer_Flood_Measure_Costs,09_00_00_09,D,average,20,5.0,0.03,09,00,00,09
Farmer_Flood_Measure_Costs,09_00_00_09,D,average,60,84.33,0.24,09,00,00,09
Farmer_Flood_Measure_Costs,09_00_00_09,D,average,100,205.22,0.41,09,00,00,09
Farmer_Flood_Measure_Costs,09_00_00_09,D&G,average,20,5.51,0.04,09,00,00,09
Farmer_Flood_Measure_Costs,09_00_00_09,D&G,average,60,85.09,0.24,09,00,00,09
Farmer_Flood_Measure_Costs,09_00_00_09,D&G,average,100,223.58,0.45,09,00,00,09
Farmer_Flood_Measure_Costs,09_00_00_09,D&G&Wp,average,20,5.23,0.03,09,00,00,09
Farmer_Flood_Measure_Costs,09_00_00_09,D&G&Wp,average,60,93.15,0.27,09,00,00,09
Farmer_Flood_Measure_Costs,09_00_00_09,D&G&Wp,average,100,264.7,0.53,09,00,00,09
Farmer_Flood_Measure_Costs,09_00_00_09,D&Wp,average,20,4.84,0.03,09,00,00,09
Farmer_Flood_Measure_Costs,09_00_00_09,D&Wp,average,60,96.81,0.28,09,00,00,09
Farmer_Flood_Measure_Costs,09_00_00_09,D&Wp,average,100,276.08,0.55,09,00,00,09
Farmer_Flood_Measure_Costs,09_00_00_09,G,average,20,6.01,0.04,09,00,00,09
Farmer_Flood_Measure_Costs,09_00_00_09,G,average,60,85.84,0.25,09,00,00,09
Farmer_Flood_Measure_Costs,09_00_00_09,G,average,100,241.94,0.48,09,00,00,09
Farmer_Flood_Measure_Costs,09_00_00_09,G&Wp,average,20,5.34,0.04,09,00,00,09
Farmer_Flood_Measure_Costs,09_00_00_09,G&Wp,average,60,97.57,0.28,09,00,00,09
Farmer_Flood_Measure_Costs,09_00_00_09,G&Wp,average,100,294.44,0.59,09,00,00,09
Farmer_Flood_Measure_Costs,09_00_00_09,Wp,average,20,4.67,0.03,09,00,00,09
Farmer_Flood_Measure_Costs,09_00_00_09,Wp,average,60,109.29,0.31,09,00,00,09
Farmer_Flood_Measure_Costs,09_00_00_09,Wp,average,100,346.95,0.69,09,00,00,09
Farmer_Flood_Measure_Costs,11_00_00_00,D,average,20,0.07,0.0,11,00,00,00
Farmer_Flood_Measure_Costs,11_00_00_00,D,average,60,24.34,0.07,11,00,00,00
Farmer_Flood_Measure_Costs,11_00_00_00,D,average,100,111.62,0.22,11,00,00,00
Farmer_Flood_Measure_Costs,11_00_00_00,D&G,average,20,0.08,0.0,11,00,00,00
Farmer_Flood_Measure_Costs,11_00_00_00,D&G,average,60,35.96,0.1,11,00,00,00
Farmer_Flood_Measure_Costs,11_00_00_00,D&G,average,100,151.96,0.3,11,00,00,00
Farmer_Flood_Measure_Costs,11_00_00_00,D&G&Wp,average,20,0.08,0.0,11,00,00,00
Farmer_Flood_Measure_Costs,11_00_00_00,D&G&Wp,average,60,46.5,0.13,11,00,00,00
Farmer_Flood_Measure_Costs,11_00_00_00,D&G&Wp,average,100,209.23,0.42,11,00,00,00
Farmer_Flood_Measure_Costs,11_00_00_00,D&Wp,average,20,0.07,0.0,11,00,00,00
Farmer_Flood_Measure_Costs,11_00_00_00,D&Wp,average,60,45.97,0.13,11,00,00,00
Farmer_Flood_Measure_Costs,11_00_00_00,D&Wp,average,100,217.7,0.44,11,00,00,00
Farmer_Flood_Measure_Costs,11_00_00_00,G,average,20,0.09,0.0,11,00,00,00
Farmer_Flood_Measure_Costs,11_00_00_00,G,average,60,47.57,0.14,11,00,00,00
Farmer_Flood_Measure_Costs,11_00_00_00,G,average,100,192.3,0.38,11,00,00,00
Farmer_Flood_Measure_Costs,11_00_00_00,G&Wp,average,20,0.08,0.0,11,00,00,00
Farmer_Flood_Measure_Costs,11_00_00_00,G&Wp,average,60,57.58,0.16,11,00,00,00
Farmer_Flood_Measure_Costs,11_00_00_00,G&Wp,average,100,258.04,0.52,11,00,00,00
Farmer_Flood_Measure_Costs,11_00_00_00,Wp,average,20,0.07,0.0,11,00,00,00
Farmer_Flood_Measure_Costs,11_00_00_00,Wp,average,60,67.59,0.19,11,00,00,00
Farmer_Flood_Measure_Costs,11_00_00_00,Wp,average,100,323.78,0.65,11,00,00,00
Farmer_Flood_Measure_Costs,11_00_00_01,D,average,20,0.07,0.0,11,00,00,01
Farmer_Flood_Measure_Costs,11_00_00_01,D,average,60,24.34,0.07,11,00,00,01
Farmer_Flood_Measure_Costs,11_00_00_01,D,average,100,111.62,0.22,11,00,00,01
Farmer_Flood_Measure_Costs,11_00_00_01,D&G,average,20,0.08,0.0,11,00,00,01
Farmer_Flood_Measure_Costs,11_00_00_01,D&G,average,60,35.96,0.1,11,00,00,01
Farmer_Flood_Measure_Costs,11_00_00_01,D&G,average,100,151.96,0.3,11,00,00,01
Farmer_Flood_Measure_Costs,11_00_00_01,D&G&Wp,average,20,0.08,0.0,11,00,00,01
Farmer_Flood_Measure_Costs,11_00_00_01,D&G&Wp,average,60,46.5,0.13,11,00,00,01
Farmer_Flood_Measure_Costs,11_00_00_01,D&G&Wp,average,100,209.23,0.42,11,00,00,01
Farmer_Flood_Measure_Costs,11_00_00_01,D&Wp,average,20,0.07,0.0,11,00,00,01
Farmer_Flood_Measure_Costs,11_00_00_01,D&Wp,average,60,45.97,0.13,11,00,00,01
Farmer_Flood_Measure_Costs,11_00_00_01,D&Wp,average,100,217.7,0.44,11,00,00,01
Farmer_Flood_Measure_Costs,11_00_00_01,G,average,20,0.09,0.0,11,00,00,01
Farmer_Flood_Measure_Costs,11_00_00_01,G,average,60,47.57,0.14,11,00,00,01
Farmer_Flood_Measure_Costs,11_00_00_01,G,average,100,192.3,0.38,11,00,00,01
Farmer_Flood_Measure_Costs,11_00_00_01,G&Wp,average,20,0.08,0.0,11,00,00,01
Farmer_Flood_Measure_Costs,11_00_00_01,G&Wp,average,60,57.58,0.16,11,00,00,01
Farmer_Flood_Measure_Costs,11_00_00_01,G&Wp,average,100,258.04,0.52,11,00,00,01
Farmer_Flood_Measure_Costs,11_00_00_01,Wp,average,20,0.07,0.0,11,00,00,01
Farmer_Flood_Measure_Costs,11_00_00_01,Wp,average,60,67.59,0.19,11,00,00,01
Farmer_Flood_Measure_Costs,11_00_00_01,Wp,average,100,323.78,0.65,11,00,00,01
Farmer_Flood_Measure_Costs,11_00_00_02,D,average,20,0.07,0.0,11,00,00,02
Farmer_Flood_Measure_Costs,11_00_00_02,D,average,60,24.34,0.07,11,00,00,02
Farmer_Flood_Measure_Costs,11_00_00_02,D,average,100,111.62,0.22,11,00,00,02
Farmer_Flood_Measure_Costs,11_00_00_02,D&G,average,20,0.08,0.0,11,00,00,02
Farmer_Flood_Measure_Costs,11_00_00_02,D&G,average,60,35.96,0.1,11,00,00,02
Farmer_Flood_Measure_Costs,11_00_00_02,D&G,average,100,151.96,0.3,11,00,00,02
Farmer_Flood_Measure_Costs,11_00_00_02,D&G&Wp,average,20,0.08,0.0,11,00,00,02
Farmer_Flood_Measure_Costs,11_00_00_02,D&G&Wp,average,60,46.5,0.13,11,00,00,02
Farmer_Flood_Measure_Costs,11_00_00_02,D&G&Wp,average,100,209.23,0.42,11,00,00,02
Farmer_Flood_Measure_Costs,11_00_00_02,D&Wp,average,20,0.07,0.0,11,00,00,02
Farmer_Flood_Measure_Costs,11_00_00_02,D&Wp,average,60,45.97,0.13,11,00,00,02
Farmer_Flood_Measure_Costs,11_00_00_02,D&Wp,average,100,217.7,0.44,11,00,00,02
Farmer_Flood_Measure_Costs,11_00_00_02,G,average,20,0.09,0.0,11,00,00,02
Farmer_Flood_Measure_Costs,11_00_00_02,G,average,60,47.57,0.14,11,00,00,02
Farmer_Flood_Measure_Costs,11_00_00_02,G,average,100,192.3,0.38,11,00,00,02
Farmer_Flood_Measure_Costs,11_00_00_02,G&Wp,average,20,0.08,0.0,11,00,00,02
Farmer_Flood_Measure_Costs,11_00_00_02,G&Wp,average,60,57.58,0.16,11,00,00,02
Farmer_Flood_Measure_Costs,11_00_00_02,G&Wp,average,100,258.04,0.52,11,00,00,02
Farmer_Flood_Measure_Costs,11_00_00_02,Wp,average,20,0.07,0.0,11,00,00,02
Farmer_Flood_Measure_Costs,11_00_00_02,Wp,average,60,67.59,0.19,11,00,00,02
Farmer_Flood_Measure_Costs,11_00_00_02,Wp,average,100,323.78,0.65,11,00,00,02
Farmer_Flood_Measure_Costs,11_00_00_04,D,average,20,0.07,0.0,11,00,00,04
Farmer_Flood_Measure_Costs,11_00_00_04,D,average,60,24.34,0.07,11,00,00,04
Farmer_Flood_Measure_Costs,11_00_00_04,D,average,100,111.62,0.22,11,00,00,04
Farmer_Flood_Measure_Costs,11_00_00_04,D&G,average,20,0.08,0.0,11,00,00,04
Farmer_Flood_Measure_Costs,11_00_00_04,D&G,average,60,35.96,0.1,11,00,00,04
Farmer_Flood_Measure_Costs,11_00_00_04,D&G,average,100,151.96,0.3,11,00,00,04
Farmer_Flood_Measure_Costs,11_00_00_04,D&G&Wp,average,20,0.08,0.0,11,00,00,04
Farmer_Flood_Measure_Costs,11_00_00_04,D&G&Wp,average,60,46.5,0.13,11,00,00,04
Farmer_Flood_Measure_Costs,11_00_00_04,D&G&Wp,average,100,209.23,0.42,11,00,00,04
Farmer_Flood_Measure_Costs,11_00_00_04,D&Wp,average,20,0.07,0.0,11,00,00,04
Farmer_Flood_Measure_Costs,11_00_00_04,D&Wp,average,60,45.97,0.13,11,00,00,04
Farmer_Flood_Measure_Costs,11_00_00_04,D&Wp,average,100,217.7,0.44,11,00,00,04
Farmer_Flood_Measure_Costs,11_00_00_04,G,average,20,0.09,0.0,11,00,00,04
Farmer_Flood_Measure_Costs,11_00_00_04,G,average,60,47.57,0.14,11,00,00,04
Farmer_Flood_Measure_Costs,11_00_00_04,G,average,100,192.3,0.38,11,00,00,04
Farmer_Flood_Measure_Costs,11_00_00_04,G&Wp,average,20,0.08,0.0,11,00,00,04
Farmer_Flood_Measure_Costs,11_00_00_04,G&Wp,average,60,57.58,0.16,11,00,00,04
Farmer_Flood_Measure_Costs,11_00_00_04,G&Wp,average,100,258.04,0.52,11,00,00,04
Farmer_Flood_Measure_Costs,11_00_00_04,Wp,average,20,0.07,0.0,11,00,00,04
Farmer_Flood_Measure_Costs,11_00_00_04,Wp,average,60,67.59,0.19,11,00,00,04
Farmer_Flood_Measure_Costs,11_00_00_04,Wp,average,100,323.78,0.65,11,00,00,04
Farmer_Flood_Measure_Costs,11_00_00_05,D,average,20,0.07,0.0,11,00,00,05
Farmer_Flood_Measure_Costs,11_00_00_05,D,average,60,24.34,0.07,11,00,00,05
Farmer_Flood_Measure_Costs,11_00_00_05,D,average,100,111.62,0.22,11,00,00,05
Farmer_Flood_Measure_Costs,11_00_00_05,D&G,average,20,0.08,0.0,11,00,00,05
Farmer_Flood_Measure_Costs,11_00_00_05,D&G,average,60,35.96,0.1,11,00,00,05
Farmer_Flood_Measure_Costs,11_00_00_05,D&G,average,100,151.96,0.3,11,00,00,05
Farmer_Flood_Measure_Costs,11_00_00_05,D&G&Wp,average,20,0.08,0.0,11,00,00,05
Farmer_Flood_Measure_Costs,11_00_00_05,D&G&Wp,average,60,46.5,0.13,11,00,00,05
Farmer_Flood_Measure_Costs,11_00_00_05,D&G&Wp,average,100,209.23,0.42,11,00,00,05
Farmer_Flood_Measure_Costs,11_00_00_05,D&Wp,average,20,0.07,0.0,11,00,00,05
Farmer_Flood_Measure_Costs,11_00_00_05,D&Wp,average,60,45.97,0.13,11,00,00,05
Farmer_Flood_Measure_Costs,11_00_00_05,D&Wp,average,100,217.7,0.44,11,00,00,05
Farmer_Flood_Measure_Costs,11_00_00_05,G,average,20,0.09,0.0,11,00,00,05
Farmer_Flood_Measure_Costs,11_00_00_05,G,average,60,47.57,0.14,11,00,00,05
Farmer_Flood_Measure_Costs,11_00_00_05,G,average,100,192.3,0.38,11,00,00,05
Farmer_Flood_Measure_Costs,11_00_00_05,G&Wp,average,20,0.08,0.0,11,00,00,05
Farmer_Flood_Measure_Costs,11_00_00_05,G&Wp,average,60,57.58,0.16,11,00,00,05
Farmer_Flood_Measure_Costs,11_00_00_05,G&Wp,average,100,258.04,0.52,11,00,00,05
Farmer_Flood_Measure_Costs,11_00_00_05,Wp,average,20,0.07,0.0,11,00,00,05
Farmer_Flood_Measure_Costs,11_00_00_05,Wp,average,60,67.59,0.19,11,00,00,05
Farmer_Flood_Measure_Costs,11_00_00_05,Wp,average,100,323.78,0.65,11,00,00,05
Farmer_Flood_Measure_Costs,11_00_00_07,D,average,20,0.07,0.0,11,00,00,07
Farmer_Flood_Measure_Costs,11_00_00_07,D,average,60,24.34,0.07,11,00,00,07
Farmer_Flood_Measure_Costs,11_00_00_07,D,average,100,111.62,0.22,11,00,00,07
Farmer_Flood_Measure_Costs,11_00_00_07,D&G,average,20,0.08,0.0,11,00,00,07
Farmer_Flood_Measure_Costs,11_00_00_07,D&G,average,60,35.96,0.1,11,00,00,07
Farmer_Flood_Measure_Costs,11_00_00_07,D&G,average,100,151.96,0.3,11,00,00,07
Farmer_Flood_Measure_Costs,11_00_00_07,D&G&Wp,average,20,0.08,0.0,11,00,00,07
Farmer_Flood_Measure_Costs,11_00_00_07,D&G&Wp,average,60,46.5,0.13,11,00,00,07
Farmer_Flood_Measure_Costs,11_00_00_07,D&G&Wp,average,100,209.23,0.42,11,00,00,07
Farmer_Flood_Measure_Costs,11_00_00_07,D&Wp,average,20,0.07,0.0,11,00,00,07
Farmer_Flood_Measure_Costs,11_00_00_07,D&Wp,average,60,45.97,0.13,11,00,00,07
Farmer_Flood_Measure_Costs,11_00_00_07,D&Wp,average,100,217.7,0.44,11,00,00,07
Farmer_Flood_Measure_Costs,11_00_00_07,G,average,20,0.09,0.0,11,00,00,07
Farmer_Flood_Measure_Costs,11_00_00_07,G,average,60,47.57,0.14,11,00,00,07
Farmer_Flood_Measure_Costs,11_00_00_07,G,average,100,192.3,0.38,11,00,00,07
Farmer_Flood_Measure_Costs,11_00_00_07,G&Wp,average,20,0.08,0.0,11,00,00,07
Farmer_Flood_Measure_Costs,11_00_00_07,G&Wp,average,60,57.58,0.16,11,00,00,07
Farmer_Flood_Measure_Costs,11_00_00_07,G&Wp,average,100,258.04,0.52,11,00,00,07
Farmer_Flood_Measure_Costs,11_00_00_07,Wp,average,20,0.07,0.0,11,00,00,07
Farmer_Flood_Measure_Costs,11_00_00_07,Wp,average,60,67.59,0.19,11,00,00,07
Farmer_Flood_Measure_Costs,11_00_00_07,Wp,average,100,323.78,0.65,11,00,00,07
Farmer_Flood_Measure_Costs,11_00_00_08,D,average,20,0.07,0.0,11,00,00,08
Farmer_Flood_Measure_Costs,11_00_00_08,D,average,60,24.34,0.07,11,00,00,08
Farmer_Flood_Measure_Costs,11_00_00_08,D,average,100,111.62,0.22,11,00,00,08
Farmer_Flood_Measure_Costs,11_00_00_08,D&G,average,20,0.08,0.0,11,00,00,08
Farmer_Flood_Measure_Costs,11_00_00_08,D&G,average,60,35.96,0.1,11,00,00,08
Farmer_Flood_Measure_Costs,11_00_00_08,D&G,average,100,151.96,0.3,11,00,00,08
Farmer_Flood_Measure_Costs,11_00_00_08,D&G&Wp,average,20,0.08,0.0,11,00,00,08
Farmer_Flood_Measure_Costs,11_00_00_08,D&G&Wp,average,60,46.5,0.13,11,00,00,08
Farmer_Flood_Measure_Costs,11_00_00_08,D&G&Wp,average,100,209.23,0.42,11,00,00,08
Farmer_Flood_Measure_Costs,11_00_00_08,D&Wp,average,20,0.07,0.0,11,00,00,08
Farmer_Flood_Measure_Costs,11_00_00_08,D&Wp,average,60,45.97,0.13,11,00,00,08
Farmer_Flood_Measure_Costs,11_00_00_08,D&Wp,average,100,217.7,0.44,11,00,00,08
Farmer_Flood_Measure_Costs,11_00_00_08,G,average,20,0.09,0.0,11,00,00,08
Farmer_Flood_Measure_Costs,11_00_00_08,G,average,60,47.57,0.14,11,00,00,08
Farmer_Flood_Measure_Costs,11_00_00_08,G,average,100,192.3,0.38,11,00,00,08
Farmer_Flood_Measure_Costs,11_00_00_08,G&Wp,average,20,0.08,0.0,11,00,00,08
Farmer_Flood_Measure_Costs,11_00_00_08,G&Wp,average,60,57.58,0.16,11,00,00,08
Farmer_Flood_Measure_Costs,11_00_00_08,G&Wp,average,100,258.04,0.52,11,00,00,08
Farmer_Flood_Measure_Costs,11_00_00_08,Wp,average,20,0.07,0.0,11,00,00,08
Farmer_Flood_Measure_Costs,11_00_00_08,Wp,average,60,67.59,0.19,11,00,00,08
Farmer_Flood_Measure_Costs,11_00_00_08,Wp,average,100,323.78,0.65,11,00,00,08
Farmer_Flood_Measure_Costs,11_00_00_09,D,average,20,0.07,0.0,11,00,00,09
Farmer_Flood_Measure_Costs,11_00_00_09,D,average,60,24.34,0.07,11,00,00,09
Farmer_Flood_Measure_Costs,11_00_00_09,D,average,100,111.62,0.22,11,00,00,09
Farmer_Flood_Measure_Costs,11_00_00_09,D&G,average,20,0.08,0.0,11,00,00,09
Farmer_Flood_Measure_Costs,11_00_00_09,D&G,average,60,35.96,0.1,11,00,00,09
Farmer_Flood_Measure_Costs,11_00_00_09,D&G,average,100,151.96,0.3,11,00,00,09
Farmer_Flood_Measure_Costs,11_00_00_09,D&G&Wp,average,20,0.08,0.0,11,00,00,09
Farmer_Flood_Measure_Costs,11_00_00_09,D&G&Wp,average,60,46.5,0.13,11,00,00,09
Farmer_Flood_Measure_Costs,11_00_00_09,D&G&Wp,average,100,209.23,0.42,11,00,00,09
Farmer_Flood_Measure_Costs,11_00_00_09,D&Wp,average,20,0.07,0.0,11,00,00,09
Farmer_Flood_Measure_Costs,11_00_00_09,D&Wp,average,60,45.97,0.13,11,00,00,09
Farmer_Flood_Measure_Costs,11_00_00_09,D&Wp,average,100,217.7,0.44,11,00,00,09
Farmer_Flood_Measure_Costs,11_00_00_09,G,average,20,0.09,0.0,11,00,00,09
Farmer_Flood_Measure_Costs,11_00_00_09,G,average,60,47.57,0.14,11,00,00,09
Farmer_Flood_Measure_Costs,11_00_00_09,G,average,100,192.3,0.38,11,00,00,09
Farmer_Flood_Measure_Costs,11_00_00_09,G&Wp,average,20,0.08,0.0,11,00,00,09
Farmer_Flood_Measure_Costs,11_00_00_09,G&Wp,average,60,57.58,0.16,11,00,00,09
Farmer_Flood_Measure_Costs,11_00_00_09,G&Wp,average,100,258.04,0.52,11,00,00,09
Farmer_Flood_Measure_Costs,11_00_00_09,Wp,average,20,0.07,0.0,11,00,00,09
Farmer_Flood_Measure_Costs,11_00_00_09,Wp,average,60,67.59,0.19,11,00,00,09
Farmer_Flood_Measure_Costs,11_00_00_09,Wp,average,100,323.78,0.65,11,00,00,09
Farmer_Flood_Measure_Costs,13_00_00_00,D,average,20,0.72,0.0,13,00,00,00
Farmer_Flood_Measure_Costs,13_00_00_00,D,average,60,79.24,0.23,13,00,00,00
Farmer_Flood_Measure_Costs,13_00_00_00,D,average,100,132.75,0.27,13,00,00,00
Farmer_Flood_Measure_Costs,13_00_00_00,D&G,average,20,0.76,0.01,13,00,00,00
Farmer_Flood_Measure_Costs,13_00_00_00,D&G,average,60,79.3,0.23,13,00,00,00
Farmer_Flood_Measure_Costs,13_00_00_00,D&G,average,100,147.06,0.29,13,00,00,00
Farmer_Flood_Measure_Costs,13_00_00_00,D&G&Wp,average,20,0.74,0.0,13,00,00,00
Farmer_Flood_Measure_Costs,13_00_00_00,D&G&Wp,average,60,89.2,0.25,13,00,00,00
Farmer_Flood_Measure_Costs,13_00_00_00,D&G&Wp,average,100,152.61,0.31,13,00,00,00
Farmer_Flood_Measure_Costs,13_00_00_00,D&Wp,average,20,0.7,0.0,13,00,00,00
Farmer_Flood_Measure_Costs,13_00_00_00,D&Wp,average,60,94.12,0.27,13,00,00,00
Farmer_Flood_Measure_Costs,13_00_00_00,D&Wp,average,100,148.23,0.3,13,00,00,00
Farmer_Flood_Measure_Costs,13_00_00_00,G,average,20,0.81,0.01,13,00,00,00
Farmer_Flood_Measure_Costs,13_00_00_00,G,average,60,79.36,0.23,13,00,00,00
Farmer_Flood_Measure_Costs,13_00_00_00,G,average,100,161.36,0.32,13,00,00,00
Farmer_Flood_Measure_Costs,13_00_00_00,G&Wp,average,20,0.75,0.01,13,00,00,00
Farmer_Flood_Measure_Costs,13_00_00_00,G&Wp,average,60,94.18,0.27,13,00,00,00
Farmer_Flood_Measure_Costs,13_00_00_00,G&Wp,average,100,162.54,0.33,13,00,00,00
Farmer_Flood_Measure_Costs,13_00_00_00,Wp,average,20,0.69,0.0,13,00,00,00
Farmer_Flood_Measure_Costs,13_00_00_00,Wp,average,60,109.01,0.31,13,00,00,00
Farmer_Flood_Measure_Costs,13_00_00_00,Wp,average,100,163.71,0.33,13,00,00,00
Farmer_Flood_Measure_Costs,13_00_00_01,D,average,20,0.72,0.0,13,00,00,01
Farmer_Flood_Measure_Costs,13_00_00_01,D,average,60,79.24,0.23,13,00,00,01
Farmer_Flood_Measure_Costs,13_00_00_01,D,average,100,132.75,0.27,13,00,00,01
Farmer_Flood_Measure_Costs,13_00_00_01,D&G,average,20,0.76,0.01,13,00,00,01
Farmer_Flood_Measure_Costs,13_00_00_01,D&G,average,60,79.3,0.23,13,00,00,01
Farmer_Flood_Measure_Costs,13_00_00_01,D&G,average,100,147.06,0.29,13,00,00,01
Farmer_Flood_Measure_Costs,13_00_00_01,D&G&Wp,average,20,0.74,0.0,13,00,00,01
Farmer_Flood_Measure_Costs,13_00_00_01,D&G&Wp,average,60,89.2,0.25,13,00,00,01
Farmer_Flood_Measure_Costs,13_00_00_01,D&G&Wp,average,100,152.61,0.31,13,00,00,01
Farmer_Flood_Measure_Costs,13_00_00_01,D&Wp,average,20,0.7,0.0,13,00,00,01
Farmer_Flood_Measure_Costs,13_00_00_01,D&Wp,average,60,94.12,0.27,13,00,00,01
Farmer_Flood_Measure_Costs,13_00_00_01,D&Wp,average,100,148.23,0.3,13,00,00,01
Farmer_Flood_Measure_Costs,13_00_00_01,G,average,20,0.81,0.01,13,00,00,01
Farmer_Flood_Measure_Costs,13_00_00_01,G,average,60,79.36,0.23,13,00,00,01
Farmer_Flood_Measure_Costs,13_00_00_01,G,average,100,161.36,0.32,13,00,00,01
Farmer_Flood_Measure_Costs,13_00_00_01,G&Wp,average,20,0.75,0.01,13,00,00,01
Farmer_Flood_Measure_Costs,13_00_00_01,G&Wp,average,60,94.18,0.27,13,00,00,01
Farmer_Flood_Measure_Costs,13_00_00_01,G&Wp,average,100,162.54,0.33,13,00,00,01
Farmer_Flood_Measure_Costs,13_00_00_01,Wp,average,20,0.69,0.0,13,00,00,01
Farmer_Flood_Measure_Costs,13_00_00_01,Wp,average,60,109.01,0.31,13,00,00,01
Farmer_Flood_Measure_Costs,13_00_00_01,Wp,average,100,163.71,0.33,13,00,00,01
Farmer_Flood_Measure_Costs,13_00_00_02,D,average,20,0.72,0.0,13,00,00,02
Farmer_Flood_Measure_Costs,13_00_00_02,D,average,60,79.24,0.23,13,00,00,02
Farmer_Flood_Measure_Costs,13_00_00_02,D,average,100,132.75,0.27,13,00,00,02
Farmer_Flood_Measure_Costs,13_00_00_02,D&G,average,20,0.76,0.01,13,00,00,02
Farmer_Flood_Measure_Costs,13_00_00_02,D&G,average,60,79.3,0.23,13,00,00,02
Farmer_Flood_Measure_Costs,13_00_00_02,D&G,average,100,147.06,0.29,13,00,00,02
Farmer_Flood_Measure_Costs,13_00_00_02,D&G&Wp,average,20,0.74,0.0,13,00,00,02
Farmer_Flood_Measure_Costs,13_00_00_02,D&G&Wp,average,60,89.2,0.25,13,00,00,02
Farmer_Flood_Measure_Costs,13_00_00_02,D&G&Wp,average,100,152.61,0.31,13,00,00,02
Farmer_Flood_Measure_Costs,13_00_00_02,D&Wp,average,20,0.7,0.0,13,00,00,02
Farmer_Flood_Measure_Costs,13_00_00_02,D&Wp,average,60,94.12,0.27,13,00,00,02
Farmer_Flood_Measure_Costs,13_00_00_02,D&Wp,average,100,148.23,0.3,13,00,00,02
Farmer_Flood_Measure_Costs,13_00_00_02,G,average,20,0.81,0.01,13,00,00,02
Farmer_Flood_Measure_Costs,13_00_00_02,G,average,60,79.36,0.23,13,00,00,02
Farmer_Flood_Measure_Costs,13_00_00_02,G,average,100,161.36,0.32,13,00,00,02
Farmer_Flood_Measure_Costs,13_00_00_02,G&Wp,average,20,0.75,0.01,13,00,00,02
Farmer_Flood_Measure_Costs,13_00_00_02,G&Wp,average,60,94.18,0.27,13,00,00,02
Farmer_Flood_Measure_Costs,13_00_00_02,G&Wp,average,100,162.54,0.33,13,00,00,02
Farmer_Flood_Measure_Costs,13_00_00_02,Wp,average,20,0.69,0.0,13,00,00,02
Farmer_Flood_Measure_Costs,13_00_00_02,Wp,average,60,109.01,0.31,13,00,00,02
Farmer_Flood_Measure_Costs,13_00_00_02,Wp,average,100,163.71,0.33,13,00,00,02
Farmer_Flood_Measure_Costs,13_00_00_04,D,average,20,0.72,0.0,13,00,00,04
Farmer_Flood_Measure_Costs,13_00_00_04,D,average,60,79.24,0.23,13,00,00,04
Farmer_Flood_Measure_Costs,13_00_00_04,D,average,100,132.75,0.27,13,00,00,04
Farmer_Flood_Measure_Costs,13_00_00_04,D&G,average,20,0.76,0.01,13,00,00,04
Farmer_Flood_Measure_Costs,13_00_00_04,D&G,average,60,79.3,0.23,13,00,00,04
Farmer_Flood_Measure_Costs,13_00_00_04,D&G,average,100,147.06,0.29,13,00,00,04
Farmer_Flood_Measure_Costs,13_00_00_04,D&G&Wp,average,20,0.74,0.0,13,00,00,04
Farmer_Flood_Measure_Costs,13_00_00_04,D&G&Wp,average,60,89.2,0.25,13,00,00,04
Farmer_Flood_Measure_Costs,13_00_00_04,D&G&Wp,average,100,152.61,0.31,13,00,00,04
Farmer_Flood_Measure_Costs,13_00_00_04,D&Wp,average,20,0.7,0.0,13,00,00,04
Farmer_Flood_Measure_Costs,13_00_00_04,D&Wp,average,60,94.12,0.27,13,00,00,04
Farmer_Flood_Measure_Costs,13_00_00_04,D&Wp,average,100,148.23,0.3,13,00,00,04
Farmer_Flood_Measure_Costs,13_00_00_04,G,average,20,0.81,0.01,13,00,00,04
Farmer_Flood_Measure_Costs,13_00_00_04,G,average,60,79.36,0.23,13,00,00,04
Farmer_Flood_Measure_Costs,13_00_00_04,G,average,100,161.36,0.32,13,00,00,04
Farmer_Flood_Measure_Costs,13_00_00_04,G&Wp,average,20,0.75,0.01,13,00,00,04
Farmer_Flood_Measure_Costs,13_00_00_04,G&Wp,average,60,94.18,0.27,13,00,00,04
Farmer_Flood_Measure_Costs,13_00_00_04,G&Wp,average,100,162.54,0.33,13,00,00,04
Farmer_Flood_Measure_Costs,13_00_00_04,Wp,average,20,0.69,0.0,13,00,00,04
Farmer_Flood_Measure_Costs,13_00_00_04,Wp,average,60,109.01,0.31,13,00,00,04
Farmer_Flood_Measure_Costs,13_00_00_04,Wp,average,100,163.71,0.33,13,00,00,04
Farmer_Flood_Measure_Costs,13_00_00_05,D,average,20,0.72,0.0,13,00,00,05
Farmer_Flood_Measure_Costs,13_00_00_05,D,average,60,79.24,0.23,13,00,00,05
Farmer_Flood_Measure_Costs,13_00_00_05,D,average,100,132.75,0.27,13,00,00,05
Farmer_Flood_Measure_Costs,13_00_00_05,D&G,average,20,0.76,0.01,13,00,00,05
Farmer_Flood_Measure_Costs,13_00_00_05,D&G,average,60,79.3,0.23,13,00,00,05
Farmer_Flood_Measure_Costs,13_00_00_05,D&G,average,100,147.06,0.29,13,00,00,05
Farmer_Flood_Measure_Costs,13_00_00_05,D&G&Wp,average,20,0.74,0.0,13,00,00,05
Farmer_Flood_Measure_Costs,13_00_00_05,D&G&Wp,average,60,89.2,0.25,13,00,00,05
Farmer_Flood_Measure_Costs,13_00_00_05,D&G&Wp,average,100,152.61,0.31,13,00,00,05
Farmer_Flood_Measure_Costs,13_00_00_05,D&Wp,average,20,0.7,0.0,13,00,00,05
Farmer_Flood_Measure_Costs,13_00_00_05,D&Wp,average,60,94.12,0.27,13,00,00,05
Farmer_Flood_Measure_Costs,13_00_00_05,D&Wp,average,100,148.23,0.3,13,00,00,05
Farmer_Flood_Measure_Costs,13_00_00_05,G,average,20,0.81,0.01,13,00,00,05
Farmer_Flood_Measure_Costs,13_00_00_05,G,average,60,79.36,0.23,13,00,00,05
Farmer_Flood_Measure_Costs,13_00_00_05,G,average,100,161.36,0.32,13,00,00,05
Farmer_Flood_Measure_Costs,13_00_00_05,G&Wp,average,20,0.75,0.01,13,00,00,05
Farmer_Flood_Measure_Costs,13_00_00_05,G&Wp,average,60,94.18,0.27,13,00,00,05
Farmer_Flood_Measure_Costs,13_00_00_05,G&Wp,average,100,162.54,0.33,13,00,00,05
Farmer_Flood_Measure_Costs,13_00_00_05,Wp,average,20,0.69,0.0,13,00,00,05
Farmer_Flood_Measure_Costs,13_00_00_05,Wp,average,60,109.01,0.31,13,00,00,05
Farmer_Flood_Measure_Costs,13_00_00_05,Wp,average,100,163.71,0.33,13,00,00,05
Farmer_Flood_Measure_Costs,13_00_00_07,D,average,20,0.72,0.0,13,00,00,07
Farmer_Flood_Measure_Costs,13_00_00_07,D,average,60,79.24,0.23,13,00,00,07
Farmer_Flood_Measure_Costs,13_00_00_07,D,average,100,132.75,0.27,13,00,00,07
Farmer_Flood_Measure_Costs,13_00_00_07,D&G,average,20,0.76,0.01,13,00,00,07
Farmer_Flood_Measure_Costs,13_00_00_07,D&G,average,60,79.3,0.23,13,00,00,07
Farmer_Flood_Measure_Costs,13_00_00_07,D&G,average,100,147.06,0.29,13,00,00,07
Farmer_Flood_Measure_Costs,13_00_00_07,D&G&Wp,average,20,0.74,0.0,13,00,00,07
Farmer_Flood_Measure_Costs,13_00_00_07,D&G&Wp,average,60,89.2,0.25,13,00,00,07
Farmer_Flood_Measure_Costs,13_00_00_07,D&G&Wp,average,100,152.61,0.31,13,00,00,07
Farmer_Flood_Measure_Costs,13_00_00_07,D&Wp,average,20,0.7,0.0,13,00,00,07
Farmer_Flood_Measure_Costs,13_00_00_07,D&Wp,average,60,94.12,0.27,13,00,00,07
Farmer_Flood_Measure_Costs,13_00_00_07,D&Wp,average,100,148.23,0.3,13,00,00,07
Farmer_Flood_Measure_Costs,13_00_00_07,G,average,20,0.81,0.01,13,00,00,07
Farmer_Flood_Measure_Costs,13_00_00_07,G,average,60,79.36,0.23,13,00,00,07
Farmer_Flood_Measure_Costs,13_00_00_07,G,average,100,161.36,0.32,13,00,00,07
Farmer_Flood_Measure_Costs,13_00_00_07,G&Wp,average,20,0.75,0.01,13,00,00,07
Farmer_Flood_Measure_Costs,13_00_00_07,G&Wp,average,60,94.18,0.27,13,00,00,07
Farmer_Flood_Measure_Costs,13_00_00_07,G&Wp,average,100,162.54,0.33,13,00,00,07
Farmer_Flood_Measure_Costs,13_00_00_07,Wp,average,20,0.69,0.0,13,00,00,07
Farmer_Flood_Measure_Costs,13_00_00_07,Wp,average,60,109.01,0.31,13,00,00,07
Farmer_Flood_Measure_Costs,13_00_00_07,Wp,average,100,163.71,0.33,13,00,00,07
Farmer_Flood_Measure_Costs,13_00_00_08,D,average,20,0.72,0.0,13,00,00,08
Farmer_Flood_Measure_Costs,13_00_00_08,D,average,60,79.24,0.23,13,00,00,08
Farmer_Flood_Measure_Costs,13_00_00_08,D,average,100,132.75,0.27,13,00,00,08
Farmer_Flood_Measure_Costs,13_00_00_08,D&G,average,20,0.76,0.01,13,00,00,08
Farmer_Flood_Measure_Costs,13_00_00_08,D&G,average,60,79.3,0.23,13,00,00,08
Farmer_Flood_Measure_Costs,13_00_00_08,D&G,average,100,147.06,0.29,13,00,00,08
Farmer_Flood_Measure_Costs,13_00_00_08,D&G&Wp,average,20,0.74,0.0,13,00,00,08
Farmer_Flood_Measure_Costs,13_00_00_08,D&G&Wp,average,60,89.2,0.25,13,00,00,08
Farmer_Flood_Measure_Costs,13_00_00_08,D&G&Wp,average,100,152.61,0.31,13,00,00,08
Farmer_Flood_Measure_Costs,13_00_00_08,D&Wp,average,20,0.7,0.0,13,00,00,08
Farmer_Flood_Measure_Costs,13_00_00_08,D&Wp,average,60,94.12,0.27,13,00,00,08
Farmer_Flood_Measure_Costs,13_00_00_08,D&Wp,average,100,148.23,0.3,13,00,00,08
Farmer_Flood_Measure_Costs,13_00_00_08,G,average,20,0.81,0.01,13,00,00,08
Farmer_Flood_Measure_Costs,13_00_00_08,G,average,60,79.36,0.23,13,00,00,08
Farmer_Flood_Measure_Costs,13_00_00_08,G,average,100,161.36,0.32,13,00,00,08
Farmer_Flood_Measure_Costs,13_00_00_08,G&Wp,average,20,0.75,0.01,13,00,00,08
Farmer_Flood_Measure_Costs,13_00_00_08,G&Wp,average,60,94.18,0.27,13,00,00,08
Farmer_Flood_Measure_Costs,13_00_00_08,G&Wp,average,100,162.54,0.33,13,00,00,08
Farmer_Flood_Measure_Costs,13_00_00_08,Wp,average,20,0.69,0.0,13,00,00,08
Farmer_Flood_Measure_Costs,13_00_00_08,Wp,average,60,109.01,0.31,13,00,00,08
Farmer_Flood_Measure_Costs,13_00_00_08,Wp,average,100,163.71,0.33,13,00,00,08
Farmer_Flood_Measure_Costs,13_00_00_09,D,average,20,0.72,0.0,13,00,00,09
Farmer_Flood_Measure_Costs,13_00_00_09,D,average,60,79.24,0.23,13,00,00,09
Farmer_Flood_Measure_Costs,13_00_00_09,D,average,100,132.75,0.27,13,00,00,09
Farmer_Flood_Measure_Costs,13_00_00_09,D&G,average,20,0.76,0.01,13,00,00,09
Farmer_Flood_Measure_Costs,13_00_00_09,D&G,average,60,79.3,0.23,13,00,00,09
Farmer_Flood_Measure_Costs,13_00_00_09,D&G,average,100,147.06,0.29,13,00,00,09
Farmer_Flood_Measure_Costs,13_00_00_09,D&G&Wp,average,20,0.74,0.0,13,00,00,09
Farmer_Flood_Measure_Costs,13_00_00_09,D&G&Wp,average,60,89.2,0.25,13,00,00,09
Farmer_Flood_Measure_Costs,13_00_00_09,D&G&Wp,average,100,152.61,0.31,13,00,00,09
Farmer_Flood_Measure_Costs,13_00_00_09,D&Wp,average,20,0.7,0.0,13,00,00,09
Farmer_Flood_Measure_Costs,13_00_00_09,D&Wp,average,60,94.12,0.27,13,00,00,09
Farmer_Flood_Measure_Costs,13_00_00_09,D&Wp,average,100,148.23,0.3,13,00,00,09
Farmer_Flood_Measure_Costs,13_00_00_09,G,average,20,0.81,0.01,13,00,00,09
Farmer_Flood_Measure_Costs,13_00_00_09,G,average,60,79.36,0.23,13,00,00,09
Farmer_Flood_Measure_Costs,13_00_00_09,G,average,100,161.36,0.32,13,00,00,09
Farmer_Flood_Measure_Costs,13_00_00_09,G&Wp,average,20,0.75,0.01,13,00,00,09
Farmer_Flood_Measure_Costs,13_00_00_09,G&Wp,average,60,94.18,0.27,13,00,00,09
Farmer_Flood_Measure_Costs,13_00_00_09,G&Wp,average,100,162.54,0.33,13,00,00,09
Farmer_Flood_Measure_Costs,13_00_00_09,Wp,average,20,0.69,0.0,13,00,00,09
Farmer_Flood_Measure_Costs,13_00_00_09,Wp,average,60,109.01,0.31,13,00,00,09
Farmer_Flood_Measure_Costs,13_00_00_09,Wp,average,100,163.71,0.33,13,00,00,09
Farmer_Structural_Damage,00_00_00_00,D,average,20,37.35,1.0,00,00,00,00
Farmer_Structural_Damage,00_00_00_00,D,average,60,131.28,1.0,00,00,00,00
Farmer_Structural_Damage,00_00_00_00,D,average,100,198.53,1.0,00,00,00,00
Farmer_Structural_Damage,00_00_00_00,D&G,average,20,40.5,1.0,00,00,00,00
Farmer_Structural_Damage,00_00_00_00,D&G,average,60,151.36,1.0,00,00,00,00
Farmer_Structural_Damage,00_00_00_00,D&G,average,100,254.13,1.0,00,00,00,00
Farmer_Structural_Damage,00_00_00_00,D&G&Wp,average,20,43.53,1.0,00,00,00,00
Farmer_Structural_Damage,00_00_00_00,D&G&Wp,average,60,183.58,1.0,00,00,00,00
Farmer_Structural_Damage,00_00_00_00,D&G&Wp,average,100,360.08,1.0,00,00,00,00
Farmer_Structural_Damage,00_00_00_00,D&Wp,average,20,43.46,1.0,00,00,00,00
Farmer_Structural_Damage,00_00_00_00,D&Wp,average,60,189.64,1.0,00,00,00,00
Farmer_Structural_Damage,00_00_00_00,D&Wp,average,100,385.25,1.0,00,00,00,00
Farmer_Structural_Damage,00_00_00_00,G,average,20,43.65,1.0,00,00,00,00
Farmer_Structural_Damage,00_00_00_00,G,average,60,171.45,1.0,00,00,00,00
Farmer_Structural_Damage,00_00_00_00,G,average,100,309.74,1.0,00,00,00,00
Farmer_Structural_Damage,00_00_00_00,G&Wp,average,20,46.62,1.0,00,00,00,00
Farmer_Structural_Damage,00_00_00_00,G&Wp,average,60,209.72,1.0,00,00,00,00
Farmer_Structural_Damage,00_00_00_00,G&Wp,average,100,440.86,1.0,00,00,00,00
Farmer_Structural_Damage,00_00_00_00,Wp,average,20,49.58,1.0,00,00,00,00
Farmer_Structural_Damage,00_00_00_00,Wp,average,60,248.0,1.0,00,00,00,00
Farmer_Structural_Damage,00_00_00_00,Wp,average,100,571.97,1.0,00,00,00,00
Farmer_Structural_Damage,00_00_00_01,D,average,20,37.35,1.0,00,00,00,01
Farmer_Structural_Damage,00_00_00_01,D,average,60,131.28,1.0,00,00,00,01
Farmer_Structural_Damage,00_00_00_01,D,average,100,198.53,1.0,00,00,00,01
Farmer_Structural_Damage,00_00_00_01,D&G,average,20,40.5,1.0,00,00,00,01
Farmer_Structural_Damage,00_00_00_01,D&G,average,60,151.36,1.0,00,00,00,01
Farmer_Structural_Damage,00_00_00_01,D&G,average,100,254.13,1.0,00,00,00,01
Farmer_Structural_Damage,00_00_00_01,D&G&Wp,average,20,43.53,1.0,00,00,00,01
Farmer_Structural_Damage,00_00_00_01,D&G&Wp,average,60,183.58,1.0,00,00,00,01
Farmer_Structural_Damage,00_00_00_01,D&G&Wp,average,100,360.08,1.0,00,00,00,01
Farmer_Structural_Damage,00_00_00_01,D&Wp,average,20,43.46,1.0,00,00,00,01
Farmer_Structural_Damage,00_00_00_01,D&Wp,average,60,189.64,1.0,00,00,00,01
Farmer_Structural_Damage,00_00_00_01,D&Wp,average,100,385.25,1.0,00,00,00,01
Farmer_Structural_Damage,00_00_00_01,G,average,20,43.65,1.0,00,00,00,01
Farmer_Structural_Damage,00_00_00_01,G,average,60,171.45,1.0,00,00,00,01
Farmer_Structural_Damage,00_00_00_01,G,average,100,309.74,1.0,00,00,00,01
Farmer_Structural_Damage,00_00_00_01,G&Wp,average,20,46.62,1.0,00,00,00,01
Farmer_Structural_Damage,00_00_00_01,G&Wp,average,60,209.72,1.0,00,00,00,01
Farmer_Structural_Damage,00_00_00_01,G&Wp,average,100,440.86,1.0,00,00,00,01
Farmer_Structural_Damage,00_00_00_01,Wp,average,20,49.58,1.0,00,00,00,01
Farmer_Structural_Damage,00_00_00_01,Wp,average,60,248.0,1.0,00,00,00,01
Farmer_Structural_Damage,00_00_00_01,Wp,average,100,571.97,1.0,00,00,00,01
Farmer_Structural_Damage,00_00_00_02,D,average,20,37.35,1.0,00,00,00,02
Farmer_Structural_Damage,00_00_00_02,D,average,60,131.28,1.0,00,00,00,02
Farmer_Structural_Damage,00_00_00_02,D,average,100,198.53,1.0,00,00,00,02
Farmer_Structural_Damage,00_00_00_02,D&G,average,20,40.5,1.0,00,00,00,02
Farmer_Structural_Damage,00_00_00_02,D&G,average,60,151.36,1.0,00,00,00,02
Farmer_Structural_Damage,00_00_00_02,D&G,average,100,254.13,1.0,00,00,00,02
Farmer_Structural_Damage,00_00_00_02,D&G&Wp,average,20,43.53,1.0,00,00,00,02
Farmer_Structural_Damage,00_00_00_02,D&G&Wp,average,60,183.58,1.0,00,00,00,02
Farmer_Structural_Damage,00_00_00_02,D&G&Wp,average,100,360.08,1.0,00,00,00,02
Farmer_Structural_Damage,00_00_00_02,D&Wp,average,20,43.46,1.0,00,00,00,02
Farmer_Structural_Damage,00_00_00_02,D&Wp,average,60,189.64,1.0,00,00,00,02
Farmer_Structural_Damage,00_00_00_02,D&Wp,average,100,385.25,1.0,00,00,00,02
Farmer_Structural_Damage,00_00_00_02,G,average,20,43.65,1.0,00,00,00,02
Farmer_Structural_Damage,00_00_00_02,G,average,60,171.45,1.0,00,00,00,02
Farmer_Structural_Damage,00_00_00_02,G,average,100,309.74,1.0,00,00,00,02
Farmer_Structural_Damage,00_00_00_02,G&Wp,average,20,46.62,1.0,00,00,00,02
Farmer_Structural_Damage,00_00_00_02,G&Wp,average,60,209.72,1.0,00,00,00,02
Farmer_Structural_Damage,00_00_00_02,G&Wp,average,100,440.86,1.0,00,00,00,02
Farmer_Structural_Damage,00_00_00_02,Wp,average,20,49.58,1.0,00,00,00,02
Farmer_Structural_Damage,00_00_00_02,Wp,average,60,248.0,1.0,00,00,00,02
Farmer_Structural_Damage,00_00_00_02,Wp,average,100,571.97,1.0,00,00,00,02
Farmer_Structural_Damage,00_00_00_04,D,average,20,37.35,1.0,00,00,00,04
Farmer_Structural_Damage,00_00_00_04,D,average,60,131.28,1.0,00,00,00,04
Farmer_Structural_Damage,00_00_00_04,D,average,100,198.53,1.0,00,00,00,04
Farmer_Structural_Damage,00_00_00_04,D&G,average,20,40.5,1.0,00,00,00,04
Farmer_Structural_Damage,00_00_00_04,D&G,average,60,151.36,1.0,00,00,00,04
Farmer_Structural_Damage,00_00_00_04,D&G,average,100,254.13,1.0,00,00,00,04
Farmer_Structural_Damage,00_00_00_04,D&G&Wp,average,20,43.53,1.0,00,00,00,04
Farmer_Structural_Damage,00_00_00_04,D&G&Wp,average,60,183.58,1.0,00,00,00,04
Farmer_Structural_Damage,00_00_00_04,D&G&Wp,average,100,360.08,1.0,00,00,00,04
Farmer_Structural_Damage,00_00_00_04,D&Wp,average,20,43.46,1.0,00,00,00,04
Farmer_Structural_Damage,00_00_00_04,D&Wp,average,60,189.64,1.0,00,00,00,04
Farmer_Structural_Damage,00_00_00_04,D&Wp,average,100,385.25,1.0,00,00,00,04
Farmer_Structural_Damage,00_00_00_04,G,average,20,43.65,1.0,00,00,00,04
Farmer_Structural_Damage,00_00_00_04,G,average,60,171.45,1.0,00,00,00,04
Farmer_Structural_Damage,00_00_00_04,G,average,100,309.74,1.0,00,00,00,04
Farmer_Structural_Damage,00_00_00_04,G&Wp,average,20,46.62,1.0,00,00,00,04
Farmer_Structural_Damage,00_00_00_04,G&Wp,average,60,209.72,1.0,00,00,00,04
Farmer_Structural_Damage,00_00_00_04,G&Wp,average,100,440.86,1.0,00,00,00,04
Farmer_Structural_Damage,00_00_00_04,Wp,average,20,49.58,1.0,00,00,00,04
Farmer_Structural_Damage,00_00_00_04,Wp,average,60,248.0,1.0,00,00,00,04
Farmer_Structural_Damage,00_00_00_04,Wp,average,100,571.97,1.0,00,00,00,04
Farmer_Structural_Damage,00_00_00_05,D,average,20,37.35,1.0,00,00,00,05
Farmer_Structural_Damage,00_00_00_05,D,average,60,131.28,1.0,00,00,00,05
Farmer_Structural_Damage,00_00_00_05,D,average,100,198.53,1.0,00,00,00,05
Farmer_Structural_Damage,00_00_00_05,D&G,average,20,40.5,1.0,00,00,00,05
Farmer_Structural_Damage,00_00_00_05,D&G,average,60,151.36,1.0,00,00,00,05
Farmer_Structural_Damage,00_00_00_05,D&G,average,100,254.13,1.0,00,00,00,05
Farmer_Structural_Damage,00_00_00_05,D&G&Wp,average,20,43.53,1.0,00,00,00,05
Farmer_Structural_Damage,00_00_00_05,D&G&Wp,average,60,183.58,1.0,00,00,00,05
Farmer_Structural_Damage,00_00_00_05,D&G&Wp,average,100,360.08,1.0,00,00,00,05
Farmer_Structural_Damage,00_00_00_05,D&Wp,average,20,43.46,1.0,00,00,00,05
Farmer_Structural_Damage,00_00_00_05,D&Wp,average,60,189.64,1.0,00,00,00,05
Farmer_Structural_Damage,00_00_00_05,D&Wp,average,100,385.25,1.0,00,00,00,05
Farmer_Structural_Damage,00_00_00_05,G,average,20,43.65,1.0,00,00,00,05
Farmer_Structural_Damage,00_00_00_05,G,average,60,171.45,1.0,00,00,00,05
Farmer_Structural_Damage,00_00_00_05,G,average,100,309.74,1.0,00,00,00,05
Farmer_Structural_Damage,00_00_00_05,G&Wp,average,20,46.62,1.0,00,00,00,05
Farmer_Structural_Damage,00_00_00_05,G&Wp,average,60,209.72,1.0,00,00,00,05
Farmer_Structural_Damage,00_00_00_05,G&Wp,average,100,440.86,1.0,00,00,00,05
Farmer_Structural_Damage,00_00_00_05,Wp,average,20,49.58,1.0,00,00,00,05
Farmer_Structural_Damage,00_00_00_05,Wp,average,60,248.0,1.0,00,00,00,05
Farmer_Structural_Damage,00_00_00_05,Wp,average,100,571.97,1.0,00,00,00,05
Farmer_Structural_Damage,00_00_00_07,D,average,20,37.35,1.0,00,00,00,07
Farmer_Structural_Damage,00_00_00_07,D,average,60,131.28,1.0,00,00,00,07
Farmer_Structural_Damage,00_00_00_07,D,average,100,198.53,1.0,00,00,00,07
Farmer_Structural_Damage,00_00_00_07,D&G,average,20,40.5,1.0,00,00,00,07
Farmer_Structural_Damage,00_00_00_07,D&G,average,60,151.36,1.0,00,00,00,07
Farmer_Structural_Damage,00_00_00_07,D&G,average,100,254.13,1.0,00,00,00,07
Farmer_Structural_Damage,00_00_00_07,D&G&Wp,average,20,43.53,1.0,00,00,00,07
Farmer_Structural_Damage,00_00_00_07,D&G&Wp,average,60,183.58,1.0,00,00,00,07
Farmer_Structural_Damage,00_00_00_07,D&G&Wp,average,100,360.08,1.0,00,00,00,07
Farmer_Structural_Damage,00_00_00_07,D&Wp,average,20,43.46,1.0,00,00,00,07
Farmer_Structural_Damage,00_00_00_07,D&Wp,average,60,189.64,1.0,00,00,00,07
Farmer_Structural_Damage,00_00_00_07,D&Wp,average,100,385.25,1.0,00,00,00,07
Farmer_Structural_Damage,00_00_00_07,G,average,20,43.65,1.0,00,00,00,07
Farmer_Structural_Damage,00_00_00_07,G,average,60,171.45,1.0,00,00,00,07
Farmer_Structural_Damage,00_00_00_07,G,average,100,309.74,1.0,00,00,00,07
Farmer_Structural_Damage,00_00_00_07,G&Wp,average,20,46.62,1.0,00,00,00,07
Farmer_Structural_Damage,00_00_00_07,G&Wp,average,60,209.72,1.0,00,00,00,07
Farmer_Structural_Damage,00_00_00_07,G&Wp,average,100,440.86,1.0,00,00,00,07
Farmer_Structural_Damage,00_00_00_07,Wp,average,20,49.58,1.0,00,00,00,07
Farmer_Structural_Damage,00_00_00_07,Wp,average,60,248.0,1.0,00,00,00,07
Farmer_Structural_Damage,00_00_00_07,Wp,average,100,571.97,1.0,00,00,00,07
Farmer_Structural_Damage,00_00_00_08,D,average,20,37.35,1.0,00,00,00,08
Farmer_Structural_Damage,00_00_00_08,D,average,60,131.28,1.0,00,00,00,08
Farmer_Structural_Damage,00_00_00_08,D,average,100,198.53,1.0,00,00,00,08
Farmer_Structural_Damage,00_00_00_08,D&G,average,20,40.5,1.0,00,00,00,08
Farmer_Structural_Damage,00_00_00_08,D&G,average,60,151.36,1.0,00,00,00,08
Farmer_Structural_Damage,00_00_00_08,D&G,average,100,254.13,1.0,00,00,00,08
Farmer_Structural_Damage,00_00_00_08,D&G&Wp,average,20,43.53,1.0,00,00,00,08
Farmer_Structural_Damage,00_00_00_08,D&G&Wp,average,60,183.58,1.0,00,00,00,08
Farmer_Structural_Damage,00_00_00_08,D&G&Wp,average,100,360.08,1.0,00,00,00,08
Farmer_Structural_Damage,00_00_00_08,D&Wp,average,20,43.46,1.0,00,00,00,08
Farmer_Structural_Damage,00_00_00_08,D&Wp,average,60,189.64,1.0,00,00,00,08
Farmer_Structural_Damage,00_00_00_08,D&Wp,average,100,385.25,1.0,00,00,00,08
Farmer_Structural_Damage,00_00_00_08,G,average,20,43.65,1.0,00,00,00,08
Farmer_Structural_Damage,00_00_00_08,G,average,60,171.45,1.0,00,00,00,08
Farmer_Structural_Damage,00_00_00_08,G,average,100,309.74,1.0,00,00,00,08
Farmer_Structural_Damage,00_00_00_08,G&Wp,average,20,46.62,1.0,00,00,00,08
Farmer_Structural_Damage,00_00_00_08,G&Wp,average,60,209.72,1.0,00,00,00,08
Farmer_Structural_Damage,00_00_00_08,G&Wp,average,100,440.86,1.0,00,00,00,08
Farmer_Structural_Damage,00_00_00_08,Wp,average,20,49.58,1.0,00,00,00,08
Farmer_Structural_Damage,00_00_00_08,Wp,average,60,248.0,1.0,00,00,00,08
Farmer_Structural_Damage,00_00_00_08,Wp,average,100,571.97,1.0,00,00,00,08
Farmer_Structural_Damage,00_00_00_09,D,average,20,37.35,1.0,00,00,00,09
Farmer_Structural_Damage,00_00_00_09,D,average,60,131.28,1.0,00,00,00,09
Farmer_Structural_Damage,00_00_00_09,D,average,100,198.53,1.0,00,00,00,09
Farmer_Structural_Damage,00_00_00_09,D&G,average,20,40.5,1.0,00,00,00,09
Farmer_Structural_Damage,00_00_00_09,D&G,average,60,151.36,1.0,00,00,00,09
Farmer_Structural_Damage,00_00_00_09,D&G,average,100,254.13,1.0,00,00,00,09
Farmer_Structural_Damage,00_00_00_09,D&G&Wp,average,20,43.53,1.0,00,00,00,09
Farmer_Structural_Damage,00_00_00_09,D&G&Wp,average,60,183.58,1.0,00,00,00,09
Farmer_Structural_Damage,00_00_00_09,D&G&Wp,average,100,360.08,1.0,00,00,00,09
Farmer_Structural_Damage,00_00_00_09,D&Wp,average,20,43.46,1.0,00,00,00,09
Farmer_Structural_Damage,00_00_00_09,D&Wp,average,60,189.64,1.0,00,00,00,09
Farmer_Structural_Damage,00_00_00_09,D&Wp,average,100,385.25,1.0,00,00,00,09
Farmer_Structural_Damage,00_00_00_09,G,average,20,43.65,1.0,00,00,00,09
Farmer_Structural_Damage,00_00_00_09,G,average,60,171.45,1.0,00,00,00,09
Farmer_Structural_Damage,00_00_00_09,G,average,100,309.74,1.0,00,00,00,09
Farmer_Structural_Damage,00_00_00_09,G&Wp,average,20,46.62,1.0,00,00,00,09
Farmer_Structural_Damage,00_00_00_09,G&Wp,average,60,209.72,1.0,00,00,00,09
Farmer_Structural_Damage,00_00_00_09,G&Wp,average,100,440.86,1.0,00,00,00,09
Farmer_Structural_Damage,00_00_00_09,Wp,average,20,49.58,1.0,00,00,00,09
Farmer_Structural_Damage,00_00_00_09,Wp,average,60,248.0,1.0,00,00,00,09
Farmer_Structural_Damage,00_00_00_09,Wp,average,100,571.97,1.0,00,00,00,09
Farmer_Structural_Damage,01_00_00_00,D,average,20,37.16,0.99,01,00,00,00
Farmer_Structural_Damage,01_00_00_00,D,average,60,128.61,0.98,01,00,00,00
Farmer_Structural_Damage,01_00_00_00,D,average,100,189.45,0.95,01,00,00,00
Farmer_Structural_Damage,01_00_00_00,D&G,average,20,40.17,0.99,01,00,00,00
Farmer_Structural_Damage,01_00_00_00,D&G,average,60,146.6,0.97,01,00,00,00
Farmer_Structural_Damage,01_00_00_00,D&G,average,100,223.94,0.88,01,00,00,00
Farmer_Structural_Damage,01_00_00_00,D&G&Wp,average,20,43.23,0.99,01,00,00,00
Farmer_Structural_Damage,01_00_00_00,D&G&Wp,average,60,169.85,0.93,01,00,00,00
Farmer_Structural_Damage,01_00_00_00,D&G&Wp,average,100,246.76,0.69,01,00,00,00
Farmer_Structural_Damage,01_00_00_00,D&Wp,average,20,43.26,1.0,01,00,00,00
Farmer_Structural_Damage,01_00_00_00,D&Wp,average,60,172.48,0.91,01,00,00,00
Farmer_Structural_Damage,01_00_00_00,D&Wp,average,100,240.92,0.63,01,00,00,00
Farmer_Structural_Damage,01_00_00_00,G,average,20,43.18,0.99,01,00,00,00
Farmer_Structural_Damage,01_00_00_00,G,average,60,164.58,0.96,01,00,00,00
Farmer_Structural_Damage,01_00_00_00,G,average,100,258.43,0.83,01,00,00,00
Farmer_Structural_Damage,01_00_00_00,G&Wp,average,20,46.27,0.99,01,00,00,00
Farmer_Structural_Damage,01_00_00_00,G&Wp,average,60,190.47,0.91,01,00,00,00
Farmer_Structural_Damage,01_00_00_00,G&Wp,average,100,275.41,0.62,01,00,00,00
Farmer_Structural_Damage,01_00_00_00,Wp,average,20,49.36,1.0,01,00,00,00
Farmer_Structural_Damage,01_00_00_00,Wp,average,60,216.35,0.87,01,00,00,00
Farmer_Structural_Damage,01_00_00_00,Wp,average,100,292.39,0.51,01,00,00,00
Farmer_Structural_Damage,01_00_00_01,D,average,20,37.16,0.99,01,00,00,01
Farmer_Structural_Damage,01_00_00_01,D,average,60,128.61,0.98,01,00,00,01
Farmer_Structural_Damage,01_00_00_01,D,average,100,189.42,0.95,01,00,00,01
Farmer_Structural_Damage,01_00_00_01,D&G,average,20,40.17,0.99,01,00,00,01
Farmer_Structural_Damage,01_00_00_01,D&G,average,60,146.61,0.97,01,00,00,01
Farmer_Structural_Damage,01_00_00_01,D&G,average,100,223.94,0.88,01,00,00,01
Farmer_Structural_Damage,01_00_00_01,D&G&Wp,average,20,43.23,0.99,01,00,00,01
Farmer_Structural_Damage,01_00_00_01,D&G&Wp,average,60,169.87,0.93,01,00,00,01
Farmer_Structural_Damage,01_00_00_01,D&G&Wp,average,100,246.76,0.69,01,00,00,01
Farmer_Structural_Damage,01_00_00_01,D&Wp,average,20,43.26,1.0,01,00,00,01
Farmer_Structural_Damage,01_00_00_01,D&Wp,average,60,172.49,0.91,01,00,00,01
Farmer_Structural_Damage,01_00_00_01,D&Wp,average,100,240.91,0.63,01,00,00,01
Farmer_Structural_Damage,01_00_00_01,G,average,20,43.18,0.99,01,00,00,01
Farmer_Structural_Damage,01_00_00_01,G,average,60,164.61,0.96,01,00,00,01
Farmer_Structural_Damage,01_00_00_01,G,average,100,258.45,0.83,01,00,00,01
Farmer_Structural_Damage,01_00_00_01,G&Wp,average,20,46.27,0.99,01,00,00,01
Farmer_Structural_Damage,01_00_00_01,G&Wp,average,60,190.5,0.91,01,00,00,01
Farmer_Structural_Damage,01_00_00_01,G&Wp,average,100,275.42,0.62,01,00,00,01
Farmer_Structural_Damage,01_00_00_01,Wp,average,20,49.36,1.0,01,00,00,01
Farmer_Structural_Damage,01_00_00_01,Wp,average,60,216.38,0.87,01,00,00,01
Farmer_Structural_Damage,01_00_00_01,Wp,average,100,292.39,0.51,01,00,00,01
Farmer_Structural_Damage,01_00_00_02,D,average,20,37.16,0.99,01,00,00,02
Farmer_Structural_Damage,01_00_00_02,D,average,60,128.6,0.98,01,00,00,02
Farmer_Structural_Damage,01_00_00_02,D,average,100,189.43,0.95,01,00,00,02
Farmer_Structural_Damage,01_00_00_02,D&G,average,20,40.17,0.99,01,00,00,02
Farmer_Structural_Damage,01_00_00_02,D&G,average,60,146.6,0.97,01,00,00,02
Farmer_Structural_Damage,01_00_00_02,D&G,average,100,223.94,0.88,01,00,00,02
Farmer_Structural_Damage,01_00_00_02,D&G&Wp,average,20,43.23,0.99,01,00,00,02
Farmer_Structural_Damage,01_00_00_02,D&G&Wp,average,60,169.87,0.93,01,00,00,02
Farmer_Structural_Damage,01_00_00_02,D&G&Wp,average,100,246.77,0.69,01,00,00,02
Farmer_Structural_Damage,01_00_00_02,D&Wp,average,20,43.26,1.0,01,00,00,02
Farmer_Structural_Damage,01_00_00_02,D&Wp,average,60,172.5,0.91,01,00,00,02
Farmer_Structural_Damage,01_00_00_02,D&Wp,average,100,240.92,0.63,01,00,00,02
Farmer_Structural_Damage,01_00_00_02,G,average,20,43.18,0.99,01,00,00,02
Farmer_Structural_Damage,01_00_00_02,G,average,60,164.6,0.96,01,00,00,02
Farmer_Structural_Damage,01_00_00_02,G,average,100,258.46,0.83,01,00,00,02
Farmer_Structural_Damage,01_00_00_02,G&Wp,average,20,46.27,0.99,01,00,00,02
Farmer_Structural_Damage,01_00_00_02,G&Wp,average,60,190.5,0.91,01,00,00,02
Farmer_Structural_Damage,01_00_00_02,G&Wp,average,100,275.44,0.62,01,00,00,02
Farmer_Structural_Damage,01_00_00_02,Wp,average,20,49.36,1.0,01,00,00,02
Farmer_Structural_Damage,01_00_00_02,Wp,average,60,216.39,0.87,01,00,00,02
Farmer_Structural_Damage,01_00_00_02,Wp,average,100,292.42,0.51,01,00,00,02
Farmer_Structural_Damage,01_00_00_04,D,average,20,37.16,0.99,01,00,00,04
Farmer_Structural_Damage,01_00_00_04,D,average,60,128.61,0.98,01,00,00,04
Farmer_Structural_Damage,01_00_00_04,D,average,100,189.44,0.95,01,00,00,04
Farmer_Structural_Damage,01_00_00_04,D&G,average,20,40.17,0.99,01,00,00,04
Farmer_Structural_Damage,01_00_00_04,D&G,average,60,146.6,0.97,01,00,00,04
Farmer_Structural_Damage,01_00_00_04,D&G,average,100,223.94,0.88,01,00,00,04
Farmer_Structural_Damage,01_00_00_04,D&G&Wp,average,20,43.23,0.99,01,00,00,04
Farmer_Structural_Damage,01_00_00_04,D&G&Wp,average,60,169.86,0.93,01,00,00,04
Farmer_Structural_Damage,01_00_00_04,D&G&Wp,average,100,246.77,0.69,01,00,00,04
Farmer_Structural_Damage,01_00_00_04,D&Wp,average,20,43.26,1.0,01,00,00,04
Farmer_Structural_Damage,01_00_00_04,D&Wp,average,60,172.5,0.91,01,00,00,04
Farmer_Structural_Damage,01_00_00_04,D&Wp,average,100,240.94,0.63,01,00,00,04
Farmer_Structural_Damage,01_00_00_04,G,average,20,43.18,0.99,01,00,00,04
Farmer_Structural_Damage,01_00_00_04,G,average,60,164.59,0.96,01,00,00,04
Farmer_Structural_Damage,01_00_00_04,G,average,100,258.45,0.83,01,00,00,04
Farmer_Structural_Damage,01_00_00_04,G&Wp,average,20,46.27,0.99,01,00,00,04
Farmer_Structural_Damage,01_00_00_04,G&Wp,average,60,190.49,0.91,01,00,00,04
Farmer_Structural_Damage,01_00_00_04,G&Wp,average,100,275.44,0.62,01,00,00,04
Farmer_Structural_Damage,01_00_00_04,Wp,average,20,49.36,1.0,01,00,00,04
Farmer_Structural_Damage,01_00_00_04,Wp,average,60,216.39,0.87,01,00,00,04
Farmer_Structural_Damage,01_00_00_04,Wp,average,100,292.43,0.51,01,00,00,04
Farmer_Structural_Damage,01_00_00_05,D,average,20,37.16,0.99,01,00,00,05
Farmer_Structural_Damage,01_00_00_05,D,average,60,128.61,0.98,01,00,00,05
Farmer_Structural_Damage,01_00_00_05,D,average,100,189.44,0.95,01,00,00,05
Farmer_Structural_Damage,01_00_00_05,D&G,average,20,40.17,0.99,01,00,00,05
Farmer_Structural_Damage,01_00_00_05,D&G,average,60,146.61,0.97,01,00,00,05
Farmer_Structural_Damage,01_00_00_05,D&G,average,100,223.95,0.88,01,00,00,05
Farmer_Structural_Damage,01_00_00_05,D&G&Wp,average,20,43.23,0.99,01,00,00,05
Farmer_Structural_Damage,01_00_00_05,D&G&Wp,average,60,169.87,0.93,01,00,00,05
Farmer_Structural_Damage,01_00_00_05,D&G&Wp,average,100,246.78,0.69,01,00,00,05
Farmer_Structural_Damage,01_00_00_05,D&Wp,average,20,43.26,1.0,01,00,00,05
Farmer_Structural_Damage,01_00_00_05,D&Wp,average,60,172.5,0.91,01,00,00,05
Farmer_Structural_Damage,01_00_00_05,D&Wp,average,100,240.94,0.63,01,00,00,05
Farmer_Structural_Damage,01_00_00_05,G,average,20,43.18,0.99,01,00,00,05
Farmer_Structural_Damage,01_00_00_05,G,average,60,164.61,0.96,01,00,00,05
Farmer_Structural_Damage,01_00_00_05,G,average,100,258.46,0.83,01,00,00,05
Farmer_Structural_Damage,01_00_00_05,G&Wp,average,20,46.27,0.99,01,00,00,05
Farmer_Structural_Damage,01_00_00_05,G&Wp,average,60,190.5,0.91,01,00,00,05
Farmer_Structural_Damage,01_00_00_05,G&Wp,average,100,275.45,0.62,01,00,00,05
Farmer_Structural_Damage,01_00_00_05,Wp,average,20,49.36,1.0,01,00,00,05
Farmer_Structural_Damage,01_00_00_05,Wp,average,60,216.38,0.87,01,00,00,05
Farmer_Structural_Damage,01_00_00_05,Wp,average,100,292.44,0.51,01,00,00,05
Farmer_Structural_Damage,01_00_00_07,D,average,20,37.16,0.99,01,00,00,07
Farmer_Structural_Damage,01_00_00_07,D,average,60,128.61,0.98,01,00,00,07
Farmer_Structural_Damage,01_00_00_07,D,average,100,189.44,0.95,01,00,00,07
Farmer_Structural_Damage,01_00_00_07,D&G,average,20,40.17,0.99,01,00,00,07
Farmer_Structural_Damage,01_00_00_07,D&G,average,60,146.6,0.97,01,00,00,07
Farmer_Structural_Damage,01_00_00_07,D&G,average,100,223.94,0.88,01,00,00,07
Farmer_Structural_Damage,01_00_00_07,D&G&Wp,average,20,43.23,0.99,01,00,00,07
Farmer_Structural_Damage,01_00_00_07,D&G&Wp,average,60,169.86,0.93,01,00,00,07
Farmer_Structural_Damage,01_00_00_07,D&G&Wp,average,100,246.76,0.69,01,00,00,07
Farmer_Structural_Damage,01_00_00_07,D&Wp,average,20,43.26,1.0,01,00,00,07
Farmer_Structural_Damage,01_00_00_07,D&Wp,average,60,172.5,0.91,01,00,00,07
Farmer_Structural_Damage,01_00_00_07,D&Wp,average,100,240.93,0.63,01,00,00,07
Farmer_Structural_Damage,01_00_00_07,G,average,20,43.18,0.99,01,00,00,07
Farmer_Structural_Damage,01_00_00_07,G,average,60,164.59,0.96,01,00,00,07
Farmer_Structural_Damage,01_00_00_07,G,average,100,258.43,0.83,01,00,00,07
Farmer_Structural_Damage,01_00_00_07,G&Wp,average,20,46.27,0.99,01,00,00,07
Farmer_Structural_Damage,01_00_00_07,G&Wp,average,60,190.49,0.91,01,00,00,07
Farmer_Structural_Damage,01_00_00_07,G&Wp,average,100,275.43,0.62,01,00,00,07
Farmer_Structural_Damage,01_00_00_07,Wp,average,20,49.36,1.0,01,00,00,07
Farmer_Structural_Damage,01_00_00_07,Wp,average,60,216.39,0.87,01,00,00,07
Farmer_Structural_Damage,01_00_00_07,Wp,average,100,292.42,0.51,01,00,00,07
Farmer_Structural_Damage,01_00_00_08,D,average,20,37.16,0.99,01,00,00,08
Farmer_Structural_Damage,01_00_00_08,D,average,60,128.6,0.98,01,00,00,08
Farmer_Structural_Damage,01_00_00_08,D,average,100,189.44,0.95,01,00,00,08
Farmer_Structural_Damage,01_00_00_08,D&G,average,20,40.17,0.99,01,00,00,08
Farmer_Structural_Damage,01_00_00_08,D&G,average,60,146.6,0.97,01,00,00,08
Farmer_Structural_Damage,01_00_00_08,D&G,average,100,223.94,0.88,01,00,00,08
Farmer_Structural_Damage,01_00_00_08,D&G&Wp,average,20,43.23,0.99,01,00,00,08
Farmer_Structural_Damage,01_00_00_08,D&G&Wp,average,60,169.86,0.93,01,00,00,08
Farmer_Structural_Damage,01_00_00_08,D&G&Wp,average,100,246.76,0.69,01,00,00,08
Farmer_Structural_Damage,01_00_00_08,D&Wp,average,20,43.26,1.0,01,00,00,08
Farmer_Structural_Damage,01_00_00_08,D&Wp,average,60,172.49,0.91,01,00,00,08
Farmer_Structural_Damage,01_00_00_08,D&Wp,average,100,240.92,0.63,01,00,00,08
Farmer_Structural_Damage,01_00_00_08,G,average,20,43.18,0.99,01,00,00,08
Farmer_Structural_Damage,01_00_00_08,G,average,60,164.59,0.96,01,00,00,08
Farmer_Structural_Damage,01_00_00_08,G,average,100,258.45,0.83,01,00,00,08
Farmer_Structural_Damage,01_00_00_08,G&Wp,average,20,46.27,0.99,01,00,00,08
Farmer_Structural_Damage,01_00_00_08,G&Wp,average,60,190.49,0.91,01,00,00,08
Farmer_Structural_Damage,01_00_00_08,G&Wp,average,100,275.43,0.62,01,00,00,08
Farmer_Structural_Damage,01_00_00_08,Wp,average,20,49.36,1.0,01,00,00,08
Farmer_Structural_Damage,01_00_00_08,Wp,average,60,216.38,0.87,01,00,00,08
Farmer_Structural_Damage,01_00_00_08,Wp,average,100,292.41,0.51,01,00,00,08
Farmer_Structural_Damage,01_00_00_09,D,average,20,37.16,0.99,01,00,00,09
Farmer_Structural_Damage,01_00_00_09,D,average,60,128.61,0.98,01,00,00,09
Farmer_Structural_Damage,01_00_00_09,D,average,100,189.44,0.95,01,00,00,09
Farmer_Structural_Damage,01_00_00_09,D&G,average,20,40.17,0.99,01,00,00,09
Farmer_Structural_Damage,01_00_00_09,D&G,average,60,146.62,0.97,01,00,00,09
Farmer_Structural_Damage,01_00_00_09,D&G,average,100,223.97,0.88,01,00,00,09
Farmer_Structural_Damage,01_00_00_09,D&G&Wp,average,20,43.23,0.99,01,00,00,09
Farmer_Structural_Damage,01_00_00_09,D&G&Wp,average,60,169.86,0.93,01,00,00,09
Farmer_Structural_Damage,01_00_00_09,D&G&Wp,average,100,246.78,0.69,01,00,00,09
Farmer_Structural_Damage,01_00_00_09,D&Wp,average,20,43.26,1.0,01,00,00,09
Farmer_Structural_Damage,01_00_00_09,D&Wp,average,60,172.48,0.91,01,00,00,09
Farmer_Structural_Damage,01_00_00_09,D&Wp,average,100,240.92,0.63,01,00,00,09
Farmer_Structural_Damage,01_00_00_09,G,average,20,43.18,0.99,01,00,00,09
Farmer_Structural_Damage,01_00_00_09,G,average,60,164.62,0.96,01,00,00,09
Farmer_Structural_Damage,01_00_00_09,G,average,100,258.5,0.83,01,00,00,09
Farmer_Structural_Damage,01_00_00_09,G&Wp,average,20,46.27,0.99,01,00,00,09
Farmer_Structural_Damage,01_00_00_09,G&Wp,average,60,190.49,0.91,01,00,00,09
Farmer_Structural_Damage,01_00_00_09,G&Wp,average,100,275.45,0.62,01,00,00,09
Farmer_Structural_Damage,01_00_00_09,Wp,average,20,49.36,1.0,01,00,00,09
Farmer_Structural_Damage,01_00_00_09,Wp,average,60,216.35,0.87,01,00,00,09
Farmer_Structural_Damage,01_00_00_09,Wp,average,100,292.4,0.51,01,00,00,09
Farmer_Structural_Damage,03_00_00_00,D,average,20,36.7,0.98,03,00,00,00
Farmer_Structural_Damage,03_00_00_00,D,average,60,124.77,0.95,03,00,00,00
Farmer_Structural_Damage,03_00_00_00,D,average,100,183.5,0.92,03,00,00,00
Farmer_Structural_Damage,03_00_00_00,D&G,average,20,39.45,0.97,03,00,00,00
Farmer_Structural_Damage,03_00_00_00,D&G,average,60,143.29,0.95,03,00,00,00
Farmer_Structural_Damage,03_00_00_00,D&G,average,100,218.53,0.86,03,00,00,00
Farmer_Structural_Damage,03_00_00_00,D&G&Wp,average,20,42.62,0.98,03,00,00,00
Farmer_Structural_Damage,03_00_00_00,D&G&Wp,average,60,166.25,0.91,03,00,00,00
Farmer_Structural_Damage,03_00_00_00,D&G&Wp,average,100,247.26,0.69,03,00,00,00
Farmer_Structural_Damage,03_00_00_00,D&Wp,average,20,42.83,0.99,03,00,00,00
Farmer_Structural_Damage,03_00_00_00,D&Wp,average,60,168.47,0.89,03,00,00,00
Farmer_Structural_Damage,03_00_00_00,D&Wp,average,100,244.11,0.63,03,00,00,00
Farmer_Structural_Damage,03_00_00_00,G,average,20,42.2,0.97,03,00,00,00
Farmer_Structural_Damage,03_00_00_00,G,average,60,161.82,0.94,03,00,00,00
Farmer_Structural_Damage,03_00_00_00,G,average,100,253.57,0.82,03,00,00,00
Farmer_Structural_Damage,03_00_00_00,G&Wp,average,20,45.57,0.98,03,00,00,00
Farmer_Structural_Damage,03_00_00_00,G&Wp,average,60,186.99,0.89,03,00,00,00
Farmer_Structural_Damage,03_00_00_00,G&Wp,average,100,279.14,0.63,03,00,00,00
Farmer_Structural_Damage,03_00_00_00,Wp,average,20,48.95,0.99,03,00,00,00
Farmer_Structural_Damage,03_00_00_00,Wp,average,60,212.17,0.86,03,00,00,00
Farmer_Structural_Damage,03_00_00_00,Wp,average,100,304.72,0.53,03,00,00,00
Farmer_Structural_Damage,03_00_00_01,D,average,20,36.71,0.98,03,00,00,01
Farmer_Structural_Damage,03_00_00_01,D,average,60,124.76,0.95,03,00,00,01
Farmer_Structural_Damage,03_00_00_01,D,average,100,183.51,0.92,03,00,00,01
Farmer_Structural_Damage,03_00_00_01,D&G,average,20,39.46,0.97,03,00,00,01
Farmer_Structural_Damage,03_00_00_01,D&G,average,60,143.29,0.95,03,00,00,01
Farmer_Structural_Damage,03_00_00_01,D&G,average,100,218.53,0.86,03,00,00,01
Farmer_Structural_Damage,03_00_00_01,D&G&Wp,average,20,42.62,0.98,03,00,00,01
Farmer_Structural_Damage,03_00_00_01,D&G&Wp,average,60,166.25,0.91,03,00,00,01
Farmer_Structural_Damage,03_00_00_01,D&G&Wp,average,100,247.26,0.69,03,00,00,01
Farmer_Structural_Damage,03_00_00_01,D&Wp,average,20,42.83,0.99,03,00,00,01
Farmer_Structural_Damage,03_00_00_01,D&Wp,average,60,168.47,0.89,03,00,00,01
Farmer_Structural_Damage,03_00_00_01,D&Wp,average,100,244.11,0.63,03,00,00,01
Farmer_Structural_Damage,03_00_00_01,G,average,20,42.2,0.97,03,00,00,01
Farmer_Structural_Damage,03_00_00_01,G,average,60,161.82,0.94,03,00,00,01
Farmer_Structural_Damage,03_00_00_01,G,average,100,253.56,0.82,03,00,00,01
Farmer_Structural_Damage,03_00_00_01,G&Wp,average,20,45.57,0.98,03,00,00,01
Farmer_Structural_Damage,03_00_00_01,G&Wp,average,60,187.0,0.89,03,00,00,01
Farmer_Structural_Damage,03_00_00_01,G&Wp,average,100,279.13,0.63,03,00,00,01
Farmer_Structural_Damage,03_00_00_01,Wp,average,20,48.94,0.99,03,00,00,01
Farmer_Structural_Damage,03_00_00_01,Wp,average,60,212.17,0.86,03,00,00,01
Farmer_Structural_Damage,03_00_00_01,Wp,average,100,304.71,0.53,03,00,00,01
Farmer_Structural_Damage,03_00_00_02,D,average,20,36.71,0.98,03,00,00,02
Farmer_Structural_Damage,03_00_00_02,D,average,60,124.79,0.95,03,00,00,02
Farmer_Structural_Damage,03_00_00_02,D,average,100,183.54,0.92,03,00,00,02
Farmer_Structural_Damage,03_00_00_02,D&G,average,20,39.45,0.97,03,00,00,02
Farmer_Structural_Damage,03_00_00_02,D&G,average,60,143.29,0.95,03,00,00,02
Farmer_Structural_Damage,03_00_00_02,D&G,average,100,218.54,0.86,03,00,00,02
Farmer_Structural_Damage,03_00_00_02,D&G&Wp,average,20,42.62,0.98,03,00,00,02
Farmer_Structural_Damage,03_00_00_02,D&G&Wp,average,60,166.25,0.91,03,00,00,02
Farmer_Structural_Damage,03_00_00_02,D&G&Wp,average,100,247.25,0.69,03,00,00,02
Farmer_Structural_Damage,03_00_00_02,D&Wp,average,20,42.83,0.99,03,00,00,02
Farmer_Structural_Damage,03_00_00_02,D&Wp,average,60,168.47,0.89,03,00,00,02
Farmer_Structural_Damage,03_00_00_02,D&Wp,average,100,244.11,0.63,03,00,00,02
Farmer_Structural_Damage,03_00_00_02,G,average,20,42.2,0.97,03,00,00,02
Farmer_Structural_Damage,03_00_00_02,G,average,60,161.8,0.94,03,00,00,02
Farmer_Structural_Damage,03_00_00_02,G,average,100,253.54,0.82,03,00,00,02
Farmer_Structural_Damage,03_00_00_02,G&Wp,average,20,45.57,0.98,03,00,00,02
Farmer_Structural_Damage,03_00_00_02,G&Wp,average,60,186.98,0.89,03,00,00,02
Farmer_Structural_Damage,03_00_00_02,G&Wp,average,100,279.11,0.63,03,00,00,02
Farmer_Structural_Damage,03_00_00_02,Wp,average,20,48.95,0.99,03,00,00,02
Farmer_Structural_Damage,03_00_00_02,Wp,average,60,212.16,0.86,03,00,00,02
Farmer_Structural_Damage,03_00_00_02,Wp,average,100,304.68,0.53,03,00,00,02
Farmer_Structural_Damage,03_00_00_04,D,average,20,36.71,0.98,03,00,00,04
Farmer_Structural_Damage,03_00_00_04,D,average,60,124.78,0.95,03,00,00,04
Farmer_Structural_Damage,03_00_00_04,D,average,100,183.53,0.92,03,00,00,04
Farmer_Structural_Damage,03_00_00_04,D&G,average,20,39.45,0.97,03,00,00,04
Farmer_Structural_Damage,03_00_00_04,D&G,average,60,143.29,0.95,03,00,00,04
Farmer_Structural_Damage,03_00_00_04,D&G,average,100,218.56,0.86,03,00,00,04
Farmer_Structural_Damage,03_00_00_04,D&G&Wp,average,20,42.62,0.98,03,00,00,04
Farmer_Structural_Damage,03_00_00_04,D&G&Wp,average,60,166.25,0.91,03,00,00,04
Farmer_Structural_Damage,03_00_00_04,D&G&Wp,average,100,247.28,0.69,03,00,00,04
Farmer_Structural_Damage,03_00_00_04,D&Wp,average,20,42.83,0.99,03,00,00,04
Farmer_Structural_Damage,03_00_00_04,D&Wp,average,60,168.47,0.89,03,00,00,04
Farmer_Structural_Damage,03_00_00_04,D&Wp,average,100,244.12,0.63,03,00,00,04
Farmer_Structural_Damage,03_00_00_04,G,average,20,42.2,0.97,03,00,00,04
Farmer_Structural_Damage,03_00_00_04,G,average,60,161.81,0.94,03,00,00,04
Farmer_Structural_Damage,03_00_00_04,G,average,100,253.59,0.82,03,00,00,04
Farmer_Structural_Damage,03_00_00_04,G&Wp,average,20,45.57,0.98,03,00,00,04
Farmer_Structural_Damage,03_00_00_04,G&Wp,average,60,186.99,0.89,03,00,00,04
Farmer_Structural_Damage,03_00_00_04,G&Wp,average,100,279.15,0.63,03,00,00,04
Farmer_Structural_Damage,03_00_00_04,Wp,average,20,48.94,0.99,03,00,00,04
Farmer_Structural_Damage,03_00_00_04,Wp,average,60,212.17,0.86,03,00,00,04
Farmer_Structural_Damage,03_00_00_04,Wp,average,100,304.72,0.53,03,00,00,04
Farmer_Structural_Damage,03_00_00_05,D,average,20,36.71,0.98,03,00,00,05
Farmer_Structural_Damage,03_00_00_05,D,average,60,124.76,0.95,03,00,00,05
Farmer_Structural_Damage,03_00_00_05,D,average,100,183.52,0.92,03,00,00,05
Farmer_Structural_Damage,03_00_00_05,D&G,average,20,39.45,0.97,03,00,00,05
Farmer_Structural_Damage,03_00_00_05,D&G,average,60,143.28,0.95,03,00,00,05
Farmer_Structural_Damage,03_00_00_05,D&G,average,100,218.56,0.86,03,00,00,05
Farmer_Structural_Damage,03_00_00_05,D&G&Wp,average,20,42.61,0.98,03,00,00,05
Farmer_Structural_Damage,03_00_00_05,D&G&Wp,average,60,166.22,0.91,03,00,00,05
Farmer_Structural_Damage,03_00_00_05,D&G&Wp,average,100,247.26,0.69,03,00,00,05
Farmer_Structural_Damage,03_00_00_05,D&Wp,average,20,42.82,0.99,03,00,00,05
Farmer_Structural_Damage,03_00_00_05,D&Wp,average,60,168.43,0.89,03,00,00,05
Farmer_Structural_Damage,03_00_00_05,D&Wp,average,100,244.1,0.63,03,00,00,05
Farmer_Structural_Damage,03_00_00_05,G,average,20,42.19,0.97,03,00,00,05
Farmer_Structural_Damage,03_00_00_05,G,average,60,161.81,0.94,03,00,00,05
Farmer_Structural_Damage,03_00_00_05,G,average,100,253.6,0.82,03,00,00,05
Farmer_Structural_Damage,03_00_00_05,G&Wp,average,20,45.56,0.98,03,00,00,05
Farmer_Structural_Damage,03_00_00_05,G&Wp,average,60,186.96,0.89,03,00,00,05
Farmer_Structural_Damage,03_00_00_05,G&Wp,average,100,279.14,0.63,03,00,00,05
Farmer_Structural_Damage,03_00_00_05,Wp,average,20,48.93,0.99,03,00,00,05
Farmer_Structural_Damage,03_00_00_05,Wp,average,60,212.1,0.86,03,00,00,05
Farmer_Structural_Damage,03_00_00_05,Wp,average,100,304.68,0.53,03,00,00,05
Farmer_Structural_Damage,03_00_00_07,D,average,20,36.71,0.98,03,00,00,07
Farmer_Structural_Damage,03_00_00_07,D,average,60,124.78,0.95,03,00,00,07
Farmer_Structural_Damage,03_00_00_07,D,average,100,183.54,0.92,03,00,00,07
Farmer_Structural_Damage,03_00_00_07,D&G,average,20,39.45,0.97,03,00,00,07
Farmer_Structural_Damage,03_00_00_07,D&G,average,60,143.28,0.95,03,00,00,07
Farmer_Structural_Damage,03_00_00_07,D&G,average,100,218.56,0.86,03,00,00,07
Farmer_Structural_Damage,03_00_00_07,D&G&Wp,average,20,42.61,0.98,03,00,00,07
Farmer_Structural_Damage,03_00_00_07,D&G&Wp,average,60,166.25,0.91,03,00,00,07
Farmer_Structural_Damage,03_00_00_07,D&G&Wp,average,100,247.29,0.69,03,00,00,07
Farmer_Structural_Damage,03_00_00_07,D&Wp,average,20,42.82,0.99,03,00,00,07
Farmer_Structural_Damage,03_00_00_07,D&Wp,average,60,168.48,0.89,03,00,00,07
Farmer_Structural_Damage,03_00_00_07,D&Wp,average,100,244.15,0.63,03,00,00,07
Farmer_Structural_Damage,03_00_00_07,G,average,20,42.18,0.97,03,00,00,07
Farmer_Structural_Damage,03_00_00_07,G,average,60,161.79,0.94,03,00,00,07
Farmer_Structural_Damage,03_00_00_07,G,average,100,253.57,0.82,03,00,00,07
Farmer_Structural_Damage,03_00_00_07,G&Wp,average,20,45.56,0.98,03,00,00,07
Farmer_Structural_Damage,03_00_00_07,G&Wp,average,60,186.98,0.89,03,00,00,07
Farmer_Structural_Damage,03_00_00_07,G&Wp,average,100,279.17,0.63,03,00,00,07
Farmer_Structural_Damage,03_00_00_07,Wp,average,20,48.94,0.99,03,00,00,07
Farmer_Structural_Damage,03_00_00_07,Wp,average,60,212.18,0.86,03,00,00,07
Farmer_Structural_Damage,03_00_00_07,Wp,average,100,304.76,0.53,03,00,00,07
Farmer_Structural_Damage,03_00_00_08,D,average,20,36.71,0.98,03,00,00,08
Farmer_Structural_Damage,03_00_00_08,D,average,60,124.75,0.95,03,00,00,08
Farmer_Structural_Damage,03_00_00_08,D,average,100,183.48,0.92,03,00,00,08
Farmer_Structural_Damage,03_00_00_08,D&G,average,20,39.45,0.97,03,00,00,08
Farmer_Structural_Damage,03_00_00_08,D&G,average,60,143.28,0.95,03,00,00,08
Farmer_Structural_Damage,03_00_00_08,D&G,average,100,218.51,0.86,03,00,00,08
Farmer_Structural_Damage,03_00_00_08,D&G&Wp,average,20,42.62,0.98,03,00,00,08
Farmer_Structural_Damage,03_00_00_08,D&G&Wp,average,60,166.25,0.91,03,00,00,08
Farmer_Structural_Damage,03_00_00_08,D&G&Wp,average,100,247.26,0.69,03,00,00,08
Farmer_Structural_Damage,03_00_00_08,D&Wp,average,20,42.83,0.99,03,00,00,08
Farmer_Structural_Damage,03_00_00_08,D&Wp,average,60,168.46,0.89,03,00,00,08
Farmer_Structural_Damage,03_00_00_08,D&Wp,average,100,244.11,0.63,03,00,00,08
Farmer_Structural_Damage,03_00_00_08,G,average,20,42.2,0.97,03,00,00,08
Farmer_Structural_Damage,03_00_00_08,G,average,60,161.82,0.94,03,00,00,08
Farmer_Structural_Damage,03_00_00_08,G,average,100,253.55,0.82,03,00,00,08
Farmer_Structural_Damage,03_00_00_08,G&Wp,average,20,45.57,0.98,03,00,00,08
Farmer_Structural_Damage,03_00_00_08,G&Wp,average,60,187.0,0.89,03,00,00,08
Farmer_Structural_Damage,03_00_00_08,G&Wp,average,100,279.15,0.63,03,00,00,08
Farmer_Structural_Damage,03_00_00_08,Wp,average,20,48.95,0.99,03,00,00,08
Farmer_Structural_Damage,03_00_00_08,Wp,average,60,212.18,0.86,03,00,00,08
Farmer_Structural_Damage,03_00_00_08,Wp,average,100,304.74,0.53,03,00,00,08
Farmer_Structural_Damage,03_00_00_09,D,average,20,36.7,0.98,03,00,00,09
Farmer_Structural_Damage,03_00_00_09,D,average,60,124.77,0.95,03,00,00,09
Farmer_Structural_Damage,03_00_00_09,D,average,100,183.53,0.92,03,00,00,09
Farmer_Structural_Damage,03_00_00_09,D&G,average,20,39.44,0.97,03,00,00,09
Farmer_Structural_Damage,03_00_00_09,D&G,average,60,143.28,0.95,03,00,00,09
Farmer_Structural_Damage,03_00_00_09,D&G,average,100,218.53,0.86,03,00,00,09
Farmer_Structural_Damage,03_00_00_09,D&G&Wp,average,20,42.61,0.98,03,00,00,09
Farmer_Structural_Damage,03_00_00_09,D&G&Wp,average,60,166.24,0.91,03,00,00,09
Farmer_Structural_Damage,03_00_00_09,D&G&Wp,average,100,247.27,0.69,03,00,00,09
Farmer_Structural_Damage,03_00_00_09,D&Wp,average,20,42.83,0.99,03,00,00,09
Farmer_Structural_Damage,03_00_00_09,D&Wp,average,60,168.47,0.89,03,00,00,09
Farmer_Structural_Damage,03_00_00_09,D&Wp,average,100,244.13,0.63,03,00,00,09
Farmer_Structural_Damage,03_00_00_09,G,average,20,42.18,0.97,03,00,00,09
Farmer_Structural_Damage,03_00_00_09,G,average,60,161.79,0.94,03,00,00,09
Farmer_Structural_Damage,03_00_00_09,G,average,100,253.53,0.82,03,00,00,09
Farmer_Structural_Damage,03_00_00_09,G&Wp,average,20,45.57,0.98,03,00,00,09
Farmer_Structural_Damage,03_00_00_09,G&Wp,average,60,186.98,0.89,03,00,00,09
Farmer_Structural_Damage,03_00_00_09,G&Wp,average,100,279.13,0.63,03,00,00,09
Farmer_Structural_Damage,03_00_00_09,Wp,average,20,48.95,0.99,03,00,00,09
Farmer_Structural_Damage,03_00_00_09,Wp,average,60,212.17,0.86,03,00,00,09
Farmer_Structural_Damage,03_00_00_09,Wp,average,100,304.74,0.53,03,00,00,09
Farmer_Structural_Damage,05_00_00_00,D,average,20,30.2,0.81,05,00,00,00
Farmer_Structural_Damage,05_00_00_00,D,average,60,70.98,0.54,05,00,00,00
Farmer_Structural_Damage,05_00_00_00,D,average,100,85.87,0.43,05,00,00,00
Farmer_Structural_Damage,05_00_00_00,D&G,average,20,28.9,0.71,05,00,00,00
Farmer_Structural_Damage,05_00_00_00,D&G,average,60,75.62,0.5,05,00,00,00
Farmer_Structural_Damage,05_00_00_00,D&G,average,100,92.64,0.36,05,00,00,00
Farmer_Structural_Damage,05_00_00_00,D&G&Wp,average,20,33.48,0.77,05,00,00,00
Farmer_Structural_Damage,05_00_00_00,D&G&Wp,average,60,84.73,0.46,05,00,00,00
Farmer_Structural_Damage,05_00_00_00,D&G&Wp,average,100,98.84,0.27,05,00,00,00
Farmer_Structural_Damage,05_00_00_00,D&Wp,average,20,36.43,0.84,05,00,00,00
Farmer_Structural_Damage,05_00_00_00,D&Wp,average,60,86.96,0.46,05,00,00,00
Farmer_Structural_Damage,05_00_00_00,D&Wp,average,100,98.56,0.26,05,00,00,00
Farmer_Structural_Damage,05_00_00_00,G,average,20,27.59,0.63,05,00,00,00
Farmer_Structural_Damage,05_00_00_00,G,average,60,80.26,0.47,05,00,00,00
Farmer_Structural_Damage,05_00_00_00,G,average,100,99.4,0.32,05,00,00,00
Farmer_Structural_Damage,05_00_00_00,G&Wp,average,20,35.12,0.75,05,00,00,00
Farmer_Structural_Damage,05_00_00_00,G&Wp,average,60,91.6,0.44,05,00,00,00
Farmer_Structural_Damage,05_00_00_00,G&Wp,average,100,105.32,0.24,05,00,00,00
Farmer_Structural_Damage,05_00_00_00,Wp,average,20,42.66,0.86,05,00,00,00
Farmer_Structural_Damage,05_00_00_00,Wp,average,60,102.94,0.42,05,00,00,00
Farmer_Structural_Damage,05_00_00_00,Wp,average,100,111.25,0.19,05,00,00,00
Farmer_Structural_Damage,05_00_00_01,D,average,20,30.2,0.81,05,00,00,01
Farmer_Structural_Damage,05_00_00_01,D,average,60,70.98,0.54,05,00,00,01
Farmer_Structural_Damage,05_00_00_01,D,average,100,85.87,0.43,05,00,00,01
Farmer_Structural_Damage,05_00_00_01,D&G,average,20,28.9,0.71,05,00,00,01
Farmer_Structural_Damage,05_00_00_01,D&G,average,60,75.62,0.5,05,00,00,01
Farmer_Structural_Damage,05_00_00_01,D&G,average,100,92.64,0.36,05,00,00,01
Farmer_Structural_Damage,05_00_00_01,D&G&Wp,average,20,33.48,0.77,05,00,00,01
Farmer_Structural_Damage,05_00_00_01,D&G&Wp,average,60,84.73,0.46,05,00,00,01
Farmer_Structural_Damage,05_00_00_01,D&G&Wp,average,100,98.84,0.27,05,00,00,01
Farmer_Structural_Damage,05_00_00_01,D&Wp,average,20,36.43,0.84,05,00,00,01
Farmer_Structural_Damage,05_00_00_01,D&Wp,average,60,86.96,0.46,05,00,00,01
Farmer_Structural_Damage,05_00_00_01,D&Wp,average,100,98.56,0.26,05,00,00,01
Farmer_Structural_Damage,05_00_00_01,G,average,20,27.59,0.63,05,00,00,01
Farmer_Structural_Damage,05_00_00_01,G,average,60,80.26,0.47,05,00,00,01
Farmer_Structural_Damage,05_00_00_01,G,average,100,99.4,0.32,05,00,00,01
Farmer_Structural_Damage,05_00_00_01,G&Wp,average,20,35.12,0.75,05,00,00,01
Farmer_Structural_Damage,05_00_00_01,G&Wp,average,60,91.6,0.44,05,00,00,01
Farmer_Structural_Damage,05_00_00_01,G&Wp,average,100,105.32,0.24,05,00,00,01
Farmer_Structural_Damage,05_00_00_01,Wp,average,20,42.66,0.86,05,00,00,01
Farmer_Structural_Damage,05_00_00_01,Wp,average,60,102.94,0.42,05,00,00,01
Farmer_Structural_Damage,05_00_00_01,Wp,average,100,111.25,0.19,05,00,00,01
Farmer_Structural_Damage,05_00_00_02,D,average,20,30.2,0.81,05,00,00,02
Farmer_Structural_Damage,05_00_00_02,D,average,60,70.98,0.54,05,00,00,02
Farmer_Structural_Damage,05_00_00_02,D,average,100,85.87,0.43,05,00,00,02
Farmer_Structural_Damage,05_00_00_02,D&G,average,20,28.9,0.71,05,00,00,02
Farmer_Structural_Damage,05_00_00_02,D&G,average,60,75.62,0.5,05,00,00,02
Farmer_Structural_Damage,05_00_00_02,D&G,average,100,92.64,0.36,05,00,00,02
Farmer_Structural_Damage,05_00_00_02,D&G&Wp,average,20,33.48,0.77,05,00,00,02
Farmer_Structural_Damage,05_00_00_02,D&G&Wp,average,60,84.73,0.46,05,00,00,02
Farmer_Structural_Damage,05_00_00_02,D&G&Wp,average,100,98.84,0.27,05,00,00,02
Farmer_Structural_Damage,05_00_00_02,D&Wp,average,20,36.43,0.84,05,00,00,02
Farmer_Structural_Damage,05_00_00_02,D&Wp,average,60,86.96,0.46,05,00,00,02
Farmer_Structural_Damage,05_00_00_02,D&Wp,average,100,98.56,0.26,05,00,00,02
Farmer_Structural_Damage,05_00_00_02,G,average,20,27.59,0.63,05,00,00,02
Farmer_Structural_Damage,05_00_00_02,G,average,60,80.26,0.47,05,00,00,02
Farmer_Structural_Damage,05_00_00_02,G,average,100,99.4,0.32,05,00,00,02
Farmer_Structural_Damage,05_00_00_02,G&Wp,average,20,35.12,0.75,05,00,00,02
Farmer_Structural_Damage,05_00_00_02,G&Wp,average,60,91.6,0.44,05,00,00,02
Farmer_Structural_Damage,05_00_00_02,G&Wp,average,100,105.32,0.24,05,00,00,02
Farmer_Structural_Damage,05_00_00_02,Wp,average,20,42.66,0.86,05,00,00,02
Farmer_Structural_Damage,05_00_00_02,Wp,average,60,102.94,0.42,05,00,00,02
Farmer_Structural_Damage,05_00_00_02,Wp,average,100,111.25,0.19,05,00,00,02
Farmer_Structural_Damage,05_00_00_04,D,average,20,30.2,0.81,05,00,00,04
Farmer_Structural_Damage,05_00_00_04,D,average,60,70.98,0.54,05,00,00,04
Farmer_Structural_Damage,05_00_00_04,D,average,100,85.87,0.43,05,00,00,04
Farmer_Structural_Damage,05_00_00_04,D&G,average,20,28.9,0.71,05,00,00,04
Farmer_Structural_Damage,05_00_00_04,D&G,average,60,75.62,0.5,05,00,00,04
Farmer_Structural_Damage,05_00_00_04,D&G,average,100,92.64,0.36,05,00,00,04
Farmer_Structural_Damage,05_00_00_04,D&G&Wp,average,20,33.48,0.77,05,00,00,04
Farmer_Structural_Damage,05_00_00_04,D&G&Wp,average,60,84.73,0.46,05,00,00,04
Farmer_Structural_Damage,05_00_00_04,D&G&Wp,average,100,98.84,0.27,05,00,00,04
Farmer_Structural_Damage,05_00_00_04,D&Wp,average,20,36.43,0.84,05,00,00,04
Farmer_Structural_Damage,05_00_00_04,D&Wp,average,60,86.96,0.46,05,00,00,04
Farmer_Structural_Damage,05_00_00_04,D&Wp,average,100,98.56,0.26,05,00,00,04
Farmer_Structural_Damage,05_00_00_04,G,average,20,27.59,0.63,05,00,00,04
Farmer_Structural_Damage,05_00_00_04,G,average,60,80.26,0.47,05,00,00,04
Farmer_Structural_Damage,05_00_00_04,G,average,100,99.4,0.32,05,00,00,04
Farmer_Structural_Damage,05_00_00_04,G&Wp,average,20,35.12,0.75,05,00,00,04
Farmer_Structural_Damage,05_00_00_04,G&Wp,average,60,91.6,0.44,05,00,00,04
Farmer_Structural_Damage,05_00_00_04,G&Wp,average,100,105.32,0.24,05,00,00,04
Farmer_Structural_Damage,05_00_00_04,Wp,average,20,42.66,0.86,05,00,00,04
Farmer_Structural_Damage,05_00_00_04,Wp,average,60,102.94,0.42,05,00,00,04
Farmer_Structural_Damage,05_00_00_04,Wp,average,100,111.25,0.19,05,00,00,04
Farmer_Structural_Damage,05_00_00_05,D,average,20,30.2,0.81,05,00,00,05
Farmer_Structural_Damage,05_00_00_05,D,average,60,70.98,0.54,05,00,00,05
Farmer_Structural_Damage,05_00_00_05,D,average,100,85.87,0.43,05,00,00,05
Farmer_Structural_Damage,05_00_00_05,D&G,average,20,28.9,0.71,05,00,00,05
Farmer_Structural_Damage,05_00_00_05,D&G,average,60,75.62,0.5,05,00,00,05
Farmer_Structural_Damage,05_00_00_05,D&G,average,100,92.64,0.36,05,00,00,05
Farmer_Structural_Damage,05_00_00_05,D&G&Wp,average,20,33.48,0.77,05,00,00,05
Farmer_Structural_Damage,05_00_00_05,D&G&Wp,average,60,84.73,0.46,05,00,00,05
Farmer_Structural_Damage,05_00_00_05,D&G&Wp,average,100,98.84,0.27,05,00,00,05
Farmer_Structural_Damage,05_00_00_05,D&Wp,average,20,36.43,0.84,05,00,00,05
Farmer_Structural_Damage,05_00_00_05,D&Wp,average,60,86.96,0.46,05,00,00,05
Farmer_Structural_Damage,05_00_00_05,D&Wp,average,100,98.56,0.26,05,00,00,05
Farmer_Structural_Damage,05_00_00_05,G,average,20,27.59,0.63,05,00,00,05
Farmer_Structural_Damage,05_00_00_05,G,average,60,80.26,0.47,05,00,00,05
Farmer_Structural_Damage,05_00_00_05,G,average,100,99.4,0.32,05,00,00,05
Farmer_Structural_Damage,05_00_00_05,G&Wp,average,20,35.12,0.75,05,00,00,05
Farmer_Structural_Damage,05_00_00_05,G&Wp,average,60,91.6,0.44,05,00,00,05
Farmer_Structural_Damage,05_00_00_05,G&Wp,average,100,105.32,0.24,05,00,00,05
Farmer_Structural_Damage,05_00_00_05,Wp,average,20,42.66,0.86,05,00,00,05
Farmer_Structural_Damage,05_00_00_05,Wp,average,60,102.94,0.42,05,00,00,05
Farmer_Structural_Damage,05_00_00_05,Wp,average,100,111.25,0.19,05,00,00,05
Farmer_Structural_Damage,05_00_00_07,D,average,20,30.2,0.81,05,00,00,07
Farmer_Structural_Damage,05_00_00_07,D,average,60,70.98,0.54,05,00,00,07
Farmer_Structural_Damage,05_00_00_07,D,average,100,85.87,0.43,05,00,00,07
Farmer_Structural_Damage,05_00_00_07,D&G,average,20,28.9,0.71,05,00,00,07
Farmer_Structural_Damage,05_00_00_07,D&G,average,60,75.62,0.5,05,00,00,07
Farmer_Structural_Damage,05_00_00_07,D&G,average,100,92.64,0.36,05,00,00,07
Farmer_Structural_Damage,05_00_00_07,D&G&Wp,average,20,33.48,0.77,05,00,00,07
Farmer_Structural_Damage,05_00_00_07,D&G&Wp,average,60,84.73,0.46,05,00,00,07
Farmer_Structural_Damage,05_00_00_07,D&G&Wp,average,100,98.84,0.27,05,00,00,07
Farmer_Structural_Damage,05_00_00_07,D&Wp,average,20,36.43,0.84,05,00,00,07
Farmer_Structural_Damage,05_00_00_07,D&Wp,average,60,86.96,0.46,05,00,00,07
Farmer_Structural_Damage,05_00_00_07,D&Wp,average,100,98.56,0.26,05,00,00,07
Farmer_Structural_Damage,05_00_00_07,G,average,20,27.59,0.63,05,00,00,07
Farmer_Structural_Damage,05_00_00_07,G,average,60,80.26,0.47,05,00,00,07
Farmer_Structural_Damage,05_00_00_07,G,average,100,99.4,0.32,05,00,00,07
Farmer_Structural_Damage,05_00_00_07,G&Wp,average,20,35.12,0.75,05,00,00,07
Farmer_Structural_Damage,05_00_00_07,G&Wp,average,60,91.6,0.44,05,00,00,07
Farmer_Structural_Damage,05_00_00_07,G&Wp,average,100,105.32,0.24,05,00,00,07
Farmer_Structural_Damage,05_00_00_07,Wp,average,20,42.66,0.86,05,00,00,07
Farmer_Structural_Damage,05_00_00_07,Wp,average,60,102.94,0.42,05,00,00,07
Farmer_Structural_Damage,05_00_00_07,Wp,average,100,111.25,0.19,05,00,00,07
Farmer_Structural_Damage,05_00_00_08,D,average,20,30.2,0.81,05,00,00,08
Farmer_Structural_Damage,05_00_00_08,D,average,60,70.98,0.54,05,00,00,08
Farmer_Structural_Damage,05_00_00_08,D,average,100,85.87,0.43,05,00,00,08
Farmer_Structural_Damage,05_00_00_08,D&G,average,20,28.9,0.71,05,00,00,08
Farmer_Structural_Damage,05_00_00_08,D&G,average,60,75.62,0.5,05,00,00,08
Farmer_Structural_Damage,05_00_00_08,D&G,average,100,92.64,0.36,05,00,00,08
Farmer_Structural_Damage,05_00_00_08,D&G&Wp,average,20,33.48,0.77,05,00,00,08
Farmer_Structural_Damage,05_00_00_08,D&G&Wp,average,60,84.73,0.46,05,00,00,08
Farmer_Structural_Damage,05_00_00_08,D&G&Wp,average,100,98.84,0.27,05,00,00,08
Farmer_Structural_Damage,05_00_00_08,D&Wp,average,20,36.43,0.84,05,00,00,08
Farmer_Structural_Damage,05_00_00_08,D&Wp,average,60,86.96,0.46,05,00,00,08
Farmer_Structural_Damage,05_00_00_08,D&Wp,average,100,98.56,0.26,05,00,00,08
Farmer_Structural_Damage,05_00_00_08,G,average,20,27.59,0.63,05,00,00,08
Farmer_Structural_Damage,05_00_00_08,G,average,60,80.26,0.47,05,00,00,08
Farmer_Structural_Damage,05_00_00_08,G,average,100,99.4,0.32,05,00,00,08
Farmer_Structural_Damage,05_00_00_08,G&Wp,average,20,35.12,0.75,05,00,00,08
Farmer_Structural_Damage,05_00_00_08,G&Wp,average,60,91.6,0.44,05,00,00,08
Farmer_Structural_Damage,05_00_00_08,G&Wp,average,100,105.32,0.24,05,00,00,08
Farmer_Structural_Damage,05_00_00_08,Wp,average,20,42.66,0.86,05,00,00,08
Farmer_Structural_Damage,05_00_00_08,Wp,average,60,102.94,0.42,05,00,00,08
Farmer_Structural_Damage,05_00_00_08,Wp,average,100,111.25,0.19,05,00,00,08
Farmer_Structural_Damage,05_00_00_09,D,average,20,30.2,0.81,05,00,00,09
Farmer_Structural_Damage,05_00_00_09,D,average,60,70.98,0.54,05,00,00,09
Farmer_Structural_Damage,05_00_00_09,D,average,100,85.87,0.43,05,00,00,09
Farmer_Structural_Damage,05_00_00_09,D&G,average,20,28.9,0.71,05,00,00,09
Farmer_Structural_Damage,05_00_00_09,D&G,average,60,75.62,0.5,05,00,00,09
Farmer_Structural_Damage,05_00_00_09,D&G,average,100,92.64,0.36,05,00,00,09
Farmer_Structural_Damage,05_00_00_09,D&G&Wp,average,20,33.48,0.77,05,00,00,09
Farmer_Structural_Damage,05_00_00_09,D&G&Wp,average,60,84.73,0.46,05,00,00,09
Farmer_Structural_Damage,05_00_00_09,D&G&Wp,average,100,98.84,0.27,05,00,00,09
Farmer_Structural_Damage,05_00_00_09,D&Wp,average,20,36.43,0.84,05,00,00,09
Farmer_Structural_Damage,05_00_00_09,D&Wp,average,60,86.96,0.46,05,00,00,09
Farmer_Structural_Damage,05_00_00_09,D&Wp,average,100,98.56,0.26,05,00,00,09
Farmer_Structural_Damage,05_00_00_09,G,average,20,27.59,0.63,05,00,00,09
Farmer_Structural_Damage,05_00_00_09,G,average,60,80.26,0.47,05,00,00,09
Farmer_Structural_Damage,05_00_00_09,G,average,100,99.4,0.32,05,00,00,09
Farmer_Structural_Damage,05_00_00_09,G&Wp,average,20,35.12,0.75,05,00,00,09
Farmer_Structural_Damage,05_00_00_09,G&Wp,average,60,91.6,0.44,05,00,00,09
Farmer_Structural_Damage,05_00_00_09,G&Wp,average,100,105.32,0.24,05,00,00,09
Farmer_Structural_Damage,05_00_00_09,Wp,average,20,42.66,0.86,05,00,00,09
Farmer_Structural_Damage,05_00_00_09,Wp,average,60,102.94,0.42,05,00,00,09
Farmer_Structural_Damage,05_00_00_09,Wp,average,100,111.25,0.19,05,00,00,09
Farmer_Structural_Damage,07_00_00_00,D,average,20,30.2,0.81,07,00,00,00
Farmer_Structural_Damage,07_00_00_00,D,average,60,67.74,0.52,07,00,00,00
Farmer_Structural_Damage,07_00_00_00,D,average,100,82.62,0.42,07,00,00,00
Farmer_Structural_Damage,07_00_00_00,D&G,average,20,28.9,0.71,07,00,00,00
Farmer_Structural_Damage,07_00_00_00,D&G,average,60,72.33,0.48,07,00,00,00
Farmer_Structural_Damage,07_00_00_00,D&G,average,100,89.34,0.35,07,00,00,00
Farmer_Structural_Damage,07_00_00_00,D&G&Wp,average,20,33.48,0.77,07,00,00,00
Farmer_Structural_Damage,07_00_00_00,D&G&Wp,average,60,82.53,0.45,07,00,00,00
Farmer_Structural_Damage,07_00_00_00,D&G&Wp,average,100,94.85,0.26,07,00,00,00
Farmer_Structural_Damage,07_00_00_00,D&Wp,average,20,36.43,0.84,07,00,00,00
Farmer_Structural_Damage,07_00_00_00,D&Wp,average,60,85.34,0.45,07,00,00,00
Farmer_Structural_Damage,07_00_00_00,D&Wp,average,100,94.25,0.24,07,00,00,00
Farmer_Structural_Damage,07_00_00_00,G,average,20,27.59,0.63,07,00,00,00
Farmer_Structural_Damage,07_00_00_00,G,average,60,76.91,0.45,07,00,00,00
Farmer_Structural_Damage,07_00_00_00,G,average,100,96.06,0.31,07,00,00,00
Farmer_Structural_Damage,07_00_00_00,G&Wp,average,20,35.12,0.75,07,00,00,00
Farmer_Structural_Damage,07_00_00_00,G&Wp,average,60,89.93,0.43,07,00,00,00
Farmer_Structural_Damage,07_00_00_00,G&Wp,average,100,100.96,0.23,07,00,00,00
Farmer_Structural_Damage,07_00_00_00,Wp,average,20,42.66,0.86,07,00,00,00
Farmer_Structural_Damage,07_00_00_00,Wp,average,60,102.94,0.42,07,00,00,00
Farmer_Structural_Damage,07_00_00_00,Wp,average,100,105.87,0.19,07,00,00,00
Farmer_Structural_Damage,07_00_00_01,D,average,20,30.2,0.81,07,00,00,01
Farmer_Structural_Damage,07_00_00_01,D,average,60,67.74,0.52,07,00,00,01
Farmer_Structural_Damage,07_00_00_01,D,average,100,82.62,0.42,07,00,00,01
Farmer_Structural_Damage,07_00_00_01,D&G,average,20,28.9,0.71,07,00,00,01
Farmer_Structural_Damage,07_00_00_01,D&G,average,60,72.33,0.48,07,00,00,01
Farmer_Structural_Damage,07_00_00_01,D&G,average,100,89.34,0.35,07,00,00,01
Farmer_Structural_Damage,07_00_00_01,D&G&Wp,average,20,33.48,0.77,07,00,00,01
Farmer_Structural_Damage,07_00_00_01,D&G&Wp,average,60,82.53,0.45,07,00,00,01
Farmer_Structural_Damage,07_00_00_01,D&G&Wp,average,100,94.85,0.26,07,00,00,01
Farmer_Structural_Damage,07_00_00_01,D&Wp,average,20,36.43,0.84,07,00,00,01
Farmer_Structural_Damage,07_00_00_01,D&Wp,average,60,85.34,0.45,07,00,00,01
Farmer_Structural_Damage,07_00_00_01,D&Wp,average,100,94.25,0.24,07,00,00,01
Farmer_Structural_Damage,07_00_00_01,G,average,20,27.59,0.63,07,00,00,01
Farmer_Structural_Damage,07_00_00_01,G,average,60,76.91,0.45,07,00,00,01
Farmer_Structural_Damage,07_00_00_01,G,average,100,96.06,0.31,07,00,00,01
Farmer_Structural_Damage,07_00_00_01,G&Wp,average,20,35.12,0.75,07,00,00,01
Farmer_Structural_Damage,07_00_00_01,G&Wp,average,60,89.93,0.43,07,00,00,01
Farmer_Structural_Damage,07_00_00_01,G&Wp,average,100,100.96,0.23,07,00,00,01
Farmer_Structural_Damage,07_00_00_01,Wp,average,20,42.66,0.86,07,00,00,01
Farmer_Structural_Damage,07_00_00_01,Wp,average,60,102.94,0.42,07,00,00,01
Farmer_Structural_Damage,07_00_00_01,Wp,average,100,105.87,0.19,07,00,00,01
Farmer_Structural_Damage,07_00_00_02,D,average,20,30.2,0.81,07,00,00,02
Farmer_Structural_Damage,07_00_00_02,D,average,60,67.74,0.52,07,00,00,02
Farmer_Structural_Damage,07_00_00_02,D,average,100,82.62,0.42,07,00,00,02
Farmer_Structural_Damage,07_00_00_02,D&G,average,20,28.9,0.71,07,00,00,02
Farmer_Structural_Damage,07_00_00_02,D&G,average,60,72.33,0.48,07,00,00,02
Farmer_Structural_Damage,07_00_00_02,D&G,average,100,89.34,0.35,07,00,00,02
Farmer_Structural_Damage,07_00_00_02,D&G&Wp,average,20,33.48,0.77,07,00,00,02
Farmer_Structural_Damage,07_00_00_02,D&G&Wp,average,60,82.53,0.45,07,00,00,02
Farmer_Structural_Damage,07_00_00_02,D&G&Wp,average,100,94.85,0.26,07,00,00,02
Farmer_Structural_Damage,07_00_00_02,D&Wp,average,20,36.43,0.84,07,00,00,02
Farmer_Structural_Damage,07_00_00_02,D&Wp,average,60,85.34,0.45,07,00,00,02
Farmer_Structural_Damage,07_00_00_02,D&Wp,average,100,94.25,0.24,07,00,00,02
Farmer_Structural_Damage,07_00_00_02,G,average,20,27.59,0.63,07,00,00,02
Farmer_Structural_Damage,07_00_00_02,G,average,60,76.91,0.45,07,00,00,02
Farmer_Structural_Damage,07_00_00_02,G,average,100,96.06,0.31,07,00,00,02
Farmer_Structural_Damage,07_00_00_02,G&Wp,average,20,35.12,0.75,07,00,00,02
Farmer_Structural_Damage,07_00_00_02,G&Wp,average,60,89.93,0.43,07,00,00,02
Farmer_Structural_Damage,07_00_00_02,G&Wp,average,100,100.96,0.23,07,00,00,02
Farmer_Structural_Damage,07_00_00_02,Wp,average,20,42.66,0.86,07,00,00,02
Farmer_Structural_Damage,07_00_00_02,Wp,average,60,102.94,0.42,07,00,00,02
Farmer_Structural_Damage,07_00_00_02,Wp,average,100,105.87,0.19,07,00,00,02
Farmer_Structural_Damage,07_00_00_04,D,average,20,30.2,0.81,07,00,00,04
Farmer_Structural_Damage,07_00_00_04,D,average,60,67.74,0.52,07,00,00,04
Farmer_Structural_Damage,07_00_00_04,D,average,100,82.62,0.42,07,00,00,04
Farmer_Structural_Damage,07_00_00_04,D&G,average,20,28.9,0.71,07,00,00,04
Farmer_Structural_Damage,07_00_00_04,D&G,average,60,72.33,0.48,07,00,00,04
Farmer_Structural_Damage,07_00_00_04,D&G,average,100,89.34,0.35,07,00,00,04
Farmer_Structural_Damage,07_00_00_04,D&G&Wp,average,20,33.48,0.77,07,00,00,04
Farmer_Structural_Damage,07_00_00_04,D&G&Wp,average,60,82.53,0.45,07,00,00,04
Farmer_Structural_Damage,07_00_00_04,D&G&Wp,average,100,94.85,0.26,07,00,00,04
Farmer_Structural_Damage,07_00_00_04,D&Wp,average,20,36.43,0.84,07,00,00,04
Farmer_Structural_Damage,07_00_00_04,D&Wp,average,60,85.34,0.45,07,00,00,04
Farmer_Structural_Damage,07_00_00_04,D&Wp,average,100,94.25,0.24,07,00,00,04
Farmer_Structural_Damage,07_00_00_04,G,average,20,27.59,0.63,07,00,00,04
Farmer_Structural_Damage,07_00_00_04,G,average,60,76.91,0.45,07,00,00,04
Farmer_Structural_Damage,07_00_00_04,G,average,100,96.06,0.31,07,00,00,04
Farmer_Structural_Damage,07_00_00_04,G&Wp,average,20,35.12,0.75,07,00,00,04
Farmer_Structural_Damage,07_00_00_04,G&Wp,average,60,89.93,0.43,07,00,00,04
Farmer_Structural_Damage,07_00_00_04,G&Wp,average,100,100.96,0.23,07,00,00,04
Farmer_Structural_Damage,07_00_00_04,Wp,average,20,42.66,0.86,07,00,00,04
Farmer_Structural_Damage,07_00_00_04,Wp,average,60,102.94,0.42,07,00,00,04
Farmer_Structural_Damage,07_00_00_04,Wp,average,100,105.87,0.19,07,00,00,04
Farmer_Structural_Damage,07_00_00_05,D,average,20,30.2,0.81,07,00,00,05
Farmer_Structural_Damage,07_00_00_05,D,average,60,67.74,0.52,07,00,00,05
Farmer_Structural_Damage,07_00_00_05,D,average,100,82.62,0.42,07,00,00,05
Farmer_Structural_Damage,07_00_00_05,D&G,average,20,28.9,0.71,07,00,00,05
Farmer_Structural_Damage,07_00_00_05,D&G,average,60,72.33,0.48,07,00,00,05
Farmer_Structural_Damage,07_00_00_05,D&G,average,100,89.34,0.35,07,00,00,05
Farmer_Structural_Damage,07_00_00_05,D&G&Wp,average,20,33.48,0.77,07,00,00,05
Farmer_Structural_Damage,07_00_00_05,D&G&Wp,average,60,82.53,0.45,07,00,00,05
Farmer_Structural_Damage,07_00_00_05,D&G&Wp,average,100,94.85,0.26,07,00,00,05
Farmer_Structural_Damage,07_00_00_05,D&Wp,average,20,36.43,0.84,07,00,00,05
Farmer_Structural_Damage,07_00_00_05,D&Wp,average,60,85.34,0.45,07,00,00,05
Farmer_Structural_Damage,07_00_00_05,D&Wp,average,100,94.25,0.24,07,00,00,05
Farmer_Structural_Damage,07_00_00_05,G,average,20,27.59,0.63,07,00,00,05
Farmer_Structural_Damage,07_00_00_05,G,average,60,76.91,0.45,07,00,00,05
Farmer_Structural_Damage,07_00_00_05,G,average,100,96.06,0.31,07,00,00,05
Farmer_Structural_Damage,07_00_00_05,G&Wp,average,20,35.12,0.75,07,00,00,05
Farmer_Structural_Damage,07_00_00_05,G&Wp,average,60,89.93,0.43,07,00,00,05
Farmer_Structural_Damage,07_00_00_05,G&Wp,average,100,100.96,0.23,07,00,00,05
Farmer_Structural_Damage,07_00_00_05,Wp,average,20,42.66,0.86,07,00,00,05
Farmer_Structural_Damage,07_00_00_05,Wp,average,60,102.94,0.42,07,00,00,05
Farmer_Structural_Damage,07_00_00_05,Wp,average,100,105.87,0.19,07,00,00,05
Farmer_Structural_Damage,07_00_00_07,D,average,20,30.2,0.81,07,00,00,07
Farmer_Structural_Damage,07_00_00_07,D,average,60,67.74,0.52,07,00,00,07
Farmer_Structural_Damage,07_00_00_07,D,average,100,82.62,0.42,07,00,00,07
Farmer_Structural_Damage,07_00_00_07,D&G,average,20,28.9,0.71,07,00,00,07
Farmer_Structural_Damage,07_00_00_07,D&G,average,60,72.33,0.48,07,00,00,07
Farmer_Structural_Damage,07_00_00_07,D&G,average,100,89.34,0.35,07,00,00,07
Farmer_Structural_Damage,07_00_00_07,D&G&Wp,average,20,33.48,0.77,07,00,00,07
Farmer_Structural_Damage,07_00_00_07,D&G&Wp,average,60,82.53,0.45,07,00,00,07
Farmer_Structural_Damage,07_00_00_07,D&G&Wp,average,100,94.85,0.26,07,00,00,07
Farmer_Structural_Damage,07_00_00_07,D&Wp,average,20,36.43,0.84,07,00,00,07
Farmer_Structural_Damage,07_00_00_07,D&Wp,average,60,85.34,0.45,07,00,00,07
Farmer_Structural_Damage,07_00_00_07,D&Wp,average,100,94.25,0.24,07,00,00,07
Farmer_Structural_Damage,07_00_00_07,G,average,20,27.59,0.63,07,00,00,07
Farmer_Structural_Damage,07_00_00_07,G,average,60,76.91,0.45,07,00,00,07
Farmer_Structural_Damage,07_00_00_07,G,average,100,96.06,0.31,07,00,00,07
Farmer_Structural_Damage,07_00_00_07,G&Wp,average,20,35.12,0.75,07,00,00,07
Farmer_Structural_Damage,07_00_00_07,G&Wp,average,60,89.93,0.43,07,00,00,07
Farmer_Structural_Damage,07_00_00_07,G&Wp,average,100,100.96,0.23,07,00,00,07
Farmer_Structural_Damage,07_00_00_07,Wp,average,20,42.66,0.86,07,00,00,07
Farmer_Structural_Damage,07_00_00_07,Wp,average,60,102.94,0.42,07,00,00,07
Farmer_Structural_Damage,07_00_00_07,Wp,average,100,105.87,0.19,07,00,00,07
Farmer_Structural_Damage,07_00_00_08,D,average,20,30.2,0.81,07,00,00,08
Farmer_Structural_Damage,07_00_00_08,D,average,60,67.74,0.52,07,00,00,08
Farmer_Structural_Damage,07_00_00_08,D,average,100,82.62,0.42,07,00,00,08
Farmer_Structural_Damage,07_00_00_08,D&G,average,20,28.9,0.71,07,00,00,08
Farmer_Structural_Damage,07_00_00_08,D&G,average,60,72.33,0.48,07,00,00,08
Farmer_Structural_Damage,07_00_00_08,D&G,average,100,89.34,0.35,07,00,00,08
Farmer_Structural_Damage,07_00_00_08,D&G&Wp,average,20,33.48,0.77,07,00,00,08
Farmer_Structural_Damage,07_00_00_08,D&G&Wp,average,60,82.53,0.45,07,00,00,08
Farmer_Structural_Damage,07_00_00_08,D&G&Wp,average,100,94.85,0.26,07,00,00,08
Farmer_Structural_Damage,07_00_00_08,D&Wp,average,20,36.43,0.84,07,00,00,08
Farmer_Structural_Damage,07_00_00_08,D&Wp,average,60,85.34,0.45,07,00,00,08
Farmer_Structural_Damage,07_00_00_08,D&Wp,average,100,94.25,0.24,07,00,00,08
Farmer_Structural_Damage,07_00_00_08,G,average,20,27.59,0.63,07,00,00,08
Farmer_Structural_Damage,07_00_00_08,G,average,60,76.91,0.45,07,00,00,08
Farmer_Structural_Damage,07_00_00_08,G,average,100,96.06,0.31,07,00,00,08
Farmer_Structural_Damage,07_00_00_08,G&Wp,average,20,35.12,0.75,07,00,00,08
Farmer_Structural_Damage,07_00_00_08,G&Wp,average,60,89.93,0.43,07,00,00,08
Farmer_Structural_Damage,07_00_00_08,G&Wp,average,100,100.96,0.23,07,00,00,08
Farmer_Structural_Damage,07_00_00_08,Wp,average,20,42.66,0.86,07,00,00,08
Farmer_Structural_Damage,07_00_00_08,Wp,average,60,102.94,0.42,07,00,00,08
Farmer_Structural_Damage,07_00_00_08,Wp,average,100,105.87,0.19,07,00,00,08
Farmer_Structural_Damage,07_00_00_09,D,average,20,30.2,0.81,07,00,00,09
Farmer_Structural_Damage,07_00_00_09,D,average,60,67.74,0.52,07,00,00,09
Farmer_Structural_Damage,07_00_00_09,D,average,100,82.62,0.42,07,00,00,09
Farmer_Structural_Damage,07_00_00_09,D&G,average,20,28.9,0.71,07,00,00,09
Farmer_Structural_Damage,07_00_00_09,D&G,average,60,72.33,0.48,07,00,00,09
Farmer_Structural_Damage,07_00_00_09,D&G,average,100,89.34,0.35,07,00,00,09
Farmer_Structural_Damage,07_00_00_09,D&G&Wp,average,20,33.48,0.77,07,00,00,09
Farmer_Structural_Damage,07_00_00_09,D&G&Wp,average,60,82.53,0.45,07,00,00,09
Farmer_Structural_Damage,07_00_00_09,D&G&Wp,average,100,94.85,0.26,07,00,00,09
Farmer_Structural_Damage,07_00_00_09,D&Wp,average,20,36.43,0.84,07,00,00,09
Farmer_Structural_Damage,07_00_00_09,D&Wp,average,60,85.34,0.45,07,00,00,09
Farmer_Structural_Damage,07_00_00_09,D&Wp,average,100,94.25,0.24,07,00,00,09
Farmer_Structural_Damage,07_00_00_09,G,average,20,27.59,0.63,07,00,00,09
Farmer_Structural_Damage,07_00_00_09,G,average,60,76.91,0.45,07,00,00,09
Farmer_Structural_Damage,07_00_00_09,G,average,100,96.06,0.31,07,00,00,09
Farmer_Structural_Damage,07_00_00_09,G&Wp,average,20,35.12,0.75,07,00,00,09
Farmer_Structural_Damage,07_00_00_09,G&Wp,average,60,89.93,0.43,07,00,00,09
Farmer_Structural_Damage,07_00_00_09,G&Wp,average,100,100.96,0.23,07,00,00,09
Farmer_Structural_Damage,07_00_00_09,Wp,average,20,42.66,0.86,07,00,00,09
Farmer_Structural_Damage,07_00_00_09,Wp,average,60,102.94,0.42,07,00,00,09
Farmer_Structural_Damage,07_00_00_09,Wp,average,100,105.87,0.19,07,00,00,09
Farmer_Structural_Damage,09_00_00_00,D,average,20,37.35,1.0,09,00,00,00
Farmer_Structural_Damage,09_00_00_00,D,average,60,130.62,0.99,09,00,00,00
Farmer_Structural_Damage,09_00_00_00,D,average,100,194.66,0.98,09,00,00,00
Farmer_Structural_Damage,09_00_00_00,D&G,average,20,40.5,1.0,09,00,00,00
Farmer_Structural_Damage,09_00_00_00,D&G,average,60,149.07,0.98,09,00,00,00
Farmer_Structural_Damage,09_00_00_00,D&G,average,100,237.87,0.94,09,00,00,00
Farmer_Structural_Damage,09_00_00_00,D&G&Wp,average,20,43.53,1.0,09,00,00,00
Farmer_Structural_Damage,09_00_00_00,D&G&Wp,average,60,179.32,0.98,09,00,00,00
Farmer_Structural_Damage,09_00_00_00,D&G&Wp,average,100,286.71,0.8,09,00,00,00
Farmer_Structural_Damage,09_00_00_00,D&Wp,average,20,43.46,1.0,09,00,00,00
Farmer_Structural_Damage,09_00_00_00,D&Wp,average,60,185.22,0.98,09,00,00,00
Farmer_Structural_Damage,09_00_00_00,D&Wp,average,100,289.53,0.75,09,00,00,00
Farmer_Structural_Damage,09_00_00_00,G,average,20,43.65,1.0,09,00,00,00
Farmer_Structural_Damage,09_00_00_00,G,average,60,167.53,0.98,09,00,00,00
Farmer_Structural_Damage,09_00_00_00,G,average,100,281.08,0.91,09,00,00,00
Farmer_Structural_Damage,09_00_00_00,G&Wp,average,20,46.62,1.0,09,00,00,00
Farmer_Structural_Damage,09_00_00_00,G&Wp,average,60,203.67,0.97,09,00,00,00
Farmer_Structural_Damage,09_00_00_00,G&Wp,average,100,332.74,0.75,09,00,00,00
Farmer_Structural_Damage,09_00_00_00,Wp,average,20,49.58,1.0,09,00,00,00
Farmer_Structural_Damage,09_00_00_00,Wp,average,60,239.82,0.97,09,00,00,00
Farmer_Structural_Damage,09_00_00_00,Wp,average,100,384.4,0.67,09,00,00,00
Farmer_Structural_Damage,09_00_00_01,D,average,20,37.35,1.0,09,00,00,01
Farmer_Structural_Damage,09_00_00_01,D,average,60,130.62,0.99,09,00,00,01
Farmer_Structural_Damage,09_00_00_01,D,average,100,194.63,0.98,09,00,00,01
Farmer_Structural_Damage,09_00_00_01,D&G,average,20,40.5,1.0,09,00,00,01
Farmer_Structural_Damage,09_00_00_01,D&G,average,60,149.05,0.98,09,00,00,01
Farmer_Structural_Damage,09_00_00_01,D&G,average,100,237.81,0.94,09,00,00,01
Farmer_Structural_Damage,09_00_00_01,D&G&Wp,average,20,43.53,1.0,09,00,00,01
Farmer_Structural_Damage,09_00_00_01,D&G&Wp,average,60,179.3,0.98,09,00,00,01
Farmer_Structural_Damage,09_00_00_01,D&G&Wp,average,100,286.65,0.8,09,00,00,01
Farmer_Structural_Damage,09_00_00_01,D&Wp,average,20,43.46,1.0,09,00,00,01
Farmer_Structural_Damage,09_00_00_01,D&Wp,average,60,185.22,0.98,09,00,00,01
Farmer_Structural_Damage,09_00_00_01,D&Wp,average,100,289.48,0.75,09,00,00,01
Farmer_Structural_Damage,09_00_00_01,G,average,20,43.65,1.0,09,00,00,01
Farmer_Structural_Damage,09_00_00_01,G,average,60,167.48,0.98,09,00,00,01
Farmer_Structural_Damage,09_00_00_01,G,average,100,281.0,0.91,09,00,00,01
Farmer_Structural_Damage,09_00_00_01,G&Wp,average,20,46.62,1.0,09,00,00,01
Farmer_Structural_Damage,09_00_00_01,G&Wp,average,60,203.64,0.97,09,00,00,01
Farmer_Structural_Damage,09_00_00_01,G&Wp,average,100,332.66,0.75,09,00,00,01
Farmer_Structural_Damage,09_00_00_01,Wp,average,20,49.58,1.0,09,00,00,01
Farmer_Structural_Damage,09_00_00_01,Wp,average,60,239.81,0.97,09,00,00,01
Farmer_Structural_Damage,09_00_00_01,Wp,average,100,384.33,0.67,09,00,00,01
Farmer_Structural_Damage,09_00_00_02,D,average,20,37.35,1.0,09,00,00,02
Farmer_Structural_Damage,09_00_00_02,D,average,60,130.62,0.99,09,00,00,02
Farmer_Structural_Damage,09_00_00_02,D,average,100,194.64,0.98,09,00,00,02
Farmer_Structural_Damage,09_00_00_02,D&G,average,20,40.5,1.0,09,00,00,02
Farmer_Structural_Damage,09_00_00_02,D&G,average,60,149.06,0.98,09,00,00,02
Farmer_Structural_Damage,09_00_00_02,D&G,average,100,237.86,0.94,09,00,00,02
Farmer_Structural_Damage,09_00_00_02,D&G&Wp,average,20,43.53,1.0,09,00,00,02
Farmer_Structural_Damage,09_00_00_02,D&G&Wp,average,60,179.31,0.98,09,00,00,02
Farmer_Structural_Damage,09_00_00_02,D&G&Wp,average,100,286.69,0.8,09,00,00,02
Farmer_Structural_Damage,09_00_00_02,D&Wp,average,20,43.46,1.0,09,00,00,02
Farmer_Structural_Damage,09_00_00_02,D&Wp,average,60,185.21,0.98,09,00,00,02
Farmer_Structural_Damage,09_00_00_02,D&Wp,average,100,289.5,0.75,09,00,00,02
Farmer_Structural_Damage,09_00_00_02,G,average,20,43.65,1.0,09,00,00,02
Farmer_Structural_Damage,09_00_00_02,G,average,60,167.5,0.98,09,00,00,02
Farmer_Structural_Damage,09_00_00_02,G,average,100,281.07,0.91,09,00,00,02
Farmer_Structural_Damage,09_00_00_02,G&Wp,average,20,46.62,1.0,09,00,00,02
Farmer_Structural_Damage,09_00_00_02,G&Wp,average,60,203.65,0.97,09,00,00,02
Farmer_Structural_Damage,09_00_00_02,G&Wp,average,100,332.72,0.75,09,00,00,02
Farmer_Structural_Damage,09_00_00_02,Wp,average,20,49.58,1.0,09,00,00,02
Farmer_Structural_Damage,09_00_00_02,Wp,average,60,239.8,0.97,09,00,00,02
Farmer_Structural_Damage,09_00_00_02,Wp,average,100,384.36,0.67,09,00,00,02
Farmer_Structural_Damage,09_00_00_04,D,average,20,37.35,1.0,09,00,00,04
Farmer_Structural_Damage,09_00_00_04,D,average,60,130.62,0.99,09,00,00,04
Farmer_Structural_Damage,09_00_00_04,D,average,100,194.64,0.98,09,00,00,04
Farmer_Structural_Damage,09_00_00_04,D&G,average,20,40.5,1.0,09,00,00,04
Farmer_Structural_Damage,09_00_00_04,D&G,average,60,149.07,0.98,09,00,00,04
Farmer_Structural_Damage,09_00_00_04,D&G,average,100,237.85,0.94,09,00,00,04
Farmer_Structural_Damage,09_00_00_04,D&G&Wp,average,20,43.53,1.0,09,00,00,04
Farmer_Structural_Damage,09_00_00_04,D&G&Wp,average,60,179.32,0.98,09,00,00,04
Farmer_Structural_Damage,09_00_00_04,D&G&Wp,average,100,286.69,0.8,09,00,00,04
Farmer_Structural_Damage,09_00_00_04,D&Wp,average,20,43.46,1.0,09,00,00,04
Farmer_Structural_Damage,09_00_00_04,D&Wp,average,60,185.22,0.98,09,00,00,04
Farmer_Structural_Damage,09_00_00_04,D&Wp,average,100,289.5,0.75,09,00,00,04
Farmer_Structural_Damage,09_00_00_04,G,average,20,43.65,1.0,09,00,00,04
Farmer_Structural_Damage,09_00_00_04,G,average,60,167.51,0.98,09,00,00,04
Farmer_Structural_Damage,09_00_00_04,G,average,100,281.07,0.91,09,00,00,04
Farmer_Structural_Damage,09_00_00_04,G&Wp,average,20,46.62,1.0,09,00,00,04
Farmer_Structural_Damage,09_00_00_04,G&Wp,average,60,203.67,0.97,09,00,00,04
Farmer_Structural_Damage,09_00_00_04,G&Wp,average,100,332.72,0.75,09,00,00,04
Farmer_Structural_Damage,09_00_00_04,Wp,average,20,49.58,1.0,09,00,00,04
Farmer_Structural_Damage,09_00_00_04,Wp,average,60,239.82,0.97,09,00,00,04
Farmer_Structural_Damage,09_00_00_04,Wp,average,100,384.37,0.67,09,00,00,04
Farmer_Structural_Damage,09_00_00_05,D,average,20,37.35,1.0,09,00,00,05
Farmer_Structural_Damage,09_00_00_05,D,average,60,130.62,0.99,09,00,00,05
Farmer_Structural_Damage,09_00_00_05,D,average,100,194.62,0.98,09,00,00,05
Farmer_Structural_Damage,09_00_00_05,D&G,average,20,40.5,1.0,09,00,00,05
Farmer_Structural_Damage,09_00_00_05,D&G,average,60,149.07,0.98,09,00,00,05
Farmer_Structural_Damage,09_00_00_05,D&G,average,100,237.86,0.94,09,00,00,05
Farmer_Structural_Damage,09_00_00_05,D&G&Wp,average,20,43.53,1.0,09,00,00,05
Farmer_Structural_Damage,09_00_00_05,D&G&Wp,average,60,179.32,0.98,09,00,00,05
Farmer_Structural_Damage,09_00_00_05,D&G&Wp,average,100,286.7,0.8,09,00,00,05
Farmer_Structural_Damage,09_00_00_05,D&Wp,average,20,43.46,1.0,09,00,00,05
Farmer_Structural_Damage,09_00_00_05,D&Wp,average,60,185.22,0.98,09,00,00,05
Farmer_Structural_Damage,09_00_00_05,D&Wp,average,100,289.51,0.75,09,00,00,05
Farmer_Structural_Damage,09_00_00_05,G,average,20,43.65,1.0,09,00,00,05
Farmer_Structural_Damage,09_00_00_05,G,average,60,167.53,0.98,09,00,00,05
Farmer_Structural_Damage,09_00_00_05,G,average,100,281.09,0.91,09,00,00,05
Farmer_Structural_Damage,09_00_00_05,G&Wp,average,20,46.62,1.0,09,00,00,05
Farmer_Structural_Damage,09_00_00_05,G&Wp,average,60,203.68,0.97,09,00,00,05
Farmer_Structural_Damage,09_00_00_05,G&Wp,average,100,332.74,0.75,09,00,00,05
Farmer_Structural_Damage,09_00_00_05,Wp,average,20,49.58,1.0,09,00,00,05
Farmer_Structural_Damage,09_00_00_05,Wp,average,60,239.82,0.97,09,00,00,05
Farmer_Structural_Damage,09_00_00_05,Wp,average,100,384.39,0.67,09,00,00,05
Farmer_Structural_Damage,09_00_00_07,D,average,20,37.35,1.0,09,00,00,07
Farmer_Structural_Damage,09_00_00_07,D,average,60,130.61,0.99,09,00,00,07
Farmer_Structural_Damage,09_00_00_07,D,average,100,194.62,0.98,09,00,00,07
Farmer_Structural_Damage,09_00_00_07,D&G,average,20,40.5,1.0,09,00,00,07
Farmer_Structural_Damage,09_00_00_07,D&G,average,60,149.05,0.98,09,00,00,07
Farmer_Structural_Damage,09_00_00_07,D&G,average,100,237.83,0.94,09,00,00,07
Farmer_Structural_Damage,09_00_00_07,D&G&Wp,average,20,43.53,1.0,09,00,00,07
Farmer_Structural_Damage,09_00_00_07,D&G&Wp,average,60,179.31,0.98,09,00,00,07
Farmer_Structural_Damage,09_00_00_07,D&G&Wp,average,100,286.67,0.8,09,00,00,07
Farmer_Structural_Damage,09_00_00_07,D&Wp,average,20,43.46,1.0,09,00,00,07
Farmer_Structural_Damage,09_00_00_07,D&Wp,average,60,185.22,0.98,09,00,00,07
Farmer_Structural_Damage,09_00_00_07,D&Wp,average,100,289.48,0.75,09,00,00,07
Farmer_Structural_Damage,09_00_00_07,G,average,20,43.65,1.0,09,00,00,07
Farmer_Structural_Damage,09_00_00_07,G,average,60,167.49,0.98,09,00,00,07
Farmer_Structural_Damage,09_00_00_07,G,average,100,281.03,0.91,09,00,00,07
Farmer_Structural_Damage,09_00_00_07,G&Wp,average,20,46.62,1.0,09,00,00,07
Farmer_Structural_Damage,09_00_00_07,G&Wp,average,60,203.66,0.97,09,00,00,07
Farmer_Structural_Damage,09_00_00_07,G&Wp,average,100,332.69,0.75,09,00,00,07
Farmer_Structural_Damage,09_00_00_07,Wp,average,20,49.58,1.0,09,00,00,07
Farmer_Structural_Damage,09_00_00_07,Wp,average,60,239.82,0.97,09,00,00,07
Farmer_Structural_Damage,09_00_00_07,Wp,average,100,384.34,0.67,09,00,00,07
Farmer_Structural_Damage,09_00_00_08,D,average,20,37.35,1.0,09,00,00,08
Farmer_Structural_Damage,09_00_00_08,D,average,60,130.62,0.99,09,00,00,08
Farmer_Structural_Damage,09_00_00_08,D,average,100,194.64,0.98,09,00,00,08
Farmer_Structural_Damage,09_00_00_08,D&G,average,20,40.5,1.0,09,00,00,08
Farmer_Structural_Damage,09_00_00_08,D&G,average,60,149.07,0.98,09,00,00,08
Farmer_Structural_Damage,09_00_00_08,D&G,average,100,237.87,0.94,09,00,00,08
Farmer_Structural_Damage,09_00_00_08,D&G&Wp,average,20,43.53,1.0,09,00,00,08
Farmer_Structural_Damage,09_00_00_08,D&G&Wp,average,60,179.31,0.98,09,00,00,08
Farmer_Structural_Damage,09_00_00_08,D&G&Wp,average,100,286.7,0.8,09,00,00,08
Farmer_Structural_Damage,09_00_00_08,D&Wp,average,20,43.46,1.0,09,00,00,08
Farmer_Structural_Damage,09_00_00_08,D&Wp,average,60,185.21,0.98,09,00,00,08
Farmer_Structural_Damage,09_00_00_08,D&Wp,average,100,289.5,0.75,09,00,00,08
Farmer_Structural_Damage,09_00_00_08,G,average,20,43.65,1.0,09,00,00,08
Farmer_Structural_Damage,09_00_00_08,G,average,60,167.52,0.98,09,00,00,08
Farmer_Structural_Damage,09_00_00_08,G,average,100,281.09,0.91,09,00,00,08
Farmer_Structural_Damage,09_00_00_08,G&Wp,average,20,46.62,1.0,09,00,00,08
Farmer_Structural_Damage,09_00_00_08,G&Wp,average,60,203.66,0.97,09,00,00,08
Farmer_Structural_Damage,09_00_00_08,G&Wp,average,100,332.73,0.75,09,00,00,08
Farmer_Structural_Damage,09_00_00_08,Wp,average,20,49.58,1.0,09,00,00,08
Farmer_Structural_Damage,09_00_00_08,Wp,average,60,239.8,0.97,09,00,00,08
Farmer_Structural_Damage,09_00_00_08,Wp,average,100,384.36,0.67,09,00,00,08
Farmer_Structural_Damage,09_00_00_09,D,average,20,37.35,1.0,09,00,00,09
Farmer_Structural_Damage,09_00_00_09,D,average,60,130.62,0.99,09,00,00,09
Farmer_Structural_Damage,09_00_00_09,D,average,100,194.63,0.98,09,00,00,09
Farmer_Structural_Damage,09_00_00_09,D&G,average,20,40.5,1.0,09,00,00,09
Farmer_Structural_Damage,09_00_00_09,D&G,average,60,149.06,0.98,09,00,00,09
Farmer_Structural_Damage,09_00_00_09,D&G,average,100,237.85,0.94,09,00,00,09
Farmer_Structural_Damage,09_00_00_09,D&G&Wp,average,20,43.53,1.0,09,00,00,09
Farmer_Structural_Damage,09_00_00_09,D&G&Wp,average,60,179.31,0.98,09,00,00,09
Farmer_Structural_Damage,09_00_00_09,D&G&Wp,average,100,286.69,0.8,09,00,00,09
Farmer_Structural_Damage,09_00_00_09,D&Wp,average,20,43.46,1.0,09,00,00,09
Farmer_Structural_Damage,09_00_00_09,D&Wp,average,60,185.21,0.98,09,00,00,09
Farmer_Structural_Damage,09_00_00_09,D&Wp,average,100,289.5,0.75,09,00,00,09
Farmer_Structural_Damage,09_00_00_09,G,average,20,43.65,1.0,09,00,00,09
Farmer_Structural_Damage,09_00_00_09,G,average,60,167.51,0.98,09,00,00,09
Farmer_Structural_Damage,09_00_00_09,G,average,100,281.07,0.91,09,00,00,09
Farmer_Structural_Damage,09_00_00_09,G&Wp,average,20,46.62,1.0,09,00,00,09
Farmer_Structural_Damage,09_00_00_09,G&Wp,average,60,203.66,0.97,09,00,00,09
Farmer_Structural_Damage,09_00_00_09,G&Wp,average,100,332.72,0.75,09,00,00,09
Farmer_Structural_Damage,09_00_00_09,Wp,average,20,49.58,1.0,09,00,00,09
Farmer_Structural_Damage,09_00_00_09,Wp,average,60,239.8,0.97,09,00,00,09
Farmer_Structural_Damage,09_00_00_09,Wp,average,100,384.37,0.67,09,00,00,09
Farmer_Structural_Damage,11_00_00_00,D,average,20,37.16,0.99,11,00,00,00
Farmer_Structural_Damage,11_00_00_00,D,average,60,129.28,0.98,11,00,00,00
Farmer_Structural_Damage,11_00_00_00,D,average,100,194.0,0.98,11,00,00,00
Farmer_Structural_Damage,11_00_00_00,D&G,average,20,40.17,0.99,11,00,00,00
Farmer_Structural_Damage,11_00_00_00,D&G,average,60,148.91,0.98,11,00,00,00
Farmer_Structural_Damage,11_00_00_00,D&G,average,100,239.0,0.94,11,00,00,00
Farmer_Structural_Damage,11_00_00_00,D&G&Wp,average,20,43.23,0.99,11,00,00,00
Farmer_Structural_Damage,11_00_00_00,D&G&Wp,average,60,179.68,0.98,11,00,00,00
Farmer_Structural_Damage,11_00_00_00,D&G&Wp,average,100,292.88,0.81,11,00,00,00
Farmer_Structural_Damage,11_00_00_00,D&Wp,average,20,43.26,1.0,11,00,00,00
Farmer_Structural_Damage,11_00_00_00,D&Wp,average,60,185.24,0.98,11,00,00,00
Farmer_Structural_Damage,11_00_00_00,D&Wp,average,100,297.32,0.77,11,00,00,00
Farmer_Structural_Damage,11_00_00_00,G,average,20,43.18,0.99,11,00,00,00
Farmer_Structural_Damage,11_00_00_00,G,average,60,168.54,0.98,11,00,00,00
Farmer_Structural_Damage,11_00_00_00,G,average,100,284.01,0.92,11,00,00,00
Farmer_Structural_Damage,11_00_00_00,G&Wp,average,20,46.27,0.99,11,00,00,00
Farmer_Structural_Damage,11_00_00_00,G&Wp,average,60,204.87,0.98,11,00,00,00
Farmer_Structural_Damage,11_00_00_00,G&Wp,average,100,342.32,0.78,11,00,00,00
Farmer_Structural_Damage,11_00_00_00,Wp,average,20,49.36,1.0,11,00,00,00
Farmer_Structural_Damage,11_00_00_00,Wp,average,60,241.2,0.97,11,00,00,00
Farmer_Structural_Damage,11_00_00_00,Wp,average,100,400.64,0.7,11,00,00,00
Farmer_Structural_Damage,11_00_00_01,D,average,20,37.16,0.99,11,00,00,01
Farmer_Structural_Damage,11_00_00_01,D,average,60,129.28,0.98,11,00,00,01
Farmer_Structural_Damage,11_00_00_01,D,average,100,194.0,0.98,11,00,00,01
Farmer_Structural_Damage,11_00_00_01,D&G,average,20,40.17,0.99,11,00,00,01
Farmer_Structural_Damage,11_00_00_01,D&G,average,60,148.91,0.98,11,00,00,01
Farmer_Structural_Damage,11_00_00_01,D&G,average,100,239.01,0.94,11,00,00,01
Farmer_Structural_Damage,11_00_00_01,D&G&Wp,average,20,43.23,0.99,11,00,00,01
Farmer_Structural_Damage,11_00_00_01,D&G&Wp,average,60,179.68,0.98,11,00,00,01
Farmer_Structural_Damage,11_00_00_01,D&G&Wp,average,100,292.88,0.81,11,00,00,01
Farmer_Structural_Damage,11_00_00_01,D&Wp,average,20,43.26,1.0,11,00,00,01
Farmer_Structural_Damage,11_00_00_01,D&Wp,average,60,185.24,0.98,11,00,00,01
Farmer_Structural_Damage,11_00_00_01,D&Wp,average,100,297.31,0.77,11,00,00,01
Farmer_Structural_Damage,11_00_00_01,G,average,20,43.18,0.99,11,00,00,01
Farmer_Structural_Damage,11_00_00_01,G,average,60,168.54,0.98,11,00,00,01
Farmer_Structural_Damage,11_00_00_01,G,average,100,284.01,0.92,11,00,00,01
Farmer_Structural_Damage,11_00_00_01,G&Wp,average,20,46.27,0.99,11,00,00,01
Farmer_Structural_Damage,11_00_00_01,G&Wp,average,60,204.88,0.98,11,00,00,01
Farmer_Structural_Damage,11_00_00_01,G&Wp,average,100,342.32,0.78,11,00,00,01
Farmer_Structural_Damage,11_00_00_01,Wp,average,20,49.36,1.0,11,00,00,01
Farmer_Structural_Damage,11_00_00_01,Wp,average,60,241.21,0.97,11,00,00,01
Farmer_Structural_Damage,11_00_00_01,Wp,average,100,400.62,0.7,11,00,00,01
Farmer_Structural_Damage,11_00_00_02,D,average,20,37.16,0.99,11,00,00,02
Farmer_Structural_Damage,11_00_00_02,D,average,60,129.28,0.98,11,00,00,02
Farmer_Structural_Damage,11_00_00_02,D,average,100,194.0,0.98,11,00,00,02
Farmer_Structural_Damage,11_00_00_02,D&G,average,20,40.17,0.99,11,00,00,02
Farmer_Structural_Damage,11_00_00_02,D&G,average,60,148.91,0.98,11,00,00,02
Farmer_Structural_Damage,11_00_00_02,D&G,average,100,239.0,0.94,11,00,00,02
Farmer_Structural_Damage,11_00_00_02,D&G&Wp,average,20,43.23,0.99,11,00,00,02
Farmer_Structural_Damage,11_00_00_02,D&G&Wp,average,60,179.68,0.98,11,00,00,02
Farmer_Structural_Damage,11_00_00_02,D&G&Wp,average,100,292.87,0.81,11,00,00,02
Farmer_Structural_Damage,11_00_00_02,D&Wp,average,20,43.26,1.0,11,00,00,02
Farmer_Structural_Damage,11_00_00_02,D&Wp,average,60,185.24,0.98,11,00,00,02
Farmer_Structural_Damage,11_00_00_02,D&Wp,average,100,297.3,0.77,11,00,00,02
Farmer_Structural_Damage,11_00_00_02,G,average,20,43.18,0.99,11,00,00,02
Farmer_Structural_Damage,11_00_00_02,G,average,60,168.54,0.98,11,00,00,02
Farmer_Structural_Damage,11_00_00_02,G,average,100,284.0,0.92,11,00,00,02
Farmer_Structural_Damage,11_00_00_02,G&Wp,average,20,46.27,0.99,11,00,00,02
Farmer_Structural_Damage,11_00_00_02,G&Wp,average,60,204.88,0.98,11,00,00,02
Farmer_Structural_Damage,11_00_00_02,G&Wp,average,100,342.3,0.78,11,00,00,02
Farmer_Structural_Damage,11_00_00_02,Wp,average,20,49.36,1.0,11,00,00,02
Farmer_Structural_Damage,11_00_00_02,Wp,average,60,241.21,0.97,11,00,00,02
Farmer_Structural_Damage,11_00_00_02,Wp,average,100,400.6,0.7,11,00,00,02
Farmer_Structural_Damage,11_00_00_04,D,average,20,37.16,0.99,11,00,00,04
Farmer_Structural_Damage,11_00_00_04,D,average,60,129.28,0.98,11,00,00,04
Farmer_Structural_Damage,11_00_00_04,D,average,100,194.0,0.98,11,00,00,04
Farmer_Structural_Damage,11_00_00_04,D&G,average,20,40.17,0.99,11,00,00,04
Farmer_Structural_Damage,11_00_00_04,D&G,average,60,148.91,0.98,11,00,00,04
Farmer_Structural_Damage,11_00_00_04,D&G,average,100,239.01,0.94,11,00,00,04
Farmer_Structural_Damage,11_00_00_04,D&G&Wp,average,20,43.23,0.99,11,00,00,04
Farmer_Structural_Damage,11_00_00_04,D&G&Wp,average,60,179.68,0.98,11,00,00,04
Farmer_Structural_Damage,11_00_00_04,D&G&Wp,average,100,292.89,0.81,11,00,00,04
Farmer_Structural_Damage,11_00_00_04,D&Wp,average,20,43.26,1.0,11,00,00,04
Farmer_Structural_Damage,11_00_00_04,D&Wp,average,60,185.25,0.98,11,00,00,04
Farmer_Structural_Damage,11_00_00_04,D&Wp,average,100,297.33,0.77,11,00,00,04
Farmer_Structural_Damage,11_00_00_04,G,average,20,43.18,0.99,11,00,00,04
Farmer_Structural_Damage,11_00_00_04,G,average,60,168.54,0.98,11,00,00,04
Farmer_Structural_Damage,11_00_00_04,G,average,100,284.02,0.92,11,00,00,04
Farmer_Structural_Damage,11_00_00_04,G&Wp,average,20,46.27,0.99,11,00,00,04
Farmer_Structural_Damage,11_00_00_04,G&Wp,average,60,204.88,0.98,11,00,00,04
Farmer_Structural_Damage,11_00_00_04,G&Wp,average,100,342.34,0.78,11,00,00,04
Farmer_Structural_Damage,11_00_00_04,Wp,average,20,49.36,1.0,11,00,00,04
Farmer_Structural_Damage,11_00_00_04,Wp,average,60,241.22,0.97,11,00,00,04
Farmer_Structural_Damage,11_00_00_04,Wp,average,100,400.66,0.7,11,00,00,04
Farmer_Structural_Damage,11_00_00_05,D,average,20,37.16,0.99,11,00,00,05
Farmer_Structural_Damage,11_00_00_05,D,average,60,129.28,0.98,11,00,00,05
Farmer_Structural_Damage,11_00_00_05,D,average,100,194.0,0.98,11,00,00,05
Farmer_Structural_Damage,11_00_00_05,D&G,average,20,40.17,0.99,11,00,00,05
Farmer_Structural_Damage,11_00_00_05,D&G,average,60,148.91,0.98,11,00,00,05
Farmer_Structural_Damage,11_00_00_05,D&G,average,100,239.01,0.94,11,00,00,05
Farmer_Structural_Damage,11_00_00_05,D&G&Wp,average,20,43.23,0.99,11,00,00,05
Farmer_Structural_Damage,11_00_00_05,D&G&Wp,average,60,179.68,0.98,11,00,00,05
Farmer_Structural_Damage,11_00_00_05,D&G&Wp,average,100,292.89,0.81,11,00,00,05
Farmer_Structural_Damage,11_00_00_05,D&Wp,average,20,43.26,1.0,11,00,00,05
Farmer_Structural_Damage,11_00_00_05,D&Wp,average,60,185.25,0.98,11,00,00,05
Farmer_Structural_Damage,11_00_00_05,D&Wp,average,100,297.33,0.77,11,00,00,05
Farmer_Structural_Damage,11_00_00_05,G,average,20,43.18,0.99,11,00,00,05
Farmer_Structural_Damage,11_00_00_05,G,average,60,168.54,0.98,11,00,00,05
Farmer_Structural_Damage,11_00_00_05,G,average,100,284.02,0.92,11,00,00,05
Farmer_Structural_Damage,11_00_00_05,G&Wp,average,20,46.27,0.99,11,00,00,05
Farmer_Structural_Damage,11_00_00_05,G&Wp,average,60,204.88,0.98,11,00,00,05
Farmer_Structural_Damage,11_00_00_05,G&Wp,average,100,342.34,0.78,11,00,00,05
Farmer_Structural_Damage,11_00_00_05,Wp,average,20,49.36,1.0,11,00,00,05
Farmer_Structural_Damage,11_00_00_05,Wp,average,60,241.22,0.97,11,00,00,05
Farmer_Structural_Damage,11_00_00_05,Wp,average,100,400.67,0.7,11,00,00,05
Farmer_Structural_Damage,11_00_00_07,D,average,20,37.16,0.99,11,00,00,07
Farmer_Structural_Damage,11_00_00_07,D,average,60,129.28,0.98,11,00,00,07
Farmer_Structural_Damage,11_00_00_07,D,average,100,194.0,0.98,11,00,00,07
Farmer_Structural_Damage,11_00_00_07,D&G,average,20,40.17,0.99,11,00,00,07
Farmer_Structural_Damage,11_00_00_07,D&G,average,60,148.91,0.98,11,00,00,07
Farmer_Structural_Damage,11_00_00_07,D&G,average,100,239.01,0.94,11,00,00,07
Farmer_Structural_Damage,11_00_00_07,D&G&Wp,average,20,43.23,0.99,11,00,00,07
Farmer_Structural_Damage,11_00_00_07,D&G&Wp,average,60,179.68,0.98,11,00,00,07
Farmer_Structural_Damage,11_00_00_07,D&G&Wp,average,100,292.88,0.81,11,00,00,07
Farmer_Structural_Damage,11_00_00_07,D&Wp,average,20,43.26,1.0,11,00,00,07
Farmer_Structural_Damage,11_00_00_07,D&Wp,average,60,185.24,0.98,11,00,00,07
Farmer_Structural_Damage,11_00_00_07,D&Wp,average,100,297.31,0.77,11,00,00,07
Farmer_Structural_Damage,11_00_00_07,G,average,20,43.18,0.99,11,00,00,07
Farmer_Structural_Damage,11_00_00_07,G,average,60,168.54,0.98,11,00,00,07
Farmer_Structural_Damage,11_00_00_07,G,average,100,284.02,0.92,11,00,00,07
Farmer_Structural_Damage,11_00_00_07,G&Wp,average,20,46.27,0.99,11,00,00,07
Farmer_Structural_Damage,11_00_00_07,G&Wp,average,60,204.88,0.98,11,00,00,07
Farmer_Structural_Damage,11_00_00_07,G&Wp,average,100,342.32,0.78,11,00,00,07
Farmer_Structural_Damage,11_00_00_07,Wp,average,20,49.36,1.0,11,00,00,07
Farmer_Structural_Damage,11_00_00_07,Wp,average,60,241.21,0.97,11,00,00,07
Farmer_Structural_Damage,11_00_00_07,Wp,average,100,400.62,0.7,11,00,00,07
Farmer_Structural_Damage,11_00_00_08,D,average,20,37.16,0.99,11,00,00,08
Farmer_Structural_Damage,11_00_00_08,D,average,60,129.28,0.98,11,00,00,08
Farmer_Structural_Damage,11_00_00_08,D,average,100,194.0,0.98,11,00,00,08
Farmer_Structural_Damage,11_00_00_08,D&G,average,20,40.17,0.99,11,00,00,08
Farmer_Structural_Damage,11_00_00_08,D&G,average,60,148.91,0.98,11,00,00,08
Farmer_Structural_Damage,11_00_00_08,D&G,average,100,239.01,0.94,11,00,00,08
Farmer_Structural_Damage,11_00_00_08,D&G&Wp,average,20,43.23,0.99,11,00,00,08
Farmer_Structural_Damage,11_00_00_08,D&G&Wp,average,60,179.68,0.98,11,00,00,08
Farmer_Structural_Damage,11_00_00_08,D&G&Wp,average,100,292.88,0.81,11,00,00,08
Farmer_Structural_Damage,11_00_00_08,D&Wp,average,20,43.26,1.0,11,00,00,08
Farmer_Structural_Damage,11_00_00_08,D&Wp,average,60,185.24,0.98,11,00,00,08
Farmer_Structural_Damage,11_00_00_08,D&Wp,average,100,297.32,0.77,11,00,00,08
Farmer_Structural_Damage,11_00_00_08,G,average,20,43.18,0.99,11,00,00,08
Farmer_Structural_Damage,11_00_00_08,G,average,60,168.54,0.98,11,00,00,08
Farmer_Structural_Damage,11_00_00_08,G,average,100,284.01,0.92,11,00,00,08
Farmer_Structural_Damage,11_00_00_08,G&Wp,average,20,46.27,0.99,11,00,00,08
Farmer_Structural_Damage,11_00_00_08,G&Wp,average,60,204.88,0.98,11,00,00,08
Farmer_Structural_Damage,11_00_00_08,G&Wp,average,100,342.33,0.78,11,00,00,08
Farmer_Structural_Damage,11_00_00_08,Wp,average,20,49.36,1.0,11,00,00,08
Farmer_Structural_Damage,11_00_00_08,Wp,average,60,241.21,0.97,11,00,00,08
Farmer_Structural_Damage,11_00_00_08,Wp,average,100,400.64,0.7,11,00,00,08
Farmer_Structural_Damage,11_00_00_09,D,average,20,37.16,0.99,11,00,00,09
Farmer_Structural_Damage,11_00_00_09,D,average,60,129.28,0.98,11,00,00,09
Farmer_Structural_Damage,11_00_00_09,D,average,100,194.0,0.98,11,00,00,09
Farmer_Structural_Damage,11_00_00_09,D&G,average,20,40.17,0.99,11,00,00,09
Farmer_Structural_Damage,11_00_00_09,D&G,average,60,148.91,0.98,11,00,00,09
Farmer_Structural_Damage,11_00_00_09,D&G,average,100,239.01,0.94,11,00,00,09
Farmer_Structural_Damage,11_00_00_09,D&G&Wp,average,20,43.23,0.99,11,00,00,09
Farmer_Structural_Damage,11_00_00_09,D&G&Wp,average,60,179.68,0.98,11,00,00,09
Farmer_Structural_Damage,11_00_00_09,D&G&Wp,average,100,292.88,0.81,11,00,00,09
Farmer_Structural_Damage,11_00_00_09,D&Wp,average,20,43.26,1.0,11,00,00,09
Farmer_Structural_Damage,11_00_00_09,D&Wp,average,60,185.25,0.98,11,00,00,09
Farmer_Structural_Damage,11_00_00_09,D&Wp,average,100,297.31,0.77,11,00,00,09
Farmer_Structural_Damage,11_00_00_09,G,average,20,43.18,0.99,11,00,00,09
Farmer_Structural_Damage,11_00_00_09,G,average,60,168.54,0.98,11,00,00,09
Farmer_Structural_Damage,11_00_00_09,G,average,100,284.01,0.92,11,00,00,09
Farmer_Structural_Damage,11_00_00_09,G&Wp,average,20,46.27,0.99,11,00,00,09
Farmer_Structural_Damage,11_00_00_09,G&Wp,average,60,204.88,0.98,11,00,00,09
Farmer_Structural_Damage,11_00_00_09,G&Wp,average,100,342.32,0.78,11,00,00,09
Farmer_Structural_Damage,11_00_00_09,Wp,average,20,49.36,1.0,11,00,00,09
Farmer_Structural_Damage,11_00_00_09,Wp,average,60,241.21,0.97,11,00,00,09
Farmer_Structural_Damage,11_00_00_09,Wp,average,100,400.62,0.7,11,00,00,09
Farmer_Structural_Damage,13_00_00_00,D,average,20,37.35,1.0,13,00,00,00
Farmer_Structural_Damage,13_00_00_00,D,average,60,124.46,0.95,13,00,00,00
Farmer_Structural_Damage,13_00_00_00,D,average,100,168.39,0.85,13,00,00,00
Farmer_Structural_Damage,13_00_00_00,D&G,average,20,40.5,1.0,13,00,00,00
Farmer_Structural_Damage,13_00_00_00,D&G,average,60,126.5,0.84,13,00,00,00
Farmer_Structural_Damage,13_00_00_00,D&G,average,100,175.72,0.69,13,00,00,00
Farmer_Structural_Damage,13_00_00_00,D&G&Wp,average,20,43.53,1.0,13,00,00,00
Farmer_Structural_Damage,13_00_00_00,D&G&Wp,average,60,139.78,0.76,13,00,00,00
Farmer_Structural_Damage,13_00_00_00,D&G&Wp,average,100,174.67,0.49,13,00,00,00
Farmer_Structural_Damage,13_00_00_00,D&Wp,average,20,43.46,1.0,13,00,00,00
Farmer_Structural_Damage,13_00_00_00,D&Wp,average,60,145.4,0.77,13,00,00,00
Farmer_Structural_Damage,13_00_00_00,D&Wp,average,100,170.47,0.44,13,00,00,00
Farmer_Structural_Damage,13_00_00_00,G,average,20,43.65,1.0,13,00,00,00
Farmer_Structural_Damage,13_00_00_00,G,average,60,128.55,0.75,13,00,00,00
Farmer_Structural_Damage,13_00_00_00,G,average,100,183.06,0.59,13,00,00,00
Farmer_Structural_Damage,13_00_00_00,G&Wp,average,20,46.62,1.0,13,00,00,00
Farmer_Structural_Damage,13_00_00_00,G&Wp,average,60,147.44,0.7,13,00,00,00
Farmer_Structural_Damage,13_00_00_00,G&Wp,average,100,177.81,0.4,13,00,00,00
Farmer_Structural_Damage,13_00_00_00,Wp,average,20,49.58,1.0,13,00,00,00
Farmer_Structural_Damage,13_00_00_00,Wp,average,60,166.34,0.67,13,00,00,00
Farmer_Structural_Damage,13_00_00_00,Wp,average,100,172.56,0.3,13,00,00,00
Farmer_Structural_Damage,13_00_00_01,D,average,20,37.35,1.0,13,00,00,01
Farmer_Structural_Damage,13_00_00_01,D,average,60,124.46,0.95,13,00,00,01
Farmer_Structural_Damage,13_00_00_01,D,average,100,168.39,0.85,13,00,00,01
Farmer_Structural_Damage,13_00_00_01,D&G,average,20,40.5,1.0,13,00,00,01
Farmer_Structural_Damage,13_00_00_01,D&G,average,60,126.5,0.84,13,00,00,01
Farmer_Structural_Damage,13_00_00_01,D&G,average,100,175.72,0.69,13,00,00,01
Farmer_Structural_Damage,13_00_00_01,D&G&Wp,average,20,43.53,1.0,13,00,00,01
Farmer_Structural_Damage,13_00_00_01,D&G&Wp,average,60,139.78,0.76,13,00,00,01
Farmer_Structural_Damage,13_00_00_01,D&G&Wp,average,100,174.67,0.49,13,00,00,01
Farmer_Structural_Damage,13_00_00_01,D&Wp,average,20,43.46,1.0,13,00,00,01
Farmer_Structural_Damage,13_00_00_01,D&Wp,average,60,145.4,0.77,13,00,00,01
Farmer_Structural_Damage,13_00_00_01,D&Wp,average,100,170.47,0.44,13,00,00,01
Farmer_Structural_Damage,13_00_00_01,G,average,20,43.65,1.0,13,00,00,01
Farmer_Structural_Damage,13_00_00_01,G,average,60,128.55,0.75,13,00,00,01
Farmer_Structural_Damage,13_00_00_01,G,average,100,183.06,0.59,13,00,00,01
Farmer_Structural_Damage,13_00_00_01,G&Wp,average,20,46.62,1.0,13,00,00,01
Farmer_Structural_Damage,13_00_00_01,G&Wp,average,60,147.44,0.7,13,00,00,01
Farmer_Structural_Damage,13_00_00_01,G&Wp,average,100,177.81,0.4,13,00,00,01
Farmer_Structural_Damage,13_00_00_01,Wp,average,20,49.58,1.0,13,00,00,01
Farmer_Structural_Damage,13_00_00_01,Wp,average,60,166.34,0.67,13,00,00,01
Farmer_Structural_Damage,13_00_00_01,Wp,average,100,172.56,0.3,13,00,00,01
Farmer_Structural_Damage,13_00_00_02,D,average,20,37.35,1.0,13,00,00,02
Farmer_Structural_Damage,13_00_00_02,D,average,60,124.46,0.95,13,00,00,02
Farmer_Structural_Damage,13_00_00_02,D,average,100,168.39,0.85,13,00,00,02
Farmer_Structural_Damage,13_00_00_02,D&G,average,20,40.5,1.0,13,00,00,02
Farmer_Structural_Damage,13_00_00_02,D&G,average,60,126.5,0.84,13,00,00,02
Farmer_Structural_Damage,13_00_00_02,D&G,average,100,175.72,0.69,13,00,00,02
Farmer_Structural_Damage,13_00_00_02,D&G&Wp,average,20,43.53,1.0,13,00,00,02
Farmer_Structural_Damage,13_00_00_02,D&G&Wp,average,60,139.78,0.76,13,00,00,02
Farmer_Structural_Damage,13_00_00_02,D&G&Wp,average,100,174.67,0.49,13,00,00,02
Farmer_Structural_Damage,13_00_00_02,D&Wp,average,20,43.46,1.0,13,00,00,02
Farmer_Structural_Damage,13_00_00_02,D&Wp,average,60,145.4,0.77,13,00,00,02
Farmer_Structural_Damage,13_00_00_02,D&Wp,average,100,170.47,0.44,13,00,00,02
Farmer_Structural_Damage,13_00_00_02,G,average,20,43.65,1.0,13,00,00,02
Farmer_Structural_Damage,13_00_00_02,G,average,60,128.55,0.75,13,00,00,02
Farmer_Structural_Damage,13_00_00_02,G,average,100,183.06,0.59,13,00,00,02
Farmer_Structural_Damage,13_00_00_02,G&Wp,average,20,46.62,1.0,13,00,00,02
Farmer_Structural_Damage,13_00_00_02,G&Wp,average,60,147.44,0.7,13,00,00,02
Farmer_Structural_Damage,13_00_00_02,G&Wp,average,100,177.81,0.4,13,00,00,02
Farmer_Structural_Damage,13_00_00_02,Wp,average,20,49.58,1.0,13,00,00,02
Farmer_Structural_Damage,13_00_00_02,Wp,average,60,166.34,0.67,13,00,00,02
Farmer_Structural_Damage,13_00_00_02,Wp,average,100,172.56,0.3,13,00,00,02
Farmer_Structural_Damage,13_00_00_04,D,average,20,37.35,1.0,13,00,00,04
Farmer_Structural_Damage,13_00_00_04,D,average,60,124.46,0.95,13,00,00,04
Farmer_Structural_Damage,13_00_00_04,D,average,100,168.39,0.85,13,00,00,04
Farmer_Structural_Damage,13_00_00_04,D&G,average,20,40.5,1.0,13,00,00,04
Farmer_Structural_Damage,13_00_00_04,D&G,average,60,126.5,0.84,13,00,00,04
Farmer_Structural_Damage,13_00_00_04,D&G,average,100,175.72,0.69,13,00,00,04
Farmer_Structural_Damage,13_00_00_04,D&G&Wp,average,20,43.53,1.0,13,00,00,04
Farmer_Structural_Damage,13_00_00_04,D&G&Wp,average,60,139.78,0.76,13,00,00,04
Farmer_Structural_Damage,13_00_00_04,D&G&Wp,average,100,174.67,0.49,13,00,00,04
Farmer_Structural_Damage,13_00_00_04,D&Wp,average,20,43.46,1.0,13,00,00,04
Farmer_Structural_Damage,13_00_00_04,D&Wp,average,60,145.4,0.77,13,00,00,04
Farmer_Structural_Damage,13_00_00_04,D&Wp,average,100,170.47,0.44,13,00,00,04
Farmer_Structural_Damage,13_00_00_04,G,average,20,43.65,1.0,13,00,00,04
Farmer_Structural_Damage,13_00_00_04,G,average,60,128.55,0.75,13,00,00,04
Farmer_Structural_Damage,13_00_00_04,G,average,100,183.06,0.59,13,00,00,04
Farmer_Structural_Damage,13_00_00_04,G&Wp,average,20,46.62,1.0,13,00,00,04
Farmer_Structural_Damage,13_00_00_04,G&Wp,average,60,147.44,0.7,13,00,00,04
Farmer_Structural_Damage,13_00_00_04,G&Wp,average,100,177.81,0.4,13,00,00,04
Farmer_Structural_Damage,13_00_00_04,Wp,average,20,49.58,1.0,13,00,00,04
Farmer_Structural_Damage,13_00_00_04,Wp,average,60,166.34,0.67,13,00,00,04
Farmer_Structural_Damage,13_00_00_04,Wp,average,100,172.56,0.3,13,00,00,04
Farmer_Structural_Damage,13_00_00_05,D,average,20,37.35,1.0,13,00,00,05
Farmer_Structural_Damage,13_00_00_05,D,average,60,124.46,0.95,13,00,00,05
Farmer_Structural_Damage,13_00_00_05,D,average,100,168.39,0.85,13,00,00,05
Farmer_Structural_Damage,13_00_00_05,D&G,average,20,40.5,1.0,13,00,00,05
Farmer_Structural_Damage,13_00_00_05,D&G,average,60,126.5,0.84,13,00,00,05
Farmer_Structural_Damage,13_00_00_05,D&G,average,100,175.72,0.69,13,00,00,05
Farmer_Structural_Damage,13_00_00_05,D&G&Wp,average,20,43.53,1.0,13,00,00,05
Farmer_Structural_Damage,13_00_00_05,D&G&Wp,average,60,139.78,0.76,13,00,00,05
Farmer_Structural_Damage,13_00_00_05,D&G&Wp,average,100,174.67,0.49,13,00,00,05
Farmer_Structural_Damage,13_00_00_05,D&Wp,average,20,43.46,1.0,13,00,00,05
Farmer_Structural_Damage,13_00_00_05,D&Wp,average,60,145.4,0.77,13,00,00,05
Farmer_Structural_Damage,13_00_00_05,D&Wp,average,100,170.47,0.44,13,00,00,05
Farmer_Structural_Damage,13_00_00_05,G,average,20,43.65,1.0,13,00,00,05
Farmer_Structural_Damage,13_00_00_05,G,average,60,128.55,0.75,13,00,00,05
Farmer_Structural_Damage,13_00_00_05,G,average,100,183.06,0.59,13,00,00,05
Farmer_Structural_Damage,13_00_00_05,G&Wp,average,20,46.62,1.0,13,00,00,05
Farmer_Structural_Damage,13_00_00_05,G&Wp,average,60,147.44,0.7,13,00,00,05
Farmer_Structural_Damage,13_00_00_05,G&Wp,average,100,177.81,0.4,13,00,00,05
Farmer_Structural_Damage,13_00_00_05,Wp,average,20,49.58,1.0,13,00,00,05
Farmer_Structural_Damage,13_00_00_05,Wp,average,60,166.34,0.67,13,00,00,05
Farmer_Structural_Damage,13_00_00_05,Wp,average,100,172.56,0.3,13,00,00,05
Farmer_Structural_Damage,13_00_00_07,D,average,20,37.35,1.0,13,00,00,07
Farmer_Structural_Damage,13_00_00_07,D,average,60,124.46,0.95,13,00,00,07
Farmer_Structural_Damage,13_00_00_07,D,average,100,168.39,0.85,13,00,00,07
Farmer_Structural_Damage,13_00_00_07,D&G,average,20,40.5,1.0,13,00,00,07
Farmer_Structural_Damage,13_00_00_07,D&G,average,60,126.5,0.84,13,00,00,07
Farmer_Structural_Damage,13_00_00_07,D&G,average,100,175.72,0.69,13,00,00,07
Farmer_Structural_Damage,13_00_00_07,D&G&Wp,average,20,43.53,1.0,13,00,00,07
Farmer_Structural_Damage,13_00_00_07,D&G&Wp,average,60,139.78,0.76,13,00,00,07
Farmer_Structural_Damage,13_00_00_07,D&G&Wp,average,100,174.67,0.49,13,00,00,07
Farmer_Structural_Damage,13_00_00_07,D&Wp,average,20,43.46,1.0,13,00,00,07
Farmer_Structural_Damage,13_00_00_07,D&Wp,average,60,145.4,0.77,13,00,00,07
Farmer_Structural_Damage,13_00_00_07,D&Wp,average,100,170.47,0.44,13,00,00,07
Farmer_Structural_Damage,13_00_00_07,G,average,20,43.65,1.0,13,00,00,07
Farmer_Structural_Damage,13_00_00_07,G,average,60,128.55,0.75,13,00,00,07
Farmer_Structural_Damage,13_00_00_07,G,average,100,183.06,0.59,13,00,00,07
Farmer_Structural_Damage,13_00_00_07,G&Wp,average,20,46.62,1.0,13,00,00,07
Farmer_Structural_Damage,13_00_00_07,G&Wp,average,60,147.44,0.7,13,00,00,07
Farmer_Structural_Damage,13_00_00_07,G&Wp,average,100,177.81,0.4,13,00,00,07
Farmer_Structural_Damage,13_00_00_07,Wp,average,20,49.58,1.0,13,00,00,07
Farmer_Structural_Damage,13_00_00_07,Wp,average,60,166.34,0.67,13,00,00,07
Farmer_Structural_Damage,13_00_00_07,Wp,average,100,172.56,0.3,13,00,00,07
Farmer_Structural_Damage,13_00_00_08,D,average,20,37.35,1.0,13,00,00,08
Farmer_Structural_Damage,13_00_00_08,D,average,60,124.46,0.95,13,00,00,08
Farmer_Structural_Damage,13_00_00_08,D,average,100,168.39,0.85,13,00,00,08
Farmer_Structural_Damage,13_00_00_08,D&G,average,20,40.5,1.0,13,00,00,08
Farmer_Structural_Damage,13_00_00_08,D&G,average,60,126.5,0.84,13,00,00,08
Farmer_Structural_Damage,13_00_00_08,D&G,average,100,175.72,0.69,13,00,00,08
Farmer_Structural_Damage,13_00_00_08,D&G&Wp,average,20,43.53,1.0,13,00,00,08
Farmer_Structural_Damage,13_00_00_08,D&G&Wp,average,60,139.78,0.76,13,00,00,08
Farmer_Structural_Damage,13_00_00_08,D&G&Wp,average,100,174.67,0.49,13,00,00,08
Farmer_Structural_Damage,13_00_00_08,D&Wp,average,20,43.46,1.0,13,00,00,08
Farmer_Structural_Damage,13_00_00_08,D&Wp,average,60,145.4,0.77,13,00,00,08
Farmer_Structural_Damage,13_00_00_08,D&Wp,average,100,170.47,0.44,13,00,00,08
Farmer_Structural_Damage,13_00_00_08,G,average,20,43.65,1.0,13,00,00,08
Farmer_Structural_Damage,13_00_00_08,G,average,60,128.55,0.75,13,00,00,08
Farmer_Structural_Damage,13_00_00_08,G,average,100,183.06,0.59,13,00,00,08
Farmer_Structural_Damage,13_00_00_08,G&Wp,average,20,46.62,1.0,13,00,00,08
Farmer_Structural_Damage,13_00_00_08,G&Wp,average,60,147.44,0.7,13,00,00,08
Farmer_Structural_Damage,13_00_00_08,G&Wp,average,100,177.81,0.4,13,00,00,08
Farmer_Structural_Damage,13_00_00_08,Wp,average,20,49.58,1.0,13,00,00,08
Farmer_Structural_Damage,13_00_00_08,Wp,average,60,166.34,0.67,13,00,00,08
Farmer_Structural_Damage,13_00_00_08,Wp,average,100,172.56,0.3,13,00,00,08
Farmer_Structural_Damage,13_00_00_09,D,average,20,37.35,1.0,13,00,00,09
Farmer_Structural_Damage,13_00_00_09,D,average,60,124.46,0.95,13,00,00,09
Farmer_Structural_Damage,13_00_00_09,D,average,100,168.39,0.85,13,00,00,09
Farmer_Structural_Damage,13_00_00_09,D&G,average,20,40.5,1.0,13,00,00,09
Farmer_Structural_Damage,13_00_00_09,D&G,average,60,126.5,0.84,13,00,00,09
Farmer_Structural_Damage,13_00_00_09,D&G,average,100,175.72,0.69,13,00,00,09
Farmer_Structural_Damage,13_00_00_09,D&G&Wp,average,20,43.53,1.0,13,00,00,09
Farmer_Structural_Damage,13_00_00_09,D&G&Wp,average,60,139.78,0.76,13,00,00,09
Farmer_Structural_Damage,13_00_00_09,D&G&Wp,average,100,174.67,0.49,13,00,00,09
Farmer_Structural_Damage,13_00_00_09,D&Wp,average,20,43.46,1.0,13,00,00,09
Farmer_Structural_Damage,13_00_00_09,D&Wp,average,60,145.4,0.77,13,00,00,09
Farmer_Structural_Damage,13_00_00_09,D&Wp,average,100,170.47,0.44,13,00,00,09
Farmer_Structural_Damage,13_00_00_09,G,average,20,43.65,1.0,13,00,00,09
Farmer_Structural_Damage,13_00_00_09,G,average,60,128.55,0.75,13,00,00,09
Farmer_Structural_Damage,13_00_00_09,G,average,100,183.06,0.59,13,00,00,09
Farmer_Structural_Damage,13_00_00_09,G&Wp,average,20,46.62,1.0,13,00,00,09
Farmer_Structural_Damage,13_00_00_09,G&Wp,average,60,147.44,0.7,13,00,00,09
Farmer_Structural_Damage,13_00_00_09,G&Wp,average,100,177.81,0.4,13,00,00,09
Farmer_Structural_Damage,13_00_00_09,Wp,average,20,49.58,1.0,13,00,00,09
Farmer_Structural_Damage,13_00_00_09,Wp,average,60,166.34,0.67,13,00,00,09
Farmer_Structural_Damage,13_00_00_09,Wp,average,100,172.56,0.3,13,00,00,09
