objective_parameter,pw_combi,scenario_of_interest,robustness_metric,year,Value,normalized_values,flood_agr,drought_agr,flood_urb,drought_shp
Delayed_Ships_[#],00_00_00_00,D,average,20,230.0,1.0,0,0,0,0
Delayed_Ships_[#],00_00_00_00,D,average,60,570.0,1.0,0,0,0,0
Delayed_Ships_[#],00_00_00_00,D,average,100,910.0,1.0,0,0,0,0
Delayed_Ships_[#],00_00_00_00,D&G,average,20,230.0,1.0,0,0,0,0
Delayed_Ships_[#],00_00_00_00,D&G,average,60,560.0,1.0,0,0,0,0
Delayed_Ships_[#],00_00_00_00,D&G,average,100,870.0,1.0,0,0,0,0
Delayed_Ships_[#],00_00_00_00,D&G&Wp,average,20,230.0,1.0,0,0,0,0
Delayed_Ships_[#],00_00_00_00,D&G&Wp,average,60,610.0,1.0,0,0,0,0
Delayed_Ships_[#],00_00_00_00,D&G&Wp,average,100,1040.0,1.0,0,0,0,0
Delayed_Ships_[#],00_00_00_00,D&Wp,average,20,230.0,1.0,0,0,0,0
Delayed_Ships_[#],00_00_00_00,D&Wp,average,60,640.0,1.0,0,0,0,0
Delayed_Ships_[#],00_00_00_00,D&Wp,average,100,1150.0,1.0,0,0,0,0
Delayed_Ships_[#],00_00_00_00,G,average,20,220.0,1.0,0,0,0,0
Delayed_Ships_[#],00_00_00_00,G,average,60,540.0,1.0,0,0,0,0
Delayed_Ships_[#],00_00_00_00,G,average,100,840.0,1.0,0,0,0,0
Delayed_Ships_[#],00_00_00_00,G&Wp,average,20,230.0,1.0,0,0,0,0
Delayed_Ships_[#],00_00_00_00,G&Wp,average,60,630.0,1.0,0,0,0,0
Delayed_Ships_[#],00_00_00_00,G&Wp,average,100,1110.0,1.0,0,0,0,0
Delayed_Ships_[#],00_00_00_00,Wp,average,20,240.0,1.0,0,0,0,0
Delayed_Ships_[#],00_00_00_00,Wp,average,60,720.0,1.0,0,0,0,0
Delayed_Ships_[#],00_00_00_00,Wp,average,100,1390.0,1.0,0,0,0,0
Delayed_Ships_[#],00_00_00_01,D,average,20,180.0,0.8,0,0,0,1
Delayed_Ships_[#],00_00_00_01,D,average,60,330.0,0.58,0,0,0,1
Delayed_Ships_[#],00_00_00_01,D,average,100,470.0,0.52,0,0,0,1
Delayed_Ships_[#],00_00_00_01,D&G,average,20,180.0,0.8,0,0,0,1
Delayed_Ships_[#],00_00_00_01,D&G,average,60,320.0,0.58,0,0,0,1
Delayed_Ships_[#],00_00_00_01,D&G,average,100,460.0,0.52,0,0,0,1
Delayed_Ships_[#],00_00_00_01,D&G&Wp,average,20,180.0,0.79,0,0,0,1
Delayed_Ships_[#],00_00_00_01,D&G&Wp,average,60,320.0,0.52,0,0,0,1
Delayed_Ships_[#],00_00_00_01,D&G&Wp,average,100,460.0,0.44,0,0,0,1
Delayed_Ships_[#],00_00_00_01,D&Wp,average,20,190.0,0.79,0,0,0,1
Delayed_Ships_[#],00_00_00_01,D&Wp,average,60,320.0,0.49,0,0,0,1
Delayed_Ships_[#],00_00_00_01,D&Wp,average,100,470.0,0.41,0,0,0,1
Delayed_Ships_[#],00_00_00_01,G,average,20,180.0,0.8,0,0,0,1
Delayed_Ships_[#],00_00_00_01,G,average,60,320.0,0.58,0,0,0,1
Delayed_Ships_[#],00_00_00_01,G,average,100,440.0,0.53,0,0,0,1
Delayed_Ships_[#],00_00_00_01,G&Wp,average,20,180.0,0.79,0,0,0,1
Delayed_Ships_[#],00_00_00_01,G&Wp,average,60,310.0,0.49,0,0,0,1
Delayed_Ships_[#],00_00_00_01,G&Wp,average,100,460.0,0.41,0,0,0,1
Delayed_Ships_[#],00_00_00_01,Wp,average,20,190.0,0.77,0,0,0,1
Delayed_Ships_[#],00_00_00_01,Wp,average,60,310.0,0.43,0,0,0,1
Delayed_Ships_[#],00_00_00_01,Wp,average,100,470.0,0.34,0,0,0,1
Delayed_Ships_[#],00_00_00_02,D,average,20,200.0,0.87,0,0,0,2
Delayed_Ships_[#],00_00_00_02,D,average,60,490.0,0.86,0,0,0,2
Delayed_Ships_[#],00_00_00_02,D,average,100,770.0,0.85,0,0,0,2
Delayed_Ships_[#],00_00_00_02,D&G,average,20,200.0,0.87,0,0,0,2
Delayed_Ships_[#],00_00_00_02,D&G,average,60,480.0,0.86,0,0,0,2
Delayed_Ships_[#],00_00_00_02,D&G,average,100,750.0,0.85,0,0,0,2
Delayed_Ships_[#],00_00_00_02,D&G&Wp,average,20,200.0,0.86,0,0,0,2
Delayed_Ships_[#],00_00_00_02,D&G&Wp,average,60,470.0,0.76,0,0,0,2
Delayed_Ships_[#],00_00_00_02,D&G&Wp,average,100,700.0,0.67,0,0,0,2
Delayed_Ships_[#],00_00_00_02,D&Wp,average,20,200.0,0.86,0,0,0,2
Delayed_Ships_[#],00_00_00_02,D&Wp,average,60,470.0,0.72,0,0,0,2
Delayed_Ships_[#],00_00_00_02,D&Wp,average,100,690.0,0.6,0,0,0,2
Delayed_Ships_[#],00_00_00_02,G,average,20,200.0,0.87,0,0,0,2
Delayed_Ships_[#],00_00_00_02,G,average,60,470.0,0.86,0,0,0,2
Delayed_Ships_[#],00_00_00_02,G,average,100,720.0,0.85,0,0,0,2
Delayed_Ships_[#],00_00_00_02,G&Wp,average,20,200.0,0.86,0,0,0,2
Delayed_Ships_[#],00_00_00_02,G&Wp,average,60,460.0,0.72,0,0,0,2
Delayed_Ships_[#],00_00_00_02,G&Wp,average,100,670.0,0.6,0,0,0,2
Delayed_Ships_[#],00_00_00_02,Wp,average,20,210.0,0.86,0,0,0,2
Delayed_Ships_[#],00_00_00_02,Wp,average,60,450.0,0.62,0,0,0,2
Delayed_Ships_[#],00_00_00_02,Wp,average,100,610.0,0.44,0,0,0,2
Delayed_Ships_[#],00_00_00_04,D,average,20,140.0,0.59,0,0,0,4
Delayed_Ships_[#],00_00_00_04,D,average,60,450.0,0.8,0,0,0,4
Delayed_Ships_[#],00_00_00_04,D,average,100,760.0,0.84,0,0,0,4
Delayed_Ships_[#],00_00_00_04,D&G,average,20,130.0,0.59,0,0,0,4
Delayed_Ships_[#],00_00_00_04,D&G,average,60,450.0,0.81,0,0,0,4
Delayed_Ships_[#],00_00_00_04,D&G,average,100,740.0,0.85,0,0,0,4
Delayed_Ships_[#],00_00_00_04,D&G&Wp,average,20,140.0,0.58,0,0,0,4
Delayed_Ships_[#],00_00_00_04,D&G&Wp,average,60,440.0,0.71,0,0,0,4
Delayed_Ships_[#],00_00_00_04,D&G&Wp,average,100,690.0,0.65,0,0,0,4
Delayed_Ships_[#],00_00_00_04,D&Wp,average,20,140.0,0.58,0,0,0,4
Delayed_Ships_[#],00_00_00_04,D&Wp,average,60,430.0,0.67,0,0,0,4
Delayed_Ships_[#],00_00_00_04,D&Wp,average,100,670.0,0.58,0,0,0,4
Delayed_Ships_[#],00_00_00_04,G,average,20,130.0,0.59,0,0,0,4
Delayed_Ships_[#],00_00_00_04,G,average,60,440.0,0.81,0,0,0,4
Delayed_Ships_[#],00_00_00_04,G,average,100,720.0,0.86,0,0,0,4
Delayed_Ships_[#],00_00_00_04,G&Wp,average,20,140.0,0.58,0,0,0,4
Delayed_Ships_[#],00_00_00_04,G&Wp,average,60,430.0,0.67,0,0,0,4
Delayed_Ships_[#],00_00_00_04,G&Wp,average,100,650.0,0.58,0,0,0,4
Delayed_Ships_[#],00_00_00_04,Wp,average,20,140.0,0.57,0,0,0,4
Delayed_Ships_[#],00_00_00_04,Wp,average,60,410.0,0.56,0,0,0,4
Delayed_Ships_[#],00_00_00_04,Wp,average,100,570.0,0.41,0,0,0,4
Delayed_Ships_[#],00_00_00_05,D,average,20,140.0,0.59,0,0,0,5
Delayed_Ships_[#],00_00_00_05,D,average,60,350.0,0.62,0,0,0,5
Delayed_Ships_[#],00_00_00_05,D,average,100,520.0,0.57,0,0,0,5
Delayed_Ships_[#],00_00_00_05,D&G,average,20,130.0,0.59,0,0,0,5
Delayed_Ships_[#],00_00_00_05,D&G,average,60,380.0,0.67,0,0,0,5
Delayed_Ships_[#],00_00_00_05,D&G,average,100,560.0,0.64,0,0,0,5
Delayed_Ships_[#],00_00_00_05,D&G&Wp,average,20,140.0,0.58,0,0,0,5
Delayed_Ships_[#],00_00_00_05,D&G&Wp,average,60,360.0,0.59,0,0,0,5
Delayed_Ships_[#],00_00_00_05,D&G&Wp,average,100,550.0,0.52,0,0,0,5
Delayed_Ships_[#],00_00_00_05,D&Wp,average,20,140.0,0.58,0,0,0,5
Delayed_Ships_[#],00_00_00_05,D&Wp,average,60,340.0,0.53,0,0,0,5
Delayed_Ships_[#],00_00_00_05,D&Wp,average,100,520.0,0.45,0,0,0,5
Delayed_Ships_[#],00_00_00_05,G,average,20,130.0,0.59,0,0,0,5
Delayed_Ships_[#],00_00_00_05,G,average,60,400.0,0.73,0,0,0,5
Delayed_Ships_[#],00_00_00_05,G,average,100,590.0,0.7,0,0,0,5
Delayed_Ships_[#],00_00_00_05,G&Wp,average,20,140.0,0.58,0,0,0,5
Delayed_Ships_[#],00_00_00_05,G&Wp,average,60,360.0,0.57,0,0,0,5
Delayed_Ships_[#],00_00_00_05,G&Wp,average,100,560.0,0.5,0,0,0,5
Delayed_Ships_[#],00_00_00_05,Wp,average,20,140.0,0.57,0,0,0,5
Delayed_Ships_[#],00_00_00_05,Wp,average,60,330.0,0.45,0,0,0,5
Delayed_Ships_[#],00_00_00_05,Wp,average,100,520.0,0.37,0,0,0,5
Delayed_Ships_[#],00_00_00_07,D,average,20,110.0,0.47,0,0,0,7
Delayed_Ships_[#],00_00_00_07,D,average,60,170.0,0.29,0,0,0,7
Delayed_Ships_[#],00_00_00_07,D,average,100,220.0,0.24,0,0,0,7
Delayed_Ships_[#],00_00_00_07,D&G,average,20,110.0,0.47,0,0,0,7
Delayed_Ships_[#],00_00_00_07,D&G,average,60,160.0,0.29,0,0,0,7
Delayed_Ships_[#],00_00_00_07,D&G,average,100,210.0,0.24,0,0,0,7
Delayed_Ships_[#],00_00_00_07,D&G&Wp,average,20,110.0,0.46,0,0,0,7
Delayed_Ships_[#],00_00_00_07,D&G&Wp,average,60,180.0,0.29,0,0,0,7
Delayed_Ships_[#],00_00_00_07,D&G&Wp,average,100,280.0,0.26,0,0,0,7
Delayed_Ships_[#],00_00_00_07,D&Wp,average,20,110.0,0.46,0,0,0,7
Delayed_Ships_[#],00_00_00_07,D&Wp,average,60,190.0,0.29,0,0,0,7
Delayed_Ships_[#],00_00_00_07,D&Wp,average,100,320.0,0.27,0,0,0,7
Delayed_Ships_[#],00_00_00_07,G,average,20,110.0,0.47,0,0,0,7
Delayed_Ships_[#],00_00_00_07,G,average,60,160.0,0.29,0,0,0,7
Delayed_Ships_[#],00_00_00_07,G,average,100,200.0,0.24,0,0,0,7
Delayed_Ships_[#],00_00_00_07,G&Wp,average,20,110.0,0.46,0,0,0,7
Delayed_Ships_[#],00_00_00_07,G&Wp,average,60,190.0,0.29,0,0,0,7
Delayed_Ships_[#],00_00_00_07,G&Wp,average,100,310.0,0.27,0,0,0,7
Delayed_Ships_[#],00_00_00_07,Wp,average,20,110.0,0.45,0,0,0,7
Delayed_Ships_[#],00_00_00_07,Wp,average,60,220.0,0.3,0,0,0,7
Delayed_Ships_[#],00_00_00_07,Wp,average,100,410.0,0.3,0,0,0,7
Delayed_Ships_[#],00_00_00_08,D,average,20,110.0,0.47,0,0,0,8
Delayed_Ships_[#],00_00_00_08,D,average,60,170.0,0.29,0,0,0,8
Delayed_Ships_[#],00_00_00_08,D,average,100,220.0,0.24,0,0,0,8
Delayed_Ships_[#],00_00_00_08,D&G,average,20,110.0,0.47,0,0,0,8
Delayed_Ships_[#],00_00_00_08,D&G,average,60,160.0,0.29,0,0,0,8
Delayed_Ships_[#],00_00_00_08,D&G,average,100,210.0,0.24,0,0,0,8
Delayed_Ships_[#],00_00_00_08,D&G&Wp,average,20,110.0,0.46,0,0,0,8
Delayed_Ships_[#],00_00_00_08,D&G&Wp,average,60,180.0,0.29,0,0,0,8
Delayed_Ships_[#],00_00_00_08,D&G&Wp,average,100,280.0,0.26,0,0,0,8
Delayed_Ships_[#],00_00_00_08,D&Wp,average,20,110.0,0.46,0,0,0,8
Delayed_Ships_[#],00_00_00_08,D&Wp,average,60,190.0,0.29,0,0,0,8
Delayed_Ships_[#],00_00_00_08,D&Wp,average,100,320.0,0.27,0,0,0,8
Delayed_Ships_[#],00_00_00_08,G,average,20,110.0,0.47,0,0,0,8
Delayed_Ships_[#],00_00_00_08,G,average,60,160.0,0.29,0,0,0,8
Delayed_Ships_[#],00_00_00_08,G,average,100,200.0,0.24,0,0,0,8
Delayed_Ships_[#],00_00_00_08,G&Wp,average,20,110.0,0.46,0,0,0,8
Delayed_Ships_[#],00_00_00_08,G&Wp,average,60,190.0,0.29,0,0,0,8
Delayed_Ships_[#],00_00_00_08,G&Wp,average,100,310.0,0.27,0,0,0,8
Delayed_Ships_[#],00_00_00_08,Wp,average,20,110.0,0.45,0,0,0,8
Delayed_Ships_[#],00_00_00_08,Wp,average,60,220.0,0.3,0,0,0,8
Delayed_Ships_[#],00_00_00_08,Wp,average,100,410.0,0.3,0,0,0,8
Delayed_Ships_[#],00_00_00_09,D,average,20,110.0,0.47,0,0,0,9
Delayed_Ships_[#],00_00_00_09,D,average,60,170.0,0.29,0,0,0,9
Delayed_Ships_[#],00_00_00_09,D,average,100,220.0,0.24,0,0,0,9
Delayed_Ships_[#],00_00_00_09,D&G,average,20,110.0,0.47,0,0,0,9
Delayed_Ships_[#],00_00_00_09,D&G,average,60,160.0,0.29,0,0,0,9
Delayed_Ships_[#],00_00_00_09,D&G,average,100,210.0,0.24,0,0,0,9
Delayed_Ships_[#],00_00_00_09,D&G&Wp,average,20,110.0,0.46,0,0,0,9
Delayed_Ships_[#],00_00_00_09,D&G&Wp,average,60,180.0,0.29,0,0,0,9
Delayed_Ships_[#],00_00_00_09,D&G&Wp,average,100,280.0,0.26,0,0,0,9
Delayed_Ships_[#],00_00_00_09,D&Wp,average,20,110.0,0.46,0,0,0,9
Delayed_Ships_[#],00_00_00_09,D&Wp,average,60,190.0,0.29,0,0,0,9
Delayed_Ships_[#],00_00_00_09,D&Wp,average,100,320.0,0.27,0,0,0,9
Delayed_Ships_[#],00_00_00_09,G,average,20,110.0,0.47,0,0,0,9
Delayed_Ships_[#],00_00_00_09,G,average,60,160.0,0.29,0,0,0,9
Delayed_Ships_[#],00_00_00_09,G,average,100,200.0,0.24,0,0,0,9
Delayed_Ships_[#],00_00_00_09,G&Wp,average,20,110.0,0.46,0,0,0,9
Delayed_Ships_[#],00_00_00_09,G&Wp,average,60,190.0,0.29,0,0,0,9
Delayed_Ships_[#],00_00_00_09,G&Wp,average,100,310.0,0.27,0,0,0,9
Delayed_Ships_[#],00_00_00_09,Wp,average,20,110.0,0.45,0,0,0,9
Delayed_Ships_[#],00_00_00_09,Wp,average,60,220.0,0.3,0,0,0,9
Delayed_Ships_[#],00_00_00_09,Wp,average,100,410.0,0.3,0,0,0,9
Delayed_Ships_[#],01_00_00_00,D,average,20,230.0,1.0,1,0,0,0
Delayed_Ships_[#],01_00_00_00,D,average,60,570.0,1.0,1,0,0,0
Delayed_Ships_[#],01_00_00_00,D,average,100,910.0,1.0,1,0,0,0
Delayed_Ships_[#],01_00_00_00,D&G,average,20,230.0,1.0,1,0,0,0
Delayed_Ships_[#],01_00_00_00,D&G,average,60,560.0,1.0,1,0,0,0
Delayed_Ships_[#],01_00_00_00,D&G,average,100,870.0,1.0,1,0,0,0
Delayed_Ships_[#],01_00_00_00,D&G&Wp,average,20,230.0,1.0,1,0,0,0
Delayed_Ships_[#],01_00_00_00,D&G&Wp,average,60,610.0,1.0,1,0,0,0
Delayed_Ships_[#],01_00_00_00,D&G&Wp,average,100,1040.0,1.0,1,0,0,0
Delayed_Ships_[#],01_00_00_00,D&Wp,average,20,230.0,1.0,1,0,0,0
Delayed_Ships_[#],01_00_00_00,D&Wp,average,60,640.0,1.0,1,0,0,0
Delayed_Ships_[#],01_00_00_00,D&Wp,average,100,1150.0,1.0,1,0,0,0
Delayed_Ships_[#],01_00_00_00,G,average,20,220.0,1.0,1,0,0,0
Delayed_Ships_[#],01_00_00_00,G,average,60,540.0,1.0,1,0,0,0
Delayed_Ships_[#],01_00_00_00,G,average,100,840.0,1.0,1,0,0,0
Delayed_Ships_[#],01_00_00_00,G&Wp,average,20,230.0,1.0,1,0,0,0
Delayed_Ships_[#],01_00_00_00,G&Wp,average,60,630.0,1.0,1,0,0,0
Delayed_Ships_[#],01_00_00_00,G&Wp,average,100,1110.0,1.0,1,0,0,0
Delayed_Ships_[#],01_00_00_00,Wp,average,20,240.0,1.0,1,0,0,0
Delayed_Ships_[#],01_00_00_00,Wp,average,60,720.0,1.0,1,0,0,0
Delayed_Ships_[#],01_00_00_00,Wp,average,100,1390.0,1.0,1,0,0,0
Delayed_Ships_[#],01_00_00_01,D,average,20,180.0,0.8,1,0,0,1
Delayed_Ships_[#],01_00_00_01,D,average,60,330.0,0.58,1,0,0,1
Delayed_Ships_[#],01_00_00_01,D,average,100,470.0,0.52,1,0,0,1
Delayed_Ships_[#],01_00_00_01,D&G,average,20,180.0,0.8,1,0,0,1
Delayed_Ships_[#],01_00_00_01,D&G,average,60,320.0,0.58,1,0,0,1
Delayed_Ships_[#],01_00_00_01,D&G,average,100,460.0,0.52,1,0,0,1
Delayed_Ships_[#],01_00_00_01,D&G&Wp,average,20,180.0,0.79,1,0,0,1
Delayed_Ships_[#],01_00_00_01,D&G&Wp,average,60,320.0,0.52,1,0,0,1
Delayed_Ships_[#],01_00_00_01,D&G&Wp,average,100,460.0,0.44,1,0,0,1
Delayed_Ships_[#],01_00_00_01,D&Wp,average,20,190.0,0.79,1,0,0,1
Delayed_Ships_[#],01_00_00_01,D&Wp,average,60,320.0,0.49,1,0,0,1
Delayed_Ships_[#],01_00_00_01,D&Wp,average,100,470.0,0.41,1,0,0,1
Delayed_Ships_[#],01_00_00_01,G,average,20,180.0,0.8,1,0,0,1
Delayed_Ships_[#],01_00_00_01,G,average,60,320.0,0.58,1,0,0,1
Delayed_Ships_[#],01_00_00_01,G,average,100,440.0,0.53,1,0,0,1
Delayed_Ships_[#],01_00_00_01,G&Wp,average,20,180.0,0.79,1,0,0,1
Delayed_Ships_[#],01_00_00_01,G&Wp,average,60,310.0,0.49,1,0,0,1
Delayed_Ships_[#],01_00_00_01,G&Wp,average,100,460.0,0.41,1,0,0,1
Delayed_Ships_[#],01_00_00_01,Wp,average,20,190.0,0.77,1,0,0,1
Delayed_Ships_[#],01_00_00_01,Wp,average,60,310.0,0.43,1,0,0,1
Delayed_Ships_[#],01_00_00_01,Wp,average,100,470.0,0.34,1,0,0,1
Delayed_Ships_[#],01_00_00_02,D,average,20,200.0,0.87,1,0,0,2
Delayed_Ships_[#],01_00_00_02,D,average,60,490.0,0.86,1,0,0,2
Delayed_Ships_[#],01_00_00_02,D,average,100,770.0,0.85,1,0,0,2
Delayed_Ships_[#],01_00_00_02,D&G,average,20,200.0,0.87,1,0,0,2
Delayed_Ships_[#],01_00_00_02,D&G,average,60,480.0,0.86,1,0,0,2
Delayed_Ships_[#],01_00_00_02,D&G,average,100,750.0,0.85,1,0,0,2
Delayed_Ships_[#],01_00_00_02,D&G&Wp,average,20,200.0,0.86,1,0,0,2
Delayed_Ships_[#],01_00_00_02,D&G&Wp,average,60,470.0,0.76,1,0,0,2
Delayed_Ships_[#],01_00_00_02,D&G&Wp,average,100,700.0,0.67,1,0,0,2
Delayed_Ships_[#],01_00_00_02,D&Wp,average,20,200.0,0.86,1,0,0,2
Delayed_Ships_[#],01_00_00_02,D&Wp,average,60,470.0,0.72,1,0,0,2
Delayed_Ships_[#],01_00_00_02,D&Wp,average,100,690.0,0.6,1,0,0,2
Delayed_Ships_[#],01_00_00_02,G,average,20,200.0,0.87,1,0,0,2
Delayed_Ships_[#],01_00_00_02,G,average,60,470.0,0.86,1,0,0,2
Delayed_Ships_[#],01_00_00_02,G,average,100,720.0,0.85,1,0,0,2
Delayed_Ships_[#],01_00_00_02,G&Wp,average,20,200.0,0.86,1,0,0,2
Delayed_Ships_[#],01_00_00_02,G&Wp,average,60,460.0,0.72,1,0,0,2
Delayed_Ships_[#],01_00_00_02,G&Wp,average,100,670.0,0.6,1,0,0,2
Delayed_Ships_[#],01_00_00_02,Wp,average,20,210.0,0.86,1,0,0,2
Delayed_Ships_[#],01_00_00_02,Wp,average,60,450.0,0.62,1,0,0,2
Delayed_Ships_[#],01_00_00_02,Wp,average,100,610.0,0.44,1,0,0,2
Delayed_Ships_[#],01_00_00_04,D,average,20,140.0,0.59,1,0,0,4
Delayed_Ships_[#],01_00_00_04,D,average,60,450.0,0.8,1,0,0,4
Delayed_Ships_[#],01_00_00_04,D,average,100,760.0,0.84,1,0,0,4
Delayed_Ships_[#],01_00_00_04,D&G,average,20,130.0,0.59,1,0,0,4
Delayed_Ships_[#],01_00_00_04,D&G,average,60,450.0,0.81,1,0,0,4
Delayed_Ships_[#],01_00_00_04,D&G,average,100,740.0,0.85,1,0,0,4
Delayed_Ships_[#],01_00_00_04,D&G&Wp,average,20,140.0,0.58,1,0,0,4
Delayed_Ships_[#],01_00_00_04,D&G&Wp,average,60,440.0,0.71,1,0,0,4
Delayed_Ships_[#],01_00_00_04,D&G&Wp,average,100,690.0,0.65,1,0,0,4
Delayed_Ships_[#],01_00_00_04,D&Wp,average,20,140.0,0.58,1,0,0,4
Delayed_Ships_[#],01_00_00_04,D&Wp,average,60,430.0,0.67,1,0,0,4
Delayed_Ships_[#],01_00_00_04,D&Wp,average,100,670.0,0.58,1,0,0,4
Delayed_Ships_[#],01_00_00_04,G,average,20,130.0,0.59,1,0,0,4
Delayed_Ships_[#],01_00_00_04,G,average,60,440.0,0.81,1,0,0,4
Delayed_Ships_[#],01_00_00_04,G,average,100,720.0,0.86,1,0,0,4
Delayed_Ships_[#],01_00_00_04,G&Wp,average,20,140.0,0.58,1,0,0,4
Delayed_Ships_[#],01_00_00_04,G&Wp,average,60,430.0,0.67,1,0,0,4
Delayed_Ships_[#],01_00_00_04,G&Wp,average,100,650.0,0.58,1,0,0,4
Delayed_Ships_[#],01_00_00_04,Wp,average,20,140.0,0.57,1,0,0,4
Delayed_Ships_[#],01_00_00_04,Wp,average,60,410.0,0.56,1,0,0,4
Delayed_Ships_[#],01_00_00_04,Wp,average,100,570.0,0.41,1,0,0,4
Delayed_Ships_[#],01_00_00_05,D,average,20,140.0,0.59,1,0,0,5
Delayed_Ships_[#],01_00_00_05,D,average,60,350.0,0.62,1,0,0,5
Delayed_Ships_[#],01_00_00_05,D,average,100,520.0,0.57,1,0,0,5
Delayed_Ships_[#],01_00_00_05,D&G,average,20,130.0,0.59,1,0,0,5
Delayed_Ships_[#],01_00_00_05,D&G,average,60,380.0,0.67,1,0,0,5
Delayed_Ships_[#],01_00_00_05,D&G,average,100,560.0,0.64,1,0,0,5
Delayed_Ships_[#],01_00_00_05,D&G&Wp,average,20,140.0,0.58,1,0,0,5
Delayed_Ships_[#],01_00_00_05,D&G&Wp,average,60,360.0,0.59,1,0,0,5
Delayed_Ships_[#],01_00_00_05,D&G&Wp,average,100,550.0,0.52,1,0,0,5
Delayed_Ships_[#],01_00_00_05,D&Wp,average,20,140.0,0.58,1,0,0,5
Delayed_Ships_[#],01_00_00_05,D&Wp,average,60,340.0,0.53,1,0,0,5
Delayed_Ships_[#],01_00_00_05,D&Wp,average,100,520.0,0.45,1,0,0,5
Delayed_Ships_[#],01_00_00_05,G,average,20,130.0,0.59,1,0,0,5
Delayed_Ships_[#],01_00_00_05,G,average,60,400.0,0.73,1,0,0,5
Delayed_Ships_[#],01_00_00_05,G,average,100,590.0,0.7,1,0,0,5
Delayed_Ships_[#],01_00_00_05,G&Wp,average,20,140.0,0.58,1,0,0,5
Delayed_Ships_[#],01_00_00_05,G&Wp,average,60,360.0,0.57,1,0,0,5
Delayed_Ships_[#],01_00_00_05,G&Wp,average,100,560.0,0.5,1,0,0,5
Delayed_Ships_[#],01_00_00_05,Wp,average,20,140.0,0.57,1,0,0,5
Delayed_Ships_[#],01_00_00_05,Wp,average,60,330.0,0.45,1,0,0,5
Delayed_Ships_[#],01_00_00_05,Wp,average,100,520.0,0.37,1,0,0,5
Delayed_Ships_[#],01_00_00_07,D,average,20,110.0,0.47,1,0,0,7
Delayed_Ships_[#],01_00_00_07,D,average,60,170.0,0.29,1,0,0,7
Delayed_Ships_[#],01_00_00_07,D,average,100,220.0,0.24,1,0,0,7
Delayed_Ships_[#],01_00_00_07,D&G,average,20,110.0,0.47,1,0,0,7
Delayed_Ships_[#],01_00_00_07,D&G,average,60,160.0,0.29,1,0,0,7
Delayed_Ships_[#],01_00_00_07,D&G,average,100,210.0,0.24,1,0,0,7
Delayed_Ships_[#],01_00_00_07,D&G&Wp,average,20,110.0,0.46,1,0,0,7
Delayed_Ships_[#],01_00_00_07,D&G&Wp,average,60,180.0,0.29,1,0,0,7
Delayed_Ships_[#],01_00_00_07,D&G&Wp,average,100,280.0,0.26,1,0,0,7
Delayed_Ships_[#],01_00_00_07,D&Wp,average,20,110.0,0.46,1,0,0,7
Delayed_Ships_[#],01_00_00_07,D&Wp,average,60,190.0,0.29,1,0,0,7
Delayed_Ships_[#],01_00_00_07,D&Wp,average,100,320.0,0.27,1,0,0,7
Delayed_Ships_[#],01_00_00_07,G,average,20,110.0,0.47,1,0,0,7
Delayed_Ships_[#],01_00_00_07,G,average,60,160.0,0.29,1,0,0,7
Delayed_Ships_[#],01_00_00_07,G,average,100,200.0,0.24,1,0,0,7
Delayed_Ships_[#],01_00_00_07,G&Wp,average,20,110.0,0.46,1,0,0,7
Delayed_Ships_[#],01_00_00_07,G&Wp,average,60,190.0,0.29,1,0,0,7
Delayed_Ships_[#],01_00_00_07,G&Wp,average,100,310.0,0.27,1,0,0,7
Delayed_Ships_[#],01_00_00_07,Wp,average,20,110.0,0.45,1,0,0,7
Delayed_Ships_[#],01_00_00_07,Wp,average,60,220.0,0.3,1,0,0,7
Delayed_Ships_[#],01_00_00_07,Wp,average,100,410.0,0.3,1,0,0,7
Delayed_Ships_[#],01_00_00_08,D,average,20,110.0,0.47,1,0,0,8
Delayed_Ships_[#],01_00_00_08,D,average,60,170.0,0.29,1,0,0,8
Delayed_Ships_[#],01_00_00_08,D,average,100,220.0,0.24,1,0,0,8
Delayed_Ships_[#],01_00_00_08,D&G,average,20,110.0,0.47,1,0,0,8
Delayed_Ships_[#],01_00_00_08,D&G,average,60,160.0,0.29,1,0,0,8
Delayed_Ships_[#],01_00_00_08,D&G,average,100,210.0,0.24,1,0,0,8
Delayed_Ships_[#],01_00_00_08,D&G&Wp,average,20,110.0,0.46,1,0,0,8
Delayed_Ships_[#],01_00_00_08,D&G&Wp,average,60,180.0,0.29,1,0,0,8
Delayed_Ships_[#],01_00_00_08,D&G&Wp,average,100,280.0,0.26,1,0,0,8
Delayed_Ships_[#],01_00_00_08,D&Wp,average,20,110.0,0.46,1,0,0,8
Delayed_Ships_[#],01_00_00_08,D&Wp,average,60,190.0,0.29,1,0,0,8
Delayed_Ships_[#],01_00_00_08,D&Wp,average,100,320.0,0.27,1,0,0,8
Delayed_Ships_[#],01_00_00_08,G,average,20,110.0,0.47,1,0,0,8
Delayed_Ships_[#],01_00_00_08,G,average,60,160.0,0.29,1,0,0,8
Delayed_Ships_[#],01_00_00_08,G,average,100,200.0,0.24,1,0,0,8
Delayed_Ships_[#],01_00_00_08,G&Wp,average,20,110.0,0.46,1,0,0,8
Delayed_Ships_[#],01_00_00_08,G&Wp,average,60,190.0,0.29,1,0,0,8
Delayed_Ships_[#],01_00_00_08,G&Wp,average,100,310.0,0.27,1,0,0,8
Delayed_Ships_[#],01_00_00_08,Wp,average,20,110.0,0.45,1,0,0,8
Delayed_Ships_[#],01_00_00_08,Wp,average,60,220.0,0.3,1,0,0,8
Delayed_Ships_[#],01_00_00_08,Wp,average,100,410.0,0.3,1,0,0,8
Delayed_Ships_[#],01_00_00_09,D,average,20,110.0,0.47,1,0,0,9
Delayed_Ships_[#],01_00_00_09,D,average,60,170.0,0.29,1,0,0,9
Delayed_Ships_[#],01_00_00_09,D,average,100,220.0,0.24,1,0,0,9
Delayed_Ships_[#],01_00_00_09,D&G,average,20,110.0,0.47,1,0,0,9
Delayed_Ships_[#],01_00_00_09,D&G,average,60,160.0,0.29,1,0,0,9
Delayed_Ships_[#],01_00_00_09,D&G,average,100,210.0,0.24,1,0,0,9
Delayed_Ships_[#],01_00_00_09,D&G&Wp,average,20,110.0,0.46,1,0,0,9
Delayed_Ships_[#],01_00_00_09,D&G&Wp,average,60,180.0,0.29,1,0,0,9
Delayed_Ships_[#],01_00_00_09,D&G&Wp,average,100,280.0,0.26,1,0,0,9
Delayed_Ships_[#],01_00_00_09,D&Wp,average,20,110.0,0.46,1,0,0,9
Delayed_Ships_[#],01_00_00_09,D&Wp,average,60,190.0,0.29,1,0,0,9
Delayed_Ships_[#],01_00_00_09,D&Wp,average,100,320.0,0.27,1,0,0,9
Delayed_Ships_[#],01_00_00_09,G,average,20,110.0,0.47,1,0,0,9
Delayed_Ships_[#],01_00_00_09,G,average,60,160.0,0.29,1,0,0,9
Delayed_Ships_[#],01_00_00_09,G,average,100,200.0,0.24,1,0,0,9
Delayed_Ships_[#],01_00_00_09,G&Wp,average,20,110.0,0.46,1,0,0,9
Delayed_Ships_[#],01_00_00_09,G&Wp,average,60,190.0,0.29,1,0,0,9
Delayed_Ships_[#],01_00_00_09,G&Wp,average,100,310.0,0.27,1,0,0,9
Delayed_Ships_[#],01_00_00_09,Wp,average,20,110.0,0.45,1,0,0,9
Delayed_Ships_[#],01_00_00_09,Wp,average,60,220.0,0.3,1,0,0,9
Delayed_Ships_[#],01_00_00_09,Wp,average,100,410.0,0.3,1,0,0,9
Delayed_Ships_[#],03_00_00_00,D,average,20,230.0,1.0,3,0,0,0
Delayed_Ships_[#],03_00_00_00,D,average,60,570.0,1.0,3,0,0,0
Delayed_Ships_[#],03_00_00_00,D,average,100,910.0,1.0,3,0,0,0
Delayed_Ships_[#],03_00_00_00,D&G,average,20,230.0,1.0,3,0,0,0
Delayed_Ships_[#],03_00_00_00,D&G,average,60,560.0,1.0,3,0,0,0
Delayed_Ships_[#],03_00_00_00,D&G,average,100,870.0,1.0,3,0,0,0
Delayed_Ships_[#],03_00_00_00,D&G&Wp,average,20,230.0,1.0,3,0,0,0
Delayed_Ships_[#],03_00_00_00,D&G&Wp,average,60,610.0,1.0,3,0,0,0
Delayed_Ships_[#],03_00_00_00,D&G&Wp,average,100,1040.0,1.0,3,0,0,0
Delayed_Ships_[#],03_00_00_00,D&Wp,average,20,230.0,1.0,3,0,0,0
Delayed_Ships_[#],03_00_00_00,D&Wp,average,60,640.0,1.0,3,0,0,0
Delayed_Ships_[#],03_00_00_00,D&Wp,average,100,1150.0,1.0,3,0,0,0
Delayed_Ships_[#],03_00_00_00,G,average,20,220.0,1.0,3,0,0,0
Delayed_Ships_[#],03_00_00_00,G,average,60,540.0,1.0,3,0,0,0
Delayed_Ships_[#],03_00_00_00,G,average,100,840.0,1.0,3,0,0,0
Delayed_Ships_[#],03_00_00_00,G&Wp,average,20,230.0,1.0,3,0,0,0
Delayed_Ships_[#],03_00_00_00,G&Wp,average,60,630.0,1.0,3,0,0,0
Delayed_Ships_[#],03_00_00_00,G&Wp,average,100,1110.0,1.0,3,0,0,0
Delayed_Ships_[#],03_00_00_00,Wp,average,20,240.0,1.0,3,0,0,0
Delayed_Ships_[#],03_00_00_00,Wp,average,60,720.0,1.0,3,0,0,0
Delayed_Ships_[#],03_00_00_00,Wp,average,100,1390.0,1.0,3,0,0,0
Delayed_Ships_[#],03_00_00_01,D,average,20,180.0,0.8,3,0,0,1
Delayed_Ships_[#],03_00_00_01,D,average,60,330.0,0.58,3,0,0,1
Delayed_Ships_[#],03_00_00_01,D,average,100,470.0,0.52,3,0,0,1
Delayed_Ships_[#],03_00_00_01,D&G,average,20,180.0,0.8,3,0,0,1
Delayed_Ships_[#],03_00_00_01,D&G,average,60,320.0,0.58,3,0,0,1
Delayed_Ships_[#],03_00_00_01,D&G,average,100,460.0,0.52,3,0,0,1
Delayed_Ships_[#],03_00_00_01,D&G&Wp,average,20,180.0,0.79,3,0,0,1
Delayed_Ships_[#],03_00_00_01,D&G&Wp,average,60,320.0,0.52,3,0,0,1
Delayed_Ships_[#],03_00_00_01,D&G&Wp,average,100,460.0,0.44,3,0,0,1
Delayed_Ships_[#],03_00_00_01,D&Wp,average,20,190.0,0.79,3,0,0,1
Delayed_Ships_[#],03_00_00_01,D&Wp,average,60,320.0,0.49,3,0,0,1
Delayed_Ships_[#],03_00_00_01,D&Wp,average,100,470.0,0.41,3,0,0,1
Delayed_Ships_[#],03_00_00_01,G,average,20,180.0,0.8,3,0,0,1
Delayed_Ships_[#],03_00_00_01,G,average,60,320.0,0.58,3,0,0,1
Delayed_Ships_[#],03_00_00_01,G,average,100,440.0,0.53,3,0,0,1
Delayed_Ships_[#],03_00_00_01,G&Wp,average,20,180.0,0.79,3,0,0,1
Delayed_Ships_[#],03_00_00_01,G&Wp,average,60,310.0,0.49,3,0,0,1
Delayed_Ships_[#],03_00_00_01,G&Wp,average,100,460.0,0.41,3,0,0,1
Delayed_Ships_[#],03_00_00_01,Wp,average,20,190.0,0.77,3,0,0,1
Delayed_Ships_[#],03_00_00_01,Wp,average,60,310.0,0.43,3,0,0,1
Delayed_Ships_[#],03_00_00_01,Wp,average,100,470.0,0.34,3,0,0,1
Delayed_Ships_[#],03_00_00_02,D,average,20,200.0,0.87,3,0,0,2
Delayed_Ships_[#],03_00_00_02,D,average,60,490.0,0.86,3,0,0,2
Delayed_Ships_[#],03_00_00_02,D,average,100,770.0,0.85,3,0,0,2
Delayed_Ships_[#],03_00_00_02,D&G,average,20,200.0,0.87,3,0,0,2
Delayed_Ships_[#],03_00_00_02,D&G,average,60,480.0,0.86,3,0,0,2
Delayed_Ships_[#],03_00_00_02,D&G,average,100,750.0,0.85,3,0,0,2
Delayed_Ships_[#],03_00_00_02,D&G&Wp,average,20,200.0,0.86,3,0,0,2
Delayed_Ships_[#],03_00_00_02,D&G&Wp,average,60,470.0,0.76,3,0,0,2
Delayed_Ships_[#],03_00_00_02,D&G&Wp,average,100,700.0,0.67,3,0,0,2
Delayed_Ships_[#],03_00_00_02,D&Wp,average,20,200.0,0.86,3,0,0,2
Delayed_Ships_[#],03_00_00_02,D&Wp,average,60,470.0,0.72,3,0,0,2
Delayed_Ships_[#],03_00_00_02,D&Wp,average,100,690.0,0.6,3,0,0,2
Delayed_Ships_[#],03_00_00_02,G,average,20,200.0,0.87,3,0,0,2
Delayed_Ships_[#],03_00_00_02,G,average,60,470.0,0.86,3,0,0,2
Delayed_Ships_[#],03_00_00_02,G,average,100,720.0,0.85,3,0,0,2
Delayed_Ships_[#],03_00_00_02,G&Wp,average,20,200.0,0.86,3,0,0,2
Delayed_Ships_[#],03_00_00_02,G&Wp,average,60,460.0,0.72,3,0,0,2
Delayed_Ships_[#],03_00_00_02,G&Wp,average,100,670.0,0.6,3,0,0,2
Delayed_Ships_[#],03_00_00_02,Wp,average,20,210.0,0.86,3,0,0,2
Delayed_Ships_[#],03_00_00_02,Wp,average,60,450.0,0.62,3,0,0,2
Delayed_Ships_[#],03_00_00_02,Wp,average,100,610.0,0.44,3,0,0,2
Delayed_Ships_[#],03_00_00_04,D,average,20,140.0,0.59,3,0,0,4
Delayed_Ships_[#],03_00_00_04,D,average,60,450.0,0.8,3,0,0,4
Delayed_Ships_[#],03_00_00_04,D,average,100,760.0,0.84,3,0,0,4
Delayed_Ships_[#],03_00_00_04,D&G,average,20,130.0,0.59,3,0,0,4
Delayed_Ships_[#],03_00_00_04,D&G,average,60,450.0,0.81,3,0,0,4
Delayed_Ships_[#],03_00_00_04,D&G,average,100,740.0,0.85,3,0,0,4
Delayed_Ships_[#],03_00_00_04,D&G&Wp,average,20,140.0,0.58,3,0,0,4
Delayed_Ships_[#],03_00_00_04,D&G&Wp,average,60,440.0,0.71,3,0,0,4
Delayed_Ships_[#],03_00_00_04,D&G&Wp,average,100,690.0,0.65,3,0,0,4
Delayed_Ships_[#],03_00_00_04,D&Wp,average,20,140.0,0.58,3,0,0,4
Delayed_Ships_[#],03_00_00_04,D&Wp,average,60,430.0,0.67,3,0,0,4
Delayed_Ships_[#],03_00_00_04,D&Wp,average,100,670.0,0.58,3,0,0,4
Delayed_Ships_[#],03_00_00_04,G,average,20,130.0,0.59,3,0,0,4
Delayed_Ships_[#],03_00_00_04,G,average,60,440.0,0.81,3,0,0,4
Delayed_Ships_[#],03_00_00_04,G,average,100,720.0,0.86,3,0,0,4
Delayed_Ships_[#],03_00_00_04,G&Wp,average,20,140.0,0.58,3,0,0,4
Delayed_Ships_[#],03_00_00_04,G&Wp,average,60,430.0,0.67,3,0,0,4
Delayed_Ships_[#],03_00_00_04,G&Wp,average,100,650.0,0.58,3,0,0,4
Delayed_Ships_[#],03_00_00_04,Wp,average,20,140.0,0.57,3,0,0,4
Delayed_Ships_[#],03_00_00_04,Wp,average,60,410.0,0.56,3,0,0,4
Delayed_Ships_[#],03_00_00_04,Wp,average,100,570.0,0.41,3,0,0,4
Delayed_Ships_[#],03_00_00_05,D,average,20,140.0,0.59,3,0,0,5
Delayed_Ships_[#],03_00_00_05,D,average,60,350.0,0.62,3,0,0,5
Delayed_Ships_[#],03_00_00_05,D,average,100,520.0,0.57,3,0,0,5
Delayed_Ships_[#],03_00_00_05,D&G,average,20,130.0,0.59,3,0,0,5
Delayed_Ships_[#],03_00_00_05,D&G,average,60,380.0,0.67,3,0,0,5
Delayed_Ships_[#],03_00_00_05,D&G,average,100,560.0,0.64,3,0,0,5
Delayed_Ships_[#],03_00_00_05,D&G&Wp,average,20,140.0,0.58,3,0,0,5
Delayed_Ships_[#],03_00_00_05,D&G&Wp,average,60,360.0,0.59,3,0,0,5
Delayed_Ships_[#],03_00_00_05,D&G&Wp,average,100,550.0,0.52,3,0,0,5
Delayed_Ships_[#],03_00_00_05,D&Wp,average,20,140.0,0.58,3,0,0,5
Delayed_Ships_[#],03_00_00_05,D&Wp,average,60,340.0,0.53,3,0,0,5
Delayed_Ships_[#],03_00_00_05,D&Wp,average,100,520.0,0.45,3,0,0,5
Delayed_Ships_[#],03_00_00_05,G,average,20,130.0,0.59,3,0,0,5
Delayed_Ships_[#],03_00_00_05,G,average,60,400.0,0.73,3,0,0,5
Delayed_Ships_[#],03_00_00_05,G,average,100,590.0,0.7,3,0,0,5
Delayed_Ships_[#],03_00_00_05,G&Wp,average,20,140.0,0.58,3,0,0,5
Delayed_Ships_[#],03_00_00_05,G&Wp,average,60,360.0,0.57,3,0,0,5
Delayed_Ships_[#],03_00_00_05,G&Wp,average,100,560.0,0.5,3,0,0,5
Delayed_Ships_[#],03_00_00_05,Wp,average,20,140.0,0.57,3,0,0,5
Delayed_Ships_[#],03_00_00_05,Wp,average,60,330.0,0.45,3,0,0,5
Delayed_Ships_[#],03_00_00_05,Wp,average,100,520.0,0.37,3,0,0,5
Delayed_Ships_[#],03_00_00_07,D,average,20,110.0,0.47,3,0,0,7
Delayed_Ships_[#],03_00_00_07,D,average,60,170.0,0.29,3,0,0,7
Delayed_Ships_[#],03_00_00_07,D,average,100,220.0,0.24,3,0,0,7
Delayed_Ships_[#],03_00_00_07,D&G,average,20,110.0,0.47,3,0,0,7
Delayed_Ships_[#],03_00_00_07,D&G,average,60,160.0,0.29,3,0,0,7
Delayed_Ships_[#],03_00_00_07,D&G,average,100,210.0,0.24,3,0,0,7
Delayed_Ships_[#],03_00_00_07,D&G&Wp,average,20,110.0,0.46,3,0,0,7
Delayed_Ships_[#],03_00_00_07,D&G&Wp,average,60,180.0,0.29,3,0,0,7
Delayed_Ships_[#],03_00_00_07,D&G&Wp,average,100,280.0,0.26,3,0,0,7
Delayed_Ships_[#],03_00_00_07,D&Wp,average,20,110.0,0.46,3,0,0,7
Delayed_Ships_[#],03_00_00_07,D&Wp,average,60,190.0,0.29,3,0,0,7
Delayed_Ships_[#],03_00_00_07,D&Wp,average,100,320.0,0.27,3,0,0,7
Delayed_Ships_[#],03_00_00_07,G,average,20,110.0,0.47,3,0,0,7
Delayed_Ships_[#],03_00_00_07,G,average,60,160.0,0.29,3,0,0,7
Delayed_Ships_[#],03_00_00_07,G,average,100,200.0,0.24,3,0,0,7
Delayed_Ships_[#],03_00_00_07,G&Wp,average,20,110.0,0.46,3,0,0,7
Delayed_Ships_[#],03_00_00_07,G&Wp,average,60,190.0,0.29,3,0,0,7
Delayed_Ships_[#],03_00_00_07,G&Wp,average,100,310.0,0.27,3,0,0,7
Delayed_Ships_[#],03_00_00_07,Wp,average,20,110.0,0.45,3,0,0,7
Delayed_Ships_[#],03_00_00_07,Wp,average,60,220.0,0.3,3,0,0,7
Delayed_Ships_[#],03_00_00_07,Wp,average,100,410.0,0.3,3,0,0,7
Delayed_Ships_[#],03_00_00_08,D,average,20,110.0,0.47,3,0,0,8
Delayed_Ships_[#],03_00_00_08,D,average,60,170.0,0.29,3,0,0,8
Delayed_Ships_[#],03_00_00_08,D,average,100,220.0,0.24,3,0,0,8
Delayed_Ships_[#],03_00_00_08,D&G,average,20,110.0,0.47,3,0,0,8
Delayed_Ships_[#],03_00_00_08,D&G,average,60,160.0,0.29,3,0,0,8
Delayed_Ships_[#],03_00_00_08,D&G,average,100,210.0,0.24,3,0,0,8
Delayed_Ships_[#],03_00_00_08,D&G&Wp,average,20,110.0,0.46,3,0,0,8
Delayed_Ships_[#],03_00_00_08,D&G&Wp,average,60,180.0,0.29,3,0,0,8
Delayed_Ships_[#],03_00_00_08,D&G&Wp,average,100,280.0,0.26,3,0,0,8
Delayed_Ships_[#],03_00_00_08,D&Wp,average,20,110.0,0.46,3,0,0,8
Delayed_Ships_[#],03_00_00_08,D&Wp,average,60,190.0,0.29,3,0,0,8
Delayed_Ships_[#],03_00_00_08,D&Wp,average,100,320.0,0.27,3,0,0,8
Delayed_Ships_[#],03_00_00_08,G,average,20,110.0,0.47,3,0,0,8
Delayed_Ships_[#],03_00_00_08,G,average,60,160.0,0.29,3,0,0,8
Delayed_Ships_[#],03_00_00_08,G,average,100,200.0,0.24,3,0,0,8
Delayed_Ships_[#],03_00_00_08,G&Wp,average,20,110.0,0.46,3,0,0,8
Delayed_Ships_[#],03_00_00_08,G&Wp,average,60,190.0,0.29,3,0,0,8
Delayed_Ships_[#],03_00_00_08,G&Wp,average,100,310.0,0.27,3,0,0,8
Delayed_Ships_[#],03_00_00_08,Wp,average,20,110.0,0.45,3,0,0,8
Delayed_Ships_[#],03_00_00_08,Wp,average,60,220.0,0.3,3,0,0,8
Delayed_Ships_[#],03_00_00_08,Wp,average,100,410.0,0.3,3,0,0,8
Delayed_Ships_[#],03_00_00_09,D,average,20,110.0,0.47,3,0,0,9
Delayed_Ships_[#],03_00_00_09,D,average,60,170.0,0.29,3,0,0,9
Delayed_Ships_[#],03_00_00_09,D,average,100,220.0,0.24,3,0,0,9
Delayed_Ships_[#],03_00_00_09,D&G,average,20,110.0,0.47,3,0,0,9
Delayed_Ships_[#],03_00_00_09,D&G,average,60,160.0,0.29,3,0,0,9
Delayed_Ships_[#],03_00_00_09,D&G,average,100,210.0,0.24,3,0,0,9
Delayed_Ships_[#],03_00_00_09,D&G&Wp,average,20,110.0,0.46,3,0,0,9
Delayed_Ships_[#],03_00_00_09,D&G&Wp,average,60,180.0,0.29,3,0,0,9
Delayed_Ships_[#],03_00_00_09,D&G&Wp,average,100,280.0,0.26,3,0,0,9
Delayed_Ships_[#],03_00_00_09,D&Wp,average,20,110.0,0.46,3,0,0,9
Delayed_Ships_[#],03_00_00_09,D&Wp,average,60,190.0,0.29,3,0,0,9
Delayed_Ships_[#],03_00_00_09,D&Wp,average,100,320.0,0.27,3,0,0,9
Delayed_Ships_[#],03_00_00_09,G,average,20,110.0,0.47,3,0,0,9
Delayed_Ships_[#],03_00_00_09,G,average,60,160.0,0.29,3,0,0,9
Delayed_Ships_[#],03_00_00_09,G,average,100,200.0,0.24,3,0,0,9
Delayed_Ships_[#],03_00_00_09,G&Wp,average,20,110.0,0.46,3,0,0,9
Delayed_Ships_[#],03_00_00_09,G&Wp,average,60,190.0,0.29,3,0,0,9
Delayed_Ships_[#],03_00_00_09,G&Wp,average,100,310.0,0.27,3,0,0,9
Delayed_Ships_[#],03_00_00_09,Wp,average,20,110.0,0.45,3,0,0,9
Delayed_Ships_[#],03_00_00_09,Wp,average,60,220.0,0.3,3,0,0,9
Delayed_Ships_[#],03_00_00_09,Wp,average,100,410.0,0.3,3,0,0,9
Delayed_Ships_[#],05_00_00_00,D,average,20,230.0,1.0,5,0,0,0
Delayed_Ships_[#],05_00_00_00,D,average,60,570.0,1.0,5,0,0,0
Delayed_Ships_[#],05_00_00_00,D,average,100,910.0,1.0,5,0,0,0
Delayed_Ships_[#],05_00_00_00,D&G,average,20,230.0,1.0,5,0,0,0
Delayed_Ships_[#],05_00_00_00,D&G,average,60,560.0,1.0,5,0,0,0
Delayed_Ships_[#],05_00_00_00,D&G,average,100,870.0,1.0,5,0,0,0
Delayed_Ships_[#],05_00_00_00,D&G&Wp,average,20,230.0,1.0,5,0,0,0
Delayed_Ships_[#],05_00_00_00,D&G&Wp,average,60,610.0,1.0,5,0,0,0
Delayed_Ships_[#],05_00_00_00,D&G&Wp,average,100,1040.0,1.0,5,0,0,0
Delayed_Ships_[#],05_00_00_00,D&Wp,average,20,230.0,1.0,5,0,0,0
Delayed_Ships_[#],05_00_00_00,D&Wp,average,60,640.0,1.0,5,0,0,0
Delayed_Ships_[#],05_00_00_00,D&Wp,average,100,1150.0,1.0,5,0,0,0
Delayed_Ships_[#],05_00_00_00,G,average,20,220.0,1.0,5,0,0,0
Delayed_Ships_[#],05_00_00_00,G,average,60,540.0,1.0,5,0,0,0
Delayed_Ships_[#],05_00_00_00,G,average,100,840.0,1.0,5,0,0,0
Delayed_Ships_[#],05_00_00_00,G&Wp,average,20,230.0,1.0,5,0,0,0
Delayed_Ships_[#],05_00_00_00,G&Wp,average,60,630.0,1.0,5,0,0,0
Delayed_Ships_[#],05_00_00_00,G&Wp,average,100,1110.0,1.0,5,0,0,0
Delayed_Ships_[#],05_00_00_00,Wp,average,20,240.0,1.0,5,0,0,0
Delayed_Ships_[#],05_00_00_00,Wp,average,60,720.0,1.0,5,0,0,0
Delayed_Ships_[#],05_00_00_00,Wp,average,100,1390.0,1.0,5,0,0,0
Delayed_Ships_[#],05_00_00_01,D,average,20,180.0,0.8,5,0,0,1
Delayed_Ships_[#],05_00_00_01,D,average,60,330.0,0.58,5,0,0,1
Delayed_Ships_[#],05_00_00_01,D,average,100,470.0,0.52,5,0,0,1
Delayed_Ships_[#],05_00_00_01,D&G,average,20,180.0,0.8,5,0,0,1
Delayed_Ships_[#],05_00_00_01,D&G,average,60,320.0,0.58,5,0,0,1
Delayed_Ships_[#],05_00_00_01,D&G,average,100,460.0,0.52,5,0,0,1
Delayed_Ships_[#],05_00_00_01,D&G&Wp,average,20,180.0,0.79,5,0,0,1
Delayed_Ships_[#],05_00_00_01,D&G&Wp,average,60,320.0,0.52,5,0,0,1
Delayed_Ships_[#],05_00_00_01,D&G&Wp,average,100,460.0,0.44,5,0,0,1
Delayed_Ships_[#],05_00_00_01,D&Wp,average,20,190.0,0.79,5,0,0,1
Delayed_Ships_[#],05_00_00_01,D&Wp,average,60,320.0,0.49,5,0,0,1
Delayed_Ships_[#],05_00_00_01,D&Wp,average,100,470.0,0.41,5,0,0,1
Delayed_Ships_[#],05_00_00_01,G,average,20,180.0,0.8,5,0,0,1
Delayed_Ships_[#],05_00_00_01,G,average,60,320.0,0.58,5,0,0,1
Delayed_Ships_[#],05_00_00_01,G,average,100,440.0,0.53,5,0,0,1
Delayed_Ships_[#],05_00_00_01,G&Wp,average,20,180.0,0.79,5,0,0,1
Delayed_Ships_[#],05_00_00_01,G&Wp,average,60,310.0,0.49,5,0,0,1
Delayed_Ships_[#],05_00_00_01,G&Wp,average,100,460.0,0.41,5,0,0,1
Delayed_Ships_[#],05_00_00_01,Wp,average,20,190.0,0.77,5,0,0,1
Delayed_Ships_[#],05_00_00_01,Wp,average,60,310.0,0.43,5,0,0,1
Delayed_Ships_[#],05_00_00_01,Wp,average,100,470.0,0.34,5,0,0,1
Delayed_Ships_[#],05_00_00_02,D,average,20,200.0,0.87,5,0,0,2
Delayed_Ships_[#],05_00_00_02,D,average,60,490.0,0.86,5,0,0,2
Delayed_Ships_[#],05_00_00_02,D,average,100,770.0,0.85,5,0,0,2
Delayed_Ships_[#],05_00_00_02,D&G,average,20,200.0,0.87,5,0,0,2
Delayed_Ships_[#],05_00_00_02,D&G,average,60,480.0,0.86,5,0,0,2
Delayed_Ships_[#],05_00_00_02,D&G,average,100,750.0,0.85,5,0,0,2
Delayed_Ships_[#],05_00_00_02,D&G&Wp,average,20,200.0,0.86,5,0,0,2
Delayed_Ships_[#],05_00_00_02,D&G&Wp,average,60,470.0,0.76,5,0,0,2
Delayed_Ships_[#],05_00_00_02,D&G&Wp,average,100,700.0,0.67,5,0,0,2
Delayed_Ships_[#],05_00_00_02,D&Wp,average,20,200.0,0.86,5,0,0,2
Delayed_Ships_[#],05_00_00_02,D&Wp,average,60,470.0,0.72,5,0,0,2
Delayed_Ships_[#],05_00_00_02,D&Wp,average,100,690.0,0.6,5,0,0,2
Delayed_Ships_[#],05_00_00_02,G,average,20,200.0,0.87,5,0,0,2
Delayed_Ships_[#],05_00_00_02,G,average,60,470.0,0.86,5,0,0,2
Delayed_Ships_[#],05_00_00_02,G,average,100,720.0,0.85,5,0,0,2
Delayed_Ships_[#],05_00_00_02,G&Wp,average,20,200.0,0.86,5,0,0,2
Delayed_Ships_[#],05_00_00_02,G&Wp,average,60,460.0,0.72,5,0,0,2
Delayed_Ships_[#],05_00_00_02,G&Wp,average,100,670.0,0.6,5,0,0,2
Delayed_Ships_[#],05_00_00_02,Wp,average,20,210.0,0.86,5,0,0,2
Delayed_Ships_[#],05_00_00_02,Wp,average,60,450.0,0.62,5,0,0,2
Delayed_Ships_[#],05_00_00_02,Wp,average,100,610.0,0.44,5,0,0,2
Delayed_Ships_[#],05_00_00_04,D,average,20,140.0,0.59,5,0,0,4
Delayed_Ships_[#],05_00_00_04,D,average,60,450.0,0.8,5,0,0,4
Delayed_Ships_[#],05_00_00_04,D,average,100,760.0,0.84,5,0,0,4
Delayed_Ships_[#],05_00_00_04,D&G,average,20,130.0,0.59,5,0,0,4
Delayed_Ships_[#],05_00_00_04,D&G,average,60,450.0,0.81,5,0,0,4
Delayed_Ships_[#],05_00_00_04,D&G,average,100,740.0,0.85,5,0,0,4
Delayed_Ships_[#],05_00_00_04,D&G&Wp,average,20,140.0,0.58,5,0,0,4
Delayed_Ships_[#],05_00_00_04,D&G&Wp,average,60,440.0,0.71,5,0,0,4
Delayed_Ships_[#],05_00_00_04,D&G&Wp,average,100,690.0,0.65,5,0,0,4
Delayed_Ships_[#],05_00_00_04,D&Wp,average,20,140.0,0.58,5,0,0,4
Delayed_Ships_[#],05_00_00_04,D&Wp,average,60,430.0,0.67,5,0,0,4
Delayed_Ships_[#],05_00_00_04,D&Wp,average,100,670.0,0.58,5,0,0,4
Delayed_Ships_[#],05_00_00_04,G,average,20,130.0,0.59,5,0,0,4
Delayed_Ships_[#],05_00_00_04,G,average,60,440.0,0.81,5,0,0,4
Delayed_Ships_[#],05_00_00_04,G,average,100,720.0,0.86,5,0,0,4
Delayed_Ships_[#],05_00_00_04,G&Wp,average,20,140.0,0.58,5,0,0,4
Delayed_Ships_[#],05_00_00_04,G&Wp,average,60,430.0,0.67,5,0,0,4
Delayed_Ships_[#],05_00_00_04,G&Wp,average,100,650.0,0.58,5,0,0,4
Delayed_Ships_[#],05_00_00_04,Wp,average,20,140.0,0.57,5,0,0,4
Delayed_Ships_[#],05_00_00_04,Wp,average,60,410.0,0.56,5,0,0,4
Delayed_Ships_[#],05_00_00_04,Wp,average,100,570.0,0.41,5,0,0,4
Delayed_Ships_[#],05_00_00_05,D,average,20,140.0,0.59,5,0,0,5
Delayed_Ships_[#],05_00_00_05,D,average,60,350.0,0.62,5,0,0,5
Delayed_Ships_[#],05_00_00_05,D,average,100,520.0,0.57,5,0,0,5
Delayed_Ships_[#],05_00_00_05,D&G,average,20,130.0,0.59,5,0,0,5
Delayed_Ships_[#],05_00_00_05,D&G,average,60,380.0,0.67,5,0,0,5
Delayed_Ships_[#],05_00_00_05,D&G,average,100,560.0,0.64,5,0,0,5
Delayed_Ships_[#],05_00_00_05,D&G&Wp,average,20,140.0,0.58,5,0,0,5
Delayed_Ships_[#],05_00_00_05,D&G&Wp,average,60,360.0,0.59,5,0,0,5
Delayed_Ships_[#],05_00_00_05,D&G&Wp,average,100,550.0,0.52,5,0,0,5
Delayed_Ships_[#],05_00_00_05,D&Wp,average,20,140.0,0.58,5,0,0,5
Delayed_Ships_[#],05_00_00_05,D&Wp,average,60,340.0,0.53,5,0,0,5
Delayed_Ships_[#],05_00_00_05,D&Wp,average,100,520.0,0.45,5,0,0,5
Delayed_Ships_[#],05_00_00_05,G,average,20,130.0,0.59,5,0,0,5
Delayed_Ships_[#],05_00_00_05,G,average,60,400.0,0.73,5,0,0,5
Delayed_Ships_[#],05_00_00_05,G,average,100,590.0,0.7,5,0,0,5
Delayed_Ships_[#],05_00_00_05,G&Wp,average,20,140.0,0.58,5,0,0,5
Delayed_Ships_[#],05_00_00_05,G&Wp,average,60,360.0,0.57,5,0,0,5
Delayed_Ships_[#],05_00_00_05,G&Wp,average,100,560.0,0.5,5,0,0,5
Delayed_Ships_[#],05_00_00_05,Wp,average,20,140.0,0.57,5,0,0,5
Delayed_Ships_[#],05_00_00_05,Wp,average,60,330.0,0.45,5,0,0,5
Delayed_Ships_[#],05_00_00_05,Wp,average,100,520.0,0.37,5,0,0,5
Delayed_Ships_[#],05_00_00_07,D,average,20,110.0,0.47,5,0,0,7
Delayed_Ships_[#],05_00_00_07,D,average,60,170.0,0.29,5,0,0,7
Delayed_Ships_[#],05_00_00_07,D,average,100,220.0,0.24,5,0,0,7
Delayed_Ships_[#],05_00_00_07,D&G,average,20,110.0,0.47,5,0,0,7
Delayed_Ships_[#],05_00_00_07,D&G,average,60,160.0,0.29,5,0,0,7
Delayed_Ships_[#],05_00_00_07,D&G,average,100,210.0,0.24,5,0,0,7
Delayed_Ships_[#],05_00_00_07,D&G&Wp,average,20,110.0,0.46,5,0,0,7
Delayed_Ships_[#],05_00_00_07,D&G&Wp,average,60,180.0,0.29,5,0,0,7
Delayed_Ships_[#],05_00_00_07,D&G&Wp,average,100,280.0,0.26,5,0,0,7
Delayed_Ships_[#],05_00_00_07,D&Wp,average,20,110.0,0.46,5,0,0,7
Delayed_Ships_[#],05_00_00_07,D&Wp,average,60,190.0,0.29,5,0,0,7
Delayed_Ships_[#],05_00_00_07,D&Wp,average,100,320.0,0.27,5,0,0,7
Delayed_Ships_[#],05_00_00_07,G,average,20,110.0,0.47,5,0,0,7
Delayed_Ships_[#],05_00_00_07,G,average,60,160.0,0.29,5,0,0,7
Delayed_Ships_[#],05_00_00_07,G,average,100,200.0,0.24,5,0,0,7
Delayed_Ships_[#],05_00_00_07,G&Wp,average,20,110.0,0.46,5,0,0,7
Delayed_Ships_[#],05_00_00_07,G&Wp,average,60,190.0,0.29,5,0,0,7
Delayed_Ships_[#],05_00_00_07,G&Wp,average,100,310.0,0.27,5,0,0,7
Delayed_Ships_[#],05_00_00_07,Wp,average,20,110.0,0.45,5,0,0,7
Delayed_Ships_[#],05_00_00_07,Wp,average,60,220.0,0.3,5,0,0,7
Delayed_Ships_[#],05_00_00_07,Wp,average,100,410.0,0.3,5,0,0,7
Delayed_Ships_[#],05_00_00_08,D,average,20,110.0,0.47,5,0,0,8
Delayed_Ships_[#],05_00_00_08,D,average,60,170.0,0.29,5,0,0,8
Delayed_Ships_[#],05_00_00_08,D,average,100,220.0,0.24,5,0,0,8
Delayed_Ships_[#],05_00_00_08,D&G,average,20,110.0,0.47,5,0,0,8
Delayed_Ships_[#],05_00_00_08,D&G,average,60,160.0,0.29,5,0,0,8
Delayed_Ships_[#],05_00_00_08,D&G,average,100,210.0,0.24,5,0,0,8
Delayed_Ships_[#],05_00_00_08,D&G&Wp,average,20,110.0,0.46,5,0,0,8
Delayed_Ships_[#],05_00_00_08,D&G&Wp,average,60,180.0,0.29,5,0,0,8
Delayed_Ships_[#],05_00_00_08,D&G&Wp,average,100,280.0,0.26,5,0,0,8
Delayed_Ships_[#],05_00_00_08,D&Wp,average,20,110.0,0.46,5,0,0,8
Delayed_Ships_[#],05_00_00_08,D&Wp,average,60,190.0,0.29,5,0,0,8
Delayed_Ships_[#],05_00_00_08,D&Wp,average,100,320.0,0.27,5,0,0,8
Delayed_Ships_[#],05_00_00_08,G,average,20,110.0,0.47,5,0,0,8
Delayed_Ships_[#],05_00_00_08,G,average,60,160.0,0.29,5,0,0,8
Delayed_Ships_[#],05_00_00_08,G,average,100,200.0,0.24,5,0,0,8
Delayed_Ships_[#],05_00_00_08,G&Wp,average,20,110.0,0.46,5,0,0,8
Delayed_Ships_[#],05_00_00_08,G&Wp,average,60,190.0,0.29,5,0,0,8
Delayed_Ships_[#],05_00_00_08,G&Wp,average,100,310.0,0.27,5,0,0,8
Delayed_Ships_[#],05_00_00_08,Wp,average,20,110.0,0.45,5,0,0,8
Delayed_Ships_[#],05_00_00_08,Wp,average,60,220.0,0.3,5,0,0,8
Delayed_Ships_[#],05_00_00_08,Wp,average,100,410.0,0.3,5,0,0,8
Delayed_Ships_[#],05_00_00_09,D,average,20,110.0,0.47,5,0,0,9
Delayed_Ships_[#],05_00_00_09,D,average,60,170.0,0.29,5,0,0,9
Delayed_Ships_[#],05_00_00_09,D,average,100,220.0,0.24,5,0,0,9
Delayed_Ships_[#],05_00_00_09,D&G,average,20,110.0,0.47,5,0,0,9
Delayed_Ships_[#],05_00_00_09,D&G,average,60,160.0,0.29,5,0,0,9
Delayed_Ships_[#],05_00_00_09,D&G,average,100,210.0,0.24,5,0,0,9
Delayed_Ships_[#],05_00_00_09,D&G&Wp,average,20,110.0,0.46,5,0,0,9
Delayed_Ships_[#],05_00_00_09,D&G&Wp,average,60,180.0,0.29,5,0,0,9
Delayed_Ships_[#],05_00_00_09,D&G&Wp,average,100,280.0,0.26,5,0,0,9
Delayed_Ships_[#],05_00_00_09,D&Wp,average,20,110.0,0.46,5,0,0,9
Delayed_Ships_[#],05_00_00_09,D&Wp,average,60,190.0,0.29,5,0,0,9
Delayed_Ships_[#],05_00_00_09,D&Wp,average,100,320.0,0.27,5,0,0,9
Delayed_Ships_[#],05_00_00_09,G,average,20,110.0,0.47,5,0,0,9
Delayed_Ships_[#],05_00_00_09,G,average,60,160.0,0.29,5,0,0,9
Delayed_Ships_[#],05_00_00_09,G,average,100,200.0,0.24,5,0,0,9
Delayed_Ships_[#],05_00_00_09,G&Wp,average,20,110.0,0.46,5,0,0,9
Delayed_Ships_[#],05_00_00_09,G&Wp,average,60,190.0,0.29,5,0,0,9
Delayed_Ships_[#],05_00_00_09,G&Wp,average,100,310.0,0.27,5,0,0,9
Delayed_Ships_[#],05_00_00_09,Wp,average,20,110.0,0.45,5,0,0,9
Delayed_Ships_[#],05_00_00_09,Wp,average,60,220.0,0.3,5,0,0,9
Delayed_Ships_[#],05_00_00_09,Wp,average,100,410.0,0.3,5,0,0,9
Delayed_Ships_[#],07_00_00_00,D,average,20,230.0,1.0,7,0,0,0
Delayed_Ships_[#],07_00_00_00,D,average,60,570.0,1.0,7,0,0,0
Delayed_Ships_[#],07_00_00_00,D,average,100,910.0,1.0,7,0,0,0
Delayed_Ships_[#],07_00_00_00,D&G,average,20,230.0,1.0,7,0,0,0
Delayed_Ships_[#],07_00_00_00,D&G,average,60,560.0,1.0,7,0,0,0
Delayed_Ships_[#],07_00_00_00,D&G,average,100,870.0,1.0,7,0,0,0
Delayed_Ships_[#],07_00_00_00,D&G&Wp,average,20,230.0,1.0,7,0,0,0
Delayed_Ships_[#],07_00_00_00,D&G&Wp,average,60,610.0,1.0,7,0,0,0
Delayed_Ships_[#],07_00_00_00,D&G&Wp,average,100,1040.0,1.0,7,0,0,0
Delayed_Ships_[#],07_00_00_00,D&Wp,average,20,230.0,1.0,7,0,0,0
Delayed_Ships_[#],07_00_00_00,D&Wp,average,60,640.0,1.0,7,0,0,0
Delayed_Ships_[#],07_00_00_00,D&Wp,average,100,1150.0,1.0,7,0,0,0
Delayed_Ships_[#],07_00_00_00,G,average,20,220.0,1.0,7,0,0,0
Delayed_Ships_[#],07_00_00_00,G,average,60,540.0,1.0,7,0,0,0
Delayed_Ships_[#],07_00_00_00,G,average,100,840.0,1.0,7,0,0,0
Delayed_Ships_[#],07_00_00_00,G&Wp,average,20,230.0,1.0,7,0,0,0
Delayed_Ships_[#],07_00_00_00,G&Wp,average,60,630.0,1.0,7,0,0,0
Delayed_Ships_[#],07_00_00_00,G&Wp,average,100,1110.0,1.0,7,0,0,0
Delayed_Ships_[#],07_00_00_00,Wp,average,20,240.0,1.0,7,0,0,0
Delayed_Ships_[#],07_00_00_00,Wp,average,60,720.0,1.0,7,0,0,0
Delayed_Ships_[#],07_00_00_00,Wp,average,100,1390.0,1.0,7,0,0,0
Delayed_Ships_[#],07_00_00_01,D,average,20,180.0,0.8,7,0,0,1
Delayed_Ships_[#],07_00_00_01,D,average,60,330.0,0.58,7,0,0,1
Delayed_Ships_[#],07_00_00_01,D,average,100,470.0,0.52,7,0,0,1
Delayed_Ships_[#],07_00_00_01,D&G,average,20,180.0,0.8,7,0,0,1
Delayed_Ships_[#],07_00_00_01,D&G,average,60,320.0,0.58,7,0,0,1
Delayed_Ships_[#],07_00_00_01,D&G,average,100,460.0,0.52,7,0,0,1
Delayed_Ships_[#],07_00_00_01,D&G&Wp,average,20,180.0,0.79,7,0,0,1
Delayed_Ships_[#],07_00_00_01,D&G&Wp,average,60,320.0,0.52,7,0,0,1
Delayed_Ships_[#],07_00_00_01,D&G&Wp,average,100,460.0,0.44,7,0,0,1
Delayed_Ships_[#],07_00_00_01,D&Wp,average,20,190.0,0.79,7,0,0,1
Delayed_Ships_[#],07_00_00_01,D&Wp,average,60,320.0,0.49,7,0,0,1
Delayed_Ships_[#],07_00_00_01,D&Wp,average,100,470.0,0.41,7,0,0,1
Delayed_Ships_[#],07_00_00_01,G,average,20,180.0,0.8,7,0,0,1
Delayed_Ships_[#],07_00_00_01,G,average,60,320.0,0.58,7,0,0,1
Delayed_Ships_[#],07_00_00_01,G,average,100,440.0,0.53,7,0,0,1
Delayed_Ships_[#],07_00_00_01,G&Wp,average,20,180.0,0.79,7,0,0,1
Delayed_Ships_[#],07_00_00_01,G&Wp,average,60,310.0,0.49,7,0,0,1
Delayed_Ships_[#],07_00_00_01,G&Wp,average,100,460.0,0.41,7,0,0,1
Delayed_Ships_[#],07_00_00_01,Wp,average,20,190.0,0.77,7,0,0,1
Delayed_Ships_[#],07_00_00_01,Wp,average,60,310.0,0.43,7,0,0,1
Delayed_Ships_[#],07_00_00_01,Wp,average,100,470.0,0.34,7,0,0,1
Delayed_Ships_[#],07_00_00_02,D,average,20,200.0,0.87,7,0,0,2
Delayed_Ships_[#],07_00_00_02,D,average,60,490.0,0.86,7,0,0,2
Delayed_Ships_[#],07_00_00_02,D,average,100,770.0,0.85,7,0,0,2
Delayed_Ships_[#],07_00_00_02,D&G,average,20,200.0,0.87,7,0,0,2
Delayed_Ships_[#],07_00_00_02,D&G,average,60,480.0,0.86,7,0,0,2
Delayed_Ships_[#],07_00_00_02,D&G,average,100,750.0,0.85,7,0,0,2
Delayed_Ships_[#],07_00_00_02,D&G&Wp,average,20,200.0,0.86,7,0,0,2
Delayed_Ships_[#],07_00_00_02,D&G&Wp,average,60,470.0,0.76,7,0,0,2
Delayed_Ships_[#],07_00_00_02,D&G&Wp,average,100,700.0,0.67,7,0,0,2
Delayed_Ships_[#],07_00_00_02,D&Wp,average,20,200.0,0.86,7,0,0,2
Delayed_Ships_[#],07_00_00_02,D&Wp,average,60,470.0,0.72,7,0,0,2
Delayed_Ships_[#],07_00_00_02,D&Wp,average,100,690.0,0.6,7,0,0,2
Delayed_Ships_[#],07_00_00_02,G,average,20,200.0,0.87,7,0,0,2
Delayed_Ships_[#],07_00_00_02,G,average,60,470.0,0.86,7,0,0,2
Delayed_Ships_[#],07_00_00_02,G,average,100,720.0,0.85,7,0,0,2
Delayed_Ships_[#],07_00_00_02,G&Wp,average,20,200.0,0.86,7,0,0,2
Delayed_Ships_[#],07_00_00_02,G&Wp,average,60,460.0,0.72,7,0,0,2
Delayed_Ships_[#],07_00_00_02,G&Wp,average,100,670.0,0.6,7,0,0,2
Delayed_Ships_[#],07_00_00_02,Wp,average,20,210.0,0.86,7,0,0,2
Delayed_Ships_[#],07_00_00_02,Wp,average,60,450.0,0.62,7,0,0,2
Delayed_Ships_[#],07_00_00_02,Wp,average,100,610.0,0.44,7,0,0,2
Delayed_Ships_[#],07_00_00_04,D,average,20,140.0,0.59,7,0,0,4
Delayed_Ships_[#],07_00_00_04,D,average,60,450.0,0.8,7,0,0,4
Delayed_Ships_[#],07_00_00_04,D,average,100,760.0,0.84,7,0,0,4
Delayed_Ships_[#],07_00_00_04,D&G,average,20,130.0,0.59,7,0,0,4
Delayed_Ships_[#],07_00_00_04,D&G,average,60,450.0,0.81,7,0,0,4
Delayed_Ships_[#],07_00_00_04,D&G,average,100,740.0,0.85,7,0,0,4
Delayed_Ships_[#],07_00_00_04,D&G&Wp,average,20,140.0,0.58,7,0,0,4
Delayed_Ships_[#],07_00_00_04,D&G&Wp,average,60,440.0,0.71,7,0,0,4
Delayed_Ships_[#],07_00_00_04,D&G&Wp,average,100,690.0,0.65,7,0,0,4
Delayed_Ships_[#],07_00_00_04,D&Wp,average,20,140.0,0.58,7,0,0,4
Delayed_Ships_[#],07_00_00_04,D&Wp,average,60,430.0,0.67,7,0,0,4
Delayed_Ships_[#],07_00_00_04,D&Wp,average,100,670.0,0.58,7,0,0,4
Delayed_Ships_[#],07_00_00_04,G,average,20,130.0,0.59,7,0,0,4
Delayed_Ships_[#],07_00_00_04,G,average,60,440.0,0.81,7,0,0,4
Delayed_Ships_[#],07_00_00_04,G,average,100,720.0,0.86,7,0,0,4
Delayed_Ships_[#],07_00_00_04,G&Wp,average,20,140.0,0.58,7,0,0,4
Delayed_Ships_[#],07_00_00_04,G&Wp,average,60,430.0,0.67,7,0,0,4
Delayed_Ships_[#],07_00_00_04,G&Wp,average,100,650.0,0.58,7,0,0,4
Delayed_Ships_[#],07_00_00_04,Wp,average,20,140.0,0.57,7,0,0,4
Delayed_Ships_[#],07_00_00_04,Wp,average,60,410.0,0.56,7,0,0,4
Delayed_Ships_[#],07_00_00_04,Wp,average,100,570.0,0.41,7,0,0,4
Delayed_Ships_[#],07_00_00_05,D,average,20,140.0,0.59,7,0,0,5
Delayed_Ships_[#],07_00_00_05,D,average,60,350.0,0.62,7,0,0,5
Delayed_Ships_[#],07_00_00_05,D,average,100,520.0,0.57,7,0,0,5
Delayed_Ships_[#],07_00_00_05,D&G,average,20,130.0,0.59,7,0,0,5
Delayed_Ships_[#],07_00_00_05,D&G,average,60,380.0,0.67,7,0,0,5
Delayed_Ships_[#],07_00_00_05,D&G,average,100,560.0,0.64,7,0,0,5
Delayed_Ships_[#],07_00_00_05,D&G&Wp,average,20,140.0,0.58,7,0,0,5
Delayed_Ships_[#],07_00_00_05,D&G&Wp,average,60,360.0,0.59,7,0,0,5
Delayed_Ships_[#],07_00_00_05,D&G&Wp,average,100,550.0,0.52,7,0,0,5
Delayed_Ships_[#],07_00_00_05,D&Wp,average,20,140.0,0.58,7,0,0,5
Delayed_Ships_[#],07_00_00_05,D&Wp,average,60,340.0,0.53,7,0,0,5
Delayed_Ships_[#],07_00_00_05,D&Wp,average,100,520.0,0.45,7,0,0,5
Delayed_Ships_[#],07_00_00_05,G,average,20,130.0,0.59,7,0,0,5
Delayed_Ships_[#],07_00_00_05,G,average,60,400.0,0.73,7,0,0,5
Delayed_Ships_[#],07_00_00_05,G,average,100,590.0,0.7,7,0,0,5
Delayed_Ships_[#],07_00_00_05,G&Wp,average,20,140.0,0.58,7,0,0,5
Delayed_Ships_[#],07_00_00_05,G&Wp,average,60,360.0,0.57,7,0,0,5
Delayed_Ships_[#],07_00_00_05,G&Wp,average,100,560.0,0.5,7,0,0,5
Delayed_Ships_[#],07_00_00_05,Wp,average,20,140.0,0.57,7,0,0,5
Delayed_Ships_[#],07_00_00_05,Wp,average,60,330.0,0.45,7,0,0,5
Delayed_Ships_[#],07_00_00_05,Wp,average,100,520.0,0.37,7,0,0,5
Delayed_Ships_[#],07_00_00_07,D,average,20,110.0,0.47,7,0,0,7
Delayed_Ships_[#],07_00_00_07,D,average,60,170.0,0.29,7,0,0,7
Delayed_Ships_[#],07_00_00_07,D,average,100,220.0,0.24,7,0,0,7
Delayed_Ships_[#],07_00_00_07,D&G,average,20,110.0,0.47,7,0,0,7
Delayed_Ships_[#],07_00_00_07,D&G,average,60,160.0,0.29,7,0,0,7
Delayed_Ships_[#],07_00_00_07,D&G,average,100,210.0,0.24,7,0,0,7
Delayed_Ships_[#],07_00_00_07,D&G&Wp,average,20,110.0,0.46,7,0,0,7
Delayed_Ships_[#],07_00_00_07,D&G&Wp,average,60,180.0,0.29,7,0,0,7
Delayed_Ships_[#],07_00_00_07,D&G&Wp,average,100,280.0,0.26,7,0,0,7
Delayed_Ships_[#],07_00_00_07,D&Wp,average,20,110.0,0.46,7,0,0,7
Delayed_Ships_[#],07_00_00_07,D&Wp,average,60,190.0,0.29,7,0,0,7
Delayed_Ships_[#],07_00_00_07,D&Wp,average,100,320.0,0.27,7,0,0,7
Delayed_Ships_[#],07_00_00_07,G,average,20,110.0,0.47,7,0,0,7
Delayed_Ships_[#],07_00_00_07,G,average,60,160.0,0.29,7,0,0,7
Delayed_Ships_[#],07_00_00_07,G,average,100,200.0,0.24,7,0,0,7
Delayed_Ships_[#],07_00_00_07,G&Wp,average,20,110.0,0.46,7,0,0,7
Delayed_Ships_[#],07_00_00_07,G&Wp,average,60,190.0,0.29,7,0,0,7
Delayed_Ships_[#],07_00_00_07,G&Wp,average,100,310.0,0.27,7,0,0,7
Delayed_Ships_[#],07_00_00_07,Wp,average,20,110.0,0.45,7,0,0,7
Delayed_Ships_[#],07_00_00_07,Wp,average,60,220.0,0.3,7,0,0,7
Delayed_Ships_[#],07_00_00_07,Wp,average,100,410.0,0.3,7,0,0,7
Delayed_Ships_[#],07_00_00_08,D,average,20,110.0,0.47,7,0,0,8
Delayed_Ships_[#],07_00_00_08,D,average,60,170.0,0.29,7,0,0,8
Delayed_Ships_[#],07_00_00_08,D,average,100,220.0,0.24,7,0,0,8
Delayed_Ships_[#],07_00_00_08,D&G,average,20,110.0,0.47,7,0,0,8
Delayed_Ships_[#],07_00_00_08,D&G,average,60,160.0,0.29,7,0,0,8
Delayed_Ships_[#],07_00_00_08,D&G,average,100,210.0,0.24,7,0,0,8
Delayed_Ships_[#],07_00_00_08,D&G&Wp,average,20,110.0,0.46,7,0,0,8
Delayed_Ships_[#],07_00_00_08,D&G&Wp,average,60,180.0,0.29,7,0,0,8
Delayed_Ships_[#],07_00_00_08,D&G&Wp,average,100,280.0,0.26,7,0,0,8
Delayed_Ships_[#],07_00_00_08,D&Wp,average,20,110.0,0.46,7,0,0,8
Delayed_Ships_[#],07_00_00_08,D&Wp,average,60,190.0,0.29,7,0,0,8
Delayed_Ships_[#],07_00_00_08,D&Wp,average,100,320.0,0.27,7,0,0,8
Delayed_Ships_[#],07_00_00_08,G,average,20,110.0,0.47,7,0,0,8
Delayed_Ships_[#],07_00_00_08,G,average,60,160.0,0.29,7,0,0,8
Delayed_Ships_[#],07_00_00_08,G,average,100,200.0,0.24,7,0,0,8
Delayed_Ships_[#],07_00_00_08,G&Wp,average,20,110.0,0.46,7,0,0,8
Delayed_Ships_[#],07_00_00_08,G&Wp,average,60,190.0,0.29,7,0,0,8
Delayed_Ships_[#],07_00_00_08,G&Wp,average,100,310.0,0.27,7,0,0,8
Delayed_Ships_[#],07_00_00_08,Wp,average,20,110.0,0.45,7,0,0,8
Delayed_Ships_[#],07_00_00_08,Wp,average,60,220.0,0.3,7,0,0,8
Delayed_Ships_[#],07_00_00_08,Wp,average,100,410.0,0.3,7,0,0,8
Delayed_Ships_[#],07_00_00_09,D,average,20,110.0,0.47,7,0,0,9
Delayed_Ships_[#],07_00_00_09,D,average,60,170.0,0.29,7,0,0,9
Delayed_Ships_[#],07_00_00_09,D,average,100,220.0,0.24,7,0,0,9
Delayed_Ships_[#],07_00_00_09,D&G,average,20,110.0,0.47,7,0,0,9
Delayed_Ships_[#],07_00_00_09,D&G,average,60,160.0,0.29,7,0,0,9
Delayed_Ships_[#],07_00_00_09,D&G,average,100,210.0,0.24,7,0,0,9
Delayed_Ships_[#],07_00_00_09,D&G&Wp,average,20,110.0,0.46,7,0,0,9
Delayed_Ships_[#],07_00_00_09,D&G&Wp,average,60,180.0,0.29,7,0,0,9
Delayed_Ships_[#],07_00_00_09,D&G&Wp,average,100,280.0,0.26,7,0,0,9
Delayed_Ships_[#],07_00_00_09,D&Wp,average,20,110.0,0.46,7,0,0,9
Delayed_Ships_[#],07_00_00_09,D&Wp,average,60,190.0,0.29,7,0,0,9
Delayed_Ships_[#],07_00_00_09,D&Wp,average,100,320.0,0.27,7,0,0,9
Delayed_Ships_[#],07_00_00_09,G,average,20,110.0,0.47,7,0,0,9
Delayed_Ships_[#],07_00_00_09,G,average,60,160.0,0.29,7,0,0,9
Delayed_Ships_[#],07_00_00_09,G,average,100,200.0,0.24,7,0,0,9
Delayed_Ships_[#],07_00_00_09,G&Wp,average,20,110.0,0.46,7,0,0,9
Delayed_Ships_[#],07_00_00_09,G&Wp,average,60,190.0,0.29,7,0,0,9
Delayed_Ships_[#],07_00_00_09,G&Wp,average,100,310.0,0.27,7,0,0,9
Delayed_Ships_[#],07_00_00_09,Wp,average,20,110.0,0.45,7,0,0,9
Delayed_Ships_[#],07_00_00_09,Wp,average,60,220.0,0.3,7,0,0,9
Delayed_Ships_[#],07_00_00_09,Wp,average,100,410.0,0.3,7,0,0,9
Delayed_Ships_[#],09_00_00_00,D,average,20,230.0,1.0,9,0,0,0
Delayed_Ships_[#],09_00_00_00,D,average,60,570.0,1.0,9,0,0,0
Delayed_Ships_[#],09_00_00_00,D,average,100,910.0,1.0,9,0,0,0
Delayed_Ships_[#],09_00_00_00,D&G,average,20,230.0,1.0,9,0,0,0
Delayed_Ships_[#],09_00_00_00,D&G,average,60,560.0,1.0,9,0,0,0
Delayed_Ships_[#],09_00_00_00,D&G,average,100,870.0,1.0,9,0,0,0
Delayed_Ships_[#],09_00_00_00,D&G&Wp,average,20,230.0,1.0,9,0,0,0
Delayed_Ships_[#],09_00_00_00,D&G&Wp,average,60,610.0,1.0,9,0,0,0
Delayed_Ships_[#],09_00_00_00,D&G&Wp,average,100,1040.0,1.0,9,0,0,0
Delayed_Ships_[#],09_00_00_00,D&Wp,average,20,230.0,1.0,9,0,0,0
Delayed_Ships_[#],09_00_00_00,D&Wp,average,60,640.0,1.0,9,0,0,0
Delayed_Ships_[#],09_00_00_00,D&Wp,average,100,1150.0,1.0,9,0,0,0
Delayed_Ships_[#],09_00_00_00,G,average,20,220.0,1.0,9,0,0,0
Delayed_Ships_[#],09_00_00_00,G,average,60,540.0,1.0,9,0,0,0
Delayed_Ships_[#],09_00_00_00,G,average,100,840.0,1.0,9,0,0,0
Delayed_Ships_[#],09_00_00_00,G&Wp,average,20,230.0,1.0,9,0,0,0
Delayed_Ships_[#],09_00_00_00,G&Wp,average,60,630.0,1.0,9,0,0,0
Delayed_Ships_[#],09_00_00_00,G&Wp,average,100,1110.0,1.0,9,0,0,0
Delayed_Ships_[#],09_00_00_00,Wp,average,20,240.0,1.0,9,0,0,0
Delayed_Ships_[#],09_00_00_00,Wp,average,60,720.0,1.0,9,0,0,0
Delayed_Ships_[#],09_00_00_00,Wp,average,100,1390.0,1.0,9,0,0,0
Delayed_Ships_[#],09_00_00_01,D,average,20,180.0,0.8,9,0,0,1
Delayed_Ships_[#],09_00_00_01,D,average,60,330.0,0.58,9,0,0,1
Delayed_Ships_[#],09_00_00_01,D,average,100,470.0,0.52,9,0,0,1
Delayed_Ships_[#],09_00_00_01,D&G,average,20,180.0,0.8,9,0,0,1
Delayed_Ships_[#],09_00_00_01,D&G,average,60,320.0,0.58,9,0,0,1
Delayed_Ships_[#],09_00_00_01,D&G,average,100,460.0,0.52,9,0,0,1
Delayed_Ships_[#],09_00_00_01,D&G&Wp,average,20,180.0,0.79,9,0,0,1
Delayed_Ships_[#],09_00_00_01,D&G&Wp,average,60,320.0,0.52,9,0,0,1
Delayed_Ships_[#],09_00_00_01,D&G&Wp,average,100,460.0,0.44,9,0,0,1
Delayed_Ships_[#],09_00_00_01,D&Wp,average,20,190.0,0.79,9,0,0,1
Delayed_Ships_[#],09_00_00_01,D&Wp,average,60,320.0,0.49,9,0,0,1
Delayed_Ships_[#],09_00_00_01,D&Wp,average,100,470.0,0.41,9,0,0,1
Delayed_Ships_[#],09_00_00_01,G,average,20,180.0,0.8,9,0,0,1
Delayed_Ships_[#],09_00_00_01,G,average,60,320.0,0.58,9,0,0,1
Delayed_Ships_[#],09_00_00_01,G,average,100,440.0,0.53,9,0,0,1
Delayed_Ships_[#],09_00_00_01,G&Wp,average,20,180.0,0.79,9,0,0,1
Delayed_Ships_[#],09_00_00_01,G&Wp,average,60,310.0,0.49,9,0,0,1
Delayed_Ships_[#],09_00_00_01,G&Wp,average,100,460.0,0.41,9,0,0,1
Delayed_Ships_[#],09_00_00_01,Wp,average,20,190.0,0.77,9,0,0,1
Delayed_Ships_[#],09_00_00_01,Wp,average,60,310.0,0.43,9,0,0,1
Delayed_Ships_[#],09_00_00_01,Wp,average,100,470.0,0.34,9,0,0,1
Delayed_Ships_[#],09_00_00_02,D,average,20,200.0,0.87,9,0,0,2
Delayed_Ships_[#],09_00_00_02,D,average,60,490.0,0.86,9,0,0,2
Delayed_Ships_[#],09_00_00_02,D,average,100,770.0,0.85,9,0,0,2
Delayed_Ships_[#],09_00_00_02,D&G,average,20,200.0,0.87,9,0,0,2
Delayed_Ships_[#],09_00_00_02,D&G,average,60,480.0,0.86,9,0,0,2
Delayed_Ships_[#],09_00_00_02,D&G,average,100,750.0,0.85,9,0,0,2
Delayed_Ships_[#],09_00_00_02,D&G&Wp,average,20,200.0,0.86,9,0,0,2
Delayed_Ships_[#],09_00_00_02,D&G&Wp,average,60,470.0,0.76,9,0,0,2
Delayed_Ships_[#],09_00_00_02,D&G&Wp,average,100,700.0,0.67,9,0,0,2
Delayed_Ships_[#],09_00_00_02,D&Wp,average,20,200.0,0.86,9,0,0,2
Delayed_Ships_[#],09_00_00_02,D&Wp,average,60,470.0,0.72,9,0,0,2
Delayed_Ships_[#],09_00_00_02,D&Wp,average,100,690.0,0.6,9,0,0,2
Delayed_Ships_[#],09_00_00_02,G,average,20,200.0,0.87,9,0,0,2
Delayed_Ships_[#],09_00_00_02,G,average,60,470.0,0.86,9,0,0,2
Delayed_Ships_[#],09_00_00_02,G,average,100,720.0,0.85,9,0,0,2
Delayed_Ships_[#],09_00_00_02,G&Wp,average,20,200.0,0.86,9,0,0,2
Delayed_Ships_[#],09_00_00_02,G&Wp,average,60,460.0,0.72,9,0,0,2
Delayed_Ships_[#],09_00_00_02,G&Wp,average,100,670.0,0.6,9,0,0,2
Delayed_Ships_[#],09_00_00_02,Wp,average,20,210.0,0.86,9,0,0,2
Delayed_Ships_[#],09_00_00_02,Wp,average,60,450.0,0.62,9,0,0,2
Delayed_Ships_[#],09_00_00_02,Wp,average,100,610.0,0.44,9,0,0,2
Delayed_Ships_[#],09_00_00_04,D,average,20,140.0,0.59,9,0,0,4
Delayed_Ships_[#],09_00_00_04,D,average,60,450.0,0.8,9,0,0,4
Delayed_Ships_[#],09_00_00_04,D,average,100,760.0,0.84,9,0,0,4
Delayed_Ships_[#],09_00_00_04,D&G,average,20,130.0,0.59,9,0,0,4
Delayed_Ships_[#],09_00_00_04,D&G,average,60,450.0,0.81,9,0,0,4
Delayed_Ships_[#],09_00_00_04,D&G,average,100,740.0,0.85,9,0,0,4
Delayed_Ships_[#],09_00_00_04,D&G&Wp,average,20,140.0,0.58,9,0,0,4
Delayed_Ships_[#],09_00_00_04,D&G&Wp,average,60,440.0,0.71,9,0,0,4
Delayed_Ships_[#],09_00_00_04,D&G&Wp,average,100,690.0,0.65,9,0,0,4
Delayed_Ships_[#],09_00_00_04,D&Wp,average,20,140.0,0.58,9,0,0,4
Delayed_Ships_[#],09_00_00_04,D&Wp,average,60,430.0,0.67,9,0,0,4
Delayed_Ships_[#],09_00_00_04,D&Wp,average,100,670.0,0.58,9,0,0,4
Delayed_Ships_[#],09_00_00_04,G,average,20,130.0,0.59,9,0,0,4
Delayed_Ships_[#],09_00_00_04,G,average,60,440.0,0.81,9,0,0,4
Delayed_Ships_[#],09_00_00_04,G,average,100,720.0,0.86,9,0,0,4
Delayed_Ships_[#],09_00_00_04,G&Wp,average,20,140.0,0.58,9,0,0,4
Delayed_Ships_[#],09_00_00_04,G&Wp,average,60,430.0,0.67,9,0,0,4
Delayed_Ships_[#],09_00_00_04,G&Wp,average,100,650.0,0.58,9,0,0,4
Delayed_Ships_[#],09_00_00_04,Wp,average,20,140.0,0.57,9,0,0,4
Delayed_Ships_[#],09_00_00_04,Wp,average,60,410.0,0.56,9,0,0,4
Delayed_Ships_[#],09_00_00_04,Wp,average,100,570.0,0.41,9,0,0,4
Delayed_Ships_[#],09_00_00_05,D,average,20,140.0,0.59,9,0,0,5
Delayed_Ships_[#],09_00_00_05,D,average,60,350.0,0.62,9,0,0,5
Delayed_Ships_[#],09_00_00_05,D,average,100,520.0,0.57,9,0,0,5
Delayed_Ships_[#],09_00_00_05,D&G,average,20,130.0,0.59,9,0,0,5
Delayed_Ships_[#],09_00_00_05,D&G,average,60,380.0,0.67,9,0,0,5
Delayed_Ships_[#],09_00_00_05,D&G,average,100,560.0,0.64,9,0,0,5
Delayed_Ships_[#],09_00_00_05,D&G&Wp,average,20,140.0,0.58,9,0,0,5
Delayed_Ships_[#],09_00_00_05,D&G&Wp,average,60,360.0,0.59,9,0,0,5
Delayed_Ships_[#],09_00_00_05,D&G&Wp,average,100,550.0,0.52,9,0,0,5
Delayed_Ships_[#],09_00_00_05,D&Wp,average,20,140.0,0.58,9,0,0,5
Delayed_Ships_[#],09_00_00_05,D&Wp,average,60,340.0,0.53,9,0,0,5
Delayed_Ships_[#],09_00_00_05,D&Wp,average,100,520.0,0.45,9,0,0,5
Delayed_Ships_[#],09_00_00_05,G,average,20,130.0,0.59,9,0,0,5
Delayed_Ships_[#],09_00_00_05,G,average,60,400.0,0.73,9,0,0,5
Delayed_Ships_[#],09_00_00_05,G,average,100,590.0,0.7,9,0,0,5
Delayed_Ships_[#],09_00_00_05,G&Wp,average,20,140.0,0.58,9,0,0,5
Delayed_Ships_[#],09_00_00_05,G&Wp,average,60,360.0,0.57,9,0,0,5
Delayed_Ships_[#],09_00_00_05,G&Wp,average,100,560.0,0.5,9,0,0,5
Delayed_Ships_[#],09_00_00_05,Wp,average,20,140.0,0.57,9,0,0,5
Delayed_Ships_[#],09_00_00_05,Wp,average,60,330.0,0.45,9,0,0,5
Delayed_Ships_[#],09_00_00_05,Wp,average,100,520.0,0.37,9,0,0,5
Delayed_Ships_[#],09_00_00_07,D,average,20,110.0,0.47,9,0,0,7
Delayed_Ships_[#],09_00_00_07,D,average,60,170.0,0.29,9,0,0,7
Delayed_Ships_[#],09_00_00_07,D,average,100,220.0,0.24,9,0,0,7
Delayed_Ships_[#],09_00_00_07,D&G,average,20,110.0,0.47,9,0,0,7
Delayed_Ships_[#],09_00_00_07,D&G,average,60,160.0,0.29,9,0,0,7
Delayed_Ships_[#],09_00_00_07,D&G,average,100,210.0,0.24,9,0,0,7
Delayed_Ships_[#],09_00_00_07,D&G&Wp,average,20,110.0,0.46,9,0,0,7
Delayed_Ships_[#],09_00_00_07,D&G&Wp,average,60,180.0,0.29,9,0,0,7
Delayed_Ships_[#],09_00_00_07,D&G&Wp,average,100,280.0,0.26,9,0,0,7
Delayed_Ships_[#],09_00_00_07,D&Wp,average,20,110.0,0.46,9,0,0,7
Delayed_Ships_[#],09_00_00_07,D&Wp,average,60,190.0,0.29,9,0,0,7
Delayed_Ships_[#],09_00_00_07,D&Wp,average,100,320.0,0.27,9,0,0,7
Delayed_Ships_[#],09_00_00_07,G,average,20,110.0,0.47,9,0,0,7
Delayed_Ships_[#],09_00_00_07,G,average,60,160.0,0.29,9,0,0,7
Delayed_Ships_[#],09_00_00_07,G,average,100,200.0,0.24,9,0,0,7
Delayed_Ships_[#],09_00_00_07,G&Wp,average,20,110.0,0.46,9,0,0,7
Delayed_Ships_[#],09_00_00_07,G&Wp,average,60,190.0,0.29,9,0,0,7
Delayed_Ships_[#],09_00_00_07,G&Wp,average,100,310.0,0.27,9,0,0,7
Delayed_Ships_[#],09_00_00_07,Wp,average,20,110.0,0.45,9,0,0,7
Delayed_Ships_[#],09_00_00_07,Wp,average,60,220.0,0.3,9,0,0,7
Delayed_Ships_[#],09_00_00_07,Wp,average,100,410.0,0.3,9,0,0,7
Delayed_Ships_[#],09_00_00_08,D,average,20,110.0,0.47,9,0,0,8
Delayed_Ships_[#],09_00_00_08,D,average,60,170.0,0.29,9,0,0,8
Delayed_Ships_[#],09_00_00_08,D,average,100,220.0,0.24,9,0,0,8
Delayed_Ships_[#],09_00_00_08,D&G,average,20,110.0,0.47,9,0,0,8
Delayed_Ships_[#],09_00_00_08,D&G,average,60,160.0,0.29,9,0,0,8
Delayed_Ships_[#],09_00_00_08,D&G,average,100,210.0,0.24,9,0,0,8
Delayed_Ships_[#],09_00_00_08,D&G&Wp,average,20,110.0,0.46,9,0,0,8
Delayed_Ships_[#],09_00_00_08,D&G&Wp,average,60,180.0,0.29,9,0,0,8
Delayed_Ships_[#],09_00_00_08,D&G&Wp,average,100,280.0,0.26,9,0,0,8
Delayed_Ships_[#],09_00_00_08,D&Wp,average,20,110.0,0.46,9,0,0,8
Delayed_Ships_[#],09_00_00_08,D&Wp,average,60,190.0,0.29,9,0,0,8
Delayed_Ships_[#],09_00_00_08,D&Wp,average,100,320.0,0.27,9,0,0,8
Delayed_Ships_[#],09_00_00_08,G,average,20,110.0,0.47,9,0,0,8
Delayed_Ships_[#],09_00_00_08,G,average,60,160.0,0.29,9,0,0,8
Delayed_Ships_[#],09_00_00_08,G,average,100,200.0,0.24,9,0,0,8
Delayed_Ships_[#],09_00_00_08,G&Wp,average,20,110.0,0.46,9,0,0,8
Delayed_Ships_[#],09_00_00_08,G&Wp,average,60,190.0,0.29,9,0,0,8
Delayed_Ships_[#],09_00_00_08,G&Wp,average,100,310.0,0.27,9,0,0,8
Delayed_Ships_[#],09_00_00_08,Wp,average,20,110.0,0.45,9,0,0,8
Delayed_Ships_[#],09_00_00_08,Wp,average,60,220.0,0.3,9,0,0,8
Delayed_Ships_[#],09_00_00_08,Wp,average,100,410.0,0.3,9,0,0,8
Delayed_Ships_[#],09_00_00_09,D,average,20,110.0,0.47,9,0,0,9
Delayed_Ships_[#],09_00_00_09,D,average,60,170.0,0.29,9,0,0,9
Delayed_Ships_[#],09_00_00_09,D,average,100,220.0,0.24,9,0,0,9
Delayed_Ships_[#],09_00_00_09,D&G,average,20,110.0,0.47,9,0,0,9
Delayed_Ships_[#],09_00_00_09,D&G,average,60,160.0,0.29,9,0,0,9
Delayed_Ships_[#],09_00_00_09,D&G,average,100,210.0,0.24,9,0,0,9
Delayed_Ships_[#],09_00_00_09,D&G&Wp,average,20,110.0,0.46,9,0,0,9
Delayed_Ships_[#],09_00_00_09,D&G&Wp,average,60,180.0,0.29,9,0,0,9
Delayed_Ships_[#],09_00_00_09,D&G&Wp,average,100,280.0,0.26,9,0,0,9
Delayed_Ships_[#],09_00_00_09,D&Wp,average,20,110.0,0.46,9,0,0,9
Delayed_Ships_[#],09_00_00_09,D&Wp,average,60,190.0,0.29,9,0,0,9
Delayed_Ships_[#],09_00_00_09,D&Wp,average,100,320.0,0.27,9,0,0,9
Delayed_Ships_[#],09_00_00_09,G,average,20,110.0,0.47,9,0,0,9
Delayed_Ships_[#],09_00_00_09,G,average,60,160.0,0.29,9,0,0,9
Delayed_Ships_[#],09_00_00_09,G,average,100,200.0,0.24,9,0,0,9
Delayed_Ships_[#],09_00_00_09,G&Wp,average,20,110.0,0.46,9,0,0,9
Delayed_Ships_[#],09_00_00_09,G&Wp,average,60,190.0,0.29,9,0,0,9
Delayed_Ships_[#],09_00_00_09,G&Wp,average,100,310.0,0.27,9,0,0,9
Delayed_Ships_[#],09_00_00_09,Wp,average,20,110.0,0.45,9,0,0,9
Delayed_Ships_[#],09_00_00_09,Wp,average,60,220.0,0.3,9,0,0,9
Delayed_Ships_[#],09_00_00_09,Wp,average,100,410.0,0.3,9,0,0,9
Delayed_Ships_[#],11_00_00_00,D,average,20,230.0,1.0,11,0,0,0
Delayed_Ships_[#],11_00_00_00,D,average,60,570.0,1.0,11,0,0,0
Delayed_Ships_[#],11_00_00_00,D,average,100,910.0,1.0,11,0,0,0
Delayed_Ships_[#],11_00_00_00,D&G,average,20,230.0,1.0,11,0,0,0
Delayed_Ships_[#],11_00_00_00,D&G,average,60,560.0,1.0,11,0,0,0
Delayed_Ships_[#],11_00_00_00,D&G,average,100,870.0,1.0,11,0,0,0
Delayed_Ships_[#],11_00_00_00,D&G&Wp,average,20,230.0,1.0,11,0,0,0
Delayed_Ships_[#],11_00_00_00,D&G&Wp,average,60,610.0,1.0,11,0,0,0
Delayed_Ships_[#],11_00_00_00,D&G&Wp,average,100,1040.0,1.0,11,0,0,0
Delayed_Ships_[#],11_00_00_00,D&Wp,average,20,230.0,1.0,11,0,0,0
Delayed_Ships_[#],11_00_00_00,D&Wp,average,60,640.0,1.0,11,0,0,0
Delayed_Ships_[#],11_00_00_00,D&Wp,average,100,1150.0,1.0,11,0,0,0
Delayed_Ships_[#],11_00_00_00,G,average,20,220.0,1.0,11,0,0,0
Delayed_Ships_[#],11_00_00_00,G,average,60,540.0,1.0,11,0,0,0
Delayed_Ships_[#],11_00_00_00,G,average,100,840.0,1.0,11,0,0,0
Delayed_Ships_[#],11_00_00_00,G&Wp,average,20,230.0,1.0,11,0,0,0
Delayed_Ships_[#],11_00_00_00,G&Wp,average,60,630.0,1.0,11,0,0,0
Delayed_Ships_[#],11_00_00_00,G&Wp,average,100,1110.0,1.0,11,0,0,0
Delayed_Ships_[#],11_00_00_00,Wp,average,20,240.0,1.0,11,0,0,0
Delayed_Ships_[#],11_00_00_00,Wp,average,60,720.0,1.0,11,0,0,0
Delayed_Ships_[#],11_00_00_00,Wp,average,100,1390.0,1.0,11,0,0,0
Delayed_Ships_[#],11_00_00_01,D,average,20,180.0,0.8,11,0,0,1
Delayed_Ships_[#],11_00_00_01,D,average,60,330.0,0.58,11,0,0,1
Delayed_Ships_[#],11_00_00_01,D,average,100,470.0,0.52,11,0,0,1
Delayed_Ships_[#],11_00_00_01,D&G,average,20,180.0,0.8,11,0,0,1
Delayed_Ships_[#],11_00_00_01,D&G,average,60,320.0,0.58,11,0,0,1
Delayed_Ships_[#],11_00_00_01,D&G,average,100,460.0,0.52,11,0,0,1
Delayed_Ships_[#],11_00_00_01,D&G&Wp,average,20,180.0,0.79,11,0,0,1
Delayed_Ships_[#],11_00_00_01,D&G&Wp,average,60,320.0,0.52,11,0,0,1
Delayed_Ships_[#],11_00_00_01,D&G&Wp,average,100,460.0,0.44,11,0,0,1
Delayed_Ships_[#],11_00_00_01,D&Wp,average,20,190.0,0.79,11,0,0,1
Delayed_Ships_[#],11_00_00_01,D&Wp,average,60,320.0,0.49,11,0,0,1
Delayed_Ships_[#],11_00_00_01,D&Wp,average,100,470.0,0.41,11,0,0,1
Delayed_Ships_[#],11_00_00_01,G,average,20,180.0,0.8,11,0,0,1
Delayed_Ships_[#],11_00_00_01,G,average,60,320.0,0.58,11,0,0,1
Delayed_Ships_[#],11_00_00_01,G,average,100,440.0,0.53,11,0,0,1
Delayed_Ships_[#],11_00_00_01,G&Wp,average,20,180.0,0.79,11,0,0,1
Delayed_Ships_[#],11_00_00_01,G&Wp,average,60,310.0,0.49,11,0,0,1
Delayed_Ships_[#],11_00_00_01,G&Wp,average,100,460.0,0.41,11,0,0,1
Delayed_Ships_[#],11_00_00_01,Wp,average,20,190.0,0.77,11,0,0,1
Delayed_Ships_[#],11_00_00_01,Wp,average,60,310.0,0.43,11,0,0,1
Delayed_Ships_[#],11_00_00_01,Wp,average,100,470.0,0.34,11,0,0,1
Delayed_Ships_[#],11_00_00_02,D,average,20,200.0,0.87,11,0,0,2
Delayed_Ships_[#],11_00_00_02,D,average,60,490.0,0.86,11,0,0,2
Delayed_Ships_[#],11_00_00_02,D,average,100,770.0,0.85,11,0,0,2
Delayed_Ships_[#],11_00_00_02,D&G,average,20,200.0,0.87,11,0,0,2
Delayed_Ships_[#],11_00_00_02,D&G,average,60,480.0,0.86,11,0,0,2
Delayed_Ships_[#],11_00_00_02,D&G,average,100,750.0,0.85,11,0,0,2
Delayed_Ships_[#],11_00_00_02,D&G&Wp,average,20,200.0,0.86,11,0,0,2
Delayed_Ships_[#],11_00_00_02,D&G&Wp,average,60,470.0,0.76,11,0,0,2
Delayed_Ships_[#],11_00_00_02,D&G&Wp,average,100,700.0,0.67,11,0,0,2
Delayed_Ships_[#],11_00_00_02,D&Wp,average,20,200.0,0.86,11,0,0,2
Delayed_Ships_[#],11_00_00_02,D&Wp,average,60,470.0,0.72,11,0,0,2
Delayed_Ships_[#],11_00_00_02,D&Wp,average,100,690.0,0.6,11,0,0,2
Delayed_Ships_[#],11_00_00_02,G,average,20,200.0,0.87,11,0,0,2
Delayed_Ships_[#],11_00_00_02,G,average,60,470.0,0.86,11,0,0,2
Delayed_Ships_[#],11_00_00_02,G,average,100,720.0,0.85,11,0,0,2
Delayed_Ships_[#],11_00_00_02,G&Wp,average,20,200.0,0.86,11,0,0,2
Delayed_Ships_[#],11_00_00_02,G&Wp,average,60,460.0,0.72,11,0,0,2
Delayed_Ships_[#],11_00_00_02,G&Wp,average,100,670.0,0.6,11,0,0,2
Delayed_Ships_[#],11_00_00_02,Wp,average,20,210.0,0.86,11,0,0,2
Delayed_Ships_[#],11_00_00_02,Wp,average,60,450.0,0.62,11,0,0,2
Delayed_Ships_[#],11_00_00_02,Wp,average,100,610.0,0.44,11,0,0,2
Delayed_Ships_[#],11_00_00_04,D,average,20,140.0,0.59,11,0,0,4
Delayed_Ships_[#],11_00_00_04,D,average,60,450.0,0.8,11,0,0,4
Delayed_Ships_[#],11_00_00_04,D,average,100,760.0,0.84,11,0,0,4
Delayed_Ships_[#],11_00_00_04,D&G,average,20,130.0,0.59,11,0,0,4
Delayed_Ships_[#],11_00_00_04,D&G,average,60,450.0,0.81,11,0,0,4
Delayed_Ships_[#],11_00_00_04,D&G,average,100,740.0,0.85,11,0,0,4
Delayed_Ships_[#],11_00_00_04,D&G&Wp,average,20,140.0,0.58,11,0,0,4
Delayed_Ships_[#],11_00_00_04,D&G&Wp,average,60,440.0,0.71,11,0,0,4
Delayed_Ships_[#],11_00_00_04,D&G&Wp,average,100,690.0,0.65,11,0,0,4
Delayed_Ships_[#],11_00_00_04,D&Wp,average,20,140.0,0.58,11,0,0,4
Delayed_Ships_[#],11_00_00_04,D&Wp,average,60,430.0,0.67,11,0,0,4
Delayed_Ships_[#],11_00_00_04,D&Wp,average,100,670.0,0.58,11,0,0,4
Delayed_Ships_[#],11_00_00_04,G,average,20,130.0,0.59,11,0,0,4
Delayed_Ships_[#],11_00_00_04,G,average,60,440.0,0.81,11,0,0,4
Delayed_Ships_[#],11_00_00_04,G,average,100,720.0,0.86,11,0,0,4
Delayed_Ships_[#],11_00_00_04,G&Wp,average,20,140.0,0.58,11,0,0,4
Delayed_Ships_[#],11_00_00_04,G&Wp,average,60,430.0,0.67,11,0,0,4
Delayed_Ships_[#],11_00_00_04,G&Wp,average,100,650.0,0.58,11,0,0,4
Delayed_Ships_[#],11_00_00_04,Wp,average,20,140.0,0.57,11,0,0,4
Delayed_Ships_[#],11_00_00_04,Wp,average,60,410.0,0.56,11,0,0,4
Delayed_Ships_[#],11_00_00_04,Wp,average,100,570.0,0.41,11,0,0,4
Delayed_Ships_[#],11_00_00_05,D,average,20,140.0,0.59,11,0,0,5
Delayed_Ships_[#],11_00_00_05,D,average,60,350.0,0.62,11,0,0,5
Delayed_Ships_[#],11_00_00_05,D,average,100,520.0,0.57,11,0,0,5
Delayed_Ships_[#],11_00_00_05,D&G,average,20,130.0,0.59,11,0,0,5
Delayed_Ships_[#],11_00_00_05,D&G,average,60,380.0,0.67,11,0,0,5
Delayed_Ships_[#],11_00_00_05,D&G,average,100,560.0,0.64,11,0,0,5
Delayed_Ships_[#],11_00_00_05,D&G&Wp,average,20,140.0,0.58,11,0,0,5
Delayed_Ships_[#],11_00_00_05,D&G&Wp,average,60,360.0,0.59,11,0,0,5
Delayed_Ships_[#],11_00_00_05,D&G&Wp,average,100,550.0,0.52,11,0,0,5
Delayed_Ships_[#],11_00_00_05,D&Wp,average,20,140.0,0.58,11,0,0,5
Delayed_Ships_[#],11_00_00_05,D&Wp,average,60,340.0,0.53,11,0,0,5
Delayed_Ships_[#],11_00_00_05,D&Wp,average,100,520.0,0.45,11,0,0,5
Delayed_Ships_[#],11_00_00_05,G,average,20,130.0,0.59,11,0,0,5
Delayed_Ships_[#],11_00_00_05,G,average,60,400.0,0.73,11,0,0,5
Delayed_Ships_[#],11_00_00_05,G,average,100,590.0,0.7,11,0,0,5
Delayed_Ships_[#],11_00_00_05,G&Wp,average,20,140.0,0.58,11,0,0,5
Delayed_Ships_[#],11_00_00_05,G&Wp,average,60,360.0,0.57,11,0,0,5
Delayed_Ships_[#],11_00_00_05,G&Wp,average,100,560.0,0.5,11,0,0,5
Delayed_Ships_[#],11_00_00_05,Wp,average,20,140.0,0.57,11,0,0,5
Delayed_Ships_[#],11_00_00_05,Wp,average,60,330.0,0.45,11,0,0,5
Delayed_Ships_[#],11_00_00_05,Wp,average,100,520.0,0.37,11,0,0,5
Delayed_Ships_[#],11_00_00_07,D,average,20,110.0,0.47,11,0,0,7
Delayed_Ships_[#],11_00_00_07,D,average,60,170.0,0.29,11,0,0,7
Delayed_Ships_[#],11_00_00_07,D,average,100,220.0,0.24,11,0,0,7
Delayed_Ships_[#],11_00_00_07,D&G,average,20,110.0,0.47,11,0,0,7
Delayed_Ships_[#],11_00_00_07,D&G,average,60,160.0,0.29,11,0,0,7
Delayed_Ships_[#],11_00_00_07,D&G,average,100,210.0,0.24,11,0,0,7
Delayed_Ships_[#],11_00_00_07,D&G&Wp,average,20,110.0,0.46,11,0,0,7
Delayed_Ships_[#],11_00_00_07,D&G&Wp,average,60,180.0,0.29,11,0,0,7
Delayed_Ships_[#],11_00_00_07,D&G&Wp,average,100,280.0,0.26,11,0,0,7
Delayed_Ships_[#],11_00_00_07,D&Wp,average,20,110.0,0.46,11,0,0,7
Delayed_Ships_[#],11_00_00_07,D&Wp,average,60,190.0,0.29,11,0,0,7
Delayed_Ships_[#],11_00_00_07,D&Wp,average,100,320.0,0.27,11,0,0,7
Delayed_Ships_[#],11_00_00_07,G,average,20,110.0,0.47,11,0,0,7
Delayed_Ships_[#],11_00_00_07,G,average,60,160.0,0.29,11,0,0,7
Delayed_Ships_[#],11_00_00_07,G,average,100,200.0,0.24,11,0,0,7
Delayed_Ships_[#],11_00_00_07,G&Wp,average,20,110.0,0.46,11,0,0,7
Delayed_Ships_[#],11_00_00_07,G&Wp,average,60,190.0,0.29,11,0,0,7
Delayed_Ships_[#],11_00_00_07,G&Wp,average,100,310.0,0.27,11,0,0,7
Delayed_Ships_[#],11_00_00_07,Wp,average,20,110.0,0.45,11,0,0,7
Delayed_Ships_[#],11_00_00_07,Wp,average,60,220.0,0.3,11,0,0,7
Delayed_Ships_[#],11_00_00_07,Wp,average,100,410.0,0.3,11,0,0,7
Delayed_Ships_[#],11_00_00_08,D,average,20,110.0,0.47,11,0,0,8
Delayed_Ships_[#],11_00_00_08,D,average,60,170.0,0.29,11,0,0,8
Delayed_Ships_[#],11_00_00_08,D,average,100,220.0,0.24,11,0,0,8
Delayed_Ships_[#],11_00_00_08,D&G,average,20,110.0,0.47,11,0,0,8
Delayed_Ships_[#],11_00_00_08,D&G,average,60,160.0,0.29,11,0,0,8
Delayed_Ships_[#],11_00_00_08,D&G,average,100,210.0,0.24,11,0,0,8
Delayed_Ships_[#],11_00_00_08,D&G&Wp,average,20,110.0,0.46,11,0,0,8
Delayed_Ships_[#],11_00_00_08,D&G&Wp,average,60,180.0,0.29,11,0,0,8
Delayed_Ships_[#],11_00_00_08,D&G&Wp,average,100,280.0,0.26,11,0,0,8
Delayed_Ships_[#],11_00_00_08,D&Wp,average,20,110.0,0.46,11,0,0,8
Delayed_Ships_[#],11_00_00_08,D&Wp,average,60,190.0,0.29,11,0,0,8
Delayed_Ships_[#],11_00_00_08,D&Wp,average,100,320.0,0.27,11,0,0,8
Delayed_Ships_[#],11_00_00_08,G,average,20,110.0,0.47,11,0,0,8
Delayed_Ships_[#],11_00_00_08,G,average,60,160.0,0.29,11,0,0,8
Delayed_Ships_[#],11_00_00_08,G,average,100,200.0,0.24,11,0,0,8
Delayed_Ships_[#],11_00_00_08,G&Wp,average,20,110.0,0.46,11,0,0,8
Delayed_Ships_[#],11_00_00_08,G&Wp,average,60,190.0,0.29,11,0,0,8
Delayed_Ships_[#],11_00_00_08,G&Wp,average,100,310.0,0.27,11,0,0,8
Delayed_Ships_[#],11_00_00_08,Wp,average,20,110.0,0.45,11,0,0,8
Delayed_Ships_[#],11_00_00_08,Wp,average,60,220.0,0.3,11,0,0,8
Delayed_Ships_[#],11_00_00_08,Wp,average,100,410.0,0.3,11,0,0,8
Delayed_Ships_[#],11_00_00_09,D,average,20,110.0,0.47,11,0,0,9
Delayed_Ships_[#],11_00_00_09,D,average,60,170.0,0.29,11,0,0,9
Delayed_Ships_[#],11_00_00_09,D,average,100,220.0,0.24,11,0,0,9
Delayed_Ships_[#],11_00_00_09,D&G,average,20,110.0,0.47,11,0,0,9
Delayed_Ships_[#],11_00_00_09,D&G,average,60,160.0,0.29,11,0,0,9
Delayed_Ships_[#],11_00_00_09,D&G,average,100,210.0,0.24,11,0,0,9
Delayed_Ships_[#],11_00_00_09,D&G&Wp,average,20,110.0,0.46,11,0,0,9
Delayed_Ships_[#],11_00_00_09,D&G&Wp,average,60,180.0,0.29,11,0,0,9
Delayed_Ships_[#],11_00_00_09,D&G&Wp,average,100,280.0,0.26,11,0,0,9
Delayed_Ships_[#],11_00_00_09,D&Wp,average,20,110.0,0.46,11,0,0,9
Delayed_Ships_[#],11_00_00_09,D&Wp,average,60,190.0,0.29,11,0,0,9
Delayed_Ships_[#],11_00_00_09,D&Wp,average,100,320.0,0.27,11,0,0,9
Delayed_Ships_[#],11_00_00_09,G,average,20,110.0,0.47,11,0,0,9
Delayed_Ships_[#],11_00_00_09,G,average,60,160.0,0.29,11,0,0,9
Delayed_Ships_[#],11_00_00_09,G,average,100,200.0,0.24,11,0,0,9
Delayed_Ships_[#],11_00_00_09,G&Wp,average,20,110.0,0.46,11,0,0,9
Delayed_Ships_[#],11_00_00_09,G&Wp,average,60,190.0,0.29,11,0,0,9
Delayed_Ships_[#],11_00_00_09,G&Wp,average,100,310.0,0.27,11,0,0,9
Delayed_Ships_[#],11_00_00_09,Wp,average,20,110.0,0.45,11,0,0,9
Delayed_Ships_[#],11_00_00_09,Wp,average,60,220.0,0.3,11,0,0,9
Delayed_Ships_[#],11_00_00_09,Wp,average,100,410.0,0.3,11,0,0,9
Delayed_Ships_[#],13_00_00_00,D,average,20,230.0,1.0,13,0,0,0
Delayed_Ships_[#],13_00_00_00,D,average,60,570.0,1.0,13,0,0,0
Delayed_Ships_[#],13_00_00_00,D,average,100,910.0,1.0,13,0,0,0
Delayed_Ships_[#],13_00_00_00,D&G,average,20,230.0,1.0,13,0,0,0
Delayed_Ships_[#],13_00_00_00,D&G,average,60,560.0,1.0,13,0,0,0
Delayed_Ships_[#],13_00_00_00,D&G,average,100,870.0,1.0,13,0,0,0
Delayed_Ships_[#],13_00_00_00,D&G&Wp,average,20,230.0,1.0,13,0,0,0
Delayed_Ships_[#],13_00_00_00,D&G&Wp,average,60,610.0,1.0,13,0,0,0
Delayed_Ships_[#],13_00_00_00,D&G&Wp,average,100,1040.0,1.0,13,0,0,0
Delayed_Ships_[#],13_00_00_00,D&Wp,average,20,230.0,1.0,13,0,0,0
Delayed_Ships_[#],13_00_00_00,D&Wp,average,60,640.0,1.0,13,0,0,0
Delayed_Ships_[#],13_00_00_00,D&Wp,average,100,1150.0,1.0,13,0,0,0
Delayed_Ships_[#],13_00_00_00,G,average,20,220.0,1.0,13,0,0,0
Delayed_Ships_[#],13_00_00_00,G,average,60,540.0,1.0,13,0,0,0
Delayed_Ships_[#],13_00_00_00,G,average,100,840.0,1.0,13,0,0,0
Delayed_Ships_[#],13_00_00_00,G&Wp,average,20,230.0,1.0,13,0,0,0
Delayed_Ships_[#],13_00_00_00,G&Wp,average,60,630.0,1.0,13,0,0,0
Delayed_Ships_[#],13_00_00_00,G&Wp,average,100,1110.0,1.0,13,0,0,0
Delayed_Ships_[#],13_00_00_00,Wp,average,20,240.0,1.0,13,0,0,0
Delayed_Ships_[#],13_00_00_00,Wp,average,60,720.0,1.0,13,0,0,0
Delayed_Ships_[#],13_00_00_00,Wp,average,100,1390.0,1.0,13,0,0,0
Delayed_Ships_[#],13_00_00_01,D,average,20,180.0,0.8,13,0,0,1
Delayed_Ships_[#],13_00_00_01,D,average,60,330.0,0.58,13,0,0,1
Delayed_Ships_[#],13_00_00_01,D,average,100,470.0,0.52,13,0,0,1
Delayed_Ships_[#],13_00_00_01,D&G,average,20,180.0,0.8,13,0,0,1
Delayed_Ships_[#],13_00_00_01,D&G,average,60,320.0,0.58,13,0,0,1
Delayed_Ships_[#],13_00_00_01,D&G,average,100,460.0,0.52,13,0,0,1
Delayed_Ships_[#],13_00_00_01,D&G&Wp,average,20,180.0,0.79,13,0,0,1
Delayed_Ships_[#],13_00_00_01,D&G&Wp,average,60,320.0,0.52,13,0,0,1
Delayed_Ships_[#],13_00_00_01,D&G&Wp,average,100,460.0,0.44,13,0,0,1
Delayed_Ships_[#],13_00_00_01,D&Wp,average,20,190.0,0.79,13,0,0,1
Delayed_Ships_[#],13_00_00_01,D&Wp,average,60,320.0,0.49,13,0,0,1
Delayed_Ships_[#],13_00_00_01,D&Wp,average,100,470.0,0.41,13,0,0,1
Delayed_Ships_[#],13_00_00_01,G,average,20,180.0,0.8,13,0,0,1
Delayed_Ships_[#],13_00_00_01,G,average,60,320.0,0.58,13,0,0,1
Delayed_Ships_[#],13_00_00_01,G,average,100,440.0,0.53,13,0,0,1
Delayed_Ships_[#],13_00_00_01,G&Wp,average,20,180.0,0.79,13,0,0,1
Delayed_Ships_[#],13_00_00_01,G&Wp,average,60,310.0,0.49,13,0,0,1
Delayed_Ships_[#],13_00_00_01,G&Wp,average,100,460.0,0.41,13,0,0,1
Delayed_Ships_[#],13_00_00_01,Wp,average,20,190.0,0.77,13,0,0,1
Delayed_Ships_[#],13_00_00_01,Wp,average,60,310.0,0.43,13,0,0,1
Delayed_Ships_[#],13_00_00_01,Wp,average,100,470.0,0.34,13,0,0,1
Delayed_Ships_[#],13_00_00_02,D,average,20,200.0,0.87,13,0,0,2
Delayed_Ships_[#],13_00_00_02,D,average,60,490.0,0.86,13,0,0,2
Delayed_Ships_[#],13_00_00_02,D,average,100,770.0,0.85,13,0,0,2
Delayed_Ships_[#],13_00_00_02,D&G,average,20,200.0,0.87,13,0,0,2
Delayed_Ships_[#],13_00_00_02,D&G,average,60,480.0,0.86,13,0,0,2
Delayed_Ships_[#],13_00_00_02,D&G,average,100,750.0,0.85,13,0,0,2
Delayed_Ships_[#],13_00_00_02,D&G&Wp,average,20,200.0,0.86,13,0,0,2
Delayed_Ships_[#],13_00_00_02,D&G&Wp,average,60,470.0,0.76,13,0,0,2
Delayed_Ships_[#],13_00_00_02,D&G&Wp,average,100,700.0,0.67,13,0,0,2
Delayed_Ships_[#],13_00_00_02,D&Wp,average,20,200.0,0.86,13,0,0,2
Delayed_Ships_[#],13_00_00_02,D&Wp,average,60,470.0,0.72,13,0,0,2
Delayed_Ships_[#],13_00_00_02,D&Wp,average,100,690.0,0.6,13,0,0,2
Delayed_Ships_[#],13_00_00_02,G,average,20,200.0,0.87,13,0,0,2
Delayed_Ships_[#],13_00_00_02,G,average,60,470.0,0.86,13,0,0,2
Delayed_Ships_[#],13_00_00_02,G,average,100,720.0,0.85,13,0,0,2
Delayed_Ships_[#],13_00_00_02,G&Wp,average,20,200.0,0.86,13,0,0,2
Delayed_Ships_[#],13_00_00_02,G&Wp,average,60,460.0,0.72,13,0,0,2
Delayed_Ships_[#],13_00_00_02,G&Wp,average,100,670.0,0.6,13,0,0,2
Delayed_Ships_[#],13_00_00_02,Wp,average,20,210.0,0.86,13,0,0,2
Delayed_Ships_[#],13_00_00_02,Wp,average,60,450.0,0.62,13,0,0,2
Delayed_Ships_[#],13_00_00_02,Wp,average,100,610.0,0.44,13,0,0,2
Delayed_Ships_[#],13_00_00_04,D,average,20,140.0,0.59,13,0,0,4
Delayed_Ships_[#],13_00_00_04,D,average,60,450.0,0.8,13,0,0,4
Delayed_Ships_[#],13_00_00_04,D,average,100,760.0,0.84,13,0,0,4
Delayed_Ships_[#],13_00_00_04,D&G,average,20,130.0,0.59,13,0,0,4
Delayed_Ships_[#],13_00_00_04,D&G,average,60,450.0,0.81,13,0,0,4
Delayed_Ships_[#],13_00_00_04,D&G,average,100,740.0,0.85,13,0,0,4
Delayed_Ships_[#],13_00_00_04,D&G&Wp,average,20,140.0,0.58,13,0,0,4
Delayed_Ships_[#],13_00_00_04,D&G&Wp,average,60,440.0,0.71,13,0,0,4
Delayed_Ships_[#],13_00_00_04,D&G&Wp,average,100,690.0,0.65,13,0,0,4
Delayed_Ships_[#],13_00_00_04,D&Wp,average,20,140.0,0.58,13,0,0,4
Delayed_Ships_[#],13_00_00_04,D&Wp,average,60,430.0,0.67,13,0,0,4
Delayed_Ships_[#],13_00_00_04,D&Wp,average,100,670.0,0.58,13,0,0,4
Delayed_Ships_[#],13_00_00_04,G,average,20,130.0,0.59,13,0,0,4
Delayed_Ships_[#],13_00_00_04,G,average,60,440.0,0.81,13,0,0,4
Delayed_Ships_[#],13_00_00_04,G,average,100,720.0,0.86,13,0,0,4
Delayed_Ships_[#],13_00_00_04,G&Wp,average,20,140.0,0.58,13,0,0,4
Delayed_Ships_[#],13_00_00_04,G&Wp,average,60,430.0,0.67,13,0,0,4
Delayed_Ships_[#],13_00_00_04,G&Wp,average,100,650.0,0.58,13,0,0,4
Delayed_Ships_[#],13_00_00_04,Wp,average,20,140.0,0.57,13,0,0,4
Delayed_Ships_[#],13_00_00_04,Wp,average,60,410.0,0.56,13,0,0,4
Delayed_Ships_[#],13_00_00_04,Wp,average,100,570.0,0.41,13,0,0,4
Delayed_Ships_[#],13_00_00_05,D,average,20,140.0,0.59,13,0,0,5
Delayed_Ships_[#],13_00_00_05,D,average,60,350.0,0.62,13,0,0,5
Delayed_Ships_[#],13_00_00_05,D,average,100,520.0,0.57,13,0,0,5
Delayed_Ships_[#],13_00_00_05,D&G,average,20,130.0,0.59,13,0,0,5
Delayed_Ships_[#],13_00_00_05,D&G,average,60,380.0,0.67,13,0,0,5
Delayed_Ships_[#],13_00_00_05,D&G,average,100,560.0,0.64,13,0,0,5
Delayed_Ships_[#],13_00_00_05,D&G&Wp,average,20,140.0,0.58,13,0,0,5
Delayed_Ships_[#],13_00_00_05,D&G&Wp,average,60,360.0,0.59,13,0,0,5
Delayed_Ships_[#],13_00_00_05,D&G&Wp,average,100,550.0,0.52,13,0,0,5
Delayed_Ships_[#],13_00_00_05,D&Wp,average,20,140.0,0.58,13,0,0,5
Delayed_Ships_[#],13_00_00_05,D&Wp,average,60,340.0,0.53,13,0,0,5
Delayed_Ships_[#],13_00_00_05,D&Wp,average,100,520.0,0.45,13,0,0,5
Delayed_Ships_[#],13_00_00_05,G,average,20,130.0,0.59,13,0,0,5
Delayed_Ships_[#],13_00_00_05,G,average,60,400.0,0.73,13,0,0,5
Delayed_Ships_[#],13_00_00_05,G,average,100,590.0,0.7,13,0,0,5
Delayed_Ships_[#],13_00_00_05,G&Wp,average,20,140.0,0.58,13,0,0,5
Delayed_Ships_[#],13_00_00_05,G&Wp,average,60,360.0,0.57,13,0,0,5
Delayed_Ships_[#],13_00_00_05,G&Wp,average,100,560.0,0.5,13,0,0,5
Delayed_Ships_[#],13_00_00_05,Wp,average,20,140.0,0.57,13,0,0,5
Delayed_Ships_[#],13_00_00_05,Wp,average,60,330.0,0.45,13,0,0,5
Delayed_Ships_[#],13_00_00_05,Wp,average,100,520.0,0.37,13,0,0,5
Delayed_Ships_[#],13_00_00_07,D,average,20,110.0,0.47,13,0,0,7
Delayed_Ships_[#],13_00_00_07,D,average,60,170.0,0.29,13,0,0,7
Delayed_Ships_[#],13_00_00_07,D,average,100,220.0,0.24,13,0,0,7
Delayed_Ships_[#],13_00_00_07,D&G,average,20,110.0,0.47,13,0,0,7
Delayed_Ships_[#],13_00_00_07,D&G,average,60,160.0,0.29,13,0,0,7
Delayed_Ships_[#],13_00_00_07,D&G,average,100,210.0,0.24,13,0,0,7
Delayed_Ships_[#],13_00_00_07,D&G&Wp,average,20,110.0,0.46,13,0,0,7
Delayed_Ships_[#],13_00_00_07,D&G&Wp,average,60,180.0,0.29,13,0,0,7
Delayed_Ships_[#],13_00_00_07,D&G&Wp,average,100,280.0,0.26,13,0,0,7
Delayed_Ships_[#],13_00_00_07,D&Wp,average,20,110.0,0.46,13,0,0,7
Delayed_Ships_[#],13_00_00_07,D&Wp,average,60,190.0,0.29,13,0,0,7
Delayed_Ships_[#],13_00_00_07,D&Wp,average,100,320.0,0.27,13,0,0,7
Delayed_Ships_[#],13_00_00_07,G,average,20,110.0,0.47,13,0,0,7
Delayed_Ships_[#],13_00_00_07,G,average,60,160.0,0.29,13,0,0,7
Delayed_Ships_[#],13_00_00_07,G,average,100,200.0,0.24,13,0,0,7
Delayed_Ships_[#],13_00_00_07,G&Wp,average,20,110.0,0.46,13,0,0,7
Delayed_Ships_[#],13_00_00_07,G&Wp,average,60,190.0,0.29,13,0,0,7
Delayed_Ships_[#],13_00_00_07,G&Wp,average,100,310.0,0.27,13,0,0,7
Delayed_Ships_[#],13_00_00_07,Wp,average,20,110.0,0.45,13,0,0,7
Delayed_Ships_[#],13_00_00_07,Wp,average,60,220.0,0.3,13,0,0,7
Delayed_Ships_[#],13_00_00_07,Wp,average,100,410.0,0.3,13,0,0,7
Delayed_Ships_[#],13_00_00_08,D,average,20,110.0,0.47,13,0,0,8
Delayed_Ships_[#],13_00_00_08,D,average,60,170.0,0.29,13,0,0,8
Delayed_Ships_[#],13_00_00_08,D,average,100,220.0,0.24,13,0,0,8
Delayed_Ships_[#],13_00_00_08,D&G,average,20,110.0,0.47,13,0,0,8
Delayed_Ships_[#],13_00_00_08,D&G,average,60,160.0,0.29,13,0,0,8
Delayed_Ships_[#],13_00_00_08,D&G,average,100,210.0,0.24,13,0,0,8
Delayed_Ships_[#],13_00_00_08,D&G&Wp,average,20,110.0,0.46,13,0,0,8
Delayed_Ships_[#],13_00_00_08,D&G&Wp,average,60,180.0,0.29,13,0,0,8
Delayed_Ships_[#],13_00_00_08,D&G&Wp,average,100,280.0,0.26,13,0,0,8
Delayed_Ships_[#],13_00_00_08,D&Wp,average,20,110.0,0.46,13,0,0,8
Delayed_Ships_[#],13_00_00_08,D&Wp,average,60,190.0,0.29,13,0,0,8
Delayed_Ships_[#],13_00_00_08,D&Wp,average,100,320.0,0.27,13,0,0,8
Delayed_Ships_[#],13_00_00_08,G,average,20,110.0,0.47,13,0,0,8
Delayed_Ships_[#],13_00_00_08,G,average,60,160.0,0.29,13,0,0,8
Delayed_Ships_[#],13_00_00_08,G,average,100,200.0,0.24,13,0,0,8
Delayed_Ships_[#],13_00_00_08,G&Wp,average,20,110.0,0.46,13,0,0,8
Delayed_Ships_[#],13_00_00_08,G&Wp,average,60,190.0,0.29,13,0,0,8
Delayed_Ships_[#],13_00_00_08,G&Wp,average,100,310.0,0.27,13,0,0,8
Delayed_Ships_[#],13_00_00_08,Wp,average,20,110.0,0.45,13,0,0,8
Delayed_Ships_[#],13_00_00_08,Wp,average,60,220.0,0.3,13,0,0,8
Delayed_Ships_[#],13_00_00_08,Wp,average,100,410.0,0.3,13,0,0,8
Delayed_Ships_[#],13_00_00_09,D,average,20,110.0,0.47,13,0,0,9
Delayed_Ships_[#],13_00_00_09,D,average,60,170.0,0.29,13,0,0,9
Delayed_Ships_[#],13_00_00_09,D,average,100,220.0,0.24,13,0,0,9
Delayed_Ships_[#],13_00_00_09,D&G,average,20,110.0,0.47,13,0,0,9
Delayed_Ships_[#],13_00_00_09,D&G,average,60,160.0,0.29,13,0,0,9
Delayed_Ships_[#],13_00_00_09,D&G,average,100,210.0,0.24,13,0,0,9
Delayed_Ships_[#],13_00_00_09,D&G&Wp,average,20,110.0,0.46,13,0,0,9
Delayed_Ships_[#],13_00_00_09,D&G&Wp,average,60,180.0,0.29,13,0,0,9
Delayed_Ships_[#],13_00_00_09,D&G&Wp,average,100,280.0,0.26,13,0,0,9
Delayed_Ships_[#],13_00_00_09,D&Wp,average,20,110.0,0.46,13,0,0,9
Delayed_Ships_[#],13_00_00_09,D&Wp,average,60,190.0,0.29,13,0,0,9
Delayed_Ships_[#],13_00_00_09,D&Wp,average,100,320.0,0.27,13,0,0,9
Delayed_Ships_[#],13_00_00_09,G,average,20,110.0,0.47,13,0,0,9
Delayed_Ships_[#],13_00_00_09,G,average,60,160.0,0.29,13,0,0,9
Delayed_Ships_[#],13_00_00_09,G,average,100,200.0,0.24,13,0,0,9
Delayed_Ships_[#],13_00_00_09,G&Wp,average,20,110.0,0.46,13,0,0,9
Delayed_Ships_[#],13_00_00_09,G&Wp,average,60,190.0,0.29,13,0,0,9
Delayed_Ships_[#],13_00_00_09,G&Wp,average,100,310.0,0.27,13,0,0,9
Delayed_Ships_[#],13_00_00_09,Wp,average,20,110.0,0.45,13,0,0,9
Delayed_Ships_[#],13_00_00_09,Wp,average,60,220.0,0.3,13,0,0,9
Delayed_Ships_[#],13_00_00_09,Wp,average,100,410.0,0.3,13,0,0,9
Shipping_Costs_[MEUR],00_00_00_00,D,average,20,0.0,0.0,0,0,0,0
Shipping_Costs_[MEUR],00_00_00_00,D,average,60,0.0,0.0,0,0,0,0
Shipping_Costs_[MEUR],00_00_00_00,D,average,100,0.0,0.0,0,0,0,0
Shipping_Costs_[MEUR],00_00_00_00,D&G,average,20,0.0,0.0,0,0,0,0
Shipping_Costs_[MEUR],00_00_00_00,D&G,average,60,0.0,0.0,0,0,0,0
Shipping_Costs_[MEUR],00_00_00_00,D&G,average,100,0.0,0.0,0,0,0,0
Shipping_Costs_[MEUR],00_00_00_00,D&G&Wp,average,20,0.0,0.0,0,0,0,0
Shipping_Costs_[MEUR],00_00_00_00,D&G&Wp,average,60,0.0,0.0,0,0,0,0
Shipping_Costs_[MEUR],00_00_00_00,D&G&Wp,average,100,0.0,0.0,0,0,0,0
Shipping_Costs_[MEUR],00_00_00_00,D&Wp,average,20,0.0,0.0,0,0,0,0
Shipping_Costs_[MEUR],00_00_00_00,D&Wp,average,60,0.0,0.0,0,0,0,0
Shipping_Costs_[MEUR],00_00_00_00,D&Wp,average,100,0.0,0.0,0,0,0,0
Shipping_Costs_[MEUR],00_00_00_00,G,average,20,0.0,0.0,0,0,0,0
Shipping_Costs_[MEUR],00_00_00_00,G,average,60,0.0,0.0,0,0,0,0
Shipping_Costs_[MEUR],00_00_00_00,G,average,100,0.0,0.0,0,0,0,0
Shipping_Costs_[MEUR],00_00_00_00,G&Wp,average,20,0.0,0.0,0,0,0,0
Shipping_Costs_[MEUR],00_00_00_00,G&Wp,average,60,0.0,0.0,0,0,0,0
Shipping_Costs_[MEUR],00_00_00_00,G&Wp,average,100,0.0,0.0,0,0,0,0
Shipping_Costs_[MEUR],00_00_00_00,Wp,average,20,0.0,0.0,0,0,0,0
Shipping_Costs_[MEUR],00_00_00_00,Wp,average,60,0.0,0.0,0,0,0,0
Shipping_Costs_[MEUR],00_00_00_00,Wp,average,100,0.0,0.0,0,0,0,0
Shipping_Costs_[MEUR],00_00_00_01,D,average,20,550.0,0.42,0,0,0,1
Shipping_Costs_[MEUR],00_00_00_01,D,average,60,1090.0,0.51,0,0,0,1
Shipping_Costs_[MEUR],00_00_00_01,D,average,100,1550.0,0.47,0,0,0,1
Shipping_Costs_[MEUR],00_00_00_01,D&G,average,20,550.0,0.42,0,0,0,1
Shipping_Costs_[MEUR],00_00_00_01,D&G,average,60,1090.0,0.51,0,0,0,1
Shipping_Costs_[MEUR],00_00_00_01,D&G,average,100,1550.0,0.47,0,0,0,1
Shipping_Costs_[MEUR],00_00_00_01,D&G&Wp,average,20,590.0,0.45,0,0,0,1
Shipping_Costs_[MEUR],00_00_00_01,D&G&Wp,average,60,1300.0,0.6,0,0,0,1
Shipping_Costs_[MEUR],00_00_00_01,D&G&Wp,average,100,1850.0,0.56,0,0,0,1
Shipping_Costs_[MEUR],00_00_00_01,D&Wp,average,20,600.0,0.46,0,0,0,1
Shipping_Costs_[MEUR],00_00_00_01,D&Wp,average,60,1400.0,0.65,0,0,0,1
Shipping_Costs_[MEUR],00_00_00_01,D&Wp,average,100,2010.0,0.61,0,0,0,1
Shipping_Costs_[MEUR],00_00_00_01,G,average,20,550.0,0.42,0,0,0,1
Shipping_Costs_[MEUR],00_00_00_01,G,average,60,1090.0,0.51,0,0,0,1
Shipping_Costs_[MEUR],00_00_00_01,G,average,100,1550.0,0.47,0,0,0,1
Shipping_Costs_[MEUR],00_00_00_01,G&Wp,average,20,600.0,0.46,0,0,0,1
Shipping_Costs_[MEUR],00_00_00_01,G&Wp,average,60,1400.0,0.65,0,0,0,1
Shipping_Costs_[MEUR],00_00_00_01,G&Wp,average,100,2010.0,0.61,0,0,0,1
Shipping_Costs_[MEUR],00_00_00_01,Wp,average,20,650.0,0.5,0,0,0,1
Shipping_Costs_[MEUR],00_00_00_01,Wp,average,60,1710.0,0.79,0,0,0,1
Shipping_Costs_[MEUR],00_00_00_01,Wp,average,100,2460.0,0.75,0,0,0,1
Shipping_Costs_[MEUR],00_00_00_02,D,average,20,20.0,0.01,0,0,0,2
Shipping_Costs_[MEUR],00_00_00_02,D,average,60,90.0,0.04,0,0,0,2
Shipping_Costs_[MEUR],00_00_00_02,D,average,100,170.0,0.05,0,0,0,2
Shipping_Costs_[MEUR],00_00_00_02,D&G,average,20,20.0,0.01,0,0,0,2
Shipping_Costs_[MEUR],00_00_00_02,D&G,average,60,90.0,0.04,0,0,0,2
Shipping_Costs_[MEUR],00_00_00_02,D&G,average,100,170.0,0.05,0,0,0,2
Shipping_Costs_[MEUR],00_00_00_02,D&G&Wp,average,20,20.0,0.01,0,0,0,2
Shipping_Costs_[MEUR],00_00_00_02,D&G&Wp,average,60,540.0,0.25,0,0,0,2
Shipping_Costs_[MEUR],00_00_00_02,D&G&Wp,average,100,880.0,0.26,0,0,0,2
Shipping_Costs_[MEUR],00_00_00_02,D&Wp,average,20,20.0,0.01,0,0,0,2
Shipping_Costs_[MEUR],00_00_00_02,D&Wp,average,60,770.0,0.35,0,0,0,2
Shipping_Costs_[MEUR],00_00_00_02,D&Wp,average,100,1230.0,0.37,0,0,0,2
Shipping_Costs_[MEUR],00_00_00_02,G,average,20,20.0,0.01,0,0,0,2
Shipping_Costs_[MEUR],00_00_00_02,G,average,60,90.0,0.04,0,0,0,2
Shipping_Costs_[MEUR],00_00_00_02,G,average,100,160.0,0.05,0,0,0,2
Shipping_Costs_[MEUR],00_00_00_02,G&Wp,average,20,20.0,0.01,0,0,0,2
Shipping_Costs_[MEUR],00_00_00_02,G&Wp,average,60,770.0,0.35,0,0,0,2
Shipping_Costs_[MEUR],00_00_00_02,G&Wp,average,100,1230.0,0.37,0,0,0,2
Shipping_Costs_[MEUR],00_00_00_02,Wp,average,20,20.0,0.01,0,0,0,2
Shipping_Costs_[MEUR],00_00_00_02,Wp,average,60,1440.0,0.67,0,0,0,2
Shipping_Costs_[MEUR],00_00_00_02,Wp,average,100,2300.0,0.69,0,0,0,2
Shipping_Costs_[MEUR],00_00_00_04,D,average,20,50.0,0.03,0,0,0,4
Shipping_Costs_[MEUR],00_00_00_04,D,average,60,150.0,0.07,0,0,0,4
Shipping_Costs_[MEUR],00_00_00_04,D,average,100,260.0,0.08,0,0,0,4
Shipping_Costs_[MEUR],00_00_00_04,D&G,average,20,50.0,0.03,0,0,0,4
Shipping_Costs_[MEUR],00_00_00_04,D&G,average,60,150.0,0.07,0,0,0,4
Shipping_Costs_[MEUR],00_00_00_04,D&G,average,100,260.0,0.08,0,0,0,4
Shipping_Costs_[MEUR],00_00_00_04,D&G&Wp,average,20,50.0,0.03,0,0,0,4
Shipping_Costs_[MEUR],00_00_00_04,D&G&Wp,average,60,580.0,0.27,0,0,0,4
Shipping_Costs_[MEUR],00_00_00_04,D&G&Wp,average,100,940.0,0.28,0,0,0,4
Shipping_Costs_[MEUR],00_00_00_04,D&Wp,average,20,50.0,0.03,0,0,0,4
Shipping_Costs_[MEUR],00_00_00_04,D&Wp,average,60,800.0,0.37,0,0,0,4
Shipping_Costs_[MEUR],00_00_00_04,D&Wp,average,100,1280.0,0.39,0,0,0,4
Shipping_Costs_[MEUR],00_00_00_04,G,average,20,50.0,0.03,0,0,0,4
Shipping_Costs_[MEUR],00_00_00_04,G,average,60,150.0,0.07,0,0,0,4
Shipping_Costs_[MEUR],00_00_00_04,G,average,100,260.0,0.08,0,0,0,4
Shipping_Costs_[MEUR],00_00_00_04,G&Wp,average,20,50.0,0.03,0,0,0,4
Shipping_Costs_[MEUR],00_00_00_04,G&Wp,average,60,800.0,0.37,0,0,0,4
Shipping_Costs_[MEUR],00_00_00_04,G&Wp,average,100,1280.0,0.39,0,0,0,4
Shipping_Costs_[MEUR],00_00_00_04,Wp,average,20,50.0,0.03,0,0,0,4
Shipping_Costs_[MEUR],00_00_00_04,Wp,average,60,1440.0,0.67,0,0,0,4
Shipping_Costs_[MEUR],00_00_00_04,Wp,average,100,2300.0,0.69,0,0,0,4
Shipping_Costs_[MEUR],00_00_00_05,D,average,20,50.0,0.03,0,0,0,5
Shipping_Costs_[MEUR],00_00_00_05,D,average,60,1030.0,0.48,0,0,0,5
Shipping_Costs_[MEUR],00_00_00_05,D,average,100,1580.0,0.48,0,0,0,5
Shipping_Costs_[MEUR],00_00_00_05,D&G,average,20,50.0,0.03,0,0,0,5
Shipping_Costs_[MEUR],00_00_00_05,D&G,average,60,810.0,0.37,0,0,0,5
Shipping_Costs_[MEUR],00_00_00_05,D&G,average,100,1320.0,0.4,0,0,0,5
Shipping_Costs_[MEUR],00_00_00_05,D&G&Wp,average,20,50.0,0.03,0,0,0,5
Shipping_Costs_[MEUR],00_00_00_05,D&G&Wp,average,60,1090.0,0.5,0,0,0,5
Shipping_Costs_[MEUR],00_00_00_05,D&G&Wp,average,100,1720.0,0.52,0,0,0,5
Shipping_Costs_[MEUR],00_00_00_05,D&Wp,average,20,50.0,0.03,0,0,0,5
Shipping_Costs_[MEUR],00_00_00_05,D&Wp,average,60,1340.0,0.62,0,0,0,5
Shipping_Costs_[MEUR],00_00_00_05,D&Wp,average,100,2040.0,0.62,0,0,0,5
Shipping_Costs_[MEUR],00_00_00_05,G,average,20,50.0,0.03,0,0,0,5
Shipping_Costs_[MEUR],00_00_00_05,G,average,60,580.0,0.27,0,0,0,5
Shipping_Costs_[MEUR],00_00_00_05,G,average,100,1070.0,0.32,0,0,0,5
Shipping_Costs_[MEUR],00_00_00_05,G&Wp,average,20,50.0,0.03,0,0,0,5
Shipping_Costs_[MEUR],00_00_00_05,G&Wp,average,60,1120.0,0.52,0,0,0,5
Shipping_Costs_[MEUR],00_00_00_05,G&Wp,average,100,1780.0,0.54,0,0,0,5
Shipping_Costs_[MEUR],00_00_00_05,Wp,average,20,50.0,0.03,0,0,0,5
Shipping_Costs_[MEUR],00_00_00_05,Wp,average,60,1650.0,0.77,0,0,0,5
Shipping_Costs_[MEUR],00_00_00_05,Wp,average,100,2500.0,0.76,0,0,0,5
Shipping_Costs_[MEUR],00_00_00_07,D,average,20,1240.0,0.95,0,0,0,7
Shipping_Costs_[MEUR],00_00_00_07,D,average,60,1980.0,0.92,0,0,0,7
Shipping_Costs_[MEUR],00_00_00_07,D,average,100,2720.0,0.82,0,0,0,7
Shipping_Costs_[MEUR],00_00_00_07,D&G,average,20,1240.0,0.95,0,0,0,7
Shipping_Costs_[MEUR],00_00_00_07,D&G,average,60,1980.0,0.92,0,0,0,7
Shipping_Costs_[MEUR],00_00_00_07,D&G,average,100,2720.0,0.82,0,0,0,7
Shipping_Costs_[MEUR],00_00_00_07,D&G&Wp,average,20,1240.0,0.95,0,0,0,7
Shipping_Costs_[MEUR],00_00_00_07,D&G&Wp,average,60,1980.0,0.92,0,0,0,7
Shipping_Costs_[MEUR],00_00_00_07,D&G&Wp,average,100,2720.0,0.82,0,0,0,7
Shipping_Costs_[MEUR],00_00_00_07,D&Wp,average,20,1240.0,0.95,0,0,0,7
Shipping_Costs_[MEUR],00_00_00_07,D&Wp,average,60,1980.0,0.92,0,0,0,7
Shipping_Costs_[MEUR],00_00_00_07,D&Wp,average,100,2720.0,0.82,0,0,0,7
Shipping_Costs_[MEUR],00_00_00_07,G,average,20,1240.0,0.95,0,0,0,7
Shipping_Costs_[MEUR],00_00_00_07,G,average,60,1980.0,0.92,0,0,0,7
Shipping_Costs_[MEUR],00_00_00_07,G,average,100,2720.0,0.82,0,0,0,7
Shipping_Costs_[MEUR],00_00_00_07,G&Wp,average,20,1240.0,0.95,0,0,0,7
Shipping_Costs_[MEUR],00_00_00_07,G&Wp,average,60,1980.0,0.92,0,0,0,7
Shipping_Costs_[MEUR],00_00_00_07,G&Wp,average,100,2720.0,0.82,0,0,0,7
Shipping_Costs_[MEUR],00_00_00_07,Wp,average,20,1240.0,0.95,0,0,0,7
Shipping_Costs_[MEUR],00_00_00_07,Wp,average,60,1990.0,0.92,0,0,0,7
Shipping_Costs_[MEUR],00_00_00_07,Wp,average,100,2730.0,0.83,0,0,0,7
Shipping_Costs_[MEUR],00_00_00_08,D,average,20,1240.0,0.95,0,0,0,8
Shipping_Costs_[MEUR],00_00_00_08,D,average,60,1980.0,0.92,0,0,0,8
Shipping_Costs_[MEUR],00_00_00_08,D,average,100,2720.0,0.82,0,0,0,8
Shipping_Costs_[MEUR],00_00_00_08,D&G,average,20,1240.0,0.95,0,0,0,8
Shipping_Costs_[MEUR],00_00_00_08,D&G,average,60,1980.0,0.92,0,0,0,8
Shipping_Costs_[MEUR],00_00_00_08,D&G,average,100,2720.0,0.82,0,0,0,8
Shipping_Costs_[MEUR],00_00_00_08,D&G&Wp,average,20,1240.0,0.95,0,0,0,8
Shipping_Costs_[MEUR],00_00_00_08,D&G&Wp,average,60,1980.0,0.92,0,0,0,8
Shipping_Costs_[MEUR],00_00_00_08,D&G&Wp,average,100,2720.0,0.82,0,0,0,8
Shipping_Costs_[MEUR],00_00_00_08,D&Wp,average,20,1240.0,0.95,0,0,0,8
Shipping_Costs_[MEUR],00_00_00_08,D&Wp,average,60,1980.0,0.92,0,0,0,8
Shipping_Costs_[MEUR],00_00_00_08,D&Wp,average,100,2720.0,0.82,0,0,0,8
Shipping_Costs_[MEUR],00_00_00_08,G,average,20,1240.0,0.95,0,0,0,8
Shipping_Costs_[MEUR],00_00_00_08,G,average,60,1980.0,0.92,0,0,0,8
Shipping_Costs_[MEUR],00_00_00_08,G,average,100,2720.0,0.82,0,0,0,8
Shipping_Costs_[MEUR],00_00_00_08,G&Wp,average,20,1240.0,0.95,0,0,0,8
Shipping_Costs_[MEUR],00_00_00_08,G&Wp,average,60,1980.0,0.92,0,0,0,8
Shipping_Costs_[MEUR],00_00_00_08,G&Wp,average,100,2720.0,0.82,0,0,0,8
Shipping_Costs_[MEUR],00_00_00_08,Wp,average,20,1240.0,0.95,0,0,0,8
Shipping_Costs_[MEUR],00_00_00_08,Wp,average,60,1990.0,0.92,0,0,0,8
Shipping_Costs_[MEUR],00_00_00_08,Wp,average,100,2730.0,0.83,0,0,0,8
Shipping_Costs_[MEUR],00_00_00_09,D,average,20,1240.0,0.95,0,0,0,9
Shipping_Costs_[MEUR],00_00_00_09,D,average,60,1980.0,0.92,0,0,0,9
Shipping_Costs_[MEUR],00_00_00_09,D,average,100,2720.0,0.82,0,0,0,9
Shipping_Costs_[MEUR],00_00_00_09,D&G,average,20,1240.0,0.95,0,0,0,9
Shipping_Costs_[MEUR],00_00_00_09,D&G,average,60,1980.0,0.92,0,0,0,9
Shipping_Costs_[MEUR],00_00_00_09,D&G,average,100,2720.0,0.82,0,0,0,9
Shipping_Costs_[MEUR],00_00_00_09,D&G&Wp,average,20,1240.0,0.95,0,0,0,9
Shipping_Costs_[MEUR],00_00_00_09,D&G&Wp,average,60,1980.0,0.92,0,0,0,9
Shipping_Costs_[MEUR],00_00_00_09,D&G&Wp,average,100,2720.0,0.82,0,0,0,9
Shipping_Costs_[MEUR],00_00_00_09,D&Wp,average,20,1240.0,0.95,0,0,0,9
Shipping_Costs_[MEUR],00_00_00_09,D&Wp,average,60,1980.0,0.92,0,0,0,9
Shipping_Costs_[MEUR],00_00_00_09,D&Wp,average,100,2720.0,0.82,0,0,0,9
Shipping_Costs_[MEUR],00_00_00_09,G,average,20,1240.0,0.95,0,0,0,9
Shipping_Costs_[MEUR],00_00_00_09,G,average,60,1980.0,0.92,0,0,0,9
Shipping_Costs_[MEUR],00_00_00_09,G,average,100,2720.0,0.82,0,0,0,9
Shipping_Costs_[MEUR],00_00_00_09,G&Wp,average,20,1240.0,0.95,0,0,0,9
Shipping_Costs_[MEUR],00_00_00_09,G&Wp,average,60,1980.0,0.92,0,0,0,9
Shipping_Costs_[MEUR],00_00_00_09,G&Wp,average,100,2720.0,0.82,0,0,0,9
Shipping_Costs_[MEUR],00_00_00_09,Wp,average,20,1240.0,0.95,0,0,0,9
Shipping_Costs_[MEUR],00_00_00_09,Wp,average,60,1990.0,0.92,0,0,0,9
Shipping_Costs_[MEUR],00_00_00_09,Wp,average,100,2730.0,0.83,0,0,0,9
Shipping_Costs_[MEUR],01_00_00_00,D,average,20,0.0,0.0,1,0,0,0
Shipping_Costs_[MEUR],01_00_00_00,D,average,60,0.0,0.0,1,0,0,0
Shipping_Costs_[MEUR],01_00_00_00,D,average,100,0.0,0.0,1,0,0,0
Shipping_Costs_[MEUR],01_00_00_00,D&G,average,20,0.0,0.0,1,0,0,0
Shipping_Costs_[MEUR],01_00_00_00,D&G,average,60,0.0,0.0,1,0,0,0
Shipping_Costs_[MEUR],01_00_00_00,D&G,average,100,0.0,0.0,1,0,0,0
Shipping_Costs_[MEUR],01_00_00_00,D&G&Wp,average,20,0.0,0.0,1,0,0,0
Shipping_Costs_[MEUR],01_00_00_00,D&G&Wp,average,60,0.0,0.0,1,0,0,0
Shipping_Costs_[MEUR],01_00_00_00,D&G&Wp,average,100,0.0,0.0,1,0,0,0
Shipping_Costs_[MEUR],01_00_00_00,D&Wp,average,20,0.0,0.0,1,0,0,0
Shipping_Costs_[MEUR],01_00_00_00,D&Wp,average,60,0.0,0.0,1,0,0,0
Shipping_Costs_[MEUR],01_00_00_00,D&Wp,average,100,0.0,0.0,1,0,0,0
Shipping_Costs_[MEUR],01_00_00_00,G,average,20,0.0,0.0,1,0,0,0
Shipping_Costs_[MEUR],01_00_00_00,G,average,60,0.0,0.0,1,0,0,0
Shipping_Costs_[MEUR],01_00_00_00,G,average,100,0.0,0.0,1,0,0,0
Shipping_Costs_[MEUR],01_00_00_00,G&Wp,average,20,0.0,0.0,1,0,0,0
Shipping_Costs_[MEUR],01_00_00_00,G&Wp,average,60,0.0,0.0,1,0,0,0
Shipping_Costs_[MEUR],01_00_00_00,G&Wp,average,100,0.0,0.0,1,0,0,0
Shipping_Costs_[MEUR],01_00_00_00,Wp,average,20,0.0,0.0,1,0,0,0
Shipping_Costs_[MEUR],01_00_00_00,Wp,average,60,0.0,0.0,1,0,0,0
Shipping_Costs_[MEUR],01_00_00_00,Wp,average,100,0.0,0.0,1,0,0,0
Shipping_Costs_[MEUR],01_00_00_01,D,average,20,550.0,0.42,1,0,0,1
Shipping_Costs_[MEUR],01_00_00_01,D,average,60,1090.0,0.51,1,0,0,1
Shipping_Costs_[MEUR],01_00_00_01,D,average,100,1550.0,0.47,1,0,0,1
Shipping_Costs_[MEUR],01_00_00_01,D&G,average,20,550.0,0.42,1,0,0,1
Shipping_Costs_[MEUR],01_00_00_01,D&G,average,60,1090.0,0.51,1,0,0,1
Shipping_Costs_[MEUR],01_00_00_01,D&G,average,100,1550.0,0.47,1,0,0,1
Shipping_Costs_[MEUR],01_00_00_01,D&G&Wp,average,20,590.0,0.45,1,0,0,1
Shipping_Costs_[MEUR],01_00_00_01,D&G&Wp,average,60,1300.0,0.6,1,0,0,1
Shipping_Costs_[MEUR],01_00_00_01,D&G&Wp,average,100,1850.0,0.56,1,0,0,1
Shipping_Costs_[MEUR],01_00_00_01,D&Wp,average,20,600.0,0.46,1,0,0,1
Shipping_Costs_[MEUR],01_00_00_01,D&Wp,average,60,1400.0,0.65,1,0,0,1
Shipping_Costs_[MEUR],01_00_00_01,D&Wp,average,100,2010.0,0.61,1,0,0,1
Shipping_Costs_[MEUR],01_00_00_01,G,average,20,550.0,0.42,1,0,0,1
Shipping_Costs_[MEUR],01_00_00_01,G,average,60,1090.0,0.51,1,0,0,1
Shipping_Costs_[MEUR],01_00_00_01,G,average,100,1550.0,0.47,1,0,0,1
Shipping_Costs_[MEUR],01_00_00_01,G&Wp,average,20,600.0,0.46,1,0,0,1
Shipping_Costs_[MEUR],01_00_00_01,G&Wp,average,60,1400.0,0.65,1,0,0,1
Shipping_Costs_[MEUR],01_00_00_01,G&Wp,average,100,2010.0,0.61,1,0,0,1
Shipping_Costs_[MEUR],01_00_00_01,Wp,average,20,650.0,0.5,1,0,0,1
Shipping_Costs_[MEUR],01_00_00_01,Wp,average,60,1710.0,0.79,1,0,0,1
Shipping_Costs_[MEUR],01_00_00_01,Wp,average,100,2460.0,0.75,1,0,0,1
Shipping_Costs_[MEUR],01_00_00_02,D,average,20,20.0,0.01,1,0,0,2
Shipping_Costs_[MEUR],01_00_00_02,D,average,60,90.0,0.04,1,0,0,2
Shipping_Costs_[MEUR],01_00_00_02,D,average,100,170.0,0.05,1,0,0,2
Shipping_Costs_[MEUR],01_00_00_02,D&G,average,20,20.0,0.01,1,0,0,2
Shipping_Costs_[MEUR],01_00_00_02,D&G,average,60,90.0,0.04,1,0,0,2
Shipping_Costs_[MEUR],01_00_00_02,D&G,average,100,170.0,0.05,1,0,0,2
Shipping_Costs_[MEUR],01_00_00_02,D&G&Wp,average,20,20.0,0.01,1,0,0,2
Shipping_Costs_[MEUR],01_00_00_02,D&G&Wp,average,60,540.0,0.25,1,0,0,2
Shipping_Costs_[MEUR],01_00_00_02,D&G&Wp,average,100,880.0,0.26,1,0,0,2
Shipping_Costs_[MEUR],01_00_00_02,D&Wp,average,20,20.0,0.01,1,0,0,2
Shipping_Costs_[MEUR],01_00_00_02,D&Wp,average,60,770.0,0.35,1,0,0,2
Shipping_Costs_[MEUR],01_00_00_02,D&Wp,average,100,1230.0,0.37,1,0,0,2
Shipping_Costs_[MEUR],01_00_00_02,G,average,20,20.0,0.01,1,0,0,2
Shipping_Costs_[MEUR],01_00_00_02,G,average,60,90.0,0.04,1,0,0,2
Shipping_Costs_[MEUR],01_00_00_02,G,average,100,160.0,0.05,1,0,0,2
Shipping_Costs_[MEUR],01_00_00_02,G&Wp,average,20,20.0,0.01,1,0,0,2
Shipping_Costs_[MEUR],01_00_00_02,G&Wp,average,60,770.0,0.35,1,0,0,2
Shipping_Costs_[MEUR],01_00_00_02,G&Wp,average,100,1230.0,0.37,1,0,0,2
Shipping_Costs_[MEUR],01_00_00_02,Wp,average,20,20.0,0.01,1,0,0,2
Shipping_Costs_[MEUR],01_00_00_02,Wp,average,60,1440.0,0.67,1,0,0,2
Shipping_Costs_[MEUR],01_00_00_02,Wp,average,100,2300.0,0.69,1,0,0,2
Shipping_Costs_[MEUR],01_00_00_04,D,average,20,50.0,0.03,1,0,0,4
Shipping_Costs_[MEUR],01_00_00_04,D,average,60,150.0,0.07,1,0,0,4
Shipping_Costs_[MEUR],01_00_00_04,D,average,100,260.0,0.08,1,0,0,4
Shipping_Costs_[MEUR],01_00_00_04,D&G,average,20,50.0,0.03,1,0,0,4
Shipping_Costs_[MEUR],01_00_00_04,D&G,average,60,150.0,0.07,1,0,0,4
Shipping_Costs_[MEUR],01_00_00_04,D&G,average,100,260.0,0.08,1,0,0,4
Shipping_Costs_[MEUR],01_00_00_04,D&G&Wp,average,20,50.0,0.03,1,0,0,4
Shipping_Costs_[MEUR],01_00_00_04,D&G&Wp,average,60,580.0,0.27,1,0,0,4
Shipping_Costs_[MEUR],01_00_00_04,D&G&Wp,average,100,940.0,0.28,1,0,0,4
Shipping_Costs_[MEUR],01_00_00_04,D&Wp,average,20,50.0,0.03,1,0,0,4
Shipping_Costs_[MEUR],01_00_00_04,D&Wp,average,60,800.0,0.37,1,0,0,4
Shipping_Costs_[MEUR],01_00_00_04,D&Wp,average,100,1280.0,0.39,1,0,0,4
Shipping_Costs_[MEUR],01_00_00_04,G,average,20,50.0,0.03,1,0,0,4
Shipping_Costs_[MEUR],01_00_00_04,G,average,60,150.0,0.07,1,0,0,4
Shipping_Costs_[MEUR],01_00_00_04,G,average,100,260.0,0.08,1,0,0,4
Shipping_Costs_[MEUR],01_00_00_04,G&Wp,average,20,50.0,0.03,1,0,0,4
Shipping_Costs_[MEUR],01_00_00_04,G&Wp,average,60,800.0,0.37,1,0,0,4
Shipping_Costs_[MEUR],01_00_00_04,G&Wp,average,100,1280.0,0.39,1,0,0,4
Shipping_Costs_[MEUR],01_00_00_04,Wp,average,20,50.0,0.03,1,0,0,4
Shipping_Costs_[MEUR],01_00_00_04,Wp,average,60,1440.0,0.67,1,0,0,4
Shipping_Costs_[MEUR],01_00_00_04,Wp,average,100,2300.0,0.69,1,0,0,4
Shipping_Costs_[MEUR],01_00_00_05,D,average,20,50.0,0.03,1,0,0,5
Shipping_Costs_[MEUR],01_00_00_05,D,average,60,1030.0,0.48,1,0,0,5
Shipping_Costs_[MEUR],01_00_00_05,D,average,100,1580.0,0.48,1,0,0,5
Shipping_Costs_[MEUR],01_00_00_05,D&G,average,20,50.0,0.03,1,0,0,5
Shipping_Costs_[MEUR],01_00_00_05,D&G,average,60,810.0,0.37,1,0,0,5
Shipping_Costs_[MEUR],01_00_00_05,D&G,average,100,1320.0,0.4,1,0,0,5
Shipping_Costs_[MEUR],01_00_00_05,D&G&Wp,average,20,50.0,0.03,1,0,0,5
Shipping_Costs_[MEUR],01_00_00_05,D&G&Wp,average,60,1090.0,0.5,1,0,0,5
Shipping_Costs_[MEUR],01_00_00_05,D&G&Wp,average,100,1720.0,0.52,1,0,0,5
Shipping_Costs_[MEUR],01_00_00_05,D&Wp,average,20,50.0,0.03,1,0,0,5
Shipping_Costs_[MEUR],01_00_00_05,D&Wp,average,60,1340.0,0.62,1,0,0,5
Shipping_Costs_[MEUR],01_00_00_05,D&Wp,average,100,2040.0,0.62,1,0,0,5
Shipping_Costs_[MEUR],01_00_00_05,G,average,20,50.0,0.03,1,0,0,5
Shipping_Costs_[MEUR],01_00_00_05,G,average,60,580.0,0.27,1,0,0,5
Shipping_Costs_[MEUR],01_00_00_05,G,average,100,1070.0,0.32,1,0,0,5
Shipping_Costs_[MEUR],01_00_00_05,G&Wp,average,20,50.0,0.03,1,0,0,5
Shipping_Costs_[MEUR],01_00_00_05,G&Wp,average,60,1120.0,0.52,1,0,0,5
Shipping_Costs_[MEUR],01_00_00_05,G&Wp,average,100,1780.0,0.54,1,0,0,5
Shipping_Costs_[MEUR],01_00_00_05,Wp,average,20,50.0,0.03,1,0,0,5
Shipping_Costs_[MEUR],01_00_00_05,Wp,average,60,1650.0,0.77,1,0,0,5
Shipping_Costs_[MEUR],01_00_00_05,Wp,average,100,2500.0,0.76,1,0,0,5
Shipping_Costs_[MEUR],01_00_00_07,D,average,20,1240.0,0.95,1,0,0,7
Shipping_Costs_[MEUR],01_00_00_07,D,average,60,1980.0,0.92,1,0,0,7
Shipping_Costs_[MEUR],01_00_00_07,D,average,100,2720.0,0.82,1,0,0,7
Shipping_Costs_[MEUR],01_00_00_07,D&G,average,20,1240.0,0.95,1,0,0,7
Shipping_Costs_[MEUR],01_00_00_07,D&G,average,60,1980.0,0.92,1,0,0,7
Shipping_Costs_[MEUR],01_00_00_07,D&G,average,100,2720.0,0.82,1,0,0,7
Shipping_Costs_[MEUR],01_00_00_07,D&G&Wp,average,20,1240.0,0.95,1,0,0,7
Shipping_Costs_[MEUR],01_00_00_07,D&G&Wp,average,60,1980.0,0.92,1,0,0,7
Shipping_Costs_[MEUR],01_00_00_07,D&G&Wp,average,100,2720.0,0.82,1,0,0,7
Shipping_Costs_[MEUR],01_00_00_07,D&Wp,average,20,1240.0,0.95,1,0,0,7
Shipping_Costs_[MEUR],01_00_00_07,D&Wp,average,60,1980.0,0.92,1,0,0,7
Shipping_Costs_[MEUR],01_00_00_07,D&Wp,average,100,2720.0,0.82,1,0,0,7
Shipping_Costs_[MEUR],01_00_00_07,G,average,20,1240.0,0.95,1,0,0,7
Shipping_Costs_[MEUR],01_00_00_07,G,average,60,1980.0,0.92,1,0,0,7
Shipping_Costs_[MEUR],01_00_00_07,G,average,100,2720.0,0.82,1,0,0,7
Shipping_Costs_[MEUR],01_00_00_07,G&Wp,average,20,1240.0,0.95,1,0,0,7
Shipping_Costs_[MEUR],01_00_00_07,G&Wp,average,60,1980.0,0.92,1,0,0,7
Shipping_Costs_[MEUR],01_00_00_07,G&Wp,average,100,2720.0,0.82,1,0,0,7
Shipping_Costs_[MEUR],01_00_00_07,Wp,average,20,1240.0,0.95,1,0,0,7
Shipping_Costs_[MEUR],01_00_00_07,Wp,average,60,1990.0,0.92,1,0,0,7
Shipping_Costs_[MEUR],01_00_00_07,Wp,average,100,2730.0,0.83,1,0,0,7
Shipping_Costs_[MEUR],01_00_00_08,D,average,20,1240.0,0.95,1,0,0,8
Shipping_Costs_[MEUR],01_00_00_08,D,average,60,1980.0,0.92,1,0,0,8
Shipping_Costs_[MEUR],01_00_00_08,D,average,100,2720.0,0.82,1,0,0,8
Shipping_Costs_[MEUR],01_00_00_08,D&G,average,20,1240.0,0.95,1,0,0,8
Shipping_Costs_[MEUR],01_00_00_08,D&G,average,60,1980.0,0.92,1,0,0,8
Shipping_Costs_[MEUR],01_00_00_08,D&G,average,100,2720.0,0.82,1,0,0,8
Shipping_Costs_[MEUR],01_00_00_08,D&G&Wp,average,20,1240.0,0.95,1,0,0,8
Shipping_Costs_[MEUR],01_00_00_08,D&G&Wp,average,60,1980.0,0.92,1,0,0,8
Shipping_Costs_[MEUR],01_00_00_08,D&G&Wp,average,100,2720.0,0.82,1,0,0,8
Shipping_Costs_[MEUR],01_00_00_08,D&Wp,average,20,1240.0,0.95,1,0,0,8
Shipping_Costs_[MEUR],01_00_00_08,D&Wp,average,60,1980.0,0.92,1,0,0,8
Shipping_Costs_[MEUR],01_00_00_08,D&Wp,average,100,2720.0,0.82,1,0,0,8
Shipping_Costs_[MEUR],01_00_00_08,G,average,20,1240.0,0.95,1,0,0,8
Shipping_Costs_[MEUR],01_00_00_08,G,average,60,1980.0,0.92,1,0,0,8
Shipping_Costs_[MEUR],01_00_00_08,G,average,100,2720.0,0.82,1,0,0,8
Shipping_Costs_[MEUR],01_00_00_08,G&Wp,average,20,1240.0,0.95,1,0,0,8
Shipping_Costs_[MEUR],01_00_00_08,G&Wp,average,60,1980.0,0.92,1,0,0,8
Shipping_Costs_[MEUR],01_00_00_08,G&Wp,average,100,2720.0,0.82,1,0,0,8
Shipping_Costs_[MEUR],01_00_00_08,Wp,average,20,1240.0,0.95,1,0,0,8
Shipping_Costs_[MEUR],01_00_00_08,Wp,average,60,1990.0,0.92,1,0,0,8
Shipping_Costs_[MEUR],01_00_00_08,Wp,average,100,2730.0,0.83,1,0,0,8
Shipping_Costs_[MEUR],01_00_00_09,D,average,20,1240.0,0.95,1,0,0,9
Shipping_Costs_[MEUR],01_00_00_09,D,average,60,1980.0,0.92,1,0,0,9
Shipping_Costs_[MEUR],01_00_00_09,D,average,100,2720.0,0.82,1,0,0,9
Shipping_Costs_[MEUR],01_00_00_09,D&G,average,20,1240.0,0.95,1,0,0,9
Shipping_Costs_[MEUR],01_00_00_09,D&G,average,60,1980.0,0.92,1,0,0,9
Shipping_Costs_[MEUR],01_00_00_09,D&G,average,100,2720.0,0.82,1,0,0,9
Shipping_Costs_[MEUR],01_00_00_09,D&G&Wp,average,20,1240.0,0.95,1,0,0,9
Shipping_Costs_[MEUR],01_00_00_09,D&G&Wp,average,60,1980.0,0.92,1,0,0,9
Shipping_Costs_[MEUR],01_00_00_09,D&G&Wp,average,100,2720.0,0.82,1,0,0,9
Shipping_Costs_[MEUR],01_00_00_09,D&Wp,average,20,1240.0,0.95,1,0,0,9
Shipping_Costs_[MEUR],01_00_00_09,D&Wp,average,60,1980.0,0.92,1,0,0,9
Shipping_Costs_[MEUR],01_00_00_09,D&Wp,average,100,2720.0,0.82,1,0,0,9
Shipping_Costs_[MEUR],01_00_00_09,G,average,20,1240.0,0.95,1,0,0,9
Shipping_Costs_[MEUR],01_00_00_09,G,average,60,1980.0,0.92,1,0,0,9
Shipping_Costs_[MEUR],01_00_00_09,G,average,100,2720.0,0.82,1,0,0,9
Shipping_Costs_[MEUR],01_00_00_09,G&Wp,average,20,1240.0,0.95,1,0,0,9
Shipping_Costs_[MEUR],01_00_00_09,G&Wp,average,60,1980.0,0.92,1,0,0,9
Shipping_Costs_[MEUR],01_00_00_09,G&Wp,average,100,2720.0,0.82,1,0,0,9
Shipping_Costs_[MEUR],01_00_00_09,Wp,average,20,1240.0,0.95,1,0,0,9
Shipping_Costs_[MEUR],01_00_00_09,Wp,average,60,1990.0,0.92,1,0,0,9
Shipping_Costs_[MEUR],01_00_00_09,Wp,average,100,2730.0,0.83,1,0,0,9
Shipping_Costs_[MEUR],03_00_00_00,D,average,20,0.0,0.0,3,0,0,0
Shipping_Costs_[MEUR],03_00_00_00,D,average,60,0.0,0.0,3,0,0,0
Shipping_Costs_[MEUR],03_00_00_00,D,average,100,0.0,0.0,3,0,0,0
Shipping_Costs_[MEUR],03_00_00_00,D&G,average,20,0.0,0.0,3,0,0,0
Shipping_Costs_[MEUR],03_00_00_00,D&G,average,60,0.0,0.0,3,0,0,0
Shipping_Costs_[MEUR],03_00_00_00,D&G,average,100,0.0,0.0,3,0,0,0
Shipping_Costs_[MEUR],03_00_00_00,D&G&Wp,average,20,0.0,0.0,3,0,0,0
Shipping_Costs_[MEUR],03_00_00_00,D&G&Wp,average,60,0.0,0.0,3,0,0,0
Shipping_Costs_[MEUR],03_00_00_00,D&G&Wp,average,100,0.0,0.0,3,0,0,0
Shipping_Costs_[MEUR],03_00_00_00,D&Wp,average,20,0.0,0.0,3,0,0,0
Shipping_Costs_[MEUR],03_00_00_00,D&Wp,average,60,0.0,0.0,3,0,0,0
Shipping_Costs_[MEUR],03_00_00_00,D&Wp,average,100,0.0,0.0,3,0,0,0
Shipping_Costs_[MEUR],03_00_00_00,G,average,20,0.0,0.0,3,0,0,0
Shipping_Costs_[MEUR],03_00_00_00,G,average,60,0.0,0.0,3,0,0,0
Shipping_Costs_[MEUR],03_00_00_00,G,average,100,0.0,0.0,3,0,0,0
Shipping_Costs_[MEUR],03_00_00_00,G&Wp,average,20,0.0,0.0,3,0,0,0
Shipping_Costs_[MEUR],03_00_00_00,G&Wp,average,60,0.0,0.0,3,0,0,0
Shipping_Costs_[MEUR],03_00_00_00,G&Wp,average,100,0.0,0.0,3,0,0,0
Shipping_Costs_[MEUR],03_00_00_00,Wp,average,20,0.0,0.0,3,0,0,0
Shipping_Costs_[MEUR],03_00_00_00,Wp,average,60,0.0,0.0,3,0,0,0
Shipping_Costs_[MEUR],03_00_00_00,Wp,average,100,0.0,0.0,3,0,0,0
Shipping_Costs_[MEUR],03_00_00_01,D,average,20,550.0,0.42,3,0,0,1
Shipping_Costs_[MEUR],03_00_00_01,D,average,60,1090.0,0.51,3,0,0,1
Shipping_Costs_[MEUR],03_00_00_01,D,average,100,1550.0,0.47,3,0,0,1
Shipping_Costs_[MEUR],03_00_00_01,D&G,average,20,550.0,0.42,3,0,0,1
Shipping_Costs_[MEUR],03_00_00_01,D&G,average,60,1090.0,0.51,3,0,0,1
Shipping_Costs_[MEUR],03_00_00_01,D&G,average,100,1550.0,0.47,3,0,0,1
Shipping_Costs_[MEUR],03_00_00_01,D&G&Wp,average,20,590.0,0.45,3,0,0,1
Shipping_Costs_[MEUR],03_00_00_01,D&G&Wp,average,60,1300.0,0.6,3,0,0,1
Shipping_Costs_[MEUR],03_00_00_01,D&G&Wp,average,100,1850.0,0.56,3,0,0,1
Shipping_Costs_[MEUR],03_00_00_01,D&Wp,average,20,600.0,0.46,3,0,0,1
Shipping_Costs_[MEUR],03_00_00_01,D&Wp,average,60,1400.0,0.65,3,0,0,1
Shipping_Costs_[MEUR],03_00_00_01,D&Wp,average,100,2010.0,0.61,3,0,0,1
Shipping_Costs_[MEUR],03_00_00_01,G,average,20,550.0,0.42,3,0,0,1
Shipping_Costs_[MEUR],03_00_00_01,G,average,60,1090.0,0.51,3,0,0,1
Shipping_Costs_[MEUR],03_00_00_01,G,average,100,1550.0,0.47,3,0,0,1
Shipping_Costs_[MEUR],03_00_00_01,G&Wp,average,20,600.0,0.46,3,0,0,1
Shipping_Costs_[MEUR],03_00_00_01,G&Wp,average,60,1400.0,0.65,3,0,0,1
Shipping_Costs_[MEUR],03_00_00_01,G&Wp,average,100,2010.0,0.61,3,0,0,1
Shipping_Costs_[MEUR],03_00_00_01,Wp,average,20,650.0,0.5,3,0,0,1
Shipping_Costs_[MEUR],03_00_00_01,Wp,average,60,1710.0,0.79,3,0,0,1
Shipping_Costs_[MEUR],03_00_00_01,Wp,average,100,2460.0,0.75,3,0,0,1
Shipping_Costs_[MEUR],03_00_00_02,D,average,20,20.0,0.01,3,0,0,2
Shipping_Costs_[MEUR],03_00_00_02,D,average,60,90.0,0.04,3,0,0,2
Shipping_Costs_[MEUR],03_00_00_02,D,average,100,170.0,0.05,3,0,0,2
Shipping_Costs_[MEUR],03_00_00_02,D&G,average,20,20.0,0.01,3,0,0,2
Shipping_Costs_[MEUR],03_00_00_02,D&G,average,60,90.0,0.04,3,0,0,2
Shipping_Costs_[MEUR],03_00_00_02,D&G,average,100,170.0,0.05,3,0,0,2
Shipping_Costs_[MEUR],03_00_00_02,D&G&Wp,average,20,20.0,0.01,3,0,0,2
Shipping_Costs_[MEUR],03_00_00_02,D&G&Wp,average,60,540.0,0.25,3,0,0,2
Shipping_Costs_[MEUR],03_00_00_02,D&G&Wp,average,100,880.0,0.26,3,0,0,2
Shipping_Costs_[MEUR],03_00_00_02,D&Wp,average,20,20.0,0.01,3,0,0,2
Shipping_Costs_[MEUR],03_00_00_02,D&Wp,average,60,770.0,0.35,3,0,0,2
Shipping_Costs_[MEUR],03_00_00_02,D&Wp,average,100,1230.0,0.37,3,0,0,2
Shipping_Costs_[MEUR],03_00_00_02,G,average,20,20.0,0.01,3,0,0,2
Shipping_Costs_[MEUR],03_00_00_02,G,average,60,90.0,0.04,3,0,0,2
Shipping_Costs_[MEUR],03_00_00_02,G,average,100,160.0,0.05,3,0,0,2
Shipping_Costs_[MEUR],03_00_00_02,G&Wp,average,20,20.0,0.01,3,0,0,2
Shipping_Costs_[MEUR],03_00_00_02,G&Wp,average,60,770.0,0.35,3,0,0,2
Shipping_Costs_[MEUR],03_00_00_02,G&Wp,average,100,1230.0,0.37,3,0,0,2
Shipping_Costs_[MEUR],03_00_00_02,Wp,average,20,20.0,0.01,3,0,0,2
Shipping_Costs_[MEUR],03_00_00_02,Wp,average,60,1440.0,0.67,3,0,0,2
Shipping_Costs_[MEUR],03_00_00_02,Wp,average,100,2300.0,0.69,3,0,0,2
Shipping_Costs_[MEUR],03_00_00_04,D,average,20,50.0,0.03,3,0,0,4
Shipping_Costs_[MEUR],03_00_00_04,D,average,60,150.0,0.07,3,0,0,4
Shipping_Costs_[MEUR],03_00_00_04,D,average,100,260.0,0.08,3,0,0,4
Shipping_Costs_[MEUR],03_00_00_04,D&G,average,20,50.0,0.03,3,0,0,4
Shipping_Costs_[MEUR],03_00_00_04,D&G,average,60,150.0,0.07,3,0,0,4
Shipping_Costs_[MEUR],03_00_00_04,D&G,average,100,260.0,0.08,3,0,0,4
Shipping_Costs_[MEUR],03_00_00_04,D&G&Wp,average,20,50.0,0.03,3,0,0,4
Shipping_Costs_[MEUR],03_00_00_04,D&G&Wp,average,60,580.0,0.27,3,0,0,4
Shipping_Costs_[MEUR],03_00_00_04,D&G&Wp,average,100,940.0,0.28,3,0,0,4
Shipping_Costs_[MEUR],03_00_00_04,D&Wp,average,20,50.0,0.03,3,0,0,4
Shipping_Costs_[MEUR],03_00_00_04,D&Wp,average,60,800.0,0.37,3,0,0,4
Shipping_Costs_[MEUR],03_00_00_04,D&Wp,average,100,1280.0,0.39,3,0,0,4
Shipping_Costs_[MEUR],03_00_00_04,G,average,20,50.0,0.03,3,0,0,4
Shipping_Costs_[MEUR],03_00_00_04,G,average,60,150.0,0.07,3,0,0,4
Shipping_Costs_[MEUR],03_00_00_04,G,average,100,260.0,0.08,3,0,0,4
Shipping_Costs_[MEUR],03_00_00_04,G&Wp,average,20,50.0,0.03,3,0,0,4
Shipping_Costs_[MEUR],03_00_00_04,G&Wp,average,60,800.0,0.37,3,0,0,4
Shipping_Costs_[MEUR],03_00_00_04,G&Wp,average,100,1280.0,0.39,3,0,0,4
Shipping_Costs_[MEUR],03_00_00_04,Wp,average,20,50.0,0.03,3,0,0,4
Shipping_Costs_[MEUR],03_00_00_04,Wp,average,60,1440.0,0.67,3,0,0,4
Shipping_Costs_[MEUR],03_00_00_04,Wp,average,100,2300.0,0.69,3,0,0,4
Shipping_Costs_[MEUR],03_00_00_05,D,average,20,50.0,0.03,3,0,0,5
Shipping_Costs_[MEUR],03_00_00_05,D,average,60,1030.0,0.48,3,0,0,5
Shipping_Costs_[MEUR],03_00_00_05,D,average,100,1580.0,0.48,3,0,0,5
Shipping_Costs_[MEUR],03_00_00_05,D&G,average,20,50.0,0.03,3,0,0,5
Shipping_Costs_[MEUR],03_00_00_05,D&G,average,60,810.0,0.37,3,0,0,5
Shipping_Costs_[MEUR],03_00_00_05,D&G,average,100,1320.0,0.4,3,0,0,5
Shipping_Costs_[MEUR],03_00_00_05,D&G&Wp,average,20,50.0,0.03,3,0,0,5
Shipping_Costs_[MEUR],03_00_00_05,D&G&Wp,average,60,1090.0,0.5,3,0,0,5
Shipping_Costs_[MEUR],03_00_00_05,D&G&Wp,average,100,1720.0,0.52,3,0,0,5
Shipping_Costs_[MEUR],03_00_00_05,D&Wp,average,20,50.0,0.03,3,0,0,5
Shipping_Costs_[MEUR],03_00_00_05,D&Wp,average,60,1340.0,0.62,3,0,0,5
Shipping_Costs_[MEUR],03_00_00_05,D&Wp,average,100,2040.0,0.62,3,0,0,5
Shipping_Costs_[MEUR],03_00_00_05,G,average,20,50.0,0.03,3,0,0,5
Shipping_Costs_[MEUR],03_00_00_05,G,average,60,580.0,0.27,3,0,0,5
Shipping_Costs_[MEUR],03_00_00_05,G,average,100,1070.0,0.32,3,0,0,5
Shipping_Costs_[MEUR],03_00_00_05,G&Wp,average,20,50.0,0.03,3,0,0,5
Shipping_Costs_[MEUR],03_00_00_05,G&Wp,average,60,1120.0,0.52,3,0,0,5
Shipping_Costs_[MEUR],03_00_00_05,G&Wp,average,100,1780.0,0.54,3,0,0,5
Shipping_Costs_[MEUR],03_00_00_05,Wp,average,20,50.0,0.03,3,0,0,5
Shipping_Costs_[MEUR],03_00_00_05,Wp,average,60,1650.0,0.77,3,0,0,5
Shipping_Costs_[MEUR],03_00_00_05,Wp,average,100,2500.0,0.76,3,0,0,5
Shipping_Costs_[MEUR],03_00_00_07,D,average,20,1240.0,0.95,3,0,0,7
Shipping_Costs_[MEUR],03_00_00_07,D,average,60,1980.0,0.92,3,0,0,7
Shipping_Costs_[MEUR],03_00_00_07,D,average,100,2720.0,0.82,3,0,0,7
Shipping_Costs_[MEUR],03_00_00_07,D&G,average,20,1240.0,0.95,3,0,0,7
Shipping_Costs_[MEUR],03_00_00_07,D&G,average,60,1980.0,0.92,3,0,0,7
Shipping_Costs_[MEUR],03_00_00_07,D&G,average,100,2720.0,0.82,3,0,0,7
Shipping_Costs_[MEUR],03_00_00_07,D&G&Wp,average,20,1240.0,0.95,3,0,0,7
Shipping_Costs_[MEUR],03_00_00_07,D&G&Wp,average,60,1980.0,0.92,3,0,0,7
Shipping_Costs_[MEUR],03_00_00_07,D&G&Wp,average,100,2720.0,0.82,3,0,0,7
Shipping_Costs_[MEUR],03_00_00_07,D&Wp,average,20,1240.0,0.95,3,0,0,7
Shipping_Costs_[MEUR],03_00_00_07,D&Wp,average,60,1980.0,0.92,3,0,0,7
Shipping_Costs_[MEUR],03_00_00_07,D&Wp,average,100,2720.0,0.82,3,0,0,7
Shipping_Costs_[MEUR],03_00_00_07,G,average,20,1240.0,0.95,3,0,0,7
Shipping_Costs_[MEUR],03_00_00_07,G,average,60,1980.0,0.92,3,0,0,7
Shipping_Costs_[MEUR],03_00_00_07,G,average,100,2720.0,0.82,3,0,0,7
Shipping_Costs_[MEUR],03_00_00_07,G&Wp,average,20,1240.0,0.95,3,0,0,7
Shipping_Costs_[MEUR],03_00_00_07,G&Wp,average,60,1980.0,0.92,3,0,0,7
Shipping_Costs_[MEUR],03_00_00_07,G&Wp,average,100,2720.0,0.82,3,0,0,7
Shipping_Costs_[MEUR],03_00_00_07,Wp,average,20,1240.0,0.95,3,0,0,7
Shipping_Costs_[MEUR],03_00_00_07,Wp,average,60,1990.0,0.92,3,0,0,7
Shipping_Costs_[MEUR],03_00_00_07,Wp,average,100,2730.0,0.83,3,0,0,7
Shipping_Costs_[MEUR],03_00_00_08,D,average,20,1240.0,0.95,3,0,0,8
Shipping_Costs_[MEUR],03_00_00_08,D,average,60,1980.0,0.92,3,0,0,8
Shipping_Costs_[MEUR],03_00_00_08,D,average,100,2720.0,0.82,3,0,0,8
Shipping_Costs_[MEUR],03_00_00_08,D&G,average,20,1240.0,0.95,3,0,0,8
Shipping_Costs_[MEUR],03_00_00_08,D&G,average,60,1980.0,0.92,3,0,0,8
Shipping_Costs_[MEUR],03_00_00_08,D&G,average,100,2720.0,0.82,3,0,0,8
Shipping_Costs_[MEUR],03_00_00_08,D&G&Wp,average,20,1240.0,0.95,3,0,0,8
Shipping_Costs_[MEUR],03_00_00_08,D&G&Wp,average,60,1980.0,0.92,3,0,0,8
Shipping_Costs_[MEUR],03_00_00_08,D&G&Wp,average,100,2720.0,0.82,3,0,0,8
Shipping_Costs_[MEUR],03_00_00_08,D&Wp,average,20,1240.0,0.95,3,0,0,8
Shipping_Costs_[MEUR],03_00_00_08,D&Wp,average,60,1980.0,0.92,3,0,0,8
Shipping_Costs_[MEUR],03_00_00_08,D&Wp,average,100,2720.0,0.82,3,0,0,8
Shipping_Costs_[MEUR],03_00_00_08,G,average,20,1240.0,0.95,3,0,0,8
Shipping_Costs_[MEUR],03_00_00_08,G,average,60,1980.0,0.92,3,0,0,8
Shipping_Costs_[MEUR],03_00_00_08,G,average,100,2720.0,0.82,3,0,0,8
Shipping_Costs_[MEUR],03_00_00_08,G&Wp,average,20,1240.0,0.95,3,0,0,8
Shipping_Costs_[MEUR],03_00_00_08,G&Wp,average,60,1980.0,0.92,3,0,0,8
Shipping_Costs_[MEUR],03_00_00_08,G&Wp,average,100,2720.0,0.82,3,0,0,8
Shipping_Costs_[MEUR],03_00_00_08,Wp,average,20,1240.0,0.95,3,0,0,8
Shipping_Costs_[MEUR],03_00_00_08,Wp,average,60,1990.0,0.92,3,0,0,8
Shipping_Costs_[MEUR],03_00_00_08,Wp,average,100,2730.0,0.83,3,0,0,8
Shipping_Costs_[MEUR],03_00_00_09,D,average,20,1240.0,0.95,3,0,0,9
Shipping_Costs_[MEUR],03_00_00_09,D,average,60,1980.0,0.92,3,0,0,9
Shipping_Costs_[MEUR],03_00_00_09,D,average,100,2720.0,0.82,3,0,0,9
Shipping_Costs_[MEUR],03_00_00_09,D&G,average,20,1240.0,0.95,3,0,0,9
Shipping_Costs_[MEUR],03_00_00_09,D&G,average,60,1980.0,0.92,3,0,0,9
Shipping_Costs_[MEUR],03_00_00_09,D&G,average,100,2720.0,0.82,3,0,0,9
Shipping_Costs_[MEUR],03_00_00_09,D&G&Wp,average,20,1240.0,0.95,3,0,0,9
Shipping_Costs_[MEUR],03_00_00_09,D&G&Wp,average,60,1980.0,0.92,3,0,0,9
Shipping_Costs_[MEUR],03_00_00_09,D&G&Wp,average,100,2720.0,0.82,3,0,0,9
Shipping_Costs_[MEUR],03_00_00_09,D&Wp,average,20,1240.0,0.95,3,0,0,9
Shipping_Costs_[MEUR],03_00_00_09,D&Wp,average,60,1980.0,0.92,3,0,0,9
Shipping_Costs_[MEUR],03_00_00_09,D&Wp,average,100,2720.0,0.82,3,0,0,9
Shipping_Costs_[MEUR],03_00_00_09,G,average,20,1240.0,0.95,3,0,0,9
Shipping_Costs_[MEUR],03_00_00_09,G,average,60,1980.0,0.92,3,0,0,9
Shipping_Costs_[MEUR],03_00_00_09,G,average,100,2720.0,0.82,3,0,0,9
Shipping_Costs_[MEUR],03_00_00_09,G&Wp,average,20,1240.0,0.95,3,0,0,9
Shipping_Costs_[MEUR],03_00_00_09,G&Wp,average,60,1980.0,0.92,3,0,0,9
Shipping_Costs_[MEUR],03_00_00_09,G&Wp,average,100,2720.0,0.82,3,0,0,9
Shipping_Costs_[MEUR],03_00_00_09,Wp,average,20,1240.0,0.95,3,0,0,9
Shipping_Costs_[MEUR],03_00_00_09,Wp,average,60,1990.0,0.92,3,0,0,9
Shipping_Costs_[MEUR],03_00_00_09,Wp,average,100,2730.0,0.83,3,0,0,9
Shipping_Costs_[MEUR],05_00_00_00,D,average,20,0.0,0.0,5,0,0,0
Shipping_Costs_[MEUR],05_00_00_00,D,average,60,0.0,0.0,5,0,0,0
Shipping_Costs_[MEUR],05_00_00_00,D,average,100,0.0,0.0,5,0,0,0
Shipping_Costs_[MEUR],05_00_00_00,D&G,average,20,0.0,0.0,5,0,0,0
Shipping_Costs_[MEUR],05_00_00_00,D&G,average,60,0.0,0.0,5,0,0,0
Shipping_Costs_[MEUR],05_00_00_00,D&G,average,100,0.0,0.0,5,0,0,0
Shipping_Costs_[MEUR],05_00_00_00,D&G&Wp,average,20,0.0,0.0,5,0,0,0
Shipping_Costs_[MEUR],05_00_00_00,D&G&Wp,average,60,0.0,0.0,5,0,0,0
Shipping_Costs_[MEUR],05_00_00_00,D&G&Wp,average,100,0.0,0.0,5,0,0,0
Shipping_Costs_[MEUR],05_00_00_00,D&Wp,average,20,0.0,0.0,5,0,0,0
Shipping_Costs_[MEUR],05_00_00_00,D&Wp,average,60,0.0,0.0,5,0,0,0
Shipping_Costs_[MEUR],05_00_00_00,D&Wp,average,100,0.0,0.0,5,0,0,0
Shipping_Costs_[MEUR],05_00_00_00,G,average,20,0.0,0.0,5,0,0,0
Shipping_Costs_[MEUR],05_00_00_00,G,average,60,0.0,0.0,5,0,0,0
Shipping_Costs_[MEUR],05_00_00_00,G,average,100,0.0,0.0,5,0,0,0
Shipping_Costs_[MEUR],05_00_00_00,G&Wp,average,20,0.0,0.0,5,0,0,0
Shipping_Costs_[MEUR],05_00_00_00,G&Wp,average,60,0.0,0.0,5,0,0,0
Shipping_Costs_[MEUR],05_00_00_00,G&Wp,average,100,0.0,0.0,5,0,0,0
Shipping_Costs_[MEUR],05_00_00_00,Wp,average,20,0.0,0.0,5,0,0,0
Shipping_Costs_[MEUR],05_00_00_00,Wp,average,60,0.0,0.0,5,0,0,0
Shipping_Costs_[MEUR],05_00_00_00,Wp,average,100,0.0,0.0,5,0,0,0
Shipping_Costs_[MEUR],05_00_00_01,D,average,20,550.0,0.42,5,0,0,1
Shipping_Costs_[MEUR],05_00_00_01,D,average,60,1090.0,0.51,5,0,0,1
Shipping_Costs_[MEUR],05_00_00_01,D,average,100,1550.0,0.47,5,0,0,1
Shipping_Costs_[MEUR],05_00_00_01,D&G,average,20,550.0,0.42,5,0,0,1
Shipping_Costs_[MEUR],05_00_00_01,D&G,average,60,1090.0,0.51,5,0,0,1
Shipping_Costs_[MEUR],05_00_00_01,D&G,average,100,1550.0,0.47,5,0,0,1
Shipping_Costs_[MEUR],05_00_00_01,D&G&Wp,average,20,590.0,0.45,5,0,0,1
Shipping_Costs_[MEUR],05_00_00_01,D&G&Wp,average,60,1300.0,0.6,5,0,0,1
Shipping_Costs_[MEUR],05_00_00_01,D&G&Wp,average,100,1850.0,0.56,5,0,0,1
Shipping_Costs_[MEUR],05_00_00_01,D&Wp,average,20,600.0,0.46,5,0,0,1
Shipping_Costs_[MEUR],05_00_00_01,D&Wp,average,60,1400.0,0.65,5,0,0,1
Shipping_Costs_[MEUR],05_00_00_01,D&Wp,average,100,2010.0,0.61,5,0,0,1
Shipping_Costs_[MEUR],05_00_00_01,G,average,20,550.0,0.42,5,0,0,1
Shipping_Costs_[MEUR],05_00_00_01,G,average,60,1090.0,0.51,5,0,0,1
Shipping_Costs_[MEUR],05_00_00_01,G,average,100,1550.0,0.47,5,0,0,1
Shipping_Costs_[MEUR],05_00_00_01,G&Wp,average,20,600.0,0.46,5,0,0,1
Shipping_Costs_[MEUR],05_00_00_01,G&Wp,average,60,1400.0,0.65,5,0,0,1
Shipping_Costs_[MEUR],05_00_00_01,G&Wp,average,100,2010.0,0.61,5,0,0,1
Shipping_Costs_[MEUR],05_00_00_01,Wp,average,20,650.0,0.5,5,0,0,1
Shipping_Costs_[MEUR],05_00_00_01,Wp,average,60,1710.0,0.79,5,0,0,1
Shipping_Costs_[MEUR],05_00_00_01,Wp,average,100,2460.0,0.75,5,0,0,1
Shipping_Costs_[MEUR],05_00_00_02,D,average,20,20.0,0.01,5,0,0,2
Shipping_Costs_[MEUR],05_00_00_02,D,average,60,90.0,0.04,5,0,0,2
Shipping_Costs_[MEUR],05_00_00_02,D,average,100,170.0,0.05,5,0,0,2
Shipping_Costs_[MEUR],05_00_00_02,D&G,average,20,20.0,0.01,5,0,0,2
Shipping_Costs_[MEUR],05_00_00_02,D&G,average,60,90.0,0.04,5,0,0,2
Shipping_Costs_[MEUR],05_00_00_02,D&G,average,100,170.0,0.05,5,0,0,2
Shipping_Costs_[MEUR],05_00_00_02,D&G&Wp,average,20,20.0,0.01,5,0,0,2
Shipping_Costs_[MEUR],05_00_00_02,D&G&Wp,average,60,540.0,0.25,5,0,0,2
Shipping_Costs_[MEUR],05_00_00_02,D&G&Wp,average,100,880.0,0.26,5,0,0,2
Shipping_Costs_[MEUR],05_00_00_02,D&Wp,average,20,20.0,0.01,5,0,0,2
Shipping_Costs_[MEUR],05_00_00_02,D&Wp,average,60,770.0,0.35,5,0,0,2
Shipping_Costs_[MEUR],05_00_00_02,D&Wp,average,100,1230.0,0.37,5,0,0,2
Shipping_Costs_[MEUR],05_00_00_02,G,average,20,20.0,0.01,5,0,0,2
Shipping_Costs_[MEUR],05_00_00_02,G,average,60,90.0,0.04,5,0,0,2
Shipping_Costs_[MEUR],05_00_00_02,G,average,100,160.0,0.05,5,0,0,2
Shipping_Costs_[MEUR],05_00_00_02,G&Wp,average,20,20.0,0.01,5,0,0,2
Shipping_Costs_[MEUR],05_00_00_02,G&Wp,average,60,770.0,0.35,5,0,0,2
Shipping_Costs_[MEUR],05_00_00_02,G&Wp,average,100,1230.0,0.37,5,0,0,2
Shipping_Costs_[MEUR],05_00_00_02,Wp,average,20,20.0,0.01,5,0,0,2
Shipping_Costs_[MEUR],05_00_00_02,Wp,average,60,1440.0,0.67,5,0,0,2
Shipping_Costs_[MEUR],05_00_00_02,Wp,average,100,2300.0,0.69,5,0,0,2
Shipping_Costs_[MEUR],05_00_00_04,D,average,20,50.0,0.03,5,0,0,4
Shipping_Costs_[MEUR],05_00_00_04,D,average,60,150.0,0.07,5,0,0,4
Shipping_Costs_[MEUR],05_00_00_04,D,average,100,260.0,0.08,5,0,0,4
Shipping_Costs_[MEUR],05_00_00_04,D&G,average,20,50.0,0.03,5,0,0,4
Shipping_Costs_[MEUR],05_00_00_04,D&G,average,60,150.0,0.07,5,0,0,4
Shipping_Costs_[MEUR],05_00_00_04,D&G,average,100,260.0,0.08,5,0,0,4
Shipping_Costs_[MEUR],05_00_00_04,D&G&Wp,average,20,50.0,0.03,5,0,0,4
Shipping_Costs_[MEUR],05_00_00_04,D&G&Wp,average,60,580.0,0.27,5,0,0,4
Shipping_Costs_[MEUR],05_00_00_04,D&G&Wp,average,100,940.0,0.28,5,0,0,4
Shipping_Costs_[MEUR],05_00_00_04,D&Wp,average,20,50.0,0.03,5,0,0,4
Shipping_Costs_[MEUR],05_00_00_04,D&Wp,average,60,800.0,0.37,5,0,0,4
Shipping_Costs_[MEUR],05_00_00_04,D&Wp,average,100,1280.0,0.39,5,0,0,4
Shipping_Costs_[MEUR],05_00_00_04,G,average,20,50.0,0.03,5,0,0,4
Shipping_Costs_[MEUR],05_00_00_04,G,average,60,150.0,0.07,5,0,0,4
Shipping_Costs_[MEUR],05_00_00_04,G,average,100,260.0,0.08,5,0,0,4
Shipping_Costs_[MEUR],05_00_00_04,G&Wp,average,20,50.0,0.03,5,0,0,4
Shipping_Costs_[MEUR],05_00_00_04,G&Wp,average,60,800.0,0.37,5,0,0,4
Shipping_Costs_[MEUR],05_00_00_04,G&Wp,average,100,1280.0,0.39,5,0,0,4
Shipping_Costs_[MEUR],05_00_00_04,Wp,average,20,50.0,0.03,5,0,0,4
Shipping_Costs_[MEUR],05_00_00_04,Wp,average,60,1440.0,0.67,5,0,0,4
Shipping_Costs_[MEUR],05_00_00_04,Wp,average,100,2300.0,0.69,5,0,0,4
Shipping_Costs_[MEUR],05_00_00_05,D,average,20,50.0,0.03,5,0,0,5
Shipping_Costs_[MEUR],05_00_00_05,D,average,60,1030.0,0.48,5,0,0,5
Shipping_Costs_[MEUR],05_00_00_05,D,average,100,1580.0,0.48,5,0,0,5
Shipping_Costs_[MEUR],05_00_00_05,D&G,average,20,50.0,0.03,5,0,0,5
Shipping_Costs_[MEUR],05_00_00_05,D&G,average,60,810.0,0.37,5,0,0,5
Shipping_Costs_[MEUR],05_00_00_05,D&G,average,100,1320.0,0.4,5,0,0,5
Shipping_Costs_[MEUR],05_00_00_05,D&G&Wp,average,20,50.0,0.03,5,0,0,5
Shipping_Costs_[MEUR],05_00_00_05,D&G&Wp,average,60,1090.0,0.5,5,0,0,5
Shipping_Costs_[MEUR],05_00_00_05,D&G&Wp,average,100,1720.0,0.52,5,0,0,5
Shipping_Costs_[MEUR],05_00_00_05,D&Wp,average,20,50.0,0.03,5,0,0,5
Shipping_Costs_[MEUR],05_00_00_05,D&Wp,average,60,1340.0,0.62,5,0,0,5
Shipping_Costs_[MEUR],05_00_00_05,D&Wp,average,100,2040.0,0.62,5,0,0,5
Shipping_Costs_[MEUR],05_00_00_05,G,average,20,50.0,0.03,5,0,0,5
Shipping_Costs_[MEUR],05_00_00_05,G,average,60,580.0,0.27,5,0,0,5
Shipping_Costs_[MEUR],05_00_00_05,G,average,100,1070.0,0.32,5,0,0,5
Shipping_Costs_[MEUR],05_00_00_05,G&Wp,average,20,50.0,0.03,5,0,0,5
Shipping_Costs_[MEUR],05_00_00_05,G&Wp,average,60,1120.0,0.52,5,0,0,5
Shipping_Costs_[MEUR],05_00_00_05,G&Wp,average,100,1780.0,0.54,5,0,0,5
Shipping_Costs_[MEUR],05_00_00_05,Wp,average,20,50.0,0.03,5,0,0,5
Shipping_Costs_[MEUR],05_00_00_05,Wp,average,60,1650.0,0.77,5,0,0,5
Shipping_Costs_[MEUR],05_00_00_05,Wp,average,100,2500.0,0.76,5,0,0,5
Shipping_Costs_[MEUR],05_00_00_07,D,average,20,1240.0,0.95,5,0,0,7
Shipping_Costs_[MEUR],05_00_00_07,D,average,60,1980.0,0.92,5,0,0,7
Shipping_Costs_[MEUR],05_00_00_07,D,average,100,2720.0,0.82,5,0,0,7
Shipping_Costs_[MEUR],05_00_00_07,D&G,average,20,1240.0,0.95,5,0,0,7
Shipping_Costs_[MEUR],05_00_00_07,D&G,average,60,1980.0,0.92,5,0,0,7
Shipping_Costs_[MEUR],05_00_00_07,D&G,average,100,2720.0,0.82,5,0,0,7
Shipping_Costs_[MEUR],05_00_00_07,D&G&Wp,average,20,1240.0,0.95,5,0,0,7
Shipping_Costs_[MEUR],05_00_00_07,D&G&Wp,average,60,1980.0,0.92,5,0,0,7
Shipping_Costs_[MEUR],05_00_00_07,D&G&Wp,average,100,2720.0,0.82,5,0,0,7
Shipping_Costs_[MEUR],05_00_00_07,D&Wp,average,20,1240.0,0.95,5,0,0,7
Shipping_Costs_[MEUR],05_00_00_07,D&Wp,average,60,1980.0,0.92,5,0,0,7
Shipping_Costs_[MEUR],05_00_00_07,D&Wp,average,100,2720.0,0.82,5,0,0,7
Shipping_Costs_[MEUR],05_00_00_07,G,average,20,1240.0,0.95,5,0,0,7
Shipping_Costs_[MEUR],05_00_00_07,G,average,60,1980.0,0.92,5,0,0,7
Shipping_Costs_[MEUR],05_00_00_07,G,average,100,2720.0,0.82,5,0,0,7
Shipping_Costs_[MEUR],05_00_00_07,G&Wp,average,20,1240.0,0.95,5,0,0,7
Shipping_Costs_[MEUR],05_00_00_07,G&Wp,average,60,1980.0,0.92,5,0,0,7
Shipping_Costs_[MEUR],05_00_00_07,G&Wp,average,100,2720.0,0.82,5,0,0,7
Shipping_Costs_[MEUR],05_00_00_07,Wp,average,20,1240.0,0.95,5,0,0,7
Shipping_Costs_[MEUR],05_00_00_07,Wp,average,60,1990.0,0.92,5,0,0,7
Shipping_Costs_[MEUR],05_00_00_07,Wp,average,100,2730.0,0.83,5,0,0,7
Shipping_Costs_[MEUR],05_00_00_08,D,average,20,1240.0,0.95,5,0,0,8
Shipping_Costs_[MEUR],05_00_00_08,D,average,60,1980.0,0.92,5,0,0,8
Shipping_Costs_[MEUR],05_00_00_08,D,average,100,2720.0,0.82,5,0,0,8
Shipping_Costs_[MEUR],05_00_00_08,D&G,average,20,1240.0,0.95,5,0,0,8
Shipping_Costs_[MEUR],05_00_00_08,D&G,average,60,1980.0,0.92,5,0,0,8
Shipping_Costs_[MEUR],05_00_00_08,D&G,average,100,2720.0,0.82,5,0,0,8
Shipping_Costs_[MEUR],05_00_00_08,D&G&Wp,average,20,1240.0,0.95,5,0,0,8
Shipping_Costs_[MEUR],05_00_00_08,D&G&Wp,average,60,1980.0,0.92,5,0,0,8
Shipping_Costs_[MEUR],05_00_00_08,D&G&Wp,average,100,2720.0,0.82,5,0,0,8
Shipping_Costs_[MEUR],05_00_00_08,D&Wp,average,20,1240.0,0.95,5,0,0,8
Shipping_Costs_[MEUR],05_00_00_08,D&Wp,average,60,1980.0,0.92,5,0,0,8
Shipping_Costs_[MEUR],05_00_00_08,D&Wp,average,100,2720.0,0.82,5,0,0,8
Shipping_Costs_[MEUR],05_00_00_08,G,average,20,1240.0,0.95,5,0,0,8
Shipping_Costs_[MEUR],05_00_00_08,G,average,60,1980.0,0.92,5,0,0,8
Shipping_Costs_[MEUR],05_00_00_08,G,average,100,2720.0,0.82,5,0,0,8
Shipping_Costs_[MEUR],05_00_00_08,G&Wp,average,20,1240.0,0.95,5,0,0,8
Shipping_Costs_[MEUR],05_00_00_08,G&Wp,average,60,1980.0,0.92,5,0,0,8
Shipping_Costs_[MEUR],05_00_00_08,G&Wp,average,100,2720.0,0.82,5,0,0,8
Shipping_Costs_[MEUR],05_00_00_08,Wp,average,20,1240.0,0.95,5,0,0,8
Shipping_Costs_[MEUR],05_00_00_08,Wp,average,60,1990.0,0.92,5,0,0,8
Shipping_Costs_[MEUR],05_00_00_08,Wp,average,100,2730.0,0.83,5,0,0,8
Shipping_Costs_[MEUR],05_00_00_09,D,average,20,1240.0,0.95,5,0,0,9
Shipping_Costs_[MEUR],05_00_00_09,D,average,60,1980.0,0.92,5,0,0,9
Shipping_Costs_[MEUR],05_00_00_09,D,average,100,2720.0,0.82,5,0,0,9
Shipping_Costs_[MEUR],05_00_00_09,D&G,average,20,1240.0,0.95,5,0,0,9
Shipping_Costs_[MEUR],05_00_00_09,D&G,average,60,1980.0,0.92,5,0,0,9
Shipping_Costs_[MEUR],05_00_00_09,D&G,average,100,2720.0,0.82,5,0,0,9
Shipping_Costs_[MEUR],05_00_00_09,D&G&Wp,average,20,1240.0,0.95,5,0,0,9
Shipping_Costs_[MEUR],05_00_00_09,D&G&Wp,average,60,1980.0,0.92,5,0,0,9
Shipping_Costs_[MEUR],05_00_00_09,D&G&Wp,average,100,2720.0,0.82,5,0,0,9
Shipping_Costs_[MEUR],05_00_00_09,D&Wp,average,20,1240.0,0.95,5,0,0,9
Shipping_Costs_[MEUR],05_00_00_09,D&Wp,average,60,1980.0,0.92,5,0,0,9
Shipping_Costs_[MEUR],05_00_00_09,D&Wp,average,100,2720.0,0.82,5,0,0,9
Shipping_Costs_[MEUR],05_00_00_09,G,average,20,1240.0,0.95,5,0,0,9
Shipping_Costs_[MEUR],05_00_00_09,G,average,60,1980.0,0.92,5,0,0,9
Shipping_Costs_[MEUR],05_00_00_09,G,average,100,2720.0,0.82,5,0,0,9
Shipping_Costs_[MEUR],05_00_00_09,G&Wp,average,20,1240.0,0.95,5,0,0,9
Shipping_Costs_[MEUR],05_00_00_09,G&Wp,average,60,1980.0,0.92,5,0,0,9
Shipping_Costs_[MEUR],05_00_00_09,G&Wp,average,100,2720.0,0.82,5,0,0,9
Shipping_Costs_[MEUR],05_00_00_09,Wp,average,20,1240.0,0.95,5,0,0,9
Shipping_Costs_[MEUR],05_00_00_09,Wp,average,60,1990.0,0.92,5,0,0,9
Shipping_Costs_[MEUR],05_00_00_09,Wp,average,100,2730.0,0.83,5,0,0,9
Shipping_Costs_[MEUR],07_00_00_00,D,average,20,0.0,0.0,7,0,0,0
Shipping_Costs_[MEUR],07_00_00_00,D,average,60,0.0,0.0,7,0,0,0
Shipping_Costs_[MEUR],07_00_00_00,D,average,100,0.0,0.0,7,0,0,0
Shipping_Costs_[MEUR],07_00_00_00,D&G,average,20,0.0,0.0,7,0,0,0
Shipping_Costs_[MEUR],07_00_00_00,D&G,average,60,0.0,0.0,7,0,0,0
Shipping_Costs_[MEUR],07_00_00_00,D&G,average,100,0.0,0.0,7,0,0,0
Shipping_Costs_[MEUR],07_00_00_00,D&G&Wp,average,20,0.0,0.0,7,0,0,0
Shipping_Costs_[MEUR],07_00_00_00,D&G&Wp,average,60,0.0,0.0,7,0,0,0
Shipping_Costs_[MEUR],07_00_00_00,D&G&Wp,average,100,0.0,0.0,7,0,0,0
Shipping_Costs_[MEUR],07_00_00_00,D&Wp,average,20,0.0,0.0,7,0,0,0
Shipping_Costs_[MEUR],07_00_00_00,D&Wp,average,60,0.0,0.0,7,0,0,0
Shipping_Costs_[MEUR],07_00_00_00,D&Wp,average,100,0.0,0.0,7,0,0,0
Shipping_Costs_[MEUR],07_00_00_00,G,average,20,0.0,0.0,7,0,0,0
Shipping_Costs_[MEUR],07_00_00_00,G,average,60,0.0,0.0,7,0,0,0
Shipping_Costs_[MEUR],07_00_00_00,G,average,100,0.0,0.0,7,0,0,0
Shipping_Costs_[MEUR],07_00_00_00,G&Wp,average,20,0.0,0.0,7,0,0,0
Shipping_Costs_[MEUR],07_00_00_00,G&Wp,average,60,0.0,0.0,7,0,0,0
Shipping_Costs_[MEUR],07_00_00_00,G&Wp,average,100,0.0,0.0,7,0,0,0
Shipping_Costs_[MEUR],07_00_00_00,Wp,average,20,0.0,0.0,7,0,0,0
Shipping_Costs_[MEUR],07_00_00_00,Wp,average,60,0.0,0.0,7,0,0,0
Shipping_Costs_[MEUR],07_00_00_00,Wp,average,100,0.0,0.0,7,0,0,0
Shipping_Costs_[MEUR],07_00_00_01,D,average,20,550.0,0.42,7,0,0,1
Shipping_Costs_[MEUR],07_00_00_01,D,average,60,1090.0,0.51,7,0,0,1
Shipping_Costs_[MEUR],07_00_00_01,D,average,100,1550.0,0.47,7,0,0,1
Shipping_Costs_[MEUR],07_00_00_01,D&G,average,20,550.0,0.42,7,0,0,1
Shipping_Costs_[MEUR],07_00_00_01,D&G,average,60,1090.0,0.51,7,0,0,1
Shipping_Costs_[MEUR],07_00_00_01,D&G,average,100,1550.0,0.47,7,0,0,1
Shipping_Costs_[MEUR],07_00_00_01,D&G&Wp,average,20,590.0,0.45,7,0,0,1
Shipping_Costs_[MEUR],07_00_00_01,D&G&Wp,average,60,1300.0,0.6,7,0,0,1
Shipping_Costs_[MEUR],07_00_00_01,D&G&Wp,average,100,1850.0,0.56,7,0,0,1
Shipping_Costs_[MEUR],07_00_00_01,D&Wp,average,20,600.0,0.46,7,0,0,1
Shipping_Costs_[MEUR],07_00_00_01,D&Wp,average,60,1400.0,0.65,7,0,0,1
Shipping_Costs_[MEUR],07_00_00_01,D&Wp,average,100,2010.0,0.61,7,0,0,1
Shipping_Costs_[MEUR],07_00_00_01,G,average,20,550.0,0.42,7,0,0,1
Shipping_Costs_[MEUR],07_00_00_01,G,average,60,1090.0,0.51,7,0,0,1
Shipping_Costs_[MEUR],07_00_00_01,G,average,100,1550.0,0.47,7,0,0,1
Shipping_Costs_[MEUR],07_00_00_01,G&Wp,average,20,600.0,0.46,7,0,0,1
Shipping_Costs_[MEUR],07_00_00_01,G&Wp,average,60,1400.0,0.65,7,0,0,1
Shipping_Costs_[MEUR],07_00_00_01,G&Wp,average,100,2010.0,0.61,7,0,0,1
Shipping_Costs_[MEUR],07_00_00_01,Wp,average,20,650.0,0.5,7,0,0,1
Shipping_Costs_[MEUR],07_00_00_01,Wp,average,60,1710.0,0.79,7,0,0,1
Shipping_Costs_[MEUR],07_00_00_01,Wp,average,100,2460.0,0.75,7,0,0,1
Shipping_Costs_[MEUR],07_00_00_02,D,average,20,20.0,0.01,7,0,0,2
Shipping_Costs_[MEUR],07_00_00_02,D,average,60,90.0,0.04,7,0,0,2
Shipping_Costs_[MEUR],07_00_00_02,D,average,100,170.0,0.05,7,0,0,2
Shipping_Costs_[MEUR],07_00_00_02,D&G,average,20,20.0,0.01,7,0,0,2
Shipping_Costs_[MEUR],07_00_00_02,D&G,average,60,90.0,0.04,7,0,0,2
Shipping_Costs_[MEUR],07_00_00_02,D&G,average,100,170.0,0.05,7,0,0,2
Shipping_Costs_[MEUR],07_00_00_02,D&G&Wp,average,20,20.0,0.01,7,0,0,2
Shipping_Costs_[MEUR],07_00_00_02,D&G&Wp,average,60,540.0,0.25,7,0,0,2
Shipping_Costs_[MEUR],07_00_00_02,D&G&Wp,average,100,880.0,0.26,7,0,0,2
Shipping_Costs_[MEUR],07_00_00_02,D&Wp,average,20,20.0,0.01,7,0,0,2
Shipping_Costs_[MEUR],07_00_00_02,D&Wp,average,60,770.0,0.35,7,0,0,2
Shipping_Costs_[MEUR],07_00_00_02,D&Wp,average,100,1230.0,0.37,7,0,0,2
Shipping_Costs_[MEUR],07_00_00_02,G,average,20,20.0,0.01,7,0,0,2
Shipping_Costs_[MEUR],07_00_00_02,G,average,60,90.0,0.04,7,0,0,2
Shipping_Costs_[MEUR],07_00_00_02,G,average,100,160.0,0.05,7,0,0,2
Shipping_Costs_[MEUR],07_00_00_02,G&Wp,average,20,20.0,0.01,7,0,0,2
Shipping_Costs_[MEUR],07_00_00_02,G&Wp,average,60,770.0,0.35,7,0,0,2
Shipping_Costs_[MEUR],07_00_00_02,G&Wp,average,100,1230.0,0.37,7,0,0,2
Shipping_Costs_[MEUR],07_00_00_02,Wp,average,20,20.0,0.01,7,0,0,2
Shipping_Costs_[MEUR],07_00_00_02,Wp,average,60,1440.0,0.67,7,0,0,2
Shipping_Costs_[MEUR],07_00_00_02,Wp,average,100,2300.0,0.69,7,0,0,2
Shipping_Costs_[MEUR],07_00_00_04,D,average,20,50.0,0.03,7,0,0,4
Shipping_Costs_[MEUR],07_00_00_04,D,average,60,150.0,0.07,7,0,0,4
Shipping_Costs_[MEUR],07_00_00_04,D,average,100,260.0,0.08,7,0,0,4
Shipping_Costs_[MEUR],07_00_00_04,D&G,average,20,50.0,0.03,7,0,0,4
Shipping_Costs_[MEUR],07_00_00_04,D&G,average,60,150.0,0.07,7,0,0,4
Shipping_Costs_[MEUR],07_00_00_04,D&G,average,100,260.0,0.08,7,0,0,4
Shipping_Costs_[MEUR],07_00_00_04,D&G&Wp,average,20,50.0,0.03,7,0,0,4
Shipping_Costs_[MEUR],07_00_00_04,D&G&Wp,average,60,580.0,0.27,7,0,0,4
Shipping_Costs_[MEUR],07_00_00_04,D&G&Wp,average,100,940.0,0.28,7,0,0,4
Shipping_Costs_[MEUR],07_00_00_04,D&Wp,average,20,50.0,0.03,7,0,0,4
Shipping_Costs_[MEUR],07_00_00_04,D&Wp,average,60,800.0,0.37,7,0,0,4
Shipping_Costs_[MEUR],07_00_00_04,D&Wp,average,100,1280.0,0.39,7,0,0,4
Shipping_Costs_[MEUR],07_00_00_04,G,average,20,50.0,0.03,7,0,0,4
Shipping_Costs_[MEUR],07_00_00_04,G,average,60,150.0,0.07,7,0,0,4
Shipping_Costs_[MEUR],07_00_00_04,G,average,100,260.0,0.08,7,0,0,4
Shipping_Costs_[MEUR],07_00_00_04,G&Wp,average,20,50.0,0.03,7,0,0,4
Shipping_Costs_[MEUR],07_00_00_04,G&Wp,average,60,800.0,0.37,7,0,0,4
Shipping_Costs_[MEUR],07_00_00_04,G&Wp,average,100,1280.0,0.39,7,0,0,4
Shipping_Costs_[MEUR],07_00_00_04,Wp,average,20,50.0,0.03,7,0,0,4
Shipping_Costs_[MEUR],07_00_00_04,Wp,average,60,1440.0,0.67,7,0,0,4
Shipping_Costs_[MEUR],07_00_00_04,Wp,average,100,2300.0,0.69,7,0,0,4
Shipping_Costs_[MEUR],07_00_00_05,D,average,20,50.0,0.03,7,0,0,5
Shipping_Costs_[MEUR],07_00_00_05,D,average,60,1030.0,0.48,7,0,0,5
Shipping_Costs_[MEUR],07_00_00_05,D,average,100,1580.0,0.48,7,0,0,5
Shipping_Costs_[MEUR],07_00_00_05,D&G,average,20,50.0,0.03,7,0,0,5
Shipping_Costs_[MEUR],07_00_00_05,D&G,average,60,810.0,0.37,7,0,0,5
Shipping_Costs_[MEUR],07_00_00_05,D&G,average,100,1320.0,0.4,7,0,0,5
Shipping_Costs_[MEUR],07_00_00_05,D&G&Wp,average,20,50.0,0.03,7,0,0,5
Shipping_Costs_[MEUR],07_00_00_05,D&G&Wp,average,60,1090.0,0.5,7,0,0,5
Shipping_Costs_[MEUR],07_00_00_05,D&G&Wp,average,100,1720.0,0.52,7,0,0,5
Shipping_Costs_[MEUR],07_00_00_05,D&Wp,average,20,50.0,0.03,7,0,0,5
Shipping_Costs_[MEUR],07_00_00_05,D&Wp,average,60,1340.0,0.62,7,0,0,5
Shipping_Costs_[MEUR],07_00_00_05,D&Wp,average,100,2040.0,0.62,7,0,0,5
Shipping_Costs_[MEUR],07_00_00_05,G,average,20,50.0,0.03,7,0,0,5
Shipping_Costs_[MEUR],07_00_00_05,G,average,60,580.0,0.27,7,0,0,5
Shipping_Costs_[MEUR],07_00_00_05,G,average,100,1070.0,0.32,7,0,0,5
Shipping_Costs_[MEUR],07_00_00_05,G&Wp,average,20,50.0,0.03,7,0,0,5
Shipping_Costs_[MEUR],07_00_00_05,G&Wp,average,60,1120.0,0.52,7,0,0,5
Shipping_Costs_[MEUR],07_00_00_05,G&Wp,average,100,1780.0,0.54,7,0,0,5
Shipping_Costs_[MEUR],07_00_00_05,Wp,average,20,50.0,0.03,7,0,0,5
Shipping_Costs_[MEUR],07_00_00_05,Wp,average,60,1650.0,0.77,7,0,0,5
Shipping_Costs_[MEUR],07_00_00_05,Wp,average,100,2500.0,0.76,7,0,0,5
Shipping_Costs_[MEUR],07_00_00_07,D,average,20,1240.0,0.95,7,0,0,7
Shipping_Costs_[MEUR],07_00_00_07,D,average,60,1980.0,0.92,7,0,0,7
Shipping_Costs_[MEUR],07_00_00_07,D,average,100,2720.0,0.82,7,0,0,7
Shipping_Costs_[MEUR],07_00_00_07,D&G,average,20,1240.0,0.95,7,0,0,7
Shipping_Costs_[MEUR],07_00_00_07,D&G,average,60,1980.0,0.92,7,0,0,7
Shipping_Costs_[MEUR],07_00_00_07,D&G,average,100,2720.0,0.82,7,0,0,7
Shipping_Costs_[MEUR],07_00_00_07,D&G&Wp,average,20,1240.0,0.95,7,0,0,7
Shipping_Costs_[MEUR],07_00_00_07,D&G&Wp,average,60,1980.0,0.92,7,0,0,7
Shipping_Costs_[MEUR],07_00_00_07,D&G&Wp,average,100,2720.0,0.82,7,0,0,7
Shipping_Costs_[MEUR],07_00_00_07,D&Wp,average,20,1240.0,0.95,7,0,0,7
Shipping_Costs_[MEUR],07_00_00_07,D&Wp,average,60,1980.0,0.92,7,0,0,7
Shipping_Costs_[MEUR],07_00_00_07,D&Wp,average,100,2720.0,0.82,7,0,0,7
Shipping_Costs_[MEUR],07_00_00_07,G,average,20,1240.0,0.95,7,0,0,7
Shipping_Costs_[MEUR],07_00_00_07,G,average,60,1980.0,0.92,7,0,0,7
Shipping_Costs_[MEUR],07_00_00_07,G,average,100,2720.0,0.82,7,0,0,7
Shipping_Costs_[MEUR],07_00_00_07,G&Wp,average,20,1240.0,0.95,7,0,0,7
Shipping_Costs_[MEUR],07_00_00_07,G&Wp,average,60,1980.0,0.92,7,0,0,7
Shipping_Costs_[MEUR],07_00_00_07,G&Wp,average,100,2720.0,0.82,7,0,0,7
Shipping_Costs_[MEUR],07_00_00_07,Wp,average,20,1240.0,0.95,7,0,0,7
Shipping_Costs_[MEUR],07_00_00_07,Wp,average,60,1990.0,0.92,7,0,0,7
Shipping_Costs_[MEUR],07_00_00_07,Wp,average,100,2730.0,0.83,7,0,0,7
Shipping_Costs_[MEUR],07_00_00_08,D,average,20,1240.0,0.95,7,0,0,8
Shipping_Costs_[MEUR],07_00_00_08,D,average,60,1980.0,0.92,7,0,0,8
Shipping_Costs_[MEUR],07_00_00_08,D,average,100,2720.0,0.82,7,0,0,8
Shipping_Costs_[MEUR],07_00_00_08,D&G,average,20,1240.0,0.95,7,0,0,8
Shipping_Costs_[MEUR],07_00_00_08,D&G,average,60,1980.0,0.92,7,0,0,8
Shipping_Costs_[MEUR],07_00_00_08,D&G,average,100,2720.0,0.82,7,0,0,8
Shipping_Costs_[MEUR],07_00_00_08,D&G&Wp,average,20,1240.0,0.95,7,0,0,8
Shipping_Costs_[MEUR],07_00_00_08,D&G&Wp,average,60,1980.0,0.92,7,0,0,8
Shipping_Costs_[MEUR],07_00_00_08,D&G&Wp,average,100,2720.0,0.82,7,0,0,8
Shipping_Costs_[MEUR],07_00_00_08,D&Wp,average,20,1240.0,0.95,7,0,0,8
Shipping_Costs_[MEUR],07_00_00_08,D&Wp,average,60,1980.0,0.92,7,0,0,8
Shipping_Costs_[MEUR],07_00_00_08,D&Wp,average,100,2720.0,0.82,7,0,0,8
Shipping_Costs_[MEUR],07_00_00_08,G,average,20,1240.0,0.95,7,0,0,8
Shipping_Costs_[MEUR],07_00_00_08,G,average,60,1980.0,0.92,7,0,0,8
Shipping_Costs_[MEUR],07_00_00_08,G,average,100,2720.0,0.82,7,0,0,8
Shipping_Costs_[MEUR],07_00_00_08,G&Wp,average,20,1240.0,0.95,7,0,0,8
Shipping_Costs_[MEUR],07_00_00_08,G&Wp,average,60,1980.0,0.92,7,0,0,8
Shipping_Costs_[MEUR],07_00_00_08,G&Wp,average,100,2720.0,0.82,7,0,0,8
Shipping_Costs_[MEUR],07_00_00_08,Wp,average,20,1240.0,0.95,7,0,0,8
Shipping_Costs_[MEUR],07_00_00_08,Wp,average,60,1990.0,0.92,7,0,0,8
Shipping_Costs_[MEUR],07_00_00_08,Wp,average,100,2730.0,0.83,7,0,0,8
Shipping_Costs_[MEUR],07_00_00_09,D,average,20,1240.0,0.95,7,0,0,9
Shipping_Costs_[MEUR],07_00_00_09,D,average,60,1980.0,0.92,7,0,0,9
Shipping_Costs_[MEUR],07_00_00_09,D,average,100,2720.0,0.82,7,0,0,9
Shipping_Costs_[MEUR],07_00_00_09,D&G,average,20,1240.0,0.95,7,0,0,9
Shipping_Costs_[MEUR],07_00_00_09,D&G,average,60,1980.0,0.92,7,0,0,9
Shipping_Costs_[MEUR],07_00_00_09,D&G,average,100,2720.0,0.82,7,0,0,9
Shipping_Costs_[MEUR],07_00_00_09,D&G&Wp,average,20,1240.0,0.95,7,0,0,9
Shipping_Costs_[MEUR],07_00_00_09,D&G&Wp,average,60,1980.0,0.92,7,0,0,9
Shipping_Costs_[MEUR],07_00_00_09,D&G&Wp,average,100,2720.0,0.82,7,0,0,9
Shipping_Costs_[MEUR],07_00_00_09,D&Wp,average,20,1240.0,0.95,7,0,0,9
Shipping_Costs_[MEUR],07_00_00_09,D&Wp,average,60,1980.0,0.92,7,0,0,9
Shipping_Costs_[MEUR],07_00_00_09,D&Wp,average,100,2720.0,0.82,7,0,0,9
Shipping_Costs_[MEUR],07_00_00_09,G,average,20,1240.0,0.95,7,0,0,9
Shipping_Costs_[MEUR],07_00_00_09,G,average,60,1980.0,0.92,7,0,0,9
Shipping_Costs_[MEUR],07_00_00_09,G,average,100,2720.0,0.82,7,0,0,9
Shipping_Costs_[MEUR],07_00_00_09,G&Wp,average,20,1240.0,0.95,7,0,0,9
Shipping_Costs_[MEUR],07_00_00_09,G&Wp,average,60,1980.0,0.92,7,0,0,9
Shipping_Costs_[MEUR],07_00_00_09,G&Wp,average,100,2720.0,0.82,7,0,0,9
Shipping_Costs_[MEUR],07_00_00_09,Wp,average,20,1240.0,0.95,7,0,0,9
Shipping_Costs_[MEUR],07_00_00_09,Wp,average,60,1990.0,0.92,7,0,0,9
Shipping_Costs_[MEUR],07_00_00_09,Wp,average,100,2730.0,0.83,7,0,0,9
Shipping_Costs_[MEUR],09_00_00_00,D,average,20,0.0,0.0,9,0,0,0
Shipping_Costs_[MEUR],09_00_00_00,D,average,60,0.0,0.0,9,0,0,0
Shipping_Costs_[MEUR],09_00_00_00,D,average,100,0.0,0.0,9,0,0,0
Shipping_Costs_[MEUR],09_00_00_00,D&G,average,20,0.0,0.0,9,0,0,0
Shipping_Costs_[MEUR],09_00_00_00,D&G,average,60,0.0,0.0,9,0,0,0
Shipping_Costs_[MEUR],09_00_00_00,D&G,average,100,0.0,0.0,9,0,0,0
Shipping_Costs_[MEUR],09_00_00_00,D&G&Wp,average,20,0.0,0.0,9,0,0,0
Shipping_Costs_[MEUR],09_00_00_00,D&G&Wp,average,60,0.0,0.0,9,0,0,0
Shipping_Costs_[MEUR],09_00_00_00,D&G&Wp,average,100,0.0,0.0,9,0,0,0
Shipping_Costs_[MEUR],09_00_00_00,D&Wp,average,20,0.0,0.0,9,0,0,0
Shipping_Costs_[MEUR],09_00_00_00,D&Wp,average,60,0.0,0.0,9,0,0,0
Shipping_Costs_[MEUR],09_00_00_00,D&Wp,average,100,0.0,0.0,9,0,0,0
Shipping_Costs_[MEUR],09_00_00_00,G,average,20,0.0,0.0,9,0,0,0
Shipping_Costs_[MEUR],09_00_00_00,G,average,60,0.0,0.0,9,0,0,0
Shipping_Costs_[MEUR],09_00_00_00,G,average,100,0.0,0.0,9,0,0,0
Shipping_Costs_[MEUR],09_00_00_00,G&Wp,average,20,0.0,0.0,9,0,0,0
Shipping_Costs_[MEUR],09_00_00_00,G&Wp,average,60,0.0,0.0,9,0,0,0
Shipping_Costs_[MEUR],09_00_00_00,G&Wp,average,100,0.0,0.0,9,0,0,0
Shipping_Costs_[MEUR],09_00_00_00,Wp,average,20,0.0,0.0,9,0,0,0
Shipping_Costs_[MEUR],09_00_00_00,Wp,average,60,0.0,0.0,9,0,0,0
Shipping_Costs_[MEUR],09_00_00_00,Wp,average,100,0.0,0.0,9,0,0,0
Shipping_Costs_[MEUR],09_00_00_01,D,average,20,550.0,0.42,9,0,0,1
Shipping_Costs_[MEUR],09_00_00_01,D,average,60,1090.0,0.51,9,0,0,1
Shipping_Costs_[MEUR],09_00_00_01,D,average,100,1550.0,0.47,9,0,0,1
Shipping_Costs_[MEUR],09_00_00_01,D&G,average,20,550.0,0.42,9,0,0,1
Shipping_Costs_[MEUR],09_00_00_01,D&G,average,60,1090.0,0.51,9,0,0,1
Shipping_Costs_[MEUR],09_00_00_01,D&G,average,100,1550.0,0.47,9,0,0,1
Shipping_Costs_[MEUR],09_00_00_01,D&G&Wp,average,20,590.0,0.45,9,0,0,1
Shipping_Costs_[MEUR],09_00_00_01,D&G&Wp,average,60,1300.0,0.6,9,0,0,1
Shipping_Costs_[MEUR],09_00_00_01,D&G&Wp,average,100,1850.0,0.56,9,0,0,1
Shipping_Costs_[MEUR],09_00_00_01,D&Wp,average,20,600.0,0.46,9,0,0,1
Shipping_Costs_[MEUR],09_00_00_01,D&Wp,average,60,1400.0,0.65,9,0,0,1
Shipping_Costs_[MEUR],09_00_00_01,D&Wp,average,100,2010.0,0.61,9,0,0,1
Shipping_Costs_[MEUR],09_00_00_01,G,average,20,550.0,0.42,9,0,0,1
Shipping_Costs_[MEUR],09_00_00_01,G,average,60,1090.0,0.51,9,0,0,1
Shipping_Costs_[MEUR],09_00_00_01,G,average,100,1550.0,0.47,9,0,0,1
Shipping_Costs_[MEUR],09_00_00_01,G&Wp,average,20,600.0,0.46,9,0,0,1
Shipping_Costs_[MEUR],09_00_00_01,G&Wp,average,60,1400.0,0.65,9,0,0,1
Shipping_Costs_[MEUR],09_00_00_01,G&Wp,average,100,2010.0,0.61,9,0,0,1
Shipping_Costs_[MEUR],09_00_00_01,Wp,average,20,650.0,0.5,9,0,0,1
Shipping_Costs_[MEUR],09_00_00_01,Wp,average,60,1710.0,0.79,9,0,0,1
Shipping_Costs_[MEUR],09_00_00_01,Wp,average,100,2460.0,0.75,9,0,0,1
Shipping_Costs_[MEUR],09_00_00_02,D,average,20,20.0,0.01,9,0,0,2
Shipping_Costs_[MEUR],09_00_00_02,D,average,60,90.0,0.04,9,0,0,2
Shipping_Costs_[MEUR],09_00_00_02,D,average,100,170.0,0.05,9,0,0,2
Shipping_Costs_[MEUR],09_00_00_02,D&G,average,20,20.0,0.01,9,0,0,2
Shipping_Costs_[MEUR],09_00_00_02,D&G,average,60,90.0,0.04,9,0,0,2
Shipping_Costs_[MEUR],09_00_00_02,D&G,average,100,170.0,0.05,9,0,0,2
Shipping_Costs_[MEUR],09_00_00_02,D&G&Wp,average,20,20.0,0.01,9,0,0,2
Shipping_Costs_[MEUR],09_00_00_02,D&G&Wp,average,60,540.0,0.25,9,0,0,2
Shipping_Costs_[MEUR],09_00_00_02,D&G&Wp,average,100,880.0,0.26,9,0,0,2
Shipping_Costs_[MEUR],09_00_00_02,D&Wp,average,20,20.0,0.01,9,0,0,2
Shipping_Costs_[MEUR],09_00_00_02,D&Wp,average,60,770.0,0.35,9,0,0,2
Shipping_Costs_[MEUR],09_00_00_02,D&Wp,average,100,1230.0,0.37,9,0,0,2
Shipping_Costs_[MEUR],09_00_00_02,G,average,20,20.0,0.01,9,0,0,2
Shipping_Costs_[MEUR],09_00_00_02,G,average,60,90.0,0.04,9,0,0,2
Shipping_Costs_[MEUR],09_00_00_02,G,average,100,160.0,0.05,9,0,0,2
Shipping_Costs_[MEUR],09_00_00_02,G&Wp,average,20,20.0,0.01,9,0,0,2
Shipping_Costs_[MEUR],09_00_00_02,G&Wp,average,60,770.0,0.35,9,0,0,2
Shipping_Costs_[MEUR],09_00_00_02,G&Wp,average,100,1230.0,0.37,9,0,0,2
Shipping_Costs_[MEUR],09_00_00_02,Wp,average,20,20.0,0.01,9,0,0,2
Shipping_Costs_[MEUR],09_00_00_02,Wp,average,60,1440.0,0.67,9,0,0,2
Shipping_Costs_[MEUR],09_00_00_02,Wp,average,100,2300.0,0.69,9,0,0,2
Shipping_Costs_[MEUR],09_00_00_04,D,average,20,50.0,0.03,9,0,0,4
Shipping_Costs_[MEUR],09_00_00_04,D,average,60,150.0,0.07,9,0,0,4
Shipping_Costs_[MEUR],09_00_00_04,D,average,100,260.0,0.08,9,0,0,4
Shipping_Costs_[MEUR],09_00_00_04,D&G,average,20,50.0,0.03,9,0,0,4
Shipping_Costs_[MEUR],09_00_00_04,D&G,average,60,150.0,0.07,9,0,0,4
Shipping_Costs_[MEUR],09_00_00_04,D&G,average,100,260.0,0.08,9,0,0,4
Shipping_Costs_[MEUR],09_00_00_04,D&G&Wp,average,20,50.0,0.03,9,0,0,4
Shipping_Costs_[MEUR],09_00_00_04,D&G&Wp,average,60,580.0,0.27,9,0,0,4
Shipping_Costs_[MEUR],09_00_00_04,D&G&Wp,average,100,940.0,0.28,9,0,0,4
Shipping_Costs_[MEUR],09_00_00_04,D&Wp,average,20,50.0,0.03,9,0,0,4
Shipping_Costs_[MEUR],09_00_00_04,D&Wp,average,60,800.0,0.37,9,0,0,4
Shipping_Costs_[MEUR],09_00_00_04,D&Wp,average,100,1280.0,0.39,9,0,0,4
Shipping_Costs_[MEUR],09_00_00_04,G,average,20,50.0,0.03,9,0,0,4
Shipping_Costs_[MEUR],09_00_00_04,G,average,60,150.0,0.07,9,0,0,4
Shipping_Costs_[MEUR],09_00_00_04,G,average,100,260.0,0.08,9,0,0,4
Shipping_Costs_[MEUR],09_00_00_04,G&Wp,average,20,50.0,0.03,9,0,0,4
Shipping_Costs_[MEUR],09_00_00_04,G&Wp,average,60,800.0,0.37,9,0,0,4
Shipping_Costs_[MEUR],09_00_00_04,G&Wp,average,100,1280.0,0.39,9,0,0,4
Shipping_Costs_[MEUR],09_00_00_04,Wp,average,20,50.0,0.03,9,0,0,4
Shipping_Costs_[MEUR],09_00_00_04,Wp,average,60,1440.0,0.67,9,0,0,4
Shipping_Costs_[MEUR],09_00_00_04,Wp,average,100,2300.0,0.69,9,0,0,4
Shipping_Costs_[MEUR],09_00_00_05,D,average,20,50.0,0.03,9,0,0,5
Shipping_Costs_[MEUR],09_00_00_05,D,average,60,1030.0,0.48,9,0,0,5
Shipping_Costs_[MEUR],09_00_00_05,D,average,100,1580.0,0.48,9,0,0,5
Shipping_Costs_[MEUR],09_00_00_05,D&G,average,20,50.0,0.03,9,0,0,5
Shipping_Costs_[MEUR],09_00_00_05,D&G,average,60,810.0,0.37,9,0,0,5
Shipping_Costs_[MEUR],09_00_00_05,D&G,average,100,1320.0,0.4,9,0,0,5
Shipping_Costs_[MEUR],09_00_00_05,D&G&Wp,average,20,50.0,0.03,9,0,0,5
Shipping_Costs_[MEUR],09_00_00_05,D&G&Wp,average,60,1090.0,0.5,9,0,0,5
Shipping_Costs_[MEUR],09_00_00_05,D&G&Wp,average,100,1720.0,0.52,9,0,0,5
Shipping_Costs_[MEUR],09_00_00_05,D&Wp,average,20,50.0,0.03,9,0,0,5
Shipping_Costs_[MEUR],09_00_00_05,D&Wp,average,60,1340.0,0.62,9,0,0,5
Shipping_Costs_[MEUR],09_00_00_05,D&Wp,average,100,2040.0,0.62,9,0,0,5
Shipping_Costs_[MEUR],09_00_00_05,G,average,20,50.0,0.03,9,0,0,5
Shipping_Costs_[MEUR],09_00_00_05,G,average,60,580.0,0.27,9,0,0,5
Shipping_Costs_[MEUR],09_00_00_05,G,average,100,1070.0,0.32,9,0,0,5
Shipping_Costs_[MEUR],09_00_00_05,G&Wp,average,20,50.0,0.03,9,0,0,5
Shipping_Costs_[MEUR],09_00_00_05,G&Wp,average,60,1120.0,0.52,9,0,0,5
Shipping_Costs_[MEUR],09_00_00_05,G&Wp,average,100,1780.0,0.54,9,0,0,5
Shipping_Costs_[MEUR],09_00_00_05,Wp,average,20,50.0,0.03,9,0,0,5
Shipping_Costs_[MEUR],09_00_00_05,Wp,average,60,1650.0,0.77,9,0,0,5
Shipping_Costs_[MEUR],09_00_00_05,Wp,average,100,2500.0,0.76,9,0,0,5
Shipping_Costs_[MEUR],09_00_00_07,D,average,20,1240.0,0.95,9,0,0,7
Shipping_Costs_[MEUR],09_00_00_07,D,average,60,1980.0,0.92,9,0,0,7
Shipping_Costs_[MEUR],09_00_00_07,D,average,100,2720.0,0.82,9,0,0,7
Shipping_Costs_[MEUR],09_00_00_07,D&G,average,20,1240.0,0.95,9,0,0,7
Shipping_Costs_[MEUR],09_00_00_07,D&G,average,60,1980.0,0.92,9,0,0,7
Shipping_Costs_[MEUR],09_00_00_07,D&G,average,100,2720.0,0.82,9,0,0,7
Shipping_Costs_[MEUR],09_00_00_07,D&G&Wp,average,20,1240.0,0.95,9,0,0,7
Shipping_Costs_[MEUR],09_00_00_07,D&G&Wp,average,60,1980.0,0.92,9,0,0,7
Shipping_Costs_[MEUR],09_00_00_07,D&G&Wp,average,100,2720.0,0.82,9,0,0,7
Shipping_Costs_[MEUR],09_00_00_07,D&Wp,average,20,1240.0,0.95,9,0,0,7
Shipping_Costs_[MEUR],09_00_00_07,D&Wp,average,60,1980.0,0.92,9,0,0,7
Shipping_Costs_[MEUR],09_00_00_07,D&Wp,average,100,2720.0,0.82,9,0,0,7
Shipping_Costs_[MEUR],09_00_00_07,G,average,20,1240.0,0.95,9,0,0,7
Shipping_Costs_[MEUR],09_00_00_07,G,average,60,1980.0,0.92,9,0,0,7
Shipping_Costs_[MEUR],09_00_00_07,G,average,100,2720.0,0.82,9,0,0,7
Shipping_Costs_[MEUR],09_00_00_07,G&Wp,average,20,1240.0,0.95,9,0,0,7
Shipping_Costs_[MEUR],09_00_00_07,G&Wp,average,60,1980.0,0.92,9,0,0,7
Shipping_Costs_[MEUR],09_00_00_07,G&Wp,average,100,2720.0,0.82,9,0,0,7
Shipping_Costs_[MEUR],09_00_00_07,Wp,average,20,1240.0,0.95,9,0,0,7
Shipping_Costs_[MEUR],09_00_00_07,Wp,average,60,1990.0,0.92,9,0,0,7
Shipping_Costs_[MEUR],09_00_00_07,Wp,average,100,2730.0,0.83,9,0,0,7
Shipping_Costs_[MEUR],09_00_00_08,D,average,20,1240.0,0.95,9,0,0,8
Shipping_Costs_[MEUR],09_00_00_08,D,average,60,1980.0,0.92,9,0,0,8
Shipping_Costs_[MEUR],09_00_00_08,D,average,100,2720.0,0.82,9,0,0,8
Shipping_Costs_[MEUR],09_00_00_08,D&G,average,20,1240.0,0.95,9,0,0,8
Shipping_Costs_[MEUR],09_00_00_08,D&G,average,60,1980.0,0.92,9,0,0,8
Shipping_Costs_[MEUR],09_00_00_08,D&G,average,100,2720.0,0.82,9,0,0,8
Shipping_Costs_[MEUR],09_00_00_08,D&G&Wp,average,20,1240.0,0.95,9,0,0,8
Shipping_Costs_[MEUR],09_00_00_08,D&G&Wp,average,60,1980.0,0.92,9,0,0,8
Shipping_Costs_[MEUR],09_00_00_08,D&G&Wp,average,100,2720.0,0.82,9,0,0,8
Shipping_Costs_[MEUR],09_00_00_08,D&Wp,average,20,1240.0,0.95,9,0,0,8
Shipping_Costs_[MEUR],09_00_00_08,D&Wp,average,60,1980.0,0.92,9,0,0,8
Shipping_Costs_[MEUR],09_00_00_08,D&Wp,average,100,2720.0,0.82,9,0,0,8
Shipping_Costs_[MEUR],09_00_00_08,G,average,20,1240.0,0.95,9,0,0,8
Shipping_Costs_[MEUR],09_00_00_08,G,average,60,1980.0,0.92,9,0,0,8
Shipping_Costs_[MEUR],09_00_00_08,G,average,100,2720.0,0.82,9,0,0,8
Shipping_Costs_[MEUR],09_00_00_08,G&Wp,average,20,1240.0,0.95,9,0,0,8
Shipping_Costs_[MEUR],09_00_00_08,G&Wp,average,60,1980.0,0.92,9,0,0,8
Shipping_Costs_[MEUR],09_00_00_08,G&Wp,average,100,2720.0,0.82,9,0,0,8
Shipping_Costs_[MEUR],09_00_00_08,Wp,average,20,1240.0,0.95,9,0,0,8
Shipping_Costs_[MEUR],09_00_00_08,Wp,average,60,1990.0,0.92,9,0,0,8
Shipping_Costs_[MEUR],09_00_00_08,Wp,average,100,2730.0,0.83,9,0,0,8
Shipping_Costs_[MEUR],09_00_00_09,D,average,20,1240.0,0.95,9,0,0,9
Shipping_Costs_[MEUR],09_00_00_09,D,average,60,1980.0,0.92,9,0,0,9
Shipping_Costs_[MEUR],09_00_00_09,D,average,100,2720.0,0.82,9,0,0,9
Shipping_Costs_[MEUR],09_00_00_09,D&G,average,20,1240.0,0.95,9,0,0,9
Shipping_Costs_[MEUR],09_00_00_09,D&G,average,60,1980.0,0.92,9,0,0,9
Shipping_Costs_[MEUR],09_00_00_09,D&G,average,100,2720.0,0.82,9,0,0,9
Shipping_Costs_[MEUR],09_00_00_09,D&G&Wp,average,20,1240.0,0.95,9,0,0,9
Shipping_Costs_[MEUR],09_00_00_09,D&G&Wp,average,60,1980.0,0.92,9,0,0,9
Shipping_Costs_[MEUR],09_00_00_09,D&G&Wp,average,100,2720.0,0.82,9,0,0,9
Shipping_Costs_[MEUR],09_00_00_09,D&Wp,average,20,1240.0,0.95,9,0,0,9
Shipping_Costs_[MEUR],09_00_00_09,D&Wp,average,60,1980.0,0.92,9,0,0,9
Shipping_Costs_[MEUR],09_00_00_09,D&Wp,average,100,2720.0,0.82,9,0,0,9
Shipping_Costs_[MEUR],09_00_00_09,G,average,20,1240.0,0.95,9,0,0,9
Shipping_Costs_[MEUR],09_00_00_09,G,average,60,1980.0,0.92,9,0,0,9
Shipping_Costs_[MEUR],09_00_00_09,G,average,100,2720.0,0.82,9,0,0,9
Shipping_Costs_[MEUR],09_00_00_09,G&Wp,average,20,1240.0,0.95,9,0,0,9
Shipping_Costs_[MEUR],09_00_00_09,G&Wp,average,60,1980.0,0.92,9,0,0,9
Shipping_Costs_[MEUR],09_00_00_09,G&Wp,average,100,2720.0,0.82,9,0,0,9
Shipping_Costs_[MEUR],09_00_00_09,Wp,average,20,1240.0,0.95,9,0,0,9
Shipping_Costs_[MEUR],09_00_00_09,Wp,average,60,1990.0,0.92,9,0,0,9
Shipping_Costs_[MEUR],09_00_00_09,Wp,average,100,2730.0,0.83,9,0,0,9
Shipping_Costs_[MEUR],11_00_00_00,D,average,20,0.0,0.0,11,0,0,0
Shipping_Costs_[MEUR],11_00_00_00,D,average,60,0.0,0.0,11,0,0,0
Shipping_Costs_[MEUR],11_00_00_00,D,average,100,0.0,0.0,11,0,0,0
Shipping_Costs_[MEUR],11_00_00_00,D&G,average,20,0.0,0.0,11,0,0,0
Shipping_Costs_[MEUR],11_00_00_00,D&G,average,60,0.0,0.0,11,0,0,0
Shipping_Costs_[MEUR],11_00_00_00,D&G,average,100,0.0,0.0,11,0,0,0
Shipping_Costs_[MEUR],11_00_00_00,D&G&Wp,average,20,0.0,0.0,11,0,0,0
Shipping_Costs_[MEUR],11_00_00_00,D&G&Wp,average,60,0.0,0.0,11,0,0,0
Shipping_Costs_[MEUR],11_00_00_00,D&G&Wp,average,100,0.0,0.0,11,0,0,0
Shipping_Costs_[MEUR],11_00_00_00,D&Wp,average,20,0.0,0.0,11,0,0,0
Shipping_Costs_[MEUR],11_00_00_00,D&Wp,average,60,0.0,0.0,11,0,0,0
Shipping_Costs_[MEUR],11_00_00_00,D&Wp,average,100,0.0,0.0,11,0,0,0
Shipping_Costs_[MEUR],11_00_00_00,G,average,20,0.0,0.0,11,0,0,0
Shipping_Costs_[MEUR],11_00_00_00,G,average,60,0.0,0.0,11,0,0,0
Shipping_Costs_[MEUR],11_00_00_00,G,average,100,0.0,0.0,11,0,0,0
Shipping_Costs_[MEUR],11_00_00_00,G&Wp,average,20,0.0,0.0,11,0,0,0
Shipping_Costs_[MEUR],11_00_00_00,G&Wp,average,60,0.0,0.0,11,0,0,0
Shipping_Costs_[MEUR],11_00_00_00,G&Wp,average,100,0.0,0.0,11,0,0,0
Shipping_Costs_[MEUR],11_00_00_00,Wp,average,20,0.0,0.0,11,0,0,0
Shipping_Costs_[MEUR],11_00_00_00,Wp,average,60,0.0,0.0,11,0,0,0
Shipping_Costs_[MEUR],11_00_00_00,Wp,average,100,0.0,0.0,11,0,0,0
Shipping_Costs_[MEUR],11_00_00_01,D,average,20,550.0,0.42,11,0,0,1
Shipping_Costs_[MEUR],11_00_00_01,D,average,60,1090.0,0.51,11,0,0,1
Shipping_Costs_[MEUR],11_00_00_01,D,average,100,1550.0,0.47,11,0,0,1
Shipping_Costs_[MEUR],11_00_00_01,D&G,average,20,550.0,0.42,11,0,0,1
Shipping_Costs_[MEUR],11_00_00_01,D&G,average,60,1090.0,0.51,11,0,0,1
Shipping_Costs_[MEUR],11_00_00_01,D&G,average,100,1550.0,0.47,11,0,0,1
Shipping_Costs_[MEUR],11_00_00_01,D&G&Wp,average,20,590.0,0.45,11,0,0,1
Shipping_Costs_[MEUR],11_00_00_01,D&G&Wp,average,60,1300.0,0.6,11,0,0,1
Shipping_Costs_[MEUR],11_00_00_01,D&G&Wp,average,100,1850.0,0.56,11,0,0,1
Shipping_Costs_[MEUR],11_00_00_01,D&Wp,average,20,600.0,0.46,11,0,0,1
Shipping_Costs_[MEUR],11_00_00_01,D&Wp,average,60,1400.0,0.65,11,0,0,1
Shipping_Costs_[MEUR],11_00_00_01,D&Wp,average,100,2010.0,0.61,11,0,0,1
Shipping_Costs_[MEUR],11_00_00_01,G,average,20,550.0,0.42,11,0,0,1
Shipping_Costs_[MEUR],11_00_00_01,G,average,60,1090.0,0.51,11,0,0,1
Shipping_Costs_[MEUR],11_00_00_01,G,average,100,1550.0,0.47,11,0,0,1
Shipping_Costs_[MEUR],11_00_00_01,G&Wp,average,20,600.0,0.46,11,0,0,1
Shipping_Costs_[MEUR],11_00_00_01,G&Wp,average,60,1400.0,0.65,11,0,0,1
Shipping_Costs_[MEUR],11_00_00_01,G&Wp,average,100,2010.0,0.61,11,0,0,1
Shipping_Costs_[MEUR],11_00_00_01,Wp,average,20,650.0,0.5,11,0,0,1
Shipping_Costs_[MEUR],11_00_00_01,Wp,average,60,1710.0,0.79,11,0,0,1
Shipping_Costs_[MEUR],11_00_00_01,Wp,average,100,2460.0,0.75,11,0,0,1
Shipping_Costs_[MEUR],11_00_00_02,D,average,20,20.0,0.01,11,0,0,2
Shipping_Costs_[MEUR],11_00_00_02,D,average,60,90.0,0.04,11,0,0,2
Shipping_Costs_[MEUR],11_00_00_02,D,average,100,170.0,0.05,11,0,0,2
Shipping_Costs_[MEUR],11_00_00_02,D&G,average,20,20.0,0.01,11,0,0,2
Shipping_Costs_[MEUR],11_00_00_02,D&G,average,60,90.0,0.04,11,0,0,2
Shipping_Costs_[MEUR],11_00_00_02,D&G,average,100,170.0,0.05,11,0,0,2
Shipping_Costs_[MEUR],11_00_00_02,D&G&Wp,average,20,20.0,0.01,11,0,0,2
Shipping_Costs_[MEUR],11_00_00_02,D&G&Wp,average,60,540.0,0.25,11,0,0,2
Shipping_Costs_[MEUR],11_00_00_02,D&G&Wp,average,100,880.0,0.26,11,0,0,2
Shipping_Costs_[MEUR],11_00_00_02,D&Wp,average,20,20.0,0.01,11,0,0,2
Shipping_Costs_[MEUR],11_00_00_02,D&Wp,average,60,770.0,0.35,11,0,0,2
Shipping_Costs_[MEUR],11_00_00_02,D&Wp,average,100,1230.0,0.37,11,0,0,2
Shipping_Costs_[MEUR],11_00_00_02,G,average,20,20.0,0.01,11,0,0,2
Shipping_Costs_[MEUR],11_00_00_02,G,average,60,90.0,0.04,11,0,0,2
Shipping_Costs_[MEUR],11_00_00_02,G,average,100,160.0,0.05,11,0,0,2
Shipping_Costs_[MEUR],11_00_00_02,G&Wp,average,20,20.0,0.01,11,0,0,2
Shipping_Costs_[MEUR],11_00_00_02,G&Wp,average,60,770.0,0.35,11,0,0,2
Shipping_Costs_[MEUR],11_00_00_02,G&Wp,average,100,1230.0,0.37,11,0,0,2
Shipping_Costs_[MEUR],11_00_00_02,Wp,average,20,20.0,0.01,11,0,0,2
Shipping_Costs_[MEUR],11_00_00_02,Wp,average,60,1440.0,0.67,11,0,0,2
Shipping_Costs_[MEUR],11_00_00_02,Wp,average,100,2300.0,0.69,11,0,0,2
Shipping_Costs_[MEUR],11_00_00_04,D,average,20,50.0,0.03,11,0,0,4
Shipping_Costs_[MEUR],11_00_00_04,D,average,60,150.0,0.07,11,0,0,4
Shipping_Costs_[MEUR],11_00_00_04,D,average,100,260.0,0.08,11,0,0,4
Shipping_Costs_[MEUR],11_00_00_04,D&G,average,20,50.0,0.03,11,0,0,4
Shipping_Costs_[MEUR],11_00_00_04,D&G,average,60,150.0,0.07,11,0,0,4
Shipping_Costs_[MEUR],11_00_00_04,D&G,average,100,260.0,0.08,11,0,0,4
Shipping_Costs_[MEUR],11_00_00_04,D&G&Wp,average,20,50.0,0.03,11,0,0,4
Shipping_Costs_[MEUR],11_00_00_04,D&G&Wp,average,60,580.0,0.27,11,0,0,4
Shipping_Costs_[MEUR],11_00_00_04,D&G&Wp,average,100,940.0,0.28,11,0,0,4
Shipping_Costs_[MEUR],11_00_00_04,D&Wp,average,20,50.0,0.03,11,0,0,4
Shipping_Costs_[MEUR],11_00_00_04,D&Wp,average,60,800.0,0.37,11,0,0,4
Shipping_Costs_[MEUR],11_00_00_04,D&Wp,average,100,1280.0,0.39,11,0,0,4
Shipping_Costs_[MEUR],11_00_00_04,G,average,20,50.0,0.03,11,0,0,4
Shipping_Costs_[MEUR],11_00_00_04,G,average,60,150.0,0.07,11,0,0,4
Shipping_Costs_[MEUR],11_00_00_04,G,average,100,260.0,0.08,11,0,0,4
Shipping_Costs_[MEUR],11_00_00_04,G&Wp,average,20,50.0,0.03,11,0,0,4
Shipping_Costs_[MEUR],11_00_00_04,G&Wp,average,60,800.0,0.37,11,0,0,4
Shipping_Costs_[MEUR],11_00_00_04,G&Wp,average,100,1280.0,0.39,11,0,0,4
Shipping_Costs_[MEUR],11_00_00_04,Wp,average,20,50.0,0.03,11,0,0,4
Shipping_Costs_[MEUR],11_00_00_04,Wp,average,60,1440.0,0.67,11,0,0,4
Shipping_Costs_[MEUR],11_00_00_04,Wp,average,100,2300.0,0.69,11,0,0,4
Shipping_Costs_[MEUR],11_00_00_05,D,average,20,50.0,0.03,11,0,0,5
Shipping_Costs_[MEUR],11_00_00_05,D,average,60,1030.0,0.48,11,0,0,5
Shipping_Costs_[MEUR],11_00_00_05,D,average,100,1580.0,0.48,11,0,0,5
Shipping_Costs_[MEUR],11_00_00_05,D&G,average,20,50.0,0.03,11,0,0,5
Shipping_Costs_[MEUR],11_00_00_05,D&G,average,60,810.0,0.37,11,0,0,5
Shipping_Costs_[MEUR],11_00_00_05,D&G,average,100,1320.0,0.4,11,0,0,5
Shipping_Costs_[MEUR],11_00_00_05,D&G&Wp,average,20,50.0,0.03,11,0,0,5
Shipping_Costs_[MEUR],11_00_00_05,D&G&Wp,average,60,1090.0,0.5,11,0,0,5
Shipping_Costs_[MEUR],11_00_00_05,D&G&Wp,average,100,1720.0,0.52,11,0,0,5
Shipping_Costs_[MEUR],11_00_00_05,D&Wp,average,20,50.0,0.03,11,0,0,5
Shipping_Costs_[MEUR],11_00_00_05,D&Wp,average,60,1340.0,0.62,11,0,0,5
Shipping_Costs_[MEUR],11_00_00_05,D&Wp,average,100,2040.0,0.62,11,0,0,5
Shipping_Costs_[MEUR],11_00_00_05,G,average,20,50.0,0.03,11,0,0,5
Shipping_Costs_[MEUR],11_00_00_05,G,average,60,580.0,0.27,11,0,0,5
Shipping_Costs_[MEUR],11_00_00_05,G,average,100,1070.0,0.32,11,0,0,5
Shipping_Costs_[MEUR],11_00_00_05,G&Wp,average,20,50.0,0.03,11,0,0,5
Shipping_Costs_[MEUR],11_00_00_05,G&Wp,average,60,1120.0,0.52,11,0,0,5
Shipping_Costs_[MEUR],11_00_00_05,G&Wp,average,100,1780.0,0.54,11,0,0,5
Shipping_Costs_[MEUR],11_00_00_05,Wp,average,20,50.0,0.03,11,0,0,5
Shipping_Costs_[MEUR],11_00_00_05,Wp,average,60,1650.0,0.77,11,0,0,5
Shipping_Costs_[MEUR],11_00_00_05,Wp,average,100,2500.0,0.76,11,0,0,5
Shipping_Costs_[MEUR],11_00_00_07,D,average,20,1240.0,0.95,11,0,0,7
Shipping_Costs_[MEUR],11_00_00_07,D,average,60,1980.0,0.92,11,0,0,7
Shipping_Costs_[MEUR],11_00_00_07,D,average,100,2720.0,0.82,11,0,0,7
Shipping_Costs_[MEUR],11_00_00_07,D&G,average,20,1240.0,0.95,11,0,0,7
Shipping_Costs_[MEUR],11_00_00_07,D&G,average,60,1980.0,0.92,11,0,0,7
Shipping_Costs_[MEUR],11_00_00_07,D&G,average,100,2720.0,0.82,11,0,0,7
Shipping_Costs_[MEUR],11_00_00_07,D&G&Wp,average,20,1240.0,0.95,11,0,0,7
Shipping_Costs_[MEUR],11_00_00_07,D&G&Wp,average,60,1980.0,0.92,11,0,0,7
Shipping_Costs_[MEUR],11_00_00_07,D&G&Wp,average,100,2720.0,0.82,11,0,0,7
Shipping_Costs_[MEUR],11_00_00_07,D&Wp,average,20,1240.0,0.95,11,0,0,7
Shipping_Costs_[MEUR],11_00_00_07,D&Wp,average,60,1980.0,0.92,11,0,0,7
Shipping_Costs_[MEUR],11_00_00_07,D&Wp,average,100,2720.0,0.82,11,0,0,7
Shipping_Costs_[MEUR],11_00_00_07,G,average,20,1240.0,0.95,11,0,0,7
Shipping_Costs_[MEUR],11_00_00_07,G,average,60,1980.0,0.92,11,0,0,7
Shipping_Costs_[MEUR],11_00_00_07,G,average,100,2720.0,0.82,11,0,0,7
Shipping_Costs_[MEUR],11_00_00_07,G&Wp,average,20,1240.0,0.95,11,0,0,7
Shipping_Costs_[MEUR],11_00_00_07,G&Wp,average,60,1980.0,0.92,11,0,0,7
Shipping_Costs_[MEUR],11_00_00_07,G&Wp,average,100,2720.0,0.82,11,0,0,7
Shipping_Costs_[MEUR],11_00_00_07,Wp,average,20,1240.0,0.95,11,0,0,7
Shipping_Costs_[MEUR],11_00_00_07,Wp,average,60,1990.0,0.92,11,0,0,7
Shipping_Costs_[MEUR],11_00_00_07,Wp,average,100,2730.0,0.83,11,0,0,7
Shipping_Costs_[MEUR],11_00_00_08,D,average,20,1240.0,0.95,11,0,0,8
Shipping_Costs_[MEUR],11_00_00_08,D,average,60,1980.0,0.92,11,0,0,8
Shipping_Costs_[MEUR],11_00_00_08,D,average,100,2720.0,0.82,11,0,0,8
Shipping_Costs_[MEUR],11_00_00_08,D&G,average,20,1240.0,0.95,11,0,0,8
Shipping_Costs_[MEUR],11_00_00_08,D&G,average,60,1980.0,0.92,11,0,0,8
Shipping_Costs_[MEUR],11_00_00_08,D&G,average,100,2720.0,0.82,11,0,0,8
Shipping_Costs_[MEUR],11_00_00_08,D&G&Wp,average,20,1240.0,0.95,11,0,0,8
Shipping_Costs_[MEUR],11_00_00_08,D&G&Wp,average,60,1980.0,0.92,11,0,0,8
Shipping_Costs_[MEUR],11_00_00_08,D&G&Wp,average,100,2720.0,0.82,11,0,0,8
Shipping_Costs_[MEUR],11_00_00_08,D&Wp,average,20,1240.0,0.95,11,0,0,8
Shipping_Costs_[MEUR],11_00_00_08,D&Wp,average,60,1980.0,0.92,11,0,0,8
Shipping_Costs_[MEUR],11_00_00_08,D&Wp,average,100,2720.0,0.82,11,0,0,8
Shipping_Costs_[MEUR],11_00_00_08,G,average,20,1240.0,0.95,11,0,0,8
Shipping_Costs_[MEUR],11_00_00_08,G,average,60,1980.0,0.92,11,0,0,8
Shipping_Costs_[MEUR],11_00_00_08,G,average,100,2720.0,0.82,11,0,0,8
Shipping_Costs_[MEUR],11_00_00_08,G&Wp,average,20,1240.0,0.95,11,0,0,8
Shipping_Costs_[MEUR],11_00_00_08,G&Wp,average,60,1980.0,0.92,11,0,0,8
Shipping_Costs_[MEUR],11_00_00_08,G&Wp,average,100,2720.0,0.82,11,0,0,8
Shipping_Costs_[MEUR],11_00_00_08,Wp,average,20,1240.0,0.95,11,0,0,8
Shipping_Costs_[MEUR],11_00_00_08,Wp,average,60,1990.0,0.92,11,0,0,8
Shipping_Costs_[MEUR],11_00_00_08,Wp,average,100,2730.0,0.83,11,0,0,8
Shipping_Costs_[MEUR],11_00_00_09,D,average,20,1240.0,0.95,11,0,0,9
Shipping_Costs_[MEUR],11_00_00_09,D,average,60,1980.0,0.92,11,0,0,9
Shipping_Costs_[MEUR],11_00_00_09,D,average,100,2720.0,0.82,11,0,0,9
Shipping_Costs_[MEUR],11_00_00_09,D&G,average,20,1240.0,0.95,11,0,0,9
Shipping_Costs_[MEUR],11_00_00_09,D&G,average,60,1980.0,0.92,11,0,0,9
Shipping_Costs_[MEUR],11_00_00_09,D&G,average,100,2720.0,0.82,11,0,0,9
Shipping_Costs_[MEUR],11_00_00_09,D&G&Wp,average,20,1240.0,0.95,11,0,0,9
Shipping_Costs_[MEUR],11_00_00_09,D&G&Wp,average,60,1980.0,0.92,11,0,0,9
Shipping_Costs_[MEUR],11_00_00_09,D&G&Wp,average,100,2720.0,0.82,11,0,0,9
Shipping_Costs_[MEUR],11_00_00_09,D&Wp,average,20,1240.0,0.95,11,0,0,9
Shipping_Costs_[MEUR],11_00_00_09,D&Wp,average,60,1980.0,0.92,11,0,0,9
Shipping_Costs_[MEUR],11_00_00_09,D&Wp,average,100,2720.0,0.82,11,0,0,9
Shipping_Costs_[MEUR],11_00_00_09,G,average,20,1240.0,0.95,11,0,0,9
Shipping_Costs_[MEUR],11_00_00_09,G,average,60,1980.0,0.92,11,0,0,9
Shipping_Costs_[MEUR],11_00_00_09,G,average,100,2720.0,0.82,11,0,0,9
Shipping_Costs_[MEUR],11_00_00_09,G&Wp,average,20,1240.0,0.95,11,0,0,9
Shipping_Costs_[MEUR],11_00_00_09,G&Wp,average,60,1980.0,0.92,11,0,0,9
Shipping_Costs_[MEUR],11_00_00_09,G&Wp,average,100,2720.0,0.82,11,0,0,9
Shipping_Costs_[MEUR],11_00_00_09,Wp,average,20,1240.0,0.95,11,0,0,9
Shipping_Costs_[MEUR],11_00_00_09,Wp,average,60,1990.0,0.92,11,0,0,9
Shipping_Costs_[MEUR],11_00_00_09,Wp,average,100,2730.0,0.83,11,0,0,9
Shipping_Costs_[MEUR],13_00_00_00,D,average,20,0.0,0.0,13,0,0,0
Shipping_Costs_[MEUR],13_00_00_00,D,average,60,0.0,0.0,13,0,0,0
Shipping_Costs_[MEUR],13_00_00_00,D,average,100,0.0,0.0,13,0,0,0
Shipping_Costs_[MEUR],13_00_00_00,D&G,average,20,0.0,0.0,13,0,0,0
Shipping_Costs_[MEUR],13_00_00_00,D&G,average,60,0.0,0.0,13,0,0,0
Shipping_Costs_[MEUR],13_00_00_00,D&G,average,100,0.0,0.0,13,0,0,0
Shipping_Costs_[MEUR],13_00_00_00,D&G&Wp,average,20,0.0,0.0,13,0,0,0
Shipping_Costs_[MEUR],13_00_00_00,D&G&Wp,average,60,0.0,0.0,13,0,0,0
Shipping_Costs_[MEUR],13_00_00_00,D&G&Wp,average,100,0.0,0.0,13,0,0,0
Shipping_Costs_[MEUR],13_00_00_00,D&Wp,average,20,0.0,0.0,13,0,0,0
Shipping_Costs_[MEUR],13_00_00_00,D&Wp,average,60,0.0,0.0,13,0,0,0
Shipping_Costs_[MEUR],13_00_00_00,D&Wp,average,100,0.0,0.0,13,0,0,0
Shipping_Costs_[MEUR],13_00_00_00,G,average,20,0.0,0.0,13,0,0,0
Shipping_Costs_[MEUR],13_00_00_00,G,average,60,0.0,0.0,13,0,0,0
Shipping_Costs_[MEUR],13_00_00_00,G,average,100,0.0,0.0,13,0,0,0
Shipping_Costs_[MEUR],13_00_00_00,G&Wp,average,20,0.0,0.0,13,0,0,0
Shipping_Costs_[MEUR],13_00_00_00,G&Wp,average,60,0.0,0.0,13,0,0,0
Shipping_Costs_[MEUR],13_00_00_00,G&Wp,average,100,0.0,0.0,13,0,0,0
Shipping_Costs_[MEUR],13_00_00_00,Wp,average,20,0.0,0.0,13,0,0,0
Shipping_Costs_[MEUR],13_00_00_00,Wp,average,60,0.0,0.0,13,0,0,0
Shipping_Costs_[MEUR],13_00_00_00,Wp,average,100,0.0,0.0,13,0,0,0
Shipping_Costs_[MEUR],13_00_00_01,D,average,20,550.0,0.42,13,0,0,1
Shipping_Costs_[MEUR],13_00_00_01,D,average,60,1090.0,0.51,13,0,0,1
Shipping_Costs_[MEUR],13_00_00_01,D,average,100,1550.0,0.47,13,0,0,1
Shipping_Costs_[MEUR],13_00_00_01,D&G,average,20,550.0,0.42,13,0,0,1
Shipping_Costs_[MEUR],13_00_00_01,D&G,average,60,1090.0,0.51,13,0,0,1
Shipping_Costs_[MEUR],13_00_00_01,D&G,average,100,1550.0,0.47,13,0,0,1
Shipping_Costs_[MEUR],13_00_00_01,D&G&Wp,average,20,590.0,0.45,13,0,0,1
Shipping_Costs_[MEUR],13_00_00_01,D&G&Wp,average,60,1300.0,0.6,13,0,0,1
Shipping_Costs_[MEUR],13_00_00_01,D&G&Wp,average,100,1850.0,0.56,13,0,0,1
Shipping_Costs_[MEUR],13_00_00_01,D&Wp,average,20,600.0,0.46,13,0,0,1
Shipping_Costs_[MEUR],13_00_00_01,D&Wp,average,60,1400.0,0.65,13,0,0,1
Shipping_Costs_[MEUR],13_00_00_01,D&Wp,average,100,2010.0,0.61,13,0,0,1
Shipping_Costs_[MEUR],13_00_00_01,G,average,20,550.0,0.42,13,0,0,1
Shipping_Costs_[MEUR],13_00_00_01,G,average,60,1090.0,0.51,13,0,0,1
Shipping_Costs_[MEUR],13_00_00_01,G,average,100,1550.0,0.47,13,0,0,1
Shipping_Costs_[MEUR],13_00_00_01,G&Wp,average,20,600.0,0.46,13,0,0,1
Shipping_Costs_[MEUR],13_00_00_01,G&Wp,average,60,1400.0,0.65,13,0,0,1
Shipping_Costs_[MEUR],13_00_00_01,G&Wp,average,100,2010.0,0.61,13,0,0,1
Shipping_Costs_[MEUR],13_00_00_01,Wp,average,20,650.0,0.5,13,0,0,1
Shipping_Costs_[MEUR],13_00_00_01,Wp,average,60,1710.0,0.79,13,0,0,1
Shipping_Costs_[MEUR],13_00_00_01,Wp,average,100,2460.0,0.75,13,0,0,1
Shipping_Costs_[MEUR],13_00_00_02,D,average,20,20.0,0.01,13,0,0,2
Shipping_Costs_[MEUR],13_00_00_02,D,average,60,90.0,0.04,13,0,0,2
Shipping_Costs_[MEUR],13_00_00_02,D,average,100,170.0,0.05,13,0,0,2
Shipping_Costs_[MEUR],13_00_00_02,D&G,average,20,20.0,0.01,13,0,0,2
Shipping_Costs_[MEUR],13_00_00_02,D&G,average,60,90.0,0.04,13,0,0,2
Shipping_Costs_[MEUR],13_00_00_02,D&G,average,100,170.0,0.05,13,0,0,2
Shipping_Costs_[MEUR],13_00_00_02,D&G&Wp,average,20,20.0,0.01,13,0,0,2
Shipping_Costs_[MEUR],13_00_00_02,D&G&Wp,average,60,540.0,0.25,13,0,0,2
Shipping_Costs_[MEUR],13_00_00_02,D&G&Wp,average,100,880.0,0.26,13,0,0,2
Shipping_Costs_[MEUR],13_00_00_02,D&Wp,average,20,20.0,0.01,13,0,0,2
Shipping_Costs_[MEUR],13_00_00_02,D&Wp,average,60,770.0,0.35,13,0,0,2
Shipping_Costs_[MEUR],13_00_00_02,D&Wp,average,100,1230.0,0.37,13,0,0,2
Shipping_Costs_[MEUR],13_00_00_02,G,average,20,20.0,0.01,13,0,0,2
Shipping_Costs_[MEUR],13_00_00_02,G,average,60,90.0,0.04,13,0,0,2
Shipping_Costs_[MEUR],13_00_00_02,G,average,100,160.0,0.05,13,0,0,2
Shipping_Costs_[MEUR],13_00_00_02,G&Wp,average,20,20.0,0.01,13,0,0,2
Shipping_Costs_[MEUR],13_00_00_02,G&Wp,average,60,770.0,0.35,13,0,0,2
Shipping_Costs_[MEUR],13_00_00_02,G&Wp,average,100,1230.0,0.37,13,0,0,2
Shipping_Costs_[MEUR],13_00_00_02,Wp,average,20,20.0,0.01,13,0,0,2
Shipping_Costs_[MEUR],13_00_00_02,Wp,average,60,1440.0,0.67,13,0,0,2
Shipping_Costs_[MEUR],13_00_00_02,Wp,average,100,2300.0,0.69,13,0,0,2
Shipping_Costs_[MEUR],13_00_00_04,D,average,20,50.0,0.03,13,0,0,4
Shipping_Costs_[MEUR],13_00_00_04,D,average,60,150.0,0.07,13,0,0,4
Shipping_Costs_[MEUR],13_00_00_04,D,average,100,260.0,0.08,13,0,0,4
Shipping_Costs_[MEUR],13_00_00_04,D&G,average,20,50.0,0.03,13,0,0,4
Shipping_Costs_[MEUR],13_00_00_04,D&G,average,60,150.0,0.07,13,0,0,4
Shipping_Costs_[MEUR],13_00_00_04,D&G,average,100,260.0,0.08,13,0,0,4
Shipping_Costs_[MEUR],13_00_00_04,D&G&Wp,average,20,50.0,0.03,13,0,0,4
Shipping_Costs_[MEUR],13_00_00_04,D&G&Wp,average,60,580.0,0.27,13,0,0,4
Shipping_Costs_[MEUR],13_00_00_04,D&G&Wp,average,100,940.0,0.28,13,0,0,4
Shipping_Costs_[MEUR],13_00_00_04,D&Wp,average,20,50.0,0.03,13,0,0,4
Shipping_Costs_[MEUR],13_00_00_04,D&Wp,average,60,800.0,0.37,13,0,0,4
Shipping_Costs_[MEUR],13_00_00_04,D&Wp,average,100,1280.0,0.39,13,0,0,4
Shipping_Costs_[MEUR],13_00_00_04,G,average,20,50.0,0.03,13,0,0,4
Shipping_Costs_[MEUR],13_00_00_04,G,average,60,150.0,0.07,13,0,0,4
Shipping_Costs_[MEUR],13_00_00_04,G,average,100,260.0,0.08,13,0,0,4
Shipping_Costs_[MEUR],13_00_00_04,G&Wp,average,20,50.0,0.03,13,0,0,4
Shipping_Costs_[MEUR],13_00_00_04,G&Wp,average,60,800.0,0.37,13,0,0,4
Shipping_Costs_[MEUR],13_00_00_04,G&Wp,average,100,1280.0,0.39,13,0,0,4
Shipping_Costs_[MEUR],13_00_00_04,Wp,average,20,50.0,0.03,13,0,0,4
Shipping_Costs_[MEUR],13_00_00_04,Wp,average,60,1440.0,0.67,13,0,0,4
Shipping_Costs_[MEUR],13_00_00_04,Wp,average,100,2300.0,0.69,13,0,0,4
Shipping_Costs_[MEUR],13_00_00_05,D,average,20,50.0,0.03,13,0,0,5
Shipping_Costs_[MEUR],13_00_00_05,D,average,60,1030.0,0.48,13,0,0,5
Shipping_Costs_[MEUR],13_00_00_05,D,average,100,1580.0,0.48,13,0,0,5
Shipping_Costs_[MEUR],13_00_00_05,D&G,average,20,50.0,0.03,13,0,0,5
Shipping_Costs_[MEUR],13_00_00_05,D&G,average,60,810.0,0.37,13,0,0,5
Shipping_Costs_[MEUR],13_00_00_05,D&G,average,100,1320.0,0.4,13,0,0,5
Shipping_Costs_[MEUR],13_00_00_05,D&G&Wp,average,20,50.0,0.03,13,0,0,5
Shipping_Costs_[MEUR],13_00_00_05,D&G&Wp,average,60,1090.0,0.5,13,0,0,5
Shipping_Costs_[MEUR],13_00_00_05,D&G&Wp,average,100,1720.0,0.52,13,0,0,5
Shipping_Costs_[MEUR],13_00_00_05,D&Wp,average,20,50.0,0.03,13,0,0,5
Shipping_Costs_[MEUR],13_00_00_05,D&Wp,average,60,1340.0,0.62,13,0,0,5
Shipping_Costs_[MEUR],13_00_00_05,D&Wp,average,100,2040.0,0.62,13,0,0,5
Shipping_Costs_[MEUR],13_00_00_05,G,average,20,50.0,0.03,13,0,0,5
Shipping_Costs_[MEUR],13_00_00_05,G,average,60,580.0,0.27,13,0,0,5
Shipping_Costs_[MEUR],13_00_00_05,G,average,100,1070.0,0.32,13,0,0,5
Shipping_Costs_[MEUR],13_00_00_05,G&Wp,average,20,50.0,0.03,13,0,0,5
Shipping_Costs_[MEUR],13_00_00_05,G&Wp,average,60,1120.0,0.52,13,0,0,5
Shipping_Costs_[MEUR],13_00_00_05,G&Wp,average,100,1780.0,0.54,13,0,0,5
Shipping_Costs_[MEUR],13_00_00_05,Wp,average,20,50.0,0.03,13,0,0,5
Shipping_Costs_[MEUR],13_00_00_05,Wp,average,60,1650.0,0.77,13,0,0,5
Shipping_Costs_[MEUR],13_00_00_05,Wp,average,100,2500.0,0.76,13,0,0,5
Shipping_Costs_[MEUR],13_00_00_07,D,average,20,1240.0,0.95,13,0,0,7
Shipping_Costs_[MEUR],13_00_00_07,D,average,60,1980.0,0.92,13,0,0,7
Shipping_Costs_[MEUR],13_00_00_07,D,average,100,2720.0,0.82,13,0,0,7
Shipping_Costs_[MEUR],13_00_00_07,D&G,average,20,1240.0,0.95,13,0,0,7
Shipping_Costs_[MEUR],13_00_00_07,D&G,average,60,1980.0,0.92,13,0,0,7
Shipping_Costs_[MEUR],13_00_00_07,D&G,average,100,2720.0,0.82,13,0,0,7
Shipping_Costs_[MEUR],13_00_00_07,D&G&Wp,average,20,1240.0,0.95,13,0,0,7
Shipping_Costs_[MEUR],13_00_00_07,D&G&Wp,average,60,1980.0,0.92,13,0,0,7
Shipping_Costs_[MEUR],13_00_00_07,D&G&Wp,average,100,2720.0,0.82,13,0,0,7
Shipping_Costs_[MEUR],13_00_00_07,D&Wp,average,20,1240.0,0.95,13,0,0,7
Shipping_Costs_[MEUR],13_00_00_07,D&Wp,average,60,1980.0,0.92,13,0,0,7
Shipping_Costs_[MEUR],13_00_00_07,D&Wp,average,100,2720.0,0.82,13,0,0,7
Shipping_Costs_[MEUR],13_00_00_07,G,average,20,1240.0,0.95,13,0,0,7
Shipping_Costs_[MEUR],13_00_00_07,G,average,60,1980.0,0.92,13,0,0,7
Shipping_Costs_[MEUR],13_00_00_07,G,average,100,2720.0,0.82,13,0,0,7
Shipping_Costs_[MEUR],13_00_00_07,G&Wp,average,20,1240.0,0.95,13,0,0,7
Shipping_Costs_[MEUR],13_00_00_07,G&Wp,average,60,1980.0,0.92,13,0,0,7
Shipping_Costs_[MEUR],13_00_00_07,G&Wp,average,100,2720.0,0.82,13,0,0,7
Shipping_Costs_[MEUR],13_00_00_07,Wp,average,20,1240.0,0.95,13,0,0,7
Shipping_Costs_[MEUR],13_00_00_07,Wp,average,60,1990.0,0.92,13,0,0,7
Shipping_Costs_[MEUR],13_00_00_07,Wp,average,100,2730.0,0.83,13,0,0,7
Shipping_Costs_[MEUR],13_00_00_08,D,average,20,1240.0,0.95,13,0,0,8
Shipping_Costs_[MEUR],13_00_00_08,D,average,60,1980.0,0.92,13,0,0,8
Shipping_Costs_[MEUR],13_00_00_08,D,average,100,2720.0,0.82,13,0,0,8
Shipping_Costs_[MEUR],13_00_00_08,D&G,average,20,1240.0,0.95,13,0,0,8
Shipping_Costs_[MEUR],13_00_00_08,D&G,average,60,1980.0,0.92,13,0,0,8
Shipping_Costs_[MEUR],13_00_00_08,D&G,average,100,2720.0,0.82,13,0,0,8
Shipping_Costs_[MEUR],13_00_00_08,D&G&Wp,average,20,1240.0,0.95,13,0,0,8
Shipping_Costs_[MEUR],13_00_00_08,D&G&Wp,average,60,1980.0,0.92,13,0,0,8
Shipping_Costs_[MEUR],13_00_00_08,D&G&Wp,average,100,2720.0,0.82,13,0,0,8
Shipping_Costs_[MEUR],13_00_00_08,D&Wp,average,20,1240.0,0.95,13,0,0,8
Shipping_Costs_[MEUR],13_00_00_08,D&Wp,average,60,1980.0,0.92,13,0,0,8
Shipping_Costs_[MEUR],13_00_00_08,D&Wp,average,100,2720.0,0.82,13,0,0,8
Shipping_Costs_[MEUR],13_00_00_08,G,average,20,1240.0,0.95,13,0,0,8
Shipping_Costs_[MEUR],13_00_00_08,G,average,60,1980.0,0.92,13,0,0,8
Shipping_Costs_[MEUR],13_00_00_08,G,average,100,2720.0,0.82,13,0,0,8
Shipping_Costs_[MEUR],13_00_00_08,G&Wp,average,20,1240.0,0.95,13,0,0,8
Shipping_Costs_[MEUR],13_00_00_08,G&Wp,average,60,1980.0,0.92,13,0,0,8
Shipping_Costs_[MEUR],13_00_00_08,G&Wp,average,100,2720.0,0.82,13,0,0,8
Shipping_Costs_[MEUR],13_00_00_08,Wp,average,20,1240.0,0.95,13,0,0,8
Shipping_Costs_[MEUR],13_00_00_08,Wp,average,60,1990.0,0.92,13,0,0,8
Shipping_Costs_[MEUR],13_00_00_08,Wp,average,100,2730.0,0.83,13,0,0,8
Shipping_Costs_[MEUR],13_00_00_09,D,average,20,1240.0,0.95,13,0,0,9
Shipping_Costs_[MEUR],13_00_00_09,D,average,60,1980.0,0.92,13,0,0,9
Shipping_Costs_[MEUR],13_00_00_09,D,average,100,2720.0,0.82,13,0,0,9
Shipping_Costs_[MEUR],13_00_00_09,D&G,average,20,1240.0,0.95,13,0,0,9
Shipping_Costs_[MEUR],13_00_00_09,D&G,average,60,1980.0,0.92,13,0,0,9
Shipping_Costs_[MEUR],13_00_00_09,D&G,average,100,2720.0,0.82,13,0,0,9
Shipping_Costs_[MEUR],13_00_00_09,D&G&Wp,average,20,1240.0,0.95,13,0,0,9
Shipping_Costs_[MEUR],13_00_00_09,D&G&Wp,average,60,1980.0,0.92,13,0,0,9
Shipping_Costs_[MEUR],13_00_00_09,D&G&Wp,average,100,2720.0,0.82,13,0,0,9
Shipping_Costs_[MEUR],13_00_00_09,D&Wp,average,20,1240.0,0.95,13,0,0,9
Shipping_Costs_[MEUR],13_00_00_09,D&Wp,average,60,1980.0,0.92,13,0,0,9
Shipping_Costs_[MEUR],13_00_00_09,D&Wp,average,100,2720.0,0.82,13,0,0,9
Shipping_Costs_[MEUR],13_00_00_09,G,average,20,1240.0,0.95,13,0,0,9
Shipping_Costs_[MEUR],13_00_00_09,G,average,60,1980.0,0.92,13,0,0,9
Shipping_Costs_[MEUR],13_00_00_09,G,average,100,2720.0,0.82,13,0,0,9
Shipping_Costs_[MEUR],13_00_00_09,G&Wp,average,20,1240.0,0.95,13,0,0,9
Shipping_Costs_[MEUR],13_00_00_09,G&Wp,average,60,1980.0,0.92,13,0,0,9
Shipping_Costs_[MEUR],13_00_00_09,G&Wp,average,100,2720.0,0.82,13,0,0,9
Shipping_Costs_[MEUR],13_00_00_09,Wp,average,20,1240.0,0.95,13,0,0,9
Shipping_Costs_[MEUR],13_00_00_09,Wp,average,60,1990.0,0.92,13,0,0,9
Shipping_Costs_[MEUR],13_00_00_09,Wp,average,100,2730.0,0.83,13,0,0,9
