objective_parameter,pw_combi,scenario_of_interest,robustness_metric,year,Value,normalized_values,flood_agr,drought_agr,flood_urb,drought_shp
Municipality_Costs_[MEUR],00_00_00_00,D,average,20,0.0,0.0,0,0,0,0
Municipality_Costs_[MEUR],00_00_00_00,D,average,60,0.0,0.0,0,0,0,0
Municipality_Costs_[MEUR],00_00_00_00,D,average,100,0.0,0.0,0,0,0,0
Municipality_Costs_[MEUR],00_00_00_00,D&G,average,20,0.0,0.0,0,0,0,0
Municipality_Costs_[MEUR],00_00_00_00,D&G,average,60,0.0,0.0,0,0,0,0
Municipality_Costs_[MEUR],00_00_00_00,D&G,average,100,0.0,0.0,0,0,0,0
Municipality_Costs_[MEUR],00_00_00_00,D&G&Wp,average,20,0.0,0.0,0,0,0,0
Municipality_Costs_[MEUR],00_00_00_00,D&G&Wp,average,60,0.0,0.0,0,0,0,0
Municipality_Costs_[MEUR],00_00_00_00,D&G&Wp,average,100,0.0,0.0,0,0,0,0
Municipality_Costs_[MEUR],00_00_00_00,D&Wp,average,20,0.0,0.0,0,0,0,0
Municipality_Costs_[MEUR],00_00_00_00,D&Wp,average,60,0.0,0.0,0,0,0,0
Municipality_Costs_[MEUR],00_00_00_00,D&Wp,average,100,0.0,0.0,0,0,0,0
Municipality_Costs_[MEUR],00_00_00_00,G,average,20,0.0,0.0,0,0,0,0
Municipality_Costs_[MEUR],00_00_00_00,G,average,60,0.0,0.0,0,0,0,0
Municipality_Costs_[MEUR],00_00_00_00,G,average,100,0.0,0.0,0,0,0,0
Municipality_Costs_[MEUR],00_00_00_00,G&Wp,average,20,0.0,0.0,0,0,0,0
Municipality_Costs_[MEUR],00_00_00_00,G&Wp,average,60,0.0,0.0,0,0,0,0
Municipality_Costs_[MEUR],00_00_00_00,G&Wp,average,100,0.0,0.0,0,0,0,0
Municipality_Costs_[MEUR],00_00_00_00,Wp,average,20,0.0,0.0,0,0,0,0
Municipality_Costs_[MEUR],00_00_00_00,Wp,average,60,0.0,0.0,0,0,0,0
Municipality_Costs_[MEUR],00_00_00_00,Wp,average,100,0.0,0.0,0,0,0,0
Municipality_Costs_[MEUR],00_00_01_00,D,average,20,30.0,0.07,0,0,1,0
Municipality_Costs_[MEUR],00_00_01_00,D,average,60,120.0,0.22,0,0,1,0
Municipality_Costs_[MEUR],00_00_01_00,D,average,100,240.0,0.33,0,0,1,0
Municipality_Costs_[MEUR],00_00_01_00,D&G,average,20,30.0,0.07,0,0,1,0
Municipality_Costs_[MEUR],00_00_01_00,D&G,average,60,130.0,0.23,0,0,1,0
Municipality_Costs_[MEUR],00_00_01_00,D&G,average,100,240.0,0.33,0,0,1,0
Municipality_Costs_[MEUR],00_00_01_00,D&G&Wp,average,20,30.0,0.07,0,0,1,0
Municipality_Costs_[MEUR],00_00_01_00,D&G&Wp,average,60,140.0,0.24,0,0,1,0
Municipality_Costs_[MEUR],00_00_01_00,D&G&Wp,average,100,240.0,0.33,0,0,1,0
Municipality_Costs_[MEUR],00_00_01_00,D&Wp,average,20,30.0,0.07,0,0,1,0
Municipality_Costs_[MEUR],00_00_01_00,D&Wp,average,60,140.0,0.25,0,0,1,0
Municipality_Costs_[MEUR],00_00_01_00,D&Wp,average,100,240.0,0.33,0,0,1,0
Municipality_Costs_[MEUR],00_00_01_00,G,average,20,30.0,0.07,0,0,1,0
Municipality_Costs_[MEUR],00_00_01_00,G,average,60,130.0,0.24,0,0,1,0
Municipality_Costs_[MEUR],00_00_01_00,G,average,100,240.0,0.33,0,0,1,0
Municipality_Costs_[MEUR],00_00_01_00,G&Wp,average,20,30.0,0.07,0,0,1,0
Municipality_Costs_[MEUR],00_00_01_00,G&Wp,average,60,150.0,0.26,0,0,1,0
Municipality_Costs_[MEUR],00_00_01_00,G&Wp,average,100,240.0,0.33,0,0,1,0
Municipality_Costs_[MEUR],00_00_01_00,Wp,average,20,30.0,0.07,0,0,1,0
Municipality_Costs_[MEUR],00_00_01_00,Wp,average,60,160.0,0.28,0,0,1,0
Municipality_Costs_[MEUR],00_00_01_00,Wp,average,100,240.0,0.33,0,0,1,0
Municipality_Costs_[MEUR],00_00_03_00,D,average,20,30.0,0.08,0,0,3,0
Municipality_Costs_[MEUR],00_00_03_00,D,average,60,120.0,0.21,0,0,3,0
Municipality_Costs_[MEUR],00_00_03_00,D,average,100,230.0,0.32,0,0,3,0
Municipality_Costs_[MEUR],00_00_03_00,D&G,average,20,30.0,0.08,0,0,3,0
Municipality_Costs_[MEUR],00_00_03_00,D&G,average,60,130.0,0.22,0,0,3,0
Municipality_Costs_[MEUR],00_00_03_00,D&G,average,100,230.0,0.32,0,0,3,0
Municipality_Costs_[MEUR],00_00_03_00,D&G&Wp,average,20,30.0,0.08,0,0,3,0
Municipality_Costs_[MEUR],00_00_03_00,D&G&Wp,average,60,140.0,0.24,0,0,3,0
Municipality_Costs_[MEUR],00_00_03_00,D&G&Wp,average,100,230.0,0.32,0,0,3,0
Municipality_Costs_[MEUR],00_00_03_00,D&Wp,average,20,30.0,0.08,0,0,3,0
Municipality_Costs_[MEUR],00_00_03_00,D&Wp,average,60,140.0,0.24,0,0,3,0
Municipality_Costs_[MEUR],00_00_03_00,D&Wp,average,100,230.0,0.32,0,0,3,0
Municipality_Costs_[MEUR],00_00_03_00,G,average,20,30.0,0.08,0,0,3,0
Municipality_Costs_[MEUR],00_00_03_00,G,average,60,130.0,0.23,0,0,3,0
Municipality_Costs_[MEUR],00_00_03_00,G,average,100,230.0,0.32,0,0,3,0
Municipality_Costs_[MEUR],00_00_03_00,G&Wp,average,20,30.0,0.08,0,0,3,0
Municipality_Costs_[MEUR],00_00_03_00,G&Wp,average,60,140.0,0.25,0,0,3,0
Municipality_Costs_[MEUR],00_00_03_00,G&Wp,average,100,230.0,0.32,0,0,3,0
Municipality_Costs_[MEUR],00_00_03_00,Wp,average,20,30.0,0.08,0,0,3,0
Municipality_Costs_[MEUR],00_00_03_00,Wp,average,60,150.0,0.27,0,0,3,0
Municipality_Costs_[MEUR],00_00_03_00,Wp,average,100,230.0,0.32,0,0,3,0
Municipality_Costs_[MEUR],00_00_05_00,D,average,20,60.0,0.17,0,0,5,0
Municipality_Costs_[MEUR],00_00_05_00,D,average,60,150.0,0.26,0,0,5,0
Municipality_Costs_[MEUR],00_00_05_00,D,average,100,160.0,0.21,0,0,5,0
Municipality_Costs_[MEUR],00_00_05_00,D&G,average,20,60.0,0.17,0,0,5,0
Municipality_Costs_[MEUR],00_00_05_00,D&G,average,60,150.0,0.26,0,0,5,0
Municipality_Costs_[MEUR],00_00_05_00,D&G,average,100,160.0,0.21,0,0,5,0
Municipality_Costs_[MEUR],00_00_05_00,D&G&Wp,average,20,60.0,0.17,0,0,5,0
Municipality_Costs_[MEUR],00_00_05_00,D&G&Wp,average,60,150.0,0.26,0,0,5,0
Municipality_Costs_[MEUR],00_00_05_00,D&G&Wp,average,100,160.0,0.21,0,0,5,0
Municipality_Costs_[MEUR],00_00_05_00,D&Wp,average,20,60.0,0.17,0,0,5,0
Municipality_Costs_[MEUR],00_00_05_00,D&Wp,average,60,150.0,0.26,0,0,5,0
Municipality_Costs_[MEUR],00_00_05_00,D&Wp,average,100,160.0,0.21,0,0,5,0
Municipality_Costs_[MEUR],00_00_05_00,G,average,20,60.0,0.17,0,0,5,0
Municipality_Costs_[MEUR],00_00_05_00,G,average,60,150.0,0.26,0,0,5,0
Municipality_Costs_[MEUR],00_00_05_00,G,average,100,160.0,0.21,0,0,5,0
Municipality_Costs_[MEUR],00_00_05_00,G&Wp,average,20,60.0,0.17,0,0,5,0
Municipality_Costs_[MEUR],00_00_05_00,G&Wp,average,60,150.0,0.26,0,0,5,0
Municipality_Costs_[MEUR],00_00_05_00,G&Wp,average,100,160.0,0.21,0,0,5,0
Municipality_Costs_[MEUR],00_00_05_00,Wp,average,20,60.0,0.17,0,0,5,0
Municipality_Costs_[MEUR],00_00_05_00,Wp,average,60,150.0,0.26,0,0,5,0
Municipality_Costs_[MEUR],00_00_05_00,Wp,average,100,160.0,0.21,0,0,5,0
Municipality_Costs_[MEUR],00_00_07_00,D,average,20,150.0,0.44,0,0,7,0
Municipality_Costs_[MEUR],00_00_07_00,D,average,60,360.0,0.65,0,0,7,0
Municipality_Costs_[MEUR],00_00_07_00,D,average,100,390.0,0.53,0,0,7,0
Municipality_Costs_[MEUR],00_00_07_00,D&G,average,20,150.0,0.44,0,0,7,0
Municipality_Costs_[MEUR],00_00_07_00,D&G,average,60,360.0,0.65,0,0,7,0
Municipality_Costs_[MEUR],00_00_07_00,D&G,average,100,390.0,0.53,0,0,7,0
Municipality_Costs_[MEUR],00_00_07_00,D&G&Wp,average,20,150.0,0.44,0,0,7,0
Municipality_Costs_[MEUR],00_00_07_00,D&G&Wp,average,60,360.0,0.65,0,0,7,0
Municipality_Costs_[MEUR],00_00_07_00,D&G&Wp,average,100,390.0,0.53,0,0,7,0
Municipality_Costs_[MEUR],00_00_07_00,D&Wp,average,20,150.0,0.44,0,0,7,0
Municipality_Costs_[MEUR],00_00_07_00,D&Wp,average,60,360.0,0.65,0,0,7,0
Municipality_Costs_[MEUR],00_00_07_00,D&Wp,average,100,390.0,0.53,0,0,7,0
Municipality_Costs_[MEUR],00_00_07_00,G,average,20,150.0,0.44,0,0,7,0
Municipality_Costs_[MEUR],00_00_07_00,G,average,60,360.0,0.65,0,0,7,0
Municipality_Costs_[MEUR],00_00_07_00,G,average,100,390.0,0.53,0,0,7,0
Municipality_Costs_[MEUR],00_00_07_00,G&Wp,average,20,150.0,0.44,0,0,7,0
Municipality_Costs_[MEUR],00_00_07_00,G&Wp,average,60,360.0,0.65,0,0,7,0
Municipality_Costs_[MEUR],00_00_07_00,G&Wp,average,100,390.0,0.53,0,0,7,0
Municipality_Costs_[MEUR],00_00_07_00,Wp,average,20,150.0,0.44,0,0,7,0
Municipality_Costs_[MEUR],00_00_07_00,Wp,average,60,360.0,0.65,0,0,7,0
Municipality_Costs_[MEUR],00_00_07_00,Wp,average,100,390.0,0.53,0,0,7,0
Municipality_Costs_[MEUR],00_00_09_00,D,average,20,80.0,0.22,0,0,9,0
Municipality_Costs_[MEUR],00_00_09_00,D,average,60,160.0,0.28,0,0,9,0
Municipality_Costs_[MEUR],00_00_09_00,D,average,100,160.0,0.21,0,0,9,0
Municipality_Costs_[MEUR],00_00_09_00,D&G,average,20,80.0,0.22,0,0,9,0
Municipality_Costs_[MEUR],00_00_09_00,D&G,average,60,160.0,0.28,0,0,9,0
Municipality_Costs_[MEUR],00_00_09_00,D&G,average,100,160.0,0.21,0,0,9,0
Municipality_Costs_[MEUR],00_00_09_00,D&G&Wp,average,20,80.0,0.22,0,0,9,0
Municipality_Costs_[MEUR],00_00_09_00,D&G&Wp,average,60,160.0,0.28,0,0,9,0
Municipality_Costs_[MEUR],00_00_09_00,D&G&Wp,average,100,160.0,0.22,0,0,9,0
Municipality_Costs_[MEUR],00_00_09_00,D&Wp,average,20,80.0,0.22,0,0,9,0
Municipality_Costs_[MEUR],00_00_09_00,D&Wp,average,60,160.0,0.28,0,0,9,0
Municipality_Costs_[MEUR],00_00_09_00,D&Wp,average,100,160.0,0.22,0,0,9,0
Municipality_Costs_[MEUR],00_00_09_00,G,average,20,80.0,0.22,0,0,9,0
Municipality_Costs_[MEUR],00_00_09_00,G,average,60,160.0,0.28,0,0,9,0
Municipality_Costs_[MEUR],00_00_09_00,G,average,100,160.0,0.21,0,0,9,0
Municipality_Costs_[MEUR],00_00_09_00,G&Wp,average,20,80.0,0.22,0,0,9,0
Municipality_Costs_[MEUR],00_00_09_00,G&Wp,average,60,160.0,0.28,0,0,9,0
Municipality_Costs_[MEUR],00_00_09_00,G&Wp,average,100,160.0,0.22,0,0,9,0
Municipality_Costs_[MEUR],00_00_09_00,Wp,average,20,80.0,0.22,0,0,9,0
Municipality_Costs_[MEUR],00_00_09_00,Wp,average,60,160.0,0.28,0,0,9,0
Municipality_Costs_[MEUR],00_00_09_00,Wp,average,100,170.0,0.23,0,0,9,0
Municipality_Costs_[MEUR],00_00_11_00,D,average,20,30.0,0.07,0,0,11,0
Municipality_Costs_[MEUR],00_00_11_00,D,average,60,200.0,0.35,0,0,11,0
Municipality_Costs_[MEUR],00_00_11_00,D,average,100,460.0,0.63,0,0,11,0
Municipality_Costs_[MEUR],00_00_11_00,D&G,average,20,30.0,0.07,0,0,11,0
Municipality_Costs_[MEUR],00_00_11_00,D&G,average,60,200.0,0.35,0,0,11,0
Municipality_Costs_[MEUR],00_00_11_00,D&G,average,100,460.0,0.63,0,0,11,0
Municipality_Costs_[MEUR],00_00_11_00,D&G&Wp,average,20,30.0,0.07,0,0,11,0
Municipality_Costs_[MEUR],00_00_11_00,D&G&Wp,average,60,200.0,0.36,0,0,11,0
Municipality_Costs_[MEUR],00_00_11_00,D&G&Wp,average,100,460.0,0.64,0,0,11,0
Municipality_Costs_[MEUR],00_00_11_00,D&Wp,average,20,30.0,0.07,0,0,11,0
Municipality_Costs_[MEUR],00_00_11_00,D&Wp,average,60,210.0,0.36,0,0,11,0
Municipality_Costs_[MEUR],00_00_11_00,D&Wp,average,100,470.0,0.64,0,0,11,0
Municipality_Costs_[MEUR],00_00_11_00,G,average,20,30.0,0.07,0,0,11,0
Municipality_Costs_[MEUR],00_00_11_00,G,average,60,200.0,0.36,0,0,11,0
Municipality_Costs_[MEUR],00_00_11_00,G,average,100,460.0,0.63,0,0,11,0
Municipality_Costs_[MEUR],00_00_11_00,G&Wp,average,20,30.0,0.07,0,0,11,0
Municipality_Costs_[MEUR],00_00_11_00,G&Wp,average,60,210.0,0.37,0,0,11,0
Municipality_Costs_[MEUR],00_00_11_00,G&Wp,average,100,470.0,0.64,0,0,11,0
Municipality_Costs_[MEUR],00_00_11_00,Wp,average,20,30.0,0.07,0,0,11,0
Municipality_Costs_[MEUR],00_00_11_00,Wp,average,60,210.0,0.38,0,0,11,0
Municipality_Costs_[MEUR],00_00_11_00,Wp,average,100,470.0,0.65,0,0,11,0
Municipality_Costs_[MEUR],00_00_13_00,D,average,20,30.0,0.09,0,0,13,0
Municipality_Costs_[MEUR],00_00_13_00,D,average,60,230.0,0.41,0,0,13,0
Municipality_Costs_[MEUR],00_00_13_00,D,average,100,590.0,0.82,0,0,13,0
Municipality_Costs_[MEUR],00_00_13_00,D&G,average,20,30.0,0.09,0,0,13,0
Municipality_Costs_[MEUR],00_00_13_00,D&G,average,60,250.0,0.44,0,0,13,0
Municipality_Costs_[MEUR],00_00_13_00,D&G,average,100,610.0,0.84,0,0,13,0
Municipality_Costs_[MEUR],00_00_13_00,D&G&Wp,average,20,30.0,0.09,0,0,13,0
Municipality_Costs_[MEUR],00_00_13_00,D&G&Wp,average,60,270.0,0.49,0,0,13,0
Municipality_Costs_[MEUR],00_00_13_00,D&G&Wp,average,100,620.0,0.86,0,0,13,0
Municipality_Costs_[MEUR],00_00_13_00,D&Wp,average,20,30.0,0.09,0,0,13,0
Municipality_Costs_[MEUR],00_00_13_00,D&Wp,average,60,280.0,0.49,0,0,13,0
Municipality_Costs_[MEUR],00_00_13_00,D&Wp,average,100,620.0,0.86,0,0,13,0
Municipality_Costs_[MEUR],00_00_13_00,G,average,20,30.0,0.09,0,0,13,0
Municipality_Costs_[MEUR],00_00_13_00,G,average,60,270.0,0.48,0,0,13,0
Municipality_Costs_[MEUR],00_00_13_00,G,average,100,630.0,0.86,0,0,13,0
Municipality_Costs_[MEUR],00_00_13_00,G&Wp,average,20,30.0,0.09,0,0,13,0
Municipality_Costs_[MEUR],00_00_13_00,G&Wp,average,60,290.0,0.53,0,0,13,0
Municipality_Costs_[MEUR],00_00_13_00,G&Wp,average,100,640.0,0.88,0,0,13,0
Municipality_Costs_[MEUR],00_00_13_00,Wp,average,20,30.0,0.09,0,0,13,0
Municipality_Costs_[MEUR],00_00_13_00,Wp,average,60,320.0,0.58,0,0,13,0
Municipality_Costs_[MEUR],00_00_13_00,Wp,average,100,650.0,0.9,0,0,13,0
Municipality_Costs_[MEUR],01_00_00_00,D,average,20,0.0,0.0,1,0,0,0
Municipality_Costs_[MEUR],01_00_00_00,D,average,60,0.0,0.0,1,0,0,0
Municipality_Costs_[MEUR],01_00_00_00,D,average,100,0.0,0.0,1,0,0,0
Municipality_Costs_[MEUR],01_00_00_00,D&G,average,20,0.0,0.0,1,0,0,0
Municipality_Costs_[MEUR],01_00_00_00,D&G,average,60,0.0,0.0,1,0,0,0
Municipality_Costs_[MEUR],01_00_00_00,D&G,average,100,0.0,0.0,1,0,0,0
Municipality_Costs_[MEUR],01_00_00_00,D&G&Wp,average,20,0.0,0.0,1,0,0,0
Municipality_Costs_[MEUR],01_00_00_00,D&G&Wp,average,60,0.0,0.0,1,0,0,0
Municipality_Costs_[MEUR],01_00_00_00,D&G&Wp,average,100,0.0,0.0,1,0,0,0
Municipality_Costs_[MEUR],01_00_00_00,D&Wp,average,20,0.0,0.0,1,0,0,0
Municipality_Costs_[MEUR],01_00_00_00,D&Wp,average,60,0.0,0.0,1,0,0,0
Municipality_Costs_[MEUR],01_00_00_00,D&Wp,average,100,0.0,0.0,1,0,0,0
Municipality_Costs_[MEUR],01_00_00_00,G,average,20,0.0,0.0,1,0,0,0
Municipality_Costs_[MEUR],01_00_00_00,G,average,60,0.0,0.0,1,0,0,0
Municipality_Costs_[MEUR],01_00_00_00,G,average,100,0.0,0.0,1,0,0,0
Municipality_Costs_[MEUR],01_00_00_00,G&Wp,average,20,0.0,0.0,1,0,0,0
Municipality_Costs_[MEUR],01_00_00_00,G&Wp,average,60,0.0,0.0,1,0,0,0
Municipality_Costs_[MEUR],01_00_00_00,G&Wp,average,100,0.0,0.0,1,0,0,0
Municipality_Costs_[MEUR],01_00_00_00,Wp,average,20,0.0,0.0,1,0,0,0
Municipality_Costs_[MEUR],01_00_00_00,Wp,average,60,0.0,0.0,1,0,0,0
Municipality_Costs_[MEUR],01_00_00_00,Wp,average,100,0.0,0.0,1,0,0,0
Municipality_Costs_[MEUR],01_00_01_00,D,average,20,30.0,0.07,1,0,1,0
Municipality_Costs_[MEUR],01_00_01_00,D,average,60,120.0,0.22,1,0,1,0
Municipality_Costs_[MEUR],01_00_01_00,D,average,100,230.0,0.31,1,0,1,0
Municipality_Costs_[MEUR],01_00_01_00,D&G,average,20,30.0,0.07,1,0,1,0
Municipality_Costs_[MEUR],01_00_01_00,D&G,average,60,130.0,0.23,1,0,1,0
Municipality_Costs_[MEUR],01_00_01_00,D&G,average,100,230.0,0.31,1,0,1,0
Municipality_Costs_[MEUR],01_00_01_00,D&G&Wp,average,20,30.0,0.07,1,0,1,0
Municipality_Costs_[MEUR],01_00_01_00,D&G&Wp,average,60,130.0,0.23,1,0,1,0
Municipality_Costs_[MEUR],01_00_01_00,D&G&Wp,average,100,220.0,0.3,1,0,1,0
Municipality_Costs_[MEUR],01_00_01_00,D&Wp,average,20,30.0,0.07,1,0,1,0
Municipality_Costs_[MEUR],01_00_01_00,D&Wp,average,60,130.0,0.22,1,0,1,0
Municipality_Costs_[MEUR],01_00_01_00,D&Wp,average,100,220.0,0.3,1,0,1,0
Municipality_Costs_[MEUR],01_00_01_00,G,average,20,30.0,0.07,1,0,1,0
Municipality_Costs_[MEUR],01_00_01_00,G,average,60,130.0,0.24,1,0,1,0
Municipality_Costs_[MEUR],01_00_01_00,G,average,100,230.0,0.31,1,0,1,0
Municipality_Costs_[MEUR],01_00_01_00,G&Wp,average,20,30.0,0.07,1,0,1,0
Municipality_Costs_[MEUR],01_00_01_00,G&Wp,average,60,130.0,0.23,1,0,1,0
Municipality_Costs_[MEUR],01_00_01_00,G&Wp,average,100,220.0,0.3,1,0,1,0
Municipality_Costs_[MEUR],01_00_01_00,Wp,average,20,30.0,0.07,1,0,1,0
Municipality_Costs_[MEUR],01_00_01_00,Wp,average,60,130.0,0.23,1,0,1,0
Municipality_Costs_[MEUR],01_00_01_00,Wp,average,100,210.0,0.29,1,0,1,0
Municipality_Costs_[MEUR],01_00_03_00,D,average,20,30.0,0.08,1,0,3,0
Municipality_Costs_[MEUR],01_00_03_00,D,average,60,120.0,0.21,1,0,3,0
Municipality_Costs_[MEUR],01_00_03_00,D,average,100,220.0,0.3,1,0,3,0
Municipality_Costs_[MEUR],01_00_03_00,D&G,average,20,30.0,0.08,1,0,3,0
Municipality_Costs_[MEUR],01_00_03_00,D&G,average,60,130.0,0.22,1,0,3,0
Municipality_Costs_[MEUR],01_00_03_00,D&G,average,100,220.0,0.3,1,0,3,0
Municipality_Costs_[MEUR],01_00_03_00,D&G&Wp,average,20,30.0,0.08,1,0,3,0
Municipality_Costs_[MEUR],01_00_03_00,D&G&Wp,average,60,130.0,0.22,1,0,3,0
Municipality_Costs_[MEUR],01_00_03_00,D&G&Wp,average,100,220.0,0.29,1,0,3,0
Municipality_Costs_[MEUR],01_00_03_00,D&Wp,average,20,30.0,0.08,1,0,3,0
Municipality_Costs_[MEUR],01_00_03_00,D&Wp,average,60,120.0,0.22,1,0,3,0
Municipality_Costs_[MEUR],01_00_03_00,D&Wp,average,100,210.0,0.29,1,0,3,0
Municipality_Costs_[MEUR],01_00_03_00,G,average,20,30.0,0.08,1,0,3,0
Municipality_Costs_[MEUR],01_00_03_00,G,average,60,130.0,0.23,1,0,3,0
Municipality_Costs_[MEUR],01_00_03_00,G,average,100,220.0,0.3,1,0,3,0
Municipality_Costs_[MEUR],01_00_03_00,G&Wp,average,20,30.0,0.08,1,0,3,0
Municipality_Costs_[MEUR],01_00_03_00,G&Wp,average,60,130.0,0.23,1,0,3,0
Municipality_Costs_[MEUR],01_00_03_00,G&Wp,average,100,210.0,0.29,1,0,3,0
Municipality_Costs_[MEUR],01_00_03_00,Wp,average,20,30.0,0.08,1,0,3,0
Municipality_Costs_[MEUR],01_00_03_00,Wp,average,60,130.0,0.23,1,0,3,0
Municipality_Costs_[MEUR],01_00_03_00,Wp,average,100,200.0,0.28,1,0,3,0
Municipality_Costs_[MEUR],01_00_05_00,D,average,20,60.0,0.17,1,0,5,0
Municipality_Costs_[MEUR],01_00_05_00,D,average,60,150.0,0.26,1,0,5,0
Municipality_Costs_[MEUR],01_00_05_00,D,average,100,160.0,0.21,1,0,5,0
Municipality_Costs_[MEUR],01_00_05_00,D&G,average,20,60.0,0.17,1,0,5,0
Municipality_Costs_[MEUR],01_00_05_00,D&G,average,60,150.0,0.26,1,0,5,0
Municipality_Costs_[MEUR],01_00_05_00,D&G,average,100,160.0,0.21,1,0,5,0
Municipality_Costs_[MEUR],01_00_05_00,D&G&Wp,average,20,60.0,0.17,1,0,5,0
Municipality_Costs_[MEUR],01_00_05_00,D&G&Wp,average,60,150.0,0.26,1,0,5,0
Municipality_Costs_[MEUR],01_00_05_00,D&G&Wp,average,100,160.0,0.21,1,0,5,0
Municipality_Costs_[MEUR],01_00_05_00,D&Wp,average,20,60.0,0.17,1,0,5,0
Municipality_Costs_[MEUR],01_00_05_00,D&Wp,average,60,150.0,0.26,1,0,5,0
Municipality_Costs_[MEUR],01_00_05_00,D&Wp,average,100,160.0,0.21,1,0,5,0
Municipality_Costs_[MEUR],01_00_05_00,G,average,20,60.0,0.17,1,0,5,0
Municipality_Costs_[MEUR],01_00_05_00,G,average,60,150.0,0.26,1,0,5,0
Municipality_Costs_[MEUR],01_00_05_00,G,average,100,160.0,0.21,1,0,5,0
Municipality_Costs_[MEUR],01_00_05_00,G&Wp,average,20,60.0,0.17,1,0,5,0
Municipality_Costs_[MEUR],01_00_05_00,G&Wp,average,60,150.0,0.26,1,0,5,0
Municipality_Costs_[MEUR],01_00_05_00,G&Wp,average,100,160.0,0.21,1,0,5,0
Municipality_Costs_[MEUR],01_00_05_00,Wp,average,20,60.0,0.17,1,0,5,0
Municipality_Costs_[MEUR],01_00_05_00,Wp,average,60,150.0,0.26,1,0,5,0
Municipality_Costs_[MEUR],01_00_05_00,Wp,average,100,160.0,0.21,1,0,5,0
Municipality_Costs_[MEUR],01_00_07_00,D,average,20,150.0,0.44,1,0,7,0
Municipality_Costs_[MEUR],01_00_07_00,D,average,60,360.0,0.65,1,0,7,0
Municipality_Costs_[MEUR],01_00_07_00,D,average,100,390.0,0.53,1,0,7,0
Municipality_Costs_[MEUR],01_00_07_00,D&G,average,20,150.0,0.44,1,0,7,0
Municipality_Costs_[MEUR],01_00_07_00,D&G,average,60,360.0,0.65,1,0,7,0
Municipality_Costs_[MEUR],01_00_07_00,D&G,average,100,390.0,0.53,1,0,7,0
Municipality_Costs_[MEUR],01_00_07_00,D&G&Wp,average,20,150.0,0.44,1,0,7,0
Municipality_Costs_[MEUR],01_00_07_00,D&G&Wp,average,60,360.0,0.65,1,0,7,0
Municipality_Costs_[MEUR],01_00_07_00,D&G&Wp,average,100,390.0,0.53,1,0,7,0
Municipality_Costs_[MEUR],01_00_07_00,D&Wp,average,20,150.0,0.44,1,0,7,0
Municipality_Costs_[MEUR],01_00_07_00,D&Wp,average,60,360.0,0.65,1,0,7,0
Municipality_Costs_[MEUR],01_00_07_00,D&Wp,average,100,390.0,0.53,1,0,7,0
Municipality_Costs_[MEUR],01_00_07_00,G,average,20,150.0,0.44,1,0,7,0
Municipality_Costs_[MEUR],01_00_07_00,G,average,60,360.0,0.65,1,0,7,0
Municipality_Costs_[MEUR],01_00_07_00,G,average,100,390.0,0.53,1,0,7,0
Municipality_Costs_[MEUR],01_00_07_00,G&Wp,average,20,150.0,0.44,1,0,7,0
Municipality_Costs_[MEUR],01_00_07_00,G&Wp,average,60,360.0,0.65,1,0,7,0
Municipality_Costs_[MEUR],01_00_07_00,G&Wp,average,100,390.0,0.53,1,0,7,0
Municipality_Costs_[MEUR],01_00_07_00,Wp,average,20,150.0,0.44,1,0,7,0
Municipality_Costs_[MEUR],01_00_07_00,Wp,average,60,360.0,0.65,1,0,7,0
Municipality_Costs_[MEUR],01_00_07_00,Wp,average,100,390.0,0.53,1,0,7,0
Municipality_Costs_[MEUR],01_00_09_00,D,average,20,80.0,0.22,1,0,9,0
Municipality_Costs_[MEUR],01_00_09_00,D,average,60,160.0,0.28,1,0,9,0
Municipality_Costs_[MEUR],01_00_09_00,D,average,100,160.0,0.21,1,0,9,0
Municipality_Costs_[MEUR],01_00_09_00,D&G,average,20,80.0,0.22,1,0,9,0
Municipality_Costs_[MEUR],01_00_09_00,D&G,average,60,160.0,0.28,1,0,9,0
Municipality_Costs_[MEUR],01_00_09_00,D&G,average,100,160.0,0.21,1,0,9,0
Municipality_Costs_[MEUR],01_00_09_00,D&G&Wp,average,20,80.0,0.22,1,0,9,0
Municipality_Costs_[MEUR],01_00_09_00,D&G&Wp,average,60,160.0,0.28,1,0,9,0
Municipality_Costs_[MEUR],01_00_09_00,D&G&Wp,average,100,160.0,0.22,1,0,9,0
Municipality_Costs_[MEUR],01_00_09_00,D&Wp,average,20,80.0,0.22,1,0,9,0
Municipality_Costs_[MEUR],01_00_09_00,D&Wp,average,60,160.0,0.28,1,0,9,0
Municipality_Costs_[MEUR],01_00_09_00,D&Wp,average,100,160.0,0.22,1,0,9,0
Municipality_Costs_[MEUR],01_00_09_00,G,average,20,80.0,0.22,1,0,9,0
Municipality_Costs_[MEUR],01_00_09_00,G,average,60,160.0,0.28,1,0,9,0
Municipality_Costs_[MEUR],01_00_09_00,G,average,100,160.0,0.21,1,0,9,0
Municipality_Costs_[MEUR],01_00_09_00,G&Wp,average,20,80.0,0.22,1,0,9,0
Municipality_Costs_[MEUR],01_00_09_00,G&Wp,average,60,160.0,0.28,1,0,9,0
Municipality_Costs_[MEUR],01_00_09_00,G&Wp,average,100,160.0,0.22,1,0,9,0
Municipality_Costs_[MEUR],01_00_09_00,Wp,average,20,80.0,0.22,1,0,9,0
Municipality_Costs_[MEUR],01_00_09_00,Wp,average,60,160.0,0.28,1,0,9,0
Municipality_Costs_[MEUR],01_00_09_00,Wp,average,100,170.0,0.23,1,0,9,0
Municipality_Costs_[MEUR],01_00_11_00,D,average,20,30.0,0.07,1,0,11,0
Municipality_Costs_[MEUR],01_00_11_00,D,average,60,200.0,0.35,1,0,11,0
Municipality_Costs_[MEUR],01_00_11_00,D,average,100,450.0,0.61,1,0,11,0
Municipality_Costs_[MEUR],01_00_11_00,D&G,average,20,30.0,0.07,1,0,11,0
Municipality_Costs_[MEUR],01_00_11_00,D&G,average,60,190.0,0.34,1,0,11,0
Municipality_Costs_[MEUR],01_00_11_00,D&G,average,100,440.0,0.6,1,0,11,0
Municipality_Costs_[MEUR],01_00_11_00,D&G&Wp,average,20,30.0,0.07,1,0,11,0
Municipality_Costs_[MEUR],01_00_11_00,D&G&Wp,average,60,190.0,0.35,1,0,11,0
Municipality_Costs_[MEUR],01_00_11_00,D&G&Wp,average,100,430.0,0.59,1,0,11,0
Municipality_Costs_[MEUR],01_00_11_00,D&Wp,average,20,30.0,0.07,1,0,11,0
Municipality_Costs_[MEUR],01_00_11_00,D&Wp,average,60,200.0,0.35,1,0,11,0
Municipality_Costs_[MEUR],01_00_11_00,D&Wp,average,100,420.0,0.58,1,0,11,0
Municipality_Costs_[MEUR],01_00_11_00,G,average,20,30.0,0.07,1,0,11,0
Municipality_Costs_[MEUR],01_00_11_00,G,average,60,190.0,0.34,1,0,11,0
Municipality_Costs_[MEUR],01_00_11_00,G,average,100,440.0,0.6,1,0,11,0
Municipality_Costs_[MEUR],01_00_11_00,G&Wp,average,20,30.0,0.07,1,0,11,0
Municipality_Costs_[MEUR],01_00_11_00,G&Wp,average,60,190.0,0.34,1,0,11,0
Municipality_Costs_[MEUR],01_00_11_00,G&Wp,average,100,420.0,0.57,1,0,11,0
Municipality_Costs_[MEUR],01_00_11_00,Wp,average,20,30.0,0.07,1,0,11,0
Municipality_Costs_[MEUR],01_00_11_00,Wp,average,60,200.0,0.35,1,0,11,0
Municipality_Costs_[MEUR],01_00_11_00,Wp,average,100,400.0,0.55,1,0,11,0
Municipality_Costs_[MEUR],01_00_13_00,D,average,20,30.0,0.09,1,0,13,0
Municipality_Costs_[MEUR],01_00_13_00,D,average,60,230.0,0.41,1,0,13,0
Municipality_Costs_[MEUR],01_00_13_00,D,average,100,570.0,0.78,1,0,13,0
Municipality_Costs_[MEUR],01_00_13_00,D&G,average,20,30.0,0.09,1,0,13,0
Municipality_Costs_[MEUR],01_00_13_00,D&G,average,60,250.0,0.44,1,0,13,0
Municipality_Costs_[MEUR],01_00_13_00,D&G,average,100,580.0,0.79,1,0,13,0
Municipality_Costs_[MEUR],01_00_13_00,D&G&Wp,average,20,30.0,0.09,1,0,13,0
Municipality_Costs_[MEUR],01_00_13_00,D&G&Wp,average,60,260.0,0.47,1,0,13,0
Municipality_Costs_[MEUR],01_00_13_00,D&G&Wp,average,100,570.0,0.78,1,0,13,0
Municipality_Costs_[MEUR],01_00_13_00,D&Wp,average,20,30.0,0.09,1,0,13,0
Municipality_Costs_[MEUR],01_00_13_00,D&Wp,average,60,260.0,0.47,1,0,13,0
Municipality_Costs_[MEUR],01_00_13_00,D&Wp,average,100,560.0,0.77,1,0,13,0
Municipality_Costs_[MEUR],01_00_13_00,G,average,20,30.0,0.09,1,0,13,0
Municipality_Costs_[MEUR],01_00_13_00,G,average,60,270.0,0.48,1,0,13,0
Municipality_Costs_[MEUR],01_00_13_00,G,average,100,590.0,0.81,1,0,13,0
Municipality_Costs_[MEUR],01_00_13_00,G&Wp,average,20,30.0,0.09,1,0,13,0
Municipality_Costs_[MEUR],01_00_13_00,G&Wp,average,60,280.0,0.5,1,0,13,0
Municipality_Costs_[MEUR],01_00_13_00,G&Wp,average,100,570.0,0.79,1,0,13,0
Municipality_Costs_[MEUR],01_00_13_00,Wp,average,20,30.0,0.09,1,0,13,0
Municipality_Costs_[MEUR],01_00_13_00,Wp,average,60,290.0,0.53,1,0,13,0
Municipality_Costs_[MEUR],01_00_13_00,Wp,average,100,550.0,0.76,1,0,13,0
Municipality_Costs_[MEUR],03_00_00_00,D,average,20,0.0,0.0,3,0,0,0
Municipality_Costs_[MEUR],03_00_00_00,D,average,60,0.0,0.0,3,0,0,0
Municipality_Costs_[MEUR],03_00_00_00,D,average,100,0.0,0.0,3,0,0,0
Municipality_Costs_[MEUR],03_00_00_00,D&G,average,20,0.0,0.0,3,0,0,0
Municipality_Costs_[MEUR],03_00_00_00,D&G,average,60,0.0,0.0,3,0,0,0
Municipality_Costs_[MEUR],03_00_00_00,D&G,average,100,0.0,0.0,3,0,0,0
Municipality_Costs_[MEUR],03_00_00_00,D&G&Wp,average,20,0.0,0.0,3,0,0,0
Municipality_Costs_[MEUR],03_00_00_00,D&G&Wp,average,60,0.0,0.0,3,0,0,0
Municipality_Costs_[MEUR],03_00_00_00,D&G&Wp,average,100,0.0,0.0,3,0,0,0
Municipality_Costs_[MEUR],03_00_00_00,D&Wp,average,20,0.0,0.0,3,0,0,0
Municipality_Costs_[MEUR],03_00_00_00,D&Wp,average,60,0.0,0.0,3,0,0,0
Municipality_Costs_[MEUR],03_00_00_00,D&Wp,average,100,0.0,0.0,3,0,0,0
Municipality_Costs_[MEUR],03_00_00_00,G,average,20,0.0,0.0,3,0,0,0
Municipality_Costs_[MEUR],03_00_00_00,G,average,60,0.0,0.0,3,0,0,0
Municipality_Costs_[MEUR],03_00_00_00,G,average,100,0.0,0.0,3,0,0,0
Municipality_Costs_[MEUR],03_00_00_00,G&Wp,average,20,0.0,0.0,3,0,0,0
Municipality_Costs_[MEUR],03_00_00_00,G&Wp,average,60,0.0,0.0,3,0,0,0
Municipality_Costs_[MEUR],03_00_00_00,G&Wp,average,100,0.0,0.0,3,0,0,0
Municipality_Costs_[MEUR],03_00_00_00,Wp,average,20,0.0,0.0,3,0,0,0
Municipality_Costs_[MEUR],03_00_00_00,Wp,average,60,0.0,0.0,3,0,0,0
Municipality_Costs_[MEUR],03_00_00_00,Wp,average,100,0.0,0.0,3,0,0,0
Municipality_Costs_[MEUR],03_00_01_00,D,average,20,30.0,0.07,3,0,1,0
Municipality_Costs_[MEUR],03_00_01_00,D,average,60,120.0,0.22,3,0,1,0
Municipality_Costs_[MEUR],03_00_01_00,D,average,100,230.0,0.31,3,0,1,0
Municipality_Costs_[MEUR],03_00_01_00,D&G,average,20,30.0,0.07,3,0,1,0
Municipality_Costs_[MEUR],03_00_01_00,D&G,average,60,130.0,0.23,3,0,1,0
Municipality_Costs_[MEUR],03_00_01_00,D&G,average,100,230.0,0.31,3,0,1,0
Municipality_Costs_[MEUR],03_00_01_00,D&G&Wp,average,20,30.0,0.07,3,0,1,0
Municipality_Costs_[MEUR],03_00_01_00,D&G&Wp,average,60,130.0,0.24,3,0,1,0
Municipality_Costs_[MEUR],03_00_01_00,D&G&Wp,average,100,230.0,0.31,3,0,1,0
Municipality_Costs_[MEUR],03_00_01_00,D&Wp,average,20,30.0,0.07,3,0,1,0
Municipality_Costs_[MEUR],03_00_01_00,D&Wp,average,60,130.0,0.24,3,0,1,0
Municipality_Costs_[MEUR],03_00_01_00,D&Wp,average,100,230.0,0.31,3,0,1,0
Municipality_Costs_[MEUR],03_00_01_00,G,average,20,30.0,0.07,3,0,1,0
Municipality_Costs_[MEUR],03_00_01_00,G,average,60,130.0,0.24,3,0,1,0
Municipality_Costs_[MEUR],03_00_01_00,G,average,100,230.0,0.31,3,0,1,0
Municipality_Costs_[MEUR],03_00_01_00,G&Wp,average,20,30.0,0.07,3,0,1,0
Municipality_Costs_[MEUR],03_00_01_00,G&Wp,average,60,140.0,0.25,3,0,1,0
Municipality_Costs_[MEUR],03_00_01_00,G&Wp,average,100,230.0,0.31,3,0,1,0
Municipality_Costs_[MEUR],03_00_01_00,Wp,average,20,30.0,0.07,3,0,1,0
Municipality_Costs_[MEUR],03_00_01_00,Wp,average,60,150.0,0.26,3,0,1,0
Municipality_Costs_[MEUR],03_00_01_00,Wp,average,100,220.0,0.3,3,0,1,0
Municipality_Costs_[MEUR],03_00_03_00,D,average,20,30.0,0.08,3,0,3,0
Municipality_Costs_[MEUR],03_00_03_00,D,average,60,120.0,0.21,3,0,3,0
Municipality_Costs_[MEUR],03_00_03_00,D,average,100,220.0,0.3,3,0,3,0
Municipality_Costs_[MEUR],03_00_03_00,D&G,average,20,30.0,0.08,3,0,3,0
Municipality_Costs_[MEUR],03_00_03_00,D&G,average,60,130.0,0.22,3,0,3,0
Municipality_Costs_[MEUR],03_00_03_00,D&G,average,100,220.0,0.3,3,0,3,0
Municipality_Costs_[MEUR],03_00_03_00,D&G&Wp,average,20,30.0,0.08,3,0,3,0
Municipality_Costs_[MEUR],03_00_03_00,D&G&Wp,average,60,130.0,0.23,3,0,3,0
Municipality_Costs_[MEUR],03_00_03_00,D&G&Wp,average,100,220.0,0.3,3,0,3,0
Municipality_Costs_[MEUR],03_00_03_00,D&Wp,average,20,30.0,0.08,3,0,3,0
Municipality_Costs_[MEUR],03_00_03_00,D&Wp,average,60,130.0,0.23,3,0,3,0
Municipality_Costs_[MEUR],03_00_03_00,D&Wp,average,100,220.0,0.3,3,0,3,0
Municipality_Costs_[MEUR],03_00_03_00,G,average,20,30.0,0.08,3,0,3,0
Municipality_Costs_[MEUR],03_00_03_00,G,average,60,130.0,0.23,3,0,3,0
Municipality_Costs_[MEUR],03_00_03_00,G,average,100,220.0,0.3,3,0,3,0
Municipality_Costs_[MEUR],03_00_03_00,G&Wp,average,20,30.0,0.08,3,0,3,0
Municipality_Costs_[MEUR],03_00_03_00,G&Wp,average,60,140.0,0.24,3,0,3,0
Municipality_Costs_[MEUR],03_00_03_00,G&Wp,average,100,220.0,0.3,3,0,3,0
Municipality_Costs_[MEUR],03_00_03_00,Wp,average,20,30.0,0.08,3,0,3,0
Municipality_Costs_[MEUR],03_00_03_00,Wp,average,60,140.0,0.25,3,0,3,0
Municipality_Costs_[MEUR],03_00_03_00,Wp,average,100,210.0,0.29,3,0,3,0
Municipality_Costs_[MEUR],03_00_05_00,D,average,20,60.0,0.17,3,0,5,0
Municipality_Costs_[MEUR],03_00_05_00,D,average,60,150.0,0.26,3,0,5,0
Municipality_Costs_[MEUR],03_00_05_00,D,average,100,160.0,0.21,3,0,5,0
Municipality_Costs_[MEUR],03_00_05_00,D&G,average,20,60.0,0.17,3,0,5,0
Municipality_Costs_[MEUR],03_00_05_00,D&G,average,60,150.0,0.26,3,0,5,0
Municipality_Costs_[MEUR],03_00_05_00,D&G,average,100,160.0,0.21,3,0,5,0
Municipality_Costs_[MEUR],03_00_05_00,D&G&Wp,average,20,60.0,0.17,3,0,5,0
Municipality_Costs_[MEUR],03_00_05_00,D&G&Wp,average,60,150.0,0.26,3,0,5,0
Municipality_Costs_[MEUR],03_00_05_00,D&G&Wp,average,100,160.0,0.21,3,0,5,0
Municipality_Costs_[MEUR],03_00_05_00,D&Wp,average,20,60.0,0.17,3,0,5,0
Municipality_Costs_[MEUR],03_00_05_00,D&Wp,average,60,150.0,0.26,3,0,5,0
Municipality_Costs_[MEUR],03_00_05_00,D&Wp,average,100,160.0,0.21,3,0,5,0
Municipality_Costs_[MEUR],03_00_05_00,G,average,20,60.0,0.17,3,0,5,0
Municipality_Costs_[MEUR],03_00_05_00,G,average,60,150.0,0.26,3,0,5,0
Municipality_Costs_[MEUR],03_00_05_00,G,average,100,160.0,0.21,3,0,5,0
Municipality_Costs_[MEUR],03_00_05_00,G&Wp,average,20,60.0,0.17,3,0,5,0
Municipality_Costs_[MEUR],03_00_05_00,G&Wp,average,60,150.0,0.26,3,0,5,0
Municipality_Costs_[MEUR],03_00_05_00,G&Wp,average,100,160.0,0.21,3,0,5,0
Municipality_Costs_[MEUR],03_00_05_00,Wp,average,20,60.0,0.17,3,0,5,0
Municipality_Costs_[MEUR],03_00_05_00,Wp,average,60,150.0,0.26,3,0,5,0
Municipality_Costs_[MEUR],03_00_05_00,Wp,average,100,160.0,0.21,3,0,5,0
Municipality_Costs_[MEUR],03_00_07_00,D,average,20,150.0,0.44,3,0,7,0
Municipality_Costs_[MEUR],03_00_07_00,D,average,60,360.0,0.65,3,0,7,0
Municipality_Costs_[MEUR],03_00_07_00,D,average,100,390.0,0.53,3,0,7,0
Municipality_Costs_[MEUR],03_00_07_00,D&G,average,20,150.0,0.44,3,0,7,0
Municipality_Costs_[MEUR],03_00_07_00,D&G,average,60,360.0,0.65,3,0,7,0
Municipality_Costs_[MEUR],03_00_07_00,D&G,average,100,390.0,0.53,3,0,7,0
Municipality_Costs_[MEUR],03_00_07_00,D&G&Wp,average,20,150.0,0.44,3,0,7,0
Municipality_Costs_[MEUR],03_00_07_00,D&G&Wp,average,60,360.0,0.65,3,0,7,0
Municipality_Costs_[MEUR],03_00_07_00,D&G&Wp,average,100,390.0,0.53,3,0,7,0
Municipality_Costs_[MEUR],03_00_07_00,D&Wp,average,20,150.0,0.44,3,0,7,0
Municipality_Costs_[MEUR],03_00_07_00,D&Wp,average,60,360.0,0.65,3,0,7,0
Municipality_Costs_[MEUR],03_00_07_00,D&Wp,average,100,390.0,0.53,3,0,7,0
Municipality_Costs_[MEUR],03_00_07_00,G,average,20,150.0,0.44,3,0,7,0
Municipality_Costs_[MEUR],03_00_07_00,G,average,60,360.0,0.65,3,0,7,0
Municipality_Costs_[MEUR],03_00_07_00,G,average,100,390.0,0.53,3,0,7,0
Municipality_Costs_[MEUR],03_00_07_00,G&Wp,average,20,150.0,0.44,3,0,7,0
Municipality_Costs_[MEUR],03_00_07_00,G&Wp,average,60,360.0,0.65,3,0,7,0
Municipality_Costs_[MEUR],03_00_07_00,G&Wp,average,100,390.0,0.53,3,0,7,0
Municipality_Costs_[MEUR],03_00_07_00,Wp,average,20,150.0,0.44,3,0,7,0
Municipality_Costs_[MEUR],03_00_07_00,Wp,average,60,360.0,0.65,3,0,7,0
Municipality_Costs_[MEUR],03_00_07_00,Wp,average,100,390.0,0.53,3,0,7,0
Municipality_Costs_[MEUR],03_00_09_00,D,average,20,80.0,0.22,3,0,9,0
Municipality_Costs_[MEUR],03_00_09_00,D,average,60,160.0,0.28,3,0,9,0
Municipality_Costs_[MEUR],03_00_09_00,D,average,100,160.0,0.21,3,0,9,0
Municipality_Costs_[MEUR],03_00_09_00,D&G,average,20,80.0,0.22,3,0,9,0
Municipality_Costs_[MEUR],03_00_09_00,D&G,average,60,160.0,0.28,3,0,9,0
Municipality_Costs_[MEUR],03_00_09_00,D&G,average,100,160.0,0.21,3,0,9,0
Municipality_Costs_[MEUR],03_00_09_00,D&G&Wp,average,20,80.0,0.22,3,0,9,0
Municipality_Costs_[MEUR],03_00_09_00,D&G&Wp,average,60,160.0,0.28,3,0,9,0
Municipality_Costs_[MEUR],03_00_09_00,D&G&Wp,average,100,160.0,0.22,3,0,9,0
Municipality_Costs_[MEUR],03_00_09_00,D&Wp,average,20,80.0,0.22,3,0,9,0
Municipality_Costs_[MEUR],03_00_09_00,D&Wp,average,60,160.0,0.28,3,0,9,0
Municipality_Costs_[MEUR],03_00_09_00,D&Wp,average,100,160.0,0.22,3,0,9,0
Municipality_Costs_[MEUR],03_00_09_00,G,average,20,80.0,0.22,3,0,9,0
Municipality_Costs_[MEUR],03_00_09_00,G,average,60,160.0,0.28,3,0,9,0
Municipality_Costs_[MEUR],03_00_09_00,G,average,100,160.0,0.21,3,0,9,0
Municipality_Costs_[MEUR],03_00_09_00,G&Wp,average,20,80.0,0.22,3,0,9,0
Municipality_Costs_[MEUR],03_00_09_00,G&Wp,average,60,160.0,0.28,3,0,9,0
Municipality_Costs_[MEUR],03_00_09_00,G&Wp,average,100,160.0,0.22,3,0,9,0
Municipality_Costs_[MEUR],03_00_09_00,Wp,average,20,80.0,0.22,3,0,9,0
Municipality_Costs_[MEUR],03_00_09_00,Wp,average,60,160.0,0.28,3,0,9,0
Municipality_Costs_[MEUR],03_00_09_00,Wp,average,100,170.0,0.23,3,0,9,0
Municipality_Costs_[MEUR],03_00_11_00,D,average,20,30.0,0.07,3,0,11,0
Municipality_Costs_[MEUR],03_00_11_00,D,average,60,200.0,0.35,3,0,11,0
Municipality_Costs_[MEUR],03_00_11_00,D,average,100,450.0,0.61,3,0,11,0
Municipality_Costs_[MEUR],03_00_11_00,D&G,average,20,30.0,0.07,3,0,11,0
Municipality_Costs_[MEUR],03_00_11_00,D&G,average,60,190.0,0.34,3,0,11,0
Municipality_Costs_[MEUR],03_00_11_00,D&G,average,100,440.0,0.6,3,0,11,0
Municipality_Costs_[MEUR],03_00_11_00,D&G&Wp,average,20,30.0,0.07,3,0,11,0
Municipality_Costs_[MEUR],03_00_11_00,D&G&Wp,average,60,200.0,0.35,3,0,11,0
Municipality_Costs_[MEUR],03_00_11_00,D&G&Wp,average,100,430.0,0.59,3,0,11,0
Municipality_Costs_[MEUR],03_00_11_00,D&Wp,average,20,30.0,0.07,3,0,11,0
Municipality_Costs_[MEUR],03_00_11_00,D&Wp,average,60,200.0,0.35,3,0,11,0
Municipality_Costs_[MEUR],03_00_11_00,D&Wp,average,100,430.0,0.58,3,0,11,0
Municipality_Costs_[MEUR],03_00_11_00,G,average,20,30.0,0.07,3,0,11,0
Municipality_Costs_[MEUR],03_00_11_00,G,average,60,190.0,0.34,3,0,11,0
Municipality_Costs_[MEUR],03_00_11_00,G,average,100,440.0,0.6,3,0,11,0
Municipality_Costs_[MEUR],03_00_11_00,G&Wp,average,20,30.0,0.07,3,0,11,0
Municipality_Costs_[MEUR],03_00_11_00,G&Wp,average,60,200.0,0.35,3,0,11,0
Municipality_Costs_[MEUR],03_00_11_00,G&Wp,average,100,420.0,0.58,3,0,11,0
Municipality_Costs_[MEUR],03_00_11_00,Wp,average,20,30.0,0.07,3,0,11,0
Municipality_Costs_[MEUR],03_00_11_00,Wp,average,60,200.0,0.36,3,0,11,0
Municipality_Costs_[MEUR],03_00_11_00,Wp,average,100,410.0,0.56,3,0,11,0
Municipality_Costs_[MEUR],03_00_13_00,D,average,20,30.0,0.09,3,0,13,0
Municipality_Costs_[MEUR],03_00_13_00,D,average,60,230.0,0.41,3,0,13,0
Municipality_Costs_[MEUR],03_00_13_00,D,average,100,570.0,0.78,3,0,13,0
Municipality_Costs_[MEUR],03_00_13_00,D&G,average,20,30.0,0.09,3,0,13,0
Municipality_Costs_[MEUR],03_00_13_00,D&G,average,60,250.0,0.44,3,0,13,0
Municipality_Costs_[MEUR],03_00_13_00,D&G,average,100,580.0,0.79,3,0,13,0
Municipality_Costs_[MEUR],03_00_13_00,D&G&Wp,average,20,30.0,0.09,3,0,13,0
Municipality_Costs_[MEUR],03_00_13_00,D&G&Wp,average,60,270.0,0.49,3,0,13,0
Municipality_Costs_[MEUR],03_00_13_00,D&G&Wp,average,100,580.0,0.8,3,0,13,0
Municipality_Costs_[MEUR],03_00_13_00,D&Wp,average,20,30.0,0.09,3,0,13,0
Municipality_Costs_[MEUR],03_00_13_00,D&Wp,average,60,280.0,0.49,3,0,13,0
Municipality_Costs_[MEUR],03_00_13_00,D&Wp,average,100,580.0,0.8,3,0,13,0
Municipality_Costs_[MEUR],03_00_13_00,G,average,20,30.0,0.09,3,0,13,0
Municipality_Costs_[MEUR],03_00_13_00,G,average,60,270.0,0.48,3,0,13,0
Municipality_Costs_[MEUR],03_00_13_00,G,average,100,590.0,0.81,3,0,13,0
Municipality_Costs_[MEUR],03_00_13_00,G&Wp,average,20,30.0,0.09,3,0,13,0
Municipality_Costs_[MEUR],03_00_13_00,G&Wp,average,60,290.0,0.53,3,0,13,0
Municipality_Costs_[MEUR],03_00_13_00,G&Wp,average,100,590.0,0.81,3,0,13,0
Municipality_Costs_[MEUR],03_00_13_00,Wp,average,20,30.0,0.09,3,0,13,0
Municipality_Costs_[MEUR],03_00_13_00,Wp,average,60,320.0,0.58,3,0,13,0
Municipality_Costs_[MEUR],03_00_13_00,Wp,average,100,590.0,0.82,3,0,13,0
Municipality_Costs_[MEUR],05_00_00_00,D,average,20,0.0,0.0,5,0,0,0
Municipality_Costs_[MEUR],05_00_00_00,D,average,60,0.0,0.0,5,0,0,0
Municipality_Costs_[MEUR],05_00_00_00,D,average,100,0.0,0.0,5,0,0,0
Municipality_Costs_[MEUR],05_00_00_00,D&G,average,20,0.0,0.0,5,0,0,0
Municipality_Costs_[MEUR],05_00_00_00,D&G,average,60,0.0,0.0,5,0,0,0
Municipality_Costs_[MEUR],05_00_00_00,D&G,average,100,0.0,0.0,5,0,0,0
Municipality_Costs_[MEUR],05_00_00_00,D&G&Wp,average,20,0.0,0.0,5,0,0,0
Municipality_Costs_[MEUR],05_00_00_00,D&G&Wp,average,60,0.0,0.0,5,0,0,0
Municipality_Costs_[MEUR],05_00_00_00,D&G&Wp,average,100,0.0,0.0,5,0,0,0
Municipality_Costs_[MEUR],05_00_00_00,D&Wp,average,20,0.0,0.0,5,0,0,0
Municipality_Costs_[MEUR],05_00_00_00,D&Wp,average,60,0.0,0.0,5,0,0,0
Municipality_Costs_[MEUR],05_00_00_00,D&Wp,average,100,0.0,0.0,5,0,0,0
Municipality_Costs_[MEUR],05_00_00_00,G,average,20,0.0,0.0,5,0,0,0
Municipality_Costs_[MEUR],05_00_00_00,G,average,60,0.0,0.0,5,0,0,0
Municipality_Costs_[MEUR],05_00_00_00,G,average,100,0.0,0.0,5,0,0,0
Municipality_Costs_[MEUR],05_00_00_00,G&Wp,average,20,0.0,0.0,5,0,0,0
Municipality_Costs_[MEUR],05_00_00_00,G&Wp,average,60,0.0,0.0,5,0,0,0
Municipality_Costs_[MEUR],05_00_00_00,G&Wp,average,100,0.0,0.0,5,0,0,0
Municipality_Costs_[MEUR],05_00_00_00,Wp,average,20,0.0,0.0,5,0,0,0
Municipality_Costs_[MEUR],05_00_00_00,Wp,average,60,0.0,0.0,5,0,0,0
Municipality_Costs_[MEUR],05_00_00_00,Wp,average,100,0.0,0.0,5,0,0,0
Municipality_Costs_[MEUR],05_00_01_00,D,average,20,30.0,0.07,5,0,1,0
Municipality_Costs_[MEUR],05_00_01_00,D,average,60,70.0,0.11,5,0,1,0
Municipality_Costs_[MEUR],05_00_01_00,D,average,100,110.0,0.15,5,0,1,0
Municipality_Costs_[MEUR],05_00_01_00,D&G,average,20,20.0,0.06,5,0,1,0
Municipality_Costs_[MEUR],05_00_01_00,D&G,average,60,70.0,0.12,5,0,1,0
Municipality_Costs_[MEUR],05_00_01_00,D&G,average,100,110.0,0.14,5,0,1,0
Municipality_Costs_[MEUR],05_00_01_00,D&G&Wp,average,20,20.0,0.06,5,0,1,0
Municipality_Costs_[MEUR],05_00_01_00,D&G&Wp,average,60,70.0,0.12,5,0,1,0
Municipality_Costs_[MEUR],05_00_01_00,D&G&Wp,average,100,100.0,0.14,5,0,1,0
Municipality_Costs_[MEUR],05_00_01_00,D&Wp,average,20,20.0,0.06,5,0,1,0
Municipality_Costs_[MEUR],05_00_01_00,D&Wp,average,60,70.0,0.12,5,0,1,0
Municipality_Costs_[MEUR],05_00_01_00,D&Wp,average,100,100.0,0.14,5,0,1,0
Municipality_Costs_[MEUR],05_00_01_00,G,average,20,20.0,0.05,5,0,1,0
Municipality_Costs_[MEUR],05_00_01_00,G,average,60,70.0,0.12,5,0,1,0
Municipality_Costs_[MEUR],05_00_01_00,G,average,100,100.0,0.14,5,0,1,0
Municipality_Costs_[MEUR],05_00_01_00,G&Wp,average,20,20.0,0.05,5,0,1,0
Municipality_Costs_[MEUR],05_00_01_00,G&Wp,average,60,70.0,0.13,5,0,1,0
Municipality_Costs_[MEUR],05_00_01_00,G&Wp,average,100,100.0,0.13,5,0,1,0
Municipality_Costs_[MEUR],05_00_01_00,Wp,average,20,20.0,0.05,5,0,1,0
Municipality_Costs_[MEUR],05_00_01_00,Wp,average,60,80.0,0.13,5,0,1,0
Municipality_Costs_[MEUR],05_00_01_00,Wp,average,100,100.0,0.13,5,0,1,0
Municipality_Costs_[MEUR],05_00_03_00,D,average,20,30.0,0.08,5,0,3,0
Municipality_Costs_[MEUR],05_00_03_00,D,average,60,70.0,0.12,5,0,3,0
Municipality_Costs_[MEUR],05_00_03_00,D,average,100,110.0,0.14,5,0,3,0
Municipality_Costs_[MEUR],05_00_03_00,D&G,average,20,30.0,0.08,5,0,3,0
Municipality_Costs_[MEUR],05_00_03_00,D&G,average,60,70.0,0.12,5,0,3,0
Municipality_Costs_[MEUR],05_00_03_00,D&G,average,100,100.0,0.14,5,0,3,0
Municipality_Costs_[MEUR],05_00_03_00,D&G&Wp,average,20,30.0,0.08,5,0,3,0
Municipality_Costs_[MEUR],05_00_03_00,D&G&Wp,average,60,80.0,0.13,5,0,3,0
Municipality_Costs_[MEUR],05_00_03_00,D&G&Wp,average,100,100.0,0.13,5,0,3,0
Municipality_Costs_[MEUR],05_00_03_00,D&Wp,average,20,30.0,0.08,5,0,3,0
Municipality_Costs_[MEUR],05_00_03_00,D&Wp,average,60,70.0,0.13,5,0,3,0
Municipality_Costs_[MEUR],05_00_03_00,D&Wp,average,100,100.0,0.13,5,0,3,0
Municipality_Costs_[MEUR],05_00_03_00,G,average,20,30.0,0.08,5,0,3,0
Municipality_Costs_[MEUR],05_00_03_00,G,average,60,80.0,0.13,5,0,3,0
Municipality_Costs_[MEUR],05_00_03_00,G,average,100,100.0,0.13,5,0,3,0
Municipality_Costs_[MEUR],05_00_03_00,G&Wp,average,20,30.0,0.08,5,0,3,0
Municipality_Costs_[MEUR],05_00_03_00,G&Wp,average,60,80.0,0.13,5,0,3,0
Municipality_Costs_[MEUR],05_00_03_00,G&Wp,average,100,100.0,0.13,5,0,3,0
Municipality_Costs_[MEUR],05_00_03_00,Wp,average,20,30.0,0.08,5,0,3,0
Municipality_Costs_[MEUR],05_00_03_00,Wp,average,60,80.0,0.14,5,0,3,0
Municipality_Costs_[MEUR],05_00_03_00,Wp,average,100,90.0,0.12,5,0,3,0
Municipality_Costs_[MEUR],05_00_05_00,D,average,20,60.0,0.17,5,0,5,0
Municipality_Costs_[MEUR],05_00_05_00,D,average,60,140.0,0.24,5,0,5,0
Municipality_Costs_[MEUR],05_00_05_00,D,average,100,140.0,0.19,5,0,5,0
Municipality_Costs_[MEUR],05_00_05_00,D&G,average,20,60.0,0.17,5,0,5,0
Municipality_Costs_[MEUR],05_00_05_00,D&G,average,60,140.0,0.24,5,0,5,0
Municipality_Costs_[MEUR],05_00_05_00,D&G,average,100,140.0,0.19,5,0,5,0
Municipality_Costs_[MEUR],05_00_05_00,D&G&Wp,average,20,60.0,0.17,5,0,5,0
Municipality_Costs_[MEUR],05_00_05_00,D&G&Wp,average,60,140.0,0.24,5,0,5,0
Municipality_Costs_[MEUR],05_00_05_00,D&G&Wp,average,100,150.0,0.2,5,0,5,0
Municipality_Costs_[MEUR],05_00_05_00,D&Wp,average,20,60.0,0.17,5,0,5,0
Municipality_Costs_[MEUR],05_00_05_00,D&Wp,average,60,140.0,0.24,5,0,5,0
Municipality_Costs_[MEUR],05_00_05_00,D&Wp,average,100,150.0,0.2,5,0,5,0
Municipality_Costs_[MEUR],05_00_05_00,G,average,20,60.0,0.17,5,0,5,0
Municipality_Costs_[MEUR],05_00_05_00,G,average,60,140.0,0.24,5,0,5,0
Municipality_Costs_[MEUR],05_00_05_00,G,average,100,140.0,0.19,5,0,5,0
Municipality_Costs_[MEUR],05_00_05_00,G&Wp,average,20,60.0,0.17,5,0,5,0
Municipality_Costs_[MEUR],05_00_05_00,G&Wp,average,60,140.0,0.24,5,0,5,0
Municipality_Costs_[MEUR],05_00_05_00,G&Wp,average,100,150.0,0.2,5,0,5,0
Municipality_Costs_[MEUR],05_00_05_00,Wp,average,20,60.0,0.17,5,0,5,0
Municipality_Costs_[MEUR],05_00_05_00,Wp,average,60,140.0,0.24,5,0,5,0
Municipality_Costs_[MEUR],05_00_05_00,Wp,average,100,150.0,0.2,5,0,5,0
Municipality_Costs_[MEUR],05_00_07_00,D,average,20,150.0,0.44,5,0,7,0
Municipality_Costs_[MEUR],05_00_07_00,D,average,60,330.0,0.59,5,0,7,0
Municipality_Costs_[MEUR],05_00_07_00,D,average,100,340.0,0.47,5,0,7,0
Municipality_Costs_[MEUR],05_00_07_00,D&G,average,20,150.0,0.44,5,0,7,0
Municipality_Costs_[MEUR],05_00_07_00,D&G,average,60,330.0,0.59,5,0,7,0
Municipality_Costs_[MEUR],05_00_07_00,D&G,average,100,340.0,0.47,5,0,7,0
Municipality_Costs_[MEUR],05_00_07_00,D&G&Wp,average,20,150.0,0.44,5,0,7,0
Municipality_Costs_[MEUR],05_00_07_00,D&G&Wp,average,60,330.0,0.59,5,0,7,0
Municipality_Costs_[MEUR],05_00_07_00,D&G&Wp,average,100,340.0,0.47,5,0,7,0
Municipality_Costs_[MEUR],05_00_07_00,D&Wp,average,20,150.0,0.44,5,0,7,0
Municipality_Costs_[MEUR],05_00_07_00,D&Wp,average,60,330.0,0.59,5,0,7,0
Municipality_Costs_[MEUR],05_00_07_00,D&Wp,average,100,340.0,0.47,5,0,7,0
Municipality_Costs_[MEUR],05_00_07_00,G,average,20,150.0,0.44,5,0,7,0
Municipality_Costs_[MEUR],05_00_07_00,G,average,60,330.0,0.59,5,0,7,0
Municipality_Costs_[MEUR],05_00_07_00,G,average,100,340.0,0.47,5,0,7,0
Municipality_Costs_[MEUR],05_00_07_00,G&Wp,average,20,150.0,0.44,5,0,7,0
Municipality_Costs_[MEUR],05_00_07_00,G&Wp,average,60,330.0,0.59,5,0,7,0
Municipality_Costs_[MEUR],05_00_07_00,G&Wp,average,100,340.0,0.47,5,0,7,0
Municipality_Costs_[MEUR],05_00_07_00,Wp,average,20,150.0,0.44,5,0,7,0
Municipality_Costs_[MEUR],05_00_07_00,Wp,average,60,330.0,0.59,5,0,7,0
Municipality_Costs_[MEUR],05_00_07_00,Wp,average,100,340.0,0.47,5,0,7,0
Municipality_Costs_[MEUR],05_00_09_00,D,average,20,80.0,0.22,5,0,9,0
Municipality_Costs_[MEUR],05_00_09_00,D,average,60,150.0,0.27,5,0,9,0
Municipality_Costs_[MEUR],05_00_09_00,D,average,100,150.0,0.2,5,0,9,0
Municipality_Costs_[MEUR],05_00_09_00,D&G,average,20,80.0,0.22,5,0,9,0
Municipality_Costs_[MEUR],05_00_09_00,D&G,average,60,150.0,0.27,5,0,9,0
Municipality_Costs_[MEUR],05_00_09_00,D&G,average,100,150.0,0.2,5,0,9,0
Municipality_Costs_[MEUR],05_00_09_00,D&G&Wp,average,20,80.0,0.22,5,0,9,0
Municipality_Costs_[MEUR],05_00_09_00,D&G&Wp,average,60,150.0,0.27,5,0,9,0
Municipality_Costs_[MEUR],05_00_09_00,D&G&Wp,average,100,150.0,0.21,5,0,9,0
Municipality_Costs_[MEUR],05_00_09_00,D&Wp,average,20,80.0,0.22,5,0,9,0
Municipality_Costs_[MEUR],05_00_09_00,D&Wp,average,60,150.0,0.27,5,0,9,0
Municipality_Costs_[MEUR],05_00_09_00,D&Wp,average,100,150.0,0.21,5,0,9,0
Municipality_Costs_[MEUR],05_00_09_00,G,average,20,80.0,0.22,5,0,9,0
Municipality_Costs_[MEUR],05_00_09_00,G,average,60,150.0,0.27,5,0,9,0
Municipality_Costs_[MEUR],05_00_09_00,G,average,100,150.0,0.2,5,0,9,0
Municipality_Costs_[MEUR],05_00_09_00,G&Wp,average,20,80.0,0.22,5,0,9,0
Municipality_Costs_[MEUR],05_00_09_00,G&Wp,average,60,150.0,0.27,5,0,9,0
Municipality_Costs_[MEUR],05_00_09_00,G&Wp,average,100,150.0,0.21,5,0,9,0
Municipality_Costs_[MEUR],05_00_09_00,Wp,average,20,80.0,0.22,5,0,9,0
Municipality_Costs_[MEUR],05_00_09_00,Wp,average,60,150.0,0.27,5,0,9,0
Municipality_Costs_[MEUR],05_00_09_00,Wp,average,100,160.0,0.21,5,0,9,0
Municipality_Costs_[MEUR],05_00_11_00,D,average,20,30.0,0.07,5,0,11,0
Municipality_Costs_[MEUR],05_00_11_00,D,average,60,160.0,0.27,5,0,11,0
Municipality_Costs_[MEUR],05_00_11_00,D,average,100,310.0,0.43,5,0,11,0
Municipality_Costs_[MEUR],05_00_11_00,D&G,average,20,30.0,0.07,5,0,11,0
Municipality_Costs_[MEUR],05_00_11_00,D&G,average,60,160.0,0.28,5,0,11,0
Municipality_Costs_[MEUR],05_00_11_00,D&G,average,100,320.0,0.43,5,0,11,0
Municipality_Costs_[MEUR],05_00_11_00,D&G&Wp,average,20,30.0,0.06,5,0,11,0
Municipality_Costs_[MEUR],05_00_11_00,D&G&Wp,average,60,160.0,0.28,5,0,11,0
Municipality_Costs_[MEUR],05_00_11_00,D&G&Wp,average,100,310.0,0.43,5,0,11,0
Municipality_Costs_[MEUR],05_00_11_00,D&Wp,average,20,30.0,0.07,5,0,11,0
Municipality_Costs_[MEUR],05_00_11_00,D&Wp,average,60,160.0,0.28,5,0,11,0
Municipality_Costs_[MEUR],05_00_11_00,D&Wp,average,100,310.0,0.42,5,0,11,0
Municipality_Costs_[MEUR],05_00_11_00,G,average,20,30.0,0.06,5,0,11,0
Municipality_Costs_[MEUR],05_00_11_00,G,average,60,160.0,0.28,5,0,11,0
Municipality_Costs_[MEUR],05_00_11_00,G,average,100,320.0,0.44,5,0,11,0
Municipality_Costs_[MEUR],05_00_11_00,G&Wp,average,20,30.0,0.06,5,0,11,0
Municipality_Costs_[MEUR],05_00_11_00,G&Wp,average,60,160.0,0.28,5,0,11,0
Municipality_Costs_[MEUR],05_00_11_00,G&Wp,average,100,310.0,0.43,5,0,11,0
Municipality_Costs_[MEUR],05_00_11_00,Wp,average,20,30.0,0.06,5,0,11,0
Municipality_Costs_[MEUR],05_00_11_00,Wp,average,60,160.0,0.28,5,0,11,0
Municipality_Costs_[MEUR],05_00_11_00,Wp,average,100,310.0,0.42,5,0,11,0
Municipality_Costs_[MEUR],05_00_13_00,D,average,20,30.0,0.09,5,0,13,0
Municipality_Costs_[MEUR],05_00_13_00,D,average,60,150.0,0.26,5,0,13,0
Municipality_Costs_[MEUR],05_00_13_00,D,average,100,310.0,0.42,5,0,13,0
Municipality_Costs_[MEUR],05_00_13_00,D&G,average,20,30.0,0.08,5,0,13,0
Municipality_Costs_[MEUR],05_00_13_00,D&G,average,60,160.0,0.27,5,0,13,0
Municipality_Costs_[MEUR],05_00_13_00,D&G,average,100,300.0,0.41,5,0,13,0
Municipality_Costs_[MEUR],05_00_13_00,D&G&Wp,average,20,30.0,0.08,5,0,13,0
Municipality_Costs_[MEUR],05_00_13_00,D&G&Wp,average,60,150.0,0.26,5,0,13,0
Municipality_Costs_[MEUR],05_00_13_00,D&G&Wp,average,100,270.0,0.37,5,0,13,0
Municipality_Costs_[MEUR],05_00_13_00,D&Wp,average,20,30.0,0.08,5,0,13,0
Municipality_Costs_[MEUR],05_00_13_00,D&Wp,average,60,140.0,0.25,5,0,13,0
Municipality_Costs_[MEUR],05_00_13_00,D&Wp,average,100,260.0,0.36,5,0,13,0
Municipality_Costs_[MEUR],05_00_13_00,G,average,20,30.0,0.08,5,0,13,0
Municipality_Costs_[MEUR],05_00_13_00,G,average,60,160.0,0.28,5,0,13,0
Municipality_Costs_[MEUR],05_00_13_00,G,average,100,290.0,0.4,5,0,13,0
Municipality_Costs_[MEUR],05_00_13_00,G&Wp,average,20,30.0,0.08,5,0,13,0
Municipality_Costs_[MEUR],05_00_13_00,G&Wp,average,60,150.0,0.26,5,0,13,0
Municipality_Costs_[MEUR],05_00_13_00,G&Wp,average,100,250.0,0.34,5,0,13,0
Municipality_Costs_[MEUR],05_00_13_00,Wp,average,20,30.0,0.08,5,0,13,0
Municipality_Costs_[MEUR],05_00_13_00,Wp,average,60,130.0,0.24,5,0,13,0
Municipality_Costs_[MEUR],05_00_13_00,Wp,average,100,220.0,0.29,5,0,13,0
Municipality_Costs_[MEUR],07_00_00_00,D,average,20,0.0,0.0,7,0,0,0
Municipality_Costs_[MEUR],07_00_00_00,D,average,60,0.0,0.0,7,0,0,0
Municipality_Costs_[MEUR],07_00_00_00,D,average,100,0.0,0.0,7,0,0,0
Municipality_Costs_[MEUR],07_00_00_00,D&G,average,20,0.0,0.0,7,0,0,0
Municipality_Costs_[MEUR],07_00_00_00,D&G,average,60,0.0,0.0,7,0,0,0
Municipality_Costs_[MEUR],07_00_00_00,D&G,average,100,0.0,0.0,7,0,0,0
Municipality_Costs_[MEUR],07_00_00_00,D&G&Wp,average,20,0.0,0.0,7,0,0,0
Municipality_Costs_[MEUR],07_00_00_00,D&G&Wp,average,60,0.0,0.0,7,0,0,0
Municipality_Costs_[MEUR],07_00_00_00,D&G&Wp,average,100,0.0,0.0,7,0,0,0
Municipality_Costs_[MEUR],07_00_00_00,D&Wp,average,20,0.0,0.0,7,0,0,0
Municipality_Costs_[MEUR],07_00_00_00,D&Wp,average,60,0.0,0.0,7,0,0,0
Municipality_Costs_[MEUR],07_00_00_00,D&Wp,average,100,0.0,0.0,7,0,0,0
Municipality_Costs_[MEUR],07_00_00_00,G,average,20,0.0,0.0,7,0,0,0
Municipality_Costs_[MEUR],07_00_00_00,G,average,60,0.0,0.0,7,0,0,0
Municipality_Costs_[MEUR],07_00_00_00,G,average,100,0.0,0.0,7,0,0,0
Municipality_Costs_[MEUR],07_00_00_00,G&Wp,average,20,0.0,0.0,7,0,0,0
Municipality_Costs_[MEUR],07_00_00_00,G&Wp,average,60,0.0,0.0,7,0,0,0
Municipality_Costs_[MEUR],07_00_00_00,G&Wp,average,100,0.0,0.0,7,0,0,0
Municipality_Costs_[MEUR],07_00_00_00,Wp,average,20,0.0,0.0,7,0,0,0
Municipality_Costs_[MEUR],07_00_00_00,Wp,average,60,0.0,0.0,7,0,0,0
Municipality_Costs_[MEUR],07_00_00_00,Wp,average,100,0.0,0.0,7,0,0,0
Municipality_Costs_[MEUR],07_00_01_00,D,average,20,30.0,0.07,7,0,1,0
Municipality_Costs_[MEUR],07_00_01_00,D,average,60,70.0,0.11,7,0,1,0
Municipality_Costs_[MEUR],07_00_01_00,D,average,100,110.0,0.14,7,0,1,0
Municipality_Costs_[MEUR],07_00_01_00,D&G,average,20,20.0,0.06,7,0,1,0
Municipality_Costs_[MEUR],07_00_01_00,D&G,average,60,70.0,0.12,7,0,1,0
Municipality_Costs_[MEUR],07_00_01_00,D&G,average,100,110.0,0.14,7,0,1,0
Municipality_Costs_[MEUR],07_00_01_00,D&G&Wp,average,20,20.0,0.06,7,0,1,0
Municipality_Costs_[MEUR],07_00_01_00,D&G&Wp,average,60,70.0,0.12,7,0,1,0
Municipality_Costs_[MEUR],07_00_01_00,D&G&Wp,average,100,110.0,0.14,7,0,1,0
Municipality_Costs_[MEUR],07_00_01_00,D&Wp,average,20,20.0,0.06,7,0,1,0
Municipality_Costs_[MEUR],07_00_01_00,D&Wp,average,60,70.0,0.12,7,0,1,0
Municipality_Costs_[MEUR],07_00_01_00,D&Wp,average,100,110.0,0.14,7,0,1,0
Municipality_Costs_[MEUR],07_00_01_00,G,average,20,20.0,0.05,7,0,1,0
Municipality_Costs_[MEUR],07_00_01_00,G,average,60,70.0,0.12,7,0,1,0
Municipality_Costs_[MEUR],07_00_01_00,G,average,100,100.0,0.14,7,0,1,0
Municipality_Costs_[MEUR],07_00_01_00,G&Wp,average,20,20.0,0.05,7,0,1,0
Municipality_Costs_[MEUR],07_00_01_00,G&Wp,average,60,70.0,0.12,7,0,1,0
Municipality_Costs_[MEUR],07_00_01_00,G&Wp,average,100,100.0,0.14,7,0,1,0
Municipality_Costs_[MEUR],07_00_01_00,Wp,average,20,20.0,0.05,7,0,1,0
Municipality_Costs_[MEUR],07_00_01_00,Wp,average,60,70.0,0.12,7,0,1,0
Municipality_Costs_[MEUR],07_00_01_00,Wp,average,100,100.0,0.14,7,0,1,0
Municipality_Costs_[MEUR],07_00_03_00,D,average,20,30.0,0.08,7,0,3,0
Municipality_Costs_[MEUR],07_00_03_00,D,average,60,70.0,0.12,7,0,3,0
Municipality_Costs_[MEUR],07_00_03_00,D,average,100,110.0,0.14,7,0,3,0
Municipality_Costs_[MEUR],07_00_03_00,D&G,average,20,30.0,0.08,7,0,3,0
Municipality_Costs_[MEUR],07_00_03_00,D&G,average,60,70.0,0.12,7,0,3,0
Municipality_Costs_[MEUR],07_00_03_00,D&G,average,100,100.0,0.14,7,0,3,0
Municipality_Costs_[MEUR],07_00_03_00,D&G&Wp,average,20,30.0,0.08,7,0,3,0
Municipality_Costs_[MEUR],07_00_03_00,D&G&Wp,average,60,70.0,0.13,7,0,3,0
Municipality_Costs_[MEUR],07_00_03_00,D&G&Wp,average,100,100.0,0.13,7,0,3,0
Municipality_Costs_[MEUR],07_00_03_00,D&Wp,average,20,30.0,0.08,7,0,3,0
Municipality_Costs_[MEUR],07_00_03_00,D&Wp,average,60,70.0,0.12,7,0,3,0
Municipality_Costs_[MEUR],07_00_03_00,D&Wp,average,100,100.0,0.14,7,0,3,0
Municipality_Costs_[MEUR],07_00_03_00,G,average,20,30.0,0.08,7,0,3,0
Municipality_Costs_[MEUR],07_00_03_00,G,average,60,80.0,0.13,7,0,3,0
Municipality_Costs_[MEUR],07_00_03_00,G,average,100,100.0,0.13,7,0,3,0
Municipality_Costs_[MEUR],07_00_03_00,G&Wp,average,20,30.0,0.08,7,0,3,0
Municipality_Costs_[MEUR],07_00_03_00,G&Wp,average,60,80.0,0.13,7,0,3,0
Municipality_Costs_[MEUR],07_00_03_00,G&Wp,average,100,100.0,0.13,7,0,3,0
Municipality_Costs_[MEUR],07_00_03_00,Wp,average,20,30.0,0.08,7,0,3,0
Municipality_Costs_[MEUR],07_00_03_00,Wp,average,60,80.0,0.13,7,0,3,0
Municipality_Costs_[MEUR],07_00_03_00,Wp,average,100,100.0,0.13,7,0,3,0
Municipality_Costs_[MEUR],07_00_05_00,D,average,20,60.0,0.17,7,0,5,0
Municipality_Costs_[MEUR],07_00_05_00,D,average,60,130.0,0.22,7,0,5,0
Municipality_Costs_[MEUR],07_00_05_00,D,average,100,130.0,0.17,7,0,5,0
Municipality_Costs_[MEUR],07_00_05_00,D&G,average,20,60.0,0.17,7,0,5,0
Municipality_Costs_[MEUR],07_00_05_00,D&G,average,60,130.0,0.22,7,0,5,0
Municipality_Costs_[MEUR],07_00_05_00,D&G,average,100,130.0,0.17,7,0,5,0
Municipality_Costs_[MEUR],07_00_05_00,D&G&Wp,average,20,60.0,0.17,7,0,5,0
Municipality_Costs_[MEUR],07_00_05_00,D&G&Wp,average,60,130.0,0.22,7,0,5,0
Municipality_Costs_[MEUR],07_00_05_00,D&G&Wp,average,100,130.0,0.18,7,0,5,0
Municipality_Costs_[MEUR],07_00_05_00,D&Wp,average,20,60.0,0.17,7,0,5,0
Municipality_Costs_[MEUR],07_00_05_00,D&Wp,average,60,130.0,0.22,7,0,5,0
Municipality_Costs_[MEUR],07_00_05_00,D&Wp,average,100,140.0,0.18,7,0,5,0
Municipality_Costs_[MEUR],07_00_05_00,G,average,20,60.0,0.17,7,0,5,0
Municipality_Costs_[MEUR],07_00_05_00,G,average,60,130.0,0.22,7,0,5,0
Municipality_Costs_[MEUR],07_00_05_00,G,average,100,130.0,0.17,7,0,5,0
Municipality_Costs_[MEUR],07_00_05_00,G&Wp,average,20,60.0,0.17,7,0,5,0
Municipality_Costs_[MEUR],07_00_05_00,G&Wp,average,60,130.0,0.22,7,0,5,0
Municipality_Costs_[MEUR],07_00_05_00,G&Wp,average,100,140.0,0.18,7,0,5,0
Municipality_Costs_[MEUR],07_00_05_00,Wp,average,20,60.0,0.17,7,0,5,0
Municipality_Costs_[MEUR],07_00_05_00,Wp,average,60,130.0,0.22,7,0,5,0
Municipality_Costs_[MEUR],07_00_05_00,Wp,average,100,140.0,0.19,7,0,5,0
Municipality_Costs_[MEUR],07_00_07_00,D,average,20,150.0,0.44,7,0,7,0
Municipality_Costs_[MEUR],07_00_07_00,D,average,60,340.0,0.61,7,0,7,0
Municipality_Costs_[MEUR],07_00_07_00,D,average,100,350.0,0.48,7,0,7,0
Municipality_Costs_[MEUR],07_00_07_00,D&G,average,20,150.0,0.44,7,0,7,0
Municipality_Costs_[MEUR],07_00_07_00,D&G,average,60,340.0,0.61,7,0,7,0
Municipality_Costs_[MEUR],07_00_07_00,D&G,average,100,350.0,0.48,7,0,7,0
Municipality_Costs_[MEUR],07_00_07_00,D&G&Wp,average,20,150.0,0.44,7,0,7,0
Municipality_Costs_[MEUR],07_00_07_00,D&G&Wp,average,60,340.0,0.61,7,0,7,0
Municipality_Costs_[MEUR],07_00_07_00,D&G&Wp,average,100,350.0,0.48,7,0,7,0
Municipality_Costs_[MEUR],07_00_07_00,D&Wp,average,20,150.0,0.44,7,0,7,0
Municipality_Costs_[MEUR],07_00_07_00,D&Wp,average,60,340.0,0.61,7,0,7,0
Municipality_Costs_[MEUR],07_00_07_00,D&Wp,average,100,350.0,0.48,7,0,7,0
Municipality_Costs_[MEUR],07_00_07_00,G,average,20,150.0,0.44,7,0,7,0
Municipality_Costs_[MEUR],07_00_07_00,G,average,60,340.0,0.61,7,0,7,0
Municipality_Costs_[MEUR],07_00_07_00,G,average,100,350.0,0.48,7,0,7,0
Municipality_Costs_[MEUR],07_00_07_00,G&Wp,average,20,150.0,0.44,7,0,7,0
Municipality_Costs_[MEUR],07_00_07_00,G&Wp,average,60,340.0,0.61,7,0,7,0
Municipality_Costs_[MEUR],07_00_07_00,G&Wp,average,100,350.0,0.48,7,0,7,0
Municipality_Costs_[MEUR],07_00_07_00,Wp,average,20,150.0,0.44,7,0,7,0
Municipality_Costs_[MEUR],07_00_07_00,Wp,average,60,340.0,0.61,7,0,7,0
Municipality_Costs_[MEUR],07_00_07_00,Wp,average,100,350.0,0.48,7,0,7,0
Municipality_Costs_[MEUR],07_00_09_00,D,average,20,80.0,0.22,7,0,9,0
Municipality_Costs_[MEUR],07_00_09_00,D,average,60,140.0,0.24,7,0,9,0
Municipality_Costs_[MEUR],07_00_09_00,D,average,100,140.0,0.19,7,0,9,0
Municipality_Costs_[MEUR],07_00_09_00,D&G,average,20,80.0,0.22,7,0,9,0
Municipality_Costs_[MEUR],07_00_09_00,D&G,average,60,140.0,0.24,7,0,9,0
Municipality_Costs_[MEUR],07_00_09_00,D&G,average,100,140.0,0.19,7,0,9,0
Municipality_Costs_[MEUR],07_00_09_00,D&G&Wp,average,20,80.0,0.22,7,0,9,0
Municipality_Costs_[MEUR],07_00_09_00,D&G&Wp,average,60,140.0,0.24,7,0,9,0
Municipality_Costs_[MEUR],07_00_09_00,D&G&Wp,average,100,140.0,0.19,7,0,9,0
Municipality_Costs_[MEUR],07_00_09_00,D&Wp,average,20,80.0,0.22,7,0,9,0
Municipality_Costs_[MEUR],07_00_09_00,D&Wp,average,60,140.0,0.24,7,0,9,0
Municipality_Costs_[MEUR],07_00_09_00,D&Wp,average,100,150.0,0.19,7,0,9,0
Municipality_Costs_[MEUR],07_00_09_00,G,average,20,80.0,0.22,7,0,9,0
Municipality_Costs_[MEUR],07_00_09_00,G,average,60,140.0,0.24,7,0,9,0
Municipality_Costs_[MEUR],07_00_09_00,G,average,100,140.0,0.19,7,0,9,0
Municipality_Costs_[MEUR],07_00_09_00,G&Wp,average,20,80.0,0.22,7,0,9,0
Municipality_Costs_[MEUR],07_00_09_00,G&Wp,average,60,140.0,0.24,7,0,9,0
Municipality_Costs_[MEUR],07_00_09_00,G&Wp,average,100,150.0,0.19,7,0,9,0
Municipality_Costs_[MEUR],07_00_09_00,Wp,average,20,80.0,0.22,7,0,9,0
Municipality_Costs_[MEUR],07_00_09_00,Wp,average,60,140.0,0.24,7,0,9,0
Municipality_Costs_[MEUR],07_00_09_00,Wp,average,100,150.0,0.2,7,0,9,0
Municipality_Costs_[MEUR],07_00_11_00,D,average,20,30.0,0.07,7,0,11,0
Municipality_Costs_[MEUR],07_00_11_00,D,average,60,150.0,0.27,7,0,11,0
Municipality_Costs_[MEUR],07_00_11_00,D,average,100,320.0,0.44,7,0,11,0
Municipality_Costs_[MEUR],07_00_11_00,D&G,average,20,30.0,0.07,7,0,11,0
Municipality_Costs_[MEUR],07_00_11_00,D&G,average,60,150.0,0.27,7,0,11,0
Municipality_Costs_[MEUR],07_00_11_00,D&G,average,100,320.0,0.44,7,0,11,0
Municipality_Costs_[MEUR],07_00_11_00,D&G&Wp,average,20,30.0,0.06,7,0,11,0
Municipality_Costs_[MEUR],07_00_11_00,D&G&Wp,average,60,160.0,0.27,7,0,11,0
Municipality_Costs_[MEUR],07_00_11_00,D&G&Wp,average,100,320.0,0.44,7,0,11,0
Municipality_Costs_[MEUR],07_00_11_00,D&Wp,average,20,30.0,0.07,7,0,11,0
Municipality_Costs_[MEUR],07_00_11_00,D&Wp,average,60,160.0,0.28,7,0,11,0
Municipality_Costs_[MEUR],07_00_11_00,D&Wp,average,100,320.0,0.44,7,0,11,0
Municipality_Costs_[MEUR],07_00_11_00,G,average,20,30.0,0.06,7,0,11,0
Municipality_Costs_[MEUR],07_00_11_00,G,average,60,150.0,0.27,7,0,11,0
Municipality_Costs_[MEUR],07_00_11_00,G,average,100,330.0,0.45,7,0,11,0
Municipality_Costs_[MEUR],07_00_11_00,G&Wp,average,20,30.0,0.06,7,0,11,0
Municipality_Costs_[MEUR],07_00_11_00,G&Wp,average,60,160.0,0.28,7,0,11,0
Municipality_Costs_[MEUR],07_00_11_00,G&Wp,average,100,320.0,0.44,7,0,11,0
Municipality_Costs_[MEUR],07_00_11_00,Wp,average,20,30.0,0.06,7,0,11,0
Municipality_Costs_[MEUR],07_00_11_00,Wp,average,60,160.0,0.28,7,0,11,0
Municipality_Costs_[MEUR],07_00_11_00,Wp,average,100,320.0,0.44,7,0,11,0
Municipality_Costs_[MEUR],07_00_13_00,D,average,20,30.0,0.09,7,0,13,0
Municipality_Costs_[MEUR],07_00_13_00,D,average,60,120.0,0.22,7,0,13,0
Municipality_Costs_[MEUR],07_00_13_00,D,average,100,280.0,0.39,7,0,13,0
Municipality_Costs_[MEUR],07_00_13_00,D&G,average,20,30.0,0.08,7,0,13,0
Municipality_Costs_[MEUR],07_00_13_00,D&G,average,60,130.0,0.23,7,0,13,0
Municipality_Costs_[MEUR],07_00_13_00,D&G,average,100,270.0,0.37,7,0,13,0
Municipality_Costs_[MEUR],07_00_13_00,D&G&Wp,average,20,30.0,0.08,7,0,13,0
Municipality_Costs_[MEUR],07_00_13_00,D&G&Wp,average,60,130.0,0.23,7,0,13,0
Municipality_Costs_[MEUR],07_00_13_00,D&G&Wp,average,100,260.0,0.36,7,0,13,0
Municipality_Costs_[MEUR],07_00_13_00,D&Wp,average,20,30.0,0.08,7,0,13,0
Municipality_Costs_[MEUR],07_00_13_00,D&Wp,average,60,130.0,0.23,7,0,13,0
Municipality_Costs_[MEUR],07_00_13_00,D&Wp,average,100,260.0,0.36,7,0,13,0
Municipality_Costs_[MEUR],07_00_13_00,G,average,20,30.0,0.08,7,0,13,0
Municipality_Costs_[MEUR],07_00_13_00,G,average,60,130.0,0.24,7,0,13,0
Municipality_Costs_[MEUR],07_00_13_00,G,average,100,260.0,0.36,7,0,13,0
Municipality_Costs_[MEUR],07_00_13_00,G&Wp,average,20,30.0,0.08,7,0,13,0
Municipality_Costs_[MEUR],07_00_13_00,G&Wp,average,60,130.0,0.24,7,0,13,0
Municipality_Costs_[MEUR],07_00_13_00,G&Wp,average,100,250.0,0.34,7,0,13,0
Municipality_Costs_[MEUR],07_00_13_00,Wp,average,20,30.0,0.08,7,0,13,0
Municipality_Costs_[MEUR],07_00_13_00,Wp,average,60,130.0,0.24,7,0,13,0
Municipality_Costs_[MEUR],07_00_13_00,Wp,average,100,240.0,0.33,7,0,13,0
Municipality_Costs_[MEUR],09_00_00_00,D,average,20,0.0,0.0,9,0,0,0
Municipality_Costs_[MEUR],09_00_00_00,D,average,60,0.0,0.0,9,0,0,0
Municipality_Costs_[MEUR],09_00_00_00,D,average,100,0.0,0.0,9,0,0,0
Municipality_Costs_[MEUR],09_00_00_00,D&G,average,20,0.0,0.0,9,0,0,0
Municipality_Costs_[MEUR],09_00_00_00,D&G,average,60,0.0,0.0,9,0,0,0
Municipality_Costs_[MEUR],09_00_00_00,D&G,average,100,0.0,0.0,9,0,0,0
Municipality_Costs_[MEUR],09_00_00_00,D&G&Wp,average,20,0.0,0.0,9,0,0,0
Municipality_Costs_[MEUR],09_00_00_00,D&G&Wp,average,60,0.0,0.0,9,0,0,0
Municipality_Costs_[MEUR],09_00_00_00,D&G&Wp,average,100,0.0,0.0,9,0,0,0
Municipality_Costs_[MEUR],09_00_00_00,D&Wp,average,20,0.0,0.0,9,0,0,0
Municipality_Costs_[MEUR],09_00_00_00,D&Wp,average,60,0.0,0.0,9,0,0,0
Municipality_Costs_[MEUR],09_00_00_00,D&Wp,average,100,0.0,0.0,9,0,0,0
Municipality_Costs_[MEUR],09_00_00_00,G,average,20,0.0,0.0,9,0,0,0
Municipality_Costs_[MEUR],09_00_00_00,G,average,60,0.0,0.0,9,0,0,0
Municipality_Costs_[MEUR],09_00_00_00,G,average,100,0.0,0.0,9,0,0,0
Municipality_Costs_[MEUR],09_00_00_00,G&Wp,average,20,0.0,0.0,9,0,0,0
Municipality_Costs_[MEUR],09_00_00_00,G&Wp,average,60,0.0,0.0,9,0,0,0
Municipality_Costs_[MEUR],09_00_00_00,G&Wp,average,100,0.0,0.0,9,0,0,0
Municipality_Costs_[MEUR],09_00_00_00,Wp,average,20,0.0,0.0,9,0,0,0
Municipality_Costs_[MEUR],09_00_00_00,Wp,average,60,0.0,0.0,9,0,0,0
Municipality_Costs_[MEUR],09_00_00_00,Wp,average,100,0.0,0.0,9,0,0,0
Municipality_Costs_[MEUR],09_00_01_00,D,average,20,30.0,0.07,9,0,1,0
Municipality_Costs_[MEUR],09_00_01_00,D,average,60,120.0,0.22,9,0,1,0
Municipality_Costs_[MEUR],09_00_01_00,D,average,100,240.0,0.33,9,0,1,0
Municipality_Costs_[MEUR],09_00_01_00,D&G,average,20,30.0,0.07,9,0,1,0
Municipality_Costs_[MEUR],09_00_01_00,D&G,average,60,130.0,0.23,9,0,1,0
Municipality_Costs_[MEUR],09_00_01_00,D&G,average,100,240.0,0.33,9,0,1,0
Municipality_Costs_[MEUR],09_00_01_00,D&G&Wp,average,20,30.0,0.07,9,0,1,0
Municipality_Costs_[MEUR],09_00_01_00,D&G&Wp,average,60,140.0,0.24,9,0,1,0
Municipality_Costs_[MEUR],09_00_01_00,D&G&Wp,average,100,240.0,0.33,9,0,1,0
Municipality_Costs_[MEUR],09_00_01_00,D&Wp,average,20,30.0,0.07,9,0,1,0
Municipality_Costs_[MEUR],09_00_01_00,D&Wp,average,60,140.0,0.25,9,0,1,0
Municipality_Costs_[MEUR],09_00_01_00,D&Wp,average,100,240.0,0.33,9,0,1,0
Municipality_Costs_[MEUR],09_00_01_00,G,average,20,30.0,0.07,9,0,1,0
Municipality_Costs_[MEUR],09_00_01_00,G,average,60,130.0,0.24,9,0,1,0
Municipality_Costs_[MEUR],09_00_01_00,G,average,100,240.0,0.33,9,0,1,0
Municipality_Costs_[MEUR],09_00_01_00,G&Wp,average,20,30.0,0.07,9,0,1,0
Municipality_Costs_[MEUR],09_00_01_00,G&Wp,average,60,150.0,0.26,9,0,1,0
Municipality_Costs_[MEUR],09_00_01_00,G&Wp,average,100,240.0,0.33,9,0,1,0
Municipality_Costs_[MEUR],09_00_01_00,Wp,average,20,30.0,0.07,9,0,1,0
Municipality_Costs_[MEUR],09_00_01_00,Wp,average,60,160.0,0.28,9,0,1,0
Municipality_Costs_[MEUR],09_00_01_00,Wp,average,100,240.0,0.33,9,0,1,0
Municipality_Costs_[MEUR],09_00_03_00,D,average,20,30.0,0.08,9,0,3,0
Municipality_Costs_[MEUR],09_00_03_00,D,average,60,120.0,0.21,9,0,3,0
Municipality_Costs_[MEUR],09_00_03_00,D,average,100,230.0,0.32,9,0,3,0
Municipality_Costs_[MEUR],09_00_03_00,D&G,average,20,30.0,0.08,9,0,3,0
Municipality_Costs_[MEUR],09_00_03_00,D&G,average,60,130.0,0.22,9,0,3,0
Municipality_Costs_[MEUR],09_00_03_00,D&G,average,100,230.0,0.32,9,0,3,0
Municipality_Costs_[MEUR],09_00_03_00,D&G&Wp,average,20,30.0,0.08,9,0,3,0
Municipality_Costs_[MEUR],09_00_03_00,D&G&Wp,average,60,140.0,0.24,9,0,3,0
Municipality_Costs_[MEUR],09_00_03_00,D&G&Wp,average,100,230.0,0.32,9,0,3,0
Municipality_Costs_[MEUR],09_00_03_00,D&Wp,average,20,30.0,0.08,9,0,3,0
Municipality_Costs_[MEUR],09_00_03_00,D&Wp,average,60,140.0,0.24,9,0,3,0
Municipality_Costs_[MEUR],09_00_03_00,D&Wp,average,100,230.0,0.32,9,0,3,0
Municipality_Costs_[MEUR],09_00_03_00,G,average,20,30.0,0.08,9,0,3,0
Municipality_Costs_[MEUR],09_00_03_00,G,average,60,130.0,0.23,9,0,3,0
Municipality_Costs_[MEUR],09_00_03_00,G,average,100,230.0,0.32,9,0,3,0
Municipality_Costs_[MEUR],09_00_03_00,G&Wp,average,20,30.0,0.08,9,0,3,0
Municipality_Costs_[MEUR],09_00_03_00,G&Wp,average,60,140.0,0.25,9,0,3,0
Municipality_Costs_[MEUR],09_00_03_00,G&Wp,average,100,230.0,0.32,9,0,3,0
Municipality_Costs_[MEUR],09_00_03_00,Wp,average,20,30.0,0.08,9,0,3,0
Municipality_Costs_[MEUR],09_00_03_00,Wp,average,60,150.0,0.27,9,0,3,0
Municipality_Costs_[MEUR],09_00_03_00,Wp,average,100,230.0,0.32,9,0,3,0
Municipality_Costs_[MEUR],09_00_05_00,D,average,20,60.0,0.17,9,0,5,0
Municipality_Costs_[MEUR],09_00_05_00,D,average,60,150.0,0.26,9,0,5,0
Municipality_Costs_[MEUR],09_00_05_00,D,average,100,160.0,0.21,9,0,5,0
Municipality_Costs_[MEUR],09_00_05_00,D&G,average,20,60.0,0.17,9,0,5,0
Municipality_Costs_[MEUR],09_00_05_00,D&G,average,60,150.0,0.26,9,0,5,0
Municipality_Costs_[MEUR],09_00_05_00,D&G,average,100,160.0,0.21,9,0,5,0
Municipality_Costs_[MEUR],09_00_05_00,D&G&Wp,average,20,60.0,0.17,9,0,5,0
Municipality_Costs_[MEUR],09_00_05_00,D&G&Wp,average,60,150.0,0.26,9,0,5,0
Municipality_Costs_[MEUR],09_00_05_00,D&G&Wp,average,100,160.0,0.21,9,0,5,0
Municipality_Costs_[MEUR],09_00_05_00,D&Wp,average,20,60.0,0.17,9,0,5,0
Municipality_Costs_[MEUR],09_00_05_00,D&Wp,average,60,150.0,0.26,9,0,5,0
Municipality_Costs_[MEUR],09_00_05_00,D&Wp,average,100,160.0,0.21,9,0,5,0
Municipality_Costs_[MEUR],09_00_05_00,G,average,20,60.0,0.17,9,0,5,0
Municipality_Costs_[MEUR],09_00_05_00,G,average,60,150.0,0.26,9,0,5,0
Municipality_Costs_[MEUR],09_00_05_00,G,average,100,160.0,0.21,9,0,5,0
Municipality_Costs_[MEUR],09_00_05_00,G&Wp,average,20,60.0,0.17,9,0,5,0
Municipality_Costs_[MEUR],09_00_05_00,G&Wp,average,60,150.0,0.26,9,0,5,0
Municipality_Costs_[MEUR],09_00_05_00,G&Wp,average,100,160.0,0.21,9,0,5,0
Municipality_Costs_[MEUR],09_00_05_00,Wp,average,20,60.0,0.17,9,0,5,0
Municipality_Costs_[MEUR],09_00_05_00,Wp,average,60,150.0,0.26,9,0,5,0
Municipality_Costs_[MEUR],09_00_05_00,Wp,average,100,160.0,0.21,9,0,5,0
Municipality_Costs_[MEUR],09_00_07_00,D,average,20,150.0,0.44,9,0,7,0
Municipality_Costs_[MEUR],09_00_07_00,D,average,60,360.0,0.65,9,0,7,0
Municipality_Costs_[MEUR],09_00_07_00,D,average,100,390.0,0.53,9,0,7,0
Municipality_Costs_[MEUR],09_00_07_00,D&G,average,20,150.0,0.44,9,0,7,0
Municipality_Costs_[MEUR],09_00_07_00,D&G,average,60,360.0,0.65,9,0,7,0
Municipality_Costs_[MEUR],09_00_07_00,D&G,average,100,390.0,0.53,9,0,7,0
Municipality_Costs_[MEUR],09_00_07_00,D&G&Wp,average,20,150.0,0.44,9,0,7,0
Municipality_Costs_[MEUR],09_00_07_00,D&G&Wp,average,60,360.0,0.65,9,0,7,0
Municipality_Costs_[MEUR],09_00_07_00,D&G&Wp,average,100,390.0,0.53,9,0,7,0
Municipality_Costs_[MEUR],09_00_07_00,D&Wp,average,20,150.0,0.44,9,0,7,0
Municipality_Costs_[MEUR],09_00_07_00,D&Wp,average,60,360.0,0.65,9,0,7,0
Municipality_Costs_[MEUR],09_00_07_00,D&Wp,average,100,390.0,0.53,9,0,7,0
Municipality_Costs_[MEUR],09_00_07_00,G,average,20,150.0,0.44,9,0,7,0
Municipality_Costs_[MEUR],09_00_07_00,G,average,60,360.0,0.65,9,0,7,0
Municipality_Costs_[MEUR],09_00_07_00,G,average,100,390.0,0.53,9,0,7,0
Municipality_Costs_[MEUR],09_00_07_00,G&Wp,average,20,150.0,0.44,9,0,7,0
Municipality_Costs_[MEUR],09_00_07_00,G&Wp,average,60,360.0,0.65,9,0,7,0
Municipality_Costs_[MEUR],09_00_07_00,G&Wp,average,100,390.0,0.53,9,0,7,0
Municipality_Costs_[MEUR],09_00_07_00,Wp,average,20,150.0,0.44,9,0,7,0
Municipality_Costs_[MEUR],09_00_07_00,Wp,average,60,360.0,0.65,9,0,7,0
Municipality_Costs_[MEUR],09_00_07_00,Wp,average,100,390.0,0.53,9,0,7,0
Municipality_Costs_[MEUR],09_00_09_00,D,average,20,80.0,0.22,9,0,9,0
Municipality_Costs_[MEUR],09_00_09_00,D,average,60,160.0,0.28,9,0,9,0
Municipality_Costs_[MEUR],09_00_09_00,D,average,100,160.0,0.21,9,0,9,0
Municipality_Costs_[MEUR],09_00_09_00,D&G,average,20,80.0,0.22,9,0,9,0
Municipality_Costs_[MEUR],09_00_09_00,D&G,average,60,160.0,0.28,9,0,9,0
Municipality_Costs_[MEUR],09_00_09_00,D&G,average,100,160.0,0.21,9,0,9,0
Municipality_Costs_[MEUR],09_00_09_00,D&G&Wp,average,20,80.0,0.22,9,0,9,0
Municipality_Costs_[MEUR],09_00_09_00,D&G&Wp,average,60,160.0,0.28,9,0,9,0
Municipality_Costs_[MEUR],09_00_09_00,D&G&Wp,average,100,160.0,0.22,9,0,9,0
Municipality_Costs_[MEUR],09_00_09_00,D&Wp,average,20,80.0,0.22,9,0,9,0
Municipality_Costs_[MEUR],09_00_09_00,D&Wp,average,60,160.0,0.28,9,0,9,0
Municipality_Costs_[MEUR],09_00_09_00,D&Wp,average,100,160.0,0.22,9,0,9,0
Municipality_Costs_[MEUR],09_00_09_00,G,average,20,80.0,0.22,9,0,9,0
Municipality_Costs_[MEUR],09_00_09_00,G,average,60,160.0,0.28,9,0,9,0
Municipality_Costs_[MEUR],09_00_09_00,G,average,100,160.0,0.21,9,0,9,0
Municipality_Costs_[MEUR],09_00_09_00,G&Wp,average,20,80.0,0.22,9,0,9,0
Municipality_Costs_[MEUR],09_00_09_00,G&Wp,average,60,160.0,0.28,9,0,9,0
Municipality_Costs_[MEUR],09_00_09_00,G&Wp,average,100,160.0,0.22,9,0,9,0
Municipality_Costs_[MEUR],09_00_09_00,Wp,average,20,80.0,0.22,9,0,9,0
Municipality_Costs_[MEUR],09_00_09_00,Wp,average,60,160.0,0.28,9,0,9,0
Municipality_Costs_[MEUR],09_00_09_00,Wp,average,100,170.0,0.23,9,0,9,0
Municipality_Costs_[MEUR],09_00_11_00,D,average,20,30.0,0.07,9,0,11,0
Municipality_Costs_[MEUR],09_00_11_00,D,average,60,180.0,0.31,9,0,11,0
Municipality_Costs_[MEUR],09_00_11_00,D,average,100,380.0,0.53,9,0,11,0
Municipality_Costs_[MEUR],09_00_11_00,D&G,average,20,30.0,0.07,9,0,11,0
Municipality_Costs_[MEUR],09_00_11_00,D&G,average,60,170.0,0.3,9,0,11,0
Municipality_Costs_[MEUR],09_00_11_00,D&G,average,100,380.0,0.52,9,0,11,0
Municipality_Costs_[MEUR],09_00_11_00,D&G&Wp,average,20,30.0,0.07,9,0,11,0
Municipality_Costs_[MEUR],09_00_11_00,D&G&Wp,average,60,180.0,0.31,9,0,11,0
Municipality_Costs_[MEUR],09_00_11_00,D&G&Wp,average,100,370.0,0.51,9,0,11,0
Municipality_Costs_[MEUR],09_00_11_00,D&Wp,average,20,30.0,0.07,9,0,11,0
Municipality_Costs_[MEUR],09_00_11_00,D&Wp,average,60,180.0,0.32,9,0,11,0
Municipality_Costs_[MEUR],09_00_11_00,D&Wp,average,100,370.0,0.51,9,0,11,0
Municipality_Costs_[MEUR],09_00_11_00,G,average,20,30.0,0.07,9,0,11,0
Municipality_Costs_[MEUR],09_00_11_00,G,average,60,170.0,0.3,9,0,11,0
Municipality_Costs_[MEUR],09_00_11_00,G,average,100,370.0,0.51,9,0,11,0
Municipality_Costs_[MEUR],09_00_11_00,G&Wp,average,20,30.0,0.07,9,0,11,0
Municipality_Costs_[MEUR],09_00_11_00,G&Wp,average,60,180.0,0.31,9,0,11,0
Municipality_Costs_[MEUR],09_00_11_00,G&Wp,average,100,370.0,0.5,9,0,11,0
Municipality_Costs_[MEUR],09_00_11_00,Wp,average,20,30.0,0.07,9,0,11,0
Municipality_Costs_[MEUR],09_00_11_00,Wp,average,60,190.0,0.33,9,0,11,0
Municipality_Costs_[MEUR],09_00_11_00,Wp,average,100,360.0,0.5,9,0,11,0
Municipality_Costs_[MEUR],09_00_13_00,D,average,20,110.0,0.31,9,0,13,0
Municipality_Costs_[MEUR],09_00_13_00,D,average,60,250.0,0.44,9,0,13,0
Municipality_Costs_[MEUR],09_00_13_00,D,average,100,460.0,0.63,9,0,13,0
Municipality_Costs_[MEUR],09_00_13_00,D&G,average,20,110.0,0.31,9,0,13,0
Municipality_Costs_[MEUR],09_00_13_00,D&G,average,60,270.0,0.47,9,0,13,0
Municipality_Costs_[MEUR],09_00_13_00,D&G,average,100,480.0,0.66,9,0,13,0
Municipality_Costs_[MEUR],09_00_13_00,D&G&Wp,average,20,100.0,0.29,9,0,13,0
Municipality_Costs_[MEUR],09_00_13_00,D&G&Wp,average,60,290.0,0.51,9,0,13,0
Municipality_Costs_[MEUR],09_00_13_00,D&G&Wp,average,100,490.0,0.68,9,0,13,0
Municipality_Costs_[MEUR],09_00_13_00,D&Wp,average,20,100.0,0.28,9,0,13,0
Municipality_Costs_[MEUR],09_00_13_00,D&Wp,average,60,290.0,0.51,9,0,13,0
Municipality_Costs_[MEUR],09_00_13_00,D&Wp,average,100,490.0,0.68,9,0,13,0
Municipality_Costs_[MEUR],09_00_13_00,G,average,20,110.0,0.31,9,0,13,0
Municipality_Costs_[MEUR],09_00_13_00,G,average,60,280.0,0.51,9,0,13,0
Municipality_Costs_[MEUR],09_00_13_00,G,average,100,500.0,0.68,9,0,13,0
Municipality_Costs_[MEUR],09_00_13_00,G&Wp,average,20,100.0,0.28,9,0,13,0
Municipality_Costs_[MEUR],09_00_13_00,G&Wp,average,60,310.0,0.55,9,0,13,0
Municipality_Costs_[MEUR],09_00_13_00,G&Wp,average,100,510.0,0.7,9,0,13,0
Municipality_Costs_[MEUR],09_00_13_00,Wp,average,20,80.0,0.24,9,0,13,0
Municipality_Costs_[MEUR],09_00_13_00,Wp,average,60,330.0,0.58,9,0,13,0
Municipality_Costs_[MEUR],09_00_13_00,Wp,average,100,520.0,0.72,9,0,13,0
Municipality_Costs_[MEUR],11_00_00_00,D,average,20,0.0,0.0,11,0,0,0
Municipality_Costs_[MEUR],11_00_00_00,D,average,60,0.0,0.0,11,0,0,0
Municipality_Costs_[MEUR],11_00_00_00,D,average,100,0.0,0.0,11,0,0,0
Municipality_Costs_[MEUR],11_00_00_00,D&G,average,20,0.0,0.0,11,0,0,0
Municipality_Costs_[MEUR],11_00_00_00,D&G,average,60,0.0,0.0,11,0,0,0
Municipality_Costs_[MEUR],11_00_00_00,D&G,average,100,0.0,0.0,11,0,0,0
Municipality_Costs_[MEUR],11_00_00_00,D&G&Wp,average,20,0.0,0.0,11,0,0,0
Municipality_Costs_[MEUR],11_00_00_00,D&G&Wp,average,60,0.0,0.0,11,0,0,0
Municipality_Costs_[MEUR],11_00_00_00,D&G&Wp,average,100,0.0,0.0,11,0,0,0
Municipality_Costs_[MEUR],11_00_00_00,D&Wp,average,20,0.0,0.0,11,0,0,0
Municipality_Costs_[MEUR],11_00_00_00,D&Wp,average,60,0.0,0.0,11,0,0,0
Municipality_Costs_[MEUR],11_00_00_00,D&Wp,average,100,0.0,0.0,11,0,0,0
Municipality_Costs_[MEUR],11_00_00_00,G,average,20,0.0,0.0,11,0,0,0
Municipality_Costs_[MEUR],11_00_00_00,G,average,60,0.0,0.0,11,0,0,0
Municipality_Costs_[MEUR],11_00_00_00,G,average,100,0.0,0.0,11,0,0,0
Municipality_Costs_[MEUR],11_00_00_00,G&Wp,average,20,0.0,0.0,11,0,0,0
Municipality_Costs_[MEUR],11_00_00_00,G&Wp,average,60,0.0,0.0,11,0,0,0
Municipality_Costs_[MEUR],11_00_00_00,G&Wp,average,100,0.0,0.0,11,0,0,0
Municipality_Costs_[MEUR],11_00_00_00,Wp,average,20,0.0,0.0,11,0,0,0
Municipality_Costs_[MEUR],11_00_00_00,Wp,average,60,0.0,0.0,11,0,0,0
Municipality_Costs_[MEUR],11_00_00_00,Wp,average,100,0.0,0.0,11,0,0,0
Municipality_Costs_[MEUR],11_00_01_00,D,average,20,30.0,0.07,11,0,1,0
Municipality_Costs_[MEUR],11_00_01_00,D,average,60,120.0,0.22,11,0,1,0
Municipality_Costs_[MEUR],11_00_01_00,D,average,100,240.0,0.33,11,0,1,0
Municipality_Costs_[MEUR],11_00_01_00,D&G,average,20,30.0,0.07,11,0,1,0
Municipality_Costs_[MEUR],11_00_01_00,D&G,average,60,130.0,0.23,11,0,1,0
Municipality_Costs_[MEUR],11_00_01_00,D&G,average,100,240.0,0.33,11,0,1,0
Municipality_Costs_[MEUR],11_00_01_00,D&G&Wp,average,20,30.0,0.07,11,0,1,0
Municipality_Costs_[MEUR],11_00_01_00,D&G&Wp,average,60,140.0,0.24,11,0,1,0
Municipality_Costs_[MEUR],11_00_01_00,D&G&Wp,average,100,240.0,0.33,11,0,1,0
Municipality_Costs_[MEUR],11_00_01_00,D&Wp,average,20,30.0,0.07,11,0,1,0
Municipality_Costs_[MEUR],11_00_01_00,D&Wp,average,60,140.0,0.25,11,0,1,0
Municipality_Costs_[MEUR],11_00_01_00,D&Wp,average,100,240.0,0.33,11,0,1,0
Municipality_Costs_[MEUR],11_00_01_00,G,average,20,30.0,0.07,11,0,1,0
Municipality_Costs_[MEUR],11_00_01_00,G,average,60,130.0,0.24,11,0,1,0
Municipality_Costs_[MEUR],11_00_01_00,G,average,100,240.0,0.33,11,0,1,0
Municipality_Costs_[MEUR],11_00_01_00,G&Wp,average,20,30.0,0.07,11,0,1,0
Municipality_Costs_[MEUR],11_00_01_00,G&Wp,average,60,150.0,0.26,11,0,1,0
Municipality_Costs_[MEUR],11_00_01_00,G&Wp,average,100,240.0,0.33,11,0,1,0
Municipality_Costs_[MEUR],11_00_01_00,Wp,average,20,30.0,0.07,11,0,1,0
Municipality_Costs_[MEUR],11_00_01_00,Wp,average,60,160.0,0.28,11,0,1,0
Municipality_Costs_[MEUR],11_00_01_00,Wp,average,100,240.0,0.33,11,0,1,0
Municipality_Costs_[MEUR],11_00_03_00,D,average,20,30.0,0.08,11,0,3,0
Municipality_Costs_[MEUR],11_00_03_00,D,average,60,120.0,0.21,11,0,3,0
Municipality_Costs_[MEUR],11_00_03_00,D,average,100,230.0,0.32,11,0,3,0
Municipality_Costs_[MEUR],11_00_03_00,D&G,average,20,30.0,0.08,11,0,3,0
Municipality_Costs_[MEUR],11_00_03_00,D&G,average,60,130.0,0.22,11,0,3,0
Municipality_Costs_[MEUR],11_00_03_00,D&G,average,100,230.0,0.32,11,0,3,0
Municipality_Costs_[MEUR],11_00_03_00,D&G&Wp,average,20,30.0,0.08,11,0,3,0
Municipality_Costs_[MEUR],11_00_03_00,D&G&Wp,average,60,140.0,0.24,11,0,3,0
Municipality_Costs_[MEUR],11_00_03_00,D&G&Wp,average,100,230.0,0.32,11,0,3,0
Municipality_Costs_[MEUR],11_00_03_00,D&Wp,average,20,30.0,0.08,11,0,3,0
Municipality_Costs_[MEUR],11_00_03_00,D&Wp,average,60,140.0,0.24,11,0,3,0
Municipality_Costs_[MEUR],11_00_03_00,D&Wp,average,100,230.0,0.32,11,0,3,0
Municipality_Costs_[MEUR],11_00_03_00,G,average,20,30.0,0.08,11,0,3,0
Municipality_Costs_[MEUR],11_00_03_00,G,average,60,130.0,0.23,11,0,3,0
Municipality_Costs_[MEUR],11_00_03_00,G,average,100,230.0,0.32,11,0,3,0
Municipality_Costs_[MEUR],11_00_03_00,G&Wp,average,20,30.0,0.08,11,0,3,0
Municipality_Costs_[MEUR],11_00_03_00,G&Wp,average,60,140.0,0.25,11,0,3,0
Municipality_Costs_[MEUR],11_00_03_00,G&Wp,average,100,230.0,0.32,11,0,3,0
Municipality_Costs_[MEUR],11_00_03_00,Wp,average,20,30.0,0.08,11,0,3,0
Municipality_Costs_[MEUR],11_00_03_00,Wp,average,60,150.0,0.27,11,0,3,0
Municipality_Costs_[MEUR],11_00_03_00,Wp,average,100,230.0,0.32,11,0,3,0
Municipality_Costs_[MEUR],11_00_05_00,D,average,20,60.0,0.17,11,0,5,0
Municipality_Costs_[MEUR],11_00_05_00,D,average,60,150.0,0.26,11,0,5,0
Municipality_Costs_[MEUR],11_00_05_00,D,average,100,160.0,0.21,11,0,5,0
Municipality_Costs_[MEUR],11_00_05_00,D&G,average,20,60.0,0.17,11,0,5,0
Municipality_Costs_[MEUR],11_00_05_00,D&G,average,60,150.0,0.26,11,0,5,0
Municipality_Costs_[MEUR],11_00_05_00,D&G,average,100,160.0,0.21,11,0,5,0
Municipality_Costs_[MEUR],11_00_05_00,D&G&Wp,average,20,60.0,0.17,11,0,5,0
Municipality_Costs_[MEUR],11_00_05_00,D&G&Wp,average,60,150.0,0.26,11,0,5,0
Municipality_Costs_[MEUR],11_00_05_00,D&G&Wp,average,100,160.0,0.21,11,0,5,0
Municipality_Costs_[MEUR],11_00_05_00,D&Wp,average,20,60.0,0.17,11,0,5,0
Municipality_Costs_[MEUR],11_00_05_00,D&Wp,average,60,150.0,0.26,11,0,5,0
Municipality_Costs_[MEUR],11_00_05_00,D&Wp,average,100,160.0,0.21,11,0,5,0
Municipality_Costs_[MEUR],11_00_05_00,G,average,20,60.0,0.17,11,0,5,0
Municipality_Costs_[MEUR],11_00_05_00,G,average,60,150.0,0.26,11,0,5,0
Municipality_Costs_[MEUR],11_00_05_00,G,average,100,160.0,0.21,11,0,5,0
Municipality_Costs_[MEUR],11_00_05_00,G&Wp,average,20,60.0,0.17,11,0,5,0
Municipality_Costs_[MEUR],11_00_05_00,G&Wp,average,60,150.0,0.26,11,0,5,0
Municipality_Costs_[MEUR],11_00_05_00,G&Wp,average,100,160.0,0.21,11,0,5,0
Municipality_Costs_[MEUR],11_00_05_00,Wp,average,20,60.0,0.17,11,0,5,0
Municipality_Costs_[MEUR],11_00_05_00,Wp,average,60,150.0,0.26,11,0,5,0
Municipality_Costs_[MEUR],11_00_05_00,Wp,average,100,160.0,0.21,11,0,5,0
Municipality_Costs_[MEUR],11_00_07_00,D,average,20,150.0,0.44,11,0,7,0
Municipality_Costs_[MEUR],11_00_07_00,D,average,60,360.0,0.65,11,0,7,0
Municipality_Costs_[MEUR],11_00_07_00,D,average,100,390.0,0.53,11,0,7,0
Municipality_Costs_[MEUR],11_00_07_00,D&G,average,20,150.0,0.44,11,0,7,0
Municipality_Costs_[MEUR],11_00_07_00,D&G,average,60,360.0,0.65,11,0,7,0
Municipality_Costs_[MEUR],11_00_07_00,D&G,average,100,390.0,0.53,11,0,7,0
Municipality_Costs_[MEUR],11_00_07_00,D&G&Wp,average,20,150.0,0.44,11,0,7,0
Municipality_Costs_[MEUR],11_00_07_00,D&G&Wp,average,60,360.0,0.65,11,0,7,0
Municipality_Costs_[MEUR],11_00_07_00,D&G&Wp,average,100,390.0,0.53,11,0,7,0
Municipality_Costs_[MEUR],11_00_07_00,D&Wp,average,20,150.0,0.44,11,0,7,0
Municipality_Costs_[MEUR],11_00_07_00,D&Wp,average,60,360.0,0.65,11,0,7,0
Municipality_Costs_[MEUR],11_00_07_00,D&Wp,average,100,390.0,0.53,11,0,7,0
Municipality_Costs_[MEUR],11_00_07_00,G,average,20,150.0,0.44,11,0,7,0
Municipality_Costs_[MEUR],11_00_07_00,G,average,60,360.0,0.65,11,0,7,0
Municipality_Costs_[MEUR],11_00_07_00,G,average,100,390.0,0.53,11,0,7,0
Municipality_Costs_[MEUR],11_00_07_00,G&Wp,average,20,150.0,0.44,11,0,7,0
Municipality_Costs_[MEUR],11_00_07_00,G&Wp,average,60,360.0,0.65,11,0,7,0
Municipality_Costs_[MEUR],11_00_07_00,G&Wp,average,100,390.0,0.53,11,0,7,0
Municipality_Costs_[MEUR],11_00_07_00,Wp,average,20,150.0,0.44,11,0,7,0
Municipality_Costs_[MEUR],11_00_07_00,Wp,average,60,360.0,0.65,11,0,7,0
Municipality_Costs_[MEUR],11_00_07_00,Wp,average,100,390.0,0.53,11,0,7,0
Municipality_Costs_[MEUR],11_00_09_00,D,average,20,80.0,0.22,11,0,9,0
Municipality_Costs_[MEUR],11_00_09_00,D,average,60,160.0,0.28,11,0,9,0
Municipality_Costs_[MEUR],11_00_09_00,D,average,100,160.0,0.21,11,0,9,0
Municipality_Costs_[MEUR],11_00_09_00,D&G,average,20,80.0,0.22,11,0,9,0
Municipality_Costs_[MEUR],11_00_09_00,D&G,average,60,160.0,0.28,11,0,9,0
Municipality_Costs_[MEUR],11_00_09_00,D&G,average,100,160.0,0.21,11,0,9,0
Municipality_Costs_[MEUR],11_00_09_00,D&G&Wp,average,20,80.0,0.22,11,0,9,0
Municipality_Costs_[MEUR],11_00_09_00,D&G&Wp,average,60,160.0,0.28,11,0,9,0
Municipality_Costs_[MEUR],11_00_09_00,D&G&Wp,average,100,160.0,0.22,11,0,9,0
Municipality_Costs_[MEUR],11_00_09_00,D&Wp,average,20,80.0,0.22,11,0,9,0
Municipality_Costs_[MEUR],11_00_09_00,D&Wp,average,60,160.0,0.28,11,0,9,0
Municipality_Costs_[MEUR],11_00_09_00,D&Wp,average,100,160.0,0.22,11,0,9,0
Municipality_Costs_[MEUR],11_00_09_00,G,average,20,80.0,0.22,11,0,9,0
Municipality_Costs_[MEUR],11_00_09_00,G,average,60,160.0,0.28,11,0,9,0
Municipality_Costs_[MEUR],11_00_09_00,G,average,100,160.0,0.21,11,0,9,0
Municipality_Costs_[MEUR],11_00_09_00,G&Wp,average,20,80.0,0.22,11,0,9,0
Municipality_Costs_[MEUR],11_00_09_00,G&Wp,average,60,160.0,0.28,11,0,9,0
Municipality_Costs_[MEUR],11_00_09_00,G&Wp,average,100,160.0,0.22,11,0,9,0
Municipality_Costs_[MEUR],11_00_09_00,Wp,average,20,80.0,0.22,11,0,9,0
Municipality_Costs_[MEUR],11_00_09_00,Wp,average,60,160.0,0.28,11,0,9,0
Municipality_Costs_[MEUR],11_00_09_00,Wp,average,100,170.0,0.23,11,0,9,0
Municipality_Costs_[MEUR],11_00_11_00,D,average,20,30.0,0.07,11,0,11,0
Municipality_Costs_[MEUR],11_00_11_00,D,average,60,200.0,0.35,11,0,11,0
Municipality_Costs_[MEUR],11_00_11_00,D,average,100,450.0,0.61,11,0,11,0
Municipality_Costs_[MEUR],11_00_11_00,D&G,average,20,30.0,0.07,11,0,11,0
Municipality_Costs_[MEUR],11_00_11_00,D&G,average,60,200.0,0.35,11,0,11,0
Municipality_Costs_[MEUR],11_00_11_00,D&G,average,100,450.0,0.61,11,0,11,0
Municipality_Costs_[MEUR],11_00_11_00,D&G&Wp,average,20,30.0,0.07,11,0,11,0
Municipality_Costs_[MEUR],11_00_11_00,D&G&Wp,average,60,200.0,0.36,11,0,11,0
Municipality_Costs_[MEUR],11_00_11_00,D&G&Wp,average,100,440.0,0.6,11,0,11,0
Municipality_Costs_[MEUR],11_00_11_00,D&Wp,average,20,30.0,0.07,11,0,11,0
Municipality_Costs_[MEUR],11_00_11_00,D&Wp,average,60,200.0,0.36,11,0,11,0
Municipality_Costs_[MEUR],11_00_11_00,D&Wp,average,100,430.0,0.6,11,0,11,0
Municipality_Costs_[MEUR],11_00_11_00,G,average,20,30.0,0.07,11,0,11,0
Municipality_Costs_[MEUR],11_00_11_00,G,average,60,200.0,0.36,11,0,11,0
Municipality_Costs_[MEUR],11_00_11_00,G,average,100,450.0,0.61,11,0,11,0
Municipality_Costs_[MEUR],11_00_11_00,G&Wp,average,20,30.0,0.07,11,0,11,0
Municipality_Costs_[MEUR],11_00_11_00,G&Wp,average,60,210.0,0.36,11,0,11,0
Municipality_Costs_[MEUR],11_00_11_00,G&Wp,average,100,430.0,0.6,11,0,11,0
Municipality_Costs_[MEUR],11_00_11_00,Wp,average,20,30.0,0.07,11,0,11,0
Municipality_Costs_[MEUR],11_00_11_00,Wp,average,60,210.0,0.37,11,0,11,0
Municipality_Costs_[MEUR],11_00_11_00,Wp,average,100,420.0,0.58,11,0,11,0
Municipality_Costs_[MEUR],11_00_13_00,D,average,20,30.0,0.09,11,0,13,0
Municipality_Costs_[MEUR],11_00_13_00,D,average,60,270.0,0.49,11,0,13,0
Municipality_Costs_[MEUR],11_00_13_00,D,average,100,570.0,0.78,11,0,13,0
Municipality_Costs_[MEUR],11_00_13_00,D&G,average,20,30.0,0.09,11,0,13,0
Municipality_Costs_[MEUR],11_00_13_00,D&G,average,60,290.0,0.52,11,0,13,0
Municipality_Costs_[MEUR],11_00_13_00,D&G,average,100,580.0,0.8,11,0,13,0
Municipality_Costs_[MEUR],11_00_13_00,D&G&Wp,average,20,30.0,0.09,11,0,13,0
Municipality_Costs_[MEUR],11_00_13_00,D&G&Wp,average,60,310.0,0.55,11,0,13,0
Municipality_Costs_[MEUR],11_00_13_00,D&G&Wp,average,100,590.0,0.81,11,0,13,0
Municipality_Costs_[MEUR],11_00_13_00,D&Wp,average,20,30.0,0.09,11,0,13,0
Municipality_Costs_[MEUR],11_00_13_00,D&Wp,average,60,300.0,0.54,11,0,13,0
Municipality_Costs_[MEUR],11_00_13_00,D&Wp,average,100,580.0,0.8,11,0,13,0
Municipality_Costs_[MEUR],11_00_13_00,G,average,20,30.0,0.09,11,0,13,0
Municipality_Costs_[MEUR],11_00_13_00,G,average,60,310.0,0.55,11,0,13,0
Municipality_Costs_[MEUR],11_00_13_00,G,average,100,600.0,0.83,11,0,13,0
Municipality_Costs_[MEUR],11_00_13_00,G&Wp,average,20,30.0,0.09,11,0,13,0
Municipality_Costs_[MEUR],11_00_13_00,G&Wp,average,60,320.0,0.58,11,0,13,0
Municipality_Costs_[MEUR],11_00_13_00,G&Wp,average,100,600.0,0.82,11,0,13,0
Municipality_Costs_[MEUR],11_00_13_00,Wp,average,20,30.0,0.09,11,0,13,0
Municipality_Costs_[MEUR],11_00_13_00,Wp,average,60,340.0,0.6,11,0,13,0
Municipality_Costs_[MEUR],11_00_13_00,Wp,average,100,590.0,0.81,11,0,13,0
Municipality_Costs_[MEUR],13_00_00_00,D,average,20,0.0,0.0,13,0,0,0
Municipality_Costs_[MEUR],13_00_00_00,D,average,60,0.0,0.0,13,0,0,0
Municipality_Costs_[MEUR],13_00_00_00,D,average,100,0.0,0.0,13,0,0,0
Municipality_Costs_[MEUR],13_00_00_00,D&G,average,20,0.0,0.0,13,0,0,0
Municipality_Costs_[MEUR],13_00_00_00,D&G,average,60,0.0,0.0,13,0,0,0
Municipality_Costs_[MEUR],13_00_00_00,D&G,average,100,0.0,0.0,13,0,0,0
Municipality_Costs_[MEUR],13_00_00_00,D&G&Wp,average,20,0.0,0.0,13,0,0,0
Municipality_Costs_[MEUR],13_00_00_00,D&G&Wp,average,60,0.0,0.0,13,0,0,0
Municipality_Costs_[MEUR],13_00_00_00,D&G&Wp,average,100,0.0,0.0,13,0,0,0
Municipality_Costs_[MEUR],13_00_00_00,D&Wp,average,20,0.0,0.0,13,0,0,0
Municipality_Costs_[MEUR],13_00_00_00,D&Wp,average,60,0.0,0.0,13,0,0,0
Municipality_Costs_[MEUR],13_00_00_00,D&Wp,average,100,0.0,0.0,13,0,0,0
Municipality_Costs_[MEUR],13_00_00_00,G,average,20,0.0,0.0,13,0,0,0
Municipality_Costs_[MEUR],13_00_00_00,G,average,60,0.0,0.0,13,0,0,0
Municipality_Costs_[MEUR],13_00_00_00,G,average,100,0.0,0.0,13,0,0,0
Municipality_Costs_[MEUR],13_00_00_00,G&Wp,average,20,0.0,0.0,13,0,0,0
Municipality_Costs_[MEUR],13_00_00_00,G&Wp,average,60,0.0,0.0,13,0,0,0
Municipality_Costs_[MEUR],13_00_00_00,G&Wp,average,100,0.0,0.0,13,0,0,0
Municipality_Costs_[MEUR],13_00_00_00,Wp,average,20,0.0,0.0,13,0,0,0
Municipality_Costs_[MEUR],13_00_00_00,Wp,average,60,0.0,0.0,13,0,0,0
Municipality_Costs_[MEUR],13_00_00_00,Wp,average,100,0.0,0.0,13,0,0,0
Municipality_Costs_[MEUR],13_00_01_00,D,average,20,30.0,0.07,13,0,1,0
Municipality_Costs_[MEUR],13_00_01_00,D,average,60,110.0,0.19,13,0,1,0
Municipality_Costs_[MEUR],13_00_01_00,D,average,100,190.0,0.26,13,0,1,0
Municipality_Costs_[MEUR],13_00_01_00,D&G,average,20,30.0,0.07,13,0,1,0
Municipality_Costs_[MEUR],13_00_01_00,D&G,average,60,100.0,0.18,13,0,1,0
Municipality_Costs_[MEUR],13_00_01_00,D&G,average,100,180.0,0.24,13,0,1,0
Municipality_Costs_[MEUR],13_00_01_00,D&G&Wp,average,20,30.0,0.07,13,0,1,0
Municipality_Costs_[MEUR],13_00_01_00,D&G&Wp,average,60,100.0,0.18,13,0,1,0
Municipality_Costs_[MEUR],13_00_01_00,D&G&Wp,average,100,170.0,0.23,13,0,1,0
Municipality_Costs_[MEUR],13_00_01_00,D&Wp,average,20,30.0,0.07,13,0,1,0
Municipality_Costs_[MEUR],13_00_01_00,D&Wp,average,60,100.0,0.18,13,0,1,0
Municipality_Costs_[MEUR],13_00_01_00,D&Wp,average,100,180.0,0.24,13,0,1,0
Municipality_Costs_[MEUR],13_00_01_00,G,average,20,30.0,0.07,13,0,1,0
Municipality_Costs_[MEUR],13_00_01_00,G,average,60,100.0,0.17,13,0,1,0
Municipality_Costs_[MEUR],13_00_01_00,G,average,100,170.0,0.22,13,0,1,0
Municipality_Costs_[MEUR],13_00_01_00,G&Wp,average,20,30.0,0.07,13,0,1,0
Municipality_Costs_[MEUR],13_00_01_00,G&Wp,average,60,100.0,0.17,13,0,1,0
Municipality_Costs_[MEUR],13_00_01_00,G&Wp,average,100,160.0,0.22,13,0,1,0
Municipality_Costs_[MEUR],13_00_01_00,Wp,average,20,30.0,0.07,13,0,1,0
Municipality_Costs_[MEUR],13_00_01_00,Wp,average,60,100.0,0.17,13,0,1,0
Municipality_Costs_[MEUR],13_00_01_00,Wp,average,100,160.0,0.22,13,0,1,0
Municipality_Costs_[MEUR],13_00_03_00,D,average,20,30.0,0.08,13,0,3,0
Municipality_Costs_[MEUR],13_00_03_00,D,average,60,110.0,0.18,13,0,3,0
Municipality_Costs_[MEUR],13_00_03_00,D,average,100,190.0,0.25,13,0,3,0
Municipality_Costs_[MEUR],13_00_03_00,D&G,average,20,30.0,0.08,13,0,3,0
Municipality_Costs_[MEUR],13_00_03_00,D&G,average,60,100.0,0.17,13,0,3,0
Municipality_Costs_[MEUR],13_00_03_00,D&G,average,100,170.0,0.23,13,0,3,0
Municipality_Costs_[MEUR],13_00_03_00,D&G&Wp,average,20,30.0,0.08,13,0,3,0
Municipality_Costs_[MEUR],13_00_03_00,D&G&Wp,average,60,100.0,0.18,13,0,3,0
Municipality_Costs_[MEUR],13_00_03_00,D&G&Wp,average,100,170.0,0.23,13,0,3,0
Municipality_Costs_[MEUR],13_00_03_00,D&Wp,average,20,30.0,0.08,13,0,3,0
Municipality_Costs_[MEUR],13_00_03_00,D&Wp,average,60,100.0,0.18,13,0,3,0
Municipality_Costs_[MEUR],13_00_03_00,D&Wp,average,100,170.0,0.23,13,0,3,0
Municipality_Costs_[MEUR],13_00_03_00,G,average,20,30.0,0.08,13,0,3,0
Municipality_Costs_[MEUR],13_00_03_00,G,average,60,100.0,0.16,13,0,3,0
Municipality_Costs_[MEUR],13_00_03_00,G,average,100,160.0,0.22,13,0,3,0
Municipality_Costs_[MEUR],13_00_03_00,G&Wp,average,20,30.0,0.08,13,0,3,0
Municipality_Costs_[MEUR],13_00_03_00,G&Wp,average,60,100.0,0.17,13,0,3,0
Municipality_Costs_[MEUR],13_00_03_00,G&Wp,average,100,160.0,0.21,13,0,3,0
Municipality_Costs_[MEUR],13_00_03_00,Wp,average,20,30.0,0.08,13,0,3,0
Municipality_Costs_[MEUR],13_00_03_00,Wp,average,60,100.0,0.18,13,0,3,0
Municipality_Costs_[MEUR],13_00_03_00,Wp,average,100,160.0,0.21,13,0,3,0
Municipality_Costs_[MEUR],13_00_05_00,D,average,20,60.0,0.17,13,0,5,0
Municipality_Costs_[MEUR],13_00_05_00,D,average,60,140.0,0.24,13,0,5,0
Municipality_Costs_[MEUR],13_00_05_00,D,average,100,150.0,0.2,13,0,5,0
Municipality_Costs_[MEUR],13_00_05_00,D&G,average,20,60.0,0.17,13,0,5,0
Municipality_Costs_[MEUR],13_00_05_00,D&G,average,60,140.0,0.24,13,0,5,0
Municipality_Costs_[MEUR],13_00_05_00,D&G,average,100,150.0,0.2,13,0,5,0
Municipality_Costs_[MEUR],13_00_05_00,D&G&Wp,average,20,60.0,0.17,13,0,5,0
Municipality_Costs_[MEUR],13_00_05_00,D&G&Wp,average,60,140.0,0.24,13,0,5,0
Municipality_Costs_[MEUR],13_00_05_00,D&G&Wp,average,100,150.0,0.2,13,0,5,0
Municipality_Costs_[MEUR],13_00_05_00,D&Wp,average,20,60.0,0.17,13,0,5,0
Municipality_Costs_[MEUR],13_00_05_00,D&Wp,average,60,140.0,0.24,13,0,5,0
Municipality_Costs_[MEUR],13_00_05_00,D&Wp,average,100,150.0,0.2,13,0,5,0
Municipality_Costs_[MEUR],13_00_05_00,G,average,20,60.0,0.17,13,0,5,0
Municipality_Costs_[MEUR],13_00_05_00,G,average,60,140.0,0.24,13,0,5,0
Municipality_Costs_[MEUR],13_00_05_00,G,average,100,150.0,0.2,13,0,5,0
Municipality_Costs_[MEUR],13_00_05_00,G&Wp,average,20,60.0,0.17,13,0,5,0
Municipality_Costs_[MEUR],13_00_05_00,G&Wp,average,60,140.0,0.24,13,0,5,0
Municipality_Costs_[MEUR],13_00_05_00,G&Wp,average,100,150.0,0.2,13,0,5,0
Municipality_Costs_[MEUR],13_00_05_00,Wp,average,20,60.0,0.17,13,0,5,0
Municipality_Costs_[MEUR],13_00_05_00,Wp,average,60,140.0,0.24,13,0,5,0
Municipality_Costs_[MEUR],13_00_05_00,Wp,average,100,150.0,0.2,13,0,5,0
Municipality_Costs_[MEUR],13_00_07_00,D,average,20,150.0,0.44,13,0,7,0
Municipality_Costs_[MEUR],13_00_07_00,D,average,60,360.0,0.65,13,0,7,0
Municipality_Costs_[MEUR],13_00_07_00,D,average,100,390.0,0.53,13,0,7,0
Municipality_Costs_[MEUR],13_00_07_00,D&G,average,20,150.0,0.44,13,0,7,0
Municipality_Costs_[MEUR],13_00_07_00,D&G,average,60,360.0,0.65,13,0,7,0
Municipality_Costs_[MEUR],13_00_07_00,D&G,average,100,390.0,0.53,13,0,7,0
Municipality_Costs_[MEUR],13_00_07_00,D&G&Wp,average,20,150.0,0.44,13,0,7,0
Municipality_Costs_[MEUR],13_00_07_00,D&G&Wp,average,60,360.0,0.65,13,0,7,0
Municipality_Costs_[MEUR],13_00_07_00,D&G&Wp,average,100,390.0,0.53,13,0,7,0
Municipality_Costs_[MEUR],13_00_07_00,D&Wp,average,20,150.0,0.44,13,0,7,0
Municipality_Costs_[MEUR],13_00_07_00,D&Wp,average,60,360.0,0.65,13,0,7,0
Municipality_Costs_[MEUR],13_00_07_00,D&Wp,average,100,390.0,0.53,13,0,7,0
Municipality_Costs_[MEUR],13_00_07_00,G,average,20,150.0,0.44,13,0,7,0
Municipality_Costs_[MEUR],13_00_07_00,G,average,60,360.0,0.65,13,0,7,0
Municipality_Costs_[MEUR],13_00_07_00,G,average,100,390.0,0.53,13,0,7,0
Municipality_Costs_[MEUR],13_00_07_00,G&Wp,average,20,150.0,0.44,13,0,7,0
Municipality_Costs_[MEUR],13_00_07_00,G&Wp,average,60,360.0,0.65,13,0,7,0
Municipality_Costs_[MEUR],13_00_07_00,G&Wp,average,100,390.0,0.53,13,0,7,0
Municipality_Costs_[MEUR],13_00_07_00,Wp,average,20,150.0,0.44,13,0,7,0
Municipality_Costs_[MEUR],13_00_07_00,Wp,average,60,360.0,0.65,13,0,7,0
Municipality_Costs_[MEUR],13_00_07_00,Wp,average,100,390.0,0.53,13,0,7,0
Municipality_Costs_[MEUR],13_00_09_00,D,average,20,80.0,0.22,13,0,9,0
Municipality_Costs_[MEUR],13_00_09_00,D,average,60,160.0,0.28,13,0,9,0
Municipality_Costs_[MEUR],13_00_09_00,D,average,100,160.0,0.21,13,0,9,0
Municipality_Costs_[MEUR],13_00_09_00,D&G,average,20,80.0,0.22,13,0,9,0
Municipality_Costs_[MEUR],13_00_09_00,D&G,average,60,160.0,0.28,13,0,9,0
Municipality_Costs_[MEUR],13_00_09_00,D&G,average,100,160.0,0.21,13,0,9,0
Municipality_Costs_[MEUR],13_00_09_00,D&G&Wp,average,20,80.0,0.22,13,0,9,0
Municipality_Costs_[MEUR],13_00_09_00,D&G&Wp,average,60,160.0,0.28,13,0,9,0
Municipality_Costs_[MEUR],13_00_09_00,D&G&Wp,average,100,160.0,0.22,13,0,9,0
Municipality_Costs_[MEUR],13_00_09_00,D&Wp,average,20,80.0,0.22,13,0,9,0
Municipality_Costs_[MEUR],13_00_09_00,D&Wp,average,60,160.0,0.28,13,0,9,0
Municipality_Costs_[MEUR],13_00_09_00,D&Wp,average,100,160.0,0.22,13,0,9,0
Municipality_Costs_[MEUR],13_00_09_00,G,average,20,80.0,0.22,13,0,9,0
Municipality_Costs_[MEUR],13_00_09_00,G,average,60,160.0,0.28,13,0,9,0
Municipality_Costs_[MEUR],13_00_09_00,G,average,100,160.0,0.21,13,0,9,0
Municipality_Costs_[MEUR],13_00_09_00,G&Wp,average,20,80.0,0.22,13,0,9,0
Municipality_Costs_[MEUR],13_00_09_00,G&Wp,average,60,160.0,0.28,13,0,9,0
Municipality_Costs_[MEUR],13_00_09_00,G&Wp,average,100,160.0,0.22,13,0,9,0
Municipality_Costs_[MEUR],13_00_09_00,Wp,average,20,80.0,0.22,13,0,9,0
Municipality_Costs_[MEUR],13_00_09_00,Wp,average,60,160.0,0.28,13,0,9,0
Municipality_Costs_[MEUR],13_00_09_00,Wp,average,100,170.0,0.23,13,0,9,0
Municipality_Costs_[MEUR],13_00_11_00,D,average,20,30.0,0.07,13,0,11,0
Municipality_Costs_[MEUR],13_00_11_00,D,average,60,190.0,0.34,13,0,11,0
Municipality_Costs_[MEUR],13_00_11_00,D,average,100,400.0,0.55,13,0,11,0
Municipality_Costs_[MEUR],13_00_11_00,D&G,average,20,30.0,0.07,13,0,11,0
Municipality_Costs_[MEUR],13_00_11_00,D&G,average,60,180.0,0.31,13,0,11,0
Municipality_Costs_[MEUR],13_00_11_00,D&G,average,100,390.0,0.53,13,0,11,0
Municipality_Costs_[MEUR],13_00_11_00,D&G&Wp,average,20,30.0,0.07,13,0,11,0
Municipality_Costs_[MEUR],13_00_11_00,D&G&Wp,average,60,180.0,0.31,13,0,11,0
Municipality_Costs_[MEUR],13_00_11_00,D&G&Wp,average,100,380.0,0.51,13,0,11,0
Municipality_Costs_[MEUR],13_00_11_00,D&Wp,average,20,30.0,0.07,13,0,11,0
Municipality_Costs_[MEUR],13_00_11_00,D&Wp,average,60,180.0,0.32,13,0,11,0
Municipality_Costs_[MEUR],13_00_11_00,D&Wp,average,100,380.0,0.51,13,0,11,0
Municipality_Costs_[MEUR],13_00_11_00,G,average,20,30.0,0.07,13,0,11,0
Municipality_Costs_[MEUR],13_00_11_00,G,average,60,160.0,0.29,13,0,11,0
Municipality_Costs_[MEUR],13_00_11_00,G,average,100,380.0,0.52,13,0,11,0
Municipality_Costs_[MEUR],13_00_11_00,G&Wp,average,20,30.0,0.07,13,0,11,0
Municipality_Costs_[MEUR],13_00_11_00,G&Wp,average,60,170.0,0.3,13,0,11,0
Municipality_Costs_[MEUR],13_00_11_00,G&Wp,average,100,360.0,0.5,13,0,11,0
Municipality_Costs_[MEUR],13_00_11_00,Wp,average,20,30.0,0.07,13,0,11,0
Municipality_Costs_[MEUR],13_00_11_00,Wp,average,60,170.0,0.31,13,0,11,0
Municipality_Costs_[MEUR],13_00_11_00,Wp,average,100,350.0,0.48,13,0,11,0
Municipality_Costs_[MEUR],13_00_13_00,D,average,20,30.0,0.09,13,0,13,0
Municipality_Costs_[MEUR],13_00_13_00,D,average,60,230.0,0.41,13,0,13,0
Municipality_Costs_[MEUR],13_00_13_00,D,average,100,500.0,0.69,13,0,13,0
Municipality_Costs_[MEUR],13_00_13_00,D&G,average,20,30.0,0.09,13,0,13,0
Municipality_Costs_[MEUR],13_00_13_00,D&G,average,60,210.0,0.37,13,0,13,0
Municipality_Costs_[MEUR],13_00_13_00,D&G,average,100,470.0,0.64,13,0,13,0
Municipality_Costs_[MEUR],13_00_13_00,D&G&Wp,average,20,30.0,0.09,13,0,13,0
Municipality_Costs_[MEUR],13_00_13_00,D&G&Wp,average,60,210.0,0.37,13,0,13,0
Municipality_Costs_[MEUR],13_00_13_00,D&G&Wp,average,100,440.0,0.61,13,0,13,0
Municipality_Costs_[MEUR],13_00_13_00,D&Wp,average,20,30.0,0.09,13,0,13,0
Municipality_Costs_[MEUR],13_00_13_00,D&Wp,average,60,220.0,0.38,13,0,13,0
Municipality_Costs_[MEUR],13_00_13_00,D&Wp,average,100,440.0,0.61,13,0,13,0
Municipality_Costs_[MEUR],13_00_13_00,G,average,20,30.0,0.09,13,0,13,0
Municipality_Costs_[MEUR],13_00_13_00,G,average,60,190.0,0.34,13,0,13,0
Municipality_Costs_[MEUR],13_00_13_00,G,average,100,440.0,0.6,13,0,13,0
Municipality_Costs_[MEUR],13_00_13_00,G&Wp,average,20,30.0,0.09,13,0,13,0
Municipality_Costs_[MEUR],13_00_13_00,G&Wp,average,60,200.0,0.35,13,0,13,0
Municipality_Costs_[MEUR],13_00_13_00,G&Wp,average,100,410.0,0.57,13,0,13,0
Municipality_Costs_[MEUR],13_00_13_00,Wp,average,20,30.0,0.09,13,0,13,0
Municipality_Costs_[MEUR],13_00_13_00,Wp,average,60,200.0,0.36,13,0,13,0
Municipality_Costs_[MEUR],13_00_13_00,Wp,average,100,390.0,0.53,13,0,13,0
Impacted_Buildings_[#],00_00_00_00,D,average,20,680.0,1.0,0,0,0,0
Impacted_Buildings_[#],00_00_00_00,D,average,60,2370.0,1.0,0,0,0,0
Impacted_Buildings_[#],00_00_00_00,D,average,100,3930.0,1.0,0,0,0,0
Impacted_Buildings_[#],00_00_00_00,D&G,average,20,740.0,1.0,0,0,0,0
Impacted_Buildings_[#],00_00_00_00,D&G,average,60,2710.0,1.0,0,0,0,0
Impacted_Buildings_[#],00_00_00_00,D&G,average,100,4860.0,1.0,0,0,0,0
Impacted_Buildings_[#],00_00_00_00,D&G&Wp,average,20,790.0,1.0,0,0,0,0
Impacted_Buildings_[#],00_00_00_00,D&G&Wp,average,60,3280.0,1.0,0,0,0,0
Impacted_Buildings_[#],00_00_00_00,D&G&Wp,average,100,6680.0,1.0,0,0,0,0
Impacted_Buildings_[#],00_00_00_00,D&Wp,average,20,780.0,1.0,0,0,0,0
Impacted_Buildings_[#],00_00_00_00,D&Wp,average,60,3400.0,1.0,0,0,0,0
Impacted_Buildings_[#],00_00_00_00,D&Wp,average,100,7120.0,1.0,0,0,0,0
Impacted_Buildings_[#],00_00_00_00,G,average,20,800.0,1.0,0,0,0,0
Impacted_Buildings_[#],00_00_00_00,G,average,60,3060.0,1.0,0,0,0,0
Impacted_Buildings_[#],00_00_00_00,G,average,100,5800.0,1.0,0,0,0,0
Impacted_Buildings_[#],00_00_00_00,G&Wp,average,20,840.0,1.0,0,0,0,0
Impacted_Buildings_[#],00_00_00_00,G&Wp,average,60,3740.0,1.0,0,0,0,0
Impacted_Buildings_[#],00_00_00_00,G&Wp,average,100,8050.0,1.0,0,0,0,0
Impacted_Buildings_[#],00_00_00_00,Wp,average,20,880.0,1.0,0,0,0,0
Impacted_Buildings_[#],00_00_00_00,Wp,average,60,4420.0,1.0,0,0,0,0
Impacted_Buildings_[#],00_00_00_00,Wp,average,100,10310.0,1.0,0,0,0,0
Impacted_Buildings_[#],00_00_01_00,D,average,20,660.0,0.97,0,0,1,0
Impacted_Buildings_[#],00_00_01_00,D,average,60,1960.0,0.83,0,0,1,0
Impacted_Buildings_[#],00_00_01_00,D,average,100,2320.0,0.59,0,0,1,0
Impacted_Buildings_[#],00_00_01_00,D&G,average,20,720.0,0.97,0,0,1,0
Impacted_Buildings_[#],00_00_01_00,D&G,average,60,2200.0,0.81,0,0,1,0
Impacted_Buildings_[#],00_00_01_00,D&G,average,100,2580.0,0.53,0,0,1,0
Impacted_Buildings_[#],00_00_01_00,D&G&Wp,average,20,760.0,0.97,0,0,1,0
Impacted_Buildings_[#],00_00_01_00,D&G&Wp,average,60,2600.0,0.79,0,0,1,0
Impacted_Buildings_[#],00_00_01_00,D&G&Wp,average,100,2890.0,0.43,0,0,1,0
Impacted_Buildings_[#],00_00_01_00,D&Wp,average,20,760.0,0.97,0,0,1,0
Impacted_Buildings_[#],00_00_01_00,D&Wp,average,60,2680.0,0.79,0,0,1,0
Impacted_Buildings_[#],00_00_01_00,D&Wp,average,100,2920.0,0.41,0,0,1,0
Impacted_Buildings_[#],00_00_01_00,G,average,20,780.0,0.97,0,0,1,0
Impacted_Buildings_[#],00_00_01_00,G,average,60,2450.0,0.8,0,0,1,0
Impacted_Buildings_[#],00_00_01_00,G,average,100,2840.0,0.49,0,0,1,0
Impacted_Buildings_[#],00_00_01_00,G&Wp,average,20,820.0,0.97,0,0,1,0
Impacted_Buildings_[#],00_00_01_00,G&Wp,average,60,2920.0,0.78,0,0,1,0
Impacted_Buildings_[#],00_00_01_00,G&Wp,average,100,3180.0,0.39,0,0,1,0
Impacted_Buildings_[#],00_00_01_00,Wp,average,20,860.0,0.97,0,0,1,0
Impacted_Buildings_[#],00_00_01_00,Wp,average,60,3390.0,0.77,0,0,1,0
Impacted_Buildings_[#],00_00_01_00,Wp,average,100,3520.0,0.34,0,0,1,0
Impacted_Buildings_[#],00_00_03_00,D,average,20,630.0,0.93,0,0,3,0
Impacted_Buildings_[#],00_00_03_00,D,average,60,1920.0,0.81,0,0,3,0
Impacted_Buildings_[#],00_00_03_00,D,average,100,2270.0,0.58,0,0,3,0
Impacted_Buildings_[#],00_00_03_00,D&G,average,20,680.0,0.93,0,0,3,0
Impacted_Buildings_[#],00_00_03_00,D&G,average,60,2150.0,0.79,0,0,3,0
Impacted_Buildings_[#],00_00_03_00,D&G,average,100,2520.0,0.52,0,0,3,0
Impacted_Buildings_[#],00_00_03_00,D&G&Wp,average,20,730.0,0.93,0,0,3,0
Impacted_Buildings_[#],00_00_03_00,D&G&Wp,average,60,2540.0,0.77,0,0,3,0
Impacted_Buildings_[#],00_00_03_00,D&G&Wp,average,100,2830.0,0.42,0,0,3,0
Impacted_Buildings_[#],00_00_03_00,D&Wp,average,20,720.0,0.92,0,0,3,0
Impacted_Buildings_[#],00_00_03_00,D&Wp,average,60,2620.0,0.77,0,0,3,0
Impacted_Buildings_[#],00_00_03_00,D&Wp,average,100,2860.0,0.4,0,0,3,0
Impacted_Buildings_[#],00_00_03_00,G,average,20,740.0,0.93,0,0,3,0
Impacted_Buildings_[#],00_00_03_00,G,average,60,2390.0,0.78,0,0,3,0
Impacted_Buildings_[#],00_00_03_00,G,average,100,2770.0,0.48,0,0,3,0
Impacted_Buildings_[#],00_00_03_00,G&Wp,average,20,780.0,0.92,0,0,3,0
Impacted_Buildings_[#],00_00_03_00,G&Wp,average,60,2850.0,0.76,0,0,3,0
Impacted_Buildings_[#],00_00_03_00,G&Wp,average,100,3110.0,0.39,0,0,3,0
Impacted_Buildings_[#],00_00_03_00,Wp,average,20,810.0,0.92,0,0,3,0
Impacted_Buildings_[#],00_00_03_00,Wp,average,60,3320.0,0.75,0,0,3,0
Impacted_Buildings_[#],00_00_03_00,Wp,average,100,3440.0,0.33,0,0,3,0
Impacted_Buildings_[#],00_00_05_00,D,average,20,200.0,0.29,0,0,5,0
Impacted_Buildings_[#],00_00_05_00,D,average,60,700.0,0.29,0,0,5,0
Impacted_Buildings_[#],00_00_05_00,D,average,100,740.0,0.19,0,0,5,0
Impacted_Buildings_[#],00_00_05_00,D&G,average,20,210.0,0.28,0,0,5,0
Impacted_Buildings_[#],00_00_05_00,D&G,average,60,760.0,0.28,0,0,5,0
Impacted_Buildings_[#],00_00_05_00,D&G,average,100,800.0,0.16,0,0,5,0
Impacted_Buildings_[#],00_00_05_00,D&G&Wp,average,20,220.0,0.27,0,0,5,0
Impacted_Buildings_[#],00_00_05_00,D&G&Wp,average,60,840.0,0.25,0,0,5,0
Impacted_Buildings_[#],00_00_05_00,D&G&Wp,average,100,880.0,0.13,0,0,5,0
Impacted_Buildings_[#],00_00_05_00,D&Wp,average,20,210.0,0.27,0,0,5,0
Impacted_Buildings_[#],00_00_05_00,D&Wp,average,60,850.0,0.25,0,0,5,0
Impacted_Buildings_[#],00_00_05_00,D&Wp,average,100,890.0,0.12,0,0,5,0
Impacted_Buildings_[#],00_00_05_00,G,average,20,230.0,0.28,0,0,5,0
Impacted_Buildings_[#],00_00_05_00,G,average,60,820.0,0.27,0,0,5,0
Impacted_Buildings_[#],00_00_05_00,G,average,100,860.0,0.15,0,0,5,0
Impacted_Buildings_[#],00_00_05_00,G&Wp,average,20,230.0,0.26,0,0,5,0
Impacted_Buildings_[#],00_00_05_00,G&Wp,average,60,900.0,0.24,0,0,5,0
Impacted_Buildings_[#],00_00_05_00,G&Wp,average,100,950.0,0.12,0,0,5,0
Impacted_Buildings_[#],00_00_05_00,Wp,average,20,230.0,0.25,0,0,5,0
Impacted_Buildings_[#],00_00_05_00,Wp,average,60,990.0,0.22,0,0,5,0
Impacted_Buildings_[#],00_00_05_00,Wp,average,100,1030.0,0.1,0,0,5,0
Impacted_Buildings_[#],00_00_07_00,D,average,20,220.0,0.32,0,0,7,0
Impacted_Buildings_[#],00_00_07_00,D,average,60,930.0,0.39,0,0,7,0
Impacted_Buildings_[#],00_00_07_00,D,average,100,1030.0,0.26,0,0,7,0
Impacted_Buildings_[#],00_00_07_00,D&G,average,20,240.0,0.32,0,0,7,0
Impacted_Buildings_[#],00_00_07_00,D&G,average,60,990.0,0.36,0,0,7,0
Impacted_Buildings_[#],00_00_07_00,D&G,average,100,1060.0,0.22,0,0,7,0
Impacted_Buildings_[#],00_00_07_00,D&G&Wp,average,20,240.0,0.3,0,0,7,0
Impacted_Buildings_[#],00_00_07_00,D&G&Wp,average,60,1080.0,0.33,0,0,7,0
Impacted_Buildings_[#],00_00_07_00,D&G&Wp,average,100,1140.0,0.17,0,0,7,0
Impacted_Buildings_[#],00_00_07_00,D&Wp,average,20,240.0,0.3,0,0,7,0
Impacted_Buildings_[#],00_00_07_00,D&Wp,average,60,1090.0,0.32,0,0,7,0
Impacted_Buildings_[#],00_00_07_00,D&Wp,average,100,1160.0,0.16,0,0,7,0
Impacted_Buildings_[#],00_00_07_00,G,average,20,250.0,0.31,0,0,7,0
Impacted_Buildings_[#],00_00_07_00,G,average,60,1050.0,0.34,0,0,7,0
Impacted_Buildings_[#],00_00_07_00,G,average,100,1100.0,0.19,0,0,7,0
Impacted_Buildings_[#],00_00_07_00,G&Wp,average,20,250.0,0.29,0,0,7,0
Impacted_Buildings_[#],00_00_07_00,G&Wp,average,60,1150.0,0.31,0,0,7,0
Impacted_Buildings_[#],00_00_07_00,G&Wp,average,100,1200.0,0.15,0,0,7,0
Impacted_Buildings_[#],00_00_07_00,Wp,average,20,250.0,0.28,0,0,7,0
Impacted_Buildings_[#],00_00_07_00,Wp,average,60,1250.0,0.28,0,0,7,0
Impacted_Buildings_[#],00_00_07_00,Wp,average,100,1300.0,0.13,0,0,7,0
Impacted_Buildings_[#],00_00_09_00,D,average,20,200.0,0.29,0,0,9,0
Impacted_Buildings_[#],00_00_09_00,D,average,60,660.0,0.28,0,0,9,0
Impacted_Buildings_[#],00_00_09_00,D,average,100,660.0,0.17,0,0,9,0
Impacted_Buildings_[#],00_00_09_00,D&G,average,20,210.0,0.28,0,0,9,0
Impacted_Buildings_[#],00_00_09_00,D&G,average,60,710.0,0.26,0,0,9,0
Impacted_Buildings_[#],00_00_09_00,D&G,average,100,710.0,0.15,0,0,9,0
Impacted_Buildings_[#],00_00_09_00,D&G&Wp,average,20,220.0,0.27,0,0,9,0
Impacted_Buildings_[#],00_00_09_00,D&G&Wp,average,60,780.0,0.24,0,0,9,0
Impacted_Buildings_[#],00_00_09_00,D&G&Wp,average,100,800.0,0.12,0,0,9,0
Impacted_Buildings_[#],00_00_09_00,D&Wp,average,20,210.0,0.27,0,0,9,0
Impacted_Buildings_[#],00_00_09_00,D&Wp,average,60,790.0,0.23,0,0,9,0
Impacted_Buildings_[#],00_00_09_00,D&Wp,average,100,810.0,0.11,0,0,9,0
Impacted_Buildings_[#],00_00_09_00,G,average,20,230.0,0.28,0,0,9,0
Impacted_Buildings_[#],00_00_09_00,G,average,60,770.0,0.25,0,0,9,0
Impacted_Buildings_[#],00_00_09_00,G,average,100,770.0,0.13,0,0,9,0
Impacted_Buildings_[#],00_00_09_00,G&Wp,average,20,230.0,0.26,0,0,9,0
Impacted_Buildings_[#],00_00_09_00,G&Wp,average,60,850.0,0.23,0,0,9,0
Impacted_Buildings_[#],00_00_09_00,G&Wp,average,100,870.0,0.11,0,0,9,0
Impacted_Buildings_[#],00_00_09_00,Wp,average,20,230.0,0.25,0,0,9,0
Impacted_Buildings_[#],00_00_09_00,Wp,average,60,920.0,0.21,0,0,9,0
Impacted_Buildings_[#],00_00_09_00,Wp,average,100,960.0,0.09,0,0,9,0
Impacted_Buildings_[#],00_00_11_00,D,average,20,670.0,1.0,0,0,11,0
Impacted_Buildings_[#],00_00_11_00,D,average,60,2130.0,0.9,0,0,11,0
Impacted_Buildings_[#],00_00_11_00,D,average,100,3020.0,0.77,0,0,11,0
Impacted_Buildings_[#],00_00_11_00,D&G,average,20,740.0,1.0,0,0,11,0
Impacted_Buildings_[#],00_00_11_00,D&G,average,60,2400.0,0.88,0,0,11,0
Impacted_Buildings_[#],00_00_11_00,D&G,average,100,3290.0,0.68,0,0,11,0
Impacted_Buildings_[#],00_00_11_00,D&G&Wp,average,20,780.0,1.0,0,0,11,0
Impacted_Buildings_[#],00_00_11_00,D&G&Wp,average,60,2850.0,0.87,0,0,11,0
Impacted_Buildings_[#],00_00_11_00,D&G&Wp,average,100,3850.0,0.58,0,0,11,0
Impacted_Buildings_[#],00_00_11_00,D&Wp,average,20,780.0,1.0,0,0,11,0
Impacted_Buildings_[#],00_00_11_00,D&Wp,average,60,2950.0,0.87,0,0,11,0
Impacted_Buildings_[#],00_00_11_00,D&Wp,average,100,3990.0,0.56,0,0,11,0
Impacted_Buildings_[#],00_00_11_00,G,average,20,800.0,1.0,0,0,11,0
Impacted_Buildings_[#],00_00_11_00,G,average,60,2660.0,0.87,0,0,11,0
Impacted_Buildings_[#],00_00_11_00,G,average,100,3560.0,0.61,0,0,11,0
Impacted_Buildings_[#],00_00_11_00,G&Wp,average,20,840.0,1.0,0,0,11,0
Impacted_Buildings_[#],00_00_11_00,G&Wp,average,60,3220.0,0.86,0,0,11,0
Impacted_Buildings_[#],00_00_11_00,G&Wp,average,100,4260.0,0.53,0,0,11,0
Impacted_Buildings_[#],00_00_11_00,Wp,average,20,880.0,1.0,0,0,11,0
Impacted_Buildings_[#],00_00_11_00,Wp,average,60,3770.0,0.85,0,0,11,0
Impacted_Buildings_[#],00_00_11_00,Wp,average,100,4950.0,0.48,0,0,11,0
Impacted_Buildings_[#],00_00_13_00,D,average,20,630.0,0.93,0,0,13,0
Impacted_Buildings_[#],00_00_13_00,D,average,60,1930.0,0.81,0,0,13,0
Impacted_Buildings_[#],00_00_13_00,D,average,100,2560.0,0.65,0,0,13,0
Impacted_Buildings_[#],00_00_13_00,D&G,average,20,690.0,0.93,0,0,13,0
Impacted_Buildings_[#],00_00_13_00,D&G,average,60,2180.0,0.8,0,0,13,0
Impacted_Buildings_[#],00_00_13_00,D&G,average,100,2800.0,0.58,0,0,13,0
Impacted_Buildings_[#],00_00_13_00,D&G&Wp,average,20,730.0,0.93,0,0,13,0
Impacted_Buildings_[#],00_00_13_00,D&G&Wp,average,60,2540.0,0.77,0,0,13,0
Impacted_Buildings_[#],00_00_13_00,D&G&Wp,average,100,3060.0,0.46,0,0,13,0
Impacted_Buildings_[#],00_00_13_00,D&Wp,average,20,720.0,0.93,0,0,13,0
Impacted_Buildings_[#],00_00_13_00,D&Wp,average,60,2580.0,0.76,0,0,13,0
Impacted_Buildings_[#],00_00_13_00,D&Wp,average,100,3060.0,0.43,0,0,13,0
Impacted_Buildings_[#],00_00_13_00,G,average,20,740.0,0.93,0,0,13,0
Impacted_Buildings_[#],00_00_13_00,G,average,60,2440.0,0.8,0,0,13,0
Impacted_Buildings_[#],00_00_13_00,G,average,100,3050.0,0.53,0,0,13,0
Impacted_Buildings_[#],00_00_13_00,G&Wp,average,20,780.0,0.93,0,0,13,0
Impacted_Buildings_[#],00_00_13_00,G&Wp,average,60,2840.0,0.76,0,0,13,0
Impacted_Buildings_[#],00_00_13_00,G&Wp,average,100,3310.0,0.41,0,0,13,0
Impacted_Buildings_[#],00_00_13_00,Wp,average,20,820.0,0.93,0,0,13,0
Impacted_Buildings_[#],00_00_13_00,Wp,average,60,3240.0,0.73,0,0,13,0
Impacted_Buildings_[#],00_00_13_00,Wp,average,100,3570.0,0.35,0,0,13,0
Impacted_Buildings_[#],01_00_00_00,D,average,20,680.0,1.0,1,0,0,0
Impacted_Buildings_[#],01_00_00_00,D,average,60,2370.0,1.0,1,0,0,0
Impacted_Buildings_[#],01_00_00_00,D,average,100,3850.0,0.98,1,0,0,0
Impacted_Buildings_[#],01_00_00_00,D&G,average,20,740.0,1.0,1,0,0,0
Impacted_Buildings_[#],01_00_00_00,D&G,average,60,2710.0,1.0,1,0,0,0
Impacted_Buildings_[#],01_00_00_00,D&G,average,100,4450.0,0.92,1,0,0,0
Impacted_Buildings_[#],01_00_00_00,D&G&Wp,average,20,790.0,1.0,1,0,0,0
Impacted_Buildings_[#],01_00_00_00,D&G&Wp,average,60,3130.0,0.95,1,0,0,0
Impacted_Buildings_[#],01_00_00_00,D&G&Wp,average,100,4770.0,0.71,1,0,0,0
Impacted_Buildings_[#],01_00_00_00,D&Wp,average,20,780.0,1.0,1,0,0,0
Impacted_Buildings_[#],01_00_00_00,D&Wp,average,60,3160.0,0.93,1,0,0,0
Impacted_Buildings_[#],01_00_00_00,D&Wp,average,100,4630.0,0.65,1,0,0,0
Impacted_Buildings_[#],01_00_00_00,G,average,20,800.0,1.0,1,0,0,0
Impacted_Buildings_[#],01_00_00_00,G,average,60,3060.0,1.0,1,0,0,0
Impacted_Buildings_[#],01_00_00_00,G,average,100,5050.0,0.87,1,0,0,0
Impacted_Buildings_[#],01_00_00_00,G&Wp,average,20,840.0,1.0,1,0,0,0
Impacted_Buildings_[#],01_00_00_00,G&Wp,average,60,3510.0,0.94,1,0,0,0
Impacted_Buildings_[#],01_00_00_00,G&Wp,average,100,5230.0,0.65,1,0,0,0
Impacted_Buildings_[#],01_00_00_00,Wp,average,20,880.0,1.0,1,0,0,0
Impacted_Buildings_[#],01_00_00_00,Wp,average,60,3950.0,0.89,1,0,0,0
Impacted_Buildings_[#],01_00_00_00,Wp,average,100,5410.0,0.52,1,0,0,0
Impacted_Buildings_[#],01_00_01_00,D,average,20,660.0,0.97,1,0,1,0
Impacted_Buildings_[#],01_00_01_00,D,average,60,1960.0,0.83,1,0,1,0
Impacted_Buildings_[#],01_00_01_00,D,average,100,2300.0,0.58,1,0,1,0
Impacted_Buildings_[#],01_00_01_00,D&G,average,20,720.0,0.97,1,0,1,0
Impacted_Buildings_[#],01_00_01_00,D&G,average,60,2200.0,0.81,1,0,1,0
Impacted_Buildings_[#],01_00_01_00,D&G,average,100,2530.0,0.52,1,0,1,0
Impacted_Buildings_[#],01_00_01_00,D&G&Wp,average,20,760.0,0.97,1,0,1,0
Impacted_Buildings_[#],01_00_01_00,D&G&Wp,average,60,2580.0,0.78,1,0,1,0
Impacted_Buildings_[#],01_00_01_00,D&G&Wp,average,100,2830.0,0.42,1,0,1,0
Impacted_Buildings_[#],01_00_01_00,D&Wp,average,20,760.0,0.97,1,0,1,0
Impacted_Buildings_[#],01_00_01_00,D&Wp,average,60,2640.0,0.78,1,0,1,0
Impacted_Buildings_[#],01_00_01_00,D&Wp,average,100,2870.0,0.4,1,0,1,0
Impacted_Buildings_[#],01_00_01_00,G,average,20,780.0,0.97,1,0,1,0
Impacted_Buildings_[#],01_00_01_00,G,average,60,2450.0,0.8,1,0,1,0
Impacted_Buildings_[#],01_00_01_00,G,average,100,2760.0,0.48,1,0,1,0
Impacted_Buildings_[#],01_00_01_00,G&Wp,average,20,820.0,0.97,1,0,1,0
Impacted_Buildings_[#],01_00_01_00,G&Wp,average,60,2890.0,0.77,1,0,1,0
Impacted_Buildings_[#],01_00_01_00,G&Wp,average,100,3100.0,0.38,1,0,1,0
Impacted_Buildings_[#],01_00_01_00,Wp,average,20,860.0,0.97,1,0,1,0
Impacted_Buildings_[#],01_00_01_00,Wp,average,60,3320.0,0.75,1,0,1,0
Impacted_Buildings_[#],01_00_01_00,Wp,average,100,3440.0,0.33,1,0,1,0
Impacted_Buildings_[#],01_00_03_00,D,average,20,630.0,0.93,1,0,3,0
Impacted_Buildings_[#],01_00_03_00,D,average,60,1920.0,0.81,1,0,3,0
Impacted_Buildings_[#],01_00_03_00,D,average,100,2250.0,0.57,1,0,3,0
Impacted_Buildings_[#],01_00_03_00,D&G,average,20,680.0,0.93,1,0,3,0
Impacted_Buildings_[#],01_00_03_00,D&G,average,60,2150.0,0.79,1,0,3,0
Impacted_Buildings_[#],01_00_03_00,D&G,average,100,2470.0,0.51,1,0,3,0
Impacted_Buildings_[#],01_00_03_00,D&G&Wp,average,20,730.0,0.93,1,0,3,0
Impacted_Buildings_[#],01_00_03_00,D&G&Wp,average,60,2520.0,0.77,1,0,3,0
Impacted_Buildings_[#],01_00_03_00,D&G&Wp,average,100,2770.0,0.41,1,0,3,0
Impacted_Buildings_[#],01_00_03_00,D&Wp,average,20,720.0,0.92,1,0,3,0
Impacted_Buildings_[#],01_00_03_00,D&Wp,average,60,2580.0,0.76,1,0,3,0
Impacted_Buildings_[#],01_00_03_00,D&Wp,average,100,2810.0,0.39,1,0,3,0
Impacted_Buildings_[#],01_00_03_00,G,average,20,740.0,0.93,1,0,3,0
Impacted_Buildings_[#],01_00_03_00,G,average,60,2390.0,0.78,1,0,3,0
Impacted_Buildings_[#],01_00_03_00,G,average,100,2700.0,0.46,1,0,3,0
Impacted_Buildings_[#],01_00_03_00,G&Wp,average,20,780.0,0.92,1,0,3,0
Impacted_Buildings_[#],01_00_03_00,G&Wp,average,60,2820.0,0.75,1,0,3,0
Impacted_Buildings_[#],01_00_03_00,G&Wp,average,100,3030.0,0.38,1,0,3,0
Impacted_Buildings_[#],01_00_03_00,Wp,average,20,810.0,0.92,1,0,3,0
Impacted_Buildings_[#],01_00_03_00,Wp,average,60,3240.0,0.73,1,0,3,0
Impacted_Buildings_[#],01_00_03_00,Wp,average,100,3370.0,0.33,1,0,3,0
Impacted_Buildings_[#],01_00_05_00,D,average,20,200.0,0.29,1,0,5,0
Impacted_Buildings_[#],01_00_05_00,D,average,60,700.0,0.29,1,0,5,0
Impacted_Buildings_[#],01_00_05_00,D,average,100,740.0,0.19,1,0,5,0
Impacted_Buildings_[#],01_00_05_00,D&G,average,20,210.0,0.28,1,0,5,0
Impacted_Buildings_[#],01_00_05_00,D&G,average,60,760.0,0.28,1,0,5,0
Impacted_Buildings_[#],01_00_05_00,D&G,average,100,800.0,0.16,1,0,5,0
Impacted_Buildings_[#],01_00_05_00,D&G&Wp,average,20,220.0,0.27,1,0,5,0
Impacted_Buildings_[#],01_00_05_00,D&G&Wp,average,60,840.0,0.25,1,0,5,0
Impacted_Buildings_[#],01_00_05_00,D&G&Wp,average,100,880.0,0.13,1,0,5,0
Impacted_Buildings_[#],01_00_05_00,D&Wp,average,20,210.0,0.27,1,0,5,0
Impacted_Buildings_[#],01_00_05_00,D&Wp,average,60,850.0,0.25,1,0,5,0
Impacted_Buildings_[#],01_00_05_00,D&Wp,average,100,890.0,0.12,1,0,5,0
Impacted_Buildings_[#],01_00_05_00,G,average,20,230.0,0.28,1,0,5,0
Impacted_Buildings_[#],01_00_05_00,G,average,60,820.0,0.27,1,0,5,0
Impacted_Buildings_[#],01_00_05_00,G,average,100,860.0,0.15,1,0,5,0
Impacted_Buildings_[#],01_00_05_00,G&Wp,average,20,230.0,0.26,1,0,5,0
Impacted_Buildings_[#],01_00_05_00,G&Wp,average,60,900.0,0.24,1,0,5,0
Impacted_Buildings_[#],01_00_05_00,G&Wp,average,100,950.0,0.12,1,0,5,0
Impacted_Buildings_[#],01_00_05_00,Wp,average,20,230.0,0.25,1,0,5,0
Impacted_Buildings_[#],01_00_05_00,Wp,average,60,990.0,0.22,1,0,5,0
Impacted_Buildings_[#],01_00_05_00,Wp,average,100,1030.0,0.1,1,0,5,0
Impacted_Buildings_[#],01_00_07_00,D,average,20,220.0,0.32,1,0,7,0
Impacted_Buildings_[#],01_00_07_00,D,average,60,940.0,0.39,1,0,7,0
Impacted_Buildings_[#],01_00_07_00,D,average,100,1050.0,0.27,1,0,7,0
Impacted_Buildings_[#],01_00_07_00,D&G,average,20,240.0,0.31,1,0,7,0
Impacted_Buildings_[#],01_00_07_00,D&G,average,60,1000.0,0.37,1,0,7,0
Impacted_Buildings_[#],01_00_07_00,D&G,average,100,1080.0,0.22,1,0,7,0
Impacted_Buildings_[#],01_00_07_00,D&G&Wp,average,20,240.0,0.3,1,0,7,0
Impacted_Buildings_[#],01_00_07_00,D&G&Wp,average,60,1080.0,0.33,1,0,7,0
Impacted_Buildings_[#],01_00_07_00,D&G&Wp,average,100,1150.0,0.17,1,0,7,0
Impacted_Buildings_[#],01_00_07_00,D&Wp,average,20,240.0,0.3,1,0,7,0
Impacted_Buildings_[#],01_00_07_00,D&Wp,average,60,1090.0,0.32,1,0,7,0
Impacted_Buildings_[#],01_00_07_00,D&Wp,average,100,1180.0,0.16,1,0,7,0
Impacted_Buildings_[#],01_00_07_00,G,average,20,250.0,0.31,1,0,7,0
Impacted_Buildings_[#],01_00_07_00,G,average,60,1050.0,0.34,1,0,7,0
Impacted_Buildings_[#],01_00_07_00,G,average,100,1100.0,0.19,1,0,7,0
Impacted_Buildings_[#],01_00_07_00,G&Wp,average,20,250.0,0.29,1,0,7,0
Impacted_Buildings_[#],01_00_07_00,G&Wp,average,60,1150.0,0.31,1,0,7,0
Impacted_Buildings_[#],01_00_07_00,G&Wp,average,100,1200.0,0.15,1,0,7,0
Impacted_Buildings_[#],01_00_07_00,Wp,average,20,250.0,0.28,1,0,7,0
Impacted_Buildings_[#],01_00_07_00,Wp,average,60,1250.0,0.28,1,0,7,0
Impacted_Buildings_[#],01_00_07_00,Wp,average,100,1300.0,0.13,1,0,7,0
Impacted_Buildings_[#],01_00_09_00,D,average,20,200.0,0.29,1,0,9,0
Impacted_Buildings_[#],01_00_09_00,D,average,60,660.0,0.28,1,0,9,0
Impacted_Buildings_[#],01_00_09_00,D,average,100,660.0,0.17,1,0,9,0
Impacted_Buildings_[#],01_00_09_00,D&G,average,20,210.0,0.28,1,0,9,0
Impacted_Buildings_[#],01_00_09_00,D&G,average,60,710.0,0.26,1,0,9,0
Impacted_Buildings_[#],01_00_09_00,D&G,average,100,710.0,0.15,1,0,9,0
Impacted_Buildings_[#],01_00_09_00,D&G&Wp,average,20,220.0,0.27,1,0,9,0
Impacted_Buildings_[#],01_00_09_00,D&G&Wp,average,60,780.0,0.24,1,0,9,0
Impacted_Buildings_[#],01_00_09_00,D&G&Wp,average,100,800.0,0.12,1,0,9,0
Impacted_Buildings_[#],01_00_09_00,D&Wp,average,20,210.0,0.27,1,0,9,0
Impacted_Buildings_[#],01_00_09_00,D&Wp,average,60,790.0,0.23,1,0,9,0
Impacted_Buildings_[#],01_00_09_00,D&Wp,average,100,810.0,0.11,1,0,9,0
Impacted_Buildings_[#],01_00_09_00,G,average,20,230.0,0.28,1,0,9,0
Impacted_Buildings_[#],01_00_09_00,G,average,60,770.0,0.25,1,0,9,0
Impacted_Buildings_[#],01_00_09_00,G,average,100,770.0,0.13,1,0,9,0
Impacted_Buildings_[#],01_00_09_00,G&Wp,average,20,230.0,0.26,1,0,9,0
Impacted_Buildings_[#],01_00_09_00,G&Wp,average,60,850.0,0.23,1,0,9,0
Impacted_Buildings_[#],01_00_09_00,G&Wp,average,100,870.0,0.11,1,0,9,0
Impacted_Buildings_[#],01_00_09_00,Wp,average,20,230.0,0.25,1,0,9,0
Impacted_Buildings_[#],01_00_09_00,Wp,average,60,920.0,0.21,1,0,9,0
Impacted_Buildings_[#],01_00_09_00,Wp,average,100,960.0,0.09,1,0,9,0
Impacted_Buildings_[#],01_00_11_00,D,average,20,670.0,1.0,1,0,11,0
Impacted_Buildings_[#],01_00_11_00,D,average,60,2130.0,0.9,1,0,11,0
Impacted_Buildings_[#],01_00_11_00,D,average,100,3000.0,0.76,1,0,11,0
Impacted_Buildings_[#],01_00_11_00,D&G,average,20,740.0,1.0,1,0,11,0
Impacted_Buildings_[#],01_00_11_00,D&G,average,60,2400.0,0.88,1,0,11,0
Impacted_Buildings_[#],01_00_11_00,D&G,average,100,3220.0,0.66,1,0,11,0
Impacted_Buildings_[#],01_00_11_00,D&G&Wp,average,20,780.0,1.0,1,0,11,0
Impacted_Buildings_[#],01_00_11_00,D&G&Wp,average,60,2830.0,0.86,1,0,11,0
Impacted_Buildings_[#],01_00_11_00,D&G&Wp,average,100,3550.0,0.53,1,0,11,0
Impacted_Buildings_[#],01_00_11_00,D&Wp,average,20,780.0,1.0,1,0,11,0
Impacted_Buildings_[#],01_00_11_00,D&Wp,average,60,2910.0,0.86,1,0,11,0
Impacted_Buildings_[#],01_00_11_00,D&Wp,average,100,3600.0,0.51,1,0,11,0
Impacted_Buildings_[#],01_00_11_00,G,average,20,800.0,1.0,1,0,11,0
Impacted_Buildings_[#],01_00_11_00,G,average,60,2660.0,0.87,1,0,11,0
Impacted_Buildings_[#],01_00_11_00,G,average,100,3440.0,0.59,1,0,11,0
Impacted_Buildings_[#],01_00_11_00,G&Wp,average,20,840.0,1.0,1,0,11,0
Impacted_Buildings_[#],01_00_11_00,G&Wp,average,60,3180.0,0.85,1,0,11,0
Impacted_Buildings_[#],01_00_11_00,G&Wp,average,100,3820.0,0.47,1,0,11,0
Impacted_Buildings_[#],01_00_11_00,Wp,average,20,880.0,1.0,1,0,11,0
Impacted_Buildings_[#],01_00_11_00,Wp,average,60,3690.0,0.84,1,0,11,0
Impacted_Buildings_[#],01_00_11_00,Wp,average,100,4210.0,0.41,1,0,11,0
Impacted_Buildings_[#],01_00_13_00,D,average,20,630.0,0.93,1,0,13,0
Impacted_Buildings_[#],01_00_13_00,D,average,60,1930.0,0.81,1,0,13,0
Impacted_Buildings_[#],01_00_13_00,D,average,100,2520.0,0.64,1,0,13,0
Impacted_Buildings_[#],01_00_13_00,D&G,average,20,690.0,0.93,1,0,13,0
Impacted_Buildings_[#],01_00_13_00,D&G,average,60,2180.0,0.8,1,0,13,0
Impacted_Buildings_[#],01_00_13_00,D&G,average,100,2730.0,0.56,1,0,13,0
Impacted_Buildings_[#],01_00_13_00,D&G&Wp,average,20,730.0,0.93,1,0,13,0
Impacted_Buildings_[#],01_00_13_00,D&G&Wp,average,60,2510.0,0.76,1,0,13,0
Impacted_Buildings_[#],01_00_13_00,D&G&Wp,average,100,2960.0,0.44,1,0,13,0
Impacted_Buildings_[#],01_00_13_00,D&Wp,average,20,720.0,0.93,1,0,13,0
Impacted_Buildings_[#],01_00_13_00,D&Wp,average,60,2550.0,0.75,1,0,13,0
Impacted_Buildings_[#],01_00_13_00,D&Wp,average,100,2960.0,0.42,1,0,13,0
Impacted_Buildings_[#],01_00_13_00,G,average,20,740.0,0.93,1,0,13,0
Impacted_Buildings_[#],01_00_13_00,G,average,60,2440.0,0.8,1,0,13,0
Impacted_Buildings_[#],01_00_13_00,G,average,100,2950.0,0.51,1,0,13,0
Impacted_Buildings_[#],01_00_13_00,G&Wp,average,20,780.0,0.93,1,0,13,0
Impacted_Buildings_[#],01_00_13_00,G&Wp,average,60,2810.0,0.75,1,0,13,0
Impacted_Buildings_[#],01_00_13_00,G&Wp,average,100,3180.0,0.39,1,0,13,0
Impacted_Buildings_[#],01_00_13_00,Wp,average,20,820.0,0.93,1,0,13,0
Impacted_Buildings_[#],01_00_13_00,Wp,average,60,3170.0,0.72,1,0,13,0
Impacted_Buildings_[#],01_00_13_00,Wp,average,100,3400.0,0.33,1,0,13,0
Impacted_Buildings_[#],03_00_00_00,D,average,20,680.0,1.0,3,0,0,0
Impacted_Buildings_[#],03_00_00_00,D,average,60,2370.0,1.0,3,0,0,0
Impacted_Buildings_[#],03_00_00_00,D,average,100,3850.0,0.98,3,0,0,0
Impacted_Buildings_[#],03_00_00_00,D&G,average,20,740.0,1.0,3,0,0,0
Impacted_Buildings_[#],03_00_00_00,D&G,average,60,2710.0,1.0,3,0,0,0
Impacted_Buildings_[#],03_00_00_00,D&G,average,100,4450.0,0.92,3,0,0,0
Impacted_Buildings_[#],03_00_00_00,D&G&Wp,average,20,790.0,1.0,3,0,0,0
Impacted_Buildings_[#],03_00_00_00,D&G&Wp,average,60,3140.0,0.96,3,0,0,0
Impacted_Buildings_[#],03_00_00_00,D&G&Wp,average,100,4920.0,0.74,3,0,0,0
Impacted_Buildings_[#],03_00_00_00,D&Wp,average,20,780.0,1.0,3,0,0,0
Impacted_Buildings_[#],03_00_00_00,D&Wp,average,60,3180.0,0.94,3,0,0,0
Impacted_Buildings_[#],03_00_00_00,D&Wp,average,100,4850.0,0.68,3,0,0,0
Impacted_Buildings_[#],03_00_00_00,G,average,20,800.0,1.0,3,0,0,0
Impacted_Buildings_[#],03_00_00_00,G,average,60,3060.0,1.0,3,0,0,0
Impacted_Buildings_[#],03_00_00_00,G,average,100,5050.0,0.87,3,0,0,0
Impacted_Buildings_[#],03_00_00_00,G&Wp,average,20,840.0,1.0,3,0,0,0
Impacted_Buildings_[#],03_00_00_00,G&Wp,average,60,3520.0,0.94,3,0,0,0
Impacted_Buildings_[#],03_00_00_00,G&Wp,average,100,5450.0,0.68,3,0,0,0
Impacted_Buildings_[#],03_00_00_00,Wp,average,20,880.0,1.0,3,0,0,0
Impacted_Buildings_[#],03_00_00_00,Wp,average,60,3990.0,0.9,3,0,0,0
Impacted_Buildings_[#],03_00_00_00,Wp,average,100,5850.0,0.57,3,0,0,0
Impacted_Buildings_[#],03_00_01_00,D,average,20,660.0,0.97,3,0,1,0
Impacted_Buildings_[#],03_00_01_00,D,average,60,1960.0,0.83,3,0,1,0
Impacted_Buildings_[#],03_00_01_00,D,average,100,2300.0,0.58,3,0,1,0
Impacted_Buildings_[#],03_00_01_00,D&G,average,20,720.0,0.97,3,0,1,0
Impacted_Buildings_[#],03_00_01_00,D&G,average,60,2200.0,0.81,3,0,1,0
Impacted_Buildings_[#],03_00_01_00,D&G,average,100,2530.0,0.52,3,0,1,0
Impacted_Buildings_[#],03_00_01_00,D&G&Wp,average,20,760.0,0.97,3,0,1,0
Impacted_Buildings_[#],03_00_01_00,D&G&Wp,average,60,2590.0,0.79,3,0,1,0
Impacted_Buildings_[#],03_00_01_00,D&G&Wp,average,100,2840.0,0.43,3,0,1,0
Impacted_Buildings_[#],03_00_01_00,D&Wp,average,20,760.0,0.97,3,0,1,0
Impacted_Buildings_[#],03_00_01_00,D&Wp,average,60,2660.0,0.78,3,0,1,0
Impacted_Buildings_[#],03_00_01_00,D&Wp,average,100,2890.0,0.41,3,0,1,0
Impacted_Buildings_[#],03_00_01_00,G,average,20,780.0,0.97,3,0,1,0
Impacted_Buildings_[#],03_00_01_00,G,average,60,2450.0,0.8,3,0,1,0
Impacted_Buildings_[#],03_00_01_00,G,average,100,2760.0,0.48,3,0,1,0
Impacted_Buildings_[#],03_00_01_00,G&Wp,average,20,820.0,0.97,3,0,1,0
Impacted_Buildings_[#],03_00_01_00,G&Wp,average,60,2900.0,0.78,3,0,1,0
Impacted_Buildings_[#],03_00_01_00,G&Wp,average,100,3120.0,0.39,3,0,1,0
Impacted_Buildings_[#],03_00_01_00,Wp,average,20,860.0,0.97,3,0,1,0
Impacted_Buildings_[#],03_00_01_00,Wp,average,60,3350.0,0.76,3,0,1,0
Impacted_Buildings_[#],03_00_01_00,Wp,average,100,3470.0,0.34,3,0,1,0
Impacted_Buildings_[#],03_00_03_00,D,average,20,630.0,0.93,3,0,3,0
Impacted_Buildings_[#],03_00_03_00,D,average,60,1920.0,0.81,3,0,3,0
Impacted_Buildings_[#],03_00_03_00,D,average,100,2250.0,0.57,3,0,3,0
Impacted_Buildings_[#],03_00_03_00,D&G,average,20,680.0,0.93,3,0,3,0
Impacted_Buildings_[#],03_00_03_00,D&G,average,60,2150.0,0.79,3,0,3,0
Impacted_Buildings_[#],03_00_03_00,D&G,average,100,2470.0,0.51,3,0,3,0
Impacted_Buildings_[#],03_00_03_00,D&G&Wp,average,20,730.0,0.93,3,0,3,0
Impacted_Buildings_[#],03_00_03_00,D&G&Wp,average,60,2530.0,0.77,3,0,3,0
Impacted_Buildings_[#],03_00_03_00,D&G&Wp,average,100,2780.0,0.42,3,0,3,0
Impacted_Buildings_[#],03_00_03_00,D&Wp,average,20,720.0,0.92,3,0,3,0
Impacted_Buildings_[#],03_00_03_00,D&Wp,average,60,2600.0,0.76,3,0,3,0
Impacted_Buildings_[#],03_00_03_00,D&Wp,average,100,2820.0,0.4,3,0,3,0
Impacted_Buildings_[#],03_00_03_00,G,average,20,740.0,0.93,3,0,3,0
Impacted_Buildings_[#],03_00_03_00,G,average,60,2390.0,0.78,3,0,3,0
Impacted_Buildings_[#],03_00_03_00,G,average,100,2700.0,0.46,3,0,3,0
Impacted_Buildings_[#],03_00_03_00,G&Wp,average,20,780.0,0.92,3,0,3,0
Impacted_Buildings_[#],03_00_03_00,G&Wp,average,60,2830.0,0.76,3,0,3,0
Impacted_Buildings_[#],03_00_03_00,G&Wp,average,100,3050.0,0.38,3,0,3,0
Impacted_Buildings_[#],03_00_03_00,Wp,average,20,810.0,0.92,3,0,3,0
Impacted_Buildings_[#],03_00_03_00,Wp,average,60,3270.0,0.74,3,0,3,0
Impacted_Buildings_[#],03_00_03_00,Wp,average,100,3400.0,0.33,3,0,3,0
Impacted_Buildings_[#],03_00_05_00,D,average,20,200.0,0.29,3,0,5,0
Impacted_Buildings_[#],03_00_05_00,D,average,60,700.0,0.29,3,0,5,0
Impacted_Buildings_[#],03_00_05_00,D,average,100,740.0,0.19,3,0,5,0
Impacted_Buildings_[#],03_00_05_00,D&G,average,20,210.0,0.28,3,0,5,0
Impacted_Buildings_[#],03_00_05_00,D&G,average,60,760.0,0.28,3,0,5,0
Impacted_Buildings_[#],03_00_05_00,D&G,average,100,800.0,0.16,3,0,5,0
Impacted_Buildings_[#],03_00_05_00,D&G&Wp,average,20,220.0,0.27,3,0,5,0
Impacted_Buildings_[#],03_00_05_00,D&G&Wp,average,60,840.0,0.25,3,0,5,0
Impacted_Buildings_[#],03_00_05_00,D&G&Wp,average,100,880.0,0.13,3,0,5,0
Impacted_Buildings_[#],03_00_05_00,D&Wp,average,20,210.0,0.27,3,0,5,0
Impacted_Buildings_[#],03_00_05_00,D&Wp,average,60,850.0,0.25,3,0,5,0
Impacted_Buildings_[#],03_00_05_00,D&Wp,average,100,890.0,0.12,3,0,5,0
Impacted_Buildings_[#],03_00_05_00,G,average,20,230.0,0.28,3,0,5,0
Impacted_Buildings_[#],03_00_05_00,G,average,60,820.0,0.27,3,0,5,0
Impacted_Buildings_[#],03_00_05_00,G,average,100,860.0,0.15,3,0,5,0
Impacted_Buildings_[#],03_00_05_00,G&Wp,average,20,230.0,0.26,3,0,5,0
Impacted_Buildings_[#],03_00_05_00,G&Wp,average,60,900.0,0.24,3,0,5,0
Impacted_Buildings_[#],03_00_05_00,G&Wp,average,100,950.0,0.12,3,0,5,0
Impacted_Buildings_[#],03_00_05_00,Wp,average,20,230.0,0.25,3,0,5,0
Impacted_Buildings_[#],03_00_05_00,Wp,average,60,990.0,0.22,3,0,5,0
Impacted_Buildings_[#],03_00_05_00,Wp,average,100,1030.0,0.1,3,0,5,0
Impacted_Buildings_[#],03_00_07_00,D,average,20,220.0,0.32,3,0,7,0
Impacted_Buildings_[#],03_00_07_00,D,average,60,940.0,0.39,3,0,7,0
Impacted_Buildings_[#],03_00_07_00,D,average,100,1030.0,0.26,3,0,7,0
Impacted_Buildings_[#],03_00_07_00,D&G,average,20,240.0,0.32,3,0,7,0
Impacted_Buildings_[#],03_00_07_00,D&G,average,60,1000.0,0.37,3,0,7,0
Impacted_Buildings_[#],03_00_07_00,D&G,average,100,1060.0,0.22,3,0,7,0
Impacted_Buildings_[#],03_00_07_00,D&G&Wp,average,20,240.0,0.3,3,0,7,0
Impacted_Buildings_[#],03_00_07_00,D&G&Wp,average,60,1080.0,0.33,3,0,7,0
Impacted_Buildings_[#],03_00_07_00,D&G&Wp,average,100,1140.0,0.17,3,0,7,0
Impacted_Buildings_[#],03_00_07_00,D&Wp,average,20,240.0,0.3,3,0,7,0
Impacted_Buildings_[#],03_00_07_00,D&Wp,average,60,1090.0,0.32,3,0,7,0
Impacted_Buildings_[#],03_00_07_00,D&Wp,average,100,1160.0,0.16,3,0,7,0
Impacted_Buildings_[#],03_00_07_00,G,average,20,250.0,0.31,3,0,7,0
Impacted_Buildings_[#],03_00_07_00,G,average,60,1050.0,0.34,3,0,7,0
Impacted_Buildings_[#],03_00_07_00,G,average,100,1100.0,0.19,3,0,7,0
Impacted_Buildings_[#],03_00_07_00,G&Wp,average,20,250.0,0.29,3,0,7,0
Impacted_Buildings_[#],03_00_07_00,G&Wp,average,60,1150.0,0.31,3,0,7,0
Impacted_Buildings_[#],03_00_07_00,G&Wp,average,100,1200.0,0.15,3,0,7,0
Impacted_Buildings_[#],03_00_07_00,Wp,average,20,250.0,0.28,3,0,7,0
Impacted_Buildings_[#],03_00_07_00,Wp,average,60,1250.0,0.28,3,0,7,0
Impacted_Buildings_[#],03_00_07_00,Wp,average,100,1300.0,0.13,3,0,7,0
Impacted_Buildings_[#],03_00_09_00,D,average,20,200.0,0.29,3,0,9,0
Impacted_Buildings_[#],03_00_09_00,D,average,60,660.0,0.28,3,0,9,0
Impacted_Buildings_[#],03_00_09_00,D,average,100,660.0,0.17,3,0,9,0
Impacted_Buildings_[#],03_00_09_00,D&G,average,20,210.0,0.28,3,0,9,0
Impacted_Buildings_[#],03_00_09_00,D&G,average,60,710.0,0.26,3,0,9,0
Impacted_Buildings_[#],03_00_09_00,D&G,average,100,710.0,0.15,3,0,9,0
Impacted_Buildings_[#],03_00_09_00,D&G&Wp,average,20,220.0,0.27,3,0,9,0
Impacted_Buildings_[#],03_00_09_00,D&G&Wp,average,60,780.0,0.24,3,0,9,0
Impacted_Buildings_[#],03_00_09_00,D&G&Wp,average,100,800.0,0.12,3,0,9,0
Impacted_Buildings_[#],03_00_09_00,D&Wp,average,20,210.0,0.27,3,0,9,0
Impacted_Buildings_[#],03_00_09_00,D&Wp,average,60,790.0,0.23,3,0,9,0
Impacted_Buildings_[#],03_00_09_00,D&Wp,average,100,810.0,0.11,3,0,9,0
Impacted_Buildings_[#],03_00_09_00,G,average,20,230.0,0.28,3,0,9,0
Impacted_Buildings_[#],03_00_09_00,G,average,60,770.0,0.25,3,0,9,0
Impacted_Buildings_[#],03_00_09_00,G,average,100,770.0,0.13,3,0,9,0
Impacted_Buildings_[#],03_00_09_00,G&Wp,average,20,230.0,0.26,3,0,9,0
Impacted_Buildings_[#],03_00_09_00,G&Wp,average,60,850.0,0.23,3,0,9,0
Impacted_Buildings_[#],03_00_09_00,G&Wp,average,100,870.0,0.11,3,0,9,0
Impacted_Buildings_[#],03_00_09_00,Wp,average,20,230.0,0.25,3,0,9,0
Impacted_Buildings_[#],03_00_09_00,Wp,average,60,920.0,0.21,3,0,9,0
Impacted_Buildings_[#],03_00_09_00,Wp,average,100,960.0,0.09,3,0,9,0
Impacted_Buildings_[#],03_00_11_00,D,average,20,670.0,1.0,3,0,11,0
Impacted_Buildings_[#],03_00_11_00,D,average,60,2130.0,0.9,3,0,11,0
Impacted_Buildings_[#],03_00_11_00,D,average,100,3000.0,0.76,3,0,11,0
Impacted_Buildings_[#],03_00_11_00,D&G,average,20,740.0,1.0,3,0,11,0
Impacted_Buildings_[#],03_00_11_00,D&G,average,60,2400.0,0.88,3,0,11,0
Impacted_Buildings_[#],03_00_11_00,D&G,average,100,3220.0,0.66,3,0,11,0
Impacted_Buildings_[#],03_00_11_00,D&G&Wp,average,20,780.0,1.0,3,0,11,0
Impacted_Buildings_[#],03_00_11_00,D&G&Wp,average,60,2840.0,0.86,3,0,11,0
Impacted_Buildings_[#],03_00_11_00,D&G&Wp,average,100,3570.0,0.53,3,0,11,0
Impacted_Buildings_[#],03_00_11_00,D&Wp,average,20,780.0,1.0,3,0,11,0
Impacted_Buildings_[#],03_00_11_00,D&Wp,average,60,2930.0,0.86,3,0,11,0
Impacted_Buildings_[#],03_00_11_00,D&Wp,average,100,3630.0,0.51,3,0,11,0
Impacted_Buildings_[#],03_00_11_00,G,average,20,800.0,1.0,3,0,11,0
Impacted_Buildings_[#],03_00_11_00,G,average,60,2660.0,0.87,3,0,11,0
Impacted_Buildings_[#],03_00_11_00,G,average,100,3440.0,0.59,3,0,11,0
Impacted_Buildings_[#],03_00_11_00,G&Wp,average,20,840.0,1.0,3,0,11,0
Impacted_Buildings_[#],03_00_11_00,G&Wp,average,60,3190.0,0.85,3,0,11,0
Impacted_Buildings_[#],03_00_11_00,G&Wp,average,100,3850.0,0.48,3,0,11,0
Impacted_Buildings_[#],03_00_11_00,Wp,average,20,880.0,1.0,3,0,11,0
Impacted_Buildings_[#],03_00_11_00,Wp,average,60,3730.0,0.84,3,0,11,0
Impacted_Buildings_[#],03_00_11_00,Wp,average,100,4270.0,0.41,3,0,11,0
Impacted_Buildings_[#],03_00_13_00,D,average,20,630.0,0.93,3,0,13,0
Impacted_Buildings_[#],03_00_13_00,D,average,60,1930.0,0.81,3,0,13,0
Impacted_Buildings_[#],03_00_13_00,D,average,100,2520.0,0.64,3,0,13,0
Impacted_Buildings_[#],03_00_13_00,D&G,average,20,690.0,0.93,3,0,13,0
Impacted_Buildings_[#],03_00_13_00,D&G,average,60,2180.0,0.8,3,0,13,0
Impacted_Buildings_[#],03_00_13_00,D&G,average,100,2730.0,0.56,3,0,13,0
Impacted_Buildings_[#],03_00_13_00,D&G&Wp,average,20,730.0,0.93,3,0,13,0
Impacted_Buildings_[#],03_00_13_00,D&G&Wp,average,60,2520.0,0.77,3,0,13,0
Impacted_Buildings_[#],03_00_13_00,D&G&Wp,average,100,2970.0,0.45,3,0,13,0
Impacted_Buildings_[#],03_00_13_00,D&Wp,average,20,720.0,0.93,3,0,13,0
Impacted_Buildings_[#],03_00_13_00,D&Wp,average,60,2560.0,0.75,3,0,13,0
Impacted_Buildings_[#],03_00_13_00,D&Wp,average,100,2990.0,0.42,3,0,13,0
Impacted_Buildings_[#],03_00_13_00,G,average,20,740.0,0.93,3,0,13,0
Impacted_Buildings_[#],03_00_13_00,G,average,60,2440.0,0.8,3,0,13,0
Impacted_Buildings_[#],03_00_13_00,G,average,100,2950.0,0.51,3,0,13,0
Impacted_Buildings_[#],03_00_13_00,G&Wp,average,20,780.0,0.93,3,0,13,0
Impacted_Buildings_[#],03_00_13_00,G&Wp,average,60,2820.0,0.75,3,0,13,0
Impacted_Buildings_[#],03_00_13_00,G&Wp,average,100,3200.0,0.4,3,0,13,0
Impacted_Buildings_[#],03_00_13_00,Wp,average,20,820.0,0.93,3,0,13,0
Impacted_Buildings_[#],03_00_13_00,Wp,average,60,3200.0,0.72,3,0,13,0
Impacted_Buildings_[#],03_00_13_00,Wp,average,100,3460.0,0.34,3,0,13,0
Impacted_Buildings_[#],05_00_00_00,D,average,20,540.0,0.8,5,0,0,0
Impacted_Buildings_[#],05_00_00_00,D,average,60,1280.0,0.54,5,0,0,0
Impacted_Buildings_[#],05_00_00_00,D,average,100,1540.0,0.39,5,0,0,0
Impacted_Buildings_[#],05_00_00_00,D&G,average,20,520.0,0.71,5,0,0,0
Impacted_Buildings_[#],05_00_00_00,D&G,average,60,1360.0,0.5,5,0,0,0
Impacted_Buildings_[#],05_00_00_00,D&G,average,100,1630.0,0.34,5,0,0,0
Impacted_Buildings_[#],05_00_00_00,D&G&Wp,average,20,600.0,0.76,5,0,0,0
Impacted_Buildings_[#],05_00_00_00,D&G&Wp,average,60,1510.0,0.46,5,0,0,0
Impacted_Buildings_[#],05_00_00_00,D&G&Wp,average,100,1730.0,0.26,5,0,0,0
Impacted_Buildings_[#],05_00_00_00,D&Wp,average,20,640.0,0.82,5,0,0,0
Impacted_Buildings_[#],05_00_00_00,D&Wp,average,60,1550.0,0.46,5,0,0,0
Impacted_Buildings_[#],05_00_00_00,D&Wp,average,100,1730.0,0.24,5,0,0,0
Impacted_Buildings_[#],05_00_00_00,G,average,20,510.0,0.63,5,0,0,0
Impacted_Buildings_[#],05_00_00_00,G,average,60,1440.0,0.47,5,0,0,0
Impacted_Buildings_[#],05_00_00_00,G,average,100,1730.0,0.3,5,0,0,0
Impacted_Buildings_[#],05_00_00_00,G&Wp,average,20,630.0,0.74,5,0,0,0
Impacted_Buildings_[#],05_00_00_00,G&Wp,average,60,1630.0,0.43,5,0,0,0
Impacted_Buildings_[#],05_00_00_00,G&Wp,average,100,1830.0,0.23,5,0,0,0
Impacted_Buildings_[#],05_00_00_00,Wp,average,20,750.0,0.85,5,0,0,0
Impacted_Buildings_[#],05_00_00_00,Wp,average,60,1810.0,0.41,5,0,0,0
Impacted_Buildings_[#],05_00_00_00,Wp,average,100,1930.0,0.19,5,0,0,0
Impacted_Buildings_[#],05_00_01_00,D,average,20,540.0,0.79,5,0,1,0
Impacted_Buildings_[#],05_00_01_00,D,average,60,1250.0,0.53,5,0,1,0
Impacted_Buildings_[#],05_00_01_00,D,average,100,1410.0,0.36,5,0,1,0
Impacted_Buildings_[#],05_00_01_00,D&G,average,20,520.0,0.71,5,0,1,0
Impacted_Buildings_[#],05_00_01_00,D&G,average,60,1320.0,0.49,5,0,1,0
Impacted_Buildings_[#],05_00_01_00,D&G,average,100,1440.0,0.3,5,0,1,0
Impacted_Buildings_[#],05_00_01_00,D&G&Wp,average,20,590.0,0.75,5,0,1,0
Impacted_Buildings_[#],05_00_01_00,D&G&Wp,average,60,1470.0,0.45,5,0,1,0
Impacted_Buildings_[#],05_00_01_00,D&G&Wp,average,100,1540.0,0.23,5,0,1,0
Impacted_Buildings_[#],05_00_01_00,D&Wp,average,20,630.0,0.81,5,0,1,0
Impacted_Buildings_[#],05_00_01_00,D&Wp,average,60,1500.0,0.44,5,0,1,0
Impacted_Buildings_[#],05_00_01_00,D&Wp,average,100,1580.0,0.22,5,0,1,0
Impacted_Buildings_[#],05_00_01_00,G,average,20,510.0,0.63,5,0,1,0
Impacted_Buildings_[#],05_00_01_00,G,average,60,1400.0,0.46,5,0,1,0
Impacted_Buildings_[#],05_00_01_00,G,average,100,1470.0,0.25,5,0,1,0
Impacted_Buildings_[#],05_00_01_00,G&Wp,average,20,620.0,0.73,5,0,1,0
Impacted_Buildings_[#],05_00_01_00,G&Wp,average,60,1570.0,0.42,5,0,1,0
Impacted_Buildings_[#],05_00_01_00,G&Wp,average,100,1610.0,0.2,5,0,1,0
Impacted_Buildings_[#],05_00_01_00,Wp,average,20,720.0,0.82,5,0,1,0
Impacted_Buildings_[#],05_00_01_00,Wp,average,60,1750.0,0.4,5,0,1,0
Impacted_Buildings_[#],05_00_01_00,Wp,average,100,1750.0,0.17,5,0,1,0
Impacted_Buildings_[#],05_00_03_00,D,average,20,510.0,0.75,5,0,3,0
Impacted_Buildings_[#],05_00_03_00,D,average,60,1220.0,0.51,5,0,3,0
Impacted_Buildings_[#],05_00_03_00,D,average,100,1370.0,0.35,5,0,3,0
Impacted_Buildings_[#],05_00_03_00,D&G,average,20,490.0,0.67,5,0,3,0
Impacted_Buildings_[#],05_00_03_00,D&G,average,60,1290.0,0.48,5,0,3,0
Impacted_Buildings_[#],05_00_03_00,D&G,average,100,1410.0,0.29,5,0,3,0
Impacted_Buildings_[#],05_00_03_00,D&G&Wp,average,20,560.0,0.71,5,0,3,0
Impacted_Buildings_[#],05_00_03_00,D&G&Wp,average,60,1440.0,0.44,5,0,3,0
Impacted_Buildings_[#],05_00_03_00,D&G&Wp,average,100,1510.0,0.23,5,0,3,0
Impacted_Buildings_[#],05_00_03_00,D&Wp,average,20,600.0,0.77,5,0,3,0
Impacted_Buildings_[#],05_00_03_00,D&Wp,average,60,1470.0,0.43,5,0,3,0
Impacted_Buildings_[#],05_00_03_00,D&Wp,average,100,1550.0,0.22,5,0,3,0
Impacted_Buildings_[#],05_00_03_00,G,average,20,480.0,0.6,5,0,3,0
Impacted_Buildings_[#],05_00_03_00,G,average,60,1370.0,0.45,5,0,3,0
Impacted_Buildings_[#],05_00_03_00,G,average,100,1440.0,0.25,5,0,3,0
Impacted_Buildings_[#],05_00_03_00,G&Wp,average,20,590.0,0.7,5,0,3,0
Impacted_Buildings_[#],05_00_03_00,G&Wp,average,60,1540.0,0.41,5,0,3,0
Impacted_Buildings_[#],05_00_03_00,G&Wp,average,100,1580.0,0.2,5,0,3,0
Impacted_Buildings_[#],05_00_03_00,Wp,average,20,690.0,0.78,5,0,3,0
Impacted_Buildings_[#],05_00_03_00,Wp,average,60,1720.0,0.39,5,0,3,0
Impacted_Buildings_[#],05_00_03_00,Wp,average,100,1720.0,0.17,5,0,3,0
Impacted_Buildings_[#],05_00_05_00,D,average,20,200.0,0.29,5,0,5,0
Impacted_Buildings_[#],05_00_05_00,D,average,60,700.0,0.29,5,0,5,0
Impacted_Buildings_[#],05_00_05_00,D,average,100,740.0,0.19,5,0,5,0
Impacted_Buildings_[#],05_00_05_00,D&G,average,20,210.0,0.28,5,0,5,0
Impacted_Buildings_[#],05_00_05_00,D&G,average,60,760.0,0.28,5,0,5,0
Impacted_Buildings_[#],05_00_05_00,D&G,average,100,800.0,0.16,5,0,5,0
Impacted_Buildings_[#],05_00_05_00,D&G&Wp,average,20,220.0,0.27,5,0,5,0
Impacted_Buildings_[#],05_00_05_00,D&G&Wp,average,60,840.0,0.25,5,0,5,0
Impacted_Buildings_[#],05_00_05_00,D&G&Wp,average,100,880.0,0.13,5,0,5,0
Impacted_Buildings_[#],05_00_05_00,D&Wp,average,20,210.0,0.27,5,0,5,0
Impacted_Buildings_[#],05_00_05_00,D&Wp,average,60,850.0,0.25,5,0,5,0
Impacted_Buildings_[#],05_00_05_00,D&Wp,average,100,890.0,0.12,5,0,5,0
Impacted_Buildings_[#],05_00_05_00,G,average,20,230.0,0.28,5,0,5,0
Impacted_Buildings_[#],05_00_05_00,G,average,60,820.0,0.27,5,0,5,0
Impacted_Buildings_[#],05_00_05_00,G,average,100,860.0,0.15,5,0,5,0
Impacted_Buildings_[#],05_00_05_00,G&Wp,average,20,230.0,0.26,5,0,5,0
Impacted_Buildings_[#],05_00_05_00,G&Wp,average,60,900.0,0.24,5,0,5,0
Impacted_Buildings_[#],05_00_05_00,G&Wp,average,100,950.0,0.12,5,0,5,0
Impacted_Buildings_[#],05_00_05_00,Wp,average,20,230.0,0.25,5,0,5,0
Impacted_Buildings_[#],05_00_05_00,Wp,average,60,990.0,0.22,5,0,5,0
Impacted_Buildings_[#],05_00_05_00,Wp,average,100,1030.0,0.1,5,0,5,0
Impacted_Buildings_[#],05_00_07_00,D,average,20,220.0,0.32,5,0,7,0
Impacted_Buildings_[#],05_00_07_00,D,average,60,820.0,0.35,5,0,7,0
Impacted_Buildings_[#],05_00_07_00,D,average,100,890.0,0.23,5,0,7,0
Impacted_Buildings_[#],05_00_07_00,D&G,average,20,240.0,0.32,5,0,7,0
Impacted_Buildings_[#],05_00_07_00,D&G,average,60,880.0,0.32,5,0,7,0
Impacted_Buildings_[#],05_00_07_00,D&G,average,100,930.0,0.19,5,0,7,0
Impacted_Buildings_[#],05_00_07_00,D&G&Wp,average,20,240.0,0.3,5,0,7,0
Impacted_Buildings_[#],05_00_07_00,D&G&Wp,average,60,960.0,0.29,5,0,7,0
Impacted_Buildings_[#],05_00_07_00,D&G&Wp,average,100,1000.0,0.15,5,0,7,0
Impacted_Buildings_[#],05_00_07_00,D&Wp,average,20,240.0,0.3,5,0,7,0
Impacted_Buildings_[#],05_00_07_00,D&Wp,average,60,960.0,0.28,5,0,7,0
Impacted_Buildings_[#],05_00_07_00,D&Wp,average,100,1010.0,0.14,5,0,7,0
Impacted_Buildings_[#],05_00_07_00,G,average,20,250.0,0.31,5,0,7,0
Impacted_Buildings_[#],05_00_07_00,G,average,60,940.0,0.31,5,0,7,0
Impacted_Buildings_[#],05_00_07_00,G,average,100,970.0,0.17,5,0,7,0
Impacted_Buildings_[#],05_00_07_00,G&Wp,average,20,250.0,0.29,5,0,7,0
Impacted_Buildings_[#],05_00_07_00,G&Wp,average,60,1020.0,0.27,5,0,7,0
Impacted_Buildings_[#],05_00_07_00,G&Wp,average,100,1050.0,0.13,5,0,7,0
Impacted_Buildings_[#],05_00_07_00,Wp,average,20,250.0,0.28,5,0,7,0
Impacted_Buildings_[#],05_00_07_00,Wp,average,60,1100.0,0.25,5,0,7,0
Impacted_Buildings_[#],05_00_07_00,Wp,average,100,1140.0,0.11,5,0,7,0
Impacted_Buildings_[#],05_00_09_00,D,average,20,200.0,0.29,5,0,9,0
Impacted_Buildings_[#],05_00_09_00,D,average,60,660.0,0.28,5,0,9,0
Impacted_Buildings_[#],05_00_09_00,D,average,100,660.0,0.17,5,0,9,0
Impacted_Buildings_[#],05_00_09_00,D&G,average,20,210.0,0.28,5,0,9,0
Impacted_Buildings_[#],05_00_09_00,D&G,average,60,710.0,0.26,5,0,9,0
Impacted_Buildings_[#],05_00_09_00,D&G,average,100,710.0,0.15,5,0,9,0
Impacted_Buildings_[#],05_00_09_00,D&G&Wp,average,20,220.0,0.27,5,0,9,0
Impacted_Buildings_[#],05_00_09_00,D&G&Wp,average,60,780.0,0.24,5,0,9,0
Impacted_Buildings_[#],05_00_09_00,D&G&Wp,average,100,800.0,0.12,5,0,9,0
Impacted_Buildings_[#],05_00_09_00,D&Wp,average,20,210.0,0.27,5,0,9,0
Impacted_Buildings_[#],05_00_09_00,D&Wp,average,60,790.0,0.23,5,0,9,0
Impacted_Buildings_[#],05_00_09_00,D&Wp,average,100,810.0,0.11,5,0,9,0
Impacted_Buildings_[#],05_00_09_00,G,average,20,230.0,0.28,5,0,9,0
Impacted_Buildings_[#],05_00_09_00,G,average,60,770.0,0.25,5,0,9,0
Impacted_Buildings_[#],05_00_09_00,G,average,100,770.0,0.13,5,0,9,0
Impacted_Buildings_[#],05_00_09_00,G&Wp,average,20,230.0,0.26,5,0,9,0
Impacted_Buildings_[#],05_00_09_00,G&Wp,average,60,850.0,0.23,5,0,9,0
Impacted_Buildings_[#],05_00_09_00,G&Wp,average,100,870.0,0.11,5,0,9,0
Impacted_Buildings_[#],05_00_09_00,Wp,average,20,230.0,0.25,5,0,9,0
Impacted_Buildings_[#],05_00_09_00,Wp,average,60,920.0,0.21,5,0,9,0
Impacted_Buildings_[#],05_00_09_00,Wp,average,100,960.0,0.09,5,0,9,0
Impacted_Buildings_[#],05_00_11_00,D,average,20,540.0,0.8,5,0,11,0
Impacted_Buildings_[#],05_00_11_00,D,average,60,1280.0,0.54,5,0,11,0
Impacted_Buildings_[#],05_00_11_00,D,average,100,1520.0,0.39,5,0,11,0
Impacted_Buildings_[#],05_00_11_00,D&G,average,20,520.0,0.71,5,0,11,0
Impacted_Buildings_[#],05_00_11_00,D&G,average,60,1360.0,0.5,5,0,11,0
Impacted_Buildings_[#],05_00_11_00,D&G,average,100,1550.0,0.32,5,0,11,0
Impacted_Buildings_[#],05_00_11_00,D&G&Wp,average,20,600.0,0.76,5,0,11,0
Impacted_Buildings_[#],05_00_11_00,D&G&Wp,average,60,1510.0,0.46,5,0,11,0
Impacted_Buildings_[#],05_00_11_00,D&G&Wp,average,100,1670.0,0.25,5,0,11,0
Impacted_Buildings_[#],05_00_11_00,D&Wp,average,20,640.0,0.82,5,0,11,0
Impacted_Buildings_[#],05_00_11_00,D&Wp,average,60,1550.0,0.45,5,0,11,0
Impacted_Buildings_[#],05_00_11_00,D&Wp,average,100,1720.0,0.24,5,0,11,0
Impacted_Buildings_[#],05_00_11_00,G,average,20,510.0,0.63,5,0,11,0
Impacted_Buildings_[#],05_00_11_00,G,average,60,1430.0,0.47,5,0,11,0
Impacted_Buildings_[#],05_00_11_00,G,average,100,1580.0,0.27,5,0,11,0
Impacted_Buildings_[#],05_00_11_00,G&Wp,average,20,630.0,0.74,5,0,11,0
Impacted_Buildings_[#],05_00_11_00,G&Wp,average,60,1620.0,0.43,5,0,11,0
Impacted_Buildings_[#],05_00_11_00,G&Wp,average,100,1750.0,0.22,5,0,11,0
Impacted_Buildings_[#],05_00_11_00,Wp,average,20,740.0,0.84,5,0,11,0
Impacted_Buildings_[#],05_00_11_00,Wp,average,60,1810.0,0.41,5,0,11,0
Impacted_Buildings_[#],05_00_11_00,Wp,average,100,1910.0,0.18,5,0,11,0
Impacted_Buildings_[#],05_00_13_00,D,average,20,510.0,0.75,5,0,13,0
Impacted_Buildings_[#],05_00_13_00,D,average,60,1220.0,0.51,5,0,13,0
Impacted_Buildings_[#],05_00_13_00,D,average,100,1400.0,0.36,5,0,13,0
Impacted_Buildings_[#],05_00_13_00,D&G,average,20,490.0,0.67,5,0,13,0
Impacted_Buildings_[#],05_00_13_00,D&G,average,60,1300.0,0.48,5,0,13,0
Impacted_Buildings_[#],05_00_13_00,D&G,average,100,1430.0,0.29,5,0,13,0
Impacted_Buildings_[#],05_00_13_00,D&G&Wp,average,20,560.0,0.71,5,0,13,0
Impacted_Buildings_[#],05_00_13_00,D&G&Wp,average,60,1440.0,0.44,5,0,13,0
Impacted_Buildings_[#],05_00_13_00,D&G&Wp,average,100,1530.0,0.23,5,0,13,0
Impacted_Buildings_[#],05_00_13_00,D&Wp,average,20,600.0,0.77,5,0,13,0
Impacted_Buildings_[#],05_00_13_00,D&Wp,average,60,1470.0,0.43,5,0,13,0
Impacted_Buildings_[#],05_00_13_00,D&Wp,average,100,1560.0,0.22,5,0,13,0
Impacted_Buildings_[#],05_00_13_00,G,average,20,480.0,0.6,5,0,13,0
Impacted_Buildings_[#],05_00_13_00,G,average,60,1370.0,0.45,5,0,13,0
Impacted_Buildings_[#],05_00_13_00,G,average,100,1470.0,0.25,5,0,13,0
Impacted_Buildings_[#],05_00_13_00,G&Wp,average,20,590.0,0.7,5,0,13,0
Impacted_Buildings_[#],05_00_13_00,G&Wp,average,60,1550.0,0.41,5,0,13,0
Impacted_Buildings_[#],05_00_13_00,G&Wp,average,100,1600.0,0.2,5,0,13,0
Impacted_Buildings_[#],05_00_13_00,Wp,average,20,690.0,0.79,5,0,13,0
Impacted_Buildings_[#],05_00_13_00,Wp,average,60,1720.0,0.39,5,0,13,0
Impacted_Buildings_[#],05_00_13_00,Wp,average,100,1720.0,0.17,5,0,13,0
Impacted_Buildings_[#],07_00_00_00,D,average,20,540.0,0.8,7,0,0,0
Impacted_Buildings_[#],07_00_00_00,D,average,60,1240.0,0.52,7,0,0,0
Impacted_Buildings_[#],07_00_00_00,D,average,100,1500.0,0.38,7,0,0,0
Impacted_Buildings_[#],07_00_00_00,D&G,average,20,520.0,0.71,7,0,0,0
Impacted_Buildings_[#],07_00_00_00,D&G,average,60,1320.0,0.48,7,0,0,0
Impacted_Buildings_[#],07_00_00_00,D&G,average,100,1590.0,0.33,7,0,0,0
Impacted_Buildings_[#],07_00_00_00,D&G&Wp,average,20,600.0,0.76,7,0,0,0
Impacted_Buildings_[#],07_00_00_00,D&G&Wp,average,60,1480.0,0.45,7,0,0,0
Impacted_Buildings_[#],07_00_00_00,D&G&Wp,average,100,1680.0,0.25,7,0,0,0
Impacted_Buildings_[#],07_00_00_00,D&Wp,average,20,640.0,0.82,7,0,0,0
Impacted_Buildings_[#],07_00_00_00,D&Wp,average,60,1530.0,0.45,7,0,0,0
Impacted_Buildings_[#],07_00_00_00,D&Wp,average,100,1670.0,0.23,7,0,0,0
Impacted_Buildings_[#],07_00_00_00,G,average,20,510.0,0.63,7,0,0,0
Impacted_Buildings_[#],07_00_00_00,G,average,60,1390.0,0.45,7,0,0,0
Impacted_Buildings_[#],07_00_00_00,G,average,100,1690.0,0.29,7,0,0,0
Impacted_Buildings_[#],07_00_00_00,G&Wp,average,20,630.0,0.74,7,0,0,0
Impacted_Buildings_[#],07_00_00_00,G&Wp,average,60,1600.0,0.43,7,0,0,0
Impacted_Buildings_[#],07_00_00_00,G&Wp,average,100,1770.0,0.22,7,0,0,0
Impacted_Buildings_[#],07_00_00_00,Wp,average,20,750.0,0.85,7,0,0,0
Impacted_Buildings_[#],07_00_00_00,Wp,average,60,1810.0,0.41,7,0,0,0
Impacted_Buildings_[#],07_00_00_00,Wp,average,100,1850.0,0.18,7,0,0,0
Impacted_Buildings_[#],07_00_01_00,D,average,20,540.0,0.79,7,0,1,0
Impacted_Buildings_[#],07_00_01_00,D,average,60,1210.0,0.51,7,0,1,0
Impacted_Buildings_[#],07_00_01_00,D,average,100,1370.0,0.35,7,0,1,0
Impacted_Buildings_[#],07_00_01_00,D&G,average,20,520.0,0.71,7,0,1,0
Impacted_Buildings_[#],07_00_01_00,D&G,average,60,1290.0,0.47,7,0,1,0
Impacted_Buildings_[#],07_00_01_00,D&G,average,100,1400.0,0.29,7,0,1,0
Impacted_Buildings_[#],07_00_01_00,D&G&Wp,average,20,590.0,0.75,7,0,1,0
Impacted_Buildings_[#],07_00_01_00,D&G&Wp,average,60,1440.0,0.44,7,0,1,0
Impacted_Buildings_[#],07_00_01_00,D&G&Wp,average,100,1530.0,0.23,7,0,1,0
Impacted_Buildings_[#],07_00_01_00,D&Wp,average,20,630.0,0.81,7,0,1,0
Impacted_Buildings_[#],07_00_01_00,D&Wp,average,60,1480.0,0.44,7,0,1,0
Impacted_Buildings_[#],07_00_01_00,D&Wp,average,100,1580.0,0.22,7,0,1,0
Impacted_Buildings_[#],07_00_01_00,G,average,20,510.0,0.63,7,0,1,0
Impacted_Buildings_[#],07_00_01_00,G,average,60,1360.0,0.44,7,0,1,0
Impacted_Buildings_[#],07_00_01_00,G,average,100,1430.0,0.25,7,0,1,0
Impacted_Buildings_[#],07_00_01_00,G&Wp,average,20,620.0,0.73,7,0,1,0
Impacted_Buildings_[#],07_00_01_00,G&Wp,average,60,1550.0,0.41,7,0,1,0
Impacted_Buildings_[#],07_00_01_00,G&Wp,average,100,1610.0,0.2,7,0,1,0
Impacted_Buildings_[#],07_00_01_00,Wp,average,20,720.0,0.82,7,0,1,0
Impacted_Buildings_[#],07_00_01_00,Wp,average,60,1750.0,0.4,7,0,1,0
Impacted_Buildings_[#],07_00_01_00,Wp,average,100,1790.0,0.17,7,0,1,0
Impacted_Buildings_[#],07_00_03_00,D,average,20,510.0,0.75,7,0,3,0
Impacted_Buildings_[#],07_00_03_00,D,average,60,1180.0,0.5,7,0,3,0
Impacted_Buildings_[#],07_00_03_00,D,average,100,1340.0,0.34,7,0,3,0
Impacted_Buildings_[#],07_00_03_00,D&G,average,20,490.0,0.67,7,0,3,0
Impacted_Buildings_[#],07_00_03_00,D&G,average,60,1260.0,0.46,7,0,3,0
Impacted_Buildings_[#],07_00_03_00,D&G,average,100,1370.0,0.28,7,0,3,0
Impacted_Buildings_[#],07_00_03_00,D&G&Wp,average,20,560.0,0.71,7,0,3,0
Impacted_Buildings_[#],07_00_03_00,D&G&Wp,average,60,1410.0,0.43,7,0,3,0
Impacted_Buildings_[#],07_00_03_00,D&G&Wp,average,100,1500.0,0.22,7,0,3,0
Impacted_Buildings_[#],07_00_03_00,D&Wp,average,20,600.0,0.77,7,0,3,0
Impacted_Buildings_[#],07_00_03_00,D&Wp,average,60,1450.0,0.43,7,0,3,0
Impacted_Buildings_[#],07_00_03_00,D&Wp,average,100,1550.0,0.22,7,0,3,0
Impacted_Buildings_[#],07_00_03_00,G,average,20,480.0,0.6,7,0,3,0
Impacted_Buildings_[#],07_00_03_00,G,average,60,1330.0,0.43,7,0,3,0
Impacted_Buildings_[#],07_00_03_00,G,average,100,1400.0,0.24,7,0,3,0
Impacted_Buildings_[#],07_00_03_00,G&Wp,average,20,590.0,0.7,7,0,3,0
Impacted_Buildings_[#],07_00_03_00,G&Wp,average,60,1530.0,0.41,7,0,3,0
Impacted_Buildings_[#],07_00_03_00,G&Wp,average,100,1580.0,0.2,7,0,3,0
Impacted_Buildings_[#],07_00_03_00,Wp,average,20,690.0,0.78,7,0,3,0
Impacted_Buildings_[#],07_00_03_00,Wp,average,60,1720.0,0.39,7,0,3,0
Impacted_Buildings_[#],07_00_03_00,Wp,average,100,1760.0,0.17,7,0,3,0
Impacted_Buildings_[#],07_00_05_00,D,average,20,200.0,0.29,7,0,5,0
Impacted_Buildings_[#],07_00_05_00,D,average,60,700.0,0.29,7,0,5,0
Impacted_Buildings_[#],07_00_05_00,D,average,100,740.0,0.19,7,0,5,0
Impacted_Buildings_[#],07_00_05_00,D&G,average,20,210.0,0.28,7,0,5,0
Impacted_Buildings_[#],07_00_05_00,D&G,average,60,760.0,0.28,7,0,5,0
Impacted_Buildings_[#],07_00_05_00,D&G,average,100,800.0,0.16,7,0,5,0
Impacted_Buildings_[#],07_00_05_00,D&G&Wp,average,20,220.0,0.27,7,0,5,0
Impacted_Buildings_[#],07_00_05_00,D&G&Wp,average,60,840.0,0.25,7,0,5,0
Impacted_Buildings_[#],07_00_05_00,D&G&Wp,average,100,880.0,0.13,7,0,5,0
Impacted_Buildings_[#],07_00_05_00,D&Wp,average,20,210.0,0.27,7,0,5,0
Impacted_Buildings_[#],07_00_05_00,D&Wp,average,60,850.0,0.25,7,0,5,0
Impacted_Buildings_[#],07_00_05_00,D&Wp,average,100,890.0,0.12,7,0,5,0
Impacted_Buildings_[#],07_00_05_00,G,average,20,230.0,0.28,7,0,5,0
Impacted_Buildings_[#],07_00_05_00,G,average,60,820.0,0.27,7,0,5,0
Impacted_Buildings_[#],07_00_05_00,G,average,100,860.0,0.15,7,0,5,0
Impacted_Buildings_[#],07_00_05_00,G&Wp,average,20,230.0,0.26,7,0,5,0
Impacted_Buildings_[#],07_00_05_00,G&Wp,average,60,900.0,0.24,7,0,5,0
Impacted_Buildings_[#],07_00_05_00,G&Wp,average,100,950.0,0.12,7,0,5,0
Impacted_Buildings_[#],07_00_05_00,Wp,average,20,230.0,0.25,7,0,5,0
Impacted_Buildings_[#],07_00_05_00,Wp,average,60,990.0,0.22,7,0,5,0
Impacted_Buildings_[#],07_00_05_00,Wp,average,100,1030.0,0.1,7,0,5,0
Impacted_Buildings_[#],07_00_07_00,D,average,20,220.0,0.33,7,0,7,0
Impacted_Buildings_[#],07_00_07_00,D,average,60,820.0,0.35,7,0,7,0
Impacted_Buildings_[#],07_00_07_00,D,average,100,890.0,0.22,7,0,7,0
Impacted_Buildings_[#],07_00_07_00,D&G,average,20,240.0,0.32,7,0,7,0
Impacted_Buildings_[#],07_00_07_00,D&G,average,60,880.0,0.32,7,0,7,0
Impacted_Buildings_[#],07_00_07_00,D&G,average,100,930.0,0.19,7,0,7,0
Impacted_Buildings_[#],07_00_07_00,D&G&Wp,average,20,240.0,0.3,7,0,7,0
Impacted_Buildings_[#],07_00_07_00,D&G&Wp,average,60,960.0,0.29,7,0,7,0
Impacted_Buildings_[#],07_00_07_00,D&G&Wp,average,100,1000.0,0.15,7,0,7,0
Impacted_Buildings_[#],07_00_07_00,D&Wp,average,20,240.0,0.3,7,0,7,0
Impacted_Buildings_[#],07_00_07_00,D&Wp,average,60,960.0,0.28,7,0,7,0
Impacted_Buildings_[#],07_00_07_00,D&Wp,average,100,1010.0,0.14,7,0,7,0
Impacted_Buildings_[#],07_00_07_00,G,average,20,250.0,0.31,7,0,7,0
Impacted_Buildings_[#],07_00_07_00,G,average,60,940.0,0.31,7,0,7,0
Impacted_Buildings_[#],07_00_07_00,G,average,100,960.0,0.17,7,0,7,0
Impacted_Buildings_[#],07_00_07_00,G&Wp,average,20,250.0,0.29,7,0,7,0
Impacted_Buildings_[#],07_00_07_00,G&Wp,average,60,1020.0,0.27,7,0,7,0
Impacted_Buildings_[#],07_00_07_00,G&Wp,average,100,1050.0,0.13,7,0,7,0
Impacted_Buildings_[#],07_00_07_00,Wp,average,20,250.0,0.28,7,0,7,0
Impacted_Buildings_[#],07_00_07_00,Wp,average,60,1110.0,0.25,7,0,7,0
Impacted_Buildings_[#],07_00_07_00,Wp,average,100,1140.0,0.11,7,0,7,0
Impacted_Buildings_[#],07_00_09_00,D,average,20,200.0,0.29,7,0,9,0
Impacted_Buildings_[#],07_00_09_00,D,average,60,660.0,0.28,7,0,9,0
Impacted_Buildings_[#],07_00_09_00,D,average,100,660.0,0.17,7,0,9,0
Impacted_Buildings_[#],07_00_09_00,D&G,average,20,210.0,0.28,7,0,9,0
Impacted_Buildings_[#],07_00_09_00,D&G,average,60,710.0,0.26,7,0,9,0
Impacted_Buildings_[#],07_00_09_00,D&G,average,100,710.0,0.15,7,0,9,0
Impacted_Buildings_[#],07_00_09_00,D&G&Wp,average,20,220.0,0.27,7,0,9,0
Impacted_Buildings_[#],07_00_09_00,D&G&Wp,average,60,780.0,0.24,7,0,9,0
Impacted_Buildings_[#],07_00_09_00,D&G&Wp,average,100,800.0,0.12,7,0,9,0
Impacted_Buildings_[#],07_00_09_00,D&Wp,average,20,210.0,0.27,7,0,9,0
Impacted_Buildings_[#],07_00_09_00,D&Wp,average,60,790.0,0.23,7,0,9,0
Impacted_Buildings_[#],07_00_09_00,D&Wp,average,100,810.0,0.11,7,0,9,0
Impacted_Buildings_[#],07_00_09_00,G,average,20,230.0,0.28,7,0,9,0
Impacted_Buildings_[#],07_00_09_00,G,average,60,770.0,0.25,7,0,9,0
Impacted_Buildings_[#],07_00_09_00,G,average,100,770.0,0.13,7,0,9,0
Impacted_Buildings_[#],07_00_09_00,G&Wp,average,20,230.0,0.26,7,0,9,0
Impacted_Buildings_[#],07_00_09_00,G&Wp,average,60,850.0,0.23,7,0,9,0
Impacted_Buildings_[#],07_00_09_00,G&Wp,average,100,870.0,0.11,7,0,9,0
Impacted_Buildings_[#],07_00_09_00,Wp,average,20,230.0,0.25,7,0,9,0
Impacted_Buildings_[#],07_00_09_00,Wp,average,60,920.0,0.21,7,0,9,0
Impacted_Buildings_[#],07_00_09_00,Wp,average,100,960.0,0.09,7,0,9,0
Impacted_Buildings_[#],07_00_11_00,D,average,20,540.0,0.8,7,0,11,0
Impacted_Buildings_[#],07_00_11_00,D,average,60,1240.0,0.52,7,0,11,0
Impacted_Buildings_[#],07_00_11_00,D,average,100,1480.0,0.38,7,0,11,0
Impacted_Buildings_[#],07_00_11_00,D&G,average,20,520.0,0.71,7,0,11,0
Impacted_Buildings_[#],07_00_11_00,D&G,average,60,1320.0,0.48,7,0,11,0
Impacted_Buildings_[#],07_00_11_00,D&G,average,100,1510.0,0.31,7,0,11,0
Impacted_Buildings_[#],07_00_11_00,D&G&Wp,average,20,600.0,0.76,7,0,11,0
Impacted_Buildings_[#],07_00_11_00,D&G&Wp,average,60,1480.0,0.45,7,0,11,0
Impacted_Buildings_[#],07_00_11_00,D&G&Wp,average,100,1620.0,0.24,7,0,11,0
Impacted_Buildings_[#],07_00_11_00,D&Wp,average,20,640.0,0.82,7,0,11,0
Impacted_Buildings_[#],07_00_11_00,D&Wp,average,60,1520.0,0.45,7,0,11,0
Impacted_Buildings_[#],07_00_11_00,D&Wp,average,100,1660.0,0.23,7,0,11,0
Impacted_Buildings_[#],07_00_11_00,G,average,20,510.0,0.63,7,0,11,0
Impacted_Buildings_[#],07_00_11_00,G,average,60,1390.0,0.45,7,0,11,0
Impacted_Buildings_[#],07_00_11_00,G,average,100,1540.0,0.26,7,0,11,0
Impacted_Buildings_[#],07_00_11_00,G&Wp,average,20,630.0,0.74,7,0,11,0
Impacted_Buildings_[#],07_00_11_00,G&Wp,average,60,1600.0,0.43,7,0,11,0
Impacted_Buildings_[#],07_00_11_00,G&Wp,average,100,1690.0,0.21,7,0,11,0
Impacted_Buildings_[#],07_00_11_00,Wp,average,20,740.0,0.84,7,0,11,0
Impacted_Buildings_[#],07_00_11_00,Wp,average,60,1810.0,0.41,7,0,11,0
Impacted_Buildings_[#],07_00_11_00,Wp,average,100,1840.0,0.18,7,0,11,0
Impacted_Buildings_[#],07_00_13_00,D,average,20,510.0,0.75,7,0,13,0
Impacted_Buildings_[#],07_00_13_00,D,average,60,1180.0,0.5,7,0,13,0
Impacted_Buildings_[#],07_00_13_00,D,average,100,1360.0,0.35,7,0,13,0
Impacted_Buildings_[#],07_00_13_00,D&G,average,20,490.0,0.67,7,0,13,0
Impacted_Buildings_[#],07_00_13_00,D&G,average,60,1260.0,0.46,7,0,13,0
Impacted_Buildings_[#],07_00_13_00,D&G,average,100,1400.0,0.29,7,0,13,0
Impacted_Buildings_[#],07_00_13_00,D&G&Wp,average,20,560.0,0.71,7,0,13,0
Impacted_Buildings_[#],07_00_13_00,D&G&Wp,average,60,1410.0,0.43,7,0,13,0
Impacted_Buildings_[#],07_00_13_00,D&G&Wp,average,100,1520.0,0.23,7,0,13,0
Impacted_Buildings_[#],07_00_13_00,D&Wp,average,20,600.0,0.77,7,0,13,0
Impacted_Buildings_[#],07_00_13_00,D&Wp,average,60,1450.0,0.43,7,0,13,0
Impacted_Buildings_[#],07_00_13_00,D&Wp,average,100,1560.0,0.22,7,0,13,0
Impacted_Buildings_[#],07_00_13_00,G,average,20,480.0,0.6,7,0,13,0
Impacted_Buildings_[#],07_00_13_00,G,average,60,1330.0,0.43,7,0,13,0
Impacted_Buildings_[#],07_00_13_00,G,average,100,1430.0,0.25,7,0,13,0
Impacted_Buildings_[#],07_00_13_00,G&Wp,average,20,590.0,0.7,7,0,13,0
Impacted_Buildings_[#],07_00_13_00,G&Wp,average,60,1530.0,0.41,7,0,13,0
Impacted_Buildings_[#],07_00_13_00,G&Wp,average,100,1600.0,0.2,7,0,13,0
Impacted_Buildings_[#],07_00_13_00,Wp,average,20,690.0,0.79,7,0,13,0
Impacted_Buildings_[#],07_00_13_00,Wp,average,60,1720.0,0.39,7,0,13,0
Impacted_Buildings_[#],07_00_13_00,Wp,average,100,1760.0,0.17,7,0,13,0
Impacted_Buildings_[#],09_00_00_00,D,average,20,680.0,1.0,9,0,0,0
Impacted_Buildings_[#],09_00_00_00,D,average,60,2370.0,1.0,9,0,0,0
Impacted_Buildings_[#],09_00_00_00,D,average,100,3930.0,1.0,9,0,0,0
Impacted_Buildings_[#],09_00_00_00,D&G,average,20,740.0,1.0,9,0,0,0
Impacted_Buildings_[#],09_00_00_00,D&G,average,60,2710.0,1.0,9,0,0,0
Impacted_Buildings_[#],09_00_00_00,D&G,average,100,4650.0,0.96,9,0,0,0
Impacted_Buildings_[#],09_00_00_00,D&G&Wp,average,20,790.0,1.0,9,0,0,0
Impacted_Buildings_[#],09_00_00_00,D&G&Wp,average,60,3280.0,1.0,9,0,0,0
Impacted_Buildings_[#],09_00_00_00,D&G&Wp,average,100,5520.0,0.83,9,0,0,0
Impacted_Buildings_[#],09_00_00_00,D&Wp,average,20,780.0,1.0,9,0,0,0
Impacted_Buildings_[#],09_00_00_00,D&Wp,average,60,3400.0,1.0,9,0,0,0
Impacted_Buildings_[#],09_00_00_00,D&Wp,average,100,5590.0,0.79,9,0,0,0
Impacted_Buildings_[#],09_00_00_00,G,average,20,800.0,1.0,9,0,0,0
Impacted_Buildings_[#],09_00_00_00,G,average,60,3060.0,1.0,9,0,0,0
Impacted_Buildings_[#],09_00_00_00,G,average,100,5380.0,0.93,9,0,0,0
Impacted_Buildings_[#],09_00_00_00,G&Wp,average,20,840.0,1.0,9,0,0,0
Impacted_Buildings_[#],09_00_00_00,G&Wp,average,60,3740.0,1.0,9,0,0,0
Impacted_Buildings_[#],09_00_00_00,G&Wp,average,100,6320.0,0.78,9,0,0,0
Impacted_Buildings_[#],09_00_00_00,Wp,average,20,880.0,1.0,9,0,0,0
Impacted_Buildings_[#],09_00_00_00,Wp,average,60,4420.0,1.0,9,0,0,0
Impacted_Buildings_[#],09_00_00_00,Wp,average,100,7260.0,0.7,9,0,0,0
Impacted_Buildings_[#],09_00_01_00,D,average,20,660.0,0.97,9,0,1,0
Impacted_Buildings_[#],09_00_01_00,D,average,60,1960.0,0.83,9,0,1,0
Impacted_Buildings_[#],09_00_01_00,D,average,100,2320.0,0.59,9,0,1,0
Impacted_Buildings_[#],09_00_01_00,D&G,average,20,720.0,0.97,9,0,1,0
Impacted_Buildings_[#],09_00_01_00,D&G,average,60,2200.0,0.81,9,0,1,0
Impacted_Buildings_[#],09_00_01_00,D&G,average,100,2580.0,0.53,9,0,1,0
Impacted_Buildings_[#],09_00_01_00,D&G&Wp,average,20,760.0,0.97,9,0,1,0
Impacted_Buildings_[#],09_00_01_00,D&G&Wp,average,60,2600.0,0.79,9,0,1,0
Impacted_Buildings_[#],09_00_01_00,D&G&Wp,average,100,2890.0,0.43,9,0,1,0
Impacted_Buildings_[#],09_00_01_00,D&Wp,average,20,760.0,0.97,9,0,1,0
Impacted_Buildings_[#],09_00_01_00,D&Wp,average,60,2680.0,0.79,9,0,1,0
Impacted_Buildings_[#],09_00_01_00,D&Wp,average,100,2920.0,0.41,9,0,1,0
Impacted_Buildings_[#],09_00_01_00,G,average,20,780.0,0.97,9,0,1,0
Impacted_Buildings_[#],09_00_01_00,G,average,60,2450.0,0.8,9,0,1,0
Impacted_Buildings_[#],09_00_01_00,G,average,100,2840.0,0.49,9,0,1,0
Impacted_Buildings_[#],09_00_01_00,G&Wp,average,20,820.0,0.97,9,0,1,0
Impacted_Buildings_[#],09_00_01_00,G&Wp,average,60,2920.0,0.78,9,0,1,0
Impacted_Buildings_[#],09_00_01_00,G&Wp,average,100,3180.0,0.39,9,0,1,0
Impacted_Buildings_[#],09_00_01_00,Wp,average,20,860.0,0.97,9,0,1,0
Impacted_Buildings_[#],09_00_01_00,Wp,average,60,3390.0,0.77,9,0,1,0
Impacted_Buildings_[#],09_00_01_00,Wp,average,100,3520.0,0.34,9,0,1,0
Impacted_Buildings_[#],09_00_03_00,D,average,20,630.0,0.93,9,0,3,0
Impacted_Buildings_[#],09_00_03_00,D,average,60,1920.0,0.81,9,0,3,0
Impacted_Buildings_[#],09_00_03_00,D,average,100,2270.0,0.58,9,0,3,0
Impacted_Buildings_[#],09_00_03_00,D&G,average,20,680.0,0.93,9,0,3,0
Impacted_Buildings_[#],09_00_03_00,D&G,average,60,2150.0,0.79,9,0,3,0
Impacted_Buildings_[#],09_00_03_00,D&G,average,100,2520.0,0.52,9,0,3,0
Impacted_Buildings_[#],09_00_03_00,D&G&Wp,average,20,730.0,0.93,9,0,3,0
Impacted_Buildings_[#],09_00_03_00,D&G&Wp,average,60,2540.0,0.77,9,0,3,0
Impacted_Buildings_[#],09_00_03_00,D&G&Wp,average,100,2830.0,0.42,9,0,3,0
Impacted_Buildings_[#],09_00_03_00,D&Wp,average,20,720.0,0.92,9,0,3,0
Impacted_Buildings_[#],09_00_03_00,D&Wp,average,60,2620.0,0.77,9,0,3,0
Impacted_Buildings_[#],09_00_03_00,D&Wp,average,100,2860.0,0.4,9,0,3,0
Impacted_Buildings_[#],09_00_03_00,G,average,20,740.0,0.93,9,0,3,0
Impacted_Buildings_[#],09_00_03_00,G,average,60,2390.0,0.78,9,0,3,0
Impacted_Buildings_[#],09_00_03_00,G,average,100,2770.0,0.48,9,0,3,0
Impacted_Buildings_[#],09_00_03_00,G&Wp,average,20,780.0,0.92,9,0,3,0
Impacted_Buildings_[#],09_00_03_00,G&Wp,average,60,2850.0,0.76,9,0,3,0
Impacted_Buildings_[#],09_00_03_00,G&Wp,average,100,3110.0,0.39,9,0,3,0
Impacted_Buildings_[#],09_00_03_00,Wp,average,20,810.0,0.92,9,0,3,0
Impacted_Buildings_[#],09_00_03_00,Wp,average,60,3320.0,0.75,9,0,3,0
Impacted_Buildings_[#],09_00_03_00,Wp,average,100,3440.0,0.33,9,0,3,0
Impacted_Buildings_[#],09_00_05_00,D,average,20,200.0,0.29,9,0,5,0
Impacted_Buildings_[#],09_00_05_00,D,average,60,700.0,0.29,9,0,5,0
Impacted_Buildings_[#],09_00_05_00,D,average,100,740.0,0.19,9,0,5,0
Impacted_Buildings_[#],09_00_05_00,D&G,average,20,210.0,0.28,9,0,5,0
Impacted_Buildings_[#],09_00_05_00,D&G,average,60,760.0,0.28,9,0,5,0
Impacted_Buildings_[#],09_00_05_00,D&G,average,100,800.0,0.16,9,0,5,0
Impacted_Buildings_[#],09_00_05_00,D&G&Wp,average,20,220.0,0.27,9,0,5,0
Impacted_Buildings_[#],09_00_05_00,D&G&Wp,average,60,840.0,0.25,9,0,5,0
Impacted_Buildings_[#],09_00_05_00,D&G&Wp,average,100,880.0,0.13,9,0,5,0
Impacted_Buildings_[#],09_00_05_00,D&Wp,average,20,210.0,0.27,9,0,5,0
Impacted_Buildings_[#],09_00_05_00,D&Wp,average,60,850.0,0.25,9,0,5,0
Impacted_Buildings_[#],09_00_05_00,D&Wp,average,100,890.0,0.12,9,0,5,0
Impacted_Buildings_[#],09_00_05_00,G,average,20,230.0,0.28,9,0,5,0
Impacted_Buildings_[#],09_00_05_00,G,average,60,820.0,0.27,9,0,5,0
Impacted_Buildings_[#],09_00_05_00,G,average,100,860.0,0.15,9,0,5,0
Impacted_Buildings_[#],09_00_05_00,G&Wp,average,20,230.0,0.26,9,0,5,0
Impacted_Buildings_[#],09_00_05_00,G&Wp,average,60,900.0,0.24,9,0,5,0
Impacted_Buildings_[#],09_00_05_00,G&Wp,average,100,950.0,0.12,9,0,5,0
Impacted_Buildings_[#],09_00_05_00,Wp,average,20,230.0,0.25,9,0,5,0
Impacted_Buildings_[#],09_00_05_00,Wp,average,60,990.0,0.22,9,0,5,0
Impacted_Buildings_[#],09_00_05_00,Wp,average,100,1030.0,0.1,9,0,5,0
Impacted_Buildings_[#],09_00_07_00,D,average,20,220.0,0.32,9,0,7,0
Impacted_Buildings_[#],09_00_07_00,D,average,60,930.0,0.39,9,0,7,0
Impacted_Buildings_[#],09_00_07_00,D,average,100,1040.0,0.26,9,0,7,0
Impacted_Buildings_[#],09_00_07_00,D&G,average,20,240.0,0.32,9,0,7,0
Impacted_Buildings_[#],09_00_07_00,D&G,average,60,990.0,0.36,9,0,7,0
Impacted_Buildings_[#],09_00_07_00,D&G,average,100,1070.0,0.22,9,0,7,0
Impacted_Buildings_[#],09_00_07_00,D&G&Wp,average,20,240.0,0.3,9,0,7,0
Impacted_Buildings_[#],09_00_07_00,D&G&Wp,average,60,1080.0,0.33,9,0,7,0
Impacted_Buildings_[#],09_00_07_00,D&G&Wp,average,100,1150.0,0.17,9,0,7,0
Impacted_Buildings_[#],09_00_07_00,D&Wp,average,20,240.0,0.3,9,0,7,0
Impacted_Buildings_[#],09_00_07_00,D&Wp,average,60,1090.0,0.32,9,0,7,0
Impacted_Buildings_[#],09_00_07_00,D&Wp,average,100,1170.0,0.16,9,0,7,0
Impacted_Buildings_[#],09_00_07_00,G,average,20,250.0,0.31,9,0,7,0
Impacted_Buildings_[#],09_00_07_00,G,average,60,1050.0,0.34,9,0,7,0
Impacted_Buildings_[#],09_00_07_00,G,average,100,1090.0,0.19,9,0,7,0
Impacted_Buildings_[#],09_00_07_00,G&Wp,average,20,250.0,0.29,9,0,7,0
Impacted_Buildings_[#],09_00_07_00,G&Wp,average,60,1150.0,0.31,9,0,7,0
Impacted_Buildings_[#],09_00_07_00,G&Wp,average,100,1200.0,0.15,9,0,7,0
Impacted_Buildings_[#],09_00_07_00,Wp,average,20,250.0,0.28,9,0,7,0
Impacted_Buildings_[#],09_00_07_00,Wp,average,60,1250.0,0.28,9,0,7,0
Impacted_Buildings_[#],09_00_07_00,Wp,average,100,1310.0,0.13,9,0,7,0
Impacted_Buildings_[#],09_00_09_00,D,average,20,200.0,0.29,9,0,9,0
Impacted_Buildings_[#],09_00_09_00,D,average,60,660.0,0.28,9,0,9,0
Impacted_Buildings_[#],09_00_09_00,D,average,100,660.0,0.17,9,0,9,0
Impacted_Buildings_[#],09_00_09_00,D&G,average,20,210.0,0.28,9,0,9,0
Impacted_Buildings_[#],09_00_09_00,D&G,average,60,710.0,0.26,9,0,9,0
Impacted_Buildings_[#],09_00_09_00,D&G,average,100,710.0,0.15,9,0,9,0
Impacted_Buildings_[#],09_00_09_00,D&G&Wp,average,20,220.0,0.27,9,0,9,0
Impacted_Buildings_[#],09_00_09_00,D&G&Wp,average,60,780.0,0.24,9,0,9,0
Impacted_Buildings_[#],09_00_09_00,D&G&Wp,average,100,800.0,0.12,9,0,9,0
Impacted_Buildings_[#],09_00_09_00,D&Wp,average,20,210.0,0.27,9,0,9,0
Impacted_Buildings_[#],09_00_09_00,D&Wp,average,60,790.0,0.23,9,0,9,0
Impacted_Buildings_[#],09_00_09_00,D&Wp,average,100,810.0,0.11,9,0,9,0
Impacted_Buildings_[#],09_00_09_00,G,average,20,230.0,0.28,9,0,9,0
Impacted_Buildings_[#],09_00_09_00,G,average,60,770.0,0.25,9,0,9,0
Impacted_Buildings_[#],09_00_09_00,G,average,100,770.0,0.13,9,0,9,0
Impacted_Buildings_[#],09_00_09_00,G&Wp,average,20,230.0,0.26,9,0,9,0
Impacted_Buildings_[#],09_00_09_00,G&Wp,average,60,850.0,0.23,9,0,9,0
Impacted_Buildings_[#],09_00_09_00,G&Wp,average,100,870.0,0.11,9,0,9,0
Impacted_Buildings_[#],09_00_09_00,Wp,average,20,230.0,0.25,9,0,9,0
Impacted_Buildings_[#],09_00_09_00,Wp,average,60,920.0,0.21,9,0,9,0
Impacted_Buildings_[#],09_00_09_00,Wp,average,100,960.0,0.09,9,0,9,0
Impacted_Buildings_[#],09_00_11_00,D,average,20,670.0,1.0,9,0,11,0
Impacted_Buildings_[#],09_00_11_00,D,average,60,2090.0,0.88,9,0,11,0
Impacted_Buildings_[#],09_00_11_00,D,average,100,2820.0,0.72,9,0,11,0
Impacted_Buildings_[#],09_00_11_00,D&G,average,20,740.0,1.0,9,0,11,0
Impacted_Buildings_[#],09_00_11_00,D&G,average,60,2360.0,0.87,9,0,11,0
Impacted_Buildings_[#],09_00_11_00,D&G,average,100,3030.0,0.62,9,0,11,0
Impacted_Buildings_[#],09_00_11_00,D&G&Wp,average,20,780.0,1.0,9,0,11,0
Impacted_Buildings_[#],09_00_11_00,D&G&Wp,average,60,2800.0,0.85,9,0,11,0
Impacted_Buildings_[#],09_00_11_00,D&G&Wp,average,100,3430.0,0.51,9,0,11,0
Impacted_Buildings_[#],09_00_11_00,D&Wp,average,20,780.0,1.0,9,0,11,0
Impacted_Buildings_[#],09_00_11_00,D&Wp,average,60,2900.0,0.85,9,0,11,0
Impacted_Buildings_[#],09_00_11_00,D&Wp,average,100,3530.0,0.5,9,0,11,0
Impacted_Buildings_[#],09_00_11_00,G,average,20,800.0,1.0,9,0,11,0
Impacted_Buildings_[#],09_00_11_00,G,average,60,2620.0,0.86,9,0,11,0
Impacted_Buildings_[#],09_00_11_00,G,average,100,3250.0,0.56,9,0,11,0
Impacted_Buildings_[#],09_00_11_00,G&Wp,average,20,840.0,1.0,9,0,11,0
Impacted_Buildings_[#],09_00_11_00,G&Wp,average,60,3160.0,0.84,9,0,11,0
Impacted_Buildings_[#],09_00_11_00,G&Wp,average,100,3740.0,0.46,9,0,11,0
Impacted_Buildings_[#],09_00_11_00,Wp,average,20,880.0,1.0,9,0,11,0
Impacted_Buildings_[#],09_00_11_00,Wp,average,60,3700.0,0.84,9,0,11,0
Impacted_Buildings_[#],09_00_11_00,Wp,average,100,4230.0,0.41,9,0,11,0
Impacted_Buildings_[#],09_00_13_00,D,average,20,530.0,0.78,9,0,13,0
Impacted_Buildings_[#],09_00_13_00,D,average,60,1570.0,0.66,9,0,13,0
Impacted_Buildings_[#],09_00_13_00,D,average,100,2080.0,0.53,9,0,13,0
Impacted_Buildings_[#],09_00_13_00,D&G,average,20,560.0,0.76,9,0,13,0
Impacted_Buildings_[#],09_00_13_00,D&G,average,60,1780.0,0.66,9,0,13,0
Impacted_Buildings_[#],09_00_13_00,D&G,average,100,2190.0,0.45,9,0,13,0
Impacted_Buildings_[#],09_00_13_00,D&G&Wp,average,20,650.0,0.82,9,0,13,0
Impacted_Buildings_[#],09_00_13_00,D&G&Wp,average,60,2070.0,0.63,9,0,13,0
Impacted_Buildings_[#],09_00_13_00,D&G&Wp,average,100,2430.0,0.36,9,0,13,0
Impacted_Buildings_[#],09_00_13_00,D&Wp,average,20,670.0,0.86,9,0,13,0
Impacted_Buildings_[#],09_00_13_00,D&Wp,average,60,2110.0,0.62,9,0,13,0
Impacted_Buildings_[#],09_00_13_00,D&Wp,average,100,2490.0,0.35,9,0,13,0
Impacted_Buildings_[#],09_00_13_00,G,average,20,600.0,0.75,9,0,13,0
Impacted_Buildings_[#],09_00_13_00,G,average,60,2000.0,0.65,9,0,13,0
Impacted_Buildings_[#],09_00_13_00,G,average,100,2310.0,0.4,9,0,13,0
Impacted_Buildings_[#],09_00_13_00,G&Wp,average,20,710.0,0.84,9,0,13,0
Impacted_Buildings_[#],09_00_13_00,G&Wp,average,60,2330.0,0.62,9,0,13,0
Impacted_Buildings_[#],09_00_13_00,G&Wp,average,100,2600.0,0.32,9,0,13,0
Impacted_Buildings_[#],09_00_13_00,Wp,average,20,810.0,0.92,9,0,13,0
Impacted_Buildings_[#],09_00_13_00,Wp,average,60,2660.0,0.6,9,0,13,0
Impacted_Buildings_[#],09_00_13_00,Wp,average,100,2890.0,0.28,9,0,13,0
Impacted_Buildings_[#],11_00_00_00,D,average,20,680.0,1.0,11,0,0,0
Impacted_Buildings_[#],11_00_00_00,D,average,60,2370.0,1.0,11,0,0,0
Impacted_Buildings_[#],11_00_00_00,D,average,100,3930.0,1.0,11,0,0,0
Impacted_Buildings_[#],11_00_00_00,D&G,average,20,740.0,1.0,11,0,0,0
Impacted_Buildings_[#],11_00_00_00,D&G,average,60,2710.0,1.0,11,0,0,0
Impacted_Buildings_[#],11_00_00_00,D&G,average,100,4650.0,0.96,11,0,0,0
Impacted_Buildings_[#],11_00_00_00,D&G&Wp,average,20,790.0,1.0,11,0,0,0
Impacted_Buildings_[#],11_00_00_00,D&G&Wp,average,60,3280.0,1.0,11,0,0,0
Impacted_Buildings_[#],11_00_00_00,D&G&Wp,average,100,5580.0,0.84,11,0,0,0
Impacted_Buildings_[#],11_00_00_00,D&Wp,average,20,780.0,1.0,11,0,0,0
Impacted_Buildings_[#],11_00_00_00,D&Wp,average,60,3400.0,1.0,11,0,0,0
Impacted_Buildings_[#],11_00_00_00,D&Wp,average,100,5680.0,0.8,11,0,0,0
Impacted_Buildings_[#],11_00_00_00,G,average,20,800.0,1.0,11,0,0,0
Impacted_Buildings_[#],11_00_00_00,G,average,60,3060.0,1.0,11,0,0,0
Impacted_Buildings_[#],11_00_00_00,G,average,100,5380.0,0.93,11,0,0,0
Impacted_Buildings_[#],11_00_00_00,G&Wp,average,20,840.0,1.0,11,0,0,0
Impacted_Buildings_[#],11_00_00_00,G&Wp,average,60,3740.0,1.0,11,0,0,0
Impacted_Buildings_[#],11_00_00_00,G&Wp,average,100,6410.0,0.8,11,0,0,0
Impacted_Buildings_[#],11_00_00_00,Wp,average,20,880.0,1.0,11,0,0,0
Impacted_Buildings_[#],11_00_00_00,Wp,average,60,4420.0,1.0,11,0,0,0
Impacted_Buildings_[#],11_00_00_00,Wp,average,100,7440.0,0.72,11,0,0,0
Impacted_Buildings_[#],11_00_01_00,D,average,20,660.0,0.97,11,0,1,0
Impacted_Buildings_[#],11_00_01_00,D,average,60,1960.0,0.83,11,0,1,0
Impacted_Buildings_[#],11_00_01_00,D,average,100,2320.0,0.59,11,0,1,0
Impacted_Buildings_[#],11_00_01_00,D&G,average,20,720.0,0.97,11,0,1,0
Impacted_Buildings_[#],11_00_01_00,D&G,average,60,2200.0,0.81,11,0,1,0
Impacted_Buildings_[#],11_00_01_00,D&G,average,100,2580.0,0.53,11,0,1,0
Impacted_Buildings_[#],11_00_01_00,D&G&Wp,average,20,760.0,0.97,11,0,1,0
Impacted_Buildings_[#],11_00_01_00,D&G&Wp,average,60,2600.0,0.79,11,0,1,0
Impacted_Buildings_[#],11_00_01_00,D&G&Wp,average,100,2890.0,0.43,11,0,1,0
Impacted_Buildings_[#],11_00_01_00,D&Wp,average,20,760.0,0.97,11,0,1,0
Impacted_Buildings_[#],11_00_01_00,D&Wp,average,60,2680.0,0.79,11,0,1,0
Impacted_Buildings_[#],11_00_01_00,D&Wp,average,100,2920.0,0.41,11,0,1,0
Impacted_Buildings_[#],11_00_01_00,G,average,20,780.0,0.97,11,0,1,0
Impacted_Buildings_[#],11_00_01_00,G,average,60,2450.0,0.8,11,0,1,0
Impacted_Buildings_[#],11_00_01_00,G,average,100,2840.0,0.49,11,0,1,0
Impacted_Buildings_[#],11_00_01_00,G&Wp,average,20,820.0,0.97,11,0,1,0
Impacted_Buildings_[#],11_00_01_00,G&Wp,average,60,2920.0,0.78,11,0,1,0
Impacted_Buildings_[#],11_00_01_00,G&Wp,average,100,3180.0,0.39,11,0,1,0
Impacted_Buildings_[#],11_00_01_00,Wp,average,20,860.0,0.97,11,0,1,0
Impacted_Buildings_[#],11_00_01_00,Wp,average,60,3390.0,0.77,11,0,1,0
Impacted_Buildings_[#],11_00_01_00,Wp,average,100,3520.0,0.34,11,0,1,0
Impacted_Buildings_[#],11_00_03_00,D,average,20,630.0,0.93,11,0,3,0
Impacted_Buildings_[#],11_00_03_00,D,average,60,1920.0,0.81,11,0,3,0
Impacted_Buildings_[#],11_00_03_00,D,average,100,2270.0,0.58,11,0,3,0
Impacted_Buildings_[#],11_00_03_00,D&G,average,20,680.0,0.93,11,0,3,0
Impacted_Buildings_[#],11_00_03_00,D&G,average,60,2150.0,0.79,11,0,3,0
Impacted_Buildings_[#],11_00_03_00,D&G,average,100,2520.0,0.52,11,0,3,0
Impacted_Buildings_[#],11_00_03_00,D&G&Wp,average,20,730.0,0.93,11,0,3,0
Impacted_Buildings_[#],11_00_03_00,D&G&Wp,average,60,2540.0,0.77,11,0,3,0
Impacted_Buildings_[#],11_00_03_00,D&G&Wp,average,100,2830.0,0.42,11,0,3,0
Impacted_Buildings_[#],11_00_03_00,D&Wp,average,20,720.0,0.92,11,0,3,0
Impacted_Buildings_[#],11_00_03_00,D&Wp,average,60,2620.0,0.77,11,0,3,0
Impacted_Buildings_[#],11_00_03_00,D&Wp,average,100,2860.0,0.4,11,0,3,0
Impacted_Buildings_[#],11_00_03_00,G,average,20,740.0,0.93,11,0,3,0
Impacted_Buildings_[#],11_00_03_00,G,average,60,2390.0,0.78,11,0,3,0
Impacted_Buildings_[#],11_00_03_00,G,average,100,2770.0,0.48,11,0,3,0
Impacted_Buildings_[#],11_00_03_00,G&Wp,average,20,780.0,0.92,11,0,3,0
Impacted_Buildings_[#],11_00_03_00,G&Wp,average,60,2850.0,0.76,11,0,3,0
Impacted_Buildings_[#],11_00_03_00,G&Wp,average,100,3110.0,0.39,11,0,3,0
Impacted_Buildings_[#],11_00_03_00,Wp,average,20,810.0,0.92,11,0,3,0
Impacted_Buildings_[#],11_00_03_00,Wp,average,60,3320.0,0.75,11,0,3,0
Impacted_Buildings_[#],11_00_03_00,Wp,average,100,3440.0,0.33,11,0,3,0
Impacted_Buildings_[#],11_00_05_00,D,average,20,200.0,0.29,11,0,5,0
Impacted_Buildings_[#],11_00_05_00,D,average,60,700.0,0.29,11,0,5,0
Impacted_Buildings_[#],11_00_05_00,D,average,100,740.0,0.19,11,0,5,0
Impacted_Buildings_[#],11_00_05_00,D&G,average,20,210.0,0.28,11,0,5,0
Impacted_Buildings_[#],11_00_05_00,D&G,average,60,760.0,0.28,11,0,5,0
Impacted_Buildings_[#],11_00_05_00,D&G,average,100,800.0,0.16,11,0,5,0
Impacted_Buildings_[#],11_00_05_00,D&G&Wp,average,20,220.0,0.27,11,0,5,0
Impacted_Buildings_[#],11_00_05_00,D&G&Wp,average,60,840.0,0.25,11,0,5,0
Impacted_Buildings_[#],11_00_05_00,D&G&Wp,average,100,880.0,0.13,11,0,5,0
Impacted_Buildings_[#],11_00_05_00,D&Wp,average,20,210.0,0.27,11,0,5,0
Impacted_Buildings_[#],11_00_05_00,D&Wp,average,60,850.0,0.25,11,0,5,0
Impacted_Buildings_[#],11_00_05_00,D&Wp,average,100,890.0,0.12,11,0,5,0
Impacted_Buildings_[#],11_00_05_00,G,average,20,230.0,0.28,11,0,5,0
Impacted_Buildings_[#],11_00_05_00,G,average,60,820.0,0.27,11,0,5,0
Impacted_Buildings_[#],11_00_05_00,G,average,100,860.0,0.15,11,0,5,0
Impacted_Buildings_[#],11_00_05_00,G&Wp,average,20,230.0,0.26,11,0,5,0
Impacted_Buildings_[#],11_00_05_00,G&Wp,average,60,900.0,0.24,11,0,5,0
Impacted_Buildings_[#],11_00_05_00,G&Wp,average,100,950.0,0.12,11,0,5,0
Impacted_Buildings_[#],11_00_05_00,Wp,average,20,230.0,0.25,11,0,5,0
Impacted_Buildings_[#],11_00_05_00,Wp,average,60,990.0,0.22,11,0,5,0
Impacted_Buildings_[#],11_00_05_00,Wp,average,100,1030.0,0.1,11,0,5,0
Impacted_Buildings_[#],11_00_07_00,D,average,20,220.0,0.32,11,0,7,0
Impacted_Buildings_[#],11_00_07_00,D,average,60,930.0,0.39,11,0,7,0
Impacted_Buildings_[#],11_00_07_00,D,average,100,1040.0,0.26,11,0,7,0
Impacted_Buildings_[#],11_00_07_00,D&G,average,20,240.0,0.31,11,0,7,0
Impacted_Buildings_[#],11_00_07_00,D&G,average,60,990.0,0.36,11,0,7,0
Impacted_Buildings_[#],11_00_07_00,D&G,average,100,1070.0,0.22,11,0,7,0
Impacted_Buildings_[#],11_00_07_00,D&G&Wp,average,20,240.0,0.3,11,0,7,0
Impacted_Buildings_[#],11_00_07_00,D&G&Wp,average,60,1080.0,0.33,11,0,7,0
Impacted_Buildings_[#],11_00_07_00,D&G&Wp,average,100,1150.0,0.17,11,0,7,0
Impacted_Buildings_[#],11_00_07_00,D&Wp,average,20,240.0,0.3,11,0,7,0
Impacted_Buildings_[#],11_00_07_00,D&Wp,average,60,1090.0,0.32,11,0,7,0
Impacted_Buildings_[#],11_00_07_00,D&Wp,average,100,1170.0,0.16,11,0,7,0
Impacted_Buildings_[#],11_00_07_00,G,average,20,250.0,0.31,11,0,7,0
Impacted_Buildings_[#],11_00_07_00,G,average,60,1050.0,0.34,11,0,7,0
Impacted_Buildings_[#],11_00_07_00,G,average,100,1100.0,0.19,11,0,7,0
Impacted_Buildings_[#],11_00_07_00,G&Wp,average,20,250.0,0.29,11,0,7,0
Impacted_Buildings_[#],11_00_07_00,G&Wp,average,60,1150.0,0.31,11,0,7,0
Impacted_Buildings_[#],11_00_07_00,G&Wp,average,100,1200.0,0.15,11,0,7,0
Impacted_Buildings_[#],11_00_07_00,Wp,average,20,250.0,0.28,11,0,7,0
Impacted_Buildings_[#],11_00_07_00,Wp,average,60,1250.0,0.28,11,0,7,0
Impacted_Buildings_[#],11_00_07_00,Wp,average,100,1310.0,0.13,11,0,7,0
Impacted_Buildings_[#],11_00_09_00,D,average,20,200.0,0.29,11,0,9,0
Impacted_Buildings_[#],11_00_09_00,D,average,60,660.0,0.28,11,0,9,0
Impacted_Buildings_[#],11_00_09_00,D,average,100,660.0,0.17,11,0,9,0
Impacted_Buildings_[#],11_00_09_00,D&G,average,20,210.0,0.28,11,0,9,0
Impacted_Buildings_[#],11_00_09_00,D&G,average,60,710.0,0.26,11,0,9,0
Impacted_Buildings_[#],11_00_09_00,D&G,average,100,710.0,0.15,11,0,9,0
Impacted_Buildings_[#],11_00_09_00,D&G&Wp,average,20,220.0,0.27,11,0,9,0
Impacted_Buildings_[#],11_00_09_00,D&G&Wp,average,60,780.0,0.24,11,0,9,0
Impacted_Buildings_[#],11_00_09_00,D&G&Wp,average,100,800.0,0.12,11,0,9,0
Impacted_Buildings_[#],11_00_09_00,D&Wp,average,20,210.0,0.27,11,0,9,0
Impacted_Buildings_[#],11_00_09_00,D&Wp,average,60,790.0,0.23,11,0,9,0
Impacted_Buildings_[#],11_00_09_00,D&Wp,average,100,810.0,0.11,11,0,9,0
Impacted_Buildings_[#],11_00_09_00,G,average,20,230.0,0.28,11,0,9,0
Impacted_Buildings_[#],11_00_09_00,G,average,60,770.0,0.25,11,0,9,0
Impacted_Buildings_[#],11_00_09_00,G,average,100,770.0,0.13,11,0,9,0
Impacted_Buildings_[#],11_00_09_00,G&Wp,average,20,230.0,0.26,11,0,9,0
Impacted_Buildings_[#],11_00_09_00,G&Wp,average,60,850.0,0.23,11,0,9,0
Impacted_Buildings_[#],11_00_09_00,G&Wp,average,100,870.0,0.11,11,0,9,0
Impacted_Buildings_[#],11_00_09_00,Wp,average,20,230.0,0.25,11,0,9,0
Impacted_Buildings_[#],11_00_09_00,Wp,average,60,920.0,0.21,11,0,9,0
Impacted_Buildings_[#],11_00_09_00,Wp,average,100,960.0,0.09,11,0,9,0
Impacted_Buildings_[#],11_00_11_00,D,average,20,670.0,1.0,11,0,11,0
Impacted_Buildings_[#],11_00_11_00,D,average,60,2130.0,0.9,11,0,11,0
Impacted_Buildings_[#],11_00_11_00,D,average,100,3000.0,0.76,11,0,11,0
Impacted_Buildings_[#],11_00_11_00,D&G,average,20,740.0,1.0,11,0,11,0
Impacted_Buildings_[#],11_00_11_00,D&G,average,60,2400.0,0.88,11,0,11,0
Impacted_Buildings_[#],11_00_11_00,D&G,average,100,3200.0,0.66,11,0,11,0
Impacted_Buildings_[#],11_00_11_00,D&G&Wp,average,20,780.0,1.0,11,0,11,0
Impacted_Buildings_[#],11_00_11_00,D&G&Wp,average,60,2830.0,0.86,11,0,11,0
Impacted_Buildings_[#],11_00_11_00,D&G&Wp,average,100,3540.0,0.53,11,0,11,0
Impacted_Buildings_[#],11_00_11_00,D&Wp,average,20,780.0,1.0,11,0,11,0
Impacted_Buildings_[#],11_00_11_00,D&Wp,average,60,2910.0,0.86,11,0,11,0
Impacted_Buildings_[#],11_00_11_00,D&Wp,average,100,3600.0,0.51,11,0,11,0
Impacted_Buildings_[#],11_00_11_00,G,average,20,800.0,1.0,11,0,11,0
Impacted_Buildings_[#],11_00_11_00,G,average,60,2660.0,0.87,11,0,11,0
Impacted_Buildings_[#],11_00_11_00,G,average,100,3410.0,0.59,11,0,11,0
Impacted_Buildings_[#],11_00_11_00,G&Wp,average,20,840.0,1.0,11,0,11,0
Impacted_Buildings_[#],11_00_11_00,G&Wp,average,60,3180.0,0.85,11,0,11,0
Impacted_Buildings_[#],11_00_11_00,G&Wp,average,100,3810.0,0.47,11,0,11,0
Impacted_Buildings_[#],11_00_11_00,Wp,average,20,880.0,1.0,11,0,11,0
Impacted_Buildings_[#],11_00_11_00,Wp,average,60,3690.0,0.84,11,0,11,0
Impacted_Buildings_[#],11_00_11_00,Wp,average,100,4210.0,0.41,11,0,11,0
Impacted_Buildings_[#],11_00_13_00,D,average,20,630.0,0.93,11,0,13,0
Impacted_Buildings_[#],11_00_13_00,D,average,60,1820.0,0.77,11,0,13,0
Impacted_Buildings_[#],11_00_13_00,D,average,100,2380.0,0.61,11,0,13,0
Impacted_Buildings_[#],11_00_13_00,D&G,average,20,690.0,0.93,11,0,13,0
Impacted_Buildings_[#],11_00_13_00,D&G,average,60,2060.0,0.76,11,0,13,0
Impacted_Buildings_[#],11_00_13_00,D&G,average,100,2510.0,0.52,11,0,13,0
Impacted_Buildings_[#],11_00_13_00,D&G&Wp,average,20,730.0,0.93,11,0,13,0
Impacted_Buildings_[#],11_00_13_00,D&G&Wp,average,60,2350.0,0.72,11,0,13,0
Impacted_Buildings_[#],11_00_13_00,D&G&Wp,average,100,2720.0,0.41,11,0,13,0
Impacted_Buildings_[#],11_00_13_00,D&Wp,average,20,720.0,0.93,11,0,13,0
Impacted_Buildings_[#],11_00_13_00,D&Wp,average,60,2380.0,0.7,11,0,13,0
Impacted_Buildings_[#],11_00_13_00,D&Wp,average,100,2760.0,0.39,11,0,13,0
Impacted_Buildings_[#],11_00_13_00,G,average,20,740.0,0.93,11,0,13,0
Impacted_Buildings_[#],11_00_13_00,G,average,60,2310.0,0.75,11,0,13,0
Impacted_Buildings_[#],11_00_13_00,G,average,100,2640.0,0.45,11,0,13,0
Impacted_Buildings_[#],11_00_13_00,G&Wp,average,20,780.0,0.93,11,0,13,0
Impacted_Buildings_[#],11_00_13_00,G&Wp,average,60,2620.0,0.7,11,0,13,0
Impacted_Buildings_[#],11_00_13_00,G&Wp,average,100,2890.0,0.36,11,0,13,0
Impacted_Buildings_[#],11_00_13_00,Wp,average,20,820.0,0.93,11,0,13,0
Impacted_Buildings_[#],11_00_13_00,Wp,average,60,2930.0,0.66,11,0,13,0
Impacted_Buildings_[#],11_00_13_00,Wp,average,100,3140.0,0.3,11,0,13,0
Impacted_Buildings_[#],13_00_00_00,D,average,20,680.0,1.0,13,0,0,0
Impacted_Buildings_[#],13_00_00_00,D,average,60,2230.0,0.94,13,0,0,0
Impacted_Buildings_[#],13_00_00_00,D,average,100,3110.0,0.79,13,0,0,0
Impacted_Buildings_[#],13_00_00_00,D&G,average,20,740.0,1.0,13,0,0,0
Impacted_Buildings_[#],13_00_00_00,D&G,average,60,2260.0,0.83,13,0,0,0
Impacted_Buildings_[#],13_00_00_00,D&G,average,100,3210.0,0.66,13,0,0,0
Impacted_Buildings_[#],13_00_00_00,D&G&Wp,average,20,790.0,1.0,13,0,0,0
Impacted_Buildings_[#],13_00_00_00,D&G&Wp,average,60,2490.0,0.76,13,0,0,0
Impacted_Buildings_[#],13_00_00_00,D&G&Wp,average,100,3150.0,0.47,13,0,0,0
Impacted_Buildings_[#],13_00_00_00,D&Wp,average,20,780.0,1.0,13,0,0,0
Impacted_Buildings_[#],13_00_00_00,D&Wp,average,60,2590.0,0.76,13,0,0,0
Impacted_Buildings_[#],13_00_00_00,D&Wp,average,100,3070.0,0.43,13,0,0,0
Impacted_Buildings_[#],13_00_00_00,G,average,20,800.0,1.0,13,0,0,0
Impacted_Buildings_[#],13_00_00_00,G,average,60,2290.0,0.75,13,0,0,0
Impacted_Buildings_[#],13_00_00_00,G,average,100,3310.0,0.57,13,0,0,0
Impacted_Buildings_[#],13_00_00_00,G&Wp,average,20,840.0,1.0,13,0,0,0
Impacted_Buildings_[#],13_00_00_00,G&Wp,average,60,2620.0,0.7,13,0,0,0
Impacted_Buildings_[#],13_00_00_00,G&Wp,average,100,3170.0,0.39,13,0,0,0
Impacted_Buildings_[#],13_00_00_00,Wp,average,20,880.0,1.0,13,0,0,0
Impacted_Buildings_[#],13_00_00_00,Wp,average,60,2940.0,0.67,13,0,0,0
Impacted_Buildings_[#],13_00_00_00,Wp,average,100,3020.0,0.29,13,0,0,0
Impacted_Buildings_[#],13_00_01_00,D,average,20,660.0,0.97,13,0,1,0
Impacted_Buildings_[#],13_00_01_00,D,average,60,1840.0,0.77,13,0,1,0
Impacted_Buildings_[#],13_00_01_00,D,average,100,2130.0,0.54,13,0,1,0
Impacted_Buildings_[#],13_00_01_00,D&G,average,20,720.0,0.97,13,0,1,0
Impacted_Buildings_[#],13_00_01_00,D&G,average,60,2010.0,0.74,13,0,1,0
Impacted_Buildings_[#],13_00_01_00,D&G,average,100,2220.0,0.46,13,0,1,0
Impacted_Buildings_[#],13_00_01_00,D&G&Wp,average,20,760.0,0.97,13,0,1,0
Impacted_Buildings_[#],13_00_01_00,D&G&Wp,average,60,2250.0,0.69,13,0,1,0
Impacted_Buildings_[#],13_00_01_00,D&G&Wp,average,100,2420.0,0.36,13,0,1,0
Impacted_Buildings_[#],13_00_01_00,D&Wp,average,20,760.0,0.97,13,0,1,0
Impacted_Buildings_[#],13_00_01_00,D&Wp,average,60,2290.0,0.67,13,0,1,0
Impacted_Buildings_[#],13_00_01_00,D&Wp,average,100,2470.0,0.35,13,0,1,0
Impacted_Buildings_[#],13_00_01_00,G,average,20,780.0,0.97,13,0,1,0
Impacted_Buildings_[#],13_00_01_00,G,average,60,2180.0,0.71,13,0,1,0
Impacted_Buildings_[#],13_00_01_00,G,average,100,2310.0,0.4,13,0,1,0
Impacted_Buildings_[#],13_00_01_00,G&Wp,average,20,820.0,0.97,13,0,1,0
Impacted_Buildings_[#],13_00_01_00,G&Wp,average,60,2460.0,0.66,13,0,1,0
Impacted_Buildings_[#],13_00_01_00,G&Wp,average,100,2560.0,0.32,13,0,1,0
Impacted_Buildings_[#],13_00_01_00,Wp,average,20,860.0,0.97,13,0,1,0
Impacted_Buildings_[#],13_00_01_00,Wp,average,60,2740.0,0.62,13,0,1,0
Impacted_Buildings_[#],13_00_01_00,Wp,average,100,2810.0,0.27,13,0,1,0
Impacted_Buildings_[#],13_00_03_00,D,average,20,630.0,0.93,13,0,3,0
Impacted_Buildings_[#],13_00_03_00,D,average,60,1790.0,0.76,13,0,3,0
Impacted_Buildings_[#],13_00_03_00,D,average,100,2080.0,0.53,13,0,3,0
Impacted_Buildings_[#],13_00_03_00,D&G,average,20,680.0,0.93,13,0,3,0
Impacted_Buildings_[#],13_00_03_00,D&G,average,60,1960.0,0.72,13,0,3,0
Impacted_Buildings_[#],13_00_03_00,D&G,average,100,2170.0,0.44,13,0,3,0
Impacted_Buildings_[#],13_00_03_00,D&G&Wp,average,20,730.0,0.93,13,0,3,0
Impacted_Buildings_[#],13_00_03_00,D&G&Wp,average,60,2190.0,0.67,13,0,3,0
Impacted_Buildings_[#],13_00_03_00,D&G&Wp,average,100,2360.0,0.35,13,0,3,0
Impacted_Buildings_[#],13_00_03_00,D&Wp,average,20,720.0,0.92,13,0,3,0
Impacted_Buildings_[#],13_00_03_00,D&Wp,average,60,2230.0,0.66,13,0,3,0
Impacted_Buildings_[#],13_00_03_00,D&Wp,average,100,2410.0,0.34,13,0,3,0
Impacted_Buildings_[#],13_00_03_00,G,average,20,740.0,0.93,13,0,3,0
Impacted_Buildings_[#],13_00_03_00,G,average,60,2120.0,0.69,13,0,3,0
Impacted_Buildings_[#],13_00_03_00,G,average,100,2250.0,0.39,13,0,3,0
Impacted_Buildings_[#],13_00_03_00,G&Wp,average,20,780.0,0.92,13,0,3,0
Impacted_Buildings_[#],13_00_03_00,G&Wp,average,60,2390.0,0.64,13,0,3,0
Impacted_Buildings_[#],13_00_03_00,G&Wp,average,100,2490.0,0.31,13,0,3,0
Impacted_Buildings_[#],13_00_03_00,Wp,average,20,810.0,0.92,13,0,3,0
Impacted_Buildings_[#],13_00_03_00,Wp,average,60,2670.0,0.6,13,0,3,0
Impacted_Buildings_[#],13_00_03_00,Wp,average,100,2740.0,0.26,13,0,3,0
Impacted_Buildings_[#],13_00_05_00,D,average,20,200.0,0.29,13,0,5,0
Impacted_Buildings_[#],13_00_05_00,D,average,60,700.0,0.29,13,0,5,0
Impacted_Buildings_[#],13_00_05_00,D,average,100,740.0,0.19,13,0,5,0
Impacted_Buildings_[#],13_00_05_00,D&G,average,20,210.0,0.28,13,0,5,0
Impacted_Buildings_[#],13_00_05_00,D&G,average,60,760.0,0.28,13,0,5,0
Impacted_Buildings_[#],13_00_05_00,D&G,average,100,800.0,0.16,13,0,5,0
Impacted_Buildings_[#],13_00_05_00,D&G&Wp,average,20,220.0,0.27,13,0,5,0
Impacted_Buildings_[#],13_00_05_00,D&G&Wp,average,60,840.0,0.25,13,0,5,0
Impacted_Buildings_[#],13_00_05_00,D&G&Wp,average,100,880.0,0.13,13,0,5,0
Impacted_Buildings_[#],13_00_05_00,D&Wp,average,20,210.0,0.27,13,0,5,0
Impacted_Buildings_[#],13_00_05_00,D&Wp,average,60,850.0,0.25,13,0,5,0
Impacted_Buildings_[#],13_00_05_00,D&Wp,average,100,890.0,0.12,13,0,5,0
Impacted_Buildings_[#],13_00_05_00,G,average,20,230.0,0.28,13,0,5,0
Impacted_Buildings_[#],13_00_05_00,G,average,60,820.0,0.27,13,0,5,0
Impacted_Buildings_[#],13_00_05_00,G,average,100,860.0,0.15,13,0,5,0
Impacted_Buildings_[#],13_00_05_00,G&Wp,average,20,230.0,0.26,13,0,5,0
Impacted_Buildings_[#],13_00_05_00,G&Wp,average,60,900.0,0.24,13,0,5,0
Impacted_Buildings_[#],13_00_05_00,G&Wp,average,100,950.0,0.12,13,0,5,0
Impacted_Buildings_[#],13_00_05_00,Wp,average,20,230.0,0.25,13,0,5,0
Impacted_Buildings_[#],13_00_05_00,Wp,average,60,990.0,0.22,13,0,5,0
Impacted_Buildings_[#],13_00_05_00,Wp,average,100,1030.0,0.1,13,0,5,0
Impacted_Buildings_[#],13_00_07_00,D,average,20,220.0,0.32,13,0,7,0
Impacted_Buildings_[#],13_00_07_00,D,average,60,940.0,0.4,13,0,7,0
Impacted_Buildings_[#],13_00_07_00,D,average,100,1050.0,0.27,13,0,7,0
Impacted_Buildings_[#],13_00_07_00,D&G,average,20,240.0,0.32,13,0,7,0
Impacted_Buildings_[#],13_00_07_00,D&G,average,60,1000.0,0.37,13,0,7,0
Impacted_Buildings_[#],13_00_07_00,D&G,average,100,1080.0,0.22,13,0,7,0
Impacted_Buildings_[#],13_00_07_00,D&G&Wp,average,20,240.0,0.3,13,0,7,0
Impacted_Buildings_[#],13_00_07_00,D&G&Wp,average,60,1080.0,0.33,13,0,7,0
Impacted_Buildings_[#],13_00_07_00,D&G&Wp,average,100,1150.0,0.17,13,0,7,0
Impacted_Buildings_[#],13_00_07_00,D&Wp,average,20,240.0,0.3,13,0,7,0
Impacted_Buildings_[#],13_00_07_00,D&Wp,average,60,1100.0,0.32,13,0,7,0
Impacted_Buildings_[#],13_00_07_00,D&Wp,average,100,1180.0,0.17,13,0,7,0
Impacted_Buildings_[#],13_00_07_00,G,average,20,250.0,0.31,13,0,7,0
Impacted_Buildings_[#],13_00_07_00,G,average,60,1050.0,0.34,13,0,7,0
Impacted_Buildings_[#],13_00_07_00,G,average,100,1100.0,0.19,13,0,7,0
Impacted_Buildings_[#],13_00_07_00,G&Wp,average,20,250.0,0.29,13,0,7,0
Impacted_Buildings_[#],13_00_07_00,G&Wp,average,60,1150.0,0.31,13,0,7,0
Impacted_Buildings_[#],13_00_07_00,G&Wp,average,100,1200.0,0.15,13,0,7,0
Impacted_Buildings_[#],13_00_07_00,Wp,average,20,250.0,0.28,13,0,7,0
Impacted_Buildings_[#],13_00_07_00,Wp,average,60,1250.0,0.28,13,0,7,0
Impacted_Buildings_[#],13_00_07_00,Wp,average,100,1310.0,0.13,13,0,7,0
Impacted_Buildings_[#],13_00_09_00,D,average,20,200.0,0.29,13,0,9,0
Impacted_Buildings_[#],13_00_09_00,D,average,60,660.0,0.28,13,0,9,0
Impacted_Buildings_[#],13_00_09_00,D,average,100,660.0,0.17,13,0,9,0
Impacted_Buildings_[#],13_00_09_00,D&G,average,20,210.0,0.28,13,0,9,0
Impacted_Buildings_[#],13_00_09_00,D&G,average,60,710.0,0.26,13,0,9,0
Impacted_Buildings_[#],13_00_09_00,D&G,average,100,710.0,0.15,13,0,9,0
Impacted_Buildings_[#],13_00_09_00,D&G&Wp,average,20,220.0,0.27,13,0,9,0
Impacted_Buildings_[#],13_00_09_00,D&G&Wp,average,60,780.0,0.24,13,0,9,0
Impacted_Buildings_[#],13_00_09_00,D&G&Wp,average,100,800.0,0.12,13,0,9,0
Impacted_Buildings_[#],13_00_09_00,D&Wp,average,20,210.0,0.27,13,0,9,0
Impacted_Buildings_[#],13_00_09_00,D&Wp,average,60,790.0,0.23,13,0,9,0
Impacted_Buildings_[#],13_00_09_00,D&Wp,average,100,810.0,0.11,13,0,9,0
Impacted_Buildings_[#],13_00_09_00,G,average,20,230.0,0.28,13,0,9,0
Impacted_Buildings_[#],13_00_09_00,G,average,60,770.0,0.25,13,0,9,0
Impacted_Buildings_[#],13_00_09_00,G,average,100,770.0,0.13,13,0,9,0
Impacted_Buildings_[#],13_00_09_00,G&Wp,average,20,230.0,0.26,13,0,9,0
Impacted_Buildings_[#],13_00_09_00,G&Wp,average,60,850.0,0.23,13,0,9,0
Impacted_Buildings_[#],13_00_09_00,G&Wp,average,100,870.0,0.11,13,0,9,0
Impacted_Buildings_[#],13_00_09_00,Wp,average,20,230.0,0.25,13,0,9,0
Impacted_Buildings_[#],13_00_09_00,Wp,average,60,920.0,0.21,13,0,9,0
Impacted_Buildings_[#],13_00_09_00,Wp,average,100,960.0,0.09,13,0,9,0
Impacted_Buildings_[#],13_00_11_00,D,average,20,670.0,1.0,13,0,11,0
Impacted_Buildings_[#],13_00_11_00,D,average,60,1990.0,0.84,13,0,11,0
Impacted_Buildings_[#],13_00_11_00,D,average,100,2580.0,0.66,13,0,11,0
Impacted_Buildings_[#],13_00_11_00,D&G,average,20,740.0,1.0,13,0,11,0
Impacted_Buildings_[#],13_00_11_00,D&G,average,60,2130.0,0.79,13,0,11,0
Impacted_Buildings_[#],13_00_11_00,D&G,average,100,2630.0,0.54,13,0,11,0
Impacted_Buildings_[#],13_00_11_00,D&G&Wp,average,20,780.0,1.0,13,0,11,0
Impacted_Buildings_[#],13_00_11_00,D&G&Wp,average,60,2390.0,0.73,13,0,11,0
Impacted_Buildings_[#],13_00_11_00,D&G&Wp,average,100,2750.0,0.41,13,0,11,0
Impacted_Buildings_[#],13_00_11_00,D&Wp,average,20,780.0,1.0,13,0,11,0
Impacted_Buildings_[#],13_00_11_00,D&Wp,average,60,2450.0,0.72,13,0,11,0
Impacted_Buildings_[#],13_00_11_00,D&Wp,average,100,2780.0,0.39,13,0,11,0
Impacted_Buildings_[#],13_00_11_00,G,average,20,800.0,1.0,13,0,11,0
Impacted_Buildings_[#],13_00_11_00,G,average,60,2270.0,0.74,13,0,11,0
Impacted_Buildings_[#],13_00_11_00,G,average,100,2670.0,0.46,13,0,11,0
Impacted_Buildings_[#],13_00_11_00,G&Wp,average,20,840.0,1.0,13,0,11,0
Impacted_Buildings_[#],13_00_11_00,G&Wp,average,60,2590.0,0.69,13,0,11,0
Impacted_Buildings_[#],13_00_11_00,G&Wp,average,100,2830.0,0.35,13,0,11,0
Impacted_Buildings_[#],13_00_11_00,Wp,average,20,880.0,1.0,13,0,11,0
Impacted_Buildings_[#],13_00_11_00,Wp,average,60,2910.0,0.66,13,0,11,0
Impacted_Buildings_[#],13_00_11_00,Wp,average,100,2980.0,0.29,13,0,11,0
Impacted_Buildings_[#],13_00_13_00,D,average,20,630.0,0.93,13,0,13,0
Impacted_Buildings_[#],13_00_13_00,D,average,60,1800.0,0.76,13,0,13,0
Impacted_Buildings_[#],13_00_13_00,D,average,100,2220.0,0.56,13,0,13,0
Impacted_Buildings_[#],13_00_13_00,D&G,average,20,690.0,0.93,13,0,13,0
Impacted_Buildings_[#],13_00_13_00,D&G,average,60,1970.0,0.73,13,0,13,0
Impacted_Buildings_[#],13_00_13_00,D&G,average,100,2280.0,0.47,13,0,13,0
Impacted_Buildings_[#],13_00_13_00,D&G&Wp,average,20,730.0,0.93,13,0,13,0
Impacted_Buildings_[#],13_00_13_00,D&G&Wp,average,60,2170.0,0.66,13,0,13,0
Impacted_Buildings_[#],13_00_13_00,D&G&Wp,average,100,2400.0,0.36,13,0,13,0
Impacted_Buildings_[#],13_00_13_00,D&Wp,average,20,720.0,0.93,13,0,13,0
Impacted_Buildings_[#],13_00_13_00,D&Wp,average,60,2180.0,0.64,13,0,13,0
Impacted_Buildings_[#],13_00_13_00,D&Wp,average,100,2440.0,0.34,13,0,13,0
Impacted_Buildings_[#],13_00_13_00,G,average,20,740.0,0.93,13,0,13,0
Impacted_Buildings_[#],13_00_13_00,G,average,60,2140.0,0.7,13,0,13,0
Impacted_Buildings_[#],13_00_13_00,G,average,100,2340.0,0.4,13,0,13,0
Impacted_Buildings_[#],13_00_13_00,G&Wp,average,20,780.0,0.93,13,0,13,0
Impacted_Buildings_[#],13_00_13_00,G&Wp,average,60,2360.0,0.63,13,0,13,0
Impacted_Buildings_[#],13_00_13_00,G&Wp,average,100,2500.0,0.31,13,0,13,0
Impacted_Buildings_[#],13_00_13_00,Wp,average,20,820.0,0.93,13,0,13,0
Impacted_Buildings_[#],13_00_13_00,Wp,average,60,2570.0,0.58,13,0,13,0
Impacted_Buildings_[#],13_00_13_00,Wp,average,100,2660.0,0.26,13,0,13,0
