objective_parameter,pw_combi,scenario_of_interest,robustness_metric,year,Value,normalized_values,flood_agr,drought_agr,flood_urb,drought_shp
Crop_Productivity_Loss_[%],00_00_00_00,D,average,20,20.0,1.0,0,0,0,0
Crop_Productivity_Loss_[%],00_00_00_00,D,average,60,30.0,1.0,0,0,0,0
Crop_Productivity_Loss_[%],00_00_00_00,D,average,100,30.0,1.0,0,0,0,0
Crop_Productivity_Loss_[%],00_00_00_00,D&G,average,20,20.0,1.0,0,0,0,0
Crop_Productivity_Loss_[%],00_00_00_00,D&G,average,60,30.0,1.0,0,0,0,0
Crop_Productivity_Loss_[%],00_00_00_00,D&G,average,100,30.0,1.0,0,0,0,0
Crop_Productivity_Loss_[%],00_00_00_00,D&G&Wp,average,20,30.0,1.0,0,0,0,0
Crop_Productivity_Loss_[%],00_00_00_00,D&G&Wp,average,60,40.0,1.0,0,0,0,0
Crop_Productivity_Loss_[%],00_00_00_00,D&G&Wp,average,100,40.0,1.0,0,0,0,0
Crop_Productivity_Loss_[%],00_00_00_00,D&Wp,average,20,30.0,1.0,0,0,0,0
Crop_Productivity_Loss_[%],00_00_00_00,D&Wp,average,60,40.0,1.0,0,0,0,0
Crop_Productivity_Loss_[%],00_00_00_00,D&Wp,average,100,50.0,1.0,0,0,0,0
Crop_Productivity_Loss_[%],00_00_00_00,G,average,20,20.0,1.0,0,0,0,0
Crop_Productivity_Loss_[%],00_00_00_00,G,average,60,30.0,1.0,0,0,0,0
Crop_Productivity_Loss_[%],00_00_00_00,G,average,100,30.0,1.0,0,0,0,0
Crop_Productivity_Loss_[%],00_00_00_00,G&Wp,average,20,30.0,1.0,0,0,0,0
Crop_Productivity_Loss_[%],00_00_00_00,G&Wp,average,60,40.0,1.0,0,0,0,0
Crop_Productivity_Loss_[%],00_00_00_00,G&Wp,average,100,50.0,1.0,0,0,0,0
Crop_Productivity_Loss_[%],00_00_00_00,Wp,average,20,30.0,1.0,0,0,0,0
Crop_Productivity_Loss_[%],00_00_00_00,Wp,average,60,50.0,1.0,0,0,0,0
Crop_Productivity_Loss_[%],00_00_00_00,Wp,average,100,70.0,1.0,0,0,0,0
Crop_Productivity_Loss_[%],00_01_00_00,D,average,20,20.0,1.03,0,1,0,0
Crop_Productivity_Loss_[%],00_01_00_00,D,average,60,20.0,0.77,0,1,0,0
Crop_Productivity_Loss_[%],00_01_00_00,D,average,100,20.0,0.69,0,1,0,0
Crop_Productivity_Loss_[%],00_01_00_00,D&G,average,20,20.0,1.03,0,1,0,0
Crop_Productivity_Loss_[%],00_01_00_00,D&G,average,60,20.0,0.77,0,1,0,0
Crop_Productivity_Loss_[%],00_01_00_00,D&G,average,100,20.0,0.69,0,1,0,0
Crop_Productivity_Loss_[%],00_01_00_00,D&G&Wp,average,20,30.0,1.02,0,1,0,0
Crop_Productivity_Loss_[%],00_01_00_00,D&G&Wp,average,60,30.0,0.69,0,1,0,0
Crop_Productivity_Loss_[%],00_01_00_00,D&G&Wp,average,100,30.0,0.59,0,1,0,0
Crop_Productivity_Loss_[%],00_01_00_00,D&Wp,average,20,30.0,1.02,0,1,0,0
Crop_Productivity_Loss_[%],00_01_00_00,D&Wp,average,60,30.0,0.66,0,1,0,0
Crop_Productivity_Loss_[%],00_01_00_00,D&Wp,average,100,30.0,0.56,0,1,0,0
Crop_Productivity_Loss_[%],00_01_00_00,G,average,20,20.0,1.03,0,1,0,0
Crop_Productivity_Loss_[%],00_01_00_00,G,average,60,20.0,0.76,0,1,0,0
Crop_Productivity_Loss_[%],00_01_00_00,G,average,100,20.0,0.69,0,1,0,0
Crop_Productivity_Loss_[%],00_01_00_00,G&Wp,average,20,30.0,1.02,0,1,0,0
Crop_Productivity_Loss_[%],00_01_00_00,G&Wp,average,60,30.0,0.66,0,1,0,0
Crop_Productivity_Loss_[%],00_01_00_00,G&Wp,average,100,30.0,0.56,0,1,0,0
Crop_Productivity_Loss_[%],00_01_00_00,Wp,average,20,30.0,1.02,0,1,0,0
Crop_Productivity_Loss_[%],00_01_00_00,Wp,average,60,30.0,0.61,0,1,0,0
Crop_Productivity_Loss_[%],00_01_00_00,Wp,average,100,40.0,0.51,0,1,0,0
Crop_Productivity_Loss_[%],00_03_00_00,D,average,20,20.0,0.96,0,3,0,0
Crop_Productivity_Loss_[%],00_03_00_00,D,average,60,20.0,0.76,0,3,0,0
Crop_Productivity_Loss_[%],00_03_00_00,D,average,100,20.0,0.68,0,3,0,0
Crop_Productivity_Loss_[%],00_03_00_00,D&G,average,20,20.0,0.96,0,3,0,0
Crop_Productivity_Loss_[%],00_03_00_00,D&G,average,60,20.0,0.75,0,3,0,0
Crop_Productivity_Loss_[%],00_03_00_00,D&G,average,100,20.0,0.68,0,3,0,0
Crop_Productivity_Loss_[%],00_03_00_00,D&G&Wp,average,20,20.0,0.95,0,3,0,0
Crop_Productivity_Loss_[%],00_03_00_00,D&G&Wp,average,60,30.0,0.67,0,3,0,0
Crop_Productivity_Loss_[%],00_03_00_00,D&G&Wp,average,100,30.0,0.58,0,3,0,0
Crop_Productivity_Loss_[%],00_03_00_00,D&Wp,average,20,30.0,0.95,0,3,0,0
Crop_Productivity_Loss_[%],00_03_00_00,D&Wp,average,60,30.0,0.64,0,3,0,0
Crop_Productivity_Loss_[%],00_03_00_00,D&Wp,average,100,30.0,0.55,0,3,0,0
Crop_Productivity_Loss_[%],00_03_00_00,G,average,20,20.0,0.96,0,3,0,0
Crop_Productivity_Loss_[%],00_03_00_00,G,average,60,20.0,0.74,0,3,0,0
Crop_Productivity_Loss_[%],00_03_00_00,G,average,100,20.0,0.67,0,3,0,0
Crop_Productivity_Loss_[%],00_03_00_00,G&Wp,average,20,30.0,0.95,0,3,0,0
Crop_Productivity_Loss_[%],00_03_00_00,G&Wp,average,60,30.0,0.64,0,3,0,0
Crop_Productivity_Loss_[%],00_03_00_00,G&Wp,average,100,30.0,0.55,0,3,0,0
Crop_Productivity_Loss_[%],00_03_00_00,Wp,average,20,30.0,0.95,0,3,0,0
Crop_Productivity_Loss_[%],00_03_00_00,Wp,average,60,30.0,0.59,0,3,0,0
Crop_Productivity_Loss_[%],00_03_00_00,Wp,average,100,40.0,0.51,0,3,0,0
Crop_Productivity_Loss_[%],00_05_00_00,D,average,20,20.0,0.85,0,5,0,0
Crop_Productivity_Loss_[%],00_05_00_00,D,average,60,10.0,0.44,0,5,0,0
Crop_Productivity_Loss_[%],00_05_00_00,D,average,100,10.0,0.35,0,5,0,0
Crop_Productivity_Loss_[%],00_05_00_00,D&G,average,20,20.0,0.85,0,5,0,0
Crop_Productivity_Loss_[%],00_05_00_00,D&G,average,60,10.0,0.43,0,5,0,0
Crop_Productivity_Loss_[%],00_05_00_00,D&G,average,100,10.0,0.36,0,5,0,0
Crop_Productivity_Loss_[%],00_05_00_00,D&G&Wp,average,20,20.0,0.81,0,5,0,0
Crop_Productivity_Loss_[%],00_05_00_00,D&G&Wp,average,60,20.0,0.37,0,5,0,0
Crop_Productivity_Loss_[%],00_05_00_00,D&G&Wp,average,100,20.0,0.33,0,5,0,0
Crop_Productivity_Loss_[%],00_05_00_00,D&Wp,average,20,20.0,0.79,0,5,0,0
Crop_Productivity_Loss_[%],00_05_00_00,D&Wp,average,60,20.0,0.35,0,5,0,0
Crop_Productivity_Loss_[%],00_05_00_00,D&Wp,average,100,20.0,0.32,0,5,0,0
Crop_Productivity_Loss_[%],00_05_00_00,G,average,20,20.0,0.85,0,5,0,0
Crop_Productivity_Loss_[%],00_05_00_00,G,average,60,10.0,0.42,0,5,0,0
Crop_Productivity_Loss_[%],00_05_00_00,G,average,100,10.0,0.36,0,5,0,0
Crop_Productivity_Loss_[%],00_05_00_00,G&Wp,average,20,20.0,0.79,0,5,0,0
Crop_Productivity_Loss_[%],00_05_00_00,G&Wp,average,60,20.0,0.35,0,5,0,0
Crop_Productivity_Loss_[%],00_05_00_00,G&Wp,average,100,20.0,0.32,0,5,0,0
Crop_Productivity_Loss_[%],00_05_00_00,Wp,average,20,20.0,0.75,0,5,0,0
Crop_Productivity_Loss_[%],00_05_00_00,Wp,average,60,20.0,0.31,0,5,0,0
Crop_Productivity_Loss_[%],00_05_00_00,Wp,average,100,20.0,0.3,0,5,0,0
Crop_Productivity_Loss_[%],00_06_00_00,D,average,20,20.0,0.88,0,6,0,0
Crop_Productivity_Loss_[%],00_06_00_00,D,average,60,20.0,0.55,0,6,0,0
Crop_Productivity_Loss_[%],00_06_00_00,D,average,100,10.0,0.42,0,6,0,0
Crop_Productivity_Loss_[%],00_06_00_00,D&G,average,20,20.0,0.88,0,6,0,0
Crop_Productivity_Loss_[%],00_06_00_00,D&G,average,60,20.0,0.54,0,6,0,0
Crop_Productivity_Loss_[%],00_06_00_00,D&G,average,100,10.0,0.42,0,6,0,0
Crop_Productivity_Loss_[%],00_06_00_00,D&G&Wp,average,20,20.0,0.86,0,6,0,0
Crop_Productivity_Loss_[%],00_06_00_00,D&G&Wp,average,60,20.0,0.45,0,6,0,0
Crop_Productivity_Loss_[%],00_06_00_00,D&G&Wp,average,100,20.0,0.34,0,6,0,0
Crop_Productivity_Loss_[%],00_06_00_00,D&Wp,average,20,20.0,0.85,0,6,0,0
Crop_Productivity_Loss_[%],00_06_00_00,D&Wp,average,60,20.0,0.42,0,6,0,0
Crop_Productivity_Loss_[%],00_06_00_00,D&Wp,average,100,20.0,0.31,0,6,0,0
Crop_Productivity_Loss_[%],00_06_00_00,G,average,20,20.0,0.88,0,6,0,0
Crop_Productivity_Loss_[%],00_06_00_00,G,average,60,20.0,0.54,0,6,0,0
Crop_Productivity_Loss_[%],00_06_00_00,G,average,100,20.0,0.42,0,6,0,0
Crop_Productivity_Loss_[%],00_06_00_00,G&Wp,average,20,20.0,0.85,0,6,0,0
Crop_Productivity_Loss_[%],00_06_00_00,G&Wp,average,60,20.0,0.42,0,6,0,0
Crop_Productivity_Loss_[%],00_06_00_00,G&Wp,average,100,20.0,0.32,0,6,0,0
Crop_Productivity_Loss_[%],00_06_00_00,Wp,average,20,30.0,0.82,0,6,0,0
Crop_Productivity_Loss_[%],00_06_00_00,Wp,average,60,20.0,0.37,0,6,0,0
Crop_Productivity_Loss_[%],00_06_00_00,Wp,average,100,20.0,0.28,0,6,0,0
Crop_Productivity_Loss_[%],00_07_00_00,D,average,20,20.0,0.68,0,7,0,0
Crop_Productivity_Loss_[%],00_07_00_00,D,average,60,10.0,0.37,0,7,0,0
Crop_Productivity_Loss_[%],00_07_00_00,D,average,100,10.0,0.33,0,7,0,0
Crop_Productivity_Loss_[%],00_07_00_00,D&G,average,20,20.0,0.68,0,7,0,0
Crop_Productivity_Loss_[%],00_07_00_00,D&G,average,60,10.0,0.38,0,7,0,0
Crop_Productivity_Loss_[%],00_07_00_00,D&G,average,100,10.0,0.34,0,7,0,0
Crop_Productivity_Loss_[%],00_07_00_00,D&G&Wp,average,20,20.0,0.61,0,7,0,0
Crop_Productivity_Loss_[%],00_07_00_00,D&G&Wp,average,60,20.0,0.33,0,7,0,0
Crop_Productivity_Loss_[%],00_07_00_00,D&G&Wp,average,100,20.0,0.29,0,7,0,0
Crop_Productivity_Loss_[%],00_07_00_00,D&Wp,average,20,20.0,0.58,0,7,0,0
Crop_Productivity_Loss_[%],00_07_00_00,D&Wp,average,60,20.0,0.31,0,7,0,0
Crop_Productivity_Loss_[%],00_07_00_00,D&Wp,average,100,20.0,0.28,0,7,0,0
Crop_Productivity_Loss_[%],00_07_00_00,G,average,20,20.0,0.67,0,7,0,0
Crop_Productivity_Loss_[%],00_07_00_00,G,average,60,10.0,0.38,0,7,0,0
Crop_Productivity_Loss_[%],00_07_00_00,G,average,100,10.0,0.36,0,7,0,0
Crop_Productivity_Loss_[%],00_07_00_00,G&Wp,average,20,20.0,0.58,0,7,0,0
Crop_Productivity_Loss_[%],00_07_00_00,G&Wp,average,60,20.0,0.32,0,7,0,0
Crop_Productivity_Loss_[%],00_07_00_00,G&Wp,average,100,20.0,0.29,0,7,0,0
Crop_Productivity_Loss_[%],00_07_00_00,Wp,average,20,20.0,0.51,0,7,0,0
Crop_Productivity_Loss_[%],00_07_00_00,Wp,average,60,20.0,0.28,0,7,0,0
Crop_Productivity_Loss_[%],00_07_00_00,Wp,average,100,20.0,0.26,0,7,0,0
Crop_Productivity_Loss_[%],00_08_00_00,D,average,20,20.0,0.69,0,8,0,0
Crop_Productivity_Loss_[%],00_08_00_00,D,average,60,10.0,0.4,0,8,0,0
Crop_Productivity_Loss_[%],00_08_00_00,D,average,100,10.0,0.36,0,8,0,0
Crop_Productivity_Loss_[%],00_08_00_00,D&G,average,20,20.0,0.69,0,8,0,0
Crop_Productivity_Loss_[%],00_08_00_00,D&G,average,60,10.0,0.41,0,8,0,0
Crop_Productivity_Loss_[%],00_08_00_00,D&G,average,100,10.0,0.38,0,8,0,0
Crop_Productivity_Loss_[%],00_08_00_00,D&G&Wp,average,20,20.0,0.62,0,8,0,0
Crop_Productivity_Loss_[%],00_08_00_00,D&G&Wp,average,60,20.0,0.42,0,8,0,0
Crop_Productivity_Loss_[%],00_08_00_00,D&G&Wp,average,100,20.0,0.41,0,8,0,0
Crop_Productivity_Loss_[%],00_08_00_00,D&Wp,average,20,20.0,0.6,0,8,0,0
Crop_Productivity_Loss_[%],00_08_00_00,D&Wp,average,60,20.0,0.41,0,8,0,0
Crop_Productivity_Loss_[%],00_08_00_00,D&Wp,average,100,20.0,0.41,0,8,0,0
Crop_Productivity_Loss_[%],00_08_00_00,G,average,20,20.0,0.68,0,8,0,0
Crop_Productivity_Loss_[%],00_08_00_00,G,average,60,20.0,0.43,0,8,0,0
Crop_Productivity_Loss_[%],00_08_00_00,G,average,100,10.0,0.41,0,8,0,0
Crop_Productivity_Loss_[%],00_08_00_00,G&Wp,average,20,20.0,0.6,0,8,0,0
Crop_Productivity_Loss_[%],00_08_00_00,G&Wp,average,60,20.0,0.42,0,8,0,0
Crop_Productivity_Loss_[%],00_08_00_00,G&Wp,average,100,20.0,0.42,0,8,0,0
Crop_Productivity_Loss_[%],00_08_00_00,Wp,average,20,20.0,0.54,0,8,0,0
Crop_Productivity_Loss_[%],00_08_00_00,Wp,average,60,20.0,0.42,0,8,0,0
Crop_Productivity_Loss_[%],00_08_00_00,Wp,average,100,30.0,0.43,0,8,0,0
Crop_Productivity_Loss_[%],00_09_00_00,D,average,20,20.0,0.88,0,9,0,0
Crop_Productivity_Loss_[%],00_09_00_00,D,average,60,20.0,0.72,0,9,0,0
Crop_Productivity_Loss_[%],00_09_00_00,D,average,100,20.0,0.65,0,9,0,0
Crop_Productivity_Loss_[%],00_09_00_00,D&G,average,20,20.0,0.88,0,9,0,0
Crop_Productivity_Loss_[%],00_09_00_00,D&G,average,60,20.0,0.72,0,9,0,0
Crop_Productivity_Loss_[%],00_09_00_00,D&G,average,100,20.0,0.65,0,9,0,0
Crop_Productivity_Loss_[%],00_09_00_00,D&G&Wp,average,20,20.0,0.86,0,9,0,0
Crop_Productivity_Loss_[%],00_09_00_00,D&G&Wp,average,60,20.0,0.64,0,9,0,0
Crop_Productivity_Loss_[%],00_09_00_00,D&G&Wp,average,100,20.0,0.54,0,9,0,0
Crop_Productivity_Loss_[%],00_09_00_00,D&Wp,average,20,20.0,0.85,0,9,0,0
Crop_Productivity_Loss_[%],00_09_00_00,D&Wp,average,60,30.0,0.61,0,9,0,0
Crop_Productivity_Loss_[%],00_09_00_00,D&Wp,average,100,30.0,0.51,0,9,0,0
Crop_Productivity_Loss_[%],00_09_00_00,G,average,20,20.0,0.88,0,9,0,0
Crop_Productivity_Loss_[%],00_09_00_00,G,average,60,20.0,0.71,0,9,0,0
Crop_Productivity_Loss_[%],00_09_00_00,G,average,100,20.0,0.64,0,9,0,0
Crop_Productivity_Loss_[%],00_09_00_00,G&Wp,average,20,20.0,0.85,0,9,0,0
Crop_Productivity_Loss_[%],00_09_00_00,G&Wp,average,60,30.0,0.61,0,9,0,0
Crop_Productivity_Loss_[%],00_09_00_00,G&Wp,average,100,30.0,0.51,0,9,0,0
Crop_Productivity_Loss_[%],00_09_00_00,Wp,average,20,30.0,0.84,0,9,0,0
Crop_Productivity_Loss_[%],00_09_00_00,Wp,average,60,30.0,0.56,0,9,0,0
Crop_Productivity_Loss_[%],00_09_00_00,Wp,average,100,30.0,0.46,0,9,0,0
Crop_Productivity_Loss_[%],01_00_00_00,D,average,20,20.0,1.01,1,0,0,0
Crop_Productivity_Loss_[%],01_00_00_00,D,average,60,30.0,1.08,1,0,0,0
Crop_Productivity_Loss_[%],01_00_00_00,D,average,100,30.0,1.18,1,0,0,0
Crop_Productivity_Loss_[%],01_00_00_00,D&G,average,20,20.0,1.01,1,0,0,0
Crop_Productivity_Loss_[%],01_00_00_00,D&G,average,60,30.0,1.1,1,0,0,0
Crop_Productivity_Loss_[%],01_00_00_00,D&G,average,100,30.0,1.18,1,0,0,0
Crop_Productivity_Loss_[%],01_00_00_00,D&G&Wp,average,20,30.0,1.01,1,0,0,0
Crop_Productivity_Loss_[%],01_00_00_00,D&G&Wp,average,60,40.0,1.09,1,0,0,0
Crop_Productivity_Loss_[%],01_00_00_00,D&G&Wp,average,100,40.0,1.12,1,0,0,0
Crop_Productivity_Loss_[%],01_00_00_00,D&Wp,average,20,30.0,1.01,1,0,0,0
Crop_Productivity_Loss_[%],01_00_00_00,D&Wp,average,60,40.0,1.08,1,0,0,0
Crop_Productivity_Loss_[%],01_00_00_00,D&Wp,average,100,50.0,1.11,1,0,0,0
Crop_Productivity_Loss_[%],01_00_00_00,G,average,20,20.0,1.01,1,0,0,0
Crop_Productivity_Loss_[%],01_00_00_00,G,average,60,30.0,1.12,1,0,0,0
Crop_Productivity_Loss_[%],01_00_00_00,G,average,100,30.0,1.17,1,0,0,0
Crop_Productivity_Loss_[%],01_00_00_00,G&Wp,average,20,30.0,1.01,1,0,0,0
Crop_Productivity_Loss_[%],01_00_00_00,G&Wp,average,60,40.0,1.09,1,0,0,0
Crop_Productivity_Loss_[%],01_00_00_00,G&Wp,average,100,50.0,1.11,1,0,0,0
Crop_Productivity_Loss_[%],01_00_00_00,Wp,average,20,30.0,1.01,1,0,0,0
Crop_Productivity_Loss_[%],01_00_00_00,Wp,average,60,60.0,1.08,1,0,0,0
Crop_Productivity_Loss_[%],01_00_00_00,Wp,average,100,70.0,1.08,1,0,0,0
Crop_Productivity_Loss_[%],01_01_00_00,D,average,20,20.0,1.03,1,1,0,0
Crop_Productivity_Loss_[%],01_01_00_00,D,average,60,20.0,0.73,1,1,0,0
Crop_Productivity_Loss_[%],01_01_00_00,D,average,100,20.0,0.65,1,1,0,0
Crop_Productivity_Loss_[%],01_01_00_00,D&G,average,20,20.0,1.03,1,1,0,0
Crop_Productivity_Loss_[%],01_01_00_00,D&G,average,60,20.0,0.73,1,1,0,0
Crop_Productivity_Loss_[%],01_01_00_00,D&G,average,100,20.0,0.64,1,1,0,0
Crop_Productivity_Loss_[%],01_01_00_00,D&G&Wp,average,20,30.0,1.03,1,1,0,0
Crop_Productivity_Loss_[%],01_01_00_00,D&G&Wp,average,60,20.0,0.64,1,1,0,0
Crop_Productivity_Loss_[%],01_01_00_00,D&G&Wp,average,100,20.0,0.5,1,1,0,0
Crop_Productivity_Loss_[%],01_01_00_00,D&Wp,average,20,30.0,1.03,1,1,0,0
Crop_Productivity_Loss_[%],01_01_00_00,D&Wp,average,60,30.0,0.6,1,1,0,0
Crop_Productivity_Loss_[%],01_01_00_00,D&Wp,average,100,20.0,0.46,1,1,0,0
Crop_Productivity_Loss_[%],01_01_00_00,G,average,20,20.0,1.02,1,1,0,0
Crop_Productivity_Loss_[%],01_01_00_00,G,average,60,20.0,0.74,1,1,0,0
Crop_Productivity_Loss_[%],01_01_00_00,G,average,100,20.0,0.64,1,1,0,0
Crop_Productivity_Loss_[%],01_01_00_00,G&Wp,average,20,30.0,1.03,1,1,0,0
Crop_Productivity_Loss_[%],01_01_00_00,G&Wp,average,60,30.0,0.61,1,1,0,0
Crop_Productivity_Loss_[%],01_01_00_00,G&Wp,average,100,20.0,0.47,1,1,0,0
Crop_Productivity_Loss_[%],01_01_00_00,Wp,average,20,30.0,1.03,1,1,0,0
Crop_Productivity_Loss_[%],01_01_00_00,Wp,average,60,30.0,0.55,1,1,0,0
Crop_Productivity_Loss_[%],01_01_00_00,Wp,average,100,30.0,0.4,1,1,0,0
Crop_Productivity_Loss_[%],01_03_00_00,D,average,20,20.0,0.96,1,3,0,0
Crop_Productivity_Loss_[%],01_03_00_00,D,average,60,20.0,0.75,1,3,0,0
Crop_Productivity_Loss_[%],01_03_00_00,D,average,100,20.0,0.7,1,3,0,0
Crop_Productivity_Loss_[%],01_03_00_00,D&G,average,20,20.0,0.97,1,3,0,0
Crop_Productivity_Loss_[%],01_03_00_00,D&G,average,60,20.0,0.75,1,3,0,0
Crop_Productivity_Loss_[%],01_03_00_00,D&G,average,100,20.0,0.68,1,3,0,0
Crop_Productivity_Loss_[%],01_03_00_00,D&G&Wp,average,20,30.0,0.96,1,3,0,0
Crop_Productivity_Loss_[%],01_03_00_00,D&G&Wp,average,60,20.0,0.65,1,3,0,0
Crop_Productivity_Loss_[%],01_03_00_00,D&G&Wp,average,100,20.0,0.53,1,3,0,0
Crop_Productivity_Loss_[%],01_03_00_00,D&Wp,average,20,30.0,0.96,1,3,0,0
Crop_Productivity_Loss_[%],01_03_00_00,D&Wp,average,60,30.0,0.62,1,3,0,0
Crop_Productivity_Loss_[%],01_03_00_00,D&Wp,average,100,30.0,0.49,1,3,0,0
Crop_Productivity_Loss_[%],01_03_00_00,G,average,20,20.0,0.97,1,3,0,0
Crop_Productivity_Loss_[%],01_03_00_00,G,average,60,20.0,0.75,1,3,0,0
Crop_Productivity_Loss_[%],01_03_00_00,G,average,100,20.0,0.66,1,3,0,0
Crop_Productivity_Loss_[%],01_03_00_00,G&Wp,average,20,30.0,0.96,1,3,0,0
Crop_Productivity_Loss_[%],01_03_00_00,G&Wp,average,60,30.0,0.62,1,3,0,0
Crop_Productivity_Loss_[%],01_03_00_00,G&Wp,average,100,30.0,0.49,1,3,0,0
Crop_Productivity_Loss_[%],01_03_00_00,Wp,average,20,30.0,0.95,1,3,0,0
Crop_Productivity_Loss_[%],01_03_00_00,Wp,average,60,30.0,0.56,1,3,0,0
Crop_Productivity_Loss_[%],01_03_00_00,Wp,average,100,30.0,0.43,1,3,0,0
Crop_Productivity_Loss_[%],01_05_00_00,D,average,20,20.0,0.85,1,5,0,0
Crop_Productivity_Loss_[%],01_05_00_00,D,average,60,20.0,0.48,1,5,0,0
Crop_Productivity_Loss_[%],01_05_00_00,D,average,100,10.0,0.47,1,5,0,0
Crop_Productivity_Loss_[%],01_05_00_00,D&G,average,20,20.0,0.85,1,5,0,0
Crop_Productivity_Loss_[%],01_05_00_00,D&G,average,60,20.0,0.49,1,5,0,0
Crop_Productivity_Loss_[%],01_05_00_00,D&G,average,100,20.0,0.47,1,5,0,0
Crop_Productivity_Loss_[%],01_05_00_00,D&G&Wp,average,20,20.0,0.81,1,5,0,0
Crop_Productivity_Loss_[%],01_05_00_00,D&G&Wp,average,60,20.0,0.42,1,5,0,0
Crop_Productivity_Loss_[%],01_05_00_00,D&G&Wp,average,100,20.0,0.4,1,5,0,0
Crop_Productivity_Loss_[%],01_05_00_00,D&Wp,average,20,20.0,0.79,1,5,0,0
Crop_Productivity_Loss_[%],01_05_00_00,D&Wp,average,60,20.0,0.39,1,5,0,0
Crop_Productivity_Loss_[%],01_05_00_00,D&Wp,average,100,20.0,0.37,1,5,0,0
Crop_Productivity_Loss_[%],01_05_00_00,G,average,20,20.0,0.85,1,5,0,0
Crop_Productivity_Loss_[%],01_05_00_00,G,average,60,20.0,0.5,1,5,0,0
Crop_Productivity_Loss_[%],01_05_00_00,G,average,100,20.0,0.48,1,5,0,0
Crop_Productivity_Loss_[%],01_05_00_00,G&Wp,average,20,20.0,0.8,1,5,0,0
Crop_Productivity_Loss_[%],01_05_00_00,G&Wp,average,60,20.0,0.4,1,5,0,0
Crop_Productivity_Loss_[%],01_05_00_00,G&Wp,average,100,20.0,0.38,1,5,0,0
Crop_Productivity_Loss_[%],01_05_00_00,Wp,average,20,30.0,0.76,1,5,0,0
Crop_Productivity_Loss_[%],01_05_00_00,Wp,average,60,20.0,0.36,1,5,0,0
Crop_Productivity_Loss_[%],01_05_00_00,Wp,average,100,30.0,0.34,1,5,0,0
Crop_Productivity_Loss_[%],01_06_00_00,D,average,20,20.0,0.89,1,6,0,0
Crop_Productivity_Loss_[%],01_06_00_00,D,average,60,20.0,0.6,1,6,0,0
Crop_Productivity_Loss_[%],01_06_00_00,D,average,100,20.0,0.54,1,6,0,0
Crop_Productivity_Loss_[%],01_06_00_00,D&G,average,20,20.0,0.89,1,6,0,0
Crop_Productivity_Loss_[%],01_06_00_00,D&G,average,60,20.0,0.61,1,6,0,0
Crop_Productivity_Loss_[%],01_06_00_00,D&G,average,100,20.0,0.54,1,6,0,0
Crop_Productivity_Loss_[%],01_06_00_00,D&G&Wp,average,20,20.0,0.87,1,6,0,0
Crop_Productivity_Loss_[%],01_06_00_00,D&G&Wp,average,60,20.0,0.51,1,6,0,0
Crop_Productivity_Loss_[%],01_06_00_00,D&G&Wp,average,100,20.0,0.4,1,6,0,0
Crop_Productivity_Loss_[%],01_06_00_00,D&Wp,average,20,20.0,0.86,1,6,0,0
Crop_Productivity_Loss_[%],01_06_00_00,D&Wp,average,60,20.0,0.47,1,6,0,0
Crop_Productivity_Loss_[%],01_06_00_00,D&Wp,average,100,20.0,0.35,1,6,0,0
Crop_Productivity_Loss_[%],01_06_00_00,G,average,20,20.0,0.89,1,6,0,0
Crop_Productivity_Loss_[%],01_06_00_00,G,average,60,20.0,0.62,1,6,0,0
Crop_Productivity_Loss_[%],01_06_00_00,G,average,100,20.0,0.54,1,6,0,0
Crop_Productivity_Loss_[%],01_06_00_00,G&Wp,average,20,20.0,0.86,1,6,0,0
Crop_Productivity_Loss_[%],01_06_00_00,G&Wp,average,60,20.0,0.48,1,6,0,0
Crop_Productivity_Loss_[%],01_06_00_00,G&Wp,average,100,20.0,0.36,1,6,0,0
Crop_Productivity_Loss_[%],01_06_00_00,Wp,average,20,30.0,0.84,1,6,0,0
Crop_Productivity_Loss_[%],01_06_00_00,Wp,average,60,20.0,0.41,1,6,0,0
Crop_Productivity_Loss_[%],01_06_00_00,Wp,average,100,20.0,0.29,1,6,0,0
Crop_Productivity_Loss_[%],01_07_00_00,D,average,20,20.0,0.68,1,7,0,0
Crop_Productivity_Loss_[%],01_07_00_00,D,average,60,10.0,0.42,1,7,0,0
Crop_Productivity_Loss_[%],01_07_00_00,D,average,100,10.0,0.45,1,7,0,0
Crop_Productivity_Loss_[%],01_07_00_00,D&G,average,20,20.0,0.68,1,7,0,0
Crop_Productivity_Loss_[%],01_07_00_00,D&G,average,60,10.0,0.44,1,7,0,0
Crop_Productivity_Loss_[%],01_07_00_00,D&G,average,100,20.0,0.47,1,7,0,0
Crop_Productivity_Loss_[%],01_07_00_00,D&G&Wp,average,20,20.0,0.61,1,7,0,0
Crop_Productivity_Loss_[%],01_07_00_00,D&G&Wp,average,60,20.0,0.38,1,7,0,0
Crop_Productivity_Loss_[%],01_07_00_00,D&G&Wp,average,100,20.0,0.35,1,7,0,0
Crop_Productivity_Loss_[%],01_07_00_00,D&Wp,average,20,20.0,0.58,1,7,0,0
Crop_Productivity_Loss_[%],01_07_00_00,D&Wp,average,60,20.0,0.36,1,7,0,0
Crop_Productivity_Loss_[%],01_07_00_00,D&Wp,average,100,20.0,0.31,1,7,0,0
Crop_Productivity_Loss_[%],01_07_00_00,G,average,20,20.0,0.67,1,7,0,0
Crop_Productivity_Loss_[%],01_07_00_00,G,average,60,20.0,0.46,1,7,0,0
Crop_Productivity_Loss_[%],01_07_00_00,G,average,100,20.0,0.48,1,7,0,0
Crop_Productivity_Loss_[%],01_07_00_00,G&Wp,average,20,20.0,0.58,1,7,0,0
Crop_Productivity_Loss_[%],01_07_00_00,G&Wp,average,60,20.0,0.37,1,7,0,0
Crop_Productivity_Loss_[%],01_07_00_00,G&Wp,average,100,20.0,0.33,1,7,0,0
Crop_Productivity_Loss_[%],01_07_00_00,Wp,average,20,20.0,0.51,1,7,0,0
Crop_Productivity_Loss_[%],01_07_00_00,Wp,average,60,20.0,0.33,1,7,0,0
Crop_Productivity_Loss_[%],01_07_00_00,Wp,average,100,20.0,0.27,1,7,0,0
Crop_Productivity_Loss_[%],01_08_00_00,D,average,20,20.0,0.69,1,8,0,0
Crop_Productivity_Loss_[%],01_08_00_00,D,average,60,10.0,0.43,1,8,0,0
Crop_Productivity_Loss_[%],01_08_00_00,D,average,100,10.0,0.46,1,8,0,0
Crop_Productivity_Loss_[%],01_08_00_00,D&G,average,20,20.0,0.69,1,8,0,0
Crop_Productivity_Loss_[%],01_08_00_00,D&G,average,60,20.0,0.47,1,8,0,0
Crop_Productivity_Loss_[%],01_08_00_00,D&G,average,100,20.0,0.48,1,8,0,0
Crop_Productivity_Loss_[%],01_08_00_00,D&G&Wp,average,20,20.0,0.62,1,8,0,0
Crop_Productivity_Loss_[%],01_08_00_00,D&G&Wp,average,60,20.0,0.45,1,8,0,0
Crop_Productivity_Loss_[%],01_08_00_00,D&G&Wp,average,100,20.0,0.43,1,8,0,0
Crop_Productivity_Loss_[%],01_08_00_00,D&Wp,average,20,20.0,0.6,1,8,0,0
Crop_Productivity_Loss_[%],01_08_00_00,D&Wp,average,60,20.0,0.43,1,8,0,0
Crop_Productivity_Loss_[%],01_08_00_00,D&Wp,average,100,20.0,0.41,1,8,0,0
Crop_Productivity_Loss_[%],01_08_00_00,G,average,20,20.0,0.69,1,8,0,0
Crop_Productivity_Loss_[%],01_08_00_00,G,average,60,20.0,0.5,1,8,0,0
Crop_Productivity_Loss_[%],01_08_00_00,G,average,100,20.0,0.5,1,8,0,0
Crop_Productivity_Loss_[%],01_08_00_00,G&Wp,average,20,20.0,0.6,1,8,0,0
Crop_Productivity_Loss_[%],01_08_00_00,G&Wp,average,60,20.0,0.45,1,8,0,0
Crop_Productivity_Loss_[%],01_08_00_00,G&Wp,average,100,20.0,0.43,1,8,0,0
Crop_Productivity_Loss_[%],01_08_00_00,Wp,average,20,20.0,0.54,1,8,0,0
Crop_Productivity_Loss_[%],01_08_00_00,Wp,average,60,30.0,0.43,1,8,0,0
Crop_Productivity_Loss_[%],01_08_00_00,Wp,average,100,30.0,0.4,1,8,0,0
Crop_Productivity_Loss_[%],01_09_00_00,D,average,20,20.0,0.88,1,9,0,0
Crop_Productivity_Loss_[%],01_09_00_00,D,average,60,20.0,0.72,1,9,0,0
Crop_Productivity_Loss_[%],01_09_00_00,D,average,100,20.0,0.69,1,9,0,0
Crop_Productivity_Loss_[%],01_09_00_00,D&G,average,20,20.0,0.88,1,9,0,0
Crop_Productivity_Loss_[%],01_09_00_00,D&G,average,60,20.0,0.73,1,9,0,0
Crop_Productivity_Loss_[%],01_09_00_00,D&G,average,100,20.0,0.67,1,9,0,0
Crop_Productivity_Loss_[%],01_09_00_00,D&G&Wp,average,20,20.0,0.87,1,9,0,0
Crop_Productivity_Loss_[%],01_09_00_00,D&G&Wp,average,60,20.0,0.62,1,9,0,0
Crop_Productivity_Loss_[%],01_09_00_00,D&G&Wp,average,100,20.0,0.48,1,9,0,0
Crop_Productivity_Loss_[%],01_09_00_00,D&Wp,average,20,20.0,0.86,1,9,0,0
Crop_Productivity_Loss_[%],01_09_00_00,D&Wp,average,60,30.0,0.59,1,9,0,0
Crop_Productivity_Loss_[%],01_09_00_00,D&Wp,average,100,20.0,0.44,1,9,0,0
Crop_Productivity_Loss_[%],01_09_00_00,G,average,20,20.0,0.88,1,9,0,0
Crop_Productivity_Loss_[%],01_09_00_00,G,average,60,20.0,0.73,1,9,0,0
Crop_Productivity_Loss_[%],01_09_00_00,G,average,100,20.0,0.65,1,9,0,0
Crop_Productivity_Loss_[%],01_09_00_00,G&Wp,average,20,20.0,0.86,1,9,0,0
Crop_Productivity_Loss_[%],01_09_00_00,G&Wp,average,60,30.0,0.59,1,9,0,0
Crop_Productivity_Loss_[%],01_09_00_00,G&Wp,average,100,20.0,0.43,1,9,0,0
Crop_Productivity_Loss_[%],01_09_00_00,Wp,average,20,30.0,0.84,1,9,0,0
Crop_Productivity_Loss_[%],01_09_00_00,Wp,average,60,30.0,0.53,1,9,0,0
Crop_Productivity_Loss_[%],01_09_00_00,Wp,average,100,30.0,0.35,1,9,0,0
Crop_Productivity_Loss_[%],03_00_00_00,D,average,20,20.0,1.03,3,0,0,0
Crop_Productivity_Loss_[%],03_00_00_00,D,average,60,30.0,1.15,3,0,0,0
Crop_Productivity_Loss_[%],03_00_00_00,D,average,100,30.0,1.24,3,0,0,0
Crop_Productivity_Loss_[%],03_00_00_00,D&G,average,20,20.0,1.03,3,0,0,0
Crop_Productivity_Loss_[%],03_00_00_00,D&G,average,60,30.0,1.15,3,0,0,0
Crop_Productivity_Loss_[%],03_00_00_00,D&G,average,100,30.0,1.22,3,0,0,0
Crop_Productivity_Loss_[%],03_00_00_00,D&G&Wp,average,20,30.0,1.03,3,0,0,0
Crop_Productivity_Loss_[%],03_00_00_00,D&G&Wp,average,60,40.0,1.12,3,0,0,0
Crop_Productivity_Loss_[%],03_00_00_00,D&G&Wp,average,100,50.0,1.15,3,0,0,0
Crop_Productivity_Loss_[%],03_00_00_00,D&Wp,average,20,30.0,1.02,3,0,0,0
Crop_Productivity_Loss_[%],03_00_00_00,D&Wp,average,60,40.0,1.11,3,0,0,0
Crop_Productivity_Loss_[%],03_00_00_00,D&Wp,average,100,50.0,1.13,3,0,0,0
Crop_Productivity_Loss_[%],03_00_00_00,G,average,20,20.0,1.03,3,0,0,0
Crop_Productivity_Loss_[%],03_00_00_00,G,average,60,30.0,1.15,3,0,0,0
Crop_Productivity_Loss_[%],03_00_00_00,G,average,100,30.0,1.2,3,0,0,0
Crop_Productivity_Loss_[%],03_00_00_00,G&Wp,average,20,30.0,1.02,3,0,0,0
Crop_Productivity_Loss_[%],03_00_00_00,G&Wp,average,60,40.0,1.11,3,0,0,0
Crop_Productivity_Loss_[%],03_00_00_00,G&Wp,average,100,50.0,1.12,3,0,0,0
Crop_Productivity_Loss_[%],03_00_00_00,Wp,average,20,30.0,1.02,3,0,0,0
Crop_Productivity_Loss_[%],03_00_00_00,Wp,average,60,60.0,1.1,3,0,0,0
Crop_Productivity_Loss_[%],03_00_00_00,Wp,average,100,70.0,1.09,3,0,0,0
Crop_Productivity_Loss_[%],03_01_00_00,D,average,20,20.0,1.07,3,1,0,0
Crop_Productivity_Loss_[%],03_01_00_00,D,average,60,20.0,0.9,3,1,0,0
Crop_Productivity_Loss_[%],03_01_00_00,D,average,100,20.0,0.83,3,1,0,0
Crop_Productivity_Loss_[%],03_01_00_00,D&G,average,20,20.0,1.06,3,1,0,0
Crop_Productivity_Loss_[%],03_01_00_00,D&G,average,60,20.0,0.88,3,1,0,0
Crop_Productivity_Loss_[%],03_01_00_00,D&G,average,100,20.0,0.8,3,1,0,0
Crop_Productivity_Loss_[%],03_01_00_00,D&G&Wp,average,20,30.0,1.05,3,1,0,0
Crop_Productivity_Loss_[%],03_01_00_00,D&G&Wp,average,60,30.0,0.74,3,1,0,0
Crop_Productivity_Loss_[%],03_01_00_00,D&G&Wp,average,100,30.0,0.59,3,1,0,0
Crop_Productivity_Loss_[%],03_01_00_00,D&Wp,average,20,30.0,1.05,3,1,0,0
Crop_Productivity_Loss_[%],03_01_00_00,D&Wp,average,60,30.0,0.7,3,1,0,0
Crop_Productivity_Loss_[%],03_01_00_00,D&Wp,average,100,30.0,0.54,3,1,0,0
Crop_Productivity_Loss_[%],03_01_00_00,G,average,20,20.0,1.06,3,1,0,0
Crop_Productivity_Loss_[%],03_01_00_00,G,average,60,30.0,0.86,3,1,0,0
Crop_Productivity_Loss_[%],03_01_00_00,G,average,100,20.0,0.77,3,1,0,0
Crop_Productivity_Loss_[%],03_01_00_00,G&Wp,average,20,30.0,1.05,3,1,0,0
Crop_Productivity_Loss_[%],03_01_00_00,G&Wp,average,60,30.0,0.69,3,1,0,0
Crop_Productivity_Loss_[%],03_01_00_00,G&Wp,average,100,30.0,0.53,3,1,0,0
Crop_Productivity_Loss_[%],03_01_00_00,Wp,average,20,30.0,1.04,3,1,0,0
Crop_Productivity_Loss_[%],03_01_00_00,Wp,average,60,30.0,0.61,3,1,0,0
Crop_Productivity_Loss_[%],03_01_00_00,Wp,average,100,30.0,0.44,3,1,0,0
Crop_Productivity_Loss_[%],03_03_00_00,D,average,20,20.0,0.99,3,3,0,0
Crop_Productivity_Loss_[%],03_03_00_00,D,average,60,20.0,0.88,3,3,0,0
Crop_Productivity_Loss_[%],03_03_00_00,D,average,100,20.0,0.82,3,3,0,0
Crop_Productivity_Loss_[%],03_03_00_00,D&G,average,20,20.0,0.99,3,3,0,0
Crop_Productivity_Loss_[%],03_03_00_00,D&G,average,60,20.0,0.87,3,3,0,0
Crop_Productivity_Loss_[%],03_03_00_00,D&G,average,100,20.0,0.79,3,3,0,0
Crop_Productivity_Loss_[%],03_03_00_00,D&G&Wp,average,20,30.0,0.98,3,3,0,0
Crop_Productivity_Loss_[%],03_03_00_00,D&G&Wp,average,60,30.0,0.73,3,3,0,0
Crop_Productivity_Loss_[%],03_03_00_00,D&G&Wp,average,100,30.0,0.58,3,3,0,0
Crop_Productivity_Loss_[%],03_03_00_00,D&Wp,average,20,30.0,0.98,3,3,0,0
Crop_Productivity_Loss_[%],03_03_00_00,D&Wp,average,60,30.0,0.68,3,3,0,0
Crop_Productivity_Loss_[%],03_03_00_00,D&Wp,average,100,30.0,0.53,3,3,0,0
Crop_Productivity_Loss_[%],03_03_00_00,G,average,20,20.0,0.99,3,3,0,0
Crop_Productivity_Loss_[%],03_03_00_00,G,average,60,30.0,0.86,3,3,0,0
Crop_Productivity_Loss_[%],03_03_00_00,G,average,100,20.0,0.76,3,3,0,0
Crop_Productivity_Loss_[%],03_03_00_00,G&Wp,average,20,30.0,0.98,3,3,0,0
Crop_Productivity_Loss_[%],03_03_00_00,G&Wp,average,60,30.0,0.68,3,3,0,0
Crop_Productivity_Loss_[%],03_03_00_00,G&Wp,average,100,30.0,0.53,3,3,0,0
Crop_Productivity_Loss_[%],03_03_00_00,Wp,average,20,30.0,0.97,3,3,0,0
Crop_Productivity_Loss_[%],03_03_00_00,Wp,average,60,30.0,0.59,3,3,0,0
Crop_Productivity_Loss_[%],03_03_00_00,Wp,average,100,30.0,0.44,3,3,0,0
Crop_Productivity_Loss_[%],03_05_00_00,D,average,20,20.0,0.88,3,5,0,0
Crop_Productivity_Loss_[%],03_05_00_00,D,average,60,20.0,0.58,3,5,0,0
Crop_Productivity_Loss_[%],03_05_00_00,D,average,100,20.0,0.57,3,5,0,0
Crop_Productivity_Loss_[%],03_05_00_00,D&G,average,20,20.0,0.88,3,5,0,0
Crop_Productivity_Loss_[%],03_05_00_00,D&G,average,60,20.0,0.57,3,5,0,0
Crop_Productivity_Loss_[%],03_05_00_00,D&G,average,100,20.0,0.55,3,5,0,0
Crop_Productivity_Loss_[%],03_05_00_00,D&G&Wp,average,20,20.0,0.83,3,5,0,0
Crop_Productivity_Loss_[%],03_05_00_00,D&G&Wp,average,60,20.0,0.48,3,5,0,0
Crop_Productivity_Loss_[%],03_05_00_00,D&G&Wp,average,100,20.0,0.44,3,5,0,0
Crop_Productivity_Loss_[%],03_05_00_00,D&Wp,average,20,20.0,0.81,3,5,0,0
Crop_Productivity_Loss_[%],03_05_00_00,D&Wp,average,60,20.0,0.45,3,5,0,0
Crop_Productivity_Loss_[%],03_05_00_00,D&Wp,average,100,20.0,0.41,3,5,0,0
Crop_Productivity_Loss_[%],03_05_00_00,G,average,20,20.0,0.88,3,5,0,0
Crop_Productivity_Loss_[%],03_05_00_00,G,average,60,20.0,0.56,3,5,0,0
Crop_Productivity_Loss_[%],03_05_00_00,G,average,100,20.0,0.53,3,5,0,0
Crop_Productivity_Loss_[%],03_05_00_00,G&Wp,average,20,20.0,0.82,3,5,0,0
Crop_Productivity_Loss_[%],03_05_00_00,G&Wp,average,60,20.0,0.45,3,5,0,0
Crop_Productivity_Loss_[%],03_05_00_00,G&Wp,average,100,20.0,0.41,3,5,0,0
Crop_Productivity_Loss_[%],03_05_00_00,Wp,average,20,30.0,0.77,3,5,0,0
Crop_Productivity_Loss_[%],03_05_00_00,Wp,average,60,20.0,0.39,3,5,0,0
Crop_Productivity_Loss_[%],03_05_00_00,Wp,average,100,30.0,0.36,3,5,0,0
Crop_Productivity_Loss_[%],03_06_00_00,D,average,20,20.0,0.91,3,6,0,0
Crop_Productivity_Loss_[%],03_06_00_00,D,average,60,20.0,0.7,3,6,0,0
Crop_Productivity_Loss_[%],03_06_00_00,D,average,100,20.0,0.64,3,6,0,0
Crop_Productivity_Loss_[%],03_06_00_00,D&G,average,20,20.0,0.91,3,6,0,0
Crop_Productivity_Loss_[%],03_06_00_00,D&G,average,60,20.0,0.69,3,6,0,0
Crop_Productivity_Loss_[%],03_06_00_00,D&G,average,100,20.0,0.61,3,6,0,0
Crop_Productivity_Loss_[%],03_06_00_00,D&G&Wp,average,20,20.0,0.89,3,6,0,0
Crop_Productivity_Loss_[%],03_06_00_00,D&G&Wp,average,60,20.0,0.56,3,6,0,0
Crop_Productivity_Loss_[%],03_06_00_00,D&G&Wp,average,100,20.0,0.44,3,6,0,0
Crop_Productivity_Loss_[%],03_06_00_00,D&Wp,average,20,20.0,0.87,3,6,0,0
Crop_Productivity_Loss_[%],03_06_00_00,D&Wp,average,60,20.0,0.52,3,6,0,0
Crop_Productivity_Loss_[%],03_06_00_00,D&Wp,average,100,20.0,0.39,3,6,0,0
Crop_Productivity_Loss_[%],03_06_00_00,G,average,20,20.0,0.92,3,6,0,0
Crop_Productivity_Loss_[%],03_06_00_00,G,average,60,20.0,0.68,3,6,0,0
Crop_Productivity_Loss_[%],03_06_00_00,G,average,100,20.0,0.6,3,6,0,0
Crop_Productivity_Loss_[%],03_06_00_00,G&Wp,average,20,20.0,0.88,3,6,0,0
Crop_Productivity_Loss_[%],03_06_00_00,G&Wp,average,60,20.0,0.52,3,6,0,0
Crop_Productivity_Loss_[%],03_06_00_00,G&Wp,average,100,20.0,0.39,3,6,0,0
Crop_Productivity_Loss_[%],03_06_00_00,Wp,average,20,30.0,0.85,3,6,0,0
Crop_Productivity_Loss_[%],03_06_00_00,Wp,average,60,30.0,0.44,3,6,0,0
Crop_Productivity_Loss_[%],03_06_00_00,Wp,average,100,20.0,0.32,3,6,0,0
Crop_Productivity_Loss_[%],03_07_00_00,D,average,20,20.0,0.71,3,7,0,0
Crop_Productivity_Loss_[%],03_07_00_00,D,average,60,20.0,0.52,3,7,0,0
Crop_Productivity_Loss_[%],03_07_00_00,D,average,100,20.0,0.55,3,7,0,0
Crop_Productivity_Loss_[%],03_07_00_00,D&G,average,20,20.0,0.71,3,7,0,0
Crop_Productivity_Loss_[%],03_07_00_00,D&G,average,60,20.0,0.52,3,7,0,0
Crop_Productivity_Loss_[%],03_07_00_00,D&G,average,100,20.0,0.54,3,7,0,0
Crop_Productivity_Loss_[%],03_07_00_00,D&G&Wp,average,20,20.0,0.64,3,7,0,0
Crop_Productivity_Loss_[%],03_07_00_00,D&G&Wp,average,60,20.0,0.44,3,7,0,0
Crop_Productivity_Loss_[%],03_07_00_00,D&G&Wp,average,100,20.0,0.4,3,7,0,0
Crop_Productivity_Loss_[%],03_07_00_00,D&Wp,average,20,20.0,0.61,3,7,0,0
Crop_Productivity_Loss_[%],03_07_00_00,D&Wp,average,60,20.0,0.41,3,7,0,0
Crop_Productivity_Loss_[%],03_07_00_00,D&Wp,average,100,20.0,0.36,3,7,0,0
Crop_Productivity_Loss_[%],03_07_00_00,G,average,20,20.0,0.71,3,7,0,0
Crop_Productivity_Loss_[%],03_07_00_00,G,average,60,20.0,0.52,3,7,0,0
Crop_Productivity_Loss_[%],03_07_00_00,G,average,100,20.0,0.53,3,7,0,0
Crop_Productivity_Loss_[%],03_07_00_00,G&Wp,average,20,20.0,0.61,3,7,0,0
Crop_Productivity_Loss_[%],03_07_00_00,G&Wp,average,60,20.0,0.41,3,7,0,0
Crop_Productivity_Loss_[%],03_07_00_00,G&Wp,average,100,20.0,0.36,3,7,0,0
Crop_Productivity_Loss_[%],03_07_00_00,Wp,average,20,20.0,0.54,3,7,0,0
Crop_Productivity_Loss_[%],03_07_00_00,Wp,average,60,20.0,0.36,3,7,0,0
Crop_Productivity_Loss_[%],03_07_00_00,Wp,average,100,20.0,0.29,3,7,0,0
Crop_Productivity_Loss_[%],03_08_00_00,D,average,20,20.0,0.72,3,8,0,0
Crop_Productivity_Loss_[%],03_08_00_00,D,average,60,20.0,0.54,3,8,0,0
Crop_Productivity_Loss_[%],03_08_00_00,D,average,100,20.0,0.56,3,8,0,0
Crop_Productivity_Loss_[%],03_08_00_00,D&G,average,20,20.0,0.72,3,8,0,0
Crop_Productivity_Loss_[%],03_08_00_00,D&G,average,60,20.0,0.55,3,8,0,0
Crop_Productivity_Loss_[%],03_08_00_00,D&G,average,100,20.0,0.57,3,8,0,0
Crop_Productivity_Loss_[%],03_08_00_00,D&G&Wp,average,20,20.0,0.65,3,8,0,0
Crop_Productivity_Loss_[%],03_08_00_00,D&G&Wp,average,60,20.0,0.49,3,8,0,0
Crop_Productivity_Loss_[%],03_08_00_00,D&G&Wp,average,100,20.0,0.45,3,8,0,0
Crop_Productivity_Loss_[%],03_08_00_00,D&Wp,average,20,20.0,0.62,3,8,0,0
Crop_Productivity_Loss_[%],03_08_00_00,D&Wp,average,60,20.0,0.46,3,8,0,0
Crop_Productivity_Loss_[%],03_08_00_00,D&Wp,average,100,20.0,0.41,3,8,0,0
Crop_Productivity_Loss_[%],03_08_00_00,G,average,20,20.0,0.72,3,8,0,0
Crop_Productivity_Loss_[%],03_08_00_00,G,average,60,20.0,0.57,3,8,0,0
Crop_Productivity_Loss_[%],03_08_00_00,G,average,100,20.0,0.57,3,8,0,0
Crop_Productivity_Loss_[%],03_08_00_00,G&Wp,average,20,20.0,0.62,3,8,0,0
Crop_Productivity_Loss_[%],03_08_00_00,G&Wp,average,60,20.0,0.48,3,8,0,0
Crop_Productivity_Loss_[%],03_08_00_00,G&Wp,average,100,20.0,0.42,3,8,0,0
Crop_Productivity_Loss_[%],03_08_00_00,Wp,average,20,20.0,0.56,3,8,0,0
Crop_Productivity_Loss_[%],03_08_00_00,Wp,average,60,30.0,0.43,3,8,0,0
Crop_Productivity_Loss_[%],03_08_00_00,Wp,average,100,30.0,0.36,3,8,0,0
Crop_Productivity_Loss_[%],03_09_00_00,D,average,20,20.0,0.91,3,9,0,0
Crop_Productivity_Loss_[%],03_09_00_00,D,average,60,20.0,0.85,3,9,0,0
Crop_Productivity_Loss_[%],03_09_00_00,D,average,100,20.0,0.8,3,9,0,0
Crop_Productivity_Loss_[%],03_09_00_00,D&G,average,20,20.0,0.91,3,9,0,0
Crop_Productivity_Loss_[%],03_09_00_00,D&G,average,60,20.0,0.84,3,9,0,0
Crop_Productivity_Loss_[%],03_09_00_00,D&G,average,100,20.0,0.77,3,9,0,0
Crop_Productivity_Loss_[%],03_09_00_00,D&G&Wp,average,20,20.0,0.89,3,9,0,0
Crop_Productivity_Loss_[%],03_09_00_00,D&G&Wp,average,60,30.0,0.7,3,9,0,0
Crop_Productivity_Loss_[%],03_09_00_00,D&G&Wp,average,100,20.0,0.53,3,9,0,0
Crop_Productivity_Loss_[%],03_09_00_00,D&Wp,average,20,20.0,0.88,3,9,0,0
Crop_Productivity_Loss_[%],03_09_00_00,D&Wp,average,60,30.0,0.65,3,9,0,0
Crop_Productivity_Loss_[%],03_09_00_00,D&Wp,average,100,20.0,0.47,3,9,0,0
Crop_Productivity_Loss_[%],03_09_00_00,G,average,20,20.0,0.91,3,9,0,0
Crop_Productivity_Loss_[%],03_09_00_00,G,average,60,20.0,0.82,3,9,0,0
Crop_Productivity_Loss_[%],03_09_00_00,G,average,100,20.0,0.73,3,9,0,0
Crop_Productivity_Loss_[%],03_09_00_00,G&Wp,average,20,20.0,0.88,3,9,0,0
Crop_Productivity_Loss_[%],03_09_00_00,G&Wp,average,60,30.0,0.65,3,9,0,0
Crop_Productivity_Loss_[%],03_09_00_00,G&Wp,average,100,20.0,0.46,3,9,0,0
Crop_Productivity_Loss_[%],03_09_00_00,Wp,average,20,30.0,0.86,3,9,0,0
Crop_Productivity_Loss_[%],03_09_00_00,Wp,average,60,30.0,0.56,3,9,0,0
Crop_Productivity_Loss_[%],03_09_00_00,Wp,average,100,30.0,0.36,3,9,0,0
Crop_Productivity_Loss_[%],05_00_00_00,D,average,20,20.0,0.97,5,0,0,0
Crop_Productivity_Loss_[%],05_00_00_00,D,average,60,20.0,0.94,5,0,0,0
Crop_Productivity_Loss_[%],05_00_00_00,D,average,100,20.0,0.91,5,0,0,0
Crop_Productivity_Loss_[%],05_00_00_00,D&G,average,20,20.0,0.96,5,0,0,0
Crop_Productivity_Loss_[%],05_00_00_00,D&G,average,60,30.0,0.93,5,0,0,0
Crop_Productivity_Loss_[%],05_00_00_00,D&G,average,100,20.0,0.89,5,0,0,0
Crop_Productivity_Loss_[%],05_00_00_00,D&G&Wp,average,20,30.0,0.97,5,0,0,0
Crop_Productivity_Loss_[%],05_00_00_00,D&G&Wp,average,60,30.0,0.94,5,0,0,0
Crop_Productivity_Loss_[%],05_00_00_00,D&G&Wp,average,100,40.0,0.92,5,0,0,0
Crop_Productivity_Loss_[%],05_00_00_00,D&Wp,average,20,30.0,0.98,5,0,0,0
Crop_Productivity_Loss_[%],05_00_00_00,D&Wp,average,60,40.0,0.95,5,0,0,0
Crop_Productivity_Loss_[%],05_00_00_00,D&Wp,average,100,40.0,0.93,5,0,0,0
Crop_Productivity_Loss_[%],05_00_00_00,G,average,20,20.0,0.95,5,0,0,0
Crop_Productivity_Loss_[%],05_00_00_00,G,average,60,30.0,0.92,5,0,0,0
Crop_Productivity_Loss_[%],05_00_00_00,G,average,100,30.0,0.88,5,0,0,0
Crop_Productivity_Loss_[%],05_00_00_00,G&Wp,average,20,30.0,0.97,5,0,0,0
Crop_Productivity_Loss_[%],05_00_00_00,G&Wp,average,60,40.0,0.94,5,0,0,0
Crop_Productivity_Loss_[%],05_00_00_00,G&Wp,average,100,40.0,0.92,5,0,0,0
Crop_Productivity_Loss_[%],05_00_00_00,Wp,average,20,30.0,0.99,5,0,0,0
Crop_Productivity_Loss_[%],05_00_00_00,Wp,average,60,50.0,0.95,5,0,0,0
Crop_Productivity_Loss_[%],05_00_00_00,Wp,average,100,60.0,0.94,5,0,0,0
Crop_Productivity_Loss_[%],05_01_00_00,D,average,20,20.0,0.99,5,1,0,0
Crop_Productivity_Loss_[%],05_01_00_00,D,average,60,20.0,0.7,5,1,0,0
Crop_Productivity_Loss_[%],05_01_00_00,D,average,100,20.0,0.59,5,1,0,0
Crop_Productivity_Loss_[%],05_01_00_00,D&G,average,20,20.0,0.98,5,1,0,0
Crop_Productivity_Loss_[%],05_01_00_00,D&G,average,60,20.0,0.68,5,1,0,0
Crop_Productivity_Loss_[%],05_01_00_00,D&G,average,100,20.0,0.56,5,1,0,0
Crop_Productivity_Loss_[%],05_01_00_00,D&G&Wp,average,20,30.0,0.99,5,1,0,0
Crop_Productivity_Loss_[%],05_01_00_00,D&G&Wp,average,60,20.0,0.61,5,1,0,0
Crop_Productivity_Loss_[%],05_01_00_00,D&G&Wp,average,100,20.0,0.47,5,1,0,0
Crop_Productivity_Loss_[%],05_01_00_00,D&Wp,average,20,30.0,0.99,5,1,0,0
Crop_Productivity_Loss_[%],05_01_00_00,D&Wp,average,60,30.0,0.59,5,1,0,0
Crop_Productivity_Loss_[%],05_01_00_00,D&Wp,average,100,20.0,0.45,5,1,0,0
Crop_Productivity_Loss_[%],05_01_00_00,G,average,20,20.0,0.98,5,1,0,0
Crop_Productivity_Loss_[%],05_01_00_00,G,average,60,20.0,0.67,5,1,0,0
Crop_Productivity_Loss_[%],05_01_00_00,G,average,100,20.0,0.54,5,1,0,0
Crop_Productivity_Loss_[%],05_01_00_00,G&Wp,average,20,30.0,0.99,5,1,0,0
Crop_Productivity_Loss_[%],05_01_00_00,G&Wp,average,60,30.0,0.58,5,1,0,0
Crop_Productivity_Loss_[%],05_01_00_00,G&Wp,average,100,20.0,0.44,5,1,0,0
Crop_Productivity_Loss_[%],05_01_00_00,Wp,average,20,30.0,0.99,5,1,0,0
Crop_Productivity_Loss_[%],05_01_00_00,Wp,average,60,30.0,0.54,5,1,0,0
Crop_Productivity_Loss_[%],05_01_00_00,Wp,average,100,30.0,0.41,5,1,0,0
Crop_Productivity_Loss_[%],05_03_00_00,D,average,20,20.0,0.93,5,3,0,0
Crop_Productivity_Loss_[%],05_03_00_00,D,average,60,20.0,0.68,5,3,0,0
Crop_Productivity_Loss_[%],05_03_00_00,D,average,100,20.0,0.58,5,3,0,0
Crop_Productivity_Loss_[%],05_03_00_00,D&G,average,20,20.0,0.92,5,3,0,0
Crop_Productivity_Loss_[%],05_03_00_00,D&G,average,60,20.0,0.66,5,3,0,0
Crop_Productivity_Loss_[%],05_03_00_00,D&G,average,100,20.0,0.55,5,3,0,0
Crop_Productivity_Loss_[%],05_03_00_00,D&G&Wp,average,20,20.0,0.92,5,3,0,0
Crop_Productivity_Loss_[%],05_03_00_00,D&G&Wp,average,60,20.0,0.59,5,3,0,0
Crop_Productivity_Loss_[%],05_03_00_00,D&G&Wp,average,100,20.0,0.46,5,3,0,0
Crop_Productivity_Loss_[%],05_03_00_00,D&Wp,average,20,30.0,0.92,5,3,0,0
Crop_Productivity_Loss_[%],05_03_00_00,D&Wp,average,60,20.0,0.57,5,3,0,0
Crop_Productivity_Loss_[%],05_03_00_00,D&Wp,average,100,20.0,0.44,5,3,0,0
Crop_Productivity_Loss_[%],05_03_00_00,G,average,20,20.0,0.91,5,3,0,0
Crop_Productivity_Loss_[%],05_03_00_00,G,average,60,20.0,0.64,5,3,0,0
Crop_Productivity_Loss_[%],05_03_00_00,G,average,100,20.0,0.52,5,3,0,0
Crop_Productivity_Loss_[%],05_03_00_00,G&Wp,average,20,30.0,0.91,5,3,0,0
Crop_Productivity_Loss_[%],05_03_00_00,G&Wp,average,60,20.0,0.56,5,3,0,0
Crop_Productivity_Loss_[%],05_03_00_00,G&Wp,average,100,20.0,0.43,5,3,0,0
Crop_Productivity_Loss_[%],05_03_00_00,Wp,average,20,30.0,0.92,5,3,0,0
Crop_Productivity_Loss_[%],05_03_00_00,Wp,average,60,30.0,0.52,5,3,0,0
Crop_Productivity_Loss_[%],05_03_00_00,Wp,average,100,30.0,0.4,5,3,0,0
Crop_Productivity_Loss_[%],05_05_00_00,D,average,20,20.0,0.82,5,5,0,0
Crop_Productivity_Loss_[%],05_05_00_00,D,average,60,10.0,0.36,5,5,0,0
Crop_Productivity_Loss_[%],05_05_00_00,D,average,100,10.0,0.25,5,5,0,0
Crop_Productivity_Loss_[%],05_05_00_00,D&G,average,20,20.0,0.81,5,5,0,0
Crop_Productivity_Loss_[%],05_05_00_00,D&G,average,60,10.0,0.34,5,5,0,0
Crop_Productivity_Loss_[%],05_05_00_00,D&G,average,100,10.0,0.23,5,5,0,0
Crop_Productivity_Loss_[%],05_05_00_00,D&G&Wp,average,20,20.0,0.77,5,5,0,0
Crop_Productivity_Loss_[%],05_05_00_00,D&G&Wp,average,60,10.0,0.29,5,5,0,0
Crop_Productivity_Loss_[%],05_05_00_00,D&G&Wp,average,100,10.0,0.21,5,5,0,0
Crop_Productivity_Loss_[%],05_05_00_00,D&Wp,average,20,20.0,0.76,5,5,0,0
Crop_Productivity_Loss_[%],05_05_00_00,D&Wp,average,60,10.0,0.27,5,5,0,0
Crop_Productivity_Loss_[%],05_05_00_00,D&Wp,average,100,10.0,0.21,5,5,0,0
Crop_Productivity_Loss_[%],05_05_00_00,G,average,20,20.0,0.8,5,5,0,0
Crop_Productivity_Loss_[%],05_05_00_00,G,average,60,10.0,0.33,5,5,0,0
Crop_Productivity_Loss_[%],05_05_00_00,G,average,100,10.0,0.22,5,5,0,0
Crop_Productivity_Loss_[%],05_05_00_00,G&Wp,average,20,20.0,0.75,5,5,0,0
Crop_Productivity_Loss_[%],05_05_00_00,G&Wp,average,60,10.0,0.27,5,5,0,0
Crop_Productivity_Loss_[%],05_05_00_00,G&Wp,average,100,10.0,0.2,5,5,0,0
Crop_Productivity_Loss_[%],05_05_00_00,Wp,average,20,20.0,0.72,5,5,0,0
Crop_Productivity_Loss_[%],05_05_00_00,Wp,average,60,20.0,0.24,5,5,0,0
Crop_Productivity_Loss_[%],05_05_00_00,Wp,average,100,20.0,0.19,5,5,0,0
Crop_Productivity_Loss_[%],05_06_00_00,D,average,20,20.0,0.85,5,6,0,0
Crop_Productivity_Loss_[%],05_06_00_00,D,average,60,20.0,0.48,5,6,0,0
Crop_Productivity_Loss_[%],05_06_00_00,D,average,100,10.0,0.32,5,6,0,0
Crop_Productivity_Loss_[%],05_06_00_00,D&G,average,20,20.0,0.84,5,6,0,0
Crop_Productivity_Loss_[%],05_06_00_00,D&G,average,60,20.0,0.46,5,6,0,0
Crop_Productivity_Loss_[%],05_06_00_00,D&G,average,100,10.0,0.3,5,6,0,0
Crop_Productivity_Loss_[%],05_06_00_00,D&G&Wp,average,20,20.0,0.82,5,6,0,0
Crop_Productivity_Loss_[%],05_06_00_00,D&G&Wp,average,60,20.0,0.38,5,6,0,0
Crop_Productivity_Loss_[%],05_06_00_00,D&G&Wp,average,100,10.0,0.22,5,6,0,0
Crop_Productivity_Loss_[%],05_06_00_00,D&Wp,average,20,20.0,0.82,5,6,0,0
Crop_Productivity_Loss_[%],05_06_00_00,D&Wp,average,60,20.0,0.35,5,6,0,0
Crop_Productivity_Loss_[%],05_06_00_00,D&Wp,average,100,10.0,0.21,5,6,0,0
Crop_Productivity_Loss_[%],05_06_00_00,G,average,20,20.0,0.83,5,6,0,0
Crop_Productivity_Loss_[%],05_06_00_00,G,average,60,20.0,0.45,5,6,0,0
Crop_Productivity_Loss_[%],05_06_00_00,G,average,100,10.0,0.28,5,6,0,0
Crop_Productivity_Loss_[%],05_06_00_00,G&Wp,average,20,20.0,0.81,5,6,0,0
Crop_Productivity_Loss_[%],05_06_00_00,G&Wp,average,60,20.0,0.34,5,6,0,0
Crop_Productivity_Loss_[%],05_06_00_00,G&Wp,average,100,10.0,0.2,5,6,0,0
Crop_Productivity_Loss_[%],05_06_00_00,Wp,average,20,30.0,0.79,5,6,0,0
Crop_Productivity_Loss_[%],05_06_00_00,Wp,average,60,20.0,0.29,5,6,0,0
Crop_Productivity_Loss_[%],05_06_00_00,Wp,average,100,20.0,0.17,5,6,0,0
Crop_Productivity_Loss_[%],05_07_00_00,D,average,20,20.0,0.65,5,7,0,0
Crop_Productivity_Loss_[%],05_07_00_00,D,average,60,10.0,0.3,5,7,0,0
Crop_Productivity_Loss_[%],05_07_00_00,D,average,100,10.0,0.23,5,7,0,0
Crop_Productivity_Loss_[%],05_07_00_00,D&G,average,20,20.0,0.63,5,7,0,0
Crop_Productivity_Loss_[%],05_07_00_00,D&G,average,60,10.0,0.29,5,7,0,0
Crop_Productivity_Loss_[%],05_07_00_00,D&G,average,100,10.0,0.22,5,7,0,0
Crop_Productivity_Loss_[%],05_07_00_00,D&G&Wp,average,20,20.0,0.57,5,7,0,0
Crop_Productivity_Loss_[%],05_07_00_00,D&G&Wp,average,60,10.0,0.25,5,7,0,0
Crop_Productivity_Loss_[%],05_07_00_00,D&G&Wp,average,100,10.0,0.18,5,7,0,0
Crop_Productivity_Loss_[%],05_07_00_00,D&Wp,average,20,20.0,0.54,5,7,0,0
Crop_Productivity_Loss_[%],05_07_00_00,D&Wp,average,60,10.0,0.24,5,7,0,0
Crop_Productivity_Loss_[%],05_07_00_00,D&Wp,average,100,10.0,0.17,5,7,0,0
Crop_Productivity_Loss_[%],05_07_00_00,G,average,20,20.0,0.62,5,7,0,0
Crop_Productivity_Loss_[%],05_07_00_00,G,average,60,10.0,0.29,5,7,0,0
Crop_Productivity_Loss_[%],05_07_00_00,G,average,100,10.0,0.22,5,7,0,0
Crop_Productivity_Loss_[%],05_07_00_00,G&Wp,average,20,20.0,0.53,5,7,0,0
Crop_Productivity_Loss_[%],05_07_00_00,G&Wp,average,60,10.0,0.23,5,7,0,0
Crop_Productivity_Loss_[%],05_07_00_00,G&Wp,average,100,10.0,0.17,5,7,0,0
Crop_Productivity_Loss_[%],05_07_00_00,Wp,average,20,20.0,0.48,5,7,0,0
Crop_Productivity_Loss_[%],05_07_00_00,Wp,average,60,10.0,0.21,5,7,0,0
Crop_Productivity_Loss_[%],05_07_00_00,Wp,average,100,10.0,0.15,5,7,0,0
Crop_Productivity_Loss_[%],05_08_00_00,D,average,20,20.0,0.66,5,8,0,0
Crop_Productivity_Loss_[%],05_08_00_00,D,average,60,10.0,0.32,5,8,0,0
Crop_Productivity_Loss_[%],05_08_00_00,D,average,100,10.0,0.25,5,8,0,0
Crop_Productivity_Loss_[%],05_08_00_00,D&G,average,20,20.0,0.64,5,8,0,0
Crop_Productivity_Loss_[%],05_08_00_00,D&G,average,60,10.0,0.33,5,8,0,0
Crop_Productivity_Loss_[%],05_08_00_00,D&G,average,100,10.0,0.26,5,8,0,0
Crop_Productivity_Loss_[%],05_08_00_00,D&G&Wp,average,20,20.0,0.58,5,8,0,0
Crop_Productivity_Loss_[%],05_08_00_00,D&G&Wp,average,60,20.0,0.34,5,8,0,0
Crop_Productivity_Loss_[%],05_08_00_00,D&G&Wp,average,100,20.0,0.29,5,8,0,0
Crop_Productivity_Loss_[%],05_08_00_00,D&Wp,average,20,20.0,0.56,5,8,0,0
Crop_Productivity_Loss_[%],05_08_00_00,D&Wp,average,60,20.0,0.34,5,8,0,0
Crop_Productivity_Loss_[%],05_08_00_00,D&Wp,average,100,20.0,0.3,5,8,0,0
Crop_Productivity_Loss_[%],05_08_00_00,G,average,20,20.0,0.63,5,8,0,0
Crop_Productivity_Loss_[%],05_08_00_00,G,average,60,10.0,0.33,5,8,0,0
Crop_Productivity_Loss_[%],05_08_00_00,G,average,100,10.0,0.26,5,8,0,0
Crop_Productivity_Loss_[%],05_08_00_00,G&Wp,average,20,20.0,0.55,5,8,0,0
Crop_Productivity_Loss_[%],05_08_00_00,G&Wp,average,60,20.0,0.34,5,8,0,0
Crop_Productivity_Loss_[%],05_08_00_00,G&Wp,average,100,20.0,0.3,5,8,0,0
Crop_Productivity_Loss_[%],05_08_00_00,Wp,average,20,20.0,0.5,5,8,0,0
Crop_Productivity_Loss_[%],05_08_00_00,Wp,average,60,20.0,0.35,5,8,0,0
Crop_Productivity_Loss_[%],05_08_00_00,Wp,average,100,20.0,0.32,5,8,0,0
Crop_Productivity_Loss_[%],05_09_00_00,D,average,20,20.0,0.85,5,9,0,0
Crop_Productivity_Loss_[%],05_09_00_00,D,average,60,20.0,0.66,5,9,0,0
Crop_Productivity_Loss_[%],05_09_00_00,D,average,100,20.0,0.56,5,9,0,0
Crop_Productivity_Loss_[%],05_09_00_00,D&G,average,20,20.0,0.84,5,9,0,0
Crop_Productivity_Loss_[%],05_09_00_00,D&G,average,60,20.0,0.64,5,9,0,0
Crop_Productivity_Loss_[%],05_09_00_00,D&G,average,100,20.0,0.53,5,9,0,0
Crop_Productivity_Loss_[%],05_09_00_00,D&G&Wp,average,20,20.0,0.82,5,9,0,0
Crop_Productivity_Loss_[%],05_09_00_00,D&G&Wp,average,60,20.0,0.56,5,9,0,0
Crop_Productivity_Loss_[%],05_09_00_00,D&G&Wp,average,100,20.0,0.42,5,9,0,0
Crop_Productivity_Loss_[%],05_09_00_00,D&Wp,average,20,20.0,0.82,5,9,0,0
Crop_Productivity_Loss_[%],05_09_00_00,D&Wp,average,60,20.0,0.54,5,9,0,0
Crop_Productivity_Loss_[%],05_09_00_00,D&Wp,average,100,20.0,0.4,5,9,0,0
Crop_Productivity_Loss_[%],05_09_00_00,G,average,20,20.0,0.83,5,9,0,0
Crop_Productivity_Loss_[%],05_09_00_00,G,average,60,20.0,0.62,5,9,0,0
Crop_Productivity_Loss_[%],05_09_00_00,G,average,100,20.0,0.5,5,9,0,0
Crop_Productivity_Loss_[%],05_09_00_00,G&Wp,average,20,20.0,0.81,5,9,0,0
Crop_Productivity_Loss_[%],05_09_00_00,G&Wp,average,60,20.0,0.53,5,9,0,0
Crop_Productivity_Loss_[%],05_09_00_00,G&Wp,average,100,20.0,0.39,5,9,0,0
Crop_Productivity_Loss_[%],05_09_00_00,Wp,average,20,30.0,0.8,5,9,0,0
Crop_Productivity_Loss_[%],05_09_00_00,Wp,average,60,30.0,0.49,5,9,0,0
Crop_Productivity_Loss_[%],05_09_00_00,Wp,average,100,30.0,0.35,5,9,0,0
Crop_Productivity_Loss_[%],07_00_00_00,D,average,20,20.0,0.97,7,0,0,0
Crop_Productivity_Loss_[%],07_00_00_00,D,average,60,20.0,0.94,7,0,0,0
Crop_Productivity_Loss_[%],07_00_00_00,D,average,100,20.0,0.91,7,0,0,0
Crop_Productivity_Loss_[%],07_00_00_00,D&G,average,20,20.0,0.96,7,0,0,0
Crop_Productivity_Loss_[%],07_00_00_00,D&G,average,60,30.0,0.93,7,0,0,0
Crop_Productivity_Loss_[%],07_00_00_00,D&G,average,100,20.0,0.89,7,0,0,0
Crop_Productivity_Loss_[%],07_00_00_00,D&G&Wp,average,20,30.0,0.97,7,0,0,0
Crop_Productivity_Loss_[%],07_00_00_00,D&G&Wp,average,60,30.0,0.94,7,0,0,0
Crop_Productivity_Loss_[%],07_00_00_00,D&G&Wp,average,100,40.0,0.93,7,0,0,0
Crop_Productivity_Loss_[%],07_00_00_00,D&Wp,average,20,30.0,0.98,7,0,0,0
Crop_Productivity_Loss_[%],07_00_00_00,D&Wp,average,60,40.0,0.95,7,0,0,0
Crop_Productivity_Loss_[%],07_00_00_00,D&Wp,average,100,40.0,0.94,7,0,0,0
Crop_Productivity_Loss_[%],07_00_00_00,G,average,20,20.0,0.95,7,0,0,0
Crop_Productivity_Loss_[%],07_00_00_00,G,average,60,30.0,0.92,7,0,0,0
Crop_Productivity_Loss_[%],07_00_00_00,G,average,100,30.0,0.88,7,0,0,0
Crop_Productivity_Loss_[%],07_00_00_00,G&Wp,average,20,30.0,0.97,7,0,0,0
Crop_Productivity_Loss_[%],07_00_00_00,G&Wp,average,60,40.0,0.95,7,0,0,0
Crop_Productivity_Loss_[%],07_00_00_00,G&Wp,average,100,40.0,0.93,7,0,0,0
Crop_Productivity_Loss_[%],07_00_00_00,Wp,average,20,30.0,0.99,7,0,0,0
Crop_Productivity_Loss_[%],07_00_00_00,Wp,average,60,50.0,0.96,7,0,0,0
Crop_Productivity_Loss_[%],07_00_00_00,Wp,average,100,60.0,0.95,7,0,0,0
Crop_Productivity_Loss_[%],07_01_00_00,D,average,20,20.0,0.99,7,1,0,0
Crop_Productivity_Loss_[%],07_01_00_00,D,average,60,20.0,0.69,7,1,0,0
Crop_Productivity_Loss_[%],07_01_00_00,D,average,100,20.0,0.57,7,1,0,0
Crop_Productivity_Loss_[%],07_01_00_00,D&G,average,20,20.0,0.98,7,1,0,0
Crop_Productivity_Loss_[%],07_01_00_00,D&G,average,60,20.0,0.67,7,1,0,0
Crop_Productivity_Loss_[%],07_01_00_00,D&G,average,100,20.0,0.54,7,1,0,0
Crop_Productivity_Loss_[%],07_01_00_00,D&G&Wp,average,20,30.0,0.99,7,1,0,0
Crop_Productivity_Loss_[%],07_01_00_00,D&G&Wp,average,60,20.0,0.6,7,1,0,0
Crop_Productivity_Loss_[%],07_01_00_00,D&G&Wp,average,100,20.0,0.45,7,1,0,0
Crop_Productivity_Loss_[%],07_01_00_00,D&Wp,average,20,30.0,0.99,7,1,0,0
Crop_Productivity_Loss_[%],07_01_00_00,D&Wp,average,60,20.0,0.58,7,1,0,0
Crop_Productivity_Loss_[%],07_01_00_00,D&Wp,average,100,20.0,0.43,7,1,0,0
Crop_Productivity_Loss_[%],07_01_00_00,G,average,20,20.0,0.98,7,1,0,0
Crop_Productivity_Loss_[%],07_01_00_00,G,average,60,20.0,0.66,7,1,0,0
Crop_Productivity_Loss_[%],07_01_00_00,G,average,100,20.0,0.52,7,1,0,0
Crop_Productivity_Loss_[%],07_01_00_00,G&Wp,average,20,30.0,0.99,7,1,0,0
Crop_Productivity_Loss_[%],07_01_00_00,G&Wp,average,60,30.0,0.57,7,1,0,0
Crop_Productivity_Loss_[%],07_01_00_00,G&Wp,average,100,20.0,0.43,7,1,0,0
Crop_Productivity_Loss_[%],07_01_00_00,Wp,average,20,30.0,0.99,7,1,0,0
Crop_Productivity_Loss_[%],07_01_00_00,Wp,average,60,30.0,0.53,7,1,0,0
Crop_Productivity_Loss_[%],07_01_00_00,Wp,average,100,30.0,0.39,7,1,0,0
Crop_Productivity_Loss_[%],07_03_00_00,D,average,20,20.0,0.93,7,3,0,0
Crop_Productivity_Loss_[%],07_03_00_00,D,average,60,20.0,0.67,7,3,0,0
Crop_Productivity_Loss_[%],07_03_00_00,D,average,100,20.0,0.56,7,3,0,0
Crop_Productivity_Loss_[%],07_03_00_00,D&G,average,20,20.0,0.92,7,3,0,0
Crop_Productivity_Loss_[%],07_03_00_00,D&G,average,60,20.0,0.65,7,3,0,0
Crop_Productivity_Loss_[%],07_03_00_00,D&G,average,100,20.0,0.53,7,3,0,0
Crop_Productivity_Loss_[%],07_03_00_00,D&G&Wp,average,20,20.0,0.92,7,3,0,0
Crop_Productivity_Loss_[%],07_03_00_00,D&G&Wp,average,60,20.0,0.58,7,3,0,0
Crop_Productivity_Loss_[%],07_03_00_00,D&G&Wp,average,100,20.0,0.44,7,3,0,0
Crop_Productivity_Loss_[%],07_03_00_00,D&Wp,average,20,30.0,0.92,7,3,0,0
Crop_Productivity_Loss_[%],07_03_00_00,D&Wp,average,60,20.0,0.56,7,3,0,0
Crop_Productivity_Loss_[%],07_03_00_00,D&Wp,average,100,20.0,0.43,7,3,0,0
Crop_Productivity_Loss_[%],07_03_00_00,G,average,20,20.0,0.91,7,3,0,0
Crop_Productivity_Loss_[%],07_03_00_00,G,average,60,20.0,0.64,7,3,0,0
Crop_Productivity_Loss_[%],07_03_00_00,G,average,100,20.0,0.5,7,3,0,0
Crop_Productivity_Loss_[%],07_03_00_00,G&Wp,average,20,30.0,0.91,7,3,0,0
Crop_Productivity_Loss_[%],07_03_00_00,G&Wp,average,60,20.0,0.55,7,3,0,0
Crop_Productivity_Loss_[%],07_03_00_00,G&Wp,average,100,20.0,0.42,7,3,0,0
Crop_Productivity_Loss_[%],07_03_00_00,Wp,average,20,30.0,0.92,7,3,0,0
Crop_Productivity_Loss_[%],07_03_00_00,Wp,average,60,30.0,0.51,7,3,0,0
Crop_Productivity_Loss_[%],07_03_00_00,Wp,average,100,30.0,0.38,7,3,0,0
Crop_Productivity_Loss_[%],07_05_00_00,D,average,20,20.0,0.82,7,5,0,0
Crop_Productivity_Loss_[%],07_05_00_00,D,average,60,10.0,0.36,7,5,0,0
Crop_Productivity_Loss_[%],07_05_00_00,D,average,100,10.0,0.25,7,5,0,0
Crop_Productivity_Loss_[%],07_05_00_00,D&G,average,20,20.0,0.81,7,5,0,0
Crop_Productivity_Loss_[%],07_05_00_00,D&G,average,60,10.0,0.34,7,5,0,0
Crop_Productivity_Loss_[%],07_05_00_00,D&G,average,100,10.0,0.23,7,5,0,0
Crop_Productivity_Loss_[%],07_05_00_00,D&G&Wp,average,20,20.0,0.77,7,5,0,0
Crop_Productivity_Loss_[%],07_05_00_00,D&G&Wp,average,60,10.0,0.29,7,5,0,0
Crop_Productivity_Loss_[%],07_05_00_00,D&G&Wp,average,100,10.0,0.21,7,5,0,0
Crop_Productivity_Loss_[%],07_05_00_00,D&Wp,average,20,20.0,0.76,7,5,0,0
Crop_Productivity_Loss_[%],07_05_00_00,D&Wp,average,60,10.0,0.27,7,5,0,0
Crop_Productivity_Loss_[%],07_05_00_00,D&Wp,average,100,10.0,0.21,7,5,0,0
Crop_Productivity_Loss_[%],07_05_00_00,G,average,20,20.0,0.8,7,5,0,0
Crop_Productivity_Loss_[%],07_05_00_00,G,average,60,10.0,0.32,7,5,0,0
Crop_Productivity_Loss_[%],07_05_00_00,G,average,100,10.0,0.22,7,5,0,0
Crop_Productivity_Loss_[%],07_05_00_00,G&Wp,average,20,20.0,0.75,7,5,0,0
Crop_Productivity_Loss_[%],07_05_00_00,G&Wp,average,60,10.0,0.26,7,5,0,0
Crop_Productivity_Loss_[%],07_05_00_00,G&Wp,average,100,10.0,0.2,7,5,0,0
Crop_Productivity_Loss_[%],07_05_00_00,Wp,average,20,20.0,0.72,7,5,0,0
Crop_Productivity_Loss_[%],07_05_00_00,Wp,average,60,20.0,0.23,7,5,0,0
Crop_Productivity_Loss_[%],07_05_00_00,Wp,average,100,20.0,0.19,7,5,0,0
Crop_Productivity_Loss_[%],07_06_00_00,D,average,20,20.0,0.85,7,6,0,0
Crop_Productivity_Loss_[%],07_06_00_00,D,average,60,20.0,0.47,7,6,0,0
Crop_Productivity_Loss_[%],07_06_00_00,D,average,100,10.0,0.32,7,6,0,0
Crop_Productivity_Loss_[%],07_06_00_00,D&G,average,20,20.0,0.84,7,6,0,0
Crop_Productivity_Loss_[%],07_06_00_00,D&G,average,60,20.0,0.46,7,6,0,0
Crop_Productivity_Loss_[%],07_06_00_00,D&G,average,100,10.0,0.3,7,6,0,0
Crop_Productivity_Loss_[%],07_06_00_00,D&G&Wp,average,20,20.0,0.82,7,6,0,0
Crop_Productivity_Loss_[%],07_06_00_00,D&G&Wp,average,60,20.0,0.37,7,6,0,0
Crop_Productivity_Loss_[%],07_06_00_00,D&G&Wp,average,100,10.0,0.22,7,6,0,0
Crop_Productivity_Loss_[%],07_06_00_00,D&Wp,average,20,20.0,0.82,7,6,0,0
Crop_Productivity_Loss_[%],07_06_00_00,D&Wp,average,60,20.0,0.35,7,6,0,0
Crop_Productivity_Loss_[%],07_06_00_00,D&Wp,average,100,10.0,0.2,7,6,0,0
Crop_Productivity_Loss_[%],07_06_00_00,G,average,20,20.0,0.83,7,6,0,0
Crop_Productivity_Loss_[%],07_06_00_00,G,average,60,20.0,0.44,7,6,0,0
Crop_Productivity_Loss_[%],07_06_00_00,G,average,100,10.0,0.28,7,6,0,0
Crop_Productivity_Loss_[%],07_06_00_00,G&Wp,average,20,20.0,0.81,7,6,0,0
Crop_Productivity_Loss_[%],07_06_00_00,G&Wp,average,60,20.0,0.34,7,6,0,0
Crop_Productivity_Loss_[%],07_06_00_00,G&Wp,average,100,10.0,0.2,7,6,0,0
Crop_Productivity_Loss_[%],07_06_00_00,Wp,average,20,30.0,0.79,7,6,0,0
Crop_Productivity_Loss_[%],07_06_00_00,Wp,average,60,20.0,0.29,7,6,0,0
Crop_Productivity_Loss_[%],07_06_00_00,Wp,average,100,20.0,0.17,7,6,0,0
Crop_Productivity_Loss_[%],07_07_00_00,D,average,20,20.0,0.65,7,7,0,0
Crop_Productivity_Loss_[%],07_07_00_00,D,average,60,10.0,0.29,7,7,0,0
Crop_Productivity_Loss_[%],07_07_00_00,D,average,100,10.0,0.22,7,7,0,0
Crop_Productivity_Loss_[%],07_07_00_00,D&G,average,20,20.0,0.63,7,7,0,0
Crop_Productivity_Loss_[%],07_07_00_00,D&G,average,60,10.0,0.29,7,7,0,0
Crop_Productivity_Loss_[%],07_07_00_00,D&G,average,100,10.0,0.22,7,7,0,0
Crop_Productivity_Loss_[%],07_07_00_00,D&G&Wp,average,20,20.0,0.57,7,7,0,0
Crop_Productivity_Loss_[%],07_07_00_00,D&G&Wp,average,60,10.0,0.25,7,7,0,0
Crop_Productivity_Loss_[%],07_07_00_00,D&G&Wp,average,100,10.0,0.18,7,7,0,0
Crop_Productivity_Loss_[%],07_07_00_00,D&Wp,average,20,20.0,0.54,7,7,0,0
Crop_Productivity_Loss_[%],07_07_00_00,D&Wp,average,60,10.0,0.23,7,7,0,0
Crop_Productivity_Loss_[%],07_07_00_00,D&Wp,average,100,10.0,0.17,7,7,0,0
Crop_Productivity_Loss_[%],07_07_00_00,G,average,20,20.0,0.62,7,7,0,0
Crop_Productivity_Loss_[%],07_07_00_00,G,average,60,10.0,0.28,7,7,0,0
Crop_Productivity_Loss_[%],07_07_00_00,G,average,100,10.0,0.21,7,7,0,0
Crop_Productivity_Loss_[%],07_07_00_00,G&Wp,average,20,20.0,0.53,7,7,0,0
Crop_Productivity_Loss_[%],07_07_00_00,G&Wp,average,60,10.0,0.23,7,7,0,0
Crop_Productivity_Loss_[%],07_07_00_00,G&Wp,average,100,10.0,0.17,7,7,0,0
Crop_Productivity_Loss_[%],07_07_00_00,Wp,average,20,20.0,0.48,7,7,0,0
Crop_Productivity_Loss_[%],07_07_00_00,Wp,average,60,10.0,0.21,7,7,0,0
Crop_Productivity_Loss_[%],07_07_00_00,Wp,average,100,10.0,0.15,7,7,0,0
Crop_Productivity_Loss_[%],07_08_00_00,D,average,20,20.0,0.66,7,8,0,0
Crop_Productivity_Loss_[%],07_08_00_00,D,average,60,10.0,0.32,7,8,0,0
Crop_Productivity_Loss_[%],07_08_00_00,D,average,100,10.0,0.24,7,8,0,0
Crop_Productivity_Loss_[%],07_08_00_00,D&G,average,20,20.0,0.64,7,8,0,0
Crop_Productivity_Loss_[%],07_08_00_00,D&G,average,60,10.0,0.32,7,8,0,0
Crop_Productivity_Loss_[%],07_08_00_00,D&G,average,100,10.0,0.24,7,8,0,0
Crop_Productivity_Loss_[%],07_08_00_00,D&G&Wp,average,20,20.0,0.58,7,8,0,0
Crop_Productivity_Loss_[%],07_08_00_00,D&G&Wp,average,60,20.0,0.33,7,8,0,0
Crop_Productivity_Loss_[%],07_08_00_00,D&G&Wp,average,100,10.0,0.28,7,8,0,0
Crop_Productivity_Loss_[%],07_08_00_00,D&Wp,average,20,20.0,0.56,7,8,0,0
Crop_Productivity_Loss_[%],07_08_00_00,D&Wp,average,60,20.0,0.33,7,8,0,0
Crop_Productivity_Loss_[%],07_08_00_00,D&Wp,average,100,20.0,0.29,7,8,0,0
Crop_Productivity_Loss_[%],07_08_00_00,G,average,20,20.0,0.63,7,8,0,0
Crop_Productivity_Loss_[%],07_08_00_00,G,average,60,10.0,0.32,7,8,0,0
Crop_Productivity_Loss_[%],07_08_00_00,G,average,100,10.0,0.24,7,8,0,0
Crop_Productivity_Loss_[%],07_08_00_00,G&Wp,average,20,20.0,0.55,7,8,0,0
Crop_Productivity_Loss_[%],07_08_00_00,G&Wp,average,60,20.0,0.33,7,8,0,0
Crop_Productivity_Loss_[%],07_08_00_00,G&Wp,average,100,20.0,0.28,7,8,0,0
Crop_Productivity_Loss_[%],07_08_00_00,Wp,average,20,20.0,0.5,7,8,0,0
Crop_Productivity_Loss_[%],07_08_00_00,Wp,average,60,20.0,0.34,7,8,0,0
Crop_Productivity_Loss_[%],07_08_00_00,Wp,average,100,20.0,0.3,7,8,0,0
Crop_Productivity_Loss_[%],07_09_00_00,D,average,20,20.0,0.85,7,9,0,0
Crop_Productivity_Loss_[%],07_09_00_00,D,average,60,20.0,0.65,7,9,0,0
Crop_Productivity_Loss_[%],07_09_00_00,D,average,100,20.0,0.54,7,9,0,0
Crop_Productivity_Loss_[%],07_09_00_00,D&G,average,20,20.0,0.84,7,9,0,0
Crop_Productivity_Loss_[%],07_09_00_00,D&G,average,60,20.0,0.63,7,9,0,0
Crop_Productivity_Loss_[%],07_09_00_00,D&G,average,100,20.0,0.51,7,9,0,0
Crop_Productivity_Loss_[%],07_09_00_00,D&G&Wp,average,20,20.0,0.82,7,9,0,0
Crop_Productivity_Loss_[%],07_09_00_00,D&G&Wp,average,60,20.0,0.55,7,9,0,0
Crop_Productivity_Loss_[%],07_09_00_00,D&G&Wp,average,100,20.0,0.4,7,9,0,0
Crop_Productivity_Loss_[%],07_09_00_00,D&Wp,average,20,20.0,0.82,7,9,0,0
Crop_Productivity_Loss_[%],07_09_00_00,D&Wp,average,60,20.0,0.53,7,9,0,0
Crop_Productivity_Loss_[%],07_09_00_00,D&Wp,average,100,20.0,0.38,7,9,0,0
Crop_Productivity_Loss_[%],07_09_00_00,G,average,20,20.0,0.83,7,9,0,0
Crop_Productivity_Loss_[%],07_09_00_00,G,average,60,20.0,0.61,7,9,0,0
Crop_Productivity_Loss_[%],07_09_00_00,G,average,100,20.0,0.48,7,9,0,0
Crop_Productivity_Loss_[%],07_09_00_00,G&Wp,average,20,20.0,0.81,7,9,0,0
Crop_Productivity_Loss_[%],07_09_00_00,G&Wp,average,60,20.0,0.52,7,9,0,0
Crop_Productivity_Loss_[%],07_09_00_00,G&Wp,average,100,20.0,0.37,7,9,0,0
Crop_Productivity_Loss_[%],07_09_00_00,Wp,average,20,30.0,0.8,7,9,0,0
Crop_Productivity_Loss_[%],07_09_00_00,Wp,average,60,30.0,0.48,7,9,0,0
Crop_Productivity_Loss_[%],07_09_00_00,Wp,average,100,30.0,0.33,7,9,0,0
Crop_Productivity_Loss_[%],09_00_00_00,D,average,20,20.0,1.0,9,0,0,0
Crop_Productivity_Loss_[%],09_00_00_00,D,average,60,30.0,1.04,9,0,0,0
Crop_Productivity_Loss_[%],09_00_00_00,D,average,100,30.0,1.12,9,0,0,0
Crop_Productivity_Loss_[%],09_00_00_00,D&G,average,20,20.0,1.0,9,0,0,0
Crop_Productivity_Loss_[%],09_00_00_00,D&G,average,60,30.0,1.06,9,0,0,0
Crop_Productivity_Loss_[%],09_00_00_00,D&G,average,100,30.0,1.13,9,0,0,0
Crop_Productivity_Loss_[%],09_00_00_00,D&G&Wp,average,20,30.0,1.0,9,0,0,0
Crop_Productivity_Loss_[%],09_00_00_00,D&G&Wp,average,60,40.0,1.06,9,0,0,0
Crop_Productivity_Loss_[%],09_00_00_00,D&G&Wp,average,100,40.0,1.1,9,0,0,0
Crop_Productivity_Loss_[%],09_00_00_00,D&Wp,average,20,30.0,1.0,9,0,0,0
Crop_Productivity_Loss_[%],09_00_00_00,D&Wp,average,60,40.0,1.05,9,0,0,0
Crop_Productivity_Loss_[%],09_00_00_00,D&Wp,average,100,50.0,1.09,9,0,0,0
Crop_Productivity_Loss_[%],09_00_00_00,G,average,20,20.0,1.0,9,0,0,0
Crop_Productivity_Loss_[%],09_00_00_00,G,average,60,30.0,1.08,9,0,0,0
Crop_Productivity_Loss_[%],09_00_00_00,G,average,100,30.0,1.14,9,0,0,0
Crop_Productivity_Loss_[%],09_00_00_00,G&Wp,average,20,30.0,1.0,9,0,0,0
Crop_Productivity_Loss_[%],09_00_00_00,G&Wp,average,60,40.0,1.06,9,0,0,0
Crop_Productivity_Loss_[%],09_00_00_00,G&Wp,average,100,50.0,1.09,9,0,0,0
Crop_Productivity_Loss_[%],09_00_00_00,Wp,average,20,30.0,1.0,9,0,0,0
Crop_Productivity_Loss_[%],09_00_00_00,Wp,average,60,60.0,1.06,9,0,0,0
Crop_Productivity_Loss_[%],09_00_00_00,Wp,average,100,70.0,1.08,9,0,0,0
Crop_Productivity_Loss_[%],09_01_00_00,D,average,20,20.0,1.03,9,1,0,0
Crop_Productivity_Loss_[%],09_01_00_00,D,average,60,20.0,0.82,9,1,0,0
Crop_Productivity_Loss_[%],09_01_00_00,D,average,100,20.0,0.78,9,1,0,0
Crop_Productivity_Loss_[%],09_01_00_00,D&G,average,20,20.0,1.03,9,1,0,0
Crop_Productivity_Loss_[%],09_01_00_00,D&G,average,60,20.0,0.82,9,1,0,0
Crop_Productivity_Loss_[%],09_01_00_00,D&G,average,100,20.0,0.77,9,1,0,0
Crop_Productivity_Loss_[%],09_01_00_00,D&G&Wp,average,20,30.0,1.02,9,1,0,0
Crop_Productivity_Loss_[%],09_01_00_00,D&G&Wp,average,60,30.0,0.72,9,1,0,0
Crop_Productivity_Loss_[%],09_01_00_00,D&G&Wp,average,100,30.0,0.6,9,1,0,0
Crop_Productivity_Loss_[%],09_01_00_00,D&Wp,average,20,30.0,1.02,9,1,0,0
Crop_Productivity_Loss_[%],09_01_00_00,D&Wp,average,60,30.0,0.69,9,1,0,0
Crop_Productivity_Loss_[%],09_01_00_00,D&Wp,average,100,30.0,0.55,9,1,0,0
Crop_Productivity_Loss_[%],09_01_00_00,G,average,20,20.0,1.03,9,1,0,0
Crop_Productivity_Loss_[%],09_01_00_00,G,average,60,20.0,0.83,9,1,0,0
Crop_Productivity_Loss_[%],09_01_00_00,G,average,100,20.0,0.77,9,1,0,0
Crop_Productivity_Loss_[%],09_01_00_00,G&Wp,average,20,30.0,1.02,9,1,0,0
Crop_Productivity_Loss_[%],09_01_00_00,G&Wp,average,60,30.0,0.7,9,1,0,0
Crop_Productivity_Loss_[%],09_01_00_00,G&Wp,average,100,30.0,0.56,9,1,0,0
Crop_Productivity_Loss_[%],09_01_00_00,Wp,average,20,30.0,1.02,9,1,0,0
Crop_Productivity_Loss_[%],09_01_00_00,Wp,average,60,40.0,0.63,9,1,0,0
Crop_Productivity_Loss_[%],09_01_00_00,Wp,average,100,30.0,0.48,9,1,0,0
Crop_Productivity_Loss_[%],09_03_00_00,D,average,20,20.0,0.96,9,3,0,0
Crop_Productivity_Loss_[%],09_03_00_00,D,average,60,20.0,0.8,9,3,0,0
Crop_Productivity_Loss_[%],09_03_00_00,D,average,100,20.0,0.77,9,3,0,0
Crop_Productivity_Loss_[%],09_03_00_00,D&G,average,20,20.0,0.96,9,3,0,0
Crop_Productivity_Loss_[%],09_03_00_00,D&G,average,60,20.0,0.8,9,3,0,0
Crop_Productivity_Loss_[%],09_03_00_00,D&G,average,100,20.0,0.76,9,3,0,0
Crop_Productivity_Loss_[%],09_03_00_00,D&G&Wp,average,20,20.0,0.95,9,3,0,0
Crop_Productivity_Loss_[%],09_03_00_00,D&G&Wp,average,60,30.0,0.71,9,3,0,0
Crop_Productivity_Loss_[%],09_03_00_00,D&G&Wp,average,100,30.0,0.59,9,3,0,0
Crop_Productivity_Loss_[%],09_03_00_00,D&Wp,average,20,30.0,0.95,9,3,0,0
Crop_Productivity_Loss_[%],09_03_00_00,D&Wp,average,60,30.0,0.67,9,3,0,0
Crop_Productivity_Loss_[%],09_03_00_00,D&Wp,average,100,30.0,0.55,9,3,0,0
Crop_Productivity_Loss_[%],09_03_00_00,G,average,20,20.0,0.96,9,3,0,0
Crop_Productivity_Loss_[%],09_03_00_00,G,average,60,20.0,0.81,9,3,0,0
Crop_Productivity_Loss_[%],09_03_00_00,G,average,100,20.0,0.75,9,3,0,0
Crop_Productivity_Loss_[%],09_03_00_00,G&Wp,average,20,30.0,0.95,9,3,0,0
Crop_Productivity_Loss_[%],09_03_00_00,G&Wp,average,60,30.0,0.68,9,3,0,0
Crop_Productivity_Loss_[%],09_03_00_00,G&Wp,average,100,30.0,0.55,9,3,0,0
Crop_Productivity_Loss_[%],09_03_00_00,Wp,average,20,30.0,0.95,9,3,0,0
Crop_Productivity_Loss_[%],09_03_00_00,Wp,average,60,30.0,0.62,9,3,0,0
Crop_Productivity_Loss_[%],09_03_00_00,Wp,average,100,30.0,0.47,9,3,0,0
Crop_Productivity_Loss_[%],09_05_00_00,D,average,20,20.0,0.85,9,5,0,0
Crop_Productivity_Loss_[%],09_05_00_00,D,average,60,20.0,0.48,9,5,0,0
Crop_Productivity_Loss_[%],09_05_00_00,D,average,100,10.0,0.47,9,5,0,0
Crop_Productivity_Loss_[%],09_05_00_00,D&G,average,20,20.0,0.85,9,5,0,0
Crop_Productivity_Loss_[%],09_05_00_00,D&G,average,60,20.0,0.49,9,5,0,0
Crop_Productivity_Loss_[%],09_05_00_00,D&G,average,100,20.0,0.48,9,5,0,0
Crop_Productivity_Loss_[%],09_05_00_00,D&G&Wp,average,20,20.0,0.81,9,5,0,0
Crop_Productivity_Loss_[%],09_05_00_00,D&G&Wp,average,60,20.0,0.42,9,5,0,0
Crop_Productivity_Loss_[%],09_05_00_00,D&G&Wp,average,100,20.0,0.41,9,5,0,0
Crop_Productivity_Loss_[%],09_05_00_00,D&Wp,average,20,20.0,0.79,9,5,0,0
Crop_Productivity_Loss_[%],09_05_00_00,D&Wp,average,60,20.0,0.4,9,5,0,0
Crop_Productivity_Loss_[%],09_05_00_00,D&Wp,average,100,20.0,0.38,9,5,0,0
Crop_Productivity_Loss_[%],09_05_00_00,G,average,20,20.0,0.85,9,5,0,0
Crop_Productivity_Loss_[%],09_05_00_00,G,average,60,20.0,0.5,9,5,0,0
Crop_Productivity_Loss_[%],09_05_00_00,G,average,100,20.0,0.49,9,5,0,0
Crop_Productivity_Loss_[%],09_05_00_00,G&Wp,average,20,20.0,0.79,9,5,0,0
Crop_Productivity_Loss_[%],09_05_00_00,G&Wp,average,60,20.0,0.41,9,5,0,0
Crop_Productivity_Loss_[%],09_05_00_00,G&Wp,average,100,20.0,0.39,9,5,0,0
Crop_Productivity_Loss_[%],09_05_00_00,Wp,average,20,20.0,0.75,9,5,0,0
Crop_Productivity_Loss_[%],09_05_00_00,Wp,average,60,20.0,0.36,9,5,0,0
Crop_Productivity_Loss_[%],09_05_00_00,Wp,average,100,30.0,0.36,9,5,0,0
Crop_Productivity_Loss_[%],09_06_00_00,D,average,20,20.0,0.88,9,6,0,0
Crop_Productivity_Loss_[%],09_06_00_00,D,average,60,20.0,0.59,9,6,0,0
Crop_Productivity_Loss_[%],09_06_00_00,D,average,100,20.0,0.54,9,6,0,0
Crop_Productivity_Loss_[%],09_06_00_00,D&G,average,20,20.0,0.88,9,6,0,0
Crop_Productivity_Loss_[%],09_06_00_00,D&G,average,60,20.0,0.6,9,6,0,0
Crop_Productivity_Loss_[%],09_06_00_00,D&G,average,100,20.0,0.54,9,6,0,0
Crop_Productivity_Loss_[%],09_06_00_00,D&G&Wp,average,20,20.0,0.86,9,6,0,0
Crop_Productivity_Loss_[%],09_06_00_00,D&G&Wp,average,60,20.0,0.51,9,6,0,0
Crop_Productivity_Loss_[%],09_06_00_00,D&G&Wp,average,100,20.0,0.41,9,6,0,0
Crop_Productivity_Loss_[%],09_06_00_00,D&Wp,average,20,20.0,0.85,9,6,0,0
Crop_Productivity_Loss_[%],09_06_00_00,D&Wp,average,60,20.0,0.47,9,6,0,0
Crop_Productivity_Loss_[%],09_06_00_00,D&Wp,average,100,20.0,0.37,9,6,0,0
Crop_Productivity_Loss_[%],09_06_00_00,G,average,20,20.0,0.88,9,6,0,0
Crop_Productivity_Loss_[%],09_06_00_00,G,average,60,20.0,0.61,9,6,0,0
Crop_Productivity_Loss_[%],09_06_00_00,G,average,100,20.0,0.55,9,6,0,0
Crop_Productivity_Loss_[%],09_06_00_00,G&Wp,average,20,20.0,0.85,9,6,0,0
Crop_Productivity_Loss_[%],09_06_00_00,G&Wp,average,60,20.0,0.48,9,6,0,0
Crop_Productivity_Loss_[%],09_06_00_00,G&Wp,average,100,20.0,0.38,9,6,0,0
Crop_Productivity_Loss_[%],09_06_00_00,Wp,average,20,30.0,0.82,9,6,0,0
Crop_Productivity_Loss_[%],09_06_00_00,Wp,average,60,20.0,0.42,9,6,0,0
Crop_Productivity_Loss_[%],09_06_00_00,Wp,average,100,20.0,0.32,9,6,0,0
Crop_Productivity_Loss_[%],09_07_00_00,D,average,20,20.0,0.68,9,7,0,0
Crop_Productivity_Loss_[%],09_07_00_00,D,average,60,10.0,0.41,9,7,0,0
Crop_Productivity_Loss_[%],09_07_00_00,D,average,100,10.0,0.44,9,7,0,0
Crop_Productivity_Loss_[%],09_07_00_00,D&G,average,20,20.0,0.68,9,7,0,0
Crop_Productivity_Loss_[%],09_07_00_00,D&G,average,60,10.0,0.43,9,7,0,0
Crop_Productivity_Loss_[%],09_07_00_00,D&G,average,100,20.0,0.47,9,7,0,0
Crop_Productivity_Loss_[%],09_07_00_00,D&G&Wp,average,20,20.0,0.61,9,7,0,0
Crop_Productivity_Loss_[%],09_07_00_00,D&G&Wp,average,60,20.0,0.38,9,7,0,0
Crop_Productivity_Loss_[%],09_07_00_00,D&G&Wp,average,100,20.0,0.36,9,7,0,0
Crop_Productivity_Loss_[%],09_07_00_00,D&Wp,average,20,20.0,0.58,9,7,0,0
Crop_Productivity_Loss_[%],09_07_00_00,D&Wp,average,60,20.0,0.36,9,7,0,0
Crop_Productivity_Loss_[%],09_07_00_00,D&Wp,average,100,20.0,0.33,9,7,0,0
Crop_Productivity_Loss_[%],09_07_00_00,G,average,20,20.0,0.67,9,7,0,0
Crop_Productivity_Loss_[%],09_07_00_00,G,average,60,20.0,0.45,9,7,0,0
Crop_Productivity_Loss_[%],09_07_00_00,G,average,100,20.0,0.48,9,7,0,0
Crop_Productivity_Loss_[%],09_07_00_00,G&Wp,average,20,20.0,0.58,9,7,0,0
Crop_Productivity_Loss_[%],09_07_00_00,G&Wp,average,60,20.0,0.38,9,7,0,0
Crop_Productivity_Loss_[%],09_07_00_00,G&Wp,average,100,20.0,0.34,9,7,0,0
Crop_Productivity_Loss_[%],09_07_00_00,Wp,average,20,20.0,0.51,9,7,0,0
Crop_Productivity_Loss_[%],09_07_00_00,Wp,average,60,20.0,0.34,9,7,0,0
Crop_Productivity_Loss_[%],09_07_00_00,Wp,average,100,20.0,0.29,9,7,0,0
Crop_Productivity_Loss_[%],09_08_00_00,D,average,20,20.0,0.69,9,8,0,0
Crop_Productivity_Loss_[%],09_08_00_00,D,average,60,10.0,0.44,9,8,0,0
Crop_Productivity_Loss_[%],09_08_00_00,D,average,100,10.0,0.47,9,8,0,0
Crop_Productivity_Loss_[%],09_08_00_00,D&G,average,20,20.0,0.69,9,8,0,0
Crop_Productivity_Loss_[%],09_08_00_00,D&G,average,60,20.0,0.47,9,8,0,0
Crop_Productivity_Loss_[%],09_08_00_00,D&G,average,100,20.0,0.51,9,8,0,0
Crop_Productivity_Loss_[%],09_08_00_00,D&G&Wp,average,20,20.0,0.62,9,8,0,0
Crop_Productivity_Loss_[%],09_08_00_00,D&G&Wp,average,60,20.0,0.46,9,8,0,0
Crop_Productivity_Loss_[%],09_08_00_00,D&G&Wp,average,100,20.0,0.44,9,8,0,0
Crop_Productivity_Loss_[%],09_08_00_00,D&Wp,average,20,20.0,0.6,9,8,0,0
Crop_Productivity_Loss_[%],09_08_00_00,D&Wp,average,60,20.0,0.44,9,8,0,0
Crop_Productivity_Loss_[%],09_08_00_00,D&Wp,average,100,20.0,0.41,9,8,0,0
Crop_Productivity_Loss_[%],09_08_00_00,G,average,20,20.0,0.68,9,8,0,0
Crop_Productivity_Loss_[%],09_08_00_00,G,average,60,20.0,0.51,9,8,0,0
Crop_Productivity_Loss_[%],09_08_00_00,G,average,100,20.0,0.54,9,8,0,0
Crop_Productivity_Loss_[%],09_08_00_00,G&Wp,average,20,20.0,0.6,9,8,0,0
Crop_Productivity_Loss_[%],09_08_00_00,G&Wp,average,60,20.0,0.46,9,8,0,0
Crop_Productivity_Loss_[%],09_08_00_00,G&Wp,average,100,20.0,0.43,9,8,0,0
Crop_Productivity_Loss_[%],09_08_00_00,Wp,average,20,20.0,0.54,9,8,0,0
Crop_Productivity_Loss_[%],09_08_00_00,Wp,average,60,30.0,0.44,9,8,0,0
Crop_Productivity_Loss_[%],09_08_00_00,Wp,average,100,30.0,0.39,9,8,0,0
Crop_Productivity_Loss_[%],09_09_00_00,D,average,20,20.0,0.88,9,9,0,0
Crop_Productivity_Loss_[%],09_09_00_00,D,average,60,20.0,0.76,9,9,0,0
Crop_Productivity_Loss_[%],09_09_00_00,D,average,100,20.0,0.75,9,9,0,0
Crop_Productivity_Loss_[%],09_09_00_00,D&G,average,20,20.0,0.88,9,9,0,0
Crop_Productivity_Loss_[%],09_09_00_00,D&G,average,60,20.0,0.77,9,9,0,0
Crop_Productivity_Loss_[%],09_09_00_00,D&G,average,100,20.0,0.73,9,9,0,0
Crop_Productivity_Loss_[%],09_09_00_00,D&G&Wp,average,20,20.0,0.86,9,9,0,0
Crop_Productivity_Loss_[%],09_09_00_00,D&G&Wp,average,60,30.0,0.67,9,9,0,0
Crop_Productivity_Loss_[%],09_09_00_00,D&G&Wp,average,100,20.0,0.54,9,9,0,0
Crop_Productivity_Loss_[%],09_09_00_00,D&Wp,average,20,20.0,0.85,9,9,0,0
Crop_Productivity_Loss_[%],09_09_00_00,D&Wp,average,60,30.0,0.64,9,9,0,0
Crop_Productivity_Loss_[%],09_09_00_00,D&Wp,average,100,20.0,0.48,9,9,0,0
Crop_Productivity_Loss_[%],09_09_00_00,G,average,20,20.0,0.88,9,9,0,0
Crop_Productivity_Loss_[%],09_09_00_00,G,average,60,20.0,0.77,9,9,0,0
Crop_Productivity_Loss_[%],09_09_00_00,G,average,100,20.0,0.72,9,9,0,0
Crop_Productivity_Loss_[%],09_09_00_00,G&Wp,average,20,20.0,0.85,9,9,0,0
Crop_Productivity_Loss_[%],09_09_00_00,G&Wp,average,60,30.0,0.64,9,9,0,0
Crop_Productivity_Loss_[%],09_09_00_00,G&Wp,average,100,30.0,0.49,9,9,0,0
Crop_Productivity_Loss_[%],09_09_00_00,Wp,average,20,30.0,0.84,9,9,0,0
Crop_Productivity_Loss_[%],09_09_00_00,Wp,average,60,30.0,0.58,9,9,0,0
Crop_Productivity_Loss_[%],09_09_00_00,Wp,average,100,30.0,0.4,9,9,0,0
Crop_Productivity_Loss_[%],11_00_00_00,D,average,20,20.0,1.01,11,0,0,0
Crop_Productivity_Loss_[%],11_00_00_00,D,average,60,30.0,1.05,11,0,0,0
Crop_Productivity_Loss_[%],11_00_00_00,D,average,100,30.0,1.08,11,0,0,0
Crop_Productivity_Loss_[%],11_00_00_00,D&G,average,20,20.0,1.01,11,0,0,0
Crop_Productivity_Loss_[%],11_00_00_00,D&G,average,60,30.0,1.05,11,0,0,0
Crop_Productivity_Loss_[%],11_00_00_00,D&G,average,100,30.0,1.09,11,0,0,0
Crop_Productivity_Loss_[%],11_00_00_00,D&G&Wp,average,20,30.0,1.01,11,0,0,0
Crop_Productivity_Loss_[%],11_00_00_00,D&G&Wp,average,60,40.0,1.05,11,0,0,0
Crop_Productivity_Loss_[%],11_00_00_00,D&G&Wp,average,100,40.0,1.08,11,0,0,0
Crop_Productivity_Loss_[%],11_00_00_00,D&Wp,average,20,30.0,1.01,11,0,0,0
Crop_Productivity_Loss_[%],11_00_00_00,D&Wp,average,60,40.0,1.05,11,0,0,0
Crop_Productivity_Loss_[%],11_00_00_00,D&Wp,average,100,50.0,1.07,11,0,0,0
Crop_Productivity_Loss_[%],11_00_00_00,G,average,20,20.0,1.01,11,0,0,0
Crop_Productivity_Loss_[%],11_00_00_00,G,average,60,30.0,1.05,11,0,0,0
Crop_Productivity_Loss_[%],11_00_00_00,G,average,100,30.0,1.09,11,0,0,0
Crop_Productivity_Loss_[%],11_00_00_00,G&Wp,average,20,30.0,1.01,11,0,0,0
Crop_Productivity_Loss_[%],11_00_00_00,G&Wp,average,60,40.0,1.05,11,0,0,0
Crop_Productivity_Loss_[%],11_00_00_00,G&Wp,average,100,50.0,1.08,11,0,0,0
Crop_Productivity_Loss_[%],11_00_00_00,Wp,average,20,30.0,1.01,11,0,0,0
Crop_Productivity_Loss_[%],11_00_00_00,Wp,average,60,60.0,1.05,11,0,0,0
Crop_Productivity_Loss_[%],11_00_00_00,Wp,average,100,70.0,1.07,11,0,0,0
Crop_Productivity_Loss_[%],11_01_00_00,D,average,20,20.0,1.03,11,1,0,0
Crop_Productivity_Loss_[%],11_01_00_00,D,average,60,20.0,0.69,11,1,0,0
Crop_Productivity_Loss_[%],11_01_00_00,D,average,100,20.0,0.55,11,1,0,0
Crop_Productivity_Loss_[%],11_01_00_00,D&G,average,20,20.0,1.03,11,1,0,0
Crop_Productivity_Loss_[%],11_01_00_00,D&G,average,60,20.0,0.68,11,1,0,0
Crop_Productivity_Loss_[%],11_01_00_00,D&G,average,100,20.0,0.56,11,1,0,0
Crop_Productivity_Loss_[%],11_01_00_00,D&G&Wp,average,20,30.0,1.03,11,1,0,0
Crop_Productivity_Loss_[%],11_01_00_00,D&G&Wp,average,60,20.0,0.6,11,1,0,0
Crop_Productivity_Loss_[%],11_01_00_00,D&G&Wp,average,100,20.0,0.47,11,1,0,0
Crop_Productivity_Loss_[%],11_01_00_00,D&Wp,average,20,30.0,1.03,11,1,0,0
Crop_Productivity_Loss_[%],11_01_00_00,D&Wp,average,60,20.0,0.58,11,1,0,0
Crop_Productivity_Loss_[%],11_01_00_00,D&Wp,average,100,20.0,0.44,11,1,0,0
Crop_Productivity_Loss_[%],11_01_00_00,G,average,20,20.0,1.02,11,1,0,0
Crop_Productivity_Loss_[%],11_01_00_00,G,average,60,20.0,0.68,11,1,0,0
Crop_Productivity_Loss_[%],11_01_00_00,G,average,100,20.0,0.56,11,1,0,0
Crop_Productivity_Loss_[%],11_01_00_00,G&Wp,average,20,30.0,1.03,11,1,0,0
Crop_Productivity_Loss_[%],11_01_00_00,G&Wp,average,60,30.0,0.58,11,1,0,0
Crop_Productivity_Loss_[%],11_01_00_00,G&Wp,average,100,20.0,0.45,11,1,0,0
Crop_Productivity_Loss_[%],11_01_00_00,Wp,average,20,30.0,1.03,11,1,0,0
Crop_Productivity_Loss_[%],11_01_00_00,Wp,average,60,30.0,0.53,11,1,0,0
Crop_Productivity_Loss_[%],11_01_00_00,Wp,average,100,30.0,0.4,11,1,0,0
Crop_Productivity_Loss_[%],11_03_00_00,D,average,20,20.0,0.96,11,3,0,0
Crop_Productivity_Loss_[%],11_03_00_00,D,average,60,20.0,0.71,11,3,0,0
Crop_Productivity_Loss_[%],11_03_00_00,D,average,100,20.0,0.6,11,3,0,0
Crop_Productivity_Loss_[%],11_03_00_00,D&G,average,20,20.0,0.97,11,3,0,0
Crop_Productivity_Loss_[%],11_03_00_00,D&G,average,60,20.0,0.7,11,3,0,0
Crop_Productivity_Loss_[%],11_03_00_00,D&G,average,100,20.0,0.6,11,3,0,0
Crop_Productivity_Loss_[%],11_03_00_00,D&G&Wp,average,20,30.0,0.96,11,3,0,0
Crop_Productivity_Loss_[%],11_03_00_00,D&G&Wp,average,60,20.0,0.62,11,3,0,0
Crop_Productivity_Loss_[%],11_03_00_00,D&G&Wp,average,100,20.0,0.49,11,3,0,0
Crop_Productivity_Loss_[%],11_03_00_00,D&Wp,average,20,30.0,0.96,11,3,0,0
Crop_Productivity_Loss_[%],11_03_00_00,D&Wp,average,60,30.0,0.59,11,3,0,0
Crop_Productivity_Loss_[%],11_03_00_00,D&Wp,average,100,20.0,0.47,11,3,0,0
Crop_Productivity_Loss_[%],11_03_00_00,G,average,20,20.0,0.97,11,3,0,0
Crop_Productivity_Loss_[%],11_03_00_00,G,average,60,20.0,0.69,11,3,0,0
Crop_Productivity_Loss_[%],11_03_00_00,G,average,100,20.0,0.59,11,3,0,0
Crop_Productivity_Loss_[%],11_03_00_00,G&Wp,average,20,30.0,0.96,11,3,0,0
Crop_Productivity_Loss_[%],11_03_00_00,G&Wp,average,60,30.0,0.59,11,3,0,0
Crop_Productivity_Loss_[%],11_03_00_00,G&Wp,average,100,30.0,0.47,11,3,0,0
Crop_Productivity_Loss_[%],11_03_00_00,Wp,average,20,30.0,0.95,11,3,0,0
Crop_Productivity_Loss_[%],11_03_00_00,Wp,average,60,30.0,0.54,11,3,0,0
Crop_Productivity_Loss_[%],11_03_00_00,Wp,average,100,30.0,0.42,11,3,0,0
Crop_Productivity_Loss_[%],11_05_00_00,D,average,20,20.0,0.85,11,5,0,0
Crop_Productivity_Loss_[%],11_05_00_00,D,average,60,10.0,0.44,11,5,0,0
Crop_Productivity_Loss_[%],11_05_00_00,D,average,100,10.0,0.37,11,5,0,0
Crop_Productivity_Loss_[%],11_05_00_00,D&G,average,20,20.0,0.85,11,5,0,0
Crop_Productivity_Loss_[%],11_05_00_00,D&G,average,60,10.0,0.44,11,5,0,0
Crop_Productivity_Loss_[%],11_05_00_00,D&G,average,100,10.0,0.39,11,5,0,0
Crop_Productivity_Loss_[%],11_05_00_00,D&G&Wp,average,20,20.0,0.81,11,5,0,0
Crop_Productivity_Loss_[%],11_05_00_00,D&G&Wp,average,60,20.0,0.39,11,5,0,0
Crop_Productivity_Loss_[%],11_05_00_00,D&G&Wp,average,100,20.0,0.36,11,5,0,0
Crop_Productivity_Loss_[%],11_05_00_00,D&Wp,average,20,20.0,0.79,11,5,0,0
Crop_Productivity_Loss_[%],11_05_00_00,D&Wp,average,60,20.0,0.37,11,5,0,0
Crop_Productivity_Loss_[%],11_05_00_00,D&Wp,average,100,20.0,0.35,11,5,0,0
Crop_Productivity_Loss_[%],11_05_00_00,G,average,20,20.0,0.85,11,5,0,0
Crop_Productivity_Loss_[%],11_05_00_00,G,average,60,20.0,0.44,11,5,0,0
Crop_Productivity_Loss_[%],11_05_00_00,G,average,100,10.0,0.4,11,5,0,0
Crop_Productivity_Loss_[%],11_05_00_00,G&Wp,average,20,20.0,0.8,11,5,0,0
Crop_Productivity_Loss_[%],11_05_00_00,G&Wp,average,60,20.0,0.37,11,5,0,0
Crop_Productivity_Loss_[%],11_05_00_00,G&Wp,average,100,20.0,0.36,11,5,0,0
Crop_Productivity_Loss_[%],11_05_00_00,Wp,average,20,30.0,0.76,11,5,0,0
Crop_Productivity_Loss_[%],11_05_00_00,Wp,average,60,20.0,0.34,11,5,0,0
Crop_Productivity_Loss_[%],11_05_00_00,Wp,average,100,30.0,0.34,11,5,0,0
Crop_Productivity_Loss_[%],11_06_00_00,D,average,20,20.0,0.89,11,6,0,0
Crop_Productivity_Loss_[%],11_06_00_00,D,average,60,20.0,0.57,11,6,0,0
Crop_Productivity_Loss_[%],11_06_00_00,D,average,100,10.0,0.44,11,6,0,0
Crop_Productivity_Loss_[%],11_06_00_00,D&G,average,20,20.0,0.89,11,6,0,0
Crop_Productivity_Loss_[%],11_06_00_00,D&G,average,60,20.0,0.56,11,6,0,0
Crop_Productivity_Loss_[%],11_06_00_00,D&G,average,100,20.0,0.45,11,6,0,0
Crop_Productivity_Loss_[%],11_06_00_00,D&G&Wp,average,20,20.0,0.87,11,6,0,0
Crop_Productivity_Loss_[%],11_06_00_00,D&G&Wp,average,60,20.0,0.47,11,6,0,0
Crop_Productivity_Loss_[%],11_06_00_00,D&G&Wp,average,100,20.0,0.36,11,6,0,0
Crop_Productivity_Loss_[%],11_06_00_00,D&Wp,average,20,20.0,0.86,11,6,0,0
Crop_Productivity_Loss_[%],11_06_00_00,D&Wp,average,60,20.0,0.44,11,6,0,0
Crop_Productivity_Loss_[%],11_06_00_00,D&Wp,average,100,20.0,0.33,11,6,0,0
Crop_Productivity_Loss_[%],11_06_00_00,G,average,20,20.0,0.89,11,6,0,0
Crop_Productivity_Loss_[%],11_06_00_00,G,average,60,20.0,0.55,11,6,0,0
Crop_Productivity_Loss_[%],11_06_00_00,G,average,100,20.0,0.46,11,6,0,0
Crop_Productivity_Loss_[%],11_06_00_00,G&Wp,average,20,20.0,0.86,11,6,0,0
Crop_Productivity_Loss_[%],11_06_00_00,G&Wp,average,60,20.0,0.44,11,6,0,0
Crop_Productivity_Loss_[%],11_06_00_00,G&Wp,average,100,20.0,0.34,11,6,0,0
Crop_Productivity_Loss_[%],11_06_00_00,Wp,average,20,30.0,0.84,11,6,0,0
Crop_Productivity_Loss_[%],11_06_00_00,Wp,average,60,20.0,0.39,11,6,0,0
Crop_Productivity_Loss_[%],11_06_00_00,Wp,average,100,20.0,0.29,11,6,0,0
Crop_Productivity_Loss_[%],11_07_00_00,D,average,20,20.0,0.68,11,7,0,0
Crop_Productivity_Loss_[%],11_07_00_00,D,average,60,10.0,0.38,11,7,0,0
Crop_Productivity_Loss_[%],11_07_00_00,D,average,100,10.0,0.35,11,7,0,0
Crop_Productivity_Loss_[%],11_07_00_00,D&G,average,20,20.0,0.68,11,7,0,0
Crop_Productivity_Loss_[%],11_07_00_00,D&G,average,60,10.0,0.39,11,7,0,0
Crop_Productivity_Loss_[%],11_07_00_00,D&G,average,100,10.0,0.38,11,7,0,0
Crop_Productivity_Loss_[%],11_07_00_00,D&G&Wp,average,20,20.0,0.61,11,7,0,0
Crop_Productivity_Loss_[%],11_07_00_00,D&G&Wp,average,60,20.0,0.35,11,7,0,0
Crop_Productivity_Loss_[%],11_07_00_00,D&G&Wp,average,100,20.0,0.31,11,7,0,0
Crop_Productivity_Loss_[%],11_07_00_00,D&Wp,average,20,20.0,0.58,11,7,0,0
Crop_Productivity_Loss_[%],11_07_00_00,D&Wp,average,60,20.0,0.33,11,7,0,0
Crop_Productivity_Loss_[%],11_07_00_00,D&Wp,average,100,20.0,0.28,11,7,0,0
Crop_Productivity_Loss_[%],11_07_00_00,G,average,20,20.0,0.67,11,7,0,0
Crop_Productivity_Loss_[%],11_07_00_00,G,average,60,10.0,0.4,11,7,0,0
Crop_Productivity_Loss_[%],11_07_00_00,G,average,100,10.0,0.4,11,7,0,0
Crop_Productivity_Loss_[%],11_07_00_00,G&Wp,average,20,20.0,0.58,11,7,0,0
Crop_Productivity_Loss_[%],11_07_00_00,G&Wp,average,60,20.0,0.34,11,7,0,0
Crop_Productivity_Loss_[%],11_07_00_00,G&Wp,average,100,20.0,0.3,11,7,0,0
Crop_Productivity_Loss_[%],11_07_00_00,Wp,average,20,20.0,0.51,11,7,0,0
Crop_Productivity_Loss_[%],11_07_00_00,Wp,average,60,20.0,0.31,11,7,0,0
Crop_Productivity_Loss_[%],11_07_00_00,Wp,average,100,20.0,0.26,11,7,0,0
Crop_Productivity_Loss_[%],11_08_00_00,D,average,20,20.0,0.69,11,8,0,0
Crop_Productivity_Loss_[%],11_08_00_00,D,average,60,10.0,0.4,11,8,0,0
Crop_Productivity_Loss_[%],11_08_00_00,D,average,100,10.0,0.36,11,8,0,0
Crop_Productivity_Loss_[%],11_08_00_00,D&G,average,20,20.0,0.69,11,8,0,0
Crop_Productivity_Loss_[%],11_08_00_00,D&G,average,60,10.0,0.41,11,8,0,0
Crop_Productivity_Loss_[%],11_08_00_00,D&G,average,100,10.0,0.4,11,8,0,0
Crop_Productivity_Loss_[%],11_08_00_00,D&G&Wp,average,20,20.0,0.62,11,8,0,0
Crop_Productivity_Loss_[%],11_08_00_00,D&G&Wp,average,60,20.0,0.41,11,8,0,0
Crop_Productivity_Loss_[%],11_08_00_00,D&G&Wp,average,100,20.0,0.4,11,8,0,0
Crop_Productivity_Loss_[%],11_08_00_00,D&Wp,average,20,20.0,0.6,11,8,0,0
Crop_Productivity_Loss_[%],11_08_00_00,D&Wp,average,60,20.0,0.4,11,8,0,0
Crop_Productivity_Loss_[%],11_08_00_00,D&Wp,average,100,20.0,0.39,11,8,0,0
Crop_Productivity_Loss_[%],11_08_00_00,G,average,20,20.0,0.69,11,8,0,0
Crop_Productivity_Loss_[%],11_08_00_00,G,average,60,20.0,0.43,11,8,0,0
Crop_Productivity_Loss_[%],11_08_00_00,G,average,100,20.0,0.43,11,8,0,0
Crop_Productivity_Loss_[%],11_08_00_00,G&Wp,average,20,20.0,0.6,11,8,0,0
Crop_Productivity_Loss_[%],11_08_00_00,G&Wp,average,60,20.0,0.41,11,8,0,0
Crop_Productivity_Loss_[%],11_08_00_00,G&Wp,average,100,20.0,0.4,11,8,0,0
Crop_Productivity_Loss_[%],11_08_00_00,Wp,average,20,20.0,0.54,11,8,0,0
Crop_Productivity_Loss_[%],11_08_00_00,Wp,average,60,20.0,0.41,11,8,0,0
Crop_Productivity_Loss_[%],11_08_00_00,Wp,average,100,30.0,0.4,11,8,0,0
Crop_Productivity_Loss_[%],11_09_00_00,D,average,20,20.0,0.88,11,9,0,0
Crop_Productivity_Loss_[%],11_09_00_00,D,average,60,20.0,0.69,11,9,0,0
Crop_Productivity_Loss_[%],11_09_00_00,D,average,100,20.0,0.59,11,9,0,0
Crop_Productivity_Loss_[%],11_09_00_00,D&G,average,20,20.0,0.88,11,9,0,0
Crop_Productivity_Loss_[%],11_09_00_00,D&G,average,60,20.0,0.68,11,9,0,0
Crop_Productivity_Loss_[%],11_09_00_00,D&G,average,100,20.0,0.58,11,9,0,0
Crop_Productivity_Loss_[%],11_09_00_00,D&G&Wp,average,20,20.0,0.87,11,9,0,0
Crop_Productivity_Loss_[%],11_09_00_00,D&G&Wp,average,60,20.0,0.59,11,9,0,0
Crop_Productivity_Loss_[%],11_09_00_00,D&G&Wp,average,100,20.0,0.45,11,9,0,0
Crop_Productivity_Loss_[%],11_09_00_00,D&Wp,average,20,20.0,0.86,11,9,0,0
Crop_Productivity_Loss_[%],11_09_00_00,D&Wp,average,60,20.0,0.56,11,9,0,0
Crop_Productivity_Loss_[%],11_09_00_00,D&Wp,average,100,20.0,0.41,11,9,0,0
Crop_Productivity_Loss_[%],11_09_00_00,G,average,20,20.0,0.88,11,9,0,0
Crop_Productivity_Loss_[%],11_09_00_00,G,average,60,20.0,0.67,11,9,0,0
Crop_Productivity_Loss_[%],11_09_00_00,G,average,100,20.0,0.58,11,9,0,0
Crop_Productivity_Loss_[%],11_09_00_00,G&Wp,average,20,20.0,0.86,11,9,0,0
Crop_Productivity_Loss_[%],11_09_00_00,G&Wp,average,60,20.0,0.56,11,9,0,0
Crop_Productivity_Loss_[%],11_09_00_00,G&Wp,average,100,20.0,0.41,11,9,0,0
Crop_Productivity_Loss_[%],11_09_00_00,Wp,average,20,30.0,0.84,11,9,0,0
Crop_Productivity_Loss_[%],11_09_00_00,Wp,average,60,30.0,0.5,11,9,0,0
Crop_Productivity_Loss_[%],11_09_00_00,Wp,average,100,30.0,0.35,11,9,0,0
Crop_Productivity_Loss_[%],13_00_00_00,D,average,20,20.0,1.0,13,0,0,0
Crop_Productivity_Loss_[%],13_00_00_00,D,average,60,30.0,0.98,13,0,0,0
Crop_Productivity_Loss_[%],13_00_00_00,D,average,100,20.0,0.95,13,0,0,0
Crop_Productivity_Loss_[%],13_00_00_00,D&G,average,20,20.0,1.0,13,0,0,0
Crop_Productivity_Loss_[%],13_00_00_00,D&G,average,60,30.0,0.97,13,0,0,0
Crop_Productivity_Loss_[%],13_00_00_00,D&G,average,100,30.0,0.93,13,0,0,0
Crop_Productivity_Loss_[%],13_00_00_00,D&G&Wp,average,20,30.0,1.0,13,0,0,0
Crop_Productivity_Loss_[%],13_00_00_00,D&G&Wp,average,60,30.0,0.97,13,0,0,0
Crop_Productivity_Loss_[%],13_00_00_00,D&G&Wp,average,100,40.0,0.95,13,0,0,0
Crop_Productivity_Loss_[%],13_00_00_00,D&Wp,average,20,30.0,1.0,13,0,0,0
Crop_Productivity_Loss_[%],13_00_00_00,D&Wp,average,60,40.0,0.97,13,0,0,0
Crop_Productivity_Loss_[%],13_00_00_00,D&Wp,average,100,40.0,0.96,13,0,0,0
Crop_Productivity_Loss_[%],13_00_00_00,G,average,20,20.0,1.0,13,0,0,0
Crop_Productivity_Loss_[%],13_00_00_00,G,average,60,30.0,0.95,13,0,0,0
Crop_Productivity_Loss_[%],13_00_00_00,G,average,100,30.0,0.91,13,0,0,0
Crop_Productivity_Loss_[%],13_00_00_00,G&Wp,average,20,30.0,1.0,13,0,0,0
Crop_Productivity_Loss_[%],13_00_00_00,G&Wp,average,60,40.0,0.96,13,0,0,0
Crop_Productivity_Loss_[%],13_00_00_00,G&Wp,average,100,50.0,0.94,13,0,0,0
Crop_Productivity_Loss_[%],13_00_00_00,Wp,average,20,30.0,1.0,13,0,0,0
Crop_Productivity_Loss_[%],13_00_00_00,Wp,average,60,50.0,0.97,13,0,0,0
Crop_Productivity_Loss_[%],13_00_00_00,Wp,average,100,60.0,0.96,13,0,0,0
Crop_Productivity_Loss_[%],13_01_00_00,D,average,20,20.0,1.03,13,1,0,0
Crop_Productivity_Loss_[%],13_01_00_00,D,average,60,20.0,0.74,13,1,0,0
Crop_Productivity_Loss_[%],13_01_00_00,D,average,100,20.0,0.64,13,1,0,0
Crop_Productivity_Loss_[%],13_01_00_00,D&G,average,20,20.0,1.03,13,1,0,0
Crop_Productivity_Loss_[%],13_01_00_00,D&G,average,60,20.0,0.72,13,1,0,0
Crop_Productivity_Loss_[%],13_01_00_00,D&G,average,100,20.0,0.61,13,1,0,0
Crop_Productivity_Loss_[%],13_01_00_00,D&G&Wp,average,20,30.0,1.02,13,1,0,0
Crop_Productivity_Loss_[%],13_01_00_00,D&G&Wp,average,60,20.0,0.64,13,1,0,0
Crop_Productivity_Loss_[%],13_01_00_00,D&G&Wp,average,100,20.0,0.5,13,1,0,0
Crop_Productivity_Loss_[%],13_01_00_00,D&Wp,average,20,30.0,1.02,13,1,0,0
Crop_Productivity_Loss_[%],13_01_00_00,D&Wp,average,60,30.0,0.62,13,1,0,0
Crop_Productivity_Loss_[%],13_01_00_00,D&Wp,average,100,20.0,0.48,13,1,0,0
Crop_Productivity_Loss_[%],13_01_00_00,G,average,20,20.0,1.02,13,1,0,0
Crop_Productivity_Loss_[%],13_01_00_00,G,average,60,20.0,0.71,13,1,0,0
Crop_Productivity_Loss_[%],13_01_00_00,G,average,100,20.0,0.58,13,1,0,0
Crop_Productivity_Loss_[%],13_01_00_00,G&Wp,average,20,30.0,1.02,13,1,0,0
Crop_Productivity_Loss_[%],13_01_00_00,G&Wp,average,60,30.0,0.61,13,1,0,0
Crop_Productivity_Loss_[%],13_01_00_00,G&Wp,average,100,20.0,0.47,13,1,0,0
Crop_Productivity_Loss_[%],13_01_00_00,Wp,average,20,30.0,1.01,13,1,0,0
Crop_Productivity_Loss_[%],13_01_00_00,Wp,average,60,30.0,0.56,13,1,0,0
Crop_Productivity_Loss_[%],13_01_00_00,Wp,average,100,30.0,0.42,13,1,0,0
Crop_Productivity_Loss_[%],13_03_00_00,D,average,20,20.0,0.95,13,3,0,0
Crop_Productivity_Loss_[%],13_03_00_00,D,average,60,20.0,0.72,13,3,0,0
Crop_Productivity_Loss_[%],13_03_00_00,D,average,100,20.0,0.62,13,3,0,0
Crop_Productivity_Loss_[%],13_03_00_00,D&G,average,20,20.0,0.95,13,3,0,0
Crop_Productivity_Loss_[%],13_03_00_00,D&G,average,60,20.0,0.7,13,3,0,0
Crop_Productivity_Loss_[%],13_03_00_00,D&G,average,100,20.0,0.59,13,3,0,0
Crop_Productivity_Loss_[%],13_03_00_00,D&G&Wp,average,20,20.0,0.95,13,3,0,0
Crop_Productivity_Loss_[%],13_03_00_00,D&G&Wp,average,60,20.0,0.62,13,3,0,0
Crop_Productivity_Loss_[%],13_03_00_00,D&G&Wp,average,100,20.0,0.49,13,3,0,0
Crop_Productivity_Loss_[%],13_03_00_00,D&Wp,average,20,30.0,0.95,13,3,0,0
Crop_Productivity_Loss_[%],13_03_00_00,D&Wp,average,60,30.0,0.6,13,3,0,0
Crop_Productivity_Loss_[%],13_03_00_00,D&Wp,average,100,20.0,0.47,13,3,0,0
Crop_Productivity_Loss_[%],13_03_00_00,G,average,20,20.0,0.96,13,3,0,0
Crop_Productivity_Loss_[%],13_03_00_00,G,average,60,20.0,0.69,13,3,0,0
Crop_Productivity_Loss_[%],13_03_00_00,G,average,100,20.0,0.56,13,3,0,0
Crop_Productivity_Loss_[%],13_03_00_00,G&Wp,average,20,30.0,0.95,13,3,0,0
Crop_Productivity_Loss_[%],13_03_00_00,G&Wp,average,60,30.0,0.59,13,3,0,0
Crop_Productivity_Loss_[%],13_03_00_00,G&Wp,average,100,20.0,0.46,13,3,0,0
Crop_Productivity_Loss_[%],13_03_00_00,Wp,average,20,30.0,0.94,13,3,0,0
Crop_Productivity_Loss_[%],13_03_00_00,Wp,average,60,30.0,0.55,13,3,0,0
Crop_Productivity_Loss_[%],13_03_00_00,Wp,average,100,30.0,0.42,13,3,0,0
Crop_Productivity_Loss_[%],13_05_00_00,D,average,20,20.0,0.84,13,5,0,0
Crop_Productivity_Loss_[%],13_05_00_00,D,average,60,10.0,0.42,13,5,0,0
Crop_Productivity_Loss_[%],13_05_00_00,D,average,100,10.0,0.3,13,5,0,0
Crop_Productivity_Loss_[%],13_05_00_00,D&G,average,20,20.0,0.84,13,5,0,0
Crop_Productivity_Loss_[%],13_05_00_00,D&G,average,60,10.0,0.39,13,5,0,0
Crop_Productivity_Loss_[%],13_05_00_00,D&G,average,100,10.0,0.28,13,5,0,0
Crop_Productivity_Loss_[%],13_05_00_00,D&G&Wp,average,20,20.0,0.8,13,5,0,0
Crop_Productivity_Loss_[%],13_05_00_00,D&G&Wp,average,60,10.0,0.33,13,5,0,0
Crop_Productivity_Loss_[%],13_05_00_00,D&G&Wp,average,100,10.0,0.24,13,5,0,0
Crop_Productivity_Loss_[%],13_05_00_00,D&Wp,average,20,20.0,0.78,13,5,0,0
Crop_Productivity_Loss_[%],13_05_00_00,D&Wp,average,60,20.0,0.31,13,5,0,0
Crop_Productivity_Loss_[%],13_05_00_00,D&Wp,average,100,10.0,0.24,13,5,0,0
Crop_Productivity_Loss_[%],13_05_00_00,G,average,20,20.0,0.84,13,5,0,0
Crop_Productivity_Loss_[%],13_05_00_00,G,average,60,10.0,0.37,13,5,0,0
Crop_Productivity_Loss_[%],13_05_00_00,G,average,100,10.0,0.26,13,5,0,0
Crop_Productivity_Loss_[%],13_05_00_00,G&Wp,average,20,20.0,0.79,13,5,0,0
Crop_Productivity_Loss_[%],13_05_00_00,G&Wp,average,60,20.0,0.3,13,5,0,0
Crop_Productivity_Loss_[%],13_05_00_00,G&Wp,average,100,10.0,0.23,13,5,0,0
Crop_Productivity_Loss_[%],13_05_00_00,Wp,average,20,20.0,0.74,13,5,0,0
Crop_Productivity_Loss_[%],13_05_00_00,Wp,average,60,20.0,0.26,13,5,0,0
Crop_Productivity_Loss_[%],13_05_00_00,Wp,average,100,20.0,0.21,13,5,0,0
Crop_Productivity_Loss_[%],13_06_00_00,D,average,20,20.0,0.88,13,6,0,0
Crop_Productivity_Loss_[%],13_06_00_00,D,average,60,20.0,0.53,13,6,0,0
Crop_Productivity_Loss_[%],13_06_00_00,D,average,100,10.0,0.37,13,6,0,0
Crop_Productivity_Loss_[%],13_06_00_00,D&G,average,20,20.0,0.88,13,6,0,0
Crop_Productivity_Loss_[%],13_06_00_00,D&G,average,60,20.0,0.51,13,6,0,0
Crop_Productivity_Loss_[%],13_06_00_00,D&G,average,100,10.0,0.35,13,6,0,0
Crop_Productivity_Loss_[%],13_06_00_00,D&G&Wp,average,20,20.0,0.85,13,6,0,0
Crop_Productivity_Loss_[%],13_06_00_00,D&G&Wp,average,60,20.0,0.41,13,6,0,0
Crop_Productivity_Loss_[%],13_06_00_00,D&G&Wp,average,100,10.0,0.25,13,6,0,0
Crop_Productivity_Loss_[%],13_06_00_00,D&Wp,average,20,20.0,0.84,13,6,0,0
Crop_Productivity_Loss_[%],13_06_00_00,D&Wp,average,60,20.0,0.38,13,6,0,0
Crop_Productivity_Loss_[%],13_06_00_00,D&Wp,average,100,10.0,0.23,13,6,0,0
Crop_Productivity_Loss_[%],13_06_00_00,G,average,20,20.0,0.88,13,6,0,0
Crop_Productivity_Loss_[%],13_06_00_00,G,average,60,20.0,0.48,13,6,0,0
Crop_Productivity_Loss_[%],13_06_00_00,G,average,100,10.0,0.33,13,6,0,0
Crop_Productivity_Loss_[%],13_06_00_00,G&Wp,average,20,20.0,0.85,13,6,0,0
Crop_Productivity_Loss_[%],13_06_00_00,G&Wp,average,60,20.0,0.37,13,6,0,0
Crop_Productivity_Loss_[%],13_06_00_00,G&Wp,average,100,10.0,0.23,13,6,0,0
Crop_Productivity_Loss_[%],13_06_00_00,Wp,average,20,30.0,0.82,13,6,0,0
Crop_Productivity_Loss_[%],13_06_00_00,Wp,average,60,20.0,0.32,13,6,0,0
Crop_Productivity_Loss_[%],13_06_00_00,Wp,average,100,20.0,0.19,13,6,0,0
Crop_Productivity_Loss_[%],13_07_00_00,D,average,20,20.0,0.67,13,7,0,0
Crop_Productivity_Loss_[%],13_07_00_00,D,average,60,10.0,0.35,13,7,0,0
Crop_Productivity_Loss_[%],13_07_00_00,D,average,100,10.0,0.28,13,7,0,0
Crop_Productivity_Loss_[%],13_07_00_00,D&G,average,20,20.0,0.67,13,7,0,0
Crop_Productivity_Loss_[%],13_07_00_00,D&G,average,60,10.0,0.34,13,7,0,0
Crop_Productivity_Loss_[%],13_07_00_00,D&G,average,100,10.0,0.27,13,7,0,0
Crop_Productivity_Loss_[%],13_07_00_00,D&G&Wp,average,20,20.0,0.6,13,7,0,0
Crop_Productivity_Loss_[%],13_07_00_00,D&G&Wp,average,60,10.0,0.29,13,7,0,0
Crop_Productivity_Loss_[%],13_07_00_00,D&G&Wp,average,100,10.0,0.21,13,7,0,0
Crop_Productivity_Loss_[%],13_07_00_00,D&Wp,average,20,20.0,0.58,13,7,0,0
Crop_Productivity_Loss_[%],13_07_00_00,D&Wp,average,60,10.0,0.27,13,7,0,0
Crop_Productivity_Loss_[%],13_07_00_00,D&Wp,average,100,10.0,0.2,13,7,0,0
Crop_Productivity_Loss_[%],13_07_00_00,G,average,20,20.0,0.67,13,7,0,0
Crop_Productivity_Loss_[%],13_07_00_00,G,average,60,10.0,0.33,13,7,0,0
Crop_Productivity_Loss_[%],13_07_00_00,G,average,100,10.0,0.26,13,7,0,0
Crop_Productivity_Loss_[%],13_07_00_00,G&Wp,average,20,20.0,0.58,13,7,0,0
Crop_Productivity_Loss_[%],13_07_00_00,G&Wp,average,60,10.0,0.27,13,7,0,0
Crop_Productivity_Loss_[%],13_07_00_00,G&Wp,average,100,10.0,0.19,13,7,0,0
Crop_Productivity_Loss_[%],13_07_00_00,Wp,average,20,20.0,0.51,13,7,0,0
Crop_Productivity_Loss_[%],13_07_00_00,Wp,average,60,20.0,0.24,13,7,0,0
Crop_Productivity_Loss_[%],13_07_00_00,Wp,average,100,20.0,0.17,13,7,0,0
Crop_Productivity_Loss_[%],13_08_00_00,D,average,20,20.0,0.68,13,8,0,0
Crop_Productivity_Loss_[%],13_08_00_00,D,average,60,10.0,0.38,13,8,0,0
Crop_Productivity_Loss_[%],13_08_00_00,D,average,100,10.0,0.31,13,8,0,0
Crop_Productivity_Loss_[%],13_08_00_00,D&G,average,20,20.0,0.68,13,8,0,0
Crop_Productivity_Loss_[%],13_08_00_00,D&G,average,60,10.0,0.38,13,8,0,0
Crop_Productivity_Loss_[%],13_08_00_00,D&G,average,100,10.0,0.3,13,8,0,0
Crop_Productivity_Loss_[%],13_08_00_00,D&G&Wp,average,20,20.0,0.62,13,8,0,0
Crop_Productivity_Loss_[%],13_08_00_00,D&G&Wp,average,60,20.0,0.37,13,8,0,0
Crop_Productivity_Loss_[%],13_08_00_00,D&G&Wp,average,100,20.0,0.32,13,8,0,0
Crop_Productivity_Loss_[%],13_08_00_00,D&Wp,average,20,20.0,0.59,13,8,0,0
Crop_Productivity_Loss_[%],13_08_00_00,D&Wp,average,60,20.0,0.37,13,8,0,0
Crop_Productivity_Loss_[%],13_08_00_00,D&Wp,average,100,20.0,0.33,13,8,0,0
Crop_Productivity_Loss_[%],13_08_00_00,G,average,20,20.0,0.68,13,8,0,0
Crop_Productivity_Loss_[%],13_08_00_00,G,average,60,10.0,0.38,13,8,0,0
Crop_Productivity_Loss_[%],13_08_00_00,G,average,100,10.0,0.3,13,8,0,0
Crop_Productivity_Loss_[%],13_08_00_00,G&Wp,average,20,20.0,0.59,13,8,0,0
Crop_Productivity_Loss_[%],13_08_00_00,G&Wp,average,60,20.0,0.37,13,8,0,0
Crop_Productivity_Loss_[%],13_08_00_00,G&Wp,average,100,20.0,0.33,13,8,0,0
Crop_Productivity_Loss_[%],13_08_00_00,Wp,average,20,20.0,0.53,13,8,0,0
Crop_Productivity_Loss_[%],13_08_00_00,Wp,average,60,20.0,0.37,13,8,0,0
Crop_Productivity_Loss_[%],13_08_00_00,Wp,average,100,30.0,0.34,13,8,0,0
Crop_Productivity_Loss_[%],13_09_00_00,D,average,20,20.0,0.87,13,9,0,0
Crop_Productivity_Loss_[%],13_09_00_00,D,average,60,20.0,0.69,13,9,0,0
Crop_Productivity_Loss_[%],13_09_00_00,D,average,100,20.0,0.6,13,9,0,0
Crop_Productivity_Loss_[%],13_09_00_00,D&G,average,20,20.0,0.87,13,9,0,0
Crop_Productivity_Loss_[%],13_09_00_00,D&G,average,60,20.0,0.67,13,9,0,0
Crop_Productivity_Loss_[%],13_09_00_00,D&G,average,100,20.0,0.57,13,9,0,0
Crop_Productivity_Loss_[%],13_09_00_00,D&G&Wp,average,20,20.0,0.86,13,9,0,0
Crop_Productivity_Loss_[%],13_09_00_00,D&G&Wp,average,60,20.0,0.59,13,9,0,0
Crop_Productivity_Loss_[%],13_09_00_00,D&G&Wp,average,100,20.0,0.45,13,9,0,0
Crop_Productivity_Loss_[%],13_09_00_00,D&Wp,average,20,20.0,0.85,13,9,0,0
Crop_Productivity_Loss_[%],13_09_00_00,D&Wp,average,60,20.0,0.57,13,9,0,0
Crop_Productivity_Loss_[%],13_09_00_00,D&Wp,average,100,20.0,0.43,13,9,0,0
Crop_Productivity_Loss_[%],13_09_00_00,G,average,20,20.0,0.87,13,9,0,0
Crop_Productivity_Loss_[%],13_09_00_00,G,average,60,20.0,0.66,13,9,0,0
Crop_Productivity_Loss_[%],13_09_00_00,G,average,100,20.0,0.54,13,9,0,0
Crop_Productivity_Loss_[%],13_09_00_00,G&Wp,average,20,20.0,0.85,13,9,0,0
Crop_Productivity_Loss_[%],13_09_00_00,G&Wp,average,60,30.0,0.57,13,9,0,0
Crop_Productivity_Loss_[%],13_09_00_00,G&Wp,average,100,20.0,0.42,13,9,0,0
Crop_Productivity_Loss_[%],13_09_00_00,Wp,average,20,30.0,0.83,13,9,0,0
Crop_Productivity_Loss_[%],13_09_00_00,Wp,average,60,30.0,0.52,13,9,0,0
Crop_Productivity_Loss_[%],13_09_00_00,Wp,average,100,30.0,0.37,13,9,0,0
Farmer_Drought_Costs_[MEUR],00_00_00_00,D,average,20,0.0,0.0,0,0,0,0
Farmer_Drought_Costs_[MEUR],00_00_00_00,D,average,60,0.0,0.0,0,0,0,0
Farmer_Drought_Costs_[MEUR],00_00_00_00,D,average,100,0.0,0.0,0,0,0,0
Farmer_Drought_Costs_[MEUR],00_00_00_00,D&G,average,20,0.0,0.0,0,0,0,0
Farmer_Drought_Costs_[MEUR],00_00_00_00,D&G,average,60,0.0,0.0,0,0,0,0
Farmer_Drought_Costs_[MEUR],00_00_00_00,D&G,average,100,0.0,0.0,0,0,0,0
Farmer_Drought_Costs_[MEUR],00_00_00_00,D&G&Wp,average,20,0.0,0.0,0,0,0,0
Farmer_Drought_Costs_[MEUR],00_00_00_00,D&G&Wp,average,60,0.0,0.0,0,0,0,0
Farmer_Drought_Costs_[MEUR],00_00_00_00,D&G&Wp,average,100,0.0,0.0,0,0,0,0
Farmer_Drought_Costs_[MEUR],00_00_00_00,D&Wp,average,20,0.0,0.0,0,0,0,0
Farmer_Drought_Costs_[MEUR],00_00_00_00,D&Wp,average,60,0.0,0.0,0,0,0,0
Farmer_Drought_Costs_[MEUR],00_00_00_00,D&Wp,average,100,0.0,0.0,0,0,0,0
Farmer_Drought_Costs_[MEUR],00_00_00_00,G,average,20,0.0,0.0,0,0,0,0
Farmer_Drought_Costs_[MEUR],00_00_00_00,G,average,60,0.0,0.0,0,0,0,0
Farmer_Drought_Costs_[MEUR],00_00_00_00,G,average,100,0.0,0.0,0,0,0,0
Farmer_Drought_Costs_[MEUR],00_00_00_00,G&Wp,average,20,0.0,0.0,0,0,0,0
Farmer_Drought_Costs_[MEUR],00_00_00_00,G&Wp,average,60,0.0,0.0,0,0,0,0
Farmer_Drought_Costs_[MEUR],00_00_00_00,G&Wp,average,100,0.0,0.0,0,0,0,0
Farmer_Drought_Costs_[MEUR],00_00_00_00,Wp,average,20,0.0,0.0,0,0,0,0
Farmer_Drought_Costs_[MEUR],00_00_00_00,Wp,average,60,0.0,0.0,0,0,0,0
Farmer_Drought_Costs_[MEUR],00_00_00_00,Wp,average,100,0.0,0.0,0,0,0,0
Farmer_Drought_Costs_[MEUR],00_01_00_00,D,average,20,10.0,0.08,0,1,0,0
Farmer_Drought_Costs_[MEUR],00_01_00_00,D,average,60,40.0,0.34,0,1,0,0
Farmer_Drought_Costs_[MEUR],00_01_00_00,D,average,100,80.0,0.43,0,1,0,0
Farmer_Drought_Costs_[MEUR],00_01_00_00,D&G,average,20,10.0,0.09,0,1,0,0
Farmer_Drought_Costs_[MEUR],00_01_00_00,D&G,average,60,40.0,0.36,0,1,0,0
Farmer_Drought_Costs_[MEUR],00_01_00_00,D&G,average,100,90.0,0.47,0,1,0,0
Farmer_Drought_Costs_[MEUR],00_01_00_00,D&G&Wp,average,20,10.0,0.1,0,1,0,0
Farmer_Drought_Costs_[MEUR],00_01_00_00,D&G&Wp,average,60,50.0,0.42,0,1,0,0
Farmer_Drought_Costs_[MEUR],00_01_00_00,D&G&Wp,average,100,100.0,0.54,0,1,0,0
Farmer_Drought_Costs_[MEUR],00_01_00_00,D&Wp,average,20,10.0,0.1,0,1,0,0
Farmer_Drought_Costs_[MEUR],00_01_00_00,D&Wp,average,60,50.0,0.44,0,1,0,0
Farmer_Drought_Costs_[MEUR],00_01_00_00,D&Wp,average,100,100.0,0.55,0,1,0,0
Farmer_Drought_Costs_[MEUR],00_01_00_00,G,average,20,10.0,0.1,0,1,0,0
Farmer_Drought_Costs_[MEUR],00_01_00_00,G,average,60,40.0,0.37,0,1,0,0
Farmer_Drought_Costs_[MEUR],00_01_00_00,G,average,100,100.0,0.51,0,1,0,0
Farmer_Drought_Costs_[MEUR],00_01_00_00,G&Wp,average,20,10.0,0.11,0,1,0,0
Farmer_Drought_Costs_[MEUR],00_01_00_00,G&Wp,average,60,50.0,0.45,0,1,0,0
Farmer_Drought_Costs_[MEUR],00_01_00_00,G&Wp,average,100,110.0,0.59,0,1,0,0
Farmer_Drought_Costs_[MEUR],00_01_00_00,Wp,average,20,10.0,0.12,0,1,0,0
Farmer_Drought_Costs_[MEUR],00_01_00_00,Wp,average,60,60.0,0.54,0,1,0,0
Farmer_Drought_Costs_[MEUR],00_01_00_00,Wp,average,100,130.0,0.67,0,1,0,0
Farmer_Drought_Costs_[MEUR],00_03_00_00,D,average,20,10.0,0.21,0,3,0,0
Farmer_Drought_Costs_[MEUR],00_03_00_00,D,average,60,40.0,0.33,0,3,0,0
Farmer_Drought_Costs_[MEUR],00_03_00_00,D,average,100,80.0,0.42,0,3,0,0
Farmer_Drought_Costs_[MEUR],00_03_00_00,D&G,average,20,10.0,0.21,0,3,0,0
Farmer_Drought_Costs_[MEUR],00_03_00_00,D&G,average,60,40.0,0.35,0,3,0,0
Farmer_Drought_Costs_[MEUR],00_03_00_00,D&G,average,100,90.0,0.46,0,3,0,0
Farmer_Drought_Costs_[MEUR],00_03_00_00,D&G&Wp,average,20,10.0,0.21,0,3,0,0
Farmer_Drought_Costs_[MEUR],00_03_00_00,D&G&Wp,average,60,50.0,0.41,0,3,0,0
Farmer_Drought_Costs_[MEUR],00_03_00_00,D&G&Wp,average,100,100.0,0.53,0,3,0,0
Farmer_Drought_Costs_[MEUR],00_03_00_00,D&Wp,average,20,10.0,0.21,0,3,0,0
Farmer_Drought_Costs_[MEUR],00_03_00_00,D&Wp,average,60,50.0,0.43,0,3,0,0
Farmer_Drought_Costs_[MEUR],00_03_00_00,D&Wp,average,100,100.0,0.54,0,3,0,0
Farmer_Drought_Costs_[MEUR],00_03_00_00,G,average,20,10.0,0.21,0,3,0,0
Farmer_Drought_Costs_[MEUR],00_03_00_00,G,average,60,40.0,0.37,0,3,0,0
Farmer_Drought_Costs_[MEUR],00_03_00_00,G,average,100,100.0,0.51,0,3,0,0
Farmer_Drought_Costs_[MEUR],00_03_00_00,G&Wp,average,20,10.0,0.21,0,3,0,0
Farmer_Drought_Costs_[MEUR],00_03_00_00,G&Wp,average,60,50.0,0.45,0,3,0,0
Farmer_Drought_Costs_[MEUR],00_03_00_00,G&Wp,average,100,110.0,0.59,0,3,0,0
Farmer_Drought_Costs_[MEUR],00_03_00_00,Wp,average,20,10.0,0.21,0,3,0,0
Farmer_Drought_Costs_[MEUR],00_03_00_00,Wp,average,60,60.0,0.53,0,3,0,0
Farmer_Drought_Costs_[MEUR],00_03_00_00,Wp,average,100,130.0,0.67,0,3,0,0
Farmer_Drought_Costs_[MEUR],00_05_00_00,D,average,20,10.0,0.32,0,5,0,0
Farmer_Drought_Costs_[MEUR],00_05_00_00,D,average,60,70.0,0.68,0,5,0,0
Farmer_Drought_Costs_[MEUR],00_05_00_00,D,average,100,140.0,0.74,0,5,0,0
Farmer_Drought_Costs_[MEUR],00_05_00_00,D&G,average,20,10.0,0.34,0,5,0,0
Farmer_Drought_Costs_[MEUR],00_05_00_00,D&G,average,60,80.0,0.72,0,5,0,0
Farmer_Drought_Costs_[MEUR],00_05_00_00,D&G,average,100,140.0,0.77,0,5,0,0
Farmer_Drought_Costs_[MEUR],00_05_00_00,D&G&Wp,average,20,10.0,0.39,0,5,0,0
Farmer_Drought_Costs_[MEUR],00_05_00_00,D&G&Wp,average,60,80.0,0.75,0,5,0,0
Farmer_Drought_Costs_[MEUR],00_05_00_00,D&G&Wp,average,100,150.0,0.8,0,5,0,0
Farmer_Drought_Costs_[MEUR],00_05_00_00,D&Wp,average,20,10.0,0.4,0,5,0,0
Farmer_Drought_Costs_[MEUR],00_05_00_00,D&Wp,average,60,80.0,0.76,0,5,0,0
Farmer_Drought_Costs_[MEUR],00_05_00_00,D&Wp,average,100,150.0,0.8,0,5,0,0
Farmer_Drought_Costs_[MEUR],00_05_00_00,G,average,20,10.0,0.37,0,5,0,0
Farmer_Drought_Costs_[MEUR],00_05_00_00,G,average,60,80.0,0.75,0,5,0,0
Farmer_Drought_Costs_[MEUR],00_05_00_00,G,average,100,150.0,0.79,0,5,0,0
Farmer_Drought_Costs_[MEUR],00_05_00_00,G&Wp,average,20,20.0,0.42,0,5,0,0
Farmer_Drought_Costs_[MEUR],00_05_00_00,G&Wp,average,60,80.0,0.79,0,5,0,0
Farmer_Drought_Costs_[MEUR],00_05_00_00,G&Wp,average,100,150.0,0.83,0,5,0,0
Farmer_Drought_Costs_[MEUR],00_05_00_00,Wp,average,20,20.0,0.48,0,5,0,0
Farmer_Drought_Costs_[MEUR],00_05_00_00,Wp,average,60,90.0,0.83,0,5,0,0
Farmer_Drought_Costs_[MEUR],00_05_00_00,Wp,average,100,160.0,0.86,0,5,0,0
Farmer_Drought_Costs_[MEUR],00_06_00_00,D,average,20,10.0,0.26,0,6,0,0
Farmer_Drought_Costs_[MEUR],00_06_00_00,D,average,60,50.0,0.5,0,6,0,0
Farmer_Drought_Costs_[MEUR],00_06_00_00,D,average,100,110.0,0.6,0,6,0,0
Farmer_Drought_Costs_[MEUR],00_06_00_00,D&G,average,20,10.0,0.28,0,6,0,0
Farmer_Drought_Costs_[MEUR],00_06_00_00,D&G,average,60,60.0,0.52,0,6,0,0
Farmer_Drought_Costs_[MEUR],00_06_00_00,D&G,average,100,120.0,0.62,0,6,0,0
Farmer_Drought_Costs_[MEUR],00_06_00_00,D&G&Wp,average,20,10.0,0.3,0,6,0,0
Farmer_Drought_Costs_[MEUR],00_06_00_00,D&G&Wp,average,60,60.0,0.57,0,6,0,0
Farmer_Drought_Costs_[MEUR],00_06_00_00,D&G&Wp,average,100,120.0,0.66,0,6,0,0
Farmer_Drought_Costs_[MEUR],00_06_00_00,D&Wp,average,20,10.0,0.3,0,6,0,0
Farmer_Drought_Costs_[MEUR],00_06_00_00,D&Wp,average,60,60.0,0.59,0,6,0,0
Farmer_Drought_Costs_[MEUR],00_06_00_00,D&Wp,average,100,130.0,0.67,0,6,0,0
Farmer_Drought_Costs_[MEUR],00_06_00_00,G,average,20,10.0,0.29,0,6,0,0
Farmer_Drought_Costs_[MEUR],00_06_00_00,G,average,60,60.0,0.53,0,6,0,0
Farmer_Drought_Costs_[MEUR],00_06_00_00,G,average,100,120.0,0.63,0,6,0,0
Farmer_Drought_Costs_[MEUR],00_06_00_00,G&Wp,average,20,10.0,0.31,0,6,0,0
Farmer_Drought_Costs_[MEUR],00_06_00_00,G&Wp,average,60,70.0,0.61,0,6,0,0
Farmer_Drought_Costs_[MEUR],00_06_00_00,G&Wp,average,100,130.0,0.69,0,6,0,0
Farmer_Drought_Costs_[MEUR],00_06_00_00,Wp,average,20,10.0,0.34,0,6,0,0
Farmer_Drought_Costs_[MEUR],00_06_00_00,Wp,average,60,70.0,0.68,0,6,0,0
Farmer_Drought_Costs_[MEUR],00_06_00_00,Wp,average,100,140.0,0.75,0,6,0,0
Farmer_Drought_Costs_[MEUR],00_07_00_00,D,average,20,10.0,0.31,0,7,0,0
Farmer_Drought_Costs_[MEUR],00_07_00_00,D,average,60,20.0,0.19,0,7,0,0
Farmer_Drought_Costs_[MEUR],00_07_00_00,D,average,100,40.0,0.17,0,7,0,0
Farmer_Drought_Costs_[MEUR],00_07_00_00,D&G,average,20,10.0,0.31,0,7,0,0
Farmer_Drought_Costs_[MEUR],00_07_00_00,D&G,average,60,30.0,0.22,0,7,0,0
Farmer_Drought_Costs_[MEUR],00_07_00_00,D&G,average,100,40.0,0.21,0,7,0,0
Farmer_Drought_Costs_[MEUR],00_07_00_00,D&G&Wp,average,20,10.0,0.34,0,7,0,0
Farmer_Drought_Costs_[MEUR],00_07_00_00,D&G&Wp,average,60,40.0,0.36,0,7,0,0
Farmer_Drought_Costs_[MEUR],00_07_00_00,D&G&Wp,average,100,70.0,0.38,0,7,0,0
Farmer_Drought_Costs_[MEUR],00_07_00_00,D&Wp,average,20,10.0,0.35,0,7,0,0
Farmer_Drought_Costs_[MEUR],00_07_00_00,D&Wp,average,60,50.0,0.41,0,7,0,0
Farmer_Drought_Costs_[MEUR],00_07_00_00,D&Wp,average,100,90.0,0.45,0,7,0,0
Farmer_Drought_Costs_[MEUR],00_07_00_00,G,average,20,10.0,0.31,0,7,0,0
Farmer_Drought_Costs_[MEUR],00_07_00_00,G,average,60,30.0,0.26,0,7,0,0
Farmer_Drought_Costs_[MEUR],00_07_00_00,G,average,100,50.0,0.24,0,7,0,0
Farmer_Drought_Costs_[MEUR],00_07_00_00,G&Wp,average,20,10.0,0.35,0,7,0,0
Farmer_Drought_Costs_[MEUR],00_07_00_00,G&Wp,average,60,50.0,0.44,0,7,0,0
Farmer_Drought_Costs_[MEUR],00_07_00_00,G&Wp,average,100,90.0,0.49,0,7,0,0
Farmer_Drought_Costs_[MEUR],00_07_00_00,Wp,average,20,10.0,0.39,0,7,0,0
Farmer_Drought_Costs_[MEUR],00_07_00_00,Wp,average,60,70.0,0.62,0,7,0,0
Farmer_Drought_Costs_[MEUR],00_07_00_00,Wp,average,100,140.0,0.74,0,7,0,0
Farmer_Drought_Costs_[MEUR],00_08_00_00,D,average,20,10.0,0.26,0,8,0,0
Farmer_Drought_Costs_[MEUR],00_08_00_00,D,average,60,20.0,0.12,0,8,0,0
Farmer_Drought_Costs_[MEUR],00_08_00_00,D,average,100,20.0,0.1,0,8,0,0
Farmer_Drought_Costs_[MEUR],00_08_00_00,D&G,average,20,10.0,0.27,0,8,0,0
Farmer_Drought_Costs_[MEUR],00_08_00_00,D&G,average,60,20.0,0.16,0,8,0,0
Farmer_Drought_Costs_[MEUR],00_08_00_00,D&G,average,100,30.0,0.16,0,8,0,0
Farmer_Drought_Costs_[MEUR],00_08_00_00,D&G&Wp,average,20,10.0,0.27,0,8,0,0
Farmer_Drought_Costs_[MEUR],00_08_00_00,D&G&Wp,average,60,30.0,0.27,0,8,0,0
Farmer_Drought_Costs_[MEUR],00_08_00_00,D&G&Wp,average,100,60.0,0.32,0,8,0,0
Farmer_Drought_Costs_[MEUR],00_08_00_00,D&Wp,average,20,10.0,0.27,0,8,0,0
Farmer_Drought_Costs_[MEUR],00_08_00_00,D&Wp,average,60,40.0,0.31,0,8,0,0
Farmer_Drought_Costs_[MEUR],00_08_00_00,D&Wp,average,100,70.0,0.38,0,8,0,0
Farmer_Drought_Costs_[MEUR],00_08_00_00,G,average,20,10.0,0.27,0,8,0,0
Farmer_Drought_Costs_[MEUR],00_08_00_00,G,average,60,20.0,0.2,0,8,0,0
Farmer_Drought_Costs_[MEUR],00_08_00_00,G,average,100,40.0,0.21,0,8,0,0
Farmer_Drought_Costs_[MEUR],00_08_00_00,G&Wp,average,20,10.0,0.27,0,8,0,0
Farmer_Drought_Costs_[MEUR],00_08_00_00,G&Wp,average,60,40.0,0.34,0,8,0,0
Farmer_Drought_Costs_[MEUR],00_08_00_00,G&Wp,average,100,80.0,0.44,0,8,0,0
Farmer_Drought_Costs_[MEUR],00_08_00_00,Wp,average,20,10.0,0.28,0,8,0,0
Farmer_Drought_Costs_[MEUR],00_08_00_00,Wp,average,60,50.0,0.49,0,8,0,0
Farmer_Drought_Costs_[MEUR],00_08_00_00,Wp,average,100,120.0,0.66,0,8,0,0
Farmer_Drought_Costs_[MEUR],00_09_00_00,D,average,20,10.0,0.02,0,9,0,0
Farmer_Drought_Costs_[MEUR],00_09_00_00,D,average,60,40.0,0.37,0,9,0,0
Farmer_Drought_Costs_[MEUR],00_09_00_00,D,average,100,110.0,0.58,0,9,0,0
Farmer_Drought_Costs_[MEUR],00_09_00_00,D&G,average,20,10.0,0.02,0,9,0,0
Farmer_Drought_Costs_[MEUR],00_09_00_00,D&G,average,60,40.0,0.39,0,9,0,0
Farmer_Drought_Costs_[MEUR],00_09_00_00,D&G,average,100,110.0,0.6,0,9,0,0
Farmer_Drought_Costs_[MEUR],00_09_00_00,D&G&Wp,average,20,10.0,0.02,0,9,0,0
Farmer_Drought_Costs_[MEUR],00_09_00_00,D&G&Wp,average,60,50.0,0.44,0,9,0,0
Farmer_Drought_Costs_[MEUR],00_09_00_00,D&G&Wp,average,100,120.0,0.64,0,9,0,0
Farmer_Drought_Costs_[MEUR],00_09_00_00,D&Wp,average,20,10.0,0.02,0,9,0,0
Farmer_Drought_Costs_[MEUR],00_09_00_00,D&Wp,average,60,50.0,0.45,0,9,0,0
Farmer_Drought_Costs_[MEUR],00_09_00_00,D&Wp,average,100,120.0,0.65,0,9,0,0
Farmer_Drought_Costs_[MEUR],00_09_00_00,G,average,20,10.0,0.02,0,9,0,0
Farmer_Drought_Costs_[MEUR],00_09_00_00,G,average,60,50.0,0.41,0,9,0,0
Farmer_Drought_Costs_[MEUR],00_09_00_00,G,average,100,120.0,0.63,0,9,0,0
Farmer_Drought_Costs_[MEUR],00_09_00_00,G&Wp,average,20,10.0,0.02,0,9,0,0
Farmer_Drought_Costs_[MEUR],00_09_00_00,G&Wp,average,60,50.0,0.47,0,9,0,0
Farmer_Drought_Costs_[MEUR],00_09_00_00,G&Wp,average,100,130.0,0.67,0,9,0,0
Farmer_Drought_Costs_[MEUR],00_09_00_00,Wp,average,20,10.0,0.03,0,9,0,0
Farmer_Drought_Costs_[MEUR],00_09_00_00,Wp,average,60,60.0,0.53,0,9,0,0
Farmer_Drought_Costs_[MEUR],00_09_00_00,Wp,average,100,130.0,0.71,0,9,0,0
Farmer_Drought_Costs_[MEUR],01_00_00_00,D,average,20,0.0,0.0,1,0,0,0
Farmer_Drought_Costs_[MEUR],01_00_00_00,D,average,60,0.0,0.0,1,0,0,0
Farmer_Drought_Costs_[MEUR],01_00_00_00,D,average,100,0.0,0.0,1,0,0,0
Farmer_Drought_Costs_[MEUR],01_00_00_00,D&G,average,20,0.0,0.0,1,0,0,0
Farmer_Drought_Costs_[MEUR],01_00_00_00,D&G,average,60,0.0,0.0,1,0,0,0
Farmer_Drought_Costs_[MEUR],01_00_00_00,D&G,average,100,0.0,0.0,1,0,0,0
Farmer_Drought_Costs_[MEUR],01_00_00_00,D&G&Wp,average,20,0.0,0.0,1,0,0,0
Farmer_Drought_Costs_[MEUR],01_00_00_00,D&G&Wp,average,60,0.0,0.0,1,0,0,0
Farmer_Drought_Costs_[MEUR],01_00_00_00,D&G&Wp,average,100,0.0,0.0,1,0,0,0
Farmer_Drought_Costs_[MEUR],01_00_00_00,D&Wp,average,20,0.0,0.0,1,0,0,0
Farmer_Drought_Costs_[MEUR],01_00_00_00,D&Wp,average,60,0.0,0.0,1,0,0,0
Farmer_Drought_Costs_[MEUR],01_00_00_00,D&Wp,average,100,0.0,0.0,1,0,0,0
Farmer_Drought_Costs_[MEUR],01_00_00_00,G,average,20,0.0,0.0,1,0,0,0
Farmer_Drought_Costs_[MEUR],01_00_00_00,G,average,60,0.0,0.0,1,0,0,0
Farmer_Drought_Costs_[MEUR],01_00_00_00,G,average,100,0.0,0.0,1,0,0,0
Farmer_Drought_Costs_[MEUR],01_00_00_00,G&Wp,average,20,0.0,0.0,1,0,0,0
Farmer_Drought_Costs_[MEUR],01_00_00_00,G&Wp,average,60,0.0,0.0,1,0,0,0
Farmer_Drought_Costs_[MEUR],01_00_00_00,G&Wp,average,100,0.0,0.0,1,0,0,0
Farmer_Drought_Costs_[MEUR],01_00_00_00,Wp,average,20,0.0,0.0,1,0,0,0
Farmer_Drought_Costs_[MEUR],01_00_00_00,Wp,average,60,0.0,0.0,1,0,0,0
Farmer_Drought_Costs_[MEUR],01_00_00_00,Wp,average,100,0.0,0.0,1,0,0,0
Farmer_Drought_Costs_[MEUR],01_01_00_00,D,average,20,10.0,0.07,1,1,0,0
Farmer_Drought_Costs_[MEUR],01_01_00_00,D,average,60,30.0,0.25,1,1,0,0
Farmer_Drought_Costs_[MEUR],01_01_00_00,D,average,100,50.0,0.24,1,1,0,0
Farmer_Drought_Costs_[MEUR],01_01_00_00,D&G,average,20,10.0,0.09,1,1,0,0
Farmer_Drought_Costs_[MEUR],01_01_00_00,D&G,average,60,30.0,0.28,1,1,0,0
Farmer_Drought_Costs_[MEUR],01_01_00_00,D&G,average,100,60.0,0.28,1,1,0,0
Farmer_Drought_Costs_[MEUR],01_01_00_00,D&G&Wp,average,20,10.0,0.11,1,1,0,0
Farmer_Drought_Costs_[MEUR],01_01_00_00,D&G&Wp,average,60,40.0,0.37,1,1,0,0
Farmer_Drought_Costs_[MEUR],01_01_00_00,D&G&Wp,average,100,80.0,0.41,1,1,0,0
Farmer_Drought_Costs_[MEUR],01_01_00_00,D&Wp,average,20,10.0,0.11,1,1,0,0
Farmer_Drought_Costs_[MEUR],01_01_00_00,D&Wp,average,60,50.0,0.4,1,1,0,0
Farmer_Drought_Costs_[MEUR],01_01_00_00,D&Wp,average,100,90.0,0.45,1,1,0,0
Farmer_Drought_Costs_[MEUR],01_01_00_00,G,average,20,10.0,0.12,1,1,0,0
Farmer_Drought_Costs_[MEUR],01_01_00_00,G,average,60,40.0,0.31,1,1,0,0
Farmer_Drought_Costs_[MEUR],01_01_00_00,G,average,100,60.0,0.33,1,1,0,0
Farmer_Drought_Costs_[MEUR],01_01_00_00,G&Wp,average,20,10.0,0.13,1,1,0,0
Farmer_Drought_Costs_[MEUR],01_01_00_00,G&Wp,average,60,50.0,0.43,1,1,0,0
Farmer_Drought_Costs_[MEUR],01_01_00_00,G&Wp,average,100,100.0,0.5,1,1,0,0
Farmer_Drought_Costs_[MEUR],01_01_00_00,Wp,average,20,10.0,0.14,1,1,0,0
Farmer_Drought_Costs_[MEUR],01_01_00_00,Wp,average,60,60.0,0.55,1,1,0,0
Farmer_Drought_Costs_[MEUR],01_01_00_00,Wp,average,100,130.0,0.67,1,1,0,0
Farmer_Drought_Costs_[MEUR],01_03_00_00,D,average,20,10.0,0.21,1,3,0,0
Farmer_Drought_Costs_[MEUR],01_03_00_00,D,average,60,30.0,0.3,1,3,0,0
Farmer_Drought_Costs_[MEUR],01_03_00_00,D,average,100,60.0,0.32,1,3,0,0
Farmer_Drought_Costs_[MEUR],01_03_00_00,D&G,average,20,10.0,0.21,1,3,0,0
Farmer_Drought_Costs_[MEUR],01_03_00_00,D&G,average,60,40.0,0.31,1,3,0,0
Farmer_Drought_Costs_[MEUR],01_03_00_00,D&G,average,100,70.0,0.35,1,3,0,0
Farmer_Drought_Costs_[MEUR],01_03_00_00,D&G&Wp,average,20,10.0,0.21,1,3,0,0
Farmer_Drought_Costs_[MEUR],01_03_00_00,D&G&Wp,average,60,40.0,0.39,1,3,0,0
Farmer_Drought_Costs_[MEUR],01_03_00_00,D&G&Wp,average,100,90.0,0.45,1,3,0,0
Farmer_Drought_Costs_[MEUR],01_03_00_00,D&Wp,average,20,10.0,0.21,1,3,0,0
Farmer_Drought_Costs_[MEUR],01_03_00_00,D&Wp,average,60,50.0,0.42,1,3,0,0
Farmer_Drought_Costs_[MEUR],01_03_00_00,D&Wp,average,100,90.0,0.5,1,3,0,0
Farmer_Drought_Costs_[MEUR],01_03_00_00,G,average,20,10.0,0.21,1,3,0,0
Farmer_Drought_Costs_[MEUR],01_03_00_00,G,average,60,40.0,0.32,1,3,0,0
Farmer_Drought_Costs_[MEUR],01_03_00_00,G,average,100,70.0,0.37,1,3,0,0
Farmer_Drought_Costs_[MEUR],01_03_00_00,G&Wp,average,20,10.0,0.21,1,3,0,0
Farmer_Drought_Costs_[MEUR],01_03_00_00,G&Wp,average,60,50.0,0.43,1,3,0,0
Farmer_Drought_Costs_[MEUR],01_03_00_00,G&Wp,average,100,100.0,0.52,1,3,0,0
Farmer_Drought_Costs_[MEUR],01_03_00_00,Wp,average,20,10.0,0.21,1,3,0,0
Farmer_Drought_Costs_[MEUR],01_03_00_00,Wp,average,60,60.0,0.54,1,3,0,0
Farmer_Drought_Costs_[MEUR],01_03_00_00,Wp,average,100,120.0,0.67,1,3,0,0
Farmer_Drought_Costs_[MEUR],01_05_00_00,D,average,20,10.0,0.32,1,5,0,0
Farmer_Drought_Costs_[MEUR],01_05_00_00,D,average,60,70.0,0.68,1,5,0,0
Farmer_Drought_Costs_[MEUR],01_05_00_00,D,average,100,140.0,0.74,1,5,0,0
Farmer_Drought_Costs_[MEUR],01_05_00_00,D&G,average,20,10.0,0.34,1,5,0,0
Farmer_Drought_Costs_[MEUR],01_05_00_00,D&G,average,60,80.0,0.72,1,5,0,0
Farmer_Drought_Costs_[MEUR],01_05_00_00,D&G,average,100,140.0,0.77,1,5,0,0
Farmer_Drought_Costs_[MEUR],01_05_00_00,D&G&Wp,average,20,10.0,0.39,1,5,0,0
Farmer_Drought_Costs_[MEUR],01_05_00_00,D&G&Wp,average,60,80.0,0.75,1,5,0,0
Farmer_Drought_Costs_[MEUR],01_05_00_00,D&G&Wp,average,100,150.0,0.79,1,5,0,0
Farmer_Drought_Costs_[MEUR],01_05_00_00,D&Wp,average,20,10.0,0.4,1,5,0,0
Farmer_Drought_Costs_[MEUR],01_05_00_00,D&Wp,average,60,80.0,0.76,1,5,0,0
Farmer_Drought_Costs_[MEUR],01_05_00_00,D&Wp,average,100,150.0,0.8,1,5,0,0
Farmer_Drought_Costs_[MEUR],01_05_00_00,G,average,20,10.0,0.37,1,5,0,0
Farmer_Drought_Costs_[MEUR],01_05_00_00,G,average,60,80.0,0.75,1,5,0,0
Farmer_Drought_Costs_[MEUR],01_05_00_00,G,average,100,150.0,0.79,1,5,0,0
Farmer_Drought_Costs_[MEUR],01_05_00_00,G&Wp,average,20,20.0,0.42,1,5,0,0
Farmer_Drought_Costs_[MEUR],01_05_00_00,G&Wp,average,60,80.0,0.79,1,5,0,0
Farmer_Drought_Costs_[MEUR],01_05_00_00,G&Wp,average,100,150.0,0.82,1,5,0,0
Farmer_Drought_Costs_[MEUR],01_05_00_00,Wp,average,20,20.0,0.48,1,5,0,0
Farmer_Drought_Costs_[MEUR],01_05_00_00,Wp,average,60,90.0,0.83,1,5,0,0
Farmer_Drought_Costs_[MEUR],01_05_00_00,Wp,average,100,160.0,0.85,1,5,0,0
Farmer_Drought_Costs_[MEUR],01_06_00_00,D,average,20,10.0,0.26,1,6,0,0
Farmer_Drought_Costs_[MEUR],01_06_00_00,D,average,60,60.0,0.5,1,6,0,0
Farmer_Drought_Costs_[MEUR],01_06_00_00,D,average,100,110.0,0.6,1,6,0,0
Farmer_Drought_Costs_[MEUR],01_06_00_00,D&G,average,20,10.0,0.28,1,6,0,0
Farmer_Drought_Costs_[MEUR],01_06_00_00,D&G,average,60,60.0,0.52,1,6,0,0
Farmer_Drought_Costs_[MEUR],01_06_00_00,D&G,average,100,120.0,0.62,1,6,0,0
Farmer_Drought_Costs_[MEUR],01_06_00_00,D&G&Wp,average,20,10.0,0.3,1,6,0,0
Farmer_Drought_Costs_[MEUR],01_06_00_00,D&G&Wp,average,60,60.0,0.58,1,6,0,0
Farmer_Drought_Costs_[MEUR],01_06_00_00,D&G&Wp,average,100,120.0,0.66,1,6,0,0
Farmer_Drought_Costs_[MEUR],01_06_00_00,D&Wp,average,20,10.0,0.3,1,6,0,0
Farmer_Drought_Costs_[MEUR],01_06_00_00,D&Wp,average,60,60.0,0.59,1,6,0,0
Farmer_Drought_Costs_[MEUR],01_06_00_00,D&Wp,average,100,130.0,0.68,1,6,0,0
Farmer_Drought_Costs_[MEUR],01_06_00_00,G,average,20,10.0,0.29,1,6,0,0
Farmer_Drought_Costs_[MEUR],01_06_00_00,G,average,60,60.0,0.54,1,6,0,0
Farmer_Drought_Costs_[MEUR],01_06_00_00,G,average,100,120.0,0.64,1,6,0,0
Farmer_Drought_Costs_[MEUR],01_06_00_00,G&Wp,average,20,10.0,0.31,1,6,0,0
Farmer_Drought_Costs_[MEUR],01_06_00_00,G&Wp,average,60,70.0,0.61,1,6,0,0
Farmer_Drought_Costs_[MEUR],01_06_00_00,G&Wp,average,100,130.0,0.7,1,6,0,0
Farmer_Drought_Costs_[MEUR],01_06_00_00,Wp,average,20,10.0,0.34,1,6,0,0
Farmer_Drought_Costs_[MEUR],01_06_00_00,Wp,average,60,70.0,0.68,1,6,0,0
Farmer_Drought_Costs_[MEUR],01_06_00_00,Wp,average,100,140.0,0.75,1,6,0,0
Farmer_Drought_Costs_[MEUR],01_07_00_00,D,average,20,10.0,0.31,1,7,0,0
Farmer_Drought_Costs_[MEUR],01_07_00_00,D,average,60,20.0,0.19,1,7,0,0
Farmer_Drought_Costs_[MEUR],01_07_00_00,D,average,100,40.0,0.17,1,7,0,0
Farmer_Drought_Costs_[MEUR],01_07_00_00,D&G,average,20,10.0,0.31,1,7,0,0
Farmer_Drought_Costs_[MEUR],01_07_00_00,D&G,average,60,30.0,0.22,1,7,0,0
Farmer_Drought_Costs_[MEUR],01_07_00_00,D&G,average,100,40.0,0.21,1,7,0,0
Farmer_Drought_Costs_[MEUR],01_07_00_00,D&G&Wp,average,20,10.0,0.34,1,7,0,0
Farmer_Drought_Costs_[MEUR],01_07_00_00,D&G&Wp,average,60,40.0,0.37,1,7,0,0
Farmer_Drought_Costs_[MEUR],01_07_00_00,D&G&Wp,average,100,80.0,0.39,1,7,0,0
Farmer_Drought_Costs_[MEUR],01_07_00_00,D&Wp,average,20,10.0,0.35,1,7,0,0
Farmer_Drought_Costs_[MEUR],01_07_00_00,D&Wp,average,60,50.0,0.43,1,7,0,0
Farmer_Drought_Costs_[MEUR],01_07_00_00,D&Wp,average,100,90.0,0.47,1,7,0,0
Farmer_Drought_Costs_[MEUR],01_07_00_00,G,average,20,10.0,0.31,1,7,0,0
Farmer_Drought_Costs_[MEUR],01_07_00_00,G,average,60,30.0,0.26,1,7,0,0
Farmer_Drought_Costs_[MEUR],01_07_00_00,G,average,100,50.0,0.24,1,7,0,0
Farmer_Drought_Costs_[MEUR],01_07_00_00,G&Wp,average,20,10.0,0.35,1,7,0,0
Farmer_Drought_Costs_[MEUR],01_07_00_00,G&Wp,average,60,50.0,0.46,1,7,0,0
Farmer_Drought_Costs_[MEUR],01_07_00_00,G&Wp,average,100,100.0,0.5,1,7,0,0
Farmer_Drought_Costs_[MEUR],01_07_00_00,Wp,average,20,10.0,0.4,1,7,0,0
Farmer_Drought_Costs_[MEUR],01_07_00_00,Wp,average,60,70.0,0.66,1,7,0,0
Farmer_Drought_Costs_[MEUR],01_07_00_00,Wp,average,100,140.0,0.76,1,7,0,0
Farmer_Drought_Costs_[MEUR],01_08_00_00,D,average,20,10.0,0.26,1,8,0,0
Farmer_Drought_Costs_[MEUR],01_08_00_00,D,average,60,20.0,0.12,1,8,0,0
Farmer_Drought_Costs_[MEUR],01_08_00_00,D,average,100,20.0,0.1,1,8,0,0
Farmer_Drought_Costs_[MEUR],01_08_00_00,D&G,average,20,10.0,0.27,1,8,0,0
Farmer_Drought_Costs_[MEUR],01_08_00_00,D&G,average,60,20.0,0.15,1,8,0,0
Farmer_Drought_Costs_[MEUR],01_08_00_00,D&G,average,100,30.0,0.13,1,8,0,0
Farmer_Drought_Costs_[MEUR],01_08_00_00,D&G&Wp,average,20,10.0,0.27,1,8,0,0
Farmer_Drought_Costs_[MEUR],01_08_00_00,D&G&Wp,average,60,30.0,0.26,1,8,0,0
Farmer_Drought_Costs_[MEUR],01_08_00_00,D&G&Wp,average,100,60.0,0.3,1,8,0,0
Farmer_Drought_Costs_[MEUR],01_08_00_00,D&Wp,average,20,10.0,0.27,1,8,0,0
Farmer_Drought_Costs_[MEUR],01_08_00_00,D&Wp,average,60,40.0,0.3,1,8,0,0
Farmer_Drought_Costs_[MEUR],01_08_00_00,D&Wp,average,100,70.0,0.38,1,8,0,0
Farmer_Drought_Costs_[MEUR],01_08_00_00,G,average,20,10.0,0.27,1,8,0,0
Farmer_Drought_Costs_[MEUR],01_08_00_00,G,average,60,20.0,0.17,1,8,0,0
Farmer_Drought_Costs_[MEUR],01_08_00_00,G,average,100,30.0,0.16,1,8,0,0
Farmer_Drought_Costs_[MEUR],01_08_00_00,G&Wp,average,20,10.0,0.27,1,8,0,0
Farmer_Drought_Costs_[MEUR],01_08_00_00,G&Wp,average,60,40.0,0.33,1,8,0,0
Farmer_Drought_Costs_[MEUR],01_08_00_00,G&Wp,average,100,80.0,0.4,1,8,0,0
Farmer_Drought_Costs_[MEUR],01_08_00_00,Wp,average,20,10.0,0.28,1,8,0,0
Farmer_Drought_Costs_[MEUR],01_08_00_00,Wp,average,60,50.0,0.48,1,8,0,0
Farmer_Drought_Costs_[MEUR],01_08_00_00,Wp,average,100,120.0,0.65,1,8,0,0
Farmer_Drought_Costs_[MEUR],01_09_00_00,D,average,20,10.0,0.02,1,9,0,0
Farmer_Drought_Costs_[MEUR],01_09_00_00,D,average,60,40.0,0.36,1,9,0,0
Farmer_Drought_Costs_[MEUR],01_09_00_00,D,average,100,110.0,0.56,1,9,0,0
Farmer_Drought_Costs_[MEUR],01_09_00_00,D&G,average,20,10.0,0.02,1,9,0,0
Farmer_Drought_Costs_[MEUR],01_09_00_00,D&G,average,60,40.0,0.37,1,9,0,0
Farmer_Drought_Costs_[MEUR],01_09_00_00,D&G,average,100,110.0,0.56,1,9,0,0
Farmer_Drought_Costs_[MEUR],01_09_00_00,D&G&Wp,average,20,10.0,0.02,1,9,0,0
Farmer_Drought_Costs_[MEUR],01_09_00_00,D&G&Wp,average,60,50.0,0.43,1,9,0,0
Farmer_Drought_Costs_[MEUR],01_09_00_00,D&G&Wp,average,100,110.0,0.61,1,9,0,0
Farmer_Drought_Costs_[MEUR],01_09_00_00,D&Wp,average,20,10.0,0.02,1,9,0,0
Farmer_Drought_Costs_[MEUR],01_09_00_00,D&Wp,average,60,50.0,0.45,1,9,0,0
Farmer_Drought_Costs_[MEUR],01_09_00_00,D&Wp,average,100,120.0,0.63,1,9,0,0
Farmer_Drought_Costs_[MEUR],01_09_00_00,G,average,20,10.0,0.02,1,9,0,0
Farmer_Drought_Costs_[MEUR],01_09_00_00,G,average,60,40.0,0.38,1,9,0,0
Farmer_Drought_Costs_[MEUR],01_09_00_00,G,average,100,110.0,0.56,1,9,0,0
Farmer_Drought_Costs_[MEUR],01_09_00_00,G&Wp,average,20,10.0,0.02,1,9,0,0
Farmer_Drought_Costs_[MEUR],01_09_00_00,G&Wp,average,60,50.0,0.46,1,9,0,0
Farmer_Drought_Costs_[MEUR],01_09_00_00,G&Wp,average,100,120.0,0.63,1,9,0,0
Farmer_Drought_Costs_[MEUR],01_09_00_00,Wp,average,20,10.0,0.03,1,9,0,0
Farmer_Drought_Costs_[MEUR],01_09_00_00,Wp,average,60,60.0,0.54,1,9,0,0
Farmer_Drought_Costs_[MEUR],01_09_00_00,Wp,average,100,130.0,0.7,1,9,0,0
Farmer_Drought_Costs_[MEUR],03_00_00_00,D,average,20,0.0,0.0,3,0,0,0
Farmer_Drought_Costs_[MEUR],03_00_00_00,D,average,60,0.0,0.0,3,0,0,0
Farmer_Drought_Costs_[MEUR],03_00_00_00,D,average,100,0.0,0.0,3,0,0,0
Farmer_Drought_Costs_[MEUR],03_00_00_00,D&G,average,20,0.0,0.0,3,0,0,0
Farmer_Drought_Costs_[MEUR],03_00_00_00,D&G,average,60,0.0,0.0,3,0,0,0
Farmer_Drought_Costs_[MEUR],03_00_00_00,D&G,average,100,0.0,0.0,3,0,0,0
Farmer_Drought_Costs_[MEUR],03_00_00_00,D&G&Wp,average,20,0.0,0.0,3,0,0,0
Farmer_Drought_Costs_[MEUR],03_00_00_00,D&G&Wp,average,60,0.0,0.0,3,0,0,0
Farmer_Drought_Costs_[MEUR],03_00_00_00,D&G&Wp,average,100,0.0,0.0,3,0,0,0
Farmer_Drought_Costs_[MEUR],03_00_00_00,D&Wp,average,20,0.0,0.0,3,0,0,0
Farmer_Drought_Costs_[MEUR],03_00_00_00,D&Wp,average,60,0.0,0.0,3,0,0,0
Farmer_Drought_Costs_[MEUR],03_00_00_00,D&Wp,average,100,0.0,0.0,3,0,0,0
Farmer_Drought_Costs_[MEUR],03_00_00_00,G,average,20,0.0,0.0,3,0,0,0
Farmer_Drought_Costs_[MEUR],03_00_00_00,G,average,60,0.0,0.0,3,0,0,0
Farmer_Drought_Costs_[MEUR],03_00_00_00,G,average,100,0.0,0.0,3,0,0,0
Farmer_Drought_Costs_[MEUR],03_00_00_00,G&Wp,average,20,0.0,0.0,3,0,0,0
Farmer_Drought_Costs_[MEUR],03_00_00_00,G&Wp,average,60,0.0,0.0,3,0,0,0
Farmer_Drought_Costs_[MEUR],03_00_00_00,G&Wp,average,100,0.0,0.0,3,0,0,0
Farmer_Drought_Costs_[MEUR],03_00_00_00,Wp,average,20,0.0,0.0,3,0,0,0
Farmer_Drought_Costs_[MEUR],03_00_00_00,Wp,average,60,0.0,0.0,3,0,0,0
Farmer_Drought_Costs_[MEUR],03_00_00_00,Wp,average,100,0.0,0.0,3,0,0,0
Farmer_Drought_Costs_[MEUR],03_01_00_00,D,average,20,10.0,0.08,3,1,0,0
Farmer_Drought_Costs_[MEUR],03_01_00_00,D,average,60,40.0,0.36,3,1,0,0
Farmer_Drought_Costs_[MEUR],03_01_00_00,D,average,100,80.0,0.42,3,1,0,0
Farmer_Drought_Costs_[MEUR],03_01_00_00,D&G,average,20,10.0,0.09,3,1,0,0
Farmer_Drought_Costs_[MEUR],03_01_00_00,D&G,average,60,40.0,0.36,3,1,0,0
Farmer_Drought_Costs_[MEUR],03_01_00_00,D&G,average,100,80.0,0.43,3,1,0,0
Farmer_Drought_Costs_[MEUR],03_01_00_00,D&G&Wp,average,20,10.0,0.1,3,1,0,0
Farmer_Drought_Costs_[MEUR],03_01_00_00,D&G&Wp,average,60,50.0,0.43,3,1,0,0
Farmer_Drought_Costs_[MEUR],03_01_00_00,D&G&Wp,average,100,100.0,0.51,3,1,0,0
Farmer_Drought_Costs_[MEUR],03_01_00_00,D&Wp,average,20,10.0,0.1,3,1,0,0
Farmer_Drought_Costs_[MEUR],03_01_00_00,D&Wp,average,60,50.0,0.46,3,1,0,0
Farmer_Drought_Costs_[MEUR],03_01_00_00,D&Wp,average,100,100.0,0.55,3,1,0,0
Farmer_Drought_Costs_[MEUR],03_01_00_00,G,average,20,10.0,0.1,3,1,0,0
Farmer_Drought_Costs_[MEUR],03_01_00_00,G,average,60,40.0,0.36,3,1,0,0
Farmer_Drought_Costs_[MEUR],03_01_00_00,G,average,100,80.0,0.43,3,1,0,0
Farmer_Drought_Costs_[MEUR],03_01_00_00,G&Wp,average,20,10.0,0.11,3,1,0,0
Farmer_Drought_Costs_[MEUR],03_01_00_00,G&Wp,average,60,50.0,0.46,3,1,0,0
Farmer_Drought_Costs_[MEUR],03_01_00_00,G&Wp,average,100,110.0,0.56,3,1,0,0
Farmer_Drought_Costs_[MEUR],03_01_00_00,Wp,average,20,10.0,0.12,3,1,0,0
Farmer_Drought_Costs_[MEUR],03_01_00_00,Wp,average,60,60.0,0.56,3,1,0,0
Farmer_Drought_Costs_[MEUR],03_01_00_00,Wp,average,100,130.0,0.68,3,1,0,0
Farmer_Drought_Costs_[MEUR],03_03_00_00,D,average,20,10.0,0.21,3,3,0,0
Farmer_Drought_Costs_[MEUR],03_03_00_00,D,average,60,40.0,0.34,3,3,0,0
Farmer_Drought_Costs_[MEUR],03_03_00_00,D,average,100,80.0,0.41,3,3,0,0
Farmer_Drought_Costs_[MEUR],03_03_00_00,D&G,average,20,10.0,0.21,3,3,0,0
Farmer_Drought_Costs_[MEUR],03_03_00_00,D&G,average,60,40.0,0.35,3,3,0,0
Farmer_Drought_Costs_[MEUR],03_03_00_00,D&G,average,100,80.0,0.42,3,3,0,0
Farmer_Drought_Costs_[MEUR],03_03_00_00,D&G&Wp,average,20,10.0,0.21,3,3,0,0
Farmer_Drought_Costs_[MEUR],03_03_00_00,D&G&Wp,average,60,50.0,0.41,3,3,0,0
Farmer_Drought_Costs_[MEUR],03_03_00_00,D&G&Wp,average,100,100.0,0.51,3,3,0,0
Farmer_Drought_Costs_[MEUR],03_03_00_00,D&Wp,average,20,10.0,0.21,3,3,0,0
Farmer_Drought_Costs_[MEUR],03_03_00_00,D&Wp,average,60,50.0,0.45,3,3,0,0
Farmer_Drought_Costs_[MEUR],03_03_00_00,D&Wp,average,100,100.0,0.55,3,3,0,0
Farmer_Drought_Costs_[MEUR],03_03_00_00,G,average,20,10.0,0.21,3,3,0,0
Farmer_Drought_Costs_[MEUR],03_03_00_00,G,average,60,40.0,0.35,3,3,0,0
Farmer_Drought_Costs_[MEUR],03_03_00_00,G,average,100,80.0,0.43,3,3,0,0
Farmer_Drought_Costs_[MEUR],03_03_00_00,G&Wp,average,20,10.0,0.21,3,3,0,0
Farmer_Drought_Costs_[MEUR],03_03_00_00,G&Wp,average,60,50.0,0.45,3,3,0,0
Farmer_Drought_Costs_[MEUR],03_03_00_00,G&Wp,average,100,100.0,0.55,3,3,0,0
Farmer_Drought_Costs_[MEUR],03_03_00_00,Wp,average,20,10.0,0.21,3,3,0,0
Farmer_Drought_Costs_[MEUR],03_03_00_00,Wp,average,60,60.0,0.55,3,3,0,0
Farmer_Drought_Costs_[MEUR],03_03_00_00,Wp,average,100,130.0,0.68,3,3,0,0
Farmer_Drought_Costs_[MEUR],03_05_00_00,D,average,20,10.0,0.32,3,5,0,0
Farmer_Drought_Costs_[MEUR],03_05_00_00,D,average,60,70.0,0.68,3,5,0,0
Farmer_Drought_Costs_[MEUR],03_05_00_00,D,average,100,140.0,0.74,3,5,0,0
Farmer_Drought_Costs_[MEUR],03_05_00_00,D&G,average,20,10.0,0.34,3,5,0,0
Farmer_Drought_Costs_[MEUR],03_05_00_00,D&G,average,60,80.0,0.72,3,5,0,0
Farmer_Drought_Costs_[MEUR],03_05_00_00,D&G,average,100,140.0,0.77,3,5,0,0
Farmer_Drought_Costs_[MEUR],03_05_00_00,D&G&Wp,average,20,10.0,0.39,3,5,0,0
Farmer_Drought_Costs_[MEUR],03_05_00_00,D&G&Wp,average,60,80.0,0.75,3,5,0,0
Farmer_Drought_Costs_[MEUR],03_05_00_00,D&G&Wp,average,100,150.0,0.8,3,5,0,0
Farmer_Drought_Costs_[MEUR],03_05_00_00,D&Wp,average,20,10.0,0.4,3,5,0,0
Farmer_Drought_Costs_[MEUR],03_05_00_00,D&Wp,average,60,80.0,0.76,3,5,0,0
Farmer_Drought_Costs_[MEUR],03_05_00_00,D&Wp,average,100,150.0,0.8,3,5,0,0
Farmer_Drought_Costs_[MEUR],03_05_00_00,G,average,20,10.0,0.37,3,5,0,0
Farmer_Drought_Costs_[MEUR],03_05_00_00,G,average,60,80.0,0.75,3,5,0,0
Farmer_Drought_Costs_[MEUR],03_05_00_00,G,average,100,150.0,0.79,3,5,0,0
Farmer_Drought_Costs_[MEUR],03_05_00_00,G&Wp,average,20,20.0,0.42,3,5,0,0
Farmer_Drought_Costs_[MEUR],03_05_00_00,G&Wp,average,60,80.0,0.79,3,5,0,0
Farmer_Drought_Costs_[MEUR],03_05_00_00,G&Wp,average,100,150.0,0.82,3,5,0,0
Farmer_Drought_Costs_[MEUR],03_05_00_00,Wp,average,20,20.0,0.48,3,5,0,0
Farmer_Drought_Costs_[MEUR],03_05_00_00,Wp,average,60,90.0,0.83,3,5,0,0
Farmer_Drought_Costs_[MEUR],03_05_00_00,Wp,average,100,160.0,0.86,3,5,0,0
Farmer_Drought_Costs_[MEUR],03_06_00_00,D,average,20,10.0,0.26,3,6,0,0
Farmer_Drought_Costs_[MEUR],03_06_00_00,D,average,60,50.0,0.5,3,6,0,0
Farmer_Drought_Costs_[MEUR],03_06_00_00,D,average,100,110.0,0.6,3,6,0,0
Farmer_Drought_Costs_[MEUR],03_06_00_00,D&G,average,20,10.0,0.28,3,6,0,0
Farmer_Drought_Costs_[MEUR],03_06_00_00,D&G,average,60,60.0,0.52,3,6,0,0
Farmer_Drought_Costs_[MEUR],03_06_00_00,D&G,average,100,120.0,0.61,3,6,0,0
Farmer_Drought_Costs_[MEUR],03_06_00_00,D&G&Wp,average,20,10.0,0.3,3,6,0,0
Farmer_Drought_Costs_[MEUR],03_06_00_00,D&G&Wp,average,60,60.0,0.57,3,6,0,0
Farmer_Drought_Costs_[MEUR],03_06_00_00,D&G&Wp,average,100,120.0,0.66,3,6,0,0
Farmer_Drought_Costs_[MEUR],03_06_00_00,D&Wp,average,20,10.0,0.3,3,6,0,0
Farmer_Drought_Costs_[MEUR],03_06_00_00,D&Wp,average,60,60.0,0.59,3,6,0,0
Farmer_Drought_Costs_[MEUR],03_06_00_00,D&Wp,average,100,130.0,0.68,3,6,0,0
Farmer_Drought_Costs_[MEUR],03_06_00_00,G,average,20,10.0,0.29,3,6,0,0
Farmer_Drought_Costs_[MEUR],03_06_00_00,G,average,60,60.0,0.53,3,6,0,0
Farmer_Drought_Costs_[MEUR],03_06_00_00,G,average,100,120.0,0.63,3,6,0,0
Farmer_Drought_Costs_[MEUR],03_06_00_00,G&Wp,average,20,10.0,0.31,3,6,0,0
Farmer_Drought_Costs_[MEUR],03_06_00_00,G&Wp,average,60,70.0,0.61,3,6,0,0
Farmer_Drought_Costs_[MEUR],03_06_00_00,G&Wp,average,100,130.0,0.69,3,6,0,0
Farmer_Drought_Costs_[MEUR],03_06_00_00,Wp,average,20,10.0,0.34,3,6,0,0
Farmer_Drought_Costs_[MEUR],03_06_00_00,Wp,average,60,70.0,0.68,3,6,0,0
Farmer_Drought_Costs_[MEUR],03_06_00_00,Wp,average,100,140.0,0.75,3,6,0,0
Farmer_Drought_Costs_[MEUR],03_07_00_00,D,average,20,10.0,0.31,3,7,0,0
Farmer_Drought_Costs_[MEUR],03_07_00_00,D,average,60,20.0,0.19,3,7,0,0
Farmer_Drought_Costs_[MEUR],03_07_00_00,D,average,100,40.0,0.17,3,7,0,0
Farmer_Drought_Costs_[MEUR],03_07_00_00,D&G,average,20,10.0,0.31,3,7,0,0
Farmer_Drought_Costs_[MEUR],03_07_00_00,D&G,average,60,30.0,0.22,3,7,0,0
Farmer_Drought_Costs_[MEUR],03_07_00_00,D&G,average,100,40.0,0.21,3,7,0,0
Farmer_Drought_Costs_[MEUR],03_07_00_00,D&G&Wp,average,20,10.0,0.34,3,7,0,0
Farmer_Drought_Costs_[MEUR],03_07_00_00,D&G&Wp,average,60,40.0,0.36,3,7,0,0
Farmer_Drought_Costs_[MEUR],03_07_00_00,D&G&Wp,average,100,70.0,0.38,3,7,0,0
Farmer_Drought_Costs_[MEUR],03_07_00_00,D&Wp,average,20,10.0,0.35,3,7,0,0
Farmer_Drought_Costs_[MEUR],03_07_00_00,D&Wp,average,60,50.0,0.41,3,7,0,0
Farmer_Drought_Costs_[MEUR],03_07_00_00,D&Wp,average,100,90.0,0.46,3,7,0,0
Farmer_Drought_Costs_[MEUR],03_07_00_00,G,average,20,10.0,0.31,3,7,0,0
Farmer_Drought_Costs_[MEUR],03_07_00_00,G,average,60,30.0,0.26,3,7,0,0
Farmer_Drought_Costs_[MEUR],03_07_00_00,G,average,100,50.0,0.24,3,7,0,0
Farmer_Drought_Costs_[MEUR],03_07_00_00,G&Wp,average,20,10.0,0.35,3,7,0,0
Farmer_Drought_Costs_[MEUR],03_07_00_00,G&Wp,average,60,50.0,0.44,3,7,0,0
Farmer_Drought_Costs_[MEUR],03_07_00_00,G&Wp,average,100,90.0,0.49,3,7,0,0
Farmer_Drought_Costs_[MEUR],03_07_00_00,Wp,average,20,10.0,0.39,3,7,0,0
Farmer_Drought_Costs_[MEUR],03_07_00_00,Wp,average,60,70.0,0.62,3,7,0,0
Farmer_Drought_Costs_[MEUR],03_07_00_00,Wp,average,100,140.0,0.74,3,7,0,0
Farmer_Drought_Costs_[MEUR],03_08_00_00,D,average,20,10.0,0.26,3,8,0,0
Farmer_Drought_Costs_[MEUR],03_08_00_00,D,average,60,20.0,0.12,3,8,0,0
Farmer_Drought_Costs_[MEUR],03_08_00_00,D,average,100,20.0,0.1,3,8,0,0
Farmer_Drought_Costs_[MEUR],03_08_00_00,D&G,average,20,10.0,0.27,3,8,0,0
Farmer_Drought_Costs_[MEUR],03_08_00_00,D&G,average,60,20.0,0.16,3,8,0,0
Farmer_Drought_Costs_[MEUR],03_08_00_00,D&G,average,100,30.0,0.16,3,8,0,0
Farmer_Drought_Costs_[MEUR],03_08_00_00,D&G&Wp,average,20,10.0,0.27,3,8,0,0
Farmer_Drought_Costs_[MEUR],03_08_00_00,D&G&Wp,average,60,30.0,0.25,3,8,0,0
Farmer_Drought_Costs_[MEUR],03_08_00_00,D&G&Wp,average,100,60.0,0.32,3,8,0,0
Farmer_Drought_Costs_[MEUR],03_08_00_00,D&Wp,average,20,10.0,0.27,3,8,0,0
Farmer_Drought_Costs_[MEUR],03_08_00_00,D&Wp,average,60,30.0,0.28,3,8,0,0
Farmer_Drought_Costs_[MEUR],03_08_00_00,D&Wp,average,100,70.0,0.37,3,8,0,0
Farmer_Drought_Costs_[MEUR],03_08_00_00,G,average,20,10.0,0.27,3,8,0,0
Farmer_Drought_Costs_[MEUR],03_08_00_00,G,average,60,30.0,0.2,3,8,0,0
Farmer_Drought_Costs_[MEUR],03_08_00_00,G,average,100,40.0,0.21,3,8,0,0
Farmer_Drought_Costs_[MEUR],03_08_00_00,G&Wp,average,20,10.0,0.27,3,8,0,0
Farmer_Drought_Costs_[MEUR],03_08_00_00,G&Wp,average,60,40.0,0.32,3,8,0,0
Farmer_Drought_Costs_[MEUR],03_08_00_00,G&Wp,average,100,80.0,0.43,3,8,0,0
Farmer_Drought_Costs_[MEUR],03_08_00_00,Wp,average,20,10.0,0.28,3,8,0,0
Farmer_Drought_Costs_[MEUR],03_08_00_00,Wp,average,60,50.0,0.44,3,8,0,0
Farmer_Drought_Costs_[MEUR],03_08_00_00,Wp,average,100,120.0,0.64,3,8,0,0
Farmer_Drought_Costs_[MEUR],03_09_00_00,D,average,20,10.0,0.02,3,9,0,0
Farmer_Drought_Costs_[MEUR],03_09_00_00,D,average,60,40.0,0.37,3,9,0,0
Farmer_Drought_Costs_[MEUR],03_09_00_00,D,average,100,100.0,0.55,3,9,0,0
Farmer_Drought_Costs_[MEUR],03_09_00_00,D&G,average,20,10.0,0.02,3,9,0,0
Farmer_Drought_Costs_[MEUR],03_09_00_00,D&G,average,60,40.0,0.38,3,9,0,0
Farmer_Drought_Costs_[MEUR],03_09_00_00,D&G,average,100,110.0,0.58,3,9,0,0
Farmer_Drought_Costs_[MEUR],03_09_00_00,D&G&Wp,average,20,10.0,0.02,3,9,0,0
Farmer_Drought_Costs_[MEUR],03_09_00_00,D&G&Wp,average,60,50.0,0.44,3,9,0,0
Farmer_Drought_Costs_[MEUR],03_09_00_00,D&G&Wp,average,100,120.0,0.63,3,9,0,0
Farmer_Drought_Costs_[MEUR],03_09_00_00,D&Wp,average,20,10.0,0.02,3,9,0,0
Farmer_Drought_Costs_[MEUR],03_09_00_00,D&Wp,average,60,50.0,0.46,3,9,0,0
Farmer_Drought_Costs_[MEUR],03_09_00_00,D&Wp,average,100,120.0,0.63,3,9,0,0
Farmer_Drought_Costs_[MEUR],03_09_00_00,G,average,20,10.0,0.02,3,9,0,0
Farmer_Drought_Costs_[MEUR],03_09_00_00,G,average,60,40.0,0.4,3,9,0,0
Farmer_Drought_Costs_[MEUR],03_09_00_00,G,average,100,120.0,0.62,3,9,0,0
Farmer_Drought_Costs_[MEUR],03_09_00_00,G&Wp,average,20,10.0,0.02,3,9,0,0
Farmer_Drought_Costs_[MEUR],03_09_00_00,G&Wp,average,60,50.0,0.47,3,9,0,0
Farmer_Drought_Costs_[MEUR],03_09_00_00,G&Wp,average,100,130.0,0.67,3,9,0,0
Farmer_Drought_Costs_[MEUR],03_09_00_00,Wp,average,20,10.0,0.03,3,9,0,0
Farmer_Drought_Costs_[MEUR],03_09_00_00,Wp,average,60,60.0,0.55,3,9,0,0
Farmer_Drought_Costs_[MEUR],03_09_00_00,Wp,average,100,130.0,0.71,3,9,0,0
Farmer_Drought_Costs_[MEUR],05_00_00_00,D,average,20,0.0,0.0,5,0,0,0
Farmer_Drought_Costs_[MEUR],05_00_00_00,D,average,60,0.0,0.0,5,0,0,0
Farmer_Drought_Costs_[MEUR],05_00_00_00,D,average,100,0.0,0.0,5,0,0,0
Farmer_Drought_Costs_[MEUR],05_00_00_00,D&G,average,20,0.0,0.0,5,0,0,0
Farmer_Drought_Costs_[MEUR],05_00_00_00,D&G,average,60,0.0,0.0,5,0,0,0
Farmer_Drought_Costs_[MEUR],05_00_00_00,D&G,average,100,0.0,0.0,5,0,0,0
Farmer_Drought_Costs_[MEUR],05_00_00_00,D&G&Wp,average,20,0.0,0.0,5,0,0,0
Farmer_Drought_Costs_[MEUR],05_00_00_00,D&G&Wp,average,60,0.0,0.0,5,0,0,0
Farmer_Drought_Costs_[MEUR],05_00_00_00,D&G&Wp,average,100,0.0,0.0,5,0,0,0
Farmer_Drought_Costs_[MEUR],05_00_00_00,D&Wp,average,20,0.0,0.0,5,0,0,0
Farmer_Drought_Costs_[MEUR],05_00_00_00,D&Wp,average,60,0.0,0.0,5,0,0,0
Farmer_Drought_Costs_[MEUR],05_00_00_00,D&Wp,average,100,0.0,0.0,5,0,0,0
Farmer_Drought_Costs_[MEUR],05_00_00_00,G,average,20,0.0,0.0,5,0,0,0
Farmer_Drought_Costs_[MEUR],05_00_00_00,G,average,60,0.0,0.0,5,0,0,0
Farmer_Drought_Costs_[MEUR],05_00_00_00,G,average,100,0.0,0.0,5,0,0,0
Farmer_Drought_Costs_[MEUR],05_00_00_00,G&Wp,average,20,0.0,0.0,5,0,0,0
Farmer_Drought_Costs_[MEUR],05_00_00_00,G&Wp,average,60,0.0,0.0,5,0,0,0
Farmer_Drought_Costs_[MEUR],05_00_00_00,G&Wp,average,100,0.0,0.0,5,0,0,0
Farmer_Drought_Costs_[MEUR],05_00_00_00,Wp,average,20,0.0,0.0,5,0,0,0
Farmer_Drought_Costs_[MEUR],05_00_00_00,Wp,average,60,0.0,0.0,5,0,0,0
Farmer_Drought_Costs_[MEUR],05_00_00_00,Wp,average,100,0.0,0.0,5,0,0,0
Farmer_Drought_Costs_[MEUR],05_01_00_00,D,average,20,10.0,0.08,5,1,0,0
Farmer_Drought_Costs_[MEUR],05_01_00_00,D,average,60,40.0,0.34,5,1,0,0
Farmer_Drought_Costs_[MEUR],05_01_00_00,D,average,100,80.0,0.42,5,1,0,0
Farmer_Drought_Costs_[MEUR],05_01_00_00,D&G,average,20,10.0,0.09,5,1,0,0
Farmer_Drought_Costs_[MEUR],05_01_00_00,D&G,average,60,40.0,0.35,5,1,0,0
Farmer_Drought_Costs_[MEUR],05_01_00_00,D&G,average,100,90.0,0.47,5,1,0,0
Farmer_Drought_Costs_[MEUR],05_01_00_00,D&G&Wp,average,20,10.0,0.1,5,1,0,0
Farmer_Drought_Costs_[MEUR],05_01_00_00,D&G&Wp,average,60,50.0,0.42,5,1,0,0
Farmer_Drought_Costs_[MEUR],05_01_00_00,D&G&Wp,average,100,100.0,0.54,5,1,0,0
Farmer_Drought_Costs_[MEUR],05_01_00_00,D&Wp,average,20,10.0,0.1,5,1,0,0
Farmer_Drought_Costs_[MEUR],05_01_00_00,D&Wp,average,60,50.0,0.44,5,1,0,0
Farmer_Drought_Costs_[MEUR],05_01_00_00,D&Wp,average,100,100.0,0.55,5,1,0,0
Farmer_Drought_Costs_[MEUR],05_01_00_00,G,average,20,10.0,0.1,5,1,0,0
Farmer_Drought_Costs_[MEUR],05_01_00_00,G,average,60,40.0,0.37,5,1,0,0
Farmer_Drought_Costs_[MEUR],05_01_00_00,G,average,100,100.0,0.51,5,1,0,0
Farmer_Drought_Costs_[MEUR],05_01_00_00,G&Wp,average,20,10.0,0.11,5,1,0,0
Farmer_Drought_Costs_[MEUR],05_01_00_00,G&Wp,average,60,50.0,0.45,5,1,0,0
Farmer_Drought_Costs_[MEUR],05_01_00_00,G&Wp,average,100,110.0,0.59,5,1,0,0
Farmer_Drought_Costs_[MEUR],05_01_00_00,Wp,average,20,10.0,0.12,5,1,0,0
Farmer_Drought_Costs_[MEUR],05_01_00_00,Wp,average,60,60.0,0.54,5,1,0,0
Farmer_Drought_Costs_[MEUR],05_01_00_00,Wp,average,100,130.0,0.67,5,1,0,0
Farmer_Drought_Costs_[MEUR],05_03_00_00,D,average,20,10.0,0.21,5,3,0,0
Farmer_Drought_Costs_[MEUR],05_03_00_00,D,average,60,40.0,0.32,5,3,0,0
Farmer_Drought_Costs_[MEUR],05_03_00_00,D,average,100,80.0,0.41,5,3,0,0
Farmer_Drought_Costs_[MEUR],05_03_00_00,D&G,average,20,10.0,0.21,5,3,0,0
Farmer_Drought_Costs_[MEUR],05_03_00_00,D&G,average,60,40.0,0.34,5,3,0,0
Farmer_Drought_Costs_[MEUR],05_03_00_00,D&G,average,100,90.0,0.46,5,3,0,0
Farmer_Drought_Costs_[MEUR],05_03_00_00,D&G&Wp,average,20,10.0,0.21,5,3,0,0
Farmer_Drought_Costs_[MEUR],05_03_00_00,D&G&Wp,average,60,50.0,0.41,5,3,0,0
Farmer_Drought_Costs_[MEUR],05_03_00_00,D&G&Wp,average,100,100.0,0.53,5,3,0,0
Farmer_Drought_Costs_[MEUR],05_03_00_00,D&Wp,average,20,10.0,0.21,5,3,0,0
Farmer_Drought_Costs_[MEUR],05_03_00_00,D&Wp,average,60,50.0,0.43,5,3,0,0
Farmer_Drought_Costs_[MEUR],05_03_00_00,D&Wp,average,100,100.0,0.54,5,3,0,0
Farmer_Drought_Costs_[MEUR],05_03_00_00,G,average,20,10.0,0.21,5,3,0,0
Farmer_Drought_Costs_[MEUR],05_03_00_00,G,average,60,40.0,0.37,5,3,0,0
Farmer_Drought_Costs_[MEUR],05_03_00_00,G,average,100,100.0,0.51,5,3,0,0
Farmer_Drought_Costs_[MEUR],05_03_00_00,G&Wp,average,20,10.0,0.21,5,3,0,0
Farmer_Drought_Costs_[MEUR],05_03_00_00,G&Wp,average,60,50.0,0.45,5,3,0,0
Farmer_Drought_Costs_[MEUR],05_03_00_00,G&Wp,average,100,110.0,0.59,5,3,0,0
Farmer_Drought_Costs_[MEUR],05_03_00_00,Wp,average,20,10.0,0.21,5,3,0,0
Farmer_Drought_Costs_[MEUR],05_03_00_00,Wp,average,60,60.0,0.53,5,3,0,0
Farmer_Drought_Costs_[MEUR],05_03_00_00,Wp,average,100,130.0,0.67,5,3,0,0
Farmer_Drought_Costs_[MEUR],05_05_00_00,D,average,20,10.0,0.32,5,5,0,0
Farmer_Drought_Costs_[MEUR],05_05_00_00,D,average,60,70.0,0.68,5,5,0,0
Farmer_Drought_Costs_[MEUR],05_05_00_00,D,average,100,140.0,0.74,5,5,0,0
Farmer_Drought_Costs_[MEUR],05_05_00_00,D&G,average,20,10.0,0.34,5,5,0,0
Farmer_Drought_Costs_[MEUR],05_05_00_00,D&G,average,60,80.0,0.72,5,5,0,0
Farmer_Drought_Costs_[MEUR],05_05_00_00,D&G,average,100,140.0,0.77,5,5,0,0
Farmer_Drought_Costs_[MEUR],05_05_00_00,D&G&Wp,average,20,10.0,0.39,5,5,0,0
Farmer_Drought_Costs_[MEUR],05_05_00_00,D&G&Wp,average,60,80.0,0.75,5,5,0,0
Farmer_Drought_Costs_[MEUR],05_05_00_00,D&G&Wp,average,100,150.0,0.8,5,5,0,0
Farmer_Drought_Costs_[MEUR],05_05_00_00,D&Wp,average,20,10.0,0.4,5,5,0,0
Farmer_Drought_Costs_[MEUR],05_05_00_00,D&Wp,average,60,80.0,0.76,5,5,0,0
Farmer_Drought_Costs_[MEUR],05_05_00_00,D&Wp,average,100,150.0,0.8,5,5,0,0
Farmer_Drought_Costs_[MEUR],05_05_00_00,G,average,20,10.0,0.37,5,5,0,0
Farmer_Drought_Costs_[MEUR],05_05_00_00,G,average,60,80.0,0.75,5,5,0,0
Farmer_Drought_Costs_[MEUR],05_05_00_00,G,average,100,150.0,0.79,5,5,0,0
Farmer_Drought_Costs_[MEUR],05_05_00_00,G&Wp,average,20,20.0,0.42,5,5,0,0
Farmer_Drought_Costs_[MEUR],05_05_00_00,G&Wp,average,60,80.0,0.79,5,5,0,0
Farmer_Drought_Costs_[MEUR],05_05_00_00,G&Wp,average,100,150.0,0.83,5,5,0,0
Farmer_Drought_Costs_[MEUR],05_05_00_00,Wp,average,20,20.0,0.48,5,5,0,0
Farmer_Drought_Costs_[MEUR],05_05_00_00,Wp,average,60,90.0,0.83,5,5,0,0
Farmer_Drought_Costs_[MEUR],05_05_00_00,Wp,average,100,160.0,0.86,5,5,0,0
Farmer_Drought_Costs_[MEUR],05_06_00_00,D,average,20,10.0,0.26,5,6,0,0
Farmer_Drought_Costs_[MEUR],05_06_00_00,D,average,60,50.0,0.5,5,6,0,0
Farmer_Drought_Costs_[MEUR],05_06_00_00,D,average,100,110.0,0.6,5,6,0,0
Farmer_Drought_Costs_[MEUR],05_06_00_00,D&G,average,20,10.0,0.28,5,6,0,0
Farmer_Drought_Costs_[MEUR],05_06_00_00,D&G,average,60,60.0,0.52,5,6,0,0
Farmer_Drought_Costs_[MEUR],05_06_00_00,D&G,average,100,120.0,0.62,5,6,0,0
Farmer_Drought_Costs_[MEUR],05_06_00_00,D&G&Wp,average,20,10.0,0.3,5,6,0,0
Farmer_Drought_Costs_[MEUR],05_06_00_00,D&G&Wp,average,60,60.0,0.57,5,6,0,0
Farmer_Drought_Costs_[MEUR],05_06_00_00,D&G&Wp,average,100,120.0,0.66,5,6,0,0
Farmer_Drought_Costs_[MEUR],05_06_00_00,D&Wp,average,20,10.0,0.3,5,6,0,0
Farmer_Drought_Costs_[MEUR],05_06_00_00,D&Wp,average,60,60.0,0.59,5,6,0,0
Farmer_Drought_Costs_[MEUR],05_06_00_00,D&Wp,average,100,130.0,0.67,5,6,0,0
Farmer_Drought_Costs_[MEUR],05_06_00_00,G,average,20,10.0,0.29,5,6,0,0
Farmer_Drought_Costs_[MEUR],05_06_00_00,G,average,60,60.0,0.53,5,6,0,0
Farmer_Drought_Costs_[MEUR],05_06_00_00,G,average,100,120.0,0.63,5,6,0,0
Farmer_Drought_Costs_[MEUR],05_06_00_00,G&Wp,average,20,10.0,0.31,5,6,0,0
Farmer_Drought_Costs_[MEUR],05_06_00_00,G&Wp,average,60,70.0,0.61,5,6,0,0
Farmer_Drought_Costs_[MEUR],05_06_00_00,G&Wp,average,100,130.0,0.69,5,6,0,0
Farmer_Drought_Costs_[MEUR],05_06_00_00,Wp,average,20,10.0,0.34,5,6,0,0
Farmer_Drought_Costs_[MEUR],05_06_00_00,Wp,average,60,70.0,0.68,5,6,0,0
Farmer_Drought_Costs_[MEUR],05_06_00_00,Wp,average,100,140.0,0.75,5,6,0,0
Farmer_Drought_Costs_[MEUR],05_07_00_00,D,average,20,10.0,0.31,5,7,0,0
Farmer_Drought_Costs_[MEUR],05_07_00_00,D,average,60,20.0,0.19,5,7,0,0
Farmer_Drought_Costs_[MEUR],05_07_00_00,D,average,100,40.0,0.17,5,7,0,0
Farmer_Drought_Costs_[MEUR],05_07_00_00,D&G,average,20,10.0,0.31,5,7,0,0
Farmer_Drought_Costs_[MEUR],05_07_00_00,D&G,average,60,30.0,0.22,5,7,0,0
Farmer_Drought_Costs_[MEUR],05_07_00_00,D&G,average,100,40.0,0.21,5,7,0,0
Farmer_Drought_Costs_[MEUR],05_07_00_00,D&G&Wp,average,20,10.0,0.34,5,7,0,0
Farmer_Drought_Costs_[MEUR],05_07_00_00,D&G&Wp,average,60,40.0,0.36,5,7,0,0
Farmer_Drought_Costs_[MEUR],05_07_00_00,D&G&Wp,average,100,70.0,0.38,5,7,0,0
Farmer_Drought_Costs_[MEUR],05_07_00_00,D&Wp,average,20,10.0,0.35,5,7,0,0
Farmer_Drought_Costs_[MEUR],05_07_00_00,D&Wp,average,60,50.0,0.41,5,7,0,0
Farmer_Drought_Costs_[MEUR],05_07_00_00,D&Wp,average,100,90.0,0.45,5,7,0,0
Farmer_Drought_Costs_[MEUR],05_07_00_00,G,average,20,10.0,0.31,5,7,0,0
Farmer_Drought_Costs_[MEUR],05_07_00_00,G,average,60,30.0,0.26,5,7,0,0
Farmer_Drought_Costs_[MEUR],05_07_00_00,G,average,100,50.0,0.24,5,7,0,0
Farmer_Drought_Costs_[MEUR],05_07_00_00,G&Wp,average,20,10.0,0.35,5,7,0,0
Farmer_Drought_Costs_[MEUR],05_07_00_00,G&Wp,average,60,50.0,0.44,5,7,0,0
Farmer_Drought_Costs_[MEUR],05_07_00_00,G&Wp,average,100,90.0,0.49,5,7,0,0
Farmer_Drought_Costs_[MEUR],05_07_00_00,Wp,average,20,10.0,0.39,5,7,0,0
Farmer_Drought_Costs_[MEUR],05_07_00_00,Wp,average,60,70.0,0.62,5,7,0,0
Farmer_Drought_Costs_[MEUR],05_07_00_00,Wp,average,100,140.0,0.74,5,7,0,0
Farmer_Drought_Costs_[MEUR],05_08_00_00,D,average,20,10.0,0.26,5,8,0,0
Farmer_Drought_Costs_[MEUR],05_08_00_00,D,average,60,20.0,0.12,5,8,0,0
Farmer_Drought_Costs_[MEUR],05_08_00_00,D,average,100,20.0,0.1,5,8,0,0
Farmer_Drought_Costs_[MEUR],05_08_00_00,D&G,average,20,10.0,0.27,5,8,0,0
Farmer_Drought_Costs_[MEUR],05_08_00_00,D&G,average,60,20.0,0.16,5,8,0,0
Farmer_Drought_Costs_[MEUR],05_08_00_00,D&G,average,100,30.0,0.16,5,8,0,0
Farmer_Drought_Costs_[MEUR],05_08_00_00,D&G&Wp,average,20,10.0,0.27,5,8,0,0
Farmer_Drought_Costs_[MEUR],05_08_00_00,D&G&Wp,average,60,30.0,0.27,5,8,0,0
Farmer_Drought_Costs_[MEUR],05_08_00_00,D&G&Wp,average,100,60.0,0.32,5,8,0,0
Farmer_Drought_Costs_[MEUR],05_08_00_00,D&Wp,average,20,10.0,0.27,5,8,0,0
Farmer_Drought_Costs_[MEUR],05_08_00_00,D&Wp,average,60,40.0,0.31,5,8,0,0
Farmer_Drought_Costs_[MEUR],05_08_00_00,D&Wp,average,100,70.0,0.38,5,8,0,0
Farmer_Drought_Costs_[MEUR],05_08_00_00,G,average,20,10.0,0.27,5,8,0,0
Farmer_Drought_Costs_[MEUR],05_08_00_00,G,average,60,20.0,0.2,5,8,0,0
Farmer_Drought_Costs_[MEUR],05_08_00_00,G,average,100,40.0,0.21,5,8,0,0
Farmer_Drought_Costs_[MEUR],05_08_00_00,G&Wp,average,20,10.0,0.27,5,8,0,0
Farmer_Drought_Costs_[MEUR],05_08_00_00,G&Wp,average,60,40.0,0.34,5,8,0,0
Farmer_Drought_Costs_[MEUR],05_08_00_00,G&Wp,average,100,80.0,0.44,5,8,0,0
Farmer_Drought_Costs_[MEUR],05_08_00_00,Wp,average,20,10.0,0.28,5,8,0,0
Farmer_Drought_Costs_[MEUR],05_08_00_00,Wp,average,60,50.0,0.49,5,8,0,0
Farmer_Drought_Costs_[MEUR],05_08_00_00,Wp,average,100,120.0,0.66,5,8,0,0
Farmer_Drought_Costs_[MEUR],05_09_00_00,D,average,20,10.0,0.02,5,9,0,0
Farmer_Drought_Costs_[MEUR],05_09_00_00,D,average,60,40.0,0.37,5,9,0,0
Farmer_Drought_Costs_[MEUR],05_09_00_00,D,average,100,110.0,0.58,5,9,0,0
Farmer_Drought_Costs_[MEUR],05_09_00_00,D&G,average,20,10.0,0.02,5,9,0,0
Farmer_Drought_Costs_[MEUR],05_09_00_00,D&G,average,60,40.0,0.39,5,9,0,0
Farmer_Drought_Costs_[MEUR],05_09_00_00,D&G,average,100,110.0,0.6,5,9,0,0
Farmer_Drought_Costs_[MEUR],05_09_00_00,D&G&Wp,average,20,10.0,0.02,5,9,0,0
Farmer_Drought_Costs_[MEUR],05_09_00_00,D&G&Wp,average,60,50.0,0.44,5,9,0,0
Farmer_Drought_Costs_[MEUR],05_09_00_00,D&G&Wp,average,100,120.0,0.64,5,9,0,0
Farmer_Drought_Costs_[MEUR],05_09_00_00,D&Wp,average,20,10.0,0.02,5,9,0,0
Farmer_Drought_Costs_[MEUR],05_09_00_00,D&Wp,average,60,50.0,0.45,5,9,0,0
Farmer_Drought_Costs_[MEUR],05_09_00_00,D&Wp,average,100,120.0,0.65,5,9,0,0
Farmer_Drought_Costs_[MEUR],05_09_00_00,G,average,20,10.0,0.02,5,9,0,0
Farmer_Drought_Costs_[MEUR],05_09_00_00,G,average,60,50.0,0.41,5,9,0,0
Farmer_Drought_Costs_[MEUR],05_09_00_00,G,average,100,120.0,0.63,5,9,0,0
Farmer_Drought_Costs_[MEUR],05_09_00_00,G&Wp,average,20,10.0,0.02,5,9,0,0
Farmer_Drought_Costs_[MEUR],05_09_00_00,G&Wp,average,60,50.0,0.47,5,9,0,0
Farmer_Drought_Costs_[MEUR],05_09_00_00,G&Wp,average,100,130.0,0.67,5,9,0,0
Farmer_Drought_Costs_[MEUR],05_09_00_00,Wp,average,20,10.0,0.03,5,9,0,0
Farmer_Drought_Costs_[MEUR],05_09_00_00,Wp,average,60,60.0,0.53,5,9,0,0
Farmer_Drought_Costs_[MEUR],05_09_00_00,Wp,average,100,130.0,0.71,5,9,0,0
Farmer_Drought_Costs_[MEUR],07_00_00_00,D,average,20,0.0,0.0,7,0,0,0
Farmer_Drought_Costs_[MEUR],07_00_00_00,D,average,60,0.0,0.0,7,0,0,0
Farmer_Drought_Costs_[MEUR],07_00_00_00,D,average,100,0.0,0.0,7,0,0,0
Farmer_Drought_Costs_[MEUR],07_00_00_00,D&G,average,20,0.0,0.0,7,0,0,0
Farmer_Drought_Costs_[MEUR],07_00_00_00,D&G,average,60,0.0,0.0,7,0,0,0
Farmer_Drought_Costs_[MEUR],07_00_00_00,D&G,average,100,0.0,0.0,7,0,0,0
Farmer_Drought_Costs_[MEUR],07_00_00_00,D&G&Wp,average,20,0.0,0.0,7,0,0,0
Farmer_Drought_Costs_[MEUR],07_00_00_00,D&G&Wp,average,60,0.0,0.0,7,0,0,0
Farmer_Drought_Costs_[MEUR],07_00_00_00,D&G&Wp,average,100,0.0,0.0,7,0,0,0
Farmer_Drought_Costs_[MEUR],07_00_00_00,D&Wp,average,20,0.0,0.0,7,0,0,0
Farmer_Drought_Costs_[MEUR],07_00_00_00,D&Wp,average,60,0.0,0.0,7,0,0,0
Farmer_Drought_Costs_[MEUR],07_00_00_00,D&Wp,average,100,0.0,0.0,7,0,0,0
Farmer_Drought_Costs_[MEUR],07_00_00_00,G,average,20,0.0,0.0,7,0,0,0
Farmer_Drought_Costs_[MEUR],07_00_00_00,G,average,60,0.0,0.0,7,0,0,0
Farmer_Drought_Costs_[MEUR],07_00_00_00,G,average,100,0.0,0.0,7,0,0,0
Farmer_Drought_Costs_[MEUR],07_00_00_00,G&Wp,average,20,0.0,0.0,7,0,0,0
Farmer_Drought_Costs_[MEUR],07_00_00_00,G&Wp,average,60,0.0,0.0,7,0,0,0
Farmer_Drought_Costs_[MEUR],07_00_00_00,G&Wp,average,100,0.0,0.0,7,0,0,0
Farmer_Drought_Costs_[MEUR],07_00_00_00,Wp,average,20,0.0,0.0,7,0,0,0
Farmer_Drought_Costs_[MEUR],07_00_00_00,Wp,average,60,0.0,0.0,7,0,0,0
Farmer_Drought_Costs_[MEUR],07_00_00_00,Wp,average,100,0.0,0.0,7,0,0,0
Farmer_Drought_Costs_[MEUR],07_01_00_00,D,average,20,10.0,0.08,7,1,0,0
Farmer_Drought_Costs_[MEUR],07_01_00_00,D,average,60,40.0,0.34,7,1,0,0
Farmer_Drought_Costs_[MEUR],07_01_00_00,D,average,100,80.0,0.42,7,1,0,0
Farmer_Drought_Costs_[MEUR],07_01_00_00,D&G,average,20,10.0,0.09,7,1,0,0
Farmer_Drought_Costs_[MEUR],07_01_00_00,D&G,average,60,40.0,0.36,7,1,0,0
Farmer_Drought_Costs_[MEUR],07_01_00_00,D&G,average,100,90.0,0.47,7,1,0,0
Farmer_Drought_Costs_[MEUR],07_01_00_00,D&G&Wp,average,20,10.0,0.1,7,1,0,0
Farmer_Drought_Costs_[MEUR],07_01_00_00,D&G&Wp,average,60,50.0,0.42,7,1,0,0
Farmer_Drought_Costs_[MEUR],07_01_00_00,D&G&Wp,average,100,100.0,0.54,7,1,0,0
Farmer_Drought_Costs_[MEUR],07_01_00_00,D&Wp,average,20,10.0,0.1,7,1,0,0
Farmer_Drought_Costs_[MEUR],07_01_00_00,D&Wp,average,60,50.0,0.44,7,1,0,0
Farmer_Drought_Costs_[MEUR],07_01_00_00,D&Wp,average,100,100.0,0.55,7,1,0,0
Farmer_Drought_Costs_[MEUR],07_01_00_00,G,average,20,10.0,0.1,7,1,0,0
Farmer_Drought_Costs_[MEUR],07_01_00_00,G,average,60,40.0,0.38,7,1,0,0
Farmer_Drought_Costs_[MEUR],07_01_00_00,G,average,100,100.0,0.51,7,1,0,0
Farmer_Drought_Costs_[MEUR],07_01_00_00,G&Wp,average,20,10.0,0.11,7,1,0,0
Farmer_Drought_Costs_[MEUR],07_01_00_00,G&Wp,average,60,50.0,0.46,7,1,0,0
Farmer_Drought_Costs_[MEUR],07_01_00_00,G&Wp,average,100,110.0,0.59,7,1,0,0
Farmer_Drought_Costs_[MEUR],07_01_00_00,Wp,average,20,10.0,0.12,7,1,0,0
Farmer_Drought_Costs_[MEUR],07_01_00_00,Wp,average,60,60.0,0.54,7,1,0,0
Farmer_Drought_Costs_[MEUR],07_01_00_00,Wp,average,100,130.0,0.68,7,1,0,0
Farmer_Drought_Costs_[MEUR],07_03_00_00,D,average,20,10.0,0.21,7,3,0,0
Farmer_Drought_Costs_[MEUR],07_03_00_00,D,average,60,40.0,0.32,7,3,0,0
Farmer_Drought_Costs_[MEUR],07_03_00_00,D,average,100,80.0,0.41,7,3,0,0
Farmer_Drought_Costs_[MEUR],07_03_00_00,D&G,average,20,10.0,0.21,7,3,0,0
Farmer_Drought_Costs_[MEUR],07_03_00_00,D&G,average,60,40.0,0.35,7,3,0,0
Farmer_Drought_Costs_[MEUR],07_03_00_00,D&G,average,100,90.0,0.46,7,3,0,0
Farmer_Drought_Costs_[MEUR],07_03_00_00,D&G&Wp,average,20,10.0,0.21,7,3,0,0
Farmer_Drought_Costs_[MEUR],07_03_00_00,D&G&Wp,average,60,50.0,0.41,7,3,0,0
Farmer_Drought_Costs_[MEUR],07_03_00_00,D&G&Wp,average,100,100.0,0.53,7,3,0,0
Farmer_Drought_Costs_[MEUR],07_03_00_00,D&Wp,average,20,10.0,0.21,7,3,0,0
Farmer_Drought_Costs_[MEUR],07_03_00_00,D&Wp,average,60,50.0,0.43,7,3,0,0
Farmer_Drought_Costs_[MEUR],07_03_00_00,D&Wp,average,100,100.0,0.54,7,3,0,0
Farmer_Drought_Costs_[MEUR],07_03_00_00,G,average,20,10.0,0.21,7,3,0,0
Farmer_Drought_Costs_[MEUR],07_03_00_00,G,average,60,40.0,0.37,7,3,0,0
Farmer_Drought_Costs_[MEUR],07_03_00_00,G,average,100,100.0,0.5,7,3,0,0
Farmer_Drought_Costs_[MEUR],07_03_00_00,G&Wp,average,20,10.0,0.21,7,3,0,0
Farmer_Drought_Costs_[MEUR],07_03_00_00,G&Wp,average,60,50.0,0.45,7,3,0,0
Farmer_Drought_Costs_[MEUR],07_03_00_00,G&Wp,average,100,110.0,0.59,7,3,0,0
Farmer_Drought_Costs_[MEUR],07_03_00_00,Wp,average,20,10.0,0.21,7,3,0,0
Farmer_Drought_Costs_[MEUR],07_03_00_00,Wp,average,60,60.0,0.54,7,3,0,0
Farmer_Drought_Costs_[MEUR],07_03_00_00,Wp,average,100,130.0,0.67,7,3,0,0
Farmer_Drought_Costs_[MEUR],07_05_00_00,D,average,20,10.0,0.32,7,5,0,0
Farmer_Drought_Costs_[MEUR],07_05_00_00,D,average,60,70.0,0.68,7,5,0,0
Farmer_Drought_Costs_[MEUR],07_05_00_00,D,average,100,140.0,0.74,7,5,0,0
Farmer_Drought_Costs_[MEUR],07_05_00_00,D&G,average,20,10.0,0.34,7,5,0,0
Farmer_Drought_Costs_[MEUR],07_05_00_00,D&G,average,60,80.0,0.72,7,5,0,0
Farmer_Drought_Costs_[MEUR],07_05_00_00,D&G,average,100,140.0,0.77,7,5,0,0
Farmer_Drought_Costs_[MEUR],07_05_00_00,D&G&Wp,average,20,10.0,0.39,7,5,0,0
Farmer_Drought_Costs_[MEUR],07_05_00_00,D&G&Wp,average,60,80.0,0.75,7,5,0,0
Farmer_Drought_Costs_[MEUR],07_05_00_00,D&G&Wp,average,100,150.0,0.8,7,5,0,0
Farmer_Drought_Costs_[MEUR],07_05_00_00,D&Wp,average,20,10.0,0.4,7,5,0,0
Farmer_Drought_Costs_[MEUR],07_05_00_00,D&Wp,average,60,80.0,0.76,7,5,0,0
Farmer_Drought_Costs_[MEUR],07_05_00_00,D&Wp,average,100,150.0,0.8,7,5,0,0
Farmer_Drought_Costs_[MEUR],07_05_00_00,G,average,20,10.0,0.37,7,5,0,0
Farmer_Drought_Costs_[MEUR],07_05_00_00,G,average,60,80.0,0.75,7,5,0,0
Farmer_Drought_Costs_[MEUR],07_05_00_00,G,average,100,150.0,0.79,7,5,0,0
Farmer_Drought_Costs_[MEUR],07_05_00_00,G&Wp,average,20,20.0,0.42,7,5,0,0
Farmer_Drought_Costs_[MEUR],07_05_00_00,G&Wp,average,60,80.0,0.79,7,5,0,0
Farmer_Drought_Costs_[MEUR],07_05_00_00,G&Wp,average,100,150.0,0.83,7,5,0,0
Farmer_Drought_Costs_[MEUR],07_05_00_00,Wp,average,20,20.0,0.48,7,5,0,0
Farmer_Drought_Costs_[MEUR],07_05_00_00,Wp,average,60,90.0,0.83,7,5,0,0
Farmer_Drought_Costs_[MEUR],07_05_00_00,Wp,average,100,160.0,0.86,7,5,0,0
Farmer_Drought_Costs_[MEUR],07_06_00_00,D,average,20,10.0,0.26,7,6,0,0
Farmer_Drought_Costs_[MEUR],07_06_00_00,D,average,60,50.0,0.5,7,6,0,0
Farmer_Drought_Costs_[MEUR],07_06_00_00,D,average,100,110.0,0.6,7,6,0,0
Farmer_Drought_Costs_[MEUR],07_06_00_00,D&G,average,20,10.0,0.28,7,6,0,0
Farmer_Drought_Costs_[MEUR],07_06_00_00,D&G,average,60,60.0,0.52,7,6,0,0
Farmer_Drought_Costs_[MEUR],07_06_00_00,D&G,average,100,120.0,0.62,7,6,0,0
Farmer_Drought_Costs_[MEUR],07_06_00_00,D&G&Wp,average,20,10.0,0.3,7,6,0,0
Farmer_Drought_Costs_[MEUR],07_06_00_00,D&G&Wp,average,60,60.0,0.57,7,6,0,0
Farmer_Drought_Costs_[MEUR],07_06_00_00,D&G&Wp,average,100,120.0,0.66,7,6,0,0
Farmer_Drought_Costs_[MEUR],07_06_00_00,D&Wp,average,20,10.0,0.3,7,6,0,0
Farmer_Drought_Costs_[MEUR],07_06_00_00,D&Wp,average,60,60.0,0.59,7,6,0,0
Farmer_Drought_Costs_[MEUR],07_06_00_00,D&Wp,average,100,130.0,0.67,7,6,0,0
Farmer_Drought_Costs_[MEUR],07_06_00_00,G,average,20,10.0,0.29,7,6,0,0
Farmer_Drought_Costs_[MEUR],07_06_00_00,G,average,60,60.0,0.53,7,6,0,0
Farmer_Drought_Costs_[MEUR],07_06_00_00,G,average,100,120.0,0.63,7,6,0,0
Farmer_Drought_Costs_[MEUR],07_06_00_00,G&Wp,average,20,10.0,0.31,7,6,0,0
Farmer_Drought_Costs_[MEUR],07_06_00_00,G&Wp,average,60,70.0,0.61,7,6,0,0
Farmer_Drought_Costs_[MEUR],07_06_00_00,G&Wp,average,100,130.0,0.69,7,6,0,0
Farmer_Drought_Costs_[MEUR],07_06_00_00,Wp,average,20,10.0,0.34,7,6,0,0
Farmer_Drought_Costs_[MEUR],07_06_00_00,Wp,average,60,70.0,0.68,7,6,0,0
Farmer_Drought_Costs_[MEUR],07_06_00_00,Wp,average,100,140.0,0.75,7,6,0,0
Farmer_Drought_Costs_[MEUR],07_07_00_00,D,average,20,10.0,0.31,7,7,0,0
Farmer_Drought_Costs_[MEUR],07_07_00_00,D,average,60,20.0,0.19,7,7,0,0
Farmer_Drought_Costs_[MEUR],07_07_00_00,D,average,100,40.0,0.17,7,7,0,0
Farmer_Drought_Costs_[MEUR],07_07_00_00,D&G,average,20,10.0,0.31,7,7,0,0
Farmer_Drought_Costs_[MEUR],07_07_00_00,D&G,average,60,30.0,0.22,7,7,0,0
Farmer_Drought_Costs_[MEUR],07_07_00_00,D&G,average,100,40.0,0.21,7,7,0,0
Farmer_Drought_Costs_[MEUR],07_07_00_00,D&G&Wp,average,20,10.0,0.34,7,7,0,0
Farmer_Drought_Costs_[MEUR],07_07_00_00,D&G&Wp,average,60,40.0,0.36,7,7,0,0
Farmer_Drought_Costs_[MEUR],07_07_00_00,D&G&Wp,average,100,70.0,0.38,7,7,0,0
Farmer_Drought_Costs_[MEUR],07_07_00_00,D&Wp,average,20,10.0,0.35,7,7,0,0
Farmer_Drought_Costs_[MEUR],07_07_00_00,D&Wp,average,60,50.0,0.41,7,7,0,0
Farmer_Drought_Costs_[MEUR],07_07_00_00,D&Wp,average,100,90.0,0.46,7,7,0,0
Farmer_Drought_Costs_[MEUR],07_07_00_00,G,average,20,10.0,0.31,7,7,0,0
Farmer_Drought_Costs_[MEUR],07_07_00_00,G,average,60,30.0,0.26,7,7,0,0
Farmer_Drought_Costs_[MEUR],07_07_00_00,G,average,100,50.0,0.24,7,7,0,0
Farmer_Drought_Costs_[MEUR],07_07_00_00,G&Wp,average,20,10.0,0.35,7,7,0,0
Farmer_Drought_Costs_[MEUR],07_07_00_00,G&Wp,average,60,50.0,0.44,7,7,0,0
Farmer_Drought_Costs_[MEUR],07_07_00_00,G&Wp,average,100,90.0,0.49,7,7,0,0
Farmer_Drought_Costs_[MEUR],07_07_00_00,Wp,average,20,10.0,0.39,7,7,0,0
Farmer_Drought_Costs_[MEUR],07_07_00_00,Wp,average,60,70.0,0.62,7,7,0,0
Farmer_Drought_Costs_[MEUR],07_07_00_00,Wp,average,100,140.0,0.74,7,7,0,0
Farmer_Drought_Costs_[MEUR],07_08_00_00,D,average,20,10.0,0.26,7,8,0,0
Farmer_Drought_Costs_[MEUR],07_08_00_00,D,average,60,20.0,0.12,7,8,0,0
Farmer_Drought_Costs_[MEUR],07_08_00_00,D,average,100,20.0,0.1,7,8,0,0
Farmer_Drought_Costs_[MEUR],07_08_00_00,D&G,average,20,10.0,0.27,7,8,0,0
Farmer_Drought_Costs_[MEUR],07_08_00_00,D&G,average,60,20.0,0.16,7,8,0,0
Farmer_Drought_Costs_[MEUR],07_08_00_00,D&G,average,100,30.0,0.15,7,8,0,0
Farmer_Drought_Costs_[MEUR],07_08_00_00,D&G&Wp,average,20,10.0,0.27,7,8,0,0
Farmer_Drought_Costs_[MEUR],07_08_00_00,D&G&Wp,average,60,30.0,0.27,7,8,0,0
Farmer_Drought_Costs_[MEUR],07_08_00_00,D&G&Wp,average,100,60.0,0.33,7,8,0,0
Farmer_Drought_Costs_[MEUR],07_08_00_00,D&Wp,average,20,10.0,0.27,7,8,0,0
Farmer_Drought_Costs_[MEUR],07_08_00_00,D&Wp,average,60,40.0,0.31,7,8,0,0
Farmer_Drought_Costs_[MEUR],07_08_00_00,D&Wp,average,100,70.0,0.38,7,8,0,0
Farmer_Drought_Costs_[MEUR],07_08_00_00,G,average,20,10.0,0.27,7,8,0,0
Farmer_Drought_Costs_[MEUR],07_08_00_00,G,average,60,30.0,0.2,7,8,0,0
Farmer_Drought_Costs_[MEUR],07_08_00_00,G,average,100,40.0,0.21,7,8,0,0
Farmer_Drought_Costs_[MEUR],07_08_00_00,G&Wp,average,20,10.0,0.27,7,8,0,0
Farmer_Drought_Costs_[MEUR],07_08_00_00,G&Wp,average,60,40.0,0.35,7,8,0,0
Farmer_Drought_Costs_[MEUR],07_08_00_00,G&Wp,average,100,80.0,0.44,7,8,0,0
Farmer_Drought_Costs_[MEUR],07_08_00_00,Wp,average,20,10.0,0.28,7,8,0,0
Farmer_Drought_Costs_[MEUR],07_08_00_00,Wp,average,60,50.0,0.5,7,8,0,0
Farmer_Drought_Costs_[MEUR],07_08_00_00,Wp,average,100,130.0,0.67,7,8,0,0
Farmer_Drought_Costs_[MEUR],07_09_00_00,D,average,20,10.0,0.02,7,9,0,0
Farmer_Drought_Costs_[MEUR],07_09_00_00,D,average,60,40.0,0.37,7,9,0,0
Farmer_Drought_Costs_[MEUR],07_09_00_00,D,average,100,110.0,0.58,7,9,0,0
Farmer_Drought_Costs_[MEUR],07_09_00_00,D&G,average,20,10.0,0.02,7,9,0,0
Farmer_Drought_Costs_[MEUR],07_09_00_00,D&G,average,60,40.0,0.39,7,9,0,0
Farmer_Drought_Costs_[MEUR],07_09_00_00,D&G,average,100,110.0,0.61,7,9,0,0
Farmer_Drought_Costs_[MEUR],07_09_00_00,D&G&Wp,average,20,10.0,0.02,7,9,0,0
Farmer_Drought_Costs_[MEUR],07_09_00_00,D&G&Wp,average,60,50.0,0.44,7,9,0,0
Farmer_Drought_Costs_[MEUR],07_09_00_00,D&G&Wp,average,100,120.0,0.64,7,9,0,0
Farmer_Drought_Costs_[MEUR],07_09_00_00,D&Wp,average,20,10.0,0.02,7,9,0,0
Farmer_Drought_Costs_[MEUR],07_09_00_00,D&Wp,average,60,50.0,0.46,7,9,0,0
Farmer_Drought_Costs_[MEUR],07_09_00_00,D&Wp,average,100,120.0,0.65,7,9,0,0
Farmer_Drought_Costs_[MEUR],07_09_00_00,G,average,20,10.0,0.02,7,9,0,0
Farmer_Drought_Costs_[MEUR],07_09_00_00,G,average,60,50.0,0.41,7,9,0,0
Farmer_Drought_Costs_[MEUR],07_09_00_00,G,average,100,120.0,0.63,7,9,0,0
Farmer_Drought_Costs_[MEUR],07_09_00_00,G&Wp,average,20,10.0,0.02,7,9,0,0
Farmer_Drought_Costs_[MEUR],07_09_00_00,G&Wp,average,60,50.0,0.47,7,9,0,0
Farmer_Drought_Costs_[MEUR],07_09_00_00,G&Wp,average,100,130.0,0.67,7,9,0,0
Farmer_Drought_Costs_[MEUR],07_09_00_00,Wp,average,20,10.0,0.03,7,9,0,0
Farmer_Drought_Costs_[MEUR],07_09_00_00,Wp,average,60,60.0,0.54,7,9,0,0
Farmer_Drought_Costs_[MEUR],07_09_00_00,Wp,average,100,130.0,0.71,7,9,0,0
Farmer_Drought_Costs_[MEUR],09_00_00_00,D,average,20,0.0,0.0,9,0,0,0
Farmer_Drought_Costs_[MEUR],09_00_00_00,D,average,60,0.0,0.0,9,0,0,0
Farmer_Drought_Costs_[MEUR],09_00_00_00,D,average,100,0.0,0.0,9,0,0,0
Farmer_Drought_Costs_[MEUR],09_00_00_00,D&G,average,20,0.0,0.0,9,0,0,0
Farmer_Drought_Costs_[MEUR],09_00_00_00,D&G,average,60,0.0,0.0,9,0,0,0
Farmer_Drought_Costs_[MEUR],09_00_00_00,D&G,average,100,0.0,0.0,9,0,0,0
Farmer_Drought_Costs_[MEUR],09_00_00_00,D&G&Wp,average,20,0.0,0.0,9,0,0,0
Farmer_Drought_Costs_[MEUR],09_00_00_00,D&G&Wp,average,60,0.0,0.0,9,0,0,0
Farmer_Drought_Costs_[MEUR],09_00_00_00,D&G&Wp,average,100,0.0,0.0,9,0,0,0
Farmer_Drought_Costs_[MEUR],09_00_00_00,D&Wp,average,20,0.0,0.0,9,0,0,0
Farmer_Drought_Costs_[MEUR],09_00_00_00,D&Wp,average,60,0.0,0.0,9,0,0,0
Farmer_Drought_Costs_[MEUR],09_00_00_00,D&Wp,average,100,0.0,0.0,9,0,0,0
Farmer_Drought_Costs_[MEUR],09_00_00_00,G,average,20,0.0,0.0,9,0,0,0
Farmer_Drought_Costs_[MEUR],09_00_00_00,G,average,60,0.0,0.0,9,0,0,0
Farmer_Drought_Costs_[MEUR],09_00_00_00,G,average,100,0.0,0.0,9,0,0,0
Farmer_Drought_Costs_[MEUR],09_00_00_00,G&Wp,average,20,0.0,0.0,9,0,0,0
Farmer_Drought_Costs_[MEUR],09_00_00_00,G&Wp,average,60,0.0,0.0,9,0,0,0
Farmer_Drought_Costs_[MEUR],09_00_00_00,G&Wp,average,100,0.0,0.0,9,0,0,0
Farmer_Drought_Costs_[MEUR],09_00_00_00,Wp,average,20,0.0,0.0,9,0,0,0
Farmer_Drought_Costs_[MEUR],09_00_00_00,Wp,average,60,0.0,0.0,9,0,0,0
Farmer_Drought_Costs_[MEUR],09_00_00_00,Wp,average,100,0.0,0.0,9,0,0,0
Farmer_Drought_Costs_[MEUR],09_01_00_00,D,average,20,10.0,0.08,9,1,0,0
Farmer_Drought_Costs_[MEUR],09_01_00_00,D,average,60,40.0,0.35,9,1,0,0
Farmer_Drought_Costs_[MEUR],09_01_00_00,D,average,100,80.0,0.41,9,1,0,0
Farmer_Drought_Costs_[MEUR],09_01_00_00,D&G,average,20,10.0,0.09,9,1,0,0
Farmer_Drought_Costs_[MEUR],09_01_00_00,D&G,average,60,40.0,0.37,9,1,0,0
Farmer_Drought_Costs_[MEUR],09_01_00_00,D&G,average,100,90.0,0.46,9,1,0,0
Farmer_Drought_Costs_[MEUR],09_01_00_00,D&G&Wp,average,20,10.0,0.1,9,1,0,0
Farmer_Drought_Costs_[MEUR],09_01_00_00,D&G&Wp,average,60,50.0,0.43,9,1,0,0
Farmer_Drought_Costs_[MEUR],09_01_00_00,D&G&Wp,average,100,100.0,0.53,9,1,0,0
Farmer_Drought_Costs_[MEUR],09_01_00_00,D&Wp,average,20,10.0,0.1,9,1,0,0
Farmer_Drought_Costs_[MEUR],09_01_00_00,D&Wp,average,60,50.0,0.45,9,1,0,0
Farmer_Drought_Costs_[MEUR],09_01_00_00,D&Wp,average,100,100.0,0.55,9,1,0,0
Farmer_Drought_Costs_[MEUR],09_01_00_00,G,average,20,10.0,0.1,9,1,0,0
Farmer_Drought_Costs_[MEUR],09_01_00_00,G,average,60,40.0,0.39,9,1,0,0
Farmer_Drought_Costs_[MEUR],09_01_00_00,G,average,100,100.0,0.5,9,1,0,0
Farmer_Drought_Costs_[MEUR],09_01_00_00,G&Wp,average,20,10.0,0.11,9,1,0,0
Farmer_Drought_Costs_[MEUR],09_01_00_00,G&Wp,average,60,50.0,0.47,9,1,0,0
Farmer_Drought_Costs_[MEUR],09_01_00_00,G&Wp,average,100,110.0,0.59,9,1,0,0
Farmer_Drought_Costs_[MEUR],09_01_00_00,Wp,average,20,10.0,0.12,9,1,0,0
Farmer_Drought_Costs_[MEUR],09_01_00_00,Wp,average,60,60.0,0.56,9,1,0,0
Farmer_Drought_Costs_[MEUR],09_01_00_00,Wp,average,100,130.0,0.69,9,1,0,0
Farmer_Drought_Costs_[MEUR],09_03_00_00,D,average,20,10.0,0.21,9,3,0,0
Farmer_Drought_Costs_[MEUR],09_03_00_00,D,average,60,40.0,0.34,9,3,0,0
Farmer_Drought_Costs_[MEUR],09_03_00_00,D,average,100,80.0,0.4,9,3,0,0
Farmer_Drought_Costs_[MEUR],09_03_00_00,D&G,average,20,10.0,0.21,9,3,0,0
Farmer_Drought_Costs_[MEUR],09_03_00_00,D&G,average,60,40.0,0.36,9,3,0,0
Farmer_Drought_Costs_[MEUR],09_03_00_00,D&G,average,100,90.0,0.45,9,3,0,0
Farmer_Drought_Costs_[MEUR],09_03_00_00,D&G&Wp,average,20,10.0,0.21,9,3,0,0
Farmer_Drought_Costs_[MEUR],09_03_00_00,D&G&Wp,average,60,50.0,0.42,9,3,0,0
Farmer_Drought_Costs_[MEUR],09_03_00_00,D&G&Wp,average,100,100.0,0.53,9,3,0,0
Farmer_Drought_Costs_[MEUR],09_03_00_00,D&Wp,average,20,10.0,0.21,9,3,0,0
Farmer_Drought_Costs_[MEUR],09_03_00_00,D&Wp,average,60,50.0,0.44,9,3,0,0
Farmer_Drought_Costs_[MEUR],09_03_00_00,D&Wp,average,100,100.0,0.54,9,3,0,0
Farmer_Drought_Costs_[MEUR],09_03_00_00,G,average,20,10.0,0.21,9,3,0,0
Farmer_Drought_Costs_[MEUR],09_03_00_00,G,average,60,40.0,0.38,9,3,0,0
Farmer_Drought_Costs_[MEUR],09_03_00_00,G,average,100,90.0,0.5,9,3,0,0
Farmer_Drought_Costs_[MEUR],09_03_00_00,G&Wp,average,20,10.0,0.21,9,3,0,0
Farmer_Drought_Costs_[MEUR],09_03_00_00,G&Wp,average,60,50.0,0.47,9,3,0,0
Farmer_Drought_Costs_[MEUR],09_03_00_00,G&Wp,average,100,110.0,0.59,9,3,0,0
Farmer_Drought_Costs_[MEUR],09_03_00_00,Wp,average,20,10.0,0.21,9,3,0,0
Farmer_Drought_Costs_[MEUR],09_03_00_00,Wp,average,60,60.0,0.55,9,3,0,0
Farmer_Drought_Costs_[MEUR],09_03_00_00,Wp,average,100,130.0,0.69,9,3,0,0
Farmer_Drought_Costs_[MEUR],09_05_00_00,D,average,20,10.0,0.32,9,5,0,0
Farmer_Drought_Costs_[MEUR],09_05_00_00,D,average,60,70.0,0.68,9,5,0,0
Farmer_Drought_Costs_[MEUR],09_05_00_00,D,average,100,140.0,0.74,9,5,0,0
Farmer_Drought_Costs_[MEUR],09_05_00_00,D&G,average,20,10.0,0.34,9,5,0,0
Farmer_Drought_Costs_[MEUR],09_05_00_00,D&G,average,60,80.0,0.72,9,5,0,0
Farmer_Drought_Costs_[MEUR],09_05_00_00,D&G,average,100,140.0,0.77,9,5,0,0
Farmer_Drought_Costs_[MEUR],09_05_00_00,D&G&Wp,average,20,10.0,0.39,9,5,0,0
Farmer_Drought_Costs_[MEUR],09_05_00_00,D&G&Wp,average,60,80.0,0.75,9,5,0,0
Farmer_Drought_Costs_[MEUR],09_05_00_00,D&G&Wp,average,100,150.0,0.8,9,5,0,0
Farmer_Drought_Costs_[MEUR],09_05_00_00,D&Wp,average,20,10.0,0.4,9,5,0,0
Farmer_Drought_Costs_[MEUR],09_05_00_00,D&Wp,average,60,80.0,0.76,9,5,0,0
Farmer_Drought_Costs_[MEUR],09_05_00_00,D&Wp,average,100,150.0,0.8,9,5,0,0
Farmer_Drought_Costs_[MEUR],09_05_00_00,G,average,20,10.0,0.37,9,5,0,0
Farmer_Drought_Costs_[MEUR],09_05_00_00,G,average,60,80.0,0.75,9,5,0,0
Farmer_Drought_Costs_[MEUR],09_05_00_00,G,average,100,150.0,0.79,9,5,0,0
Farmer_Drought_Costs_[MEUR],09_05_00_00,G&Wp,average,20,20.0,0.42,9,5,0,0
Farmer_Drought_Costs_[MEUR],09_05_00_00,G&Wp,average,60,80.0,0.79,9,5,0,0
Farmer_Drought_Costs_[MEUR],09_05_00_00,G&Wp,average,100,150.0,0.82,9,5,0,0
Farmer_Drought_Costs_[MEUR],09_05_00_00,Wp,average,20,20.0,0.48,9,5,0,0
Farmer_Drought_Costs_[MEUR],09_05_00_00,Wp,average,60,90.0,0.83,9,5,0,0
Farmer_Drought_Costs_[MEUR],09_05_00_00,Wp,average,100,160.0,0.86,9,5,0,0
Farmer_Drought_Costs_[MEUR],09_06_00_00,D,average,20,10.0,0.26,9,6,0,0
Farmer_Drought_Costs_[MEUR],09_06_00_00,D,average,60,50.0,0.5,9,6,0,0
Farmer_Drought_Costs_[MEUR],09_06_00_00,D,average,100,110.0,0.6,9,6,0,0
Farmer_Drought_Costs_[MEUR],09_06_00_00,D&G,average,20,10.0,0.28,9,6,0,0
Farmer_Drought_Costs_[MEUR],09_06_00_00,D&G,average,60,60.0,0.52,9,6,0,0
Farmer_Drought_Costs_[MEUR],09_06_00_00,D&G,average,100,120.0,0.61,9,6,0,0
Farmer_Drought_Costs_[MEUR],09_06_00_00,D&G&Wp,average,20,10.0,0.3,9,6,0,0
Farmer_Drought_Costs_[MEUR],09_06_00_00,D&G&Wp,average,60,60.0,0.57,9,6,0,0
Farmer_Drought_Costs_[MEUR],09_06_00_00,D&G&Wp,average,100,120.0,0.66,9,6,0,0
Farmer_Drought_Costs_[MEUR],09_06_00_00,D&Wp,average,20,10.0,0.3,9,6,0,0
Farmer_Drought_Costs_[MEUR],09_06_00_00,D&Wp,average,60,60.0,0.59,9,6,0,0
Farmer_Drought_Costs_[MEUR],09_06_00_00,D&Wp,average,100,130.0,0.67,9,6,0,0
Farmer_Drought_Costs_[MEUR],09_06_00_00,G,average,20,10.0,0.29,9,6,0,0
Farmer_Drought_Costs_[MEUR],09_06_00_00,G,average,60,60.0,0.53,9,6,0,0
Farmer_Drought_Costs_[MEUR],09_06_00_00,G,average,100,120.0,0.63,9,6,0,0
Farmer_Drought_Costs_[MEUR],09_06_00_00,G&Wp,average,20,10.0,0.31,9,6,0,0
Farmer_Drought_Costs_[MEUR],09_06_00_00,G&Wp,average,60,70.0,0.61,9,6,0,0
Farmer_Drought_Costs_[MEUR],09_06_00_00,G&Wp,average,100,130.0,0.69,9,6,0,0
Farmer_Drought_Costs_[MEUR],09_06_00_00,Wp,average,20,10.0,0.34,9,6,0,0
Farmer_Drought_Costs_[MEUR],09_06_00_00,Wp,average,60,70.0,0.68,9,6,0,0
Farmer_Drought_Costs_[MEUR],09_06_00_00,Wp,average,100,140.0,0.75,9,6,0,0
Farmer_Drought_Costs_[MEUR],09_07_00_00,D,average,20,10.0,0.31,9,7,0,0
Farmer_Drought_Costs_[MEUR],09_07_00_00,D,average,60,20.0,0.19,9,7,0,0
Farmer_Drought_Costs_[MEUR],09_07_00_00,D,average,100,40.0,0.17,9,7,0,0
Farmer_Drought_Costs_[MEUR],09_07_00_00,D&G,average,20,10.0,0.31,9,7,0,0
Farmer_Drought_Costs_[MEUR],09_07_00_00,D&G,average,60,30.0,0.22,9,7,0,0
Farmer_Drought_Costs_[MEUR],09_07_00_00,D&G,average,100,40.0,0.21,9,7,0,0
Farmer_Drought_Costs_[MEUR],09_07_00_00,D&G&Wp,average,20,10.0,0.34,9,7,0,0
Farmer_Drought_Costs_[MEUR],09_07_00_00,D&G&Wp,average,60,40.0,0.36,9,7,0,0
Farmer_Drought_Costs_[MEUR],09_07_00_00,D&G&Wp,average,100,70.0,0.38,9,7,0,0
Farmer_Drought_Costs_[MEUR],09_07_00_00,D&Wp,average,20,10.0,0.35,9,7,0,0
Farmer_Drought_Costs_[MEUR],09_07_00_00,D&Wp,average,60,50.0,0.41,9,7,0,0
Farmer_Drought_Costs_[MEUR],09_07_00_00,D&Wp,average,100,90.0,0.46,9,7,0,0
Farmer_Drought_Costs_[MEUR],09_07_00_00,G,average,20,10.0,0.31,9,7,0,0
Farmer_Drought_Costs_[MEUR],09_07_00_00,G,average,60,30.0,0.26,9,7,0,0
Farmer_Drought_Costs_[MEUR],09_07_00_00,G,average,100,50.0,0.24,9,7,0,0
Farmer_Drought_Costs_[MEUR],09_07_00_00,G&Wp,average,20,10.0,0.35,9,7,0,0
Farmer_Drought_Costs_[MEUR],09_07_00_00,G&Wp,average,60,50.0,0.44,9,7,0,0
Farmer_Drought_Costs_[MEUR],09_07_00_00,G&Wp,average,100,90.0,0.49,9,7,0,0
Farmer_Drought_Costs_[MEUR],09_07_00_00,Wp,average,20,10.0,0.39,9,7,0,0
Farmer_Drought_Costs_[MEUR],09_07_00_00,Wp,average,60,70.0,0.62,9,7,0,0
Farmer_Drought_Costs_[MEUR],09_07_00_00,Wp,average,100,140.0,0.74,9,7,0,0
Farmer_Drought_Costs_[MEUR],09_08_00_00,D,average,20,10.0,0.26,9,8,0,0
Farmer_Drought_Costs_[MEUR],09_08_00_00,D,average,60,20.0,0.12,9,8,0,0
Farmer_Drought_Costs_[MEUR],09_08_00_00,D,average,100,20.0,0.1,9,8,0,0
Farmer_Drought_Costs_[MEUR],09_08_00_00,D&G,average,20,10.0,0.27,9,8,0,0
Farmer_Drought_Costs_[MEUR],09_08_00_00,D&G,average,60,20.0,0.16,9,8,0,0
Farmer_Drought_Costs_[MEUR],09_08_00_00,D&G,average,100,30.0,0.16,9,8,0,0
Farmer_Drought_Costs_[MEUR],09_08_00_00,D&G&Wp,average,20,10.0,0.27,9,8,0,0
Farmer_Drought_Costs_[MEUR],09_08_00_00,D&G&Wp,average,60,30.0,0.27,9,8,0,0
Farmer_Drought_Costs_[MEUR],09_08_00_00,D&G&Wp,average,100,60.0,0.33,9,8,0,0
Farmer_Drought_Costs_[MEUR],09_08_00_00,D&Wp,average,20,10.0,0.27,9,8,0,0
Farmer_Drought_Costs_[MEUR],09_08_00_00,D&Wp,average,60,40.0,0.31,9,8,0,0
Farmer_Drought_Costs_[MEUR],09_08_00_00,D&Wp,average,100,70.0,0.39,9,8,0,0
Farmer_Drought_Costs_[MEUR],09_08_00_00,G,average,20,10.0,0.27,9,8,0,0
Farmer_Drought_Costs_[MEUR],09_08_00_00,G,average,60,20.0,0.2,9,8,0,0
Farmer_Drought_Costs_[MEUR],09_08_00_00,G,average,100,40.0,0.21,9,8,0,0
Farmer_Drought_Costs_[MEUR],09_08_00_00,G&Wp,average,20,10.0,0.27,9,8,0,0
Farmer_Drought_Costs_[MEUR],09_08_00_00,G&Wp,average,60,40.0,0.35,9,8,0,0
Farmer_Drought_Costs_[MEUR],09_08_00_00,G&Wp,average,100,80.0,0.44,9,8,0,0
Farmer_Drought_Costs_[MEUR],09_08_00_00,Wp,average,20,10.0,0.28,9,8,0,0
Farmer_Drought_Costs_[MEUR],09_08_00_00,Wp,average,60,60.0,0.5,9,8,0,0
Farmer_Drought_Costs_[MEUR],09_08_00_00,Wp,average,100,130.0,0.68,9,8,0,0
Farmer_Drought_Costs_[MEUR],09_09_00_00,D,average,20,10.0,0.02,9,9,0,0
Farmer_Drought_Costs_[MEUR],09_09_00_00,D,average,60,40.0,0.36,9,9,0,0
Farmer_Drought_Costs_[MEUR],09_09_00_00,D,average,100,110.0,0.56,9,9,0,0
Farmer_Drought_Costs_[MEUR],09_09_00_00,D&G,average,20,10.0,0.02,9,9,0,0
Farmer_Drought_Costs_[MEUR],09_09_00_00,D&G,average,60,40.0,0.39,9,9,0,0
Farmer_Drought_Costs_[MEUR],09_09_00_00,D&G,average,100,110.0,0.6,9,9,0,0
Farmer_Drought_Costs_[MEUR],09_09_00_00,D&G&Wp,average,20,10.0,0.02,9,9,0,0
Farmer_Drought_Costs_[MEUR],09_09_00_00,D&G&Wp,average,60,50.0,0.45,9,9,0,0
Farmer_Drought_Costs_[MEUR],09_09_00_00,D&G&Wp,average,100,120.0,0.64,9,9,0,0
Farmer_Drought_Costs_[MEUR],09_09_00_00,D&Wp,average,20,10.0,0.02,9,9,0,0
Farmer_Drought_Costs_[MEUR],09_09_00_00,D&Wp,average,60,50.0,0.46,9,9,0,0
Farmer_Drought_Costs_[MEUR],09_09_00_00,D&Wp,average,100,120.0,0.64,9,9,0,0
Farmer_Drought_Costs_[MEUR],09_09_00_00,G,average,20,10.0,0.02,9,9,0,0
Farmer_Drought_Costs_[MEUR],09_09_00_00,G,average,60,50.0,0.42,9,9,0,0
Farmer_Drought_Costs_[MEUR],09_09_00_00,G,average,100,120.0,0.64,9,9,0,0
Farmer_Drought_Costs_[MEUR],09_09_00_00,G&Wp,average,20,10.0,0.02,9,9,0,0
Farmer_Drought_Costs_[MEUR],09_09_00_00,G&Wp,average,60,50.0,0.49,9,9,0,0
Farmer_Drought_Costs_[MEUR],09_09_00_00,G&Wp,average,100,130.0,0.68,9,9,0,0
Farmer_Drought_Costs_[MEUR],09_09_00_00,Wp,average,20,10.0,0.03,9,9,0,0
Farmer_Drought_Costs_[MEUR],09_09_00_00,Wp,average,60,60.0,0.56,9,9,0,0
Farmer_Drought_Costs_[MEUR],09_09_00_00,Wp,average,100,140.0,0.73,9,9,0,0
Farmer_Drought_Costs_[MEUR],11_00_00_00,D,average,20,0.0,0.0,11,0,0,0
Farmer_Drought_Costs_[MEUR],11_00_00_00,D,average,60,0.0,0.0,11,0,0,0
Farmer_Drought_Costs_[MEUR],11_00_00_00,D,average,100,0.0,0.0,11,0,0,0
Farmer_Drought_Costs_[MEUR],11_00_00_00,D&G,average,20,0.0,0.0,11,0,0,0
Farmer_Drought_Costs_[MEUR],11_00_00_00,D&G,average,60,0.0,0.0,11,0,0,0
Farmer_Drought_Costs_[MEUR],11_00_00_00,D&G,average,100,0.0,0.0,11,0,0,0
Farmer_Drought_Costs_[MEUR],11_00_00_00,D&G&Wp,average,20,0.0,0.0,11,0,0,0
Farmer_Drought_Costs_[MEUR],11_00_00_00,D&G&Wp,average,60,0.0,0.0,11,0,0,0
Farmer_Drought_Costs_[MEUR],11_00_00_00,D&G&Wp,average,100,0.0,0.0,11,0,0,0
Farmer_Drought_Costs_[MEUR],11_00_00_00,D&Wp,average,20,0.0,0.0,11,0,0,0
Farmer_Drought_Costs_[MEUR],11_00_00_00,D&Wp,average,60,0.0,0.0,11,0,0,0
Farmer_Drought_Costs_[MEUR],11_00_00_00,D&Wp,average,100,0.0,0.0,11,0,0,0
Farmer_Drought_Costs_[MEUR],11_00_00_00,G,average,20,0.0,0.0,11,0,0,0
Farmer_Drought_Costs_[MEUR],11_00_00_00,G,average,60,0.0,0.0,11,0,0,0
Farmer_Drought_Costs_[MEUR],11_00_00_00,G,average,100,0.0,0.0,11,0,0,0
Farmer_Drought_Costs_[MEUR],11_00_00_00,G&Wp,average,20,0.0,0.0,11,0,0,0
Farmer_Drought_Costs_[MEUR],11_00_00_00,G&Wp,average,60,0.0,0.0,11,0,0,0
Farmer_Drought_Costs_[MEUR],11_00_00_00,G&Wp,average,100,0.0,0.0,11,0,0,0
Farmer_Drought_Costs_[MEUR],11_00_00_00,Wp,average,20,0.0,0.0,11,0,0,0
Farmer_Drought_Costs_[MEUR],11_00_00_00,Wp,average,60,0.0,0.0,11,0,0,0
Farmer_Drought_Costs_[MEUR],11_00_00_00,Wp,average,100,0.0,0.0,11,0,0,0
Farmer_Drought_Costs_[MEUR],11_01_00_00,D,average,20,10.0,0.07,11,1,0,0
Farmer_Drought_Costs_[MEUR],11_01_00_00,D,average,60,30.0,0.25,11,1,0,0
Farmer_Drought_Costs_[MEUR],11_01_00_00,D,average,100,50.0,0.24,11,1,0,0
Farmer_Drought_Costs_[MEUR],11_01_00_00,D&G,average,20,10.0,0.09,11,1,0,0
Farmer_Drought_Costs_[MEUR],11_01_00_00,D&G,average,60,30.0,0.28,11,1,0,0
Farmer_Drought_Costs_[MEUR],11_01_00_00,D&G,average,100,60.0,0.28,11,1,0,0
Farmer_Drought_Costs_[MEUR],11_01_00_00,D&G&Wp,average,20,10.0,0.11,11,1,0,0
Farmer_Drought_Costs_[MEUR],11_01_00_00,D&G&Wp,average,60,40.0,0.37,11,1,0,0
Farmer_Drought_Costs_[MEUR],11_01_00_00,D&G&Wp,average,100,80.0,0.41,11,1,0,0
Farmer_Drought_Costs_[MEUR],11_01_00_00,D&Wp,average,20,10.0,0.11,11,1,0,0
Farmer_Drought_Costs_[MEUR],11_01_00_00,D&Wp,average,60,50.0,0.4,11,1,0,0
Farmer_Drought_Costs_[MEUR],11_01_00_00,D&Wp,average,100,90.0,0.45,11,1,0,0
Farmer_Drought_Costs_[MEUR],11_01_00_00,G,average,20,10.0,0.12,11,1,0,0
Farmer_Drought_Costs_[MEUR],11_01_00_00,G,average,60,40.0,0.31,11,1,0,0
Farmer_Drought_Costs_[MEUR],11_01_00_00,G,average,100,60.0,0.33,11,1,0,0
Farmer_Drought_Costs_[MEUR],11_01_00_00,G&Wp,average,20,10.0,0.13,11,1,0,0
Farmer_Drought_Costs_[MEUR],11_01_00_00,G&Wp,average,60,50.0,0.43,11,1,0,0
Farmer_Drought_Costs_[MEUR],11_01_00_00,G&Wp,average,100,100.0,0.5,11,1,0,0
Farmer_Drought_Costs_[MEUR],11_01_00_00,Wp,average,20,10.0,0.14,11,1,0,0
Farmer_Drought_Costs_[MEUR],11_01_00_00,Wp,average,60,60.0,0.55,11,1,0,0
Farmer_Drought_Costs_[MEUR],11_01_00_00,Wp,average,100,130.0,0.67,11,1,0,0
Farmer_Drought_Costs_[MEUR],11_03_00_00,D,average,20,10.0,0.21,11,3,0,0
Farmer_Drought_Costs_[MEUR],11_03_00_00,D,average,60,30.0,0.3,11,3,0,0
Farmer_Drought_Costs_[MEUR],11_03_00_00,D,average,100,60.0,0.33,11,3,0,0
Farmer_Drought_Costs_[MEUR],11_03_00_00,D&G,average,20,10.0,0.21,11,3,0,0
Farmer_Drought_Costs_[MEUR],11_03_00_00,D&G,average,60,40.0,0.31,11,3,0,0
Farmer_Drought_Costs_[MEUR],11_03_00_00,D&G,average,100,70.0,0.35,11,3,0,0
Farmer_Drought_Costs_[MEUR],11_03_00_00,D&G&Wp,average,20,10.0,0.21,11,3,0,0
Farmer_Drought_Costs_[MEUR],11_03_00_00,D&G&Wp,average,60,40.0,0.39,11,3,0,0
Farmer_Drought_Costs_[MEUR],11_03_00_00,D&G&Wp,average,100,90.0,0.45,11,3,0,0
Farmer_Drought_Costs_[MEUR],11_03_00_00,D&Wp,average,20,10.0,0.21,11,3,0,0
Farmer_Drought_Costs_[MEUR],11_03_00_00,D&Wp,average,60,50.0,0.42,11,3,0,0
Farmer_Drought_Costs_[MEUR],11_03_00_00,D&Wp,average,100,90.0,0.5,11,3,0,0
Farmer_Drought_Costs_[MEUR],11_03_00_00,G,average,20,10.0,0.21,11,3,0,0
Farmer_Drought_Costs_[MEUR],11_03_00_00,G,average,60,40.0,0.32,11,3,0,0
Farmer_Drought_Costs_[MEUR],11_03_00_00,G,average,100,70.0,0.37,11,3,0,0
Farmer_Drought_Costs_[MEUR],11_03_00_00,G&Wp,average,20,10.0,0.21,11,3,0,0
Farmer_Drought_Costs_[MEUR],11_03_00_00,G&Wp,average,60,50.0,0.43,11,3,0,0
Farmer_Drought_Costs_[MEUR],11_03_00_00,G&Wp,average,100,100.0,0.52,11,3,0,0
Farmer_Drought_Costs_[MEUR],11_03_00_00,Wp,average,20,10.0,0.21,11,3,0,0
Farmer_Drought_Costs_[MEUR],11_03_00_00,Wp,average,60,60.0,0.54,11,3,0,0
Farmer_Drought_Costs_[MEUR],11_03_00_00,Wp,average,100,120.0,0.67,11,3,0,0
Farmer_Drought_Costs_[MEUR],11_05_00_00,D,average,20,10.0,0.32,11,5,0,0
Farmer_Drought_Costs_[MEUR],11_05_00_00,D,average,60,70.0,0.68,11,5,0,0
Farmer_Drought_Costs_[MEUR],11_05_00_00,D,average,100,140.0,0.74,11,5,0,0
Farmer_Drought_Costs_[MEUR],11_05_00_00,D&G,average,20,10.0,0.34,11,5,0,0
Farmer_Drought_Costs_[MEUR],11_05_00_00,D&G,average,60,80.0,0.72,11,5,0,0
Farmer_Drought_Costs_[MEUR],11_05_00_00,D&G,average,100,140.0,0.77,11,5,0,0
Farmer_Drought_Costs_[MEUR],11_05_00_00,D&G&Wp,average,20,10.0,0.39,11,5,0,0
Farmer_Drought_Costs_[MEUR],11_05_00_00,D&G&Wp,average,60,80.0,0.75,11,5,0,0
Farmer_Drought_Costs_[MEUR],11_05_00_00,D&G&Wp,average,100,150.0,0.79,11,5,0,0
Farmer_Drought_Costs_[MEUR],11_05_00_00,D&Wp,average,20,10.0,0.4,11,5,0,0
Farmer_Drought_Costs_[MEUR],11_05_00_00,D&Wp,average,60,80.0,0.76,11,5,0,0
Farmer_Drought_Costs_[MEUR],11_05_00_00,D&Wp,average,100,150.0,0.8,11,5,0,0
Farmer_Drought_Costs_[MEUR],11_05_00_00,G,average,20,10.0,0.37,11,5,0,0
Farmer_Drought_Costs_[MEUR],11_05_00_00,G,average,60,80.0,0.75,11,5,0,0
Farmer_Drought_Costs_[MEUR],11_05_00_00,G,average,100,150.0,0.79,11,5,0,0
Farmer_Drought_Costs_[MEUR],11_05_00_00,G&Wp,average,20,20.0,0.42,11,5,0,0
Farmer_Drought_Costs_[MEUR],11_05_00_00,G&Wp,average,60,80.0,0.79,11,5,0,0
Farmer_Drought_Costs_[MEUR],11_05_00_00,G&Wp,average,100,150.0,0.82,11,5,0,0
Farmer_Drought_Costs_[MEUR],11_05_00_00,Wp,average,20,20.0,0.48,11,5,0,0
Farmer_Drought_Costs_[MEUR],11_05_00_00,Wp,average,60,90.0,0.83,11,5,0,0
Farmer_Drought_Costs_[MEUR],11_05_00_00,Wp,average,100,160.0,0.85,11,5,0,0
Farmer_Drought_Costs_[MEUR],11_06_00_00,D,average,20,10.0,0.26,11,6,0,0
Farmer_Drought_Costs_[MEUR],11_06_00_00,D,average,60,60.0,0.5,11,6,0,0
Farmer_Drought_Costs_[MEUR],11_06_00_00,D,average,100,110.0,0.6,11,6,0,0
Farmer_Drought_Costs_[MEUR],11_06_00_00,D&G,average,20,10.0,0.28,11,6,0,0
Farmer_Drought_Costs_[MEUR],11_06_00_00,D&G,average,60,60.0,0.52,11,6,0,0
Farmer_Drought_Costs_[MEUR],11_06_00_00,D&G,average,100,120.0,0.62,11,6,0,0
Farmer_Drought_Costs_[MEUR],11_06_00_00,D&G&Wp,average,20,10.0,0.3,11,6,0,0
Farmer_Drought_Costs_[MEUR],11_06_00_00,D&G&Wp,average,60,60.0,0.58,11,6,0,0
Farmer_Drought_Costs_[MEUR],11_06_00_00,D&G&Wp,average,100,120.0,0.66,11,6,0,0
Farmer_Drought_Costs_[MEUR],11_06_00_00,D&Wp,average,20,10.0,0.3,11,6,0,0
Farmer_Drought_Costs_[MEUR],11_06_00_00,D&Wp,average,60,60.0,0.59,11,6,0,0
Farmer_Drought_Costs_[MEUR],11_06_00_00,D&Wp,average,100,130.0,0.68,11,6,0,0
Farmer_Drought_Costs_[MEUR],11_06_00_00,G,average,20,10.0,0.29,11,6,0,0
Farmer_Drought_Costs_[MEUR],11_06_00_00,G,average,60,60.0,0.54,11,6,0,0
Farmer_Drought_Costs_[MEUR],11_06_00_00,G,average,100,120.0,0.64,11,6,0,0
Farmer_Drought_Costs_[MEUR],11_06_00_00,G&Wp,average,20,10.0,0.31,11,6,0,0
Farmer_Drought_Costs_[MEUR],11_06_00_00,G&Wp,average,60,70.0,0.61,11,6,0,0
Farmer_Drought_Costs_[MEUR],11_06_00_00,G&Wp,average,100,130.0,0.7,11,6,0,0
Farmer_Drought_Costs_[MEUR],11_06_00_00,Wp,average,20,10.0,0.34,11,6,0,0
Farmer_Drought_Costs_[MEUR],11_06_00_00,Wp,average,60,70.0,0.68,11,6,0,0
Farmer_Drought_Costs_[MEUR],11_06_00_00,Wp,average,100,140.0,0.75,11,6,0,0
Farmer_Drought_Costs_[MEUR],11_07_00_00,D,average,20,10.0,0.31,11,7,0,0
Farmer_Drought_Costs_[MEUR],11_07_00_00,D,average,60,20.0,0.19,11,7,0,0
Farmer_Drought_Costs_[MEUR],11_07_00_00,D,average,100,40.0,0.17,11,7,0,0
Farmer_Drought_Costs_[MEUR],11_07_00_00,D&G,average,20,10.0,0.31,11,7,0,0
Farmer_Drought_Costs_[MEUR],11_07_00_00,D&G,average,60,30.0,0.22,11,7,0,0
Farmer_Drought_Costs_[MEUR],11_07_00_00,D&G,average,100,40.0,0.21,11,7,0,0
Farmer_Drought_Costs_[MEUR],11_07_00_00,D&G&Wp,average,20,10.0,0.34,11,7,0,0
Farmer_Drought_Costs_[MEUR],11_07_00_00,D&G&Wp,average,60,40.0,0.37,11,7,0,0
Farmer_Drought_Costs_[MEUR],11_07_00_00,D&G&Wp,average,100,80.0,0.39,11,7,0,0
Farmer_Drought_Costs_[MEUR],11_07_00_00,D&Wp,average,20,10.0,0.35,11,7,0,0
Farmer_Drought_Costs_[MEUR],11_07_00_00,D&Wp,average,60,50.0,0.43,11,7,0,0
Farmer_Drought_Costs_[MEUR],11_07_00_00,D&Wp,average,100,90.0,0.47,11,7,0,0
Farmer_Drought_Costs_[MEUR],11_07_00_00,G,average,20,10.0,0.31,11,7,0,0
Farmer_Drought_Costs_[MEUR],11_07_00_00,G,average,60,30.0,0.26,11,7,0,0
Farmer_Drought_Costs_[MEUR],11_07_00_00,G,average,100,50.0,0.24,11,7,0,0
Farmer_Drought_Costs_[MEUR],11_07_00_00,G&Wp,average,20,10.0,0.35,11,7,0,0
Farmer_Drought_Costs_[MEUR],11_07_00_00,G&Wp,average,60,50.0,0.46,11,7,0,0
Farmer_Drought_Costs_[MEUR],11_07_00_00,G&Wp,average,100,100.0,0.5,11,7,0,0
Farmer_Drought_Costs_[MEUR],11_07_00_00,Wp,average,20,10.0,0.4,11,7,0,0
Farmer_Drought_Costs_[MEUR],11_07_00_00,Wp,average,60,70.0,0.66,11,7,0,0
Farmer_Drought_Costs_[MEUR],11_07_00_00,Wp,average,100,140.0,0.76,11,7,0,0
Farmer_Drought_Costs_[MEUR],11_08_00_00,D,average,20,10.0,0.26,11,8,0,0
Farmer_Drought_Costs_[MEUR],11_08_00_00,D,average,60,20.0,0.12,11,8,0,0
Farmer_Drought_Costs_[MEUR],11_08_00_00,D,average,100,20.0,0.1,11,8,0,0
Farmer_Drought_Costs_[MEUR],11_08_00_00,D&G,average,20,10.0,0.27,11,8,0,0
Farmer_Drought_Costs_[MEUR],11_08_00_00,D&G,average,60,20.0,0.15,11,8,0,0
Farmer_Drought_Costs_[MEUR],11_08_00_00,D&G,average,100,30.0,0.13,11,8,0,0
Farmer_Drought_Costs_[MEUR],11_08_00_00,D&G&Wp,average,20,10.0,0.27,11,8,0,0
Farmer_Drought_Costs_[MEUR],11_08_00_00,D&G&Wp,average,60,30.0,0.26,11,8,0,0
Farmer_Drought_Costs_[MEUR],11_08_00_00,D&G&Wp,average,100,60.0,0.3,11,8,0,0
Farmer_Drought_Costs_[MEUR],11_08_00_00,D&Wp,average,20,10.0,0.27,11,8,0,0
Farmer_Drought_Costs_[MEUR],11_08_00_00,D&Wp,average,60,40.0,0.3,11,8,0,0
Farmer_Drought_Costs_[MEUR],11_08_00_00,D&Wp,average,100,70.0,0.38,11,8,0,0
Farmer_Drought_Costs_[MEUR],11_08_00_00,G,average,20,10.0,0.27,11,8,0,0
Farmer_Drought_Costs_[MEUR],11_08_00_00,G,average,60,20.0,0.17,11,8,0,0
Farmer_Drought_Costs_[MEUR],11_08_00_00,G,average,100,30.0,0.16,11,8,0,0
Farmer_Drought_Costs_[MEUR],11_08_00_00,G&Wp,average,20,10.0,0.27,11,8,0,0
Farmer_Drought_Costs_[MEUR],11_08_00_00,G&Wp,average,60,40.0,0.33,11,8,0,0
Farmer_Drought_Costs_[MEUR],11_08_00_00,G&Wp,average,100,80.0,0.4,11,8,0,0
Farmer_Drought_Costs_[MEUR],11_08_00_00,Wp,average,20,10.0,0.28,11,8,0,0
Farmer_Drought_Costs_[MEUR],11_08_00_00,Wp,average,60,50.0,0.48,11,8,0,0
Farmer_Drought_Costs_[MEUR],11_08_00_00,Wp,average,100,120.0,0.65,11,8,0,0
Farmer_Drought_Costs_[MEUR],11_09_00_00,D,average,20,10.0,0.02,11,9,0,0
Farmer_Drought_Costs_[MEUR],11_09_00_00,D,average,60,40.0,0.36,11,9,0,0
Farmer_Drought_Costs_[MEUR],11_09_00_00,D,average,100,110.0,0.56,11,9,0,0
Farmer_Drought_Costs_[MEUR],11_09_00_00,D&G,average,20,10.0,0.02,11,9,0,0
Farmer_Drought_Costs_[MEUR],11_09_00_00,D&G,average,60,40.0,0.37,11,9,0,0
Farmer_Drought_Costs_[MEUR],11_09_00_00,D&G,average,100,110.0,0.56,11,9,0,0
Farmer_Drought_Costs_[MEUR],11_09_00_00,D&G&Wp,average,20,10.0,0.02,11,9,0,0
Farmer_Drought_Costs_[MEUR],11_09_00_00,D&G&Wp,average,60,50.0,0.43,11,9,0,0
Farmer_Drought_Costs_[MEUR],11_09_00_00,D&G&Wp,average,100,110.0,0.61,11,9,0,0
Farmer_Drought_Costs_[MEUR],11_09_00_00,D&Wp,average,20,10.0,0.02,11,9,0,0
Farmer_Drought_Costs_[MEUR],11_09_00_00,D&Wp,average,60,50.0,0.45,11,9,0,0
Farmer_Drought_Costs_[MEUR],11_09_00_00,D&Wp,average,100,120.0,0.63,11,9,0,0
Farmer_Drought_Costs_[MEUR],11_09_00_00,G,average,20,10.0,0.02,11,9,0,0
Farmer_Drought_Costs_[MEUR],11_09_00_00,G,average,60,40.0,0.38,11,9,0,0
Farmer_Drought_Costs_[MEUR],11_09_00_00,G,average,100,110.0,0.56,11,9,0,0
Farmer_Drought_Costs_[MEUR],11_09_00_00,G&Wp,average,20,10.0,0.02,11,9,0,0
Farmer_Drought_Costs_[MEUR],11_09_00_00,G&Wp,average,60,50.0,0.46,11,9,0,0
Farmer_Drought_Costs_[MEUR],11_09_00_00,G&Wp,average,100,120.0,0.63,11,9,0,0
Farmer_Drought_Costs_[MEUR],11_09_00_00,Wp,average,20,10.0,0.03,11,9,0,0
Farmer_Drought_Costs_[MEUR],11_09_00_00,Wp,average,60,60.0,0.54,11,9,0,0
Farmer_Drought_Costs_[MEUR],11_09_00_00,Wp,average,100,130.0,0.7,11,9,0,0
Farmer_Drought_Costs_[MEUR],13_00_00_00,D,average,20,0.0,0.0,13,0,0,0
Farmer_Drought_Costs_[MEUR],13_00_00_00,D,average,60,0.0,0.0,13,0,0,0
Farmer_Drought_Costs_[MEUR],13_00_00_00,D,average,100,0.0,0.0,13,0,0,0
Farmer_Drought_Costs_[MEUR],13_00_00_00,D&G,average,20,0.0,0.0,13,0,0,0
Farmer_Drought_Costs_[MEUR],13_00_00_00,D&G,average,60,0.0,0.0,13,0,0,0
Farmer_Drought_Costs_[MEUR],13_00_00_00,D&G,average,100,0.0,0.0,13,0,0,0
Farmer_Drought_Costs_[MEUR],13_00_00_00,D&G&Wp,average,20,0.0,0.0,13,0,0,0
Farmer_Drought_Costs_[MEUR],13_00_00_00,D&G&Wp,average,60,0.0,0.0,13,0,0,0
Farmer_Drought_Costs_[MEUR],13_00_00_00,D&G&Wp,average,100,0.0,0.0,13,0,0,0
Farmer_Drought_Costs_[MEUR],13_00_00_00,D&Wp,average,20,0.0,0.0,13,0,0,0
Farmer_Drought_Costs_[MEUR],13_00_00_00,D&Wp,average,60,0.0,0.0,13,0,0,0
Farmer_Drought_Costs_[MEUR],13_00_00_00,D&Wp,average,100,0.0,0.0,13,0,0,0
Farmer_Drought_Costs_[MEUR],13_00_00_00,G,average,20,0.0,0.0,13,0,0,0
Farmer_Drought_Costs_[MEUR],13_00_00_00,G,average,60,0.0,0.0,13,0,0,0
Farmer_Drought_Costs_[MEUR],13_00_00_00,G,average,100,0.0,0.0,13,0,0,0
Farmer_Drought_Costs_[MEUR],13_00_00_00,G&Wp,average,20,0.0,0.0,13,0,0,0
Farmer_Drought_Costs_[MEUR],13_00_00_00,G&Wp,average,60,0.0,0.0,13,0,0,0
Farmer_Drought_Costs_[MEUR],13_00_00_00,G&Wp,average,100,0.0,0.0,13,0,0,0
Farmer_Drought_Costs_[MEUR],13_00_00_00,Wp,average,20,0.0,0.0,13,0,0,0
Farmer_Drought_Costs_[MEUR],13_00_00_00,Wp,average,60,0.0,0.0,13,0,0,0
Farmer_Drought_Costs_[MEUR],13_00_00_00,Wp,average,100,0.0,0.0,13,0,0,0
Farmer_Drought_Costs_[MEUR],13_01_00_00,D,average,20,10.0,0.08,13,1,0,0
Farmer_Drought_Costs_[MEUR],13_01_00_00,D,average,60,40.0,0.34,13,1,0,0
Farmer_Drought_Costs_[MEUR],13_01_00_00,D,average,100,80.0,0.43,13,1,0,0
Farmer_Drought_Costs_[MEUR],13_01_00_00,D&G,average,20,10.0,0.09,13,1,0,0
Farmer_Drought_Costs_[MEUR],13_01_00_00,D&G,average,60,40.0,0.36,13,1,0,0
Farmer_Drought_Costs_[MEUR],13_01_00_00,D&G,average,100,90.0,0.47,13,1,0,0
Farmer_Drought_Costs_[MEUR],13_01_00_00,D&G&Wp,average,20,10.0,0.1,13,1,0,0
Farmer_Drought_Costs_[MEUR],13_01_00_00,D&G&Wp,average,60,50.0,0.42,13,1,0,0
Farmer_Drought_Costs_[MEUR],13_01_00_00,D&G&Wp,average,100,100.0,0.54,13,1,0,0
Farmer_Drought_Costs_[MEUR],13_01_00_00,D&Wp,average,20,10.0,0.1,13,1,0,0
Farmer_Drought_Costs_[MEUR],13_01_00_00,D&Wp,average,60,50.0,0.44,13,1,0,0
Farmer_Drought_Costs_[MEUR],13_01_00_00,D&Wp,average,100,100.0,0.55,13,1,0,0
Farmer_Drought_Costs_[MEUR],13_01_00_00,G,average,20,10.0,0.1,13,1,0,0
Farmer_Drought_Costs_[MEUR],13_01_00_00,G,average,60,40.0,0.37,13,1,0,0
Farmer_Drought_Costs_[MEUR],13_01_00_00,G,average,100,100.0,0.51,13,1,0,0
Farmer_Drought_Costs_[MEUR],13_01_00_00,G&Wp,average,20,10.0,0.11,13,1,0,0
Farmer_Drought_Costs_[MEUR],13_01_00_00,G&Wp,average,60,50.0,0.45,13,1,0,0
Farmer_Drought_Costs_[MEUR],13_01_00_00,G&Wp,average,100,110.0,0.59,13,1,0,0
Farmer_Drought_Costs_[MEUR],13_01_00_00,Wp,average,20,10.0,0.12,13,1,0,0
Farmer_Drought_Costs_[MEUR],13_01_00_00,Wp,average,60,60.0,0.54,13,1,0,0
Farmer_Drought_Costs_[MEUR],13_01_00_00,Wp,average,100,130.0,0.67,13,1,0,0
Farmer_Drought_Costs_[MEUR],13_03_00_00,D,average,20,10.0,0.21,13,3,0,0
Farmer_Drought_Costs_[MEUR],13_03_00_00,D,average,60,40.0,0.33,13,3,0,0
Farmer_Drought_Costs_[MEUR],13_03_00_00,D,average,100,80.0,0.42,13,3,0,0
Farmer_Drought_Costs_[MEUR],13_03_00_00,D&G,average,20,10.0,0.21,13,3,0,0
Farmer_Drought_Costs_[MEUR],13_03_00_00,D&G,average,60,40.0,0.35,13,3,0,0
Farmer_Drought_Costs_[MEUR],13_03_00_00,D&G,average,100,90.0,0.46,13,3,0,0
Farmer_Drought_Costs_[MEUR],13_03_00_00,D&G&Wp,average,20,10.0,0.21,13,3,0,0
Farmer_Drought_Costs_[MEUR],13_03_00_00,D&G&Wp,average,60,50.0,0.41,13,3,0,0
Farmer_Drought_Costs_[MEUR],13_03_00_00,D&G&Wp,average,100,100.0,0.53,13,3,0,0
Farmer_Drought_Costs_[MEUR],13_03_00_00,D&Wp,average,20,10.0,0.21,13,3,0,0
Farmer_Drought_Costs_[MEUR],13_03_00_00,D&Wp,average,60,50.0,0.43,13,3,0,0
Farmer_Drought_Costs_[MEUR],13_03_00_00,D&Wp,average,100,100.0,0.54,13,3,0,0
Farmer_Drought_Costs_[MEUR],13_03_00_00,G,average,20,10.0,0.21,13,3,0,0
Farmer_Drought_Costs_[MEUR],13_03_00_00,G,average,60,40.0,0.37,13,3,0,0
Farmer_Drought_Costs_[MEUR],13_03_00_00,G,average,100,100.0,0.51,13,3,0,0
Farmer_Drought_Costs_[MEUR],13_03_00_00,G&Wp,average,20,10.0,0.21,13,3,0,0
Farmer_Drought_Costs_[MEUR],13_03_00_00,G&Wp,average,60,50.0,0.45,13,3,0,0
Farmer_Drought_Costs_[MEUR],13_03_00_00,G&Wp,average,100,110.0,0.59,13,3,0,0
Farmer_Drought_Costs_[MEUR],13_03_00_00,Wp,average,20,10.0,0.21,13,3,0,0
Farmer_Drought_Costs_[MEUR],13_03_00_00,Wp,average,60,60.0,0.53,13,3,0,0
Farmer_Drought_Costs_[MEUR],13_03_00_00,Wp,average,100,130.0,0.67,13,3,0,0
Farmer_Drought_Costs_[MEUR],13_05_00_00,D,average,20,10.0,0.32,13,5,0,0
Farmer_Drought_Costs_[MEUR],13_05_00_00,D,average,60,70.0,0.68,13,5,0,0
Farmer_Drought_Costs_[MEUR],13_05_00_00,D,average,100,140.0,0.74,13,5,0,0
Farmer_Drought_Costs_[MEUR],13_05_00_00,D&G,average,20,10.0,0.34,13,5,0,0
Farmer_Drought_Costs_[MEUR],13_05_00_00,D&G,average,60,80.0,0.72,13,5,0,0
Farmer_Drought_Costs_[MEUR],13_05_00_00,D&G,average,100,140.0,0.77,13,5,0,0
Farmer_Drought_Costs_[MEUR],13_05_00_00,D&G&Wp,average,20,10.0,0.39,13,5,0,0
Farmer_Drought_Costs_[MEUR],13_05_00_00,D&G&Wp,average,60,80.0,0.75,13,5,0,0
Farmer_Drought_Costs_[MEUR],13_05_00_00,D&G&Wp,average,100,150.0,0.8,13,5,0,0
Farmer_Drought_Costs_[MEUR],13_05_00_00,D&Wp,average,20,10.0,0.4,13,5,0,0
Farmer_Drought_Costs_[MEUR],13_05_00_00,D&Wp,average,60,80.0,0.76,13,5,0,0
Farmer_Drought_Costs_[MEUR],13_05_00_00,D&Wp,average,100,150.0,0.8,13,5,0,0
Farmer_Drought_Costs_[MEUR],13_05_00_00,G,average,20,10.0,0.37,13,5,0,0
Farmer_Drought_Costs_[MEUR],13_05_00_00,G,average,60,80.0,0.75,13,5,0,0
Farmer_Drought_Costs_[MEUR],13_05_00_00,G,average,100,150.0,0.79,13,5,0,0
Farmer_Drought_Costs_[MEUR],13_05_00_00,G&Wp,average,20,20.0,0.42,13,5,0,0
Farmer_Drought_Costs_[MEUR],13_05_00_00,G&Wp,average,60,80.0,0.79,13,5,0,0
Farmer_Drought_Costs_[MEUR],13_05_00_00,G&Wp,average,100,150.0,0.83,13,5,0,0
Farmer_Drought_Costs_[MEUR],13_05_00_00,Wp,average,20,20.0,0.48,13,5,0,0
Farmer_Drought_Costs_[MEUR],13_05_00_00,Wp,average,60,90.0,0.83,13,5,0,0
Farmer_Drought_Costs_[MEUR],13_05_00_00,Wp,average,100,160.0,0.86,13,5,0,0
Farmer_Drought_Costs_[MEUR],13_06_00_00,D,average,20,10.0,0.26,13,6,0,0
Farmer_Drought_Costs_[MEUR],13_06_00_00,D,average,60,50.0,0.5,13,6,0,0
Farmer_Drought_Costs_[MEUR],13_06_00_00,D,average,100,110.0,0.6,13,6,0,0
Farmer_Drought_Costs_[MEUR],13_06_00_00,D&G,average,20,10.0,0.28,13,6,0,0
Farmer_Drought_Costs_[MEUR],13_06_00_00,D&G,average,60,60.0,0.52,13,6,0,0
Farmer_Drought_Costs_[MEUR],13_06_00_00,D&G,average,100,120.0,0.62,13,6,0,0
Farmer_Drought_Costs_[MEUR],13_06_00_00,D&G&Wp,average,20,10.0,0.3,13,6,0,0
Farmer_Drought_Costs_[MEUR],13_06_00_00,D&G&Wp,average,60,60.0,0.57,13,6,0,0
Farmer_Drought_Costs_[MEUR],13_06_00_00,D&G&Wp,average,100,120.0,0.66,13,6,0,0
Farmer_Drought_Costs_[MEUR],13_06_00_00,D&Wp,average,20,10.0,0.3,13,6,0,0
Farmer_Drought_Costs_[MEUR],13_06_00_00,D&Wp,average,60,60.0,0.59,13,6,0,0
Farmer_Drought_Costs_[MEUR],13_06_00_00,D&Wp,average,100,130.0,0.67,13,6,0,0
Farmer_Drought_Costs_[MEUR],13_06_00_00,G,average,20,10.0,0.29,13,6,0,0
Farmer_Drought_Costs_[MEUR],13_06_00_00,G,average,60,60.0,0.53,13,6,0,0
Farmer_Drought_Costs_[MEUR],13_06_00_00,G,average,100,120.0,0.63,13,6,0,0
Farmer_Drought_Costs_[MEUR],13_06_00_00,G&Wp,average,20,10.0,0.31,13,6,0,0
Farmer_Drought_Costs_[MEUR],13_06_00_00,G&Wp,average,60,70.0,0.61,13,6,0,0
Farmer_Drought_Costs_[MEUR],13_06_00_00,G&Wp,average,100,130.0,0.69,13,6,0,0
Farmer_Drought_Costs_[MEUR],13_06_00_00,Wp,average,20,10.0,0.34,13,6,0,0
Farmer_Drought_Costs_[MEUR],13_06_00_00,Wp,average,60,70.0,0.68,13,6,0,0
Farmer_Drought_Costs_[MEUR],13_06_00_00,Wp,average,100,140.0,0.75,13,6,0,0
Farmer_Drought_Costs_[MEUR],13_07_00_00,D,average,20,10.0,0.31,13,7,0,0
Farmer_Drought_Costs_[MEUR],13_07_00_00,D,average,60,20.0,0.19,13,7,0,0
Farmer_Drought_Costs_[MEUR],13_07_00_00,D,average,100,40.0,0.17,13,7,0,0
Farmer_Drought_Costs_[MEUR],13_07_00_00,D&G,average,20,10.0,0.31,13,7,0,0
Farmer_Drought_Costs_[MEUR],13_07_00_00,D&G,average,60,30.0,0.22,13,7,0,0
Farmer_Drought_Costs_[MEUR],13_07_00_00,D&G,average,100,40.0,0.21,13,7,0,0
Farmer_Drought_Costs_[MEUR],13_07_00_00,D&G&Wp,average,20,10.0,0.34,13,7,0,0
Farmer_Drought_Costs_[MEUR],13_07_00_00,D&G&Wp,average,60,40.0,0.36,13,7,0,0
Farmer_Drought_Costs_[MEUR],13_07_00_00,D&G&Wp,average,100,70.0,0.38,13,7,0,0
Farmer_Drought_Costs_[MEUR],13_07_00_00,D&Wp,average,20,10.0,0.35,13,7,0,0
Farmer_Drought_Costs_[MEUR],13_07_00_00,D&Wp,average,60,50.0,0.41,13,7,0,0
Farmer_Drought_Costs_[MEUR],13_07_00_00,D&Wp,average,100,90.0,0.45,13,7,0,0
Farmer_Drought_Costs_[MEUR],13_07_00_00,G,average,20,10.0,0.31,13,7,0,0
Farmer_Drought_Costs_[MEUR],13_07_00_00,G,average,60,30.0,0.26,13,7,0,0
Farmer_Drought_Costs_[MEUR],13_07_00_00,G,average,100,50.0,0.24,13,7,0,0
Farmer_Drought_Costs_[MEUR],13_07_00_00,G&Wp,average,20,10.0,0.35,13,7,0,0
Farmer_Drought_Costs_[MEUR],13_07_00_00,G&Wp,average,60,50.0,0.44,13,7,0,0
Farmer_Drought_Costs_[MEUR],13_07_00_00,G&Wp,average,100,90.0,0.49,13,7,0,0
Farmer_Drought_Costs_[MEUR],13_07_00_00,Wp,average,20,10.0,0.39,13,7,0,0
Farmer_Drought_Costs_[MEUR],13_07_00_00,Wp,average,60,70.0,0.62,13,7,0,0
Farmer_Drought_Costs_[MEUR],13_07_00_00,Wp,average,100,140.0,0.74,13,7,0,0
Farmer_Drought_Costs_[MEUR],13_08_00_00,D,average,20,10.0,0.26,13,8,0,0
Farmer_Drought_Costs_[MEUR],13_08_00_00,D,average,60,20.0,0.12,13,8,0,0
Farmer_Drought_Costs_[MEUR],13_08_00_00,D,average,100,20.0,0.1,13,8,0,0
Farmer_Drought_Costs_[MEUR],13_08_00_00,D&G,average,20,10.0,0.27,13,8,0,0
Farmer_Drought_Costs_[MEUR],13_08_00_00,D&G,average,60,20.0,0.16,13,8,0,0
Farmer_Drought_Costs_[MEUR],13_08_00_00,D&G,average,100,30.0,0.16,13,8,0,0
Farmer_Drought_Costs_[MEUR],13_08_00_00,D&G&Wp,average,20,10.0,0.27,13,8,0,0
Farmer_Drought_Costs_[MEUR],13_08_00_00,D&G&Wp,average,60,30.0,0.27,13,8,0,0
Farmer_Drought_Costs_[MEUR],13_08_00_00,D&G&Wp,average,100,60.0,0.32,13,8,0,0
Farmer_Drought_Costs_[MEUR],13_08_00_00,D&Wp,average,20,10.0,0.27,13,8,0,0
Farmer_Drought_Costs_[MEUR],13_08_00_00,D&Wp,average,60,40.0,0.31,13,8,0,0
Farmer_Drought_Costs_[MEUR],13_08_00_00,D&Wp,average,100,70.0,0.38,13,8,0,0
Farmer_Drought_Costs_[MEUR],13_08_00_00,G,average,20,10.0,0.27,13,8,0,0
Farmer_Drought_Costs_[MEUR],13_08_00_00,G,average,60,20.0,0.2,13,8,0,0
Farmer_Drought_Costs_[MEUR],13_08_00_00,G,average,100,40.0,0.21,13,8,0,0
Farmer_Drought_Costs_[MEUR],13_08_00_00,G&Wp,average,20,10.0,0.27,13,8,0,0
Farmer_Drought_Costs_[MEUR],13_08_00_00,G&Wp,average,60,40.0,0.34,13,8,0,0
Farmer_Drought_Costs_[MEUR],13_08_00_00,G&Wp,average,100,80.0,0.44,13,8,0,0
Farmer_Drought_Costs_[MEUR],13_08_00_00,Wp,average,20,10.0,0.28,13,8,0,0
Farmer_Drought_Costs_[MEUR],13_08_00_00,Wp,average,60,50.0,0.49,13,8,0,0
Farmer_Drought_Costs_[MEUR],13_08_00_00,Wp,average,100,120.0,0.66,13,8,0,0
Farmer_Drought_Costs_[MEUR],13_09_00_00,D,average,20,10.0,0.02,13,9,0,0
Farmer_Drought_Costs_[MEUR],13_09_00_00,D,average,60,40.0,0.37,13,9,0,0
Farmer_Drought_Costs_[MEUR],13_09_00_00,D,average,100,110.0,0.58,13,9,0,0
Farmer_Drought_Costs_[MEUR],13_09_00_00,D&G,average,20,10.0,0.02,13,9,0,0
Farmer_Drought_Costs_[MEUR],13_09_00_00,D&G,average,60,40.0,0.39,13,9,0,0
Farmer_Drought_Costs_[MEUR],13_09_00_00,D&G,average,100,110.0,0.6,13,9,0,0
Farmer_Drought_Costs_[MEUR],13_09_00_00,D&G&Wp,average,20,10.0,0.02,13,9,0,0
Farmer_Drought_Costs_[MEUR],13_09_00_00,D&G&Wp,average,60,50.0,0.44,13,9,0,0
Farmer_Drought_Costs_[MEUR],13_09_00_00,D&G&Wp,average,100,120.0,0.64,13,9,0,0
Farmer_Drought_Costs_[MEUR],13_09_00_00,D&Wp,average,20,10.0,0.02,13,9,0,0
Farmer_Drought_Costs_[MEUR],13_09_00_00,D&Wp,average,60,50.0,0.45,13,9,0,0
Farmer_Drought_Costs_[MEUR],13_09_00_00,D&Wp,average,100,120.0,0.65,13,9,0,0
Farmer_Drought_Costs_[MEUR],13_09_00_00,G,average,20,10.0,0.02,13,9,0,0
Farmer_Drought_Costs_[MEUR],13_09_00_00,G,average,60,50.0,0.41,13,9,0,0
Farmer_Drought_Costs_[MEUR],13_09_00_00,G,average,100,120.0,0.63,13,9,0,0
Farmer_Drought_Costs_[MEUR],13_09_00_00,G&Wp,average,20,10.0,0.02,13,9,0,0
Farmer_Drought_Costs_[MEUR],13_09_00_00,G&Wp,average,60,50.0,0.47,13,9,0,0
Farmer_Drought_Costs_[MEUR],13_09_00_00,G&Wp,average,100,130.0,0.67,13,9,0,0
Farmer_Drought_Costs_[MEUR],13_09_00_00,Wp,average,20,10.0,0.03,13,9,0,0
Farmer_Drought_Costs_[MEUR],13_09_00_00,Wp,average,60,60.0,0.53,13,9,0,0
Farmer_Drought_Costs_[MEUR],13_09_00_00,Wp,average,100,130.0,0.71,13,9,0,0
