objective_parameter,pw_combi,scenario_of_interest,robustness_metric,year,Value,normalized_values,flood_agr,drought_agr,flood_urb,drought_shp
Delayed_Ships_[#],00_00_00_00,D,average,20,230.0,1.0,0,0,0,0
Delayed_Ships_[#],00_00_00_00,D,average,60,570.0,1.0,0,0,0,0
Delayed_Ships_[#],00_00_00_00,D,average,100,910.0,1.0,0,0,0,0
Delayed_Ships_[#],00_00_00_00,D&G,average,20,230.0,1.0,0,0,0,0
Delayed_Ships_[#],00_00_00_00,D&G,average,60,560.0,1.0,0,0,0,0
Delayed_Ships_[#],00_00_00_00,D&G,average,100,870.0,1.0,0,0,0,0
Delayed_Ships_[#],00_00_00_00,D&G&Wp,average,20,230.0,1.0,0,0,0,0
Delayed_Ships_[#],00_00_00_00,D&G&Wp,average,60,610.0,1.0,0,0,0,0
Delayed_Ships_[#],00_00_00_00,D&G&Wp,average,100,1040.0,1.0,0,0,0,0
Delayed_Ships_[#],00_00_00_00,D&Wp,average,20,230.0,1.0,0,0,0,0
Delayed_Ships_[#],00_00_00_00,D&Wp,average,60,640.0,1.0,0,0,0,0
Delayed_Ships_[#],00_00_00_00,D&Wp,average,100,1150.0,1.0,0,0,0,0
Delayed_Ships_[#],00_00_00_00,G,average,20,220.0,1.0,0,0,0,0
Delayed_Ships_[#],00_00_00_00,G,average,60,540.0,1.0,0,0,0,0
Delayed_Ships_[#],00_00_00_00,G,average,100,840.0,1.0,0,0,0,0
Delayed_Ships_[#],00_00_00_00,G&Wp,average,20,230.0,1.0,0,0,0,0
Delayed_Ships_[#],00_00_00_00,G&Wp,average,60,630.0,1.0,0,0,0,0
Delayed_Ships_[#],00_00_00_00,G&Wp,average,100,1110.0,1.0,0,0,0,0
Delayed_Ships_[#],00_00_00_00,Wp,average,20,240.0,1.0,0,0,0,0
Delayed_Ships_[#],00_00_00_00,Wp,average,60,720.0,1.0,0,0,0,0
Delayed_Ships_[#],00_00_00_00,Wp,average,100,1390.0,1.0,0,0,0,0
Delayed_Ships_[#],00_00_00_01,D,average,20,180.0,0.8,0,0,0,1
Delayed_Ships_[#],00_00_00_01,D,average,60,330.0,0.58,0,0,0,1
Delayed_Ships_[#],00_00_00_01,D,average,100,470.0,0.52,0,0,0,1
Delayed_Ships_[#],00_00_00_01,D&G,average,20,180.0,0.8,0,0,0,1
Delayed_Ships_[#],00_00_00_01,D&G,average,60,320.0,0.58,0,0,0,1
Delayed_Ships_[#],00_00_00_01,D&G,average,100,460.0,0.52,0,0,0,1
Delayed_Ships_[#],00_00_00_01,D&G&Wp,average,20,180.0,0.79,0,0,0,1
Delayed_Ships_[#],00_00_00_01,D&G&Wp,average,60,320.0,0.52,0,0,0,1
Delayed_Ships_[#],00_00_00_01,D&G&Wp,average,100,460.0,0.44,0,0,0,1
Delayed_Ships_[#],00_00_00_01,D&Wp,average,20,190.0,0.79,0,0,0,1
Delayed_Ships_[#],00_00_00_01,D&Wp,average,60,320.0,0.49,0,0,0,1
Delayed_Ships_[#],00_00_00_01,D&Wp,average,100,470.0,0.41,0,0,0,1
Delayed_Ships_[#],00_00_00_01,G,average,20,180.0,0.8,0,0,0,1
Delayed_Ships_[#],00_00_00_01,G,average,60,320.0,0.58,0,0,0,1
Delayed_Ships_[#],00_00_00_01,G,average,100,440.0,0.53,0,0,0,1
Delayed_Ships_[#],00_00_00_01,G&Wp,average,20,180.0,0.79,0,0,0,1
Delayed_Ships_[#],00_00_00_01,G&Wp,average,60,310.0,0.49,0,0,0,1
Delayed_Ships_[#],00_00_00_01,G&Wp,average,100,460.0,0.41,0,0,0,1
Delayed_Ships_[#],00_00_00_01,Wp,average,20,190.0,0.77,0,0,0,1
Delayed_Ships_[#],00_00_00_01,Wp,average,60,310.0,0.43,0,0,0,1
Delayed_Ships_[#],00_00_00_01,Wp,average,100,470.0,0.34,0,0,0,1
Delayed_Ships_[#],00_00_00_02,D,average,20,200.0,0.87,0,0,0,2
Delayed_Ships_[#],00_00_00_02,D,average,60,490.0,0.86,0,0,0,2
Delayed_Ships_[#],00_00_00_02,D,average,100,770.0,0.85,0,0,0,2
Delayed_Ships_[#],00_00_00_02,D&G,average,20,200.0,0.87,0,0,0,2
Delayed_Ships_[#],00_00_00_02,D&G,average,60,480.0,0.86,0,0,0,2
Delayed_Ships_[#],00_00_00_02,D&G,average,100,750.0,0.85,0,0,0,2
Delayed_Ships_[#],00_00_00_02,D&G&Wp,average,20,200.0,0.86,0,0,0,2
Delayed_Ships_[#],00_00_00_02,D&G&Wp,average,60,470.0,0.76,0,0,0,2
Delayed_Ships_[#],00_00_00_02,D&G&Wp,average,100,700.0,0.67,0,0,0,2
Delayed_Ships_[#],00_00_00_02,D&Wp,average,20,200.0,0.86,0,0,0,2
Delayed_Ships_[#],00_00_00_02,D&Wp,average,60,470.0,0.72,0,0,0,2
Delayed_Ships_[#],00_00_00_02,D&Wp,average,100,690.0,0.6,0,0,0,2
Delayed_Ships_[#],00_00_00_02,G,average,20,200.0,0.87,0,0,0,2
Delayed_Ships_[#],00_00_00_02,G,average,60,470.0,0.86,0,0,0,2
Delayed_Ships_[#],00_00_00_02,G,average,100,720.0,0.85,0,0,0,2
Delayed_Ships_[#],00_00_00_02,G&Wp,average,20,200.0,0.86,0,0,0,2
Delayed_Ships_[#],00_00_00_02,G&Wp,average,60,460.0,0.72,0,0,0,2
Delayed_Ships_[#],00_00_00_02,G&Wp,average,100,670.0,0.6,0,0,0,2
Delayed_Ships_[#],00_00_00_02,Wp,average,20,210.0,0.86,0,0,0,2
Delayed_Ships_[#],00_00_00_02,Wp,average,60,450.0,0.62,0,0,0,2
Delayed_Ships_[#],00_00_00_02,Wp,average,100,610.0,0.44,0,0,0,2
Delayed_Ships_[#],00_00_00_04,D,average,20,140.0,0.59,0,0,0,4
Delayed_Ships_[#],00_00_00_04,D,average,60,450.0,0.8,0,0,0,4
Delayed_Ships_[#],00_00_00_04,D,average,100,760.0,0.84,0,0,0,4
Delayed_Ships_[#],00_00_00_04,D&G,average,20,130.0,0.59,0,0,0,4
Delayed_Ships_[#],00_00_00_04,D&G,average,60,450.0,0.81,0,0,0,4
Delayed_Ships_[#],00_00_00_04,D&G,average,100,740.0,0.85,0,0,0,4
Delayed_Ships_[#],00_00_00_04,D&G&Wp,average,20,140.0,0.58,0,0,0,4
Delayed_Ships_[#],00_00_00_04,D&G&Wp,average,60,440.0,0.71,0,0,0,4
Delayed_Ships_[#],00_00_00_04,D&G&Wp,average,100,690.0,0.65,0,0,0,4
Delayed_Ships_[#],00_00_00_04,D&Wp,average,20,140.0,0.58,0,0,0,4
Delayed_Ships_[#],00_00_00_04,D&Wp,average,60,430.0,0.67,0,0,0,4
Delayed_Ships_[#],00_00_00_04,D&Wp,average,100,670.0,0.58,0,0,0,4
Delayed_Ships_[#],00_00_00_04,G,average,20,130.0,0.59,0,0,0,4
Delayed_Ships_[#],00_00_00_04,G,average,60,440.0,0.81,0,0,0,4
Delayed_Ships_[#],00_00_00_04,G,average,100,720.0,0.86,0,0,0,4
Delayed_Ships_[#],00_00_00_04,G&Wp,average,20,140.0,0.58,0,0,0,4
Delayed_Ships_[#],00_00_00_04,G&Wp,average,60,430.0,0.67,0,0,0,4
Delayed_Ships_[#],00_00_00_04,G&Wp,average,100,650.0,0.58,0,0,0,4
Delayed_Ships_[#],00_00_00_04,Wp,average,20,140.0,0.57,0,0,0,4
Delayed_Ships_[#],00_00_00_04,Wp,average,60,410.0,0.56,0,0,0,4
Delayed_Ships_[#],00_00_00_04,Wp,average,100,570.0,0.41,0,0,0,4
Delayed_Ships_[#],00_00_00_05,D,average,20,140.0,0.59,0,0,0,5
Delayed_Ships_[#],00_00_00_05,D,average,60,350.0,0.62,0,0,0,5
Delayed_Ships_[#],00_00_00_05,D,average,100,520.0,0.57,0,0,0,5
Delayed_Ships_[#],00_00_00_05,D&G,average,20,130.0,0.59,0,0,0,5
Delayed_Ships_[#],00_00_00_05,D&G,average,60,380.0,0.67,0,0,0,5
Delayed_Ships_[#],00_00_00_05,D&G,average,100,560.0,0.64,0,0,0,5
Delayed_Ships_[#],00_00_00_05,D&G&Wp,average,20,140.0,0.58,0,0,0,5
Delayed_Ships_[#],00_00_00_05,D&G&Wp,average,60,360.0,0.59,0,0,0,5
Delayed_Ships_[#],00_00_00_05,D&G&Wp,average,100,550.0,0.52,0,0,0,5
Delayed_Ships_[#],00_00_00_05,D&Wp,average,20,140.0,0.58,0,0,0,5
Delayed_Ships_[#],00_00_00_05,D&Wp,average,60,340.0,0.53,0,0,0,5
Delayed_Ships_[#],00_00_00_05,D&Wp,average,100,520.0,0.45,0,0,0,5
Delayed_Ships_[#],00_00_00_05,G,average,20,130.0,0.59,0,0,0,5
Delayed_Ships_[#],00_00_00_05,G,average,60,400.0,0.73,0,0,0,5
Delayed_Ships_[#],00_00_00_05,G,average,100,590.0,0.7,0,0,0,5
Delayed_Ships_[#],00_00_00_05,G&Wp,average,20,140.0,0.58,0,0,0,5
Delayed_Ships_[#],00_00_00_05,G&Wp,average,60,360.0,0.57,0,0,0,5
Delayed_Ships_[#],00_00_00_05,G&Wp,average,100,560.0,0.5,0,0,0,5
Delayed_Ships_[#],00_00_00_05,Wp,average,20,140.0,0.57,0,0,0,5
Delayed_Ships_[#],00_00_00_05,Wp,average,60,330.0,0.45,0,0,0,5
Delayed_Ships_[#],00_00_00_05,Wp,average,100,520.0,0.37,0,0,0,5
Delayed_Ships_[#],00_00_00_07,D,average,20,110.0,0.47,0,0,0,7
Delayed_Ships_[#],00_00_00_07,D,average,60,170.0,0.29,0,0,0,7
Delayed_Ships_[#],00_00_00_07,D,average,100,220.0,0.24,0,0,0,7
Delayed_Ships_[#],00_00_00_07,D&G,average,20,110.0,0.47,0,0,0,7
Delayed_Ships_[#],00_00_00_07,D&G,average,60,160.0,0.29,0,0,0,7
Delayed_Ships_[#],00_00_00_07,D&G,average,100,210.0,0.24,0,0,0,7
Delayed_Ships_[#],00_00_00_07,D&G&Wp,average,20,110.0,0.46,0,0,0,7
Delayed_Ships_[#],00_00_00_07,D&G&Wp,average,60,180.0,0.29,0,0,0,7
Delayed_Ships_[#],00_00_00_07,D&G&Wp,average,100,280.0,0.26,0,0,0,7
Delayed_Ships_[#],00_00_00_07,D&Wp,average,20,110.0,0.46,0,0,0,7
Delayed_Ships_[#],00_00_00_07,D&Wp,average,60,190.0,0.29,0,0,0,7
Delayed_Ships_[#],00_00_00_07,D&Wp,average,100,320.0,0.27,0,0,0,7
Delayed_Ships_[#],00_00_00_07,G,average,20,110.0,0.47,0,0,0,7
Delayed_Ships_[#],00_00_00_07,G,average,60,160.0,0.29,0,0,0,7
Delayed_Ships_[#],00_00_00_07,G,average,100,200.0,0.24,0,0,0,7
Delayed_Ships_[#],00_00_00_07,G&Wp,average,20,110.0,0.46,0,0,0,7
Delayed_Ships_[#],00_00_00_07,G&Wp,average,60,190.0,0.29,0,0,0,7
Delayed_Ships_[#],00_00_00_07,G&Wp,average,100,310.0,0.27,0,0,0,7
Delayed_Ships_[#],00_00_00_07,Wp,average,20,110.0,0.45,0,0,0,7
Delayed_Ships_[#],00_00_00_07,Wp,average,60,220.0,0.3,0,0,0,7
Delayed_Ships_[#],00_00_00_07,Wp,average,100,410.0,0.3,0,0,0,7
Delayed_Ships_[#],00_00_00_08,D,average,20,110.0,0.47,0,0,0,8
Delayed_Ships_[#],00_00_00_08,D,average,60,170.0,0.29,0,0,0,8
Delayed_Ships_[#],00_00_00_08,D,average,100,220.0,0.24,0,0,0,8
Delayed_Ships_[#],00_00_00_08,D&G,average,20,110.0,0.47,0,0,0,8
Delayed_Ships_[#],00_00_00_08,D&G,average,60,160.0,0.29,0,0,0,8
Delayed_Ships_[#],00_00_00_08,D&G,average,100,210.0,0.24,0,0,0,8
Delayed_Ships_[#],00_00_00_08,D&G&Wp,average,20,110.0,0.46,0,0,0,8
Delayed_Ships_[#],00_00_00_08,D&G&Wp,average,60,180.0,0.29,0,0,0,8
Delayed_Ships_[#],00_00_00_08,D&G&Wp,average,100,280.0,0.26,0,0,0,8
Delayed_Ships_[#],00_00_00_08,D&Wp,average,20,110.0,0.46,0,0,0,8
Delayed_Ships_[#],00_00_00_08,D&Wp,average,60,190.0,0.29,0,0,0,8
Delayed_Ships_[#],00_00_00_08,D&Wp,average,100,320.0,0.27,0,0,0,8
Delayed_Ships_[#],00_00_00_08,G,average,20,110.0,0.47,0,0,0,8
Delayed_Ships_[#],00_00_00_08,G,average,60,160.0,0.29,0,0,0,8
Delayed_Ships_[#],00_00_00_08,G,average,100,200.0,0.24,0,0,0,8
Delayed_Ships_[#],00_00_00_08,G&Wp,average,20,110.0,0.46,0,0,0,8
Delayed_Ships_[#],00_00_00_08,G&Wp,average,60,190.0,0.29,0,0,0,8
Delayed_Ships_[#],00_00_00_08,G&Wp,average,100,310.0,0.27,0,0,0,8
Delayed_Ships_[#],00_00_00_08,Wp,average,20,110.0,0.45,0,0,0,8
Delayed_Ships_[#],00_00_00_08,Wp,average,60,220.0,0.3,0,0,0,8
Delayed_Ships_[#],00_00_00_08,Wp,average,100,410.0,0.3,0,0,0,8
Delayed_Ships_[#],00_00_00_09,D,average,20,110.0,0.47,0,0,0,9
Delayed_Ships_[#],00_00_00_09,D,average,60,170.0,0.29,0,0,0,9
Delayed_Ships_[#],00_00_00_09,D,average,100,220.0,0.24,0,0,0,9
Delayed_Ships_[#],00_00_00_09,D&G,average,20,110.0,0.47,0,0,0,9
Delayed_Ships_[#],00_00_00_09,D&G,average,60,160.0,0.29,0,0,0,9
Delayed_Ships_[#],00_00_00_09,D&G,average,100,210.0,0.24,0,0,0,9
Delayed_Ships_[#],00_00_00_09,D&G&Wp,average,20,110.0,0.46,0,0,0,9
Delayed_Ships_[#],00_00_00_09,D&G&Wp,average,60,180.0,0.29,0,0,0,9
Delayed_Ships_[#],00_00_00_09,D&G&Wp,average,100,280.0,0.26,0,0,0,9
Delayed_Ships_[#],00_00_00_09,D&Wp,average,20,110.0,0.46,0,0,0,9
Delayed_Ships_[#],00_00_00_09,D&Wp,average,60,190.0,0.29,0,0,0,9
Delayed_Ships_[#],00_00_00_09,D&Wp,average,100,320.0,0.27,0,0,0,9
Delayed_Ships_[#],00_00_00_09,G,average,20,110.0,0.47,0,0,0,9
Delayed_Ships_[#],00_00_00_09,G,average,60,160.0,0.29,0,0,0,9
Delayed_Ships_[#],00_00_00_09,G,average,100,200.0,0.24,0,0,0,9
Delayed_Ships_[#],00_00_00_09,G&Wp,average,20,110.0,0.46,0,0,0,9
Delayed_Ships_[#],00_00_00_09,G&Wp,average,60,190.0,0.29,0,0,0,9
Delayed_Ships_[#],00_00_00_09,G&Wp,average,100,310.0,0.27,0,0,0,9
Delayed_Ships_[#],00_00_00_09,Wp,average,20,110.0,0.45,0,0,0,9
Delayed_Ships_[#],00_00_00_09,Wp,average,60,220.0,0.3,0,0,0,9
Delayed_Ships_[#],00_00_00_09,Wp,average,100,410.0,0.3,0,0,0,9
Delayed_Ships_[#],00_00_01_00,D,average,20,230.0,1.0,0,0,1,0
Delayed_Ships_[#],00_00_01_00,D,average,60,570.0,1.0,0,0,1,0
Delayed_Ships_[#],00_00_01_00,D,average,100,910.0,1.0,0,0,1,0
Delayed_Ships_[#],00_00_01_00,D&G,average,20,230.0,1.0,0,0,1,0
Delayed_Ships_[#],00_00_01_00,D&G,average,60,560.0,1.0,0,0,1,0
Delayed_Ships_[#],00_00_01_00,D&G,average,100,870.0,1.0,0,0,1,0
Delayed_Ships_[#],00_00_01_00,D&G&Wp,average,20,230.0,1.0,0,0,1,0
Delayed_Ships_[#],00_00_01_00,D&G&Wp,average,60,610.0,1.0,0,0,1,0
Delayed_Ships_[#],00_00_01_00,D&G&Wp,average,100,1040.0,1.0,0,0,1,0
Delayed_Ships_[#],00_00_01_00,D&Wp,average,20,230.0,1.0,0,0,1,0
Delayed_Ships_[#],00_00_01_00,D&Wp,average,60,640.0,1.0,0,0,1,0
Delayed_Ships_[#],00_00_01_00,D&Wp,average,100,1150.0,1.0,0,0,1,0
Delayed_Ships_[#],00_00_01_00,G,average,20,220.0,1.0,0,0,1,0
Delayed_Ships_[#],00_00_01_00,G,average,60,540.0,1.0,0,0,1,0
Delayed_Ships_[#],00_00_01_00,G,average,100,840.0,1.0,0,0,1,0
Delayed_Ships_[#],00_00_01_00,G&Wp,average,20,230.0,1.0,0,0,1,0
Delayed_Ships_[#],00_00_01_00,G&Wp,average,60,630.0,1.0,0,0,1,0
Delayed_Ships_[#],00_00_01_00,G&Wp,average,100,1110.0,1.0,0,0,1,0
Delayed_Ships_[#],00_00_01_00,Wp,average,20,240.0,1.0,0,0,1,0
Delayed_Ships_[#],00_00_01_00,Wp,average,60,720.0,1.0,0,0,1,0
Delayed_Ships_[#],00_00_01_00,Wp,average,100,1390.0,1.0,0,0,1,0
Delayed_Ships_[#],00_00_01_01,D,average,20,180.0,0.8,0,0,1,1
Delayed_Ships_[#],00_00_01_01,D,average,60,330.0,0.58,0,0,1,1
Delayed_Ships_[#],00_00_01_01,D,average,100,470.0,0.52,0,0,1,1
Delayed_Ships_[#],00_00_01_01,D&G,average,20,180.0,0.8,0,0,1,1
Delayed_Ships_[#],00_00_01_01,D&G,average,60,320.0,0.58,0,0,1,1
Delayed_Ships_[#],00_00_01_01,D&G,average,100,460.0,0.52,0,0,1,1
Delayed_Ships_[#],00_00_01_01,D&G&Wp,average,20,180.0,0.79,0,0,1,1
Delayed_Ships_[#],00_00_01_01,D&G&Wp,average,60,320.0,0.52,0,0,1,1
Delayed_Ships_[#],00_00_01_01,D&G&Wp,average,100,460.0,0.44,0,0,1,1
Delayed_Ships_[#],00_00_01_01,D&Wp,average,20,190.0,0.79,0,0,1,1
Delayed_Ships_[#],00_00_01_01,D&Wp,average,60,320.0,0.49,0,0,1,1
Delayed_Ships_[#],00_00_01_01,D&Wp,average,100,470.0,0.41,0,0,1,1
Delayed_Ships_[#],00_00_01_01,G,average,20,180.0,0.8,0,0,1,1
Delayed_Ships_[#],00_00_01_01,G,average,60,320.0,0.58,0,0,1,1
Delayed_Ships_[#],00_00_01_01,G,average,100,440.0,0.53,0,0,1,1
Delayed_Ships_[#],00_00_01_01,G&Wp,average,20,180.0,0.79,0,0,1,1
Delayed_Ships_[#],00_00_01_01,G&Wp,average,60,310.0,0.49,0,0,1,1
Delayed_Ships_[#],00_00_01_01,G&Wp,average,100,460.0,0.41,0,0,1,1
Delayed_Ships_[#],00_00_01_01,Wp,average,20,190.0,0.77,0,0,1,1
Delayed_Ships_[#],00_00_01_01,Wp,average,60,310.0,0.43,0,0,1,1
Delayed_Ships_[#],00_00_01_01,Wp,average,100,470.0,0.34,0,0,1,1
Delayed_Ships_[#],00_00_01_02,D,average,20,200.0,0.87,0,0,1,2
Delayed_Ships_[#],00_00_01_02,D,average,60,490.0,0.86,0,0,1,2
Delayed_Ships_[#],00_00_01_02,D,average,100,770.0,0.85,0,0,1,2
Delayed_Ships_[#],00_00_01_02,D&G,average,20,200.0,0.87,0,0,1,2
Delayed_Ships_[#],00_00_01_02,D&G,average,60,480.0,0.86,0,0,1,2
Delayed_Ships_[#],00_00_01_02,D&G,average,100,750.0,0.85,0,0,1,2
Delayed_Ships_[#],00_00_01_02,D&G&Wp,average,20,200.0,0.86,0,0,1,2
Delayed_Ships_[#],00_00_01_02,D&G&Wp,average,60,470.0,0.76,0,0,1,2
Delayed_Ships_[#],00_00_01_02,D&G&Wp,average,100,700.0,0.67,0,0,1,2
Delayed_Ships_[#],00_00_01_02,D&Wp,average,20,200.0,0.86,0,0,1,2
Delayed_Ships_[#],00_00_01_02,D&Wp,average,60,470.0,0.72,0,0,1,2
Delayed_Ships_[#],00_00_01_02,D&Wp,average,100,690.0,0.6,0,0,1,2
Delayed_Ships_[#],00_00_01_02,G,average,20,200.0,0.87,0,0,1,2
Delayed_Ships_[#],00_00_01_02,G,average,60,470.0,0.86,0,0,1,2
Delayed_Ships_[#],00_00_01_02,G,average,100,720.0,0.85,0,0,1,2
Delayed_Ships_[#],00_00_01_02,G&Wp,average,20,200.0,0.86,0,0,1,2
Delayed_Ships_[#],00_00_01_02,G&Wp,average,60,460.0,0.72,0,0,1,2
Delayed_Ships_[#],00_00_01_02,G&Wp,average,100,670.0,0.6,0,0,1,2
Delayed_Ships_[#],00_00_01_02,Wp,average,20,210.0,0.86,0,0,1,2
Delayed_Ships_[#],00_00_01_02,Wp,average,60,450.0,0.62,0,0,1,2
Delayed_Ships_[#],00_00_01_02,Wp,average,100,610.0,0.44,0,0,1,2
Delayed_Ships_[#],00_00_01_04,D,average,20,140.0,0.59,0,0,1,4
Delayed_Ships_[#],00_00_01_04,D,average,60,450.0,0.8,0,0,1,4
Delayed_Ships_[#],00_00_01_04,D,average,100,760.0,0.84,0,0,1,4
Delayed_Ships_[#],00_00_01_04,D&G,average,20,130.0,0.59,0,0,1,4
Delayed_Ships_[#],00_00_01_04,D&G,average,60,450.0,0.81,0,0,1,4
Delayed_Ships_[#],00_00_01_04,D&G,average,100,740.0,0.85,0,0,1,4
Delayed_Ships_[#],00_00_01_04,D&G&Wp,average,20,140.0,0.58,0,0,1,4
Delayed_Ships_[#],00_00_01_04,D&G&Wp,average,60,440.0,0.71,0,0,1,4
Delayed_Ships_[#],00_00_01_04,D&G&Wp,average,100,690.0,0.65,0,0,1,4
Delayed_Ships_[#],00_00_01_04,D&Wp,average,20,140.0,0.58,0,0,1,4
Delayed_Ships_[#],00_00_01_04,D&Wp,average,60,430.0,0.67,0,0,1,4
Delayed_Ships_[#],00_00_01_04,D&Wp,average,100,670.0,0.58,0,0,1,4
Delayed_Ships_[#],00_00_01_04,G,average,20,130.0,0.59,0,0,1,4
Delayed_Ships_[#],00_00_01_04,G,average,60,440.0,0.81,0,0,1,4
Delayed_Ships_[#],00_00_01_04,G,average,100,720.0,0.86,0,0,1,4
Delayed_Ships_[#],00_00_01_04,G&Wp,average,20,140.0,0.58,0,0,1,4
Delayed_Ships_[#],00_00_01_04,G&Wp,average,60,430.0,0.67,0,0,1,4
Delayed_Ships_[#],00_00_01_04,G&Wp,average,100,650.0,0.58,0,0,1,4
Delayed_Ships_[#],00_00_01_04,Wp,average,20,140.0,0.57,0,0,1,4
Delayed_Ships_[#],00_00_01_04,Wp,average,60,410.0,0.56,0,0,1,4
Delayed_Ships_[#],00_00_01_04,Wp,average,100,570.0,0.41,0,0,1,4
Delayed_Ships_[#],00_00_01_05,D,average,20,140.0,0.59,0,0,1,5
Delayed_Ships_[#],00_00_01_05,D,average,60,350.0,0.62,0,0,1,5
Delayed_Ships_[#],00_00_01_05,D,average,100,520.0,0.57,0,0,1,5
Delayed_Ships_[#],00_00_01_05,D&G,average,20,130.0,0.59,0,0,1,5
Delayed_Ships_[#],00_00_01_05,D&G,average,60,380.0,0.67,0,0,1,5
Delayed_Ships_[#],00_00_01_05,D&G,average,100,560.0,0.64,0,0,1,5
Delayed_Ships_[#],00_00_01_05,D&G&Wp,average,20,140.0,0.58,0,0,1,5
Delayed_Ships_[#],00_00_01_05,D&G&Wp,average,60,360.0,0.59,0,0,1,5
Delayed_Ships_[#],00_00_01_05,D&G&Wp,average,100,550.0,0.52,0,0,1,5
Delayed_Ships_[#],00_00_01_05,D&Wp,average,20,140.0,0.58,0,0,1,5
Delayed_Ships_[#],00_00_01_05,D&Wp,average,60,340.0,0.53,0,0,1,5
Delayed_Ships_[#],00_00_01_05,D&Wp,average,100,520.0,0.45,0,0,1,5
Delayed_Ships_[#],00_00_01_05,G,average,20,130.0,0.59,0,0,1,5
Delayed_Ships_[#],00_00_01_05,G,average,60,400.0,0.73,0,0,1,5
Delayed_Ships_[#],00_00_01_05,G,average,100,590.0,0.7,0,0,1,5
Delayed_Ships_[#],00_00_01_05,G&Wp,average,20,140.0,0.58,0,0,1,5
Delayed_Ships_[#],00_00_01_05,G&Wp,average,60,360.0,0.57,0,0,1,5
Delayed_Ships_[#],00_00_01_05,G&Wp,average,100,560.0,0.5,0,0,1,5
Delayed_Ships_[#],00_00_01_05,Wp,average,20,140.0,0.57,0,0,1,5
Delayed_Ships_[#],00_00_01_05,Wp,average,60,330.0,0.45,0,0,1,5
Delayed_Ships_[#],00_00_01_05,Wp,average,100,520.0,0.37,0,0,1,5
Delayed_Ships_[#],00_00_01_07,D,average,20,110.0,0.47,0,0,1,7
Delayed_Ships_[#],00_00_01_07,D,average,60,170.0,0.29,0,0,1,7
Delayed_Ships_[#],00_00_01_07,D,average,100,220.0,0.24,0,0,1,7
Delayed_Ships_[#],00_00_01_07,D&G,average,20,110.0,0.47,0,0,1,7
Delayed_Ships_[#],00_00_01_07,D&G,average,60,160.0,0.29,0,0,1,7
Delayed_Ships_[#],00_00_01_07,D&G,average,100,210.0,0.24,0,0,1,7
Delayed_Ships_[#],00_00_01_07,D&G&Wp,average,20,110.0,0.46,0,0,1,7
Delayed_Ships_[#],00_00_01_07,D&G&Wp,average,60,180.0,0.29,0,0,1,7
Delayed_Ships_[#],00_00_01_07,D&G&Wp,average,100,280.0,0.26,0,0,1,7
Delayed_Ships_[#],00_00_01_07,D&Wp,average,20,110.0,0.46,0,0,1,7
Delayed_Ships_[#],00_00_01_07,D&Wp,average,60,190.0,0.29,0,0,1,7
Delayed_Ships_[#],00_00_01_07,D&Wp,average,100,320.0,0.27,0,0,1,7
Delayed_Ships_[#],00_00_01_07,G,average,20,110.0,0.47,0,0,1,7
Delayed_Ships_[#],00_00_01_07,G,average,60,160.0,0.29,0,0,1,7
Delayed_Ships_[#],00_00_01_07,G,average,100,200.0,0.24,0,0,1,7
Delayed_Ships_[#],00_00_01_07,G&Wp,average,20,110.0,0.46,0,0,1,7
Delayed_Ships_[#],00_00_01_07,G&Wp,average,60,190.0,0.29,0,0,1,7
Delayed_Ships_[#],00_00_01_07,G&Wp,average,100,310.0,0.27,0,0,1,7
Delayed_Ships_[#],00_00_01_07,Wp,average,20,110.0,0.45,0,0,1,7
Delayed_Ships_[#],00_00_01_07,Wp,average,60,220.0,0.3,0,0,1,7
Delayed_Ships_[#],00_00_01_07,Wp,average,100,410.0,0.3,0,0,1,7
Delayed_Ships_[#],00_00_01_08,D,average,20,110.0,0.47,0,0,1,8
Delayed_Ships_[#],00_00_01_08,D,average,60,170.0,0.29,0,0,1,8
Delayed_Ships_[#],00_00_01_08,D,average,100,220.0,0.24,0,0,1,8
Delayed_Ships_[#],00_00_01_08,D&G,average,20,110.0,0.47,0,0,1,8
Delayed_Ships_[#],00_00_01_08,D&G,average,60,160.0,0.29,0,0,1,8
Delayed_Ships_[#],00_00_01_08,D&G,average,100,210.0,0.24,0,0,1,8
Delayed_Ships_[#],00_00_01_08,D&G&Wp,average,20,110.0,0.46,0,0,1,8
Delayed_Ships_[#],00_00_01_08,D&G&Wp,average,60,180.0,0.29,0,0,1,8
Delayed_Ships_[#],00_00_01_08,D&G&Wp,average,100,280.0,0.26,0,0,1,8
Delayed_Ships_[#],00_00_01_08,D&Wp,average,20,110.0,0.46,0,0,1,8
Delayed_Ships_[#],00_00_01_08,D&Wp,average,60,190.0,0.29,0,0,1,8
Delayed_Ships_[#],00_00_01_08,D&Wp,average,100,320.0,0.27,0,0,1,8
Delayed_Ships_[#],00_00_01_08,G,average,20,110.0,0.47,0,0,1,8
Delayed_Ships_[#],00_00_01_08,G,average,60,160.0,0.29,0,0,1,8
Delayed_Ships_[#],00_00_01_08,G,average,100,200.0,0.24,0,0,1,8
Delayed_Ships_[#],00_00_01_08,G&Wp,average,20,110.0,0.46,0,0,1,8
Delayed_Ships_[#],00_00_01_08,G&Wp,average,60,190.0,0.29,0,0,1,8
Delayed_Ships_[#],00_00_01_08,G&Wp,average,100,310.0,0.27,0,0,1,8
Delayed_Ships_[#],00_00_01_08,Wp,average,20,110.0,0.45,0,0,1,8
Delayed_Ships_[#],00_00_01_08,Wp,average,60,220.0,0.3,0,0,1,8
Delayed_Ships_[#],00_00_01_08,Wp,average,100,410.0,0.3,0,0,1,8
Delayed_Ships_[#],00_00_01_09,D,average,20,110.0,0.47,0,0,1,9
Delayed_Ships_[#],00_00_01_09,D,average,60,170.0,0.29,0,0,1,9
Delayed_Ships_[#],00_00_01_09,D,average,100,220.0,0.24,0,0,1,9
Delayed_Ships_[#],00_00_01_09,D&G,average,20,110.0,0.47,0,0,1,9
Delayed_Ships_[#],00_00_01_09,D&G,average,60,160.0,0.29,0,0,1,9
Delayed_Ships_[#],00_00_01_09,D&G,average,100,210.0,0.24,0,0,1,9
Delayed_Ships_[#],00_00_01_09,D&G&Wp,average,20,110.0,0.46,0,0,1,9
Delayed_Ships_[#],00_00_01_09,D&G&Wp,average,60,180.0,0.29,0,0,1,9
Delayed_Ships_[#],00_00_01_09,D&G&Wp,average,100,280.0,0.26,0,0,1,9
Delayed_Ships_[#],00_00_01_09,D&Wp,average,20,110.0,0.46,0,0,1,9
Delayed_Ships_[#],00_00_01_09,D&Wp,average,60,190.0,0.29,0,0,1,9
Delayed_Ships_[#],00_00_01_09,D&Wp,average,100,320.0,0.27,0,0,1,9
Delayed_Ships_[#],00_00_01_09,G,average,20,110.0,0.47,0,0,1,9
Delayed_Ships_[#],00_00_01_09,G,average,60,160.0,0.29,0,0,1,9
Delayed_Ships_[#],00_00_01_09,G,average,100,200.0,0.24,0,0,1,9
Delayed_Ships_[#],00_00_01_09,G&Wp,average,20,110.0,0.46,0,0,1,9
Delayed_Ships_[#],00_00_01_09,G&Wp,average,60,190.0,0.29,0,0,1,9
Delayed_Ships_[#],00_00_01_09,G&Wp,average,100,310.0,0.27,0,0,1,9
Delayed_Ships_[#],00_00_01_09,Wp,average,20,110.0,0.45,0,0,1,9
Delayed_Ships_[#],00_00_01_09,Wp,average,60,220.0,0.3,0,0,1,9
Delayed_Ships_[#],00_00_01_09,Wp,average,100,410.0,0.3,0,0,1,9
Delayed_Ships_[#],00_00_03_00,D,average,20,230.0,1.0,0,0,3,0
Delayed_Ships_[#],00_00_03_00,D,average,60,570.0,1.0,0,0,3,0
Delayed_Ships_[#],00_00_03_00,D,average,100,910.0,1.0,0,0,3,0
Delayed_Ships_[#],00_00_03_00,D&G,average,20,230.0,1.0,0,0,3,0
Delayed_Ships_[#],00_00_03_00,D&G,average,60,560.0,1.0,0,0,3,0
Delayed_Ships_[#],00_00_03_00,D&G,average,100,870.0,1.0,0,0,3,0
Delayed_Ships_[#],00_00_03_00,D&G&Wp,average,20,230.0,1.0,0,0,3,0
Delayed_Ships_[#],00_00_03_00,D&G&Wp,average,60,610.0,1.0,0,0,3,0
Delayed_Ships_[#],00_00_03_00,D&G&Wp,average,100,1040.0,1.0,0,0,3,0
Delayed_Ships_[#],00_00_03_00,D&Wp,average,20,230.0,1.0,0,0,3,0
Delayed_Ships_[#],00_00_03_00,D&Wp,average,60,640.0,1.0,0,0,3,0
Delayed_Ships_[#],00_00_03_00,D&Wp,average,100,1150.0,1.0,0,0,3,0
Delayed_Ships_[#],00_00_03_00,G,average,20,220.0,1.0,0,0,3,0
Delayed_Ships_[#],00_00_03_00,G,average,60,540.0,1.0,0,0,3,0
Delayed_Ships_[#],00_00_03_00,G,average,100,840.0,1.0,0,0,3,0
Delayed_Ships_[#],00_00_03_00,G&Wp,average,20,230.0,1.0,0,0,3,0
Delayed_Ships_[#],00_00_03_00,G&Wp,average,60,630.0,1.0,0,0,3,0
Delayed_Ships_[#],00_00_03_00,G&Wp,average,100,1110.0,1.0,0,0,3,0
Delayed_Ships_[#],00_00_03_00,Wp,average,20,240.0,1.0,0,0,3,0
Delayed_Ships_[#],00_00_03_00,Wp,average,60,720.0,1.0,0,0,3,0
Delayed_Ships_[#],00_00_03_00,Wp,average,100,1390.0,1.0,0,0,3,0
Delayed_Ships_[#],00_00_03_01,D,average,20,180.0,0.8,0,0,3,1
Delayed_Ships_[#],00_00_03_01,D,average,60,330.0,0.58,0,0,3,1
Delayed_Ships_[#],00_00_03_01,D,average,100,470.0,0.52,0,0,3,1
Delayed_Ships_[#],00_00_03_01,D&G,average,20,180.0,0.8,0,0,3,1
Delayed_Ships_[#],00_00_03_01,D&G,average,60,320.0,0.58,0,0,3,1
Delayed_Ships_[#],00_00_03_01,D&G,average,100,460.0,0.52,0,0,3,1
Delayed_Ships_[#],00_00_03_01,D&G&Wp,average,20,180.0,0.79,0,0,3,1
Delayed_Ships_[#],00_00_03_01,D&G&Wp,average,60,320.0,0.52,0,0,3,1
Delayed_Ships_[#],00_00_03_01,D&G&Wp,average,100,460.0,0.44,0,0,3,1
Delayed_Ships_[#],00_00_03_01,D&Wp,average,20,190.0,0.79,0,0,3,1
Delayed_Ships_[#],00_00_03_01,D&Wp,average,60,320.0,0.49,0,0,3,1
Delayed_Ships_[#],00_00_03_01,D&Wp,average,100,470.0,0.41,0,0,3,1
Delayed_Ships_[#],00_00_03_01,G,average,20,180.0,0.8,0,0,3,1
Delayed_Ships_[#],00_00_03_01,G,average,60,320.0,0.58,0,0,3,1
Delayed_Ships_[#],00_00_03_01,G,average,100,440.0,0.53,0,0,3,1
Delayed_Ships_[#],00_00_03_01,G&Wp,average,20,180.0,0.79,0,0,3,1
Delayed_Ships_[#],00_00_03_01,G&Wp,average,60,310.0,0.49,0,0,3,1
Delayed_Ships_[#],00_00_03_01,G&Wp,average,100,460.0,0.41,0,0,3,1
Delayed_Ships_[#],00_00_03_01,Wp,average,20,190.0,0.77,0,0,3,1
Delayed_Ships_[#],00_00_03_01,Wp,average,60,310.0,0.43,0,0,3,1
Delayed_Ships_[#],00_00_03_01,Wp,average,100,470.0,0.34,0,0,3,1
Delayed_Ships_[#],00_00_03_02,D,average,20,200.0,0.87,0,0,3,2
Delayed_Ships_[#],00_00_03_02,D,average,60,490.0,0.86,0,0,3,2
Delayed_Ships_[#],00_00_03_02,D,average,100,770.0,0.85,0,0,3,2
Delayed_Ships_[#],00_00_03_02,D&G,average,20,200.0,0.87,0,0,3,2
Delayed_Ships_[#],00_00_03_02,D&G,average,60,480.0,0.86,0,0,3,2
Delayed_Ships_[#],00_00_03_02,D&G,average,100,750.0,0.85,0,0,3,2
Delayed_Ships_[#],00_00_03_02,D&G&Wp,average,20,200.0,0.86,0,0,3,2
Delayed_Ships_[#],00_00_03_02,D&G&Wp,average,60,470.0,0.76,0,0,3,2
Delayed_Ships_[#],00_00_03_02,D&G&Wp,average,100,700.0,0.67,0,0,3,2
Delayed_Ships_[#],00_00_03_02,D&Wp,average,20,200.0,0.86,0,0,3,2
Delayed_Ships_[#],00_00_03_02,D&Wp,average,60,470.0,0.72,0,0,3,2
Delayed_Ships_[#],00_00_03_02,D&Wp,average,100,690.0,0.6,0,0,3,2
Delayed_Ships_[#],00_00_03_02,G,average,20,200.0,0.87,0,0,3,2
Delayed_Ships_[#],00_00_03_02,G,average,60,470.0,0.86,0,0,3,2
Delayed_Ships_[#],00_00_03_02,G,average,100,720.0,0.85,0,0,3,2
Delayed_Ships_[#],00_00_03_02,G&Wp,average,20,200.0,0.86,0,0,3,2
Delayed_Ships_[#],00_00_03_02,G&Wp,average,60,460.0,0.72,0,0,3,2
Delayed_Ships_[#],00_00_03_02,G&Wp,average,100,670.0,0.6,0,0,3,2
Delayed_Ships_[#],00_00_03_02,Wp,average,20,210.0,0.86,0,0,3,2
Delayed_Ships_[#],00_00_03_02,Wp,average,60,450.0,0.62,0,0,3,2
Delayed_Ships_[#],00_00_03_02,Wp,average,100,610.0,0.44,0,0,3,2
Delayed_Ships_[#],00_00_03_04,D,average,20,140.0,0.59,0,0,3,4
Delayed_Ships_[#],00_00_03_04,D,average,60,450.0,0.8,0,0,3,4
Delayed_Ships_[#],00_00_03_04,D,average,100,760.0,0.84,0,0,3,4
Delayed_Ships_[#],00_00_03_04,D&G,average,20,130.0,0.59,0,0,3,4
Delayed_Ships_[#],00_00_03_04,D&G,average,60,450.0,0.81,0,0,3,4
Delayed_Ships_[#],00_00_03_04,D&G,average,100,740.0,0.85,0,0,3,4
Delayed_Ships_[#],00_00_03_04,D&G&Wp,average,20,140.0,0.58,0,0,3,4
Delayed_Ships_[#],00_00_03_04,D&G&Wp,average,60,440.0,0.71,0,0,3,4
Delayed_Ships_[#],00_00_03_04,D&G&Wp,average,100,690.0,0.65,0,0,3,4
Delayed_Ships_[#],00_00_03_04,D&Wp,average,20,140.0,0.58,0,0,3,4
Delayed_Ships_[#],00_00_03_04,D&Wp,average,60,430.0,0.67,0,0,3,4
Delayed_Ships_[#],00_00_03_04,D&Wp,average,100,670.0,0.58,0,0,3,4
Delayed_Ships_[#],00_00_03_04,G,average,20,130.0,0.59,0,0,3,4
Delayed_Ships_[#],00_00_03_04,G,average,60,440.0,0.81,0,0,3,4
Delayed_Ships_[#],00_00_03_04,G,average,100,720.0,0.86,0,0,3,4
Delayed_Ships_[#],00_00_03_04,G&Wp,average,20,140.0,0.58,0,0,3,4
Delayed_Ships_[#],00_00_03_04,G&Wp,average,60,430.0,0.67,0,0,3,4
Delayed_Ships_[#],00_00_03_04,G&Wp,average,100,650.0,0.58,0,0,3,4
Delayed_Ships_[#],00_00_03_04,Wp,average,20,140.0,0.57,0,0,3,4
Delayed_Ships_[#],00_00_03_04,Wp,average,60,410.0,0.56,0,0,3,4
Delayed_Ships_[#],00_00_03_04,Wp,average,100,570.0,0.41,0,0,3,4
Delayed_Ships_[#],00_00_03_05,D,average,20,140.0,0.59,0,0,3,5
Delayed_Ships_[#],00_00_03_05,D,average,60,350.0,0.62,0,0,3,5
Delayed_Ships_[#],00_00_03_05,D,average,100,520.0,0.57,0,0,3,5
Delayed_Ships_[#],00_00_03_05,D&G,average,20,130.0,0.59,0,0,3,5
Delayed_Ships_[#],00_00_03_05,D&G,average,60,380.0,0.67,0,0,3,5
Delayed_Ships_[#],00_00_03_05,D&G,average,100,560.0,0.64,0,0,3,5
Delayed_Ships_[#],00_00_03_05,D&G&Wp,average,20,140.0,0.58,0,0,3,5
Delayed_Ships_[#],00_00_03_05,D&G&Wp,average,60,360.0,0.59,0,0,3,5
Delayed_Ships_[#],00_00_03_05,D&G&Wp,average,100,550.0,0.52,0,0,3,5
Delayed_Ships_[#],00_00_03_05,D&Wp,average,20,140.0,0.58,0,0,3,5
Delayed_Ships_[#],00_00_03_05,D&Wp,average,60,340.0,0.53,0,0,3,5
Delayed_Ships_[#],00_00_03_05,D&Wp,average,100,520.0,0.45,0,0,3,5
Delayed_Ships_[#],00_00_03_05,G,average,20,130.0,0.59,0,0,3,5
Delayed_Ships_[#],00_00_03_05,G,average,60,400.0,0.73,0,0,3,5
Delayed_Ships_[#],00_00_03_05,G,average,100,590.0,0.7,0,0,3,5
Delayed_Ships_[#],00_00_03_05,G&Wp,average,20,140.0,0.58,0,0,3,5
Delayed_Ships_[#],00_00_03_05,G&Wp,average,60,360.0,0.57,0,0,3,5
Delayed_Ships_[#],00_00_03_05,G&Wp,average,100,560.0,0.5,0,0,3,5
Delayed_Ships_[#],00_00_03_05,Wp,average,20,140.0,0.57,0,0,3,5
Delayed_Ships_[#],00_00_03_05,Wp,average,60,330.0,0.45,0,0,3,5
Delayed_Ships_[#],00_00_03_05,Wp,average,100,520.0,0.37,0,0,3,5
Delayed_Ships_[#],00_00_03_07,D,average,20,110.0,0.47,0,0,3,7
Delayed_Ships_[#],00_00_03_07,D,average,60,170.0,0.29,0,0,3,7
Delayed_Ships_[#],00_00_03_07,D,average,100,220.0,0.24,0,0,3,7
Delayed_Ships_[#],00_00_03_07,D&G,average,20,110.0,0.47,0,0,3,7
Delayed_Ships_[#],00_00_03_07,D&G,average,60,160.0,0.29,0,0,3,7
Delayed_Ships_[#],00_00_03_07,D&G,average,100,210.0,0.24,0,0,3,7
Delayed_Ships_[#],00_00_03_07,D&G&Wp,average,20,110.0,0.46,0,0,3,7
Delayed_Ships_[#],00_00_03_07,D&G&Wp,average,60,180.0,0.29,0,0,3,7
Delayed_Ships_[#],00_00_03_07,D&G&Wp,average,100,280.0,0.26,0,0,3,7
Delayed_Ships_[#],00_00_03_07,D&Wp,average,20,110.0,0.46,0,0,3,7
Delayed_Ships_[#],00_00_03_07,D&Wp,average,60,190.0,0.29,0,0,3,7
Delayed_Ships_[#],00_00_03_07,D&Wp,average,100,320.0,0.27,0,0,3,7
Delayed_Ships_[#],00_00_03_07,G,average,20,110.0,0.47,0,0,3,7
Delayed_Ships_[#],00_00_03_07,G,average,60,160.0,0.29,0,0,3,7
Delayed_Ships_[#],00_00_03_07,G,average,100,200.0,0.24,0,0,3,7
Delayed_Ships_[#],00_00_03_07,G&Wp,average,20,110.0,0.46,0,0,3,7
Delayed_Ships_[#],00_00_03_07,G&Wp,average,60,190.0,0.29,0,0,3,7
Delayed_Ships_[#],00_00_03_07,G&Wp,average,100,310.0,0.27,0,0,3,7
Delayed_Ships_[#],00_00_03_07,Wp,average,20,110.0,0.45,0,0,3,7
Delayed_Ships_[#],00_00_03_07,Wp,average,60,220.0,0.3,0,0,3,7
Delayed_Ships_[#],00_00_03_07,Wp,average,100,410.0,0.3,0,0,3,7
Delayed_Ships_[#],00_00_03_08,D,average,20,110.0,0.47,0,0,3,8
Delayed_Ships_[#],00_00_03_08,D,average,60,170.0,0.29,0,0,3,8
Delayed_Ships_[#],00_00_03_08,D,average,100,220.0,0.24,0,0,3,8
Delayed_Ships_[#],00_00_03_08,D&G,average,20,110.0,0.47,0,0,3,8
Delayed_Ships_[#],00_00_03_08,D&G,average,60,160.0,0.29,0,0,3,8
Delayed_Ships_[#],00_00_03_08,D&G,average,100,210.0,0.24,0,0,3,8
Delayed_Ships_[#],00_00_03_08,D&G&Wp,average,20,110.0,0.46,0,0,3,8
Delayed_Ships_[#],00_00_03_08,D&G&Wp,average,60,180.0,0.29,0,0,3,8
Delayed_Ships_[#],00_00_03_08,D&G&Wp,average,100,280.0,0.26,0,0,3,8
Delayed_Ships_[#],00_00_03_08,D&Wp,average,20,110.0,0.46,0,0,3,8
Delayed_Ships_[#],00_00_03_08,D&Wp,average,60,190.0,0.29,0,0,3,8
Delayed_Ships_[#],00_00_03_08,D&Wp,average,100,320.0,0.27,0,0,3,8
Delayed_Ships_[#],00_00_03_08,G,average,20,110.0,0.47,0,0,3,8
Delayed_Ships_[#],00_00_03_08,G,average,60,160.0,0.29,0,0,3,8
Delayed_Ships_[#],00_00_03_08,G,average,100,200.0,0.24,0,0,3,8
Delayed_Ships_[#],00_00_03_08,G&Wp,average,20,110.0,0.46,0,0,3,8
Delayed_Ships_[#],00_00_03_08,G&Wp,average,60,190.0,0.29,0,0,3,8
Delayed_Ships_[#],00_00_03_08,G&Wp,average,100,310.0,0.27,0,0,3,8
Delayed_Ships_[#],00_00_03_08,Wp,average,20,110.0,0.45,0,0,3,8
Delayed_Ships_[#],00_00_03_08,Wp,average,60,220.0,0.3,0,0,3,8
Delayed_Ships_[#],00_00_03_08,Wp,average,100,410.0,0.3,0,0,3,8
Delayed_Ships_[#],00_00_03_09,D,average,20,110.0,0.47,0,0,3,9
Delayed_Ships_[#],00_00_03_09,D,average,60,170.0,0.29,0,0,3,9
Delayed_Ships_[#],00_00_03_09,D,average,100,220.0,0.24,0,0,3,9
Delayed_Ships_[#],00_00_03_09,D&G,average,20,110.0,0.47,0,0,3,9
Delayed_Ships_[#],00_00_03_09,D&G,average,60,160.0,0.29,0,0,3,9
Delayed_Ships_[#],00_00_03_09,D&G,average,100,210.0,0.24,0,0,3,9
Delayed_Ships_[#],00_00_03_09,D&G&Wp,average,20,110.0,0.46,0,0,3,9
Delayed_Ships_[#],00_00_03_09,D&G&Wp,average,60,180.0,0.29,0,0,3,9
Delayed_Ships_[#],00_00_03_09,D&G&Wp,average,100,280.0,0.26,0,0,3,9
Delayed_Ships_[#],00_00_03_09,D&Wp,average,20,110.0,0.46,0,0,3,9
Delayed_Ships_[#],00_00_03_09,D&Wp,average,60,190.0,0.29,0,0,3,9
Delayed_Ships_[#],00_00_03_09,D&Wp,average,100,320.0,0.27,0,0,3,9
Delayed_Ships_[#],00_00_03_09,G,average,20,110.0,0.47,0,0,3,9
Delayed_Ships_[#],00_00_03_09,G,average,60,160.0,0.29,0,0,3,9
Delayed_Ships_[#],00_00_03_09,G,average,100,200.0,0.24,0,0,3,9
Delayed_Ships_[#],00_00_03_09,G&Wp,average,20,110.0,0.46,0,0,3,9
Delayed_Ships_[#],00_00_03_09,G&Wp,average,60,190.0,0.29,0,0,3,9
Delayed_Ships_[#],00_00_03_09,G&Wp,average,100,310.0,0.27,0,0,3,9
Delayed_Ships_[#],00_00_03_09,Wp,average,20,110.0,0.45,0,0,3,9
Delayed_Ships_[#],00_00_03_09,Wp,average,60,220.0,0.3,0,0,3,9
Delayed_Ships_[#],00_00_03_09,Wp,average,100,410.0,0.3,0,0,3,9
Delayed_Ships_[#],00_00_05_00,D,average,20,230.0,1.0,0,0,5,0
Delayed_Ships_[#],00_00_05_00,D,average,60,570.0,1.0,0,0,5,0
Delayed_Ships_[#],00_00_05_00,D,average,100,910.0,1.0,0,0,5,0
Delayed_Ships_[#],00_00_05_00,D&G,average,20,230.0,1.0,0,0,5,0
Delayed_Ships_[#],00_00_05_00,D&G,average,60,560.0,1.0,0,0,5,0
Delayed_Ships_[#],00_00_05_00,D&G,average,100,870.0,1.0,0,0,5,0
Delayed_Ships_[#],00_00_05_00,D&G&Wp,average,20,230.0,1.0,0,0,5,0
Delayed_Ships_[#],00_00_05_00,D&G&Wp,average,60,610.0,1.0,0,0,5,0
Delayed_Ships_[#],00_00_05_00,D&G&Wp,average,100,1040.0,1.0,0,0,5,0
Delayed_Ships_[#],00_00_05_00,D&Wp,average,20,230.0,1.0,0,0,5,0
Delayed_Ships_[#],00_00_05_00,D&Wp,average,60,640.0,1.0,0,0,5,0
Delayed_Ships_[#],00_00_05_00,D&Wp,average,100,1150.0,1.0,0,0,5,0
Delayed_Ships_[#],00_00_05_00,G,average,20,220.0,1.0,0,0,5,0
Delayed_Ships_[#],00_00_05_00,G,average,60,540.0,1.0,0,0,5,0
Delayed_Ships_[#],00_00_05_00,G,average,100,840.0,1.0,0,0,5,0
Delayed_Ships_[#],00_00_05_00,G&Wp,average,20,230.0,1.0,0,0,5,0
Delayed_Ships_[#],00_00_05_00,G&Wp,average,60,630.0,1.0,0,0,5,0
Delayed_Ships_[#],00_00_05_00,G&Wp,average,100,1110.0,1.0,0,0,5,0
Delayed_Ships_[#],00_00_05_00,Wp,average,20,240.0,1.0,0,0,5,0
Delayed_Ships_[#],00_00_05_00,Wp,average,60,720.0,1.0,0,0,5,0
Delayed_Ships_[#],00_00_05_00,Wp,average,100,1390.0,1.0,0,0,5,0
Delayed_Ships_[#],00_00_05_01,D,average,20,180.0,0.8,0,0,5,1
Delayed_Ships_[#],00_00_05_01,D,average,60,330.0,0.58,0,0,5,1
Delayed_Ships_[#],00_00_05_01,D,average,100,470.0,0.52,0,0,5,1
Delayed_Ships_[#],00_00_05_01,D&G,average,20,180.0,0.8,0,0,5,1
Delayed_Ships_[#],00_00_05_01,D&G,average,60,320.0,0.58,0,0,5,1
Delayed_Ships_[#],00_00_05_01,D&G,average,100,460.0,0.52,0,0,5,1
Delayed_Ships_[#],00_00_05_01,D&G&Wp,average,20,180.0,0.79,0,0,5,1
Delayed_Ships_[#],00_00_05_01,D&G&Wp,average,60,320.0,0.52,0,0,5,1
Delayed_Ships_[#],00_00_05_01,D&G&Wp,average,100,460.0,0.44,0,0,5,1
Delayed_Ships_[#],00_00_05_01,D&Wp,average,20,190.0,0.79,0,0,5,1
Delayed_Ships_[#],00_00_05_01,D&Wp,average,60,320.0,0.49,0,0,5,1
Delayed_Ships_[#],00_00_05_01,D&Wp,average,100,470.0,0.41,0,0,5,1
Delayed_Ships_[#],00_00_05_01,G,average,20,180.0,0.8,0,0,5,1
Delayed_Ships_[#],00_00_05_01,G,average,60,320.0,0.58,0,0,5,1
Delayed_Ships_[#],00_00_05_01,G,average,100,440.0,0.53,0,0,5,1
Delayed_Ships_[#],00_00_05_01,G&Wp,average,20,180.0,0.79,0,0,5,1
Delayed_Ships_[#],00_00_05_01,G&Wp,average,60,310.0,0.49,0,0,5,1
Delayed_Ships_[#],00_00_05_01,G&Wp,average,100,460.0,0.41,0,0,5,1
Delayed_Ships_[#],00_00_05_01,Wp,average,20,190.0,0.77,0,0,5,1
Delayed_Ships_[#],00_00_05_01,Wp,average,60,310.0,0.43,0,0,5,1
Delayed_Ships_[#],00_00_05_01,Wp,average,100,470.0,0.34,0,0,5,1
Delayed_Ships_[#],00_00_05_02,D,average,20,200.0,0.87,0,0,5,2
Delayed_Ships_[#],00_00_05_02,D,average,60,490.0,0.86,0,0,5,2
Delayed_Ships_[#],00_00_05_02,D,average,100,770.0,0.85,0,0,5,2
Delayed_Ships_[#],00_00_05_02,D&G,average,20,200.0,0.87,0,0,5,2
Delayed_Ships_[#],00_00_05_02,D&G,average,60,480.0,0.86,0,0,5,2
Delayed_Ships_[#],00_00_05_02,D&G,average,100,750.0,0.85,0,0,5,2
Delayed_Ships_[#],00_00_05_02,D&G&Wp,average,20,200.0,0.86,0,0,5,2
Delayed_Ships_[#],00_00_05_02,D&G&Wp,average,60,470.0,0.76,0,0,5,2
Delayed_Ships_[#],00_00_05_02,D&G&Wp,average,100,700.0,0.67,0,0,5,2
Delayed_Ships_[#],00_00_05_02,D&Wp,average,20,200.0,0.86,0,0,5,2
Delayed_Ships_[#],00_00_05_02,D&Wp,average,60,470.0,0.72,0,0,5,2
Delayed_Ships_[#],00_00_05_02,D&Wp,average,100,690.0,0.6,0,0,5,2
Delayed_Ships_[#],00_00_05_02,G,average,20,200.0,0.87,0,0,5,2
Delayed_Ships_[#],00_00_05_02,G,average,60,470.0,0.86,0,0,5,2
Delayed_Ships_[#],00_00_05_02,G,average,100,720.0,0.85,0,0,5,2
Delayed_Ships_[#],00_00_05_02,G&Wp,average,20,200.0,0.86,0,0,5,2
Delayed_Ships_[#],00_00_05_02,G&Wp,average,60,460.0,0.72,0,0,5,2
Delayed_Ships_[#],00_00_05_02,G&Wp,average,100,670.0,0.6,0,0,5,2
Delayed_Ships_[#],00_00_05_02,Wp,average,20,210.0,0.86,0,0,5,2
Delayed_Ships_[#],00_00_05_02,Wp,average,60,450.0,0.62,0,0,5,2
Delayed_Ships_[#],00_00_05_02,Wp,average,100,610.0,0.44,0,0,5,2
Delayed_Ships_[#],00_00_05_04,D,average,20,140.0,0.59,0,0,5,4
Delayed_Ships_[#],00_00_05_04,D,average,60,450.0,0.8,0,0,5,4
Delayed_Ships_[#],00_00_05_04,D,average,100,760.0,0.84,0,0,5,4
Delayed_Ships_[#],00_00_05_04,D&G,average,20,130.0,0.59,0,0,5,4
Delayed_Ships_[#],00_00_05_04,D&G,average,60,450.0,0.81,0,0,5,4
Delayed_Ships_[#],00_00_05_04,D&G,average,100,740.0,0.85,0,0,5,4
Delayed_Ships_[#],00_00_05_04,D&G&Wp,average,20,140.0,0.58,0,0,5,4
Delayed_Ships_[#],00_00_05_04,D&G&Wp,average,60,440.0,0.71,0,0,5,4
Delayed_Ships_[#],00_00_05_04,D&G&Wp,average,100,690.0,0.65,0,0,5,4
Delayed_Ships_[#],00_00_05_04,D&Wp,average,20,140.0,0.58,0,0,5,4
Delayed_Ships_[#],00_00_05_04,D&Wp,average,60,430.0,0.67,0,0,5,4
Delayed_Ships_[#],00_00_05_04,D&Wp,average,100,670.0,0.58,0,0,5,4
Delayed_Ships_[#],00_00_05_04,G,average,20,130.0,0.59,0,0,5,4
Delayed_Ships_[#],00_00_05_04,G,average,60,440.0,0.81,0,0,5,4
Delayed_Ships_[#],00_00_05_04,G,average,100,720.0,0.86,0,0,5,4
Delayed_Ships_[#],00_00_05_04,G&Wp,average,20,140.0,0.58,0,0,5,4
Delayed_Ships_[#],00_00_05_04,G&Wp,average,60,430.0,0.67,0,0,5,4
Delayed_Ships_[#],00_00_05_04,G&Wp,average,100,650.0,0.58,0,0,5,4
Delayed_Ships_[#],00_00_05_04,Wp,average,20,140.0,0.57,0,0,5,4
Delayed_Ships_[#],00_00_05_04,Wp,average,60,410.0,0.56,0,0,5,4
Delayed_Ships_[#],00_00_05_04,Wp,average,100,570.0,0.41,0,0,5,4
Delayed_Ships_[#],00_00_05_05,D,average,20,140.0,0.59,0,0,5,5
Delayed_Ships_[#],00_00_05_05,D,average,60,350.0,0.62,0,0,5,5
Delayed_Ships_[#],00_00_05_05,D,average,100,520.0,0.57,0,0,5,5
Delayed_Ships_[#],00_00_05_05,D&G,average,20,130.0,0.59,0,0,5,5
Delayed_Ships_[#],00_00_05_05,D&G,average,60,380.0,0.67,0,0,5,5
Delayed_Ships_[#],00_00_05_05,D&G,average,100,560.0,0.64,0,0,5,5
Delayed_Ships_[#],00_00_05_05,D&G&Wp,average,20,140.0,0.58,0,0,5,5
Delayed_Ships_[#],00_00_05_05,D&G&Wp,average,60,360.0,0.59,0,0,5,5
Delayed_Ships_[#],00_00_05_05,D&G&Wp,average,100,550.0,0.52,0,0,5,5
Delayed_Ships_[#],00_00_05_05,D&Wp,average,20,140.0,0.58,0,0,5,5
Delayed_Ships_[#],00_00_05_05,D&Wp,average,60,340.0,0.53,0,0,5,5
Delayed_Ships_[#],00_00_05_05,D&Wp,average,100,520.0,0.45,0,0,5,5
Delayed_Ships_[#],00_00_05_05,G,average,20,130.0,0.59,0,0,5,5
Delayed_Ships_[#],00_00_05_05,G,average,60,400.0,0.73,0,0,5,5
Delayed_Ships_[#],00_00_05_05,G,average,100,590.0,0.7,0,0,5,5
Delayed_Ships_[#],00_00_05_05,G&Wp,average,20,140.0,0.58,0,0,5,5
Delayed_Ships_[#],00_00_05_05,G&Wp,average,60,360.0,0.57,0,0,5,5
Delayed_Ships_[#],00_00_05_05,G&Wp,average,100,560.0,0.5,0,0,5,5
Delayed_Ships_[#],00_00_05_05,Wp,average,20,140.0,0.57,0,0,5,5
Delayed_Ships_[#],00_00_05_05,Wp,average,60,330.0,0.45,0,0,5,5
Delayed_Ships_[#],00_00_05_05,Wp,average,100,520.0,0.37,0,0,5,5
Delayed_Ships_[#],00_00_05_07,D,average,20,110.0,0.47,0,0,5,7
Delayed_Ships_[#],00_00_05_07,D,average,60,170.0,0.29,0,0,5,7
Delayed_Ships_[#],00_00_05_07,D,average,100,220.0,0.24,0,0,5,7
Delayed_Ships_[#],00_00_05_07,D&G,average,20,110.0,0.47,0,0,5,7
Delayed_Ships_[#],00_00_05_07,D&G,average,60,160.0,0.29,0,0,5,7
Delayed_Ships_[#],00_00_05_07,D&G,average,100,210.0,0.24,0,0,5,7
Delayed_Ships_[#],00_00_05_07,D&G&Wp,average,20,110.0,0.46,0,0,5,7
Delayed_Ships_[#],00_00_05_07,D&G&Wp,average,60,180.0,0.29,0,0,5,7
Delayed_Ships_[#],00_00_05_07,D&G&Wp,average,100,280.0,0.26,0,0,5,7
Delayed_Ships_[#],00_00_05_07,D&Wp,average,20,110.0,0.46,0,0,5,7
Delayed_Ships_[#],00_00_05_07,D&Wp,average,60,190.0,0.29,0,0,5,7
Delayed_Ships_[#],00_00_05_07,D&Wp,average,100,320.0,0.27,0,0,5,7
Delayed_Ships_[#],00_00_05_07,G,average,20,110.0,0.47,0,0,5,7
Delayed_Ships_[#],00_00_05_07,G,average,60,160.0,0.29,0,0,5,7
Delayed_Ships_[#],00_00_05_07,G,average,100,200.0,0.24,0,0,5,7
Delayed_Ships_[#],00_00_05_07,G&Wp,average,20,110.0,0.46,0,0,5,7
Delayed_Ships_[#],00_00_05_07,G&Wp,average,60,190.0,0.29,0,0,5,7
Delayed_Ships_[#],00_00_05_07,G&Wp,average,100,310.0,0.27,0,0,5,7
Delayed_Ships_[#],00_00_05_07,Wp,average,20,110.0,0.45,0,0,5,7
Delayed_Ships_[#],00_00_05_07,Wp,average,60,220.0,0.3,0,0,5,7
Delayed_Ships_[#],00_00_05_07,Wp,average,100,410.0,0.3,0,0,5,7
Delayed_Ships_[#],00_00_05_08,D,average,20,110.0,0.47,0,0,5,8
Delayed_Ships_[#],00_00_05_08,D,average,60,170.0,0.29,0,0,5,8
Delayed_Ships_[#],00_00_05_08,D,average,100,220.0,0.24,0,0,5,8
Delayed_Ships_[#],00_00_05_08,D&G,average,20,110.0,0.47,0,0,5,8
Delayed_Ships_[#],00_00_05_08,D&G,average,60,160.0,0.29,0,0,5,8
Delayed_Ships_[#],00_00_05_08,D&G,average,100,210.0,0.24,0,0,5,8
Delayed_Ships_[#],00_00_05_08,D&G&Wp,average,20,110.0,0.46,0,0,5,8
Delayed_Ships_[#],00_00_05_08,D&G&Wp,average,60,180.0,0.29,0,0,5,8
Delayed_Ships_[#],00_00_05_08,D&G&Wp,average,100,280.0,0.26,0,0,5,8
Delayed_Ships_[#],00_00_05_08,D&Wp,average,20,110.0,0.46,0,0,5,8
Delayed_Ships_[#],00_00_05_08,D&Wp,average,60,190.0,0.29,0,0,5,8
Delayed_Ships_[#],00_00_05_08,D&Wp,average,100,320.0,0.27,0,0,5,8
Delayed_Ships_[#],00_00_05_08,G,average,20,110.0,0.47,0,0,5,8
Delayed_Ships_[#],00_00_05_08,G,average,60,160.0,0.29,0,0,5,8
Delayed_Ships_[#],00_00_05_08,G,average,100,200.0,0.24,0,0,5,8
Delayed_Ships_[#],00_00_05_08,G&Wp,average,20,110.0,0.46,0,0,5,8
Delayed_Ships_[#],00_00_05_08,G&Wp,average,60,190.0,0.29,0,0,5,8
Delayed_Ships_[#],00_00_05_08,G&Wp,average,100,310.0,0.27,0,0,5,8
Delayed_Ships_[#],00_00_05_08,Wp,average,20,110.0,0.45,0,0,5,8
Delayed_Ships_[#],00_00_05_08,Wp,average,60,220.0,0.3,0,0,5,8
Delayed_Ships_[#],00_00_05_08,Wp,average,100,410.0,0.3,0,0,5,8
Delayed_Ships_[#],00_00_05_09,D,average,20,110.0,0.47,0,0,5,9
Delayed_Ships_[#],00_00_05_09,D,average,60,170.0,0.29,0,0,5,9
Delayed_Ships_[#],00_00_05_09,D,average,100,220.0,0.24,0,0,5,9
Delayed_Ships_[#],00_00_05_09,D&G,average,20,110.0,0.47,0,0,5,9
Delayed_Ships_[#],00_00_05_09,D&G,average,60,160.0,0.29,0,0,5,9
Delayed_Ships_[#],00_00_05_09,D&G,average,100,210.0,0.24,0,0,5,9
Delayed_Ships_[#],00_00_05_09,D&G&Wp,average,20,110.0,0.46,0,0,5,9
Delayed_Ships_[#],00_00_05_09,D&G&Wp,average,60,180.0,0.29,0,0,5,9
Delayed_Ships_[#],00_00_05_09,D&G&Wp,average,100,280.0,0.26,0,0,5,9
Delayed_Ships_[#],00_00_05_09,D&Wp,average,20,110.0,0.46,0,0,5,9
Delayed_Ships_[#],00_00_05_09,D&Wp,average,60,190.0,0.29,0,0,5,9
Delayed_Ships_[#],00_00_05_09,D&Wp,average,100,320.0,0.27,0,0,5,9
Delayed_Ships_[#],00_00_05_09,G,average,20,110.0,0.47,0,0,5,9
Delayed_Ships_[#],00_00_05_09,G,average,60,160.0,0.29,0,0,5,9
Delayed_Ships_[#],00_00_05_09,G,average,100,200.0,0.24,0,0,5,9
Delayed_Ships_[#],00_00_05_09,G&Wp,average,20,110.0,0.46,0,0,5,9
Delayed_Ships_[#],00_00_05_09,G&Wp,average,60,190.0,0.29,0,0,5,9
Delayed_Ships_[#],00_00_05_09,G&Wp,average,100,310.0,0.27,0,0,5,9
Delayed_Ships_[#],00_00_05_09,Wp,average,20,110.0,0.45,0,0,5,9
Delayed_Ships_[#],00_00_05_09,Wp,average,60,220.0,0.3,0,0,5,9
Delayed_Ships_[#],00_00_05_09,Wp,average,100,410.0,0.3,0,0,5,9
Delayed_Ships_[#],00_00_07_00,D,average,20,240.0,1.08,0,0,7,0
Delayed_Ships_[#],00_00_07_00,D,average,60,700.0,1.23,0,0,7,0
Delayed_Ships_[#],00_00_07_00,D,average,100,1180.0,1.3,0,0,7,0
Delayed_Ships_[#],00_00_07_00,D&G,average,20,240.0,1.08,0,0,7,0
Delayed_Ships_[#],00_00_07_00,D&G,average,60,690.0,1.24,0,0,7,0
Delayed_Ships_[#],00_00_07_00,D&G,average,100,1140.0,1.3,0,0,7,0
Delayed_Ships_[#],00_00_07_00,D&G&Wp,average,20,250.0,1.08,0,0,7,0
Delayed_Ships_[#],00_00_07_00,D&G&Wp,average,60,750.0,1.23,0,0,7,0
Delayed_Ships_[#],00_00_07_00,D&G&Wp,average,100,1350.0,1.29,0,0,7,0
Delayed_Ships_[#],00_00_07_00,D&Wp,average,20,250.0,1.08,0,0,7,0
Delayed_Ships_[#],00_00_07_00,D&Wp,average,60,790.0,1.23,0,0,7,0
Delayed_Ships_[#],00_00_07_00,D&Wp,average,100,1470.0,1.28,0,0,7,0
Delayed_Ships_[#],00_00_07_00,G,average,20,240.0,1.08,0,0,7,0
Delayed_Ships_[#],00_00_07_00,G,average,60,670.0,1.24,0,0,7,0
Delayed_Ships_[#],00_00_07_00,G,average,100,1100.0,1.31,0,0,7,0
Delayed_Ships_[#],00_00_07_00,G&Wp,average,20,250.0,1.08,0,0,7,0
Delayed_Ships_[#],00_00_07_00,G&Wp,average,60,770.0,1.23,0,0,7,0
Delayed_Ships_[#],00_00_07_00,G&Wp,average,100,1430.0,1.29,0,0,7,0
Delayed_Ships_[#],00_00_07_00,Wp,average,20,260.0,1.08,0,0,7,0
Delayed_Ships_[#],00_00_07_00,Wp,average,60,870.0,1.22,0,0,7,0
Delayed_Ships_[#],00_00_07_00,Wp,average,100,1760.0,1.27,0,0,7,0
Delayed_Ships_[#],00_00_07_01,D,average,20,180.0,0.79,0,0,7,1
Delayed_Ships_[#],00_00_07_01,D,average,60,310.0,0.53,0,0,7,1
Delayed_Ships_[#],00_00_07_01,D,average,100,390.0,0.43,0,0,7,1
Delayed_Ships_[#],00_00_07_01,D&G,average,20,180.0,0.79,0,0,7,1
Delayed_Ships_[#],00_00_07_01,D&G,average,60,300.0,0.54,0,0,7,1
Delayed_Ships_[#],00_00_07_01,D&G,average,100,380.0,0.44,0,0,7,1
Delayed_Ships_[#],00_00_07_01,D&G&Wp,average,20,180.0,0.79,0,0,7,1
Delayed_Ships_[#],00_00_07_01,D&G&Wp,average,60,320.0,0.52,0,0,7,1
Delayed_Ships_[#],00_00_07_01,D&G&Wp,average,100,450.0,0.43,0,0,7,1
Delayed_Ships_[#],00_00_07_01,D&Wp,average,20,180.0,0.78,0,0,7,1
Delayed_Ships_[#],00_00_07_01,D&Wp,average,60,330.0,0.5,0,0,7,1
Delayed_Ships_[#],00_00_07_01,D&Wp,average,100,480.0,0.42,0,0,7,1
Delayed_Ships_[#],00_00_07_01,G,average,20,180.0,0.79,0,0,7,1
Delayed_Ships_[#],00_00_07_01,G,average,60,300.0,0.55,0,0,7,1
Delayed_Ships_[#],00_00_07_01,G,average,100,370.0,0.44,0,0,7,1
Delayed_Ships_[#],00_00_07_01,G&Wp,average,20,180.0,0.78,0,0,7,1
Delayed_Ships_[#],00_00_07_01,G&Wp,average,60,320.0,0.51,0,0,7,1
Delayed_Ships_[#],00_00_07_01,G&Wp,average,100,480.0,0.42,0,0,7,1
Delayed_Ships_[#],00_00_07_01,Wp,average,20,190.0,0.77,0,0,7,1
Delayed_Ships_[#],00_00_07_01,Wp,average,60,350.0,0.48,0,0,7,1
Delayed_Ships_[#],00_00_07_01,Wp,average,100,580.0,0.41,0,0,7,1
Delayed_Ships_[#],00_00_07_02,D,average,20,210.0,0.91,0,0,7,2
Delayed_Ships_[#],00_00_07_02,D,average,60,450.0,0.8,0,0,7,2
Delayed_Ships_[#],00_00_07_02,D,average,100,560.0,0.61,0,0,7,2
Delayed_Ships_[#],00_00_07_02,D&G,average,20,210.0,0.91,0,0,7,2
Delayed_Ships_[#],00_00_07_02,D&G,average,60,450.0,0.8,0,0,7,2
Delayed_Ships_[#],00_00_07_02,D&G,average,100,560.0,0.64,0,0,7,2
Delayed_Ships_[#],00_00_07_02,D&G&Wp,average,20,210.0,0.9,0,0,7,2
Delayed_Ships_[#],00_00_07_02,D&G&Wp,average,60,450.0,0.73,0,0,7,2
Delayed_Ships_[#],00_00_07_02,D&G&Wp,average,100,600.0,0.57,0,0,7,2
Delayed_Ships_[#],00_00_07_02,D&Wp,average,20,210.0,0.9,0,0,7,2
Delayed_Ships_[#],00_00_07_02,D&Wp,average,60,450.0,0.7,0,0,7,2
Delayed_Ships_[#],00_00_07_02,D&Wp,average,100,620.0,0.54,0,0,7,2
Delayed_Ships_[#],00_00_07_02,G,average,20,200.0,0.91,0,0,7,2
Delayed_Ships_[#],00_00_07_02,G,average,60,440.0,0.81,0,0,7,2
Delayed_Ships_[#],00_00_07_02,G,average,100,560.0,0.66,0,0,7,2
Delayed_Ships_[#],00_00_07_02,G&Wp,average,20,210.0,0.9,0,0,7,2
Delayed_Ships_[#],00_00_07_02,G&Wp,average,60,450.0,0.71,0,0,7,2
Delayed_Ships_[#],00_00_07_02,G&Wp,average,100,620.0,0.56,0,0,7,2
Delayed_Ships_[#],00_00_07_02,Wp,average,20,220.0,0.89,0,0,7,2
Delayed_Ships_[#],00_00_07_02,Wp,average,60,450.0,0.63,0,0,7,2
Delayed_Ships_[#],00_00_07_02,Wp,average,100,680.0,0.49,0,0,7,2
Delayed_Ships_[#],00_00_07_04,D,average,20,140.0,0.62,0,0,7,4
Delayed_Ships_[#],00_00_07_04,D,average,60,410.0,0.72,0,0,7,4
Delayed_Ships_[#],00_00_07_04,D,average,100,510.0,0.57,0,0,7,4
Delayed_Ships_[#],00_00_07_04,D&G,average,20,140.0,0.62,0,0,7,4
Delayed_Ships_[#],00_00_07_04,D&G,average,60,420.0,0.75,0,0,7,4
Delayed_Ships_[#],00_00_07_04,D&G,average,100,520.0,0.59,0,0,7,4
Delayed_Ships_[#],00_00_07_04,D&G&Wp,average,20,150.0,0.62,0,0,7,4
Delayed_Ships_[#],00_00_07_04,D&G&Wp,average,60,430.0,0.7,0,0,7,4
Delayed_Ships_[#],00_00_07_04,D&G&Wp,average,100,570.0,0.55,0,0,7,4
Delayed_Ships_[#],00_00_07_04,D&Wp,average,20,150.0,0.62,0,0,7,4
Delayed_Ships_[#],00_00_07_04,D&Wp,average,60,430.0,0.67,0,0,7,4
Delayed_Ships_[#],00_00_07_04,D&Wp,average,100,600.0,0.52,0,0,7,4
Delayed_Ships_[#],00_00_07_04,G,average,20,140.0,0.62,0,0,7,4
Delayed_Ships_[#],00_00_07_04,G,average,60,430.0,0.78,0,0,7,4
Delayed_Ships_[#],00_00_07_04,G,average,100,520.0,0.62,0,0,7,4
Delayed_Ships_[#],00_00_07_04,G&Wp,average,20,150.0,0.62,0,0,7,4
Delayed_Ships_[#],00_00_07_04,G&Wp,average,60,440.0,0.69,0,0,7,4
Delayed_Ships_[#],00_00_07_04,G&Wp,average,100,600.0,0.54,0,0,7,4
Delayed_Ships_[#],00_00_07_04,Wp,average,20,150.0,0.61,0,0,7,4
Delayed_Ships_[#],00_00_07_04,Wp,average,60,450.0,0.63,0,0,7,4
Delayed_Ships_[#],00_00_07_04,Wp,average,100,680.0,0.49,0,0,7,4
Delayed_Ships_[#],00_00_07_05,D,average,20,140.0,0.62,0,0,7,5
Delayed_Ships_[#],00_00_07_05,D,average,60,330.0,0.58,0,0,7,5
Delayed_Ships_[#],00_00_07_05,D,average,100,430.0,0.48,0,0,7,5
Delayed_Ships_[#],00_00_07_05,D&G,average,20,140.0,0.62,0,0,7,5
Delayed_Ships_[#],00_00_07_05,D&G,average,60,340.0,0.6,0,0,7,5
Delayed_Ships_[#],00_00_07_05,D&G,average,100,440.0,0.5,0,0,7,5
Delayed_Ships_[#],00_00_07_05,D&G&Wp,average,20,150.0,0.62,0,0,7,5
Delayed_Ships_[#],00_00_07_05,D&G&Wp,average,60,350.0,0.57,0,0,7,5
Delayed_Ships_[#],00_00_07_05,D&G&Wp,average,100,510.0,0.48,0,0,7,5
Delayed_Ships_[#],00_00_07_05,D&Wp,average,20,150.0,0.62,0,0,7,5
Delayed_Ships_[#],00_00_07_05,D&Wp,average,60,360.0,0.55,0,0,7,5
Delayed_Ships_[#],00_00_07_05,D&Wp,average,100,540.0,0.47,0,0,7,5
Delayed_Ships_[#],00_00_07_05,G,average,20,140.0,0.62,0,0,7,5
Delayed_Ships_[#],00_00_07_05,G,average,60,340.0,0.63,0,0,7,5
Delayed_Ships_[#],00_00_07_05,G,average,100,440.0,0.52,0,0,7,5
Delayed_Ships_[#],00_00_07_05,G&Wp,average,20,150.0,0.62,0,0,7,5
Delayed_Ships_[#],00_00_07_05,G&Wp,average,60,360.0,0.57,0,0,7,5
Delayed_Ships_[#],00_00_07_05,G&Wp,average,100,550.0,0.49,0,0,7,5
Delayed_Ships_[#],00_00_07_05,Wp,average,20,150.0,0.61,0,0,7,5
Delayed_Ships_[#],00_00_07_05,Wp,average,60,380.0,0.53,0,0,7,5
Delayed_Ships_[#],00_00_07_05,Wp,average,100,650.0,0.47,0,0,7,5
Delayed_Ships_[#],00_00_07_07,D,average,20,110.0,0.49,0,0,7,7
Delayed_Ships_[#],00_00_07_07,D,average,60,210.0,0.36,0,0,7,7
Delayed_Ships_[#],00_00_07_07,D,average,100,310.0,0.34,0,0,7,7
Delayed_Ships_[#],00_00_07_07,D&G,average,20,110.0,0.49,0,0,7,7
Delayed_Ships_[#],00_00_07_07,D&G,average,60,200.0,0.36,0,0,7,7
Delayed_Ships_[#],00_00_07_07,D&G,average,100,300.0,0.34,0,0,7,7
Delayed_Ships_[#],00_00_07_07,D&G&Wp,average,20,110.0,0.49,0,0,7,7
Delayed_Ships_[#],00_00_07_07,D&G&Wp,average,60,230.0,0.37,0,0,7,7
Delayed_Ships_[#],00_00_07_07,D&G&Wp,average,100,380.0,0.36,0,0,7,7
Delayed_Ships_[#],00_00_07_07,D&Wp,average,20,120.0,0.48,0,0,7,7
Delayed_Ships_[#],00_00_07_07,D&Wp,average,60,240.0,0.38,0,0,7,7
Delayed_Ships_[#],00_00_07_07,D&Wp,average,100,430.0,0.37,0,0,7,7
Delayed_Ships_[#],00_00_07_07,G,average,20,110.0,0.49,0,0,7,7
Delayed_Ships_[#],00_00_07_07,G,average,60,200.0,0.36,0,0,7,7
Delayed_Ships_[#],00_00_07_07,G,average,100,290.0,0.34,0,0,7,7
Delayed_Ships_[#],00_00_07_07,G&Wp,average,20,120.0,0.48,0,0,7,7
Delayed_Ships_[#],00_00_07_07,G&Wp,average,60,240.0,0.37,0,0,7,7
Delayed_Ships_[#],00_00_07_07,G&Wp,average,100,420.0,0.37,0,0,7,7
Delayed_Ships_[#],00_00_07_07,Wp,average,20,120.0,0.47,0,0,7,7
Delayed_Ships_[#],00_00_07_07,Wp,average,60,280.0,0.39,0,0,7,7
Delayed_Ships_[#],00_00_07_07,Wp,average,100,550.0,0.4,0,0,7,7
Delayed_Ships_[#],00_00_07_08,D,average,20,110.0,0.49,0,0,7,8
Delayed_Ships_[#],00_00_07_08,D,average,60,210.0,0.36,0,0,7,8
Delayed_Ships_[#],00_00_07_08,D,average,100,310.0,0.34,0,0,7,8
Delayed_Ships_[#],00_00_07_08,D&G,average,20,110.0,0.49,0,0,7,8
Delayed_Ships_[#],00_00_07_08,D&G,average,60,200.0,0.36,0,0,7,8
Delayed_Ships_[#],00_00_07_08,D&G,average,100,300.0,0.34,0,0,7,8
Delayed_Ships_[#],00_00_07_08,D&G&Wp,average,20,110.0,0.49,0,0,7,8
Delayed_Ships_[#],00_00_07_08,D&G&Wp,average,60,230.0,0.37,0,0,7,8
Delayed_Ships_[#],00_00_07_08,D&G&Wp,average,100,380.0,0.36,0,0,7,8
Delayed_Ships_[#],00_00_07_08,D&Wp,average,20,120.0,0.48,0,0,7,8
Delayed_Ships_[#],00_00_07_08,D&Wp,average,60,240.0,0.38,0,0,7,8
Delayed_Ships_[#],00_00_07_08,D&Wp,average,100,430.0,0.37,0,0,7,8
Delayed_Ships_[#],00_00_07_08,G,average,20,110.0,0.49,0,0,7,8
Delayed_Ships_[#],00_00_07_08,G,average,60,200.0,0.36,0,0,7,8
Delayed_Ships_[#],00_00_07_08,G,average,100,290.0,0.34,0,0,7,8
Delayed_Ships_[#],00_00_07_08,G&Wp,average,20,120.0,0.48,0,0,7,8
Delayed_Ships_[#],00_00_07_08,G&Wp,average,60,240.0,0.37,0,0,7,8
Delayed_Ships_[#],00_00_07_08,G&Wp,average,100,420.0,0.37,0,0,7,8
Delayed_Ships_[#],00_00_07_08,Wp,average,20,120.0,0.47,0,0,7,8
Delayed_Ships_[#],00_00_07_08,Wp,average,60,280.0,0.39,0,0,7,8
Delayed_Ships_[#],00_00_07_08,Wp,average,100,550.0,0.4,0,0,7,8
Delayed_Ships_[#],00_00_07_09,D,average,20,110.0,0.49,0,0,7,9
Delayed_Ships_[#],00_00_07_09,D,average,60,210.0,0.36,0,0,7,9
Delayed_Ships_[#],00_00_07_09,D,average,100,310.0,0.34,0,0,7,9
Delayed_Ships_[#],00_00_07_09,D&G,average,20,110.0,0.49,0,0,7,9
Delayed_Ships_[#],00_00_07_09,D&G,average,60,200.0,0.36,0,0,7,9
Delayed_Ships_[#],00_00_07_09,D&G,average,100,300.0,0.34,0,0,7,9
Delayed_Ships_[#],00_00_07_09,D&G&Wp,average,20,110.0,0.49,0,0,7,9
Delayed_Ships_[#],00_00_07_09,D&G&Wp,average,60,230.0,0.37,0,0,7,9
Delayed_Ships_[#],00_00_07_09,D&G&Wp,average,100,380.0,0.36,0,0,7,9
Delayed_Ships_[#],00_00_07_09,D&Wp,average,20,120.0,0.48,0,0,7,9
Delayed_Ships_[#],00_00_07_09,D&Wp,average,60,240.0,0.38,0,0,7,9
Delayed_Ships_[#],00_00_07_09,D&Wp,average,100,430.0,0.37,0,0,7,9
Delayed_Ships_[#],00_00_07_09,G,average,20,110.0,0.49,0,0,7,9
Delayed_Ships_[#],00_00_07_09,G,average,60,200.0,0.36,0,0,7,9
Delayed_Ships_[#],00_00_07_09,G,average,100,290.0,0.34,0,0,7,9
Delayed_Ships_[#],00_00_07_09,G&Wp,average,20,120.0,0.48,0,0,7,9
Delayed_Ships_[#],00_00_07_09,G&Wp,average,60,240.0,0.37,0,0,7,9
Delayed_Ships_[#],00_00_07_09,G&Wp,average,100,420.0,0.37,0,0,7,9
Delayed_Ships_[#],00_00_07_09,Wp,average,20,120.0,0.47,0,0,7,9
Delayed_Ships_[#],00_00_07_09,Wp,average,60,280.0,0.39,0,0,7,9
Delayed_Ships_[#],00_00_07_09,Wp,average,100,550.0,0.4,0,0,7,9
Delayed_Ships_[#],00_00_09_00,D,average,20,230.0,1.0,0,0,9,0
Delayed_Ships_[#],00_00_09_00,D,average,60,570.0,1.0,0,0,9,0
Delayed_Ships_[#],00_00_09_00,D,average,100,910.0,1.0,0,0,9,0
Delayed_Ships_[#],00_00_09_00,D&G,average,20,230.0,1.0,0,0,9,0
Delayed_Ships_[#],00_00_09_00,D&G,average,60,560.0,1.0,0,0,9,0
Delayed_Ships_[#],00_00_09_00,D&G,average,100,870.0,1.0,0,0,9,0
Delayed_Ships_[#],00_00_09_00,D&G&Wp,average,20,230.0,1.0,0,0,9,0
Delayed_Ships_[#],00_00_09_00,D&G&Wp,average,60,610.0,1.0,0,0,9,0
Delayed_Ships_[#],00_00_09_00,D&G&Wp,average,100,1040.0,1.0,0,0,9,0
Delayed_Ships_[#],00_00_09_00,D&Wp,average,20,230.0,1.0,0,0,9,0
Delayed_Ships_[#],00_00_09_00,D&Wp,average,60,640.0,1.0,0,0,9,0
Delayed_Ships_[#],00_00_09_00,D&Wp,average,100,1150.0,1.0,0,0,9,0
Delayed_Ships_[#],00_00_09_00,G,average,20,220.0,1.0,0,0,9,0
Delayed_Ships_[#],00_00_09_00,G,average,60,540.0,1.0,0,0,9,0
Delayed_Ships_[#],00_00_09_00,G,average,100,840.0,1.0,0,0,9,0
Delayed_Ships_[#],00_00_09_00,G&Wp,average,20,230.0,1.0,0,0,9,0
Delayed_Ships_[#],00_00_09_00,G&Wp,average,60,630.0,1.0,0,0,9,0
Delayed_Ships_[#],00_00_09_00,G&Wp,average,100,1110.0,1.0,0,0,9,0
Delayed_Ships_[#],00_00_09_00,Wp,average,20,240.0,1.0,0,0,9,0
Delayed_Ships_[#],00_00_09_00,Wp,average,60,720.0,1.0,0,0,9,0
Delayed_Ships_[#],00_00_09_00,Wp,average,100,1390.0,1.0,0,0,9,0
Delayed_Ships_[#],00_00_09_01,D,average,20,180.0,0.8,0,0,9,1
Delayed_Ships_[#],00_00_09_01,D,average,60,330.0,0.58,0,0,9,1
Delayed_Ships_[#],00_00_09_01,D,average,100,470.0,0.52,0,0,9,1
Delayed_Ships_[#],00_00_09_01,D&G,average,20,180.0,0.8,0,0,9,1
Delayed_Ships_[#],00_00_09_01,D&G,average,60,320.0,0.58,0,0,9,1
Delayed_Ships_[#],00_00_09_01,D&G,average,100,460.0,0.52,0,0,9,1
Delayed_Ships_[#],00_00_09_01,D&G&Wp,average,20,180.0,0.79,0,0,9,1
Delayed_Ships_[#],00_00_09_01,D&G&Wp,average,60,320.0,0.52,0,0,9,1
Delayed_Ships_[#],00_00_09_01,D&G&Wp,average,100,460.0,0.44,0,0,9,1
Delayed_Ships_[#],00_00_09_01,D&Wp,average,20,190.0,0.79,0,0,9,1
Delayed_Ships_[#],00_00_09_01,D&Wp,average,60,320.0,0.49,0,0,9,1
Delayed_Ships_[#],00_00_09_01,D&Wp,average,100,470.0,0.41,0,0,9,1
Delayed_Ships_[#],00_00_09_01,G,average,20,180.0,0.8,0,0,9,1
Delayed_Ships_[#],00_00_09_01,G,average,60,320.0,0.58,0,0,9,1
Delayed_Ships_[#],00_00_09_01,G,average,100,440.0,0.53,0,0,9,1
Delayed_Ships_[#],00_00_09_01,G&Wp,average,20,180.0,0.79,0,0,9,1
Delayed_Ships_[#],00_00_09_01,G&Wp,average,60,310.0,0.49,0,0,9,1
Delayed_Ships_[#],00_00_09_01,G&Wp,average,100,460.0,0.41,0,0,9,1
Delayed_Ships_[#],00_00_09_01,Wp,average,20,190.0,0.77,0,0,9,1
Delayed_Ships_[#],00_00_09_01,Wp,average,60,310.0,0.43,0,0,9,1
Delayed_Ships_[#],00_00_09_01,Wp,average,100,470.0,0.34,0,0,9,1
Delayed_Ships_[#],00_00_09_02,D,average,20,200.0,0.87,0,0,9,2
Delayed_Ships_[#],00_00_09_02,D,average,60,490.0,0.86,0,0,9,2
Delayed_Ships_[#],00_00_09_02,D,average,100,770.0,0.85,0,0,9,2
Delayed_Ships_[#],00_00_09_02,D&G,average,20,200.0,0.87,0,0,9,2
Delayed_Ships_[#],00_00_09_02,D&G,average,60,480.0,0.86,0,0,9,2
Delayed_Ships_[#],00_00_09_02,D&G,average,100,750.0,0.85,0,0,9,2
Delayed_Ships_[#],00_00_09_02,D&G&Wp,average,20,200.0,0.86,0,0,9,2
Delayed_Ships_[#],00_00_09_02,D&G&Wp,average,60,470.0,0.76,0,0,9,2
Delayed_Ships_[#],00_00_09_02,D&G&Wp,average,100,700.0,0.67,0,0,9,2
Delayed_Ships_[#],00_00_09_02,D&Wp,average,20,200.0,0.86,0,0,9,2
Delayed_Ships_[#],00_00_09_02,D&Wp,average,60,470.0,0.72,0,0,9,2
Delayed_Ships_[#],00_00_09_02,D&Wp,average,100,690.0,0.6,0,0,9,2
Delayed_Ships_[#],00_00_09_02,G,average,20,200.0,0.87,0,0,9,2
Delayed_Ships_[#],00_00_09_02,G,average,60,470.0,0.86,0,0,9,2
Delayed_Ships_[#],00_00_09_02,G,average,100,720.0,0.85,0,0,9,2
Delayed_Ships_[#],00_00_09_02,G&Wp,average,20,200.0,0.86,0,0,9,2
Delayed_Ships_[#],00_00_09_02,G&Wp,average,60,460.0,0.72,0,0,9,2
Delayed_Ships_[#],00_00_09_02,G&Wp,average,100,670.0,0.6,0,0,9,2
Delayed_Ships_[#],00_00_09_02,Wp,average,20,210.0,0.86,0,0,9,2
Delayed_Ships_[#],00_00_09_02,Wp,average,60,450.0,0.62,0,0,9,2
Delayed_Ships_[#],00_00_09_02,Wp,average,100,610.0,0.44,0,0,9,2
Delayed_Ships_[#],00_00_09_04,D,average,20,140.0,0.59,0,0,9,4
Delayed_Ships_[#],00_00_09_04,D,average,60,450.0,0.8,0,0,9,4
Delayed_Ships_[#],00_00_09_04,D,average,100,760.0,0.84,0,0,9,4
Delayed_Ships_[#],00_00_09_04,D&G,average,20,130.0,0.59,0,0,9,4
Delayed_Ships_[#],00_00_09_04,D&G,average,60,450.0,0.81,0,0,9,4
Delayed_Ships_[#],00_00_09_04,D&G,average,100,740.0,0.85,0,0,9,4
Delayed_Ships_[#],00_00_09_04,D&G&Wp,average,20,140.0,0.58,0,0,9,4
Delayed_Ships_[#],00_00_09_04,D&G&Wp,average,60,440.0,0.71,0,0,9,4
Delayed_Ships_[#],00_00_09_04,D&G&Wp,average,100,690.0,0.65,0,0,9,4
Delayed_Ships_[#],00_00_09_04,D&Wp,average,20,140.0,0.58,0,0,9,4
Delayed_Ships_[#],00_00_09_04,D&Wp,average,60,430.0,0.67,0,0,9,4
Delayed_Ships_[#],00_00_09_04,D&Wp,average,100,670.0,0.58,0,0,9,4
Delayed_Ships_[#],00_00_09_04,G,average,20,130.0,0.59,0,0,9,4
Delayed_Ships_[#],00_00_09_04,G,average,60,440.0,0.81,0,0,9,4
Delayed_Ships_[#],00_00_09_04,G,average,100,720.0,0.86,0,0,9,4
Delayed_Ships_[#],00_00_09_04,G&Wp,average,20,140.0,0.58,0,0,9,4
Delayed_Ships_[#],00_00_09_04,G&Wp,average,60,430.0,0.67,0,0,9,4
Delayed_Ships_[#],00_00_09_04,G&Wp,average,100,650.0,0.58,0,0,9,4
Delayed_Ships_[#],00_00_09_04,Wp,average,20,140.0,0.57,0,0,9,4
Delayed_Ships_[#],00_00_09_04,Wp,average,60,410.0,0.56,0,0,9,4
Delayed_Ships_[#],00_00_09_04,Wp,average,100,570.0,0.41,0,0,9,4
Delayed_Ships_[#],00_00_09_05,D,average,20,140.0,0.59,0,0,9,5
Delayed_Ships_[#],00_00_09_05,D,average,60,350.0,0.62,0,0,9,5
Delayed_Ships_[#],00_00_09_05,D,average,100,520.0,0.57,0,0,9,5
Delayed_Ships_[#],00_00_09_05,D&G,average,20,130.0,0.59,0,0,9,5
Delayed_Ships_[#],00_00_09_05,D&G,average,60,380.0,0.67,0,0,9,5
Delayed_Ships_[#],00_00_09_05,D&G,average,100,560.0,0.64,0,0,9,5
Delayed_Ships_[#],00_00_09_05,D&G&Wp,average,20,140.0,0.58,0,0,9,5
Delayed_Ships_[#],00_00_09_05,D&G&Wp,average,60,360.0,0.59,0,0,9,5
Delayed_Ships_[#],00_00_09_05,D&G&Wp,average,100,550.0,0.52,0,0,9,5
Delayed_Ships_[#],00_00_09_05,D&Wp,average,20,140.0,0.58,0,0,9,5
Delayed_Ships_[#],00_00_09_05,D&Wp,average,60,340.0,0.53,0,0,9,5
Delayed_Ships_[#],00_00_09_05,D&Wp,average,100,520.0,0.45,0,0,9,5
Delayed_Ships_[#],00_00_09_05,G,average,20,130.0,0.59,0,0,9,5
Delayed_Ships_[#],00_00_09_05,G,average,60,400.0,0.73,0,0,9,5
Delayed_Ships_[#],00_00_09_05,G,average,100,590.0,0.7,0,0,9,5
Delayed_Ships_[#],00_00_09_05,G&Wp,average,20,140.0,0.58,0,0,9,5
Delayed_Ships_[#],00_00_09_05,G&Wp,average,60,360.0,0.57,0,0,9,5
Delayed_Ships_[#],00_00_09_05,G&Wp,average,100,560.0,0.5,0,0,9,5
Delayed_Ships_[#],00_00_09_05,Wp,average,20,140.0,0.57,0,0,9,5
Delayed_Ships_[#],00_00_09_05,Wp,average,60,330.0,0.45,0,0,9,5
Delayed_Ships_[#],00_00_09_05,Wp,average,100,520.0,0.37,0,0,9,5
Delayed_Ships_[#],00_00_09_07,D,average,20,110.0,0.47,0,0,9,7
Delayed_Ships_[#],00_00_09_07,D,average,60,170.0,0.29,0,0,9,7
Delayed_Ships_[#],00_00_09_07,D,average,100,220.0,0.24,0,0,9,7
Delayed_Ships_[#],00_00_09_07,D&G,average,20,110.0,0.47,0,0,9,7
Delayed_Ships_[#],00_00_09_07,D&G,average,60,160.0,0.29,0,0,9,7
Delayed_Ships_[#],00_00_09_07,D&G,average,100,210.0,0.24,0,0,9,7
Delayed_Ships_[#],00_00_09_07,D&G&Wp,average,20,110.0,0.46,0,0,9,7
Delayed_Ships_[#],00_00_09_07,D&G&Wp,average,60,180.0,0.29,0,0,9,7
Delayed_Ships_[#],00_00_09_07,D&G&Wp,average,100,280.0,0.26,0,0,9,7
Delayed_Ships_[#],00_00_09_07,D&Wp,average,20,110.0,0.46,0,0,9,7
Delayed_Ships_[#],00_00_09_07,D&Wp,average,60,190.0,0.29,0,0,9,7
Delayed_Ships_[#],00_00_09_07,D&Wp,average,100,320.0,0.27,0,0,9,7
Delayed_Ships_[#],00_00_09_07,G,average,20,110.0,0.47,0,0,9,7
Delayed_Ships_[#],00_00_09_07,G,average,60,160.0,0.29,0,0,9,7
Delayed_Ships_[#],00_00_09_07,G,average,100,200.0,0.24,0,0,9,7
Delayed_Ships_[#],00_00_09_07,G&Wp,average,20,110.0,0.46,0,0,9,7
Delayed_Ships_[#],00_00_09_07,G&Wp,average,60,190.0,0.29,0,0,9,7
Delayed_Ships_[#],00_00_09_07,G&Wp,average,100,310.0,0.27,0,0,9,7
Delayed_Ships_[#],00_00_09_07,Wp,average,20,110.0,0.45,0,0,9,7
Delayed_Ships_[#],00_00_09_07,Wp,average,60,220.0,0.3,0,0,9,7
Delayed_Ships_[#],00_00_09_07,Wp,average,100,410.0,0.3,0,0,9,7
Delayed_Ships_[#],00_00_09_08,D,average,20,110.0,0.47,0,0,9,8
Delayed_Ships_[#],00_00_09_08,D,average,60,170.0,0.29,0,0,9,8
Delayed_Ships_[#],00_00_09_08,D,average,100,220.0,0.24,0,0,9,8
Delayed_Ships_[#],00_00_09_08,D&G,average,20,110.0,0.47,0,0,9,8
Delayed_Ships_[#],00_00_09_08,D&G,average,60,160.0,0.29,0,0,9,8
Delayed_Ships_[#],00_00_09_08,D&G,average,100,210.0,0.24,0,0,9,8
Delayed_Ships_[#],00_00_09_08,D&G&Wp,average,20,110.0,0.46,0,0,9,8
Delayed_Ships_[#],00_00_09_08,D&G&Wp,average,60,180.0,0.29,0,0,9,8
Delayed_Ships_[#],00_00_09_08,D&G&Wp,average,100,280.0,0.26,0,0,9,8
Delayed_Ships_[#],00_00_09_08,D&Wp,average,20,110.0,0.46,0,0,9,8
Delayed_Ships_[#],00_00_09_08,D&Wp,average,60,190.0,0.29,0,0,9,8
Delayed_Ships_[#],00_00_09_08,D&Wp,average,100,320.0,0.27,0,0,9,8
Delayed_Ships_[#],00_00_09_08,G,average,20,110.0,0.47,0,0,9,8
Delayed_Ships_[#],00_00_09_08,G,average,60,160.0,0.29,0,0,9,8
Delayed_Ships_[#],00_00_09_08,G,average,100,200.0,0.24,0,0,9,8
Delayed_Ships_[#],00_00_09_08,G&Wp,average,20,110.0,0.46,0,0,9,8
Delayed_Ships_[#],00_00_09_08,G&Wp,average,60,190.0,0.29,0,0,9,8
Delayed_Ships_[#],00_00_09_08,G&Wp,average,100,310.0,0.27,0,0,9,8
Delayed_Ships_[#],00_00_09_08,Wp,average,20,110.0,0.45,0,0,9,8
Delayed_Ships_[#],00_00_09_08,Wp,average,60,220.0,0.3,0,0,9,8
Delayed_Ships_[#],00_00_09_08,Wp,average,100,410.0,0.3,0,0,9,8
Delayed_Ships_[#],00_00_09_09,D,average,20,110.0,0.47,0,0,9,9
Delayed_Ships_[#],00_00_09_09,D,average,60,170.0,0.29,0,0,9,9
Delayed_Ships_[#],00_00_09_09,D,average,100,220.0,0.24,0,0,9,9
Delayed_Ships_[#],00_00_09_09,D&G,average,20,110.0,0.47,0,0,9,9
Delayed_Ships_[#],00_00_09_09,D&G,average,60,160.0,0.29,0,0,9,9
Delayed_Ships_[#],00_00_09_09,D&G,average,100,210.0,0.24,0,0,9,9
Delayed_Ships_[#],00_00_09_09,D&G&Wp,average,20,110.0,0.46,0,0,9,9
Delayed_Ships_[#],00_00_09_09,D&G&Wp,average,60,180.0,0.29,0,0,9,9
Delayed_Ships_[#],00_00_09_09,D&G&Wp,average,100,280.0,0.26,0,0,9,9
Delayed_Ships_[#],00_00_09_09,D&Wp,average,20,110.0,0.46,0,0,9,9
Delayed_Ships_[#],00_00_09_09,D&Wp,average,60,190.0,0.29,0,0,9,9
Delayed_Ships_[#],00_00_09_09,D&Wp,average,100,320.0,0.27,0,0,9,9
Delayed_Ships_[#],00_00_09_09,G,average,20,110.0,0.47,0,0,9,9
Delayed_Ships_[#],00_00_09_09,G,average,60,160.0,0.29,0,0,9,9
Delayed_Ships_[#],00_00_09_09,G,average,100,200.0,0.24,0,0,9,9
Delayed_Ships_[#],00_00_09_09,G&Wp,average,20,110.0,0.46,0,0,9,9
Delayed_Ships_[#],00_00_09_09,G&Wp,average,60,190.0,0.29,0,0,9,9
Delayed_Ships_[#],00_00_09_09,G&Wp,average,100,310.0,0.27,0,0,9,9
Delayed_Ships_[#],00_00_09_09,Wp,average,20,110.0,0.45,0,0,9,9
Delayed_Ships_[#],00_00_09_09,Wp,average,60,220.0,0.3,0,0,9,9
Delayed_Ships_[#],00_00_09_09,Wp,average,100,410.0,0.3,0,0,9,9
Delayed_Ships_[#],00_00_11_00,D,average,20,230.0,1.0,0,0,11,0
Delayed_Ships_[#],00_00_11_00,D,average,60,570.0,1.0,0,0,11,0
Delayed_Ships_[#],00_00_11_00,D,average,100,910.0,1.0,0,0,11,0
Delayed_Ships_[#],00_00_11_00,D&G,average,20,230.0,1.0,0,0,11,0
Delayed_Ships_[#],00_00_11_00,D&G,average,60,560.0,1.0,0,0,11,0
Delayed_Ships_[#],00_00_11_00,D&G,average,100,870.0,1.0,0,0,11,0
Delayed_Ships_[#],00_00_11_00,D&G&Wp,average,20,230.0,1.0,0,0,11,0
Delayed_Ships_[#],00_00_11_00,D&G&Wp,average,60,610.0,1.0,0,0,11,0
Delayed_Ships_[#],00_00_11_00,D&G&Wp,average,100,1040.0,1.0,0,0,11,0
Delayed_Ships_[#],00_00_11_00,D&Wp,average,20,230.0,1.0,0,0,11,0
Delayed_Ships_[#],00_00_11_00,D&Wp,average,60,640.0,1.0,0,0,11,0
Delayed_Ships_[#],00_00_11_00,D&Wp,average,100,1150.0,1.0,0,0,11,0
Delayed_Ships_[#],00_00_11_00,G,average,20,220.0,1.0,0,0,11,0
Delayed_Ships_[#],00_00_11_00,G,average,60,540.0,1.0,0,0,11,0
Delayed_Ships_[#],00_00_11_00,G,average,100,840.0,1.0,0,0,11,0
Delayed_Ships_[#],00_00_11_00,G&Wp,average,20,230.0,1.0,0,0,11,0
Delayed_Ships_[#],00_00_11_00,G&Wp,average,60,630.0,1.0,0,0,11,0
Delayed_Ships_[#],00_00_11_00,G&Wp,average,100,1110.0,1.0,0,0,11,0
Delayed_Ships_[#],00_00_11_00,Wp,average,20,240.0,1.0,0,0,11,0
Delayed_Ships_[#],00_00_11_00,Wp,average,60,720.0,1.0,0,0,11,0
Delayed_Ships_[#],00_00_11_00,Wp,average,100,1390.0,1.0,0,0,11,0
Delayed_Ships_[#],00_00_11_01,D,average,20,180.0,0.8,0,0,11,1
Delayed_Ships_[#],00_00_11_01,D,average,60,330.0,0.58,0,0,11,1
Delayed_Ships_[#],00_00_11_01,D,average,100,470.0,0.52,0,0,11,1
Delayed_Ships_[#],00_00_11_01,D&G,average,20,180.0,0.8,0,0,11,1
Delayed_Ships_[#],00_00_11_01,D&G,average,60,320.0,0.58,0,0,11,1
Delayed_Ships_[#],00_00_11_01,D&G,average,100,460.0,0.52,0,0,11,1
Delayed_Ships_[#],00_00_11_01,D&G&Wp,average,20,180.0,0.79,0,0,11,1
Delayed_Ships_[#],00_00_11_01,D&G&Wp,average,60,320.0,0.52,0,0,11,1
Delayed_Ships_[#],00_00_11_01,D&G&Wp,average,100,460.0,0.44,0,0,11,1
Delayed_Ships_[#],00_00_11_01,D&Wp,average,20,190.0,0.79,0,0,11,1
Delayed_Ships_[#],00_00_11_01,D&Wp,average,60,320.0,0.49,0,0,11,1
Delayed_Ships_[#],00_00_11_01,D&Wp,average,100,470.0,0.41,0,0,11,1
Delayed_Ships_[#],00_00_11_01,G,average,20,180.0,0.8,0,0,11,1
Delayed_Ships_[#],00_00_11_01,G,average,60,320.0,0.58,0,0,11,1
Delayed_Ships_[#],00_00_11_01,G,average,100,440.0,0.53,0,0,11,1
Delayed_Ships_[#],00_00_11_01,G&Wp,average,20,180.0,0.79,0,0,11,1
Delayed_Ships_[#],00_00_11_01,G&Wp,average,60,310.0,0.49,0,0,11,1
Delayed_Ships_[#],00_00_11_01,G&Wp,average,100,460.0,0.41,0,0,11,1
Delayed_Ships_[#],00_00_11_01,Wp,average,20,190.0,0.77,0,0,11,1
Delayed_Ships_[#],00_00_11_01,Wp,average,60,310.0,0.43,0,0,11,1
Delayed_Ships_[#],00_00_11_01,Wp,average,100,470.0,0.34,0,0,11,1
Delayed_Ships_[#],00_00_11_02,D,average,20,200.0,0.87,0,0,11,2
Delayed_Ships_[#],00_00_11_02,D,average,60,490.0,0.86,0,0,11,2
Delayed_Ships_[#],00_00_11_02,D,average,100,770.0,0.85,0,0,11,2
Delayed_Ships_[#],00_00_11_02,D&G,average,20,200.0,0.87,0,0,11,2
Delayed_Ships_[#],00_00_11_02,D&G,average,60,480.0,0.86,0,0,11,2
Delayed_Ships_[#],00_00_11_02,D&G,average,100,750.0,0.85,0,0,11,2
Delayed_Ships_[#],00_00_11_02,D&G&Wp,average,20,200.0,0.86,0,0,11,2
Delayed_Ships_[#],00_00_11_02,D&G&Wp,average,60,470.0,0.76,0,0,11,2
Delayed_Ships_[#],00_00_11_02,D&G&Wp,average,100,700.0,0.67,0,0,11,2
Delayed_Ships_[#],00_00_11_02,D&Wp,average,20,200.0,0.86,0,0,11,2
Delayed_Ships_[#],00_00_11_02,D&Wp,average,60,470.0,0.72,0,0,11,2
Delayed_Ships_[#],00_00_11_02,D&Wp,average,100,690.0,0.6,0,0,11,2
Delayed_Ships_[#],00_00_11_02,G,average,20,200.0,0.87,0,0,11,2
Delayed_Ships_[#],00_00_11_02,G,average,60,470.0,0.86,0,0,11,2
Delayed_Ships_[#],00_00_11_02,G,average,100,720.0,0.85,0,0,11,2
Delayed_Ships_[#],00_00_11_02,G&Wp,average,20,200.0,0.86,0,0,11,2
Delayed_Ships_[#],00_00_11_02,G&Wp,average,60,460.0,0.72,0,0,11,2
Delayed_Ships_[#],00_00_11_02,G&Wp,average,100,670.0,0.6,0,0,11,2
Delayed_Ships_[#],00_00_11_02,Wp,average,20,210.0,0.86,0,0,11,2
Delayed_Ships_[#],00_00_11_02,Wp,average,60,450.0,0.62,0,0,11,2
Delayed_Ships_[#],00_00_11_02,Wp,average,100,610.0,0.44,0,0,11,2
Delayed_Ships_[#],00_00_11_04,D,average,20,140.0,0.59,0,0,11,4
Delayed_Ships_[#],00_00_11_04,D,average,60,450.0,0.8,0,0,11,4
Delayed_Ships_[#],00_00_11_04,D,average,100,760.0,0.84,0,0,11,4
Delayed_Ships_[#],00_00_11_04,D&G,average,20,130.0,0.59,0,0,11,4
Delayed_Ships_[#],00_00_11_04,D&G,average,60,450.0,0.81,0,0,11,4
Delayed_Ships_[#],00_00_11_04,D&G,average,100,740.0,0.85,0,0,11,4
Delayed_Ships_[#],00_00_11_04,D&G&Wp,average,20,140.0,0.58,0,0,11,4
Delayed_Ships_[#],00_00_11_04,D&G&Wp,average,60,440.0,0.71,0,0,11,4
Delayed_Ships_[#],00_00_11_04,D&G&Wp,average,100,690.0,0.65,0,0,11,4
Delayed_Ships_[#],00_00_11_04,D&Wp,average,20,140.0,0.58,0,0,11,4
Delayed_Ships_[#],00_00_11_04,D&Wp,average,60,430.0,0.67,0,0,11,4
Delayed_Ships_[#],00_00_11_04,D&Wp,average,100,670.0,0.58,0,0,11,4
Delayed_Ships_[#],00_00_11_04,G,average,20,130.0,0.59,0,0,11,4
Delayed_Ships_[#],00_00_11_04,G,average,60,440.0,0.81,0,0,11,4
Delayed_Ships_[#],00_00_11_04,G,average,100,720.0,0.86,0,0,11,4
Delayed_Ships_[#],00_00_11_04,G&Wp,average,20,140.0,0.58,0,0,11,4
Delayed_Ships_[#],00_00_11_04,G&Wp,average,60,430.0,0.67,0,0,11,4
Delayed_Ships_[#],00_00_11_04,G&Wp,average,100,650.0,0.58,0,0,11,4
Delayed_Ships_[#],00_00_11_04,Wp,average,20,140.0,0.57,0,0,11,4
Delayed_Ships_[#],00_00_11_04,Wp,average,60,410.0,0.56,0,0,11,4
Delayed_Ships_[#],00_00_11_04,Wp,average,100,570.0,0.41,0,0,11,4
Delayed_Ships_[#],00_00_11_05,D,average,20,140.0,0.59,0,0,11,5
Delayed_Ships_[#],00_00_11_05,D,average,60,350.0,0.62,0,0,11,5
Delayed_Ships_[#],00_00_11_05,D,average,100,520.0,0.57,0,0,11,5
Delayed_Ships_[#],00_00_11_05,D&G,average,20,130.0,0.59,0,0,11,5
Delayed_Ships_[#],00_00_11_05,D&G,average,60,380.0,0.67,0,0,11,5
Delayed_Ships_[#],00_00_11_05,D&G,average,100,560.0,0.64,0,0,11,5
Delayed_Ships_[#],00_00_11_05,D&G&Wp,average,20,140.0,0.58,0,0,11,5
Delayed_Ships_[#],00_00_11_05,D&G&Wp,average,60,360.0,0.59,0,0,11,5
Delayed_Ships_[#],00_00_11_05,D&G&Wp,average,100,550.0,0.52,0,0,11,5
Delayed_Ships_[#],00_00_11_05,D&Wp,average,20,140.0,0.58,0,0,11,5
Delayed_Ships_[#],00_00_11_05,D&Wp,average,60,340.0,0.53,0,0,11,5
Delayed_Ships_[#],00_00_11_05,D&Wp,average,100,520.0,0.45,0,0,11,5
Delayed_Ships_[#],00_00_11_05,G,average,20,130.0,0.59,0,0,11,5
Delayed_Ships_[#],00_00_11_05,G,average,60,400.0,0.73,0,0,11,5
Delayed_Ships_[#],00_00_11_05,G,average,100,590.0,0.7,0,0,11,5
Delayed_Ships_[#],00_00_11_05,G&Wp,average,20,140.0,0.58,0,0,11,5
Delayed_Ships_[#],00_00_11_05,G&Wp,average,60,360.0,0.57,0,0,11,5
Delayed_Ships_[#],00_00_11_05,G&Wp,average,100,560.0,0.5,0,0,11,5
Delayed_Ships_[#],00_00_11_05,Wp,average,20,140.0,0.57,0,0,11,5
Delayed_Ships_[#],00_00_11_05,Wp,average,60,330.0,0.45,0,0,11,5
Delayed_Ships_[#],00_00_11_05,Wp,average,100,520.0,0.37,0,0,11,5
Delayed_Ships_[#],00_00_11_07,D,average,20,110.0,0.47,0,0,11,7
Delayed_Ships_[#],00_00_11_07,D,average,60,170.0,0.29,0,0,11,7
Delayed_Ships_[#],00_00_11_07,D,average,100,220.0,0.24,0,0,11,7
Delayed_Ships_[#],00_00_11_07,D&G,average,20,110.0,0.47,0,0,11,7
Delayed_Ships_[#],00_00_11_07,D&G,average,60,160.0,0.29,0,0,11,7
Delayed_Ships_[#],00_00_11_07,D&G,average,100,210.0,0.24,0,0,11,7
Delayed_Ships_[#],00_00_11_07,D&G&Wp,average,20,110.0,0.46,0,0,11,7
Delayed_Ships_[#],00_00_11_07,D&G&Wp,average,60,180.0,0.29,0,0,11,7
Delayed_Ships_[#],00_00_11_07,D&G&Wp,average,100,280.0,0.26,0,0,11,7
Delayed_Ships_[#],00_00_11_07,D&Wp,average,20,110.0,0.46,0,0,11,7
Delayed_Ships_[#],00_00_11_07,D&Wp,average,60,190.0,0.29,0,0,11,7
Delayed_Ships_[#],00_00_11_07,D&Wp,average,100,320.0,0.27,0,0,11,7
Delayed_Ships_[#],00_00_11_07,G,average,20,110.0,0.47,0,0,11,7
Delayed_Ships_[#],00_00_11_07,G,average,60,160.0,0.29,0,0,11,7
Delayed_Ships_[#],00_00_11_07,G,average,100,200.0,0.24,0,0,11,7
Delayed_Ships_[#],00_00_11_07,G&Wp,average,20,110.0,0.46,0,0,11,7
Delayed_Ships_[#],00_00_11_07,G&Wp,average,60,190.0,0.29,0,0,11,7
Delayed_Ships_[#],00_00_11_07,G&Wp,average,100,310.0,0.27,0,0,11,7
Delayed_Ships_[#],00_00_11_07,Wp,average,20,110.0,0.45,0,0,11,7
Delayed_Ships_[#],00_00_11_07,Wp,average,60,220.0,0.3,0,0,11,7
Delayed_Ships_[#],00_00_11_07,Wp,average,100,410.0,0.3,0,0,11,7
Delayed_Ships_[#],00_00_11_08,D,average,20,110.0,0.47,0,0,11,8
Delayed_Ships_[#],00_00_11_08,D,average,60,170.0,0.29,0,0,11,8
Delayed_Ships_[#],00_00_11_08,D,average,100,220.0,0.24,0,0,11,8
Delayed_Ships_[#],00_00_11_08,D&G,average,20,110.0,0.47,0,0,11,8
Delayed_Ships_[#],00_00_11_08,D&G,average,60,160.0,0.29,0,0,11,8
Delayed_Ships_[#],00_00_11_08,D&G,average,100,210.0,0.24,0,0,11,8
Delayed_Ships_[#],00_00_11_08,D&G&Wp,average,20,110.0,0.46,0,0,11,8
Delayed_Ships_[#],00_00_11_08,D&G&Wp,average,60,180.0,0.29,0,0,11,8
Delayed_Ships_[#],00_00_11_08,D&G&Wp,average,100,280.0,0.26,0,0,11,8
Delayed_Ships_[#],00_00_11_08,D&Wp,average,20,110.0,0.46,0,0,11,8
Delayed_Ships_[#],00_00_11_08,D&Wp,average,60,190.0,0.29,0,0,11,8
Delayed_Ships_[#],00_00_11_08,D&Wp,average,100,320.0,0.27,0,0,11,8
Delayed_Ships_[#],00_00_11_08,G,average,20,110.0,0.47,0,0,11,8
Delayed_Ships_[#],00_00_11_08,G,average,60,160.0,0.29,0,0,11,8
Delayed_Ships_[#],00_00_11_08,G,average,100,200.0,0.24,0,0,11,8
Delayed_Ships_[#],00_00_11_08,G&Wp,average,20,110.0,0.46,0,0,11,8
Delayed_Ships_[#],00_00_11_08,G&Wp,average,60,190.0,0.29,0,0,11,8
Delayed_Ships_[#],00_00_11_08,G&Wp,average,100,310.0,0.27,0,0,11,8
Delayed_Ships_[#],00_00_11_08,Wp,average,20,110.0,0.45,0,0,11,8
Delayed_Ships_[#],00_00_11_08,Wp,average,60,220.0,0.3,0,0,11,8
Delayed_Ships_[#],00_00_11_08,Wp,average,100,410.0,0.3,0,0,11,8
Delayed_Ships_[#],00_00_11_09,D,average,20,110.0,0.47,0,0,11,9
Delayed_Ships_[#],00_00_11_09,D,average,60,170.0,0.29,0,0,11,9
Delayed_Ships_[#],00_00_11_09,D,average,100,220.0,0.24,0,0,11,9
Delayed_Ships_[#],00_00_11_09,D&G,average,20,110.0,0.47,0,0,11,9
Delayed_Ships_[#],00_00_11_09,D&G,average,60,160.0,0.29,0,0,11,9
Delayed_Ships_[#],00_00_11_09,D&G,average,100,210.0,0.24,0,0,11,9
Delayed_Ships_[#],00_00_11_09,D&G&Wp,average,20,110.0,0.46,0,0,11,9
Delayed_Ships_[#],00_00_11_09,D&G&Wp,average,60,180.0,0.29,0,0,11,9
Delayed_Ships_[#],00_00_11_09,D&G&Wp,average,100,280.0,0.26,0,0,11,9
Delayed_Ships_[#],00_00_11_09,D&Wp,average,20,110.0,0.46,0,0,11,9
Delayed_Ships_[#],00_00_11_09,D&Wp,average,60,190.0,0.29,0,0,11,9
Delayed_Ships_[#],00_00_11_09,D&Wp,average,100,320.0,0.27,0,0,11,9
Delayed_Ships_[#],00_00_11_09,G,average,20,110.0,0.47,0,0,11,9
Delayed_Ships_[#],00_00_11_09,G,average,60,160.0,0.29,0,0,11,9
Delayed_Ships_[#],00_00_11_09,G,average,100,200.0,0.24,0,0,11,9
Delayed_Ships_[#],00_00_11_09,G&Wp,average,20,110.0,0.46,0,0,11,9
Delayed_Ships_[#],00_00_11_09,G&Wp,average,60,190.0,0.29,0,0,11,9
Delayed_Ships_[#],00_00_11_09,G&Wp,average,100,310.0,0.27,0,0,11,9
Delayed_Ships_[#],00_00_11_09,Wp,average,20,110.0,0.45,0,0,11,9
Delayed_Ships_[#],00_00_11_09,Wp,average,60,220.0,0.3,0,0,11,9
Delayed_Ships_[#],00_00_11_09,Wp,average,100,410.0,0.3,0,0,11,9
Delayed_Ships_[#],00_00_13_00,D,average,20,230.0,1.0,0,0,13,0
Delayed_Ships_[#],00_00_13_00,D,average,60,590.0,1.04,0,0,13,0
Delayed_Ships_[#],00_00_13_00,D,average,100,1030.0,1.14,0,0,13,0
Delayed_Ships_[#],00_00_13_00,D&G,average,20,230.0,1.0,0,0,13,0
Delayed_Ships_[#],00_00_13_00,D&G,average,60,580.0,1.05,0,0,13,0
Delayed_Ships_[#],00_00_13_00,D&G,average,100,1000.0,1.15,0,0,13,0
Delayed_Ships_[#],00_00_13_00,D&G&Wp,average,20,230.0,1.0,0,0,13,0
Delayed_Ships_[#],00_00_13_00,D&G&Wp,average,60,640.0,1.05,0,0,13,0
Delayed_Ships_[#],00_00_13_00,D&G&Wp,average,100,1220.0,1.17,0,0,13,0
Delayed_Ships_[#],00_00_13_00,D&Wp,average,20,230.0,1.0,0,0,13,0
Delayed_Ships_[#],00_00_13_00,D&Wp,average,60,680.0,1.05,0,0,13,0
Delayed_Ships_[#],00_00_13_00,D&Wp,average,100,1340.0,1.17,0,0,13,0
Delayed_Ships_[#],00_00_13_00,G,average,20,220.0,1.0,0,0,13,0
Delayed_Ships_[#],00_00_13_00,G,average,60,570.0,1.05,0,0,13,0
Delayed_Ships_[#],00_00_13_00,G,average,100,970.0,1.16,0,0,13,0
Delayed_Ships_[#],00_00_13_00,G&Wp,average,20,230.0,1.0,0,0,13,0
Delayed_Ships_[#],00_00_13_00,G&Wp,average,60,670.0,1.06,0,0,13,0
Delayed_Ships_[#],00_00_13_00,G&Wp,average,100,1310.0,1.18,0,0,13,0
Delayed_Ships_[#],00_00_13_00,Wp,average,20,240.0,1.0,0,0,13,0
Delayed_Ships_[#],00_00_13_00,Wp,average,60,760.0,1.06,0,0,13,0
Delayed_Ships_[#],00_00_13_00,Wp,average,100,1640.0,1.19,0,0,13,0
Delayed_Ships_[#],00_00_13_01,D,average,20,180.0,0.8,0,0,13,1
Delayed_Ships_[#],00_00_13_01,D,average,60,340.0,0.59,0,0,13,1
Delayed_Ships_[#],00_00_13_01,D,average,100,450.0,0.5,0,0,13,1
Delayed_Ships_[#],00_00_13_01,D&G,average,20,180.0,0.8,0,0,13,1
Delayed_Ships_[#],00_00_13_01,D&G,average,60,330.0,0.59,0,0,13,1
Delayed_Ships_[#],00_00_13_01,D&G,average,100,450.0,0.52,0,0,13,1
Delayed_Ships_[#],00_00_13_01,D&G&Wp,average,20,180.0,0.79,0,0,13,1
Delayed_Ships_[#],00_00_13_01,D&G&Wp,average,60,330.0,0.54,0,0,13,1
Delayed_Ships_[#],00_00_13_01,D&G&Wp,average,100,490.0,0.46,0,0,13,1
Delayed_Ships_[#],00_00_13_01,D&Wp,average,20,190.0,0.79,0,0,13,1
Delayed_Ships_[#],00_00_13_01,D&Wp,average,60,330.0,0.51,0,0,13,1
Delayed_Ships_[#],00_00_13_01,D&Wp,average,100,500.0,0.44,0,0,13,1
Delayed_Ships_[#],00_00_13_01,G,average,20,180.0,0.8,0,0,13,1
Delayed_Ships_[#],00_00_13_01,G,average,60,330.0,0.6,0,0,13,1
Delayed_Ships_[#],00_00_13_01,G,average,100,450.0,0.54,0,0,13,1
Delayed_Ships_[#],00_00_13_01,G&Wp,average,20,180.0,0.79,0,0,13,1
Delayed_Ships_[#],00_00_13_01,G&Wp,average,60,330.0,0.51,0,0,13,1
Delayed_Ships_[#],00_00_13_01,G&Wp,average,100,500.0,0.45,0,0,13,1
Delayed_Ships_[#],00_00_13_01,Wp,average,20,190.0,0.77,0,0,13,1
Delayed_Ships_[#],00_00_13_01,Wp,average,60,320.0,0.45,0,0,13,1
Delayed_Ships_[#],00_00_13_01,Wp,average,100,550.0,0.4,0,0,13,1
Delayed_Ships_[#],00_00_13_02,D,average,20,200.0,0.87,0,0,13,2
Delayed_Ships_[#],00_00_13_02,D,average,60,500.0,0.88,0,0,13,2
Delayed_Ships_[#],00_00_13_02,D,average,100,750.0,0.83,0,0,13,2
Delayed_Ships_[#],00_00_13_02,D&G,average,20,200.0,0.87,0,0,13,2
Delayed_Ships_[#],00_00_13_02,D&G,average,60,490.0,0.88,0,0,13,2
Delayed_Ships_[#],00_00_13_02,D&G,average,100,760.0,0.87,0,0,13,2
Delayed_Ships_[#],00_00_13_02,D&G&Wp,average,20,200.0,0.86,0,0,13,2
Delayed_Ships_[#],00_00_13_02,D&G&Wp,average,60,480.0,0.78,0,0,13,2
Delayed_Ships_[#],00_00_13_02,D&G&Wp,average,100,730.0,0.7,0,0,13,2
Delayed_Ships_[#],00_00_13_02,D&Wp,average,20,200.0,0.86,0,0,13,2
Delayed_Ships_[#],00_00_13_02,D&Wp,average,60,480.0,0.74,0,0,13,2
Delayed_Ships_[#],00_00_13_02,D&Wp,average,100,720.0,0.63,0,0,13,2
Delayed_Ships_[#],00_00_13_02,G,average,20,200.0,0.87,0,0,13,2
Delayed_Ships_[#],00_00_13_02,G,average,60,480.0,0.88,0,0,13,2
Delayed_Ships_[#],00_00_13_02,G,average,100,770.0,0.91,0,0,13,2
Delayed_Ships_[#],00_00_13_02,G&Wp,average,20,200.0,0.86,0,0,13,2
Delayed_Ships_[#],00_00_13_02,G&Wp,average,60,470.0,0.74,0,0,13,2
Delayed_Ships_[#],00_00_13_02,G&Wp,average,100,730.0,0.65,0,0,13,2
Delayed_Ships_[#],00_00_13_02,Wp,average,20,210.0,0.86,0,0,13,2
Delayed_Ships_[#],00_00_13_02,Wp,average,60,460.0,0.63,0,0,13,2
Delayed_Ships_[#],00_00_13_02,Wp,average,100,680.0,0.49,0,0,13,2
Delayed_Ships_[#],00_00_13_04,D,average,20,140.0,0.59,0,0,13,4
Delayed_Ships_[#],00_00_13_04,D,average,60,460.0,0.81,0,0,13,4
Delayed_Ships_[#],00_00_13_04,D,average,100,700.0,0.77,0,0,13,4
Delayed_Ships_[#],00_00_13_04,D&G,average,20,130.0,0.59,0,0,13,4
Delayed_Ships_[#],00_00_13_04,D&G,average,60,450.0,0.82,0,0,13,4
Delayed_Ships_[#],00_00_13_04,D&G,average,100,700.0,0.8,0,0,13,4
Delayed_Ships_[#],00_00_13_04,D&G&Wp,average,20,140.0,0.58,0,0,13,4
Delayed_Ships_[#],00_00_13_04,D&G&Wp,average,60,440.0,0.73,0,0,13,4
Delayed_Ships_[#],00_00_13_04,D&G&Wp,average,100,680.0,0.65,0,0,13,4
Delayed_Ships_[#],00_00_13_04,D&Wp,average,20,140.0,0.58,0,0,13,4
Delayed_Ships_[#],00_00_13_04,D&Wp,average,60,440.0,0.68,0,0,13,4
Delayed_Ships_[#],00_00_13_04,D&Wp,average,100,670.0,0.59,0,0,13,4
Delayed_Ships_[#],00_00_13_04,G,average,20,130.0,0.59,0,0,13,4
Delayed_Ships_[#],00_00_13_04,G,average,60,450.0,0.83,0,0,13,4
Delayed_Ships_[#],00_00_13_04,G,average,100,700.0,0.83,0,0,13,4
Delayed_Ships_[#],00_00_13_04,G&Wp,average,20,140.0,0.58,0,0,13,4
Delayed_Ships_[#],00_00_13_04,G&Wp,average,60,440.0,0.69,0,0,13,4
Delayed_Ships_[#],00_00_13_04,G&Wp,average,100,680.0,0.61,0,0,13,4
Delayed_Ships_[#],00_00_13_04,Wp,average,20,140.0,0.57,0,0,13,4
Delayed_Ships_[#],00_00_13_04,Wp,average,60,420.0,0.59,0,0,13,4
Delayed_Ships_[#],00_00_13_04,Wp,average,100,650.0,0.47,0,0,13,4
Delayed_Ships_[#],00_00_13_05,D,average,20,140.0,0.59,0,0,13,5
Delayed_Ships_[#],00_00_13_05,D,average,60,350.0,0.62,0,0,13,5
Delayed_Ships_[#],00_00_13_05,D,average,100,500.0,0.55,0,0,13,5
Delayed_Ships_[#],00_00_13_05,D&G,average,20,130.0,0.59,0,0,13,5
Delayed_Ships_[#],00_00_13_05,D&G,average,60,380.0,0.68,0,0,13,5
Delayed_Ships_[#],00_00_13_05,D&G,average,100,530.0,0.61,0,0,13,5
Delayed_Ships_[#],00_00_13_05,D&G&Wp,average,20,140.0,0.58,0,0,13,5
Delayed_Ships_[#],00_00_13_05,D&G&Wp,average,60,370.0,0.6,0,0,13,5
Delayed_Ships_[#],00_00_13_05,D&G&Wp,average,100,560.0,0.53,0,0,13,5
Delayed_Ships_[#],00_00_13_05,D&Wp,average,20,140.0,0.58,0,0,13,5
Delayed_Ships_[#],00_00_13_05,D&Wp,average,60,350.0,0.54,0,0,13,5
Delayed_Ships_[#],00_00_13_05,D&Wp,average,100,560.0,0.48,0,0,13,5
Delayed_Ships_[#],00_00_13_05,G,average,20,130.0,0.59,0,0,13,5
Delayed_Ships_[#],00_00_13_05,G,average,60,400.0,0.74,0,0,13,5
Delayed_Ships_[#],00_00_13_05,G,average,100,570.0,0.67,0,0,13,5
Delayed_Ships_[#],00_00_13_05,G&Wp,average,20,140.0,0.58,0,0,13,5
Delayed_Ships_[#],00_00_13_05,G&Wp,average,60,370.0,0.59,0,0,13,5
Delayed_Ships_[#],00_00_13_05,G&Wp,average,100,590.0,0.53,0,0,13,5
Delayed_Ships_[#],00_00_13_05,Wp,average,20,140.0,0.57,0,0,13,5
Delayed_Ships_[#],00_00_13_05,Wp,average,60,340.0,0.47,0,0,13,5
Delayed_Ships_[#],00_00_13_05,Wp,average,100,610.0,0.44,0,0,13,5
Delayed_Ships_[#],00_00_13_07,D,average,20,110.0,0.47,0,0,13,7
Delayed_Ships_[#],00_00_13_07,D,average,60,170.0,0.3,0,0,13,7
Delayed_Ships_[#],00_00_13_07,D,average,100,260.0,0.29,0,0,13,7
Delayed_Ships_[#],00_00_13_07,D&G,average,20,110.0,0.47,0,0,13,7
Delayed_Ships_[#],00_00_13_07,D&G,average,60,170.0,0.3,0,0,13,7
Delayed_Ships_[#],00_00_13_07,D&G,average,100,250.0,0.29,0,0,13,7
Delayed_Ships_[#],00_00_13_07,D&G&Wp,average,20,110.0,0.46,0,0,13,7
Delayed_Ships_[#],00_00_13_07,D&G&Wp,average,60,190.0,0.31,0,0,13,7
Delayed_Ships_[#],00_00_13_07,D&G&Wp,average,100,340.0,0.32,0,0,13,7
Delayed_Ships_[#],00_00_13_07,D&Wp,average,20,110.0,0.46,0,0,13,7
Delayed_Ships_[#],00_00_13_07,D&Wp,average,60,210.0,0.31,0,0,13,7
Delayed_Ships_[#],00_00_13_07,D&Wp,average,100,380.0,0.33,0,0,13,7
Delayed_Ships_[#],00_00_13_07,G,average,20,110.0,0.47,0,0,13,7
Delayed_Ships_[#],00_00_13_07,G,average,60,170.0,0.3,0,0,13,7
Delayed_Ships_[#],00_00_13_07,G,average,100,250.0,0.29,0,0,13,7
Delayed_Ships_[#],00_00_13_07,G&Wp,average,20,110.0,0.46,0,0,13,7
Delayed_Ships_[#],00_00_13_07,G&Wp,average,60,200.0,0.31,0,0,13,7
Delayed_Ships_[#],00_00_13_07,G&Wp,average,100,380.0,0.33,0,0,13,7
Delayed_Ships_[#],00_00_13_07,Wp,average,20,110.0,0.45,0,0,13,7
Delayed_Ships_[#],00_00_13_07,Wp,average,60,240.0,0.32,0,0,13,7
Delayed_Ships_[#],00_00_13_07,Wp,average,100,510.0,0.36,0,0,13,7
Delayed_Ships_[#],00_00_13_08,D,average,20,110.0,0.47,0,0,13,8
Delayed_Ships_[#],00_00_13_08,D,average,60,170.0,0.3,0,0,13,8
Delayed_Ships_[#],00_00_13_08,D,average,100,260.0,0.29,0,0,13,8
Delayed_Ships_[#],00_00_13_08,D&G,average,20,110.0,0.47,0,0,13,8
Delayed_Ships_[#],00_00_13_08,D&G,average,60,170.0,0.3,0,0,13,8
Delayed_Ships_[#],00_00_13_08,D&G,average,100,250.0,0.29,0,0,13,8
Delayed_Ships_[#],00_00_13_08,D&G&Wp,average,20,110.0,0.46,0,0,13,8
Delayed_Ships_[#],00_00_13_08,D&G&Wp,average,60,190.0,0.31,0,0,13,8
Delayed_Ships_[#],00_00_13_08,D&G&Wp,average,100,340.0,0.32,0,0,13,8
Delayed_Ships_[#],00_00_13_08,D&Wp,average,20,110.0,0.46,0,0,13,8
Delayed_Ships_[#],00_00_13_08,D&Wp,average,60,210.0,0.31,0,0,13,8
Delayed_Ships_[#],00_00_13_08,D&Wp,average,100,380.0,0.33,0,0,13,8
Delayed_Ships_[#],00_00_13_08,G,average,20,110.0,0.47,0,0,13,8
Delayed_Ships_[#],00_00_13_08,G,average,60,170.0,0.3,0,0,13,8
Delayed_Ships_[#],00_00_13_08,G,average,100,250.0,0.29,0,0,13,8
Delayed_Ships_[#],00_00_13_08,G&Wp,average,20,110.0,0.46,0,0,13,8
Delayed_Ships_[#],00_00_13_08,G&Wp,average,60,200.0,0.31,0,0,13,8
Delayed_Ships_[#],00_00_13_08,G&Wp,average,100,380.0,0.33,0,0,13,8
Delayed_Ships_[#],00_00_13_08,Wp,average,20,110.0,0.45,0,0,13,8
Delayed_Ships_[#],00_00_13_08,Wp,average,60,240.0,0.32,0,0,13,8
Delayed_Ships_[#],00_00_13_08,Wp,average,100,510.0,0.36,0,0,13,8
Delayed_Ships_[#],00_00_13_09,D,average,20,110.0,0.47,0,0,13,9
Delayed_Ships_[#],00_00_13_09,D,average,60,170.0,0.3,0,0,13,9
Delayed_Ships_[#],00_00_13_09,D,average,100,260.0,0.29,0,0,13,9
Delayed_Ships_[#],00_00_13_09,D&G,average,20,110.0,0.47,0,0,13,9
Delayed_Ships_[#],00_00_13_09,D&G,average,60,170.0,0.3,0,0,13,9
Delayed_Ships_[#],00_00_13_09,D&G,average,100,250.0,0.29,0,0,13,9
Delayed_Ships_[#],00_00_13_09,D&G&Wp,average,20,110.0,0.46,0,0,13,9
Delayed_Ships_[#],00_00_13_09,D&G&Wp,average,60,190.0,0.31,0,0,13,9
Delayed_Ships_[#],00_00_13_09,D&G&Wp,average,100,340.0,0.32,0,0,13,9
Delayed_Ships_[#],00_00_13_09,D&Wp,average,20,110.0,0.46,0,0,13,9
Delayed_Ships_[#],00_00_13_09,D&Wp,average,60,210.0,0.31,0,0,13,9
Delayed_Ships_[#],00_00_13_09,D&Wp,average,100,380.0,0.33,0,0,13,9
Delayed_Ships_[#],00_00_13_09,G,average,20,110.0,0.47,0,0,13,9
Delayed_Ships_[#],00_00_13_09,G,average,60,170.0,0.3,0,0,13,9
Delayed_Ships_[#],00_00_13_09,G,average,100,250.0,0.29,0,0,13,9
Delayed_Ships_[#],00_00_13_09,G&Wp,average,20,110.0,0.46,0,0,13,9
Delayed_Ships_[#],00_00_13_09,G&Wp,average,60,200.0,0.31,0,0,13,9
Delayed_Ships_[#],00_00_13_09,G&Wp,average,100,380.0,0.33,0,0,13,9
Delayed_Ships_[#],00_00_13_09,Wp,average,20,110.0,0.45,0,0,13,9
Delayed_Ships_[#],00_00_13_09,Wp,average,60,240.0,0.32,0,0,13,9
Delayed_Ships_[#],00_00_13_09,Wp,average,100,510.0,0.36,0,0,13,9
Shipping_Costs_[MEUR],00_00_00_00,D,average,20,0.0,0.0,0,0,0,0
Shipping_Costs_[MEUR],00_00_00_00,D,average,60,0.0,0.0,0,0,0,0
Shipping_Costs_[MEUR],00_00_00_00,D,average,100,0.0,0.0,0,0,0,0
Shipping_Costs_[MEUR],00_00_00_00,D&G,average,20,0.0,0.0,0,0,0,0
Shipping_Costs_[MEUR],00_00_00_00,D&G,average,60,0.0,0.0,0,0,0,0
Shipping_Costs_[MEUR],00_00_00_00,D&G,average,100,0.0,0.0,0,0,0,0
Shipping_Costs_[MEUR],00_00_00_00,D&G&Wp,average,20,0.0,0.0,0,0,0,0
Shipping_Costs_[MEUR],00_00_00_00,D&G&Wp,average,60,0.0,0.0,0,0,0,0
Shipping_Costs_[MEUR],00_00_00_00,D&G&Wp,average,100,0.0,0.0,0,0,0,0
Shipping_Costs_[MEUR],00_00_00_00,D&Wp,average,20,0.0,0.0,0,0,0,0
Shipping_Costs_[MEUR],00_00_00_00,D&Wp,average,60,0.0,0.0,0,0,0,0
Shipping_Costs_[MEUR],00_00_00_00,D&Wp,average,100,0.0,0.0,0,0,0,0
Shipping_Costs_[MEUR],00_00_00_00,G,average,20,0.0,0.0,0,0,0,0
Shipping_Costs_[MEUR],00_00_00_00,G,average,60,0.0,0.0,0,0,0,0
Shipping_Costs_[MEUR],00_00_00_00,G,average,100,0.0,0.0,0,0,0,0
Shipping_Costs_[MEUR],00_00_00_00,G&Wp,average,20,0.0,0.0,0,0,0,0
Shipping_Costs_[MEUR],00_00_00_00,G&Wp,average,60,0.0,0.0,0,0,0,0
Shipping_Costs_[MEUR],00_00_00_00,G&Wp,average,100,0.0,0.0,0,0,0,0
Shipping_Costs_[MEUR],00_00_00_00,Wp,average,20,0.0,0.0,0,0,0,0
Shipping_Costs_[MEUR],00_00_00_00,Wp,average,60,0.0,0.0,0,0,0,0
Shipping_Costs_[MEUR],00_00_00_00,Wp,average,100,0.0,0.0,0,0,0,0
Shipping_Costs_[MEUR],00_00_00_01,D,average,20,550.0,0.42,0,0,0,1
Shipping_Costs_[MEUR],00_00_00_01,D,average,60,1090.0,0.51,0,0,0,1
Shipping_Costs_[MEUR],00_00_00_01,D,average,100,1550.0,0.47,0,0,0,1
Shipping_Costs_[MEUR],00_00_00_01,D&G,average,20,550.0,0.42,0,0,0,1
Shipping_Costs_[MEUR],00_00_00_01,D&G,average,60,1090.0,0.51,0,0,0,1
Shipping_Costs_[MEUR],00_00_00_01,D&G,average,100,1550.0,0.47,0,0,0,1
Shipping_Costs_[MEUR],00_00_00_01,D&G&Wp,average,20,590.0,0.45,0,0,0,1
Shipping_Costs_[MEUR],00_00_00_01,D&G&Wp,average,60,1300.0,0.6,0,0,0,1
Shipping_Costs_[MEUR],00_00_00_01,D&G&Wp,average,100,1850.0,0.56,0,0,0,1
Shipping_Costs_[MEUR],00_00_00_01,D&Wp,average,20,600.0,0.46,0,0,0,1
Shipping_Costs_[MEUR],00_00_00_01,D&Wp,average,60,1400.0,0.65,0,0,0,1
Shipping_Costs_[MEUR],00_00_00_01,D&Wp,average,100,2010.0,0.61,0,0,0,1
Shipping_Costs_[MEUR],00_00_00_01,G,average,20,550.0,0.42,0,0,0,1
Shipping_Costs_[MEUR],00_00_00_01,G,average,60,1090.0,0.51,0,0,0,1
Shipping_Costs_[MEUR],00_00_00_01,G,average,100,1550.0,0.47,0,0,0,1
Shipping_Costs_[MEUR],00_00_00_01,G&Wp,average,20,600.0,0.46,0,0,0,1
Shipping_Costs_[MEUR],00_00_00_01,G&Wp,average,60,1400.0,0.65,0,0,0,1
Shipping_Costs_[MEUR],00_00_00_01,G&Wp,average,100,2010.0,0.61,0,0,0,1
Shipping_Costs_[MEUR],00_00_00_01,Wp,average,20,650.0,0.5,0,0,0,1
Shipping_Costs_[MEUR],00_00_00_01,Wp,average,60,1710.0,0.79,0,0,0,1
Shipping_Costs_[MEUR],00_00_00_01,Wp,average,100,2460.0,0.75,0,0,0,1
Shipping_Costs_[MEUR],00_00_00_02,D,average,20,20.0,0.01,0,0,0,2
Shipping_Costs_[MEUR],00_00_00_02,D,average,60,90.0,0.04,0,0,0,2
Shipping_Costs_[MEUR],00_00_00_02,D,average,100,170.0,0.05,0,0,0,2
Shipping_Costs_[MEUR],00_00_00_02,D&G,average,20,20.0,0.01,0,0,0,2
Shipping_Costs_[MEUR],00_00_00_02,D&G,average,60,90.0,0.04,0,0,0,2
Shipping_Costs_[MEUR],00_00_00_02,D&G,average,100,170.0,0.05,0,0,0,2
Shipping_Costs_[MEUR],00_00_00_02,D&G&Wp,average,20,20.0,0.01,0,0,0,2
Shipping_Costs_[MEUR],00_00_00_02,D&G&Wp,average,60,540.0,0.25,0,0,0,2
Shipping_Costs_[MEUR],00_00_00_02,D&G&Wp,average,100,880.0,0.26,0,0,0,2
Shipping_Costs_[MEUR],00_00_00_02,D&Wp,average,20,20.0,0.01,0,0,0,2
Shipping_Costs_[MEUR],00_00_00_02,D&Wp,average,60,770.0,0.35,0,0,0,2
Shipping_Costs_[MEUR],00_00_00_02,D&Wp,average,100,1230.0,0.37,0,0,0,2
Shipping_Costs_[MEUR],00_00_00_02,G,average,20,20.0,0.01,0,0,0,2
Shipping_Costs_[MEUR],00_00_00_02,G,average,60,90.0,0.04,0,0,0,2
Shipping_Costs_[MEUR],00_00_00_02,G,average,100,160.0,0.05,0,0,0,2
Shipping_Costs_[MEUR],00_00_00_02,G&Wp,average,20,20.0,0.01,0,0,0,2
Shipping_Costs_[MEUR],00_00_00_02,G&Wp,average,60,770.0,0.35,0,0,0,2
Shipping_Costs_[MEUR],00_00_00_02,G&Wp,average,100,1230.0,0.37,0,0,0,2
Shipping_Costs_[MEUR],00_00_00_02,Wp,average,20,20.0,0.01,0,0,0,2
Shipping_Costs_[MEUR],00_00_00_02,Wp,average,60,1440.0,0.67,0,0,0,2
Shipping_Costs_[MEUR],00_00_00_02,Wp,average,100,2300.0,0.69,0,0,0,2
Shipping_Costs_[MEUR],00_00_00_04,D,average,20,50.0,0.03,0,0,0,4
Shipping_Costs_[MEUR],00_00_00_04,D,average,60,150.0,0.07,0,0,0,4
Shipping_Costs_[MEUR],00_00_00_04,D,average,100,260.0,0.08,0,0,0,4
Shipping_Costs_[MEUR],00_00_00_04,D&G,average,20,50.0,0.03,0,0,0,4
Shipping_Costs_[MEUR],00_00_00_04,D&G,average,60,150.0,0.07,0,0,0,4
Shipping_Costs_[MEUR],00_00_00_04,D&G,average,100,260.0,0.08,0,0,0,4
Shipping_Costs_[MEUR],00_00_00_04,D&G&Wp,average,20,50.0,0.03,0,0,0,4
Shipping_Costs_[MEUR],00_00_00_04,D&G&Wp,average,60,580.0,0.27,0,0,0,4
Shipping_Costs_[MEUR],00_00_00_04,D&G&Wp,average,100,940.0,0.28,0,0,0,4
Shipping_Costs_[MEUR],00_00_00_04,D&Wp,average,20,50.0,0.03,0,0,0,4
Shipping_Costs_[MEUR],00_00_00_04,D&Wp,average,60,800.0,0.37,0,0,0,4
Shipping_Costs_[MEUR],00_00_00_04,D&Wp,average,100,1280.0,0.39,0,0,0,4
Shipping_Costs_[MEUR],00_00_00_04,G,average,20,50.0,0.03,0,0,0,4
Shipping_Costs_[MEUR],00_00_00_04,G,average,60,150.0,0.07,0,0,0,4
Shipping_Costs_[MEUR],00_00_00_04,G,average,100,260.0,0.08,0,0,0,4
Shipping_Costs_[MEUR],00_00_00_04,G&Wp,average,20,50.0,0.03,0,0,0,4
Shipping_Costs_[MEUR],00_00_00_04,G&Wp,average,60,800.0,0.37,0,0,0,4
Shipping_Costs_[MEUR],00_00_00_04,G&Wp,average,100,1280.0,0.39,0,0,0,4
Shipping_Costs_[MEUR],00_00_00_04,Wp,average,20,50.0,0.03,0,0,0,4
Shipping_Costs_[MEUR],00_00_00_04,Wp,average,60,1440.0,0.67,0,0,0,4
Shipping_Costs_[MEUR],00_00_00_04,Wp,average,100,2300.0,0.69,0,0,0,4
Shipping_Costs_[MEUR],00_00_00_05,D,average,20,50.0,0.03,0,0,0,5
Shipping_Costs_[MEUR],00_00_00_05,D,average,60,1030.0,0.48,0,0,0,5
Shipping_Costs_[MEUR],00_00_00_05,D,average,100,1580.0,0.48,0,0,0,5
Shipping_Costs_[MEUR],00_00_00_05,D&G,average,20,50.0,0.03,0,0,0,5
Shipping_Costs_[MEUR],00_00_00_05,D&G,average,60,810.0,0.37,0,0,0,5
Shipping_Costs_[MEUR],00_00_00_05,D&G,average,100,1320.0,0.4,0,0,0,5
Shipping_Costs_[MEUR],00_00_00_05,D&G&Wp,average,20,50.0,0.03,0,0,0,5
Shipping_Costs_[MEUR],00_00_00_05,D&G&Wp,average,60,1090.0,0.5,0,0,0,5
Shipping_Costs_[MEUR],00_00_00_05,D&G&Wp,average,100,1720.0,0.52,0,0,0,5
Shipping_Costs_[MEUR],00_00_00_05,D&Wp,average,20,50.0,0.03,0,0,0,5
Shipping_Costs_[MEUR],00_00_00_05,D&Wp,average,60,1340.0,0.62,0,0,0,5
Shipping_Costs_[MEUR],00_00_00_05,D&Wp,average,100,2040.0,0.62,0,0,0,5
Shipping_Costs_[MEUR],00_00_00_05,G,average,20,50.0,0.03,0,0,0,5
Shipping_Costs_[MEUR],00_00_00_05,G,average,60,580.0,0.27,0,0,0,5
Shipping_Costs_[MEUR],00_00_00_05,G,average,100,1070.0,0.32,0,0,0,5
Shipping_Costs_[MEUR],00_00_00_05,G&Wp,average,20,50.0,0.03,0,0,0,5
Shipping_Costs_[MEUR],00_00_00_05,G&Wp,average,60,1120.0,0.52,0,0,0,5
Shipping_Costs_[MEUR],00_00_00_05,G&Wp,average,100,1780.0,0.54,0,0,0,5
Shipping_Costs_[MEUR],00_00_00_05,Wp,average,20,50.0,0.03,0,0,0,5
Shipping_Costs_[MEUR],00_00_00_05,Wp,average,60,1650.0,0.77,0,0,0,5
Shipping_Costs_[MEUR],00_00_00_05,Wp,average,100,2500.0,0.76,0,0,0,5
Shipping_Costs_[MEUR],00_00_00_07,D,average,20,1240.0,0.95,0,0,0,7
Shipping_Costs_[MEUR],00_00_00_07,D,average,60,1980.0,0.92,0,0,0,7
Shipping_Costs_[MEUR],00_00_00_07,D,average,100,2720.0,0.82,0,0,0,7
Shipping_Costs_[MEUR],00_00_00_07,D&G,average,20,1240.0,0.95,0,0,0,7
Shipping_Costs_[MEUR],00_00_00_07,D&G,average,60,1980.0,0.92,0,0,0,7
Shipping_Costs_[MEUR],00_00_00_07,D&G,average,100,2720.0,0.82,0,0,0,7
Shipping_Costs_[MEUR],00_00_00_07,D&G&Wp,average,20,1240.0,0.95,0,0,0,7
Shipping_Costs_[MEUR],00_00_00_07,D&G&Wp,average,60,1980.0,0.92,0,0,0,7
Shipping_Costs_[MEUR],00_00_00_07,D&G&Wp,average,100,2720.0,0.82,0,0,0,7
Shipping_Costs_[MEUR],00_00_00_07,D&Wp,average,20,1240.0,0.95,0,0,0,7
Shipping_Costs_[MEUR],00_00_00_07,D&Wp,average,60,1980.0,0.92,0,0,0,7
Shipping_Costs_[MEUR],00_00_00_07,D&Wp,average,100,2720.0,0.82,0,0,0,7
Shipping_Costs_[MEUR],00_00_00_07,G,average,20,1240.0,0.95,0,0,0,7
Shipping_Costs_[MEUR],00_00_00_07,G,average,60,1980.0,0.92,0,0,0,7
Shipping_Costs_[MEUR],00_00_00_07,G,average,100,2720.0,0.82,0,0,0,7
Shipping_Costs_[MEUR],00_00_00_07,G&Wp,average,20,1240.0,0.95,0,0,0,7
Shipping_Costs_[MEUR],00_00_00_07,G&Wp,average,60,1980.0,0.92,0,0,0,7
Shipping_Costs_[MEUR],00_00_00_07,G&Wp,average,100,2720.0,0.82,0,0,0,7
Shipping_Costs_[MEUR],00_00_00_07,Wp,average,20,1240.0,0.95,0,0,0,7
Shipping_Costs_[MEUR],00_00_00_07,Wp,average,60,1990.0,0.92,0,0,0,7
Shipping_Costs_[MEUR],00_00_00_07,Wp,average,100,2730.0,0.83,0,0,0,7
Shipping_Costs_[MEUR],00_00_00_08,D,average,20,1240.0,0.95,0,0,0,8
Shipping_Costs_[MEUR],00_00_00_08,D,average,60,1980.0,0.92,0,0,0,8
Shipping_Costs_[MEUR],00_00_00_08,D,average,100,2720.0,0.82,0,0,0,8
Shipping_Costs_[MEUR],00_00_00_08,D&G,average,20,1240.0,0.95,0,0,0,8
Shipping_Costs_[MEUR],00_00_00_08,D&G,average,60,1980.0,0.92,0,0,0,8
Shipping_Costs_[MEUR],00_00_00_08,D&G,average,100,2720.0,0.82,0,0,0,8
Shipping_Costs_[MEUR],00_00_00_08,D&G&Wp,average,20,1240.0,0.95,0,0,0,8
Shipping_Costs_[MEUR],00_00_00_08,D&G&Wp,average,60,1980.0,0.92,0,0,0,8
Shipping_Costs_[MEUR],00_00_00_08,D&G&Wp,average,100,2720.0,0.82,0,0,0,8
Shipping_Costs_[MEUR],00_00_00_08,D&Wp,average,20,1240.0,0.95,0,0,0,8
Shipping_Costs_[MEUR],00_00_00_08,D&Wp,average,60,1980.0,0.92,0,0,0,8
Shipping_Costs_[MEUR],00_00_00_08,D&Wp,average,100,2720.0,0.82,0,0,0,8
Shipping_Costs_[MEUR],00_00_00_08,G,average,20,1240.0,0.95,0,0,0,8
Shipping_Costs_[MEUR],00_00_00_08,G,average,60,1980.0,0.92,0,0,0,8
Shipping_Costs_[MEUR],00_00_00_08,G,average,100,2720.0,0.82,0,0,0,8
Shipping_Costs_[MEUR],00_00_00_08,G&Wp,average,20,1240.0,0.95,0,0,0,8
Shipping_Costs_[MEUR],00_00_00_08,G&Wp,average,60,1980.0,0.92,0,0,0,8
Shipping_Costs_[MEUR],00_00_00_08,G&Wp,average,100,2720.0,0.82,0,0,0,8
Shipping_Costs_[MEUR],00_00_00_08,Wp,average,20,1240.0,0.95,0,0,0,8
Shipping_Costs_[MEUR],00_00_00_08,Wp,average,60,1990.0,0.92,0,0,0,8
Shipping_Costs_[MEUR],00_00_00_08,Wp,average,100,2730.0,0.83,0,0,0,8
Shipping_Costs_[MEUR],00_00_00_09,D,average,20,1240.0,0.95,0,0,0,9
Shipping_Costs_[MEUR],00_00_00_09,D,average,60,1980.0,0.92,0,0,0,9
Shipping_Costs_[MEUR],00_00_00_09,D,average,100,2720.0,0.82,0,0,0,9
Shipping_Costs_[MEUR],00_00_00_09,D&G,average,20,1240.0,0.95,0,0,0,9
Shipping_Costs_[MEUR],00_00_00_09,D&G,average,60,1980.0,0.92,0,0,0,9
Shipping_Costs_[MEUR],00_00_00_09,D&G,average,100,2720.0,0.82,0,0,0,9
Shipping_Costs_[MEUR],00_00_00_09,D&G&Wp,average,20,1240.0,0.95,0,0,0,9
Shipping_Costs_[MEUR],00_00_00_09,D&G&Wp,average,60,1980.0,0.92,0,0,0,9
Shipping_Costs_[MEUR],00_00_00_09,D&G&Wp,average,100,2720.0,0.82,0,0,0,9
Shipping_Costs_[MEUR],00_00_00_09,D&Wp,average,20,1240.0,0.95,0,0,0,9
Shipping_Costs_[MEUR],00_00_00_09,D&Wp,average,60,1980.0,0.92,0,0,0,9
Shipping_Costs_[MEUR],00_00_00_09,D&Wp,average,100,2720.0,0.82,0,0,0,9
Shipping_Costs_[MEUR],00_00_00_09,G,average,20,1240.0,0.95,0,0,0,9
Shipping_Costs_[MEUR],00_00_00_09,G,average,60,1980.0,0.92,0,0,0,9
Shipping_Costs_[MEUR],00_00_00_09,G,average,100,2720.0,0.82,0,0,0,9
Shipping_Costs_[MEUR],00_00_00_09,G&Wp,average,20,1240.0,0.95,0,0,0,9
Shipping_Costs_[MEUR],00_00_00_09,G&Wp,average,60,1980.0,0.92,0,0,0,9
Shipping_Costs_[MEUR],00_00_00_09,G&Wp,average,100,2720.0,0.82,0,0,0,9
Shipping_Costs_[MEUR],00_00_00_09,Wp,average,20,1240.0,0.95,0,0,0,9
Shipping_Costs_[MEUR],00_00_00_09,Wp,average,60,1990.0,0.92,0,0,0,9
Shipping_Costs_[MEUR],00_00_00_09,Wp,average,100,2730.0,0.83,0,0,0,9
Shipping_Costs_[MEUR],00_00_01_00,D,average,20,0.0,0.0,0,0,1,0
Shipping_Costs_[MEUR],00_00_01_00,D,average,60,0.0,0.0,0,0,1,0
Shipping_Costs_[MEUR],00_00_01_00,D,average,100,0.0,0.0,0,0,1,0
Shipping_Costs_[MEUR],00_00_01_00,D&G,average,20,0.0,0.0,0,0,1,0
Shipping_Costs_[MEUR],00_00_01_00,D&G,average,60,0.0,0.0,0,0,1,0
Shipping_Costs_[MEUR],00_00_01_00,D&G,average,100,0.0,0.0,0,0,1,0
Shipping_Costs_[MEUR],00_00_01_00,D&G&Wp,average,20,0.0,0.0,0,0,1,0
Shipping_Costs_[MEUR],00_00_01_00,D&G&Wp,average,60,0.0,0.0,0,0,1,0
Shipping_Costs_[MEUR],00_00_01_00,D&G&Wp,average,100,0.0,0.0,0,0,1,0
Shipping_Costs_[MEUR],00_00_01_00,D&Wp,average,20,0.0,0.0,0,0,1,0
Shipping_Costs_[MEUR],00_00_01_00,D&Wp,average,60,0.0,0.0,0,0,1,0
Shipping_Costs_[MEUR],00_00_01_00,D&Wp,average,100,0.0,0.0,0,0,1,0
Shipping_Costs_[MEUR],00_00_01_00,G,average,20,0.0,0.0,0,0,1,0
Shipping_Costs_[MEUR],00_00_01_00,G,average,60,0.0,0.0,0,0,1,0
Shipping_Costs_[MEUR],00_00_01_00,G,average,100,0.0,0.0,0,0,1,0
Shipping_Costs_[MEUR],00_00_01_00,G&Wp,average,20,0.0,0.0,0,0,1,0
Shipping_Costs_[MEUR],00_00_01_00,G&Wp,average,60,0.0,0.0,0,0,1,0
Shipping_Costs_[MEUR],00_00_01_00,G&Wp,average,100,0.0,0.0,0,0,1,0
Shipping_Costs_[MEUR],00_00_01_00,Wp,average,20,0.0,0.0,0,0,1,0
Shipping_Costs_[MEUR],00_00_01_00,Wp,average,60,0.0,0.0,0,0,1,0
Shipping_Costs_[MEUR],00_00_01_00,Wp,average,100,0.0,0.0,0,0,1,0
Shipping_Costs_[MEUR],00_00_01_01,D,average,20,550.0,0.42,0,0,1,1
Shipping_Costs_[MEUR],00_00_01_01,D,average,60,1090.0,0.51,0,0,1,1
Shipping_Costs_[MEUR],00_00_01_01,D,average,100,1550.0,0.47,0,0,1,1
Shipping_Costs_[MEUR],00_00_01_01,D&G,average,20,550.0,0.42,0,0,1,1
Shipping_Costs_[MEUR],00_00_01_01,D&G,average,60,1090.0,0.51,0,0,1,1
Shipping_Costs_[MEUR],00_00_01_01,D&G,average,100,1550.0,0.47,0,0,1,1
Shipping_Costs_[MEUR],00_00_01_01,D&G&Wp,average,20,590.0,0.45,0,0,1,1
Shipping_Costs_[MEUR],00_00_01_01,D&G&Wp,average,60,1300.0,0.6,0,0,1,1
Shipping_Costs_[MEUR],00_00_01_01,D&G&Wp,average,100,1850.0,0.56,0,0,1,1
Shipping_Costs_[MEUR],00_00_01_01,D&Wp,average,20,600.0,0.46,0,0,1,1
Shipping_Costs_[MEUR],00_00_01_01,D&Wp,average,60,1400.0,0.65,0,0,1,1
Shipping_Costs_[MEUR],00_00_01_01,D&Wp,average,100,2010.0,0.61,0,0,1,1
Shipping_Costs_[MEUR],00_00_01_01,G,average,20,550.0,0.42,0,0,1,1
Shipping_Costs_[MEUR],00_00_01_01,G,average,60,1090.0,0.51,0,0,1,1
Shipping_Costs_[MEUR],00_00_01_01,G,average,100,1550.0,0.47,0,0,1,1
Shipping_Costs_[MEUR],00_00_01_01,G&Wp,average,20,600.0,0.46,0,0,1,1
Shipping_Costs_[MEUR],00_00_01_01,G&Wp,average,60,1400.0,0.65,0,0,1,1
Shipping_Costs_[MEUR],00_00_01_01,G&Wp,average,100,2010.0,0.61,0,0,1,1
Shipping_Costs_[MEUR],00_00_01_01,Wp,average,20,650.0,0.5,0,0,1,1
Shipping_Costs_[MEUR],00_00_01_01,Wp,average,60,1710.0,0.79,0,0,1,1
Shipping_Costs_[MEUR],00_00_01_01,Wp,average,100,2460.0,0.75,0,0,1,1
Shipping_Costs_[MEUR],00_00_01_02,D,average,20,20.0,0.01,0,0,1,2
Shipping_Costs_[MEUR],00_00_01_02,D,average,60,90.0,0.04,0,0,1,2
Shipping_Costs_[MEUR],00_00_01_02,D,average,100,170.0,0.05,0,0,1,2
Shipping_Costs_[MEUR],00_00_01_02,D&G,average,20,20.0,0.01,0,0,1,2
Shipping_Costs_[MEUR],00_00_01_02,D&G,average,60,90.0,0.04,0,0,1,2
Shipping_Costs_[MEUR],00_00_01_02,D&G,average,100,170.0,0.05,0,0,1,2
Shipping_Costs_[MEUR],00_00_01_02,D&G&Wp,average,20,20.0,0.01,0,0,1,2
Shipping_Costs_[MEUR],00_00_01_02,D&G&Wp,average,60,540.0,0.25,0,0,1,2
Shipping_Costs_[MEUR],00_00_01_02,D&G&Wp,average,100,880.0,0.26,0,0,1,2
Shipping_Costs_[MEUR],00_00_01_02,D&Wp,average,20,20.0,0.01,0,0,1,2
Shipping_Costs_[MEUR],00_00_01_02,D&Wp,average,60,770.0,0.35,0,0,1,2
Shipping_Costs_[MEUR],00_00_01_02,D&Wp,average,100,1230.0,0.37,0,0,1,2
Shipping_Costs_[MEUR],00_00_01_02,G,average,20,20.0,0.01,0,0,1,2
Shipping_Costs_[MEUR],00_00_01_02,G,average,60,90.0,0.04,0,0,1,2
Shipping_Costs_[MEUR],00_00_01_02,G,average,100,160.0,0.05,0,0,1,2
Shipping_Costs_[MEUR],00_00_01_02,G&Wp,average,20,20.0,0.01,0,0,1,2
Shipping_Costs_[MEUR],00_00_01_02,G&Wp,average,60,770.0,0.35,0,0,1,2
Shipping_Costs_[MEUR],00_00_01_02,G&Wp,average,100,1230.0,0.37,0,0,1,2
Shipping_Costs_[MEUR],00_00_01_02,Wp,average,20,20.0,0.01,0,0,1,2
Shipping_Costs_[MEUR],00_00_01_02,Wp,average,60,1440.0,0.67,0,0,1,2
Shipping_Costs_[MEUR],00_00_01_02,Wp,average,100,2300.0,0.69,0,0,1,2
Shipping_Costs_[MEUR],00_00_01_04,D,average,20,50.0,0.03,0,0,1,4
Shipping_Costs_[MEUR],00_00_01_04,D,average,60,150.0,0.07,0,0,1,4
Shipping_Costs_[MEUR],00_00_01_04,D,average,100,260.0,0.08,0,0,1,4
Shipping_Costs_[MEUR],00_00_01_04,D&G,average,20,50.0,0.03,0,0,1,4
Shipping_Costs_[MEUR],00_00_01_04,D&G,average,60,150.0,0.07,0,0,1,4
Shipping_Costs_[MEUR],00_00_01_04,D&G,average,100,260.0,0.08,0,0,1,4
Shipping_Costs_[MEUR],00_00_01_04,D&G&Wp,average,20,50.0,0.03,0,0,1,4
Shipping_Costs_[MEUR],00_00_01_04,D&G&Wp,average,60,580.0,0.27,0,0,1,4
Shipping_Costs_[MEUR],00_00_01_04,D&G&Wp,average,100,940.0,0.28,0,0,1,4
Shipping_Costs_[MEUR],00_00_01_04,D&Wp,average,20,50.0,0.03,0,0,1,4
Shipping_Costs_[MEUR],00_00_01_04,D&Wp,average,60,800.0,0.37,0,0,1,4
Shipping_Costs_[MEUR],00_00_01_04,D&Wp,average,100,1280.0,0.39,0,0,1,4
Shipping_Costs_[MEUR],00_00_01_04,G,average,20,50.0,0.03,0,0,1,4
Shipping_Costs_[MEUR],00_00_01_04,G,average,60,150.0,0.07,0,0,1,4
Shipping_Costs_[MEUR],00_00_01_04,G,average,100,260.0,0.08,0,0,1,4
Shipping_Costs_[MEUR],00_00_01_04,G&Wp,average,20,50.0,0.03,0,0,1,4
Shipping_Costs_[MEUR],00_00_01_04,G&Wp,average,60,800.0,0.37,0,0,1,4
Shipping_Costs_[MEUR],00_00_01_04,G&Wp,average,100,1280.0,0.39,0,0,1,4
Shipping_Costs_[MEUR],00_00_01_04,Wp,average,20,50.0,0.03,0,0,1,4
Shipping_Costs_[MEUR],00_00_01_04,Wp,average,60,1440.0,0.67,0,0,1,4
Shipping_Costs_[MEUR],00_00_01_04,Wp,average,100,2300.0,0.69,0,0,1,4
Shipping_Costs_[MEUR],00_00_01_05,D,average,20,50.0,0.03,0,0,1,5
Shipping_Costs_[MEUR],00_00_01_05,D,average,60,1030.0,0.48,0,0,1,5
Shipping_Costs_[MEUR],00_00_01_05,D,average,100,1580.0,0.48,0,0,1,5
Shipping_Costs_[MEUR],00_00_01_05,D&G,average,20,50.0,0.03,0,0,1,5
Shipping_Costs_[MEUR],00_00_01_05,D&G,average,60,810.0,0.37,0,0,1,5
Shipping_Costs_[MEUR],00_00_01_05,D&G,average,100,1320.0,0.4,0,0,1,5
Shipping_Costs_[MEUR],00_00_01_05,D&G&Wp,average,20,50.0,0.03,0,0,1,5
Shipping_Costs_[MEUR],00_00_01_05,D&G&Wp,average,60,1090.0,0.5,0,0,1,5
Shipping_Costs_[MEUR],00_00_01_05,D&G&Wp,average,100,1720.0,0.52,0,0,1,5
Shipping_Costs_[MEUR],00_00_01_05,D&Wp,average,20,50.0,0.03,0,0,1,5
Shipping_Costs_[MEUR],00_00_01_05,D&Wp,average,60,1340.0,0.62,0,0,1,5
Shipping_Costs_[MEUR],00_00_01_05,D&Wp,average,100,2040.0,0.62,0,0,1,5
Shipping_Costs_[MEUR],00_00_01_05,G,average,20,50.0,0.03,0,0,1,5
Shipping_Costs_[MEUR],00_00_01_05,G,average,60,580.0,0.27,0,0,1,5
Shipping_Costs_[MEUR],00_00_01_05,G,average,100,1070.0,0.32,0,0,1,5
Shipping_Costs_[MEUR],00_00_01_05,G&Wp,average,20,50.0,0.03,0,0,1,5
Shipping_Costs_[MEUR],00_00_01_05,G&Wp,average,60,1120.0,0.52,0,0,1,5
Shipping_Costs_[MEUR],00_00_01_05,G&Wp,average,100,1780.0,0.54,0,0,1,5
Shipping_Costs_[MEUR],00_00_01_05,Wp,average,20,50.0,0.03,0,0,1,5
Shipping_Costs_[MEUR],00_00_01_05,Wp,average,60,1650.0,0.77,0,0,1,5
Shipping_Costs_[MEUR],00_00_01_05,Wp,average,100,2500.0,0.76,0,0,1,5
Shipping_Costs_[MEUR],00_00_01_07,D,average,20,1240.0,0.95,0,0,1,7
Shipping_Costs_[MEUR],00_00_01_07,D,average,60,1980.0,0.92,0,0,1,7
Shipping_Costs_[MEUR],00_00_01_07,D,average,100,2720.0,0.82,0,0,1,7
Shipping_Costs_[MEUR],00_00_01_07,D&G,average,20,1240.0,0.95,0,0,1,7
Shipping_Costs_[MEUR],00_00_01_07,D&G,average,60,1980.0,0.92,0,0,1,7
Shipping_Costs_[MEUR],00_00_01_07,D&G,average,100,2720.0,0.82,0,0,1,7
Shipping_Costs_[MEUR],00_00_01_07,D&G&Wp,average,20,1240.0,0.95,0,0,1,7
Shipping_Costs_[MEUR],00_00_01_07,D&G&Wp,average,60,1980.0,0.92,0,0,1,7
Shipping_Costs_[MEUR],00_00_01_07,D&G&Wp,average,100,2720.0,0.82,0,0,1,7
Shipping_Costs_[MEUR],00_00_01_07,D&Wp,average,20,1240.0,0.95,0,0,1,7
Shipping_Costs_[MEUR],00_00_01_07,D&Wp,average,60,1980.0,0.92,0,0,1,7
Shipping_Costs_[MEUR],00_00_01_07,D&Wp,average,100,2720.0,0.82,0,0,1,7
Shipping_Costs_[MEUR],00_00_01_07,G,average,20,1240.0,0.95,0,0,1,7
Shipping_Costs_[MEUR],00_00_01_07,G,average,60,1980.0,0.92,0,0,1,7
Shipping_Costs_[MEUR],00_00_01_07,G,average,100,2720.0,0.82,0,0,1,7
Shipping_Costs_[MEUR],00_00_01_07,G&Wp,average,20,1240.0,0.95,0,0,1,7
Shipping_Costs_[MEUR],00_00_01_07,G&Wp,average,60,1980.0,0.92,0,0,1,7
Shipping_Costs_[MEUR],00_00_01_07,G&Wp,average,100,2720.0,0.82,0,0,1,7
Shipping_Costs_[MEUR],00_00_01_07,Wp,average,20,1240.0,0.95,0,0,1,7
Shipping_Costs_[MEUR],00_00_01_07,Wp,average,60,1990.0,0.92,0,0,1,7
Shipping_Costs_[MEUR],00_00_01_07,Wp,average,100,2730.0,0.83,0,0,1,7
Shipping_Costs_[MEUR],00_00_01_08,D,average,20,1240.0,0.95,0,0,1,8
Shipping_Costs_[MEUR],00_00_01_08,D,average,60,1980.0,0.92,0,0,1,8
Shipping_Costs_[MEUR],00_00_01_08,D,average,100,2720.0,0.82,0,0,1,8
Shipping_Costs_[MEUR],00_00_01_08,D&G,average,20,1240.0,0.95,0,0,1,8
Shipping_Costs_[MEUR],00_00_01_08,D&G,average,60,1980.0,0.92,0,0,1,8
Shipping_Costs_[MEUR],00_00_01_08,D&G,average,100,2720.0,0.82,0,0,1,8
Shipping_Costs_[MEUR],00_00_01_08,D&G&Wp,average,20,1240.0,0.95,0,0,1,8
Shipping_Costs_[MEUR],00_00_01_08,D&G&Wp,average,60,1980.0,0.92,0,0,1,8
Shipping_Costs_[MEUR],00_00_01_08,D&G&Wp,average,100,2720.0,0.82,0,0,1,8
Shipping_Costs_[MEUR],00_00_01_08,D&Wp,average,20,1240.0,0.95,0,0,1,8
Shipping_Costs_[MEUR],00_00_01_08,D&Wp,average,60,1980.0,0.92,0,0,1,8
Shipping_Costs_[MEUR],00_00_01_08,D&Wp,average,100,2720.0,0.82,0,0,1,8
Shipping_Costs_[MEUR],00_00_01_08,G,average,20,1240.0,0.95,0,0,1,8
Shipping_Costs_[MEUR],00_00_01_08,G,average,60,1980.0,0.92,0,0,1,8
Shipping_Costs_[MEUR],00_00_01_08,G,average,100,2720.0,0.82,0,0,1,8
Shipping_Costs_[MEUR],00_00_01_08,G&Wp,average,20,1240.0,0.95,0,0,1,8
Shipping_Costs_[MEUR],00_00_01_08,G&Wp,average,60,1980.0,0.92,0,0,1,8
Shipping_Costs_[MEUR],00_00_01_08,G&Wp,average,100,2720.0,0.82,0,0,1,8
Shipping_Costs_[MEUR],00_00_01_08,Wp,average,20,1240.0,0.95,0,0,1,8
Shipping_Costs_[MEUR],00_00_01_08,Wp,average,60,1990.0,0.92,0,0,1,8
Shipping_Costs_[MEUR],00_00_01_08,Wp,average,100,2730.0,0.83,0,0,1,8
Shipping_Costs_[MEUR],00_00_01_09,D,average,20,1240.0,0.95,0,0,1,9
Shipping_Costs_[MEUR],00_00_01_09,D,average,60,1980.0,0.92,0,0,1,9
Shipping_Costs_[MEUR],00_00_01_09,D,average,100,2720.0,0.82,0,0,1,9
Shipping_Costs_[MEUR],00_00_01_09,D&G,average,20,1240.0,0.95,0,0,1,9
Shipping_Costs_[MEUR],00_00_01_09,D&G,average,60,1980.0,0.92,0,0,1,9
Shipping_Costs_[MEUR],00_00_01_09,D&G,average,100,2720.0,0.82,0,0,1,9
Shipping_Costs_[MEUR],00_00_01_09,D&G&Wp,average,20,1240.0,0.95,0,0,1,9
Shipping_Costs_[MEUR],00_00_01_09,D&G&Wp,average,60,1980.0,0.92,0,0,1,9
Shipping_Costs_[MEUR],00_00_01_09,D&G&Wp,average,100,2720.0,0.82,0,0,1,9
Shipping_Costs_[MEUR],00_00_01_09,D&Wp,average,20,1240.0,0.95,0,0,1,9
Shipping_Costs_[MEUR],00_00_01_09,D&Wp,average,60,1980.0,0.92,0,0,1,9
Shipping_Costs_[MEUR],00_00_01_09,D&Wp,average,100,2720.0,0.82,0,0,1,9
Shipping_Costs_[MEUR],00_00_01_09,G,average,20,1240.0,0.95,0,0,1,9
Shipping_Costs_[MEUR],00_00_01_09,G,average,60,1980.0,0.92,0,0,1,9
Shipping_Costs_[MEUR],00_00_01_09,G,average,100,2720.0,0.82,0,0,1,9
Shipping_Costs_[MEUR],00_00_01_09,G&Wp,average,20,1240.0,0.95,0,0,1,9
Shipping_Costs_[MEUR],00_00_01_09,G&Wp,average,60,1980.0,0.92,0,0,1,9
Shipping_Costs_[MEUR],00_00_01_09,G&Wp,average,100,2720.0,0.82,0,0,1,9
Shipping_Costs_[MEUR],00_00_01_09,Wp,average,20,1240.0,0.95,0,0,1,9
Shipping_Costs_[MEUR],00_00_01_09,Wp,average,60,1990.0,0.92,0,0,1,9
Shipping_Costs_[MEUR],00_00_01_09,Wp,average,100,2730.0,0.83,0,0,1,9
Shipping_Costs_[MEUR],00_00_03_00,D,average,20,0.0,0.0,0,0,3,0
Shipping_Costs_[MEUR],00_00_03_00,D,average,60,0.0,0.0,0,0,3,0
Shipping_Costs_[MEUR],00_00_03_00,D,average,100,0.0,0.0,0,0,3,0
Shipping_Costs_[MEUR],00_00_03_00,D&G,average,20,0.0,0.0,0,0,3,0
Shipping_Costs_[MEUR],00_00_03_00,D&G,average,60,0.0,0.0,0,0,3,0
Shipping_Costs_[MEUR],00_00_03_00,D&G,average,100,0.0,0.0,0,0,3,0
Shipping_Costs_[MEUR],00_00_03_00,D&G&Wp,average,20,0.0,0.0,0,0,3,0
Shipping_Costs_[MEUR],00_00_03_00,D&G&Wp,average,60,0.0,0.0,0,0,3,0
Shipping_Costs_[MEUR],00_00_03_00,D&G&Wp,average,100,0.0,0.0,0,0,3,0
Shipping_Costs_[MEUR],00_00_03_00,D&Wp,average,20,0.0,0.0,0,0,3,0
Shipping_Costs_[MEUR],00_00_03_00,D&Wp,average,60,0.0,0.0,0,0,3,0
Shipping_Costs_[MEUR],00_00_03_00,D&Wp,average,100,0.0,0.0,0,0,3,0
Shipping_Costs_[MEUR],00_00_03_00,G,average,20,0.0,0.0,0,0,3,0
Shipping_Costs_[MEUR],00_00_03_00,G,average,60,0.0,0.0,0,0,3,0
Shipping_Costs_[MEUR],00_00_03_00,G,average,100,0.0,0.0,0,0,3,0
Shipping_Costs_[MEUR],00_00_03_00,G&Wp,average,20,0.0,0.0,0,0,3,0
Shipping_Costs_[MEUR],00_00_03_00,G&Wp,average,60,0.0,0.0,0,0,3,0
Shipping_Costs_[MEUR],00_00_03_00,G&Wp,average,100,0.0,0.0,0,0,3,0
Shipping_Costs_[MEUR],00_00_03_00,Wp,average,20,0.0,0.0,0,0,3,0
Shipping_Costs_[MEUR],00_00_03_00,Wp,average,60,0.0,0.0,0,0,3,0
Shipping_Costs_[MEUR],00_00_03_00,Wp,average,100,0.0,0.0,0,0,3,0
Shipping_Costs_[MEUR],00_00_03_01,D,average,20,550.0,0.42,0,0,3,1
Shipping_Costs_[MEUR],00_00_03_01,D,average,60,1090.0,0.51,0,0,3,1
Shipping_Costs_[MEUR],00_00_03_01,D,average,100,1550.0,0.47,0,0,3,1
Shipping_Costs_[MEUR],00_00_03_01,D&G,average,20,550.0,0.42,0,0,3,1
Shipping_Costs_[MEUR],00_00_03_01,D&G,average,60,1090.0,0.51,0,0,3,1
Shipping_Costs_[MEUR],00_00_03_01,D&G,average,100,1550.0,0.47,0,0,3,1
Shipping_Costs_[MEUR],00_00_03_01,D&G&Wp,average,20,590.0,0.45,0,0,3,1
Shipping_Costs_[MEUR],00_00_03_01,D&G&Wp,average,60,1300.0,0.6,0,0,3,1
Shipping_Costs_[MEUR],00_00_03_01,D&G&Wp,average,100,1850.0,0.56,0,0,3,1
Shipping_Costs_[MEUR],00_00_03_01,D&Wp,average,20,600.0,0.46,0,0,3,1
Shipping_Costs_[MEUR],00_00_03_01,D&Wp,average,60,1400.0,0.65,0,0,3,1
Shipping_Costs_[MEUR],00_00_03_01,D&Wp,average,100,2010.0,0.61,0,0,3,1
Shipping_Costs_[MEUR],00_00_03_01,G,average,20,550.0,0.42,0,0,3,1
Shipping_Costs_[MEUR],00_00_03_01,G,average,60,1090.0,0.51,0,0,3,1
Shipping_Costs_[MEUR],00_00_03_01,G,average,100,1550.0,0.47,0,0,3,1
Shipping_Costs_[MEUR],00_00_03_01,G&Wp,average,20,600.0,0.46,0,0,3,1
Shipping_Costs_[MEUR],00_00_03_01,G&Wp,average,60,1400.0,0.65,0,0,3,1
Shipping_Costs_[MEUR],00_00_03_01,G&Wp,average,100,2010.0,0.61,0,0,3,1
Shipping_Costs_[MEUR],00_00_03_01,Wp,average,20,650.0,0.5,0,0,3,1
Shipping_Costs_[MEUR],00_00_03_01,Wp,average,60,1710.0,0.79,0,0,3,1
Shipping_Costs_[MEUR],00_00_03_01,Wp,average,100,2460.0,0.75,0,0,3,1
Shipping_Costs_[MEUR],00_00_03_02,D,average,20,20.0,0.01,0,0,3,2
Shipping_Costs_[MEUR],00_00_03_02,D,average,60,90.0,0.04,0,0,3,2
Shipping_Costs_[MEUR],00_00_03_02,D,average,100,170.0,0.05,0,0,3,2
Shipping_Costs_[MEUR],00_00_03_02,D&G,average,20,20.0,0.01,0,0,3,2
Shipping_Costs_[MEUR],00_00_03_02,D&G,average,60,90.0,0.04,0,0,3,2
Shipping_Costs_[MEUR],00_00_03_02,D&G,average,100,170.0,0.05,0,0,3,2
Shipping_Costs_[MEUR],00_00_03_02,D&G&Wp,average,20,20.0,0.01,0,0,3,2
Shipping_Costs_[MEUR],00_00_03_02,D&G&Wp,average,60,540.0,0.25,0,0,3,2
Shipping_Costs_[MEUR],00_00_03_02,D&G&Wp,average,100,880.0,0.26,0,0,3,2
Shipping_Costs_[MEUR],00_00_03_02,D&Wp,average,20,20.0,0.01,0,0,3,2
Shipping_Costs_[MEUR],00_00_03_02,D&Wp,average,60,770.0,0.35,0,0,3,2
Shipping_Costs_[MEUR],00_00_03_02,D&Wp,average,100,1230.0,0.37,0,0,3,2
Shipping_Costs_[MEUR],00_00_03_02,G,average,20,20.0,0.01,0,0,3,2
Shipping_Costs_[MEUR],00_00_03_02,G,average,60,90.0,0.04,0,0,3,2
Shipping_Costs_[MEUR],00_00_03_02,G,average,100,160.0,0.05,0,0,3,2
Shipping_Costs_[MEUR],00_00_03_02,G&Wp,average,20,20.0,0.01,0,0,3,2
Shipping_Costs_[MEUR],00_00_03_02,G&Wp,average,60,770.0,0.35,0,0,3,2
Shipping_Costs_[MEUR],00_00_03_02,G&Wp,average,100,1230.0,0.37,0,0,3,2
Shipping_Costs_[MEUR],00_00_03_02,Wp,average,20,20.0,0.01,0,0,3,2
Shipping_Costs_[MEUR],00_00_03_02,Wp,average,60,1440.0,0.67,0,0,3,2
Shipping_Costs_[MEUR],00_00_03_02,Wp,average,100,2300.0,0.69,0,0,3,2
Shipping_Costs_[MEUR],00_00_03_04,D,average,20,50.0,0.03,0,0,3,4
Shipping_Costs_[MEUR],00_00_03_04,D,average,60,150.0,0.07,0,0,3,4
Shipping_Costs_[MEUR],00_00_03_04,D,average,100,260.0,0.08,0,0,3,4
Shipping_Costs_[MEUR],00_00_03_04,D&G,average,20,50.0,0.03,0,0,3,4
Shipping_Costs_[MEUR],00_00_03_04,D&G,average,60,150.0,0.07,0,0,3,4
Shipping_Costs_[MEUR],00_00_03_04,D&G,average,100,260.0,0.08,0,0,3,4
Shipping_Costs_[MEUR],00_00_03_04,D&G&Wp,average,20,50.0,0.03,0,0,3,4
Shipping_Costs_[MEUR],00_00_03_04,D&G&Wp,average,60,580.0,0.27,0,0,3,4
Shipping_Costs_[MEUR],00_00_03_04,D&G&Wp,average,100,940.0,0.28,0,0,3,4
Shipping_Costs_[MEUR],00_00_03_04,D&Wp,average,20,50.0,0.03,0,0,3,4
Shipping_Costs_[MEUR],00_00_03_04,D&Wp,average,60,800.0,0.37,0,0,3,4
Shipping_Costs_[MEUR],00_00_03_04,D&Wp,average,100,1280.0,0.39,0,0,3,4
Shipping_Costs_[MEUR],00_00_03_04,G,average,20,50.0,0.03,0,0,3,4
Shipping_Costs_[MEUR],00_00_03_04,G,average,60,150.0,0.07,0,0,3,4
Shipping_Costs_[MEUR],00_00_03_04,G,average,100,260.0,0.08,0,0,3,4
Shipping_Costs_[MEUR],00_00_03_04,G&Wp,average,20,50.0,0.03,0,0,3,4
Shipping_Costs_[MEUR],00_00_03_04,G&Wp,average,60,800.0,0.37,0,0,3,4
Shipping_Costs_[MEUR],00_00_03_04,G&Wp,average,100,1280.0,0.39,0,0,3,4
Shipping_Costs_[MEUR],00_00_03_04,Wp,average,20,50.0,0.03,0,0,3,4
Shipping_Costs_[MEUR],00_00_03_04,Wp,average,60,1440.0,0.67,0,0,3,4
Shipping_Costs_[MEUR],00_00_03_04,Wp,average,100,2300.0,0.69,0,0,3,4
Shipping_Costs_[MEUR],00_00_03_05,D,average,20,50.0,0.03,0,0,3,5
Shipping_Costs_[MEUR],00_00_03_05,D,average,60,1030.0,0.48,0,0,3,5
Shipping_Costs_[MEUR],00_00_03_05,D,average,100,1580.0,0.48,0,0,3,5
Shipping_Costs_[MEUR],00_00_03_05,D&G,average,20,50.0,0.03,0,0,3,5
Shipping_Costs_[MEUR],00_00_03_05,D&G,average,60,810.0,0.37,0,0,3,5
Shipping_Costs_[MEUR],00_00_03_05,D&G,average,100,1320.0,0.4,0,0,3,5
Shipping_Costs_[MEUR],00_00_03_05,D&G&Wp,average,20,50.0,0.03,0,0,3,5
Shipping_Costs_[MEUR],00_00_03_05,D&G&Wp,average,60,1090.0,0.5,0,0,3,5
Shipping_Costs_[MEUR],00_00_03_05,D&G&Wp,average,100,1720.0,0.52,0,0,3,5
Shipping_Costs_[MEUR],00_00_03_05,D&Wp,average,20,50.0,0.03,0,0,3,5
Shipping_Costs_[MEUR],00_00_03_05,D&Wp,average,60,1340.0,0.62,0,0,3,5
Shipping_Costs_[MEUR],00_00_03_05,D&Wp,average,100,2040.0,0.62,0,0,3,5
Shipping_Costs_[MEUR],00_00_03_05,G,average,20,50.0,0.03,0,0,3,5
Shipping_Costs_[MEUR],00_00_03_05,G,average,60,580.0,0.27,0,0,3,5
Shipping_Costs_[MEUR],00_00_03_05,G,average,100,1070.0,0.32,0,0,3,5
Shipping_Costs_[MEUR],00_00_03_05,G&Wp,average,20,50.0,0.03,0,0,3,5
Shipping_Costs_[MEUR],00_00_03_05,G&Wp,average,60,1120.0,0.52,0,0,3,5
Shipping_Costs_[MEUR],00_00_03_05,G&Wp,average,100,1780.0,0.54,0,0,3,5
Shipping_Costs_[MEUR],00_00_03_05,Wp,average,20,50.0,0.03,0,0,3,5
Shipping_Costs_[MEUR],00_00_03_05,Wp,average,60,1650.0,0.77,0,0,3,5
Shipping_Costs_[MEUR],00_00_03_05,Wp,average,100,2500.0,0.76,0,0,3,5
Shipping_Costs_[MEUR],00_00_03_07,D,average,20,1240.0,0.95,0,0,3,7
Shipping_Costs_[MEUR],00_00_03_07,D,average,60,1980.0,0.92,0,0,3,7
Shipping_Costs_[MEUR],00_00_03_07,D,average,100,2720.0,0.82,0,0,3,7
Shipping_Costs_[MEUR],00_00_03_07,D&G,average,20,1240.0,0.95,0,0,3,7
Shipping_Costs_[MEUR],00_00_03_07,D&G,average,60,1980.0,0.92,0,0,3,7
Shipping_Costs_[MEUR],00_00_03_07,D&G,average,100,2720.0,0.82,0,0,3,7
Shipping_Costs_[MEUR],00_00_03_07,D&G&Wp,average,20,1240.0,0.95,0,0,3,7
Shipping_Costs_[MEUR],00_00_03_07,D&G&Wp,average,60,1980.0,0.92,0,0,3,7
Shipping_Costs_[MEUR],00_00_03_07,D&G&Wp,average,100,2720.0,0.82,0,0,3,7
Shipping_Costs_[MEUR],00_00_03_07,D&Wp,average,20,1240.0,0.95,0,0,3,7
Shipping_Costs_[MEUR],00_00_03_07,D&Wp,average,60,1980.0,0.92,0,0,3,7
Shipping_Costs_[MEUR],00_00_03_07,D&Wp,average,100,2720.0,0.82,0,0,3,7
Shipping_Costs_[MEUR],00_00_03_07,G,average,20,1240.0,0.95,0,0,3,7
Shipping_Costs_[MEUR],00_00_03_07,G,average,60,1980.0,0.92,0,0,3,7
Shipping_Costs_[MEUR],00_00_03_07,G,average,100,2720.0,0.82,0,0,3,7
Shipping_Costs_[MEUR],00_00_03_07,G&Wp,average,20,1240.0,0.95,0,0,3,7
Shipping_Costs_[MEUR],00_00_03_07,G&Wp,average,60,1980.0,0.92,0,0,3,7
Shipping_Costs_[MEUR],00_00_03_07,G&Wp,average,100,2720.0,0.82,0,0,3,7
Shipping_Costs_[MEUR],00_00_03_07,Wp,average,20,1240.0,0.95,0,0,3,7
Shipping_Costs_[MEUR],00_00_03_07,Wp,average,60,1990.0,0.92,0,0,3,7
Shipping_Costs_[MEUR],00_00_03_07,Wp,average,100,2730.0,0.83,0,0,3,7
Shipping_Costs_[MEUR],00_00_03_08,D,average,20,1240.0,0.95,0,0,3,8
Shipping_Costs_[MEUR],00_00_03_08,D,average,60,1980.0,0.92,0,0,3,8
Shipping_Costs_[MEUR],00_00_03_08,D,average,100,2720.0,0.82,0,0,3,8
Shipping_Costs_[MEUR],00_00_03_08,D&G,average,20,1240.0,0.95,0,0,3,8
Shipping_Costs_[MEUR],00_00_03_08,D&G,average,60,1980.0,0.92,0,0,3,8
Shipping_Costs_[MEUR],00_00_03_08,D&G,average,100,2720.0,0.82,0,0,3,8
Shipping_Costs_[MEUR],00_00_03_08,D&G&Wp,average,20,1240.0,0.95,0,0,3,8
Shipping_Costs_[MEUR],00_00_03_08,D&G&Wp,average,60,1980.0,0.92,0,0,3,8
Shipping_Costs_[MEUR],00_00_03_08,D&G&Wp,average,100,2720.0,0.82,0,0,3,8
Shipping_Costs_[MEUR],00_00_03_08,D&Wp,average,20,1240.0,0.95,0,0,3,8
Shipping_Costs_[MEUR],00_00_03_08,D&Wp,average,60,1980.0,0.92,0,0,3,8
Shipping_Costs_[MEUR],00_00_03_08,D&Wp,average,100,2720.0,0.82,0,0,3,8
Shipping_Costs_[MEUR],00_00_03_08,G,average,20,1240.0,0.95,0,0,3,8
Shipping_Costs_[MEUR],00_00_03_08,G,average,60,1980.0,0.92,0,0,3,8
Shipping_Costs_[MEUR],00_00_03_08,G,average,100,2720.0,0.82,0,0,3,8
Shipping_Costs_[MEUR],00_00_03_08,G&Wp,average,20,1240.0,0.95,0,0,3,8
Shipping_Costs_[MEUR],00_00_03_08,G&Wp,average,60,1980.0,0.92,0,0,3,8
Shipping_Costs_[MEUR],00_00_03_08,G&Wp,average,100,2720.0,0.82,0,0,3,8
Shipping_Costs_[MEUR],00_00_03_08,Wp,average,20,1240.0,0.95,0,0,3,8
Shipping_Costs_[MEUR],00_00_03_08,Wp,average,60,1990.0,0.92,0,0,3,8
Shipping_Costs_[MEUR],00_00_03_08,Wp,average,100,2730.0,0.83,0,0,3,8
Shipping_Costs_[MEUR],00_00_03_09,D,average,20,1240.0,0.95,0,0,3,9
Shipping_Costs_[MEUR],00_00_03_09,D,average,60,1980.0,0.92,0,0,3,9
Shipping_Costs_[MEUR],00_00_03_09,D,average,100,2720.0,0.82,0,0,3,9
Shipping_Costs_[MEUR],00_00_03_09,D&G,average,20,1240.0,0.95,0,0,3,9
Shipping_Costs_[MEUR],00_00_03_09,D&G,average,60,1980.0,0.92,0,0,3,9
Shipping_Costs_[MEUR],00_00_03_09,D&G,average,100,2720.0,0.82,0,0,3,9
Shipping_Costs_[MEUR],00_00_03_09,D&G&Wp,average,20,1240.0,0.95,0,0,3,9
Shipping_Costs_[MEUR],00_00_03_09,D&G&Wp,average,60,1980.0,0.92,0,0,3,9
Shipping_Costs_[MEUR],00_00_03_09,D&G&Wp,average,100,2720.0,0.82,0,0,3,9
Shipping_Costs_[MEUR],00_00_03_09,D&Wp,average,20,1240.0,0.95,0,0,3,9
Shipping_Costs_[MEUR],00_00_03_09,D&Wp,average,60,1980.0,0.92,0,0,3,9
Shipping_Costs_[MEUR],00_00_03_09,D&Wp,average,100,2720.0,0.82,0,0,3,9
Shipping_Costs_[MEUR],00_00_03_09,G,average,20,1240.0,0.95,0,0,3,9
Shipping_Costs_[MEUR],00_00_03_09,G,average,60,1980.0,0.92,0,0,3,9
Shipping_Costs_[MEUR],00_00_03_09,G,average,100,2720.0,0.82,0,0,3,9
Shipping_Costs_[MEUR],00_00_03_09,G&Wp,average,20,1240.0,0.95,0,0,3,9
Shipping_Costs_[MEUR],00_00_03_09,G&Wp,average,60,1980.0,0.92,0,0,3,9
Shipping_Costs_[MEUR],00_00_03_09,G&Wp,average,100,2720.0,0.82,0,0,3,9
Shipping_Costs_[MEUR],00_00_03_09,Wp,average,20,1240.0,0.95,0,0,3,9
Shipping_Costs_[MEUR],00_00_03_09,Wp,average,60,1990.0,0.92,0,0,3,9
Shipping_Costs_[MEUR],00_00_03_09,Wp,average,100,2730.0,0.83,0,0,3,9
Shipping_Costs_[MEUR],00_00_05_00,D,average,20,0.0,0.0,0,0,5,0
Shipping_Costs_[MEUR],00_00_05_00,D,average,60,0.0,0.0,0,0,5,0
Shipping_Costs_[MEUR],00_00_05_00,D,average,100,0.0,0.0,0,0,5,0
Shipping_Costs_[MEUR],00_00_05_00,D&G,average,20,0.0,0.0,0,0,5,0
Shipping_Costs_[MEUR],00_00_05_00,D&G,average,60,0.0,0.0,0,0,5,0
Shipping_Costs_[MEUR],00_00_05_00,D&G,average,100,0.0,0.0,0,0,5,0
Shipping_Costs_[MEUR],00_00_05_00,D&G&Wp,average,20,0.0,0.0,0,0,5,0
Shipping_Costs_[MEUR],00_00_05_00,D&G&Wp,average,60,0.0,0.0,0,0,5,0
Shipping_Costs_[MEUR],00_00_05_00,D&G&Wp,average,100,0.0,0.0,0,0,5,0
Shipping_Costs_[MEUR],00_00_05_00,D&Wp,average,20,0.0,0.0,0,0,5,0
Shipping_Costs_[MEUR],00_00_05_00,D&Wp,average,60,0.0,0.0,0,0,5,0
Shipping_Costs_[MEUR],00_00_05_00,D&Wp,average,100,0.0,0.0,0,0,5,0
Shipping_Costs_[MEUR],00_00_05_00,G,average,20,0.0,0.0,0,0,5,0
Shipping_Costs_[MEUR],00_00_05_00,G,average,60,0.0,0.0,0,0,5,0
Shipping_Costs_[MEUR],00_00_05_00,G,average,100,0.0,0.0,0,0,5,0
Shipping_Costs_[MEUR],00_00_05_00,G&Wp,average,20,0.0,0.0,0,0,5,0
Shipping_Costs_[MEUR],00_00_05_00,G&Wp,average,60,0.0,0.0,0,0,5,0
Shipping_Costs_[MEUR],00_00_05_00,G&Wp,average,100,0.0,0.0,0,0,5,0
Shipping_Costs_[MEUR],00_00_05_00,Wp,average,20,0.0,0.0,0,0,5,0
Shipping_Costs_[MEUR],00_00_05_00,Wp,average,60,0.0,0.0,0,0,5,0
Shipping_Costs_[MEUR],00_00_05_00,Wp,average,100,0.0,0.0,0,0,5,0
Shipping_Costs_[MEUR],00_00_05_01,D,average,20,550.0,0.42,0,0,5,1
Shipping_Costs_[MEUR],00_00_05_01,D,average,60,1090.0,0.51,0,0,5,1
Shipping_Costs_[MEUR],00_00_05_01,D,average,100,1550.0,0.47,0,0,5,1
Shipping_Costs_[MEUR],00_00_05_01,D&G,average,20,550.0,0.42,0,0,5,1
Shipping_Costs_[MEUR],00_00_05_01,D&G,average,60,1090.0,0.51,0,0,5,1
Shipping_Costs_[MEUR],00_00_05_01,D&G,average,100,1550.0,0.47,0,0,5,1
Shipping_Costs_[MEUR],00_00_05_01,D&G&Wp,average,20,590.0,0.45,0,0,5,1
Shipping_Costs_[MEUR],00_00_05_01,D&G&Wp,average,60,1300.0,0.6,0,0,5,1
Shipping_Costs_[MEUR],00_00_05_01,D&G&Wp,average,100,1850.0,0.56,0,0,5,1
Shipping_Costs_[MEUR],00_00_05_01,D&Wp,average,20,600.0,0.46,0,0,5,1
Shipping_Costs_[MEUR],00_00_05_01,D&Wp,average,60,1400.0,0.65,0,0,5,1
Shipping_Costs_[MEUR],00_00_05_01,D&Wp,average,100,2010.0,0.61,0,0,5,1
Shipping_Costs_[MEUR],00_00_05_01,G,average,20,550.0,0.42,0,0,5,1
Shipping_Costs_[MEUR],00_00_05_01,G,average,60,1090.0,0.51,0,0,5,1
Shipping_Costs_[MEUR],00_00_05_01,G,average,100,1550.0,0.47,0,0,5,1
Shipping_Costs_[MEUR],00_00_05_01,G&Wp,average,20,600.0,0.46,0,0,5,1
Shipping_Costs_[MEUR],00_00_05_01,G&Wp,average,60,1400.0,0.65,0,0,5,1
Shipping_Costs_[MEUR],00_00_05_01,G&Wp,average,100,2010.0,0.61,0,0,5,1
Shipping_Costs_[MEUR],00_00_05_01,Wp,average,20,650.0,0.5,0,0,5,1
Shipping_Costs_[MEUR],00_00_05_01,Wp,average,60,1710.0,0.79,0,0,5,1
Shipping_Costs_[MEUR],00_00_05_01,Wp,average,100,2460.0,0.75,0,0,5,1
Shipping_Costs_[MEUR],00_00_05_02,D,average,20,20.0,0.01,0,0,5,2
Shipping_Costs_[MEUR],00_00_05_02,D,average,60,90.0,0.04,0,0,5,2
Shipping_Costs_[MEUR],00_00_05_02,D,average,100,170.0,0.05,0,0,5,2
Shipping_Costs_[MEUR],00_00_05_02,D&G,average,20,20.0,0.01,0,0,5,2
Shipping_Costs_[MEUR],00_00_05_02,D&G,average,60,90.0,0.04,0,0,5,2
Shipping_Costs_[MEUR],00_00_05_02,D&G,average,100,170.0,0.05,0,0,5,2
Shipping_Costs_[MEUR],00_00_05_02,D&G&Wp,average,20,20.0,0.01,0,0,5,2
Shipping_Costs_[MEUR],00_00_05_02,D&G&Wp,average,60,540.0,0.25,0,0,5,2
Shipping_Costs_[MEUR],00_00_05_02,D&G&Wp,average,100,880.0,0.26,0,0,5,2
Shipping_Costs_[MEUR],00_00_05_02,D&Wp,average,20,20.0,0.01,0,0,5,2
Shipping_Costs_[MEUR],00_00_05_02,D&Wp,average,60,770.0,0.35,0,0,5,2
Shipping_Costs_[MEUR],00_00_05_02,D&Wp,average,100,1230.0,0.37,0,0,5,2
Shipping_Costs_[MEUR],00_00_05_02,G,average,20,20.0,0.01,0,0,5,2
Shipping_Costs_[MEUR],00_00_05_02,G,average,60,90.0,0.04,0,0,5,2
Shipping_Costs_[MEUR],00_00_05_02,G,average,100,160.0,0.05,0,0,5,2
Shipping_Costs_[MEUR],00_00_05_02,G&Wp,average,20,20.0,0.01,0,0,5,2
Shipping_Costs_[MEUR],00_00_05_02,G&Wp,average,60,770.0,0.35,0,0,5,2
Shipping_Costs_[MEUR],00_00_05_02,G&Wp,average,100,1230.0,0.37,0,0,5,2
Shipping_Costs_[MEUR],00_00_05_02,Wp,average,20,20.0,0.01,0,0,5,2
Shipping_Costs_[MEUR],00_00_05_02,Wp,average,60,1440.0,0.67,0,0,5,2
Shipping_Costs_[MEUR],00_00_05_02,Wp,average,100,2300.0,0.69,0,0,5,2
Shipping_Costs_[MEUR],00_00_05_04,D,average,20,50.0,0.03,0,0,5,4
Shipping_Costs_[MEUR],00_00_05_04,D,average,60,150.0,0.07,0,0,5,4
Shipping_Costs_[MEUR],00_00_05_04,D,average,100,260.0,0.08,0,0,5,4
Shipping_Costs_[MEUR],00_00_05_04,D&G,average,20,50.0,0.03,0,0,5,4
Shipping_Costs_[MEUR],00_00_05_04,D&G,average,60,150.0,0.07,0,0,5,4
Shipping_Costs_[MEUR],00_00_05_04,D&G,average,100,260.0,0.08,0,0,5,4
Shipping_Costs_[MEUR],00_00_05_04,D&G&Wp,average,20,50.0,0.03,0,0,5,4
Shipping_Costs_[MEUR],00_00_05_04,D&G&Wp,average,60,580.0,0.27,0,0,5,4
Shipping_Costs_[MEUR],00_00_05_04,D&G&Wp,average,100,940.0,0.28,0,0,5,4
Shipping_Costs_[MEUR],00_00_05_04,D&Wp,average,20,50.0,0.03,0,0,5,4
Shipping_Costs_[MEUR],00_00_05_04,D&Wp,average,60,800.0,0.37,0,0,5,4
Shipping_Costs_[MEUR],00_00_05_04,D&Wp,average,100,1280.0,0.39,0,0,5,4
Shipping_Costs_[MEUR],00_00_05_04,G,average,20,50.0,0.03,0,0,5,4
Shipping_Costs_[MEUR],00_00_05_04,G,average,60,150.0,0.07,0,0,5,4
Shipping_Costs_[MEUR],00_00_05_04,G,average,100,260.0,0.08,0,0,5,4
Shipping_Costs_[MEUR],00_00_05_04,G&Wp,average,20,50.0,0.03,0,0,5,4
Shipping_Costs_[MEUR],00_00_05_04,G&Wp,average,60,800.0,0.37,0,0,5,4
Shipping_Costs_[MEUR],00_00_05_04,G&Wp,average,100,1280.0,0.39,0,0,5,4
Shipping_Costs_[MEUR],00_00_05_04,Wp,average,20,50.0,0.03,0,0,5,4
Shipping_Costs_[MEUR],00_00_05_04,Wp,average,60,1440.0,0.67,0,0,5,4
Shipping_Costs_[MEUR],00_00_05_04,Wp,average,100,2300.0,0.69,0,0,5,4
Shipping_Costs_[MEUR],00_00_05_05,D,average,20,50.0,0.03,0,0,5,5
Shipping_Costs_[MEUR],00_00_05_05,D,average,60,1030.0,0.48,0,0,5,5
Shipping_Costs_[MEUR],00_00_05_05,D,average,100,1580.0,0.48,0,0,5,5
Shipping_Costs_[MEUR],00_00_05_05,D&G,average,20,50.0,0.03,0,0,5,5
Shipping_Costs_[MEUR],00_00_05_05,D&G,average,60,810.0,0.37,0,0,5,5
Shipping_Costs_[MEUR],00_00_05_05,D&G,average,100,1320.0,0.4,0,0,5,5
Shipping_Costs_[MEUR],00_00_05_05,D&G&Wp,average,20,50.0,0.03,0,0,5,5
Shipping_Costs_[MEUR],00_00_05_05,D&G&Wp,average,60,1090.0,0.5,0,0,5,5
Shipping_Costs_[MEUR],00_00_05_05,D&G&Wp,average,100,1720.0,0.52,0,0,5,5
Shipping_Costs_[MEUR],00_00_05_05,D&Wp,average,20,50.0,0.03,0,0,5,5
Shipping_Costs_[MEUR],00_00_05_05,D&Wp,average,60,1340.0,0.62,0,0,5,5
Shipping_Costs_[MEUR],00_00_05_05,D&Wp,average,100,2040.0,0.62,0,0,5,5
Shipping_Costs_[MEUR],00_00_05_05,G,average,20,50.0,0.03,0,0,5,5
Shipping_Costs_[MEUR],00_00_05_05,G,average,60,580.0,0.27,0,0,5,5
Shipping_Costs_[MEUR],00_00_05_05,G,average,100,1070.0,0.32,0,0,5,5
Shipping_Costs_[MEUR],00_00_05_05,G&Wp,average,20,50.0,0.03,0,0,5,5
Shipping_Costs_[MEUR],00_00_05_05,G&Wp,average,60,1120.0,0.52,0,0,5,5
Shipping_Costs_[MEUR],00_00_05_05,G&Wp,average,100,1780.0,0.54,0,0,5,5
Shipping_Costs_[MEUR],00_00_05_05,Wp,average,20,50.0,0.03,0,0,5,5
Shipping_Costs_[MEUR],00_00_05_05,Wp,average,60,1650.0,0.77,0,0,5,5
Shipping_Costs_[MEUR],00_00_05_05,Wp,average,100,2500.0,0.76,0,0,5,5
Shipping_Costs_[MEUR],00_00_05_07,D,average,20,1240.0,0.95,0,0,5,7
Shipping_Costs_[MEUR],00_00_05_07,D,average,60,1980.0,0.92,0,0,5,7
Shipping_Costs_[MEUR],00_00_05_07,D,average,100,2720.0,0.82,0,0,5,7
Shipping_Costs_[MEUR],00_00_05_07,D&G,average,20,1240.0,0.95,0,0,5,7
Shipping_Costs_[MEUR],00_00_05_07,D&G,average,60,1980.0,0.92,0,0,5,7
Shipping_Costs_[MEUR],00_00_05_07,D&G,average,100,2720.0,0.82,0,0,5,7
Shipping_Costs_[MEUR],00_00_05_07,D&G&Wp,average,20,1240.0,0.95,0,0,5,7
Shipping_Costs_[MEUR],00_00_05_07,D&G&Wp,average,60,1980.0,0.92,0,0,5,7
Shipping_Costs_[MEUR],00_00_05_07,D&G&Wp,average,100,2720.0,0.82,0,0,5,7
Shipping_Costs_[MEUR],00_00_05_07,D&Wp,average,20,1240.0,0.95,0,0,5,7
Shipping_Costs_[MEUR],00_00_05_07,D&Wp,average,60,1980.0,0.92,0,0,5,7
Shipping_Costs_[MEUR],00_00_05_07,D&Wp,average,100,2720.0,0.82,0,0,5,7
Shipping_Costs_[MEUR],00_00_05_07,G,average,20,1240.0,0.95,0,0,5,7
Shipping_Costs_[MEUR],00_00_05_07,G,average,60,1980.0,0.92,0,0,5,7
Shipping_Costs_[MEUR],00_00_05_07,G,average,100,2720.0,0.82,0,0,5,7
Shipping_Costs_[MEUR],00_00_05_07,G&Wp,average,20,1240.0,0.95,0,0,5,7
Shipping_Costs_[MEUR],00_00_05_07,G&Wp,average,60,1980.0,0.92,0,0,5,7
Shipping_Costs_[MEUR],00_00_05_07,G&Wp,average,100,2720.0,0.82,0,0,5,7
Shipping_Costs_[MEUR],00_00_05_07,Wp,average,20,1240.0,0.95,0,0,5,7
Shipping_Costs_[MEUR],00_00_05_07,Wp,average,60,1990.0,0.92,0,0,5,7
Shipping_Costs_[MEUR],00_00_05_07,Wp,average,100,2730.0,0.83,0,0,5,7
Shipping_Costs_[MEUR],00_00_05_08,D,average,20,1240.0,0.95,0,0,5,8
Shipping_Costs_[MEUR],00_00_05_08,D,average,60,1980.0,0.92,0,0,5,8
Shipping_Costs_[MEUR],00_00_05_08,D,average,100,2720.0,0.82,0,0,5,8
Shipping_Costs_[MEUR],00_00_05_08,D&G,average,20,1240.0,0.95,0,0,5,8
Shipping_Costs_[MEUR],00_00_05_08,D&G,average,60,1980.0,0.92,0,0,5,8
Shipping_Costs_[MEUR],00_00_05_08,D&G,average,100,2720.0,0.82,0,0,5,8
Shipping_Costs_[MEUR],00_00_05_08,D&G&Wp,average,20,1240.0,0.95,0,0,5,8
Shipping_Costs_[MEUR],00_00_05_08,D&G&Wp,average,60,1980.0,0.92,0,0,5,8
Shipping_Costs_[MEUR],00_00_05_08,D&G&Wp,average,100,2720.0,0.82,0,0,5,8
Shipping_Costs_[MEUR],00_00_05_08,D&Wp,average,20,1240.0,0.95,0,0,5,8
Shipping_Costs_[MEUR],00_00_05_08,D&Wp,average,60,1980.0,0.92,0,0,5,8
Shipping_Costs_[MEUR],00_00_05_08,D&Wp,average,100,2720.0,0.82,0,0,5,8
Shipping_Costs_[MEUR],00_00_05_08,G,average,20,1240.0,0.95,0,0,5,8
Shipping_Costs_[MEUR],00_00_05_08,G,average,60,1980.0,0.92,0,0,5,8
Shipping_Costs_[MEUR],00_00_05_08,G,average,100,2720.0,0.82,0,0,5,8
Shipping_Costs_[MEUR],00_00_05_08,G&Wp,average,20,1240.0,0.95,0,0,5,8
Shipping_Costs_[MEUR],00_00_05_08,G&Wp,average,60,1980.0,0.92,0,0,5,8
Shipping_Costs_[MEUR],00_00_05_08,G&Wp,average,100,2720.0,0.82,0,0,5,8
Shipping_Costs_[MEUR],00_00_05_08,Wp,average,20,1240.0,0.95,0,0,5,8
Shipping_Costs_[MEUR],00_00_05_08,Wp,average,60,1990.0,0.92,0,0,5,8
Shipping_Costs_[MEUR],00_00_05_08,Wp,average,100,2730.0,0.83,0,0,5,8
Shipping_Costs_[MEUR],00_00_05_09,D,average,20,1240.0,0.95,0,0,5,9
Shipping_Costs_[MEUR],00_00_05_09,D,average,60,1980.0,0.92,0,0,5,9
Shipping_Costs_[MEUR],00_00_05_09,D,average,100,2720.0,0.82,0,0,5,9
Shipping_Costs_[MEUR],00_00_05_09,D&G,average,20,1240.0,0.95,0,0,5,9
Shipping_Costs_[MEUR],00_00_05_09,D&G,average,60,1980.0,0.92,0,0,5,9
Shipping_Costs_[MEUR],00_00_05_09,D&G,average,100,2720.0,0.82,0,0,5,9
Shipping_Costs_[MEUR],00_00_05_09,D&G&Wp,average,20,1240.0,0.95,0,0,5,9
Shipping_Costs_[MEUR],00_00_05_09,D&G&Wp,average,60,1980.0,0.92,0,0,5,9
Shipping_Costs_[MEUR],00_00_05_09,D&G&Wp,average,100,2720.0,0.82,0,0,5,9
Shipping_Costs_[MEUR],00_00_05_09,D&Wp,average,20,1240.0,0.95,0,0,5,9
Shipping_Costs_[MEUR],00_00_05_09,D&Wp,average,60,1980.0,0.92,0,0,5,9
Shipping_Costs_[MEUR],00_00_05_09,D&Wp,average,100,2720.0,0.82,0,0,5,9
Shipping_Costs_[MEUR],00_00_05_09,G,average,20,1240.0,0.95,0,0,5,9
Shipping_Costs_[MEUR],00_00_05_09,G,average,60,1980.0,0.92,0,0,5,9
Shipping_Costs_[MEUR],00_00_05_09,G,average,100,2720.0,0.82,0,0,5,9
Shipping_Costs_[MEUR],00_00_05_09,G&Wp,average,20,1240.0,0.95,0,0,5,9
Shipping_Costs_[MEUR],00_00_05_09,G&Wp,average,60,1980.0,0.92,0,0,5,9
Shipping_Costs_[MEUR],00_00_05_09,G&Wp,average,100,2720.0,0.82,0,0,5,9
Shipping_Costs_[MEUR],00_00_05_09,Wp,average,20,1240.0,0.95,0,0,5,9
Shipping_Costs_[MEUR],00_00_05_09,Wp,average,60,1990.0,0.92,0,0,5,9
Shipping_Costs_[MEUR],00_00_05_09,Wp,average,100,2730.0,0.83,0,0,5,9
Shipping_Costs_[MEUR],00_00_07_00,D,average,20,0.0,0.0,0,0,7,0
Shipping_Costs_[MEUR],00_00_07_00,D,average,60,0.0,0.0,0,0,7,0
Shipping_Costs_[MEUR],00_00_07_00,D,average,100,0.0,0.0,0,0,7,0
Shipping_Costs_[MEUR],00_00_07_00,D&G,average,20,0.0,0.0,0,0,7,0
Shipping_Costs_[MEUR],00_00_07_00,D&G,average,60,0.0,0.0,0,0,7,0
Shipping_Costs_[MEUR],00_00_07_00,D&G,average,100,0.0,0.0,0,0,7,0
Shipping_Costs_[MEUR],00_00_07_00,D&G&Wp,average,20,0.0,0.0,0,0,7,0
Shipping_Costs_[MEUR],00_00_07_00,D&G&Wp,average,60,0.0,0.0,0,0,7,0
Shipping_Costs_[MEUR],00_00_07_00,D&G&Wp,average,100,0.0,0.0,0,0,7,0
Shipping_Costs_[MEUR],00_00_07_00,D&Wp,average,20,0.0,0.0,0,0,7,0
Shipping_Costs_[MEUR],00_00_07_00,D&Wp,average,60,0.0,0.0,0,0,7,0
Shipping_Costs_[MEUR],00_00_07_00,D&Wp,average,100,0.0,0.0,0,0,7,0
Shipping_Costs_[MEUR],00_00_07_00,G,average,20,0.0,0.0,0,0,7,0
Shipping_Costs_[MEUR],00_00_07_00,G,average,60,0.0,0.0,0,0,7,0
Shipping_Costs_[MEUR],00_00_07_00,G,average,100,0.0,0.0,0,0,7,0
Shipping_Costs_[MEUR],00_00_07_00,G&Wp,average,20,0.0,0.0,0,0,7,0
Shipping_Costs_[MEUR],00_00_07_00,G&Wp,average,60,0.0,0.0,0,0,7,0
Shipping_Costs_[MEUR],00_00_07_00,G&Wp,average,100,0.0,0.0,0,0,7,0
Shipping_Costs_[MEUR],00_00_07_00,Wp,average,20,0.0,0.0,0,0,7,0
Shipping_Costs_[MEUR],00_00_07_00,Wp,average,60,0.0,0.0,0,0,7,0
Shipping_Costs_[MEUR],00_00_07_00,Wp,average,100,0.0,0.0,0,0,7,0
Shipping_Costs_[MEUR],00_00_07_01,D,average,20,770.0,0.59,0,0,7,1
Shipping_Costs_[MEUR],00_00_07_01,D,average,60,1690.0,0.78,0,0,7,1
Shipping_Costs_[MEUR],00_00_07_01,D,average,100,2440.0,0.74,0,0,7,1
Shipping_Costs_[MEUR],00_00_07_01,D&G,average,20,770.0,0.59,0,0,7,1
Shipping_Costs_[MEUR],00_00_07_01,D&G,average,60,1680.0,0.78,0,0,7,1
Shipping_Costs_[MEUR],00_00_07_01,D&G,average,100,2430.0,0.74,0,0,7,1
Shipping_Costs_[MEUR],00_00_07_01,D&G&Wp,average,20,770.0,0.59,0,0,7,1
Shipping_Costs_[MEUR],00_00_07_01,D&G&Wp,average,60,1710.0,0.79,0,0,7,1
Shipping_Costs_[MEUR],00_00_07_01,D&G&Wp,average,100,2460.0,0.74,0,0,7,1
Shipping_Costs_[MEUR],00_00_07_01,D&Wp,average,20,770.0,0.59,0,0,7,1
Shipping_Costs_[MEUR],00_00_07_01,D&Wp,average,60,1720.0,0.8,0,0,7,1
Shipping_Costs_[MEUR],00_00_07_01,D&Wp,average,100,2480.0,0.75,0,0,7,1
Shipping_Costs_[MEUR],00_00_07_01,G,average,20,770.0,0.59,0,0,7,1
Shipping_Costs_[MEUR],00_00_07_01,G,average,60,1670.0,0.77,0,0,7,1
Shipping_Costs_[MEUR],00_00_07_01,G,average,100,2420.0,0.73,0,0,7,1
Shipping_Costs_[MEUR],00_00_07_01,G&Wp,average,20,770.0,0.59,0,0,7,1
Shipping_Costs_[MEUR],00_00_07_01,G&Wp,average,60,1720.0,0.8,0,0,7,1
Shipping_Costs_[MEUR],00_00_07_01,G&Wp,average,100,2470.0,0.75,0,0,7,1
Shipping_Costs_[MEUR],00_00_07_01,Wp,average,20,770.0,0.59,0,0,7,1
Shipping_Costs_[MEUR],00_00_07_01,Wp,average,60,1760.0,0.82,0,0,7,1
Shipping_Costs_[MEUR],00_00_07_01,Wp,average,100,2520.0,0.76,0,0,7,1
Shipping_Costs_[MEUR],00_00_07_02,D,average,20,30.0,0.02,0,0,7,2
Shipping_Costs_[MEUR],00_00_07_02,D,average,60,1200.0,0.55,0,0,7,2
Shipping_Costs_[MEUR],00_00_07_02,D,average,100,2200.0,0.66,0,0,7,2
Shipping_Costs_[MEUR],00_00_07_02,D&G,average,20,30.0,0.02,0,0,7,2
Shipping_Costs_[MEUR],00_00_07_02,D&G,average,60,1090.0,0.51,0,0,7,2
Shipping_Costs_[MEUR],00_00_07_02,D&G,average,100,2160.0,0.65,0,0,7,2
Shipping_Costs_[MEUR],00_00_07_02,D&G&Wp,average,20,30.0,0.02,0,0,7,2
Shipping_Costs_[MEUR],00_00_07_02,D&G&Wp,average,60,1260.0,0.59,0,0,7,2
Shipping_Costs_[MEUR],00_00_07_02,D&G&Wp,average,100,2260.0,0.68,0,0,7,2
Shipping_Costs_[MEUR],00_00_07_02,D&Wp,average,20,30.0,0.02,0,0,7,2
Shipping_Costs_[MEUR],00_00_07_02,D&Wp,average,60,1400.0,0.65,0,0,7,2
Shipping_Costs_[MEUR],00_00_07_02,D&Wp,average,100,2330.0,0.7,0,0,7,2
Shipping_Costs_[MEUR],00_00_07_02,G,average,20,30.0,0.02,0,0,7,2
Shipping_Costs_[MEUR],00_00_07_02,G,average,60,990.0,0.46,0,0,7,2
Shipping_Costs_[MEUR],00_00_07_02,G,average,100,2120.0,0.64,0,0,7,2
Shipping_Costs_[MEUR],00_00_07_02,G&Wp,average,20,30.0,0.02,0,0,7,2
Shipping_Costs_[MEUR],00_00_07_02,G&Wp,average,60,1300.0,0.6,0,0,7,2
Shipping_Costs_[MEUR],00_00_07_02,G&Wp,average,100,2290.0,0.69,0,0,7,2
Shipping_Costs_[MEUR],00_00_07_02,Wp,average,20,30.0,0.02,0,0,7,2
Shipping_Costs_[MEUR],00_00_07_02,Wp,average,60,1600.0,0.74,0,0,7,2
Shipping_Costs_[MEUR],00_00_07_02,Wp,average,100,2460.0,0.74,0,0,7,2
Shipping_Costs_[MEUR],00_00_07_04,D,average,20,50.0,0.03,0,0,7,4
Shipping_Costs_[MEUR],00_00_07_04,D,average,60,1310.0,0.61,0,0,7,4
Shipping_Costs_[MEUR],00_00_07_04,D,average,100,2230.0,0.67,0,0,7,4
Shipping_Costs_[MEUR],00_00_07_04,D&G,average,20,50.0,0.03,0,0,7,4
Shipping_Costs_[MEUR],00_00_07_04,D&G,average,60,1230.0,0.57,0,0,7,4
Shipping_Costs_[MEUR],00_00_07_04,D&G,average,100,2180.0,0.66,0,0,7,4
Shipping_Costs_[MEUR],00_00_07_04,D&G&Wp,average,20,50.0,0.03,0,0,7,4
Shipping_Costs_[MEUR],00_00_07_04,D&G&Wp,average,60,1330.0,0.62,0,0,7,4
Shipping_Costs_[MEUR],00_00_07_04,D&G&Wp,average,100,2250.0,0.68,0,0,7,4
Shipping_Costs_[MEUR],00_00_07_04,D&Wp,average,20,50.0,0.03,0,0,7,4
Shipping_Costs_[MEUR],00_00_07_04,D&Wp,average,60,1420.0,0.66,0,0,7,4
Shipping_Costs_[MEUR],00_00_07_04,D&Wp,average,100,2300.0,0.7,0,0,7,4
Shipping_Costs_[MEUR],00_00_07_04,G,average,20,50.0,0.03,0,0,7,4
Shipping_Costs_[MEUR],00_00_07_04,G,average,60,1150.0,0.53,0,0,7,4
Shipping_Costs_[MEUR],00_00_07_04,G,average,100,2130.0,0.65,0,0,7,4
Shipping_Costs_[MEUR],00_00_07_04,G&Wp,average,20,50.0,0.03,0,0,7,4
Shipping_Costs_[MEUR],00_00_07_04,G&Wp,average,60,1340.0,0.62,0,0,7,4
Shipping_Costs_[MEUR],00_00_07_04,G&Wp,average,100,2260.0,0.68,0,0,7,4
Shipping_Costs_[MEUR],00_00_07_04,Wp,average,20,50.0,0.03,0,0,7,4
Shipping_Costs_[MEUR],00_00_07_04,Wp,average,60,1520.0,0.71,0,0,7,4
Shipping_Costs_[MEUR],00_00_07_04,Wp,average,100,2380.0,0.72,0,0,7,4
Shipping_Costs_[MEUR],00_00_07_05,D,average,20,50.0,0.03,0,0,7,5
Shipping_Costs_[MEUR],00_00_07_05,D,average,60,1620.0,0.75,0,0,7,5
Shipping_Costs_[MEUR],00_00_07_05,D,average,100,2460.0,0.74,0,0,7,5
Shipping_Costs_[MEUR],00_00_07_05,D&G,average,20,50.0,0.03,0,0,7,5
Shipping_Costs_[MEUR],00_00_07_05,D&G,average,60,1540.0,0.71,0,0,7,5
Shipping_Costs_[MEUR],00_00_07_05,D&G,average,100,2420.0,0.73,0,0,7,5
Shipping_Costs_[MEUR],00_00_07_05,D&G&Wp,average,20,50.0,0.03,0,0,7,5
Shipping_Costs_[MEUR],00_00_07_05,D&G&Wp,average,60,1590.0,0.74,0,0,7,5
Shipping_Costs_[MEUR],00_00_07_05,D&G&Wp,average,100,2460.0,0.74,0,0,7,5
Shipping_Costs_[MEUR],00_00_07_05,D&Wp,average,20,50.0,0.03,0,0,7,5
Shipping_Costs_[MEUR],00_00_07_05,D&Wp,average,60,1660.0,0.77,0,0,7,5
Shipping_Costs_[MEUR],00_00_07_05,D&Wp,average,100,2500.0,0.76,0,0,7,5
Shipping_Costs_[MEUR],00_00_07_05,G,average,20,50.0,0.03,0,0,7,5
Shipping_Costs_[MEUR],00_00_07_05,G,average,60,1460.0,0.68,0,0,7,5
Shipping_Costs_[MEUR],00_00_07_05,G,average,100,2380.0,0.72,0,0,7,5
Shipping_Costs_[MEUR],00_00_07_05,G&Wp,average,20,50.0,0.03,0,0,7,5
Shipping_Costs_[MEUR],00_00_07_05,G&Wp,average,60,1580.0,0.73,0,0,7,5
Shipping_Costs_[MEUR],00_00_07_05,G&Wp,average,100,2460.0,0.74,0,0,7,5
Shipping_Costs_[MEUR],00_00_07_05,Wp,average,20,50.0,0.03,0,0,7,5
Shipping_Costs_[MEUR],00_00_07_05,Wp,average,60,1700.0,0.79,0,0,7,5
Shipping_Costs_[MEUR],00_00_07_05,Wp,average,100,2540.0,0.77,0,0,7,5
Shipping_Costs_[MEUR],00_00_07_07,D,average,20,1240.0,0.95,0,0,7,7
Shipping_Costs_[MEUR],00_00_07_07,D,average,60,1980.0,0.92,0,0,7,7
Shipping_Costs_[MEUR],00_00_07_07,D,average,100,2720.0,0.82,0,0,7,7
Shipping_Costs_[MEUR],00_00_07_07,D&G,average,20,1240.0,0.95,0,0,7,7
Shipping_Costs_[MEUR],00_00_07_07,D&G,average,60,1980.0,0.92,0,0,7,7
Shipping_Costs_[MEUR],00_00_07_07,D&G,average,100,2720.0,0.82,0,0,7,7
Shipping_Costs_[MEUR],00_00_07_07,D&G&Wp,average,20,1240.0,0.95,0,0,7,7
Shipping_Costs_[MEUR],00_00_07_07,D&G&Wp,average,60,1980.0,0.92,0,0,7,7
Shipping_Costs_[MEUR],00_00_07_07,D&G&Wp,average,100,2720.0,0.82,0,0,7,7
Shipping_Costs_[MEUR],00_00_07_07,D&Wp,average,20,1240.0,0.95,0,0,7,7
Shipping_Costs_[MEUR],00_00_07_07,D&Wp,average,60,1980.0,0.92,0,0,7,7
Shipping_Costs_[MEUR],00_00_07_07,D&Wp,average,100,2720.0,0.82,0,0,7,7
Shipping_Costs_[MEUR],00_00_07_07,G,average,20,1240.0,0.95,0,0,7,7
Shipping_Costs_[MEUR],00_00_07_07,G,average,60,1980.0,0.92,0,0,7,7
Shipping_Costs_[MEUR],00_00_07_07,G,average,100,2720.0,0.82,0,0,7,7
Shipping_Costs_[MEUR],00_00_07_07,G&Wp,average,20,1240.0,0.95,0,0,7,7
Shipping_Costs_[MEUR],00_00_07_07,G&Wp,average,60,1980.0,0.92,0,0,7,7
Shipping_Costs_[MEUR],00_00_07_07,G&Wp,average,100,2720.0,0.82,0,0,7,7
Shipping_Costs_[MEUR],00_00_07_07,Wp,average,20,1240.0,0.95,0,0,7,7
Shipping_Costs_[MEUR],00_00_07_07,Wp,average,60,1990.0,0.92,0,0,7,7
Shipping_Costs_[MEUR],00_00_07_07,Wp,average,100,2730.0,0.83,0,0,7,7
Shipping_Costs_[MEUR],00_00_07_08,D,average,20,1240.0,0.95,0,0,7,8
Shipping_Costs_[MEUR],00_00_07_08,D,average,60,1980.0,0.92,0,0,7,8
Shipping_Costs_[MEUR],00_00_07_08,D,average,100,2720.0,0.82,0,0,7,8
Shipping_Costs_[MEUR],00_00_07_08,D&G,average,20,1240.0,0.95,0,0,7,8
Shipping_Costs_[MEUR],00_00_07_08,D&G,average,60,1980.0,0.92,0,0,7,8
Shipping_Costs_[MEUR],00_00_07_08,D&G,average,100,2720.0,0.82,0,0,7,8
Shipping_Costs_[MEUR],00_00_07_08,D&G&Wp,average,20,1240.0,0.95,0,0,7,8
Shipping_Costs_[MEUR],00_00_07_08,D&G&Wp,average,60,1980.0,0.92,0,0,7,8
Shipping_Costs_[MEUR],00_00_07_08,D&G&Wp,average,100,2720.0,0.82,0,0,7,8
Shipping_Costs_[MEUR],00_00_07_08,D&Wp,average,20,1240.0,0.95,0,0,7,8
Shipping_Costs_[MEUR],00_00_07_08,D&Wp,average,60,1980.0,0.92,0,0,7,8
Shipping_Costs_[MEUR],00_00_07_08,D&Wp,average,100,2720.0,0.82,0,0,7,8
Shipping_Costs_[MEUR],00_00_07_08,G,average,20,1240.0,0.95,0,0,7,8
Shipping_Costs_[MEUR],00_00_07_08,G,average,60,1980.0,0.92,0,0,7,8
Shipping_Costs_[MEUR],00_00_07_08,G,average,100,2720.0,0.82,0,0,7,8
Shipping_Costs_[MEUR],00_00_07_08,G&Wp,average,20,1240.0,0.95,0,0,7,8
Shipping_Costs_[MEUR],00_00_07_08,G&Wp,average,60,1980.0,0.92,0,0,7,8
Shipping_Costs_[MEUR],00_00_07_08,G&Wp,average,100,2720.0,0.82,0,0,7,8
Shipping_Costs_[MEUR],00_00_07_08,Wp,average,20,1240.0,0.95,0,0,7,8
Shipping_Costs_[MEUR],00_00_07_08,Wp,average,60,1990.0,0.92,0,0,7,8
Shipping_Costs_[MEUR],00_00_07_08,Wp,average,100,2730.0,0.83,0,0,7,8
Shipping_Costs_[MEUR],00_00_07_09,D,average,20,1240.0,0.95,0,0,7,9
Shipping_Costs_[MEUR],00_00_07_09,D,average,60,1980.0,0.92,0,0,7,9
Shipping_Costs_[MEUR],00_00_07_09,D,average,100,2720.0,0.82,0,0,7,9
Shipping_Costs_[MEUR],00_00_07_09,D&G,average,20,1240.0,0.95,0,0,7,9
Shipping_Costs_[MEUR],00_00_07_09,D&G,average,60,1980.0,0.92,0,0,7,9
Shipping_Costs_[MEUR],00_00_07_09,D&G,average,100,2720.0,0.82,0,0,7,9
Shipping_Costs_[MEUR],00_00_07_09,D&G&Wp,average,20,1240.0,0.95,0,0,7,9
Shipping_Costs_[MEUR],00_00_07_09,D&G&Wp,average,60,1980.0,0.92,0,0,7,9
Shipping_Costs_[MEUR],00_00_07_09,D&G&Wp,average,100,2720.0,0.82,0,0,7,9
Shipping_Costs_[MEUR],00_00_07_09,D&Wp,average,20,1240.0,0.95,0,0,7,9
Shipping_Costs_[MEUR],00_00_07_09,D&Wp,average,60,1980.0,0.92,0,0,7,9
Shipping_Costs_[MEUR],00_00_07_09,D&Wp,average,100,2720.0,0.82,0,0,7,9
Shipping_Costs_[MEUR],00_00_07_09,G,average,20,1240.0,0.95,0,0,7,9
Shipping_Costs_[MEUR],00_00_07_09,G,average,60,1980.0,0.92,0,0,7,9
Shipping_Costs_[MEUR],00_00_07_09,G,average,100,2720.0,0.82,0,0,7,9
Shipping_Costs_[MEUR],00_00_07_09,G&Wp,average,20,1240.0,0.95,0,0,7,9
Shipping_Costs_[MEUR],00_00_07_09,G&Wp,average,60,1980.0,0.92,0,0,7,9
Shipping_Costs_[MEUR],00_00_07_09,G&Wp,average,100,2720.0,0.82,0,0,7,9
Shipping_Costs_[MEUR],00_00_07_09,Wp,average,20,1240.0,0.95,0,0,7,9
Shipping_Costs_[MEUR],00_00_07_09,Wp,average,60,1990.0,0.92,0,0,7,9
Shipping_Costs_[MEUR],00_00_07_09,Wp,average,100,2730.0,0.83,0,0,7,9
Shipping_Costs_[MEUR],00_00_09_00,D,average,20,0.0,0.0,0,0,9,0
Shipping_Costs_[MEUR],00_00_09_00,D,average,60,0.0,0.0,0,0,9,0
Shipping_Costs_[MEUR],00_00_09_00,D,average,100,0.0,0.0,0,0,9,0
Shipping_Costs_[MEUR],00_00_09_00,D&G,average,20,0.0,0.0,0,0,9,0
Shipping_Costs_[MEUR],00_00_09_00,D&G,average,60,0.0,0.0,0,0,9,0
Shipping_Costs_[MEUR],00_00_09_00,D&G,average,100,0.0,0.0,0,0,9,0
Shipping_Costs_[MEUR],00_00_09_00,D&G&Wp,average,20,0.0,0.0,0,0,9,0
Shipping_Costs_[MEUR],00_00_09_00,D&G&Wp,average,60,0.0,0.0,0,0,9,0
Shipping_Costs_[MEUR],00_00_09_00,D&G&Wp,average,100,0.0,0.0,0,0,9,0
Shipping_Costs_[MEUR],00_00_09_00,D&Wp,average,20,0.0,0.0,0,0,9,0
Shipping_Costs_[MEUR],00_00_09_00,D&Wp,average,60,0.0,0.0,0,0,9,0
Shipping_Costs_[MEUR],00_00_09_00,D&Wp,average,100,0.0,0.0,0,0,9,0
Shipping_Costs_[MEUR],00_00_09_00,G,average,20,0.0,0.0,0,0,9,0
Shipping_Costs_[MEUR],00_00_09_00,G,average,60,0.0,0.0,0,0,9,0
Shipping_Costs_[MEUR],00_00_09_00,G,average,100,0.0,0.0,0,0,9,0
Shipping_Costs_[MEUR],00_00_09_00,G&Wp,average,20,0.0,0.0,0,0,9,0
Shipping_Costs_[MEUR],00_00_09_00,G&Wp,average,60,0.0,0.0,0,0,9,0
Shipping_Costs_[MEUR],00_00_09_00,G&Wp,average,100,0.0,0.0,0,0,9,0
Shipping_Costs_[MEUR],00_00_09_00,Wp,average,20,0.0,0.0,0,0,9,0
Shipping_Costs_[MEUR],00_00_09_00,Wp,average,60,0.0,0.0,0,0,9,0
Shipping_Costs_[MEUR],00_00_09_00,Wp,average,100,0.0,0.0,0,0,9,0
Shipping_Costs_[MEUR],00_00_09_01,D,average,20,550.0,0.42,0,0,9,1
Shipping_Costs_[MEUR],00_00_09_01,D,average,60,1090.0,0.51,0,0,9,1
Shipping_Costs_[MEUR],00_00_09_01,D,average,100,1550.0,0.47,0,0,9,1
Shipping_Costs_[MEUR],00_00_09_01,D&G,average,20,550.0,0.42,0,0,9,1
Shipping_Costs_[MEUR],00_00_09_01,D&G,average,60,1090.0,0.51,0,0,9,1
Shipping_Costs_[MEUR],00_00_09_01,D&G,average,100,1550.0,0.47,0,0,9,1
Shipping_Costs_[MEUR],00_00_09_01,D&G&Wp,average,20,590.0,0.45,0,0,9,1
Shipping_Costs_[MEUR],00_00_09_01,D&G&Wp,average,60,1300.0,0.6,0,0,9,1
Shipping_Costs_[MEUR],00_00_09_01,D&G&Wp,average,100,1850.0,0.56,0,0,9,1
Shipping_Costs_[MEUR],00_00_09_01,D&Wp,average,20,600.0,0.46,0,0,9,1
Shipping_Costs_[MEUR],00_00_09_01,D&Wp,average,60,1400.0,0.65,0,0,9,1
Shipping_Costs_[MEUR],00_00_09_01,D&Wp,average,100,2010.0,0.61,0,0,9,1
Shipping_Costs_[MEUR],00_00_09_01,G,average,20,550.0,0.42,0,0,9,1
Shipping_Costs_[MEUR],00_00_09_01,G,average,60,1090.0,0.51,0,0,9,1
Shipping_Costs_[MEUR],00_00_09_01,G,average,100,1550.0,0.47,0,0,9,1
Shipping_Costs_[MEUR],00_00_09_01,G&Wp,average,20,600.0,0.46,0,0,9,1
Shipping_Costs_[MEUR],00_00_09_01,G&Wp,average,60,1400.0,0.65,0,0,9,1
Shipping_Costs_[MEUR],00_00_09_01,G&Wp,average,100,2010.0,0.61,0,0,9,1
Shipping_Costs_[MEUR],00_00_09_01,Wp,average,20,650.0,0.5,0,0,9,1
Shipping_Costs_[MEUR],00_00_09_01,Wp,average,60,1710.0,0.79,0,0,9,1
Shipping_Costs_[MEUR],00_00_09_01,Wp,average,100,2460.0,0.75,0,0,9,1
Shipping_Costs_[MEUR],00_00_09_02,D,average,20,20.0,0.01,0,0,9,2
Shipping_Costs_[MEUR],00_00_09_02,D,average,60,90.0,0.04,0,0,9,2
Shipping_Costs_[MEUR],00_00_09_02,D,average,100,170.0,0.05,0,0,9,2
Shipping_Costs_[MEUR],00_00_09_02,D&G,average,20,20.0,0.01,0,0,9,2
Shipping_Costs_[MEUR],00_00_09_02,D&G,average,60,90.0,0.04,0,0,9,2
Shipping_Costs_[MEUR],00_00_09_02,D&G,average,100,170.0,0.05,0,0,9,2
Shipping_Costs_[MEUR],00_00_09_02,D&G&Wp,average,20,20.0,0.01,0,0,9,2
Shipping_Costs_[MEUR],00_00_09_02,D&G&Wp,average,60,540.0,0.25,0,0,9,2
Shipping_Costs_[MEUR],00_00_09_02,D&G&Wp,average,100,880.0,0.26,0,0,9,2
Shipping_Costs_[MEUR],00_00_09_02,D&Wp,average,20,20.0,0.01,0,0,9,2
Shipping_Costs_[MEUR],00_00_09_02,D&Wp,average,60,770.0,0.35,0,0,9,2
Shipping_Costs_[MEUR],00_00_09_02,D&Wp,average,100,1230.0,0.37,0,0,9,2
Shipping_Costs_[MEUR],00_00_09_02,G,average,20,20.0,0.01,0,0,9,2
Shipping_Costs_[MEUR],00_00_09_02,G,average,60,90.0,0.04,0,0,9,2
Shipping_Costs_[MEUR],00_00_09_02,G,average,100,160.0,0.05,0,0,9,2
Shipping_Costs_[MEUR],00_00_09_02,G&Wp,average,20,20.0,0.01,0,0,9,2
Shipping_Costs_[MEUR],00_00_09_02,G&Wp,average,60,770.0,0.35,0,0,9,2
Shipping_Costs_[MEUR],00_00_09_02,G&Wp,average,100,1230.0,0.37,0,0,9,2
Shipping_Costs_[MEUR],00_00_09_02,Wp,average,20,20.0,0.01,0,0,9,2
Shipping_Costs_[MEUR],00_00_09_02,Wp,average,60,1440.0,0.67,0,0,9,2
Shipping_Costs_[MEUR],00_00_09_02,Wp,average,100,2300.0,0.69,0,0,9,2
Shipping_Costs_[MEUR],00_00_09_04,D,average,20,50.0,0.03,0,0,9,4
Shipping_Costs_[MEUR],00_00_09_04,D,average,60,150.0,0.07,0,0,9,4
Shipping_Costs_[MEUR],00_00_09_04,D,average,100,260.0,0.08,0,0,9,4
Shipping_Costs_[MEUR],00_00_09_04,D&G,average,20,50.0,0.03,0,0,9,4
Shipping_Costs_[MEUR],00_00_09_04,D&G,average,60,150.0,0.07,0,0,9,4
Shipping_Costs_[MEUR],00_00_09_04,D&G,average,100,260.0,0.08,0,0,9,4
Shipping_Costs_[MEUR],00_00_09_04,D&G&Wp,average,20,50.0,0.03,0,0,9,4
Shipping_Costs_[MEUR],00_00_09_04,D&G&Wp,average,60,580.0,0.27,0,0,9,4
Shipping_Costs_[MEUR],00_00_09_04,D&G&Wp,average,100,940.0,0.28,0,0,9,4
Shipping_Costs_[MEUR],00_00_09_04,D&Wp,average,20,50.0,0.03,0,0,9,4
Shipping_Costs_[MEUR],00_00_09_04,D&Wp,average,60,800.0,0.37,0,0,9,4
Shipping_Costs_[MEUR],00_00_09_04,D&Wp,average,100,1280.0,0.39,0,0,9,4
Shipping_Costs_[MEUR],00_00_09_04,G,average,20,50.0,0.03,0,0,9,4
Shipping_Costs_[MEUR],00_00_09_04,G,average,60,150.0,0.07,0,0,9,4
Shipping_Costs_[MEUR],00_00_09_04,G,average,100,260.0,0.08,0,0,9,4
Shipping_Costs_[MEUR],00_00_09_04,G&Wp,average,20,50.0,0.03,0,0,9,4
Shipping_Costs_[MEUR],00_00_09_04,G&Wp,average,60,800.0,0.37,0,0,9,4
Shipping_Costs_[MEUR],00_00_09_04,G&Wp,average,100,1280.0,0.39,0,0,9,4
Shipping_Costs_[MEUR],00_00_09_04,Wp,average,20,50.0,0.03,0,0,9,4
Shipping_Costs_[MEUR],00_00_09_04,Wp,average,60,1440.0,0.67,0,0,9,4
Shipping_Costs_[MEUR],00_00_09_04,Wp,average,100,2300.0,0.69,0,0,9,4
Shipping_Costs_[MEUR],00_00_09_05,D,average,20,50.0,0.03,0,0,9,5
Shipping_Costs_[MEUR],00_00_09_05,D,average,60,1030.0,0.48,0,0,9,5
Shipping_Costs_[MEUR],00_00_09_05,D,average,100,1580.0,0.48,0,0,9,5
Shipping_Costs_[MEUR],00_00_09_05,D&G,average,20,50.0,0.03,0,0,9,5
Shipping_Costs_[MEUR],00_00_09_05,D&G,average,60,810.0,0.37,0,0,9,5
Shipping_Costs_[MEUR],00_00_09_05,D&G,average,100,1320.0,0.4,0,0,9,5
Shipping_Costs_[MEUR],00_00_09_05,D&G&Wp,average,20,50.0,0.03,0,0,9,5
Shipping_Costs_[MEUR],00_00_09_05,D&G&Wp,average,60,1090.0,0.5,0,0,9,5
Shipping_Costs_[MEUR],00_00_09_05,D&G&Wp,average,100,1720.0,0.52,0,0,9,5
Shipping_Costs_[MEUR],00_00_09_05,D&Wp,average,20,50.0,0.03,0,0,9,5
Shipping_Costs_[MEUR],00_00_09_05,D&Wp,average,60,1340.0,0.62,0,0,9,5
Shipping_Costs_[MEUR],00_00_09_05,D&Wp,average,100,2040.0,0.62,0,0,9,5
Shipping_Costs_[MEUR],00_00_09_05,G,average,20,50.0,0.03,0,0,9,5
Shipping_Costs_[MEUR],00_00_09_05,G,average,60,580.0,0.27,0,0,9,5
Shipping_Costs_[MEUR],00_00_09_05,G,average,100,1070.0,0.32,0,0,9,5
Shipping_Costs_[MEUR],00_00_09_05,G&Wp,average,20,50.0,0.03,0,0,9,5
Shipping_Costs_[MEUR],00_00_09_05,G&Wp,average,60,1120.0,0.52,0,0,9,5
Shipping_Costs_[MEUR],00_00_09_05,G&Wp,average,100,1780.0,0.54,0,0,9,5
Shipping_Costs_[MEUR],00_00_09_05,Wp,average,20,50.0,0.03,0,0,9,5
Shipping_Costs_[MEUR],00_00_09_05,Wp,average,60,1650.0,0.77,0,0,9,5
Shipping_Costs_[MEUR],00_00_09_05,Wp,average,100,2500.0,0.76,0,0,9,5
Shipping_Costs_[MEUR],00_00_09_07,D,average,20,1240.0,0.95,0,0,9,7
Shipping_Costs_[MEUR],00_00_09_07,D,average,60,1980.0,0.92,0,0,9,7
Shipping_Costs_[MEUR],00_00_09_07,D,average,100,2720.0,0.82,0,0,9,7
Shipping_Costs_[MEUR],00_00_09_07,D&G,average,20,1240.0,0.95,0,0,9,7
Shipping_Costs_[MEUR],00_00_09_07,D&G,average,60,1980.0,0.92,0,0,9,7
Shipping_Costs_[MEUR],00_00_09_07,D&G,average,100,2720.0,0.82,0,0,9,7
Shipping_Costs_[MEUR],00_00_09_07,D&G&Wp,average,20,1240.0,0.95,0,0,9,7
Shipping_Costs_[MEUR],00_00_09_07,D&G&Wp,average,60,1980.0,0.92,0,0,9,7
Shipping_Costs_[MEUR],00_00_09_07,D&G&Wp,average,100,2720.0,0.82,0,0,9,7
Shipping_Costs_[MEUR],00_00_09_07,D&Wp,average,20,1240.0,0.95,0,0,9,7
Shipping_Costs_[MEUR],00_00_09_07,D&Wp,average,60,1980.0,0.92,0,0,9,7
Shipping_Costs_[MEUR],00_00_09_07,D&Wp,average,100,2720.0,0.82,0,0,9,7
Shipping_Costs_[MEUR],00_00_09_07,G,average,20,1240.0,0.95,0,0,9,7
Shipping_Costs_[MEUR],00_00_09_07,G,average,60,1980.0,0.92,0,0,9,7
Shipping_Costs_[MEUR],00_00_09_07,G,average,100,2720.0,0.82,0,0,9,7
Shipping_Costs_[MEUR],00_00_09_07,G&Wp,average,20,1240.0,0.95,0,0,9,7
Shipping_Costs_[MEUR],00_00_09_07,G&Wp,average,60,1980.0,0.92,0,0,9,7
Shipping_Costs_[MEUR],00_00_09_07,G&Wp,average,100,2720.0,0.82,0,0,9,7
Shipping_Costs_[MEUR],00_00_09_07,Wp,average,20,1240.0,0.95,0,0,9,7
Shipping_Costs_[MEUR],00_00_09_07,Wp,average,60,1990.0,0.92,0,0,9,7
Shipping_Costs_[MEUR],00_00_09_07,Wp,average,100,2730.0,0.83,0,0,9,7
Shipping_Costs_[MEUR],00_00_09_08,D,average,20,1240.0,0.95,0,0,9,8
Shipping_Costs_[MEUR],00_00_09_08,D,average,60,1980.0,0.92,0,0,9,8
Shipping_Costs_[MEUR],00_00_09_08,D,average,100,2720.0,0.82,0,0,9,8
Shipping_Costs_[MEUR],00_00_09_08,D&G,average,20,1240.0,0.95,0,0,9,8
Shipping_Costs_[MEUR],00_00_09_08,D&G,average,60,1980.0,0.92,0,0,9,8
Shipping_Costs_[MEUR],00_00_09_08,D&G,average,100,2720.0,0.82,0,0,9,8
Shipping_Costs_[MEUR],00_00_09_08,D&G&Wp,average,20,1240.0,0.95,0,0,9,8
Shipping_Costs_[MEUR],00_00_09_08,D&G&Wp,average,60,1980.0,0.92,0,0,9,8
Shipping_Costs_[MEUR],00_00_09_08,D&G&Wp,average,100,2720.0,0.82,0,0,9,8
Shipping_Costs_[MEUR],00_00_09_08,D&Wp,average,20,1240.0,0.95,0,0,9,8
Shipping_Costs_[MEUR],00_00_09_08,D&Wp,average,60,1980.0,0.92,0,0,9,8
Shipping_Costs_[MEUR],00_00_09_08,D&Wp,average,100,2720.0,0.82,0,0,9,8
Shipping_Costs_[MEUR],00_00_09_08,G,average,20,1240.0,0.95,0,0,9,8
Shipping_Costs_[MEUR],00_00_09_08,G,average,60,1980.0,0.92,0,0,9,8
Shipping_Costs_[MEUR],00_00_09_08,G,average,100,2720.0,0.82,0,0,9,8
Shipping_Costs_[MEUR],00_00_09_08,G&Wp,average,20,1240.0,0.95,0,0,9,8
Shipping_Costs_[MEUR],00_00_09_08,G&Wp,average,60,1980.0,0.92,0,0,9,8
Shipping_Costs_[MEUR],00_00_09_08,G&Wp,average,100,2720.0,0.82,0,0,9,8
Shipping_Costs_[MEUR],00_00_09_08,Wp,average,20,1240.0,0.95,0,0,9,8
Shipping_Costs_[MEUR],00_00_09_08,Wp,average,60,1990.0,0.92,0,0,9,8
Shipping_Costs_[MEUR],00_00_09_08,Wp,average,100,2730.0,0.83,0,0,9,8
Shipping_Costs_[MEUR],00_00_09_09,D,average,20,1240.0,0.95,0,0,9,9
Shipping_Costs_[MEUR],00_00_09_09,D,average,60,1980.0,0.92,0,0,9,9
Shipping_Costs_[MEUR],00_00_09_09,D,average,100,2720.0,0.82,0,0,9,9
Shipping_Costs_[MEUR],00_00_09_09,D&G,average,20,1240.0,0.95,0,0,9,9
Shipping_Costs_[MEUR],00_00_09_09,D&G,average,60,1980.0,0.92,0,0,9,9
Shipping_Costs_[MEUR],00_00_09_09,D&G,average,100,2720.0,0.82,0,0,9,9
Shipping_Costs_[MEUR],00_00_09_09,D&G&Wp,average,20,1240.0,0.95,0,0,9,9
Shipping_Costs_[MEUR],00_00_09_09,D&G&Wp,average,60,1980.0,0.92,0,0,9,9
Shipping_Costs_[MEUR],00_00_09_09,D&G&Wp,average,100,2720.0,0.82,0,0,9,9
Shipping_Costs_[MEUR],00_00_09_09,D&Wp,average,20,1240.0,0.95,0,0,9,9
Shipping_Costs_[MEUR],00_00_09_09,D&Wp,average,60,1980.0,0.92,0,0,9,9
Shipping_Costs_[MEUR],00_00_09_09,D&Wp,average,100,2720.0,0.82,0,0,9,9
Shipping_Costs_[MEUR],00_00_09_09,G,average,20,1240.0,0.95,0,0,9,9
Shipping_Costs_[MEUR],00_00_09_09,G,average,60,1980.0,0.92,0,0,9,9
Shipping_Costs_[MEUR],00_00_09_09,G,average,100,2720.0,0.82,0,0,9,9
Shipping_Costs_[MEUR],00_00_09_09,G&Wp,average,20,1240.0,0.95,0,0,9,9
Shipping_Costs_[MEUR],00_00_09_09,G&Wp,average,60,1980.0,0.92,0,0,9,9
Shipping_Costs_[MEUR],00_00_09_09,G&Wp,average,100,2720.0,0.82,0,0,9,9
Shipping_Costs_[MEUR],00_00_09_09,Wp,average,20,1240.0,0.95,0,0,9,9
Shipping_Costs_[MEUR],00_00_09_09,Wp,average,60,1990.0,0.92,0,0,9,9
Shipping_Costs_[MEUR],00_00_09_09,Wp,average,100,2730.0,0.83,0,0,9,9
Shipping_Costs_[MEUR],00_00_11_00,D,average,20,0.0,0.0,0,0,11,0
Shipping_Costs_[MEUR],00_00_11_00,D,average,60,0.0,0.0,0,0,11,0
Shipping_Costs_[MEUR],00_00_11_00,D,average,100,0.0,0.0,0,0,11,0
Shipping_Costs_[MEUR],00_00_11_00,D&G,average,20,0.0,0.0,0,0,11,0
Shipping_Costs_[MEUR],00_00_11_00,D&G,average,60,0.0,0.0,0,0,11,0
Shipping_Costs_[MEUR],00_00_11_00,D&G,average,100,0.0,0.0,0,0,11,0
Shipping_Costs_[MEUR],00_00_11_00,D&G&Wp,average,20,0.0,0.0,0,0,11,0
Shipping_Costs_[MEUR],00_00_11_00,D&G&Wp,average,60,0.0,0.0,0,0,11,0
Shipping_Costs_[MEUR],00_00_11_00,D&G&Wp,average,100,0.0,0.0,0,0,11,0
Shipping_Costs_[MEUR],00_00_11_00,D&Wp,average,20,0.0,0.0,0,0,11,0
Shipping_Costs_[MEUR],00_00_11_00,D&Wp,average,60,0.0,0.0,0,0,11,0
Shipping_Costs_[MEUR],00_00_11_00,D&Wp,average,100,0.0,0.0,0,0,11,0
Shipping_Costs_[MEUR],00_00_11_00,G,average,20,0.0,0.0,0,0,11,0
Shipping_Costs_[MEUR],00_00_11_00,G,average,60,0.0,0.0,0,0,11,0
Shipping_Costs_[MEUR],00_00_11_00,G,average,100,0.0,0.0,0,0,11,0
Shipping_Costs_[MEUR],00_00_11_00,G&Wp,average,20,0.0,0.0,0,0,11,0
Shipping_Costs_[MEUR],00_00_11_00,G&Wp,average,60,0.0,0.0,0,0,11,0
Shipping_Costs_[MEUR],00_00_11_00,G&Wp,average,100,0.0,0.0,0,0,11,0
Shipping_Costs_[MEUR],00_00_11_00,Wp,average,20,0.0,0.0,0,0,11,0
Shipping_Costs_[MEUR],00_00_11_00,Wp,average,60,0.0,0.0,0,0,11,0
Shipping_Costs_[MEUR],00_00_11_00,Wp,average,100,0.0,0.0,0,0,11,0
Shipping_Costs_[MEUR],00_00_11_01,D,average,20,550.0,0.42,0,0,11,1
Shipping_Costs_[MEUR],00_00_11_01,D,average,60,1090.0,0.51,0,0,11,1
Shipping_Costs_[MEUR],00_00_11_01,D,average,100,1550.0,0.47,0,0,11,1
Shipping_Costs_[MEUR],00_00_11_01,D&G,average,20,550.0,0.42,0,0,11,1
Shipping_Costs_[MEUR],00_00_11_01,D&G,average,60,1090.0,0.51,0,0,11,1
Shipping_Costs_[MEUR],00_00_11_01,D&G,average,100,1550.0,0.47,0,0,11,1
Shipping_Costs_[MEUR],00_00_11_01,D&G&Wp,average,20,590.0,0.45,0,0,11,1
Shipping_Costs_[MEUR],00_00_11_01,D&G&Wp,average,60,1300.0,0.6,0,0,11,1
Shipping_Costs_[MEUR],00_00_11_01,D&G&Wp,average,100,1850.0,0.56,0,0,11,1
Shipping_Costs_[MEUR],00_00_11_01,D&Wp,average,20,600.0,0.46,0,0,11,1
Shipping_Costs_[MEUR],00_00_11_01,D&Wp,average,60,1400.0,0.65,0,0,11,1
Shipping_Costs_[MEUR],00_00_11_01,D&Wp,average,100,2010.0,0.61,0,0,11,1
Shipping_Costs_[MEUR],00_00_11_01,G,average,20,550.0,0.42,0,0,11,1
Shipping_Costs_[MEUR],00_00_11_01,G,average,60,1090.0,0.51,0,0,11,1
Shipping_Costs_[MEUR],00_00_11_01,G,average,100,1550.0,0.47,0,0,11,1
Shipping_Costs_[MEUR],00_00_11_01,G&Wp,average,20,600.0,0.46,0,0,11,1
Shipping_Costs_[MEUR],00_00_11_01,G&Wp,average,60,1400.0,0.65,0,0,11,1
Shipping_Costs_[MEUR],00_00_11_01,G&Wp,average,100,2010.0,0.61,0,0,11,1
Shipping_Costs_[MEUR],00_00_11_01,Wp,average,20,650.0,0.5,0,0,11,1
Shipping_Costs_[MEUR],00_00_11_01,Wp,average,60,1710.0,0.79,0,0,11,1
Shipping_Costs_[MEUR],00_00_11_01,Wp,average,100,2460.0,0.75,0,0,11,1
Shipping_Costs_[MEUR],00_00_11_02,D,average,20,20.0,0.01,0,0,11,2
Shipping_Costs_[MEUR],00_00_11_02,D,average,60,90.0,0.04,0,0,11,2
Shipping_Costs_[MEUR],00_00_11_02,D,average,100,170.0,0.05,0,0,11,2
Shipping_Costs_[MEUR],00_00_11_02,D&G,average,20,20.0,0.01,0,0,11,2
Shipping_Costs_[MEUR],00_00_11_02,D&G,average,60,90.0,0.04,0,0,11,2
Shipping_Costs_[MEUR],00_00_11_02,D&G,average,100,170.0,0.05,0,0,11,2
Shipping_Costs_[MEUR],00_00_11_02,D&G&Wp,average,20,20.0,0.01,0,0,11,2
Shipping_Costs_[MEUR],00_00_11_02,D&G&Wp,average,60,540.0,0.25,0,0,11,2
Shipping_Costs_[MEUR],00_00_11_02,D&G&Wp,average,100,880.0,0.26,0,0,11,2
Shipping_Costs_[MEUR],00_00_11_02,D&Wp,average,20,20.0,0.01,0,0,11,2
Shipping_Costs_[MEUR],00_00_11_02,D&Wp,average,60,770.0,0.35,0,0,11,2
Shipping_Costs_[MEUR],00_00_11_02,D&Wp,average,100,1230.0,0.37,0,0,11,2
Shipping_Costs_[MEUR],00_00_11_02,G,average,20,20.0,0.01,0,0,11,2
Shipping_Costs_[MEUR],00_00_11_02,G,average,60,90.0,0.04,0,0,11,2
Shipping_Costs_[MEUR],00_00_11_02,G,average,100,160.0,0.05,0,0,11,2
Shipping_Costs_[MEUR],00_00_11_02,G&Wp,average,20,20.0,0.01,0,0,11,2
Shipping_Costs_[MEUR],00_00_11_02,G&Wp,average,60,770.0,0.35,0,0,11,2
Shipping_Costs_[MEUR],00_00_11_02,G&Wp,average,100,1230.0,0.37,0,0,11,2
Shipping_Costs_[MEUR],00_00_11_02,Wp,average,20,20.0,0.01,0,0,11,2
Shipping_Costs_[MEUR],00_00_11_02,Wp,average,60,1440.0,0.67,0,0,11,2
Shipping_Costs_[MEUR],00_00_11_02,Wp,average,100,2300.0,0.69,0,0,11,2
Shipping_Costs_[MEUR],00_00_11_04,D,average,20,50.0,0.03,0,0,11,4
Shipping_Costs_[MEUR],00_00_11_04,D,average,60,150.0,0.07,0,0,11,4
Shipping_Costs_[MEUR],00_00_11_04,D,average,100,260.0,0.08,0,0,11,4
Shipping_Costs_[MEUR],00_00_11_04,D&G,average,20,50.0,0.03,0,0,11,4
Shipping_Costs_[MEUR],00_00_11_04,D&G,average,60,150.0,0.07,0,0,11,4
Shipping_Costs_[MEUR],00_00_11_04,D&G,average,100,260.0,0.08,0,0,11,4
Shipping_Costs_[MEUR],00_00_11_04,D&G&Wp,average,20,50.0,0.03,0,0,11,4
Shipping_Costs_[MEUR],00_00_11_04,D&G&Wp,average,60,580.0,0.27,0,0,11,4
Shipping_Costs_[MEUR],00_00_11_04,D&G&Wp,average,100,940.0,0.28,0,0,11,4
Shipping_Costs_[MEUR],00_00_11_04,D&Wp,average,20,50.0,0.03,0,0,11,4
Shipping_Costs_[MEUR],00_00_11_04,D&Wp,average,60,800.0,0.37,0,0,11,4
Shipping_Costs_[MEUR],00_00_11_04,D&Wp,average,100,1280.0,0.39,0,0,11,4
Shipping_Costs_[MEUR],00_00_11_04,G,average,20,50.0,0.03,0,0,11,4
Shipping_Costs_[MEUR],00_00_11_04,G,average,60,150.0,0.07,0,0,11,4
Shipping_Costs_[MEUR],00_00_11_04,G,average,100,260.0,0.08,0,0,11,4
Shipping_Costs_[MEUR],00_00_11_04,G&Wp,average,20,50.0,0.03,0,0,11,4
Shipping_Costs_[MEUR],00_00_11_04,G&Wp,average,60,800.0,0.37,0,0,11,4
Shipping_Costs_[MEUR],00_00_11_04,G&Wp,average,100,1280.0,0.39,0,0,11,4
Shipping_Costs_[MEUR],00_00_11_04,Wp,average,20,50.0,0.03,0,0,11,4
Shipping_Costs_[MEUR],00_00_11_04,Wp,average,60,1440.0,0.67,0,0,11,4
Shipping_Costs_[MEUR],00_00_11_04,Wp,average,100,2300.0,0.69,0,0,11,4
Shipping_Costs_[MEUR],00_00_11_05,D,average,20,50.0,0.03,0,0,11,5
Shipping_Costs_[MEUR],00_00_11_05,D,average,60,1030.0,0.48,0,0,11,5
Shipping_Costs_[MEUR],00_00_11_05,D,average,100,1580.0,0.48,0,0,11,5
Shipping_Costs_[MEUR],00_00_11_05,D&G,average,20,50.0,0.03,0,0,11,5
Shipping_Costs_[MEUR],00_00_11_05,D&G,average,60,810.0,0.37,0,0,11,5
Shipping_Costs_[MEUR],00_00_11_05,D&G,average,100,1320.0,0.4,0,0,11,5
Shipping_Costs_[MEUR],00_00_11_05,D&G&Wp,average,20,50.0,0.03,0,0,11,5
Shipping_Costs_[MEUR],00_00_11_05,D&G&Wp,average,60,1090.0,0.5,0,0,11,5
Shipping_Costs_[MEUR],00_00_11_05,D&G&Wp,average,100,1720.0,0.52,0,0,11,5
Shipping_Costs_[MEUR],00_00_11_05,D&Wp,average,20,50.0,0.03,0,0,11,5
Shipping_Costs_[MEUR],00_00_11_05,D&Wp,average,60,1340.0,0.62,0,0,11,5
Shipping_Costs_[MEUR],00_00_11_05,D&Wp,average,100,2040.0,0.62,0,0,11,5
Shipping_Costs_[MEUR],00_00_11_05,G,average,20,50.0,0.03,0,0,11,5
Shipping_Costs_[MEUR],00_00_11_05,G,average,60,580.0,0.27,0,0,11,5
Shipping_Costs_[MEUR],00_00_11_05,G,average,100,1070.0,0.32,0,0,11,5
Shipping_Costs_[MEUR],00_00_11_05,G&Wp,average,20,50.0,0.03,0,0,11,5
Shipping_Costs_[MEUR],00_00_11_05,G&Wp,average,60,1120.0,0.52,0,0,11,5
Shipping_Costs_[MEUR],00_00_11_05,G&Wp,average,100,1780.0,0.54,0,0,11,5
Shipping_Costs_[MEUR],00_00_11_05,Wp,average,20,50.0,0.03,0,0,11,5
Shipping_Costs_[MEUR],00_00_11_05,Wp,average,60,1650.0,0.77,0,0,11,5
Shipping_Costs_[MEUR],00_00_11_05,Wp,average,100,2500.0,0.76,0,0,11,5
Shipping_Costs_[MEUR],00_00_11_07,D,average,20,1240.0,0.95,0,0,11,7
Shipping_Costs_[MEUR],00_00_11_07,D,average,60,1980.0,0.92,0,0,11,7
Shipping_Costs_[MEUR],00_00_11_07,D,average,100,2720.0,0.82,0,0,11,7
Shipping_Costs_[MEUR],00_00_11_07,D&G,average,20,1240.0,0.95,0,0,11,7
Shipping_Costs_[MEUR],00_00_11_07,D&G,average,60,1980.0,0.92,0,0,11,7
Shipping_Costs_[MEUR],00_00_11_07,D&G,average,100,2720.0,0.82,0,0,11,7
Shipping_Costs_[MEUR],00_00_11_07,D&G&Wp,average,20,1240.0,0.95,0,0,11,7
Shipping_Costs_[MEUR],00_00_11_07,D&G&Wp,average,60,1980.0,0.92,0,0,11,7
Shipping_Costs_[MEUR],00_00_11_07,D&G&Wp,average,100,2720.0,0.82,0,0,11,7
Shipping_Costs_[MEUR],00_00_11_07,D&Wp,average,20,1240.0,0.95,0,0,11,7
Shipping_Costs_[MEUR],00_00_11_07,D&Wp,average,60,1980.0,0.92,0,0,11,7
Shipping_Costs_[MEUR],00_00_11_07,D&Wp,average,100,2720.0,0.82,0,0,11,7
Shipping_Costs_[MEUR],00_00_11_07,G,average,20,1240.0,0.95,0,0,11,7
Shipping_Costs_[MEUR],00_00_11_07,G,average,60,1980.0,0.92,0,0,11,7
Shipping_Costs_[MEUR],00_00_11_07,G,average,100,2720.0,0.82,0,0,11,7
Shipping_Costs_[MEUR],00_00_11_07,G&Wp,average,20,1240.0,0.95,0,0,11,7
Shipping_Costs_[MEUR],00_00_11_07,G&Wp,average,60,1980.0,0.92,0,0,11,7
Shipping_Costs_[MEUR],00_00_11_07,G&Wp,average,100,2720.0,0.82,0,0,11,7
Shipping_Costs_[MEUR],00_00_11_07,Wp,average,20,1240.0,0.95,0,0,11,7
Shipping_Costs_[MEUR],00_00_11_07,Wp,average,60,1990.0,0.92,0,0,11,7
Shipping_Costs_[MEUR],00_00_11_07,Wp,average,100,2730.0,0.83,0,0,11,7
Shipping_Costs_[MEUR],00_00_11_08,D,average,20,1240.0,0.95,0,0,11,8
Shipping_Costs_[MEUR],00_00_11_08,D,average,60,1980.0,0.92,0,0,11,8
Shipping_Costs_[MEUR],00_00_11_08,D,average,100,2720.0,0.82,0,0,11,8
Shipping_Costs_[MEUR],00_00_11_08,D&G,average,20,1240.0,0.95,0,0,11,8
Shipping_Costs_[MEUR],00_00_11_08,D&G,average,60,1980.0,0.92,0,0,11,8
Shipping_Costs_[MEUR],00_00_11_08,D&G,average,100,2720.0,0.82,0,0,11,8
Shipping_Costs_[MEUR],00_00_11_08,D&G&Wp,average,20,1240.0,0.95,0,0,11,8
Shipping_Costs_[MEUR],00_00_11_08,D&G&Wp,average,60,1980.0,0.92,0,0,11,8
Shipping_Costs_[MEUR],00_00_11_08,D&G&Wp,average,100,2720.0,0.82,0,0,11,8
Shipping_Costs_[MEUR],00_00_11_08,D&Wp,average,20,1240.0,0.95,0,0,11,8
Shipping_Costs_[MEUR],00_00_11_08,D&Wp,average,60,1980.0,0.92,0,0,11,8
Shipping_Costs_[MEUR],00_00_11_08,D&Wp,average,100,2720.0,0.82,0,0,11,8
Shipping_Costs_[MEUR],00_00_11_08,G,average,20,1240.0,0.95,0,0,11,8
Shipping_Costs_[MEUR],00_00_11_08,G,average,60,1980.0,0.92,0,0,11,8
Shipping_Costs_[MEUR],00_00_11_08,G,average,100,2720.0,0.82,0,0,11,8
Shipping_Costs_[MEUR],00_00_11_08,G&Wp,average,20,1240.0,0.95,0,0,11,8
Shipping_Costs_[MEUR],00_00_11_08,G&Wp,average,60,1980.0,0.92,0,0,11,8
Shipping_Costs_[MEUR],00_00_11_08,G&Wp,average,100,2720.0,0.82,0,0,11,8
Shipping_Costs_[MEUR],00_00_11_08,Wp,average,20,1240.0,0.95,0,0,11,8
Shipping_Costs_[MEUR],00_00_11_08,Wp,average,60,1990.0,0.92,0,0,11,8
Shipping_Costs_[MEUR],00_00_11_08,Wp,average,100,2730.0,0.83,0,0,11,8
Shipping_Costs_[MEUR],00_00_11_09,D,average,20,1240.0,0.95,0,0,11,9
Shipping_Costs_[MEUR],00_00_11_09,D,average,60,1980.0,0.92,0,0,11,9
Shipping_Costs_[MEUR],00_00_11_09,D,average,100,2720.0,0.82,0,0,11,9
Shipping_Costs_[MEUR],00_00_11_09,D&G,average,20,1240.0,0.95,0,0,11,9
Shipping_Costs_[MEUR],00_00_11_09,D&G,average,60,1980.0,0.92,0,0,11,9
Shipping_Costs_[MEUR],00_00_11_09,D&G,average,100,2720.0,0.82,0,0,11,9
Shipping_Costs_[MEUR],00_00_11_09,D&G&Wp,average,20,1240.0,0.95,0,0,11,9
Shipping_Costs_[MEUR],00_00_11_09,D&G&Wp,average,60,1980.0,0.92,0,0,11,9
Shipping_Costs_[MEUR],00_00_11_09,D&G&Wp,average,100,2720.0,0.82,0,0,11,9
Shipping_Costs_[MEUR],00_00_11_09,D&Wp,average,20,1240.0,0.95,0,0,11,9
Shipping_Costs_[MEUR],00_00_11_09,D&Wp,average,60,1980.0,0.92,0,0,11,9
Shipping_Costs_[MEUR],00_00_11_09,D&Wp,average,100,2720.0,0.82,0,0,11,9
Shipping_Costs_[MEUR],00_00_11_09,G,average,20,1240.0,0.95,0,0,11,9
Shipping_Costs_[MEUR],00_00_11_09,G,average,60,1980.0,0.92,0,0,11,9
Shipping_Costs_[MEUR],00_00_11_09,G,average,100,2720.0,0.82,0,0,11,9
Shipping_Costs_[MEUR],00_00_11_09,G&Wp,average,20,1240.0,0.95,0,0,11,9
Shipping_Costs_[MEUR],00_00_11_09,G&Wp,average,60,1980.0,0.92,0,0,11,9
Shipping_Costs_[MEUR],00_00_11_09,G&Wp,average,100,2720.0,0.82,0,0,11,9
Shipping_Costs_[MEUR],00_00_11_09,Wp,average,20,1240.0,0.95,0,0,11,9
Shipping_Costs_[MEUR],00_00_11_09,Wp,average,60,1990.0,0.92,0,0,11,9
Shipping_Costs_[MEUR],00_00_11_09,Wp,average,100,2730.0,0.83,0,0,11,9
Shipping_Costs_[MEUR],00_00_13_00,D,average,20,0.0,0.0,0,0,13,0
Shipping_Costs_[MEUR],00_00_13_00,D,average,60,0.0,0.0,0,0,13,0
Shipping_Costs_[MEUR],00_00_13_00,D,average,100,0.0,0.0,0,0,13,0
Shipping_Costs_[MEUR],00_00_13_00,D&G,average,20,0.0,0.0,0,0,13,0
Shipping_Costs_[MEUR],00_00_13_00,D&G,average,60,0.0,0.0,0,0,13,0
Shipping_Costs_[MEUR],00_00_13_00,D&G,average,100,0.0,0.0,0,0,13,0
Shipping_Costs_[MEUR],00_00_13_00,D&G&Wp,average,20,0.0,0.0,0,0,13,0
Shipping_Costs_[MEUR],00_00_13_00,D&G&Wp,average,60,0.0,0.0,0,0,13,0
Shipping_Costs_[MEUR],00_00_13_00,D&G&Wp,average,100,0.0,0.0,0,0,13,0
Shipping_Costs_[MEUR],00_00_13_00,D&Wp,average,20,0.0,0.0,0,0,13,0
Shipping_Costs_[MEUR],00_00_13_00,D&Wp,average,60,0.0,0.0,0,0,13,0
Shipping_Costs_[MEUR],00_00_13_00,D&Wp,average,100,0.0,0.0,0,0,13,0
Shipping_Costs_[MEUR],00_00_13_00,G,average,20,0.0,0.0,0,0,13,0
Shipping_Costs_[MEUR],00_00_13_00,G,average,60,0.0,0.0,0,0,13,0
Shipping_Costs_[MEUR],00_00_13_00,G,average,100,0.0,0.0,0,0,13,0
Shipping_Costs_[MEUR],00_00_13_00,G&Wp,average,20,0.0,0.0,0,0,13,0
Shipping_Costs_[MEUR],00_00_13_00,G&Wp,average,60,0.0,0.0,0,0,13,0
Shipping_Costs_[MEUR],00_00_13_00,G&Wp,average,100,0.0,0.0,0,0,13,0
Shipping_Costs_[MEUR],00_00_13_00,Wp,average,20,0.0,0.0,0,0,13,0
Shipping_Costs_[MEUR],00_00_13_00,Wp,average,60,0.0,0.0,0,0,13,0
Shipping_Costs_[MEUR],00_00_13_00,Wp,average,100,0.0,0.0,0,0,13,0
Shipping_Costs_[MEUR],00_00_13_01,D,average,20,550.0,0.42,0,0,13,1
Shipping_Costs_[MEUR],00_00_13_01,D,average,60,1310.0,0.61,0,0,13,1
Shipping_Costs_[MEUR],00_00_13_01,D,average,100,2140.0,0.65,0,0,13,1
Shipping_Costs_[MEUR],00_00_13_01,D&G,average,20,550.0,0.42,0,0,13,1
Shipping_Costs_[MEUR],00_00_13_01,D&G,average,60,1260.0,0.58,0,0,13,1
Shipping_Costs_[MEUR],00_00_13_01,D&G,average,100,2070.0,0.62,0,0,13,1
Shipping_Costs_[MEUR],00_00_13_01,D&G&Wp,average,20,590.0,0.45,0,0,13,1
Shipping_Costs_[MEUR],00_00_13_01,D&G&Wp,average,60,1410.0,0.65,0,0,13,1
Shipping_Costs_[MEUR],00_00_13_01,D&G&Wp,average,100,2200.0,0.66,0,0,13,1
Shipping_Costs_[MEUR],00_00_13_01,D&Wp,average,20,600.0,0.46,0,0,13,1
Shipping_Costs_[MEUR],00_00_13_01,D&Wp,average,60,1510.0,0.7,0,0,13,1
Shipping_Costs_[MEUR],00_00_13_01,D&Wp,average,100,2300.0,0.7,0,0,13,1
Shipping_Costs_[MEUR],00_00_13_01,G,average,20,550.0,0.42,0,0,13,1
Shipping_Costs_[MEUR],00_00_13_01,G,average,60,1200.0,0.56,0,0,13,1
Shipping_Costs_[MEUR],00_00_13_01,G,average,100,1990.0,0.6,0,0,13,1
Shipping_Costs_[MEUR],00_00_13_01,G&Wp,average,20,600.0,0.46,0,0,13,1
Shipping_Costs_[MEUR],00_00_13_01,G&Wp,average,60,1460.0,0.68,0,0,13,1
Shipping_Costs_[MEUR],00_00_13_01,G&Wp,average,100,2230.0,0.67,0,0,13,1
Shipping_Costs_[MEUR],00_00_13_01,Wp,average,20,650.0,0.5,0,0,13,1
Shipping_Costs_[MEUR],00_00_13_01,Wp,average,60,1710.0,0.79,0,0,13,1
Shipping_Costs_[MEUR],00_00_13_01,Wp,average,100,2460.0,0.75,0,0,13,1
Shipping_Costs_[MEUR],00_00_13_02,D,average,20,20.0,0.01,0,0,13,2
Shipping_Costs_[MEUR],00_00_13_02,D,average,60,210.0,0.1,0,0,13,2
Shipping_Costs_[MEUR],00_00_13_02,D,average,100,1240.0,0.37,0,0,13,2
Shipping_Costs_[MEUR],00_00_13_02,D&G,average,20,20.0,0.01,0,0,13,2
Shipping_Costs_[MEUR],00_00_13_02,D&G,average,60,210.0,0.1,0,0,13,2
Shipping_Costs_[MEUR],00_00_13_02,D&G,average,100,940.0,0.28,0,0,13,2
Shipping_Costs_[MEUR],00_00_13_02,D&G&Wp,average,20,20.0,0.01,0,0,13,2
Shipping_Costs_[MEUR],00_00_13_02,D&G&Wp,average,60,630.0,0.29,0,0,13,2
Shipping_Costs_[MEUR],00_00_13_02,D&G&Wp,average,100,1400.0,0.42,0,0,13,2
Shipping_Costs_[MEUR],00_00_13_02,D&Wp,average,20,20.0,0.01,0,0,13,2
Shipping_Costs_[MEUR],00_00_13_02,D&Wp,average,60,840.0,0.39,0,0,13,2
Shipping_Costs_[MEUR],00_00_13_02,D&Wp,average,100,1780.0,0.54,0,0,13,2
Shipping_Costs_[MEUR],00_00_13_02,G,average,20,20.0,0.01,0,0,13,2
Shipping_Costs_[MEUR],00_00_13_02,G,average,60,210.0,0.09,0,0,13,2
Shipping_Costs_[MEUR],00_00_13_02,G,average,100,640.0,0.19,0,0,13,2
Shipping_Costs_[MEUR],00_00_13_02,G&Wp,average,20,20.0,0.01,0,0,13,2
Shipping_Costs_[MEUR],00_00_13_02,G&Wp,average,60,840.0,0.39,0,0,13,2
Shipping_Costs_[MEUR],00_00_13_02,G&Wp,average,100,1480.0,0.45,0,0,13,2
Shipping_Costs_[MEUR],00_00_13_02,Wp,average,20,20.0,0.01,0,0,13,2
Shipping_Costs_[MEUR],00_00_13_02,Wp,average,60,1460.0,0.68,0,0,13,2
Shipping_Costs_[MEUR],00_00_13_02,Wp,average,100,2320.0,0.7,0,0,13,2
Shipping_Costs_[MEUR],00_00_13_04,D,average,20,50.0,0.03,0,0,13,4
Shipping_Costs_[MEUR],00_00_13_04,D,average,60,470.0,0.22,0,0,13,4
Shipping_Costs_[MEUR],00_00_13_04,D,average,100,1580.0,0.48,0,0,13,4
Shipping_Costs_[MEUR],00_00_13_04,D&G,average,20,50.0,0.03,0,0,13,4
Shipping_Costs_[MEUR],00_00_13_04,D&G,average,60,430.0,0.2,0,0,13,4
Shipping_Costs_[MEUR],00_00_13_04,D&G,average,100,1410.0,0.43,0,0,13,4
Shipping_Costs_[MEUR],00_00_13_04,D&G&Wp,average,20,50.0,0.03,0,0,13,4
Shipping_Costs_[MEUR],00_00_13_04,D&G&Wp,average,60,770.0,0.35,0,0,13,4
Shipping_Costs_[MEUR],00_00_13_04,D&G&Wp,average,100,1710.0,0.52,0,0,13,4
Shipping_Costs_[MEUR],00_00_13_04,D&Wp,average,20,50.0,0.03,0,0,13,4
Shipping_Costs_[MEUR],00_00_13_04,D&Wp,average,60,960.0,0.44,0,0,13,4
Shipping_Costs_[MEUR],00_00_13_04,D&Wp,average,100,1940.0,0.59,0,0,13,4
Shipping_Costs_[MEUR],00_00_13_04,G,average,20,50.0,0.03,0,0,13,4
Shipping_Costs_[MEUR],00_00_13_04,G,average,60,380.0,0.17,0,0,13,4
Shipping_Costs_[MEUR],00_00_13_04,G,average,100,1240.0,0.37,0,0,13,4
Shipping_Costs_[MEUR],00_00_13_04,G&Wp,average,20,50.0,0.03,0,0,13,4
Shipping_Costs_[MEUR],00_00_13_04,G&Wp,average,60,910.0,0.42,0,0,13,4
Shipping_Costs_[MEUR],00_00_13_04,G&Wp,average,100,1770.0,0.54,0,0,13,4
Shipping_Costs_[MEUR],00_00_13_04,Wp,average,20,50.0,0.03,0,0,13,4
Shipping_Costs_[MEUR],00_00_13_04,Wp,average,60,1450.0,0.67,0,0,13,4
Shipping_Costs_[MEUR],00_00_13_04,Wp,average,100,2300.0,0.7,0,0,13,4
Shipping_Costs_[MEUR],00_00_13_05,D,average,20,50.0,0.03,0,0,13,5
Shipping_Costs_[MEUR],00_00_13_05,D,average,60,1160.0,0.54,0,0,13,5
Shipping_Costs_[MEUR],00_00_13_05,D,average,100,2150.0,0.65,0,0,13,5
Shipping_Costs_[MEUR],00_00_13_05,D&G,average,20,50.0,0.03,0,0,13,5
Shipping_Costs_[MEUR],00_00_13_05,D&G,average,60,930.0,0.43,0,0,13,5
Shipping_Costs_[MEUR],00_00_13_05,D&G,average,100,2020.0,0.61,0,0,13,5
Shipping_Costs_[MEUR],00_00_13_05,D&G&Wp,average,20,50.0,0.03,0,0,13,5
Shipping_Costs_[MEUR],00_00_13_05,D&G&Wp,average,60,1180.0,0.54,0,0,13,5
Shipping_Costs_[MEUR],00_00_13_05,D&G&Wp,average,100,2180.0,0.66,0,0,13,5
Shipping_Costs_[MEUR],00_00_13_05,D&Wp,average,20,50.0,0.03,0,0,13,5
Shipping_Costs_[MEUR],00_00_13_05,D&Wp,average,60,1410.0,0.65,0,0,13,5
Shipping_Costs_[MEUR],00_00_13_05,D&Wp,average,100,2330.0,0.7,0,0,13,5
Shipping_Costs_[MEUR],00_00_13_05,G,average,20,50.0,0.03,0,0,13,5
Shipping_Costs_[MEUR],00_00_13_05,G,average,60,710.0,0.33,0,0,13,5
Shipping_Costs_[MEUR],00_00_13_05,G,average,100,1890.0,0.57,0,0,13,5
Shipping_Costs_[MEUR],00_00_13_05,G&Wp,average,20,50.0,0.03,0,0,13,5
Shipping_Costs_[MEUR],00_00_13_05,G&Wp,average,60,1180.0,0.55,0,0,13,5
Shipping_Costs_[MEUR],00_00_13_05,G&Wp,average,100,2200.0,0.66,0,0,13,5
Shipping_Costs_[MEUR],00_00_13_05,Wp,average,20,50.0,0.03,0,0,13,5
Shipping_Costs_[MEUR],00_00_13_05,Wp,average,60,1660.0,0.77,0,0,13,5
Shipping_Costs_[MEUR],00_00_13_05,Wp,average,100,2500.0,0.76,0,0,13,5
Shipping_Costs_[MEUR],00_00_13_07,D,average,20,1240.0,0.95,0,0,13,7
Shipping_Costs_[MEUR],00_00_13_07,D,average,60,1980.0,0.92,0,0,13,7
Shipping_Costs_[MEUR],00_00_13_07,D,average,100,2720.0,0.82,0,0,13,7
Shipping_Costs_[MEUR],00_00_13_07,D&G,average,20,1240.0,0.95,0,0,13,7
Shipping_Costs_[MEUR],00_00_13_07,D&G,average,60,1980.0,0.92,0,0,13,7
Shipping_Costs_[MEUR],00_00_13_07,D&G,average,100,2720.0,0.82,0,0,13,7
Shipping_Costs_[MEUR],00_00_13_07,D&G&Wp,average,20,1240.0,0.95,0,0,13,7
Shipping_Costs_[MEUR],00_00_13_07,D&G&Wp,average,60,1980.0,0.92,0,0,13,7
Shipping_Costs_[MEUR],00_00_13_07,D&G&Wp,average,100,2720.0,0.82,0,0,13,7
Shipping_Costs_[MEUR],00_00_13_07,D&Wp,average,20,1240.0,0.95,0,0,13,7
Shipping_Costs_[MEUR],00_00_13_07,D&Wp,average,60,1980.0,0.92,0,0,13,7
Shipping_Costs_[MEUR],00_00_13_07,D&Wp,average,100,2720.0,0.82,0,0,13,7
Shipping_Costs_[MEUR],00_00_13_07,G,average,20,1240.0,0.95,0,0,13,7
Shipping_Costs_[MEUR],00_00_13_07,G,average,60,1980.0,0.92,0,0,13,7
Shipping_Costs_[MEUR],00_00_13_07,G,average,100,2720.0,0.82,0,0,13,7
Shipping_Costs_[MEUR],00_00_13_07,G&Wp,average,20,1240.0,0.95,0,0,13,7
Shipping_Costs_[MEUR],00_00_13_07,G&Wp,average,60,1980.0,0.92,0,0,13,7
Shipping_Costs_[MEUR],00_00_13_07,G&Wp,average,100,2720.0,0.82,0,0,13,7
Shipping_Costs_[MEUR],00_00_13_07,Wp,average,20,1240.0,0.95,0,0,13,7
Shipping_Costs_[MEUR],00_00_13_07,Wp,average,60,1990.0,0.92,0,0,13,7
Shipping_Costs_[MEUR],00_00_13_07,Wp,average,100,2730.0,0.83,0,0,13,7
Shipping_Costs_[MEUR],00_00_13_08,D,average,20,1240.0,0.95,0,0,13,8
Shipping_Costs_[MEUR],00_00_13_08,D,average,60,1980.0,0.92,0,0,13,8
Shipping_Costs_[MEUR],00_00_13_08,D,average,100,2720.0,0.82,0,0,13,8
Shipping_Costs_[MEUR],00_00_13_08,D&G,average,20,1240.0,0.95,0,0,13,8
Shipping_Costs_[MEUR],00_00_13_08,D&G,average,60,1980.0,0.92,0,0,13,8
Shipping_Costs_[MEUR],00_00_13_08,D&G,average,100,2720.0,0.82,0,0,13,8
Shipping_Costs_[MEUR],00_00_13_08,D&G&Wp,average,20,1240.0,0.95,0,0,13,8
Shipping_Costs_[MEUR],00_00_13_08,D&G&Wp,average,60,1980.0,0.92,0,0,13,8
Shipping_Costs_[MEUR],00_00_13_08,D&G&Wp,average,100,2720.0,0.82,0,0,13,8
Shipping_Costs_[MEUR],00_00_13_08,D&Wp,average,20,1240.0,0.95,0,0,13,8
Shipping_Costs_[MEUR],00_00_13_08,D&Wp,average,60,1980.0,0.92,0,0,13,8
Shipping_Costs_[MEUR],00_00_13_08,D&Wp,average,100,2720.0,0.82,0,0,13,8
Shipping_Costs_[MEUR],00_00_13_08,G,average,20,1240.0,0.95,0,0,13,8
Shipping_Costs_[MEUR],00_00_13_08,G,average,60,1980.0,0.92,0,0,13,8
Shipping_Costs_[MEUR],00_00_13_08,G,average,100,2720.0,0.82,0,0,13,8
Shipping_Costs_[MEUR],00_00_13_08,G&Wp,average,20,1240.0,0.95,0,0,13,8
Shipping_Costs_[MEUR],00_00_13_08,G&Wp,average,60,1980.0,0.92,0,0,13,8
Shipping_Costs_[MEUR],00_00_13_08,G&Wp,average,100,2720.0,0.82,0,0,13,8
Shipping_Costs_[MEUR],00_00_13_08,Wp,average,20,1240.0,0.95,0,0,13,8
Shipping_Costs_[MEUR],00_00_13_08,Wp,average,60,1990.0,0.92,0,0,13,8
Shipping_Costs_[MEUR],00_00_13_08,Wp,average,100,2730.0,0.83,0,0,13,8
Shipping_Costs_[MEUR],00_00_13_09,D,average,20,1240.0,0.95,0,0,13,9
Shipping_Costs_[MEUR],00_00_13_09,D,average,60,1980.0,0.92,0,0,13,9
Shipping_Costs_[MEUR],00_00_13_09,D,average,100,2720.0,0.82,0,0,13,9
Shipping_Costs_[MEUR],00_00_13_09,D&G,average,20,1240.0,0.95,0,0,13,9
Shipping_Costs_[MEUR],00_00_13_09,D&G,average,60,1980.0,0.92,0,0,13,9
Shipping_Costs_[MEUR],00_00_13_09,D&G,average,100,2720.0,0.82,0,0,13,9
Shipping_Costs_[MEUR],00_00_13_09,D&G&Wp,average,20,1240.0,0.95,0,0,13,9
Shipping_Costs_[MEUR],00_00_13_09,D&G&Wp,average,60,1980.0,0.92,0,0,13,9
Shipping_Costs_[MEUR],00_00_13_09,D&G&Wp,average,100,2720.0,0.82,0,0,13,9
Shipping_Costs_[MEUR],00_00_13_09,D&Wp,average,20,1240.0,0.95,0,0,13,9
Shipping_Costs_[MEUR],00_00_13_09,D&Wp,average,60,1980.0,0.92,0,0,13,9
Shipping_Costs_[MEUR],00_00_13_09,D&Wp,average,100,2720.0,0.82,0,0,13,9
Shipping_Costs_[MEUR],00_00_13_09,G,average,20,1240.0,0.95,0,0,13,9
Shipping_Costs_[MEUR],00_00_13_09,G,average,60,1980.0,0.92,0,0,13,9
Shipping_Costs_[MEUR],00_00_13_09,G,average,100,2720.0,0.82,0,0,13,9
Shipping_Costs_[MEUR],00_00_13_09,G&Wp,average,20,1240.0,0.95,0,0,13,9
Shipping_Costs_[MEUR],00_00_13_09,G&Wp,average,60,1980.0,0.92,0,0,13,9
Shipping_Costs_[MEUR],00_00_13_09,G&Wp,average,100,2720.0,0.82,0,0,13,9
Shipping_Costs_[MEUR],00_00_13_09,Wp,average,20,1240.0,0.95,0,0,13,9
Shipping_Costs_[MEUR],00_00_13_09,Wp,average,60,1990.0,0.92,0,0,13,9
Shipping_Costs_[MEUR],00_00_13_09,Wp,average,100,2730.0,0.83,0,0,13,9
