objective_parameter,pw_combi,scenario_of_interest,robustness_metric,year,Value,normalized_values,flood_agr,drought_agr,flood_urb,drought_shp
Municipality_Costs_[MEUR],00_00_00_00,D,average,20,0.0,0.0,0,0,0,0
Municipality_Costs_[MEUR],00_00_00_00,D,average,60,0.0,0.0,0,0,0,0
Municipality_Costs_[MEUR],00_00_00_00,D,average,100,0.0,0.0,0,0,0,0
Municipality_Costs_[MEUR],00_00_00_00,D&G,average,20,0.0,0.0,0,0,0,0
Municipality_Costs_[MEUR],00_00_00_00,D&G,average,60,0.0,0.0,0,0,0,0
Municipality_Costs_[MEUR],00_00_00_00,D&G,average,100,0.0,0.0,0,0,0,0
Municipality_Costs_[MEUR],00_00_00_00,D&G&Wp,average,20,0.0,0.0,0,0,0,0
Municipality_Costs_[MEUR],00_00_00_00,D&G&Wp,average,60,0.0,0.0,0,0,0,0
Municipality_Costs_[MEUR],00_00_00_00,D&G&Wp,average,100,0.0,0.0,0,0,0,0
Municipality_Costs_[MEUR],00_00_00_00,D&Wp,average,20,0.0,0.0,0,0,0,0
Municipality_Costs_[MEUR],00_00_00_00,D&Wp,average,60,0.0,0.0,0,0,0,0
Municipality_Costs_[MEUR],00_00_00_00,D&Wp,average,100,0.0,0.0,0,0,0,0
Municipality_Costs_[MEUR],00_00_00_00,G,average,20,0.0,0.0,0,0,0,0
Municipality_Costs_[MEUR],00_00_00_00,G,average,60,0.0,0.0,0,0,0,0
Municipality_Costs_[MEUR],00_00_00_00,G,average,100,0.0,0.0,0,0,0,0
Municipality_Costs_[MEUR],00_00_00_00,G&Wp,average,20,0.0,0.0,0,0,0,0
Municipality_Costs_[MEUR],00_00_00_00,G&Wp,average,60,0.0,0.0,0,0,0,0
Municipality_Costs_[MEUR],00_00_00_00,G&Wp,average,100,0.0,0.0,0,0,0,0
Municipality_Costs_[MEUR],00_00_00_00,Wp,average,20,0.0,0.0,0,0,0,0
Municipality_Costs_[MEUR],00_00_00_00,Wp,average,60,0.0,0.0,0,0,0,0
Municipality_Costs_[MEUR],00_00_00_00,Wp,average,100,0.0,0.0,0,0,0,0
Municipality_Costs_[MEUR],00_00_01_00,D,average,20,30.0,0.07,0,0,1,0
Municipality_Costs_[MEUR],00_00_01_00,D,average,60,120.0,0.22,0,0,1,0
Municipality_Costs_[MEUR],00_00_01_00,D,average,100,240.0,0.33,0,0,1,0
Municipality_Costs_[MEUR],00_00_01_00,D&G,average,20,30.0,0.07,0,0,1,0
Municipality_Costs_[MEUR],00_00_01_00,D&G,average,60,130.0,0.23,0,0,1,0
Municipality_Costs_[MEUR],00_00_01_00,D&G,average,100,240.0,0.33,0,0,1,0
Municipality_Costs_[MEUR],00_00_01_00,D&G&Wp,average,20,30.0,0.07,0,0,1,0
Municipality_Costs_[MEUR],00_00_01_00,D&G&Wp,average,60,140.0,0.24,0,0,1,0
Municipality_Costs_[MEUR],00_00_01_00,D&G&Wp,average,100,240.0,0.33,0,0,1,0
Municipality_Costs_[MEUR],00_00_01_00,D&Wp,average,20,30.0,0.07,0,0,1,0
Municipality_Costs_[MEUR],00_00_01_00,D&Wp,average,60,140.0,0.25,0,0,1,0
Municipality_Costs_[MEUR],00_00_01_00,D&Wp,average,100,240.0,0.33,0,0,1,0
Municipality_Costs_[MEUR],00_00_01_00,G,average,20,30.0,0.07,0,0,1,0
Municipality_Costs_[MEUR],00_00_01_00,G,average,60,130.0,0.24,0,0,1,0
Municipality_Costs_[MEUR],00_00_01_00,G,average,100,240.0,0.33,0,0,1,0
Municipality_Costs_[MEUR],00_00_01_00,G&Wp,average,20,30.0,0.07,0,0,1,0
Municipality_Costs_[MEUR],00_00_01_00,G&Wp,average,60,150.0,0.26,0,0,1,0
Municipality_Costs_[MEUR],00_00_01_00,G&Wp,average,100,240.0,0.33,0,0,1,0
Municipality_Costs_[MEUR],00_00_01_00,Wp,average,20,30.0,0.07,0,0,1,0
Municipality_Costs_[MEUR],00_00_01_00,Wp,average,60,160.0,0.28,0,0,1,0
Municipality_Costs_[MEUR],00_00_01_00,Wp,average,100,240.0,0.33,0,0,1,0
Municipality_Costs_[MEUR],00_00_03_00,D,average,20,30.0,0.08,0,0,3,0
Municipality_Costs_[MEUR],00_00_03_00,D,average,60,120.0,0.21,0,0,3,0
Municipality_Costs_[MEUR],00_00_03_00,D,average,100,230.0,0.32,0,0,3,0
Municipality_Costs_[MEUR],00_00_03_00,D&G,average,20,30.0,0.08,0,0,3,0
Municipality_Costs_[MEUR],00_00_03_00,D&G,average,60,130.0,0.22,0,0,3,0
Municipality_Costs_[MEUR],00_00_03_00,D&G,average,100,230.0,0.32,0,0,3,0
Municipality_Costs_[MEUR],00_00_03_00,D&G&Wp,average,20,30.0,0.08,0,0,3,0
Municipality_Costs_[MEUR],00_00_03_00,D&G&Wp,average,60,140.0,0.24,0,0,3,0
Municipality_Costs_[MEUR],00_00_03_00,D&G&Wp,average,100,230.0,0.32,0,0,3,0
Municipality_Costs_[MEUR],00_00_03_00,D&Wp,average,20,30.0,0.08,0,0,3,0
Municipality_Costs_[MEUR],00_00_03_00,D&Wp,average,60,140.0,0.24,0,0,3,0
Municipality_Costs_[MEUR],00_00_03_00,D&Wp,average,100,230.0,0.32,0,0,3,0
Municipality_Costs_[MEUR],00_00_03_00,G,average,20,30.0,0.08,0,0,3,0
Municipality_Costs_[MEUR],00_00_03_00,G,average,60,130.0,0.23,0,0,3,0
Municipality_Costs_[MEUR],00_00_03_00,G,average,100,230.0,0.32,0,0,3,0
Municipality_Costs_[MEUR],00_00_03_00,G&Wp,average,20,30.0,0.08,0,0,3,0
Municipality_Costs_[MEUR],00_00_03_00,G&Wp,average,60,140.0,0.25,0,0,3,0
Municipality_Costs_[MEUR],00_00_03_00,G&Wp,average,100,230.0,0.32,0,0,3,0
Municipality_Costs_[MEUR],00_00_03_00,Wp,average,20,30.0,0.08,0,0,3,0
Municipality_Costs_[MEUR],00_00_03_00,Wp,average,60,150.0,0.27,0,0,3,0
Municipality_Costs_[MEUR],00_00_03_00,Wp,average,100,230.0,0.32,0,0,3,0
Municipality_Costs_[MEUR],00_00_05_00,D,average,20,60.0,0.17,0,0,5,0
Municipality_Costs_[MEUR],00_00_05_00,D,average,60,150.0,0.26,0,0,5,0
Municipality_Costs_[MEUR],00_00_05_00,D,average,100,160.0,0.21,0,0,5,0
Municipality_Costs_[MEUR],00_00_05_00,D&G,average,20,60.0,0.17,0,0,5,0
Municipality_Costs_[MEUR],00_00_05_00,D&G,average,60,150.0,0.26,0,0,5,0
Municipality_Costs_[MEUR],00_00_05_00,D&G,average,100,160.0,0.21,0,0,5,0
Municipality_Costs_[MEUR],00_00_05_00,D&G&Wp,average,20,60.0,0.17,0,0,5,0
Municipality_Costs_[MEUR],00_00_05_00,D&G&Wp,average,60,150.0,0.26,0,0,5,0
Municipality_Costs_[MEUR],00_00_05_00,D&G&Wp,average,100,160.0,0.21,0,0,5,0
Municipality_Costs_[MEUR],00_00_05_00,D&Wp,average,20,60.0,0.17,0,0,5,0
Municipality_Costs_[MEUR],00_00_05_00,D&Wp,average,60,150.0,0.26,0,0,5,0
Municipality_Costs_[MEUR],00_00_05_00,D&Wp,average,100,160.0,0.21,0,0,5,0
Municipality_Costs_[MEUR],00_00_05_00,G,average,20,60.0,0.17,0,0,5,0
Municipality_Costs_[MEUR],00_00_05_00,G,average,60,150.0,0.26,0,0,5,0
Municipality_Costs_[MEUR],00_00_05_00,G,average,100,160.0,0.21,0,0,5,0
Municipality_Costs_[MEUR],00_00_05_00,G&Wp,average,20,60.0,0.17,0,0,5,0
Municipality_Costs_[MEUR],00_00_05_00,G&Wp,average,60,150.0,0.26,0,0,5,0
Municipality_Costs_[MEUR],00_00_05_00,G&Wp,average,100,160.0,0.21,0,0,5,0
Municipality_Costs_[MEUR],00_00_05_00,Wp,average,20,60.0,0.17,0,0,5,0
Municipality_Costs_[MEUR],00_00_05_00,Wp,average,60,150.0,0.26,0,0,5,0
Municipality_Costs_[MEUR],00_00_05_00,Wp,average,100,160.0,0.21,0,0,5,0
Municipality_Costs_[MEUR],00_00_07_00,D,average,20,150.0,0.44,0,0,7,0
Municipality_Costs_[MEUR],00_00_07_00,D,average,60,360.0,0.65,0,0,7,0
Municipality_Costs_[MEUR],00_00_07_00,D,average,100,390.0,0.53,0,0,7,0
Municipality_Costs_[MEUR],00_00_07_00,D&G,average,20,150.0,0.44,0,0,7,0
Municipality_Costs_[MEUR],00_00_07_00,D&G,average,60,360.0,0.65,0,0,7,0
Municipality_Costs_[MEUR],00_00_07_00,D&G,average,100,390.0,0.53,0,0,7,0
Municipality_Costs_[MEUR],00_00_07_00,D&G&Wp,average,20,150.0,0.44,0,0,7,0
Municipality_Costs_[MEUR],00_00_07_00,D&G&Wp,average,60,360.0,0.65,0,0,7,0
Municipality_Costs_[MEUR],00_00_07_00,D&G&Wp,average,100,390.0,0.53,0,0,7,0
Municipality_Costs_[MEUR],00_00_07_00,D&Wp,average,20,150.0,0.44,0,0,7,0
Municipality_Costs_[MEUR],00_00_07_00,D&Wp,average,60,360.0,0.65,0,0,7,0
Municipality_Costs_[MEUR],00_00_07_00,D&Wp,average,100,390.0,0.53,0,0,7,0
Municipality_Costs_[MEUR],00_00_07_00,G,average,20,150.0,0.44,0,0,7,0
Municipality_Costs_[MEUR],00_00_07_00,G,average,60,360.0,0.65,0,0,7,0
Municipality_Costs_[MEUR],00_00_07_00,G,average,100,390.0,0.53,0,0,7,0
Municipality_Costs_[MEUR],00_00_07_00,G&Wp,average,20,150.0,0.44,0,0,7,0
Municipality_Costs_[MEUR],00_00_07_00,G&Wp,average,60,360.0,0.65,0,0,7,0
Municipality_Costs_[MEUR],00_00_07_00,G&Wp,average,100,390.0,0.53,0,0,7,0
Municipality_Costs_[MEUR],00_00_07_00,Wp,average,20,150.0,0.44,0,0,7,0
Municipality_Costs_[MEUR],00_00_07_00,Wp,average,60,360.0,0.65,0,0,7,0
Municipality_Costs_[MEUR],00_00_07_00,Wp,average,100,390.0,0.53,0,0,7,0
Municipality_Costs_[MEUR],00_00_09_00,D,average,20,80.0,0.22,0,0,9,0
Municipality_Costs_[MEUR],00_00_09_00,D,average,60,160.0,0.28,0,0,9,0
Municipality_Costs_[MEUR],00_00_09_00,D,average,100,160.0,0.21,0,0,9,0
Municipality_Costs_[MEUR],00_00_09_00,D&G,average,20,80.0,0.22,0,0,9,0
Municipality_Costs_[MEUR],00_00_09_00,D&G,average,60,160.0,0.28,0,0,9,0
Municipality_Costs_[MEUR],00_00_09_00,D&G,average,100,160.0,0.21,0,0,9,0
Municipality_Costs_[MEUR],00_00_09_00,D&G&Wp,average,20,80.0,0.22,0,0,9,0
Municipality_Costs_[MEUR],00_00_09_00,D&G&Wp,average,60,160.0,0.28,0,0,9,0
Municipality_Costs_[MEUR],00_00_09_00,D&G&Wp,average,100,160.0,0.22,0,0,9,0
Municipality_Costs_[MEUR],00_00_09_00,D&Wp,average,20,80.0,0.22,0,0,9,0
Municipality_Costs_[MEUR],00_00_09_00,D&Wp,average,60,160.0,0.28,0,0,9,0
Municipality_Costs_[MEUR],00_00_09_00,D&Wp,average,100,160.0,0.22,0,0,9,0
Municipality_Costs_[MEUR],00_00_09_00,G,average,20,80.0,0.22,0,0,9,0
Municipality_Costs_[MEUR],00_00_09_00,G,average,60,160.0,0.28,0,0,9,0
Municipality_Costs_[MEUR],00_00_09_00,G,average,100,160.0,0.21,0,0,9,0
Municipality_Costs_[MEUR],00_00_09_00,G&Wp,average,20,80.0,0.22,0,0,9,0
Municipality_Costs_[MEUR],00_00_09_00,G&Wp,average,60,160.0,0.28,0,0,9,0
Municipality_Costs_[MEUR],00_00_09_00,G&Wp,average,100,160.0,0.22,0,0,9,0
Municipality_Costs_[MEUR],00_00_09_00,Wp,average,20,80.0,0.22,0,0,9,0
Municipality_Costs_[MEUR],00_00_09_00,Wp,average,60,160.0,0.28,0,0,9,0
Municipality_Costs_[MEUR],00_00_09_00,Wp,average,100,170.0,0.23,0,0,9,0
Municipality_Costs_[MEUR],00_00_11_00,D,average,20,30.0,0.07,0,0,11,0
Municipality_Costs_[MEUR],00_00_11_00,D,average,60,200.0,0.35,0,0,11,0
Municipality_Costs_[MEUR],00_00_11_00,D,average,100,460.0,0.63,0,0,11,0
Municipality_Costs_[MEUR],00_00_11_00,D&G,average,20,30.0,0.07,0,0,11,0
Municipality_Costs_[MEUR],00_00_11_00,D&G,average,60,200.0,0.35,0,0,11,0
Municipality_Costs_[MEUR],00_00_11_00,D&G,average,100,460.0,0.63,0,0,11,0
Municipality_Costs_[MEUR],00_00_11_00,D&G&Wp,average,20,30.0,0.07,0,0,11,0
Municipality_Costs_[MEUR],00_00_11_00,D&G&Wp,average,60,200.0,0.36,0,0,11,0
Municipality_Costs_[MEUR],00_00_11_00,D&G&Wp,average,100,460.0,0.64,0,0,11,0
Municipality_Costs_[MEUR],00_00_11_00,D&Wp,average,20,30.0,0.07,0,0,11,0
Municipality_Costs_[MEUR],00_00_11_00,D&Wp,average,60,210.0,0.36,0,0,11,0
Municipality_Costs_[MEUR],00_00_11_00,D&Wp,average,100,470.0,0.64,0,0,11,0
Municipality_Costs_[MEUR],00_00_11_00,G,average,20,30.0,0.07,0,0,11,0
Municipality_Costs_[MEUR],00_00_11_00,G,average,60,200.0,0.36,0,0,11,0
Municipality_Costs_[MEUR],00_00_11_00,G,average,100,460.0,0.63,0,0,11,0
Municipality_Costs_[MEUR],00_00_11_00,G&Wp,average,20,30.0,0.07,0,0,11,0
Municipality_Costs_[MEUR],00_00_11_00,G&Wp,average,60,210.0,0.37,0,0,11,0
Municipality_Costs_[MEUR],00_00_11_00,G&Wp,average,100,470.0,0.64,0,0,11,0
Municipality_Costs_[MEUR],00_00_11_00,Wp,average,20,30.0,0.07,0,0,11,0
Municipality_Costs_[MEUR],00_00_11_00,Wp,average,60,210.0,0.38,0,0,11,0
Municipality_Costs_[MEUR],00_00_11_00,Wp,average,100,470.0,0.65,0,0,11,0
Municipality_Costs_[MEUR],00_00_13_00,D,average,20,30.0,0.09,0,0,13,0
Municipality_Costs_[MEUR],00_00_13_00,D,average,60,230.0,0.41,0,0,13,0
Municipality_Costs_[MEUR],00_00_13_00,D,average,100,590.0,0.82,0,0,13,0
Municipality_Costs_[MEUR],00_00_13_00,D&G,average,20,30.0,0.09,0,0,13,0
Municipality_Costs_[MEUR],00_00_13_00,D&G,average,60,250.0,0.44,0,0,13,0
Municipality_Costs_[MEUR],00_00_13_00,D&G,average,100,610.0,0.84,0,0,13,0
Municipality_Costs_[MEUR],00_00_13_00,D&G&Wp,average,20,30.0,0.09,0,0,13,0
Municipality_Costs_[MEUR],00_00_13_00,D&G&Wp,average,60,270.0,0.49,0,0,13,0
Municipality_Costs_[MEUR],00_00_13_00,D&G&Wp,average,100,620.0,0.86,0,0,13,0
Municipality_Costs_[MEUR],00_00_13_00,D&Wp,average,20,30.0,0.09,0,0,13,0
Municipality_Costs_[MEUR],00_00_13_00,D&Wp,average,60,280.0,0.49,0,0,13,0
Municipality_Costs_[MEUR],00_00_13_00,D&Wp,average,100,620.0,0.86,0,0,13,0
Municipality_Costs_[MEUR],00_00_13_00,G,average,20,30.0,0.09,0,0,13,0
Municipality_Costs_[MEUR],00_00_13_00,G,average,60,270.0,0.48,0,0,13,0
Municipality_Costs_[MEUR],00_00_13_00,G,average,100,630.0,0.86,0,0,13,0
Municipality_Costs_[MEUR],00_00_13_00,G&Wp,average,20,30.0,0.09,0,0,13,0
Municipality_Costs_[MEUR],00_00_13_00,G&Wp,average,60,290.0,0.53,0,0,13,0
Municipality_Costs_[MEUR],00_00_13_00,G&Wp,average,100,640.0,0.88,0,0,13,0
Municipality_Costs_[MEUR],00_00_13_00,Wp,average,20,30.0,0.09,0,0,13,0
Municipality_Costs_[MEUR],00_00_13_00,Wp,average,60,320.0,0.58,0,0,13,0
Municipality_Costs_[MEUR],00_00_13_00,Wp,average,100,650.0,0.9,0,0,13,0
Municipality_Costs_[MEUR],00_01_00_00,D,average,20,0.0,0.0,0,1,0,0
Municipality_Costs_[MEUR],00_01_00_00,D,average,60,0.0,0.0,0,1,0,0
Municipality_Costs_[MEUR],00_01_00_00,D,average,100,0.0,0.0,0,1,0,0
Municipality_Costs_[MEUR],00_01_00_00,D&G,average,20,0.0,0.0,0,1,0,0
Municipality_Costs_[MEUR],00_01_00_00,D&G,average,60,0.0,0.0,0,1,0,0
Municipality_Costs_[MEUR],00_01_00_00,D&G,average,100,0.0,0.0,0,1,0,0
Municipality_Costs_[MEUR],00_01_00_00,D&G&Wp,average,20,0.0,0.0,0,1,0,0
Municipality_Costs_[MEUR],00_01_00_00,D&G&Wp,average,60,0.0,0.0,0,1,0,0
Municipality_Costs_[MEUR],00_01_00_00,D&G&Wp,average,100,0.0,0.0,0,1,0,0
Municipality_Costs_[MEUR],00_01_00_00,D&Wp,average,20,0.0,0.0,0,1,0,0
Municipality_Costs_[MEUR],00_01_00_00,D&Wp,average,60,0.0,0.0,0,1,0,0
Municipality_Costs_[MEUR],00_01_00_00,D&Wp,average,100,0.0,0.0,0,1,0,0
Municipality_Costs_[MEUR],00_01_00_00,G,average,20,0.0,0.0,0,1,0,0
Municipality_Costs_[MEUR],00_01_00_00,G,average,60,0.0,0.0,0,1,0,0
Municipality_Costs_[MEUR],00_01_00_00,G,average,100,0.0,0.0,0,1,0,0
Municipality_Costs_[MEUR],00_01_00_00,G&Wp,average,20,0.0,0.0,0,1,0,0
Municipality_Costs_[MEUR],00_01_00_00,G&Wp,average,60,0.0,0.0,0,1,0,0
Municipality_Costs_[MEUR],00_01_00_00,G&Wp,average,100,0.0,0.0,0,1,0,0
Municipality_Costs_[MEUR],00_01_00_00,Wp,average,20,0.0,0.0,0,1,0,0
Municipality_Costs_[MEUR],00_01_00_00,Wp,average,60,0.0,0.0,0,1,0,0
Municipality_Costs_[MEUR],00_01_00_00,Wp,average,100,0.0,0.0,0,1,0,0
Municipality_Costs_[MEUR],00_01_01_00,D,average,20,30.0,0.07,0,1,1,0
Municipality_Costs_[MEUR],00_01_01_00,D,average,60,120.0,0.22,0,1,1,0
Municipality_Costs_[MEUR],00_01_01_00,D,average,100,240.0,0.33,0,1,1,0
Municipality_Costs_[MEUR],00_01_01_00,D&G,average,20,30.0,0.07,0,1,1,0
Municipality_Costs_[MEUR],00_01_01_00,D&G,average,60,130.0,0.23,0,1,1,0
Municipality_Costs_[MEUR],00_01_01_00,D&G,average,100,240.0,0.33,0,1,1,0
Municipality_Costs_[MEUR],00_01_01_00,D&G&Wp,average,20,30.0,0.07,0,1,1,0
Municipality_Costs_[MEUR],00_01_01_00,D&G&Wp,average,60,140.0,0.24,0,1,1,0
Municipality_Costs_[MEUR],00_01_01_00,D&G&Wp,average,100,240.0,0.33,0,1,1,0
Municipality_Costs_[MEUR],00_01_01_00,D&Wp,average,20,30.0,0.07,0,1,1,0
Municipality_Costs_[MEUR],00_01_01_00,D&Wp,average,60,140.0,0.25,0,1,1,0
Municipality_Costs_[MEUR],00_01_01_00,D&Wp,average,100,240.0,0.33,0,1,1,0
Municipality_Costs_[MEUR],00_01_01_00,G,average,20,30.0,0.07,0,1,1,0
Municipality_Costs_[MEUR],00_01_01_00,G,average,60,130.0,0.24,0,1,1,0
Municipality_Costs_[MEUR],00_01_01_00,G,average,100,240.0,0.33,0,1,1,0
Municipality_Costs_[MEUR],00_01_01_00,G&Wp,average,20,30.0,0.07,0,1,1,0
Municipality_Costs_[MEUR],00_01_01_00,G&Wp,average,60,150.0,0.26,0,1,1,0
Municipality_Costs_[MEUR],00_01_01_00,G&Wp,average,100,240.0,0.33,0,1,1,0
Municipality_Costs_[MEUR],00_01_01_00,Wp,average,20,30.0,0.07,0,1,1,0
Municipality_Costs_[MEUR],00_01_01_00,Wp,average,60,160.0,0.28,0,1,1,0
Municipality_Costs_[MEUR],00_01_01_00,Wp,average,100,240.0,0.33,0,1,1,0
Municipality_Costs_[MEUR],00_01_03_00,D,average,20,30.0,0.08,0,1,3,0
Municipality_Costs_[MEUR],00_01_03_00,D,average,60,120.0,0.21,0,1,3,0
Municipality_Costs_[MEUR],00_01_03_00,D,average,100,230.0,0.32,0,1,3,0
Municipality_Costs_[MEUR],00_01_03_00,D&G,average,20,30.0,0.08,0,1,3,0
Municipality_Costs_[MEUR],00_01_03_00,D&G,average,60,130.0,0.22,0,1,3,0
Municipality_Costs_[MEUR],00_01_03_00,D&G,average,100,230.0,0.32,0,1,3,0
Municipality_Costs_[MEUR],00_01_03_00,D&G&Wp,average,20,30.0,0.08,0,1,3,0
Municipality_Costs_[MEUR],00_01_03_00,D&G&Wp,average,60,140.0,0.24,0,1,3,0
Municipality_Costs_[MEUR],00_01_03_00,D&G&Wp,average,100,230.0,0.32,0,1,3,0
Municipality_Costs_[MEUR],00_01_03_00,D&Wp,average,20,30.0,0.08,0,1,3,0
Municipality_Costs_[MEUR],00_01_03_00,D&Wp,average,60,140.0,0.24,0,1,3,0
Municipality_Costs_[MEUR],00_01_03_00,D&Wp,average,100,230.0,0.32,0,1,3,0
Municipality_Costs_[MEUR],00_01_03_00,G,average,20,30.0,0.08,0,1,3,0
Municipality_Costs_[MEUR],00_01_03_00,G,average,60,130.0,0.23,0,1,3,0
Municipality_Costs_[MEUR],00_01_03_00,G,average,100,230.0,0.32,0,1,3,0
Municipality_Costs_[MEUR],00_01_03_00,G&Wp,average,20,30.0,0.08,0,1,3,0
Municipality_Costs_[MEUR],00_01_03_00,G&Wp,average,60,140.0,0.25,0,1,3,0
Municipality_Costs_[MEUR],00_01_03_00,G&Wp,average,100,230.0,0.32,0,1,3,0
Municipality_Costs_[MEUR],00_01_03_00,Wp,average,20,30.0,0.08,0,1,3,0
Municipality_Costs_[MEUR],00_01_03_00,Wp,average,60,150.0,0.27,0,1,3,0
Municipality_Costs_[MEUR],00_01_03_00,Wp,average,100,230.0,0.32,0,1,3,0
Municipality_Costs_[MEUR],00_01_05_00,D,average,20,60.0,0.17,0,1,5,0
Municipality_Costs_[MEUR],00_01_05_00,D,average,60,150.0,0.26,0,1,5,0
Municipality_Costs_[MEUR],00_01_05_00,D,average,100,160.0,0.21,0,1,5,0
Municipality_Costs_[MEUR],00_01_05_00,D&G,average,20,60.0,0.17,0,1,5,0
Municipality_Costs_[MEUR],00_01_05_00,D&G,average,60,150.0,0.26,0,1,5,0
Municipality_Costs_[MEUR],00_01_05_00,D&G,average,100,160.0,0.21,0,1,5,0
Municipality_Costs_[MEUR],00_01_05_00,D&G&Wp,average,20,60.0,0.17,0,1,5,0
Municipality_Costs_[MEUR],00_01_05_00,D&G&Wp,average,60,150.0,0.26,0,1,5,0
Municipality_Costs_[MEUR],00_01_05_00,D&G&Wp,average,100,160.0,0.21,0,1,5,0
Municipality_Costs_[MEUR],00_01_05_00,D&Wp,average,20,60.0,0.17,0,1,5,0
Municipality_Costs_[MEUR],00_01_05_00,D&Wp,average,60,150.0,0.26,0,1,5,0
Municipality_Costs_[MEUR],00_01_05_00,D&Wp,average,100,160.0,0.21,0,1,5,0
Municipality_Costs_[MEUR],00_01_05_00,G,average,20,60.0,0.17,0,1,5,0
Municipality_Costs_[MEUR],00_01_05_00,G,average,60,150.0,0.26,0,1,5,0
Municipality_Costs_[MEUR],00_01_05_00,G,average,100,160.0,0.21,0,1,5,0
Municipality_Costs_[MEUR],00_01_05_00,G&Wp,average,20,60.0,0.17,0,1,5,0
Municipality_Costs_[MEUR],00_01_05_00,G&Wp,average,60,150.0,0.26,0,1,5,0
Municipality_Costs_[MEUR],00_01_05_00,G&Wp,average,100,160.0,0.21,0,1,5,0
Municipality_Costs_[MEUR],00_01_05_00,Wp,average,20,60.0,0.17,0,1,5,0
Municipality_Costs_[MEUR],00_01_05_00,Wp,average,60,150.0,0.26,0,1,5,0
Municipality_Costs_[MEUR],00_01_05_00,Wp,average,100,160.0,0.21,0,1,5,0
Municipality_Costs_[MEUR],00_01_07_00,D,average,20,150.0,0.44,0,1,7,0
Municipality_Costs_[MEUR],00_01_07_00,D,average,60,360.0,0.65,0,1,7,0
Municipality_Costs_[MEUR],00_01_07_00,D,average,100,390.0,0.53,0,1,7,0
Municipality_Costs_[MEUR],00_01_07_00,D&G,average,20,150.0,0.44,0,1,7,0
Municipality_Costs_[MEUR],00_01_07_00,D&G,average,60,360.0,0.65,0,1,7,0
Municipality_Costs_[MEUR],00_01_07_00,D&G,average,100,390.0,0.53,0,1,7,0
Municipality_Costs_[MEUR],00_01_07_00,D&G&Wp,average,20,150.0,0.44,0,1,7,0
Municipality_Costs_[MEUR],00_01_07_00,D&G&Wp,average,60,360.0,0.65,0,1,7,0
Municipality_Costs_[MEUR],00_01_07_00,D&G&Wp,average,100,390.0,0.53,0,1,7,0
Municipality_Costs_[MEUR],00_01_07_00,D&Wp,average,20,150.0,0.44,0,1,7,0
Municipality_Costs_[MEUR],00_01_07_00,D&Wp,average,60,360.0,0.65,0,1,7,0
Municipality_Costs_[MEUR],00_01_07_00,D&Wp,average,100,390.0,0.53,0,1,7,0
Municipality_Costs_[MEUR],00_01_07_00,G,average,20,150.0,0.44,0,1,7,0
Municipality_Costs_[MEUR],00_01_07_00,G,average,60,360.0,0.65,0,1,7,0
Municipality_Costs_[MEUR],00_01_07_00,G,average,100,390.0,0.53,0,1,7,0
Municipality_Costs_[MEUR],00_01_07_00,G&Wp,average,20,150.0,0.44,0,1,7,0
Municipality_Costs_[MEUR],00_01_07_00,G&Wp,average,60,360.0,0.65,0,1,7,0
Municipality_Costs_[MEUR],00_01_07_00,G&Wp,average,100,390.0,0.53,0,1,7,0
Municipality_Costs_[MEUR],00_01_07_00,Wp,average,20,150.0,0.44,0,1,7,0
Municipality_Costs_[MEUR],00_01_07_00,Wp,average,60,360.0,0.65,0,1,7,0
Municipality_Costs_[MEUR],00_01_07_00,Wp,average,100,390.0,0.53,0,1,7,0
Municipality_Costs_[MEUR],00_01_09_00,D,average,20,80.0,0.22,0,1,9,0
Municipality_Costs_[MEUR],00_01_09_00,D,average,60,160.0,0.28,0,1,9,0
Municipality_Costs_[MEUR],00_01_09_00,D,average,100,160.0,0.21,0,1,9,0
Municipality_Costs_[MEUR],00_01_09_00,D&G,average,20,80.0,0.22,0,1,9,0
Municipality_Costs_[MEUR],00_01_09_00,D&G,average,60,160.0,0.28,0,1,9,0
Municipality_Costs_[MEUR],00_01_09_00,D&G,average,100,160.0,0.21,0,1,9,0
Municipality_Costs_[MEUR],00_01_09_00,D&G&Wp,average,20,80.0,0.22,0,1,9,0
Municipality_Costs_[MEUR],00_01_09_00,D&G&Wp,average,60,160.0,0.28,0,1,9,0
Municipality_Costs_[MEUR],00_01_09_00,D&G&Wp,average,100,160.0,0.22,0,1,9,0
Municipality_Costs_[MEUR],00_01_09_00,D&Wp,average,20,80.0,0.22,0,1,9,0
Municipality_Costs_[MEUR],00_01_09_00,D&Wp,average,60,160.0,0.28,0,1,9,0
Municipality_Costs_[MEUR],00_01_09_00,D&Wp,average,100,160.0,0.22,0,1,9,0
Municipality_Costs_[MEUR],00_01_09_00,G,average,20,80.0,0.22,0,1,9,0
Municipality_Costs_[MEUR],00_01_09_00,G,average,60,160.0,0.28,0,1,9,0
Municipality_Costs_[MEUR],00_01_09_00,G,average,100,160.0,0.21,0,1,9,0
Municipality_Costs_[MEUR],00_01_09_00,G&Wp,average,20,80.0,0.22,0,1,9,0
Municipality_Costs_[MEUR],00_01_09_00,G&Wp,average,60,160.0,0.28,0,1,9,0
Municipality_Costs_[MEUR],00_01_09_00,G&Wp,average,100,160.0,0.22,0,1,9,0
Municipality_Costs_[MEUR],00_01_09_00,Wp,average,20,80.0,0.22,0,1,9,0
Municipality_Costs_[MEUR],00_01_09_00,Wp,average,60,160.0,0.28,0,1,9,0
Municipality_Costs_[MEUR],00_01_09_00,Wp,average,100,170.0,0.23,0,1,9,0
Municipality_Costs_[MEUR],00_01_11_00,D,average,20,30.0,0.07,0,1,11,0
Municipality_Costs_[MEUR],00_01_11_00,D,average,60,200.0,0.35,0,1,11,0
Municipality_Costs_[MEUR],00_01_11_00,D,average,100,460.0,0.63,0,1,11,0
Municipality_Costs_[MEUR],00_01_11_00,D&G,average,20,30.0,0.07,0,1,11,0
Municipality_Costs_[MEUR],00_01_11_00,D&G,average,60,200.0,0.35,0,1,11,0
Municipality_Costs_[MEUR],00_01_11_00,D&G,average,100,460.0,0.63,0,1,11,0
Municipality_Costs_[MEUR],00_01_11_00,D&G&Wp,average,20,30.0,0.07,0,1,11,0
Municipality_Costs_[MEUR],00_01_11_00,D&G&Wp,average,60,200.0,0.36,0,1,11,0
Municipality_Costs_[MEUR],00_01_11_00,D&G&Wp,average,100,460.0,0.64,0,1,11,0
Municipality_Costs_[MEUR],00_01_11_00,D&Wp,average,20,30.0,0.07,0,1,11,0
Municipality_Costs_[MEUR],00_01_11_00,D&Wp,average,60,210.0,0.36,0,1,11,0
Municipality_Costs_[MEUR],00_01_11_00,D&Wp,average,100,470.0,0.64,0,1,11,0
Municipality_Costs_[MEUR],00_01_11_00,G,average,20,30.0,0.07,0,1,11,0
Municipality_Costs_[MEUR],00_01_11_00,G,average,60,200.0,0.36,0,1,11,0
Municipality_Costs_[MEUR],00_01_11_00,G,average,100,460.0,0.63,0,1,11,0
Municipality_Costs_[MEUR],00_01_11_00,G&Wp,average,20,30.0,0.07,0,1,11,0
Municipality_Costs_[MEUR],00_01_11_00,G&Wp,average,60,210.0,0.37,0,1,11,0
Municipality_Costs_[MEUR],00_01_11_00,G&Wp,average,100,470.0,0.64,0,1,11,0
Municipality_Costs_[MEUR],00_01_11_00,Wp,average,20,30.0,0.07,0,1,11,0
Municipality_Costs_[MEUR],00_01_11_00,Wp,average,60,210.0,0.38,0,1,11,0
Municipality_Costs_[MEUR],00_01_11_00,Wp,average,100,470.0,0.65,0,1,11,0
Municipality_Costs_[MEUR],00_01_13_00,D,average,20,30.0,0.09,0,1,13,0
Municipality_Costs_[MEUR],00_01_13_00,D,average,60,230.0,0.41,0,1,13,0
Municipality_Costs_[MEUR],00_01_13_00,D,average,100,590.0,0.82,0,1,13,0
Municipality_Costs_[MEUR],00_01_13_00,D&G,average,20,30.0,0.09,0,1,13,0
Municipality_Costs_[MEUR],00_01_13_00,D&G,average,60,250.0,0.44,0,1,13,0
Municipality_Costs_[MEUR],00_01_13_00,D&G,average,100,610.0,0.84,0,1,13,0
Municipality_Costs_[MEUR],00_01_13_00,D&G&Wp,average,20,30.0,0.09,0,1,13,0
Municipality_Costs_[MEUR],00_01_13_00,D&G&Wp,average,60,270.0,0.49,0,1,13,0
Municipality_Costs_[MEUR],00_01_13_00,D&G&Wp,average,100,620.0,0.86,0,1,13,0
Municipality_Costs_[MEUR],00_01_13_00,D&Wp,average,20,30.0,0.09,0,1,13,0
Municipality_Costs_[MEUR],00_01_13_00,D&Wp,average,60,280.0,0.49,0,1,13,0
Municipality_Costs_[MEUR],00_01_13_00,D&Wp,average,100,620.0,0.86,0,1,13,0
Municipality_Costs_[MEUR],00_01_13_00,G,average,20,30.0,0.09,0,1,13,0
Municipality_Costs_[MEUR],00_01_13_00,G,average,60,270.0,0.48,0,1,13,0
Municipality_Costs_[MEUR],00_01_13_00,G,average,100,630.0,0.86,0,1,13,0
Municipality_Costs_[MEUR],00_01_13_00,G&Wp,average,20,30.0,0.09,0,1,13,0
Municipality_Costs_[MEUR],00_01_13_00,G&Wp,average,60,290.0,0.53,0,1,13,0
Municipality_Costs_[MEUR],00_01_13_00,G&Wp,average,100,640.0,0.88,0,1,13,0
Municipality_Costs_[MEUR],00_01_13_00,Wp,average,20,30.0,0.09,0,1,13,0
Municipality_Costs_[MEUR],00_01_13_00,Wp,average,60,320.0,0.58,0,1,13,0
Municipality_Costs_[MEUR],00_01_13_00,Wp,average,100,650.0,0.9,0,1,13,0
Municipality_Costs_[MEUR],00_03_00_00,D,average,20,0.0,0.0,0,3,0,0
Municipality_Costs_[MEUR],00_03_00_00,D,average,60,0.0,0.0,0,3,0,0
Municipality_Costs_[MEUR],00_03_00_00,D,average,100,0.0,0.0,0,3,0,0
Municipality_Costs_[MEUR],00_03_00_00,D&G,average,20,0.0,0.0,0,3,0,0
Municipality_Costs_[MEUR],00_03_00_00,D&G,average,60,0.0,0.0,0,3,0,0
Municipality_Costs_[MEUR],00_03_00_00,D&G,average,100,0.0,0.0,0,3,0,0
Municipality_Costs_[MEUR],00_03_00_00,D&G&Wp,average,20,0.0,0.0,0,3,0,0
Municipality_Costs_[MEUR],00_03_00_00,D&G&Wp,average,60,0.0,0.0,0,3,0,0
Municipality_Costs_[MEUR],00_03_00_00,D&G&Wp,average,100,0.0,0.0,0,3,0,0
Municipality_Costs_[MEUR],00_03_00_00,D&Wp,average,20,0.0,0.0,0,3,0,0
Municipality_Costs_[MEUR],00_03_00_00,D&Wp,average,60,0.0,0.0,0,3,0,0
Municipality_Costs_[MEUR],00_03_00_00,D&Wp,average,100,0.0,0.0,0,3,0,0
Municipality_Costs_[MEUR],00_03_00_00,G,average,20,0.0,0.0,0,3,0,0
Municipality_Costs_[MEUR],00_03_00_00,G,average,60,0.0,0.0,0,3,0,0
Municipality_Costs_[MEUR],00_03_00_00,G,average,100,0.0,0.0,0,3,0,0
Municipality_Costs_[MEUR],00_03_00_00,G&Wp,average,20,0.0,0.0,0,3,0,0
Municipality_Costs_[MEUR],00_03_00_00,G&Wp,average,60,0.0,0.0,0,3,0,0
Municipality_Costs_[MEUR],00_03_00_00,G&Wp,average,100,0.0,0.0,0,3,0,0
Municipality_Costs_[MEUR],00_03_00_00,Wp,average,20,0.0,0.0,0,3,0,0
Municipality_Costs_[MEUR],00_03_00_00,Wp,average,60,0.0,0.0,0,3,0,0
Municipality_Costs_[MEUR],00_03_00_00,Wp,average,100,0.0,0.0,0,3,0,0
Municipality_Costs_[MEUR],00_03_01_00,D,average,20,30.0,0.07,0,3,1,0
Municipality_Costs_[MEUR],00_03_01_00,D,average,60,120.0,0.22,0,3,1,0
Municipality_Costs_[MEUR],00_03_01_00,D,average,100,240.0,0.33,0,3,1,0
Municipality_Costs_[MEUR],00_03_01_00,D&G,average,20,30.0,0.07,0,3,1,0
Municipality_Costs_[MEUR],00_03_01_00,D&G,average,60,130.0,0.23,0,3,1,0
Municipality_Costs_[MEUR],00_03_01_00,D&G,average,100,240.0,0.33,0,3,1,0
Municipality_Costs_[MEUR],00_03_01_00,D&G&Wp,average,20,30.0,0.07,0,3,1,0
Municipality_Costs_[MEUR],00_03_01_00,D&G&Wp,average,60,140.0,0.24,0,3,1,0
Municipality_Costs_[MEUR],00_03_01_00,D&G&Wp,average,100,240.0,0.33,0,3,1,0
Municipality_Costs_[MEUR],00_03_01_00,D&Wp,average,20,30.0,0.07,0,3,1,0
Municipality_Costs_[MEUR],00_03_01_00,D&Wp,average,60,140.0,0.25,0,3,1,0
Municipality_Costs_[MEUR],00_03_01_00,D&Wp,average,100,240.0,0.33,0,3,1,0
Municipality_Costs_[MEUR],00_03_01_00,G,average,20,30.0,0.07,0,3,1,0
Municipality_Costs_[MEUR],00_03_01_00,G,average,60,130.0,0.24,0,3,1,0
Municipality_Costs_[MEUR],00_03_01_00,G,average,100,240.0,0.33,0,3,1,0
Municipality_Costs_[MEUR],00_03_01_00,G&Wp,average,20,30.0,0.07,0,3,1,0
Municipality_Costs_[MEUR],00_03_01_00,G&Wp,average,60,150.0,0.26,0,3,1,0
Municipality_Costs_[MEUR],00_03_01_00,G&Wp,average,100,240.0,0.33,0,3,1,0
Municipality_Costs_[MEUR],00_03_01_00,Wp,average,20,30.0,0.07,0,3,1,0
Municipality_Costs_[MEUR],00_03_01_00,Wp,average,60,160.0,0.28,0,3,1,0
Municipality_Costs_[MEUR],00_03_01_00,Wp,average,100,240.0,0.33,0,3,1,0
Municipality_Costs_[MEUR],00_03_03_00,D,average,20,30.0,0.08,0,3,3,0
Municipality_Costs_[MEUR],00_03_03_00,D,average,60,120.0,0.21,0,3,3,0
Municipality_Costs_[MEUR],00_03_03_00,D,average,100,230.0,0.32,0,3,3,0
Municipality_Costs_[MEUR],00_03_03_00,D&G,average,20,30.0,0.08,0,3,3,0
Municipality_Costs_[MEUR],00_03_03_00,D&G,average,60,130.0,0.22,0,3,3,0
Municipality_Costs_[MEUR],00_03_03_00,D&G,average,100,230.0,0.32,0,3,3,0
Municipality_Costs_[MEUR],00_03_03_00,D&G&Wp,average,20,30.0,0.08,0,3,3,0
Municipality_Costs_[MEUR],00_03_03_00,D&G&Wp,average,60,140.0,0.24,0,3,3,0
Municipality_Costs_[MEUR],00_03_03_00,D&G&Wp,average,100,230.0,0.32,0,3,3,0
Municipality_Costs_[MEUR],00_03_03_00,D&Wp,average,20,30.0,0.08,0,3,3,0
Municipality_Costs_[MEUR],00_03_03_00,D&Wp,average,60,140.0,0.24,0,3,3,0
Municipality_Costs_[MEUR],00_03_03_00,D&Wp,average,100,230.0,0.32,0,3,3,0
Municipality_Costs_[MEUR],00_03_03_00,G,average,20,30.0,0.08,0,3,3,0
Municipality_Costs_[MEUR],00_03_03_00,G,average,60,130.0,0.23,0,3,3,0
Municipality_Costs_[MEUR],00_03_03_00,G,average,100,230.0,0.32,0,3,3,0
Municipality_Costs_[MEUR],00_03_03_00,G&Wp,average,20,30.0,0.08,0,3,3,0
Municipality_Costs_[MEUR],00_03_03_00,G&Wp,average,60,140.0,0.25,0,3,3,0
Municipality_Costs_[MEUR],00_03_03_00,G&Wp,average,100,230.0,0.32,0,3,3,0
Municipality_Costs_[MEUR],00_03_03_00,Wp,average,20,30.0,0.08,0,3,3,0
Municipality_Costs_[MEUR],00_03_03_00,Wp,average,60,150.0,0.27,0,3,3,0
Municipality_Costs_[MEUR],00_03_03_00,Wp,average,100,230.0,0.32,0,3,3,0
Municipality_Costs_[MEUR],00_03_05_00,D,average,20,60.0,0.17,0,3,5,0
Municipality_Costs_[MEUR],00_03_05_00,D,average,60,150.0,0.26,0,3,5,0
Municipality_Costs_[MEUR],00_03_05_00,D,average,100,160.0,0.21,0,3,5,0
Municipality_Costs_[MEUR],00_03_05_00,D&G,average,20,60.0,0.17,0,3,5,0
Municipality_Costs_[MEUR],00_03_05_00,D&G,average,60,150.0,0.26,0,3,5,0
Municipality_Costs_[MEUR],00_03_05_00,D&G,average,100,160.0,0.21,0,3,5,0
Municipality_Costs_[MEUR],00_03_05_00,D&G&Wp,average,20,60.0,0.17,0,3,5,0
Municipality_Costs_[MEUR],00_03_05_00,D&G&Wp,average,60,150.0,0.26,0,3,5,0
Municipality_Costs_[MEUR],00_03_05_00,D&G&Wp,average,100,160.0,0.21,0,3,5,0
Municipality_Costs_[MEUR],00_03_05_00,D&Wp,average,20,60.0,0.17,0,3,5,0
Municipality_Costs_[MEUR],00_03_05_00,D&Wp,average,60,150.0,0.26,0,3,5,0
Municipality_Costs_[MEUR],00_03_05_00,D&Wp,average,100,160.0,0.21,0,3,5,0
Municipality_Costs_[MEUR],00_03_05_00,G,average,20,60.0,0.17,0,3,5,0
Municipality_Costs_[MEUR],00_03_05_00,G,average,60,150.0,0.26,0,3,5,0
Municipality_Costs_[MEUR],00_03_05_00,G,average,100,160.0,0.21,0,3,5,0
Municipality_Costs_[MEUR],00_03_05_00,G&Wp,average,20,60.0,0.17,0,3,5,0
Municipality_Costs_[MEUR],00_03_05_00,G&Wp,average,60,150.0,0.26,0,3,5,0
Municipality_Costs_[MEUR],00_03_05_00,G&Wp,average,100,160.0,0.21,0,3,5,0
Municipality_Costs_[MEUR],00_03_05_00,Wp,average,20,60.0,0.17,0,3,5,0
Municipality_Costs_[MEUR],00_03_05_00,Wp,average,60,150.0,0.26,0,3,5,0
Municipality_Costs_[MEUR],00_03_05_00,Wp,average,100,160.0,0.21,0,3,5,0
Municipality_Costs_[MEUR],00_03_07_00,D,average,20,150.0,0.44,0,3,7,0
Municipality_Costs_[MEUR],00_03_07_00,D,average,60,360.0,0.65,0,3,7,0
Municipality_Costs_[MEUR],00_03_07_00,D,average,100,390.0,0.53,0,3,7,0
Municipality_Costs_[MEUR],00_03_07_00,D&G,average,20,150.0,0.44,0,3,7,0
Municipality_Costs_[MEUR],00_03_07_00,D&G,average,60,360.0,0.65,0,3,7,0
Municipality_Costs_[MEUR],00_03_07_00,D&G,average,100,390.0,0.53,0,3,7,0
Municipality_Costs_[MEUR],00_03_07_00,D&G&Wp,average,20,150.0,0.44,0,3,7,0
Municipality_Costs_[MEUR],00_03_07_00,D&G&Wp,average,60,360.0,0.65,0,3,7,0
Municipality_Costs_[MEUR],00_03_07_00,D&G&Wp,average,100,390.0,0.53,0,3,7,0
Municipality_Costs_[MEUR],00_03_07_00,D&Wp,average,20,150.0,0.44,0,3,7,0
Municipality_Costs_[MEUR],00_03_07_00,D&Wp,average,60,360.0,0.65,0,3,7,0
Municipality_Costs_[MEUR],00_03_07_00,D&Wp,average,100,390.0,0.53,0,3,7,0
Municipality_Costs_[MEUR],00_03_07_00,G,average,20,150.0,0.44,0,3,7,0
Municipality_Costs_[MEUR],00_03_07_00,G,average,60,360.0,0.65,0,3,7,0
Municipality_Costs_[MEUR],00_03_07_00,G,average,100,390.0,0.53,0,3,7,0
Municipality_Costs_[MEUR],00_03_07_00,G&Wp,average,20,150.0,0.44,0,3,7,0
Municipality_Costs_[MEUR],00_03_07_00,G&Wp,average,60,360.0,0.65,0,3,7,0
Municipality_Costs_[MEUR],00_03_07_00,G&Wp,average,100,390.0,0.53,0,3,7,0
Municipality_Costs_[MEUR],00_03_07_00,Wp,average,20,150.0,0.44,0,3,7,0
Municipality_Costs_[MEUR],00_03_07_00,Wp,average,60,360.0,0.65,0,3,7,0
Municipality_Costs_[MEUR],00_03_07_00,Wp,average,100,390.0,0.53,0,3,7,0
Municipality_Costs_[MEUR],00_03_09_00,D,average,20,80.0,0.22,0,3,9,0
Municipality_Costs_[MEUR],00_03_09_00,D,average,60,160.0,0.28,0,3,9,0
Municipality_Costs_[MEUR],00_03_09_00,D,average,100,160.0,0.21,0,3,9,0
Municipality_Costs_[MEUR],00_03_09_00,D&G,average,20,80.0,0.22,0,3,9,0
Municipality_Costs_[MEUR],00_03_09_00,D&G,average,60,160.0,0.28,0,3,9,0
Municipality_Costs_[MEUR],00_03_09_00,D&G,average,100,160.0,0.21,0,3,9,0
Municipality_Costs_[MEUR],00_03_09_00,D&G&Wp,average,20,80.0,0.22,0,3,9,0
Municipality_Costs_[MEUR],00_03_09_00,D&G&Wp,average,60,160.0,0.28,0,3,9,0
Municipality_Costs_[MEUR],00_03_09_00,D&G&Wp,average,100,160.0,0.22,0,3,9,0
Municipality_Costs_[MEUR],00_03_09_00,D&Wp,average,20,80.0,0.22,0,3,9,0
Municipality_Costs_[MEUR],00_03_09_00,D&Wp,average,60,160.0,0.28,0,3,9,0
Municipality_Costs_[MEUR],00_03_09_00,D&Wp,average,100,160.0,0.22,0,3,9,0
Municipality_Costs_[MEUR],00_03_09_00,G,average,20,80.0,0.22,0,3,9,0
Municipality_Costs_[MEUR],00_03_09_00,G,average,60,160.0,0.28,0,3,9,0
Municipality_Costs_[MEUR],00_03_09_00,G,average,100,160.0,0.21,0,3,9,0
Municipality_Costs_[MEUR],00_03_09_00,G&Wp,average,20,80.0,0.22,0,3,9,0
Municipality_Costs_[MEUR],00_03_09_00,G&Wp,average,60,160.0,0.28,0,3,9,0
Municipality_Costs_[MEUR],00_03_09_00,G&Wp,average,100,160.0,0.22,0,3,9,0
Municipality_Costs_[MEUR],00_03_09_00,Wp,average,20,80.0,0.22,0,3,9,0
Municipality_Costs_[MEUR],00_03_09_00,Wp,average,60,160.0,0.28,0,3,9,0
Municipality_Costs_[MEUR],00_03_09_00,Wp,average,100,170.0,0.23,0,3,9,0
Municipality_Costs_[MEUR],00_03_11_00,D,average,20,30.0,0.07,0,3,11,0
Municipality_Costs_[MEUR],00_03_11_00,D,average,60,200.0,0.35,0,3,11,0
Municipality_Costs_[MEUR],00_03_11_00,D,average,100,460.0,0.63,0,3,11,0
Municipality_Costs_[MEUR],00_03_11_00,D&G,average,20,30.0,0.07,0,3,11,0
Municipality_Costs_[MEUR],00_03_11_00,D&G,average,60,200.0,0.35,0,3,11,0
Municipality_Costs_[MEUR],00_03_11_00,D&G,average,100,460.0,0.63,0,3,11,0
Municipality_Costs_[MEUR],00_03_11_00,D&G&Wp,average,20,30.0,0.07,0,3,11,0
Municipality_Costs_[MEUR],00_03_11_00,D&G&Wp,average,60,200.0,0.36,0,3,11,0
Municipality_Costs_[MEUR],00_03_11_00,D&G&Wp,average,100,460.0,0.64,0,3,11,0
Municipality_Costs_[MEUR],00_03_11_00,D&Wp,average,20,30.0,0.07,0,3,11,0
Municipality_Costs_[MEUR],00_03_11_00,D&Wp,average,60,210.0,0.36,0,3,11,0
Municipality_Costs_[MEUR],00_03_11_00,D&Wp,average,100,470.0,0.64,0,3,11,0
Municipality_Costs_[MEUR],00_03_11_00,G,average,20,30.0,0.07,0,3,11,0
Municipality_Costs_[MEUR],00_03_11_00,G,average,60,200.0,0.36,0,3,11,0
Municipality_Costs_[MEUR],00_03_11_00,G,average,100,460.0,0.63,0,3,11,0
Municipality_Costs_[MEUR],00_03_11_00,G&Wp,average,20,30.0,0.07,0,3,11,0
Municipality_Costs_[MEUR],00_03_11_00,G&Wp,average,60,210.0,0.37,0,3,11,0
Municipality_Costs_[MEUR],00_03_11_00,G&Wp,average,100,470.0,0.64,0,3,11,0
Municipality_Costs_[MEUR],00_03_11_00,Wp,average,20,30.0,0.07,0,3,11,0
Municipality_Costs_[MEUR],00_03_11_00,Wp,average,60,210.0,0.38,0,3,11,0
Municipality_Costs_[MEUR],00_03_11_00,Wp,average,100,470.0,0.65,0,3,11,0
Municipality_Costs_[MEUR],00_03_13_00,D,average,20,30.0,0.09,0,3,13,0
Municipality_Costs_[MEUR],00_03_13_00,D,average,60,230.0,0.41,0,3,13,0
Municipality_Costs_[MEUR],00_03_13_00,D,average,100,590.0,0.82,0,3,13,0
Municipality_Costs_[MEUR],00_03_13_00,D&G,average,20,30.0,0.09,0,3,13,0
Municipality_Costs_[MEUR],00_03_13_00,D&G,average,60,250.0,0.44,0,3,13,0
Municipality_Costs_[MEUR],00_03_13_00,D&G,average,100,610.0,0.84,0,3,13,0
Municipality_Costs_[MEUR],00_03_13_00,D&G&Wp,average,20,30.0,0.09,0,3,13,0
Municipality_Costs_[MEUR],00_03_13_00,D&G&Wp,average,60,270.0,0.49,0,3,13,0
Municipality_Costs_[MEUR],00_03_13_00,D&G&Wp,average,100,620.0,0.86,0,3,13,0
Municipality_Costs_[MEUR],00_03_13_00,D&Wp,average,20,30.0,0.09,0,3,13,0
Municipality_Costs_[MEUR],00_03_13_00,D&Wp,average,60,280.0,0.49,0,3,13,0
Municipality_Costs_[MEUR],00_03_13_00,D&Wp,average,100,620.0,0.86,0,3,13,0
Municipality_Costs_[MEUR],00_03_13_00,G,average,20,30.0,0.09,0,3,13,0
Municipality_Costs_[MEUR],00_03_13_00,G,average,60,270.0,0.48,0,3,13,0
Municipality_Costs_[MEUR],00_03_13_00,G,average,100,630.0,0.86,0,3,13,0
Municipality_Costs_[MEUR],00_03_13_00,G&Wp,average,20,30.0,0.09,0,3,13,0
Municipality_Costs_[MEUR],00_03_13_00,G&Wp,average,60,290.0,0.53,0,3,13,0
Municipality_Costs_[MEUR],00_03_13_00,G&Wp,average,100,640.0,0.88,0,3,13,0
Municipality_Costs_[MEUR],00_03_13_00,Wp,average,20,30.0,0.09,0,3,13,0
Municipality_Costs_[MEUR],00_03_13_00,Wp,average,60,320.0,0.58,0,3,13,0
Municipality_Costs_[MEUR],00_03_13_00,Wp,average,100,650.0,0.9,0,3,13,0
Municipality_Costs_[MEUR],00_05_00_00,D,average,20,0.0,0.0,0,5,0,0
Municipality_Costs_[MEUR],00_05_00_00,D,average,60,0.0,0.0,0,5,0,0
Municipality_Costs_[MEUR],00_05_00_00,D,average,100,0.0,0.0,0,5,0,0
Municipality_Costs_[MEUR],00_05_00_00,D&G,average,20,0.0,0.0,0,5,0,0
Municipality_Costs_[MEUR],00_05_00_00,D&G,average,60,0.0,0.0,0,5,0,0
Municipality_Costs_[MEUR],00_05_00_00,D&G,average,100,0.0,0.0,0,5,0,0
Municipality_Costs_[MEUR],00_05_00_00,D&G&Wp,average,20,0.0,0.0,0,5,0,0
Municipality_Costs_[MEUR],00_05_00_00,D&G&Wp,average,60,0.0,0.0,0,5,0,0
Municipality_Costs_[MEUR],00_05_00_00,D&G&Wp,average,100,0.0,0.0,0,5,0,0
Municipality_Costs_[MEUR],00_05_00_00,D&Wp,average,20,0.0,0.0,0,5,0,0
Municipality_Costs_[MEUR],00_05_00_00,D&Wp,average,60,0.0,0.0,0,5,0,0
Municipality_Costs_[MEUR],00_05_00_00,D&Wp,average,100,0.0,0.0,0,5,0,0
Municipality_Costs_[MEUR],00_05_00_00,G,average,20,0.0,0.0,0,5,0,0
Municipality_Costs_[MEUR],00_05_00_00,G,average,60,0.0,0.0,0,5,0,0
Municipality_Costs_[MEUR],00_05_00_00,G,average,100,0.0,0.0,0,5,0,0
Municipality_Costs_[MEUR],00_05_00_00,G&Wp,average,20,0.0,0.0,0,5,0,0
Municipality_Costs_[MEUR],00_05_00_00,G&Wp,average,60,0.0,0.0,0,5,0,0
Municipality_Costs_[MEUR],00_05_00_00,G&Wp,average,100,0.0,0.0,0,5,0,0
Municipality_Costs_[MEUR],00_05_00_00,Wp,average,20,0.0,0.0,0,5,0,0
Municipality_Costs_[MEUR],00_05_00_00,Wp,average,60,0.0,0.0,0,5,0,0
Municipality_Costs_[MEUR],00_05_00_00,Wp,average,100,0.0,0.0,0,5,0,0
Municipality_Costs_[MEUR],00_05_01_00,D,average,20,30.0,0.07,0,5,1,0
Municipality_Costs_[MEUR],00_05_01_00,D,average,60,120.0,0.22,0,5,1,0
Municipality_Costs_[MEUR],00_05_01_00,D,average,100,240.0,0.33,0,5,1,0
Municipality_Costs_[MEUR],00_05_01_00,D&G,average,20,30.0,0.07,0,5,1,0
Municipality_Costs_[MEUR],00_05_01_00,D&G,average,60,130.0,0.23,0,5,1,0
Municipality_Costs_[MEUR],00_05_01_00,D&G,average,100,240.0,0.33,0,5,1,0
Municipality_Costs_[MEUR],00_05_01_00,D&G&Wp,average,20,30.0,0.07,0,5,1,0
Municipality_Costs_[MEUR],00_05_01_00,D&G&Wp,average,60,140.0,0.24,0,5,1,0
Municipality_Costs_[MEUR],00_05_01_00,D&G&Wp,average,100,240.0,0.33,0,5,1,0
Municipality_Costs_[MEUR],00_05_01_00,D&Wp,average,20,30.0,0.07,0,5,1,0
Municipality_Costs_[MEUR],00_05_01_00,D&Wp,average,60,140.0,0.25,0,5,1,0
Municipality_Costs_[MEUR],00_05_01_00,D&Wp,average,100,240.0,0.33,0,5,1,0
Municipality_Costs_[MEUR],00_05_01_00,G,average,20,30.0,0.07,0,5,1,0
Municipality_Costs_[MEUR],00_05_01_00,G,average,60,130.0,0.24,0,5,1,0
Municipality_Costs_[MEUR],00_05_01_00,G,average,100,240.0,0.33,0,5,1,0
Municipality_Costs_[MEUR],00_05_01_00,G&Wp,average,20,30.0,0.07,0,5,1,0
Municipality_Costs_[MEUR],00_05_01_00,G&Wp,average,60,150.0,0.26,0,5,1,0
Municipality_Costs_[MEUR],00_05_01_00,G&Wp,average,100,240.0,0.33,0,5,1,0
Municipality_Costs_[MEUR],00_05_01_00,Wp,average,20,30.0,0.07,0,5,1,0
Municipality_Costs_[MEUR],00_05_01_00,Wp,average,60,160.0,0.28,0,5,1,0
Municipality_Costs_[MEUR],00_05_01_00,Wp,average,100,240.0,0.33,0,5,1,0
Municipality_Costs_[MEUR],00_05_03_00,D,average,20,30.0,0.08,0,5,3,0
Municipality_Costs_[MEUR],00_05_03_00,D,average,60,120.0,0.21,0,5,3,0
Municipality_Costs_[MEUR],00_05_03_00,D,average,100,230.0,0.32,0,5,3,0
Municipality_Costs_[MEUR],00_05_03_00,D&G,average,20,30.0,0.08,0,5,3,0
Municipality_Costs_[MEUR],00_05_03_00,D&G,average,60,130.0,0.22,0,5,3,0
Municipality_Costs_[MEUR],00_05_03_00,D&G,average,100,230.0,0.32,0,5,3,0
Municipality_Costs_[MEUR],00_05_03_00,D&G&Wp,average,20,30.0,0.08,0,5,3,0
Municipality_Costs_[MEUR],00_05_03_00,D&G&Wp,average,60,140.0,0.24,0,5,3,0
Municipality_Costs_[MEUR],00_05_03_00,D&G&Wp,average,100,230.0,0.32,0,5,3,0
Municipality_Costs_[MEUR],00_05_03_00,D&Wp,average,20,30.0,0.08,0,5,3,0
Municipality_Costs_[MEUR],00_05_03_00,D&Wp,average,60,140.0,0.24,0,5,3,0
Municipality_Costs_[MEUR],00_05_03_00,D&Wp,average,100,230.0,0.32,0,5,3,0
Municipality_Costs_[MEUR],00_05_03_00,G,average,20,30.0,0.08,0,5,3,0
Municipality_Costs_[MEUR],00_05_03_00,G,average,60,130.0,0.23,0,5,3,0
Municipality_Costs_[MEUR],00_05_03_00,G,average,100,230.0,0.32,0,5,3,0
Municipality_Costs_[MEUR],00_05_03_00,G&Wp,average,20,30.0,0.08,0,5,3,0
Municipality_Costs_[MEUR],00_05_03_00,G&Wp,average,60,140.0,0.25,0,5,3,0
Municipality_Costs_[MEUR],00_05_03_00,G&Wp,average,100,230.0,0.32,0,5,3,0
Municipality_Costs_[MEUR],00_05_03_00,Wp,average,20,30.0,0.08,0,5,3,0
Municipality_Costs_[MEUR],00_05_03_00,Wp,average,60,150.0,0.27,0,5,3,0
Municipality_Costs_[MEUR],00_05_03_00,Wp,average,100,230.0,0.32,0,5,3,0
Municipality_Costs_[MEUR],00_05_05_00,D,average,20,60.0,0.17,0,5,5,0
Municipality_Costs_[MEUR],00_05_05_00,D,average,60,150.0,0.26,0,5,5,0
Municipality_Costs_[MEUR],00_05_05_00,D,average,100,160.0,0.21,0,5,5,0
Municipality_Costs_[MEUR],00_05_05_00,D&G,average,20,60.0,0.17,0,5,5,0
Municipality_Costs_[MEUR],00_05_05_00,D&G,average,60,150.0,0.26,0,5,5,0
Municipality_Costs_[MEUR],00_05_05_00,D&G,average,100,160.0,0.21,0,5,5,0
Municipality_Costs_[MEUR],00_05_05_00,D&G&Wp,average,20,60.0,0.17,0,5,5,0
Municipality_Costs_[MEUR],00_05_05_00,D&G&Wp,average,60,150.0,0.26,0,5,5,0
Municipality_Costs_[MEUR],00_05_05_00,D&G&Wp,average,100,160.0,0.21,0,5,5,0
Municipality_Costs_[MEUR],00_05_05_00,D&Wp,average,20,60.0,0.17,0,5,5,0
Municipality_Costs_[MEUR],00_05_05_00,D&Wp,average,60,150.0,0.26,0,5,5,0
Municipality_Costs_[MEUR],00_05_05_00,D&Wp,average,100,160.0,0.21,0,5,5,0
Municipality_Costs_[MEUR],00_05_05_00,G,average,20,60.0,0.17,0,5,5,0
Municipality_Costs_[MEUR],00_05_05_00,G,average,60,150.0,0.26,0,5,5,0
Municipality_Costs_[MEUR],00_05_05_00,G,average,100,160.0,0.21,0,5,5,0
Municipality_Costs_[MEUR],00_05_05_00,G&Wp,average,20,60.0,0.17,0,5,5,0
Municipality_Costs_[MEUR],00_05_05_00,G&Wp,average,60,150.0,0.26,0,5,5,0
Municipality_Costs_[MEUR],00_05_05_00,G&Wp,average,100,160.0,0.21,0,5,5,0
Municipality_Costs_[MEUR],00_05_05_00,Wp,average,20,60.0,0.17,0,5,5,0
Municipality_Costs_[MEUR],00_05_05_00,Wp,average,60,150.0,0.26,0,5,5,0
Municipality_Costs_[MEUR],00_05_05_00,Wp,average,100,160.0,0.21,0,5,5,0
Municipality_Costs_[MEUR],00_05_07_00,D,average,20,150.0,0.44,0,5,7,0
Municipality_Costs_[MEUR],00_05_07_00,D,average,60,360.0,0.65,0,5,7,0
Municipality_Costs_[MEUR],00_05_07_00,D,average,100,390.0,0.53,0,5,7,0
Municipality_Costs_[MEUR],00_05_07_00,D&G,average,20,150.0,0.44,0,5,7,0
Municipality_Costs_[MEUR],00_05_07_00,D&G,average,60,360.0,0.65,0,5,7,0
Municipality_Costs_[MEUR],00_05_07_00,D&G,average,100,390.0,0.53,0,5,7,0
Municipality_Costs_[MEUR],00_05_07_00,D&G&Wp,average,20,150.0,0.44,0,5,7,0
Municipality_Costs_[MEUR],00_05_07_00,D&G&Wp,average,60,360.0,0.65,0,5,7,0
Municipality_Costs_[MEUR],00_05_07_00,D&G&Wp,average,100,390.0,0.53,0,5,7,0
Municipality_Costs_[MEUR],00_05_07_00,D&Wp,average,20,150.0,0.44,0,5,7,0
Municipality_Costs_[MEUR],00_05_07_00,D&Wp,average,60,360.0,0.65,0,5,7,0
Municipality_Costs_[MEUR],00_05_07_00,D&Wp,average,100,390.0,0.53,0,5,7,0
Municipality_Costs_[MEUR],00_05_07_00,G,average,20,150.0,0.44,0,5,7,0
Municipality_Costs_[MEUR],00_05_07_00,G,average,60,360.0,0.65,0,5,7,0
Municipality_Costs_[MEUR],00_05_07_00,G,average,100,390.0,0.53,0,5,7,0
Municipality_Costs_[MEUR],00_05_07_00,G&Wp,average,20,150.0,0.44,0,5,7,0
Municipality_Costs_[MEUR],00_05_07_00,G&Wp,average,60,360.0,0.65,0,5,7,0
Municipality_Costs_[MEUR],00_05_07_00,G&Wp,average,100,390.0,0.53,0,5,7,0
Municipality_Costs_[MEUR],00_05_07_00,Wp,average,20,150.0,0.44,0,5,7,0
Municipality_Costs_[MEUR],00_05_07_00,Wp,average,60,360.0,0.65,0,5,7,0
Municipality_Costs_[MEUR],00_05_07_00,Wp,average,100,390.0,0.53,0,5,7,0
Municipality_Costs_[MEUR],00_05_09_00,D,average,20,80.0,0.22,0,5,9,0
Municipality_Costs_[MEUR],00_05_09_00,D,average,60,160.0,0.28,0,5,9,0
Municipality_Costs_[MEUR],00_05_09_00,D,average,100,160.0,0.21,0,5,9,0
Municipality_Costs_[MEUR],00_05_09_00,D&G,average,20,80.0,0.22,0,5,9,0
Municipality_Costs_[MEUR],00_05_09_00,D&G,average,60,160.0,0.28,0,5,9,0
Municipality_Costs_[MEUR],00_05_09_00,D&G,average,100,160.0,0.21,0,5,9,0
Municipality_Costs_[MEUR],00_05_09_00,D&G&Wp,average,20,80.0,0.22,0,5,9,0
Municipality_Costs_[MEUR],00_05_09_00,D&G&Wp,average,60,160.0,0.28,0,5,9,0
Municipality_Costs_[MEUR],00_05_09_00,D&G&Wp,average,100,160.0,0.22,0,5,9,0
Municipality_Costs_[MEUR],00_05_09_00,D&Wp,average,20,80.0,0.22,0,5,9,0
Municipality_Costs_[MEUR],00_05_09_00,D&Wp,average,60,160.0,0.28,0,5,9,0
Municipality_Costs_[MEUR],00_05_09_00,D&Wp,average,100,160.0,0.22,0,5,9,0
Municipality_Costs_[MEUR],00_05_09_00,G,average,20,80.0,0.22,0,5,9,0
Municipality_Costs_[MEUR],00_05_09_00,G,average,60,160.0,0.28,0,5,9,0
Municipality_Costs_[MEUR],00_05_09_00,G,average,100,160.0,0.21,0,5,9,0
Municipality_Costs_[MEUR],00_05_09_00,G&Wp,average,20,80.0,0.22,0,5,9,0
Municipality_Costs_[MEUR],00_05_09_00,G&Wp,average,60,160.0,0.28,0,5,9,0
Municipality_Costs_[MEUR],00_05_09_00,G&Wp,average,100,160.0,0.22,0,5,9,0
Municipality_Costs_[MEUR],00_05_09_00,Wp,average,20,80.0,0.22,0,5,9,0
Municipality_Costs_[MEUR],00_05_09_00,Wp,average,60,160.0,0.28,0,5,9,0
Municipality_Costs_[MEUR],00_05_09_00,Wp,average,100,170.0,0.23,0,5,9,0
Municipality_Costs_[MEUR],00_05_11_00,D,average,20,30.0,0.07,0,5,11,0
Municipality_Costs_[MEUR],00_05_11_00,D,average,60,200.0,0.35,0,5,11,0
Municipality_Costs_[MEUR],00_05_11_00,D,average,100,460.0,0.63,0,5,11,0
Municipality_Costs_[MEUR],00_05_11_00,D&G,average,20,30.0,0.07,0,5,11,0
Municipality_Costs_[MEUR],00_05_11_00,D&G,average,60,200.0,0.35,0,5,11,0
Municipality_Costs_[MEUR],00_05_11_00,D&G,average,100,460.0,0.63,0,5,11,0
Municipality_Costs_[MEUR],00_05_11_00,D&G&Wp,average,20,30.0,0.07,0,5,11,0
Municipality_Costs_[MEUR],00_05_11_00,D&G&Wp,average,60,200.0,0.36,0,5,11,0
Municipality_Costs_[MEUR],00_05_11_00,D&G&Wp,average,100,460.0,0.64,0,5,11,0
Municipality_Costs_[MEUR],00_05_11_00,D&Wp,average,20,30.0,0.07,0,5,11,0
Municipality_Costs_[MEUR],00_05_11_00,D&Wp,average,60,210.0,0.36,0,5,11,0
Municipality_Costs_[MEUR],00_05_11_00,D&Wp,average,100,470.0,0.64,0,5,11,0
Municipality_Costs_[MEUR],00_05_11_00,G,average,20,30.0,0.07,0,5,11,0
Municipality_Costs_[MEUR],00_05_11_00,G,average,60,200.0,0.36,0,5,11,0
Municipality_Costs_[MEUR],00_05_11_00,G,average,100,460.0,0.63,0,5,11,0
Municipality_Costs_[MEUR],00_05_11_00,G&Wp,average,20,30.0,0.07,0,5,11,0
Municipality_Costs_[MEUR],00_05_11_00,G&Wp,average,60,210.0,0.37,0,5,11,0
Municipality_Costs_[MEUR],00_05_11_00,G&Wp,average,100,470.0,0.64,0,5,11,0
Municipality_Costs_[MEUR],00_05_11_00,Wp,average,20,30.0,0.07,0,5,11,0
Municipality_Costs_[MEUR],00_05_11_00,Wp,average,60,210.0,0.38,0,5,11,0
Municipality_Costs_[MEUR],00_05_11_00,Wp,average,100,470.0,0.65,0,5,11,0
Municipality_Costs_[MEUR],00_05_13_00,D,average,20,30.0,0.09,0,5,13,0
Municipality_Costs_[MEUR],00_05_13_00,D,average,60,230.0,0.41,0,5,13,0
Municipality_Costs_[MEUR],00_05_13_00,D,average,100,590.0,0.82,0,5,13,0
Municipality_Costs_[MEUR],00_05_13_00,D&G,average,20,30.0,0.09,0,5,13,0
Municipality_Costs_[MEUR],00_05_13_00,D&G,average,60,250.0,0.44,0,5,13,0
Municipality_Costs_[MEUR],00_05_13_00,D&G,average,100,610.0,0.84,0,5,13,0
Municipality_Costs_[MEUR],00_05_13_00,D&G&Wp,average,20,30.0,0.09,0,5,13,0
Municipality_Costs_[MEUR],00_05_13_00,D&G&Wp,average,60,270.0,0.49,0,5,13,0
Municipality_Costs_[MEUR],00_05_13_00,D&G&Wp,average,100,620.0,0.85,0,5,13,0
Municipality_Costs_[MEUR],00_05_13_00,D&Wp,average,20,30.0,0.09,0,5,13,0
Municipality_Costs_[MEUR],00_05_13_00,D&Wp,average,60,280.0,0.49,0,5,13,0
Municipality_Costs_[MEUR],00_05_13_00,D&Wp,average,100,620.0,0.85,0,5,13,0
Municipality_Costs_[MEUR],00_05_13_00,G,average,20,30.0,0.09,0,5,13,0
Municipality_Costs_[MEUR],00_05_13_00,G,average,60,270.0,0.48,0,5,13,0
Municipality_Costs_[MEUR],00_05_13_00,G,average,100,630.0,0.86,0,5,13,0
Municipality_Costs_[MEUR],00_05_13_00,G&Wp,average,20,30.0,0.09,0,5,13,0
Municipality_Costs_[MEUR],00_05_13_00,G&Wp,average,60,290.0,0.53,0,5,13,0
Municipality_Costs_[MEUR],00_05_13_00,G&Wp,average,100,630.0,0.87,0,5,13,0
Municipality_Costs_[MEUR],00_05_13_00,Wp,average,20,30.0,0.09,0,5,13,0
Municipality_Costs_[MEUR],00_05_13_00,Wp,average,60,320.0,0.58,0,5,13,0
Municipality_Costs_[MEUR],00_05_13_00,Wp,average,100,640.0,0.88,0,5,13,0
Municipality_Costs_[MEUR],00_06_00_00,D,average,20,0.0,0.0,0,6,0,0
Municipality_Costs_[MEUR],00_06_00_00,D,average,60,0.0,0.0,0,6,0,0
Municipality_Costs_[MEUR],00_06_00_00,D,average,100,0.0,0.0,0,6,0,0
Municipality_Costs_[MEUR],00_06_00_00,D&G,average,20,0.0,0.0,0,6,0,0
Municipality_Costs_[MEUR],00_06_00_00,D&G,average,60,0.0,0.0,0,6,0,0
Municipality_Costs_[MEUR],00_06_00_00,D&G,average,100,0.0,0.0,0,6,0,0
Municipality_Costs_[MEUR],00_06_00_00,D&G&Wp,average,20,0.0,0.0,0,6,0,0
Municipality_Costs_[MEUR],00_06_00_00,D&G&Wp,average,60,0.0,0.0,0,6,0,0
Municipality_Costs_[MEUR],00_06_00_00,D&G&Wp,average,100,0.0,0.0,0,6,0,0
Municipality_Costs_[MEUR],00_06_00_00,D&Wp,average,20,0.0,0.0,0,6,0,0
Municipality_Costs_[MEUR],00_06_00_00,D&Wp,average,60,0.0,0.0,0,6,0,0
Municipality_Costs_[MEUR],00_06_00_00,D&Wp,average,100,0.0,0.0,0,6,0,0
Municipality_Costs_[MEUR],00_06_00_00,G,average,20,0.0,0.0,0,6,0,0
Municipality_Costs_[MEUR],00_06_00_00,G,average,60,0.0,0.0,0,6,0,0
Municipality_Costs_[MEUR],00_06_00_00,G,average,100,0.0,0.0,0,6,0,0
Municipality_Costs_[MEUR],00_06_00_00,G&Wp,average,20,0.0,0.0,0,6,0,0
Municipality_Costs_[MEUR],00_06_00_00,G&Wp,average,60,0.0,0.0,0,6,0,0
Municipality_Costs_[MEUR],00_06_00_00,G&Wp,average,100,0.0,0.0,0,6,0,0
Municipality_Costs_[MEUR],00_06_00_00,Wp,average,20,0.0,0.0,0,6,0,0
Municipality_Costs_[MEUR],00_06_00_00,Wp,average,60,0.0,0.0,0,6,0,0
Municipality_Costs_[MEUR],00_06_00_00,Wp,average,100,0.0,0.0,0,6,0,0
Municipality_Costs_[MEUR],00_06_01_00,D,average,20,30.0,0.07,0,6,1,0
Municipality_Costs_[MEUR],00_06_01_00,D,average,60,120.0,0.22,0,6,1,0
Municipality_Costs_[MEUR],00_06_01_00,D,average,100,240.0,0.33,0,6,1,0
Municipality_Costs_[MEUR],00_06_01_00,D&G,average,20,30.0,0.07,0,6,1,0
Municipality_Costs_[MEUR],00_06_01_00,D&G,average,60,130.0,0.23,0,6,1,0
Municipality_Costs_[MEUR],00_06_01_00,D&G,average,100,240.0,0.33,0,6,1,0
Municipality_Costs_[MEUR],00_06_01_00,D&G&Wp,average,20,30.0,0.07,0,6,1,0
Municipality_Costs_[MEUR],00_06_01_00,D&G&Wp,average,60,140.0,0.24,0,6,1,0
Municipality_Costs_[MEUR],00_06_01_00,D&G&Wp,average,100,240.0,0.33,0,6,1,0
Municipality_Costs_[MEUR],00_06_01_00,D&Wp,average,20,30.0,0.07,0,6,1,0
Municipality_Costs_[MEUR],00_06_01_00,D&Wp,average,60,140.0,0.25,0,6,1,0
Municipality_Costs_[MEUR],00_06_01_00,D&Wp,average,100,240.0,0.33,0,6,1,0
Municipality_Costs_[MEUR],00_06_01_00,G,average,20,30.0,0.07,0,6,1,0
Municipality_Costs_[MEUR],00_06_01_00,G,average,60,130.0,0.24,0,6,1,0
Municipality_Costs_[MEUR],00_06_01_00,G,average,100,240.0,0.33,0,6,1,0
Municipality_Costs_[MEUR],00_06_01_00,G&Wp,average,20,30.0,0.07,0,6,1,0
Municipality_Costs_[MEUR],00_06_01_00,G&Wp,average,60,150.0,0.26,0,6,1,0
Municipality_Costs_[MEUR],00_06_01_00,G&Wp,average,100,240.0,0.33,0,6,1,0
Municipality_Costs_[MEUR],00_06_01_00,Wp,average,20,30.0,0.07,0,6,1,0
Municipality_Costs_[MEUR],00_06_01_00,Wp,average,60,160.0,0.28,0,6,1,0
Municipality_Costs_[MEUR],00_06_01_00,Wp,average,100,240.0,0.33,0,6,1,0
Municipality_Costs_[MEUR],00_06_03_00,D,average,20,30.0,0.08,0,6,3,0
Municipality_Costs_[MEUR],00_06_03_00,D,average,60,120.0,0.21,0,6,3,0
Municipality_Costs_[MEUR],00_06_03_00,D,average,100,230.0,0.32,0,6,3,0
Municipality_Costs_[MEUR],00_06_03_00,D&G,average,20,30.0,0.08,0,6,3,0
Municipality_Costs_[MEUR],00_06_03_00,D&G,average,60,130.0,0.22,0,6,3,0
Municipality_Costs_[MEUR],00_06_03_00,D&G,average,100,230.0,0.32,0,6,3,0
Municipality_Costs_[MEUR],00_06_03_00,D&G&Wp,average,20,30.0,0.08,0,6,3,0
Municipality_Costs_[MEUR],00_06_03_00,D&G&Wp,average,60,140.0,0.24,0,6,3,0
Municipality_Costs_[MEUR],00_06_03_00,D&G&Wp,average,100,230.0,0.32,0,6,3,0
Municipality_Costs_[MEUR],00_06_03_00,D&Wp,average,20,30.0,0.08,0,6,3,0
Municipality_Costs_[MEUR],00_06_03_00,D&Wp,average,60,140.0,0.24,0,6,3,0
Municipality_Costs_[MEUR],00_06_03_00,D&Wp,average,100,230.0,0.32,0,6,3,0
Municipality_Costs_[MEUR],00_06_03_00,G,average,20,30.0,0.08,0,6,3,0
Municipality_Costs_[MEUR],00_06_03_00,G,average,60,130.0,0.23,0,6,3,0
Municipality_Costs_[MEUR],00_06_03_00,G,average,100,230.0,0.32,0,6,3,0
Municipality_Costs_[MEUR],00_06_03_00,G&Wp,average,20,30.0,0.08,0,6,3,0
Municipality_Costs_[MEUR],00_06_03_00,G&Wp,average,60,140.0,0.25,0,6,3,0
Municipality_Costs_[MEUR],00_06_03_00,G&Wp,average,100,230.0,0.32,0,6,3,0
Municipality_Costs_[MEUR],00_06_03_00,Wp,average,20,30.0,0.08,0,6,3,0
Municipality_Costs_[MEUR],00_06_03_00,Wp,average,60,150.0,0.27,0,6,3,0
Municipality_Costs_[MEUR],00_06_03_00,Wp,average,100,230.0,0.32,0,6,3,0
Municipality_Costs_[MEUR],00_06_05_00,D,average,20,60.0,0.17,0,6,5,0
Municipality_Costs_[MEUR],00_06_05_00,D,average,60,150.0,0.26,0,6,5,0
Municipality_Costs_[MEUR],00_06_05_00,D,average,100,160.0,0.21,0,6,5,0
Municipality_Costs_[MEUR],00_06_05_00,D&G,average,20,60.0,0.17,0,6,5,0
Municipality_Costs_[MEUR],00_06_05_00,D&G,average,60,150.0,0.26,0,6,5,0
Municipality_Costs_[MEUR],00_06_05_00,D&G,average,100,160.0,0.21,0,6,5,0
Municipality_Costs_[MEUR],00_06_05_00,D&G&Wp,average,20,60.0,0.17,0,6,5,0
Municipality_Costs_[MEUR],00_06_05_00,D&G&Wp,average,60,150.0,0.26,0,6,5,0
Municipality_Costs_[MEUR],00_06_05_00,D&G&Wp,average,100,160.0,0.21,0,6,5,0
Municipality_Costs_[MEUR],00_06_05_00,D&Wp,average,20,60.0,0.17,0,6,5,0
Municipality_Costs_[MEUR],00_06_05_00,D&Wp,average,60,150.0,0.26,0,6,5,0
Municipality_Costs_[MEUR],00_06_05_00,D&Wp,average,100,160.0,0.21,0,6,5,0
Municipality_Costs_[MEUR],00_06_05_00,G,average,20,60.0,0.17,0,6,5,0
Municipality_Costs_[MEUR],00_06_05_00,G,average,60,150.0,0.26,0,6,5,0
Municipality_Costs_[MEUR],00_06_05_00,G,average,100,160.0,0.21,0,6,5,0
Municipality_Costs_[MEUR],00_06_05_00,G&Wp,average,20,60.0,0.17,0,6,5,0
Municipality_Costs_[MEUR],00_06_05_00,G&Wp,average,60,150.0,0.26,0,6,5,0
Municipality_Costs_[MEUR],00_06_05_00,G&Wp,average,100,160.0,0.21,0,6,5,0
Municipality_Costs_[MEUR],00_06_05_00,Wp,average,20,60.0,0.17,0,6,5,0
Municipality_Costs_[MEUR],00_06_05_00,Wp,average,60,150.0,0.26,0,6,5,0
Municipality_Costs_[MEUR],00_06_05_00,Wp,average,100,160.0,0.21,0,6,5,0
Municipality_Costs_[MEUR],00_06_07_00,D,average,20,150.0,0.44,0,6,7,0
Municipality_Costs_[MEUR],00_06_07_00,D,average,60,360.0,0.65,0,6,7,0
Municipality_Costs_[MEUR],00_06_07_00,D,average,100,390.0,0.53,0,6,7,0
Municipality_Costs_[MEUR],00_06_07_00,D&G,average,20,150.0,0.44,0,6,7,0
Municipality_Costs_[MEUR],00_06_07_00,D&G,average,60,360.0,0.65,0,6,7,0
Municipality_Costs_[MEUR],00_06_07_00,D&G,average,100,390.0,0.53,0,6,7,0
Municipality_Costs_[MEUR],00_06_07_00,D&G&Wp,average,20,150.0,0.44,0,6,7,0
Municipality_Costs_[MEUR],00_06_07_00,D&G&Wp,average,60,360.0,0.65,0,6,7,0
Municipality_Costs_[MEUR],00_06_07_00,D&G&Wp,average,100,390.0,0.53,0,6,7,0
Municipality_Costs_[MEUR],00_06_07_00,D&Wp,average,20,150.0,0.44,0,6,7,0
Municipality_Costs_[MEUR],00_06_07_00,D&Wp,average,60,360.0,0.65,0,6,7,0
Municipality_Costs_[MEUR],00_06_07_00,D&Wp,average,100,390.0,0.53,0,6,7,0
Municipality_Costs_[MEUR],00_06_07_00,G,average,20,150.0,0.44,0,6,7,0
Municipality_Costs_[MEUR],00_06_07_00,G,average,60,360.0,0.65,0,6,7,0
Municipality_Costs_[MEUR],00_06_07_00,G,average,100,390.0,0.53,0,6,7,0
Municipality_Costs_[MEUR],00_06_07_00,G&Wp,average,20,150.0,0.44,0,6,7,0
Municipality_Costs_[MEUR],00_06_07_00,G&Wp,average,60,360.0,0.65,0,6,7,0
Municipality_Costs_[MEUR],00_06_07_00,G&Wp,average,100,390.0,0.53,0,6,7,0
Municipality_Costs_[MEUR],00_06_07_00,Wp,average,20,150.0,0.44,0,6,7,0
Municipality_Costs_[MEUR],00_06_07_00,Wp,average,60,360.0,0.65,0,6,7,0
Municipality_Costs_[MEUR],00_06_07_00,Wp,average,100,390.0,0.53,0,6,7,0
Municipality_Costs_[MEUR],00_06_09_00,D,average,20,80.0,0.22,0,6,9,0
Municipality_Costs_[MEUR],00_06_09_00,D,average,60,160.0,0.28,0,6,9,0
Municipality_Costs_[MEUR],00_06_09_00,D,average,100,160.0,0.21,0,6,9,0
Municipality_Costs_[MEUR],00_06_09_00,D&G,average,20,80.0,0.22,0,6,9,0
Municipality_Costs_[MEUR],00_06_09_00,D&G,average,60,160.0,0.28,0,6,9,0
Municipality_Costs_[MEUR],00_06_09_00,D&G,average,100,160.0,0.21,0,6,9,0
Municipality_Costs_[MEUR],00_06_09_00,D&G&Wp,average,20,80.0,0.22,0,6,9,0
Municipality_Costs_[MEUR],00_06_09_00,D&G&Wp,average,60,160.0,0.28,0,6,9,0
Municipality_Costs_[MEUR],00_06_09_00,D&G&Wp,average,100,160.0,0.22,0,6,9,0
Municipality_Costs_[MEUR],00_06_09_00,D&Wp,average,20,80.0,0.22,0,6,9,0
Municipality_Costs_[MEUR],00_06_09_00,D&Wp,average,60,160.0,0.28,0,6,9,0
Municipality_Costs_[MEUR],00_06_09_00,D&Wp,average,100,160.0,0.22,0,6,9,0
Municipality_Costs_[MEUR],00_06_09_00,G,average,20,80.0,0.22,0,6,9,0
Municipality_Costs_[MEUR],00_06_09_00,G,average,60,160.0,0.28,0,6,9,0
Municipality_Costs_[MEUR],00_06_09_00,G,average,100,160.0,0.21,0,6,9,0
Municipality_Costs_[MEUR],00_06_09_00,G&Wp,average,20,80.0,0.22,0,6,9,0
Municipality_Costs_[MEUR],00_06_09_00,G&Wp,average,60,160.0,0.28,0,6,9,0
Municipality_Costs_[MEUR],00_06_09_00,G&Wp,average,100,160.0,0.22,0,6,9,0
Municipality_Costs_[MEUR],00_06_09_00,Wp,average,20,80.0,0.22,0,6,9,0
Municipality_Costs_[MEUR],00_06_09_00,Wp,average,60,160.0,0.28,0,6,9,0
Municipality_Costs_[MEUR],00_06_09_00,Wp,average,100,170.0,0.23,0,6,9,0
Municipality_Costs_[MEUR],00_06_11_00,D,average,20,30.0,0.07,0,6,11,0
Municipality_Costs_[MEUR],00_06_11_00,D,average,60,200.0,0.35,0,6,11,0
Municipality_Costs_[MEUR],00_06_11_00,D,average,100,460.0,0.63,0,6,11,0
Municipality_Costs_[MEUR],00_06_11_00,D&G,average,20,30.0,0.07,0,6,11,0
Municipality_Costs_[MEUR],00_06_11_00,D&G,average,60,200.0,0.35,0,6,11,0
Municipality_Costs_[MEUR],00_06_11_00,D&G,average,100,460.0,0.63,0,6,11,0
Municipality_Costs_[MEUR],00_06_11_00,D&G&Wp,average,20,30.0,0.07,0,6,11,0
Municipality_Costs_[MEUR],00_06_11_00,D&G&Wp,average,60,200.0,0.36,0,6,11,0
Municipality_Costs_[MEUR],00_06_11_00,D&G&Wp,average,100,460.0,0.64,0,6,11,0
Municipality_Costs_[MEUR],00_06_11_00,D&Wp,average,20,30.0,0.07,0,6,11,0
Municipality_Costs_[MEUR],00_06_11_00,D&Wp,average,60,210.0,0.36,0,6,11,0
Municipality_Costs_[MEUR],00_06_11_00,D&Wp,average,100,470.0,0.64,0,6,11,0
Municipality_Costs_[MEUR],00_06_11_00,G,average,20,30.0,0.07,0,6,11,0
Municipality_Costs_[MEUR],00_06_11_00,G,average,60,200.0,0.36,0,6,11,0
Municipality_Costs_[MEUR],00_06_11_00,G,average,100,460.0,0.63,0,6,11,0
Municipality_Costs_[MEUR],00_06_11_00,G&Wp,average,20,30.0,0.07,0,6,11,0
Municipality_Costs_[MEUR],00_06_11_00,G&Wp,average,60,210.0,0.37,0,6,11,0
Municipality_Costs_[MEUR],00_06_11_00,G&Wp,average,100,470.0,0.64,0,6,11,0
Municipality_Costs_[MEUR],00_06_11_00,Wp,average,20,30.0,0.07,0,6,11,0
Municipality_Costs_[MEUR],00_06_11_00,Wp,average,60,210.0,0.38,0,6,11,0
Municipality_Costs_[MEUR],00_06_11_00,Wp,average,100,470.0,0.65,0,6,11,0
Municipality_Costs_[MEUR],00_06_13_00,D,average,20,30.0,0.09,0,6,13,0
Municipality_Costs_[MEUR],00_06_13_00,D,average,60,230.0,0.41,0,6,13,0
Municipality_Costs_[MEUR],00_06_13_00,D,average,100,590.0,0.82,0,6,13,0
Municipality_Costs_[MEUR],00_06_13_00,D&G,average,20,30.0,0.09,0,6,13,0
Municipality_Costs_[MEUR],00_06_13_00,D&G,average,60,250.0,0.44,0,6,13,0
Municipality_Costs_[MEUR],00_06_13_00,D&G,average,100,610.0,0.84,0,6,13,0
Municipality_Costs_[MEUR],00_06_13_00,D&G&Wp,average,20,30.0,0.09,0,6,13,0
Municipality_Costs_[MEUR],00_06_13_00,D&G&Wp,average,60,270.0,0.49,0,6,13,0
Municipality_Costs_[MEUR],00_06_13_00,D&G&Wp,average,100,620.0,0.86,0,6,13,0
Municipality_Costs_[MEUR],00_06_13_00,D&Wp,average,20,30.0,0.09,0,6,13,0
Municipality_Costs_[MEUR],00_06_13_00,D&Wp,average,60,280.0,0.49,0,6,13,0
Municipality_Costs_[MEUR],00_06_13_00,D&Wp,average,100,620.0,0.86,0,6,13,0
Municipality_Costs_[MEUR],00_06_13_00,G,average,20,30.0,0.09,0,6,13,0
Municipality_Costs_[MEUR],00_06_13_00,G,average,60,270.0,0.48,0,6,13,0
Municipality_Costs_[MEUR],00_06_13_00,G,average,100,630.0,0.86,0,6,13,0
Municipality_Costs_[MEUR],00_06_13_00,G&Wp,average,20,30.0,0.09,0,6,13,0
Municipality_Costs_[MEUR],00_06_13_00,G&Wp,average,60,290.0,0.53,0,6,13,0
Municipality_Costs_[MEUR],00_06_13_00,G&Wp,average,100,640.0,0.88,0,6,13,0
Municipality_Costs_[MEUR],00_06_13_00,Wp,average,20,30.0,0.09,0,6,13,0
Municipality_Costs_[MEUR],00_06_13_00,Wp,average,60,320.0,0.58,0,6,13,0
Municipality_Costs_[MEUR],00_06_13_00,Wp,average,100,650.0,0.9,0,6,13,0
Municipality_Costs_[MEUR],00_07_00_00,D,average,20,0.0,0.0,0,7,0,0
Municipality_Costs_[MEUR],00_07_00_00,D,average,60,0.0,0.0,0,7,0,0
Municipality_Costs_[MEUR],00_07_00_00,D,average,100,0.0,0.0,0,7,0,0
Municipality_Costs_[MEUR],00_07_00_00,D&G,average,20,0.0,0.0,0,7,0,0
Municipality_Costs_[MEUR],00_07_00_00,D&G,average,60,0.0,0.0,0,7,0,0
Municipality_Costs_[MEUR],00_07_00_00,D&G,average,100,0.0,0.0,0,7,0,0
Municipality_Costs_[MEUR],00_07_00_00,D&G&Wp,average,20,0.0,0.0,0,7,0,0
Municipality_Costs_[MEUR],00_07_00_00,D&G&Wp,average,60,0.0,0.0,0,7,0,0
Municipality_Costs_[MEUR],00_07_00_00,D&G&Wp,average,100,0.0,0.0,0,7,0,0
Municipality_Costs_[MEUR],00_07_00_00,D&Wp,average,20,0.0,0.0,0,7,0,0
Municipality_Costs_[MEUR],00_07_00_00,D&Wp,average,60,0.0,0.0,0,7,0,0
Municipality_Costs_[MEUR],00_07_00_00,D&Wp,average,100,0.0,0.0,0,7,0,0
Municipality_Costs_[MEUR],00_07_00_00,G,average,20,0.0,0.0,0,7,0,0
Municipality_Costs_[MEUR],00_07_00_00,G,average,60,0.0,0.0,0,7,0,0
Municipality_Costs_[MEUR],00_07_00_00,G,average,100,0.0,0.0,0,7,0,0
Municipality_Costs_[MEUR],00_07_00_00,G&Wp,average,20,0.0,0.0,0,7,0,0
Municipality_Costs_[MEUR],00_07_00_00,G&Wp,average,60,0.0,0.0,0,7,0,0
Municipality_Costs_[MEUR],00_07_00_00,G&Wp,average,100,0.0,0.0,0,7,0,0
Municipality_Costs_[MEUR],00_07_00_00,Wp,average,20,0.0,0.0,0,7,0,0
Municipality_Costs_[MEUR],00_07_00_00,Wp,average,60,0.0,0.0,0,7,0,0
Municipality_Costs_[MEUR],00_07_00_00,Wp,average,100,0.0,0.0,0,7,0,0
Municipality_Costs_[MEUR],00_07_01_00,D,average,20,30.0,0.07,0,7,1,0
Municipality_Costs_[MEUR],00_07_01_00,D,average,60,120.0,0.22,0,7,1,0
Municipality_Costs_[MEUR],00_07_01_00,D,average,100,240.0,0.33,0,7,1,0
Municipality_Costs_[MEUR],00_07_01_00,D&G,average,20,30.0,0.07,0,7,1,0
Municipality_Costs_[MEUR],00_07_01_00,D&G,average,60,130.0,0.23,0,7,1,0
Municipality_Costs_[MEUR],00_07_01_00,D&G,average,100,240.0,0.33,0,7,1,0
Municipality_Costs_[MEUR],00_07_01_00,D&G&Wp,average,20,30.0,0.07,0,7,1,0
Municipality_Costs_[MEUR],00_07_01_00,D&G&Wp,average,60,140.0,0.24,0,7,1,0
Municipality_Costs_[MEUR],00_07_01_00,D&G&Wp,average,100,240.0,0.33,0,7,1,0
Municipality_Costs_[MEUR],00_07_01_00,D&Wp,average,20,30.0,0.07,0,7,1,0
Municipality_Costs_[MEUR],00_07_01_00,D&Wp,average,60,140.0,0.25,0,7,1,0
Municipality_Costs_[MEUR],00_07_01_00,D&Wp,average,100,240.0,0.33,0,7,1,0
Municipality_Costs_[MEUR],00_07_01_00,G,average,20,30.0,0.07,0,7,1,0
Municipality_Costs_[MEUR],00_07_01_00,G,average,60,130.0,0.24,0,7,1,0
Municipality_Costs_[MEUR],00_07_01_00,G,average,100,240.0,0.33,0,7,1,0
Municipality_Costs_[MEUR],00_07_01_00,G&Wp,average,20,30.0,0.07,0,7,1,0
Municipality_Costs_[MEUR],00_07_01_00,G&Wp,average,60,150.0,0.26,0,7,1,0
Municipality_Costs_[MEUR],00_07_01_00,G&Wp,average,100,240.0,0.33,0,7,1,0
Municipality_Costs_[MEUR],00_07_01_00,Wp,average,20,30.0,0.07,0,7,1,0
Municipality_Costs_[MEUR],00_07_01_00,Wp,average,60,160.0,0.28,0,7,1,0
Municipality_Costs_[MEUR],00_07_01_00,Wp,average,100,240.0,0.33,0,7,1,0
Municipality_Costs_[MEUR],00_07_03_00,D,average,20,30.0,0.08,0,7,3,0
Municipality_Costs_[MEUR],00_07_03_00,D,average,60,120.0,0.21,0,7,3,0
Municipality_Costs_[MEUR],00_07_03_00,D,average,100,230.0,0.32,0,7,3,0
Municipality_Costs_[MEUR],00_07_03_00,D&G,average,20,30.0,0.08,0,7,3,0
Municipality_Costs_[MEUR],00_07_03_00,D&G,average,60,130.0,0.22,0,7,3,0
Municipality_Costs_[MEUR],00_07_03_00,D&G,average,100,230.0,0.32,0,7,3,0
Municipality_Costs_[MEUR],00_07_03_00,D&G&Wp,average,20,30.0,0.08,0,7,3,0
Municipality_Costs_[MEUR],00_07_03_00,D&G&Wp,average,60,140.0,0.24,0,7,3,0
Municipality_Costs_[MEUR],00_07_03_00,D&G&Wp,average,100,230.0,0.32,0,7,3,0
Municipality_Costs_[MEUR],00_07_03_00,D&Wp,average,20,30.0,0.08,0,7,3,0
Municipality_Costs_[MEUR],00_07_03_00,D&Wp,average,60,140.0,0.24,0,7,3,0
Municipality_Costs_[MEUR],00_07_03_00,D&Wp,average,100,230.0,0.32,0,7,3,0
Municipality_Costs_[MEUR],00_07_03_00,G,average,20,30.0,0.08,0,7,3,0
Municipality_Costs_[MEUR],00_07_03_00,G,average,60,130.0,0.23,0,7,3,0
Municipality_Costs_[MEUR],00_07_03_00,G,average,100,230.0,0.32,0,7,3,0
Municipality_Costs_[MEUR],00_07_03_00,G&Wp,average,20,30.0,0.08,0,7,3,0
Municipality_Costs_[MEUR],00_07_03_00,G&Wp,average,60,140.0,0.25,0,7,3,0
Municipality_Costs_[MEUR],00_07_03_00,G&Wp,average,100,230.0,0.32,0,7,3,0
Municipality_Costs_[MEUR],00_07_03_00,Wp,average,20,30.0,0.08,0,7,3,0
Municipality_Costs_[MEUR],00_07_03_00,Wp,average,60,150.0,0.27,0,7,3,0
Municipality_Costs_[MEUR],00_07_03_00,Wp,average,100,230.0,0.32,0,7,3,0
Municipality_Costs_[MEUR],00_07_05_00,D,average,20,60.0,0.17,0,7,5,0
Municipality_Costs_[MEUR],00_07_05_00,D,average,60,150.0,0.26,0,7,5,0
Municipality_Costs_[MEUR],00_07_05_00,D,average,100,160.0,0.21,0,7,5,0
Municipality_Costs_[MEUR],00_07_05_00,D&G,average,20,60.0,0.17,0,7,5,0
Municipality_Costs_[MEUR],00_07_05_00,D&G,average,60,150.0,0.26,0,7,5,0
Municipality_Costs_[MEUR],00_07_05_00,D&G,average,100,160.0,0.21,0,7,5,0
Municipality_Costs_[MEUR],00_07_05_00,D&G&Wp,average,20,60.0,0.17,0,7,5,0
Municipality_Costs_[MEUR],00_07_05_00,D&G&Wp,average,60,150.0,0.26,0,7,5,0
Municipality_Costs_[MEUR],00_07_05_00,D&G&Wp,average,100,160.0,0.21,0,7,5,0
Municipality_Costs_[MEUR],00_07_05_00,D&Wp,average,20,60.0,0.17,0,7,5,0
Municipality_Costs_[MEUR],00_07_05_00,D&Wp,average,60,150.0,0.26,0,7,5,0
Municipality_Costs_[MEUR],00_07_05_00,D&Wp,average,100,160.0,0.21,0,7,5,0
Municipality_Costs_[MEUR],00_07_05_00,G,average,20,60.0,0.17,0,7,5,0
Municipality_Costs_[MEUR],00_07_05_00,G,average,60,150.0,0.26,0,7,5,0
Municipality_Costs_[MEUR],00_07_05_00,G,average,100,160.0,0.21,0,7,5,0
Municipality_Costs_[MEUR],00_07_05_00,G&Wp,average,20,60.0,0.17,0,7,5,0
Municipality_Costs_[MEUR],00_07_05_00,G&Wp,average,60,150.0,0.26,0,7,5,0
Municipality_Costs_[MEUR],00_07_05_00,G&Wp,average,100,160.0,0.21,0,7,5,0
Municipality_Costs_[MEUR],00_07_05_00,Wp,average,20,60.0,0.17,0,7,5,0
Municipality_Costs_[MEUR],00_07_05_00,Wp,average,60,150.0,0.26,0,7,5,0
Municipality_Costs_[MEUR],00_07_05_00,Wp,average,100,160.0,0.21,0,7,5,0
Municipality_Costs_[MEUR],00_07_07_00,D,average,20,150.0,0.44,0,7,7,0
Municipality_Costs_[MEUR],00_07_07_00,D,average,60,360.0,0.65,0,7,7,0
Municipality_Costs_[MEUR],00_07_07_00,D,average,100,390.0,0.53,0,7,7,0
Municipality_Costs_[MEUR],00_07_07_00,D&G,average,20,150.0,0.44,0,7,7,0
Municipality_Costs_[MEUR],00_07_07_00,D&G,average,60,360.0,0.65,0,7,7,0
Municipality_Costs_[MEUR],00_07_07_00,D&G,average,100,390.0,0.53,0,7,7,0
Municipality_Costs_[MEUR],00_07_07_00,D&G&Wp,average,20,150.0,0.44,0,7,7,0
Municipality_Costs_[MEUR],00_07_07_00,D&G&Wp,average,60,360.0,0.65,0,7,7,0
Municipality_Costs_[MEUR],00_07_07_00,D&G&Wp,average,100,390.0,0.53,0,7,7,0
Municipality_Costs_[MEUR],00_07_07_00,D&Wp,average,20,150.0,0.44,0,7,7,0
Municipality_Costs_[MEUR],00_07_07_00,D&Wp,average,60,360.0,0.65,0,7,7,0
Municipality_Costs_[MEUR],00_07_07_00,D&Wp,average,100,390.0,0.53,0,7,7,0
Municipality_Costs_[MEUR],00_07_07_00,G,average,20,150.0,0.44,0,7,7,0
Municipality_Costs_[MEUR],00_07_07_00,G,average,60,360.0,0.65,0,7,7,0
Municipality_Costs_[MEUR],00_07_07_00,G,average,100,390.0,0.53,0,7,7,0
Municipality_Costs_[MEUR],00_07_07_00,G&Wp,average,20,150.0,0.44,0,7,7,0
Municipality_Costs_[MEUR],00_07_07_00,G&Wp,average,60,360.0,0.65,0,7,7,0
Municipality_Costs_[MEUR],00_07_07_00,G&Wp,average,100,390.0,0.53,0,7,7,0
Municipality_Costs_[MEUR],00_07_07_00,Wp,average,20,150.0,0.44,0,7,7,0
Municipality_Costs_[MEUR],00_07_07_00,Wp,average,60,360.0,0.65,0,7,7,0
Municipality_Costs_[MEUR],00_07_07_00,Wp,average,100,390.0,0.53,0,7,7,0
Municipality_Costs_[MEUR],00_07_09_00,D,average,20,80.0,0.22,0,7,9,0
Municipality_Costs_[MEUR],00_07_09_00,D,average,60,160.0,0.28,0,7,9,0
Municipality_Costs_[MEUR],00_07_09_00,D,average,100,160.0,0.21,0,7,9,0
Municipality_Costs_[MEUR],00_07_09_00,D&G,average,20,80.0,0.22,0,7,9,0
Municipality_Costs_[MEUR],00_07_09_00,D&G,average,60,160.0,0.28,0,7,9,0
Municipality_Costs_[MEUR],00_07_09_00,D&G,average,100,160.0,0.21,0,7,9,0
Municipality_Costs_[MEUR],00_07_09_00,D&G&Wp,average,20,80.0,0.22,0,7,9,0
Municipality_Costs_[MEUR],00_07_09_00,D&G&Wp,average,60,160.0,0.28,0,7,9,0
Municipality_Costs_[MEUR],00_07_09_00,D&G&Wp,average,100,160.0,0.22,0,7,9,0
Municipality_Costs_[MEUR],00_07_09_00,D&Wp,average,20,80.0,0.22,0,7,9,0
Municipality_Costs_[MEUR],00_07_09_00,D&Wp,average,60,160.0,0.28,0,7,9,0
Municipality_Costs_[MEUR],00_07_09_00,D&Wp,average,100,160.0,0.22,0,7,9,0
Municipality_Costs_[MEUR],00_07_09_00,G,average,20,80.0,0.22,0,7,9,0
Municipality_Costs_[MEUR],00_07_09_00,G,average,60,160.0,0.28,0,7,9,0
Municipality_Costs_[MEUR],00_07_09_00,G,average,100,160.0,0.21,0,7,9,0
Municipality_Costs_[MEUR],00_07_09_00,G&Wp,average,20,80.0,0.22,0,7,9,0
Municipality_Costs_[MEUR],00_07_09_00,G&Wp,average,60,160.0,0.28,0,7,9,0
Municipality_Costs_[MEUR],00_07_09_00,G&Wp,average,100,160.0,0.22,0,7,9,0
Municipality_Costs_[MEUR],00_07_09_00,Wp,average,20,80.0,0.22,0,7,9,0
Municipality_Costs_[MEUR],00_07_09_00,Wp,average,60,160.0,0.28,0,7,9,0
Municipality_Costs_[MEUR],00_07_09_00,Wp,average,100,170.0,0.23,0,7,9,0
Municipality_Costs_[MEUR],00_07_11_00,D,average,20,30.0,0.07,0,7,11,0
Municipality_Costs_[MEUR],00_07_11_00,D,average,60,200.0,0.35,0,7,11,0
Municipality_Costs_[MEUR],00_07_11_00,D,average,100,460.0,0.63,0,7,11,0
Municipality_Costs_[MEUR],00_07_11_00,D&G,average,20,30.0,0.07,0,7,11,0
Municipality_Costs_[MEUR],00_07_11_00,D&G,average,60,200.0,0.35,0,7,11,0
Municipality_Costs_[MEUR],00_07_11_00,D&G,average,100,460.0,0.63,0,7,11,0
Municipality_Costs_[MEUR],00_07_11_00,D&G&Wp,average,20,30.0,0.07,0,7,11,0
Municipality_Costs_[MEUR],00_07_11_00,D&G&Wp,average,60,200.0,0.36,0,7,11,0
Municipality_Costs_[MEUR],00_07_11_00,D&G&Wp,average,100,460.0,0.64,0,7,11,0
Municipality_Costs_[MEUR],00_07_11_00,D&Wp,average,20,30.0,0.07,0,7,11,0
Municipality_Costs_[MEUR],00_07_11_00,D&Wp,average,60,210.0,0.36,0,7,11,0
Municipality_Costs_[MEUR],00_07_11_00,D&Wp,average,100,470.0,0.64,0,7,11,0
Municipality_Costs_[MEUR],00_07_11_00,G,average,20,30.0,0.07,0,7,11,0
Municipality_Costs_[MEUR],00_07_11_00,G,average,60,200.0,0.36,0,7,11,0
Municipality_Costs_[MEUR],00_07_11_00,G,average,100,460.0,0.63,0,7,11,0
Municipality_Costs_[MEUR],00_07_11_00,G&Wp,average,20,30.0,0.07,0,7,11,0
Municipality_Costs_[MEUR],00_07_11_00,G&Wp,average,60,210.0,0.37,0,7,11,0
Municipality_Costs_[MEUR],00_07_11_00,G&Wp,average,100,470.0,0.64,0,7,11,0
Municipality_Costs_[MEUR],00_07_11_00,Wp,average,20,30.0,0.07,0,7,11,0
Municipality_Costs_[MEUR],00_07_11_00,Wp,average,60,210.0,0.38,0,7,11,0
Municipality_Costs_[MEUR],00_07_11_00,Wp,average,100,470.0,0.65,0,7,11,0
Municipality_Costs_[MEUR],00_07_13_00,D,average,20,30.0,0.09,0,7,13,0
Municipality_Costs_[MEUR],00_07_13_00,D,average,60,230.0,0.41,0,7,13,0
Municipality_Costs_[MEUR],00_07_13_00,D,average,100,590.0,0.82,0,7,13,0
Municipality_Costs_[MEUR],00_07_13_00,D&G,average,20,30.0,0.09,0,7,13,0
Municipality_Costs_[MEUR],00_07_13_00,D&G,average,60,250.0,0.44,0,7,13,0
Municipality_Costs_[MEUR],00_07_13_00,D&G,average,100,610.0,0.84,0,7,13,0
Municipality_Costs_[MEUR],00_07_13_00,D&G&Wp,average,20,30.0,0.09,0,7,13,0
Municipality_Costs_[MEUR],00_07_13_00,D&G&Wp,average,60,270.0,0.49,0,7,13,0
Municipality_Costs_[MEUR],00_07_13_00,D&G&Wp,average,100,620.0,0.86,0,7,13,0
Municipality_Costs_[MEUR],00_07_13_00,D&Wp,average,20,30.0,0.09,0,7,13,0
Municipality_Costs_[MEUR],00_07_13_00,D&Wp,average,60,280.0,0.49,0,7,13,0
Municipality_Costs_[MEUR],00_07_13_00,D&Wp,average,100,620.0,0.86,0,7,13,0
Municipality_Costs_[MEUR],00_07_13_00,G,average,20,30.0,0.09,0,7,13,0
Municipality_Costs_[MEUR],00_07_13_00,G,average,60,270.0,0.48,0,7,13,0
Municipality_Costs_[MEUR],00_07_13_00,G,average,100,630.0,0.86,0,7,13,0
Municipality_Costs_[MEUR],00_07_13_00,G&Wp,average,20,30.0,0.09,0,7,13,0
Municipality_Costs_[MEUR],00_07_13_00,G&Wp,average,60,290.0,0.53,0,7,13,0
Municipality_Costs_[MEUR],00_07_13_00,G&Wp,average,100,640.0,0.88,0,7,13,0
Municipality_Costs_[MEUR],00_07_13_00,Wp,average,20,30.0,0.09,0,7,13,0
Municipality_Costs_[MEUR],00_07_13_00,Wp,average,60,320.0,0.58,0,7,13,0
Municipality_Costs_[MEUR],00_07_13_00,Wp,average,100,650.0,0.9,0,7,13,0
Municipality_Costs_[MEUR],00_08_00_00,D,average,20,0.0,0.0,0,8,0,0
Municipality_Costs_[MEUR],00_08_00_00,D,average,60,0.0,0.0,0,8,0,0
Municipality_Costs_[MEUR],00_08_00_00,D,average,100,0.0,0.0,0,8,0,0
Municipality_Costs_[MEUR],00_08_00_00,D&G,average,20,0.0,0.0,0,8,0,0
Municipality_Costs_[MEUR],00_08_00_00,D&G,average,60,0.0,0.0,0,8,0,0
Municipality_Costs_[MEUR],00_08_00_00,D&G,average,100,0.0,0.0,0,8,0,0
Municipality_Costs_[MEUR],00_08_00_00,D&G&Wp,average,20,0.0,0.0,0,8,0,0
Municipality_Costs_[MEUR],00_08_00_00,D&G&Wp,average,60,0.0,0.0,0,8,0,0
Municipality_Costs_[MEUR],00_08_00_00,D&G&Wp,average,100,0.0,0.0,0,8,0,0
Municipality_Costs_[MEUR],00_08_00_00,D&Wp,average,20,0.0,0.0,0,8,0,0
Municipality_Costs_[MEUR],00_08_00_00,D&Wp,average,60,0.0,0.0,0,8,0,0
Municipality_Costs_[MEUR],00_08_00_00,D&Wp,average,100,0.0,0.0,0,8,0,0
Municipality_Costs_[MEUR],00_08_00_00,G,average,20,0.0,0.0,0,8,0,0
Municipality_Costs_[MEUR],00_08_00_00,G,average,60,0.0,0.0,0,8,0,0
Municipality_Costs_[MEUR],00_08_00_00,G,average,100,0.0,0.0,0,8,0,0
Municipality_Costs_[MEUR],00_08_00_00,G&Wp,average,20,0.0,0.0,0,8,0,0
Municipality_Costs_[MEUR],00_08_00_00,G&Wp,average,60,0.0,0.0,0,8,0,0
Municipality_Costs_[MEUR],00_08_00_00,G&Wp,average,100,0.0,0.0,0,8,0,0
Municipality_Costs_[MEUR],00_08_00_00,Wp,average,20,0.0,0.0,0,8,0,0
Municipality_Costs_[MEUR],00_08_00_00,Wp,average,60,0.0,0.0,0,8,0,0
Municipality_Costs_[MEUR],00_08_00_00,Wp,average,100,0.0,0.0,0,8,0,0
Municipality_Costs_[MEUR],00_08_01_00,D,average,20,30.0,0.07,0,8,1,0
Municipality_Costs_[MEUR],00_08_01_00,D,average,60,120.0,0.22,0,8,1,0
Municipality_Costs_[MEUR],00_08_01_00,D,average,100,240.0,0.33,0,8,1,0
Municipality_Costs_[MEUR],00_08_01_00,D&G,average,20,30.0,0.07,0,8,1,0
Municipality_Costs_[MEUR],00_08_01_00,D&G,average,60,130.0,0.23,0,8,1,0
Municipality_Costs_[MEUR],00_08_01_00,D&G,average,100,240.0,0.33,0,8,1,0
Municipality_Costs_[MEUR],00_08_01_00,D&G&Wp,average,20,30.0,0.07,0,8,1,0
Municipality_Costs_[MEUR],00_08_01_00,D&G&Wp,average,60,140.0,0.24,0,8,1,0
Municipality_Costs_[MEUR],00_08_01_00,D&G&Wp,average,100,240.0,0.33,0,8,1,0
Municipality_Costs_[MEUR],00_08_01_00,D&Wp,average,20,30.0,0.07,0,8,1,0
Municipality_Costs_[MEUR],00_08_01_00,D&Wp,average,60,140.0,0.25,0,8,1,0
Municipality_Costs_[MEUR],00_08_01_00,D&Wp,average,100,240.0,0.33,0,8,1,0
Municipality_Costs_[MEUR],00_08_01_00,G,average,20,30.0,0.07,0,8,1,0
Municipality_Costs_[MEUR],00_08_01_00,G,average,60,130.0,0.24,0,8,1,0
Municipality_Costs_[MEUR],00_08_01_00,G,average,100,240.0,0.33,0,8,1,0
Municipality_Costs_[MEUR],00_08_01_00,G&Wp,average,20,30.0,0.07,0,8,1,0
Municipality_Costs_[MEUR],00_08_01_00,G&Wp,average,60,150.0,0.26,0,8,1,0
Municipality_Costs_[MEUR],00_08_01_00,G&Wp,average,100,240.0,0.33,0,8,1,0
Municipality_Costs_[MEUR],00_08_01_00,Wp,average,20,30.0,0.07,0,8,1,0
Municipality_Costs_[MEUR],00_08_01_00,Wp,average,60,160.0,0.28,0,8,1,0
Municipality_Costs_[MEUR],00_08_01_00,Wp,average,100,240.0,0.33,0,8,1,0
Municipality_Costs_[MEUR],00_08_03_00,D,average,20,30.0,0.08,0,8,3,0
Municipality_Costs_[MEUR],00_08_03_00,D,average,60,120.0,0.21,0,8,3,0
Municipality_Costs_[MEUR],00_08_03_00,D,average,100,230.0,0.32,0,8,3,0
Municipality_Costs_[MEUR],00_08_03_00,D&G,average,20,30.0,0.08,0,8,3,0
Municipality_Costs_[MEUR],00_08_03_00,D&G,average,60,130.0,0.22,0,8,3,0
Municipality_Costs_[MEUR],00_08_03_00,D&G,average,100,230.0,0.32,0,8,3,0
Municipality_Costs_[MEUR],00_08_03_00,D&G&Wp,average,20,30.0,0.08,0,8,3,0
Municipality_Costs_[MEUR],00_08_03_00,D&G&Wp,average,60,140.0,0.24,0,8,3,0
Municipality_Costs_[MEUR],00_08_03_00,D&G&Wp,average,100,230.0,0.32,0,8,3,0
Municipality_Costs_[MEUR],00_08_03_00,D&Wp,average,20,30.0,0.08,0,8,3,0
Municipality_Costs_[MEUR],00_08_03_00,D&Wp,average,60,140.0,0.24,0,8,3,0
Municipality_Costs_[MEUR],00_08_03_00,D&Wp,average,100,230.0,0.32,0,8,3,0
Municipality_Costs_[MEUR],00_08_03_00,G,average,20,30.0,0.08,0,8,3,0
Municipality_Costs_[MEUR],00_08_03_00,G,average,60,130.0,0.23,0,8,3,0
Municipality_Costs_[MEUR],00_08_03_00,G,average,100,230.0,0.32,0,8,3,0
Municipality_Costs_[MEUR],00_08_03_00,G&Wp,average,20,30.0,0.08,0,8,3,0
Municipality_Costs_[MEUR],00_08_03_00,G&Wp,average,60,140.0,0.25,0,8,3,0
Municipality_Costs_[MEUR],00_08_03_00,G&Wp,average,100,230.0,0.32,0,8,3,0
Municipality_Costs_[MEUR],00_08_03_00,Wp,average,20,30.0,0.08,0,8,3,0
Municipality_Costs_[MEUR],00_08_03_00,Wp,average,60,150.0,0.27,0,8,3,0
Municipality_Costs_[MEUR],00_08_03_00,Wp,average,100,230.0,0.32,0,8,3,0
Municipality_Costs_[MEUR],00_08_05_00,D,average,20,60.0,0.17,0,8,5,0
Municipality_Costs_[MEUR],00_08_05_00,D,average,60,150.0,0.26,0,8,5,0
Municipality_Costs_[MEUR],00_08_05_00,D,average,100,160.0,0.21,0,8,5,0
Municipality_Costs_[MEUR],00_08_05_00,D&G,average,20,60.0,0.17,0,8,5,0
Municipality_Costs_[MEUR],00_08_05_00,D&G,average,60,150.0,0.26,0,8,5,0
Municipality_Costs_[MEUR],00_08_05_00,D&G,average,100,160.0,0.21,0,8,5,0
Municipality_Costs_[MEUR],00_08_05_00,D&G&Wp,average,20,60.0,0.17,0,8,5,0
Municipality_Costs_[MEUR],00_08_05_00,D&G&Wp,average,60,150.0,0.26,0,8,5,0
Municipality_Costs_[MEUR],00_08_05_00,D&G&Wp,average,100,160.0,0.21,0,8,5,0
Municipality_Costs_[MEUR],00_08_05_00,D&Wp,average,20,60.0,0.17,0,8,5,0
Municipality_Costs_[MEUR],00_08_05_00,D&Wp,average,60,150.0,0.26,0,8,5,0
Municipality_Costs_[MEUR],00_08_05_00,D&Wp,average,100,160.0,0.21,0,8,5,0
Municipality_Costs_[MEUR],00_08_05_00,G,average,20,60.0,0.17,0,8,5,0
Municipality_Costs_[MEUR],00_08_05_00,G,average,60,150.0,0.26,0,8,5,0
Municipality_Costs_[MEUR],00_08_05_00,G,average,100,160.0,0.21,0,8,5,0
Municipality_Costs_[MEUR],00_08_05_00,G&Wp,average,20,60.0,0.17,0,8,5,0
Municipality_Costs_[MEUR],00_08_05_00,G&Wp,average,60,150.0,0.26,0,8,5,0
Municipality_Costs_[MEUR],00_08_05_00,G&Wp,average,100,160.0,0.21,0,8,5,0
Municipality_Costs_[MEUR],00_08_05_00,Wp,average,20,60.0,0.17,0,8,5,0
Municipality_Costs_[MEUR],00_08_05_00,Wp,average,60,150.0,0.26,0,8,5,0
Municipality_Costs_[MEUR],00_08_05_00,Wp,average,100,160.0,0.21,0,8,5,0
Municipality_Costs_[MEUR],00_08_07_00,D,average,20,150.0,0.44,0,8,7,0
Municipality_Costs_[MEUR],00_08_07_00,D,average,60,360.0,0.65,0,8,7,0
Municipality_Costs_[MEUR],00_08_07_00,D,average,100,390.0,0.53,0,8,7,0
Municipality_Costs_[MEUR],00_08_07_00,D&G,average,20,150.0,0.44,0,8,7,0
Municipality_Costs_[MEUR],00_08_07_00,D&G,average,60,360.0,0.65,0,8,7,0
Municipality_Costs_[MEUR],00_08_07_00,D&G,average,100,390.0,0.53,0,8,7,0
Municipality_Costs_[MEUR],00_08_07_00,D&G&Wp,average,20,150.0,0.44,0,8,7,0
Municipality_Costs_[MEUR],00_08_07_00,D&G&Wp,average,60,360.0,0.65,0,8,7,0
Municipality_Costs_[MEUR],00_08_07_00,D&G&Wp,average,100,390.0,0.53,0,8,7,0
Municipality_Costs_[MEUR],00_08_07_00,D&Wp,average,20,150.0,0.44,0,8,7,0
Municipality_Costs_[MEUR],00_08_07_00,D&Wp,average,60,360.0,0.65,0,8,7,0
Municipality_Costs_[MEUR],00_08_07_00,D&Wp,average,100,390.0,0.53,0,8,7,0
Municipality_Costs_[MEUR],00_08_07_00,G,average,20,150.0,0.44,0,8,7,0
Municipality_Costs_[MEUR],00_08_07_00,G,average,60,360.0,0.65,0,8,7,0
Municipality_Costs_[MEUR],00_08_07_00,G,average,100,390.0,0.53,0,8,7,0
Municipality_Costs_[MEUR],00_08_07_00,G&Wp,average,20,150.0,0.44,0,8,7,0
Municipality_Costs_[MEUR],00_08_07_00,G&Wp,average,60,360.0,0.65,0,8,7,0
Municipality_Costs_[MEUR],00_08_07_00,G&Wp,average,100,390.0,0.53,0,8,7,0
Municipality_Costs_[MEUR],00_08_07_00,Wp,average,20,150.0,0.44,0,8,7,0
Municipality_Costs_[MEUR],00_08_07_00,Wp,average,60,360.0,0.65,0,8,7,0
Municipality_Costs_[MEUR],00_08_07_00,Wp,average,100,390.0,0.53,0,8,7,0
Municipality_Costs_[MEUR],00_08_09_00,D,average,20,80.0,0.22,0,8,9,0
Municipality_Costs_[MEUR],00_08_09_00,D,average,60,160.0,0.28,0,8,9,0
Municipality_Costs_[MEUR],00_08_09_00,D,average,100,160.0,0.21,0,8,9,0
Municipality_Costs_[MEUR],00_08_09_00,D&G,average,20,80.0,0.22,0,8,9,0
Municipality_Costs_[MEUR],00_08_09_00,D&G,average,60,160.0,0.28,0,8,9,0
Municipality_Costs_[MEUR],00_08_09_00,D&G,average,100,160.0,0.21,0,8,9,0
Municipality_Costs_[MEUR],00_08_09_00,D&G&Wp,average,20,80.0,0.22,0,8,9,0
Municipality_Costs_[MEUR],00_08_09_00,D&G&Wp,average,60,160.0,0.28,0,8,9,0
Municipality_Costs_[MEUR],00_08_09_00,D&G&Wp,average,100,160.0,0.22,0,8,9,0
Municipality_Costs_[MEUR],00_08_09_00,D&Wp,average,20,80.0,0.22,0,8,9,0
Municipality_Costs_[MEUR],00_08_09_00,D&Wp,average,60,160.0,0.28,0,8,9,0
Municipality_Costs_[MEUR],00_08_09_00,D&Wp,average,100,160.0,0.22,0,8,9,0
Municipality_Costs_[MEUR],00_08_09_00,G,average,20,80.0,0.22,0,8,9,0
Municipality_Costs_[MEUR],00_08_09_00,G,average,60,160.0,0.28,0,8,9,0
Municipality_Costs_[MEUR],00_08_09_00,G,average,100,160.0,0.21,0,8,9,0
Municipality_Costs_[MEUR],00_08_09_00,G&Wp,average,20,80.0,0.22,0,8,9,0
Municipality_Costs_[MEUR],00_08_09_00,G&Wp,average,60,160.0,0.28,0,8,9,0
Municipality_Costs_[MEUR],00_08_09_00,G&Wp,average,100,160.0,0.22,0,8,9,0
Municipality_Costs_[MEUR],00_08_09_00,Wp,average,20,80.0,0.22,0,8,9,0
Municipality_Costs_[MEUR],00_08_09_00,Wp,average,60,160.0,0.28,0,8,9,0
Municipality_Costs_[MEUR],00_08_09_00,Wp,average,100,170.0,0.23,0,8,9,0
Municipality_Costs_[MEUR],00_08_11_00,D,average,20,30.0,0.07,0,8,11,0
Municipality_Costs_[MEUR],00_08_11_00,D,average,60,200.0,0.35,0,8,11,0
Municipality_Costs_[MEUR],00_08_11_00,D,average,100,460.0,0.63,0,8,11,0
Municipality_Costs_[MEUR],00_08_11_00,D&G,average,20,30.0,0.07,0,8,11,0
Municipality_Costs_[MEUR],00_08_11_00,D&G,average,60,200.0,0.35,0,8,11,0
Municipality_Costs_[MEUR],00_08_11_00,D&G,average,100,460.0,0.63,0,8,11,0
Municipality_Costs_[MEUR],00_08_11_00,D&G&Wp,average,20,30.0,0.07,0,8,11,0
Municipality_Costs_[MEUR],00_08_11_00,D&G&Wp,average,60,200.0,0.36,0,8,11,0
Municipality_Costs_[MEUR],00_08_11_00,D&G&Wp,average,100,460.0,0.64,0,8,11,0
Municipality_Costs_[MEUR],00_08_11_00,D&Wp,average,20,30.0,0.07,0,8,11,0
Municipality_Costs_[MEUR],00_08_11_00,D&Wp,average,60,210.0,0.36,0,8,11,0
Municipality_Costs_[MEUR],00_08_11_00,D&Wp,average,100,470.0,0.64,0,8,11,0
Municipality_Costs_[MEUR],00_08_11_00,G,average,20,30.0,0.07,0,8,11,0
Municipality_Costs_[MEUR],00_08_11_00,G,average,60,200.0,0.36,0,8,11,0
Municipality_Costs_[MEUR],00_08_11_00,G,average,100,460.0,0.63,0,8,11,0
Municipality_Costs_[MEUR],00_08_11_00,G&Wp,average,20,30.0,0.07,0,8,11,0
Municipality_Costs_[MEUR],00_08_11_00,G&Wp,average,60,210.0,0.37,0,8,11,0
Municipality_Costs_[MEUR],00_08_11_00,G&Wp,average,100,470.0,0.64,0,8,11,0
Municipality_Costs_[MEUR],00_08_11_00,Wp,average,20,30.0,0.07,0,8,11,0
Municipality_Costs_[MEUR],00_08_11_00,Wp,average,60,210.0,0.38,0,8,11,0
Municipality_Costs_[MEUR],00_08_11_00,Wp,average,100,470.0,0.65,0,8,11,0
Municipality_Costs_[MEUR],00_08_13_00,D,average,20,30.0,0.09,0,8,13,0
Municipality_Costs_[MEUR],00_08_13_00,D,average,60,230.0,0.41,0,8,13,0
Municipality_Costs_[MEUR],00_08_13_00,D,average,100,590.0,0.82,0,8,13,0
Municipality_Costs_[MEUR],00_08_13_00,D&G,average,20,30.0,0.09,0,8,13,0
Municipality_Costs_[MEUR],00_08_13_00,D&G,average,60,250.0,0.44,0,8,13,0
Municipality_Costs_[MEUR],00_08_13_00,D&G,average,100,610.0,0.84,0,8,13,0
Municipality_Costs_[MEUR],00_08_13_00,D&G&Wp,average,20,30.0,0.09,0,8,13,0
Municipality_Costs_[MEUR],00_08_13_00,D&G&Wp,average,60,270.0,0.49,0,8,13,0
Municipality_Costs_[MEUR],00_08_13_00,D&G&Wp,average,100,620.0,0.86,0,8,13,0
Municipality_Costs_[MEUR],00_08_13_00,D&Wp,average,20,30.0,0.09,0,8,13,0
Municipality_Costs_[MEUR],00_08_13_00,D&Wp,average,60,280.0,0.49,0,8,13,0
Municipality_Costs_[MEUR],00_08_13_00,D&Wp,average,100,620.0,0.86,0,8,13,0
Municipality_Costs_[MEUR],00_08_13_00,G,average,20,30.0,0.09,0,8,13,0
Municipality_Costs_[MEUR],00_08_13_00,G,average,60,270.0,0.48,0,8,13,0
Municipality_Costs_[MEUR],00_08_13_00,G,average,100,630.0,0.86,0,8,13,0
Municipality_Costs_[MEUR],00_08_13_00,G&Wp,average,20,30.0,0.09,0,8,13,0
Municipality_Costs_[MEUR],00_08_13_00,G&Wp,average,60,290.0,0.53,0,8,13,0
Municipality_Costs_[MEUR],00_08_13_00,G&Wp,average,100,640.0,0.88,0,8,13,0
Municipality_Costs_[MEUR],00_08_13_00,Wp,average,20,30.0,0.09,0,8,13,0
Municipality_Costs_[MEUR],00_08_13_00,Wp,average,60,320.0,0.58,0,8,13,0
Municipality_Costs_[MEUR],00_08_13_00,Wp,average,100,650.0,0.9,0,8,13,0
Municipality_Costs_[MEUR],00_09_00_00,D,average,20,0.0,0.0,0,9,0,0
Municipality_Costs_[MEUR],00_09_00_00,D,average,60,0.0,0.0,0,9,0,0
Municipality_Costs_[MEUR],00_09_00_00,D,average,100,0.0,0.0,0,9,0,0
Municipality_Costs_[MEUR],00_09_00_00,D&G,average,20,0.0,0.0,0,9,0,0
Municipality_Costs_[MEUR],00_09_00_00,D&G,average,60,0.0,0.0,0,9,0,0
Municipality_Costs_[MEUR],00_09_00_00,D&G,average,100,0.0,0.0,0,9,0,0
Municipality_Costs_[MEUR],00_09_00_00,D&G&Wp,average,20,0.0,0.0,0,9,0,0
Municipality_Costs_[MEUR],00_09_00_00,D&G&Wp,average,60,0.0,0.0,0,9,0,0
Municipality_Costs_[MEUR],00_09_00_00,D&G&Wp,average,100,0.0,0.0,0,9,0,0
Municipality_Costs_[MEUR],00_09_00_00,D&Wp,average,20,0.0,0.0,0,9,0,0
Municipality_Costs_[MEUR],00_09_00_00,D&Wp,average,60,0.0,0.0,0,9,0,0
Municipality_Costs_[MEUR],00_09_00_00,D&Wp,average,100,0.0,0.0,0,9,0,0
Municipality_Costs_[MEUR],00_09_00_00,G,average,20,0.0,0.0,0,9,0,0
Municipality_Costs_[MEUR],00_09_00_00,G,average,60,0.0,0.0,0,9,0,0
Municipality_Costs_[MEUR],00_09_00_00,G,average,100,0.0,0.0,0,9,0,0
Municipality_Costs_[MEUR],00_09_00_00,G&Wp,average,20,0.0,0.0,0,9,0,0
Municipality_Costs_[MEUR],00_09_00_00,G&Wp,average,60,0.0,0.0,0,9,0,0
Municipality_Costs_[MEUR],00_09_00_00,G&Wp,average,100,0.0,0.0,0,9,0,0
Municipality_Costs_[MEUR],00_09_00_00,Wp,average,20,0.0,0.0,0,9,0,0
Municipality_Costs_[MEUR],00_09_00_00,Wp,average,60,0.0,0.0,0,9,0,0
Municipality_Costs_[MEUR],00_09_00_00,Wp,average,100,0.0,0.0,0,9,0,0
Municipality_Costs_[MEUR],00_09_01_00,D,average,20,30.0,0.07,0,9,1,0
Municipality_Costs_[MEUR],00_09_01_00,D,average,60,120.0,0.21,0,9,1,0
Municipality_Costs_[MEUR],00_09_01_00,D,average,100,230.0,0.31,0,9,1,0
Municipality_Costs_[MEUR],00_09_01_00,D&G,average,20,30.0,0.07,0,9,1,0
Municipality_Costs_[MEUR],00_09_01_00,D&G,average,60,120.0,0.21,0,9,1,0
Municipality_Costs_[MEUR],00_09_01_00,D&G,average,100,230.0,0.32,0,9,1,0
Municipality_Costs_[MEUR],00_09_01_00,D&G&Wp,average,20,30.0,0.06,0,9,1,0
Municipality_Costs_[MEUR],00_09_01_00,D&G&Wp,average,60,130.0,0.23,0,9,1,0
Municipality_Costs_[MEUR],00_09_01_00,D&G&Wp,average,100,240.0,0.32,0,9,1,0
Municipality_Costs_[MEUR],00_09_01_00,D&Wp,average,20,30.0,0.06,0,9,1,0
Municipality_Costs_[MEUR],00_09_01_00,D&Wp,average,60,130.0,0.23,0,9,1,0
Municipality_Costs_[MEUR],00_09_01_00,D&Wp,average,100,230.0,0.32,0,9,1,0
Municipality_Costs_[MEUR],00_09_01_00,G,average,20,30.0,0.07,0,9,1,0
Municipality_Costs_[MEUR],00_09_01_00,G,average,60,120.0,0.21,0,9,1,0
Municipality_Costs_[MEUR],00_09_01_00,G,average,100,240.0,0.33,0,9,1,0
Municipality_Costs_[MEUR],00_09_01_00,G&Wp,average,20,30.0,0.06,0,9,1,0
Municipality_Costs_[MEUR],00_09_01_00,G&Wp,average,60,130.0,0.24,0,9,1,0
Municipality_Costs_[MEUR],00_09_01_00,G&Wp,average,100,240.0,0.33,0,9,1,0
Municipality_Costs_[MEUR],00_09_01_00,Wp,average,20,30.0,0.06,0,9,1,0
Municipality_Costs_[MEUR],00_09_01_00,Wp,average,60,150.0,0.26,0,9,1,0
Municipality_Costs_[MEUR],00_09_01_00,Wp,average,100,240.0,0.33,0,9,1,0
Municipality_Costs_[MEUR],00_09_03_00,D,average,20,30.0,0.08,0,9,3,0
Municipality_Costs_[MEUR],00_09_03_00,D,average,60,120.0,0.21,0,9,3,0
Municipality_Costs_[MEUR],00_09_03_00,D,average,100,220.0,0.3,0,9,3,0
Municipality_Costs_[MEUR],00_09_03_00,D&G,average,20,30.0,0.08,0,9,3,0
Municipality_Costs_[MEUR],00_09_03_00,D&G,average,60,120.0,0.21,0,9,3,0
Municipality_Costs_[MEUR],00_09_03_00,D&G,average,100,230.0,0.31,0,9,3,0
Municipality_Costs_[MEUR],00_09_03_00,D&G&Wp,average,20,30.0,0.08,0,9,3,0
Municipality_Costs_[MEUR],00_09_03_00,D&G&Wp,average,60,130.0,0.22,0,9,3,0
Municipality_Costs_[MEUR],00_09_03_00,D&G&Wp,average,100,230.0,0.31,0,9,3,0
Municipality_Costs_[MEUR],00_09_03_00,D&Wp,average,20,30.0,0.07,0,9,3,0
Municipality_Costs_[MEUR],00_09_03_00,D&Wp,average,60,130.0,0.23,0,9,3,0
Municipality_Costs_[MEUR],00_09_03_00,D&Wp,average,100,230.0,0.31,0,9,3,0
Municipality_Costs_[MEUR],00_09_03_00,G,average,20,30.0,0.08,0,9,3,0
Municipality_Costs_[MEUR],00_09_03_00,G,average,60,120.0,0.21,0,9,3,0
Municipality_Costs_[MEUR],00_09_03_00,G,average,100,230.0,0.32,0,9,3,0
Municipality_Costs_[MEUR],00_09_03_00,G&Wp,average,20,30.0,0.07,0,9,3,0
Municipality_Costs_[MEUR],00_09_03_00,G&Wp,average,60,130.0,0.23,0,9,3,0
Municipality_Costs_[MEUR],00_09_03_00,G&Wp,average,100,230.0,0.32,0,9,3,0
Municipality_Costs_[MEUR],00_09_03_00,Wp,average,20,30.0,0.07,0,9,3,0
Municipality_Costs_[MEUR],00_09_03_00,Wp,average,60,140.0,0.25,0,9,3,0
Municipality_Costs_[MEUR],00_09_03_00,Wp,average,100,230.0,0.32,0,9,3,0
Municipality_Costs_[MEUR],00_09_05_00,D,average,20,60.0,0.17,0,9,5,0
Municipality_Costs_[MEUR],00_09_05_00,D,average,60,150.0,0.26,0,9,5,0
Municipality_Costs_[MEUR],00_09_05_00,D,average,100,160.0,0.21,0,9,5,0
Municipality_Costs_[MEUR],00_09_05_00,D&G,average,20,60.0,0.17,0,9,5,0
Municipality_Costs_[MEUR],00_09_05_00,D&G,average,60,150.0,0.26,0,9,5,0
Municipality_Costs_[MEUR],00_09_05_00,D&G,average,100,160.0,0.21,0,9,5,0
Municipality_Costs_[MEUR],00_09_05_00,D&G&Wp,average,20,60.0,0.16,0,9,5,0
Municipality_Costs_[MEUR],00_09_05_00,D&G&Wp,average,60,150.0,0.26,0,9,5,0
Municipality_Costs_[MEUR],00_09_05_00,D&G&Wp,average,100,160.0,0.21,0,9,5,0
Municipality_Costs_[MEUR],00_09_05_00,D&Wp,average,20,60.0,0.15,0,9,5,0
Municipality_Costs_[MEUR],00_09_05_00,D&Wp,average,60,150.0,0.26,0,9,5,0
Municipality_Costs_[MEUR],00_09_05_00,D&Wp,average,100,160.0,0.21,0,9,5,0
Municipality_Costs_[MEUR],00_09_05_00,G,average,20,60.0,0.17,0,9,5,0
Municipality_Costs_[MEUR],00_09_05_00,G,average,60,150.0,0.26,0,9,5,0
Municipality_Costs_[MEUR],00_09_05_00,G,average,100,160.0,0.21,0,9,5,0
Municipality_Costs_[MEUR],00_09_05_00,G&Wp,average,20,60.0,0.15,0,9,5,0
Municipality_Costs_[MEUR],00_09_05_00,G&Wp,average,60,150.0,0.26,0,9,5,0
Municipality_Costs_[MEUR],00_09_05_00,G&Wp,average,100,160.0,0.21,0,9,5,0
Municipality_Costs_[MEUR],00_09_05_00,Wp,average,20,50.0,0.14,0,9,5,0
Municipality_Costs_[MEUR],00_09_05_00,Wp,average,60,150.0,0.26,0,9,5,0
Municipality_Costs_[MEUR],00_09_05_00,Wp,average,100,160.0,0.21,0,9,5,0
Municipality_Costs_[MEUR],00_09_07_00,D,average,20,150.0,0.44,0,9,7,0
Municipality_Costs_[MEUR],00_09_07_00,D,average,60,350.0,0.63,0,9,7,0
Municipality_Costs_[MEUR],00_09_07_00,D,average,100,390.0,0.53,0,9,7,0
Municipality_Costs_[MEUR],00_09_07_00,D&G,average,20,150.0,0.44,0,9,7,0
Municipality_Costs_[MEUR],00_09_07_00,D&G,average,60,360.0,0.64,0,9,7,0
Municipality_Costs_[MEUR],00_09_07_00,D&G,average,100,390.0,0.53,0,9,7,0
Municipality_Costs_[MEUR],00_09_07_00,D&G&Wp,average,20,140.0,0.41,0,9,7,0
Municipality_Costs_[MEUR],00_09_07_00,D&G&Wp,average,60,350.0,0.63,0,9,7,0
Municipality_Costs_[MEUR],00_09_07_00,D&G&Wp,average,100,390.0,0.53,0,9,7,0
Municipality_Costs_[MEUR],00_09_07_00,D&Wp,average,20,140.0,0.4,0,9,7,0
Municipality_Costs_[MEUR],00_09_07_00,D&Wp,average,60,350.0,0.62,0,9,7,0
Municipality_Costs_[MEUR],00_09_07_00,D&Wp,average,100,390.0,0.53,0,9,7,0
Municipality_Costs_[MEUR],00_09_07_00,G,average,20,150.0,0.44,0,9,7,0
Municipality_Costs_[MEUR],00_09_07_00,G,average,60,360.0,0.65,0,9,7,0
Municipality_Costs_[MEUR],00_09_07_00,G,average,100,390.0,0.53,0,9,7,0
Municipality_Costs_[MEUR],00_09_07_00,G&Wp,average,20,140.0,0.4,0,9,7,0
Municipality_Costs_[MEUR],00_09_07_00,G&Wp,average,60,350.0,0.63,0,9,7,0
Municipality_Costs_[MEUR],00_09_07_00,G&Wp,average,100,390.0,0.53,0,9,7,0
Municipality_Costs_[MEUR],00_09_07_00,Wp,average,20,120.0,0.36,0,9,7,0
Municipality_Costs_[MEUR],00_09_07_00,Wp,average,60,340.0,0.61,0,9,7,0
Municipality_Costs_[MEUR],00_09_07_00,Wp,average,100,390.0,0.53,0,9,7,0
Municipality_Costs_[MEUR],00_09_09_00,D,average,20,80.0,0.22,0,9,9,0
Municipality_Costs_[MEUR],00_09_09_00,D,average,60,160.0,0.28,0,9,9,0
Municipality_Costs_[MEUR],00_09_09_00,D,average,100,160.0,0.21,0,9,9,0
Municipality_Costs_[MEUR],00_09_09_00,D&G,average,20,80.0,0.22,0,9,9,0
Municipality_Costs_[MEUR],00_09_09_00,D&G,average,60,160.0,0.28,0,9,9,0
Municipality_Costs_[MEUR],00_09_09_00,D&G,average,100,160.0,0.21,0,9,9,0
Municipality_Costs_[MEUR],00_09_09_00,D&G&Wp,average,20,70.0,0.2,0,9,9,0
Municipality_Costs_[MEUR],00_09_09_00,D&G&Wp,average,60,160.0,0.28,0,9,9,0
Municipality_Costs_[MEUR],00_09_09_00,D&G&Wp,average,100,160.0,0.22,0,9,9,0
Municipality_Costs_[MEUR],00_09_09_00,D&Wp,average,20,70.0,0.19,0,9,9,0
Municipality_Costs_[MEUR],00_09_09_00,D&Wp,average,60,160.0,0.28,0,9,9,0
Municipality_Costs_[MEUR],00_09_09_00,D&Wp,average,100,160.0,0.22,0,9,9,0
Municipality_Costs_[MEUR],00_09_09_00,G,average,20,80.0,0.22,0,9,9,0
Municipality_Costs_[MEUR],00_09_09_00,G,average,60,160.0,0.28,0,9,9,0
Municipality_Costs_[MEUR],00_09_09_00,G,average,100,160.0,0.21,0,9,9,0
Municipality_Costs_[MEUR],00_09_09_00,G&Wp,average,20,70.0,0.19,0,9,9,0
Municipality_Costs_[MEUR],00_09_09_00,G&Wp,average,60,160.0,0.28,0,9,9,0
Municipality_Costs_[MEUR],00_09_09_00,G&Wp,average,100,160.0,0.22,0,9,9,0
Municipality_Costs_[MEUR],00_09_09_00,Wp,average,20,60.0,0.17,0,9,9,0
Municipality_Costs_[MEUR],00_09_09_00,Wp,average,60,160.0,0.28,0,9,9,0
Municipality_Costs_[MEUR],00_09_09_00,Wp,average,100,170.0,0.23,0,9,9,0
Municipality_Costs_[MEUR],00_09_11_00,D,average,20,30.0,0.07,0,9,11,0
Municipality_Costs_[MEUR],00_09_11_00,D,average,60,190.0,0.34,0,9,11,0
Municipality_Costs_[MEUR],00_09_11_00,D,average,100,440.0,0.61,0,9,11,0
Municipality_Costs_[MEUR],00_09_11_00,D&G,average,20,30.0,0.07,0,9,11,0
Municipality_Costs_[MEUR],00_09_11_00,D&G,average,60,190.0,0.34,0,9,11,0
Municipality_Costs_[MEUR],00_09_11_00,D&G,average,100,450.0,0.62,0,9,11,0
Municipality_Costs_[MEUR],00_09_11_00,D&G&Wp,average,20,30.0,0.07,0,9,11,0
Municipality_Costs_[MEUR],00_09_11_00,D&G&Wp,average,60,200.0,0.35,0,9,11,0
Municipality_Costs_[MEUR],00_09_11_00,D&G&Wp,average,100,450.0,0.62,0,9,11,0
Municipality_Costs_[MEUR],00_09_11_00,D&Wp,average,20,30.0,0.07,0,9,11,0
Municipality_Costs_[MEUR],00_09_11_00,D&Wp,average,60,200.0,0.35,0,9,11,0
Municipality_Costs_[MEUR],00_09_11_00,D&Wp,average,100,460.0,0.63,0,9,11,0
Municipality_Costs_[MEUR],00_09_11_00,G,average,20,30.0,0.07,0,9,11,0
Municipality_Costs_[MEUR],00_09_11_00,G,average,60,190.0,0.34,0,9,11,0
Municipality_Costs_[MEUR],00_09_11_00,G,average,100,450.0,0.62,0,9,11,0
Municipality_Costs_[MEUR],00_09_11_00,G&Wp,average,20,30.0,0.07,0,9,11,0
Municipality_Costs_[MEUR],00_09_11_00,G&Wp,average,60,200.0,0.35,0,9,11,0
Municipality_Costs_[MEUR],00_09_11_00,G&Wp,average,100,460.0,0.63,0,9,11,0
Municipality_Costs_[MEUR],00_09_11_00,Wp,average,20,30.0,0.06,0,9,11,0
Municipality_Costs_[MEUR],00_09_11_00,Wp,average,60,200.0,0.36,0,9,11,0
Municipality_Costs_[MEUR],00_09_11_00,Wp,average,100,470.0,0.64,0,9,11,0
Municipality_Costs_[MEUR],00_09_13_00,D,average,20,30.0,0.09,0,9,13,0
Municipality_Costs_[MEUR],00_09_13_00,D,average,60,220.0,0.4,0,9,13,0
Municipality_Costs_[MEUR],00_09_13_00,D,average,100,560.0,0.77,0,9,13,0
Municipality_Costs_[MEUR],00_09_13_00,D&G,average,20,30.0,0.09,0,9,13,0
Municipality_Costs_[MEUR],00_09_13_00,D&G,average,60,230.0,0.41,0,9,13,0
Municipality_Costs_[MEUR],00_09_13_00,D&G,average,100,590.0,0.82,0,9,13,0
Municipality_Costs_[MEUR],00_09_13_00,D&G&Wp,average,20,30.0,0.08,0,9,13,0
Municipality_Costs_[MEUR],00_09_13_00,D&G&Wp,average,60,250.0,0.45,0,9,13,0
Municipality_Costs_[MEUR],00_09_13_00,D&G&Wp,average,100,610.0,0.84,0,9,13,0
Municipality_Costs_[MEUR],00_09_13_00,D&Wp,average,20,30.0,0.08,0,9,13,0
Municipality_Costs_[MEUR],00_09_13_00,D&Wp,average,60,260.0,0.46,0,9,13,0
Municipality_Costs_[MEUR],00_09_13_00,D&Wp,average,100,610.0,0.83,0,9,13,0
Municipality_Costs_[MEUR],00_09_13_00,G,average,20,30.0,0.09,0,9,13,0
Municipality_Costs_[MEUR],00_09_13_00,G,average,60,240.0,0.42,0,9,13,0
Municipality_Costs_[MEUR],00_09_13_00,G,average,100,620.0,0.86,0,9,13,0
Municipality_Costs_[MEUR],00_09_13_00,G&Wp,average,20,30.0,0.08,0,9,13,0
Municipality_Costs_[MEUR],00_09_13_00,G&Wp,average,60,270.0,0.47,0,9,13,0
Municipality_Costs_[MEUR],00_09_13_00,G&Wp,average,100,640.0,0.88,0,9,13,0
Municipality_Costs_[MEUR],00_09_13_00,Wp,average,20,30.0,0.07,0,9,13,0
Municipality_Costs_[MEUR],00_09_13_00,Wp,average,60,290.0,0.52,0,9,13,0
Municipality_Costs_[MEUR],00_09_13_00,Wp,average,100,650.0,0.9,0,9,13,0
Impacted_Buildings_[#],00_00_00_00,D,average,20,680.0,1.0,0,0,0,0
Impacted_Buildings_[#],00_00_00_00,D,average,60,2370.0,1.0,0,0,0,0
Impacted_Buildings_[#],00_00_00_00,D,average,100,3930.0,1.0,0,0,0,0
Impacted_Buildings_[#],00_00_00_00,D&G,average,20,740.0,1.0,0,0,0,0
Impacted_Buildings_[#],00_00_00_00,D&G,average,60,2710.0,1.0,0,0,0,0
Impacted_Buildings_[#],00_00_00_00,D&G,average,100,4860.0,1.0,0,0,0,0
Impacted_Buildings_[#],00_00_00_00,D&G&Wp,average,20,790.0,1.0,0,0,0,0
Impacted_Buildings_[#],00_00_00_00,D&G&Wp,average,60,3280.0,1.0,0,0,0,0
Impacted_Buildings_[#],00_00_00_00,D&G&Wp,average,100,6680.0,1.0,0,0,0,0
Impacted_Buildings_[#],00_00_00_00,D&Wp,average,20,780.0,1.0,0,0,0,0
Impacted_Buildings_[#],00_00_00_00,D&Wp,average,60,3400.0,1.0,0,0,0,0
Impacted_Buildings_[#],00_00_00_00,D&Wp,average,100,7120.0,1.0,0,0,0,0
Impacted_Buildings_[#],00_00_00_00,G,average,20,800.0,1.0,0,0,0,0
Impacted_Buildings_[#],00_00_00_00,G,average,60,3060.0,1.0,0,0,0,0
Impacted_Buildings_[#],00_00_00_00,G,average,100,5800.0,1.0,0,0,0,0
Impacted_Buildings_[#],00_00_00_00,G&Wp,average,20,840.0,1.0,0,0,0,0
Impacted_Buildings_[#],00_00_00_00,G&Wp,average,60,3740.0,1.0,0,0,0,0
Impacted_Buildings_[#],00_00_00_00,G&Wp,average,100,8050.0,1.0,0,0,0,0
Impacted_Buildings_[#],00_00_00_00,Wp,average,20,880.0,1.0,0,0,0,0
Impacted_Buildings_[#],00_00_00_00,Wp,average,60,4420.0,1.0,0,0,0,0
Impacted_Buildings_[#],00_00_00_00,Wp,average,100,10310.0,1.0,0,0,0,0
Impacted_Buildings_[#],00_00_01_00,D,average,20,660.0,0.97,0,0,1,0
Impacted_Buildings_[#],00_00_01_00,D,average,60,1960.0,0.83,0,0,1,0
Impacted_Buildings_[#],00_00_01_00,D,average,100,2320.0,0.59,0,0,1,0
Impacted_Buildings_[#],00_00_01_00,D&G,average,20,720.0,0.97,0,0,1,0
Impacted_Buildings_[#],00_00_01_00,D&G,average,60,2200.0,0.81,0,0,1,0
Impacted_Buildings_[#],00_00_01_00,D&G,average,100,2580.0,0.53,0,0,1,0
Impacted_Buildings_[#],00_00_01_00,D&G&Wp,average,20,760.0,0.97,0,0,1,0
Impacted_Buildings_[#],00_00_01_00,D&G&Wp,average,60,2600.0,0.79,0,0,1,0
Impacted_Buildings_[#],00_00_01_00,D&G&Wp,average,100,2890.0,0.43,0,0,1,0
Impacted_Buildings_[#],00_00_01_00,D&Wp,average,20,760.0,0.97,0,0,1,0
Impacted_Buildings_[#],00_00_01_00,D&Wp,average,60,2680.0,0.79,0,0,1,0
Impacted_Buildings_[#],00_00_01_00,D&Wp,average,100,2920.0,0.41,0,0,1,0
Impacted_Buildings_[#],00_00_01_00,G,average,20,780.0,0.97,0,0,1,0
Impacted_Buildings_[#],00_00_01_00,G,average,60,2450.0,0.8,0,0,1,0
Impacted_Buildings_[#],00_00_01_00,G,average,100,2840.0,0.49,0,0,1,0
Impacted_Buildings_[#],00_00_01_00,G&Wp,average,20,820.0,0.97,0,0,1,0
Impacted_Buildings_[#],00_00_01_00,G&Wp,average,60,2920.0,0.78,0,0,1,0
Impacted_Buildings_[#],00_00_01_00,G&Wp,average,100,3180.0,0.39,0,0,1,0
Impacted_Buildings_[#],00_00_01_00,Wp,average,20,860.0,0.97,0,0,1,0
Impacted_Buildings_[#],00_00_01_00,Wp,average,60,3390.0,0.77,0,0,1,0
Impacted_Buildings_[#],00_00_01_00,Wp,average,100,3520.0,0.34,0,0,1,0
Impacted_Buildings_[#],00_00_03_00,D,average,20,630.0,0.93,0,0,3,0
Impacted_Buildings_[#],00_00_03_00,D,average,60,1920.0,0.81,0,0,3,0
Impacted_Buildings_[#],00_00_03_00,D,average,100,2270.0,0.58,0,0,3,0
Impacted_Buildings_[#],00_00_03_00,D&G,average,20,680.0,0.93,0,0,3,0
Impacted_Buildings_[#],00_00_03_00,D&G,average,60,2150.0,0.79,0,0,3,0
Impacted_Buildings_[#],00_00_03_00,D&G,average,100,2520.0,0.52,0,0,3,0
Impacted_Buildings_[#],00_00_03_00,D&G&Wp,average,20,730.0,0.93,0,0,3,0
Impacted_Buildings_[#],00_00_03_00,D&G&Wp,average,60,2540.0,0.77,0,0,3,0
Impacted_Buildings_[#],00_00_03_00,D&G&Wp,average,100,2830.0,0.42,0,0,3,0
Impacted_Buildings_[#],00_00_03_00,D&Wp,average,20,720.0,0.92,0,0,3,0
Impacted_Buildings_[#],00_00_03_00,D&Wp,average,60,2620.0,0.77,0,0,3,0
Impacted_Buildings_[#],00_00_03_00,D&Wp,average,100,2860.0,0.4,0,0,3,0
Impacted_Buildings_[#],00_00_03_00,G,average,20,740.0,0.93,0,0,3,0
Impacted_Buildings_[#],00_00_03_00,G,average,60,2390.0,0.78,0,0,3,0
Impacted_Buildings_[#],00_00_03_00,G,average,100,2770.0,0.48,0,0,3,0
Impacted_Buildings_[#],00_00_03_00,G&Wp,average,20,780.0,0.92,0,0,3,0
Impacted_Buildings_[#],00_00_03_00,G&Wp,average,60,2850.0,0.76,0,0,3,0
Impacted_Buildings_[#],00_00_03_00,G&Wp,average,100,3110.0,0.39,0,0,3,0
Impacted_Buildings_[#],00_00_03_00,Wp,average,20,810.0,0.92,0,0,3,0
Impacted_Buildings_[#],00_00_03_00,Wp,average,60,3320.0,0.75,0,0,3,0
Impacted_Buildings_[#],00_00_03_00,Wp,average,100,3440.0,0.33,0,0,3,0
Impacted_Buildings_[#],00_00_05_00,D,average,20,200.0,0.29,0,0,5,0
Impacted_Buildings_[#],00_00_05_00,D,average,60,700.0,0.29,0,0,5,0
Impacted_Buildings_[#],00_00_05_00,D,average,100,740.0,0.19,0,0,5,0
Impacted_Buildings_[#],00_00_05_00,D&G,average,20,210.0,0.28,0,0,5,0
Impacted_Buildings_[#],00_00_05_00,D&G,average,60,760.0,0.28,0,0,5,0
Impacted_Buildings_[#],00_00_05_00,D&G,average,100,800.0,0.16,0,0,5,0
Impacted_Buildings_[#],00_00_05_00,D&G&Wp,average,20,220.0,0.27,0,0,5,0
Impacted_Buildings_[#],00_00_05_00,D&G&Wp,average,60,840.0,0.25,0,0,5,0
Impacted_Buildings_[#],00_00_05_00,D&G&Wp,average,100,880.0,0.13,0,0,5,0
Impacted_Buildings_[#],00_00_05_00,D&Wp,average,20,210.0,0.27,0,0,5,0
Impacted_Buildings_[#],00_00_05_00,D&Wp,average,60,850.0,0.25,0,0,5,0
Impacted_Buildings_[#],00_00_05_00,D&Wp,average,100,890.0,0.12,0,0,5,0
Impacted_Buildings_[#],00_00_05_00,G,average,20,230.0,0.28,0,0,5,0
Impacted_Buildings_[#],00_00_05_00,G,average,60,820.0,0.27,0,0,5,0
Impacted_Buildings_[#],00_00_05_00,G,average,100,860.0,0.15,0,0,5,0
Impacted_Buildings_[#],00_00_05_00,G&Wp,average,20,230.0,0.26,0,0,5,0
Impacted_Buildings_[#],00_00_05_00,G&Wp,average,60,900.0,0.24,0,0,5,0
Impacted_Buildings_[#],00_00_05_00,G&Wp,average,100,950.0,0.12,0,0,5,0
Impacted_Buildings_[#],00_00_05_00,Wp,average,20,230.0,0.25,0,0,5,0
Impacted_Buildings_[#],00_00_05_00,Wp,average,60,990.0,0.22,0,0,5,0
Impacted_Buildings_[#],00_00_05_00,Wp,average,100,1030.0,0.1,0,0,5,0
Impacted_Buildings_[#],00_00_07_00,D,average,20,220.0,0.32,0,0,7,0
Impacted_Buildings_[#],00_00_07_00,D,average,60,930.0,0.39,0,0,7,0
Impacted_Buildings_[#],00_00_07_00,D,average,100,1030.0,0.26,0,0,7,0
Impacted_Buildings_[#],00_00_07_00,D&G,average,20,240.0,0.32,0,0,7,0
Impacted_Buildings_[#],00_00_07_00,D&G,average,60,990.0,0.36,0,0,7,0
Impacted_Buildings_[#],00_00_07_00,D&G,average,100,1060.0,0.22,0,0,7,0
Impacted_Buildings_[#],00_00_07_00,D&G&Wp,average,20,240.0,0.3,0,0,7,0
Impacted_Buildings_[#],00_00_07_00,D&G&Wp,average,60,1080.0,0.33,0,0,7,0
Impacted_Buildings_[#],00_00_07_00,D&G&Wp,average,100,1140.0,0.17,0,0,7,0
Impacted_Buildings_[#],00_00_07_00,D&Wp,average,20,240.0,0.3,0,0,7,0
Impacted_Buildings_[#],00_00_07_00,D&Wp,average,60,1090.0,0.32,0,0,7,0
Impacted_Buildings_[#],00_00_07_00,D&Wp,average,100,1160.0,0.16,0,0,7,0
Impacted_Buildings_[#],00_00_07_00,G,average,20,250.0,0.31,0,0,7,0
Impacted_Buildings_[#],00_00_07_00,G,average,60,1050.0,0.34,0,0,7,0
Impacted_Buildings_[#],00_00_07_00,G,average,100,1100.0,0.19,0,0,7,0
Impacted_Buildings_[#],00_00_07_00,G&Wp,average,20,250.0,0.29,0,0,7,0
Impacted_Buildings_[#],00_00_07_00,G&Wp,average,60,1150.0,0.31,0,0,7,0
Impacted_Buildings_[#],00_00_07_00,G&Wp,average,100,1200.0,0.15,0,0,7,0
Impacted_Buildings_[#],00_00_07_00,Wp,average,20,250.0,0.28,0,0,7,0
Impacted_Buildings_[#],00_00_07_00,Wp,average,60,1250.0,0.28,0,0,7,0
Impacted_Buildings_[#],00_00_07_00,Wp,average,100,1300.0,0.13,0,0,7,0
Impacted_Buildings_[#],00_00_09_00,D,average,20,200.0,0.29,0,0,9,0
Impacted_Buildings_[#],00_00_09_00,D,average,60,660.0,0.28,0,0,9,0
Impacted_Buildings_[#],00_00_09_00,D,average,100,660.0,0.17,0,0,9,0
Impacted_Buildings_[#],00_00_09_00,D&G,average,20,210.0,0.28,0,0,9,0
Impacted_Buildings_[#],00_00_09_00,D&G,average,60,710.0,0.26,0,0,9,0
Impacted_Buildings_[#],00_00_09_00,D&G,average,100,710.0,0.15,0,0,9,0
Impacted_Buildings_[#],00_00_09_00,D&G&Wp,average,20,220.0,0.27,0,0,9,0
Impacted_Buildings_[#],00_00_09_00,D&G&Wp,average,60,780.0,0.24,0,0,9,0
Impacted_Buildings_[#],00_00_09_00,D&G&Wp,average,100,800.0,0.12,0,0,9,0
Impacted_Buildings_[#],00_00_09_00,D&Wp,average,20,210.0,0.27,0,0,9,0
Impacted_Buildings_[#],00_00_09_00,D&Wp,average,60,790.0,0.23,0,0,9,0
Impacted_Buildings_[#],00_00_09_00,D&Wp,average,100,810.0,0.11,0,0,9,0
Impacted_Buildings_[#],00_00_09_00,G,average,20,230.0,0.28,0,0,9,0
Impacted_Buildings_[#],00_00_09_00,G,average,60,770.0,0.25,0,0,9,0
Impacted_Buildings_[#],00_00_09_00,G,average,100,770.0,0.13,0,0,9,0
Impacted_Buildings_[#],00_00_09_00,G&Wp,average,20,230.0,0.26,0,0,9,0
Impacted_Buildings_[#],00_00_09_00,G&Wp,average,60,850.0,0.23,0,0,9,0
Impacted_Buildings_[#],00_00_09_00,G&Wp,average,100,870.0,0.11,0,0,9,0
Impacted_Buildings_[#],00_00_09_00,Wp,average,20,230.0,0.25,0,0,9,0
Impacted_Buildings_[#],00_00_09_00,Wp,average,60,920.0,0.21,0,0,9,0
Impacted_Buildings_[#],00_00_09_00,Wp,average,100,960.0,0.09,0,0,9,0
Impacted_Buildings_[#],00_00_11_00,D,average,20,670.0,1.0,0,0,11,0
Impacted_Buildings_[#],00_00_11_00,D,average,60,2130.0,0.9,0,0,11,0
Impacted_Buildings_[#],00_00_11_00,D,average,100,3020.0,0.77,0,0,11,0
Impacted_Buildings_[#],00_00_11_00,D&G,average,20,740.0,1.0,0,0,11,0
Impacted_Buildings_[#],00_00_11_00,D&G,average,60,2400.0,0.88,0,0,11,0
Impacted_Buildings_[#],00_00_11_00,D&G,average,100,3290.0,0.68,0,0,11,0
Impacted_Buildings_[#],00_00_11_00,D&G&Wp,average,20,780.0,1.0,0,0,11,0
Impacted_Buildings_[#],00_00_11_00,D&G&Wp,average,60,2850.0,0.87,0,0,11,0
Impacted_Buildings_[#],00_00_11_00,D&G&Wp,average,100,3850.0,0.58,0,0,11,0
Impacted_Buildings_[#],00_00_11_00,D&Wp,average,20,780.0,1.0,0,0,11,0
Impacted_Buildings_[#],00_00_11_00,D&Wp,average,60,2950.0,0.87,0,0,11,0
Impacted_Buildings_[#],00_00_11_00,D&Wp,average,100,3990.0,0.56,0,0,11,0
Impacted_Buildings_[#],00_00_11_00,G,average,20,800.0,1.0,0,0,11,0
Impacted_Buildings_[#],00_00_11_00,G,average,60,2660.0,0.87,0,0,11,0
Impacted_Buildings_[#],00_00_11_00,G,average,100,3560.0,0.61,0,0,11,0
Impacted_Buildings_[#],00_00_11_00,G&Wp,average,20,840.0,1.0,0,0,11,0
Impacted_Buildings_[#],00_00_11_00,G&Wp,average,60,3220.0,0.86,0,0,11,0
Impacted_Buildings_[#],00_00_11_00,G&Wp,average,100,4260.0,0.53,0,0,11,0
Impacted_Buildings_[#],00_00_11_00,Wp,average,20,880.0,1.0,0,0,11,0
Impacted_Buildings_[#],00_00_11_00,Wp,average,60,3770.0,0.85,0,0,11,0
Impacted_Buildings_[#],00_00_11_00,Wp,average,100,4950.0,0.48,0,0,11,0
Impacted_Buildings_[#],00_00_13_00,D,average,20,630.0,0.93,0,0,13,0
Impacted_Buildings_[#],00_00_13_00,D,average,60,1930.0,0.81,0,0,13,0
Impacted_Buildings_[#],00_00_13_00,D,average,100,2560.0,0.65,0,0,13,0
Impacted_Buildings_[#],00_00_13_00,D&G,average,20,690.0,0.93,0,0,13,0
Impacted_Buildings_[#],00_00_13_00,D&G,average,60,2180.0,0.8,0,0,13,0
Impacted_Buildings_[#],00_00_13_00,D&G,average,100,2800.0,0.58,0,0,13,0
Impacted_Buildings_[#],00_00_13_00,D&G&Wp,average,20,730.0,0.93,0,0,13,0
Impacted_Buildings_[#],00_00_13_00,D&G&Wp,average,60,2540.0,0.77,0,0,13,0
Impacted_Buildings_[#],00_00_13_00,D&G&Wp,average,100,3060.0,0.46,0,0,13,0
Impacted_Buildings_[#],00_00_13_00,D&Wp,average,20,720.0,0.93,0,0,13,0
Impacted_Buildings_[#],00_00_13_00,D&Wp,average,60,2580.0,0.76,0,0,13,0
Impacted_Buildings_[#],00_00_13_00,D&Wp,average,100,3060.0,0.43,0,0,13,0
Impacted_Buildings_[#],00_00_13_00,G,average,20,740.0,0.93,0,0,13,0
Impacted_Buildings_[#],00_00_13_00,G,average,60,2440.0,0.8,0,0,13,0
Impacted_Buildings_[#],00_00_13_00,G,average,100,3050.0,0.53,0,0,13,0
Impacted_Buildings_[#],00_00_13_00,G&Wp,average,20,780.0,0.93,0,0,13,0
Impacted_Buildings_[#],00_00_13_00,G&Wp,average,60,2840.0,0.76,0,0,13,0
Impacted_Buildings_[#],00_00_13_00,G&Wp,average,100,3310.0,0.41,0,0,13,0
Impacted_Buildings_[#],00_00_13_00,Wp,average,20,820.0,0.93,0,0,13,0
Impacted_Buildings_[#],00_00_13_00,Wp,average,60,3240.0,0.73,0,0,13,0
Impacted_Buildings_[#],00_00_13_00,Wp,average,100,3570.0,0.35,0,0,13,0
Impacted_Buildings_[#],00_01_00_00,D,average,20,680.0,1.0,0,1,0,0
Impacted_Buildings_[#],00_01_00_00,D,average,60,2370.0,1.0,0,1,0,0
Impacted_Buildings_[#],00_01_00_00,D,average,100,3930.0,1.0,0,1,0,0
Impacted_Buildings_[#],00_01_00_00,D&G,average,20,740.0,1.0,0,1,0,0
Impacted_Buildings_[#],00_01_00_00,D&G,average,60,2710.0,1.0,0,1,0,0
Impacted_Buildings_[#],00_01_00_00,D&G,average,100,4860.0,1.0,0,1,0,0
Impacted_Buildings_[#],00_01_00_00,D&G&Wp,average,20,790.0,1.0,0,1,0,0
Impacted_Buildings_[#],00_01_00_00,D&G&Wp,average,60,3280.0,1.0,0,1,0,0
Impacted_Buildings_[#],00_01_00_00,D&G&Wp,average,100,6680.0,1.0,0,1,0,0
Impacted_Buildings_[#],00_01_00_00,D&Wp,average,20,780.0,1.0,0,1,0,0
Impacted_Buildings_[#],00_01_00_00,D&Wp,average,60,3400.0,1.0,0,1,0,0
Impacted_Buildings_[#],00_01_00_00,D&Wp,average,100,7120.0,1.0,0,1,0,0
Impacted_Buildings_[#],00_01_00_00,G,average,20,800.0,1.0,0,1,0,0
Impacted_Buildings_[#],00_01_00_00,G,average,60,3060.0,1.0,0,1,0,0
Impacted_Buildings_[#],00_01_00_00,G,average,100,5800.0,1.0,0,1,0,0
Impacted_Buildings_[#],00_01_00_00,G&Wp,average,20,840.0,1.0,0,1,0,0
Impacted_Buildings_[#],00_01_00_00,G&Wp,average,60,3740.0,1.0,0,1,0,0
Impacted_Buildings_[#],00_01_00_00,G&Wp,average,100,8050.0,1.0,0,1,0,0
Impacted_Buildings_[#],00_01_00_00,Wp,average,20,880.0,1.0,0,1,0,0
Impacted_Buildings_[#],00_01_00_00,Wp,average,60,4420.0,1.0,0,1,0,0
Impacted_Buildings_[#],00_01_00_00,Wp,average,100,10310.0,1.0,0,1,0,0
Impacted_Buildings_[#],00_01_01_00,D,average,20,660.0,0.97,0,1,1,0
Impacted_Buildings_[#],00_01_01_00,D,average,60,1960.0,0.83,0,1,1,0
Impacted_Buildings_[#],00_01_01_00,D,average,100,2320.0,0.59,0,1,1,0
Impacted_Buildings_[#],00_01_01_00,D&G,average,20,720.0,0.97,0,1,1,0
Impacted_Buildings_[#],00_01_01_00,D&G,average,60,2200.0,0.81,0,1,1,0
Impacted_Buildings_[#],00_01_01_00,D&G,average,100,2580.0,0.53,0,1,1,0
Impacted_Buildings_[#],00_01_01_00,D&G&Wp,average,20,760.0,0.97,0,1,1,0
Impacted_Buildings_[#],00_01_01_00,D&G&Wp,average,60,2600.0,0.79,0,1,1,0
Impacted_Buildings_[#],00_01_01_00,D&G&Wp,average,100,2890.0,0.43,0,1,1,0
Impacted_Buildings_[#],00_01_01_00,D&Wp,average,20,760.0,0.97,0,1,1,0
Impacted_Buildings_[#],00_01_01_00,D&Wp,average,60,2680.0,0.79,0,1,1,0
Impacted_Buildings_[#],00_01_01_00,D&Wp,average,100,2920.0,0.41,0,1,1,0
Impacted_Buildings_[#],00_01_01_00,G,average,20,780.0,0.97,0,1,1,0
Impacted_Buildings_[#],00_01_01_00,G,average,60,2450.0,0.8,0,1,1,0
Impacted_Buildings_[#],00_01_01_00,G,average,100,2840.0,0.49,0,1,1,0
Impacted_Buildings_[#],00_01_01_00,G&Wp,average,20,820.0,0.97,0,1,1,0
Impacted_Buildings_[#],00_01_01_00,G&Wp,average,60,2920.0,0.78,0,1,1,0
Impacted_Buildings_[#],00_01_01_00,G&Wp,average,100,3180.0,0.39,0,1,1,0
Impacted_Buildings_[#],00_01_01_00,Wp,average,20,860.0,0.97,0,1,1,0
Impacted_Buildings_[#],00_01_01_00,Wp,average,60,3390.0,0.77,0,1,1,0
Impacted_Buildings_[#],00_01_01_00,Wp,average,100,3520.0,0.34,0,1,1,0
Impacted_Buildings_[#],00_01_03_00,D,average,20,630.0,0.93,0,1,3,0
Impacted_Buildings_[#],00_01_03_00,D,average,60,1920.0,0.81,0,1,3,0
Impacted_Buildings_[#],00_01_03_00,D,average,100,2270.0,0.58,0,1,3,0
Impacted_Buildings_[#],00_01_03_00,D&G,average,20,680.0,0.93,0,1,3,0
Impacted_Buildings_[#],00_01_03_00,D&G,average,60,2150.0,0.79,0,1,3,0
Impacted_Buildings_[#],00_01_03_00,D&G,average,100,2520.0,0.52,0,1,3,0
Impacted_Buildings_[#],00_01_03_00,D&G&Wp,average,20,730.0,0.93,0,1,3,0
Impacted_Buildings_[#],00_01_03_00,D&G&Wp,average,60,2540.0,0.77,0,1,3,0
Impacted_Buildings_[#],00_01_03_00,D&G&Wp,average,100,2830.0,0.42,0,1,3,0
Impacted_Buildings_[#],00_01_03_00,D&Wp,average,20,720.0,0.92,0,1,3,0
Impacted_Buildings_[#],00_01_03_00,D&Wp,average,60,2620.0,0.77,0,1,3,0
Impacted_Buildings_[#],00_01_03_00,D&Wp,average,100,2860.0,0.4,0,1,3,0
Impacted_Buildings_[#],00_01_03_00,G,average,20,740.0,0.93,0,1,3,0
Impacted_Buildings_[#],00_01_03_00,G,average,60,2390.0,0.78,0,1,3,0
Impacted_Buildings_[#],00_01_03_00,G,average,100,2770.0,0.48,0,1,3,0
Impacted_Buildings_[#],00_01_03_00,G&Wp,average,20,780.0,0.92,0,1,3,0
Impacted_Buildings_[#],00_01_03_00,G&Wp,average,60,2850.0,0.76,0,1,3,0
Impacted_Buildings_[#],00_01_03_00,G&Wp,average,100,3110.0,0.39,0,1,3,0
Impacted_Buildings_[#],00_01_03_00,Wp,average,20,810.0,0.92,0,1,3,0
Impacted_Buildings_[#],00_01_03_00,Wp,average,60,3320.0,0.75,0,1,3,0
Impacted_Buildings_[#],00_01_03_00,Wp,average,100,3440.0,0.33,0,1,3,0
Impacted_Buildings_[#],00_01_05_00,D,average,20,200.0,0.29,0,1,5,0
Impacted_Buildings_[#],00_01_05_00,D,average,60,700.0,0.29,0,1,5,0
Impacted_Buildings_[#],00_01_05_00,D,average,100,740.0,0.19,0,1,5,0
Impacted_Buildings_[#],00_01_05_00,D&G,average,20,210.0,0.28,0,1,5,0
Impacted_Buildings_[#],00_01_05_00,D&G,average,60,760.0,0.28,0,1,5,0
Impacted_Buildings_[#],00_01_05_00,D&G,average,100,800.0,0.16,0,1,5,0
Impacted_Buildings_[#],00_01_05_00,D&G&Wp,average,20,220.0,0.27,0,1,5,0
Impacted_Buildings_[#],00_01_05_00,D&G&Wp,average,60,840.0,0.25,0,1,5,0
Impacted_Buildings_[#],00_01_05_00,D&G&Wp,average,100,880.0,0.13,0,1,5,0
Impacted_Buildings_[#],00_01_05_00,D&Wp,average,20,210.0,0.27,0,1,5,0
Impacted_Buildings_[#],00_01_05_00,D&Wp,average,60,850.0,0.25,0,1,5,0
Impacted_Buildings_[#],00_01_05_00,D&Wp,average,100,890.0,0.12,0,1,5,0
Impacted_Buildings_[#],00_01_05_00,G,average,20,230.0,0.28,0,1,5,0
Impacted_Buildings_[#],00_01_05_00,G,average,60,820.0,0.27,0,1,5,0
Impacted_Buildings_[#],00_01_05_00,G,average,100,860.0,0.15,0,1,5,0
Impacted_Buildings_[#],00_01_05_00,G&Wp,average,20,230.0,0.26,0,1,5,0
Impacted_Buildings_[#],00_01_05_00,G&Wp,average,60,900.0,0.24,0,1,5,0
Impacted_Buildings_[#],00_01_05_00,G&Wp,average,100,950.0,0.12,0,1,5,0
Impacted_Buildings_[#],00_01_05_00,Wp,average,20,230.0,0.25,0,1,5,0
Impacted_Buildings_[#],00_01_05_00,Wp,average,60,990.0,0.22,0,1,5,0
Impacted_Buildings_[#],00_01_05_00,Wp,average,100,1030.0,0.1,0,1,5,0
Impacted_Buildings_[#],00_01_07_00,D,average,20,220.0,0.32,0,1,7,0
Impacted_Buildings_[#],00_01_07_00,D,average,60,940.0,0.39,0,1,7,0
Impacted_Buildings_[#],00_01_07_00,D,average,100,1050.0,0.27,0,1,7,0
Impacted_Buildings_[#],00_01_07_00,D&G,average,20,240.0,0.32,0,1,7,0
Impacted_Buildings_[#],00_01_07_00,D&G,average,60,1000.0,0.37,0,1,7,0
Impacted_Buildings_[#],00_01_07_00,D&G,average,100,1070.0,0.22,0,1,7,0
Impacted_Buildings_[#],00_01_07_00,D&G&Wp,average,20,240.0,0.3,0,1,7,0
Impacted_Buildings_[#],00_01_07_00,D&G&Wp,average,60,1080.0,0.33,0,1,7,0
Impacted_Buildings_[#],00_01_07_00,D&G&Wp,average,100,1150.0,0.17,0,1,7,0
Impacted_Buildings_[#],00_01_07_00,D&Wp,average,20,240.0,0.3,0,1,7,0
Impacted_Buildings_[#],00_01_07_00,D&Wp,average,60,1090.0,0.32,0,1,7,0
Impacted_Buildings_[#],00_01_07_00,D&Wp,average,100,1180.0,0.16,0,1,7,0
Impacted_Buildings_[#],00_01_07_00,G,average,20,250.0,0.31,0,1,7,0
Impacted_Buildings_[#],00_01_07_00,G,average,60,1050.0,0.34,0,1,7,0
Impacted_Buildings_[#],00_01_07_00,G,average,100,1100.0,0.19,0,1,7,0
Impacted_Buildings_[#],00_01_07_00,G&Wp,average,20,250.0,0.29,0,1,7,0
Impacted_Buildings_[#],00_01_07_00,G&Wp,average,60,1150.0,0.31,0,1,7,0
Impacted_Buildings_[#],00_01_07_00,G&Wp,average,100,1200.0,0.15,0,1,7,0
Impacted_Buildings_[#],00_01_07_00,Wp,average,20,250.0,0.28,0,1,7,0
Impacted_Buildings_[#],00_01_07_00,Wp,average,60,1250.0,0.28,0,1,7,0
Impacted_Buildings_[#],00_01_07_00,Wp,average,100,1300.0,0.13,0,1,7,0
Impacted_Buildings_[#],00_01_09_00,D,average,20,200.0,0.29,0,1,9,0
Impacted_Buildings_[#],00_01_09_00,D,average,60,660.0,0.28,0,1,9,0
Impacted_Buildings_[#],00_01_09_00,D,average,100,660.0,0.17,0,1,9,0
Impacted_Buildings_[#],00_01_09_00,D&G,average,20,210.0,0.28,0,1,9,0
Impacted_Buildings_[#],00_01_09_00,D&G,average,60,710.0,0.26,0,1,9,0
Impacted_Buildings_[#],00_01_09_00,D&G,average,100,710.0,0.15,0,1,9,0
Impacted_Buildings_[#],00_01_09_00,D&G&Wp,average,20,220.0,0.27,0,1,9,0
Impacted_Buildings_[#],00_01_09_00,D&G&Wp,average,60,780.0,0.24,0,1,9,0
Impacted_Buildings_[#],00_01_09_00,D&G&Wp,average,100,800.0,0.12,0,1,9,0
Impacted_Buildings_[#],00_01_09_00,D&Wp,average,20,210.0,0.27,0,1,9,0
Impacted_Buildings_[#],00_01_09_00,D&Wp,average,60,790.0,0.23,0,1,9,0
Impacted_Buildings_[#],00_01_09_00,D&Wp,average,100,810.0,0.11,0,1,9,0
Impacted_Buildings_[#],00_01_09_00,G,average,20,230.0,0.28,0,1,9,0
Impacted_Buildings_[#],00_01_09_00,G,average,60,770.0,0.25,0,1,9,0
Impacted_Buildings_[#],00_01_09_00,G,average,100,770.0,0.13,0,1,9,0
Impacted_Buildings_[#],00_01_09_00,G&Wp,average,20,230.0,0.26,0,1,9,0
Impacted_Buildings_[#],00_01_09_00,G&Wp,average,60,850.0,0.23,0,1,9,0
Impacted_Buildings_[#],00_01_09_00,G&Wp,average,100,870.0,0.11,0,1,9,0
Impacted_Buildings_[#],00_01_09_00,Wp,average,20,230.0,0.25,0,1,9,0
Impacted_Buildings_[#],00_01_09_00,Wp,average,60,920.0,0.21,0,1,9,0
Impacted_Buildings_[#],00_01_09_00,Wp,average,100,960.0,0.09,0,1,9,0
Impacted_Buildings_[#],00_01_11_00,D,average,20,670.0,1.0,0,1,11,0
Impacted_Buildings_[#],00_01_11_00,D,average,60,2130.0,0.9,0,1,11,0
Impacted_Buildings_[#],00_01_11_00,D,average,100,3020.0,0.77,0,1,11,0
Impacted_Buildings_[#],00_01_11_00,D&G,average,20,740.0,1.0,0,1,11,0
Impacted_Buildings_[#],00_01_11_00,D&G,average,60,2400.0,0.88,0,1,11,0
Impacted_Buildings_[#],00_01_11_00,D&G,average,100,3290.0,0.68,0,1,11,0
Impacted_Buildings_[#],00_01_11_00,D&G&Wp,average,20,780.0,1.0,0,1,11,0
Impacted_Buildings_[#],00_01_11_00,D&G&Wp,average,60,2850.0,0.87,0,1,11,0
Impacted_Buildings_[#],00_01_11_00,D&G&Wp,average,100,3850.0,0.58,0,1,11,0
Impacted_Buildings_[#],00_01_11_00,D&Wp,average,20,780.0,1.0,0,1,11,0
Impacted_Buildings_[#],00_01_11_00,D&Wp,average,60,2950.0,0.87,0,1,11,0
Impacted_Buildings_[#],00_01_11_00,D&Wp,average,100,3990.0,0.56,0,1,11,0
Impacted_Buildings_[#],00_01_11_00,G,average,20,800.0,1.0,0,1,11,0
Impacted_Buildings_[#],00_01_11_00,G,average,60,2660.0,0.87,0,1,11,0
Impacted_Buildings_[#],00_01_11_00,G,average,100,3560.0,0.61,0,1,11,0
Impacted_Buildings_[#],00_01_11_00,G&Wp,average,20,840.0,1.0,0,1,11,0
Impacted_Buildings_[#],00_01_11_00,G&Wp,average,60,3220.0,0.86,0,1,11,0
Impacted_Buildings_[#],00_01_11_00,G&Wp,average,100,4260.0,0.53,0,1,11,0
Impacted_Buildings_[#],00_01_11_00,Wp,average,20,880.0,1.0,0,1,11,0
Impacted_Buildings_[#],00_01_11_00,Wp,average,60,3770.0,0.85,0,1,11,0
Impacted_Buildings_[#],00_01_11_00,Wp,average,100,4950.0,0.48,0,1,11,0
Impacted_Buildings_[#],00_01_13_00,D,average,20,630.0,0.93,0,1,13,0
Impacted_Buildings_[#],00_01_13_00,D,average,60,1930.0,0.81,0,1,13,0
Impacted_Buildings_[#],00_01_13_00,D,average,100,2560.0,0.65,0,1,13,0
Impacted_Buildings_[#],00_01_13_00,D&G,average,20,690.0,0.93,0,1,13,0
Impacted_Buildings_[#],00_01_13_00,D&G,average,60,2180.0,0.8,0,1,13,0
Impacted_Buildings_[#],00_01_13_00,D&G,average,100,2810.0,0.58,0,1,13,0
Impacted_Buildings_[#],00_01_13_00,D&G&Wp,average,20,730.0,0.93,0,1,13,0
Impacted_Buildings_[#],00_01_13_00,D&G&Wp,average,60,2540.0,0.77,0,1,13,0
Impacted_Buildings_[#],00_01_13_00,D&G&Wp,average,100,3060.0,0.46,0,1,13,0
Impacted_Buildings_[#],00_01_13_00,D&Wp,average,20,720.0,0.93,0,1,13,0
Impacted_Buildings_[#],00_01_13_00,D&Wp,average,60,2590.0,0.76,0,1,13,0
Impacted_Buildings_[#],00_01_13_00,D&Wp,average,100,3070.0,0.43,0,1,13,0
Impacted_Buildings_[#],00_01_13_00,G,average,20,740.0,0.93,0,1,13,0
Impacted_Buildings_[#],00_01_13_00,G,average,60,2440.0,0.8,0,1,13,0
Impacted_Buildings_[#],00_01_13_00,G,average,100,3050.0,0.53,0,1,13,0
Impacted_Buildings_[#],00_01_13_00,G&Wp,average,20,780.0,0.93,0,1,13,0
Impacted_Buildings_[#],00_01_13_00,G&Wp,average,60,2840.0,0.76,0,1,13,0
Impacted_Buildings_[#],00_01_13_00,G&Wp,average,100,3310.0,0.41,0,1,13,0
Impacted_Buildings_[#],00_01_13_00,Wp,average,20,820.0,0.93,0,1,13,0
Impacted_Buildings_[#],00_01_13_00,Wp,average,60,3250.0,0.73,0,1,13,0
Impacted_Buildings_[#],00_01_13_00,Wp,average,100,3570.0,0.35,0,1,13,0
Impacted_Buildings_[#],00_03_00_00,D,average,20,680.0,1.0,0,3,0,0
Impacted_Buildings_[#],00_03_00_00,D,average,60,2370.0,1.0,0,3,0,0
Impacted_Buildings_[#],00_03_00_00,D,average,100,3930.0,1.0,0,3,0,0
Impacted_Buildings_[#],00_03_00_00,D&G,average,20,740.0,1.0,0,3,0,0
Impacted_Buildings_[#],00_03_00_00,D&G,average,60,2710.0,1.0,0,3,0,0
Impacted_Buildings_[#],00_03_00_00,D&G,average,100,4860.0,1.0,0,3,0,0
Impacted_Buildings_[#],00_03_00_00,D&G&Wp,average,20,790.0,1.0,0,3,0,0
Impacted_Buildings_[#],00_03_00_00,D&G&Wp,average,60,3280.0,1.0,0,3,0,0
Impacted_Buildings_[#],00_03_00_00,D&G&Wp,average,100,6680.0,1.0,0,3,0,0
Impacted_Buildings_[#],00_03_00_00,D&Wp,average,20,780.0,1.0,0,3,0,0
Impacted_Buildings_[#],00_03_00_00,D&Wp,average,60,3400.0,1.0,0,3,0,0
Impacted_Buildings_[#],00_03_00_00,D&Wp,average,100,7120.0,1.0,0,3,0,0
Impacted_Buildings_[#],00_03_00_00,G,average,20,800.0,1.0,0,3,0,0
Impacted_Buildings_[#],00_03_00_00,G,average,60,3060.0,1.0,0,3,0,0
Impacted_Buildings_[#],00_03_00_00,G,average,100,5800.0,1.0,0,3,0,0
Impacted_Buildings_[#],00_03_00_00,G&Wp,average,20,840.0,1.0,0,3,0,0
Impacted_Buildings_[#],00_03_00_00,G&Wp,average,60,3740.0,1.0,0,3,0,0
Impacted_Buildings_[#],00_03_00_00,G&Wp,average,100,8050.0,1.0,0,3,0,0
Impacted_Buildings_[#],00_03_00_00,Wp,average,20,880.0,1.0,0,3,0,0
Impacted_Buildings_[#],00_03_00_00,Wp,average,60,4420.0,1.0,0,3,0,0
Impacted_Buildings_[#],00_03_00_00,Wp,average,100,10310.0,1.0,0,3,0,0
Impacted_Buildings_[#],00_03_01_00,D,average,20,660.0,0.97,0,3,1,0
Impacted_Buildings_[#],00_03_01_00,D,average,60,1960.0,0.83,0,3,1,0
Impacted_Buildings_[#],00_03_01_00,D,average,100,2320.0,0.59,0,3,1,0
Impacted_Buildings_[#],00_03_01_00,D&G,average,20,720.0,0.97,0,3,1,0
Impacted_Buildings_[#],00_03_01_00,D&G,average,60,2200.0,0.81,0,3,1,0
Impacted_Buildings_[#],00_03_01_00,D&G,average,100,2580.0,0.53,0,3,1,0
Impacted_Buildings_[#],00_03_01_00,D&G&Wp,average,20,760.0,0.97,0,3,1,0
Impacted_Buildings_[#],00_03_01_00,D&G&Wp,average,60,2600.0,0.79,0,3,1,0
Impacted_Buildings_[#],00_03_01_00,D&G&Wp,average,100,2890.0,0.43,0,3,1,0
Impacted_Buildings_[#],00_03_01_00,D&Wp,average,20,760.0,0.97,0,3,1,0
Impacted_Buildings_[#],00_03_01_00,D&Wp,average,60,2680.0,0.79,0,3,1,0
Impacted_Buildings_[#],00_03_01_00,D&Wp,average,100,2920.0,0.41,0,3,1,0
Impacted_Buildings_[#],00_03_01_00,G,average,20,780.0,0.97,0,3,1,0
Impacted_Buildings_[#],00_03_01_00,G,average,60,2450.0,0.8,0,3,1,0
Impacted_Buildings_[#],00_03_01_00,G,average,100,2840.0,0.49,0,3,1,0
Impacted_Buildings_[#],00_03_01_00,G&Wp,average,20,820.0,0.97,0,3,1,0
Impacted_Buildings_[#],00_03_01_00,G&Wp,average,60,2920.0,0.78,0,3,1,0
Impacted_Buildings_[#],00_03_01_00,G&Wp,average,100,3180.0,0.39,0,3,1,0
Impacted_Buildings_[#],00_03_01_00,Wp,average,20,860.0,0.97,0,3,1,0
Impacted_Buildings_[#],00_03_01_00,Wp,average,60,3390.0,0.77,0,3,1,0
Impacted_Buildings_[#],00_03_01_00,Wp,average,100,3520.0,0.34,0,3,1,0
Impacted_Buildings_[#],00_03_03_00,D,average,20,630.0,0.93,0,3,3,0
Impacted_Buildings_[#],00_03_03_00,D,average,60,1920.0,0.81,0,3,3,0
Impacted_Buildings_[#],00_03_03_00,D,average,100,2270.0,0.58,0,3,3,0
Impacted_Buildings_[#],00_03_03_00,D&G,average,20,680.0,0.93,0,3,3,0
Impacted_Buildings_[#],00_03_03_00,D&G,average,60,2150.0,0.79,0,3,3,0
Impacted_Buildings_[#],00_03_03_00,D&G,average,100,2520.0,0.52,0,3,3,0
Impacted_Buildings_[#],00_03_03_00,D&G&Wp,average,20,730.0,0.93,0,3,3,0
Impacted_Buildings_[#],00_03_03_00,D&G&Wp,average,60,2540.0,0.77,0,3,3,0
Impacted_Buildings_[#],00_03_03_00,D&G&Wp,average,100,2830.0,0.42,0,3,3,0
Impacted_Buildings_[#],00_03_03_00,D&Wp,average,20,720.0,0.92,0,3,3,0
Impacted_Buildings_[#],00_03_03_00,D&Wp,average,60,2620.0,0.77,0,3,3,0
Impacted_Buildings_[#],00_03_03_00,D&Wp,average,100,2860.0,0.4,0,3,3,0
Impacted_Buildings_[#],00_03_03_00,G,average,20,740.0,0.93,0,3,3,0
Impacted_Buildings_[#],00_03_03_00,G,average,60,2390.0,0.78,0,3,3,0
Impacted_Buildings_[#],00_03_03_00,G,average,100,2770.0,0.48,0,3,3,0
Impacted_Buildings_[#],00_03_03_00,G&Wp,average,20,780.0,0.92,0,3,3,0
Impacted_Buildings_[#],00_03_03_00,G&Wp,average,60,2850.0,0.76,0,3,3,0
Impacted_Buildings_[#],00_03_03_00,G&Wp,average,100,3110.0,0.39,0,3,3,0
Impacted_Buildings_[#],00_03_03_00,Wp,average,20,810.0,0.92,0,3,3,0
Impacted_Buildings_[#],00_03_03_00,Wp,average,60,3320.0,0.75,0,3,3,0
Impacted_Buildings_[#],00_03_03_00,Wp,average,100,3440.0,0.33,0,3,3,0
Impacted_Buildings_[#],00_03_05_00,D,average,20,200.0,0.29,0,3,5,0
Impacted_Buildings_[#],00_03_05_00,D,average,60,700.0,0.29,0,3,5,0
Impacted_Buildings_[#],00_03_05_00,D,average,100,740.0,0.19,0,3,5,0
Impacted_Buildings_[#],00_03_05_00,D&G,average,20,210.0,0.28,0,3,5,0
Impacted_Buildings_[#],00_03_05_00,D&G,average,60,760.0,0.28,0,3,5,0
Impacted_Buildings_[#],00_03_05_00,D&G,average,100,800.0,0.16,0,3,5,0
Impacted_Buildings_[#],00_03_05_00,D&G&Wp,average,20,220.0,0.27,0,3,5,0
Impacted_Buildings_[#],00_03_05_00,D&G&Wp,average,60,840.0,0.25,0,3,5,0
Impacted_Buildings_[#],00_03_05_00,D&G&Wp,average,100,880.0,0.13,0,3,5,0
Impacted_Buildings_[#],00_03_05_00,D&Wp,average,20,210.0,0.27,0,3,5,0
Impacted_Buildings_[#],00_03_05_00,D&Wp,average,60,850.0,0.25,0,3,5,0
Impacted_Buildings_[#],00_03_05_00,D&Wp,average,100,890.0,0.12,0,3,5,0
Impacted_Buildings_[#],00_03_05_00,G,average,20,230.0,0.28,0,3,5,0
Impacted_Buildings_[#],00_03_05_00,G,average,60,820.0,0.27,0,3,5,0
Impacted_Buildings_[#],00_03_05_00,G,average,100,860.0,0.15,0,3,5,0
Impacted_Buildings_[#],00_03_05_00,G&Wp,average,20,230.0,0.26,0,3,5,0
Impacted_Buildings_[#],00_03_05_00,G&Wp,average,60,900.0,0.24,0,3,5,0
Impacted_Buildings_[#],00_03_05_00,G&Wp,average,100,950.0,0.12,0,3,5,0
Impacted_Buildings_[#],00_03_05_00,Wp,average,20,230.0,0.25,0,3,5,0
Impacted_Buildings_[#],00_03_05_00,Wp,average,60,990.0,0.22,0,3,5,0
Impacted_Buildings_[#],00_03_05_00,Wp,average,100,1030.0,0.1,0,3,5,0
Impacted_Buildings_[#],00_03_07_00,D,average,20,220.0,0.32,0,3,7,0
Impacted_Buildings_[#],00_03_07_00,D,average,60,930.0,0.39,0,3,7,0
Impacted_Buildings_[#],00_03_07_00,D,average,100,1020.0,0.26,0,3,7,0
Impacted_Buildings_[#],00_03_07_00,D&G,average,20,240.0,0.32,0,3,7,0
Impacted_Buildings_[#],00_03_07_00,D&G,average,60,990.0,0.37,0,3,7,0
Impacted_Buildings_[#],00_03_07_00,D&G,average,100,1060.0,0.22,0,3,7,0
Impacted_Buildings_[#],00_03_07_00,D&G&Wp,average,20,240.0,0.3,0,3,7,0
Impacted_Buildings_[#],00_03_07_00,D&G&Wp,average,60,1080.0,0.33,0,3,7,0
Impacted_Buildings_[#],00_03_07_00,D&G&Wp,average,100,1140.0,0.17,0,3,7,0
Impacted_Buildings_[#],00_03_07_00,D&Wp,average,20,240.0,0.3,0,3,7,0
Impacted_Buildings_[#],00_03_07_00,D&Wp,average,60,1090.0,0.32,0,3,7,0
Impacted_Buildings_[#],00_03_07_00,D&Wp,average,100,1160.0,0.16,0,3,7,0
Impacted_Buildings_[#],00_03_07_00,G,average,20,250.0,0.31,0,3,7,0
Impacted_Buildings_[#],00_03_07_00,G,average,60,1060.0,0.34,0,3,7,0
Impacted_Buildings_[#],00_03_07_00,G,average,100,1100.0,0.19,0,3,7,0
Impacted_Buildings_[#],00_03_07_00,G&Wp,average,20,250.0,0.29,0,3,7,0
Impacted_Buildings_[#],00_03_07_00,G&Wp,average,60,1150.0,0.31,0,3,7,0
Impacted_Buildings_[#],00_03_07_00,G&Wp,average,100,1200.0,0.15,0,3,7,0
Impacted_Buildings_[#],00_03_07_00,Wp,average,20,250.0,0.28,0,3,7,0
Impacted_Buildings_[#],00_03_07_00,Wp,average,60,1250.0,0.28,0,3,7,0
Impacted_Buildings_[#],00_03_07_00,Wp,average,100,1300.0,0.13,0,3,7,0
Impacted_Buildings_[#],00_03_09_00,D,average,20,200.0,0.29,0,3,9,0
Impacted_Buildings_[#],00_03_09_00,D,average,60,660.0,0.28,0,3,9,0
Impacted_Buildings_[#],00_03_09_00,D,average,100,660.0,0.17,0,3,9,0
Impacted_Buildings_[#],00_03_09_00,D&G,average,20,210.0,0.28,0,3,9,0
Impacted_Buildings_[#],00_03_09_00,D&G,average,60,710.0,0.26,0,3,9,0
Impacted_Buildings_[#],00_03_09_00,D&G,average,100,710.0,0.15,0,3,9,0
Impacted_Buildings_[#],00_03_09_00,D&G&Wp,average,20,220.0,0.27,0,3,9,0
Impacted_Buildings_[#],00_03_09_00,D&G&Wp,average,60,780.0,0.24,0,3,9,0
Impacted_Buildings_[#],00_03_09_00,D&G&Wp,average,100,800.0,0.12,0,3,9,0
Impacted_Buildings_[#],00_03_09_00,D&Wp,average,20,210.0,0.27,0,3,9,0
Impacted_Buildings_[#],00_03_09_00,D&Wp,average,60,790.0,0.23,0,3,9,0
Impacted_Buildings_[#],00_03_09_00,D&Wp,average,100,810.0,0.11,0,3,9,0
Impacted_Buildings_[#],00_03_09_00,G,average,20,230.0,0.28,0,3,9,0
Impacted_Buildings_[#],00_03_09_00,G,average,60,770.0,0.25,0,3,9,0
Impacted_Buildings_[#],00_03_09_00,G,average,100,770.0,0.13,0,3,9,0
Impacted_Buildings_[#],00_03_09_00,G&Wp,average,20,230.0,0.26,0,3,9,0
Impacted_Buildings_[#],00_03_09_00,G&Wp,average,60,850.0,0.23,0,3,9,0
Impacted_Buildings_[#],00_03_09_00,G&Wp,average,100,870.0,0.11,0,3,9,0
Impacted_Buildings_[#],00_03_09_00,Wp,average,20,230.0,0.25,0,3,9,0
Impacted_Buildings_[#],00_03_09_00,Wp,average,60,920.0,0.21,0,3,9,0
Impacted_Buildings_[#],00_03_09_00,Wp,average,100,960.0,0.09,0,3,9,0
Impacted_Buildings_[#],00_03_11_00,D,average,20,670.0,1.0,0,3,11,0
Impacted_Buildings_[#],00_03_11_00,D,average,60,2130.0,0.9,0,3,11,0
Impacted_Buildings_[#],00_03_11_00,D,average,100,3020.0,0.77,0,3,11,0
Impacted_Buildings_[#],00_03_11_00,D&G,average,20,740.0,1.0,0,3,11,0
Impacted_Buildings_[#],00_03_11_00,D&G,average,60,2400.0,0.88,0,3,11,0
Impacted_Buildings_[#],00_03_11_00,D&G,average,100,3290.0,0.68,0,3,11,0
Impacted_Buildings_[#],00_03_11_00,D&G&Wp,average,20,780.0,1.0,0,3,11,0
Impacted_Buildings_[#],00_03_11_00,D&G&Wp,average,60,2850.0,0.87,0,3,11,0
Impacted_Buildings_[#],00_03_11_00,D&G&Wp,average,100,3850.0,0.58,0,3,11,0
Impacted_Buildings_[#],00_03_11_00,D&Wp,average,20,780.0,1.0,0,3,11,0
Impacted_Buildings_[#],00_03_11_00,D&Wp,average,60,2950.0,0.87,0,3,11,0
Impacted_Buildings_[#],00_03_11_00,D&Wp,average,100,3990.0,0.56,0,3,11,0
Impacted_Buildings_[#],00_03_11_00,G,average,20,800.0,1.0,0,3,11,0
Impacted_Buildings_[#],00_03_11_00,G,average,60,2660.0,0.87,0,3,11,0
Impacted_Buildings_[#],00_03_11_00,G,average,100,3560.0,0.61,0,3,11,0
Impacted_Buildings_[#],00_03_11_00,G&Wp,average,20,840.0,1.0,0,3,11,0
Impacted_Buildings_[#],00_03_11_00,G&Wp,average,60,3220.0,0.86,0,3,11,0
Impacted_Buildings_[#],00_03_11_00,G&Wp,average,100,4260.0,0.53,0,3,11,0
Impacted_Buildings_[#],00_03_11_00,Wp,average,20,880.0,1.0,0,3,11,0
Impacted_Buildings_[#],00_03_11_00,Wp,average,60,3770.0,0.85,0,3,11,0
Impacted_Buildings_[#],00_03_11_00,Wp,average,100,4950.0,0.48,0,3,11,0
Impacted_Buildings_[#],00_03_13_00,D,average,20,630.0,0.93,0,3,13,0
Impacted_Buildings_[#],00_03_13_00,D,average,60,1930.0,0.81,0,3,13,0
Impacted_Buildings_[#],00_03_13_00,D,average,100,2560.0,0.65,0,3,13,0
Impacted_Buildings_[#],00_03_13_00,D&G,average,20,690.0,0.93,0,3,13,0
Impacted_Buildings_[#],00_03_13_00,D&G,average,60,2180.0,0.8,0,3,13,0
Impacted_Buildings_[#],00_03_13_00,D&G,average,100,2810.0,0.58,0,3,13,0
Impacted_Buildings_[#],00_03_13_00,D&G&Wp,average,20,730.0,0.93,0,3,13,0
Impacted_Buildings_[#],00_03_13_00,D&G&Wp,average,60,2540.0,0.77,0,3,13,0
Impacted_Buildings_[#],00_03_13_00,D&G&Wp,average,100,3060.0,0.46,0,3,13,0
Impacted_Buildings_[#],00_03_13_00,D&Wp,average,20,720.0,0.93,0,3,13,0
Impacted_Buildings_[#],00_03_13_00,D&Wp,average,60,2580.0,0.76,0,3,13,0
Impacted_Buildings_[#],00_03_13_00,D&Wp,average,100,3070.0,0.43,0,3,13,0
Impacted_Buildings_[#],00_03_13_00,G,average,20,740.0,0.93,0,3,13,0
Impacted_Buildings_[#],00_03_13_00,G,average,60,2440.0,0.8,0,3,13,0
Impacted_Buildings_[#],00_03_13_00,G,average,100,3050.0,0.53,0,3,13,0
Impacted_Buildings_[#],00_03_13_00,G&Wp,average,20,780.0,0.93,0,3,13,0
Impacted_Buildings_[#],00_03_13_00,G&Wp,average,60,2840.0,0.76,0,3,13,0
Impacted_Buildings_[#],00_03_13_00,G&Wp,average,100,3310.0,0.41,0,3,13,0
Impacted_Buildings_[#],00_03_13_00,Wp,average,20,820.0,0.93,0,3,13,0
Impacted_Buildings_[#],00_03_13_00,Wp,average,60,3240.0,0.73,0,3,13,0
Impacted_Buildings_[#],00_03_13_00,Wp,average,100,3570.0,0.35,0,3,13,0
Impacted_Buildings_[#],00_05_00_00,D,average,20,680.0,1.0,0,5,0,0
Impacted_Buildings_[#],00_05_00_00,D,average,60,2370.0,1.0,0,5,0,0
Impacted_Buildings_[#],00_05_00_00,D,average,100,3930.0,1.0,0,5,0,0
Impacted_Buildings_[#],00_05_00_00,D&G,average,20,740.0,1.0,0,5,0,0
Impacted_Buildings_[#],00_05_00_00,D&G,average,60,2710.0,1.0,0,5,0,0
Impacted_Buildings_[#],00_05_00_00,D&G,average,100,4860.0,1.0,0,5,0,0
Impacted_Buildings_[#],00_05_00_00,D&G&Wp,average,20,790.0,1.0,0,5,0,0
Impacted_Buildings_[#],00_05_00_00,D&G&Wp,average,60,3280.0,1.0,0,5,0,0
Impacted_Buildings_[#],00_05_00_00,D&G&Wp,average,100,6680.0,1.0,0,5,0,0
Impacted_Buildings_[#],00_05_00_00,D&Wp,average,20,780.0,1.0,0,5,0,0
Impacted_Buildings_[#],00_05_00_00,D&Wp,average,60,3400.0,1.0,0,5,0,0
Impacted_Buildings_[#],00_05_00_00,D&Wp,average,100,7120.0,1.0,0,5,0,0
Impacted_Buildings_[#],00_05_00_00,G,average,20,800.0,1.0,0,5,0,0
Impacted_Buildings_[#],00_05_00_00,G,average,60,3060.0,1.0,0,5,0,0
Impacted_Buildings_[#],00_05_00_00,G,average,100,5800.0,1.0,0,5,0,0
Impacted_Buildings_[#],00_05_00_00,G&Wp,average,20,840.0,1.0,0,5,0,0
Impacted_Buildings_[#],00_05_00_00,G&Wp,average,60,3740.0,1.0,0,5,0,0
Impacted_Buildings_[#],00_05_00_00,G&Wp,average,100,8050.0,1.0,0,5,0,0
Impacted_Buildings_[#],00_05_00_00,Wp,average,20,880.0,1.0,0,5,0,0
Impacted_Buildings_[#],00_05_00_00,Wp,average,60,4420.0,1.0,0,5,0,0
Impacted_Buildings_[#],00_05_00_00,Wp,average,100,10310.0,1.0,0,5,0,0
Impacted_Buildings_[#],00_05_01_00,D,average,20,660.0,0.97,0,5,1,0
Impacted_Buildings_[#],00_05_01_00,D,average,60,1960.0,0.83,0,5,1,0
Impacted_Buildings_[#],00_05_01_00,D,average,100,2320.0,0.59,0,5,1,0
Impacted_Buildings_[#],00_05_01_00,D&G,average,20,720.0,0.97,0,5,1,0
Impacted_Buildings_[#],00_05_01_00,D&G,average,60,2200.0,0.81,0,5,1,0
Impacted_Buildings_[#],00_05_01_00,D&G,average,100,2580.0,0.53,0,5,1,0
Impacted_Buildings_[#],00_05_01_00,D&G&Wp,average,20,760.0,0.97,0,5,1,0
Impacted_Buildings_[#],00_05_01_00,D&G&Wp,average,60,2600.0,0.79,0,5,1,0
Impacted_Buildings_[#],00_05_01_00,D&G&Wp,average,100,2890.0,0.43,0,5,1,0
Impacted_Buildings_[#],00_05_01_00,D&Wp,average,20,760.0,0.97,0,5,1,0
Impacted_Buildings_[#],00_05_01_00,D&Wp,average,60,2680.0,0.79,0,5,1,0
Impacted_Buildings_[#],00_05_01_00,D&Wp,average,100,2920.0,0.41,0,5,1,0
Impacted_Buildings_[#],00_05_01_00,G,average,20,780.0,0.97,0,5,1,0
Impacted_Buildings_[#],00_05_01_00,G,average,60,2450.0,0.8,0,5,1,0
Impacted_Buildings_[#],00_05_01_00,G,average,100,2840.0,0.49,0,5,1,0
Impacted_Buildings_[#],00_05_01_00,G&Wp,average,20,820.0,0.97,0,5,1,0
Impacted_Buildings_[#],00_05_01_00,G&Wp,average,60,2920.0,0.78,0,5,1,0
Impacted_Buildings_[#],00_05_01_00,G&Wp,average,100,3180.0,0.39,0,5,1,0
Impacted_Buildings_[#],00_05_01_00,Wp,average,20,860.0,0.97,0,5,1,0
Impacted_Buildings_[#],00_05_01_00,Wp,average,60,3390.0,0.77,0,5,1,0
Impacted_Buildings_[#],00_05_01_00,Wp,average,100,3520.0,0.34,0,5,1,0
Impacted_Buildings_[#],00_05_03_00,D,average,20,630.0,0.93,0,5,3,0
Impacted_Buildings_[#],00_05_03_00,D,average,60,1920.0,0.81,0,5,3,0
Impacted_Buildings_[#],00_05_03_00,D,average,100,2270.0,0.58,0,5,3,0
Impacted_Buildings_[#],00_05_03_00,D&G,average,20,680.0,0.93,0,5,3,0
Impacted_Buildings_[#],00_05_03_00,D&G,average,60,2150.0,0.79,0,5,3,0
Impacted_Buildings_[#],00_05_03_00,D&G,average,100,2520.0,0.52,0,5,3,0
Impacted_Buildings_[#],00_05_03_00,D&G&Wp,average,20,730.0,0.93,0,5,3,0
Impacted_Buildings_[#],00_05_03_00,D&G&Wp,average,60,2540.0,0.77,0,5,3,0
Impacted_Buildings_[#],00_05_03_00,D&G&Wp,average,100,2830.0,0.42,0,5,3,0
Impacted_Buildings_[#],00_05_03_00,D&Wp,average,20,720.0,0.92,0,5,3,0
Impacted_Buildings_[#],00_05_03_00,D&Wp,average,60,2620.0,0.77,0,5,3,0
Impacted_Buildings_[#],00_05_03_00,D&Wp,average,100,2860.0,0.4,0,5,3,0
Impacted_Buildings_[#],00_05_03_00,G,average,20,740.0,0.93,0,5,3,0
Impacted_Buildings_[#],00_05_03_00,G,average,60,2390.0,0.78,0,5,3,0
Impacted_Buildings_[#],00_05_03_00,G,average,100,2770.0,0.48,0,5,3,0
Impacted_Buildings_[#],00_05_03_00,G&Wp,average,20,780.0,0.92,0,5,3,0
Impacted_Buildings_[#],00_05_03_00,G&Wp,average,60,2850.0,0.76,0,5,3,0
Impacted_Buildings_[#],00_05_03_00,G&Wp,average,100,3110.0,0.39,0,5,3,0
Impacted_Buildings_[#],00_05_03_00,Wp,average,20,810.0,0.92,0,5,3,0
Impacted_Buildings_[#],00_05_03_00,Wp,average,60,3320.0,0.75,0,5,3,0
Impacted_Buildings_[#],00_05_03_00,Wp,average,100,3440.0,0.33,0,5,3,0
Impacted_Buildings_[#],00_05_05_00,D,average,20,200.0,0.29,0,5,5,0
Impacted_Buildings_[#],00_05_05_00,D,average,60,700.0,0.29,0,5,5,0
Impacted_Buildings_[#],00_05_05_00,D,average,100,740.0,0.19,0,5,5,0
Impacted_Buildings_[#],00_05_05_00,D&G,average,20,210.0,0.28,0,5,5,0
Impacted_Buildings_[#],00_05_05_00,D&G,average,60,760.0,0.28,0,5,5,0
Impacted_Buildings_[#],00_05_05_00,D&G,average,100,800.0,0.16,0,5,5,0
Impacted_Buildings_[#],00_05_05_00,D&G&Wp,average,20,220.0,0.27,0,5,5,0
Impacted_Buildings_[#],00_05_05_00,D&G&Wp,average,60,840.0,0.25,0,5,5,0
Impacted_Buildings_[#],00_05_05_00,D&G&Wp,average,100,880.0,0.13,0,5,5,0
Impacted_Buildings_[#],00_05_05_00,D&Wp,average,20,210.0,0.27,0,5,5,0
Impacted_Buildings_[#],00_05_05_00,D&Wp,average,60,850.0,0.25,0,5,5,0
Impacted_Buildings_[#],00_05_05_00,D&Wp,average,100,890.0,0.12,0,5,5,0
Impacted_Buildings_[#],00_05_05_00,G,average,20,230.0,0.28,0,5,5,0
Impacted_Buildings_[#],00_05_05_00,G,average,60,820.0,0.27,0,5,5,0
Impacted_Buildings_[#],00_05_05_00,G,average,100,860.0,0.15,0,5,5,0
Impacted_Buildings_[#],00_05_05_00,G&Wp,average,20,230.0,0.26,0,5,5,0
Impacted_Buildings_[#],00_05_05_00,G&Wp,average,60,900.0,0.24,0,5,5,0
Impacted_Buildings_[#],00_05_05_00,G&Wp,average,100,950.0,0.12,0,5,5,0
Impacted_Buildings_[#],00_05_05_00,Wp,average,20,230.0,0.25,0,5,5,0
Impacted_Buildings_[#],00_05_05_00,Wp,average,60,990.0,0.22,0,5,5,0
Impacted_Buildings_[#],00_05_05_00,Wp,average,100,1030.0,0.1,0,5,5,0
Impacted_Buildings_[#],00_05_07_00,D,average,20,220.0,0.32,0,5,7,0
Impacted_Buildings_[#],00_05_07_00,D,average,60,930.0,0.39,0,5,7,0
Impacted_Buildings_[#],00_05_07_00,D,average,100,1040.0,0.26,0,5,7,0
Impacted_Buildings_[#],00_05_07_00,D&G,average,20,240.0,0.32,0,5,7,0
Impacted_Buildings_[#],00_05_07_00,D&G,average,60,990.0,0.36,0,5,7,0
Impacted_Buildings_[#],00_05_07_00,D&G,average,100,1070.0,0.22,0,5,7,0
Impacted_Buildings_[#],00_05_07_00,D&G&Wp,average,20,240.0,0.3,0,5,7,0
Impacted_Buildings_[#],00_05_07_00,D&G&Wp,average,60,1080.0,0.33,0,5,7,0
Impacted_Buildings_[#],00_05_07_00,D&G&Wp,average,100,1150.0,0.17,0,5,7,0
Impacted_Buildings_[#],00_05_07_00,D&Wp,average,20,240.0,0.3,0,5,7,0
Impacted_Buildings_[#],00_05_07_00,D&Wp,average,60,1090.0,0.32,0,5,7,0
Impacted_Buildings_[#],00_05_07_00,D&Wp,average,100,1170.0,0.16,0,5,7,0
Impacted_Buildings_[#],00_05_07_00,G,average,20,250.0,0.31,0,5,7,0
Impacted_Buildings_[#],00_05_07_00,G,average,60,1050.0,0.34,0,5,7,0
Impacted_Buildings_[#],00_05_07_00,G,average,100,1100.0,0.19,0,5,7,0
Impacted_Buildings_[#],00_05_07_00,G&Wp,average,20,250.0,0.29,0,5,7,0
Impacted_Buildings_[#],00_05_07_00,G&Wp,average,60,1150.0,0.31,0,5,7,0
Impacted_Buildings_[#],00_05_07_00,G&Wp,average,100,1200.0,0.15,0,5,7,0
Impacted_Buildings_[#],00_05_07_00,Wp,average,20,250.0,0.28,0,5,7,0
Impacted_Buildings_[#],00_05_07_00,Wp,average,60,1240.0,0.28,0,5,7,0
Impacted_Buildings_[#],00_05_07_00,Wp,average,100,1300.0,0.13,0,5,7,0
Impacted_Buildings_[#],00_05_09_00,D,average,20,200.0,0.29,0,5,9,0
Impacted_Buildings_[#],00_05_09_00,D,average,60,660.0,0.28,0,5,9,0
Impacted_Buildings_[#],00_05_09_00,D,average,100,660.0,0.17,0,5,9,0
Impacted_Buildings_[#],00_05_09_00,D&G,average,20,210.0,0.28,0,5,9,0
Impacted_Buildings_[#],00_05_09_00,D&G,average,60,710.0,0.26,0,5,9,0
Impacted_Buildings_[#],00_05_09_00,D&G,average,100,710.0,0.15,0,5,9,0
Impacted_Buildings_[#],00_05_09_00,D&G&Wp,average,20,220.0,0.27,0,5,9,0
Impacted_Buildings_[#],00_05_09_00,D&G&Wp,average,60,780.0,0.24,0,5,9,0
Impacted_Buildings_[#],00_05_09_00,D&G&Wp,average,100,800.0,0.12,0,5,9,0
Impacted_Buildings_[#],00_05_09_00,D&Wp,average,20,210.0,0.27,0,5,9,0
Impacted_Buildings_[#],00_05_09_00,D&Wp,average,60,790.0,0.23,0,5,9,0
Impacted_Buildings_[#],00_05_09_00,D&Wp,average,100,810.0,0.11,0,5,9,0
Impacted_Buildings_[#],00_05_09_00,G,average,20,230.0,0.28,0,5,9,0
Impacted_Buildings_[#],00_05_09_00,G,average,60,770.0,0.25,0,5,9,0
Impacted_Buildings_[#],00_05_09_00,G,average,100,770.0,0.13,0,5,9,0
Impacted_Buildings_[#],00_05_09_00,G&Wp,average,20,230.0,0.26,0,5,9,0
Impacted_Buildings_[#],00_05_09_00,G&Wp,average,60,850.0,0.23,0,5,9,0
Impacted_Buildings_[#],00_05_09_00,G&Wp,average,100,870.0,0.11,0,5,9,0
Impacted_Buildings_[#],00_05_09_00,Wp,average,20,230.0,0.25,0,5,9,0
Impacted_Buildings_[#],00_05_09_00,Wp,average,60,920.0,0.21,0,5,9,0
Impacted_Buildings_[#],00_05_09_00,Wp,average,100,960.0,0.09,0,5,9,0
Impacted_Buildings_[#],00_05_11_00,D,average,20,670.0,1.0,0,5,11,0
Impacted_Buildings_[#],00_05_11_00,D,average,60,2130.0,0.9,0,5,11,0
Impacted_Buildings_[#],00_05_11_00,D,average,100,3020.0,0.77,0,5,11,0
Impacted_Buildings_[#],00_05_11_00,D&G,average,20,740.0,1.0,0,5,11,0
Impacted_Buildings_[#],00_05_11_00,D&G,average,60,2400.0,0.88,0,5,11,0
Impacted_Buildings_[#],00_05_11_00,D&G,average,100,3290.0,0.68,0,5,11,0
Impacted_Buildings_[#],00_05_11_00,D&G&Wp,average,20,780.0,1.0,0,5,11,0
Impacted_Buildings_[#],00_05_11_00,D&G&Wp,average,60,2850.0,0.87,0,5,11,0
Impacted_Buildings_[#],00_05_11_00,D&G&Wp,average,100,3850.0,0.58,0,5,11,0
Impacted_Buildings_[#],00_05_11_00,D&Wp,average,20,780.0,1.0,0,5,11,0
Impacted_Buildings_[#],00_05_11_00,D&Wp,average,60,2950.0,0.87,0,5,11,0
Impacted_Buildings_[#],00_05_11_00,D&Wp,average,100,3990.0,0.56,0,5,11,0
Impacted_Buildings_[#],00_05_11_00,G,average,20,800.0,1.0,0,5,11,0
Impacted_Buildings_[#],00_05_11_00,G,average,60,2660.0,0.87,0,5,11,0
Impacted_Buildings_[#],00_05_11_00,G,average,100,3560.0,0.61,0,5,11,0
Impacted_Buildings_[#],00_05_11_00,G&Wp,average,20,840.0,1.0,0,5,11,0
Impacted_Buildings_[#],00_05_11_00,G&Wp,average,60,3220.0,0.86,0,5,11,0
Impacted_Buildings_[#],00_05_11_00,G&Wp,average,100,4260.0,0.53,0,5,11,0
Impacted_Buildings_[#],00_05_11_00,Wp,average,20,880.0,1.0,0,5,11,0
Impacted_Buildings_[#],00_05_11_00,Wp,average,60,3770.0,0.85,0,5,11,0
Impacted_Buildings_[#],00_05_11_00,Wp,average,100,4950.0,0.48,0,5,11,0
Impacted_Buildings_[#],00_05_13_00,D,average,20,630.0,0.93,0,5,13,0
Impacted_Buildings_[#],00_05_13_00,D,average,60,1930.0,0.81,0,5,13,0
Impacted_Buildings_[#],00_05_13_00,D,average,100,2560.0,0.65,0,5,13,0
Impacted_Buildings_[#],00_05_13_00,D&G,average,20,690.0,0.93,0,5,13,0
Impacted_Buildings_[#],00_05_13_00,D&G,average,60,2180.0,0.8,0,5,13,0
Impacted_Buildings_[#],00_05_13_00,D&G,average,100,2800.0,0.58,0,5,13,0
Impacted_Buildings_[#],00_05_13_00,D&G&Wp,average,20,730.0,0.93,0,5,13,0
Impacted_Buildings_[#],00_05_13_00,D&G&Wp,average,60,2540.0,0.77,0,5,13,0
Impacted_Buildings_[#],00_05_13_00,D&G&Wp,average,100,3070.0,0.46,0,5,13,0
Impacted_Buildings_[#],00_05_13_00,D&Wp,average,20,720.0,0.93,0,5,13,0
Impacted_Buildings_[#],00_05_13_00,D&Wp,average,60,2590.0,0.76,0,5,13,0
Impacted_Buildings_[#],00_05_13_00,D&Wp,average,100,3080.0,0.43,0,5,13,0
Impacted_Buildings_[#],00_05_13_00,G,average,20,740.0,0.93,0,5,13,0
Impacted_Buildings_[#],00_05_13_00,G,average,60,2440.0,0.8,0,5,13,0
Impacted_Buildings_[#],00_05_13_00,G,average,100,3050.0,0.53,0,5,13,0
Impacted_Buildings_[#],00_05_13_00,G&Wp,average,20,780.0,0.93,0,5,13,0
Impacted_Buildings_[#],00_05_13_00,G&Wp,average,60,2840.0,0.76,0,5,13,0
Impacted_Buildings_[#],00_05_13_00,G&Wp,average,100,3330.0,0.41,0,5,13,0
Impacted_Buildings_[#],00_05_13_00,Wp,average,20,820.0,0.93,0,5,13,0
Impacted_Buildings_[#],00_05_13_00,Wp,average,60,3240.0,0.73,0,5,13,0
Impacted_Buildings_[#],00_05_13_00,Wp,average,100,3610.0,0.35,0,5,13,0
Impacted_Buildings_[#],00_06_00_00,D,average,20,680.0,1.0,0,6,0,0
Impacted_Buildings_[#],00_06_00_00,D,average,60,2370.0,1.0,0,6,0,0
Impacted_Buildings_[#],00_06_00_00,D,average,100,3930.0,1.0,0,6,0,0
Impacted_Buildings_[#],00_06_00_00,D&G,average,20,740.0,1.0,0,6,0,0
Impacted_Buildings_[#],00_06_00_00,D&G,average,60,2710.0,1.0,0,6,0,0
Impacted_Buildings_[#],00_06_00_00,D&G,average,100,4860.0,1.0,0,6,0,0
Impacted_Buildings_[#],00_06_00_00,D&G&Wp,average,20,790.0,1.0,0,6,0,0
Impacted_Buildings_[#],00_06_00_00,D&G&Wp,average,60,3280.0,1.0,0,6,0,0
Impacted_Buildings_[#],00_06_00_00,D&G&Wp,average,100,6660.0,1.0,0,6,0,0
Impacted_Buildings_[#],00_06_00_00,D&Wp,average,20,780.0,1.0,0,6,0,0
Impacted_Buildings_[#],00_06_00_00,D&Wp,average,60,3400.0,1.0,0,6,0,0
Impacted_Buildings_[#],00_06_00_00,D&Wp,average,100,7090.0,1.0,0,6,0,0
Impacted_Buildings_[#],00_06_00_00,G,average,20,800.0,1.0,0,6,0,0
Impacted_Buildings_[#],00_06_00_00,G,average,60,3060.0,1.0,0,6,0,0
Impacted_Buildings_[#],00_06_00_00,G,average,100,5800.0,1.0,0,6,0,0
Impacted_Buildings_[#],00_06_00_00,G&Wp,average,20,840.0,1.0,0,6,0,0
Impacted_Buildings_[#],00_06_00_00,G&Wp,average,60,3740.0,1.0,0,6,0,0
Impacted_Buildings_[#],00_06_00_00,G&Wp,average,100,8020.0,1.0,0,6,0,0
Impacted_Buildings_[#],00_06_00_00,Wp,average,20,880.0,1.0,0,6,0,0
Impacted_Buildings_[#],00_06_00_00,Wp,average,60,4420.0,1.0,0,6,0,0
Impacted_Buildings_[#],00_06_00_00,Wp,average,100,10250.0,0.99,0,6,0,0
Impacted_Buildings_[#],00_06_01_00,D,average,20,660.0,0.97,0,6,1,0
Impacted_Buildings_[#],00_06_01_00,D,average,60,1960.0,0.83,0,6,1,0
Impacted_Buildings_[#],00_06_01_00,D,average,100,2320.0,0.59,0,6,1,0
Impacted_Buildings_[#],00_06_01_00,D&G,average,20,720.0,0.97,0,6,1,0
Impacted_Buildings_[#],00_06_01_00,D&G,average,60,2200.0,0.81,0,6,1,0
Impacted_Buildings_[#],00_06_01_00,D&G,average,100,2580.0,0.53,0,6,1,0
Impacted_Buildings_[#],00_06_01_00,D&G&Wp,average,20,760.0,0.97,0,6,1,0
Impacted_Buildings_[#],00_06_01_00,D&G&Wp,average,60,2600.0,0.79,0,6,1,0
Impacted_Buildings_[#],00_06_01_00,D&G&Wp,average,100,2890.0,0.43,0,6,1,0
Impacted_Buildings_[#],00_06_01_00,D&Wp,average,20,760.0,0.97,0,6,1,0
Impacted_Buildings_[#],00_06_01_00,D&Wp,average,60,2680.0,0.79,0,6,1,0
Impacted_Buildings_[#],00_06_01_00,D&Wp,average,100,2920.0,0.41,0,6,1,0
Impacted_Buildings_[#],00_06_01_00,G,average,20,780.0,0.97,0,6,1,0
Impacted_Buildings_[#],00_06_01_00,G,average,60,2450.0,0.8,0,6,1,0
Impacted_Buildings_[#],00_06_01_00,G,average,100,2840.0,0.49,0,6,1,0
Impacted_Buildings_[#],00_06_01_00,G&Wp,average,20,820.0,0.97,0,6,1,0
Impacted_Buildings_[#],00_06_01_00,G&Wp,average,60,2920.0,0.78,0,6,1,0
Impacted_Buildings_[#],00_06_01_00,G&Wp,average,100,3180.0,0.39,0,6,1,0
Impacted_Buildings_[#],00_06_01_00,Wp,average,20,860.0,0.97,0,6,1,0
Impacted_Buildings_[#],00_06_01_00,Wp,average,60,3390.0,0.77,0,6,1,0
Impacted_Buildings_[#],00_06_01_00,Wp,average,100,3520.0,0.34,0,6,1,0
Impacted_Buildings_[#],00_06_03_00,D,average,20,630.0,0.93,0,6,3,0
Impacted_Buildings_[#],00_06_03_00,D,average,60,1920.0,0.81,0,6,3,0
Impacted_Buildings_[#],00_06_03_00,D,average,100,2270.0,0.58,0,6,3,0
Impacted_Buildings_[#],00_06_03_00,D&G,average,20,680.0,0.93,0,6,3,0
Impacted_Buildings_[#],00_06_03_00,D&G,average,60,2150.0,0.79,0,6,3,0
Impacted_Buildings_[#],00_06_03_00,D&G,average,100,2520.0,0.52,0,6,3,0
Impacted_Buildings_[#],00_06_03_00,D&G&Wp,average,20,730.0,0.93,0,6,3,0
Impacted_Buildings_[#],00_06_03_00,D&G&Wp,average,60,2540.0,0.77,0,6,3,0
Impacted_Buildings_[#],00_06_03_00,D&G&Wp,average,100,2830.0,0.42,0,6,3,0
Impacted_Buildings_[#],00_06_03_00,D&Wp,average,20,720.0,0.92,0,6,3,0
Impacted_Buildings_[#],00_06_03_00,D&Wp,average,60,2620.0,0.77,0,6,3,0
Impacted_Buildings_[#],00_06_03_00,D&Wp,average,100,2860.0,0.4,0,6,3,0
Impacted_Buildings_[#],00_06_03_00,G,average,20,740.0,0.93,0,6,3,0
Impacted_Buildings_[#],00_06_03_00,G,average,60,2390.0,0.78,0,6,3,0
Impacted_Buildings_[#],00_06_03_00,G,average,100,2770.0,0.48,0,6,3,0
Impacted_Buildings_[#],00_06_03_00,G&Wp,average,20,780.0,0.92,0,6,3,0
Impacted_Buildings_[#],00_06_03_00,G&Wp,average,60,2850.0,0.76,0,6,3,0
Impacted_Buildings_[#],00_06_03_00,G&Wp,average,100,3110.0,0.39,0,6,3,0
Impacted_Buildings_[#],00_06_03_00,Wp,average,20,810.0,0.92,0,6,3,0
Impacted_Buildings_[#],00_06_03_00,Wp,average,60,3320.0,0.75,0,6,3,0
Impacted_Buildings_[#],00_06_03_00,Wp,average,100,3440.0,0.33,0,6,3,0
Impacted_Buildings_[#],00_06_05_00,D,average,20,200.0,0.29,0,6,5,0
Impacted_Buildings_[#],00_06_05_00,D,average,60,700.0,0.29,0,6,5,0
Impacted_Buildings_[#],00_06_05_00,D,average,100,740.0,0.19,0,6,5,0
Impacted_Buildings_[#],00_06_05_00,D&G,average,20,210.0,0.28,0,6,5,0
Impacted_Buildings_[#],00_06_05_00,D&G,average,60,760.0,0.28,0,6,5,0
Impacted_Buildings_[#],00_06_05_00,D&G,average,100,800.0,0.16,0,6,5,0
Impacted_Buildings_[#],00_06_05_00,D&G&Wp,average,20,220.0,0.27,0,6,5,0
Impacted_Buildings_[#],00_06_05_00,D&G&Wp,average,60,840.0,0.25,0,6,5,0
Impacted_Buildings_[#],00_06_05_00,D&G&Wp,average,100,880.0,0.13,0,6,5,0
Impacted_Buildings_[#],00_06_05_00,D&Wp,average,20,210.0,0.27,0,6,5,0
Impacted_Buildings_[#],00_06_05_00,D&Wp,average,60,850.0,0.25,0,6,5,0
Impacted_Buildings_[#],00_06_05_00,D&Wp,average,100,890.0,0.12,0,6,5,0
Impacted_Buildings_[#],00_06_05_00,G,average,20,230.0,0.28,0,6,5,0
Impacted_Buildings_[#],00_06_05_00,G,average,60,820.0,0.27,0,6,5,0
Impacted_Buildings_[#],00_06_05_00,G,average,100,860.0,0.15,0,6,5,0
Impacted_Buildings_[#],00_06_05_00,G&Wp,average,20,230.0,0.26,0,6,5,0
Impacted_Buildings_[#],00_06_05_00,G&Wp,average,60,900.0,0.24,0,6,5,0
Impacted_Buildings_[#],00_06_05_00,G&Wp,average,100,950.0,0.12,0,6,5,0
Impacted_Buildings_[#],00_06_05_00,Wp,average,20,230.0,0.25,0,6,5,0
Impacted_Buildings_[#],00_06_05_00,Wp,average,60,990.0,0.22,0,6,5,0
Impacted_Buildings_[#],00_06_05_00,Wp,average,100,1030.0,0.1,0,6,5,0
Impacted_Buildings_[#],00_06_07_00,D,average,20,220.0,0.32,0,6,7,0
Impacted_Buildings_[#],00_06_07_00,D,average,60,940.0,0.39,0,6,7,0
Impacted_Buildings_[#],00_06_07_00,D,average,100,1030.0,0.26,0,6,7,0
Impacted_Buildings_[#],00_06_07_00,D&G,average,20,240.0,0.32,0,6,7,0
Impacted_Buildings_[#],00_06_07_00,D&G,average,60,990.0,0.36,0,6,7,0
Impacted_Buildings_[#],00_06_07_00,D&G,average,100,1060.0,0.22,0,6,7,0
Impacted_Buildings_[#],00_06_07_00,D&G&Wp,average,20,240.0,0.3,0,6,7,0
Impacted_Buildings_[#],00_06_07_00,D&G&Wp,average,60,1080.0,0.33,0,6,7,0
Impacted_Buildings_[#],00_06_07_00,D&G&Wp,average,100,1140.0,0.17,0,6,7,0
Impacted_Buildings_[#],00_06_07_00,D&Wp,average,20,240.0,0.3,0,6,7,0
Impacted_Buildings_[#],00_06_07_00,D&Wp,average,60,1090.0,0.32,0,6,7,0
Impacted_Buildings_[#],00_06_07_00,D&Wp,average,100,1170.0,0.16,0,6,7,0
Impacted_Buildings_[#],00_06_07_00,G,average,20,250.0,0.31,0,6,7,0
Impacted_Buildings_[#],00_06_07_00,G,average,60,1050.0,0.34,0,6,7,0
Impacted_Buildings_[#],00_06_07_00,G,average,100,1100.0,0.19,0,6,7,0
Impacted_Buildings_[#],00_06_07_00,G&Wp,average,20,250.0,0.29,0,6,7,0
Impacted_Buildings_[#],00_06_07_00,G&Wp,average,60,1150.0,0.31,0,6,7,0
Impacted_Buildings_[#],00_06_07_00,G&Wp,average,100,1200.0,0.15,0,6,7,0
Impacted_Buildings_[#],00_06_07_00,Wp,average,20,250.0,0.28,0,6,7,0
Impacted_Buildings_[#],00_06_07_00,Wp,average,60,1250.0,0.28,0,6,7,0
Impacted_Buildings_[#],00_06_07_00,Wp,average,100,1310.0,0.13,0,6,7,0
Impacted_Buildings_[#],00_06_09_00,D,average,20,200.0,0.29,0,6,9,0
Impacted_Buildings_[#],00_06_09_00,D,average,60,660.0,0.28,0,6,9,0
Impacted_Buildings_[#],00_06_09_00,D,average,100,660.0,0.17,0,6,9,0
Impacted_Buildings_[#],00_06_09_00,D&G,average,20,210.0,0.28,0,6,9,0
Impacted_Buildings_[#],00_06_09_00,D&G,average,60,710.0,0.26,0,6,9,0
Impacted_Buildings_[#],00_06_09_00,D&G,average,100,710.0,0.15,0,6,9,0
Impacted_Buildings_[#],00_06_09_00,D&G&Wp,average,20,220.0,0.27,0,6,9,0
Impacted_Buildings_[#],00_06_09_00,D&G&Wp,average,60,780.0,0.24,0,6,9,0
Impacted_Buildings_[#],00_06_09_00,D&G&Wp,average,100,800.0,0.12,0,6,9,0
Impacted_Buildings_[#],00_06_09_00,D&Wp,average,20,210.0,0.27,0,6,9,0
Impacted_Buildings_[#],00_06_09_00,D&Wp,average,60,790.0,0.23,0,6,9,0
Impacted_Buildings_[#],00_06_09_00,D&Wp,average,100,810.0,0.11,0,6,9,0
Impacted_Buildings_[#],00_06_09_00,G,average,20,230.0,0.28,0,6,9,0
Impacted_Buildings_[#],00_06_09_00,G,average,60,770.0,0.25,0,6,9,0
Impacted_Buildings_[#],00_06_09_00,G,average,100,770.0,0.13,0,6,9,0
Impacted_Buildings_[#],00_06_09_00,G&Wp,average,20,230.0,0.26,0,6,9,0
Impacted_Buildings_[#],00_06_09_00,G&Wp,average,60,850.0,0.23,0,6,9,0
Impacted_Buildings_[#],00_06_09_00,G&Wp,average,100,870.0,0.11,0,6,9,0
Impacted_Buildings_[#],00_06_09_00,Wp,average,20,230.0,0.25,0,6,9,0
Impacted_Buildings_[#],00_06_09_00,Wp,average,60,920.0,0.21,0,6,9,0
Impacted_Buildings_[#],00_06_09_00,Wp,average,100,960.0,0.09,0,6,9,0
Impacted_Buildings_[#],00_06_11_00,D,average,20,670.0,1.0,0,6,11,0
Impacted_Buildings_[#],00_06_11_00,D,average,60,2130.0,0.9,0,6,11,0
Impacted_Buildings_[#],00_06_11_00,D,average,100,3020.0,0.77,0,6,11,0
Impacted_Buildings_[#],00_06_11_00,D&G,average,20,740.0,1.0,0,6,11,0
Impacted_Buildings_[#],00_06_11_00,D&G,average,60,2400.0,0.88,0,6,11,0
Impacted_Buildings_[#],00_06_11_00,D&G,average,100,3290.0,0.68,0,6,11,0
Impacted_Buildings_[#],00_06_11_00,D&G&Wp,average,20,780.0,1.0,0,6,11,0
Impacted_Buildings_[#],00_06_11_00,D&G&Wp,average,60,2850.0,0.87,0,6,11,0
Impacted_Buildings_[#],00_06_11_00,D&G&Wp,average,100,3840.0,0.57,0,6,11,0
Impacted_Buildings_[#],00_06_11_00,D&Wp,average,20,780.0,1.0,0,6,11,0
Impacted_Buildings_[#],00_06_11_00,D&Wp,average,60,2950.0,0.87,0,6,11,0
Impacted_Buildings_[#],00_06_11_00,D&Wp,average,100,3970.0,0.56,0,6,11,0
Impacted_Buildings_[#],00_06_11_00,G,average,20,800.0,1.0,0,6,11,0
Impacted_Buildings_[#],00_06_11_00,G,average,60,2660.0,0.87,0,6,11,0
Impacted_Buildings_[#],00_06_11_00,G,average,100,3560.0,0.61,0,6,11,0
Impacted_Buildings_[#],00_06_11_00,G&Wp,average,20,840.0,1.0,0,6,11,0
Impacted_Buildings_[#],00_06_11_00,G&Wp,average,60,3220.0,0.86,0,6,11,0
Impacted_Buildings_[#],00_06_11_00,G&Wp,average,100,4240.0,0.53,0,6,11,0
Impacted_Buildings_[#],00_06_11_00,Wp,average,20,880.0,1.0,0,6,11,0
Impacted_Buildings_[#],00_06_11_00,Wp,average,60,3770.0,0.85,0,6,11,0
Impacted_Buildings_[#],00_06_11_00,Wp,average,100,4930.0,0.48,0,6,11,0
Impacted_Buildings_[#],00_06_13_00,D,average,20,630.0,0.93,0,6,13,0
Impacted_Buildings_[#],00_06_13_00,D,average,60,1930.0,0.81,0,6,13,0
Impacted_Buildings_[#],00_06_13_00,D,average,100,2560.0,0.65,0,6,13,0
Impacted_Buildings_[#],00_06_13_00,D&G,average,20,690.0,0.93,0,6,13,0
Impacted_Buildings_[#],00_06_13_00,D&G,average,60,2180.0,0.8,0,6,13,0
Impacted_Buildings_[#],00_06_13_00,D&G,average,100,2810.0,0.58,0,6,13,0
Impacted_Buildings_[#],00_06_13_00,D&G&Wp,average,20,730.0,0.93,0,6,13,0
Impacted_Buildings_[#],00_06_13_00,D&G&Wp,average,60,2540.0,0.77,0,6,13,0
Impacted_Buildings_[#],00_06_13_00,D&G&Wp,average,100,3070.0,0.46,0,6,13,0
Impacted_Buildings_[#],00_06_13_00,D&Wp,average,20,720.0,0.93,0,6,13,0
Impacted_Buildings_[#],00_06_13_00,D&Wp,average,60,2580.0,0.76,0,6,13,0
Impacted_Buildings_[#],00_06_13_00,D&Wp,average,100,3080.0,0.43,0,6,13,0
Impacted_Buildings_[#],00_06_13_00,G,average,20,740.0,0.93,0,6,13,0
Impacted_Buildings_[#],00_06_13_00,G,average,60,2440.0,0.8,0,6,13,0
Impacted_Buildings_[#],00_06_13_00,G,average,100,3050.0,0.53,0,6,13,0
Impacted_Buildings_[#],00_06_13_00,G&Wp,average,20,780.0,0.93,0,6,13,0
Impacted_Buildings_[#],00_06_13_00,G&Wp,average,60,2840.0,0.76,0,6,13,0
Impacted_Buildings_[#],00_06_13_00,G&Wp,average,100,3320.0,0.41,0,6,13,0
Impacted_Buildings_[#],00_06_13_00,Wp,average,20,820.0,0.93,0,6,13,0
Impacted_Buildings_[#],00_06_13_00,Wp,average,60,3240.0,0.73,0,6,13,0
Impacted_Buildings_[#],00_06_13_00,Wp,average,100,3590.0,0.35,0,6,13,0
Impacted_Buildings_[#],00_07_00_00,D,average,20,680.0,1.0,0,7,0,0
Impacted_Buildings_[#],00_07_00_00,D,average,60,2370.0,1.0,0,7,0,0
Impacted_Buildings_[#],00_07_00_00,D,average,100,3930.0,1.0,0,7,0,0
Impacted_Buildings_[#],00_07_00_00,D&G,average,20,740.0,1.0,0,7,0,0
Impacted_Buildings_[#],00_07_00_00,D&G,average,60,2710.0,1.0,0,7,0,0
Impacted_Buildings_[#],00_07_00_00,D&G,average,100,4860.0,1.0,0,7,0,0
Impacted_Buildings_[#],00_07_00_00,D&G&Wp,average,20,790.0,1.0,0,7,0,0
Impacted_Buildings_[#],00_07_00_00,D&G&Wp,average,60,3280.0,1.0,0,7,0,0
Impacted_Buildings_[#],00_07_00_00,D&G&Wp,average,100,6670.0,1.0,0,7,0,0
Impacted_Buildings_[#],00_07_00_00,D&Wp,average,20,780.0,1.0,0,7,0,0
Impacted_Buildings_[#],00_07_00_00,D&Wp,average,60,3400.0,1.0,0,7,0,0
Impacted_Buildings_[#],00_07_00_00,D&Wp,average,100,7100.0,1.0,0,7,0,0
Impacted_Buildings_[#],00_07_00_00,G,average,20,800.0,1.0,0,7,0,0
Impacted_Buildings_[#],00_07_00_00,G,average,60,3060.0,1.0,0,7,0,0
Impacted_Buildings_[#],00_07_00_00,G,average,100,5800.0,1.0,0,7,0,0
Impacted_Buildings_[#],00_07_00_00,G&Wp,average,20,840.0,1.0,0,7,0,0
Impacted_Buildings_[#],00_07_00_00,G&Wp,average,60,3740.0,1.0,0,7,0,0
Impacted_Buildings_[#],00_07_00_00,G&Wp,average,100,8040.0,1.0,0,7,0,0
Impacted_Buildings_[#],00_07_00_00,Wp,average,20,880.0,1.0,0,7,0,0
Impacted_Buildings_[#],00_07_00_00,Wp,average,60,4420.0,1.0,0,7,0,0
Impacted_Buildings_[#],00_07_00_00,Wp,average,100,10280.0,1.0,0,7,0,0
Impacted_Buildings_[#],00_07_01_00,D,average,20,660.0,0.97,0,7,1,0
Impacted_Buildings_[#],00_07_01_00,D,average,60,1960.0,0.83,0,7,1,0
Impacted_Buildings_[#],00_07_01_00,D,average,100,2320.0,0.59,0,7,1,0
Impacted_Buildings_[#],00_07_01_00,D&G,average,20,720.0,0.97,0,7,1,0
Impacted_Buildings_[#],00_07_01_00,D&G,average,60,2200.0,0.81,0,7,1,0
Impacted_Buildings_[#],00_07_01_00,D&G,average,100,2580.0,0.53,0,7,1,0
Impacted_Buildings_[#],00_07_01_00,D&G&Wp,average,20,760.0,0.97,0,7,1,0
Impacted_Buildings_[#],00_07_01_00,D&G&Wp,average,60,2600.0,0.79,0,7,1,0
Impacted_Buildings_[#],00_07_01_00,D&G&Wp,average,100,2890.0,0.43,0,7,1,0
Impacted_Buildings_[#],00_07_01_00,D&Wp,average,20,760.0,0.97,0,7,1,0
Impacted_Buildings_[#],00_07_01_00,D&Wp,average,60,2680.0,0.79,0,7,1,0
Impacted_Buildings_[#],00_07_01_00,D&Wp,average,100,2920.0,0.41,0,7,1,0
Impacted_Buildings_[#],00_07_01_00,G,average,20,780.0,0.97,0,7,1,0
Impacted_Buildings_[#],00_07_01_00,G,average,60,2450.0,0.8,0,7,1,0
Impacted_Buildings_[#],00_07_01_00,G,average,100,2840.0,0.49,0,7,1,0
Impacted_Buildings_[#],00_07_01_00,G&Wp,average,20,820.0,0.97,0,7,1,0
Impacted_Buildings_[#],00_07_01_00,G&Wp,average,60,2920.0,0.78,0,7,1,0
Impacted_Buildings_[#],00_07_01_00,G&Wp,average,100,3180.0,0.39,0,7,1,0
Impacted_Buildings_[#],00_07_01_00,Wp,average,20,860.0,0.97,0,7,1,0
Impacted_Buildings_[#],00_07_01_00,Wp,average,60,3390.0,0.77,0,7,1,0
Impacted_Buildings_[#],00_07_01_00,Wp,average,100,3520.0,0.34,0,7,1,0
Impacted_Buildings_[#],00_07_03_00,D,average,20,630.0,0.93,0,7,3,0
Impacted_Buildings_[#],00_07_03_00,D,average,60,1920.0,0.81,0,7,3,0
Impacted_Buildings_[#],00_07_03_00,D,average,100,2270.0,0.58,0,7,3,0
Impacted_Buildings_[#],00_07_03_00,D&G,average,20,680.0,0.93,0,7,3,0
Impacted_Buildings_[#],00_07_03_00,D&G,average,60,2150.0,0.79,0,7,3,0
Impacted_Buildings_[#],00_07_03_00,D&G,average,100,2520.0,0.52,0,7,3,0
Impacted_Buildings_[#],00_07_03_00,D&G&Wp,average,20,730.0,0.93,0,7,3,0
Impacted_Buildings_[#],00_07_03_00,D&G&Wp,average,60,2540.0,0.77,0,7,3,0
Impacted_Buildings_[#],00_07_03_00,D&G&Wp,average,100,2830.0,0.42,0,7,3,0
Impacted_Buildings_[#],00_07_03_00,D&Wp,average,20,720.0,0.92,0,7,3,0
Impacted_Buildings_[#],00_07_03_00,D&Wp,average,60,2620.0,0.77,0,7,3,0
Impacted_Buildings_[#],00_07_03_00,D&Wp,average,100,2860.0,0.4,0,7,3,0
Impacted_Buildings_[#],00_07_03_00,G,average,20,740.0,0.93,0,7,3,0
Impacted_Buildings_[#],00_07_03_00,G,average,60,2390.0,0.78,0,7,3,0
Impacted_Buildings_[#],00_07_03_00,G,average,100,2770.0,0.48,0,7,3,0
Impacted_Buildings_[#],00_07_03_00,G&Wp,average,20,780.0,0.92,0,7,3,0
Impacted_Buildings_[#],00_07_03_00,G&Wp,average,60,2850.0,0.76,0,7,3,0
Impacted_Buildings_[#],00_07_03_00,G&Wp,average,100,3110.0,0.39,0,7,3,0
Impacted_Buildings_[#],00_07_03_00,Wp,average,20,810.0,0.92,0,7,3,0
Impacted_Buildings_[#],00_07_03_00,Wp,average,60,3320.0,0.75,0,7,3,0
Impacted_Buildings_[#],00_07_03_00,Wp,average,100,3440.0,0.33,0,7,3,0
Impacted_Buildings_[#],00_07_05_00,D,average,20,200.0,0.29,0,7,5,0
Impacted_Buildings_[#],00_07_05_00,D,average,60,700.0,0.29,0,7,5,0
Impacted_Buildings_[#],00_07_05_00,D,average,100,740.0,0.19,0,7,5,0
Impacted_Buildings_[#],00_07_05_00,D&G,average,20,210.0,0.28,0,7,5,0
Impacted_Buildings_[#],00_07_05_00,D&G,average,60,760.0,0.28,0,7,5,0
Impacted_Buildings_[#],00_07_05_00,D&G,average,100,800.0,0.16,0,7,5,0
Impacted_Buildings_[#],00_07_05_00,D&G&Wp,average,20,220.0,0.27,0,7,5,0
Impacted_Buildings_[#],00_07_05_00,D&G&Wp,average,60,840.0,0.25,0,7,5,0
Impacted_Buildings_[#],00_07_05_00,D&G&Wp,average,100,880.0,0.13,0,7,5,0
Impacted_Buildings_[#],00_07_05_00,D&Wp,average,20,210.0,0.27,0,7,5,0
Impacted_Buildings_[#],00_07_05_00,D&Wp,average,60,850.0,0.25,0,7,5,0
Impacted_Buildings_[#],00_07_05_00,D&Wp,average,100,890.0,0.12,0,7,5,0
Impacted_Buildings_[#],00_07_05_00,G,average,20,230.0,0.28,0,7,5,0
Impacted_Buildings_[#],00_07_05_00,G,average,60,820.0,0.27,0,7,5,0
Impacted_Buildings_[#],00_07_05_00,G,average,100,860.0,0.15,0,7,5,0
Impacted_Buildings_[#],00_07_05_00,G&Wp,average,20,230.0,0.26,0,7,5,0
Impacted_Buildings_[#],00_07_05_00,G&Wp,average,60,900.0,0.24,0,7,5,0
Impacted_Buildings_[#],00_07_05_00,G&Wp,average,100,950.0,0.12,0,7,5,0
Impacted_Buildings_[#],00_07_05_00,Wp,average,20,230.0,0.25,0,7,5,0
Impacted_Buildings_[#],00_07_05_00,Wp,average,60,990.0,0.22,0,7,5,0
Impacted_Buildings_[#],00_07_05_00,Wp,average,100,1030.0,0.1,0,7,5,0
Impacted_Buildings_[#],00_07_07_00,D,average,20,220.0,0.32,0,7,7,0
Impacted_Buildings_[#],00_07_07_00,D,average,60,930.0,0.39,0,7,7,0
Impacted_Buildings_[#],00_07_07_00,D,average,100,1040.0,0.27,0,7,7,0
Impacted_Buildings_[#],00_07_07_00,D&G,average,20,240.0,0.32,0,7,7,0
Impacted_Buildings_[#],00_07_07_00,D&G,average,60,990.0,0.36,0,7,7,0
Impacted_Buildings_[#],00_07_07_00,D&G,average,100,1070.0,0.22,0,7,7,0
Impacted_Buildings_[#],00_07_07_00,D&G&Wp,average,20,240.0,0.3,0,7,7,0
Impacted_Buildings_[#],00_07_07_00,D&G&Wp,average,60,1080.0,0.33,0,7,7,0
Impacted_Buildings_[#],00_07_07_00,D&G&Wp,average,100,1150.0,0.17,0,7,7,0
Impacted_Buildings_[#],00_07_07_00,D&Wp,average,20,240.0,0.3,0,7,7,0
Impacted_Buildings_[#],00_07_07_00,D&Wp,average,60,1090.0,0.32,0,7,7,0
Impacted_Buildings_[#],00_07_07_00,D&Wp,average,100,1170.0,0.16,0,7,7,0
Impacted_Buildings_[#],00_07_07_00,G,average,20,250.0,0.31,0,7,7,0
Impacted_Buildings_[#],00_07_07_00,G,average,60,1050.0,0.34,0,7,7,0
Impacted_Buildings_[#],00_07_07_00,G,average,100,1100.0,0.19,0,7,7,0
Impacted_Buildings_[#],00_07_07_00,G&Wp,average,20,250.0,0.29,0,7,7,0
Impacted_Buildings_[#],00_07_07_00,G&Wp,average,60,1150.0,0.31,0,7,7,0
Impacted_Buildings_[#],00_07_07_00,G&Wp,average,100,1200.0,0.15,0,7,7,0
Impacted_Buildings_[#],00_07_07_00,Wp,average,20,250.0,0.28,0,7,7,0
Impacted_Buildings_[#],00_07_07_00,Wp,average,60,1250.0,0.28,0,7,7,0
Impacted_Buildings_[#],00_07_07_00,Wp,average,100,1310.0,0.13,0,7,7,0
Impacted_Buildings_[#],00_07_09_00,D,average,20,200.0,0.29,0,7,9,0
Impacted_Buildings_[#],00_07_09_00,D,average,60,660.0,0.28,0,7,9,0
Impacted_Buildings_[#],00_07_09_00,D,average,100,660.0,0.17,0,7,9,0
Impacted_Buildings_[#],00_07_09_00,D&G,average,20,210.0,0.28,0,7,9,0
Impacted_Buildings_[#],00_07_09_00,D&G,average,60,710.0,0.26,0,7,9,0
Impacted_Buildings_[#],00_07_09_00,D&G,average,100,710.0,0.15,0,7,9,0
Impacted_Buildings_[#],00_07_09_00,D&G&Wp,average,20,220.0,0.27,0,7,9,0
Impacted_Buildings_[#],00_07_09_00,D&G&Wp,average,60,780.0,0.24,0,7,9,0
Impacted_Buildings_[#],00_07_09_00,D&G&Wp,average,100,800.0,0.12,0,7,9,0
Impacted_Buildings_[#],00_07_09_00,D&Wp,average,20,210.0,0.27,0,7,9,0
Impacted_Buildings_[#],00_07_09_00,D&Wp,average,60,790.0,0.23,0,7,9,0
Impacted_Buildings_[#],00_07_09_00,D&Wp,average,100,810.0,0.11,0,7,9,0
Impacted_Buildings_[#],00_07_09_00,G,average,20,230.0,0.28,0,7,9,0
Impacted_Buildings_[#],00_07_09_00,G,average,60,770.0,0.25,0,7,9,0
Impacted_Buildings_[#],00_07_09_00,G,average,100,770.0,0.13,0,7,9,0
Impacted_Buildings_[#],00_07_09_00,G&Wp,average,20,230.0,0.26,0,7,9,0
Impacted_Buildings_[#],00_07_09_00,G&Wp,average,60,850.0,0.23,0,7,9,0
Impacted_Buildings_[#],00_07_09_00,G&Wp,average,100,870.0,0.11,0,7,9,0
Impacted_Buildings_[#],00_07_09_00,Wp,average,20,230.0,0.25,0,7,9,0
Impacted_Buildings_[#],00_07_09_00,Wp,average,60,920.0,0.21,0,7,9,0
Impacted_Buildings_[#],00_07_09_00,Wp,average,100,960.0,0.09,0,7,9,0
Impacted_Buildings_[#],00_07_11_00,D,average,20,670.0,1.0,0,7,11,0
Impacted_Buildings_[#],00_07_11_00,D,average,60,2130.0,0.9,0,7,11,0
Impacted_Buildings_[#],00_07_11_00,D,average,100,3020.0,0.77,0,7,11,0
Impacted_Buildings_[#],00_07_11_00,D&G,average,20,740.0,1.0,0,7,11,0
Impacted_Buildings_[#],00_07_11_00,D&G,average,60,2400.0,0.88,0,7,11,0
Impacted_Buildings_[#],00_07_11_00,D&G,average,100,3290.0,0.68,0,7,11,0
Impacted_Buildings_[#],00_07_11_00,D&G&Wp,average,20,780.0,1.0,0,7,11,0
Impacted_Buildings_[#],00_07_11_00,D&G&Wp,average,60,2850.0,0.87,0,7,11,0
Impacted_Buildings_[#],00_07_11_00,D&G&Wp,average,100,3850.0,0.58,0,7,11,0
Impacted_Buildings_[#],00_07_11_00,D&Wp,average,20,780.0,1.0,0,7,11,0
Impacted_Buildings_[#],00_07_11_00,D&Wp,average,60,2950.0,0.87,0,7,11,0
Impacted_Buildings_[#],00_07_11_00,D&Wp,average,100,3990.0,0.56,0,7,11,0
Impacted_Buildings_[#],00_07_11_00,G,average,20,800.0,1.0,0,7,11,0
Impacted_Buildings_[#],00_07_11_00,G,average,60,2660.0,0.87,0,7,11,0
Impacted_Buildings_[#],00_07_11_00,G,average,100,3560.0,0.61,0,7,11,0
Impacted_Buildings_[#],00_07_11_00,G&Wp,average,20,840.0,1.0,0,7,11,0
Impacted_Buildings_[#],00_07_11_00,G&Wp,average,60,3220.0,0.86,0,7,11,0
Impacted_Buildings_[#],00_07_11_00,G&Wp,average,100,4260.0,0.53,0,7,11,0
Impacted_Buildings_[#],00_07_11_00,Wp,average,20,880.0,1.0,0,7,11,0
Impacted_Buildings_[#],00_07_11_00,Wp,average,60,3770.0,0.85,0,7,11,0
Impacted_Buildings_[#],00_07_11_00,Wp,average,100,4950.0,0.48,0,7,11,0
Impacted_Buildings_[#],00_07_13_00,D,average,20,630.0,0.93,0,7,13,0
Impacted_Buildings_[#],00_07_13_00,D,average,60,1930.0,0.81,0,7,13,0
Impacted_Buildings_[#],00_07_13_00,D,average,100,2570.0,0.65,0,7,13,0
Impacted_Buildings_[#],00_07_13_00,D&G,average,20,690.0,0.93,0,7,13,0
Impacted_Buildings_[#],00_07_13_00,D&G,average,60,2180.0,0.8,0,7,13,0
Impacted_Buildings_[#],00_07_13_00,D&G,average,100,2810.0,0.58,0,7,13,0
Impacted_Buildings_[#],00_07_13_00,D&G&Wp,average,20,730.0,0.93,0,7,13,0
Impacted_Buildings_[#],00_07_13_00,D&G&Wp,average,60,2540.0,0.77,0,7,13,0
Impacted_Buildings_[#],00_07_13_00,D&G&Wp,average,100,3060.0,0.46,0,7,13,0
Impacted_Buildings_[#],00_07_13_00,D&Wp,average,20,720.0,0.93,0,7,13,0
Impacted_Buildings_[#],00_07_13_00,D&Wp,average,60,2580.0,0.76,0,7,13,0
Impacted_Buildings_[#],00_07_13_00,D&Wp,average,100,3070.0,0.43,0,7,13,0
Impacted_Buildings_[#],00_07_13_00,G,average,20,740.0,0.93,0,7,13,0
Impacted_Buildings_[#],00_07_13_00,G,average,60,2440.0,0.8,0,7,13,0
Impacted_Buildings_[#],00_07_13_00,G,average,100,3050.0,0.53,0,7,13,0
Impacted_Buildings_[#],00_07_13_00,G&Wp,average,20,780.0,0.93,0,7,13,0
Impacted_Buildings_[#],00_07_13_00,G&Wp,average,60,2840.0,0.76,0,7,13,0
Impacted_Buildings_[#],00_07_13_00,G&Wp,average,100,3310.0,0.41,0,7,13,0
Impacted_Buildings_[#],00_07_13_00,Wp,average,20,820.0,0.93,0,7,13,0
Impacted_Buildings_[#],00_07_13_00,Wp,average,60,3240.0,0.73,0,7,13,0
Impacted_Buildings_[#],00_07_13_00,Wp,average,100,3570.0,0.35,0,7,13,0
Impacted_Buildings_[#],00_08_00_00,D,average,20,680.0,1.0,0,8,0,0
Impacted_Buildings_[#],00_08_00_00,D,average,60,2370.0,1.0,0,8,0,0
Impacted_Buildings_[#],00_08_00_00,D,average,100,3930.0,1.0,0,8,0,0
Impacted_Buildings_[#],00_08_00_00,D&G,average,20,740.0,1.0,0,8,0,0
Impacted_Buildings_[#],00_08_00_00,D&G,average,60,2710.0,1.0,0,8,0,0
Impacted_Buildings_[#],00_08_00_00,D&G,average,100,4860.0,1.0,0,8,0,0
Impacted_Buildings_[#],00_08_00_00,D&G&Wp,average,20,790.0,1.0,0,8,0,0
Impacted_Buildings_[#],00_08_00_00,D&G&Wp,average,60,3280.0,1.0,0,8,0,0
Impacted_Buildings_[#],00_08_00_00,D&G&Wp,average,100,6680.0,1.0,0,8,0,0
Impacted_Buildings_[#],00_08_00_00,D&Wp,average,20,780.0,1.0,0,8,0,0
Impacted_Buildings_[#],00_08_00_00,D&Wp,average,60,3400.0,1.0,0,8,0,0
Impacted_Buildings_[#],00_08_00_00,D&Wp,average,100,7120.0,1.0,0,8,0,0
Impacted_Buildings_[#],00_08_00_00,G,average,20,800.0,1.0,0,8,0,0
Impacted_Buildings_[#],00_08_00_00,G,average,60,3060.0,1.0,0,8,0,0
Impacted_Buildings_[#],00_08_00_00,G,average,100,5800.0,1.0,0,8,0,0
Impacted_Buildings_[#],00_08_00_00,G&Wp,average,20,840.0,1.0,0,8,0,0
Impacted_Buildings_[#],00_08_00_00,G&Wp,average,60,3740.0,1.0,0,8,0,0
Impacted_Buildings_[#],00_08_00_00,G&Wp,average,100,8050.0,1.0,0,8,0,0
Impacted_Buildings_[#],00_08_00_00,Wp,average,20,880.0,1.0,0,8,0,0
Impacted_Buildings_[#],00_08_00_00,Wp,average,60,4420.0,1.0,0,8,0,0
Impacted_Buildings_[#],00_08_00_00,Wp,average,100,10310.0,1.0,0,8,0,0
Impacted_Buildings_[#],00_08_01_00,D,average,20,660.0,0.97,0,8,1,0
Impacted_Buildings_[#],00_08_01_00,D,average,60,1960.0,0.83,0,8,1,0
Impacted_Buildings_[#],00_08_01_00,D,average,100,2320.0,0.59,0,8,1,0
Impacted_Buildings_[#],00_08_01_00,D&G,average,20,720.0,0.97,0,8,1,0
Impacted_Buildings_[#],00_08_01_00,D&G,average,60,2200.0,0.81,0,8,1,0
Impacted_Buildings_[#],00_08_01_00,D&G,average,100,2580.0,0.53,0,8,1,0
Impacted_Buildings_[#],00_08_01_00,D&G&Wp,average,20,760.0,0.97,0,8,1,0
Impacted_Buildings_[#],00_08_01_00,D&G&Wp,average,60,2600.0,0.79,0,8,1,0
Impacted_Buildings_[#],00_08_01_00,D&G&Wp,average,100,2890.0,0.43,0,8,1,0
Impacted_Buildings_[#],00_08_01_00,D&Wp,average,20,760.0,0.97,0,8,1,0
Impacted_Buildings_[#],00_08_01_00,D&Wp,average,60,2680.0,0.79,0,8,1,0
Impacted_Buildings_[#],00_08_01_00,D&Wp,average,100,2920.0,0.41,0,8,1,0
Impacted_Buildings_[#],00_08_01_00,G,average,20,780.0,0.97,0,8,1,0
Impacted_Buildings_[#],00_08_01_00,G,average,60,2450.0,0.8,0,8,1,0
Impacted_Buildings_[#],00_08_01_00,G,average,100,2840.0,0.49,0,8,1,0
Impacted_Buildings_[#],00_08_01_00,G&Wp,average,20,820.0,0.97,0,8,1,0
Impacted_Buildings_[#],00_08_01_00,G&Wp,average,60,2920.0,0.78,0,8,1,0
Impacted_Buildings_[#],00_08_01_00,G&Wp,average,100,3180.0,0.39,0,8,1,0
Impacted_Buildings_[#],00_08_01_00,Wp,average,20,860.0,0.97,0,8,1,0
Impacted_Buildings_[#],00_08_01_00,Wp,average,60,3390.0,0.77,0,8,1,0
Impacted_Buildings_[#],00_08_01_00,Wp,average,100,3520.0,0.34,0,8,1,0
Impacted_Buildings_[#],00_08_03_00,D,average,20,630.0,0.93,0,8,3,0
Impacted_Buildings_[#],00_08_03_00,D,average,60,1920.0,0.81,0,8,3,0
Impacted_Buildings_[#],00_08_03_00,D,average,100,2270.0,0.58,0,8,3,0
Impacted_Buildings_[#],00_08_03_00,D&G,average,20,680.0,0.93,0,8,3,0
Impacted_Buildings_[#],00_08_03_00,D&G,average,60,2150.0,0.79,0,8,3,0
Impacted_Buildings_[#],00_08_03_00,D&G,average,100,2520.0,0.52,0,8,3,0
Impacted_Buildings_[#],00_08_03_00,D&G&Wp,average,20,730.0,0.93,0,8,3,0
Impacted_Buildings_[#],00_08_03_00,D&G&Wp,average,60,2540.0,0.77,0,8,3,0
Impacted_Buildings_[#],00_08_03_00,D&G&Wp,average,100,2830.0,0.42,0,8,3,0
Impacted_Buildings_[#],00_08_03_00,D&Wp,average,20,720.0,0.92,0,8,3,0
Impacted_Buildings_[#],00_08_03_00,D&Wp,average,60,2620.0,0.77,0,8,3,0
Impacted_Buildings_[#],00_08_03_00,D&Wp,average,100,2860.0,0.4,0,8,3,0
Impacted_Buildings_[#],00_08_03_00,G,average,20,740.0,0.93,0,8,3,0
Impacted_Buildings_[#],00_08_03_00,G,average,60,2390.0,0.78,0,8,3,0
Impacted_Buildings_[#],00_08_03_00,G,average,100,2770.0,0.48,0,8,3,0
Impacted_Buildings_[#],00_08_03_00,G&Wp,average,20,780.0,0.92,0,8,3,0
Impacted_Buildings_[#],00_08_03_00,G&Wp,average,60,2850.0,0.76,0,8,3,0
Impacted_Buildings_[#],00_08_03_00,G&Wp,average,100,3110.0,0.39,0,8,3,0
Impacted_Buildings_[#],00_08_03_00,Wp,average,20,810.0,0.92,0,8,3,0
Impacted_Buildings_[#],00_08_03_00,Wp,average,60,3320.0,0.75,0,8,3,0
Impacted_Buildings_[#],00_08_03_00,Wp,average,100,3440.0,0.33,0,8,3,0
Impacted_Buildings_[#],00_08_05_00,D,average,20,200.0,0.29,0,8,5,0
Impacted_Buildings_[#],00_08_05_00,D,average,60,700.0,0.29,0,8,5,0
Impacted_Buildings_[#],00_08_05_00,D,average,100,740.0,0.19,0,8,5,0
Impacted_Buildings_[#],00_08_05_00,D&G,average,20,210.0,0.28,0,8,5,0
Impacted_Buildings_[#],00_08_05_00,D&G,average,60,760.0,0.28,0,8,5,0
Impacted_Buildings_[#],00_08_05_00,D&G,average,100,800.0,0.16,0,8,5,0
Impacted_Buildings_[#],00_08_05_00,D&G&Wp,average,20,220.0,0.27,0,8,5,0
Impacted_Buildings_[#],00_08_05_00,D&G&Wp,average,60,840.0,0.25,0,8,5,0
Impacted_Buildings_[#],00_08_05_00,D&G&Wp,average,100,880.0,0.13,0,8,5,0
Impacted_Buildings_[#],00_08_05_00,D&Wp,average,20,210.0,0.27,0,8,5,0
Impacted_Buildings_[#],00_08_05_00,D&Wp,average,60,850.0,0.25,0,8,5,0
Impacted_Buildings_[#],00_08_05_00,D&Wp,average,100,890.0,0.12,0,8,5,0
Impacted_Buildings_[#],00_08_05_00,G,average,20,230.0,0.28,0,8,5,0
Impacted_Buildings_[#],00_08_05_00,G,average,60,820.0,0.27,0,8,5,0
Impacted_Buildings_[#],00_08_05_00,G,average,100,860.0,0.15,0,8,5,0
Impacted_Buildings_[#],00_08_05_00,G&Wp,average,20,230.0,0.26,0,8,5,0
Impacted_Buildings_[#],00_08_05_00,G&Wp,average,60,900.0,0.24,0,8,5,0
Impacted_Buildings_[#],00_08_05_00,G&Wp,average,100,950.0,0.12,0,8,5,0
Impacted_Buildings_[#],00_08_05_00,Wp,average,20,230.0,0.25,0,8,5,0
Impacted_Buildings_[#],00_08_05_00,Wp,average,60,990.0,0.22,0,8,5,0
Impacted_Buildings_[#],00_08_05_00,Wp,average,100,1030.0,0.1,0,8,5,0
Impacted_Buildings_[#],00_08_07_00,D,average,20,220.0,0.32,0,8,7,0
Impacted_Buildings_[#],00_08_07_00,D,average,60,930.0,0.39,0,8,7,0
Impacted_Buildings_[#],00_08_07_00,D,average,100,1050.0,0.27,0,8,7,0
Impacted_Buildings_[#],00_08_07_00,D&G,average,20,240.0,0.32,0,8,7,0
Impacted_Buildings_[#],00_08_07_00,D&G,average,60,990.0,0.36,0,8,7,0
Impacted_Buildings_[#],00_08_07_00,D&G,average,100,1070.0,0.22,0,8,7,0
Impacted_Buildings_[#],00_08_07_00,D&G&Wp,average,20,240.0,0.3,0,8,7,0
Impacted_Buildings_[#],00_08_07_00,D&G&Wp,average,60,1080.0,0.33,0,8,7,0
Impacted_Buildings_[#],00_08_07_00,D&G&Wp,average,100,1150.0,0.17,0,8,7,0
Impacted_Buildings_[#],00_08_07_00,D&Wp,average,20,240.0,0.3,0,8,7,0
Impacted_Buildings_[#],00_08_07_00,D&Wp,average,60,1090.0,0.32,0,8,7,0
Impacted_Buildings_[#],00_08_07_00,D&Wp,average,100,1180.0,0.16,0,8,7,0
Impacted_Buildings_[#],00_08_07_00,G,average,20,250.0,0.31,0,8,7,0
Impacted_Buildings_[#],00_08_07_00,G,average,60,1050.0,0.34,0,8,7,0
Impacted_Buildings_[#],00_08_07_00,G,average,100,1100.0,0.19,0,8,7,0
Impacted_Buildings_[#],00_08_07_00,G&Wp,average,20,250.0,0.29,0,8,7,0
Impacted_Buildings_[#],00_08_07_00,G&Wp,average,60,1150.0,0.31,0,8,7,0
Impacted_Buildings_[#],00_08_07_00,G&Wp,average,100,1200.0,0.15,0,8,7,0
Impacted_Buildings_[#],00_08_07_00,Wp,average,20,250.0,0.28,0,8,7,0
Impacted_Buildings_[#],00_08_07_00,Wp,average,60,1250.0,0.28,0,8,7,0
Impacted_Buildings_[#],00_08_07_00,Wp,average,100,1310.0,0.13,0,8,7,0
Impacted_Buildings_[#],00_08_09_00,D,average,20,200.0,0.29,0,8,9,0
Impacted_Buildings_[#],00_08_09_00,D,average,60,660.0,0.28,0,8,9,0
Impacted_Buildings_[#],00_08_09_00,D,average,100,660.0,0.17,0,8,9,0
Impacted_Buildings_[#],00_08_09_00,D&G,average,20,210.0,0.28,0,8,9,0
Impacted_Buildings_[#],00_08_09_00,D&G,average,60,710.0,0.26,0,8,9,0
Impacted_Buildings_[#],00_08_09_00,D&G,average,100,710.0,0.15,0,8,9,0
Impacted_Buildings_[#],00_08_09_00,D&G&Wp,average,20,220.0,0.27,0,8,9,0
Impacted_Buildings_[#],00_08_09_00,D&G&Wp,average,60,780.0,0.24,0,8,9,0
Impacted_Buildings_[#],00_08_09_00,D&G&Wp,average,100,800.0,0.12,0,8,9,0
Impacted_Buildings_[#],00_08_09_00,D&Wp,average,20,210.0,0.27,0,8,9,0
Impacted_Buildings_[#],00_08_09_00,D&Wp,average,60,790.0,0.23,0,8,9,0
Impacted_Buildings_[#],00_08_09_00,D&Wp,average,100,810.0,0.11,0,8,9,0
Impacted_Buildings_[#],00_08_09_00,G,average,20,230.0,0.28,0,8,9,0
Impacted_Buildings_[#],00_08_09_00,G,average,60,770.0,0.25,0,8,9,0
Impacted_Buildings_[#],00_08_09_00,G,average,100,770.0,0.13,0,8,9,0
Impacted_Buildings_[#],00_08_09_00,G&Wp,average,20,230.0,0.26,0,8,9,0
Impacted_Buildings_[#],00_08_09_00,G&Wp,average,60,850.0,0.23,0,8,9,0
Impacted_Buildings_[#],00_08_09_00,G&Wp,average,100,870.0,0.11,0,8,9,0
Impacted_Buildings_[#],00_08_09_00,Wp,average,20,230.0,0.25,0,8,9,0
Impacted_Buildings_[#],00_08_09_00,Wp,average,60,920.0,0.21,0,8,9,0
Impacted_Buildings_[#],00_08_09_00,Wp,average,100,960.0,0.09,0,8,9,0
Impacted_Buildings_[#],00_08_11_00,D,average,20,670.0,1.0,0,8,11,0
Impacted_Buildings_[#],00_08_11_00,D,average,60,2130.0,0.9,0,8,11,0
Impacted_Buildings_[#],00_08_11_00,D,average,100,3020.0,0.77,0,8,11,0
Impacted_Buildings_[#],00_08_11_00,D&G,average,20,740.0,1.0,0,8,11,0
Impacted_Buildings_[#],00_08_11_00,D&G,average,60,2400.0,0.88,0,8,11,0
Impacted_Buildings_[#],00_08_11_00,D&G,average,100,3290.0,0.68,0,8,11,0
Impacted_Buildings_[#],00_08_11_00,D&G&Wp,average,20,780.0,1.0,0,8,11,0
Impacted_Buildings_[#],00_08_11_00,D&G&Wp,average,60,2850.0,0.87,0,8,11,0
Impacted_Buildings_[#],00_08_11_00,D&G&Wp,average,100,3850.0,0.58,0,8,11,0
Impacted_Buildings_[#],00_08_11_00,D&Wp,average,20,780.0,1.0,0,8,11,0
Impacted_Buildings_[#],00_08_11_00,D&Wp,average,60,2950.0,0.87,0,8,11,0
Impacted_Buildings_[#],00_08_11_00,D&Wp,average,100,3990.0,0.56,0,8,11,0
Impacted_Buildings_[#],00_08_11_00,G,average,20,800.0,1.0,0,8,11,0
Impacted_Buildings_[#],00_08_11_00,G,average,60,2660.0,0.87,0,8,11,0
Impacted_Buildings_[#],00_08_11_00,G,average,100,3560.0,0.61,0,8,11,0
Impacted_Buildings_[#],00_08_11_00,G&Wp,average,20,840.0,1.0,0,8,11,0
Impacted_Buildings_[#],00_08_11_00,G&Wp,average,60,3220.0,0.86,0,8,11,0
Impacted_Buildings_[#],00_08_11_00,G&Wp,average,100,4260.0,0.53,0,8,11,0
Impacted_Buildings_[#],00_08_11_00,Wp,average,20,880.0,1.0,0,8,11,0
Impacted_Buildings_[#],00_08_11_00,Wp,average,60,3770.0,0.85,0,8,11,0
Impacted_Buildings_[#],00_08_11_00,Wp,average,100,4950.0,0.48,0,8,11,0
Impacted_Buildings_[#],00_08_13_00,D,average,20,630.0,0.93,0,8,13,0
Impacted_Buildings_[#],00_08_13_00,D,average,60,1930.0,0.81,0,8,13,0
Impacted_Buildings_[#],00_08_13_00,D,average,100,2590.0,0.66,0,8,13,0
Impacted_Buildings_[#],00_08_13_00,D&G,average,20,690.0,0.93,0,8,13,0
Impacted_Buildings_[#],00_08_13_00,D&G,average,60,2180.0,0.8,0,8,13,0
Impacted_Buildings_[#],00_08_13_00,D&G,average,100,2820.0,0.58,0,8,13,0
Impacted_Buildings_[#],00_08_13_00,D&G&Wp,average,20,730.0,0.93,0,8,13,0
Impacted_Buildings_[#],00_08_13_00,D&G&Wp,average,60,2540.0,0.77,0,8,13,0
Impacted_Buildings_[#],00_08_13_00,D&G&Wp,average,100,3070.0,0.46,0,8,13,0
Impacted_Buildings_[#],00_08_13_00,D&Wp,average,20,720.0,0.93,0,8,13,0
Impacted_Buildings_[#],00_08_13_00,D&Wp,average,60,2580.0,0.76,0,8,13,0
Impacted_Buildings_[#],00_08_13_00,D&Wp,average,100,3080.0,0.43,0,8,13,0
Impacted_Buildings_[#],00_08_13_00,G,average,20,740.0,0.93,0,8,13,0
Impacted_Buildings_[#],00_08_13_00,G,average,60,2440.0,0.8,0,8,13,0
Impacted_Buildings_[#],00_08_13_00,G,average,100,3050.0,0.53,0,8,13,0
Impacted_Buildings_[#],00_08_13_00,G&Wp,average,20,780.0,0.93,0,8,13,0
Impacted_Buildings_[#],00_08_13_00,G&Wp,average,60,2840.0,0.76,0,8,13,0
Impacted_Buildings_[#],00_08_13_00,G&Wp,average,100,3310.0,0.41,0,8,13,0
Impacted_Buildings_[#],00_08_13_00,Wp,average,20,820.0,0.93,0,8,13,0
Impacted_Buildings_[#],00_08_13_00,Wp,average,60,3240.0,0.73,0,8,13,0
Impacted_Buildings_[#],00_08_13_00,Wp,average,100,3570.0,0.35,0,8,13,0
Impacted_Buildings_[#],00_09_00_00,D,average,20,680.0,1.0,0,9,0,0
Impacted_Buildings_[#],00_09_00_00,D,average,60,2240.0,0.95,0,9,0,0
Impacted_Buildings_[#],00_09_00_00,D,average,100,3760.0,0.96,0,9,0,0
Impacted_Buildings_[#],00_09_00_00,D&G,average,20,740.0,1.0,0,9,0,0
Impacted_Buildings_[#],00_09_00_00,D&G,average,60,2590.0,0.95,0,9,0,0
Impacted_Buildings_[#],00_09_00_00,D&G,average,100,4700.0,0.97,0,9,0,0
Impacted_Buildings_[#],00_09_00_00,D&G&Wp,average,20,780.0,0.99,0,9,0,0
Impacted_Buildings_[#],00_09_00_00,D&G&Wp,average,60,3140.0,0.96,0,9,0,0
Impacted_Buildings_[#],00_09_00_00,D&G&Wp,average,100,6490.0,0.97,0,9,0,0
Impacted_Buildings_[#],00_09_00_00,D&Wp,average,20,760.0,0.98,0,9,0,0
Impacted_Buildings_[#],00_09_00_00,D&Wp,average,60,3250.0,0.96,0,9,0,0
Impacted_Buildings_[#],00_09_00_00,D&Wp,average,100,6920.0,0.97,0,9,0,0
Impacted_Buildings_[#],00_09_00_00,G,average,20,800.0,1.0,0,9,0,0
Impacted_Buildings_[#],00_09_00_00,G,average,60,2930.0,0.96,0,9,0,0
Impacted_Buildings_[#],00_09_00_00,G,average,100,5640.0,0.97,0,9,0,0
Impacted_Buildings_[#],00_09_00_00,G&Wp,average,20,830.0,0.98,0,9,0,0
Impacted_Buildings_[#],00_09_00_00,G&Wp,average,60,3590.0,0.96,0,9,0,0
Impacted_Buildings_[#],00_09_00_00,G&Wp,average,100,7860.0,0.98,0,9,0,0
Impacted_Buildings_[#],00_09_00_00,Wp,average,20,850.0,0.97,0,9,0,0
Impacted_Buildings_[#],00_09_00_00,Wp,average,60,4250.0,0.96,0,9,0,0
Impacted_Buildings_[#],00_09_00_00,Wp,average,100,10080.0,0.98,0,9,0,0
Impacted_Buildings_[#],00_09_01_00,D,average,20,660.0,0.97,0,9,1,0
Impacted_Buildings_[#],00_09_01_00,D,average,60,1900.0,0.8,0,9,1,0
Impacted_Buildings_[#],00_09_01_00,D,average,100,2350.0,0.6,0,9,1,0
Impacted_Buildings_[#],00_09_01_00,D&G,average,20,720.0,0.97,0,9,1,0
Impacted_Buildings_[#],00_09_01_00,D&G,average,60,2150.0,0.79,0,9,1,0
Impacted_Buildings_[#],00_09_01_00,D&G,average,100,2620.0,0.54,0,9,1,0
Impacted_Buildings_[#],00_09_01_00,D&G&Wp,average,20,750.0,0.96,0,9,1,0
Impacted_Buildings_[#],00_09_01_00,D&G&Wp,average,60,2520.0,0.77,0,9,1,0
Impacted_Buildings_[#],00_09_01_00,D&G&Wp,average,100,2920.0,0.44,0,9,1,0
Impacted_Buildings_[#],00_09_01_00,D&Wp,average,20,740.0,0.95,0,9,1,0
Impacted_Buildings_[#],00_09_01_00,D&Wp,average,60,2580.0,0.76,0,9,1,0
Impacted_Buildings_[#],00_09_01_00,D&Wp,average,100,2940.0,0.41,0,9,1,0
Impacted_Buildings_[#],00_09_01_00,G,average,20,780.0,0.97,0,9,1,0
Impacted_Buildings_[#],00_09_01_00,G,average,60,2390.0,0.78,0,9,1,0
Impacted_Buildings_[#],00_09_01_00,G,average,100,2880.0,0.5,0,9,1,0
Impacted_Buildings_[#],00_09_01_00,G&Wp,average,20,800.0,0.95,0,9,1,0
Impacted_Buildings_[#],00_09_01_00,G&Wp,average,60,2830.0,0.76,0,9,1,0
Impacted_Buildings_[#],00_09_01_00,G&Wp,average,100,3200.0,0.4,0,9,1,0
Impacted_Buildings_[#],00_09_01_00,Wp,average,20,830.0,0.94,0,9,1,0
Impacted_Buildings_[#],00_09_01_00,Wp,average,60,3260.0,0.74,0,9,1,0
Impacted_Buildings_[#],00_09_01_00,Wp,average,100,3520.0,0.34,0,9,1,0
Impacted_Buildings_[#],00_09_03_00,D,average,20,630.0,0.93,0,9,3,0
Impacted_Buildings_[#],00_09_03_00,D,average,60,1850.0,0.78,0,9,3,0
Impacted_Buildings_[#],00_09_03_00,D,average,100,2290.0,0.58,0,9,3,0
Impacted_Buildings_[#],00_09_03_00,D&G,average,20,680.0,0.93,0,9,3,0
Impacted_Buildings_[#],00_09_03_00,D&G,average,60,2090.0,0.77,0,9,3,0
Impacted_Buildings_[#],00_09_03_00,D&G,average,100,2550.0,0.52,0,9,3,0
Impacted_Buildings_[#],00_09_03_00,D&G&Wp,average,20,720.0,0.91,0,9,3,0
Impacted_Buildings_[#],00_09_03_00,D&G&Wp,average,60,2440.0,0.74,0,9,3,0
Impacted_Buildings_[#],00_09_03_00,D&G&Wp,average,100,2840.0,0.42,0,9,3,0
Impacted_Buildings_[#],00_09_03_00,D&Wp,average,20,710.0,0.91,0,9,3,0
Impacted_Buildings_[#],00_09_03_00,D&Wp,average,60,2510.0,0.74,0,9,3,0
Impacted_Buildings_[#],00_09_03_00,D&Wp,average,100,2850.0,0.4,0,9,3,0
Impacted_Buildings_[#],00_09_03_00,G,average,20,740.0,0.93,0,9,3,0
Impacted_Buildings_[#],00_09_03_00,G,average,60,2320.0,0.76,0,9,3,0
Impacted_Buildings_[#],00_09_03_00,G,average,100,2800.0,0.48,0,9,3,0
Impacted_Buildings_[#],00_09_03_00,G&Wp,average,20,760.0,0.91,0,9,3,0
Impacted_Buildings_[#],00_09_03_00,G&Wp,average,60,2740.0,0.73,0,9,3,0
Impacted_Buildings_[#],00_09_03_00,G&Wp,average,100,3110.0,0.39,0,9,3,0
Impacted_Buildings_[#],00_09_03_00,Wp,average,20,780.0,0.89,0,9,3,0
Impacted_Buildings_[#],00_09_03_00,Wp,average,60,3160.0,0.72,0,9,3,0
Impacted_Buildings_[#],00_09_03_00,Wp,average,100,3420.0,0.33,0,9,3,0
Impacted_Buildings_[#],00_09_05_00,D,average,20,200.0,0.29,0,9,5,0
Impacted_Buildings_[#],00_09_05_00,D,average,60,700.0,0.29,0,9,5,0
Impacted_Buildings_[#],00_09_05_00,D,average,100,740.0,0.19,0,9,5,0
Impacted_Buildings_[#],00_09_05_00,D&G,average,20,210.0,0.28,0,9,5,0
Impacted_Buildings_[#],00_09_05_00,D&G,average,60,750.0,0.28,0,9,5,0
Impacted_Buildings_[#],00_09_05_00,D&G,average,100,800.0,0.16,0,9,5,0
Impacted_Buildings_[#],00_09_05_00,D&G&Wp,average,20,210.0,0.26,0,9,5,0
Impacted_Buildings_[#],00_09_05_00,D&G&Wp,average,60,830.0,0.25,0,9,5,0
Impacted_Buildings_[#],00_09_05_00,D&G&Wp,average,100,870.0,0.13,0,9,5,0
Impacted_Buildings_[#],00_09_05_00,D&Wp,average,20,200.0,0.25,0,9,5,0
Impacted_Buildings_[#],00_09_05_00,D&Wp,average,60,840.0,0.25,0,9,5,0
Impacted_Buildings_[#],00_09_05_00,D&Wp,average,100,880.0,0.12,0,9,5,0
Impacted_Buildings_[#],00_09_05_00,G,average,20,230.0,0.28,0,9,5,0
Impacted_Buildings_[#],00_09_05_00,G,average,60,810.0,0.26,0,9,5,0
Impacted_Buildings_[#],00_09_05_00,G,average,100,860.0,0.15,0,9,5,0
Impacted_Buildings_[#],00_09_05_00,G&Wp,average,20,210.0,0.25,0,9,5,0
Impacted_Buildings_[#],00_09_05_00,G&Wp,average,60,900.0,0.24,0,9,5,0
Impacted_Buildings_[#],00_09_05_00,G&Wp,average,100,940.0,0.12,0,9,5,0
Impacted_Buildings_[#],00_09_05_00,Wp,average,20,200.0,0.22,0,9,5,0
Impacted_Buildings_[#],00_09_05_00,Wp,average,60,980.0,0.22,0,9,5,0
Impacted_Buildings_[#],00_09_05_00,Wp,average,100,1020.0,0.1,0,9,5,0
Impacted_Buildings_[#],00_09_07_00,D,average,20,220.0,0.32,0,9,7,0
Impacted_Buildings_[#],00_09_07_00,D,average,60,870.0,0.36,0,9,7,0
Impacted_Buildings_[#],00_09_07_00,D,average,100,970.0,0.25,0,9,7,0
Impacted_Buildings_[#],00_09_07_00,D&G,average,20,240.0,0.31,0,9,7,0
Impacted_Buildings_[#],00_09_07_00,D&G,average,60,940.0,0.34,0,9,7,0
Impacted_Buildings_[#],00_09_07_00,D&G,average,100,1020.0,0.21,0,9,7,0
Impacted_Buildings_[#],00_09_07_00,D&G&Wp,average,20,230.0,0.29,0,9,7,0
Impacted_Buildings_[#],00_09_07_00,D&G&Wp,average,60,1020.0,0.31,0,9,7,0
Impacted_Buildings_[#],00_09_07_00,D&G&Wp,average,100,1100.0,0.16,0,9,7,0
Impacted_Buildings_[#],00_09_07_00,D&Wp,average,20,220.0,0.28,0,9,7,0
Impacted_Buildings_[#],00_09_07_00,D&Wp,average,60,1020.0,0.3,0,9,7,0
Impacted_Buildings_[#],00_09_07_00,D&Wp,average,100,1130.0,0.16,0,9,7,0
Impacted_Buildings_[#],00_09_07_00,G,average,20,250.0,0.31,0,9,7,0
Impacted_Buildings_[#],00_09_07_00,G,average,60,1010.0,0.33,0,9,7,0
Impacted_Buildings_[#],00_09_07_00,G,average,100,1060.0,0.18,0,9,7,0
Impacted_Buildings_[#],00_09_07_00,G&Wp,average,20,230.0,0.27,0,9,7,0
Impacted_Buildings_[#],00_09_07_00,G&Wp,average,60,1090.0,0.29,0,9,7,0
Impacted_Buildings_[#],00_09_07_00,G&Wp,average,100,1170.0,0.14,0,9,7,0
Impacted_Buildings_[#],00_09_07_00,Wp,average,20,220.0,0.25,0,9,7,0
Impacted_Buildings_[#],00_09_07_00,Wp,average,60,1170.0,0.26,0,9,7,0
Impacted_Buildings_[#],00_09_07_00,Wp,average,100,1280.0,0.12,0,9,7,0
Impacted_Buildings_[#],00_09_09_00,D,average,20,200.0,0.29,0,9,9,0
Impacted_Buildings_[#],00_09_09_00,D,average,60,650.0,0.27,0,9,9,0
Impacted_Buildings_[#],00_09_09_00,D,average,100,650.0,0.17,0,9,9,0
Impacted_Buildings_[#],00_09_09_00,D&G,average,20,210.0,0.28,0,9,9,0
Impacted_Buildings_[#],00_09_09_00,D&G,average,60,710.0,0.26,0,9,9,0
Impacted_Buildings_[#],00_09_09_00,D&G,average,100,710.0,0.15,0,9,9,0
Impacted_Buildings_[#],00_09_09_00,D&G&Wp,average,20,210.0,0.26,0,9,9,0
Impacted_Buildings_[#],00_09_09_00,D&G&Wp,average,60,780.0,0.24,0,9,9,0
Impacted_Buildings_[#],00_09_09_00,D&G&Wp,average,100,790.0,0.12,0,9,9,0
Impacted_Buildings_[#],00_09_09_00,D&Wp,average,20,200.0,0.25,0,9,9,0
Impacted_Buildings_[#],00_09_09_00,D&Wp,average,60,790.0,0.23,0,9,9,0
Impacted_Buildings_[#],00_09_09_00,D&Wp,average,100,810.0,0.11,0,9,9,0
Impacted_Buildings_[#],00_09_09_00,G,average,20,230.0,0.28,0,9,9,0
Impacted_Buildings_[#],00_09_09_00,G,average,60,770.0,0.25,0,9,9,0
Impacted_Buildings_[#],00_09_09_00,G,average,100,770.0,0.13,0,9,9,0
Impacted_Buildings_[#],00_09_09_00,G&Wp,average,20,210.0,0.25,0,9,9,0
Impacted_Buildings_[#],00_09_09_00,G&Wp,average,60,840.0,0.22,0,9,9,0
Impacted_Buildings_[#],00_09_09_00,G&Wp,average,100,860.0,0.11,0,9,9,0
Impacted_Buildings_[#],00_09_09_00,Wp,average,20,200.0,0.22,0,9,9,0
Impacted_Buildings_[#],00_09_09_00,Wp,average,60,920.0,0.21,0,9,9,0
Impacted_Buildings_[#],00_09_09_00,Wp,average,100,960.0,0.09,0,9,9,0
Impacted_Buildings_[#],00_09_11_00,D,average,20,670.0,1.0,0,9,11,0
Impacted_Buildings_[#],00_09_11_00,D,average,60,2030.0,0.86,0,9,11,0
Impacted_Buildings_[#],00_09_11_00,D,average,100,3060.0,0.78,0,9,11,0
Impacted_Buildings_[#],00_09_11_00,D&G,average,20,740.0,1.0,0,9,11,0
Impacted_Buildings_[#],00_09_11_00,D&G,average,60,2310.0,0.85,0,9,11,0
Impacted_Buildings_[#],00_09_11_00,D&G,average,100,3390.0,0.7,0,9,11,0
Impacted_Buildings_[#],00_09_11_00,D&G&Wp,average,20,770.0,0.99,0,9,11,0
Impacted_Buildings_[#],00_09_11_00,D&G&Wp,average,60,2740.0,0.83,0,9,11,0
Impacted_Buildings_[#],00_09_11_00,D&G&Wp,average,100,3870.0,0.58,0,9,11,0
Impacted_Buildings_[#],00_09_11_00,D&Wp,average,20,760.0,0.98,0,9,11,0
Impacted_Buildings_[#],00_09_11_00,D&Wp,average,60,2810.0,0.83,0,9,11,0
Impacted_Buildings_[#],00_09_11_00,D&Wp,average,100,3930.0,0.55,0,9,11,0
Impacted_Buildings_[#],00_09_11_00,G,average,20,800.0,1.0,0,9,11,0
Impacted_Buildings_[#],00_09_11_00,G,average,60,2590.0,0.84,0,9,11,0
Impacted_Buildings_[#],00_09_11_00,G,average,100,3730.0,0.64,0,9,11,0
Impacted_Buildings_[#],00_09_11_00,G&Wp,average,20,820.0,0.98,0,9,11,0
Impacted_Buildings_[#],00_09_11_00,G&Wp,average,60,3090.0,0.83,0,9,11,0
Impacted_Buildings_[#],00_09_11_00,G&Wp,average,100,4270.0,0.53,0,9,11,0
Impacted_Buildings_[#],00_09_11_00,Wp,average,20,850.0,0.96,0,9,11,0
Impacted_Buildings_[#],00_09_11_00,Wp,average,60,3600.0,0.81,0,9,11,0
Impacted_Buildings_[#],00_09_11_00,Wp,average,100,4810.0,0.47,0,9,11,0
Impacted_Buildings_[#],00_09_13_00,D,average,20,630.0,0.93,0,9,13,0
Impacted_Buildings_[#],00_09_13_00,D,average,60,1840.0,0.78,0,9,13,0
Impacted_Buildings_[#],00_09_13_00,D,average,100,2620.0,0.67,0,9,13,0
Impacted_Buildings_[#],00_09_13_00,D&G,average,20,690.0,0.93,0,9,13,0
Impacted_Buildings_[#],00_09_13_00,D&G,average,60,2100.0,0.77,0,9,13,0
Impacted_Buildings_[#],00_09_13_00,D&G,average,100,2890.0,0.59,0,9,13,0
Impacted_Buildings_[#],00_09_13_00,D&G&Wp,average,20,720.0,0.91,0,9,13,0
Impacted_Buildings_[#],00_09_13_00,D&G&Wp,average,60,2470.0,0.75,0,9,13,0
Impacted_Buildings_[#],00_09_13_00,D&G&Wp,average,100,3150.0,0.47,0,9,13,0
Impacted_Buildings_[#],00_09_13_00,D&Wp,average,20,710.0,0.91,0,9,13,0
Impacted_Buildings_[#],00_09_13_00,D&Wp,average,60,2530.0,0.74,0,9,13,0
Impacted_Buildings_[#],00_09_13_00,D&Wp,average,100,3150.0,0.44,0,9,13,0
Impacted_Buildings_[#],00_09_13_00,G,average,20,740.0,0.93,0,9,13,0
Impacted_Buildings_[#],00_09_13_00,G,average,60,2360.0,0.77,0,9,13,0
Impacted_Buildings_[#],00_09_13_00,G,average,100,3150.0,0.54,0,9,13,0
Impacted_Buildings_[#],00_09_13_00,G&Wp,average,20,760.0,0.91,0,9,13,0
Impacted_Buildings_[#],00_09_13_00,G&Wp,average,60,2790.0,0.74,0,9,13,0
Impacted_Buildings_[#],00_09_13_00,G&Wp,average,100,3410.0,0.42,0,9,13,0
Impacted_Buildings_[#],00_09_13_00,Wp,average,20,790.0,0.89,0,9,13,0
Impacted_Buildings_[#],00_09_13_00,Wp,average,60,3220.0,0.73,0,9,13,0
Impacted_Buildings_[#],00_09_13_00,Wp,average,100,3680.0,0.36,0,9,13,0
