objective_parameter,pw_combi,scenario_of_interest,robustness_metric,year,Value,normalized_values,flood_agr,drought_agr,flood_urb,drought_shp
Municipality_Costs_[MEUR],00_00_00_00,D,average,20,0.0,0.0,0,0,0,0
Municipality_Costs_[MEUR],00_00_00_00,D,average,60,0.0,0.0,0,0,0,0
Municipality_Costs_[MEUR],00_00_00_00,D,average,100,0.0,0.0,0,0,0,0
Municipality_Costs_[MEUR],00_00_00_00,D&G,average,20,0.0,0.0,0,0,0,0
Municipality_Costs_[MEUR],00_00_00_00,D&G,average,60,0.0,0.0,0,0,0,0
Municipality_Costs_[MEUR],00_00_00_00,D&G,average,100,0.0,0.0,0,0,0,0
Municipality_Costs_[MEUR],00_00_00_00,D&G&Wp,average,20,0.0,0.0,0,0,0,0
Municipality_Costs_[MEUR],00_00_00_00,D&G&Wp,average,60,0.0,0.0,0,0,0,0
Municipality_Costs_[MEUR],00_00_00_00,D&G&Wp,average,100,0.0,0.0,0,0,0,0
Municipality_Costs_[MEUR],00_00_00_00,D&Wp,average,20,0.0,0.0,0,0,0,0
Municipality_Costs_[MEUR],00_00_00_00,D&Wp,average,60,0.0,0.0,0,0,0,0
Municipality_Costs_[MEUR],00_00_00_00,D&Wp,average,100,0.0,0.0,0,0,0,0
Municipality_Costs_[MEUR],00_00_00_00,G,average,20,0.0,0.0,0,0,0,0
Municipality_Costs_[MEUR],00_00_00_00,G,average,60,0.0,0.0,0,0,0,0
Municipality_Costs_[MEUR],00_00_00_00,G,average,100,0.0,0.0,0,0,0,0
Municipality_Costs_[MEUR],00_00_00_00,G&Wp,average,20,0.0,0.0,0,0,0,0
Municipality_Costs_[MEUR],00_00_00_00,G&Wp,average,60,0.0,0.0,0,0,0,0
Municipality_Costs_[MEUR],00_00_00_00,G&Wp,average,100,0.0,0.0,0,0,0,0
Municipality_Costs_[MEUR],00_00_00_00,Wp,average,20,0.0,0.0,0,0,0,0
Municipality_Costs_[MEUR],00_00_00_00,Wp,average,60,0.0,0.0,0,0,0,0
Municipality_Costs_[MEUR],00_00_00_00,Wp,average,100,0.0,0.0,0,0,0,0
Municipality_Costs_[MEUR],00_00_00_01,D,average,20,0.0,0.0,0,0,0,1
Municipality_Costs_[MEUR],00_00_00_01,D,average,60,0.0,0.0,0,0,0,1
Municipality_Costs_[MEUR],00_00_00_01,D,average,100,0.0,0.0,0,0,0,1
Municipality_Costs_[MEUR],00_00_00_01,D&G,average,20,0.0,0.0,0,0,0,1
Municipality_Costs_[MEUR],00_00_00_01,D&G,average,60,0.0,0.0,0,0,0,1
Municipality_Costs_[MEUR],00_00_00_01,D&G,average,100,0.0,0.0,0,0,0,1
Municipality_Costs_[MEUR],00_00_00_01,D&G&Wp,average,20,0.0,0.0,0,0,0,1
Municipality_Costs_[MEUR],00_00_00_01,D&G&Wp,average,60,0.0,0.0,0,0,0,1
Municipality_Costs_[MEUR],00_00_00_01,D&G&Wp,average,100,0.0,0.0,0,0,0,1
Municipality_Costs_[MEUR],00_00_00_01,D&Wp,average,20,0.0,0.0,0,0,0,1
Municipality_Costs_[MEUR],00_00_00_01,D&Wp,average,60,0.0,0.0,0,0,0,1
Municipality_Costs_[MEUR],00_00_00_01,D&Wp,average,100,0.0,0.0,0,0,0,1
Municipality_Costs_[MEUR],00_00_00_01,G,average,20,0.0,0.0,0,0,0,1
Municipality_Costs_[MEUR],00_00_00_01,G,average,60,0.0,0.0,0,0,0,1
Municipality_Costs_[MEUR],00_00_00_01,G,average,100,0.0,0.0,0,0,0,1
Municipality_Costs_[MEUR],00_00_00_01,G&Wp,average,20,0.0,0.0,0,0,0,1
Municipality_Costs_[MEUR],00_00_00_01,G&Wp,average,60,0.0,0.0,0,0,0,1
Municipality_Costs_[MEUR],00_00_00_01,G&Wp,average,100,0.0,0.0,0,0,0,1
Municipality_Costs_[MEUR],00_00_00_01,Wp,average,20,0.0,0.0,0,0,0,1
Municipality_Costs_[MEUR],00_00_00_01,Wp,average,60,0.0,0.0,0,0,0,1
Municipality_Costs_[MEUR],00_00_00_01,Wp,average,100,0.0,0.0,0,0,0,1
Municipality_Costs_[MEUR],00_00_00_02,D,average,20,0.0,0.0,0,0,0,2
Municipality_Costs_[MEUR],00_00_00_02,D,average,60,0.0,0.0,0,0,0,2
Municipality_Costs_[MEUR],00_00_00_02,D,average,100,0.0,0.0,0,0,0,2
Municipality_Costs_[MEUR],00_00_00_02,D&G,average,20,0.0,0.0,0,0,0,2
Municipality_Costs_[MEUR],00_00_00_02,D&G,average,60,0.0,0.0,0,0,0,2
Municipality_Costs_[MEUR],00_00_00_02,D&G,average,100,0.0,0.0,0,0,0,2
Municipality_Costs_[MEUR],00_00_00_02,D&G&Wp,average,20,0.0,0.0,0,0,0,2
Municipality_Costs_[MEUR],00_00_00_02,D&G&Wp,average,60,0.0,0.0,0,0,0,2
Municipality_Costs_[MEUR],00_00_00_02,D&G&Wp,average,100,0.0,0.0,0,0,0,2
Municipality_Costs_[MEUR],00_00_00_02,D&Wp,average,20,0.0,0.0,0,0,0,2
Municipality_Costs_[MEUR],00_00_00_02,D&Wp,average,60,0.0,0.0,0,0,0,2
Municipality_Costs_[MEUR],00_00_00_02,D&Wp,average,100,0.0,0.0,0,0,0,2
Municipality_Costs_[MEUR],00_00_00_02,G,average,20,0.0,0.0,0,0,0,2
Municipality_Costs_[MEUR],00_00_00_02,G,average,60,0.0,0.0,0,0,0,2
Municipality_Costs_[MEUR],00_00_00_02,G,average,100,0.0,0.0,0,0,0,2
Municipality_Costs_[MEUR],00_00_00_02,G&Wp,average,20,0.0,0.0,0,0,0,2
Municipality_Costs_[MEUR],00_00_00_02,G&Wp,average,60,0.0,0.0,0,0,0,2
Municipality_Costs_[MEUR],00_00_00_02,G&Wp,average,100,0.0,0.0,0,0,0,2
Municipality_Costs_[MEUR],00_00_00_02,Wp,average,20,0.0,0.0,0,0,0,2
Municipality_Costs_[MEUR],00_00_00_02,Wp,average,60,0.0,0.0,0,0,0,2
Municipality_Costs_[MEUR],00_00_00_02,Wp,average,100,0.0,0.0,0,0,0,2
Municipality_Costs_[MEUR],00_00_00_04,D,average,20,0.0,0.0,0,0,0,4
Municipality_Costs_[MEUR],00_00_00_04,D,average,60,0.0,0.0,0,0,0,4
Municipality_Costs_[MEUR],00_00_00_04,D,average,100,0.0,0.0,0,0,0,4
Municipality_Costs_[MEUR],00_00_00_04,D&G,average,20,0.0,0.0,0,0,0,4
Municipality_Costs_[MEUR],00_00_00_04,D&G,average,60,0.0,0.0,0,0,0,4
Municipality_Costs_[MEUR],00_00_00_04,D&G,average,100,0.0,0.0,0,0,0,4
Municipality_Costs_[MEUR],00_00_00_04,D&G&Wp,average,20,0.0,0.0,0,0,0,4
Municipality_Costs_[MEUR],00_00_00_04,D&G&Wp,average,60,0.0,0.0,0,0,0,4
Municipality_Costs_[MEUR],00_00_00_04,D&G&Wp,average,100,0.0,0.0,0,0,0,4
Municipality_Costs_[MEUR],00_00_00_04,D&Wp,average,20,0.0,0.0,0,0,0,4
Municipality_Costs_[MEUR],00_00_00_04,D&Wp,average,60,0.0,0.0,0,0,0,4
Municipality_Costs_[MEUR],00_00_00_04,D&Wp,average,100,0.0,0.0,0,0,0,4
Municipality_Costs_[MEUR],00_00_00_04,G,average,20,0.0,0.0,0,0,0,4
Municipality_Costs_[MEUR],00_00_00_04,G,average,60,0.0,0.0,0,0,0,4
Municipality_Costs_[MEUR],00_00_00_04,G,average,100,0.0,0.0,0,0,0,4
Municipality_Costs_[MEUR],00_00_00_04,G&Wp,average,20,0.0,0.0,0,0,0,4
Municipality_Costs_[MEUR],00_00_00_04,G&Wp,average,60,0.0,0.0,0,0,0,4
Municipality_Costs_[MEUR],00_00_00_04,G&Wp,average,100,0.0,0.0,0,0,0,4
Municipality_Costs_[MEUR],00_00_00_04,Wp,average,20,0.0,0.0,0,0,0,4
Municipality_Costs_[MEUR],00_00_00_04,Wp,average,60,0.0,0.0,0,0,0,4
Municipality_Costs_[MEUR],00_00_00_04,Wp,average,100,0.0,0.0,0,0,0,4
Municipality_Costs_[MEUR],00_00_00_05,D,average,20,0.0,0.0,0,0,0,5
Municipality_Costs_[MEUR],00_00_00_05,D,average,60,0.0,0.0,0,0,0,5
Municipality_Costs_[MEUR],00_00_00_05,D,average,100,0.0,0.0,0,0,0,5
Municipality_Costs_[MEUR],00_00_00_05,D&G,average,20,0.0,0.0,0,0,0,5
Municipality_Costs_[MEUR],00_00_00_05,D&G,average,60,0.0,0.0,0,0,0,5
Municipality_Costs_[MEUR],00_00_00_05,D&G,average,100,0.0,0.0,0,0,0,5
Municipality_Costs_[MEUR],00_00_00_05,D&G&Wp,average,20,0.0,0.0,0,0,0,5
Municipality_Costs_[MEUR],00_00_00_05,D&G&Wp,average,60,0.0,0.0,0,0,0,5
Municipality_Costs_[MEUR],00_00_00_05,D&G&Wp,average,100,0.0,0.0,0,0,0,5
Municipality_Costs_[MEUR],00_00_00_05,D&Wp,average,20,0.0,0.0,0,0,0,5
Municipality_Costs_[MEUR],00_00_00_05,D&Wp,average,60,0.0,0.0,0,0,0,5
Municipality_Costs_[MEUR],00_00_00_05,D&Wp,average,100,0.0,0.0,0,0,0,5
Municipality_Costs_[MEUR],00_00_00_05,G,average,20,0.0,0.0,0,0,0,5
Municipality_Costs_[MEUR],00_00_00_05,G,average,60,0.0,0.0,0,0,0,5
Municipality_Costs_[MEUR],00_00_00_05,G,average,100,0.0,0.0,0,0,0,5
Municipality_Costs_[MEUR],00_00_00_05,G&Wp,average,20,0.0,0.0,0,0,0,5
Municipality_Costs_[MEUR],00_00_00_05,G&Wp,average,60,0.0,0.0,0,0,0,5
Municipality_Costs_[MEUR],00_00_00_05,G&Wp,average,100,0.0,0.0,0,0,0,5
Municipality_Costs_[MEUR],00_00_00_05,Wp,average,20,0.0,0.0,0,0,0,5
Municipality_Costs_[MEUR],00_00_00_05,Wp,average,60,0.0,0.0,0,0,0,5
Municipality_Costs_[MEUR],00_00_00_05,Wp,average,100,0.0,0.0,0,0,0,5
Municipality_Costs_[MEUR],00_00_00_07,D,average,20,0.0,0.0,0,0,0,7
Municipality_Costs_[MEUR],00_00_00_07,D,average,60,0.0,0.0,0,0,0,7
Municipality_Costs_[MEUR],00_00_00_07,D,average,100,0.0,0.0,0,0,0,7
Municipality_Costs_[MEUR],00_00_00_07,D&G,average,20,0.0,0.0,0,0,0,7
Municipality_Costs_[MEUR],00_00_00_07,D&G,average,60,0.0,0.0,0,0,0,7
Municipality_Costs_[MEUR],00_00_00_07,D&G,average,100,0.0,0.0,0,0,0,7
Municipality_Costs_[MEUR],00_00_00_07,D&G&Wp,average,20,0.0,0.0,0,0,0,7
Municipality_Costs_[MEUR],00_00_00_07,D&G&Wp,average,60,0.0,0.0,0,0,0,7
Municipality_Costs_[MEUR],00_00_00_07,D&G&Wp,average,100,0.0,0.0,0,0,0,7
Municipality_Costs_[MEUR],00_00_00_07,D&Wp,average,20,0.0,0.0,0,0,0,7
Municipality_Costs_[MEUR],00_00_00_07,D&Wp,average,60,0.0,0.0,0,0,0,7
Municipality_Costs_[MEUR],00_00_00_07,D&Wp,average,100,0.0,0.0,0,0,0,7
Municipality_Costs_[MEUR],00_00_00_07,G,average,20,0.0,0.0,0,0,0,7
Municipality_Costs_[MEUR],00_00_00_07,G,average,60,0.0,0.0,0,0,0,7
Municipality_Costs_[MEUR],00_00_00_07,G,average,100,0.0,0.0,0,0,0,7
Municipality_Costs_[MEUR],00_00_00_07,G&Wp,average,20,0.0,0.0,0,0,0,7
Municipality_Costs_[MEUR],00_00_00_07,G&Wp,average,60,0.0,0.0,0,0,0,7
Municipality_Costs_[MEUR],00_00_00_07,G&Wp,average,100,0.0,0.0,0,0,0,7
Municipality_Costs_[MEUR],00_00_00_07,Wp,average,20,0.0,0.0,0,0,0,7
Municipality_Costs_[MEUR],00_00_00_07,Wp,average,60,0.0,0.0,0,0,0,7
Municipality_Costs_[MEUR],00_00_00_07,Wp,average,100,0.0,0.0,0,0,0,7
Municipality_Costs_[MEUR],00_00_00_08,D,average,20,0.0,0.0,0,0,0,8
Municipality_Costs_[MEUR],00_00_00_08,D,average,60,0.0,0.0,0,0,0,8
Municipality_Costs_[MEUR],00_00_00_08,D,average,100,0.0,0.0,0,0,0,8
Municipality_Costs_[MEUR],00_00_00_08,D&G,average,20,0.0,0.0,0,0,0,8
Municipality_Costs_[MEUR],00_00_00_08,D&G,average,60,0.0,0.0,0,0,0,8
Municipality_Costs_[MEUR],00_00_00_08,D&G,average,100,0.0,0.0,0,0,0,8
Municipality_Costs_[MEUR],00_00_00_08,D&G&Wp,average,20,0.0,0.0,0,0,0,8
Municipality_Costs_[MEUR],00_00_00_08,D&G&Wp,average,60,0.0,0.0,0,0,0,8
Municipality_Costs_[MEUR],00_00_00_08,D&G&Wp,average,100,0.0,0.0,0,0,0,8
Municipality_Costs_[MEUR],00_00_00_08,D&Wp,average,20,0.0,0.0,0,0,0,8
Municipality_Costs_[MEUR],00_00_00_08,D&Wp,average,60,0.0,0.0,0,0,0,8
Municipality_Costs_[MEUR],00_00_00_08,D&Wp,average,100,0.0,0.0,0,0,0,8
Municipality_Costs_[MEUR],00_00_00_08,G,average,20,0.0,0.0,0,0,0,8
Municipality_Costs_[MEUR],00_00_00_08,G,average,60,0.0,0.0,0,0,0,8
Municipality_Costs_[MEUR],00_00_00_08,G,average,100,0.0,0.0,0,0,0,8
Municipality_Costs_[MEUR],00_00_00_08,G&Wp,average,20,0.0,0.0,0,0,0,8
Municipality_Costs_[MEUR],00_00_00_08,G&Wp,average,60,0.0,0.0,0,0,0,8
Municipality_Costs_[MEUR],00_00_00_08,G&Wp,average,100,0.0,0.0,0,0,0,8
Municipality_Costs_[MEUR],00_00_00_08,Wp,average,20,0.0,0.0,0,0,0,8
Municipality_Costs_[MEUR],00_00_00_08,Wp,average,60,0.0,0.0,0,0,0,8
Municipality_Costs_[MEUR],00_00_00_08,Wp,average,100,0.0,0.0,0,0,0,8
Municipality_Costs_[MEUR],00_00_00_09,D,average,20,0.0,0.0,0,0,0,9
Municipality_Costs_[MEUR],00_00_00_09,D,average,60,0.0,0.0,0,0,0,9
Municipality_Costs_[MEUR],00_00_00_09,D,average,100,0.0,0.0,0,0,0,9
Municipality_Costs_[MEUR],00_00_00_09,D&G,average,20,0.0,0.0,0,0,0,9
Municipality_Costs_[MEUR],00_00_00_09,D&G,average,60,0.0,0.0,0,0,0,9
Municipality_Costs_[MEUR],00_00_00_09,D&G,average,100,0.0,0.0,0,0,0,9
Municipality_Costs_[MEUR],00_00_00_09,D&G&Wp,average,20,0.0,0.0,0,0,0,9
Municipality_Costs_[MEUR],00_00_00_09,D&G&Wp,average,60,0.0,0.0,0,0,0,9
Municipality_Costs_[MEUR],00_00_00_09,D&G&Wp,average,100,0.0,0.0,0,0,0,9
Municipality_Costs_[MEUR],00_00_00_09,D&Wp,average,20,0.0,0.0,0,0,0,9
Municipality_Costs_[MEUR],00_00_00_09,D&Wp,average,60,0.0,0.0,0,0,0,9
Municipality_Costs_[MEUR],00_00_00_09,D&Wp,average,100,0.0,0.0,0,0,0,9
Municipality_Costs_[MEUR],00_00_00_09,G,average,20,0.0,0.0,0,0,0,9
Municipality_Costs_[MEUR],00_00_00_09,G,average,60,0.0,0.0,0,0,0,9
Municipality_Costs_[MEUR],00_00_00_09,G,average,100,0.0,0.0,0,0,0,9
Municipality_Costs_[MEUR],00_00_00_09,G&Wp,average,20,0.0,0.0,0,0,0,9
Municipality_Costs_[MEUR],00_00_00_09,G&Wp,average,60,0.0,0.0,0,0,0,9
Municipality_Costs_[MEUR],00_00_00_09,G&Wp,average,100,0.0,0.0,0,0,0,9
Municipality_Costs_[MEUR],00_00_00_09,Wp,average,20,0.0,0.0,0,0,0,9
Municipality_Costs_[MEUR],00_00_00_09,Wp,average,60,0.0,0.0,0,0,0,9
Municipality_Costs_[MEUR],00_00_00_09,Wp,average,100,0.0,0.0,0,0,0,9
Municipality_Costs_[MEUR],00_00_01_00,D,average,20,30.0,0.07,0,0,1,0
Municipality_Costs_[MEUR],00_00_01_00,D,average,60,120.0,0.22,0,0,1,0
Municipality_Costs_[MEUR],00_00_01_00,D,average,100,240.0,0.33,0,0,1,0
Municipality_Costs_[MEUR],00_00_01_00,D&G,average,20,30.0,0.07,0,0,1,0
Municipality_Costs_[MEUR],00_00_01_00,D&G,average,60,130.0,0.23,0,0,1,0
Municipality_Costs_[MEUR],00_00_01_00,D&G,average,100,240.0,0.33,0,0,1,0
Municipality_Costs_[MEUR],00_00_01_00,D&G&Wp,average,20,30.0,0.07,0,0,1,0
Municipality_Costs_[MEUR],00_00_01_00,D&G&Wp,average,60,140.0,0.24,0,0,1,0
Municipality_Costs_[MEUR],00_00_01_00,D&G&Wp,average,100,240.0,0.33,0,0,1,0
Municipality_Costs_[MEUR],00_00_01_00,D&Wp,average,20,30.0,0.07,0,0,1,0
Municipality_Costs_[MEUR],00_00_01_00,D&Wp,average,60,140.0,0.25,0,0,1,0
Municipality_Costs_[MEUR],00_00_01_00,D&Wp,average,100,240.0,0.33,0,0,1,0
Municipality_Costs_[MEUR],00_00_01_00,G,average,20,30.0,0.07,0,0,1,0
Municipality_Costs_[MEUR],00_00_01_00,G,average,60,130.0,0.24,0,0,1,0
Municipality_Costs_[MEUR],00_00_01_00,G,average,100,240.0,0.33,0,0,1,0
Municipality_Costs_[MEUR],00_00_01_00,G&Wp,average,20,30.0,0.07,0,0,1,0
Municipality_Costs_[MEUR],00_00_01_00,G&Wp,average,60,150.0,0.26,0,0,1,0
Municipality_Costs_[MEUR],00_00_01_00,G&Wp,average,100,240.0,0.33,0,0,1,0
Municipality_Costs_[MEUR],00_00_01_00,Wp,average,20,30.0,0.07,0,0,1,0
Municipality_Costs_[MEUR],00_00_01_00,Wp,average,60,160.0,0.28,0,0,1,0
Municipality_Costs_[MEUR],00_00_01_00,Wp,average,100,240.0,0.33,0,0,1,0
Municipality_Costs_[MEUR],00_00_01_01,D,average,20,30.0,0.07,0,0,1,1
Municipality_Costs_[MEUR],00_00_01_01,D,average,60,120.0,0.22,0,0,1,1
Municipality_Costs_[MEUR],00_00_01_01,D,average,100,240.0,0.33,0,0,1,1
Municipality_Costs_[MEUR],00_00_01_01,D&G,average,20,30.0,0.07,0,0,1,1
Municipality_Costs_[MEUR],00_00_01_01,D&G,average,60,130.0,0.23,0,0,1,1
Municipality_Costs_[MEUR],00_00_01_01,D&G,average,100,240.0,0.33,0,0,1,1
Municipality_Costs_[MEUR],00_00_01_01,D&G&Wp,average,20,30.0,0.07,0,0,1,1
Municipality_Costs_[MEUR],00_00_01_01,D&G&Wp,average,60,140.0,0.24,0,0,1,1
Municipality_Costs_[MEUR],00_00_01_01,D&G&Wp,average,100,240.0,0.33,0,0,1,1
Municipality_Costs_[MEUR],00_00_01_01,D&Wp,average,20,30.0,0.07,0,0,1,1
Municipality_Costs_[MEUR],00_00_01_01,D&Wp,average,60,140.0,0.25,0,0,1,1
Municipality_Costs_[MEUR],00_00_01_01,D&Wp,average,100,240.0,0.33,0,0,1,1
Municipality_Costs_[MEUR],00_00_01_01,G,average,20,30.0,0.07,0,0,1,1
Municipality_Costs_[MEUR],00_00_01_01,G,average,60,130.0,0.24,0,0,1,1
Municipality_Costs_[MEUR],00_00_01_01,G,average,100,240.0,0.33,0,0,1,1
Municipality_Costs_[MEUR],00_00_01_01,G&Wp,average,20,30.0,0.07,0,0,1,1
Municipality_Costs_[MEUR],00_00_01_01,G&Wp,average,60,150.0,0.26,0,0,1,1
Municipality_Costs_[MEUR],00_00_01_01,G&Wp,average,100,240.0,0.33,0,0,1,1
Municipality_Costs_[MEUR],00_00_01_01,Wp,average,20,30.0,0.07,0,0,1,1
Municipality_Costs_[MEUR],00_00_01_01,Wp,average,60,160.0,0.28,0,0,1,1
Municipality_Costs_[MEUR],00_00_01_01,Wp,average,100,240.0,0.33,0,0,1,1
Municipality_Costs_[MEUR],00_00_01_02,D,average,20,30.0,0.07,0,0,1,2
Municipality_Costs_[MEUR],00_00_01_02,D,average,60,120.0,0.22,0,0,1,2
Municipality_Costs_[MEUR],00_00_01_02,D,average,100,240.0,0.33,0,0,1,2
Municipality_Costs_[MEUR],00_00_01_02,D&G,average,20,30.0,0.07,0,0,1,2
Municipality_Costs_[MEUR],00_00_01_02,D&G,average,60,130.0,0.23,0,0,1,2
Municipality_Costs_[MEUR],00_00_01_02,D&G,average,100,240.0,0.33,0,0,1,2
Municipality_Costs_[MEUR],00_00_01_02,D&G&Wp,average,20,30.0,0.07,0,0,1,2
Municipality_Costs_[MEUR],00_00_01_02,D&G&Wp,average,60,140.0,0.24,0,0,1,2
Municipality_Costs_[MEUR],00_00_01_02,D&G&Wp,average,100,240.0,0.33,0,0,1,2
Municipality_Costs_[MEUR],00_00_01_02,D&Wp,average,20,30.0,0.07,0,0,1,2
Municipality_Costs_[MEUR],00_00_01_02,D&Wp,average,60,140.0,0.25,0,0,1,2
Municipality_Costs_[MEUR],00_00_01_02,D&Wp,average,100,240.0,0.33,0,0,1,2
Municipality_Costs_[MEUR],00_00_01_02,G,average,20,30.0,0.07,0,0,1,2
Municipality_Costs_[MEUR],00_00_01_02,G,average,60,130.0,0.24,0,0,1,2
Municipality_Costs_[MEUR],00_00_01_02,G,average,100,240.0,0.33,0,0,1,2
Municipality_Costs_[MEUR],00_00_01_02,G&Wp,average,20,30.0,0.07,0,0,1,2
Municipality_Costs_[MEUR],00_00_01_02,G&Wp,average,60,150.0,0.26,0,0,1,2
Municipality_Costs_[MEUR],00_00_01_02,G&Wp,average,100,240.0,0.33,0,0,1,2
Municipality_Costs_[MEUR],00_00_01_02,Wp,average,20,30.0,0.07,0,0,1,2
Municipality_Costs_[MEUR],00_00_01_02,Wp,average,60,160.0,0.28,0,0,1,2
Municipality_Costs_[MEUR],00_00_01_02,Wp,average,100,240.0,0.33,0,0,1,2
Municipality_Costs_[MEUR],00_00_01_04,D,average,20,30.0,0.07,0,0,1,4
Municipality_Costs_[MEUR],00_00_01_04,D,average,60,120.0,0.22,0,0,1,4
Municipality_Costs_[MEUR],00_00_01_04,D,average,100,240.0,0.33,0,0,1,4
Municipality_Costs_[MEUR],00_00_01_04,D&G,average,20,30.0,0.07,0,0,1,4
Municipality_Costs_[MEUR],00_00_01_04,D&G,average,60,130.0,0.23,0,0,1,4
Municipality_Costs_[MEUR],00_00_01_04,D&G,average,100,240.0,0.33,0,0,1,4
Municipality_Costs_[MEUR],00_00_01_04,D&G&Wp,average,20,30.0,0.07,0,0,1,4
Municipality_Costs_[MEUR],00_00_01_04,D&G&Wp,average,60,140.0,0.24,0,0,1,4
Municipality_Costs_[MEUR],00_00_01_04,D&G&Wp,average,100,240.0,0.33,0,0,1,4
Municipality_Costs_[MEUR],00_00_01_04,D&Wp,average,20,30.0,0.07,0,0,1,4
Municipality_Costs_[MEUR],00_00_01_04,D&Wp,average,60,140.0,0.25,0,0,1,4
Municipality_Costs_[MEUR],00_00_01_04,D&Wp,average,100,240.0,0.33,0,0,1,4
Municipality_Costs_[MEUR],00_00_01_04,G,average,20,30.0,0.07,0,0,1,4
Municipality_Costs_[MEUR],00_00_01_04,G,average,60,130.0,0.24,0,0,1,4
Municipality_Costs_[MEUR],00_00_01_04,G,average,100,240.0,0.33,0,0,1,4
Municipality_Costs_[MEUR],00_00_01_04,G&Wp,average,20,30.0,0.07,0,0,1,4
Municipality_Costs_[MEUR],00_00_01_04,G&Wp,average,60,150.0,0.26,0,0,1,4
Municipality_Costs_[MEUR],00_00_01_04,G&Wp,average,100,240.0,0.33,0,0,1,4
Municipality_Costs_[MEUR],00_00_01_04,Wp,average,20,30.0,0.07,0,0,1,4
Municipality_Costs_[MEUR],00_00_01_04,Wp,average,60,160.0,0.28,0,0,1,4
Municipality_Costs_[MEUR],00_00_01_04,Wp,average,100,240.0,0.33,0,0,1,4
Municipality_Costs_[MEUR],00_00_01_05,D,average,20,30.0,0.07,0,0,1,5
Municipality_Costs_[MEUR],00_00_01_05,D,average,60,120.0,0.22,0,0,1,5
Municipality_Costs_[MEUR],00_00_01_05,D,average,100,240.0,0.33,0,0,1,5
Municipality_Costs_[MEUR],00_00_01_05,D&G,average,20,30.0,0.07,0,0,1,5
Municipality_Costs_[MEUR],00_00_01_05,D&G,average,60,130.0,0.23,0,0,1,5
Municipality_Costs_[MEUR],00_00_01_05,D&G,average,100,240.0,0.33,0,0,1,5
Municipality_Costs_[MEUR],00_00_01_05,D&G&Wp,average,20,30.0,0.07,0,0,1,5
Municipality_Costs_[MEUR],00_00_01_05,D&G&Wp,average,60,140.0,0.24,0,0,1,5
Municipality_Costs_[MEUR],00_00_01_05,D&G&Wp,average,100,240.0,0.33,0,0,1,5
Municipality_Costs_[MEUR],00_00_01_05,D&Wp,average,20,30.0,0.07,0,0,1,5
Municipality_Costs_[MEUR],00_00_01_05,D&Wp,average,60,140.0,0.25,0,0,1,5
Municipality_Costs_[MEUR],00_00_01_05,D&Wp,average,100,240.0,0.33,0,0,1,5
Municipality_Costs_[MEUR],00_00_01_05,G,average,20,30.0,0.07,0,0,1,5
Municipality_Costs_[MEUR],00_00_01_05,G,average,60,130.0,0.24,0,0,1,5
Municipality_Costs_[MEUR],00_00_01_05,G,average,100,240.0,0.33,0,0,1,5
Municipality_Costs_[MEUR],00_00_01_05,G&Wp,average,20,30.0,0.07,0,0,1,5
Municipality_Costs_[MEUR],00_00_01_05,G&Wp,average,60,150.0,0.26,0,0,1,5
Municipality_Costs_[MEUR],00_00_01_05,G&Wp,average,100,240.0,0.33,0,0,1,5
Municipality_Costs_[MEUR],00_00_01_05,Wp,average,20,30.0,0.07,0,0,1,5
Municipality_Costs_[MEUR],00_00_01_05,Wp,average,60,160.0,0.28,0,0,1,5
Municipality_Costs_[MEUR],00_00_01_05,Wp,average,100,240.0,0.33,0,0,1,5
Municipality_Costs_[MEUR],00_00_01_07,D,average,20,30.0,0.07,0,0,1,7
Municipality_Costs_[MEUR],00_00_01_07,D,average,60,120.0,0.22,0,0,1,7
Municipality_Costs_[MEUR],00_00_01_07,D,average,100,240.0,0.33,0,0,1,7
Municipality_Costs_[MEUR],00_00_01_07,D&G,average,20,30.0,0.07,0,0,1,7
Municipality_Costs_[MEUR],00_00_01_07,D&G,average,60,130.0,0.23,0,0,1,7
Municipality_Costs_[MEUR],00_00_01_07,D&G,average,100,240.0,0.33,0,0,1,7
Municipality_Costs_[MEUR],00_00_01_07,D&G&Wp,average,20,30.0,0.07,0,0,1,7
Municipality_Costs_[MEUR],00_00_01_07,D&G&Wp,average,60,140.0,0.24,0,0,1,7
Municipality_Costs_[MEUR],00_00_01_07,D&G&Wp,average,100,240.0,0.33,0,0,1,7
Municipality_Costs_[MEUR],00_00_01_07,D&Wp,average,20,30.0,0.07,0,0,1,7
Municipality_Costs_[MEUR],00_00_01_07,D&Wp,average,60,140.0,0.25,0,0,1,7
Municipality_Costs_[MEUR],00_00_01_07,D&Wp,average,100,240.0,0.33,0,0,1,7
Municipality_Costs_[MEUR],00_00_01_07,G,average,20,30.0,0.07,0,0,1,7
Municipality_Costs_[MEUR],00_00_01_07,G,average,60,130.0,0.24,0,0,1,7
Municipality_Costs_[MEUR],00_00_01_07,G,average,100,240.0,0.33,0,0,1,7
Municipality_Costs_[MEUR],00_00_01_07,G&Wp,average,20,30.0,0.07,0,0,1,7
Municipality_Costs_[MEUR],00_00_01_07,G&Wp,average,60,150.0,0.26,0,0,1,7
Municipality_Costs_[MEUR],00_00_01_07,G&Wp,average,100,240.0,0.33,0,0,1,7
Municipality_Costs_[MEUR],00_00_01_07,Wp,average,20,30.0,0.07,0,0,1,7
Municipality_Costs_[MEUR],00_00_01_07,Wp,average,60,160.0,0.28,0,0,1,7
Municipality_Costs_[MEUR],00_00_01_07,Wp,average,100,240.0,0.33,0,0,1,7
Municipality_Costs_[MEUR],00_00_01_08,D,average,20,30.0,0.07,0,0,1,8
Municipality_Costs_[MEUR],00_00_01_08,D,average,60,120.0,0.22,0,0,1,8
Municipality_Costs_[MEUR],00_00_01_08,D,average,100,240.0,0.33,0,0,1,8
Municipality_Costs_[MEUR],00_00_01_08,D&G,average,20,30.0,0.07,0,0,1,8
Municipality_Costs_[MEUR],00_00_01_08,D&G,average,60,130.0,0.23,0,0,1,8
Municipality_Costs_[MEUR],00_00_01_08,D&G,average,100,240.0,0.33,0,0,1,8
Municipality_Costs_[MEUR],00_00_01_08,D&G&Wp,average,20,30.0,0.07,0,0,1,8
Municipality_Costs_[MEUR],00_00_01_08,D&G&Wp,average,60,140.0,0.24,0,0,1,8
Municipality_Costs_[MEUR],00_00_01_08,D&G&Wp,average,100,240.0,0.33,0,0,1,8
Municipality_Costs_[MEUR],00_00_01_08,D&Wp,average,20,30.0,0.07,0,0,1,8
Municipality_Costs_[MEUR],00_00_01_08,D&Wp,average,60,140.0,0.25,0,0,1,8
Municipality_Costs_[MEUR],00_00_01_08,D&Wp,average,100,240.0,0.33,0,0,1,8
Municipality_Costs_[MEUR],00_00_01_08,G,average,20,30.0,0.07,0,0,1,8
Municipality_Costs_[MEUR],00_00_01_08,G,average,60,130.0,0.24,0,0,1,8
Municipality_Costs_[MEUR],00_00_01_08,G,average,100,240.0,0.33,0,0,1,8
Municipality_Costs_[MEUR],00_00_01_08,G&Wp,average,20,30.0,0.07,0,0,1,8
Municipality_Costs_[MEUR],00_00_01_08,G&Wp,average,60,150.0,0.26,0,0,1,8
Municipality_Costs_[MEUR],00_00_01_08,G&Wp,average,100,240.0,0.33,0,0,1,8
Municipality_Costs_[MEUR],00_00_01_08,Wp,average,20,30.0,0.07,0,0,1,8
Municipality_Costs_[MEUR],00_00_01_08,Wp,average,60,160.0,0.28,0,0,1,8
Municipality_Costs_[MEUR],00_00_01_08,Wp,average,100,240.0,0.33,0,0,1,8
Municipality_Costs_[MEUR],00_00_01_09,D,average,20,30.0,0.07,0,0,1,9
Municipality_Costs_[MEUR],00_00_01_09,D,average,60,120.0,0.22,0,0,1,9
Municipality_Costs_[MEUR],00_00_01_09,D,average,100,240.0,0.33,0,0,1,9
Municipality_Costs_[MEUR],00_00_01_09,D&G,average,20,30.0,0.07,0,0,1,9
Municipality_Costs_[MEUR],00_00_01_09,D&G,average,60,130.0,0.23,0,0,1,9
Municipality_Costs_[MEUR],00_00_01_09,D&G,average,100,240.0,0.33,0,0,1,9
Municipality_Costs_[MEUR],00_00_01_09,D&G&Wp,average,20,30.0,0.07,0,0,1,9
Municipality_Costs_[MEUR],00_00_01_09,D&G&Wp,average,60,140.0,0.24,0,0,1,9
Municipality_Costs_[MEUR],00_00_01_09,D&G&Wp,average,100,240.0,0.33,0,0,1,9
Municipality_Costs_[MEUR],00_00_01_09,D&Wp,average,20,30.0,0.07,0,0,1,9
Municipality_Costs_[MEUR],00_00_01_09,D&Wp,average,60,140.0,0.25,0,0,1,9
Municipality_Costs_[MEUR],00_00_01_09,D&Wp,average,100,240.0,0.33,0,0,1,9
Municipality_Costs_[MEUR],00_00_01_09,G,average,20,30.0,0.07,0,0,1,9
Municipality_Costs_[MEUR],00_00_01_09,G,average,60,130.0,0.24,0,0,1,9
Municipality_Costs_[MEUR],00_00_01_09,G,average,100,240.0,0.33,0,0,1,9
Municipality_Costs_[MEUR],00_00_01_09,G&Wp,average,20,30.0,0.07,0,0,1,9
Municipality_Costs_[MEUR],00_00_01_09,G&Wp,average,60,150.0,0.26,0,0,1,9
Municipality_Costs_[MEUR],00_00_01_09,G&Wp,average,100,240.0,0.33,0,0,1,9
Municipality_Costs_[MEUR],00_00_01_09,Wp,average,20,30.0,0.07,0,0,1,9
Municipality_Costs_[MEUR],00_00_01_09,Wp,average,60,160.0,0.28,0,0,1,9
Municipality_Costs_[MEUR],00_00_01_09,Wp,average,100,240.0,0.33,0,0,1,9
Municipality_Costs_[MEUR],00_00_03_00,D,average,20,30.0,0.08,0,0,3,0
Municipality_Costs_[MEUR],00_00_03_00,D,average,60,120.0,0.21,0,0,3,0
Municipality_Costs_[MEUR],00_00_03_00,D,average,100,230.0,0.32,0,0,3,0
Municipality_Costs_[MEUR],00_00_03_00,D&G,average,20,30.0,0.08,0,0,3,0
Municipality_Costs_[MEUR],00_00_03_00,D&G,average,60,130.0,0.22,0,0,3,0
Municipality_Costs_[MEUR],00_00_03_00,D&G,average,100,230.0,0.32,0,0,3,0
Municipality_Costs_[MEUR],00_00_03_00,D&G&Wp,average,20,30.0,0.08,0,0,3,0
Municipality_Costs_[MEUR],00_00_03_00,D&G&Wp,average,60,140.0,0.24,0,0,3,0
Municipality_Costs_[MEUR],00_00_03_00,D&G&Wp,average,100,230.0,0.32,0,0,3,0
Municipality_Costs_[MEUR],00_00_03_00,D&Wp,average,20,30.0,0.08,0,0,3,0
Municipality_Costs_[MEUR],00_00_03_00,D&Wp,average,60,140.0,0.24,0,0,3,0
Municipality_Costs_[MEUR],00_00_03_00,D&Wp,average,100,230.0,0.32,0,0,3,0
Municipality_Costs_[MEUR],00_00_03_00,G,average,20,30.0,0.08,0,0,3,0
Municipality_Costs_[MEUR],00_00_03_00,G,average,60,130.0,0.23,0,0,3,0
Municipality_Costs_[MEUR],00_00_03_00,G,average,100,230.0,0.32,0,0,3,0
Municipality_Costs_[MEUR],00_00_03_00,G&Wp,average,20,30.0,0.08,0,0,3,0
Municipality_Costs_[MEUR],00_00_03_00,G&Wp,average,60,140.0,0.25,0,0,3,0
Municipality_Costs_[MEUR],00_00_03_00,G&Wp,average,100,230.0,0.32,0,0,3,0
Municipality_Costs_[MEUR],00_00_03_00,Wp,average,20,30.0,0.08,0,0,3,0
Municipality_Costs_[MEUR],00_00_03_00,Wp,average,60,150.0,0.27,0,0,3,0
Municipality_Costs_[MEUR],00_00_03_00,Wp,average,100,230.0,0.32,0,0,3,0
Municipality_Costs_[MEUR],00_00_03_01,D,average,20,30.0,0.08,0,0,3,1
Municipality_Costs_[MEUR],00_00_03_01,D,average,60,120.0,0.21,0,0,3,1
Municipality_Costs_[MEUR],00_00_03_01,D,average,100,230.0,0.32,0,0,3,1
Municipality_Costs_[MEUR],00_00_03_01,D&G,average,20,30.0,0.08,0,0,3,1
Municipality_Costs_[MEUR],00_00_03_01,D&G,average,60,130.0,0.22,0,0,3,1
Municipality_Costs_[MEUR],00_00_03_01,D&G,average,100,230.0,0.32,0,0,3,1
Municipality_Costs_[MEUR],00_00_03_01,D&G&Wp,average,20,30.0,0.08,0,0,3,1
Municipality_Costs_[MEUR],00_00_03_01,D&G&Wp,average,60,140.0,0.24,0,0,3,1
Municipality_Costs_[MEUR],00_00_03_01,D&G&Wp,average,100,230.0,0.32,0,0,3,1
Municipality_Costs_[MEUR],00_00_03_01,D&Wp,average,20,30.0,0.08,0,0,3,1
Municipality_Costs_[MEUR],00_00_03_01,D&Wp,average,60,140.0,0.24,0,0,3,1
Municipality_Costs_[MEUR],00_00_03_01,D&Wp,average,100,230.0,0.32,0,0,3,1
Municipality_Costs_[MEUR],00_00_03_01,G,average,20,30.0,0.08,0,0,3,1
Municipality_Costs_[MEUR],00_00_03_01,G,average,60,130.0,0.23,0,0,3,1
Municipality_Costs_[MEUR],00_00_03_01,G,average,100,230.0,0.32,0,0,3,1
Municipality_Costs_[MEUR],00_00_03_01,G&Wp,average,20,30.0,0.08,0,0,3,1
Municipality_Costs_[MEUR],00_00_03_01,G&Wp,average,60,140.0,0.25,0,0,3,1
Municipality_Costs_[MEUR],00_00_03_01,G&Wp,average,100,230.0,0.32,0,0,3,1
Municipality_Costs_[MEUR],00_00_03_01,Wp,average,20,30.0,0.08,0,0,3,1
Municipality_Costs_[MEUR],00_00_03_01,Wp,average,60,150.0,0.27,0,0,3,1
Municipality_Costs_[MEUR],00_00_03_01,Wp,average,100,230.0,0.32,0,0,3,1
Municipality_Costs_[MEUR],00_00_03_02,D,average,20,30.0,0.08,0,0,3,2
Municipality_Costs_[MEUR],00_00_03_02,D,average,60,120.0,0.21,0,0,3,2
Municipality_Costs_[MEUR],00_00_03_02,D,average,100,230.0,0.32,0,0,3,2
Municipality_Costs_[MEUR],00_00_03_02,D&G,average,20,30.0,0.08,0,0,3,2
Municipality_Costs_[MEUR],00_00_03_02,D&G,average,60,130.0,0.22,0,0,3,2
Municipality_Costs_[MEUR],00_00_03_02,D&G,average,100,230.0,0.32,0,0,3,2
Municipality_Costs_[MEUR],00_00_03_02,D&G&Wp,average,20,30.0,0.08,0,0,3,2
Municipality_Costs_[MEUR],00_00_03_02,D&G&Wp,average,60,140.0,0.24,0,0,3,2
Municipality_Costs_[MEUR],00_00_03_02,D&G&Wp,average,100,230.0,0.32,0,0,3,2
Municipality_Costs_[MEUR],00_00_03_02,D&Wp,average,20,30.0,0.08,0,0,3,2
Municipality_Costs_[MEUR],00_00_03_02,D&Wp,average,60,140.0,0.24,0,0,3,2
Municipality_Costs_[MEUR],00_00_03_02,D&Wp,average,100,230.0,0.32,0,0,3,2
Municipality_Costs_[MEUR],00_00_03_02,G,average,20,30.0,0.08,0,0,3,2
Municipality_Costs_[MEUR],00_00_03_02,G,average,60,130.0,0.23,0,0,3,2
Municipality_Costs_[MEUR],00_00_03_02,G,average,100,230.0,0.32,0,0,3,2
Municipality_Costs_[MEUR],00_00_03_02,G&Wp,average,20,30.0,0.08,0,0,3,2
Municipality_Costs_[MEUR],00_00_03_02,G&Wp,average,60,140.0,0.25,0,0,3,2
Municipality_Costs_[MEUR],00_00_03_02,G&Wp,average,100,230.0,0.32,0,0,3,2
Municipality_Costs_[MEUR],00_00_03_02,Wp,average,20,30.0,0.08,0,0,3,2
Municipality_Costs_[MEUR],00_00_03_02,Wp,average,60,150.0,0.27,0,0,3,2
Municipality_Costs_[MEUR],00_00_03_02,Wp,average,100,230.0,0.32,0,0,3,2
Municipality_Costs_[MEUR],00_00_03_04,D,average,20,30.0,0.08,0,0,3,4
Municipality_Costs_[MEUR],00_00_03_04,D,average,60,120.0,0.21,0,0,3,4
Municipality_Costs_[MEUR],00_00_03_04,D,average,100,230.0,0.32,0,0,3,4
Municipality_Costs_[MEUR],00_00_03_04,D&G,average,20,30.0,0.08,0,0,3,4
Municipality_Costs_[MEUR],00_00_03_04,D&G,average,60,130.0,0.22,0,0,3,4
Municipality_Costs_[MEUR],00_00_03_04,D&G,average,100,230.0,0.32,0,0,3,4
Municipality_Costs_[MEUR],00_00_03_04,D&G&Wp,average,20,30.0,0.08,0,0,3,4
Municipality_Costs_[MEUR],00_00_03_04,D&G&Wp,average,60,140.0,0.24,0,0,3,4
Municipality_Costs_[MEUR],00_00_03_04,D&G&Wp,average,100,230.0,0.32,0,0,3,4
Municipality_Costs_[MEUR],00_00_03_04,D&Wp,average,20,30.0,0.08,0,0,3,4
Municipality_Costs_[MEUR],00_00_03_04,D&Wp,average,60,140.0,0.24,0,0,3,4
Municipality_Costs_[MEUR],00_00_03_04,D&Wp,average,100,230.0,0.32,0,0,3,4
Municipality_Costs_[MEUR],00_00_03_04,G,average,20,30.0,0.08,0,0,3,4
Municipality_Costs_[MEUR],00_00_03_04,G,average,60,130.0,0.23,0,0,3,4
Municipality_Costs_[MEUR],00_00_03_04,G,average,100,230.0,0.32,0,0,3,4
Municipality_Costs_[MEUR],00_00_03_04,G&Wp,average,20,30.0,0.08,0,0,3,4
Municipality_Costs_[MEUR],00_00_03_04,G&Wp,average,60,140.0,0.25,0,0,3,4
Municipality_Costs_[MEUR],00_00_03_04,G&Wp,average,100,230.0,0.32,0,0,3,4
Municipality_Costs_[MEUR],00_00_03_04,Wp,average,20,30.0,0.08,0,0,3,4
Municipality_Costs_[MEUR],00_00_03_04,Wp,average,60,150.0,0.27,0,0,3,4
Municipality_Costs_[MEUR],00_00_03_04,Wp,average,100,230.0,0.32,0,0,3,4
Municipality_Costs_[MEUR],00_00_03_05,D,average,20,30.0,0.08,0,0,3,5
Municipality_Costs_[MEUR],00_00_03_05,D,average,60,120.0,0.21,0,0,3,5
Municipality_Costs_[MEUR],00_00_03_05,D,average,100,230.0,0.32,0,0,3,5
Municipality_Costs_[MEUR],00_00_03_05,D&G,average,20,30.0,0.08,0,0,3,5
Municipality_Costs_[MEUR],00_00_03_05,D&G,average,60,130.0,0.22,0,0,3,5
Municipality_Costs_[MEUR],00_00_03_05,D&G,average,100,230.0,0.32,0,0,3,5
Municipality_Costs_[MEUR],00_00_03_05,D&G&Wp,average,20,30.0,0.08,0,0,3,5
Municipality_Costs_[MEUR],00_00_03_05,D&G&Wp,average,60,140.0,0.24,0,0,3,5
Municipality_Costs_[MEUR],00_00_03_05,D&G&Wp,average,100,230.0,0.32,0,0,3,5
Municipality_Costs_[MEUR],00_00_03_05,D&Wp,average,20,30.0,0.08,0,0,3,5
Municipality_Costs_[MEUR],00_00_03_05,D&Wp,average,60,140.0,0.24,0,0,3,5
Municipality_Costs_[MEUR],00_00_03_05,D&Wp,average,100,230.0,0.32,0,0,3,5
Municipality_Costs_[MEUR],00_00_03_05,G,average,20,30.0,0.08,0,0,3,5
Municipality_Costs_[MEUR],00_00_03_05,G,average,60,130.0,0.23,0,0,3,5
Municipality_Costs_[MEUR],00_00_03_05,G,average,100,230.0,0.32,0,0,3,5
Municipality_Costs_[MEUR],00_00_03_05,G&Wp,average,20,30.0,0.08,0,0,3,5
Municipality_Costs_[MEUR],00_00_03_05,G&Wp,average,60,140.0,0.25,0,0,3,5
Municipality_Costs_[MEUR],00_00_03_05,G&Wp,average,100,230.0,0.32,0,0,3,5
Municipality_Costs_[MEUR],00_00_03_05,Wp,average,20,30.0,0.08,0,0,3,5
Municipality_Costs_[MEUR],00_00_03_05,Wp,average,60,150.0,0.27,0,0,3,5
Municipality_Costs_[MEUR],00_00_03_05,Wp,average,100,230.0,0.32,0,0,3,5
Municipality_Costs_[MEUR],00_00_03_07,D,average,20,30.0,0.08,0,0,3,7
Municipality_Costs_[MEUR],00_00_03_07,D,average,60,120.0,0.21,0,0,3,7
Municipality_Costs_[MEUR],00_00_03_07,D,average,100,230.0,0.32,0,0,3,7
Municipality_Costs_[MEUR],00_00_03_07,D&G,average,20,30.0,0.08,0,0,3,7
Municipality_Costs_[MEUR],00_00_03_07,D&G,average,60,130.0,0.22,0,0,3,7
Municipality_Costs_[MEUR],00_00_03_07,D&G,average,100,230.0,0.32,0,0,3,7
Municipality_Costs_[MEUR],00_00_03_07,D&G&Wp,average,20,30.0,0.08,0,0,3,7
Municipality_Costs_[MEUR],00_00_03_07,D&G&Wp,average,60,140.0,0.24,0,0,3,7
Municipality_Costs_[MEUR],00_00_03_07,D&G&Wp,average,100,230.0,0.32,0,0,3,7
Municipality_Costs_[MEUR],00_00_03_07,D&Wp,average,20,30.0,0.08,0,0,3,7
Municipality_Costs_[MEUR],00_00_03_07,D&Wp,average,60,140.0,0.24,0,0,3,7
Municipality_Costs_[MEUR],00_00_03_07,D&Wp,average,100,230.0,0.32,0,0,3,7
Municipality_Costs_[MEUR],00_00_03_07,G,average,20,30.0,0.08,0,0,3,7
Municipality_Costs_[MEUR],00_00_03_07,G,average,60,130.0,0.23,0,0,3,7
Municipality_Costs_[MEUR],00_00_03_07,G,average,100,230.0,0.32,0,0,3,7
Municipality_Costs_[MEUR],00_00_03_07,G&Wp,average,20,30.0,0.08,0,0,3,7
Municipality_Costs_[MEUR],00_00_03_07,G&Wp,average,60,140.0,0.25,0,0,3,7
Municipality_Costs_[MEUR],00_00_03_07,G&Wp,average,100,230.0,0.32,0,0,3,7
Municipality_Costs_[MEUR],00_00_03_07,Wp,average,20,30.0,0.08,0,0,3,7
Municipality_Costs_[MEUR],00_00_03_07,Wp,average,60,150.0,0.27,0,0,3,7
Municipality_Costs_[MEUR],00_00_03_07,Wp,average,100,230.0,0.32,0,0,3,7
Municipality_Costs_[MEUR],00_00_03_08,D,average,20,30.0,0.08,0,0,3,8
Municipality_Costs_[MEUR],00_00_03_08,D,average,60,120.0,0.21,0,0,3,8
Municipality_Costs_[MEUR],00_00_03_08,D,average,100,230.0,0.32,0,0,3,8
Municipality_Costs_[MEUR],00_00_03_08,D&G,average,20,30.0,0.08,0,0,3,8
Municipality_Costs_[MEUR],00_00_03_08,D&G,average,60,130.0,0.22,0,0,3,8
Municipality_Costs_[MEUR],00_00_03_08,D&G,average,100,230.0,0.32,0,0,3,8
Municipality_Costs_[MEUR],00_00_03_08,D&G&Wp,average,20,30.0,0.08,0,0,3,8
Municipality_Costs_[MEUR],00_00_03_08,D&G&Wp,average,60,140.0,0.24,0,0,3,8
Municipality_Costs_[MEUR],00_00_03_08,D&G&Wp,average,100,230.0,0.32,0,0,3,8
Municipality_Costs_[MEUR],00_00_03_08,D&Wp,average,20,30.0,0.08,0,0,3,8
Municipality_Costs_[MEUR],00_00_03_08,D&Wp,average,60,140.0,0.24,0,0,3,8
Municipality_Costs_[MEUR],00_00_03_08,D&Wp,average,100,230.0,0.32,0,0,3,8
Municipality_Costs_[MEUR],00_00_03_08,G,average,20,30.0,0.08,0,0,3,8
Municipality_Costs_[MEUR],00_00_03_08,G,average,60,130.0,0.23,0,0,3,8
Municipality_Costs_[MEUR],00_00_03_08,G,average,100,230.0,0.32,0,0,3,8
Municipality_Costs_[MEUR],00_00_03_08,G&Wp,average,20,30.0,0.08,0,0,3,8
Municipality_Costs_[MEUR],00_00_03_08,G&Wp,average,60,140.0,0.25,0,0,3,8
Municipality_Costs_[MEUR],00_00_03_08,G&Wp,average,100,230.0,0.32,0,0,3,8
Municipality_Costs_[MEUR],00_00_03_08,Wp,average,20,30.0,0.08,0,0,3,8
Municipality_Costs_[MEUR],00_00_03_08,Wp,average,60,150.0,0.27,0,0,3,8
Municipality_Costs_[MEUR],00_00_03_08,Wp,average,100,230.0,0.32,0,0,3,8
Municipality_Costs_[MEUR],00_00_03_09,D,average,20,30.0,0.08,0,0,3,9
Municipality_Costs_[MEUR],00_00_03_09,D,average,60,120.0,0.21,0,0,3,9
Municipality_Costs_[MEUR],00_00_03_09,D,average,100,230.0,0.32,0,0,3,9
Municipality_Costs_[MEUR],00_00_03_09,D&G,average,20,30.0,0.08,0,0,3,9
Municipality_Costs_[MEUR],00_00_03_09,D&G,average,60,130.0,0.22,0,0,3,9
Municipality_Costs_[MEUR],00_00_03_09,D&G,average,100,230.0,0.32,0,0,3,9
Municipality_Costs_[MEUR],00_00_03_09,D&G&Wp,average,20,30.0,0.08,0,0,3,9
Municipality_Costs_[MEUR],00_00_03_09,D&G&Wp,average,60,140.0,0.24,0,0,3,9
Municipality_Costs_[MEUR],00_00_03_09,D&G&Wp,average,100,230.0,0.32,0,0,3,9
Municipality_Costs_[MEUR],00_00_03_09,D&Wp,average,20,30.0,0.08,0,0,3,9
Municipality_Costs_[MEUR],00_00_03_09,D&Wp,average,60,140.0,0.24,0,0,3,9
Municipality_Costs_[MEUR],00_00_03_09,D&Wp,average,100,230.0,0.32,0,0,3,9
Municipality_Costs_[MEUR],00_00_03_09,G,average,20,30.0,0.08,0,0,3,9
Municipality_Costs_[MEUR],00_00_03_09,G,average,60,130.0,0.23,0,0,3,9
Municipality_Costs_[MEUR],00_00_03_09,G,average,100,230.0,0.32,0,0,3,9
Municipality_Costs_[MEUR],00_00_03_09,G&Wp,average,20,30.0,0.08,0,0,3,9
Municipality_Costs_[MEUR],00_00_03_09,G&Wp,average,60,140.0,0.25,0,0,3,9
Municipality_Costs_[MEUR],00_00_03_09,G&Wp,average,100,230.0,0.32,0,0,3,9
Municipality_Costs_[MEUR],00_00_03_09,Wp,average,20,30.0,0.08,0,0,3,9
Municipality_Costs_[MEUR],00_00_03_09,Wp,average,60,150.0,0.27,0,0,3,9
Municipality_Costs_[MEUR],00_00_03_09,Wp,average,100,230.0,0.32,0,0,3,9
Municipality_Costs_[MEUR],00_00_05_00,D,average,20,60.0,0.17,0,0,5,0
Municipality_Costs_[MEUR],00_00_05_00,D,average,60,150.0,0.26,0,0,5,0
Municipality_Costs_[MEUR],00_00_05_00,D,average,100,160.0,0.21,0,0,5,0
Municipality_Costs_[MEUR],00_00_05_00,D&G,average,20,60.0,0.17,0,0,5,0
Municipality_Costs_[MEUR],00_00_05_00,D&G,average,60,150.0,0.26,0,0,5,0
Municipality_Costs_[MEUR],00_00_05_00,D&G,average,100,160.0,0.21,0,0,5,0
Municipality_Costs_[MEUR],00_00_05_00,D&G&Wp,average,20,60.0,0.17,0,0,5,0
Municipality_Costs_[MEUR],00_00_05_00,D&G&Wp,average,60,150.0,0.26,0,0,5,0
Municipality_Costs_[MEUR],00_00_05_00,D&G&Wp,average,100,160.0,0.21,0,0,5,0
Municipality_Costs_[MEUR],00_00_05_00,D&Wp,average,20,60.0,0.17,0,0,5,0
Municipality_Costs_[MEUR],00_00_05_00,D&Wp,average,60,150.0,0.26,0,0,5,0
Municipality_Costs_[MEUR],00_00_05_00,D&Wp,average,100,160.0,0.21,0,0,5,0
Municipality_Costs_[MEUR],00_00_05_00,G,average,20,60.0,0.17,0,0,5,0
Municipality_Costs_[MEUR],00_00_05_00,G,average,60,150.0,0.26,0,0,5,0
Municipality_Costs_[MEUR],00_00_05_00,G,average,100,160.0,0.21,0,0,5,0
Municipality_Costs_[MEUR],00_00_05_00,G&Wp,average,20,60.0,0.17,0,0,5,0
Municipality_Costs_[MEUR],00_00_05_00,G&Wp,average,60,150.0,0.26,0,0,5,0
Municipality_Costs_[MEUR],00_00_05_00,G&Wp,average,100,160.0,0.21,0,0,5,0
Municipality_Costs_[MEUR],00_00_05_00,Wp,average,20,60.0,0.17,0,0,5,0
Municipality_Costs_[MEUR],00_00_05_00,Wp,average,60,150.0,0.26,0,0,5,0
Municipality_Costs_[MEUR],00_00_05_00,Wp,average,100,160.0,0.21,0,0,5,0
Municipality_Costs_[MEUR],00_00_05_01,D,average,20,60.0,0.17,0,0,5,1
Municipality_Costs_[MEUR],00_00_05_01,D,average,60,150.0,0.26,0,0,5,1
Municipality_Costs_[MEUR],00_00_05_01,D,average,100,160.0,0.21,0,0,5,1
Municipality_Costs_[MEUR],00_00_05_01,D&G,average,20,60.0,0.17,0,0,5,1
Municipality_Costs_[MEUR],00_00_05_01,D&G,average,60,150.0,0.26,0,0,5,1
Municipality_Costs_[MEUR],00_00_05_01,D&G,average,100,160.0,0.21,0,0,5,1
Municipality_Costs_[MEUR],00_00_05_01,D&G&Wp,average,20,60.0,0.17,0,0,5,1
Municipality_Costs_[MEUR],00_00_05_01,D&G&Wp,average,60,150.0,0.26,0,0,5,1
Municipality_Costs_[MEUR],00_00_05_01,D&G&Wp,average,100,160.0,0.21,0,0,5,1
Municipality_Costs_[MEUR],00_00_05_01,D&Wp,average,20,60.0,0.17,0,0,5,1
Municipality_Costs_[MEUR],00_00_05_01,D&Wp,average,60,150.0,0.26,0,0,5,1
Municipality_Costs_[MEUR],00_00_05_01,D&Wp,average,100,160.0,0.21,0,0,5,1
Municipality_Costs_[MEUR],00_00_05_01,G,average,20,60.0,0.17,0,0,5,1
Municipality_Costs_[MEUR],00_00_05_01,G,average,60,150.0,0.26,0,0,5,1
Municipality_Costs_[MEUR],00_00_05_01,G,average,100,160.0,0.21,0,0,5,1
Municipality_Costs_[MEUR],00_00_05_01,G&Wp,average,20,60.0,0.17,0,0,5,1
Municipality_Costs_[MEUR],00_00_05_01,G&Wp,average,60,150.0,0.26,0,0,5,1
Municipality_Costs_[MEUR],00_00_05_01,G&Wp,average,100,160.0,0.21,0,0,5,1
Municipality_Costs_[MEUR],00_00_05_01,Wp,average,20,60.0,0.17,0,0,5,1
Municipality_Costs_[MEUR],00_00_05_01,Wp,average,60,150.0,0.26,0,0,5,1
Municipality_Costs_[MEUR],00_00_05_01,Wp,average,100,160.0,0.21,0,0,5,1
Municipality_Costs_[MEUR],00_00_05_02,D,average,20,60.0,0.17,0,0,5,2
Municipality_Costs_[MEUR],00_00_05_02,D,average,60,150.0,0.26,0,0,5,2
Municipality_Costs_[MEUR],00_00_05_02,D,average,100,160.0,0.21,0,0,5,2
Municipality_Costs_[MEUR],00_00_05_02,D&G,average,20,60.0,0.17,0,0,5,2
Municipality_Costs_[MEUR],00_00_05_02,D&G,average,60,150.0,0.26,0,0,5,2
Municipality_Costs_[MEUR],00_00_05_02,D&G,average,100,160.0,0.21,0,0,5,2
Municipality_Costs_[MEUR],00_00_05_02,D&G&Wp,average,20,60.0,0.17,0,0,5,2
Municipality_Costs_[MEUR],00_00_05_02,D&G&Wp,average,60,150.0,0.26,0,0,5,2
Municipality_Costs_[MEUR],00_00_05_02,D&G&Wp,average,100,160.0,0.21,0,0,5,2
Municipality_Costs_[MEUR],00_00_05_02,D&Wp,average,20,60.0,0.17,0,0,5,2
Municipality_Costs_[MEUR],00_00_05_02,D&Wp,average,60,150.0,0.26,0,0,5,2
Municipality_Costs_[MEUR],00_00_05_02,D&Wp,average,100,160.0,0.21,0,0,5,2
Municipality_Costs_[MEUR],00_00_05_02,G,average,20,60.0,0.17,0,0,5,2
Municipality_Costs_[MEUR],00_00_05_02,G,average,60,150.0,0.26,0,0,5,2
Municipality_Costs_[MEUR],00_00_05_02,G,average,100,160.0,0.21,0,0,5,2
Municipality_Costs_[MEUR],00_00_05_02,G&Wp,average,20,60.0,0.17,0,0,5,2
Municipality_Costs_[MEUR],00_00_05_02,G&Wp,average,60,150.0,0.26,0,0,5,2
Municipality_Costs_[MEUR],00_00_05_02,G&Wp,average,100,160.0,0.21,0,0,5,2
Municipality_Costs_[MEUR],00_00_05_02,Wp,average,20,60.0,0.17,0,0,5,2
Municipality_Costs_[MEUR],00_00_05_02,Wp,average,60,150.0,0.26,0,0,5,2
Municipality_Costs_[MEUR],00_00_05_02,Wp,average,100,160.0,0.21,0,0,5,2
Municipality_Costs_[MEUR],00_00_05_04,D,average,20,60.0,0.17,0,0,5,4
Municipality_Costs_[MEUR],00_00_05_04,D,average,60,150.0,0.26,0,0,5,4
Municipality_Costs_[MEUR],00_00_05_04,D,average,100,160.0,0.21,0,0,5,4
Municipality_Costs_[MEUR],00_00_05_04,D&G,average,20,60.0,0.17,0,0,5,4
Municipality_Costs_[MEUR],00_00_05_04,D&G,average,60,150.0,0.26,0,0,5,4
Municipality_Costs_[MEUR],00_00_05_04,D&G,average,100,160.0,0.21,0,0,5,4
Municipality_Costs_[MEUR],00_00_05_04,D&G&Wp,average,20,60.0,0.17,0,0,5,4
Municipality_Costs_[MEUR],00_00_05_04,D&G&Wp,average,60,150.0,0.26,0,0,5,4
Municipality_Costs_[MEUR],00_00_05_04,D&G&Wp,average,100,160.0,0.21,0,0,5,4
Municipality_Costs_[MEUR],00_00_05_04,D&Wp,average,20,60.0,0.17,0,0,5,4
Municipality_Costs_[MEUR],00_00_05_04,D&Wp,average,60,150.0,0.26,0,0,5,4
Municipality_Costs_[MEUR],00_00_05_04,D&Wp,average,100,160.0,0.21,0,0,5,4
Municipality_Costs_[MEUR],00_00_05_04,G,average,20,60.0,0.17,0,0,5,4
Municipality_Costs_[MEUR],00_00_05_04,G,average,60,150.0,0.26,0,0,5,4
Municipality_Costs_[MEUR],00_00_05_04,G,average,100,160.0,0.21,0,0,5,4
Municipality_Costs_[MEUR],00_00_05_04,G&Wp,average,20,60.0,0.17,0,0,5,4
Municipality_Costs_[MEUR],00_00_05_04,G&Wp,average,60,150.0,0.26,0,0,5,4
Municipality_Costs_[MEUR],00_00_05_04,G&Wp,average,100,160.0,0.21,0,0,5,4
Municipality_Costs_[MEUR],00_00_05_04,Wp,average,20,60.0,0.17,0,0,5,4
Municipality_Costs_[MEUR],00_00_05_04,Wp,average,60,150.0,0.26,0,0,5,4
Municipality_Costs_[MEUR],00_00_05_04,Wp,average,100,160.0,0.21,0,0,5,4
Municipality_Costs_[MEUR],00_00_05_05,D,average,20,60.0,0.17,0,0,5,5
Municipality_Costs_[MEUR],00_00_05_05,D,average,60,150.0,0.26,0,0,5,5
Municipality_Costs_[MEUR],00_00_05_05,D,average,100,160.0,0.21,0,0,5,5
Municipality_Costs_[MEUR],00_00_05_05,D&G,average,20,60.0,0.17,0,0,5,5
Municipality_Costs_[MEUR],00_00_05_05,D&G,average,60,150.0,0.26,0,0,5,5
Municipality_Costs_[MEUR],00_00_05_05,D&G,average,100,160.0,0.21,0,0,5,5
Municipality_Costs_[MEUR],00_00_05_05,D&G&Wp,average,20,60.0,0.17,0,0,5,5
Municipality_Costs_[MEUR],00_00_05_05,D&G&Wp,average,60,150.0,0.26,0,0,5,5
Municipality_Costs_[MEUR],00_00_05_05,D&G&Wp,average,100,160.0,0.21,0,0,5,5
Municipality_Costs_[MEUR],00_00_05_05,D&Wp,average,20,60.0,0.17,0,0,5,5
Municipality_Costs_[MEUR],00_00_05_05,D&Wp,average,60,150.0,0.26,0,0,5,5
Municipality_Costs_[MEUR],00_00_05_05,D&Wp,average,100,160.0,0.21,0,0,5,5
Municipality_Costs_[MEUR],00_00_05_05,G,average,20,60.0,0.17,0,0,5,5
Municipality_Costs_[MEUR],00_00_05_05,G,average,60,150.0,0.26,0,0,5,5
Municipality_Costs_[MEUR],00_00_05_05,G,average,100,160.0,0.21,0,0,5,5
Municipality_Costs_[MEUR],00_00_05_05,G&Wp,average,20,60.0,0.17,0,0,5,5
Municipality_Costs_[MEUR],00_00_05_05,G&Wp,average,60,150.0,0.26,0,0,5,5
Municipality_Costs_[MEUR],00_00_05_05,G&Wp,average,100,160.0,0.21,0,0,5,5
Municipality_Costs_[MEUR],00_00_05_05,Wp,average,20,60.0,0.17,0,0,5,5
Municipality_Costs_[MEUR],00_00_05_05,Wp,average,60,150.0,0.26,0,0,5,5
Municipality_Costs_[MEUR],00_00_05_05,Wp,average,100,160.0,0.21,0,0,5,5
Municipality_Costs_[MEUR],00_00_05_07,D,average,20,60.0,0.17,0,0,5,7
Municipality_Costs_[MEUR],00_00_05_07,D,average,60,150.0,0.26,0,0,5,7
Municipality_Costs_[MEUR],00_00_05_07,D,average,100,160.0,0.21,0,0,5,7
Municipality_Costs_[MEUR],00_00_05_07,D&G,average,20,60.0,0.17,0,0,5,7
Municipality_Costs_[MEUR],00_00_05_07,D&G,average,60,150.0,0.26,0,0,5,7
Municipality_Costs_[MEUR],00_00_05_07,D&G,average,100,160.0,0.21,0,0,5,7
Municipality_Costs_[MEUR],00_00_05_07,D&G&Wp,average,20,60.0,0.17,0,0,5,7
Municipality_Costs_[MEUR],00_00_05_07,D&G&Wp,average,60,150.0,0.26,0,0,5,7
Municipality_Costs_[MEUR],00_00_05_07,D&G&Wp,average,100,160.0,0.21,0,0,5,7
Municipality_Costs_[MEUR],00_00_05_07,D&Wp,average,20,60.0,0.17,0,0,5,7
Municipality_Costs_[MEUR],00_00_05_07,D&Wp,average,60,150.0,0.26,0,0,5,7
Municipality_Costs_[MEUR],00_00_05_07,D&Wp,average,100,160.0,0.21,0,0,5,7
Municipality_Costs_[MEUR],00_00_05_07,G,average,20,60.0,0.17,0,0,5,7
Municipality_Costs_[MEUR],00_00_05_07,G,average,60,150.0,0.26,0,0,5,7
Municipality_Costs_[MEUR],00_00_05_07,G,average,100,160.0,0.21,0,0,5,7
Municipality_Costs_[MEUR],00_00_05_07,G&Wp,average,20,60.0,0.17,0,0,5,7
Municipality_Costs_[MEUR],00_00_05_07,G&Wp,average,60,150.0,0.26,0,0,5,7
Municipality_Costs_[MEUR],00_00_05_07,G&Wp,average,100,160.0,0.21,0,0,5,7
Municipality_Costs_[MEUR],00_00_05_07,Wp,average,20,60.0,0.17,0,0,5,7
Municipality_Costs_[MEUR],00_00_05_07,Wp,average,60,150.0,0.26,0,0,5,7
Municipality_Costs_[MEUR],00_00_05_07,Wp,average,100,160.0,0.21,0,0,5,7
Municipality_Costs_[MEUR],00_00_05_08,D,average,20,60.0,0.17,0,0,5,8
Municipality_Costs_[MEUR],00_00_05_08,D,average,60,150.0,0.26,0,0,5,8
Municipality_Costs_[MEUR],00_00_05_08,D,average,100,160.0,0.21,0,0,5,8
Municipality_Costs_[MEUR],00_00_05_08,D&G,average,20,60.0,0.17,0,0,5,8
Municipality_Costs_[MEUR],00_00_05_08,D&G,average,60,150.0,0.26,0,0,5,8
Municipality_Costs_[MEUR],00_00_05_08,D&G,average,100,160.0,0.21,0,0,5,8
Municipality_Costs_[MEUR],00_00_05_08,D&G&Wp,average,20,60.0,0.17,0,0,5,8
Municipality_Costs_[MEUR],00_00_05_08,D&G&Wp,average,60,150.0,0.26,0,0,5,8
Municipality_Costs_[MEUR],00_00_05_08,D&G&Wp,average,100,160.0,0.21,0,0,5,8
Municipality_Costs_[MEUR],00_00_05_08,D&Wp,average,20,60.0,0.17,0,0,5,8
Municipality_Costs_[MEUR],00_00_05_08,D&Wp,average,60,150.0,0.26,0,0,5,8
Municipality_Costs_[MEUR],00_00_05_08,D&Wp,average,100,160.0,0.21,0,0,5,8
Municipality_Costs_[MEUR],00_00_05_08,G,average,20,60.0,0.17,0,0,5,8
Municipality_Costs_[MEUR],00_00_05_08,G,average,60,150.0,0.26,0,0,5,8
Municipality_Costs_[MEUR],00_00_05_08,G,average,100,160.0,0.21,0,0,5,8
Municipality_Costs_[MEUR],00_00_05_08,G&Wp,average,20,60.0,0.17,0,0,5,8
Municipality_Costs_[MEUR],00_00_05_08,G&Wp,average,60,150.0,0.26,0,0,5,8
Municipality_Costs_[MEUR],00_00_05_08,G&Wp,average,100,160.0,0.21,0,0,5,8
Municipality_Costs_[MEUR],00_00_05_08,Wp,average,20,60.0,0.17,0,0,5,8
Municipality_Costs_[MEUR],00_00_05_08,Wp,average,60,150.0,0.26,0,0,5,8
Municipality_Costs_[MEUR],00_00_05_08,Wp,average,100,160.0,0.21,0,0,5,8
Municipality_Costs_[MEUR],00_00_05_09,D,average,20,60.0,0.17,0,0,5,9
Municipality_Costs_[MEUR],00_00_05_09,D,average,60,150.0,0.26,0,0,5,9
Municipality_Costs_[MEUR],00_00_05_09,D,average,100,160.0,0.21,0,0,5,9
Municipality_Costs_[MEUR],00_00_05_09,D&G,average,20,60.0,0.17,0,0,5,9
Municipality_Costs_[MEUR],00_00_05_09,D&G,average,60,150.0,0.26,0,0,5,9
Municipality_Costs_[MEUR],00_00_05_09,D&G,average,100,160.0,0.21,0,0,5,9
Municipality_Costs_[MEUR],00_00_05_09,D&G&Wp,average,20,60.0,0.17,0,0,5,9
Municipality_Costs_[MEUR],00_00_05_09,D&G&Wp,average,60,150.0,0.26,0,0,5,9
Municipality_Costs_[MEUR],00_00_05_09,D&G&Wp,average,100,160.0,0.21,0,0,5,9
Municipality_Costs_[MEUR],00_00_05_09,D&Wp,average,20,60.0,0.17,0,0,5,9
Municipality_Costs_[MEUR],00_00_05_09,D&Wp,average,60,150.0,0.26,0,0,5,9
Municipality_Costs_[MEUR],00_00_05_09,D&Wp,average,100,160.0,0.21,0,0,5,9
Municipality_Costs_[MEUR],00_00_05_09,G,average,20,60.0,0.17,0,0,5,9
Municipality_Costs_[MEUR],00_00_05_09,G,average,60,150.0,0.26,0,0,5,9
Municipality_Costs_[MEUR],00_00_05_09,G,average,100,160.0,0.21,0,0,5,9
Municipality_Costs_[MEUR],00_00_05_09,G&Wp,average,20,60.0,0.17,0,0,5,9
Municipality_Costs_[MEUR],00_00_05_09,G&Wp,average,60,150.0,0.26,0,0,5,9
Municipality_Costs_[MEUR],00_00_05_09,G&Wp,average,100,160.0,0.21,0,0,5,9
Municipality_Costs_[MEUR],00_00_05_09,Wp,average,20,60.0,0.17,0,0,5,9
Municipality_Costs_[MEUR],00_00_05_09,Wp,average,60,150.0,0.26,0,0,5,9
Municipality_Costs_[MEUR],00_00_05_09,Wp,average,100,160.0,0.21,0,0,5,9
Municipality_Costs_[MEUR],00_00_07_00,D,average,20,150.0,0.44,0,0,7,0
Municipality_Costs_[MEUR],00_00_07_00,D,average,60,360.0,0.65,0,0,7,0
Municipality_Costs_[MEUR],00_00_07_00,D,average,100,390.0,0.53,0,0,7,0
Municipality_Costs_[MEUR],00_00_07_00,D&G,average,20,150.0,0.44,0,0,7,0
Municipality_Costs_[MEUR],00_00_07_00,D&G,average,60,360.0,0.65,0,0,7,0
Municipality_Costs_[MEUR],00_00_07_00,D&G,average,100,390.0,0.53,0,0,7,0
Municipality_Costs_[MEUR],00_00_07_00,D&G&Wp,average,20,150.0,0.44,0,0,7,0
Municipality_Costs_[MEUR],00_00_07_00,D&G&Wp,average,60,360.0,0.65,0,0,7,0
Municipality_Costs_[MEUR],00_00_07_00,D&G&Wp,average,100,390.0,0.53,0,0,7,0
Municipality_Costs_[MEUR],00_00_07_00,D&Wp,average,20,150.0,0.44,0,0,7,0
Municipality_Costs_[MEUR],00_00_07_00,D&Wp,average,60,360.0,0.65,0,0,7,0
Municipality_Costs_[MEUR],00_00_07_00,D&Wp,average,100,390.0,0.53,0,0,7,0
Municipality_Costs_[MEUR],00_00_07_00,G,average,20,150.0,0.44,0,0,7,0
Municipality_Costs_[MEUR],00_00_07_00,G,average,60,360.0,0.65,0,0,7,0
Municipality_Costs_[MEUR],00_00_07_00,G,average,100,390.0,0.53,0,0,7,0
Municipality_Costs_[MEUR],00_00_07_00,G&Wp,average,20,150.0,0.44,0,0,7,0
Municipality_Costs_[MEUR],00_00_07_00,G&Wp,average,60,360.0,0.65,0,0,7,0
Municipality_Costs_[MEUR],00_00_07_00,G&Wp,average,100,390.0,0.53,0,0,7,0
Municipality_Costs_[MEUR],00_00_07_00,Wp,average,20,150.0,0.44,0,0,7,0
Municipality_Costs_[MEUR],00_00_07_00,Wp,average,60,360.0,0.65,0,0,7,0
Municipality_Costs_[MEUR],00_00_07_00,Wp,average,100,390.0,0.53,0,0,7,0
Municipality_Costs_[MEUR],00_00_07_01,D,average,20,150.0,0.44,0,0,7,1
Municipality_Costs_[MEUR],00_00_07_01,D,average,60,360.0,0.65,0,0,7,1
Municipality_Costs_[MEUR],00_00_07_01,D,average,100,390.0,0.53,0,0,7,1
Municipality_Costs_[MEUR],00_00_07_01,D&G,average,20,150.0,0.44,0,0,7,1
Municipality_Costs_[MEUR],00_00_07_01,D&G,average,60,360.0,0.65,0,0,7,1
Municipality_Costs_[MEUR],00_00_07_01,D&G,average,100,390.0,0.53,0,0,7,1
Municipality_Costs_[MEUR],00_00_07_01,D&G&Wp,average,20,150.0,0.44,0,0,7,1
Municipality_Costs_[MEUR],00_00_07_01,D&G&Wp,average,60,360.0,0.65,0,0,7,1
Municipality_Costs_[MEUR],00_00_07_01,D&G&Wp,average,100,390.0,0.53,0,0,7,1
Municipality_Costs_[MEUR],00_00_07_01,D&Wp,average,20,150.0,0.44,0,0,7,1
Municipality_Costs_[MEUR],00_00_07_01,D&Wp,average,60,360.0,0.65,0,0,7,1
Municipality_Costs_[MEUR],00_00_07_01,D&Wp,average,100,390.0,0.53,0,0,7,1
Municipality_Costs_[MEUR],00_00_07_01,G,average,20,150.0,0.44,0,0,7,1
Municipality_Costs_[MEUR],00_00_07_01,G,average,60,360.0,0.65,0,0,7,1
Municipality_Costs_[MEUR],00_00_07_01,G,average,100,390.0,0.53,0,0,7,1
Municipality_Costs_[MEUR],00_00_07_01,G&Wp,average,20,150.0,0.44,0,0,7,1
Municipality_Costs_[MEUR],00_00_07_01,G&Wp,average,60,360.0,0.65,0,0,7,1
Municipality_Costs_[MEUR],00_00_07_01,G&Wp,average,100,390.0,0.53,0,0,7,1
Municipality_Costs_[MEUR],00_00_07_01,Wp,average,20,150.0,0.44,0,0,7,1
Municipality_Costs_[MEUR],00_00_07_01,Wp,average,60,360.0,0.65,0,0,7,1
Municipality_Costs_[MEUR],00_00_07_01,Wp,average,100,390.0,0.53,0,0,7,1
Municipality_Costs_[MEUR],00_00_07_02,D,average,20,150.0,0.44,0,0,7,2
Municipality_Costs_[MEUR],00_00_07_02,D,average,60,360.0,0.65,0,0,7,2
Municipality_Costs_[MEUR],00_00_07_02,D,average,100,390.0,0.53,0,0,7,2
Municipality_Costs_[MEUR],00_00_07_02,D&G,average,20,150.0,0.44,0,0,7,2
Municipality_Costs_[MEUR],00_00_07_02,D&G,average,60,360.0,0.65,0,0,7,2
Municipality_Costs_[MEUR],00_00_07_02,D&G,average,100,390.0,0.53,0,0,7,2
Municipality_Costs_[MEUR],00_00_07_02,D&G&Wp,average,20,150.0,0.44,0,0,7,2
Municipality_Costs_[MEUR],00_00_07_02,D&G&Wp,average,60,360.0,0.65,0,0,7,2
Municipality_Costs_[MEUR],00_00_07_02,D&G&Wp,average,100,390.0,0.53,0,0,7,2
Municipality_Costs_[MEUR],00_00_07_02,D&Wp,average,20,150.0,0.44,0,0,7,2
Municipality_Costs_[MEUR],00_00_07_02,D&Wp,average,60,360.0,0.65,0,0,7,2
Municipality_Costs_[MEUR],00_00_07_02,D&Wp,average,100,390.0,0.53,0,0,7,2
Municipality_Costs_[MEUR],00_00_07_02,G,average,20,150.0,0.44,0,0,7,2
Municipality_Costs_[MEUR],00_00_07_02,G,average,60,360.0,0.65,0,0,7,2
Municipality_Costs_[MEUR],00_00_07_02,G,average,100,390.0,0.53,0,0,7,2
Municipality_Costs_[MEUR],00_00_07_02,G&Wp,average,20,150.0,0.44,0,0,7,2
Municipality_Costs_[MEUR],00_00_07_02,G&Wp,average,60,360.0,0.65,0,0,7,2
Municipality_Costs_[MEUR],00_00_07_02,G&Wp,average,100,390.0,0.53,0,0,7,2
Municipality_Costs_[MEUR],00_00_07_02,Wp,average,20,150.0,0.44,0,0,7,2
Municipality_Costs_[MEUR],00_00_07_02,Wp,average,60,360.0,0.65,0,0,7,2
Municipality_Costs_[MEUR],00_00_07_02,Wp,average,100,390.0,0.53,0,0,7,2
Municipality_Costs_[MEUR],00_00_07_04,D,average,20,150.0,0.44,0,0,7,4
Municipality_Costs_[MEUR],00_00_07_04,D,average,60,360.0,0.65,0,0,7,4
Municipality_Costs_[MEUR],00_00_07_04,D,average,100,390.0,0.53,0,0,7,4
Municipality_Costs_[MEUR],00_00_07_04,D&G,average,20,150.0,0.44,0,0,7,4
Municipality_Costs_[MEUR],00_00_07_04,D&G,average,60,360.0,0.65,0,0,7,4
Municipality_Costs_[MEUR],00_00_07_04,D&G,average,100,390.0,0.53,0,0,7,4
Municipality_Costs_[MEUR],00_00_07_04,D&G&Wp,average,20,150.0,0.44,0,0,7,4
Municipality_Costs_[MEUR],00_00_07_04,D&G&Wp,average,60,360.0,0.65,0,0,7,4
Municipality_Costs_[MEUR],00_00_07_04,D&G&Wp,average,100,390.0,0.53,0,0,7,4
Municipality_Costs_[MEUR],00_00_07_04,D&Wp,average,20,150.0,0.44,0,0,7,4
Municipality_Costs_[MEUR],00_00_07_04,D&Wp,average,60,360.0,0.65,0,0,7,4
Municipality_Costs_[MEUR],00_00_07_04,D&Wp,average,100,390.0,0.53,0,0,7,4
Municipality_Costs_[MEUR],00_00_07_04,G,average,20,150.0,0.44,0,0,7,4
Municipality_Costs_[MEUR],00_00_07_04,G,average,60,360.0,0.65,0,0,7,4
Municipality_Costs_[MEUR],00_00_07_04,G,average,100,390.0,0.53,0,0,7,4
Municipality_Costs_[MEUR],00_00_07_04,G&Wp,average,20,150.0,0.44,0,0,7,4
Municipality_Costs_[MEUR],00_00_07_04,G&Wp,average,60,360.0,0.65,0,0,7,4
Municipality_Costs_[MEUR],00_00_07_04,G&Wp,average,100,390.0,0.53,0,0,7,4
Municipality_Costs_[MEUR],00_00_07_04,Wp,average,20,150.0,0.44,0,0,7,4
Municipality_Costs_[MEUR],00_00_07_04,Wp,average,60,360.0,0.65,0,0,7,4
Municipality_Costs_[MEUR],00_00_07_04,Wp,average,100,390.0,0.53,0,0,7,4
Municipality_Costs_[MEUR],00_00_07_05,D,average,20,150.0,0.44,0,0,7,5
Municipality_Costs_[MEUR],00_00_07_05,D,average,60,360.0,0.65,0,0,7,5
Municipality_Costs_[MEUR],00_00_07_05,D,average,100,390.0,0.53,0,0,7,5
Municipality_Costs_[MEUR],00_00_07_05,D&G,average,20,150.0,0.44,0,0,7,5
Municipality_Costs_[MEUR],00_00_07_05,D&G,average,60,360.0,0.65,0,0,7,5
Municipality_Costs_[MEUR],00_00_07_05,D&G,average,100,390.0,0.53,0,0,7,5
Municipality_Costs_[MEUR],00_00_07_05,D&G&Wp,average,20,150.0,0.44,0,0,7,5
Municipality_Costs_[MEUR],00_00_07_05,D&G&Wp,average,60,360.0,0.65,0,0,7,5
Municipality_Costs_[MEUR],00_00_07_05,D&G&Wp,average,100,390.0,0.53,0,0,7,5
Municipality_Costs_[MEUR],00_00_07_05,D&Wp,average,20,150.0,0.44,0,0,7,5
Municipality_Costs_[MEUR],00_00_07_05,D&Wp,average,60,360.0,0.65,0,0,7,5
Municipality_Costs_[MEUR],00_00_07_05,D&Wp,average,100,390.0,0.53,0,0,7,5
Municipality_Costs_[MEUR],00_00_07_05,G,average,20,150.0,0.44,0,0,7,5
Municipality_Costs_[MEUR],00_00_07_05,G,average,60,360.0,0.65,0,0,7,5
Municipality_Costs_[MEUR],00_00_07_05,G,average,100,390.0,0.53,0,0,7,5
Municipality_Costs_[MEUR],00_00_07_05,G&Wp,average,20,150.0,0.44,0,0,7,5
Municipality_Costs_[MEUR],00_00_07_05,G&Wp,average,60,360.0,0.65,0,0,7,5
Municipality_Costs_[MEUR],00_00_07_05,G&Wp,average,100,390.0,0.53,0,0,7,5
Municipality_Costs_[MEUR],00_00_07_05,Wp,average,20,150.0,0.44,0,0,7,5
Municipality_Costs_[MEUR],00_00_07_05,Wp,average,60,360.0,0.65,0,0,7,5
Municipality_Costs_[MEUR],00_00_07_05,Wp,average,100,390.0,0.53,0,0,7,5
Municipality_Costs_[MEUR],00_00_07_07,D,average,20,150.0,0.44,0,0,7,7
Municipality_Costs_[MEUR],00_00_07_07,D,average,60,360.0,0.65,0,0,7,7
Municipality_Costs_[MEUR],00_00_07_07,D,average,100,390.0,0.53,0,0,7,7
Municipality_Costs_[MEUR],00_00_07_07,D&G,average,20,150.0,0.44,0,0,7,7
Municipality_Costs_[MEUR],00_00_07_07,D&G,average,60,360.0,0.65,0,0,7,7
Municipality_Costs_[MEUR],00_00_07_07,D&G,average,100,390.0,0.53,0,0,7,7
Municipality_Costs_[MEUR],00_00_07_07,D&G&Wp,average,20,150.0,0.44,0,0,7,7
Municipality_Costs_[MEUR],00_00_07_07,D&G&Wp,average,60,360.0,0.65,0,0,7,7
Municipality_Costs_[MEUR],00_00_07_07,D&G&Wp,average,100,390.0,0.53,0,0,7,7
Municipality_Costs_[MEUR],00_00_07_07,D&Wp,average,20,150.0,0.44,0,0,7,7
Municipality_Costs_[MEUR],00_00_07_07,D&Wp,average,60,360.0,0.65,0,0,7,7
Municipality_Costs_[MEUR],00_00_07_07,D&Wp,average,100,390.0,0.53,0,0,7,7
Municipality_Costs_[MEUR],00_00_07_07,G,average,20,150.0,0.44,0,0,7,7
Municipality_Costs_[MEUR],00_00_07_07,G,average,60,360.0,0.65,0,0,7,7
Municipality_Costs_[MEUR],00_00_07_07,G,average,100,390.0,0.53,0,0,7,7
Municipality_Costs_[MEUR],00_00_07_07,G&Wp,average,20,150.0,0.44,0,0,7,7
Municipality_Costs_[MEUR],00_00_07_07,G&Wp,average,60,360.0,0.65,0,0,7,7
Municipality_Costs_[MEUR],00_00_07_07,G&Wp,average,100,390.0,0.53,0,0,7,7
Municipality_Costs_[MEUR],00_00_07_07,Wp,average,20,150.0,0.44,0,0,7,7
Municipality_Costs_[MEUR],00_00_07_07,Wp,average,60,360.0,0.65,0,0,7,7
Municipality_Costs_[MEUR],00_00_07_07,Wp,average,100,390.0,0.53,0,0,7,7
Municipality_Costs_[MEUR],00_00_07_08,D,average,20,150.0,0.44,0,0,7,8
Municipality_Costs_[MEUR],00_00_07_08,D,average,60,360.0,0.65,0,0,7,8
Municipality_Costs_[MEUR],00_00_07_08,D,average,100,390.0,0.53,0,0,7,8
Municipality_Costs_[MEUR],00_00_07_08,D&G,average,20,150.0,0.44,0,0,7,8
Municipality_Costs_[MEUR],00_00_07_08,D&G,average,60,360.0,0.65,0,0,7,8
Municipality_Costs_[MEUR],00_00_07_08,D&G,average,100,390.0,0.53,0,0,7,8
Municipality_Costs_[MEUR],00_00_07_08,D&G&Wp,average,20,150.0,0.44,0,0,7,8
Municipality_Costs_[MEUR],00_00_07_08,D&G&Wp,average,60,360.0,0.65,0,0,7,8
Municipality_Costs_[MEUR],00_00_07_08,D&G&Wp,average,100,390.0,0.53,0,0,7,8
Municipality_Costs_[MEUR],00_00_07_08,D&Wp,average,20,150.0,0.44,0,0,7,8
Municipality_Costs_[MEUR],00_00_07_08,D&Wp,average,60,360.0,0.65,0,0,7,8
Municipality_Costs_[MEUR],00_00_07_08,D&Wp,average,100,390.0,0.53,0,0,7,8
Municipality_Costs_[MEUR],00_00_07_08,G,average,20,150.0,0.44,0,0,7,8
Municipality_Costs_[MEUR],00_00_07_08,G,average,60,360.0,0.65,0,0,7,8
Municipality_Costs_[MEUR],00_00_07_08,G,average,100,390.0,0.53,0,0,7,8
Municipality_Costs_[MEUR],00_00_07_08,G&Wp,average,20,150.0,0.44,0,0,7,8
Municipality_Costs_[MEUR],00_00_07_08,G&Wp,average,60,360.0,0.65,0,0,7,8
Municipality_Costs_[MEUR],00_00_07_08,G&Wp,average,100,390.0,0.53,0,0,7,8
Municipality_Costs_[MEUR],00_00_07_08,Wp,average,20,150.0,0.44,0,0,7,8
Municipality_Costs_[MEUR],00_00_07_08,Wp,average,60,360.0,0.65,0,0,7,8
Municipality_Costs_[MEUR],00_00_07_08,Wp,average,100,390.0,0.53,0,0,7,8
Municipality_Costs_[MEUR],00_00_07_09,D,average,20,150.0,0.44,0,0,7,9
Municipality_Costs_[MEUR],00_00_07_09,D,average,60,360.0,0.65,0,0,7,9
Municipality_Costs_[MEUR],00_00_07_09,D,average,100,390.0,0.53,0,0,7,9
Municipality_Costs_[MEUR],00_00_07_09,D&G,average,20,150.0,0.44,0,0,7,9
Municipality_Costs_[MEUR],00_00_07_09,D&G,average,60,360.0,0.65,0,0,7,9
Municipality_Costs_[MEUR],00_00_07_09,D&G,average,100,390.0,0.53,0,0,7,9
Municipality_Costs_[MEUR],00_00_07_09,D&G&Wp,average,20,150.0,0.44,0,0,7,9
Municipality_Costs_[MEUR],00_00_07_09,D&G&Wp,average,60,360.0,0.65,0,0,7,9
Municipality_Costs_[MEUR],00_00_07_09,D&G&Wp,average,100,390.0,0.53,0,0,7,9
Municipality_Costs_[MEUR],00_00_07_09,D&Wp,average,20,150.0,0.44,0,0,7,9
Municipality_Costs_[MEUR],00_00_07_09,D&Wp,average,60,360.0,0.65,0,0,7,9
Municipality_Costs_[MEUR],00_00_07_09,D&Wp,average,100,390.0,0.53,0,0,7,9
Municipality_Costs_[MEUR],00_00_07_09,G,average,20,150.0,0.44,0,0,7,9
Municipality_Costs_[MEUR],00_00_07_09,G,average,60,360.0,0.65,0,0,7,9
Municipality_Costs_[MEUR],00_00_07_09,G,average,100,390.0,0.53,0,0,7,9
Municipality_Costs_[MEUR],00_00_07_09,G&Wp,average,20,150.0,0.44,0,0,7,9
Municipality_Costs_[MEUR],00_00_07_09,G&Wp,average,60,360.0,0.65,0,0,7,9
Municipality_Costs_[MEUR],00_00_07_09,G&Wp,average,100,390.0,0.53,0,0,7,9
Municipality_Costs_[MEUR],00_00_07_09,Wp,average,20,150.0,0.44,0,0,7,9
Municipality_Costs_[MEUR],00_00_07_09,Wp,average,60,360.0,0.65,0,0,7,9
Municipality_Costs_[MEUR],00_00_07_09,Wp,average,100,390.0,0.53,0,0,7,9
Municipality_Costs_[MEUR],00_00_09_00,D,average,20,80.0,0.22,0,0,9,0
Municipality_Costs_[MEUR],00_00_09_00,D,average,60,160.0,0.28,0,0,9,0
Municipality_Costs_[MEUR],00_00_09_00,D,average,100,160.0,0.21,0,0,9,0
Municipality_Costs_[MEUR],00_00_09_00,D&G,average,20,80.0,0.22,0,0,9,0
Municipality_Costs_[MEUR],00_00_09_00,D&G,average,60,160.0,0.28,0,0,9,0
Municipality_Costs_[MEUR],00_00_09_00,D&G,average,100,160.0,0.21,0,0,9,0
Municipality_Costs_[MEUR],00_00_09_00,D&G&Wp,average,20,80.0,0.22,0,0,9,0
Municipality_Costs_[MEUR],00_00_09_00,D&G&Wp,average,60,160.0,0.28,0,0,9,0
Municipality_Costs_[MEUR],00_00_09_00,D&G&Wp,average,100,160.0,0.22,0,0,9,0
Municipality_Costs_[MEUR],00_00_09_00,D&Wp,average,20,80.0,0.22,0,0,9,0
Municipality_Costs_[MEUR],00_00_09_00,D&Wp,average,60,160.0,0.28,0,0,9,0
Municipality_Costs_[MEUR],00_00_09_00,D&Wp,average,100,160.0,0.22,0,0,9,0
Municipality_Costs_[MEUR],00_00_09_00,G,average,20,80.0,0.22,0,0,9,0
Municipality_Costs_[MEUR],00_00_09_00,G,average,60,160.0,0.28,0,0,9,0
Municipality_Costs_[MEUR],00_00_09_00,G,average,100,160.0,0.21,0,0,9,0
Municipality_Costs_[MEUR],00_00_09_00,G&Wp,average,20,80.0,0.22,0,0,9,0
Municipality_Costs_[MEUR],00_00_09_00,G&Wp,average,60,160.0,0.28,0,0,9,0
Municipality_Costs_[MEUR],00_00_09_00,G&Wp,average,100,160.0,0.22,0,0,9,0
Municipality_Costs_[MEUR],00_00_09_00,Wp,average,20,80.0,0.22,0,0,9,0
Municipality_Costs_[MEUR],00_00_09_00,Wp,average,60,160.0,0.28,0,0,9,0
Municipality_Costs_[MEUR],00_00_09_00,Wp,average,100,170.0,0.23,0,0,9,0
Municipality_Costs_[MEUR],00_00_09_01,D,average,20,80.0,0.22,0,0,9,1
Municipality_Costs_[MEUR],00_00_09_01,D,average,60,160.0,0.28,0,0,9,1
Municipality_Costs_[MEUR],00_00_09_01,D,average,100,160.0,0.21,0,0,9,1
Municipality_Costs_[MEUR],00_00_09_01,D&G,average,20,80.0,0.22,0,0,9,1
Municipality_Costs_[MEUR],00_00_09_01,D&G,average,60,160.0,0.28,0,0,9,1
Municipality_Costs_[MEUR],00_00_09_01,D&G,average,100,160.0,0.21,0,0,9,1
Municipality_Costs_[MEUR],00_00_09_01,D&G&Wp,average,20,80.0,0.22,0,0,9,1
Municipality_Costs_[MEUR],00_00_09_01,D&G&Wp,average,60,160.0,0.28,0,0,9,1
Municipality_Costs_[MEUR],00_00_09_01,D&G&Wp,average,100,160.0,0.22,0,0,9,1
Municipality_Costs_[MEUR],00_00_09_01,D&Wp,average,20,80.0,0.22,0,0,9,1
Municipality_Costs_[MEUR],00_00_09_01,D&Wp,average,60,160.0,0.28,0,0,9,1
Municipality_Costs_[MEUR],00_00_09_01,D&Wp,average,100,160.0,0.22,0,0,9,1
Municipality_Costs_[MEUR],00_00_09_01,G,average,20,80.0,0.22,0,0,9,1
Municipality_Costs_[MEUR],00_00_09_01,G,average,60,160.0,0.28,0,0,9,1
Municipality_Costs_[MEUR],00_00_09_01,G,average,100,160.0,0.21,0,0,9,1
Municipality_Costs_[MEUR],00_00_09_01,G&Wp,average,20,80.0,0.22,0,0,9,1
Municipality_Costs_[MEUR],00_00_09_01,G&Wp,average,60,160.0,0.28,0,0,9,1
Municipality_Costs_[MEUR],00_00_09_01,G&Wp,average,100,160.0,0.22,0,0,9,1
Municipality_Costs_[MEUR],00_00_09_01,Wp,average,20,80.0,0.22,0,0,9,1
Municipality_Costs_[MEUR],00_00_09_01,Wp,average,60,160.0,0.28,0,0,9,1
Municipality_Costs_[MEUR],00_00_09_01,Wp,average,100,170.0,0.23,0,0,9,1
Municipality_Costs_[MEUR],00_00_09_02,D,average,20,80.0,0.22,0,0,9,2
Municipality_Costs_[MEUR],00_00_09_02,D,average,60,160.0,0.28,0,0,9,2
Municipality_Costs_[MEUR],00_00_09_02,D,average,100,160.0,0.21,0,0,9,2
Municipality_Costs_[MEUR],00_00_09_02,D&G,average,20,80.0,0.22,0,0,9,2
Municipality_Costs_[MEUR],00_00_09_02,D&G,average,60,160.0,0.28,0,0,9,2
Municipality_Costs_[MEUR],00_00_09_02,D&G,average,100,160.0,0.21,0,0,9,2
Municipality_Costs_[MEUR],00_00_09_02,D&G&Wp,average,20,80.0,0.22,0,0,9,2
Municipality_Costs_[MEUR],00_00_09_02,D&G&Wp,average,60,160.0,0.28,0,0,9,2
Municipality_Costs_[MEUR],00_00_09_02,D&G&Wp,average,100,160.0,0.22,0,0,9,2
Municipality_Costs_[MEUR],00_00_09_02,D&Wp,average,20,80.0,0.22,0,0,9,2
Municipality_Costs_[MEUR],00_00_09_02,D&Wp,average,60,160.0,0.28,0,0,9,2
Municipality_Costs_[MEUR],00_00_09_02,D&Wp,average,100,160.0,0.22,0,0,9,2
Municipality_Costs_[MEUR],00_00_09_02,G,average,20,80.0,0.22,0,0,9,2
Municipality_Costs_[MEUR],00_00_09_02,G,average,60,160.0,0.28,0,0,9,2
Municipality_Costs_[MEUR],00_00_09_02,G,average,100,160.0,0.21,0,0,9,2
Municipality_Costs_[MEUR],00_00_09_02,G&Wp,average,20,80.0,0.22,0,0,9,2
Municipality_Costs_[MEUR],00_00_09_02,G&Wp,average,60,160.0,0.28,0,0,9,2
Municipality_Costs_[MEUR],00_00_09_02,G&Wp,average,100,160.0,0.22,0,0,9,2
Municipality_Costs_[MEUR],00_00_09_02,Wp,average,20,80.0,0.22,0,0,9,2
Municipality_Costs_[MEUR],00_00_09_02,Wp,average,60,160.0,0.28,0,0,9,2
Municipality_Costs_[MEUR],00_00_09_02,Wp,average,100,170.0,0.23,0,0,9,2
Municipality_Costs_[MEUR],00_00_09_04,D,average,20,80.0,0.22,0,0,9,4
Municipality_Costs_[MEUR],00_00_09_04,D,average,60,160.0,0.28,0,0,9,4
Municipality_Costs_[MEUR],00_00_09_04,D,average,100,160.0,0.21,0,0,9,4
Municipality_Costs_[MEUR],00_00_09_04,D&G,average,20,80.0,0.22,0,0,9,4
Municipality_Costs_[MEUR],00_00_09_04,D&G,average,60,160.0,0.28,0,0,9,4
Municipality_Costs_[MEUR],00_00_09_04,D&G,average,100,160.0,0.21,0,0,9,4
Municipality_Costs_[MEUR],00_00_09_04,D&G&Wp,average,20,80.0,0.22,0,0,9,4
Municipality_Costs_[MEUR],00_00_09_04,D&G&Wp,average,60,160.0,0.28,0,0,9,4
Municipality_Costs_[MEUR],00_00_09_04,D&G&Wp,average,100,160.0,0.22,0,0,9,4
Municipality_Costs_[MEUR],00_00_09_04,D&Wp,average,20,80.0,0.22,0,0,9,4
Municipality_Costs_[MEUR],00_00_09_04,D&Wp,average,60,160.0,0.28,0,0,9,4
Municipality_Costs_[MEUR],00_00_09_04,D&Wp,average,100,160.0,0.22,0,0,9,4
Municipality_Costs_[MEUR],00_00_09_04,G,average,20,80.0,0.22,0,0,9,4
Municipality_Costs_[MEUR],00_00_09_04,G,average,60,160.0,0.28,0,0,9,4
Municipality_Costs_[MEUR],00_00_09_04,G,average,100,160.0,0.21,0,0,9,4
Municipality_Costs_[MEUR],00_00_09_04,G&Wp,average,20,80.0,0.22,0,0,9,4
Municipality_Costs_[MEUR],00_00_09_04,G&Wp,average,60,160.0,0.28,0,0,9,4
Municipality_Costs_[MEUR],00_00_09_04,G&Wp,average,100,160.0,0.22,0,0,9,4
Municipality_Costs_[MEUR],00_00_09_04,Wp,average,20,80.0,0.22,0,0,9,4
Municipality_Costs_[MEUR],00_00_09_04,Wp,average,60,160.0,0.28,0,0,9,4
Municipality_Costs_[MEUR],00_00_09_04,Wp,average,100,170.0,0.23,0,0,9,4
Municipality_Costs_[MEUR],00_00_09_05,D,average,20,80.0,0.22,0,0,9,5
Municipality_Costs_[MEUR],00_00_09_05,D,average,60,160.0,0.28,0,0,9,5
Municipality_Costs_[MEUR],00_00_09_05,D,average,100,160.0,0.21,0,0,9,5
Municipality_Costs_[MEUR],00_00_09_05,D&G,average,20,80.0,0.22,0,0,9,5
Municipality_Costs_[MEUR],00_00_09_05,D&G,average,60,160.0,0.28,0,0,9,5
Municipality_Costs_[MEUR],00_00_09_05,D&G,average,100,160.0,0.21,0,0,9,5
Municipality_Costs_[MEUR],00_00_09_05,D&G&Wp,average,20,80.0,0.22,0,0,9,5
Municipality_Costs_[MEUR],00_00_09_05,D&G&Wp,average,60,160.0,0.28,0,0,9,5
Municipality_Costs_[MEUR],00_00_09_05,D&G&Wp,average,100,160.0,0.22,0,0,9,5
Municipality_Costs_[MEUR],00_00_09_05,D&Wp,average,20,80.0,0.22,0,0,9,5
Municipality_Costs_[MEUR],00_00_09_05,D&Wp,average,60,160.0,0.28,0,0,9,5
Municipality_Costs_[MEUR],00_00_09_05,D&Wp,average,100,160.0,0.22,0,0,9,5
Municipality_Costs_[MEUR],00_00_09_05,G,average,20,80.0,0.22,0,0,9,5
Municipality_Costs_[MEUR],00_00_09_05,G,average,60,160.0,0.28,0,0,9,5
Municipality_Costs_[MEUR],00_00_09_05,G,average,100,160.0,0.21,0,0,9,5
Municipality_Costs_[MEUR],00_00_09_05,G&Wp,average,20,80.0,0.22,0,0,9,5
Municipality_Costs_[MEUR],00_00_09_05,G&Wp,average,60,160.0,0.28,0,0,9,5
Municipality_Costs_[MEUR],00_00_09_05,G&Wp,average,100,160.0,0.22,0,0,9,5
Municipality_Costs_[MEUR],00_00_09_05,Wp,average,20,80.0,0.22,0,0,9,5
Municipality_Costs_[MEUR],00_00_09_05,Wp,average,60,160.0,0.28,0,0,9,5
Municipality_Costs_[MEUR],00_00_09_05,Wp,average,100,170.0,0.23,0,0,9,5
Municipality_Costs_[MEUR],00_00_09_07,D,average,20,80.0,0.22,0,0,9,7
Municipality_Costs_[MEUR],00_00_09_07,D,average,60,160.0,0.28,0,0,9,7
Municipality_Costs_[MEUR],00_00_09_07,D,average,100,160.0,0.21,0,0,9,7
Municipality_Costs_[MEUR],00_00_09_07,D&G,average,20,80.0,0.22,0,0,9,7
Municipality_Costs_[MEUR],00_00_09_07,D&G,average,60,160.0,0.28,0,0,9,7
Municipality_Costs_[MEUR],00_00_09_07,D&G,average,100,160.0,0.21,0,0,9,7
Municipality_Costs_[MEUR],00_00_09_07,D&G&Wp,average,20,80.0,0.22,0,0,9,7
Municipality_Costs_[MEUR],00_00_09_07,D&G&Wp,average,60,160.0,0.28,0,0,9,7
Municipality_Costs_[MEUR],00_00_09_07,D&G&Wp,average,100,160.0,0.22,0,0,9,7
Municipality_Costs_[MEUR],00_00_09_07,D&Wp,average,20,80.0,0.22,0,0,9,7
Municipality_Costs_[MEUR],00_00_09_07,D&Wp,average,60,160.0,0.28,0,0,9,7
Municipality_Costs_[MEUR],00_00_09_07,D&Wp,average,100,160.0,0.22,0,0,9,7
Municipality_Costs_[MEUR],00_00_09_07,G,average,20,80.0,0.22,0,0,9,7
Municipality_Costs_[MEUR],00_00_09_07,G,average,60,160.0,0.28,0,0,9,7
Municipality_Costs_[MEUR],00_00_09_07,G,average,100,160.0,0.21,0,0,9,7
Municipality_Costs_[MEUR],00_00_09_07,G&Wp,average,20,80.0,0.22,0,0,9,7
Municipality_Costs_[MEUR],00_00_09_07,G&Wp,average,60,160.0,0.28,0,0,9,7
Municipality_Costs_[MEUR],00_00_09_07,G&Wp,average,100,160.0,0.22,0,0,9,7
Municipality_Costs_[MEUR],00_00_09_07,Wp,average,20,80.0,0.22,0,0,9,7
Municipality_Costs_[MEUR],00_00_09_07,Wp,average,60,160.0,0.28,0,0,9,7
Municipality_Costs_[MEUR],00_00_09_07,Wp,average,100,170.0,0.23,0,0,9,7
Municipality_Costs_[MEUR],00_00_09_08,D,average,20,80.0,0.22,0,0,9,8
Municipality_Costs_[MEUR],00_00_09_08,D,average,60,160.0,0.28,0,0,9,8
Municipality_Costs_[MEUR],00_00_09_08,D,average,100,160.0,0.21,0,0,9,8
Municipality_Costs_[MEUR],00_00_09_08,D&G,average,20,80.0,0.22,0,0,9,8
Municipality_Costs_[MEUR],00_00_09_08,D&G,average,60,160.0,0.28,0,0,9,8
Municipality_Costs_[MEUR],00_00_09_08,D&G,average,100,160.0,0.21,0,0,9,8
Municipality_Costs_[MEUR],00_00_09_08,D&G&Wp,average,20,80.0,0.22,0,0,9,8
Municipality_Costs_[MEUR],00_00_09_08,D&G&Wp,average,60,160.0,0.28,0,0,9,8
Municipality_Costs_[MEUR],00_00_09_08,D&G&Wp,average,100,160.0,0.22,0,0,9,8
Municipality_Costs_[MEUR],00_00_09_08,D&Wp,average,20,80.0,0.22,0,0,9,8
Municipality_Costs_[MEUR],00_00_09_08,D&Wp,average,60,160.0,0.28,0,0,9,8
Municipality_Costs_[MEUR],00_00_09_08,D&Wp,average,100,160.0,0.22,0,0,9,8
Municipality_Costs_[MEUR],00_00_09_08,G,average,20,80.0,0.22,0,0,9,8
Municipality_Costs_[MEUR],00_00_09_08,G,average,60,160.0,0.28,0,0,9,8
Municipality_Costs_[MEUR],00_00_09_08,G,average,100,160.0,0.21,0,0,9,8
Municipality_Costs_[MEUR],00_00_09_08,G&Wp,average,20,80.0,0.22,0,0,9,8
Municipality_Costs_[MEUR],00_00_09_08,G&Wp,average,60,160.0,0.28,0,0,9,8
Municipality_Costs_[MEUR],00_00_09_08,G&Wp,average,100,160.0,0.22,0,0,9,8
Municipality_Costs_[MEUR],00_00_09_08,Wp,average,20,80.0,0.22,0,0,9,8
Municipality_Costs_[MEUR],00_00_09_08,Wp,average,60,160.0,0.28,0,0,9,8
Municipality_Costs_[MEUR],00_00_09_08,Wp,average,100,170.0,0.23,0,0,9,8
Municipality_Costs_[MEUR],00_00_09_09,D,average,20,80.0,0.22,0,0,9,9
Municipality_Costs_[MEUR],00_00_09_09,D,average,60,160.0,0.28,0,0,9,9
Municipality_Costs_[MEUR],00_00_09_09,D,average,100,160.0,0.21,0,0,9,9
Municipality_Costs_[MEUR],00_00_09_09,D&G,average,20,80.0,0.22,0,0,9,9
Municipality_Costs_[MEUR],00_00_09_09,D&G,average,60,160.0,0.28,0,0,9,9
Municipality_Costs_[MEUR],00_00_09_09,D&G,average,100,160.0,0.21,0,0,9,9
Municipality_Costs_[MEUR],00_00_09_09,D&G&Wp,average,20,80.0,0.22,0,0,9,9
Municipality_Costs_[MEUR],00_00_09_09,D&G&Wp,average,60,160.0,0.28,0,0,9,9
Municipality_Costs_[MEUR],00_00_09_09,D&G&Wp,average,100,160.0,0.22,0,0,9,9
Municipality_Costs_[MEUR],00_00_09_09,D&Wp,average,20,80.0,0.22,0,0,9,9
Municipality_Costs_[MEUR],00_00_09_09,D&Wp,average,60,160.0,0.28,0,0,9,9
Municipality_Costs_[MEUR],00_00_09_09,D&Wp,average,100,160.0,0.22,0,0,9,9
Municipality_Costs_[MEUR],00_00_09_09,G,average,20,80.0,0.22,0,0,9,9
Municipality_Costs_[MEUR],00_00_09_09,G,average,60,160.0,0.28,0,0,9,9
Municipality_Costs_[MEUR],00_00_09_09,G,average,100,160.0,0.21,0,0,9,9
Municipality_Costs_[MEUR],00_00_09_09,G&Wp,average,20,80.0,0.22,0,0,9,9
Municipality_Costs_[MEUR],00_00_09_09,G&Wp,average,60,160.0,0.28,0,0,9,9
Municipality_Costs_[MEUR],00_00_09_09,G&Wp,average,100,160.0,0.22,0,0,9,9
Municipality_Costs_[MEUR],00_00_09_09,Wp,average,20,80.0,0.22,0,0,9,9
Municipality_Costs_[MEUR],00_00_09_09,Wp,average,60,160.0,0.28,0,0,9,9
Municipality_Costs_[MEUR],00_00_09_09,Wp,average,100,170.0,0.23,0,0,9,9
Municipality_Costs_[MEUR],00_00_11_00,D,average,20,30.0,0.07,0,0,11,0
Municipality_Costs_[MEUR],00_00_11_00,D,average,60,200.0,0.35,0,0,11,0
Municipality_Costs_[MEUR],00_00_11_00,D,average,100,460.0,0.63,0,0,11,0
Municipality_Costs_[MEUR],00_00_11_00,D&G,average,20,30.0,0.07,0,0,11,0
Municipality_Costs_[MEUR],00_00_11_00,D&G,average,60,200.0,0.35,0,0,11,0
Municipality_Costs_[MEUR],00_00_11_00,D&G,average,100,460.0,0.63,0,0,11,0
Municipality_Costs_[MEUR],00_00_11_00,D&G&Wp,average,20,30.0,0.07,0,0,11,0
Municipality_Costs_[MEUR],00_00_11_00,D&G&Wp,average,60,200.0,0.36,0,0,11,0
Municipality_Costs_[MEUR],00_00_11_00,D&G&Wp,average,100,460.0,0.64,0,0,11,0
Municipality_Costs_[MEUR],00_00_11_00,D&Wp,average,20,30.0,0.07,0,0,11,0
Municipality_Costs_[MEUR],00_00_11_00,D&Wp,average,60,210.0,0.36,0,0,11,0
Municipality_Costs_[MEUR],00_00_11_00,D&Wp,average,100,470.0,0.64,0,0,11,0
Municipality_Costs_[MEUR],00_00_11_00,G,average,20,30.0,0.07,0,0,11,0
Municipality_Costs_[MEUR],00_00_11_00,G,average,60,200.0,0.36,0,0,11,0
Municipality_Costs_[MEUR],00_00_11_00,G,average,100,460.0,0.63,0,0,11,0
Municipality_Costs_[MEUR],00_00_11_00,G&Wp,average,20,30.0,0.07,0,0,11,0
Municipality_Costs_[MEUR],00_00_11_00,G&Wp,average,60,210.0,0.37,0,0,11,0
Municipality_Costs_[MEUR],00_00_11_00,G&Wp,average,100,470.0,0.64,0,0,11,0
Municipality_Costs_[MEUR],00_00_11_00,Wp,average,20,30.0,0.07,0,0,11,0
Municipality_Costs_[MEUR],00_00_11_00,Wp,average,60,210.0,0.38,0,0,11,0
Municipality_Costs_[MEUR],00_00_11_00,Wp,average,100,470.0,0.65,0,0,11,0
Municipality_Costs_[MEUR],00_00_11_01,D,average,20,30.0,0.07,0,0,11,1
Municipality_Costs_[MEUR],00_00_11_01,D,average,60,200.0,0.35,0,0,11,1
Municipality_Costs_[MEUR],00_00_11_01,D,average,100,460.0,0.63,0,0,11,1
Municipality_Costs_[MEUR],00_00_11_01,D&G,average,20,30.0,0.07,0,0,11,1
Municipality_Costs_[MEUR],00_00_11_01,D&G,average,60,200.0,0.35,0,0,11,1
Municipality_Costs_[MEUR],00_00_11_01,D&G,average,100,460.0,0.63,0,0,11,1
Municipality_Costs_[MEUR],00_00_11_01,D&G&Wp,average,20,30.0,0.07,0,0,11,1
Municipality_Costs_[MEUR],00_00_11_01,D&G&Wp,average,60,200.0,0.36,0,0,11,1
Municipality_Costs_[MEUR],00_00_11_01,D&G&Wp,average,100,460.0,0.64,0,0,11,1
Municipality_Costs_[MEUR],00_00_11_01,D&Wp,average,20,30.0,0.07,0,0,11,1
Municipality_Costs_[MEUR],00_00_11_01,D&Wp,average,60,210.0,0.36,0,0,11,1
Municipality_Costs_[MEUR],00_00_11_01,D&Wp,average,100,470.0,0.64,0,0,11,1
Municipality_Costs_[MEUR],00_00_11_01,G,average,20,30.0,0.07,0,0,11,1
Municipality_Costs_[MEUR],00_00_11_01,G,average,60,200.0,0.36,0,0,11,1
Municipality_Costs_[MEUR],00_00_11_01,G,average,100,460.0,0.63,0,0,11,1
Municipality_Costs_[MEUR],00_00_11_01,G&Wp,average,20,30.0,0.07,0,0,11,1
Municipality_Costs_[MEUR],00_00_11_01,G&Wp,average,60,210.0,0.37,0,0,11,1
Municipality_Costs_[MEUR],00_00_11_01,G&Wp,average,100,470.0,0.64,0,0,11,1
Municipality_Costs_[MEUR],00_00_11_01,Wp,average,20,30.0,0.07,0,0,11,1
Municipality_Costs_[MEUR],00_00_11_01,Wp,average,60,210.0,0.38,0,0,11,1
Municipality_Costs_[MEUR],00_00_11_01,Wp,average,100,470.0,0.65,0,0,11,1
Municipality_Costs_[MEUR],00_00_11_02,D,average,20,30.0,0.07,0,0,11,2
Municipality_Costs_[MEUR],00_00_11_02,D,average,60,200.0,0.35,0,0,11,2
Municipality_Costs_[MEUR],00_00_11_02,D,average,100,460.0,0.63,0,0,11,2
Municipality_Costs_[MEUR],00_00_11_02,D&G,average,20,30.0,0.07,0,0,11,2
Municipality_Costs_[MEUR],00_00_11_02,D&G,average,60,200.0,0.35,0,0,11,2
Municipality_Costs_[MEUR],00_00_11_02,D&G,average,100,460.0,0.63,0,0,11,2
Municipality_Costs_[MEUR],00_00_11_02,D&G&Wp,average,20,30.0,0.07,0,0,11,2
Municipality_Costs_[MEUR],00_00_11_02,D&G&Wp,average,60,200.0,0.36,0,0,11,2
Municipality_Costs_[MEUR],00_00_11_02,D&G&Wp,average,100,460.0,0.64,0,0,11,2
Municipality_Costs_[MEUR],00_00_11_02,D&Wp,average,20,30.0,0.07,0,0,11,2
Municipality_Costs_[MEUR],00_00_11_02,D&Wp,average,60,210.0,0.36,0,0,11,2
Municipality_Costs_[MEUR],00_00_11_02,D&Wp,average,100,470.0,0.64,0,0,11,2
Municipality_Costs_[MEUR],00_00_11_02,G,average,20,30.0,0.07,0,0,11,2
Municipality_Costs_[MEUR],00_00_11_02,G,average,60,200.0,0.36,0,0,11,2
Municipality_Costs_[MEUR],00_00_11_02,G,average,100,460.0,0.63,0,0,11,2
Municipality_Costs_[MEUR],00_00_11_02,G&Wp,average,20,30.0,0.07,0,0,11,2
Municipality_Costs_[MEUR],00_00_11_02,G&Wp,average,60,210.0,0.37,0,0,11,2
Municipality_Costs_[MEUR],00_00_11_02,G&Wp,average,100,470.0,0.64,0,0,11,2
Municipality_Costs_[MEUR],00_00_11_02,Wp,average,20,30.0,0.07,0,0,11,2
Municipality_Costs_[MEUR],00_00_11_02,Wp,average,60,210.0,0.38,0,0,11,2
Municipality_Costs_[MEUR],00_00_11_02,Wp,average,100,470.0,0.65,0,0,11,2
Municipality_Costs_[MEUR],00_00_11_04,D,average,20,30.0,0.07,0,0,11,4
Municipality_Costs_[MEUR],00_00_11_04,D,average,60,200.0,0.35,0,0,11,4
Municipality_Costs_[MEUR],00_00_11_04,D,average,100,460.0,0.63,0,0,11,4
Municipality_Costs_[MEUR],00_00_11_04,D&G,average,20,30.0,0.07,0,0,11,4
Municipality_Costs_[MEUR],00_00_11_04,D&G,average,60,200.0,0.35,0,0,11,4
Municipality_Costs_[MEUR],00_00_11_04,D&G,average,100,460.0,0.63,0,0,11,4
Municipality_Costs_[MEUR],00_00_11_04,D&G&Wp,average,20,30.0,0.07,0,0,11,4
Municipality_Costs_[MEUR],00_00_11_04,D&G&Wp,average,60,200.0,0.36,0,0,11,4
Municipality_Costs_[MEUR],00_00_11_04,D&G&Wp,average,100,460.0,0.64,0,0,11,4
Municipality_Costs_[MEUR],00_00_11_04,D&Wp,average,20,30.0,0.07,0,0,11,4
Municipality_Costs_[MEUR],00_00_11_04,D&Wp,average,60,210.0,0.36,0,0,11,4
Municipality_Costs_[MEUR],00_00_11_04,D&Wp,average,100,470.0,0.64,0,0,11,4
Municipality_Costs_[MEUR],00_00_11_04,G,average,20,30.0,0.07,0,0,11,4
Municipality_Costs_[MEUR],00_00_11_04,G,average,60,200.0,0.36,0,0,11,4
Municipality_Costs_[MEUR],00_00_11_04,G,average,100,460.0,0.63,0,0,11,4
Municipality_Costs_[MEUR],00_00_11_04,G&Wp,average,20,30.0,0.07,0,0,11,4
Municipality_Costs_[MEUR],00_00_11_04,G&Wp,average,60,210.0,0.37,0,0,11,4
Municipality_Costs_[MEUR],00_00_11_04,G&Wp,average,100,470.0,0.64,0,0,11,4
Municipality_Costs_[MEUR],00_00_11_04,Wp,average,20,30.0,0.07,0,0,11,4
Municipality_Costs_[MEUR],00_00_11_04,Wp,average,60,210.0,0.38,0,0,11,4
Municipality_Costs_[MEUR],00_00_11_04,Wp,average,100,470.0,0.65,0,0,11,4
Municipality_Costs_[MEUR],00_00_11_05,D,average,20,30.0,0.07,0,0,11,5
Municipality_Costs_[MEUR],00_00_11_05,D,average,60,200.0,0.35,0,0,11,5
Municipality_Costs_[MEUR],00_00_11_05,D,average,100,460.0,0.63,0,0,11,5
Municipality_Costs_[MEUR],00_00_11_05,D&G,average,20,30.0,0.07,0,0,11,5
Municipality_Costs_[MEUR],00_00_11_05,D&G,average,60,200.0,0.35,0,0,11,5
Municipality_Costs_[MEUR],00_00_11_05,D&G,average,100,460.0,0.63,0,0,11,5
Municipality_Costs_[MEUR],00_00_11_05,D&G&Wp,average,20,30.0,0.07,0,0,11,5
Municipality_Costs_[MEUR],00_00_11_05,D&G&Wp,average,60,200.0,0.36,0,0,11,5
Municipality_Costs_[MEUR],00_00_11_05,D&G&Wp,average,100,460.0,0.64,0,0,11,5
Municipality_Costs_[MEUR],00_00_11_05,D&Wp,average,20,30.0,0.07,0,0,11,5
Municipality_Costs_[MEUR],00_00_11_05,D&Wp,average,60,210.0,0.36,0,0,11,5
Municipality_Costs_[MEUR],00_00_11_05,D&Wp,average,100,470.0,0.64,0,0,11,5
Municipality_Costs_[MEUR],00_00_11_05,G,average,20,30.0,0.07,0,0,11,5
Municipality_Costs_[MEUR],00_00_11_05,G,average,60,200.0,0.36,0,0,11,5
Municipality_Costs_[MEUR],00_00_11_05,G,average,100,460.0,0.63,0,0,11,5
Municipality_Costs_[MEUR],00_00_11_05,G&Wp,average,20,30.0,0.07,0,0,11,5
Municipality_Costs_[MEUR],00_00_11_05,G&Wp,average,60,210.0,0.37,0,0,11,5
Municipality_Costs_[MEUR],00_00_11_05,G&Wp,average,100,470.0,0.64,0,0,11,5
Municipality_Costs_[MEUR],00_00_11_05,Wp,average,20,30.0,0.07,0,0,11,5
Municipality_Costs_[MEUR],00_00_11_05,Wp,average,60,210.0,0.38,0,0,11,5
Municipality_Costs_[MEUR],00_00_11_05,Wp,average,100,470.0,0.65,0,0,11,5
Municipality_Costs_[MEUR],00_00_11_07,D,average,20,30.0,0.07,0,0,11,7
Municipality_Costs_[MEUR],00_00_11_07,D,average,60,200.0,0.35,0,0,11,7
Municipality_Costs_[MEUR],00_00_11_07,D,average,100,460.0,0.63,0,0,11,7
Municipality_Costs_[MEUR],00_00_11_07,D&G,average,20,30.0,0.07,0,0,11,7
Municipality_Costs_[MEUR],00_00_11_07,D&G,average,60,200.0,0.35,0,0,11,7
Municipality_Costs_[MEUR],00_00_11_07,D&G,average,100,460.0,0.63,0,0,11,7
Municipality_Costs_[MEUR],00_00_11_07,D&G&Wp,average,20,30.0,0.07,0,0,11,7
Municipality_Costs_[MEUR],00_00_11_07,D&G&Wp,average,60,200.0,0.36,0,0,11,7
Municipality_Costs_[MEUR],00_00_11_07,D&G&Wp,average,100,460.0,0.64,0,0,11,7
Municipality_Costs_[MEUR],00_00_11_07,D&Wp,average,20,30.0,0.07,0,0,11,7
Municipality_Costs_[MEUR],00_00_11_07,D&Wp,average,60,210.0,0.36,0,0,11,7
Municipality_Costs_[MEUR],00_00_11_07,D&Wp,average,100,470.0,0.64,0,0,11,7
Municipality_Costs_[MEUR],00_00_11_07,G,average,20,30.0,0.07,0,0,11,7
Municipality_Costs_[MEUR],00_00_11_07,G,average,60,200.0,0.36,0,0,11,7
Municipality_Costs_[MEUR],00_00_11_07,G,average,100,460.0,0.63,0,0,11,7
Municipality_Costs_[MEUR],00_00_11_07,G&Wp,average,20,30.0,0.07,0,0,11,7
Municipality_Costs_[MEUR],00_00_11_07,G&Wp,average,60,210.0,0.37,0,0,11,7
Municipality_Costs_[MEUR],00_00_11_07,G&Wp,average,100,470.0,0.64,0,0,11,7
Municipality_Costs_[MEUR],00_00_11_07,Wp,average,20,30.0,0.07,0,0,11,7
Municipality_Costs_[MEUR],00_00_11_07,Wp,average,60,210.0,0.38,0,0,11,7
Municipality_Costs_[MEUR],00_00_11_07,Wp,average,100,470.0,0.65,0,0,11,7
Municipality_Costs_[MEUR],00_00_11_08,D,average,20,30.0,0.07,0,0,11,8
Municipality_Costs_[MEUR],00_00_11_08,D,average,60,200.0,0.35,0,0,11,8
Municipality_Costs_[MEUR],00_00_11_08,D,average,100,460.0,0.63,0,0,11,8
Municipality_Costs_[MEUR],00_00_11_08,D&G,average,20,30.0,0.07,0,0,11,8
Municipality_Costs_[MEUR],00_00_11_08,D&G,average,60,200.0,0.35,0,0,11,8
Municipality_Costs_[MEUR],00_00_11_08,D&G,average,100,460.0,0.63,0,0,11,8
Municipality_Costs_[MEUR],00_00_11_08,D&G&Wp,average,20,30.0,0.07,0,0,11,8
Municipality_Costs_[MEUR],00_00_11_08,D&G&Wp,average,60,200.0,0.36,0,0,11,8
Municipality_Costs_[MEUR],00_00_11_08,D&G&Wp,average,100,460.0,0.64,0,0,11,8
Municipality_Costs_[MEUR],00_00_11_08,D&Wp,average,20,30.0,0.07,0,0,11,8
Municipality_Costs_[MEUR],00_00_11_08,D&Wp,average,60,210.0,0.36,0,0,11,8
Municipality_Costs_[MEUR],00_00_11_08,D&Wp,average,100,470.0,0.64,0,0,11,8
Municipality_Costs_[MEUR],00_00_11_08,G,average,20,30.0,0.07,0,0,11,8
Municipality_Costs_[MEUR],00_00_11_08,G,average,60,200.0,0.36,0,0,11,8
Municipality_Costs_[MEUR],00_00_11_08,G,average,100,460.0,0.63,0,0,11,8
Municipality_Costs_[MEUR],00_00_11_08,G&Wp,average,20,30.0,0.07,0,0,11,8
Municipality_Costs_[MEUR],00_00_11_08,G&Wp,average,60,210.0,0.37,0,0,11,8
Municipality_Costs_[MEUR],00_00_11_08,G&Wp,average,100,470.0,0.64,0,0,11,8
Municipality_Costs_[MEUR],00_00_11_08,Wp,average,20,30.0,0.07,0,0,11,8
Municipality_Costs_[MEUR],00_00_11_08,Wp,average,60,210.0,0.38,0,0,11,8
Municipality_Costs_[MEUR],00_00_11_08,Wp,average,100,470.0,0.65,0,0,11,8
Municipality_Costs_[MEUR],00_00_11_09,D,average,20,30.0,0.07,0,0,11,9
Municipality_Costs_[MEUR],00_00_11_09,D,average,60,200.0,0.35,0,0,11,9
Municipality_Costs_[MEUR],00_00_11_09,D,average,100,460.0,0.63,0,0,11,9
Municipality_Costs_[MEUR],00_00_11_09,D&G,average,20,30.0,0.07,0,0,11,9
Municipality_Costs_[MEUR],00_00_11_09,D&G,average,60,200.0,0.35,0,0,11,9
Municipality_Costs_[MEUR],00_00_11_09,D&G,average,100,460.0,0.63,0,0,11,9
Municipality_Costs_[MEUR],00_00_11_09,D&G&Wp,average,20,30.0,0.07,0,0,11,9
Municipality_Costs_[MEUR],00_00_11_09,D&G&Wp,average,60,200.0,0.36,0,0,11,9
Municipality_Costs_[MEUR],00_00_11_09,D&G&Wp,average,100,460.0,0.64,0,0,11,9
Municipality_Costs_[MEUR],00_00_11_09,D&Wp,average,20,30.0,0.07,0,0,11,9
Municipality_Costs_[MEUR],00_00_11_09,D&Wp,average,60,210.0,0.36,0,0,11,9
Municipality_Costs_[MEUR],00_00_11_09,D&Wp,average,100,470.0,0.64,0,0,11,9
Municipality_Costs_[MEUR],00_00_11_09,G,average,20,30.0,0.07,0,0,11,9
Municipality_Costs_[MEUR],00_00_11_09,G,average,60,200.0,0.36,0,0,11,9
Municipality_Costs_[MEUR],00_00_11_09,G,average,100,460.0,0.63,0,0,11,9
Municipality_Costs_[MEUR],00_00_11_09,G&Wp,average,20,30.0,0.07,0,0,11,9
Municipality_Costs_[MEUR],00_00_11_09,G&Wp,average,60,210.0,0.37,0,0,11,9
Municipality_Costs_[MEUR],00_00_11_09,G&Wp,average,100,470.0,0.64,0,0,11,9
Municipality_Costs_[MEUR],00_00_11_09,Wp,average,20,30.0,0.07,0,0,11,9
Municipality_Costs_[MEUR],00_00_11_09,Wp,average,60,210.0,0.38,0,0,11,9
Municipality_Costs_[MEUR],00_00_11_09,Wp,average,100,470.0,0.65,0,0,11,9
Municipality_Costs_[MEUR],00_00_13_00,D,average,20,30.0,0.09,0,0,13,0
Municipality_Costs_[MEUR],00_00_13_00,D,average,60,230.0,0.41,0,0,13,0
Municipality_Costs_[MEUR],00_00_13_00,D,average,100,590.0,0.82,0,0,13,0
Municipality_Costs_[MEUR],00_00_13_00,D&G,average,20,30.0,0.09,0,0,13,0
Municipality_Costs_[MEUR],00_00_13_00,D&G,average,60,250.0,0.44,0,0,13,0
Municipality_Costs_[MEUR],00_00_13_00,D&G,average,100,610.0,0.84,0,0,13,0
Municipality_Costs_[MEUR],00_00_13_00,D&G&Wp,average,20,30.0,0.09,0,0,13,0
Municipality_Costs_[MEUR],00_00_13_00,D&G&Wp,average,60,270.0,0.49,0,0,13,0
Municipality_Costs_[MEUR],00_00_13_00,D&G&Wp,average,100,620.0,0.86,0,0,13,0
Municipality_Costs_[MEUR],00_00_13_00,D&Wp,average,20,30.0,0.09,0,0,13,0
Municipality_Costs_[MEUR],00_00_13_00,D&Wp,average,60,280.0,0.49,0,0,13,0
Municipality_Costs_[MEUR],00_00_13_00,D&Wp,average,100,620.0,0.86,0,0,13,0
Municipality_Costs_[MEUR],00_00_13_00,G,average,20,30.0,0.09,0,0,13,0
Municipality_Costs_[MEUR],00_00_13_00,G,average,60,270.0,0.48,0,0,13,0
Municipality_Costs_[MEUR],00_00_13_00,G,average,100,630.0,0.86,0,0,13,0
Municipality_Costs_[MEUR],00_00_13_00,G&Wp,average,20,30.0,0.09,0,0,13,0
Municipality_Costs_[MEUR],00_00_13_00,G&Wp,average,60,290.0,0.53,0,0,13,0
Municipality_Costs_[MEUR],00_00_13_00,G&Wp,average,100,640.0,0.88,0,0,13,0
Municipality_Costs_[MEUR],00_00_13_00,Wp,average,20,30.0,0.09,0,0,13,0
Municipality_Costs_[MEUR],00_00_13_00,Wp,average,60,320.0,0.58,0,0,13,0
Municipality_Costs_[MEUR],00_00_13_00,Wp,average,100,650.0,0.9,0,0,13,0
Municipality_Costs_[MEUR],00_00_13_01,D,average,20,30.0,0.09,0,0,13,1
Municipality_Costs_[MEUR],00_00_13_01,D,average,60,230.0,0.41,0,0,13,1
Municipality_Costs_[MEUR],00_00_13_01,D,average,100,590.0,0.82,0,0,13,1
Municipality_Costs_[MEUR],00_00_13_01,D&G,average,20,30.0,0.09,0,0,13,1
Municipality_Costs_[MEUR],00_00_13_01,D&G,average,60,250.0,0.44,0,0,13,1
Municipality_Costs_[MEUR],00_00_13_01,D&G,average,100,610.0,0.84,0,0,13,1
Municipality_Costs_[MEUR],00_00_13_01,D&G&Wp,average,20,30.0,0.09,0,0,13,1
Municipality_Costs_[MEUR],00_00_13_01,D&G&Wp,average,60,270.0,0.49,0,0,13,1
Municipality_Costs_[MEUR],00_00_13_01,D&G&Wp,average,100,620.0,0.86,0,0,13,1
Municipality_Costs_[MEUR],00_00_13_01,D&Wp,average,20,30.0,0.09,0,0,13,1
Municipality_Costs_[MEUR],00_00_13_01,D&Wp,average,60,280.0,0.49,0,0,13,1
Municipality_Costs_[MEUR],00_00_13_01,D&Wp,average,100,620.0,0.86,0,0,13,1
Municipality_Costs_[MEUR],00_00_13_01,G,average,20,30.0,0.09,0,0,13,1
Municipality_Costs_[MEUR],00_00_13_01,G,average,60,270.0,0.48,0,0,13,1
Municipality_Costs_[MEUR],00_00_13_01,G,average,100,630.0,0.86,0,0,13,1
Municipality_Costs_[MEUR],00_00_13_01,G&Wp,average,20,30.0,0.09,0,0,13,1
Municipality_Costs_[MEUR],00_00_13_01,G&Wp,average,60,290.0,0.53,0,0,13,1
Municipality_Costs_[MEUR],00_00_13_01,G&Wp,average,100,640.0,0.88,0,0,13,1
Municipality_Costs_[MEUR],00_00_13_01,Wp,average,20,30.0,0.09,0,0,13,1
Municipality_Costs_[MEUR],00_00_13_01,Wp,average,60,320.0,0.58,0,0,13,1
Municipality_Costs_[MEUR],00_00_13_01,Wp,average,100,650.0,0.9,0,0,13,1
Municipality_Costs_[MEUR],00_00_13_02,D,average,20,30.0,0.09,0,0,13,2
Municipality_Costs_[MEUR],00_00_13_02,D,average,60,230.0,0.41,0,0,13,2
Municipality_Costs_[MEUR],00_00_13_02,D,average,100,590.0,0.82,0,0,13,2
Municipality_Costs_[MEUR],00_00_13_02,D&G,average,20,30.0,0.09,0,0,13,2
Municipality_Costs_[MEUR],00_00_13_02,D&G,average,60,250.0,0.44,0,0,13,2
Municipality_Costs_[MEUR],00_00_13_02,D&G,average,100,610.0,0.84,0,0,13,2
Municipality_Costs_[MEUR],00_00_13_02,D&G&Wp,average,20,30.0,0.09,0,0,13,2
Municipality_Costs_[MEUR],00_00_13_02,D&G&Wp,average,60,270.0,0.49,0,0,13,2
Municipality_Costs_[MEUR],00_00_13_02,D&G&Wp,average,100,620.0,0.86,0,0,13,2
Municipality_Costs_[MEUR],00_00_13_02,D&Wp,average,20,30.0,0.09,0,0,13,2
Municipality_Costs_[MEUR],00_00_13_02,D&Wp,average,60,280.0,0.49,0,0,13,2
Municipality_Costs_[MEUR],00_00_13_02,D&Wp,average,100,620.0,0.86,0,0,13,2
Municipality_Costs_[MEUR],00_00_13_02,G,average,20,30.0,0.09,0,0,13,2
Municipality_Costs_[MEUR],00_00_13_02,G,average,60,270.0,0.48,0,0,13,2
Municipality_Costs_[MEUR],00_00_13_02,G,average,100,630.0,0.86,0,0,13,2
Municipality_Costs_[MEUR],00_00_13_02,G&Wp,average,20,30.0,0.09,0,0,13,2
Municipality_Costs_[MEUR],00_00_13_02,G&Wp,average,60,290.0,0.53,0,0,13,2
Municipality_Costs_[MEUR],00_00_13_02,G&Wp,average,100,640.0,0.88,0,0,13,2
Municipality_Costs_[MEUR],00_00_13_02,Wp,average,20,30.0,0.09,0,0,13,2
Municipality_Costs_[MEUR],00_00_13_02,Wp,average,60,320.0,0.58,0,0,13,2
Municipality_Costs_[MEUR],00_00_13_02,Wp,average,100,650.0,0.9,0,0,13,2
Municipality_Costs_[MEUR],00_00_13_04,D,average,20,30.0,0.09,0,0,13,4
Municipality_Costs_[MEUR],00_00_13_04,D,average,60,230.0,0.41,0,0,13,4
Municipality_Costs_[MEUR],00_00_13_04,D,average,100,590.0,0.82,0,0,13,4
Municipality_Costs_[MEUR],00_00_13_04,D&G,average,20,30.0,0.09,0,0,13,4
Municipality_Costs_[MEUR],00_00_13_04,D&G,average,60,250.0,0.44,0,0,13,4
Municipality_Costs_[MEUR],00_00_13_04,D&G,average,100,610.0,0.84,0,0,13,4
Municipality_Costs_[MEUR],00_00_13_04,D&G&Wp,average,20,30.0,0.09,0,0,13,4
Municipality_Costs_[MEUR],00_00_13_04,D&G&Wp,average,60,270.0,0.49,0,0,13,4
Municipality_Costs_[MEUR],00_00_13_04,D&G&Wp,average,100,620.0,0.86,0,0,13,4
Municipality_Costs_[MEUR],00_00_13_04,D&Wp,average,20,30.0,0.09,0,0,13,4
Municipality_Costs_[MEUR],00_00_13_04,D&Wp,average,60,280.0,0.49,0,0,13,4
Municipality_Costs_[MEUR],00_00_13_04,D&Wp,average,100,620.0,0.86,0,0,13,4
Municipality_Costs_[MEUR],00_00_13_04,G,average,20,30.0,0.09,0,0,13,4
Municipality_Costs_[MEUR],00_00_13_04,G,average,60,270.0,0.48,0,0,13,4
Municipality_Costs_[MEUR],00_00_13_04,G,average,100,630.0,0.86,0,0,13,4
Municipality_Costs_[MEUR],00_00_13_04,G&Wp,average,20,30.0,0.09,0,0,13,4
Municipality_Costs_[MEUR],00_00_13_04,G&Wp,average,60,290.0,0.53,0,0,13,4
Municipality_Costs_[MEUR],00_00_13_04,G&Wp,average,100,640.0,0.88,0,0,13,4
Municipality_Costs_[MEUR],00_00_13_04,Wp,average,20,30.0,0.09,0,0,13,4
Municipality_Costs_[MEUR],00_00_13_04,Wp,average,60,320.0,0.58,0,0,13,4
Municipality_Costs_[MEUR],00_00_13_04,Wp,average,100,650.0,0.9,0,0,13,4
Municipality_Costs_[MEUR],00_00_13_05,D,average,20,30.0,0.09,0,0,13,5
Municipality_Costs_[MEUR],00_00_13_05,D,average,60,230.0,0.41,0,0,13,5
Municipality_Costs_[MEUR],00_00_13_05,D,average,100,590.0,0.82,0,0,13,5
Municipality_Costs_[MEUR],00_00_13_05,D&G,average,20,30.0,0.09,0,0,13,5
Municipality_Costs_[MEUR],00_00_13_05,D&G,average,60,250.0,0.44,0,0,13,5
Municipality_Costs_[MEUR],00_00_13_05,D&G,average,100,610.0,0.84,0,0,13,5
Municipality_Costs_[MEUR],00_00_13_05,D&G&Wp,average,20,30.0,0.09,0,0,13,5
Municipality_Costs_[MEUR],00_00_13_05,D&G&Wp,average,60,270.0,0.49,0,0,13,5
Municipality_Costs_[MEUR],00_00_13_05,D&G&Wp,average,100,620.0,0.86,0,0,13,5
Municipality_Costs_[MEUR],00_00_13_05,D&Wp,average,20,30.0,0.09,0,0,13,5
Municipality_Costs_[MEUR],00_00_13_05,D&Wp,average,60,280.0,0.49,0,0,13,5
Municipality_Costs_[MEUR],00_00_13_05,D&Wp,average,100,620.0,0.86,0,0,13,5
Municipality_Costs_[MEUR],00_00_13_05,G,average,20,30.0,0.09,0,0,13,5
Municipality_Costs_[MEUR],00_00_13_05,G,average,60,270.0,0.48,0,0,13,5
Municipality_Costs_[MEUR],00_00_13_05,G,average,100,630.0,0.86,0,0,13,5
Municipality_Costs_[MEUR],00_00_13_05,G&Wp,average,20,30.0,0.09,0,0,13,5
Municipality_Costs_[MEUR],00_00_13_05,G&Wp,average,60,290.0,0.53,0,0,13,5
Municipality_Costs_[MEUR],00_00_13_05,G&Wp,average,100,640.0,0.88,0,0,13,5
Municipality_Costs_[MEUR],00_00_13_05,Wp,average,20,30.0,0.09,0,0,13,5
Municipality_Costs_[MEUR],00_00_13_05,Wp,average,60,320.0,0.58,0,0,13,5
Municipality_Costs_[MEUR],00_00_13_05,Wp,average,100,650.0,0.9,0,0,13,5
Municipality_Costs_[MEUR],00_00_13_07,D,average,20,30.0,0.09,0,0,13,7
Municipality_Costs_[MEUR],00_00_13_07,D,average,60,230.0,0.41,0,0,13,7
Municipality_Costs_[MEUR],00_00_13_07,D,average,100,590.0,0.82,0,0,13,7
Municipality_Costs_[MEUR],00_00_13_07,D&G,average,20,30.0,0.09,0,0,13,7
Municipality_Costs_[MEUR],00_00_13_07,D&G,average,60,250.0,0.44,0,0,13,7
Municipality_Costs_[MEUR],00_00_13_07,D&G,average,100,610.0,0.84,0,0,13,7
Municipality_Costs_[MEUR],00_00_13_07,D&G&Wp,average,20,30.0,0.09,0,0,13,7
Municipality_Costs_[MEUR],00_00_13_07,D&G&Wp,average,60,270.0,0.49,0,0,13,7
Municipality_Costs_[MEUR],00_00_13_07,D&G&Wp,average,100,620.0,0.86,0,0,13,7
Municipality_Costs_[MEUR],00_00_13_07,D&Wp,average,20,30.0,0.09,0,0,13,7
Municipality_Costs_[MEUR],00_00_13_07,D&Wp,average,60,280.0,0.49,0,0,13,7
Municipality_Costs_[MEUR],00_00_13_07,D&Wp,average,100,620.0,0.86,0,0,13,7
Municipality_Costs_[MEUR],00_00_13_07,G,average,20,30.0,0.09,0,0,13,7
Municipality_Costs_[MEUR],00_00_13_07,G,average,60,270.0,0.48,0,0,13,7
Municipality_Costs_[MEUR],00_00_13_07,G,average,100,630.0,0.86,0,0,13,7
Municipality_Costs_[MEUR],00_00_13_07,G&Wp,average,20,30.0,0.09,0,0,13,7
Municipality_Costs_[MEUR],00_00_13_07,G&Wp,average,60,290.0,0.53,0,0,13,7
Municipality_Costs_[MEUR],00_00_13_07,G&Wp,average,100,640.0,0.88,0,0,13,7
Municipality_Costs_[MEUR],00_00_13_07,Wp,average,20,30.0,0.09,0,0,13,7
Municipality_Costs_[MEUR],00_00_13_07,Wp,average,60,320.0,0.58,0,0,13,7
Municipality_Costs_[MEUR],00_00_13_07,Wp,average,100,650.0,0.9,0,0,13,7
Municipality_Costs_[MEUR],00_00_13_08,D,average,20,30.0,0.09,0,0,13,8
Municipality_Costs_[MEUR],00_00_13_08,D,average,60,230.0,0.41,0,0,13,8
Municipality_Costs_[MEUR],00_00_13_08,D,average,100,590.0,0.82,0,0,13,8
Municipality_Costs_[MEUR],00_00_13_08,D&G,average,20,30.0,0.09,0,0,13,8
Municipality_Costs_[MEUR],00_00_13_08,D&G,average,60,250.0,0.44,0,0,13,8
Municipality_Costs_[MEUR],00_00_13_08,D&G,average,100,610.0,0.84,0,0,13,8
Municipality_Costs_[MEUR],00_00_13_08,D&G&Wp,average,20,30.0,0.09,0,0,13,8
Municipality_Costs_[MEUR],00_00_13_08,D&G&Wp,average,60,270.0,0.49,0,0,13,8
Municipality_Costs_[MEUR],00_00_13_08,D&G&Wp,average,100,620.0,0.86,0,0,13,8
Municipality_Costs_[MEUR],00_00_13_08,D&Wp,average,20,30.0,0.09,0,0,13,8
Municipality_Costs_[MEUR],00_00_13_08,D&Wp,average,60,280.0,0.49,0,0,13,8
Municipality_Costs_[MEUR],00_00_13_08,D&Wp,average,100,620.0,0.86,0,0,13,8
Municipality_Costs_[MEUR],00_00_13_08,G,average,20,30.0,0.09,0,0,13,8
Municipality_Costs_[MEUR],00_00_13_08,G,average,60,270.0,0.48,0,0,13,8
Municipality_Costs_[MEUR],00_00_13_08,G,average,100,630.0,0.86,0,0,13,8
Municipality_Costs_[MEUR],00_00_13_08,G&Wp,average,20,30.0,0.09,0,0,13,8
Municipality_Costs_[MEUR],00_00_13_08,G&Wp,average,60,290.0,0.53,0,0,13,8
Municipality_Costs_[MEUR],00_00_13_08,G&Wp,average,100,640.0,0.88,0,0,13,8
Municipality_Costs_[MEUR],00_00_13_08,Wp,average,20,30.0,0.09,0,0,13,8
Municipality_Costs_[MEUR],00_00_13_08,Wp,average,60,320.0,0.58,0,0,13,8
Municipality_Costs_[MEUR],00_00_13_08,Wp,average,100,650.0,0.9,0,0,13,8
Municipality_Costs_[MEUR],00_00_13_09,D,average,20,30.0,0.09,0,0,13,9
Municipality_Costs_[MEUR],00_00_13_09,D,average,60,230.0,0.41,0,0,13,9
Municipality_Costs_[MEUR],00_00_13_09,D,average,100,590.0,0.82,0,0,13,9
Municipality_Costs_[MEUR],00_00_13_09,D&G,average,20,30.0,0.09,0,0,13,9
Municipality_Costs_[MEUR],00_00_13_09,D&G,average,60,250.0,0.44,0,0,13,9
Municipality_Costs_[MEUR],00_00_13_09,D&G,average,100,610.0,0.84,0,0,13,9
Municipality_Costs_[MEUR],00_00_13_09,D&G&Wp,average,20,30.0,0.09,0,0,13,9
Municipality_Costs_[MEUR],00_00_13_09,D&G&Wp,average,60,270.0,0.49,0,0,13,9
Municipality_Costs_[MEUR],00_00_13_09,D&G&Wp,average,100,620.0,0.86,0,0,13,9
Municipality_Costs_[MEUR],00_00_13_09,D&Wp,average,20,30.0,0.09,0,0,13,9
Municipality_Costs_[MEUR],00_00_13_09,D&Wp,average,60,280.0,0.49,0,0,13,9
Municipality_Costs_[MEUR],00_00_13_09,D&Wp,average,100,620.0,0.86,0,0,13,9
Municipality_Costs_[MEUR],00_00_13_09,G,average,20,30.0,0.09,0,0,13,9
Municipality_Costs_[MEUR],00_00_13_09,G,average,60,270.0,0.48,0,0,13,9
Municipality_Costs_[MEUR],00_00_13_09,G,average,100,630.0,0.86,0,0,13,9
Municipality_Costs_[MEUR],00_00_13_09,G&Wp,average,20,30.0,0.09,0,0,13,9
Municipality_Costs_[MEUR],00_00_13_09,G&Wp,average,60,290.0,0.53,0,0,13,9
Municipality_Costs_[MEUR],00_00_13_09,G&Wp,average,100,640.0,0.88,0,0,13,9
Municipality_Costs_[MEUR],00_00_13_09,Wp,average,20,30.0,0.09,0,0,13,9
Municipality_Costs_[MEUR],00_00_13_09,Wp,average,60,320.0,0.58,0,0,13,9
Municipality_Costs_[MEUR],00_00_13_09,Wp,average,100,650.0,0.9,0,0,13,9
Impacted_Buildings_[#],00_00_00_00,D,average,20,680.0,1.0,0,0,0,0
Impacted_Buildings_[#],00_00_00_00,D,average,60,2370.0,1.0,0,0,0,0
Impacted_Buildings_[#],00_00_00_00,D,average,100,3930.0,1.0,0,0,0,0
Impacted_Buildings_[#],00_00_00_00,D&G,average,20,740.0,1.0,0,0,0,0
Impacted_Buildings_[#],00_00_00_00,D&G,average,60,2710.0,1.0,0,0,0,0
Impacted_Buildings_[#],00_00_00_00,D&G,average,100,4860.0,1.0,0,0,0,0
Impacted_Buildings_[#],00_00_00_00,D&G&Wp,average,20,790.0,1.0,0,0,0,0
Impacted_Buildings_[#],00_00_00_00,D&G&Wp,average,60,3280.0,1.0,0,0,0,0
Impacted_Buildings_[#],00_00_00_00,D&G&Wp,average,100,6680.0,1.0,0,0,0,0
Impacted_Buildings_[#],00_00_00_00,D&Wp,average,20,780.0,1.0,0,0,0,0
Impacted_Buildings_[#],00_00_00_00,D&Wp,average,60,3400.0,1.0,0,0,0,0
Impacted_Buildings_[#],00_00_00_00,D&Wp,average,100,7120.0,1.0,0,0,0,0
Impacted_Buildings_[#],00_00_00_00,G,average,20,800.0,1.0,0,0,0,0
Impacted_Buildings_[#],00_00_00_00,G,average,60,3060.0,1.0,0,0,0,0
Impacted_Buildings_[#],00_00_00_00,G,average,100,5800.0,1.0,0,0,0,0
Impacted_Buildings_[#],00_00_00_00,G&Wp,average,20,840.0,1.0,0,0,0,0
Impacted_Buildings_[#],00_00_00_00,G&Wp,average,60,3740.0,1.0,0,0,0,0
Impacted_Buildings_[#],00_00_00_00,G&Wp,average,100,8050.0,1.0,0,0,0,0
Impacted_Buildings_[#],00_00_00_00,Wp,average,20,880.0,1.0,0,0,0,0
Impacted_Buildings_[#],00_00_00_00,Wp,average,60,4420.0,1.0,0,0,0,0
Impacted_Buildings_[#],00_00_00_00,Wp,average,100,10310.0,1.0,0,0,0,0
Impacted_Buildings_[#],00_00_00_01,D,average,20,680.0,1.0,0,0,0,1
Impacted_Buildings_[#],00_00_00_01,D,average,60,2370.0,1.0,0,0,0,1
Impacted_Buildings_[#],00_00_00_01,D,average,100,3930.0,1.0,0,0,0,1
Impacted_Buildings_[#],00_00_00_01,D&G,average,20,740.0,1.0,0,0,0,1
Impacted_Buildings_[#],00_00_00_01,D&G,average,60,2710.0,1.0,0,0,0,1
Impacted_Buildings_[#],00_00_00_01,D&G,average,100,4860.0,1.0,0,0,0,1
Impacted_Buildings_[#],00_00_00_01,D&G&Wp,average,20,790.0,1.0,0,0,0,1
Impacted_Buildings_[#],00_00_00_01,D&G&Wp,average,60,3280.0,1.0,0,0,0,1
Impacted_Buildings_[#],00_00_00_01,D&G&Wp,average,100,6680.0,1.0,0,0,0,1
Impacted_Buildings_[#],00_00_00_01,D&Wp,average,20,780.0,1.0,0,0,0,1
Impacted_Buildings_[#],00_00_00_01,D&Wp,average,60,3400.0,1.0,0,0,0,1
Impacted_Buildings_[#],00_00_00_01,D&Wp,average,100,7120.0,1.0,0,0,0,1
Impacted_Buildings_[#],00_00_00_01,G,average,20,800.0,1.0,0,0,0,1
Impacted_Buildings_[#],00_00_00_01,G,average,60,3060.0,1.0,0,0,0,1
Impacted_Buildings_[#],00_00_00_01,G,average,100,5800.0,1.0,0,0,0,1
Impacted_Buildings_[#],00_00_00_01,G&Wp,average,20,840.0,1.0,0,0,0,1
Impacted_Buildings_[#],00_00_00_01,G&Wp,average,60,3740.0,1.0,0,0,0,1
Impacted_Buildings_[#],00_00_00_01,G&Wp,average,100,8050.0,1.0,0,0,0,1
Impacted_Buildings_[#],00_00_00_01,Wp,average,20,880.0,1.0,0,0,0,1
Impacted_Buildings_[#],00_00_00_01,Wp,average,60,4420.0,1.0,0,0,0,1
Impacted_Buildings_[#],00_00_00_01,Wp,average,100,10310.0,1.0,0,0,0,1
Impacted_Buildings_[#],00_00_00_02,D,average,20,680.0,1.0,0,0,0,2
Impacted_Buildings_[#],00_00_00_02,D,average,60,2370.0,1.0,0,0,0,2
Impacted_Buildings_[#],00_00_00_02,D,average,100,3930.0,1.0,0,0,0,2
Impacted_Buildings_[#],00_00_00_02,D&G,average,20,740.0,1.0,0,0,0,2
Impacted_Buildings_[#],00_00_00_02,D&G,average,60,2710.0,1.0,0,0,0,2
Impacted_Buildings_[#],00_00_00_02,D&G,average,100,4860.0,1.0,0,0,0,2
Impacted_Buildings_[#],00_00_00_02,D&G&Wp,average,20,790.0,1.0,0,0,0,2
Impacted_Buildings_[#],00_00_00_02,D&G&Wp,average,60,3280.0,1.0,0,0,0,2
Impacted_Buildings_[#],00_00_00_02,D&G&Wp,average,100,6680.0,1.0,0,0,0,2
Impacted_Buildings_[#],00_00_00_02,D&Wp,average,20,780.0,1.0,0,0,0,2
Impacted_Buildings_[#],00_00_00_02,D&Wp,average,60,3400.0,1.0,0,0,0,2
Impacted_Buildings_[#],00_00_00_02,D&Wp,average,100,7120.0,1.0,0,0,0,2
Impacted_Buildings_[#],00_00_00_02,G,average,20,800.0,1.0,0,0,0,2
Impacted_Buildings_[#],00_00_00_02,G,average,60,3060.0,1.0,0,0,0,2
Impacted_Buildings_[#],00_00_00_02,G,average,100,5800.0,1.0,0,0,0,2
Impacted_Buildings_[#],00_00_00_02,G&Wp,average,20,840.0,1.0,0,0,0,2
Impacted_Buildings_[#],00_00_00_02,G&Wp,average,60,3740.0,1.0,0,0,0,2
Impacted_Buildings_[#],00_00_00_02,G&Wp,average,100,8050.0,1.0,0,0,0,2
Impacted_Buildings_[#],00_00_00_02,Wp,average,20,880.0,1.0,0,0,0,2
Impacted_Buildings_[#],00_00_00_02,Wp,average,60,4420.0,1.0,0,0,0,2
Impacted_Buildings_[#],00_00_00_02,Wp,average,100,10310.0,1.0,0,0,0,2
Impacted_Buildings_[#],00_00_00_04,D,average,20,680.0,1.0,0,0,0,4
Impacted_Buildings_[#],00_00_00_04,D,average,60,2370.0,1.0,0,0,0,4
Impacted_Buildings_[#],00_00_00_04,D,average,100,3930.0,1.0,0,0,0,4
Impacted_Buildings_[#],00_00_00_04,D&G,average,20,740.0,1.0,0,0,0,4
Impacted_Buildings_[#],00_00_00_04,D&G,average,60,2710.0,1.0,0,0,0,4
Impacted_Buildings_[#],00_00_00_04,D&G,average,100,4860.0,1.0,0,0,0,4
Impacted_Buildings_[#],00_00_00_04,D&G&Wp,average,20,790.0,1.0,0,0,0,4
Impacted_Buildings_[#],00_00_00_04,D&G&Wp,average,60,3280.0,1.0,0,0,0,4
Impacted_Buildings_[#],00_00_00_04,D&G&Wp,average,100,6680.0,1.0,0,0,0,4
Impacted_Buildings_[#],00_00_00_04,D&Wp,average,20,780.0,1.0,0,0,0,4
Impacted_Buildings_[#],00_00_00_04,D&Wp,average,60,3400.0,1.0,0,0,0,4
Impacted_Buildings_[#],00_00_00_04,D&Wp,average,100,7120.0,1.0,0,0,0,4
Impacted_Buildings_[#],00_00_00_04,G,average,20,800.0,1.0,0,0,0,4
Impacted_Buildings_[#],00_00_00_04,G,average,60,3060.0,1.0,0,0,0,4
Impacted_Buildings_[#],00_00_00_04,G,average,100,5800.0,1.0,0,0,0,4
Impacted_Buildings_[#],00_00_00_04,G&Wp,average,20,840.0,1.0,0,0,0,4
Impacted_Buildings_[#],00_00_00_04,G&Wp,average,60,3740.0,1.0,0,0,0,4
Impacted_Buildings_[#],00_00_00_04,G&Wp,average,100,8050.0,1.0,0,0,0,4
Impacted_Buildings_[#],00_00_00_04,Wp,average,20,880.0,1.0,0,0,0,4
Impacted_Buildings_[#],00_00_00_04,Wp,average,60,4420.0,1.0,0,0,0,4
Impacted_Buildings_[#],00_00_00_04,Wp,average,100,10310.0,1.0,0,0,0,4
Impacted_Buildings_[#],00_00_00_05,D,average,20,680.0,1.0,0,0,0,5
Impacted_Buildings_[#],00_00_00_05,D,average,60,2370.0,1.0,0,0,0,5
Impacted_Buildings_[#],00_00_00_05,D,average,100,3930.0,1.0,0,0,0,5
Impacted_Buildings_[#],00_00_00_05,D&G,average,20,740.0,1.0,0,0,0,5
Impacted_Buildings_[#],00_00_00_05,D&G,average,60,2710.0,1.0,0,0,0,5
Impacted_Buildings_[#],00_00_00_05,D&G,average,100,4860.0,1.0,0,0,0,5
Impacted_Buildings_[#],00_00_00_05,D&G&Wp,average,20,790.0,1.0,0,0,0,5
Impacted_Buildings_[#],00_00_00_05,D&G&Wp,average,60,3280.0,1.0,0,0,0,5
Impacted_Buildings_[#],00_00_00_05,D&G&Wp,average,100,6680.0,1.0,0,0,0,5
Impacted_Buildings_[#],00_00_00_05,D&Wp,average,20,780.0,1.0,0,0,0,5
Impacted_Buildings_[#],00_00_00_05,D&Wp,average,60,3400.0,1.0,0,0,0,5
Impacted_Buildings_[#],00_00_00_05,D&Wp,average,100,7120.0,1.0,0,0,0,5
Impacted_Buildings_[#],00_00_00_05,G,average,20,800.0,1.0,0,0,0,5
Impacted_Buildings_[#],00_00_00_05,G,average,60,3060.0,1.0,0,0,0,5
Impacted_Buildings_[#],00_00_00_05,G,average,100,5800.0,1.0,0,0,0,5
Impacted_Buildings_[#],00_00_00_05,G&Wp,average,20,840.0,1.0,0,0,0,5
Impacted_Buildings_[#],00_00_00_05,G&Wp,average,60,3740.0,1.0,0,0,0,5
Impacted_Buildings_[#],00_00_00_05,G&Wp,average,100,8050.0,1.0,0,0,0,5
Impacted_Buildings_[#],00_00_00_05,Wp,average,20,880.0,1.0,0,0,0,5
Impacted_Buildings_[#],00_00_00_05,Wp,average,60,4420.0,1.0,0,0,0,5
Impacted_Buildings_[#],00_00_00_05,Wp,average,100,10310.0,1.0,0,0,0,5
Impacted_Buildings_[#],00_00_00_07,D,average,20,680.0,1.0,0,0,0,7
Impacted_Buildings_[#],00_00_00_07,D,average,60,2370.0,1.0,0,0,0,7
Impacted_Buildings_[#],00_00_00_07,D,average,100,3930.0,1.0,0,0,0,7
Impacted_Buildings_[#],00_00_00_07,D&G,average,20,740.0,1.0,0,0,0,7
Impacted_Buildings_[#],00_00_00_07,D&G,average,60,2710.0,1.0,0,0,0,7
Impacted_Buildings_[#],00_00_00_07,D&G,average,100,4860.0,1.0,0,0,0,7
Impacted_Buildings_[#],00_00_00_07,D&G&Wp,average,20,790.0,1.0,0,0,0,7
Impacted_Buildings_[#],00_00_00_07,D&G&Wp,average,60,3280.0,1.0,0,0,0,7
Impacted_Buildings_[#],00_00_00_07,D&G&Wp,average,100,6680.0,1.0,0,0,0,7
Impacted_Buildings_[#],00_00_00_07,D&Wp,average,20,780.0,1.0,0,0,0,7
Impacted_Buildings_[#],00_00_00_07,D&Wp,average,60,3400.0,1.0,0,0,0,7
Impacted_Buildings_[#],00_00_00_07,D&Wp,average,100,7120.0,1.0,0,0,0,7
Impacted_Buildings_[#],00_00_00_07,G,average,20,800.0,1.0,0,0,0,7
Impacted_Buildings_[#],00_00_00_07,G,average,60,3060.0,1.0,0,0,0,7
Impacted_Buildings_[#],00_00_00_07,G,average,100,5800.0,1.0,0,0,0,7
Impacted_Buildings_[#],00_00_00_07,G&Wp,average,20,840.0,1.0,0,0,0,7
Impacted_Buildings_[#],00_00_00_07,G&Wp,average,60,3740.0,1.0,0,0,0,7
Impacted_Buildings_[#],00_00_00_07,G&Wp,average,100,8050.0,1.0,0,0,0,7
Impacted_Buildings_[#],00_00_00_07,Wp,average,20,880.0,1.0,0,0,0,7
Impacted_Buildings_[#],00_00_00_07,Wp,average,60,4420.0,1.0,0,0,0,7
Impacted_Buildings_[#],00_00_00_07,Wp,average,100,10310.0,1.0,0,0,0,7
Impacted_Buildings_[#],00_00_00_08,D,average,20,680.0,1.0,0,0,0,8
Impacted_Buildings_[#],00_00_00_08,D,average,60,2370.0,1.0,0,0,0,8
Impacted_Buildings_[#],00_00_00_08,D,average,100,3930.0,1.0,0,0,0,8
Impacted_Buildings_[#],00_00_00_08,D&G,average,20,740.0,1.0,0,0,0,8
Impacted_Buildings_[#],00_00_00_08,D&G,average,60,2710.0,1.0,0,0,0,8
Impacted_Buildings_[#],00_00_00_08,D&G,average,100,4860.0,1.0,0,0,0,8
Impacted_Buildings_[#],00_00_00_08,D&G&Wp,average,20,790.0,1.0,0,0,0,8
Impacted_Buildings_[#],00_00_00_08,D&G&Wp,average,60,3280.0,1.0,0,0,0,8
Impacted_Buildings_[#],00_00_00_08,D&G&Wp,average,100,6680.0,1.0,0,0,0,8
Impacted_Buildings_[#],00_00_00_08,D&Wp,average,20,780.0,1.0,0,0,0,8
Impacted_Buildings_[#],00_00_00_08,D&Wp,average,60,3400.0,1.0,0,0,0,8
Impacted_Buildings_[#],00_00_00_08,D&Wp,average,100,7120.0,1.0,0,0,0,8
Impacted_Buildings_[#],00_00_00_08,G,average,20,800.0,1.0,0,0,0,8
Impacted_Buildings_[#],00_00_00_08,G,average,60,3060.0,1.0,0,0,0,8
Impacted_Buildings_[#],00_00_00_08,G,average,100,5800.0,1.0,0,0,0,8
Impacted_Buildings_[#],00_00_00_08,G&Wp,average,20,840.0,1.0,0,0,0,8
Impacted_Buildings_[#],00_00_00_08,G&Wp,average,60,3740.0,1.0,0,0,0,8
Impacted_Buildings_[#],00_00_00_08,G&Wp,average,100,8050.0,1.0,0,0,0,8
Impacted_Buildings_[#],00_00_00_08,Wp,average,20,880.0,1.0,0,0,0,8
Impacted_Buildings_[#],00_00_00_08,Wp,average,60,4420.0,1.0,0,0,0,8
Impacted_Buildings_[#],00_00_00_08,Wp,average,100,10310.0,1.0,0,0,0,8
Impacted_Buildings_[#],00_00_00_09,D,average,20,680.0,1.0,0,0,0,9
Impacted_Buildings_[#],00_00_00_09,D,average,60,2370.0,1.0,0,0,0,9
Impacted_Buildings_[#],00_00_00_09,D,average,100,3930.0,1.0,0,0,0,9
Impacted_Buildings_[#],00_00_00_09,D&G,average,20,740.0,1.0,0,0,0,9
Impacted_Buildings_[#],00_00_00_09,D&G,average,60,2710.0,1.0,0,0,0,9
Impacted_Buildings_[#],00_00_00_09,D&G,average,100,4860.0,1.0,0,0,0,9
Impacted_Buildings_[#],00_00_00_09,D&G&Wp,average,20,790.0,1.0,0,0,0,9
Impacted_Buildings_[#],00_00_00_09,D&G&Wp,average,60,3280.0,1.0,0,0,0,9
Impacted_Buildings_[#],00_00_00_09,D&G&Wp,average,100,6680.0,1.0,0,0,0,9
Impacted_Buildings_[#],00_00_00_09,D&Wp,average,20,780.0,1.0,0,0,0,9
Impacted_Buildings_[#],00_00_00_09,D&Wp,average,60,3400.0,1.0,0,0,0,9
Impacted_Buildings_[#],00_00_00_09,D&Wp,average,100,7120.0,1.0,0,0,0,9
Impacted_Buildings_[#],00_00_00_09,G,average,20,800.0,1.0,0,0,0,9
Impacted_Buildings_[#],00_00_00_09,G,average,60,3060.0,1.0,0,0,0,9
Impacted_Buildings_[#],00_00_00_09,G,average,100,5800.0,1.0,0,0,0,9
Impacted_Buildings_[#],00_00_00_09,G&Wp,average,20,840.0,1.0,0,0,0,9
Impacted_Buildings_[#],00_00_00_09,G&Wp,average,60,3740.0,1.0,0,0,0,9
Impacted_Buildings_[#],00_00_00_09,G&Wp,average,100,8050.0,1.0,0,0,0,9
Impacted_Buildings_[#],00_00_00_09,Wp,average,20,880.0,1.0,0,0,0,9
Impacted_Buildings_[#],00_00_00_09,Wp,average,60,4420.0,1.0,0,0,0,9
Impacted_Buildings_[#],00_00_00_09,Wp,average,100,10310.0,1.0,0,0,0,9
Impacted_Buildings_[#],00_00_01_00,D,average,20,660.0,0.97,0,0,1,0
Impacted_Buildings_[#],00_00_01_00,D,average,60,1960.0,0.83,0,0,1,0
Impacted_Buildings_[#],00_00_01_00,D,average,100,2320.0,0.59,0,0,1,0
Impacted_Buildings_[#],00_00_01_00,D&G,average,20,720.0,0.97,0,0,1,0
Impacted_Buildings_[#],00_00_01_00,D&G,average,60,2200.0,0.81,0,0,1,0
Impacted_Buildings_[#],00_00_01_00,D&G,average,100,2580.0,0.53,0,0,1,0
Impacted_Buildings_[#],00_00_01_00,D&G&Wp,average,20,760.0,0.97,0,0,1,0
Impacted_Buildings_[#],00_00_01_00,D&G&Wp,average,60,2600.0,0.79,0,0,1,0
Impacted_Buildings_[#],00_00_01_00,D&G&Wp,average,100,2890.0,0.43,0,0,1,0
Impacted_Buildings_[#],00_00_01_00,D&Wp,average,20,760.0,0.97,0,0,1,0
Impacted_Buildings_[#],00_00_01_00,D&Wp,average,60,2680.0,0.79,0,0,1,0
Impacted_Buildings_[#],00_00_01_00,D&Wp,average,100,2920.0,0.41,0,0,1,0
Impacted_Buildings_[#],00_00_01_00,G,average,20,780.0,0.97,0,0,1,0
Impacted_Buildings_[#],00_00_01_00,G,average,60,2450.0,0.8,0,0,1,0
Impacted_Buildings_[#],00_00_01_00,G,average,100,2840.0,0.49,0,0,1,0
Impacted_Buildings_[#],00_00_01_00,G&Wp,average,20,820.0,0.97,0,0,1,0
Impacted_Buildings_[#],00_00_01_00,G&Wp,average,60,2920.0,0.78,0,0,1,0
Impacted_Buildings_[#],00_00_01_00,G&Wp,average,100,3180.0,0.39,0,0,1,0
Impacted_Buildings_[#],00_00_01_00,Wp,average,20,860.0,0.97,0,0,1,0
Impacted_Buildings_[#],00_00_01_00,Wp,average,60,3390.0,0.77,0,0,1,0
Impacted_Buildings_[#],00_00_01_00,Wp,average,100,3520.0,0.34,0,0,1,0
Impacted_Buildings_[#],00_00_01_01,D,average,20,660.0,0.97,0,0,1,1
Impacted_Buildings_[#],00_00_01_01,D,average,60,1960.0,0.83,0,0,1,1
Impacted_Buildings_[#],00_00_01_01,D,average,100,2320.0,0.59,0,0,1,1
Impacted_Buildings_[#],00_00_01_01,D&G,average,20,720.0,0.97,0,0,1,1
Impacted_Buildings_[#],00_00_01_01,D&G,average,60,2200.0,0.81,0,0,1,1
Impacted_Buildings_[#],00_00_01_01,D&G,average,100,2580.0,0.53,0,0,1,1
Impacted_Buildings_[#],00_00_01_01,D&G&Wp,average,20,760.0,0.97,0,0,1,1
Impacted_Buildings_[#],00_00_01_01,D&G&Wp,average,60,2600.0,0.79,0,0,1,1
Impacted_Buildings_[#],00_00_01_01,D&G&Wp,average,100,2890.0,0.43,0,0,1,1
Impacted_Buildings_[#],00_00_01_01,D&Wp,average,20,760.0,0.97,0,0,1,1
Impacted_Buildings_[#],00_00_01_01,D&Wp,average,60,2680.0,0.79,0,0,1,1
Impacted_Buildings_[#],00_00_01_01,D&Wp,average,100,2920.0,0.41,0,0,1,1
Impacted_Buildings_[#],00_00_01_01,G,average,20,780.0,0.97,0,0,1,1
Impacted_Buildings_[#],00_00_01_01,G,average,60,2450.0,0.8,0,0,1,1
Impacted_Buildings_[#],00_00_01_01,G,average,100,2840.0,0.49,0,0,1,1
Impacted_Buildings_[#],00_00_01_01,G&Wp,average,20,820.0,0.97,0,0,1,1
Impacted_Buildings_[#],00_00_01_01,G&Wp,average,60,2920.0,0.78,0,0,1,1
Impacted_Buildings_[#],00_00_01_01,G&Wp,average,100,3180.0,0.39,0,0,1,1
Impacted_Buildings_[#],00_00_01_01,Wp,average,20,860.0,0.97,0,0,1,1
Impacted_Buildings_[#],00_00_01_01,Wp,average,60,3390.0,0.77,0,0,1,1
Impacted_Buildings_[#],00_00_01_01,Wp,average,100,3520.0,0.34,0,0,1,1
Impacted_Buildings_[#],00_00_01_02,D,average,20,660.0,0.97,0,0,1,2
Impacted_Buildings_[#],00_00_01_02,D,average,60,1960.0,0.83,0,0,1,2
Impacted_Buildings_[#],00_00_01_02,D,average,100,2320.0,0.59,0,0,1,2
Impacted_Buildings_[#],00_00_01_02,D&G,average,20,720.0,0.97,0,0,1,2
Impacted_Buildings_[#],00_00_01_02,D&G,average,60,2200.0,0.81,0,0,1,2
Impacted_Buildings_[#],00_00_01_02,D&G,average,100,2580.0,0.53,0,0,1,2
Impacted_Buildings_[#],00_00_01_02,D&G&Wp,average,20,760.0,0.97,0,0,1,2
Impacted_Buildings_[#],00_00_01_02,D&G&Wp,average,60,2600.0,0.79,0,0,1,2
Impacted_Buildings_[#],00_00_01_02,D&G&Wp,average,100,2890.0,0.43,0,0,1,2
Impacted_Buildings_[#],00_00_01_02,D&Wp,average,20,760.0,0.97,0,0,1,2
Impacted_Buildings_[#],00_00_01_02,D&Wp,average,60,2680.0,0.79,0,0,1,2
Impacted_Buildings_[#],00_00_01_02,D&Wp,average,100,2920.0,0.41,0,0,1,2
Impacted_Buildings_[#],00_00_01_02,G,average,20,780.0,0.97,0,0,1,2
Impacted_Buildings_[#],00_00_01_02,G,average,60,2450.0,0.8,0,0,1,2
Impacted_Buildings_[#],00_00_01_02,G,average,100,2840.0,0.49,0,0,1,2
Impacted_Buildings_[#],00_00_01_02,G&Wp,average,20,820.0,0.97,0,0,1,2
Impacted_Buildings_[#],00_00_01_02,G&Wp,average,60,2920.0,0.78,0,0,1,2
Impacted_Buildings_[#],00_00_01_02,G&Wp,average,100,3180.0,0.39,0,0,1,2
Impacted_Buildings_[#],00_00_01_02,Wp,average,20,860.0,0.97,0,0,1,2
Impacted_Buildings_[#],00_00_01_02,Wp,average,60,3390.0,0.77,0,0,1,2
Impacted_Buildings_[#],00_00_01_02,Wp,average,100,3520.0,0.34,0,0,1,2
Impacted_Buildings_[#],00_00_01_04,D,average,20,660.0,0.97,0,0,1,4
Impacted_Buildings_[#],00_00_01_04,D,average,60,1960.0,0.83,0,0,1,4
Impacted_Buildings_[#],00_00_01_04,D,average,100,2320.0,0.59,0,0,1,4
Impacted_Buildings_[#],00_00_01_04,D&G,average,20,720.0,0.97,0,0,1,4
Impacted_Buildings_[#],00_00_01_04,D&G,average,60,2200.0,0.81,0,0,1,4
Impacted_Buildings_[#],00_00_01_04,D&G,average,100,2580.0,0.53,0,0,1,4
Impacted_Buildings_[#],00_00_01_04,D&G&Wp,average,20,760.0,0.97,0,0,1,4
Impacted_Buildings_[#],00_00_01_04,D&G&Wp,average,60,2600.0,0.79,0,0,1,4
Impacted_Buildings_[#],00_00_01_04,D&G&Wp,average,100,2890.0,0.43,0,0,1,4
Impacted_Buildings_[#],00_00_01_04,D&Wp,average,20,760.0,0.97,0,0,1,4
Impacted_Buildings_[#],00_00_01_04,D&Wp,average,60,2680.0,0.79,0,0,1,4
Impacted_Buildings_[#],00_00_01_04,D&Wp,average,100,2920.0,0.41,0,0,1,4
Impacted_Buildings_[#],00_00_01_04,G,average,20,780.0,0.97,0,0,1,4
Impacted_Buildings_[#],00_00_01_04,G,average,60,2450.0,0.8,0,0,1,4
Impacted_Buildings_[#],00_00_01_04,G,average,100,2840.0,0.49,0,0,1,4
Impacted_Buildings_[#],00_00_01_04,G&Wp,average,20,820.0,0.97,0,0,1,4
Impacted_Buildings_[#],00_00_01_04,G&Wp,average,60,2920.0,0.78,0,0,1,4
Impacted_Buildings_[#],00_00_01_04,G&Wp,average,100,3180.0,0.39,0,0,1,4
Impacted_Buildings_[#],00_00_01_04,Wp,average,20,860.0,0.97,0,0,1,4
Impacted_Buildings_[#],00_00_01_04,Wp,average,60,3390.0,0.77,0,0,1,4
Impacted_Buildings_[#],00_00_01_04,Wp,average,100,3520.0,0.34,0,0,1,4
Impacted_Buildings_[#],00_00_01_05,D,average,20,660.0,0.97,0,0,1,5
Impacted_Buildings_[#],00_00_01_05,D,average,60,1960.0,0.83,0,0,1,5
Impacted_Buildings_[#],00_00_01_05,D,average,100,2320.0,0.59,0,0,1,5
Impacted_Buildings_[#],00_00_01_05,D&G,average,20,720.0,0.97,0,0,1,5
Impacted_Buildings_[#],00_00_01_05,D&G,average,60,2200.0,0.81,0,0,1,5
Impacted_Buildings_[#],00_00_01_05,D&G,average,100,2580.0,0.53,0,0,1,5
Impacted_Buildings_[#],00_00_01_05,D&G&Wp,average,20,760.0,0.97,0,0,1,5
Impacted_Buildings_[#],00_00_01_05,D&G&Wp,average,60,2600.0,0.79,0,0,1,5
Impacted_Buildings_[#],00_00_01_05,D&G&Wp,average,100,2890.0,0.43,0,0,1,5
Impacted_Buildings_[#],00_00_01_05,D&Wp,average,20,760.0,0.97,0,0,1,5
Impacted_Buildings_[#],00_00_01_05,D&Wp,average,60,2680.0,0.79,0,0,1,5
Impacted_Buildings_[#],00_00_01_05,D&Wp,average,100,2920.0,0.41,0,0,1,5
Impacted_Buildings_[#],00_00_01_05,G,average,20,780.0,0.97,0,0,1,5
Impacted_Buildings_[#],00_00_01_05,G,average,60,2450.0,0.8,0,0,1,5
Impacted_Buildings_[#],00_00_01_05,G,average,100,2840.0,0.49,0,0,1,5
Impacted_Buildings_[#],00_00_01_05,G&Wp,average,20,820.0,0.97,0,0,1,5
Impacted_Buildings_[#],00_00_01_05,G&Wp,average,60,2920.0,0.78,0,0,1,5
Impacted_Buildings_[#],00_00_01_05,G&Wp,average,100,3180.0,0.39,0,0,1,5
Impacted_Buildings_[#],00_00_01_05,Wp,average,20,860.0,0.97,0,0,1,5
Impacted_Buildings_[#],00_00_01_05,Wp,average,60,3390.0,0.77,0,0,1,5
Impacted_Buildings_[#],00_00_01_05,Wp,average,100,3520.0,0.34,0,0,1,5
Impacted_Buildings_[#],00_00_01_07,D,average,20,660.0,0.97,0,0,1,7
Impacted_Buildings_[#],00_00_01_07,D,average,60,1960.0,0.83,0,0,1,7
Impacted_Buildings_[#],00_00_01_07,D,average,100,2320.0,0.59,0,0,1,7
Impacted_Buildings_[#],00_00_01_07,D&G,average,20,720.0,0.97,0,0,1,7
Impacted_Buildings_[#],00_00_01_07,D&G,average,60,2200.0,0.81,0,0,1,7
Impacted_Buildings_[#],00_00_01_07,D&G,average,100,2580.0,0.53,0,0,1,7
Impacted_Buildings_[#],00_00_01_07,D&G&Wp,average,20,760.0,0.97,0,0,1,7
Impacted_Buildings_[#],00_00_01_07,D&G&Wp,average,60,2600.0,0.79,0,0,1,7
Impacted_Buildings_[#],00_00_01_07,D&G&Wp,average,100,2890.0,0.43,0,0,1,7
Impacted_Buildings_[#],00_00_01_07,D&Wp,average,20,760.0,0.97,0,0,1,7
Impacted_Buildings_[#],00_00_01_07,D&Wp,average,60,2680.0,0.79,0,0,1,7
Impacted_Buildings_[#],00_00_01_07,D&Wp,average,100,2920.0,0.41,0,0,1,7
Impacted_Buildings_[#],00_00_01_07,G,average,20,780.0,0.97,0,0,1,7
Impacted_Buildings_[#],00_00_01_07,G,average,60,2450.0,0.8,0,0,1,7
Impacted_Buildings_[#],00_00_01_07,G,average,100,2840.0,0.49,0,0,1,7
Impacted_Buildings_[#],00_00_01_07,G&Wp,average,20,820.0,0.97,0,0,1,7
Impacted_Buildings_[#],00_00_01_07,G&Wp,average,60,2920.0,0.78,0,0,1,7
Impacted_Buildings_[#],00_00_01_07,G&Wp,average,100,3180.0,0.39,0,0,1,7
Impacted_Buildings_[#],00_00_01_07,Wp,average,20,860.0,0.97,0,0,1,7
Impacted_Buildings_[#],00_00_01_07,Wp,average,60,3390.0,0.77,0,0,1,7
Impacted_Buildings_[#],00_00_01_07,Wp,average,100,3520.0,0.34,0,0,1,7
Impacted_Buildings_[#],00_00_01_08,D,average,20,660.0,0.97,0,0,1,8
Impacted_Buildings_[#],00_00_01_08,D,average,60,1960.0,0.83,0,0,1,8
Impacted_Buildings_[#],00_00_01_08,D,average,100,2320.0,0.59,0,0,1,8
Impacted_Buildings_[#],00_00_01_08,D&G,average,20,720.0,0.97,0,0,1,8
Impacted_Buildings_[#],00_00_01_08,D&G,average,60,2200.0,0.81,0,0,1,8
Impacted_Buildings_[#],00_00_01_08,D&G,average,100,2580.0,0.53,0,0,1,8
Impacted_Buildings_[#],00_00_01_08,D&G&Wp,average,20,760.0,0.97,0,0,1,8
Impacted_Buildings_[#],00_00_01_08,D&G&Wp,average,60,2600.0,0.79,0,0,1,8
Impacted_Buildings_[#],00_00_01_08,D&G&Wp,average,100,2890.0,0.43,0,0,1,8
Impacted_Buildings_[#],00_00_01_08,D&Wp,average,20,760.0,0.97,0,0,1,8
Impacted_Buildings_[#],00_00_01_08,D&Wp,average,60,2680.0,0.79,0,0,1,8
Impacted_Buildings_[#],00_00_01_08,D&Wp,average,100,2920.0,0.41,0,0,1,8
Impacted_Buildings_[#],00_00_01_08,G,average,20,780.0,0.97,0,0,1,8
Impacted_Buildings_[#],00_00_01_08,G,average,60,2450.0,0.8,0,0,1,8
Impacted_Buildings_[#],00_00_01_08,G,average,100,2840.0,0.49,0,0,1,8
Impacted_Buildings_[#],00_00_01_08,G&Wp,average,20,820.0,0.97,0,0,1,8
Impacted_Buildings_[#],00_00_01_08,G&Wp,average,60,2920.0,0.78,0,0,1,8
Impacted_Buildings_[#],00_00_01_08,G&Wp,average,100,3180.0,0.39,0,0,1,8
Impacted_Buildings_[#],00_00_01_08,Wp,average,20,860.0,0.97,0,0,1,8
Impacted_Buildings_[#],00_00_01_08,Wp,average,60,3390.0,0.77,0,0,1,8
Impacted_Buildings_[#],00_00_01_08,Wp,average,100,3520.0,0.34,0,0,1,8
Impacted_Buildings_[#],00_00_01_09,D,average,20,660.0,0.97,0,0,1,9
Impacted_Buildings_[#],00_00_01_09,D,average,60,1960.0,0.83,0,0,1,9
Impacted_Buildings_[#],00_00_01_09,D,average,100,2320.0,0.59,0,0,1,9
Impacted_Buildings_[#],00_00_01_09,D&G,average,20,720.0,0.97,0,0,1,9
Impacted_Buildings_[#],00_00_01_09,D&G,average,60,2200.0,0.81,0,0,1,9
Impacted_Buildings_[#],00_00_01_09,D&G,average,100,2580.0,0.53,0,0,1,9
Impacted_Buildings_[#],00_00_01_09,D&G&Wp,average,20,760.0,0.97,0,0,1,9
Impacted_Buildings_[#],00_00_01_09,D&G&Wp,average,60,2600.0,0.79,0,0,1,9
Impacted_Buildings_[#],00_00_01_09,D&G&Wp,average,100,2890.0,0.43,0,0,1,9
Impacted_Buildings_[#],00_00_01_09,D&Wp,average,20,760.0,0.97,0,0,1,9
Impacted_Buildings_[#],00_00_01_09,D&Wp,average,60,2680.0,0.79,0,0,1,9
Impacted_Buildings_[#],00_00_01_09,D&Wp,average,100,2920.0,0.41,0,0,1,9
Impacted_Buildings_[#],00_00_01_09,G,average,20,780.0,0.97,0,0,1,9
Impacted_Buildings_[#],00_00_01_09,G,average,60,2450.0,0.8,0,0,1,9
Impacted_Buildings_[#],00_00_01_09,G,average,100,2840.0,0.49,0,0,1,9
Impacted_Buildings_[#],00_00_01_09,G&Wp,average,20,820.0,0.97,0,0,1,9
Impacted_Buildings_[#],00_00_01_09,G&Wp,average,60,2920.0,0.78,0,0,1,9
Impacted_Buildings_[#],00_00_01_09,G&Wp,average,100,3180.0,0.39,0,0,1,9
Impacted_Buildings_[#],00_00_01_09,Wp,average,20,860.0,0.97,0,0,1,9
Impacted_Buildings_[#],00_00_01_09,Wp,average,60,3390.0,0.77,0,0,1,9
Impacted_Buildings_[#],00_00_01_09,Wp,average,100,3520.0,0.34,0,0,1,9
Impacted_Buildings_[#],00_00_03_00,D,average,20,630.0,0.93,0,0,3,0
Impacted_Buildings_[#],00_00_03_00,D,average,60,1920.0,0.81,0,0,3,0
Impacted_Buildings_[#],00_00_03_00,D,average,100,2270.0,0.58,0,0,3,0
Impacted_Buildings_[#],00_00_03_00,D&G,average,20,680.0,0.93,0,0,3,0
Impacted_Buildings_[#],00_00_03_00,D&G,average,60,2150.0,0.79,0,0,3,0
Impacted_Buildings_[#],00_00_03_00,D&G,average,100,2520.0,0.52,0,0,3,0
Impacted_Buildings_[#],00_00_03_00,D&G&Wp,average,20,730.0,0.93,0,0,3,0
Impacted_Buildings_[#],00_00_03_00,D&G&Wp,average,60,2540.0,0.77,0,0,3,0
Impacted_Buildings_[#],00_00_03_00,D&G&Wp,average,100,2830.0,0.42,0,0,3,0
Impacted_Buildings_[#],00_00_03_00,D&Wp,average,20,720.0,0.92,0,0,3,0
Impacted_Buildings_[#],00_00_03_00,D&Wp,average,60,2620.0,0.77,0,0,3,0
Impacted_Buildings_[#],00_00_03_00,D&Wp,average,100,2860.0,0.4,0,0,3,0
Impacted_Buildings_[#],00_00_03_00,G,average,20,740.0,0.93,0,0,3,0
Impacted_Buildings_[#],00_00_03_00,G,average,60,2390.0,0.78,0,0,3,0
Impacted_Buildings_[#],00_00_03_00,G,average,100,2770.0,0.48,0,0,3,0
Impacted_Buildings_[#],00_00_03_00,G&Wp,average,20,780.0,0.92,0,0,3,0
Impacted_Buildings_[#],00_00_03_00,G&Wp,average,60,2850.0,0.76,0,0,3,0
Impacted_Buildings_[#],00_00_03_00,G&Wp,average,100,3110.0,0.39,0,0,3,0
Impacted_Buildings_[#],00_00_03_00,Wp,average,20,810.0,0.92,0,0,3,0
Impacted_Buildings_[#],00_00_03_00,Wp,average,60,3320.0,0.75,0,0,3,0
Impacted_Buildings_[#],00_00_03_00,Wp,average,100,3440.0,0.33,0,0,3,0
Impacted_Buildings_[#],00_00_03_01,D,average,20,630.0,0.93,0,0,3,1
Impacted_Buildings_[#],00_00_03_01,D,average,60,1920.0,0.81,0,0,3,1
Impacted_Buildings_[#],00_00_03_01,D,average,100,2270.0,0.58,0,0,3,1
Impacted_Buildings_[#],00_00_03_01,D&G,average,20,680.0,0.93,0,0,3,1
Impacted_Buildings_[#],00_00_03_01,D&G,average,60,2150.0,0.79,0,0,3,1
Impacted_Buildings_[#],00_00_03_01,D&G,average,100,2520.0,0.52,0,0,3,1
Impacted_Buildings_[#],00_00_03_01,D&G&Wp,average,20,730.0,0.93,0,0,3,1
Impacted_Buildings_[#],00_00_03_01,D&G&Wp,average,60,2540.0,0.77,0,0,3,1
Impacted_Buildings_[#],00_00_03_01,D&G&Wp,average,100,2830.0,0.42,0,0,3,1
Impacted_Buildings_[#],00_00_03_01,D&Wp,average,20,720.0,0.92,0,0,3,1
Impacted_Buildings_[#],00_00_03_01,D&Wp,average,60,2620.0,0.77,0,0,3,1
Impacted_Buildings_[#],00_00_03_01,D&Wp,average,100,2860.0,0.4,0,0,3,1
Impacted_Buildings_[#],00_00_03_01,G,average,20,740.0,0.93,0,0,3,1
Impacted_Buildings_[#],00_00_03_01,G,average,60,2390.0,0.78,0,0,3,1
Impacted_Buildings_[#],00_00_03_01,G,average,100,2770.0,0.48,0,0,3,1
Impacted_Buildings_[#],00_00_03_01,G&Wp,average,20,780.0,0.92,0,0,3,1
Impacted_Buildings_[#],00_00_03_01,G&Wp,average,60,2850.0,0.76,0,0,3,1
Impacted_Buildings_[#],00_00_03_01,G&Wp,average,100,3110.0,0.39,0,0,3,1
Impacted_Buildings_[#],00_00_03_01,Wp,average,20,810.0,0.92,0,0,3,1
Impacted_Buildings_[#],00_00_03_01,Wp,average,60,3320.0,0.75,0,0,3,1
Impacted_Buildings_[#],00_00_03_01,Wp,average,100,3440.0,0.33,0,0,3,1
Impacted_Buildings_[#],00_00_03_02,D,average,20,630.0,0.93,0,0,3,2
Impacted_Buildings_[#],00_00_03_02,D,average,60,1920.0,0.81,0,0,3,2
Impacted_Buildings_[#],00_00_03_02,D,average,100,2270.0,0.58,0,0,3,2
Impacted_Buildings_[#],00_00_03_02,D&G,average,20,680.0,0.93,0,0,3,2
Impacted_Buildings_[#],00_00_03_02,D&G,average,60,2150.0,0.79,0,0,3,2
Impacted_Buildings_[#],00_00_03_02,D&G,average,100,2520.0,0.52,0,0,3,2
Impacted_Buildings_[#],00_00_03_02,D&G&Wp,average,20,730.0,0.93,0,0,3,2
Impacted_Buildings_[#],00_00_03_02,D&G&Wp,average,60,2540.0,0.77,0,0,3,2
Impacted_Buildings_[#],00_00_03_02,D&G&Wp,average,100,2830.0,0.42,0,0,3,2
Impacted_Buildings_[#],00_00_03_02,D&Wp,average,20,720.0,0.92,0,0,3,2
Impacted_Buildings_[#],00_00_03_02,D&Wp,average,60,2620.0,0.77,0,0,3,2
Impacted_Buildings_[#],00_00_03_02,D&Wp,average,100,2860.0,0.4,0,0,3,2
Impacted_Buildings_[#],00_00_03_02,G,average,20,740.0,0.93,0,0,3,2
Impacted_Buildings_[#],00_00_03_02,G,average,60,2390.0,0.78,0,0,3,2
Impacted_Buildings_[#],00_00_03_02,G,average,100,2770.0,0.48,0,0,3,2
Impacted_Buildings_[#],00_00_03_02,G&Wp,average,20,780.0,0.92,0,0,3,2
Impacted_Buildings_[#],00_00_03_02,G&Wp,average,60,2850.0,0.76,0,0,3,2
Impacted_Buildings_[#],00_00_03_02,G&Wp,average,100,3110.0,0.39,0,0,3,2
Impacted_Buildings_[#],00_00_03_02,Wp,average,20,810.0,0.92,0,0,3,2
Impacted_Buildings_[#],00_00_03_02,Wp,average,60,3320.0,0.75,0,0,3,2
Impacted_Buildings_[#],00_00_03_02,Wp,average,100,3440.0,0.33,0,0,3,2
Impacted_Buildings_[#],00_00_03_04,D,average,20,630.0,0.93,0,0,3,4
Impacted_Buildings_[#],00_00_03_04,D,average,60,1920.0,0.81,0,0,3,4
Impacted_Buildings_[#],00_00_03_04,D,average,100,2270.0,0.58,0,0,3,4
Impacted_Buildings_[#],00_00_03_04,D&G,average,20,680.0,0.93,0,0,3,4
Impacted_Buildings_[#],00_00_03_04,D&G,average,60,2150.0,0.79,0,0,3,4
Impacted_Buildings_[#],00_00_03_04,D&G,average,100,2520.0,0.52,0,0,3,4
Impacted_Buildings_[#],00_00_03_04,D&G&Wp,average,20,730.0,0.93,0,0,3,4
Impacted_Buildings_[#],00_00_03_04,D&G&Wp,average,60,2540.0,0.77,0,0,3,4
Impacted_Buildings_[#],00_00_03_04,D&G&Wp,average,100,2830.0,0.42,0,0,3,4
Impacted_Buildings_[#],00_00_03_04,D&Wp,average,20,720.0,0.92,0,0,3,4
Impacted_Buildings_[#],00_00_03_04,D&Wp,average,60,2620.0,0.77,0,0,3,4
Impacted_Buildings_[#],00_00_03_04,D&Wp,average,100,2860.0,0.4,0,0,3,4
Impacted_Buildings_[#],00_00_03_04,G,average,20,740.0,0.93,0,0,3,4
Impacted_Buildings_[#],00_00_03_04,G,average,60,2390.0,0.78,0,0,3,4
Impacted_Buildings_[#],00_00_03_04,G,average,100,2770.0,0.48,0,0,3,4
Impacted_Buildings_[#],00_00_03_04,G&Wp,average,20,780.0,0.92,0,0,3,4
Impacted_Buildings_[#],00_00_03_04,G&Wp,average,60,2850.0,0.76,0,0,3,4
Impacted_Buildings_[#],00_00_03_04,G&Wp,average,100,3110.0,0.39,0,0,3,4
Impacted_Buildings_[#],00_00_03_04,Wp,average,20,810.0,0.92,0,0,3,4
Impacted_Buildings_[#],00_00_03_04,Wp,average,60,3320.0,0.75,0,0,3,4
Impacted_Buildings_[#],00_00_03_04,Wp,average,100,3440.0,0.33,0,0,3,4
Impacted_Buildings_[#],00_00_03_05,D,average,20,630.0,0.93,0,0,3,5
Impacted_Buildings_[#],00_00_03_05,D,average,60,1920.0,0.81,0,0,3,5
Impacted_Buildings_[#],00_00_03_05,D,average,100,2270.0,0.58,0,0,3,5
Impacted_Buildings_[#],00_00_03_05,D&G,average,20,680.0,0.93,0,0,3,5
Impacted_Buildings_[#],00_00_03_05,D&G,average,60,2150.0,0.79,0,0,3,5
Impacted_Buildings_[#],00_00_03_05,D&G,average,100,2520.0,0.52,0,0,3,5
Impacted_Buildings_[#],00_00_03_05,D&G&Wp,average,20,730.0,0.93,0,0,3,5
Impacted_Buildings_[#],00_00_03_05,D&G&Wp,average,60,2540.0,0.77,0,0,3,5
Impacted_Buildings_[#],00_00_03_05,D&G&Wp,average,100,2830.0,0.42,0,0,3,5
Impacted_Buildings_[#],00_00_03_05,D&Wp,average,20,720.0,0.92,0,0,3,5
Impacted_Buildings_[#],00_00_03_05,D&Wp,average,60,2620.0,0.77,0,0,3,5
Impacted_Buildings_[#],00_00_03_05,D&Wp,average,100,2860.0,0.4,0,0,3,5
Impacted_Buildings_[#],00_00_03_05,G,average,20,740.0,0.93,0,0,3,5
Impacted_Buildings_[#],00_00_03_05,G,average,60,2390.0,0.78,0,0,3,5
Impacted_Buildings_[#],00_00_03_05,G,average,100,2770.0,0.48,0,0,3,5
Impacted_Buildings_[#],00_00_03_05,G&Wp,average,20,780.0,0.92,0,0,3,5
Impacted_Buildings_[#],00_00_03_05,G&Wp,average,60,2850.0,0.76,0,0,3,5
Impacted_Buildings_[#],00_00_03_05,G&Wp,average,100,3110.0,0.39,0,0,3,5
Impacted_Buildings_[#],00_00_03_05,Wp,average,20,810.0,0.92,0,0,3,5
Impacted_Buildings_[#],00_00_03_05,Wp,average,60,3320.0,0.75,0,0,3,5
Impacted_Buildings_[#],00_00_03_05,Wp,average,100,3440.0,0.33,0,0,3,5
Impacted_Buildings_[#],00_00_03_07,D,average,20,630.0,0.93,0,0,3,7
Impacted_Buildings_[#],00_00_03_07,D,average,60,1920.0,0.81,0,0,3,7
Impacted_Buildings_[#],00_00_03_07,D,average,100,2270.0,0.58,0,0,3,7
Impacted_Buildings_[#],00_00_03_07,D&G,average,20,680.0,0.93,0,0,3,7
Impacted_Buildings_[#],00_00_03_07,D&G,average,60,2150.0,0.79,0,0,3,7
Impacted_Buildings_[#],00_00_03_07,D&G,average,100,2520.0,0.52,0,0,3,7
Impacted_Buildings_[#],00_00_03_07,D&G&Wp,average,20,730.0,0.93,0,0,3,7
Impacted_Buildings_[#],00_00_03_07,D&G&Wp,average,60,2540.0,0.77,0,0,3,7
Impacted_Buildings_[#],00_00_03_07,D&G&Wp,average,100,2830.0,0.42,0,0,3,7
Impacted_Buildings_[#],00_00_03_07,D&Wp,average,20,720.0,0.92,0,0,3,7
Impacted_Buildings_[#],00_00_03_07,D&Wp,average,60,2620.0,0.77,0,0,3,7
Impacted_Buildings_[#],00_00_03_07,D&Wp,average,100,2860.0,0.4,0,0,3,7
Impacted_Buildings_[#],00_00_03_07,G,average,20,740.0,0.93,0,0,3,7
Impacted_Buildings_[#],00_00_03_07,G,average,60,2390.0,0.78,0,0,3,7
Impacted_Buildings_[#],00_00_03_07,G,average,100,2770.0,0.48,0,0,3,7
Impacted_Buildings_[#],00_00_03_07,G&Wp,average,20,780.0,0.92,0,0,3,7
Impacted_Buildings_[#],00_00_03_07,G&Wp,average,60,2850.0,0.76,0,0,3,7
Impacted_Buildings_[#],00_00_03_07,G&Wp,average,100,3110.0,0.39,0,0,3,7
Impacted_Buildings_[#],00_00_03_07,Wp,average,20,810.0,0.92,0,0,3,7
Impacted_Buildings_[#],00_00_03_07,Wp,average,60,3320.0,0.75,0,0,3,7
Impacted_Buildings_[#],00_00_03_07,Wp,average,100,3440.0,0.33,0,0,3,7
Impacted_Buildings_[#],00_00_03_08,D,average,20,630.0,0.93,0,0,3,8
Impacted_Buildings_[#],00_00_03_08,D,average,60,1920.0,0.81,0,0,3,8
Impacted_Buildings_[#],00_00_03_08,D,average,100,2270.0,0.58,0,0,3,8
Impacted_Buildings_[#],00_00_03_08,D&G,average,20,680.0,0.93,0,0,3,8
Impacted_Buildings_[#],00_00_03_08,D&G,average,60,2150.0,0.79,0,0,3,8
Impacted_Buildings_[#],00_00_03_08,D&G,average,100,2520.0,0.52,0,0,3,8
Impacted_Buildings_[#],00_00_03_08,D&G&Wp,average,20,730.0,0.93,0,0,3,8
Impacted_Buildings_[#],00_00_03_08,D&G&Wp,average,60,2540.0,0.77,0,0,3,8
Impacted_Buildings_[#],00_00_03_08,D&G&Wp,average,100,2830.0,0.42,0,0,3,8
Impacted_Buildings_[#],00_00_03_08,D&Wp,average,20,720.0,0.92,0,0,3,8
Impacted_Buildings_[#],00_00_03_08,D&Wp,average,60,2620.0,0.77,0,0,3,8
Impacted_Buildings_[#],00_00_03_08,D&Wp,average,100,2860.0,0.4,0,0,3,8
Impacted_Buildings_[#],00_00_03_08,G,average,20,740.0,0.93,0,0,3,8
Impacted_Buildings_[#],00_00_03_08,G,average,60,2390.0,0.78,0,0,3,8
Impacted_Buildings_[#],00_00_03_08,G,average,100,2770.0,0.48,0,0,3,8
Impacted_Buildings_[#],00_00_03_08,G&Wp,average,20,780.0,0.92,0,0,3,8
Impacted_Buildings_[#],00_00_03_08,G&Wp,average,60,2850.0,0.76,0,0,3,8
Impacted_Buildings_[#],00_00_03_08,G&Wp,average,100,3110.0,0.39,0,0,3,8
Impacted_Buildings_[#],00_00_03_08,Wp,average,20,810.0,0.92,0,0,3,8
Impacted_Buildings_[#],00_00_03_08,Wp,average,60,3320.0,0.75,0,0,3,8
Impacted_Buildings_[#],00_00_03_08,Wp,average,100,3440.0,0.33,0,0,3,8
Impacted_Buildings_[#],00_00_03_09,D,average,20,630.0,0.93,0,0,3,9
Impacted_Buildings_[#],00_00_03_09,D,average,60,1920.0,0.81,0,0,3,9
Impacted_Buildings_[#],00_00_03_09,D,average,100,2270.0,0.58,0,0,3,9
Impacted_Buildings_[#],00_00_03_09,D&G,average,20,680.0,0.93,0,0,3,9
Impacted_Buildings_[#],00_00_03_09,D&G,average,60,2150.0,0.79,0,0,3,9
Impacted_Buildings_[#],00_00_03_09,D&G,average,100,2520.0,0.52,0,0,3,9
Impacted_Buildings_[#],00_00_03_09,D&G&Wp,average,20,730.0,0.93,0,0,3,9
Impacted_Buildings_[#],00_00_03_09,D&G&Wp,average,60,2540.0,0.77,0,0,3,9
Impacted_Buildings_[#],00_00_03_09,D&G&Wp,average,100,2830.0,0.42,0,0,3,9
Impacted_Buildings_[#],00_00_03_09,D&Wp,average,20,720.0,0.92,0,0,3,9
Impacted_Buildings_[#],00_00_03_09,D&Wp,average,60,2620.0,0.77,0,0,3,9
Impacted_Buildings_[#],00_00_03_09,D&Wp,average,100,2860.0,0.4,0,0,3,9
Impacted_Buildings_[#],00_00_03_09,G,average,20,740.0,0.93,0,0,3,9
Impacted_Buildings_[#],00_00_03_09,G,average,60,2390.0,0.78,0,0,3,9
Impacted_Buildings_[#],00_00_03_09,G,average,100,2770.0,0.48,0,0,3,9
Impacted_Buildings_[#],00_00_03_09,G&Wp,average,20,780.0,0.92,0,0,3,9
Impacted_Buildings_[#],00_00_03_09,G&Wp,average,60,2850.0,0.76,0,0,3,9
Impacted_Buildings_[#],00_00_03_09,G&Wp,average,100,3110.0,0.39,0,0,3,9
Impacted_Buildings_[#],00_00_03_09,Wp,average,20,810.0,0.92,0,0,3,9
Impacted_Buildings_[#],00_00_03_09,Wp,average,60,3320.0,0.75,0,0,3,9
Impacted_Buildings_[#],00_00_03_09,Wp,average,100,3440.0,0.33,0,0,3,9
Impacted_Buildings_[#],00_00_05_00,D,average,20,200.0,0.29,0,0,5,0
Impacted_Buildings_[#],00_00_05_00,D,average,60,700.0,0.29,0,0,5,0
Impacted_Buildings_[#],00_00_05_00,D,average,100,740.0,0.19,0,0,5,0
Impacted_Buildings_[#],00_00_05_00,D&G,average,20,210.0,0.28,0,0,5,0
Impacted_Buildings_[#],00_00_05_00,D&G,average,60,760.0,0.28,0,0,5,0
Impacted_Buildings_[#],00_00_05_00,D&G,average,100,800.0,0.16,0,0,5,0
Impacted_Buildings_[#],00_00_05_00,D&G&Wp,average,20,220.0,0.27,0,0,5,0
Impacted_Buildings_[#],00_00_05_00,D&G&Wp,average,60,840.0,0.25,0,0,5,0
Impacted_Buildings_[#],00_00_05_00,D&G&Wp,average,100,880.0,0.13,0,0,5,0
Impacted_Buildings_[#],00_00_05_00,D&Wp,average,20,210.0,0.27,0,0,5,0
Impacted_Buildings_[#],00_00_05_00,D&Wp,average,60,850.0,0.25,0,0,5,0
Impacted_Buildings_[#],00_00_05_00,D&Wp,average,100,890.0,0.12,0,0,5,0
Impacted_Buildings_[#],00_00_05_00,G,average,20,230.0,0.28,0,0,5,0
Impacted_Buildings_[#],00_00_05_00,G,average,60,820.0,0.27,0,0,5,0
Impacted_Buildings_[#],00_00_05_00,G,average,100,860.0,0.15,0,0,5,0
Impacted_Buildings_[#],00_00_05_00,G&Wp,average,20,230.0,0.26,0,0,5,0
Impacted_Buildings_[#],00_00_05_00,G&Wp,average,60,900.0,0.24,0,0,5,0
Impacted_Buildings_[#],00_00_05_00,G&Wp,average,100,950.0,0.12,0,0,5,0
Impacted_Buildings_[#],00_00_05_00,Wp,average,20,230.0,0.25,0,0,5,0
Impacted_Buildings_[#],00_00_05_00,Wp,average,60,990.0,0.22,0,0,5,0
Impacted_Buildings_[#],00_00_05_00,Wp,average,100,1030.0,0.1,0,0,5,0
Impacted_Buildings_[#],00_00_05_01,D,average,20,200.0,0.29,0,0,5,1
Impacted_Buildings_[#],00_00_05_01,D,average,60,700.0,0.29,0,0,5,1
Impacted_Buildings_[#],00_00_05_01,D,average,100,740.0,0.19,0,0,5,1
Impacted_Buildings_[#],00_00_05_01,D&G,average,20,210.0,0.28,0,0,5,1
Impacted_Buildings_[#],00_00_05_01,D&G,average,60,760.0,0.28,0,0,5,1
Impacted_Buildings_[#],00_00_05_01,D&G,average,100,800.0,0.16,0,0,5,1
Impacted_Buildings_[#],00_00_05_01,D&G&Wp,average,20,220.0,0.27,0,0,5,1
Impacted_Buildings_[#],00_00_05_01,D&G&Wp,average,60,840.0,0.25,0,0,5,1
Impacted_Buildings_[#],00_00_05_01,D&G&Wp,average,100,880.0,0.13,0,0,5,1
Impacted_Buildings_[#],00_00_05_01,D&Wp,average,20,210.0,0.27,0,0,5,1
Impacted_Buildings_[#],00_00_05_01,D&Wp,average,60,850.0,0.25,0,0,5,1
Impacted_Buildings_[#],00_00_05_01,D&Wp,average,100,890.0,0.12,0,0,5,1
Impacted_Buildings_[#],00_00_05_01,G,average,20,230.0,0.28,0,0,5,1
Impacted_Buildings_[#],00_00_05_01,G,average,60,820.0,0.27,0,0,5,1
Impacted_Buildings_[#],00_00_05_01,G,average,100,860.0,0.15,0,0,5,1
Impacted_Buildings_[#],00_00_05_01,G&Wp,average,20,230.0,0.26,0,0,5,1
Impacted_Buildings_[#],00_00_05_01,G&Wp,average,60,900.0,0.24,0,0,5,1
Impacted_Buildings_[#],00_00_05_01,G&Wp,average,100,950.0,0.12,0,0,5,1
Impacted_Buildings_[#],00_00_05_01,Wp,average,20,230.0,0.25,0,0,5,1
Impacted_Buildings_[#],00_00_05_01,Wp,average,60,990.0,0.22,0,0,5,1
Impacted_Buildings_[#],00_00_05_01,Wp,average,100,1030.0,0.1,0,0,5,1
Impacted_Buildings_[#],00_00_05_02,D,average,20,200.0,0.29,0,0,5,2
Impacted_Buildings_[#],00_00_05_02,D,average,60,700.0,0.29,0,0,5,2
Impacted_Buildings_[#],00_00_05_02,D,average,100,740.0,0.19,0,0,5,2
Impacted_Buildings_[#],00_00_05_02,D&G,average,20,210.0,0.28,0,0,5,2
Impacted_Buildings_[#],00_00_05_02,D&G,average,60,760.0,0.28,0,0,5,2
Impacted_Buildings_[#],00_00_05_02,D&G,average,100,800.0,0.16,0,0,5,2
Impacted_Buildings_[#],00_00_05_02,D&G&Wp,average,20,220.0,0.27,0,0,5,2
Impacted_Buildings_[#],00_00_05_02,D&G&Wp,average,60,840.0,0.25,0,0,5,2
Impacted_Buildings_[#],00_00_05_02,D&G&Wp,average,100,880.0,0.13,0,0,5,2
Impacted_Buildings_[#],00_00_05_02,D&Wp,average,20,210.0,0.27,0,0,5,2
Impacted_Buildings_[#],00_00_05_02,D&Wp,average,60,850.0,0.25,0,0,5,2
Impacted_Buildings_[#],00_00_05_02,D&Wp,average,100,890.0,0.12,0,0,5,2
Impacted_Buildings_[#],00_00_05_02,G,average,20,230.0,0.28,0,0,5,2
Impacted_Buildings_[#],00_00_05_02,G,average,60,820.0,0.27,0,0,5,2
Impacted_Buildings_[#],00_00_05_02,G,average,100,860.0,0.15,0,0,5,2
Impacted_Buildings_[#],00_00_05_02,G&Wp,average,20,230.0,0.26,0,0,5,2
Impacted_Buildings_[#],00_00_05_02,G&Wp,average,60,900.0,0.24,0,0,5,2
Impacted_Buildings_[#],00_00_05_02,G&Wp,average,100,950.0,0.12,0,0,5,2
Impacted_Buildings_[#],00_00_05_02,Wp,average,20,230.0,0.25,0,0,5,2
Impacted_Buildings_[#],00_00_05_02,Wp,average,60,990.0,0.22,0,0,5,2
Impacted_Buildings_[#],00_00_05_02,Wp,average,100,1030.0,0.1,0,0,5,2
Impacted_Buildings_[#],00_00_05_04,D,average,20,200.0,0.29,0,0,5,4
Impacted_Buildings_[#],00_00_05_04,D,average,60,700.0,0.29,0,0,5,4
Impacted_Buildings_[#],00_00_05_04,D,average,100,740.0,0.19,0,0,5,4
Impacted_Buildings_[#],00_00_05_04,D&G,average,20,210.0,0.28,0,0,5,4
Impacted_Buildings_[#],00_00_05_04,D&G,average,60,760.0,0.28,0,0,5,4
Impacted_Buildings_[#],00_00_05_04,D&G,average,100,800.0,0.16,0,0,5,4
Impacted_Buildings_[#],00_00_05_04,D&G&Wp,average,20,220.0,0.27,0,0,5,4
Impacted_Buildings_[#],00_00_05_04,D&G&Wp,average,60,840.0,0.25,0,0,5,4
Impacted_Buildings_[#],00_00_05_04,D&G&Wp,average,100,880.0,0.13,0,0,5,4
Impacted_Buildings_[#],00_00_05_04,D&Wp,average,20,210.0,0.27,0,0,5,4
Impacted_Buildings_[#],00_00_05_04,D&Wp,average,60,850.0,0.25,0,0,5,4
Impacted_Buildings_[#],00_00_05_04,D&Wp,average,100,890.0,0.12,0,0,5,4
Impacted_Buildings_[#],00_00_05_04,G,average,20,230.0,0.28,0,0,5,4
Impacted_Buildings_[#],00_00_05_04,G,average,60,820.0,0.27,0,0,5,4
Impacted_Buildings_[#],00_00_05_04,G,average,100,860.0,0.15,0,0,5,4
Impacted_Buildings_[#],00_00_05_04,G&Wp,average,20,230.0,0.26,0,0,5,4
Impacted_Buildings_[#],00_00_05_04,G&Wp,average,60,900.0,0.24,0,0,5,4
Impacted_Buildings_[#],00_00_05_04,G&Wp,average,100,950.0,0.12,0,0,5,4
Impacted_Buildings_[#],00_00_05_04,Wp,average,20,230.0,0.25,0,0,5,4
Impacted_Buildings_[#],00_00_05_04,Wp,average,60,990.0,0.22,0,0,5,4
Impacted_Buildings_[#],00_00_05_04,Wp,average,100,1030.0,0.1,0,0,5,4
Impacted_Buildings_[#],00_00_05_05,D,average,20,200.0,0.29,0,0,5,5
Impacted_Buildings_[#],00_00_05_05,D,average,60,700.0,0.29,0,0,5,5
Impacted_Buildings_[#],00_00_05_05,D,average,100,740.0,0.19,0,0,5,5
Impacted_Buildings_[#],00_00_05_05,D&G,average,20,210.0,0.28,0,0,5,5
Impacted_Buildings_[#],00_00_05_05,D&G,average,60,760.0,0.28,0,0,5,5
Impacted_Buildings_[#],00_00_05_05,D&G,average,100,800.0,0.16,0,0,5,5
Impacted_Buildings_[#],00_00_05_05,D&G&Wp,average,20,220.0,0.27,0,0,5,5
Impacted_Buildings_[#],00_00_05_05,D&G&Wp,average,60,840.0,0.25,0,0,5,5
Impacted_Buildings_[#],00_00_05_05,D&G&Wp,average,100,880.0,0.13,0,0,5,5
Impacted_Buildings_[#],00_00_05_05,D&Wp,average,20,210.0,0.27,0,0,5,5
Impacted_Buildings_[#],00_00_05_05,D&Wp,average,60,850.0,0.25,0,0,5,5
Impacted_Buildings_[#],00_00_05_05,D&Wp,average,100,890.0,0.12,0,0,5,5
Impacted_Buildings_[#],00_00_05_05,G,average,20,230.0,0.28,0,0,5,5
Impacted_Buildings_[#],00_00_05_05,G,average,60,820.0,0.27,0,0,5,5
Impacted_Buildings_[#],00_00_05_05,G,average,100,860.0,0.15,0,0,5,5
Impacted_Buildings_[#],00_00_05_05,G&Wp,average,20,230.0,0.26,0,0,5,5
Impacted_Buildings_[#],00_00_05_05,G&Wp,average,60,900.0,0.24,0,0,5,5
Impacted_Buildings_[#],00_00_05_05,G&Wp,average,100,950.0,0.12,0,0,5,5
Impacted_Buildings_[#],00_00_05_05,Wp,average,20,230.0,0.25,0,0,5,5
Impacted_Buildings_[#],00_00_05_05,Wp,average,60,990.0,0.22,0,0,5,5
Impacted_Buildings_[#],00_00_05_05,Wp,average,100,1030.0,0.1,0,0,5,5
Impacted_Buildings_[#],00_00_05_07,D,average,20,200.0,0.29,0,0,5,7
Impacted_Buildings_[#],00_00_05_07,D,average,60,700.0,0.29,0,0,5,7
Impacted_Buildings_[#],00_00_05_07,D,average,100,740.0,0.19,0,0,5,7
Impacted_Buildings_[#],00_00_05_07,D&G,average,20,210.0,0.28,0,0,5,7
Impacted_Buildings_[#],00_00_05_07,D&G,average,60,760.0,0.28,0,0,5,7
Impacted_Buildings_[#],00_00_05_07,D&G,average,100,800.0,0.16,0,0,5,7
Impacted_Buildings_[#],00_00_05_07,D&G&Wp,average,20,220.0,0.27,0,0,5,7
Impacted_Buildings_[#],00_00_05_07,D&G&Wp,average,60,840.0,0.25,0,0,5,7
Impacted_Buildings_[#],00_00_05_07,D&G&Wp,average,100,880.0,0.13,0,0,5,7
Impacted_Buildings_[#],00_00_05_07,D&Wp,average,20,210.0,0.27,0,0,5,7
Impacted_Buildings_[#],00_00_05_07,D&Wp,average,60,850.0,0.25,0,0,5,7
Impacted_Buildings_[#],00_00_05_07,D&Wp,average,100,890.0,0.12,0,0,5,7
Impacted_Buildings_[#],00_00_05_07,G,average,20,230.0,0.28,0,0,5,7
Impacted_Buildings_[#],00_00_05_07,G,average,60,820.0,0.27,0,0,5,7
Impacted_Buildings_[#],00_00_05_07,G,average,100,860.0,0.15,0,0,5,7
Impacted_Buildings_[#],00_00_05_07,G&Wp,average,20,230.0,0.26,0,0,5,7
Impacted_Buildings_[#],00_00_05_07,G&Wp,average,60,900.0,0.24,0,0,5,7
Impacted_Buildings_[#],00_00_05_07,G&Wp,average,100,950.0,0.12,0,0,5,7
Impacted_Buildings_[#],00_00_05_07,Wp,average,20,230.0,0.25,0,0,5,7
Impacted_Buildings_[#],00_00_05_07,Wp,average,60,990.0,0.22,0,0,5,7
Impacted_Buildings_[#],00_00_05_07,Wp,average,100,1030.0,0.1,0,0,5,7
Impacted_Buildings_[#],00_00_05_08,D,average,20,200.0,0.29,0,0,5,8
Impacted_Buildings_[#],00_00_05_08,D,average,60,700.0,0.29,0,0,5,8
Impacted_Buildings_[#],00_00_05_08,D,average,100,740.0,0.19,0,0,5,8
Impacted_Buildings_[#],00_00_05_08,D&G,average,20,210.0,0.28,0,0,5,8
Impacted_Buildings_[#],00_00_05_08,D&G,average,60,760.0,0.28,0,0,5,8
Impacted_Buildings_[#],00_00_05_08,D&G,average,100,800.0,0.16,0,0,5,8
Impacted_Buildings_[#],00_00_05_08,D&G&Wp,average,20,220.0,0.27,0,0,5,8
Impacted_Buildings_[#],00_00_05_08,D&G&Wp,average,60,840.0,0.25,0,0,5,8
Impacted_Buildings_[#],00_00_05_08,D&G&Wp,average,100,880.0,0.13,0,0,5,8
Impacted_Buildings_[#],00_00_05_08,D&Wp,average,20,210.0,0.27,0,0,5,8
Impacted_Buildings_[#],00_00_05_08,D&Wp,average,60,850.0,0.25,0,0,5,8
Impacted_Buildings_[#],00_00_05_08,D&Wp,average,100,890.0,0.12,0,0,5,8
Impacted_Buildings_[#],00_00_05_08,G,average,20,230.0,0.28,0,0,5,8
Impacted_Buildings_[#],00_00_05_08,G,average,60,820.0,0.27,0,0,5,8
Impacted_Buildings_[#],00_00_05_08,G,average,100,860.0,0.15,0,0,5,8
Impacted_Buildings_[#],00_00_05_08,G&Wp,average,20,230.0,0.26,0,0,5,8
Impacted_Buildings_[#],00_00_05_08,G&Wp,average,60,900.0,0.24,0,0,5,8
Impacted_Buildings_[#],00_00_05_08,G&Wp,average,100,950.0,0.12,0,0,5,8
Impacted_Buildings_[#],00_00_05_08,Wp,average,20,230.0,0.25,0,0,5,8
Impacted_Buildings_[#],00_00_05_08,Wp,average,60,990.0,0.22,0,0,5,8
Impacted_Buildings_[#],00_00_05_08,Wp,average,100,1030.0,0.1,0,0,5,8
Impacted_Buildings_[#],00_00_05_09,D,average,20,200.0,0.29,0,0,5,9
Impacted_Buildings_[#],00_00_05_09,D,average,60,700.0,0.29,0,0,5,9
Impacted_Buildings_[#],00_00_05_09,D,average,100,740.0,0.19,0,0,5,9
Impacted_Buildings_[#],00_00_05_09,D&G,average,20,210.0,0.28,0,0,5,9
Impacted_Buildings_[#],00_00_05_09,D&G,average,60,760.0,0.28,0,0,5,9
Impacted_Buildings_[#],00_00_05_09,D&G,average,100,800.0,0.16,0,0,5,9
Impacted_Buildings_[#],00_00_05_09,D&G&Wp,average,20,220.0,0.27,0,0,5,9
Impacted_Buildings_[#],00_00_05_09,D&G&Wp,average,60,840.0,0.25,0,0,5,9
Impacted_Buildings_[#],00_00_05_09,D&G&Wp,average,100,880.0,0.13,0,0,5,9
Impacted_Buildings_[#],00_00_05_09,D&Wp,average,20,210.0,0.27,0,0,5,9
Impacted_Buildings_[#],00_00_05_09,D&Wp,average,60,850.0,0.25,0,0,5,9
Impacted_Buildings_[#],00_00_05_09,D&Wp,average,100,890.0,0.12,0,0,5,9
Impacted_Buildings_[#],00_00_05_09,G,average,20,230.0,0.28,0,0,5,9
Impacted_Buildings_[#],00_00_05_09,G,average,60,820.0,0.27,0,0,5,9
Impacted_Buildings_[#],00_00_05_09,G,average,100,860.0,0.15,0,0,5,9
Impacted_Buildings_[#],00_00_05_09,G&Wp,average,20,230.0,0.26,0,0,5,9
Impacted_Buildings_[#],00_00_05_09,G&Wp,average,60,900.0,0.24,0,0,5,9
Impacted_Buildings_[#],00_00_05_09,G&Wp,average,100,950.0,0.12,0,0,5,9
Impacted_Buildings_[#],00_00_05_09,Wp,average,20,230.0,0.25,0,0,5,9
Impacted_Buildings_[#],00_00_05_09,Wp,average,60,990.0,0.22,0,0,5,9
Impacted_Buildings_[#],00_00_05_09,Wp,average,100,1030.0,0.1,0,0,5,9
Impacted_Buildings_[#],00_00_07_00,D,average,20,220.0,0.32,0,0,7,0
Impacted_Buildings_[#],00_00_07_00,D,average,60,930.0,0.39,0,0,7,0
Impacted_Buildings_[#],00_00_07_00,D,average,100,1030.0,0.26,0,0,7,0
Impacted_Buildings_[#],00_00_07_00,D&G,average,20,240.0,0.32,0,0,7,0
Impacted_Buildings_[#],00_00_07_00,D&G,average,60,990.0,0.36,0,0,7,0
Impacted_Buildings_[#],00_00_07_00,D&G,average,100,1060.0,0.22,0,0,7,0
Impacted_Buildings_[#],00_00_07_00,D&G&Wp,average,20,240.0,0.3,0,0,7,0
Impacted_Buildings_[#],00_00_07_00,D&G&Wp,average,60,1080.0,0.33,0,0,7,0
Impacted_Buildings_[#],00_00_07_00,D&G&Wp,average,100,1140.0,0.17,0,0,7,0
Impacted_Buildings_[#],00_00_07_00,D&Wp,average,20,240.0,0.3,0,0,7,0
Impacted_Buildings_[#],00_00_07_00,D&Wp,average,60,1090.0,0.32,0,0,7,0
Impacted_Buildings_[#],00_00_07_00,D&Wp,average,100,1160.0,0.16,0,0,7,0
Impacted_Buildings_[#],00_00_07_00,G,average,20,250.0,0.31,0,0,7,0
Impacted_Buildings_[#],00_00_07_00,G,average,60,1050.0,0.34,0,0,7,0
Impacted_Buildings_[#],00_00_07_00,G,average,100,1100.0,0.19,0,0,7,0
Impacted_Buildings_[#],00_00_07_00,G&Wp,average,20,250.0,0.29,0,0,7,0
Impacted_Buildings_[#],00_00_07_00,G&Wp,average,60,1150.0,0.31,0,0,7,0
Impacted_Buildings_[#],00_00_07_00,G&Wp,average,100,1200.0,0.15,0,0,7,0
Impacted_Buildings_[#],00_00_07_00,Wp,average,20,250.0,0.28,0,0,7,0
Impacted_Buildings_[#],00_00_07_00,Wp,average,60,1250.0,0.28,0,0,7,0
Impacted_Buildings_[#],00_00_07_00,Wp,average,100,1300.0,0.13,0,0,7,0
Impacted_Buildings_[#],00_00_07_01,D,average,20,220.0,0.32,0,0,7,1
Impacted_Buildings_[#],00_00_07_01,D,average,60,940.0,0.39,0,0,7,1
Impacted_Buildings_[#],00_00_07_01,D,average,100,1040.0,0.27,0,0,7,1
Impacted_Buildings_[#],00_00_07_01,D&G,average,20,240.0,0.32,0,0,7,1
Impacted_Buildings_[#],00_00_07_01,D&G,average,60,1000.0,0.37,0,0,7,1
Impacted_Buildings_[#],00_00_07_01,D&G,average,100,1070.0,0.22,0,0,7,1
Impacted_Buildings_[#],00_00_07_01,D&G&Wp,average,20,240.0,0.3,0,0,7,1
Impacted_Buildings_[#],00_00_07_01,D&G&Wp,average,60,1080.0,0.33,0,0,7,1
Impacted_Buildings_[#],00_00_07_01,D&G&Wp,average,100,1150.0,0.17,0,0,7,1
Impacted_Buildings_[#],00_00_07_01,D&Wp,average,20,240.0,0.3,0,0,7,1
Impacted_Buildings_[#],00_00_07_01,D&Wp,average,60,1090.0,0.32,0,0,7,1
Impacted_Buildings_[#],00_00_07_01,D&Wp,average,100,1170.0,0.16,0,0,7,1
Impacted_Buildings_[#],00_00_07_01,G,average,20,250.0,0.31,0,0,7,1
Impacted_Buildings_[#],00_00_07_01,G,average,60,1050.0,0.34,0,0,7,1
Impacted_Buildings_[#],00_00_07_01,G,average,100,1100.0,0.19,0,0,7,1
Impacted_Buildings_[#],00_00_07_01,G&Wp,average,20,250.0,0.29,0,0,7,1
Impacted_Buildings_[#],00_00_07_01,G&Wp,average,60,1150.0,0.31,0,0,7,1
Impacted_Buildings_[#],00_00_07_01,G&Wp,average,100,1200.0,0.15,0,0,7,1
Impacted_Buildings_[#],00_00_07_01,Wp,average,20,250.0,0.28,0,0,7,1
Impacted_Buildings_[#],00_00_07_01,Wp,average,60,1250.0,0.28,0,0,7,1
Impacted_Buildings_[#],00_00_07_01,Wp,average,100,1300.0,0.13,0,0,7,1
Impacted_Buildings_[#],00_00_07_02,D,average,20,220.0,0.32,0,0,7,2
Impacted_Buildings_[#],00_00_07_02,D,average,60,940.0,0.39,0,0,7,2
Impacted_Buildings_[#],00_00_07_02,D,average,100,1050.0,0.27,0,0,7,2
Impacted_Buildings_[#],00_00_07_02,D&G,average,20,240.0,0.31,0,0,7,2
Impacted_Buildings_[#],00_00_07_02,D&G,average,60,990.0,0.36,0,0,7,2
Impacted_Buildings_[#],00_00_07_02,D&G,average,100,1070.0,0.22,0,0,7,2
Impacted_Buildings_[#],00_00_07_02,D&G&Wp,average,20,240.0,0.3,0,0,7,2
Impacted_Buildings_[#],00_00_07_02,D&G&Wp,average,60,1080.0,0.33,0,0,7,2
Impacted_Buildings_[#],00_00_07_02,D&G&Wp,average,100,1150.0,0.17,0,0,7,2
Impacted_Buildings_[#],00_00_07_02,D&Wp,average,20,240.0,0.3,0,0,7,2
Impacted_Buildings_[#],00_00_07_02,D&Wp,average,60,1090.0,0.32,0,0,7,2
Impacted_Buildings_[#],00_00_07_02,D&Wp,average,100,1180.0,0.16,0,0,7,2
Impacted_Buildings_[#],00_00_07_02,G,average,20,250.0,0.31,0,0,7,2
Impacted_Buildings_[#],00_00_07_02,G,average,60,1050.0,0.34,0,0,7,2
Impacted_Buildings_[#],00_00_07_02,G,average,100,1100.0,0.19,0,0,7,2
Impacted_Buildings_[#],00_00_07_02,G&Wp,average,20,250.0,0.29,0,0,7,2
Impacted_Buildings_[#],00_00_07_02,G&Wp,average,60,1150.0,0.31,0,0,7,2
Impacted_Buildings_[#],00_00_07_02,G&Wp,average,100,1200.0,0.15,0,0,7,2
Impacted_Buildings_[#],00_00_07_02,Wp,average,20,250.0,0.28,0,0,7,2
Impacted_Buildings_[#],00_00_07_02,Wp,average,60,1250.0,0.28,0,0,7,2
Impacted_Buildings_[#],00_00_07_02,Wp,average,100,1300.0,0.13,0,0,7,2
Impacted_Buildings_[#],00_00_07_04,D,average,20,220.0,0.32,0,0,7,4
Impacted_Buildings_[#],00_00_07_04,D,average,60,930.0,0.39,0,0,7,4
Impacted_Buildings_[#],00_00_07_04,D,average,100,1020.0,0.26,0,0,7,4
Impacted_Buildings_[#],00_00_07_04,D&G,average,20,240.0,0.32,0,0,7,4
Impacted_Buildings_[#],00_00_07_04,D&G,average,60,990.0,0.36,0,0,7,4
Impacted_Buildings_[#],00_00_07_04,D&G,average,100,1060.0,0.22,0,0,7,4
Impacted_Buildings_[#],00_00_07_04,D&G&Wp,average,20,240.0,0.3,0,0,7,4
Impacted_Buildings_[#],00_00_07_04,D&G&Wp,average,60,1080.0,0.33,0,0,7,4
Impacted_Buildings_[#],00_00_07_04,D&G&Wp,average,100,1140.0,0.17,0,0,7,4
Impacted_Buildings_[#],00_00_07_04,D&Wp,average,20,240.0,0.3,0,0,7,4
Impacted_Buildings_[#],00_00_07_04,D&Wp,average,60,1090.0,0.32,0,0,7,4
Impacted_Buildings_[#],00_00_07_04,D&Wp,average,100,1160.0,0.16,0,0,7,4
Impacted_Buildings_[#],00_00_07_04,G,average,20,250.0,0.31,0,0,7,4
Impacted_Buildings_[#],00_00_07_04,G,average,60,1050.0,0.34,0,0,7,4
Impacted_Buildings_[#],00_00_07_04,G,average,100,1100.0,0.19,0,0,7,4
Impacted_Buildings_[#],00_00_07_04,G&Wp,average,20,250.0,0.29,0,0,7,4
Impacted_Buildings_[#],00_00_07_04,G&Wp,average,60,1150.0,0.31,0,0,7,4
Impacted_Buildings_[#],00_00_07_04,G&Wp,average,100,1200.0,0.15,0,0,7,4
Impacted_Buildings_[#],00_00_07_04,Wp,average,20,250.0,0.28,0,0,7,4
Impacted_Buildings_[#],00_00_07_04,Wp,average,60,1250.0,0.28,0,0,7,4
Impacted_Buildings_[#],00_00_07_04,Wp,average,100,1310.0,0.13,0,0,7,4
Impacted_Buildings_[#],00_00_07_05,D,average,20,220.0,0.32,0,0,7,5
Impacted_Buildings_[#],00_00_07_05,D,average,60,930.0,0.39,0,0,7,5
Impacted_Buildings_[#],00_00_07_05,D,average,100,1020.0,0.26,0,0,7,5
Impacted_Buildings_[#],00_00_07_05,D&G,average,20,240.0,0.32,0,0,7,5
Impacted_Buildings_[#],00_00_07_05,D&G,average,60,990.0,0.37,0,0,7,5
Impacted_Buildings_[#],00_00_07_05,D&G,average,100,1060.0,0.22,0,0,7,5
Impacted_Buildings_[#],00_00_07_05,D&G&Wp,average,20,240.0,0.3,0,0,7,5
Impacted_Buildings_[#],00_00_07_05,D&G&Wp,average,60,1080.0,0.33,0,0,7,5
Impacted_Buildings_[#],00_00_07_05,D&G&Wp,average,100,1140.0,0.17,0,0,7,5
Impacted_Buildings_[#],00_00_07_05,D&Wp,average,20,240.0,0.3,0,0,7,5
Impacted_Buildings_[#],00_00_07_05,D&Wp,average,60,1090.0,0.32,0,0,7,5
Impacted_Buildings_[#],00_00_07_05,D&Wp,average,100,1160.0,0.16,0,0,7,5
Impacted_Buildings_[#],00_00_07_05,G,average,20,250.0,0.31,0,0,7,5
Impacted_Buildings_[#],00_00_07_05,G,average,60,1060.0,0.34,0,0,7,5
Impacted_Buildings_[#],00_00_07_05,G,average,100,1100.0,0.19,0,0,7,5
Impacted_Buildings_[#],00_00_07_05,G&Wp,average,20,250.0,0.29,0,0,7,5
Impacted_Buildings_[#],00_00_07_05,G&Wp,average,60,1150.0,0.31,0,0,7,5
Impacted_Buildings_[#],00_00_07_05,G&Wp,average,100,1200.0,0.15,0,0,7,5
Impacted_Buildings_[#],00_00_07_05,Wp,average,20,250.0,0.28,0,0,7,5
Impacted_Buildings_[#],00_00_07_05,Wp,average,60,1250.0,0.28,0,0,7,5
Impacted_Buildings_[#],00_00_07_05,Wp,average,100,1300.0,0.13,0,0,7,5
Impacted_Buildings_[#],00_00_07_07,D,average,20,220.0,0.32,0,0,7,7
Impacted_Buildings_[#],00_00_07_07,D,average,60,930.0,0.39,0,0,7,7
Impacted_Buildings_[#],00_00_07_07,D,average,100,1030.0,0.26,0,0,7,7
Impacted_Buildings_[#],00_00_07_07,D&G,average,20,240.0,0.31,0,0,7,7
Impacted_Buildings_[#],00_00_07_07,D&G,average,60,990.0,0.36,0,0,7,7
Impacted_Buildings_[#],00_00_07_07,D&G,average,100,1070.0,0.22,0,0,7,7
Impacted_Buildings_[#],00_00_07_07,D&G&Wp,average,20,240.0,0.3,0,0,7,7
Impacted_Buildings_[#],00_00_07_07,D&G&Wp,average,60,1080.0,0.33,0,0,7,7
Impacted_Buildings_[#],00_00_07_07,D&G&Wp,average,100,1150.0,0.17,0,0,7,7
Impacted_Buildings_[#],00_00_07_07,D&Wp,average,20,240.0,0.3,0,0,7,7
Impacted_Buildings_[#],00_00_07_07,D&Wp,average,60,1090.0,0.32,0,0,7,7
Impacted_Buildings_[#],00_00_07_07,D&Wp,average,100,1170.0,0.16,0,0,7,7
Impacted_Buildings_[#],00_00_07_07,G,average,20,250.0,0.31,0,0,7,7
Impacted_Buildings_[#],00_00_07_07,G,average,60,1050.0,0.34,0,0,7,7
Impacted_Buildings_[#],00_00_07_07,G,average,100,1100.0,0.19,0,0,7,7
Impacted_Buildings_[#],00_00_07_07,G&Wp,average,20,250.0,0.29,0,0,7,7
Impacted_Buildings_[#],00_00_07_07,G&Wp,average,60,1150.0,0.31,0,0,7,7
Impacted_Buildings_[#],00_00_07_07,G&Wp,average,100,1200.0,0.15,0,0,7,7
Impacted_Buildings_[#],00_00_07_07,Wp,average,20,250.0,0.28,0,0,7,7
Impacted_Buildings_[#],00_00_07_07,Wp,average,60,1250.0,0.28,0,0,7,7
Impacted_Buildings_[#],00_00_07_07,Wp,average,100,1310.0,0.13,0,0,7,7
Impacted_Buildings_[#],00_00_07_08,D,average,20,220.0,0.32,0,0,7,8
Impacted_Buildings_[#],00_00_07_08,D,average,60,940.0,0.39,0,0,7,8
Impacted_Buildings_[#],00_00_07_08,D,average,100,1050.0,0.27,0,0,7,8
Impacted_Buildings_[#],00_00_07_08,D&G,average,20,240.0,0.31,0,0,7,8
Impacted_Buildings_[#],00_00_07_08,D&G,average,60,990.0,0.37,0,0,7,8
Impacted_Buildings_[#],00_00_07_08,D&G,average,100,1070.0,0.22,0,0,7,8
Impacted_Buildings_[#],00_00_07_08,D&G&Wp,average,20,240.0,0.3,0,0,7,8
Impacted_Buildings_[#],00_00_07_08,D&G&Wp,average,60,1080.0,0.33,0,0,7,8
Impacted_Buildings_[#],00_00_07_08,D&G&Wp,average,100,1150.0,0.17,0,0,7,8
Impacted_Buildings_[#],00_00_07_08,D&Wp,average,20,240.0,0.3,0,0,7,8
Impacted_Buildings_[#],00_00_07_08,D&Wp,average,60,1100.0,0.32,0,0,7,8
Impacted_Buildings_[#],00_00_07_08,D&Wp,average,100,1180.0,0.16,0,0,7,8
Impacted_Buildings_[#],00_00_07_08,G,average,20,250.0,0.31,0,0,7,8
Impacted_Buildings_[#],00_00_07_08,G,average,60,1050.0,0.34,0,0,7,8
Impacted_Buildings_[#],00_00_07_08,G,average,100,1100.0,0.19,0,0,7,8
Impacted_Buildings_[#],00_00_07_08,G&Wp,average,20,250.0,0.29,0,0,7,8
Impacted_Buildings_[#],00_00_07_08,G&Wp,average,60,1150.0,0.31,0,0,7,8
Impacted_Buildings_[#],00_00_07_08,G&Wp,average,100,1210.0,0.15,0,0,7,8
Impacted_Buildings_[#],00_00_07_08,Wp,average,20,250.0,0.28,0,0,7,8
Impacted_Buildings_[#],00_00_07_08,Wp,average,60,1260.0,0.28,0,0,7,8
Impacted_Buildings_[#],00_00_07_08,Wp,average,100,1310.0,0.13,0,0,7,8
Impacted_Buildings_[#],00_00_07_09,D,average,20,220.0,0.32,0,0,7,9
Impacted_Buildings_[#],00_00_07_09,D,average,60,930.0,0.39,0,0,7,9
Impacted_Buildings_[#],00_00_07_09,D,average,100,1030.0,0.26,0,0,7,9
Impacted_Buildings_[#],00_00_07_09,D&G,average,20,240.0,0.32,0,0,7,9
Impacted_Buildings_[#],00_00_07_09,D&G,average,60,990.0,0.36,0,0,7,9
Impacted_Buildings_[#],00_00_07_09,D&G,average,100,1060.0,0.22,0,0,7,9
Impacted_Buildings_[#],00_00_07_09,D&G&Wp,average,20,240.0,0.3,0,0,7,9
Impacted_Buildings_[#],00_00_07_09,D&G&Wp,average,60,1080.0,0.33,0,0,7,9
Impacted_Buildings_[#],00_00_07_09,D&G&Wp,average,100,1140.0,0.17,0,0,7,9
Impacted_Buildings_[#],00_00_07_09,D&Wp,average,20,240.0,0.3,0,0,7,9
Impacted_Buildings_[#],00_00_07_09,D&Wp,average,60,1090.0,0.32,0,0,7,9
Impacted_Buildings_[#],00_00_07_09,D&Wp,average,100,1170.0,0.16,0,0,7,9
Impacted_Buildings_[#],00_00_07_09,G,average,20,250.0,0.31,0,0,7,9
Impacted_Buildings_[#],00_00_07_09,G,average,60,1050.0,0.34,0,0,7,9
Impacted_Buildings_[#],00_00_07_09,G,average,100,1100.0,0.19,0,0,7,9
Impacted_Buildings_[#],00_00_07_09,G&Wp,average,20,250.0,0.29,0,0,7,9
Impacted_Buildings_[#],00_00_07_09,G&Wp,average,60,1150.0,0.31,0,0,7,9
Impacted_Buildings_[#],00_00_07_09,G&Wp,average,100,1200.0,0.15,0,0,7,9
Impacted_Buildings_[#],00_00_07_09,Wp,average,20,250.0,0.28,0,0,7,9
Impacted_Buildings_[#],00_00_07_09,Wp,average,60,1250.0,0.28,0,0,7,9
Impacted_Buildings_[#],00_00_07_09,Wp,average,100,1300.0,0.13,0,0,7,9
Impacted_Buildings_[#],00_00_09_00,D,average,20,200.0,0.29,0,0,9,0
Impacted_Buildings_[#],00_00_09_00,D,average,60,660.0,0.28,0,0,9,0
Impacted_Buildings_[#],00_00_09_00,D,average,100,660.0,0.17,0,0,9,0
Impacted_Buildings_[#],00_00_09_00,D&G,average,20,210.0,0.28,0,0,9,0
Impacted_Buildings_[#],00_00_09_00,D&G,average,60,710.0,0.26,0,0,9,0
Impacted_Buildings_[#],00_00_09_00,D&G,average,100,710.0,0.15,0,0,9,0
Impacted_Buildings_[#],00_00_09_00,D&G&Wp,average,20,220.0,0.27,0,0,9,0
Impacted_Buildings_[#],00_00_09_00,D&G&Wp,average,60,780.0,0.24,0,0,9,0
Impacted_Buildings_[#],00_00_09_00,D&G&Wp,average,100,800.0,0.12,0,0,9,0
Impacted_Buildings_[#],00_00_09_00,D&Wp,average,20,210.0,0.27,0,0,9,0
Impacted_Buildings_[#],00_00_09_00,D&Wp,average,60,790.0,0.23,0,0,9,0
Impacted_Buildings_[#],00_00_09_00,D&Wp,average,100,810.0,0.11,0,0,9,0
Impacted_Buildings_[#],00_00_09_00,G,average,20,230.0,0.28,0,0,9,0
Impacted_Buildings_[#],00_00_09_00,G,average,60,770.0,0.25,0,0,9,0
Impacted_Buildings_[#],00_00_09_00,G,average,100,770.0,0.13,0,0,9,0
Impacted_Buildings_[#],00_00_09_00,G&Wp,average,20,230.0,0.26,0,0,9,0
Impacted_Buildings_[#],00_00_09_00,G&Wp,average,60,850.0,0.23,0,0,9,0
Impacted_Buildings_[#],00_00_09_00,G&Wp,average,100,870.0,0.11,0,0,9,0
Impacted_Buildings_[#],00_00_09_00,Wp,average,20,230.0,0.25,0,0,9,0
Impacted_Buildings_[#],00_00_09_00,Wp,average,60,920.0,0.21,0,0,9,0
Impacted_Buildings_[#],00_00_09_00,Wp,average,100,960.0,0.09,0,0,9,0
Impacted_Buildings_[#],00_00_09_01,D,average,20,200.0,0.29,0,0,9,1
Impacted_Buildings_[#],00_00_09_01,D,average,60,660.0,0.28,0,0,9,1
Impacted_Buildings_[#],00_00_09_01,D,average,100,660.0,0.17,0,0,9,1
Impacted_Buildings_[#],00_00_09_01,D&G,average,20,210.0,0.28,0,0,9,1
Impacted_Buildings_[#],00_00_09_01,D&G,average,60,710.0,0.26,0,0,9,1
Impacted_Buildings_[#],00_00_09_01,D&G,average,100,710.0,0.15,0,0,9,1
Impacted_Buildings_[#],00_00_09_01,D&G&Wp,average,20,220.0,0.27,0,0,9,1
Impacted_Buildings_[#],00_00_09_01,D&G&Wp,average,60,780.0,0.24,0,0,9,1
Impacted_Buildings_[#],00_00_09_01,D&G&Wp,average,100,800.0,0.12,0,0,9,1
Impacted_Buildings_[#],00_00_09_01,D&Wp,average,20,210.0,0.27,0,0,9,1
Impacted_Buildings_[#],00_00_09_01,D&Wp,average,60,790.0,0.23,0,0,9,1
Impacted_Buildings_[#],00_00_09_01,D&Wp,average,100,810.0,0.11,0,0,9,1
Impacted_Buildings_[#],00_00_09_01,G,average,20,230.0,0.28,0,0,9,1
Impacted_Buildings_[#],00_00_09_01,G,average,60,770.0,0.25,0,0,9,1
Impacted_Buildings_[#],00_00_09_01,G,average,100,770.0,0.13,0,0,9,1
Impacted_Buildings_[#],00_00_09_01,G&Wp,average,20,230.0,0.26,0,0,9,1
Impacted_Buildings_[#],00_00_09_01,G&Wp,average,60,850.0,0.23,0,0,9,1
Impacted_Buildings_[#],00_00_09_01,G&Wp,average,100,870.0,0.11,0,0,9,1
Impacted_Buildings_[#],00_00_09_01,Wp,average,20,230.0,0.25,0,0,9,1
Impacted_Buildings_[#],00_00_09_01,Wp,average,60,920.0,0.21,0,0,9,1
Impacted_Buildings_[#],00_00_09_01,Wp,average,100,960.0,0.09,0,0,9,1
Impacted_Buildings_[#],00_00_09_02,D,average,20,200.0,0.29,0,0,9,2
Impacted_Buildings_[#],00_00_09_02,D,average,60,660.0,0.28,0,0,9,2
Impacted_Buildings_[#],00_00_09_02,D,average,100,660.0,0.17,0,0,9,2
Impacted_Buildings_[#],00_00_09_02,D&G,average,20,210.0,0.28,0,0,9,2
Impacted_Buildings_[#],00_00_09_02,D&G,average,60,710.0,0.26,0,0,9,2
Impacted_Buildings_[#],00_00_09_02,D&G,average,100,710.0,0.15,0,0,9,2
Impacted_Buildings_[#],00_00_09_02,D&G&Wp,average,20,220.0,0.27,0,0,9,2
Impacted_Buildings_[#],00_00_09_02,D&G&Wp,average,60,780.0,0.24,0,0,9,2
Impacted_Buildings_[#],00_00_09_02,D&G&Wp,average,100,800.0,0.12,0,0,9,2
Impacted_Buildings_[#],00_00_09_02,D&Wp,average,20,210.0,0.27,0,0,9,2
Impacted_Buildings_[#],00_00_09_02,D&Wp,average,60,790.0,0.23,0,0,9,2
Impacted_Buildings_[#],00_00_09_02,D&Wp,average,100,810.0,0.11,0,0,9,2
Impacted_Buildings_[#],00_00_09_02,G,average,20,230.0,0.28,0,0,9,2
Impacted_Buildings_[#],00_00_09_02,G,average,60,770.0,0.25,0,0,9,2
Impacted_Buildings_[#],00_00_09_02,G,average,100,770.0,0.13,0,0,9,2
Impacted_Buildings_[#],00_00_09_02,G&Wp,average,20,230.0,0.26,0,0,9,2
Impacted_Buildings_[#],00_00_09_02,G&Wp,average,60,850.0,0.23,0,0,9,2
Impacted_Buildings_[#],00_00_09_02,G&Wp,average,100,870.0,0.11,0,0,9,2
Impacted_Buildings_[#],00_00_09_02,Wp,average,20,230.0,0.25,0,0,9,2
Impacted_Buildings_[#],00_00_09_02,Wp,average,60,920.0,0.21,0,0,9,2
Impacted_Buildings_[#],00_00_09_02,Wp,average,100,960.0,0.09,0,0,9,2
Impacted_Buildings_[#],00_00_09_04,D,average,20,200.0,0.29,0,0,9,4
Impacted_Buildings_[#],00_00_09_04,D,average,60,660.0,0.28,0,0,9,4
Impacted_Buildings_[#],00_00_09_04,D,average,100,660.0,0.17,0,0,9,4
Impacted_Buildings_[#],00_00_09_04,D&G,average,20,210.0,0.28,0,0,9,4
Impacted_Buildings_[#],00_00_09_04,D&G,average,60,710.0,0.26,0,0,9,4
Impacted_Buildings_[#],00_00_09_04,D&G,average,100,710.0,0.15,0,0,9,4
Impacted_Buildings_[#],00_00_09_04,D&G&Wp,average,20,220.0,0.27,0,0,9,4
Impacted_Buildings_[#],00_00_09_04,D&G&Wp,average,60,780.0,0.24,0,0,9,4
Impacted_Buildings_[#],00_00_09_04,D&G&Wp,average,100,800.0,0.12,0,0,9,4
Impacted_Buildings_[#],00_00_09_04,D&Wp,average,20,210.0,0.27,0,0,9,4
Impacted_Buildings_[#],00_00_09_04,D&Wp,average,60,790.0,0.23,0,0,9,4
Impacted_Buildings_[#],00_00_09_04,D&Wp,average,100,810.0,0.11,0,0,9,4
Impacted_Buildings_[#],00_00_09_04,G,average,20,230.0,0.28,0,0,9,4
Impacted_Buildings_[#],00_00_09_04,G,average,60,770.0,0.25,0,0,9,4
Impacted_Buildings_[#],00_00_09_04,G,average,100,770.0,0.13,0,0,9,4
Impacted_Buildings_[#],00_00_09_04,G&Wp,average,20,230.0,0.26,0,0,9,4
Impacted_Buildings_[#],00_00_09_04,G&Wp,average,60,850.0,0.23,0,0,9,4
Impacted_Buildings_[#],00_00_09_04,G&Wp,average,100,870.0,0.11,0,0,9,4
Impacted_Buildings_[#],00_00_09_04,Wp,average,20,230.0,0.25,0,0,9,4
Impacted_Buildings_[#],00_00_09_04,Wp,average,60,920.0,0.21,0,0,9,4
Impacted_Buildings_[#],00_00_09_04,Wp,average,100,960.0,0.09,0,0,9,4
Impacted_Buildings_[#],00_00_09_05,D,average,20,200.0,0.29,0,0,9,5
Impacted_Buildings_[#],00_00_09_05,D,average,60,660.0,0.28,0,0,9,5
Impacted_Buildings_[#],00_00_09_05,D,average,100,660.0,0.17,0,0,9,5
Impacted_Buildings_[#],00_00_09_05,D&G,average,20,210.0,0.28,0,0,9,5
Impacted_Buildings_[#],00_00_09_05,D&G,average,60,710.0,0.26,0,0,9,5
Impacted_Buildings_[#],00_00_09_05,D&G,average,100,710.0,0.15,0,0,9,5
Impacted_Buildings_[#],00_00_09_05,D&G&Wp,average,20,220.0,0.27,0,0,9,5
Impacted_Buildings_[#],00_00_09_05,D&G&Wp,average,60,780.0,0.24,0,0,9,5
Impacted_Buildings_[#],00_00_09_05,D&G&Wp,average,100,800.0,0.12,0,0,9,5
Impacted_Buildings_[#],00_00_09_05,D&Wp,average,20,210.0,0.27,0,0,9,5
Impacted_Buildings_[#],00_00_09_05,D&Wp,average,60,790.0,0.23,0,0,9,5
Impacted_Buildings_[#],00_00_09_05,D&Wp,average,100,810.0,0.11,0,0,9,5
Impacted_Buildings_[#],00_00_09_05,G,average,20,230.0,0.28,0,0,9,5
Impacted_Buildings_[#],00_00_09_05,G,average,60,770.0,0.25,0,0,9,5
Impacted_Buildings_[#],00_00_09_05,G,average,100,770.0,0.13,0,0,9,5
Impacted_Buildings_[#],00_00_09_05,G&Wp,average,20,230.0,0.26,0,0,9,5
Impacted_Buildings_[#],00_00_09_05,G&Wp,average,60,850.0,0.23,0,0,9,5
Impacted_Buildings_[#],00_00_09_05,G&Wp,average,100,870.0,0.11,0,0,9,5
Impacted_Buildings_[#],00_00_09_05,Wp,average,20,230.0,0.25,0,0,9,5
Impacted_Buildings_[#],00_00_09_05,Wp,average,60,920.0,0.21,0,0,9,5
Impacted_Buildings_[#],00_00_09_05,Wp,average,100,960.0,0.09,0,0,9,5
Impacted_Buildings_[#],00_00_09_07,D,average,20,200.0,0.29,0,0,9,7
Impacted_Buildings_[#],00_00_09_07,D,average,60,660.0,0.28,0,0,9,7
Impacted_Buildings_[#],00_00_09_07,D,average,100,660.0,0.17,0,0,9,7
Impacted_Buildings_[#],00_00_09_07,D&G,average,20,210.0,0.28,0,0,9,7
Impacted_Buildings_[#],00_00_09_07,D&G,average,60,710.0,0.26,0,0,9,7
Impacted_Buildings_[#],00_00_09_07,D&G,average,100,710.0,0.15,0,0,9,7
Impacted_Buildings_[#],00_00_09_07,D&G&Wp,average,20,220.0,0.27,0,0,9,7
Impacted_Buildings_[#],00_00_09_07,D&G&Wp,average,60,780.0,0.24,0,0,9,7
Impacted_Buildings_[#],00_00_09_07,D&G&Wp,average,100,800.0,0.12,0,0,9,7
Impacted_Buildings_[#],00_00_09_07,D&Wp,average,20,210.0,0.27,0,0,9,7
Impacted_Buildings_[#],00_00_09_07,D&Wp,average,60,790.0,0.23,0,0,9,7
Impacted_Buildings_[#],00_00_09_07,D&Wp,average,100,810.0,0.11,0,0,9,7
Impacted_Buildings_[#],00_00_09_07,G,average,20,230.0,0.28,0,0,9,7
Impacted_Buildings_[#],00_00_09_07,G,average,60,770.0,0.25,0,0,9,7
Impacted_Buildings_[#],00_00_09_07,G,average,100,770.0,0.13,0,0,9,7
Impacted_Buildings_[#],00_00_09_07,G&Wp,average,20,230.0,0.26,0,0,9,7
Impacted_Buildings_[#],00_00_09_07,G&Wp,average,60,850.0,0.23,0,0,9,7
Impacted_Buildings_[#],00_00_09_07,G&Wp,average,100,870.0,0.11,0,0,9,7
Impacted_Buildings_[#],00_00_09_07,Wp,average,20,230.0,0.25,0,0,9,7
Impacted_Buildings_[#],00_00_09_07,Wp,average,60,920.0,0.21,0,0,9,7
Impacted_Buildings_[#],00_00_09_07,Wp,average,100,960.0,0.09,0,0,9,7
Impacted_Buildings_[#],00_00_09_08,D,average,20,200.0,0.29,0,0,9,8
Impacted_Buildings_[#],00_00_09_08,D,average,60,660.0,0.28,0,0,9,8
Impacted_Buildings_[#],00_00_09_08,D,average,100,660.0,0.17,0,0,9,8
Impacted_Buildings_[#],00_00_09_08,D&G,average,20,210.0,0.28,0,0,9,8
Impacted_Buildings_[#],00_00_09_08,D&G,average,60,710.0,0.26,0,0,9,8
Impacted_Buildings_[#],00_00_09_08,D&G,average,100,710.0,0.15,0,0,9,8
Impacted_Buildings_[#],00_00_09_08,D&G&Wp,average,20,220.0,0.27,0,0,9,8
Impacted_Buildings_[#],00_00_09_08,D&G&Wp,average,60,780.0,0.24,0,0,9,8
Impacted_Buildings_[#],00_00_09_08,D&G&Wp,average,100,800.0,0.12,0,0,9,8
Impacted_Buildings_[#],00_00_09_08,D&Wp,average,20,210.0,0.27,0,0,9,8
Impacted_Buildings_[#],00_00_09_08,D&Wp,average,60,790.0,0.23,0,0,9,8
Impacted_Buildings_[#],00_00_09_08,D&Wp,average,100,810.0,0.11,0,0,9,8
Impacted_Buildings_[#],00_00_09_08,G,average,20,230.0,0.28,0,0,9,8
Impacted_Buildings_[#],00_00_09_08,G,average,60,770.0,0.25,0,0,9,8
Impacted_Buildings_[#],00_00_09_08,G,average,100,770.0,0.13,0,0,9,8
Impacted_Buildings_[#],00_00_09_08,G&Wp,average,20,230.0,0.26,0,0,9,8
Impacted_Buildings_[#],00_00_09_08,G&Wp,average,60,850.0,0.23,0,0,9,8
Impacted_Buildings_[#],00_00_09_08,G&Wp,average,100,870.0,0.11,0,0,9,8
Impacted_Buildings_[#],00_00_09_08,Wp,average,20,230.0,0.25,0,0,9,8
Impacted_Buildings_[#],00_00_09_08,Wp,average,60,920.0,0.21,0,0,9,8
Impacted_Buildings_[#],00_00_09_08,Wp,average,100,960.0,0.09,0,0,9,8
Impacted_Buildings_[#],00_00_09_09,D,average,20,200.0,0.29,0,0,9,9
Impacted_Buildings_[#],00_00_09_09,D,average,60,660.0,0.28,0,0,9,9
Impacted_Buildings_[#],00_00_09_09,D,average,100,660.0,0.17,0,0,9,9
Impacted_Buildings_[#],00_00_09_09,D&G,average,20,210.0,0.28,0,0,9,9
Impacted_Buildings_[#],00_00_09_09,D&G,average,60,710.0,0.26,0,0,9,9
Impacted_Buildings_[#],00_00_09_09,D&G,average,100,710.0,0.15,0,0,9,9
Impacted_Buildings_[#],00_00_09_09,D&G&Wp,average,20,220.0,0.27,0,0,9,9
Impacted_Buildings_[#],00_00_09_09,D&G&Wp,average,60,780.0,0.24,0,0,9,9
Impacted_Buildings_[#],00_00_09_09,D&G&Wp,average,100,800.0,0.12,0,0,9,9
Impacted_Buildings_[#],00_00_09_09,D&Wp,average,20,210.0,0.27,0,0,9,9
Impacted_Buildings_[#],00_00_09_09,D&Wp,average,60,790.0,0.23,0,0,9,9
Impacted_Buildings_[#],00_00_09_09,D&Wp,average,100,810.0,0.11,0,0,9,9
Impacted_Buildings_[#],00_00_09_09,G,average,20,230.0,0.28,0,0,9,9
Impacted_Buildings_[#],00_00_09_09,G,average,60,770.0,0.25,0,0,9,9
Impacted_Buildings_[#],00_00_09_09,G,average,100,770.0,0.13,0,0,9,9
Impacted_Buildings_[#],00_00_09_09,G&Wp,average,20,230.0,0.26,0,0,9,9
Impacted_Buildings_[#],00_00_09_09,G&Wp,average,60,850.0,0.23,0,0,9,9
Impacted_Buildings_[#],00_00_09_09,G&Wp,average,100,870.0,0.11,0,0,9,9
Impacted_Buildings_[#],00_00_09_09,Wp,average,20,230.0,0.25,0,0,9,9
Impacted_Buildings_[#],00_00_09_09,Wp,average,60,920.0,0.21,0,0,9,9
Impacted_Buildings_[#],00_00_09_09,Wp,average,100,960.0,0.09,0,0,9,9
Impacted_Buildings_[#],00_00_11_00,D,average,20,670.0,1.0,0,0,11,0
Impacted_Buildings_[#],00_00_11_00,D,average,60,2130.0,0.9,0,0,11,0
Impacted_Buildings_[#],00_00_11_00,D,average,100,3020.0,0.77,0,0,11,0
Impacted_Buildings_[#],00_00_11_00,D&G,average,20,740.0,1.0,0,0,11,0
Impacted_Buildings_[#],00_00_11_00,D&G,average,60,2400.0,0.88,0,0,11,0
Impacted_Buildings_[#],00_00_11_00,D&G,average,100,3290.0,0.68,0,0,11,0
Impacted_Buildings_[#],00_00_11_00,D&G&Wp,average,20,780.0,1.0,0,0,11,0
Impacted_Buildings_[#],00_00_11_00,D&G&Wp,average,60,2850.0,0.87,0,0,11,0
Impacted_Buildings_[#],00_00_11_00,D&G&Wp,average,100,3850.0,0.58,0,0,11,0
Impacted_Buildings_[#],00_00_11_00,D&Wp,average,20,780.0,1.0,0,0,11,0
Impacted_Buildings_[#],00_00_11_00,D&Wp,average,60,2950.0,0.87,0,0,11,0
Impacted_Buildings_[#],00_00_11_00,D&Wp,average,100,3990.0,0.56,0,0,11,0
Impacted_Buildings_[#],00_00_11_00,G,average,20,800.0,1.0,0,0,11,0
Impacted_Buildings_[#],00_00_11_00,G,average,60,2660.0,0.87,0,0,11,0
Impacted_Buildings_[#],00_00_11_00,G,average,100,3560.0,0.61,0,0,11,0
Impacted_Buildings_[#],00_00_11_00,G&Wp,average,20,840.0,1.0,0,0,11,0
Impacted_Buildings_[#],00_00_11_00,G&Wp,average,60,3220.0,0.86,0,0,11,0
Impacted_Buildings_[#],00_00_11_00,G&Wp,average,100,4260.0,0.53,0,0,11,0
Impacted_Buildings_[#],00_00_11_00,Wp,average,20,880.0,1.0,0,0,11,0
Impacted_Buildings_[#],00_00_11_00,Wp,average,60,3770.0,0.85,0,0,11,0
Impacted_Buildings_[#],00_00_11_00,Wp,average,100,4950.0,0.48,0,0,11,0
Impacted_Buildings_[#],00_00_11_01,D,average,20,670.0,1.0,0,0,11,1
Impacted_Buildings_[#],00_00_11_01,D,average,60,2130.0,0.9,0,0,11,1
Impacted_Buildings_[#],00_00_11_01,D,average,100,3020.0,0.77,0,0,11,1
Impacted_Buildings_[#],00_00_11_01,D&G,average,20,740.0,1.0,0,0,11,1
Impacted_Buildings_[#],00_00_11_01,D&G,average,60,2400.0,0.88,0,0,11,1
Impacted_Buildings_[#],00_00_11_01,D&G,average,100,3290.0,0.68,0,0,11,1
Impacted_Buildings_[#],00_00_11_01,D&G&Wp,average,20,780.0,1.0,0,0,11,1
Impacted_Buildings_[#],00_00_11_01,D&G&Wp,average,60,2850.0,0.87,0,0,11,1
Impacted_Buildings_[#],00_00_11_01,D&G&Wp,average,100,3850.0,0.58,0,0,11,1
Impacted_Buildings_[#],00_00_11_01,D&Wp,average,20,780.0,1.0,0,0,11,1
Impacted_Buildings_[#],00_00_11_01,D&Wp,average,60,2950.0,0.87,0,0,11,1
Impacted_Buildings_[#],00_00_11_01,D&Wp,average,100,3990.0,0.56,0,0,11,1
Impacted_Buildings_[#],00_00_11_01,G,average,20,800.0,1.0,0,0,11,1
Impacted_Buildings_[#],00_00_11_01,G,average,60,2660.0,0.87,0,0,11,1
Impacted_Buildings_[#],00_00_11_01,G,average,100,3560.0,0.61,0,0,11,1
Impacted_Buildings_[#],00_00_11_01,G&Wp,average,20,840.0,1.0,0,0,11,1
Impacted_Buildings_[#],00_00_11_01,G&Wp,average,60,3220.0,0.86,0,0,11,1
Impacted_Buildings_[#],00_00_11_01,G&Wp,average,100,4260.0,0.53,0,0,11,1
Impacted_Buildings_[#],00_00_11_01,Wp,average,20,880.0,1.0,0,0,11,1
Impacted_Buildings_[#],00_00_11_01,Wp,average,60,3770.0,0.85,0,0,11,1
Impacted_Buildings_[#],00_00_11_01,Wp,average,100,4950.0,0.48,0,0,11,1
Impacted_Buildings_[#],00_00_11_02,D,average,20,670.0,1.0,0,0,11,2
Impacted_Buildings_[#],00_00_11_02,D,average,60,2130.0,0.9,0,0,11,2
Impacted_Buildings_[#],00_00_11_02,D,average,100,3020.0,0.77,0,0,11,2
Impacted_Buildings_[#],00_00_11_02,D&G,average,20,740.0,1.0,0,0,11,2
Impacted_Buildings_[#],00_00_11_02,D&G,average,60,2400.0,0.88,0,0,11,2
Impacted_Buildings_[#],00_00_11_02,D&G,average,100,3290.0,0.68,0,0,11,2
Impacted_Buildings_[#],00_00_11_02,D&G&Wp,average,20,780.0,1.0,0,0,11,2
Impacted_Buildings_[#],00_00_11_02,D&G&Wp,average,60,2850.0,0.87,0,0,11,2
Impacted_Buildings_[#],00_00_11_02,D&G&Wp,average,100,3850.0,0.58,0,0,11,2
Impacted_Buildings_[#],00_00_11_02,D&Wp,average,20,780.0,1.0,0,0,11,2
Impacted_Buildings_[#],00_00_11_02,D&Wp,average,60,2950.0,0.87,0,0,11,2
Impacted_Buildings_[#],00_00_11_02,D&Wp,average,100,3990.0,0.56,0,0,11,2
Impacted_Buildings_[#],00_00_11_02,G,average,20,800.0,1.0,0,0,11,2
Impacted_Buildings_[#],00_00_11_02,G,average,60,2660.0,0.87,0,0,11,2
Impacted_Buildings_[#],00_00_11_02,G,average,100,3560.0,0.61,0,0,11,2
Impacted_Buildings_[#],00_00_11_02,G&Wp,average,20,840.0,1.0,0,0,11,2
Impacted_Buildings_[#],00_00_11_02,G&Wp,average,60,3220.0,0.86,0,0,11,2
Impacted_Buildings_[#],00_00_11_02,G&Wp,average,100,4260.0,0.53,0,0,11,2
Impacted_Buildings_[#],00_00_11_02,Wp,average,20,880.0,1.0,0,0,11,2
Impacted_Buildings_[#],00_00_11_02,Wp,average,60,3770.0,0.85,0,0,11,2
Impacted_Buildings_[#],00_00_11_02,Wp,average,100,4950.0,0.48,0,0,11,2
Impacted_Buildings_[#],00_00_11_04,D,average,20,670.0,1.0,0,0,11,4
Impacted_Buildings_[#],00_00_11_04,D,average,60,2130.0,0.9,0,0,11,4
Impacted_Buildings_[#],00_00_11_04,D,average,100,3020.0,0.77,0,0,11,4
Impacted_Buildings_[#],00_00_11_04,D&G,average,20,740.0,1.0,0,0,11,4
Impacted_Buildings_[#],00_00_11_04,D&G,average,60,2400.0,0.88,0,0,11,4
Impacted_Buildings_[#],00_00_11_04,D&G,average,100,3290.0,0.68,0,0,11,4
Impacted_Buildings_[#],00_00_11_04,D&G&Wp,average,20,780.0,1.0,0,0,11,4
Impacted_Buildings_[#],00_00_11_04,D&G&Wp,average,60,2850.0,0.87,0,0,11,4
Impacted_Buildings_[#],00_00_11_04,D&G&Wp,average,100,3850.0,0.58,0,0,11,4
Impacted_Buildings_[#],00_00_11_04,D&Wp,average,20,780.0,1.0,0,0,11,4
Impacted_Buildings_[#],00_00_11_04,D&Wp,average,60,2950.0,0.87,0,0,11,4
Impacted_Buildings_[#],00_00_11_04,D&Wp,average,100,3990.0,0.56,0,0,11,4
Impacted_Buildings_[#],00_00_11_04,G,average,20,800.0,1.0,0,0,11,4
Impacted_Buildings_[#],00_00_11_04,G,average,60,2660.0,0.87,0,0,11,4
Impacted_Buildings_[#],00_00_11_04,G,average,100,3560.0,0.61,0,0,11,4
Impacted_Buildings_[#],00_00_11_04,G&Wp,average,20,840.0,1.0,0,0,11,4
Impacted_Buildings_[#],00_00_11_04,G&Wp,average,60,3220.0,0.86,0,0,11,4
Impacted_Buildings_[#],00_00_11_04,G&Wp,average,100,4260.0,0.53,0,0,11,4
Impacted_Buildings_[#],00_00_11_04,Wp,average,20,880.0,1.0,0,0,11,4
Impacted_Buildings_[#],00_00_11_04,Wp,average,60,3770.0,0.85,0,0,11,4
Impacted_Buildings_[#],00_00_11_04,Wp,average,100,4950.0,0.48,0,0,11,4
Impacted_Buildings_[#],00_00_11_05,D,average,20,670.0,1.0,0,0,11,5
Impacted_Buildings_[#],00_00_11_05,D,average,60,2130.0,0.9,0,0,11,5
Impacted_Buildings_[#],00_00_11_05,D,average,100,3020.0,0.77,0,0,11,5
Impacted_Buildings_[#],00_00_11_05,D&G,average,20,740.0,1.0,0,0,11,5
Impacted_Buildings_[#],00_00_11_05,D&G,average,60,2400.0,0.88,0,0,11,5
Impacted_Buildings_[#],00_00_11_05,D&G,average,100,3290.0,0.68,0,0,11,5
Impacted_Buildings_[#],00_00_11_05,D&G&Wp,average,20,780.0,1.0,0,0,11,5
Impacted_Buildings_[#],00_00_11_05,D&G&Wp,average,60,2850.0,0.87,0,0,11,5
Impacted_Buildings_[#],00_00_11_05,D&G&Wp,average,100,3850.0,0.58,0,0,11,5
Impacted_Buildings_[#],00_00_11_05,D&Wp,average,20,780.0,1.0,0,0,11,5
Impacted_Buildings_[#],00_00_11_05,D&Wp,average,60,2950.0,0.87,0,0,11,5
Impacted_Buildings_[#],00_00_11_05,D&Wp,average,100,3990.0,0.56,0,0,11,5
Impacted_Buildings_[#],00_00_11_05,G,average,20,800.0,1.0,0,0,11,5
Impacted_Buildings_[#],00_00_11_05,G,average,60,2660.0,0.87,0,0,11,5
Impacted_Buildings_[#],00_00_11_05,G,average,100,3560.0,0.61,0,0,11,5
Impacted_Buildings_[#],00_00_11_05,G&Wp,average,20,840.0,1.0,0,0,11,5
Impacted_Buildings_[#],00_00_11_05,G&Wp,average,60,3220.0,0.86,0,0,11,5
Impacted_Buildings_[#],00_00_11_05,G&Wp,average,100,4260.0,0.53,0,0,11,5
Impacted_Buildings_[#],00_00_11_05,Wp,average,20,880.0,1.0,0,0,11,5
Impacted_Buildings_[#],00_00_11_05,Wp,average,60,3770.0,0.85,0,0,11,5
Impacted_Buildings_[#],00_00_11_05,Wp,average,100,4950.0,0.48,0,0,11,5
Impacted_Buildings_[#],00_00_11_07,D,average,20,670.0,1.0,0,0,11,7
Impacted_Buildings_[#],00_00_11_07,D,average,60,2130.0,0.9,0,0,11,7
Impacted_Buildings_[#],00_00_11_07,D,average,100,3020.0,0.77,0,0,11,7
Impacted_Buildings_[#],00_00_11_07,D&G,average,20,740.0,1.0,0,0,11,7
Impacted_Buildings_[#],00_00_11_07,D&G,average,60,2400.0,0.88,0,0,11,7
Impacted_Buildings_[#],00_00_11_07,D&G,average,100,3290.0,0.68,0,0,11,7
Impacted_Buildings_[#],00_00_11_07,D&G&Wp,average,20,780.0,1.0,0,0,11,7
Impacted_Buildings_[#],00_00_11_07,D&G&Wp,average,60,2850.0,0.87,0,0,11,7
Impacted_Buildings_[#],00_00_11_07,D&G&Wp,average,100,3850.0,0.58,0,0,11,7
Impacted_Buildings_[#],00_00_11_07,D&Wp,average,20,780.0,1.0,0,0,11,7
Impacted_Buildings_[#],00_00_11_07,D&Wp,average,60,2950.0,0.87,0,0,11,7
Impacted_Buildings_[#],00_00_11_07,D&Wp,average,100,3990.0,0.56,0,0,11,7
Impacted_Buildings_[#],00_00_11_07,G,average,20,800.0,1.0,0,0,11,7
Impacted_Buildings_[#],00_00_11_07,G,average,60,2660.0,0.87,0,0,11,7
Impacted_Buildings_[#],00_00_11_07,G,average,100,3560.0,0.61,0,0,11,7
Impacted_Buildings_[#],00_00_11_07,G&Wp,average,20,840.0,1.0,0,0,11,7
Impacted_Buildings_[#],00_00_11_07,G&Wp,average,60,3220.0,0.86,0,0,11,7
Impacted_Buildings_[#],00_00_11_07,G&Wp,average,100,4260.0,0.53,0,0,11,7
Impacted_Buildings_[#],00_00_11_07,Wp,average,20,880.0,1.0,0,0,11,7
Impacted_Buildings_[#],00_00_11_07,Wp,average,60,3770.0,0.85,0,0,11,7
Impacted_Buildings_[#],00_00_11_07,Wp,average,100,4950.0,0.48,0,0,11,7
Impacted_Buildings_[#],00_00_11_08,D,average,20,670.0,1.0,0,0,11,8
Impacted_Buildings_[#],00_00_11_08,D,average,60,2130.0,0.9,0,0,11,8
Impacted_Buildings_[#],00_00_11_08,D,average,100,3020.0,0.77,0,0,11,8
Impacted_Buildings_[#],00_00_11_08,D&G,average,20,740.0,1.0,0,0,11,8
Impacted_Buildings_[#],00_00_11_08,D&G,average,60,2400.0,0.88,0,0,11,8
Impacted_Buildings_[#],00_00_11_08,D&G,average,100,3290.0,0.68,0,0,11,8
Impacted_Buildings_[#],00_00_11_08,D&G&Wp,average,20,780.0,1.0,0,0,11,8
Impacted_Buildings_[#],00_00_11_08,D&G&Wp,average,60,2850.0,0.87,0,0,11,8
Impacted_Buildings_[#],00_00_11_08,D&G&Wp,average,100,3850.0,0.58,0,0,11,8
Impacted_Buildings_[#],00_00_11_08,D&Wp,average,20,780.0,1.0,0,0,11,8
Impacted_Buildings_[#],00_00_11_08,D&Wp,average,60,2950.0,0.87,0,0,11,8
Impacted_Buildings_[#],00_00_11_08,D&Wp,average,100,3990.0,0.56,0,0,11,8
Impacted_Buildings_[#],00_00_11_08,G,average,20,800.0,1.0,0,0,11,8
Impacted_Buildings_[#],00_00_11_08,G,average,60,2660.0,0.87,0,0,11,8
Impacted_Buildings_[#],00_00_11_08,G,average,100,3560.0,0.61,0,0,11,8
Impacted_Buildings_[#],00_00_11_08,G&Wp,average,20,840.0,1.0,0,0,11,8
Impacted_Buildings_[#],00_00_11_08,G&Wp,average,60,3220.0,0.86,0,0,11,8
Impacted_Buildings_[#],00_00_11_08,G&Wp,average,100,4260.0,0.53,0,0,11,8
Impacted_Buildings_[#],00_00_11_08,Wp,average,20,880.0,1.0,0,0,11,8
Impacted_Buildings_[#],00_00_11_08,Wp,average,60,3770.0,0.85,0,0,11,8
Impacted_Buildings_[#],00_00_11_08,Wp,average,100,4950.0,0.48,0,0,11,8
Impacted_Buildings_[#],00_00_11_09,D,average,20,670.0,1.0,0,0,11,9
Impacted_Buildings_[#],00_00_11_09,D,average,60,2130.0,0.9,0,0,11,9
Impacted_Buildings_[#],00_00_11_09,D,average,100,3020.0,0.77,0,0,11,9
Impacted_Buildings_[#],00_00_11_09,D&G,average,20,740.0,1.0,0,0,11,9
Impacted_Buildings_[#],00_00_11_09,D&G,average,60,2400.0,0.88,0,0,11,9
Impacted_Buildings_[#],00_00_11_09,D&G,average,100,3290.0,0.68,0,0,11,9
Impacted_Buildings_[#],00_00_11_09,D&G&Wp,average,20,780.0,1.0,0,0,11,9
Impacted_Buildings_[#],00_00_11_09,D&G&Wp,average,60,2850.0,0.87,0,0,11,9
Impacted_Buildings_[#],00_00_11_09,D&G&Wp,average,100,3850.0,0.58,0,0,11,9
Impacted_Buildings_[#],00_00_11_09,D&Wp,average,20,780.0,1.0,0,0,11,9
Impacted_Buildings_[#],00_00_11_09,D&Wp,average,60,2950.0,0.87,0,0,11,9
Impacted_Buildings_[#],00_00_11_09,D&Wp,average,100,3990.0,0.56,0,0,11,9
Impacted_Buildings_[#],00_00_11_09,G,average,20,800.0,1.0,0,0,11,9
Impacted_Buildings_[#],00_00_11_09,G,average,60,2660.0,0.87,0,0,11,9
Impacted_Buildings_[#],00_00_11_09,G,average,100,3560.0,0.61,0,0,11,9
Impacted_Buildings_[#],00_00_11_09,G&Wp,average,20,840.0,1.0,0,0,11,9
Impacted_Buildings_[#],00_00_11_09,G&Wp,average,60,3220.0,0.86,0,0,11,9
Impacted_Buildings_[#],00_00_11_09,G&Wp,average,100,4260.0,0.53,0,0,11,9
Impacted_Buildings_[#],00_00_11_09,Wp,average,20,880.0,1.0,0,0,11,9
Impacted_Buildings_[#],00_00_11_09,Wp,average,60,3770.0,0.85,0,0,11,9
Impacted_Buildings_[#],00_00_11_09,Wp,average,100,4950.0,0.48,0,0,11,9
Impacted_Buildings_[#],00_00_13_00,D,average,20,630.0,0.93,0,0,13,0
Impacted_Buildings_[#],00_00_13_00,D,average,60,1930.0,0.81,0,0,13,0
Impacted_Buildings_[#],00_00_13_00,D,average,100,2560.0,0.65,0,0,13,0
Impacted_Buildings_[#],00_00_13_00,D&G,average,20,690.0,0.93,0,0,13,0
Impacted_Buildings_[#],00_00_13_00,D&G,average,60,2180.0,0.8,0,0,13,0
Impacted_Buildings_[#],00_00_13_00,D&G,average,100,2800.0,0.58,0,0,13,0
Impacted_Buildings_[#],00_00_13_00,D&G&Wp,average,20,730.0,0.93,0,0,13,0
Impacted_Buildings_[#],00_00_13_00,D&G&Wp,average,60,2540.0,0.77,0,0,13,0
Impacted_Buildings_[#],00_00_13_00,D&G&Wp,average,100,3060.0,0.46,0,0,13,0
Impacted_Buildings_[#],00_00_13_00,D&Wp,average,20,720.0,0.93,0,0,13,0
Impacted_Buildings_[#],00_00_13_00,D&Wp,average,60,2580.0,0.76,0,0,13,0
Impacted_Buildings_[#],00_00_13_00,D&Wp,average,100,3060.0,0.43,0,0,13,0
Impacted_Buildings_[#],00_00_13_00,G,average,20,740.0,0.93,0,0,13,0
Impacted_Buildings_[#],00_00_13_00,G,average,60,2440.0,0.8,0,0,13,0
Impacted_Buildings_[#],00_00_13_00,G,average,100,3050.0,0.53,0,0,13,0
Impacted_Buildings_[#],00_00_13_00,G&Wp,average,20,780.0,0.93,0,0,13,0
Impacted_Buildings_[#],00_00_13_00,G&Wp,average,60,2840.0,0.76,0,0,13,0
Impacted_Buildings_[#],00_00_13_00,G&Wp,average,100,3310.0,0.41,0,0,13,0
Impacted_Buildings_[#],00_00_13_00,Wp,average,20,820.0,0.93,0,0,13,0
Impacted_Buildings_[#],00_00_13_00,Wp,average,60,3240.0,0.73,0,0,13,0
Impacted_Buildings_[#],00_00_13_00,Wp,average,100,3570.0,0.35,0,0,13,0
Impacted_Buildings_[#],00_00_13_01,D,average,20,630.0,0.93,0,0,13,1
Impacted_Buildings_[#],00_00_13_01,D,average,60,1930.0,0.81,0,0,13,1
Impacted_Buildings_[#],00_00_13_01,D,average,100,2560.0,0.65,0,0,13,1
Impacted_Buildings_[#],00_00_13_01,D&G,average,20,690.0,0.93,0,0,13,1
Impacted_Buildings_[#],00_00_13_01,D&G,average,60,2180.0,0.8,0,0,13,1
Impacted_Buildings_[#],00_00_13_01,D&G,average,100,2810.0,0.58,0,0,13,1
Impacted_Buildings_[#],00_00_13_01,D&G&Wp,average,20,730.0,0.93,0,0,13,1
Impacted_Buildings_[#],00_00_13_01,D&G&Wp,average,60,2540.0,0.77,0,0,13,1
Impacted_Buildings_[#],00_00_13_01,D&G&Wp,average,100,3060.0,0.46,0,0,13,1
Impacted_Buildings_[#],00_00_13_01,D&Wp,average,20,720.0,0.93,0,0,13,1
Impacted_Buildings_[#],00_00_13_01,D&Wp,average,60,2580.0,0.76,0,0,13,1
Impacted_Buildings_[#],00_00_13_01,D&Wp,average,100,3070.0,0.43,0,0,13,1
Impacted_Buildings_[#],00_00_13_01,G,average,20,740.0,0.93,0,0,13,1
Impacted_Buildings_[#],00_00_13_01,G,average,60,2440.0,0.8,0,0,13,1
Impacted_Buildings_[#],00_00_13_01,G,average,100,3050.0,0.53,0,0,13,1
Impacted_Buildings_[#],00_00_13_01,G&Wp,average,20,780.0,0.93,0,0,13,1
Impacted_Buildings_[#],00_00_13_01,G&Wp,average,60,2840.0,0.76,0,0,13,1
Impacted_Buildings_[#],00_00_13_01,G&Wp,average,100,3310.0,0.41,0,0,13,1
Impacted_Buildings_[#],00_00_13_01,Wp,average,20,820.0,0.93,0,0,13,1
Impacted_Buildings_[#],00_00_13_01,Wp,average,60,3240.0,0.73,0,0,13,1
Impacted_Buildings_[#],00_00_13_01,Wp,average,100,3570.0,0.35,0,0,13,1
Impacted_Buildings_[#],00_00_13_02,D,average,20,630.0,0.93,0,0,13,2
Impacted_Buildings_[#],00_00_13_02,D,average,60,1930.0,0.81,0,0,13,2
Impacted_Buildings_[#],00_00_13_02,D,average,100,2560.0,0.65,0,0,13,2
Impacted_Buildings_[#],00_00_13_02,D&G,average,20,690.0,0.93,0,0,13,2
Impacted_Buildings_[#],00_00_13_02,D&G,average,60,2180.0,0.8,0,0,13,2
Impacted_Buildings_[#],00_00_13_02,D&G,average,100,2810.0,0.58,0,0,13,2
Impacted_Buildings_[#],00_00_13_02,D&G&Wp,average,20,730.0,0.93,0,0,13,2
Impacted_Buildings_[#],00_00_13_02,D&G&Wp,average,60,2540.0,0.77,0,0,13,2
Impacted_Buildings_[#],00_00_13_02,D&G&Wp,average,100,3060.0,0.46,0,0,13,2
Impacted_Buildings_[#],00_00_13_02,D&Wp,average,20,720.0,0.93,0,0,13,2
Impacted_Buildings_[#],00_00_13_02,D&Wp,average,60,2580.0,0.76,0,0,13,2
Impacted_Buildings_[#],00_00_13_02,D&Wp,average,100,3060.0,0.43,0,0,13,2
Impacted_Buildings_[#],00_00_13_02,G,average,20,740.0,0.93,0,0,13,2
Impacted_Buildings_[#],00_00_13_02,G,average,60,2440.0,0.8,0,0,13,2
Impacted_Buildings_[#],00_00_13_02,G,average,100,3050.0,0.53,0,0,13,2
Impacted_Buildings_[#],00_00_13_02,G&Wp,average,20,780.0,0.93,0,0,13,2
Impacted_Buildings_[#],00_00_13_02,G&Wp,average,60,2840.0,0.76,0,0,13,2
Impacted_Buildings_[#],00_00_13_02,G&Wp,average,100,3310.0,0.41,0,0,13,2
Impacted_Buildings_[#],00_00_13_02,Wp,average,20,820.0,0.93,0,0,13,2
Impacted_Buildings_[#],00_00_13_02,Wp,average,60,3240.0,0.73,0,0,13,2
Impacted_Buildings_[#],00_00_13_02,Wp,average,100,3570.0,0.35,0,0,13,2
Impacted_Buildings_[#],00_00_13_04,D,average,20,630.0,0.93,0,0,13,4
Impacted_Buildings_[#],00_00_13_04,D,average,60,1930.0,0.81,0,0,13,4
Impacted_Buildings_[#],00_00_13_04,D,average,100,2570.0,0.65,0,0,13,4
Impacted_Buildings_[#],00_00_13_04,D&G,average,20,690.0,0.93,0,0,13,4
Impacted_Buildings_[#],00_00_13_04,D&G,average,60,2180.0,0.8,0,0,13,4
Impacted_Buildings_[#],00_00_13_04,D&G,average,100,2810.0,0.58,0,0,13,4
Impacted_Buildings_[#],00_00_13_04,D&G&Wp,average,20,730.0,0.93,0,0,13,4
Impacted_Buildings_[#],00_00_13_04,D&G&Wp,average,60,2540.0,0.77,0,0,13,4
Impacted_Buildings_[#],00_00_13_04,D&G&Wp,average,100,3070.0,0.46,0,0,13,4
Impacted_Buildings_[#],00_00_13_04,D&Wp,average,20,720.0,0.93,0,0,13,4
Impacted_Buildings_[#],00_00_13_04,D&Wp,average,60,2590.0,0.76,0,0,13,4
Impacted_Buildings_[#],00_00_13_04,D&Wp,average,100,3070.0,0.43,0,0,13,4
Impacted_Buildings_[#],00_00_13_04,G,average,20,740.0,0.93,0,0,13,4
Impacted_Buildings_[#],00_00_13_04,G,average,60,2440.0,0.8,0,0,13,4
Impacted_Buildings_[#],00_00_13_04,G,average,100,3050.0,0.53,0,0,13,4
Impacted_Buildings_[#],00_00_13_04,G&Wp,average,20,780.0,0.93,0,0,13,4
Impacted_Buildings_[#],00_00_13_04,G&Wp,average,60,2840.0,0.76,0,0,13,4
Impacted_Buildings_[#],00_00_13_04,G&Wp,average,100,3310.0,0.41,0,0,13,4
Impacted_Buildings_[#],00_00_13_04,Wp,average,20,820.0,0.93,0,0,13,4
Impacted_Buildings_[#],00_00_13_04,Wp,average,60,3250.0,0.73,0,0,13,4
Impacted_Buildings_[#],00_00_13_04,Wp,average,100,3580.0,0.35,0,0,13,4
Impacted_Buildings_[#],00_00_13_05,D,average,20,630.0,0.93,0,0,13,5
Impacted_Buildings_[#],00_00_13_05,D,average,60,1930.0,0.81,0,0,13,5
Impacted_Buildings_[#],00_00_13_05,D,average,100,2590.0,0.66,0,0,13,5
Impacted_Buildings_[#],00_00_13_05,D&G,average,20,690.0,0.93,0,0,13,5
Impacted_Buildings_[#],00_00_13_05,D&G,average,60,2180.0,0.8,0,0,13,5
Impacted_Buildings_[#],00_00_13_05,D&G,average,100,2820.0,0.58,0,0,13,5
Impacted_Buildings_[#],00_00_13_05,D&G&Wp,average,20,730.0,0.93,0,0,13,5
Impacted_Buildings_[#],00_00_13_05,D&G&Wp,average,60,2540.0,0.77,0,0,13,5
Impacted_Buildings_[#],00_00_13_05,D&G&Wp,average,100,3070.0,0.46,0,0,13,5
Impacted_Buildings_[#],00_00_13_05,D&Wp,average,20,720.0,0.93,0,0,13,5
Impacted_Buildings_[#],00_00_13_05,D&Wp,average,60,2580.0,0.76,0,0,13,5
Impacted_Buildings_[#],00_00_13_05,D&Wp,average,100,3080.0,0.43,0,0,13,5
Impacted_Buildings_[#],00_00_13_05,G,average,20,740.0,0.93,0,0,13,5
Impacted_Buildings_[#],00_00_13_05,G,average,60,2440.0,0.8,0,0,13,5
Impacted_Buildings_[#],00_00_13_05,G,average,100,3050.0,0.53,0,0,13,5
Impacted_Buildings_[#],00_00_13_05,G&Wp,average,20,780.0,0.93,0,0,13,5
Impacted_Buildings_[#],00_00_13_05,G&Wp,average,60,2840.0,0.76,0,0,13,5
Impacted_Buildings_[#],00_00_13_05,G&Wp,average,100,3310.0,0.41,0,0,13,5
Impacted_Buildings_[#],00_00_13_05,Wp,average,20,820.0,0.93,0,0,13,5
Impacted_Buildings_[#],00_00_13_05,Wp,average,60,3240.0,0.73,0,0,13,5
Impacted_Buildings_[#],00_00_13_05,Wp,average,100,3570.0,0.35,0,0,13,5
Impacted_Buildings_[#],00_00_13_07,D,average,20,630.0,0.93,0,0,13,7
Impacted_Buildings_[#],00_00_13_07,D,average,60,1930.0,0.81,0,0,13,7
Impacted_Buildings_[#],00_00_13_07,D,average,100,2570.0,0.65,0,0,13,7
Impacted_Buildings_[#],00_00_13_07,D&G,average,20,690.0,0.93,0,0,13,7
Impacted_Buildings_[#],00_00_13_07,D&G,average,60,2180.0,0.8,0,0,13,7
Impacted_Buildings_[#],00_00_13_07,D&G,average,100,2810.0,0.58,0,0,13,7
Impacted_Buildings_[#],00_00_13_07,D&G&Wp,average,20,730.0,0.93,0,0,13,7
Impacted_Buildings_[#],00_00_13_07,D&G&Wp,average,60,2540.0,0.77,0,0,13,7
Impacted_Buildings_[#],00_00_13_07,D&G&Wp,average,100,3060.0,0.46,0,0,13,7
Impacted_Buildings_[#],00_00_13_07,D&Wp,average,20,720.0,0.93,0,0,13,7
Impacted_Buildings_[#],00_00_13_07,D&Wp,average,60,2590.0,0.76,0,0,13,7
Impacted_Buildings_[#],00_00_13_07,D&Wp,average,100,3070.0,0.43,0,0,13,7
Impacted_Buildings_[#],00_00_13_07,G,average,20,740.0,0.93,0,0,13,7
Impacted_Buildings_[#],00_00_13_07,G,average,60,2440.0,0.8,0,0,13,7
Impacted_Buildings_[#],00_00_13_07,G,average,100,3050.0,0.53,0,0,13,7
Impacted_Buildings_[#],00_00_13_07,G&Wp,average,20,780.0,0.93,0,0,13,7
Impacted_Buildings_[#],00_00_13_07,G&Wp,average,60,2840.0,0.76,0,0,13,7
Impacted_Buildings_[#],00_00_13_07,G&Wp,average,100,3310.0,0.41,0,0,13,7
Impacted_Buildings_[#],00_00_13_07,Wp,average,20,820.0,0.93,0,0,13,7
Impacted_Buildings_[#],00_00_13_07,Wp,average,60,3240.0,0.73,0,0,13,7
Impacted_Buildings_[#],00_00_13_07,Wp,average,100,3570.0,0.35,0,0,13,7
Impacted_Buildings_[#],00_00_13_08,D,average,20,630.0,0.93,0,0,13,8
Impacted_Buildings_[#],00_00_13_08,D,average,60,1930.0,0.81,0,0,13,8
Impacted_Buildings_[#],00_00_13_08,D,average,100,2570.0,0.65,0,0,13,8
Impacted_Buildings_[#],00_00_13_08,D&G,average,20,690.0,0.93,0,0,13,8
Impacted_Buildings_[#],00_00_13_08,D&G,average,60,2180.0,0.8,0,0,13,8
Impacted_Buildings_[#],00_00_13_08,D&G,average,100,2810.0,0.58,0,0,13,8
Impacted_Buildings_[#],00_00_13_08,D&G&Wp,average,20,730.0,0.93,0,0,13,8
Impacted_Buildings_[#],00_00_13_08,D&G&Wp,average,60,2540.0,0.77,0,0,13,8
Impacted_Buildings_[#],00_00_13_08,D&G&Wp,average,100,3070.0,0.46,0,0,13,8
Impacted_Buildings_[#],00_00_13_08,D&Wp,average,20,720.0,0.93,0,0,13,8
Impacted_Buildings_[#],00_00_13_08,D&Wp,average,60,2590.0,0.76,0,0,13,8
Impacted_Buildings_[#],00_00_13_08,D&Wp,average,100,3070.0,0.43,0,0,13,8
Impacted_Buildings_[#],00_00_13_08,G,average,20,740.0,0.93,0,0,13,8
Impacted_Buildings_[#],00_00_13_08,G,average,60,2440.0,0.8,0,0,13,8
Impacted_Buildings_[#],00_00_13_08,G,average,100,3050.0,0.53,0,0,13,8
Impacted_Buildings_[#],00_00_13_08,G&Wp,average,20,780.0,0.93,0,0,13,8
Impacted_Buildings_[#],00_00_13_08,G&Wp,average,60,2840.0,0.76,0,0,13,8
Impacted_Buildings_[#],00_00_13_08,G&Wp,average,100,3310.0,0.41,0,0,13,8
Impacted_Buildings_[#],00_00_13_08,Wp,average,20,820.0,0.93,0,0,13,8
Impacted_Buildings_[#],00_00_13_08,Wp,average,60,3250.0,0.73,0,0,13,8
Impacted_Buildings_[#],00_00_13_08,Wp,average,100,3570.0,0.35,0,0,13,8
Impacted_Buildings_[#],00_00_13_09,D,average,20,630.0,0.93,0,0,13,9
Impacted_Buildings_[#],00_00_13_09,D,average,60,1930.0,0.81,0,0,13,9
Impacted_Buildings_[#],00_00_13_09,D,average,100,2580.0,0.66,0,0,13,9
Impacted_Buildings_[#],00_00_13_09,D&G,average,20,690.0,0.93,0,0,13,9
Impacted_Buildings_[#],00_00_13_09,D&G,average,60,2180.0,0.8,0,0,13,9
Impacted_Buildings_[#],00_00_13_09,D&G,average,100,2810.0,0.58,0,0,13,9
Impacted_Buildings_[#],00_00_13_09,D&G&Wp,average,20,730.0,0.93,0,0,13,9
Impacted_Buildings_[#],00_00_13_09,D&G&Wp,average,60,2540.0,0.77,0,0,13,9
Impacted_Buildings_[#],00_00_13_09,D&G&Wp,average,100,3070.0,0.46,0,0,13,9
Impacted_Buildings_[#],00_00_13_09,D&Wp,average,20,720.0,0.93,0,0,13,9
Impacted_Buildings_[#],00_00_13_09,D&Wp,average,60,2590.0,0.76,0,0,13,9
Impacted_Buildings_[#],00_00_13_09,D&Wp,average,100,3080.0,0.43,0,0,13,9
Impacted_Buildings_[#],00_00_13_09,G,average,20,740.0,0.93,0,0,13,9
Impacted_Buildings_[#],00_00_13_09,G,average,60,2440.0,0.8,0,0,13,9
Impacted_Buildings_[#],00_00_13_09,G,average,100,3050.0,0.53,0,0,13,9
Impacted_Buildings_[#],00_00_13_09,G&Wp,average,20,780.0,0.93,0,0,13,9
Impacted_Buildings_[#],00_00_13_09,G&Wp,average,60,2840.0,0.76,0,0,13,9
Impacted_Buildings_[#],00_00_13_09,G&Wp,average,100,3310.0,0.41,0,0,13,9
Impacted_Buildings_[#],00_00_13_09,Wp,average,20,820.0,0.93,0,0,13,9
Impacted_Buildings_[#],00_00_13_09,Wp,average,60,3240.0,0.73,0,0,13,9
Impacted_Buildings_[#],00_00_13_09,Wp,average,100,3570.0,0.35,0,0,13,9
