objective_parameter,pw_combi,scenario_of_interest,robustness_metric,year,Value,normalized_values,flood_agr,drought_agr,flood_urb,drought_shp
Municipality_Measure_Costs,00_00_00_00,D,average,20,0.0,0.0,00,00,00,00
Municipality_Measure_Costs,00_00_00_00,D,average,60,0.0,0.0,00,00,00,00
Municipality_Measure_Costs,00_00_00_00,D,average,100,0.0,0.0,00,00,00,00
Municipality_Measure_Costs,00_00_00_00,D&G,average,20,0.0,0.0,00,00,00,00
Municipality_Measure_Costs,00_00_00_00,D&G,average,60,0.0,0.0,00,00,00,00
Municipality_Measure_Costs,00_00_00_00,D&G,average,100,0.0,0.0,00,00,00,00
Municipality_Measure_Costs,00_00_00_00,D&G&Wp,average,20,0.0,0.0,00,00,00,00
Municipality_Measure_Costs,00_00_00_00,D&G&Wp,average,60,0.0,0.0,00,00,00,00
Municipality_Measure_Costs,00_00_00_00,D&G&Wp,average,100,0.0,0.0,00,00,00,00
Municipality_Measure_Costs,00_00_00_00,D&Wp,average,20,0.0,0.0,00,00,00,00
Municipality_Measure_Costs,00_00_00_00,D&Wp,average,60,0.0,0.0,00,00,00,00
Municipality_Measure_Costs,00_00_00_00,D&Wp,average,100,0.0,0.0,00,00,00,00
Municipality_Measure_Costs,00_00_00_00,G,average,20,0.0,0.0,00,00,00,00
Municipality_Measure_Costs,00_00_00_00,G,average,60,0.0,0.0,00,00,00,00
Municipality_Measure_Costs,00_00_00_00,G,average,100,0.0,0.0,00,00,00,00
Municipality_Measure_Costs,00_00_00_00,G&Wp,average,20,0.0,0.0,00,00,00,00
Municipality_Measure_Costs,00_00_00_00,G&Wp,average,60,0.0,0.0,00,00,00,00
Municipality_Measure_Costs,00_00_00_00,G&Wp,average,100,0.0,0.0,00,00,00,00
Municipality_Measure_Costs,00_00_00_00,Wp,average,20,0.0,0.0,00,00,00,00
Municipality_Measure_Costs,00_00_00_00,Wp,average,60,0.0,0.0,00,00,00,00
Municipality_Measure_Costs,00_00_00_00,Wp,average,100,0.0,0.0,00,00,00,00
Municipality_Measure_Costs,00_00_01_00,D,average,20,21.58,0.07,00,00,01,00
Municipality_Measure_Costs,00_00_01_00,D,average,60,118.42,0.22,00,00,01,00
Municipality_Measure_Costs,00_00_01_00,D,average,100,235.6,0.33,00,00,01,00
Municipality_Measure_Costs,00_00_01_00,D&G,average,20,21.58,0.07,00,00,01,00
Municipality_Measure_Costs,00_00_01_00,D&G,average,60,124.05,0.23,00,00,01,00
Municipality_Measure_Costs,00_00_01_00,D&G,average,100,235.63,0.33,00,00,01,00
Municipality_Measure_Costs,00_00_01_00,D&G&Wp,average,20,21.58,0.07,00,00,01,00
Municipality_Measure_Costs,00_00_01_00,D&G&Wp,average,60,133.57,0.24,00,00,01,00
Municipality_Measure_Costs,00_00_01_00,D&G&Wp,average,100,235.82,0.33,00,00,01,00
Municipality_Measure_Costs,00_00_01_00,D&Wp,average,20,21.58,0.07,00,00,01,00
Municipality_Measure_Costs,00_00_01_00,D&Wp,average,60,135.52,0.25,00,00,01,00
Municipality_Measure_Costs,00_00_01_00,D&Wp,average,100,235.9,0.33,00,00,01,00
Municipality_Measure_Costs,00_00_01_00,G,average,20,21.58,0.07,00,00,01,00
Municipality_Measure_Costs,00_00_01_00,G,average,60,129.67,0.24,00,00,01,00
Municipality_Measure_Costs,00_00_01_00,G,average,100,235.65,0.33,00,00,01,00
Municipality_Measure_Costs,00_00_01_00,G&Wp,average,20,21.58,0.07,00,00,01,00
Municipality_Measure_Costs,00_00_01_00,G&Wp,average,60,141.14,0.26,00,00,01,00
Municipality_Measure_Costs,00_00_01_00,G&Wp,average,100,235.93,0.33,00,00,01,00
Municipality_Measure_Costs,00_00_01_00,Wp,average,20,21.58,0.07,00,00,01,00
Municipality_Measure_Costs,00_00_01_00,Wp,average,60,152.62,0.28,00,00,01,00
Municipality_Measure_Costs,00_00_01_00,Wp,average,100,236.2,0.33,00,00,01,00
Municipality_Measure_Costs,00_00_03_00,D,average,20,26.85,0.08,00,00,03,00
Municipality_Measure_Costs,00_00_03_00,D,average,60,115.67,0.21,00,00,03,00
Municipality_Measure_Costs,00_00_03_00,D,average,100,228.57,0.32,00,00,03,00
Municipality_Measure_Costs,00_00_03_00,D&G,average,20,26.85,0.08,00,00,03,00
Municipality_Measure_Costs,00_00_03_00,D&G,average,60,121.27,0.22,00,00,03,00
Municipality_Measure_Costs,00_00_03_00,D&G,average,100,228.64,0.32,00,00,03,00
Municipality_Measure_Costs,00_00_03_00,D&G&Wp,average,20,26.85,0.08,00,00,03,00
Municipality_Measure_Costs,00_00_03_00,D&G&Wp,average,60,130.65,0.24,00,00,03,00
Municipality_Measure_Costs,00_00_03_00,D&G&Wp,average,100,228.85,0.32,00,00,03,00
Municipality_Measure_Costs,00_00_03_00,D&Wp,average,20,26.85,0.08,00,00,03,00
Municipality_Measure_Costs,00_00_03_00,D&Wp,average,60,132.55,0.24,00,00,03,00
Municipality_Measure_Costs,00_00_03_00,D&Wp,average,100,228.92,0.32,00,00,03,00
Municipality_Measure_Costs,00_00_03_00,G,average,20,26.85,0.08,00,00,03,00
Municipality_Measure_Costs,00_00_03_00,G,average,60,126.87,0.23,00,00,03,00
Municipality_Measure_Costs,00_00_03_00,G,average,100,228.72,0.32,00,00,03,00
Municipality_Measure_Costs,00_00_03_00,G&Wp,average,20,26.85,0.08,00,00,03,00
Municipality_Measure_Costs,00_00_03_00,G&Wp,average,60,138.15,0.25,00,00,03,00
Municipality_Measure_Costs,00_00_03_00,G&Wp,average,100,228.99,0.32,00,00,03,00
Municipality_Measure_Costs,00_00_03_00,Wp,average,20,26.85,0.08,00,00,03,00
Municipality_Measure_Costs,00_00_03_00,Wp,average,60,149.42,0.27,00,00,03,00
Municipality_Measure_Costs,00_00_03_00,Wp,average,100,229.27,0.32,00,00,03,00
Municipality_Measure_Costs,00_00_05_00,D,average,20,56.0,0.17,00,00,05,00
Municipality_Measure_Costs,00_00_05_00,D,average,60,140.4,0.26,00,00,05,00
Municipality_Measure_Costs,00_00_05_00,D,average,100,154.6,0.21,00,00,05,00
Municipality_Measure_Costs,00_00_05_00,D&G,average,20,56.0,0.17,00,00,05,00
Municipality_Measure_Costs,00_00_05_00,D&G,average,60,140.4,0.26,00,00,05,00
Municipality_Measure_Costs,00_00_05_00,D&G,average,100,154.6,0.21,00,00,05,00
Municipality_Measure_Costs,00_00_05_00,D&G&Wp,average,20,56.0,0.17,00,00,05,00
Municipality_Measure_Costs,00_00_05_00,D&G&Wp,average,60,140.4,0.26,00,00,05,00
Municipality_Measure_Costs,00_00_05_00,D&G&Wp,average,100,154.6,0.21,00,00,05,00
Municipality_Measure_Costs,00_00_05_00,D&Wp,average,20,56.0,0.17,00,00,05,00
Municipality_Measure_Costs,00_00_05_00,D&Wp,average,60,140.4,0.26,00,00,05,00
Municipality_Measure_Costs,00_00_05_00,D&Wp,average,100,154.6,0.21,00,00,05,00
Municipality_Measure_Costs,00_00_05_00,G,average,20,56.0,0.17,00,00,05,00
Municipality_Measure_Costs,00_00_05_00,G,average,60,140.4,0.26,00,00,05,00
Municipality_Measure_Costs,00_00_05_00,G,average,100,154.6,0.21,00,00,05,00
Municipality_Measure_Costs,00_00_05_00,G&Wp,average,20,56.0,0.17,00,00,05,00
Municipality_Measure_Costs,00_00_05_00,G&Wp,average,60,140.4,0.26,00,00,05,00
Municipality_Measure_Costs,00_00_05_00,G&Wp,average,100,154.6,0.21,00,00,05,00
Municipality_Measure_Costs,00_00_05_00,Wp,average,20,56.0,0.17,00,00,05,00
Municipality_Measure_Costs,00_00_05_00,Wp,average,60,140.4,0.26,00,00,05,00
Municipality_Measure_Costs,00_00_05_00,Wp,average,100,154.6,0.21,00,00,05,00
Municipality_Measure_Costs,00_00_07_00,D,average,20,145.7,0.44,00,00,07,00
Municipality_Measure_Costs,00_00_07_00,D,average,60,358.6,0.65,00,00,07,00
Municipality_Measure_Costs,00_00_07_00,D,average,100,381.0,0.53,00,00,07,00
Municipality_Measure_Costs,00_00_07_00,D&G,average,20,145.7,0.44,00,00,07,00
Municipality_Measure_Costs,00_00_07_00,D&G,average,60,358.6,0.65,00,00,07,00
Municipality_Measure_Costs,00_00_07_00,D&G,average,100,381.0,0.53,00,00,07,00
Municipality_Measure_Costs,00_00_07_00,D&G&Wp,average,20,145.7,0.44,00,00,07,00
Municipality_Measure_Costs,00_00_07_00,D&G&Wp,average,60,358.6,0.65,00,00,07,00
Municipality_Measure_Costs,00_00_07_00,D&G&Wp,average,100,381.0,0.53,00,00,07,00
Municipality_Measure_Costs,00_00_07_00,D&Wp,average,20,145.7,0.44,00,00,07,00
Municipality_Measure_Costs,00_00_07_00,D&Wp,average,60,358.6,0.65,00,00,07,00
Municipality_Measure_Costs,00_00_07_00,D&Wp,average,100,381.0,0.53,00,00,07,00
Municipality_Measure_Costs,00_00_07_00,G,average,20,145.7,0.44,00,00,07,00
Municipality_Measure_Costs,00_00_07_00,G,average,60,358.6,0.65,00,00,07,00
Municipality_Measure_Costs,00_00_07_00,G,average,100,381.0,0.53,00,00,07,00
Municipality_Measure_Costs,00_00_07_00,G&Wp,average,20,145.7,0.44,00,00,07,00
Municipality_Measure_Costs,00_00_07_00,G&Wp,average,60,358.6,0.65,00,00,07,00
Municipality_Measure_Costs,00_00_07_00,G&Wp,average,100,381.0,0.53,00,00,07,00
Municipality_Measure_Costs,00_00_07_00,Wp,average,20,145.7,0.44,00,00,07,00
Municipality_Measure_Costs,00_00_07_00,Wp,average,60,358.6,0.65,00,00,07,00
Municipality_Measure_Costs,00_00_07_00,Wp,average,100,381.0,0.53,00,00,07,00
Municipality_Measure_Costs,00_00_09_00,D,average,20,71.0,0.22,00,00,09,00
Municipality_Measure_Costs,00_00_09_00,D,average,60,153.2,0.28,00,00,09,00
Municipality_Measure_Costs,00_00_09_00,D,average,100,153.2,0.21,00,00,09,00
Municipality_Measure_Costs,00_00_09_00,D&G,average,20,71.0,0.22,00,00,09,00
Municipality_Measure_Costs,00_00_09_00,D&G,average,60,153.2,0.28,00,00,09,00
Municipality_Measure_Costs,00_00_09_00,D&G,average,100,153.2,0.21,00,00,09,00
Municipality_Measure_Costs,00_00_09_00,D&G&Wp,average,20,71.0,0.22,00,00,09,00
Municipality_Measure_Costs,00_00_09_00,D&G&Wp,average,60,153.2,0.28,00,00,09,00
Municipality_Measure_Costs,00_00_09_00,D&G&Wp,average,100,156.93,0.22,00,00,09,00
Municipality_Measure_Costs,00_00_09_00,D&Wp,average,20,71.0,0.22,00,00,09,00
Municipality_Measure_Costs,00_00_09_00,D&Wp,average,60,153.2,0.28,00,00,09,00
Municipality_Measure_Costs,00_00_09_00,D&Wp,average,100,158.8,0.22,00,00,09,00
Municipality_Measure_Costs,00_00_09_00,G,average,20,71.0,0.22,00,00,09,00
Municipality_Measure_Costs,00_00_09_00,G,average,60,153.2,0.28,00,00,09,00
Municipality_Measure_Costs,00_00_09_00,G,average,100,153.2,0.21,00,00,09,00
Municipality_Measure_Costs,00_00_09_00,G&Wp,average,20,71.0,0.22,00,00,09,00
Municipality_Measure_Costs,00_00_09_00,G&Wp,average,60,153.2,0.28,00,00,09,00
Municipality_Measure_Costs,00_00_09_00,G&Wp,average,100,158.8,0.22,00,00,09,00
Municipality_Measure_Costs,00_00_09_00,Wp,average,20,71.0,0.22,00,00,09,00
Municipality_Measure_Costs,00_00_09_00,Wp,average,60,153.2,0.28,00,00,09,00
Municipality_Measure_Costs,00_00_09_00,Wp,average,100,164.4,0.23,00,00,09,00
Municipality_Measure_Costs,00_00_11_00,D,average,20,22.34,0.07,00,00,11,00
Municipality_Measure_Costs,00_00_11_00,D,average,60,191.16,0.35,00,00,11,00
Municipality_Measure_Costs,00_00_11_00,D,average,100,452.05,0.63,00,00,11,00
Municipality_Measure_Costs,00_00_11_00,D&G,average,20,22.34,0.07,00,00,11,00
Municipality_Measure_Costs,00_00_11_00,D&G,average,60,193.64,0.35,00,00,11,00
Municipality_Measure_Costs,00_00_11_00,D&G,average,100,452.29,0.63,00,00,11,00
Municipality_Measure_Costs,00_00_11_00,D&G&Wp,average,20,22.34,0.07,00,00,11,00
Municipality_Measure_Costs,00_00_11_00,D&G&Wp,average,60,198.84,0.36,00,00,11,00
Municipality_Measure_Costs,00_00_11_00,D&G&Wp,average,100,457.52,0.64,00,00,11,00
Municipality_Measure_Costs,00_00_11_00,D&Wp,average,20,22.34,0.07,00,00,11,00
Municipality_Measure_Costs,00_00_11_00,D&Wp,average,60,200.2,0.36,00,00,11,00
Municipality_Measure_Costs,00_00_11_00,D&Wp,average,100,460.02,0.64,00,00,11,00
Municipality_Measure_Costs,00_00_11_00,G,average,20,22.34,0.07,00,00,11,00
Municipality_Measure_Costs,00_00_11_00,G,average,60,196.13,0.36,00,00,11,00
Municipality_Measure_Costs,00_00_11_00,G,average,100,452.54,0.63,00,00,11,00
Municipality_Measure_Costs,00_00_11_00,G&Wp,average,20,22.34,0.07,00,00,11,00
Municipality_Measure_Costs,00_00_11_00,G&Wp,average,60,202.68,0.37,00,00,11,00
Municipality_Measure_Costs,00_00_11_00,G&Wp,average,100,460.26,0.64,00,00,11,00
Municipality_Measure_Costs,00_00_11_00,Wp,average,20,22.34,0.07,00,00,11,00
Municipality_Measure_Costs,00_00_11_00,Wp,average,60,209.24,0.38,00,00,11,00
Municipality_Measure_Costs,00_00_11_00,Wp,average,100,467.98,0.65,00,00,11,00
Municipality_Measure_Costs,00_00_13_00,D,average,20,28.16,0.09,00,00,13,00
Municipality_Measure_Costs,00_00_13_00,D,average,60,223.79,0.41,00,00,13,00
Municipality_Measure_Costs,00_00_13_00,D,average,100,587.02,0.82,00,00,13,00
Municipality_Measure_Costs,00_00_13_00,D&G,average,20,28.16,0.09,00,00,13,00
Municipality_Measure_Costs,00_00_13_00,D&G,average,60,242.84,0.44,00,00,13,00
Municipality_Measure_Costs,00_00_13_00,D&G,average,100,604.33,0.84,00,00,13,00
Municipality_Measure_Costs,00_00_13_00,D&G&Wp,average,20,28.16,0.09,00,00,13,00
Municipality_Measure_Costs,00_00_13_00,D&G&Wp,average,60,267.46,0.49,00,00,13,00
Municipality_Measure_Costs,00_00_13_00,D&G&Wp,average,100,618.79,0.86,00,00,13,00
Municipality_Measure_Costs,00_00_13_00,D&Wp,average,20,28.16,0.09,00,00,13,00
Municipality_Measure_Costs,00_00_13_00,D&Wp,average,60,270.25,0.49,00,00,13,00
Municipality_Measure_Costs,00_00_13_00,D&Wp,average,100,617.38,0.86,00,00,13,00
Municipality_Measure_Costs,00_00_13_00,G,average,20,28.16,0.09,00,00,13,00
Municipality_Measure_Costs,00_00_13_00,G,average,60,261.89,0.48,00,00,13,00
Municipality_Measure_Costs,00_00_13_00,G,average,100,621.63,0.86,00,00,13,00
Municipality_Measure_Costs,00_00_13_00,G&Wp,average,20,28.16,0.09,00,00,13,00
Municipality_Measure_Costs,00_00_13_00,G&Wp,average,60,289.3,0.53,00,00,13,00
Municipality_Measure_Costs,00_00_13_00,G&Wp,average,100,634.68,0.88,00,00,13,00
Municipality_Measure_Costs,00_00_13_00,Wp,average,20,28.16,0.09,00,00,13,00
Municipality_Measure_Costs,00_00_13_00,Wp,average,60,316.7,0.58,00,00,13,00
Municipality_Measure_Costs,00_00_13_00,Wp,average,100,647.73,0.9,00,00,13,00
Municipality_Measure_Costs,00_01_00_00,D,average,20,0.0,0.0,00,01,00,00
Municipality_Measure_Costs,00_01_00_00,D,average,60,0.0,0.0,00,01,00,00
Municipality_Measure_Costs,00_01_00_00,D,average,100,0.0,0.0,00,01,00,00
Municipality_Measure_Costs,00_01_00_00,D&G,average,20,0.0,0.0,00,01,00,00
Municipality_Measure_Costs,00_01_00_00,D&G,average,60,0.0,0.0,00,01,00,00
Municipality_Measure_Costs,00_01_00_00,D&G,average,100,0.0,0.0,00,01,00,00
Municipality_Measure_Costs,00_01_00_00,D&G&Wp,average,20,0.0,0.0,00,01,00,00
Municipality_Measure_Costs,00_01_00_00,D&G&Wp,average,60,0.0,0.0,00,01,00,00
Municipality_Measure_Costs,00_01_00_00,D&G&Wp,average,100,0.0,0.0,00,01,00,00
Municipality_Measure_Costs,00_01_00_00,D&Wp,average,20,0.0,0.0,00,01,00,00
Municipality_Measure_Costs,00_01_00_00,D&Wp,average,60,0.0,0.0,00,01,00,00
Municipality_Measure_Costs,00_01_00_00,D&Wp,average,100,0.0,0.0,00,01,00,00
Municipality_Measure_Costs,00_01_00_00,G,average,20,0.0,0.0,00,01,00,00
Municipality_Measure_Costs,00_01_00_00,G,average,60,0.0,0.0,00,01,00,00
Municipality_Measure_Costs,00_01_00_00,G,average,100,0.0,0.0,00,01,00,00
Municipality_Measure_Costs,00_01_00_00,G&Wp,average,20,0.0,0.0,00,01,00,00
Municipality_Measure_Costs,00_01_00_00,G&Wp,average,60,0.0,0.0,00,01,00,00
Municipality_Measure_Costs,00_01_00_00,G&Wp,average,100,0.0,0.0,00,01,00,00
Municipality_Measure_Costs,00_01_00_00,Wp,average,20,0.0,0.0,00,01,00,00
Municipality_Measure_Costs,00_01_00_00,Wp,average,60,0.0,0.0,00,01,00,00
Municipality_Measure_Costs,00_01_00_00,Wp,average,100,0.0,0.0,00,01,00,00
Municipality_Measure_Costs,00_01_01_00,D,average,20,21.58,0.07,00,01,01,00
Municipality_Measure_Costs,00_01_01_00,D,average,60,118.42,0.22,00,01,01,00
Municipality_Measure_Costs,00_01_01_00,D,average,100,235.6,0.33,00,01,01,00
Municipality_Measure_Costs,00_01_01_00,D&G,average,20,21.58,0.07,00,01,01,00
Municipality_Measure_Costs,00_01_01_00,D&G,average,60,124.05,0.23,00,01,01,00
Municipality_Measure_Costs,00_01_01_00,D&G,average,100,235.63,0.33,00,01,01,00
Municipality_Measure_Costs,00_01_01_00,D&G&Wp,average,20,21.58,0.07,00,01,01,00
Municipality_Measure_Costs,00_01_01_00,D&G&Wp,average,60,133.57,0.24,00,01,01,00
Municipality_Measure_Costs,00_01_01_00,D&G&Wp,average,100,235.82,0.33,00,01,01,00
Municipality_Measure_Costs,00_01_01_00,D&Wp,average,20,21.58,0.07,00,01,01,00
Municipality_Measure_Costs,00_01_01_00,D&Wp,average,60,135.52,0.25,00,01,01,00
Municipality_Measure_Costs,00_01_01_00,D&Wp,average,100,235.9,0.33,00,01,01,00
Municipality_Measure_Costs,00_01_01_00,G,average,20,21.58,0.07,00,01,01,00
Municipality_Measure_Costs,00_01_01_00,G,average,60,129.67,0.24,00,01,01,00
Municipality_Measure_Costs,00_01_01_00,G,average,100,235.65,0.33,00,01,01,00
Municipality_Measure_Costs,00_01_01_00,G&Wp,average,20,21.58,0.07,00,01,01,00
Municipality_Measure_Costs,00_01_01_00,G&Wp,average,60,141.14,0.26,00,01,01,00
Municipality_Measure_Costs,00_01_01_00,G&Wp,average,100,235.93,0.33,00,01,01,00
Municipality_Measure_Costs,00_01_01_00,Wp,average,20,21.58,0.07,00,01,01,00
Municipality_Measure_Costs,00_01_01_00,Wp,average,60,152.62,0.28,00,01,01,00
Municipality_Measure_Costs,00_01_01_00,Wp,average,100,236.2,0.33,00,01,01,00
Municipality_Measure_Costs,00_01_03_00,D,average,20,26.85,0.08,00,01,03,00
Municipality_Measure_Costs,00_01_03_00,D,average,60,115.67,0.21,00,01,03,00
Municipality_Measure_Costs,00_01_03_00,D,average,100,228.57,0.32,00,01,03,00
Municipality_Measure_Costs,00_01_03_00,D&G,average,20,26.85,0.08,00,01,03,00
Municipality_Measure_Costs,00_01_03_00,D&G,average,60,121.27,0.22,00,01,03,00
Municipality_Measure_Costs,00_01_03_00,D&G,average,100,228.64,0.32,00,01,03,00
Municipality_Measure_Costs,00_01_03_00,D&G&Wp,average,20,26.85,0.08,00,01,03,00
Municipality_Measure_Costs,00_01_03_00,D&G&Wp,average,60,130.65,0.24,00,01,03,00
Municipality_Measure_Costs,00_01_03_00,D&G&Wp,average,100,228.85,0.32,00,01,03,00
Municipality_Measure_Costs,00_01_03_00,D&Wp,average,20,26.85,0.08,00,01,03,00
Municipality_Measure_Costs,00_01_03_00,D&Wp,average,60,132.55,0.24,00,01,03,00
Municipality_Measure_Costs,00_01_03_00,D&Wp,average,100,228.92,0.32,00,01,03,00
Municipality_Measure_Costs,00_01_03_00,G,average,20,26.85,0.08,00,01,03,00
Municipality_Measure_Costs,00_01_03_00,G,average,60,126.87,0.23,00,01,03,00
Municipality_Measure_Costs,00_01_03_00,G,average,100,228.72,0.32,00,01,03,00
Municipality_Measure_Costs,00_01_03_00,G&Wp,average,20,26.85,0.08,00,01,03,00
Municipality_Measure_Costs,00_01_03_00,G&Wp,average,60,138.15,0.25,00,01,03,00
Municipality_Measure_Costs,00_01_03_00,G&Wp,average,100,228.99,0.32,00,01,03,00
Municipality_Measure_Costs,00_01_03_00,Wp,average,20,26.85,0.08,00,01,03,00
Municipality_Measure_Costs,00_01_03_00,Wp,average,60,149.42,0.27,00,01,03,00
Municipality_Measure_Costs,00_01_03_00,Wp,average,100,229.27,0.32,00,01,03,00
Municipality_Measure_Costs,00_01_05_00,D,average,20,56.0,0.17,00,01,05,00
Municipality_Measure_Costs,00_01_05_00,D,average,60,140.4,0.26,00,01,05,00
Municipality_Measure_Costs,00_01_05_00,D,average,100,154.6,0.21,00,01,05,00
Municipality_Measure_Costs,00_01_05_00,D&G,average,20,56.0,0.17,00,01,05,00
Municipality_Measure_Costs,00_01_05_00,D&G,average,60,140.4,0.26,00,01,05,00
Municipality_Measure_Costs,00_01_05_00,D&G,average,100,154.6,0.21,00,01,05,00
Municipality_Measure_Costs,00_01_05_00,D&G&Wp,average,20,56.0,0.17,00,01,05,00
Municipality_Measure_Costs,00_01_05_00,D&G&Wp,average,60,140.4,0.26,00,01,05,00
Municipality_Measure_Costs,00_01_05_00,D&G&Wp,average,100,154.6,0.21,00,01,05,00
Municipality_Measure_Costs,00_01_05_00,D&Wp,average,20,56.0,0.17,00,01,05,00
Municipality_Measure_Costs,00_01_05_00,D&Wp,average,60,140.4,0.26,00,01,05,00
Municipality_Measure_Costs,00_01_05_00,D&Wp,average,100,154.6,0.21,00,01,05,00
Municipality_Measure_Costs,00_01_05_00,G,average,20,56.0,0.17,00,01,05,00
Municipality_Measure_Costs,00_01_05_00,G,average,60,140.4,0.26,00,01,05,00
Municipality_Measure_Costs,00_01_05_00,G,average,100,154.6,0.21,00,01,05,00
Municipality_Measure_Costs,00_01_05_00,G&Wp,average,20,56.0,0.17,00,01,05,00
Municipality_Measure_Costs,00_01_05_00,G&Wp,average,60,140.4,0.26,00,01,05,00
Municipality_Measure_Costs,00_01_05_00,G&Wp,average,100,154.6,0.21,00,01,05,00
Municipality_Measure_Costs,00_01_05_00,Wp,average,20,56.0,0.17,00,01,05,00
Municipality_Measure_Costs,00_01_05_00,Wp,average,60,140.4,0.26,00,01,05,00
Municipality_Measure_Costs,00_01_05_00,Wp,average,100,154.6,0.21,00,01,05,00
Municipality_Measure_Costs,00_01_07_00,D,average,20,145.7,0.44,00,01,07,00
Municipality_Measure_Costs,00_01_07_00,D,average,60,358.6,0.65,00,01,07,00
Municipality_Measure_Costs,00_01_07_00,D,average,100,381.0,0.53,00,01,07,00
Municipality_Measure_Costs,00_01_07_00,D&G,average,20,145.7,0.44,00,01,07,00
Municipality_Measure_Costs,00_01_07_00,D&G,average,60,358.6,0.65,00,01,07,00
Municipality_Measure_Costs,00_01_07_00,D&G,average,100,381.0,0.53,00,01,07,00
Municipality_Measure_Costs,00_01_07_00,D&G&Wp,average,20,145.7,0.44,00,01,07,00
Municipality_Measure_Costs,00_01_07_00,D&G&Wp,average,60,358.6,0.65,00,01,07,00
Municipality_Measure_Costs,00_01_07_00,D&G&Wp,average,100,381.0,0.53,00,01,07,00
Municipality_Measure_Costs,00_01_07_00,D&Wp,average,20,145.7,0.44,00,01,07,00
Municipality_Measure_Costs,00_01_07_00,D&Wp,average,60,358.6,0.65,00,01,07,00
Municipality_Measure_Costs,00_01_07_00,D&Wp,average,100,381.0,0.53,00,01,07,00
Municipality_Measure_Costs,00_01_07_00,G,average,20,145.7,0.44,00,01,07,00
Municipality_Measure_Costs,00_01_07_00,G,average,60,358.6,0.65,00,01,07,00
Municipality_Measure_Costs,00_01_07_00,G,average,100,381.0,0.53,00,01,07,00
Municipality_Measure_Costs,00_01_07_00,G&Wp,average,20,145.7,0.44,00,01,07,00
Municipality_Measure_Costs,00_01_07_00,G&Wp,average,60,358.6,0.65,00,01,07,00
Municipality_Measure_Costs,00_01_07_00,G&Wp,average,100,381.0,0.53,00,01,07,00
Municipality_Measure_Costs,00_01_07_00,Wp,average,20,145.7,0.44,00,01,07,00
Municipality_Measure_Costs,00_01_07_00,Wp,average,60,358.6,0.65,00,01,07,00
Municipality_Measure_Costs,00_01_07_00,Wp,average,100,381.0,0.53,00,01,07,00
Municipality_Measure_Costs,00_01_09_00,D,average,20,71.0,0.22,00,01,09,00
Municipality_Measure_Costs,00_01_09_00,D,average,60,153.2,0.28,00,01,09,00
Municipality_Measure_Costs,00_01_09_00,D,average,100,153.2,0.21,00,01,09,00
Municipality_Measure_Costs,00_01_09_00,D&G,average,20,71.0,0.22,00,01,09,00
Municipality_Measure_Costs,00_01_09_00,D&G,average,60,153.2,0.28,00,01,09,00
Municipality_Measure_Costs,00_01_09_00,D&G,average,100,153.2,0.21,00,01,09,00
Municipality_Measure_Costs,00_01_09_00,D&G&Wp,average,20,71.0,0.22,00,01,09,00
Municipality_Measure_Costs,00_01_09_00,D&G&Wp,average,60,153.2,0.28,00,01,09,00
Municipality_Measure_Costs,00_01_09_00,D&G&Wp,average,100,156.93,0.22,00,01,09,00
Municipality_Measure_Costs,00_01_09_00,D&Wp,average,20,71.0,0.22,00,01,09,00
Municipality_Measure_Costs,00_01_09_00,D&Wp,average,60,153.2,0.28,00,01,09,00
Municipality_Measure_Costs,00_01_09_00,D&Wp,average,100,158.8,0.22,00,01,09,00
Municipality_Measure_Costs,00_01_09_00,G,average,20,71.0,0.22,00,01,09,00
Municipality_Measure_Costs,00_01_09_00,G,average,60,153.2,0.28,00,01,09,00
Municipality_Measure_Costs,00_01_09_00,G,average,100,153.2,0.21,00,01,09,00
Municipality_Measure_Costs,00_01_09_00,G&Wp,average,20,71.0,0.22,00,01,09,00
Municipality_Measure_Costs,00_01_09_00,G&Wp,average,60,153.2,0.28,00,01,09,00
Municipality_Measure_Costs,00_01_09_00,G&Wp,average,100,158.8,0.22,00,01,09,00
Municipality_Measure_Costs,00_01_09_00,Wp,average,20,71.0,0.22,00,01,09,00
Municipality_Measure_Costs,00_01_09_00,Wp,average,60,153.2,0.28,00,01,09,00
Municipality_Measure_Costs,00_01_09_00,Wp,average,100,164.4,0.23,00,01,09,00
Municipality_Measure_Costs,00_01_11_00,D,average,20,22.34,0.07,00,01,11,00
Municipality_Measure_Costs,00_01_11_00,D,average,60,191.16,0.35,00,01,11,00
Municipality_Measure_Costs,00_01_11_00,D,average,100,452.05,0.63,00,01,11,00
Municipality_Measure_Costs,00_01_11_00,D&G,average,20,22.34,0.07,00,01,11,00
Municipality_Measure_Costs,00_01_11_00,D&G,average,60,193.64,0.35,00,01,11,00
Municipality_Measure_Costs,00_01_11_00,D&G,average,100,452.29,0.63,00,01,11,00
Municipality_Measure_Costs,00_01_11_00,D&G&Wp,average,20,22.34,0.07,00,01,11,00
Municipality_Measure_Costs,00_01_11_00,D&G&Wp,average,60,198.84,0.36,00,01,11,00
Municipality_Measure_Costs,00_01_11_00,D&G&Wp,average,100,457.52,0.64,00,01,11,00
Municipality_Measure_Costs,00_01_11_00,D&Wp,average,20,22.34,0.07,00,01,11,00
Municipality_Measure_Costs,00_01_11_00,D&Wp,average,60,200.2,0.36,00,01,11,00
Municipality_Measure_Costs,00_01_11_00,D&Wp,average,100,460.02,0.64,00,01,11,00
Municipality_Measure_Costs,00_01_11_00,G,average,20,22.34,0.07,00,01,11,00
Municipality_Measure_Costs,00_01_11_00,G,average,60,196.13,0.36,00,01,11,00
Municipality_Measure_Costs,00_01_11_00,G,average,100,452.54,0.63,00,01,11,00
Municipality_Measure_Costs,00_01_11_00,G&Wp,average,20,22.34,0.07,00,01,11,00
Municipality_Measure_Costs,00_01_11_00,G&Wp,average,60,202.68,0.37,00,01,11,00
Municipality_Measure_Costs,00_01_11_00,G&Wp,average,100,460.26,0.64,00,01,11,00
Municipality_Measure_Costs,00_01_11_00,Wp,average,20,22.34,0.07,00,01,11,00
Municipality_Measure_Costs,00_01_11_00,Wp,average,60,209.24,0.38,00,01,11,00
Municipality_Measure_Costs,00_01_11_00,Wp,average,100,467.98,0.65,00,01,11,00
Municipality_Measure_Costs,00_01_13_00,D,average,20,28.16,0.09,00,01,13,00
Municipality_Measure_Costs,00_01_13_00,D,average,60,223.79,0.41,00,01,13,00
Municipality_Measure_Costs,00_01_13_00,D,average,100,587.02,0.82,00,01,13,00
Municipality_Measure_Costs,00_01_13_00,D&G,average,20,28.16,0.09,00,01,13,00
Municipality_Measure_Costs,00_01_13_00,D&G,average,60,242.84,0.44,00,01,13,00
Municipality_Measure_Costs,00_01_13_00,D&G,average,100,604.33,0.84,00,01,13,00
Municipality_Measure_Costs,00_01_13_00,D&G&Wp,average,20,28.16,0.09,00,01,13,00
Municipality_Measure_Costs,00_01_13_00,D&G&Wp,average,60,267.46,0.49,00,01,13,00
Municipality_Measure_Costs,00_01_13_00,D&G&Wp,average,100,618.79,0.86,00,01,13,00
Municipality_Measure_Costs,00_01_13_00,D&Wp,average,20,28.16,0.09,00,01,13,00
Municipality_Measure_Costs,00_01_13_00,D&Wp,average,60,270.25,0.49,00,01,13,00
Municipality_Measure_Costs,00_01_13_00,D&Wp,average,100,617.38,0.86,00,01,13,00
Municipality_Measure_Costs,00_01_13_00,G,average,20,28.16,0.09,00,01,13,00
Municipality_Measure_Costs,00_01_13_00,G,average,60,261.89,0.48,00,01,13,00
Municipality_Measure_Costs,00_01_13_00,G,average,100,621.63,0.86,00,01,13,00
Municipality_Measure_Costs,00_01_13_00,G&Wp,average,20,28.16,0.09,00,01,13,00
Municipality_Measure_Costs,00_01_13_00,G&Wp,average,60,289.3,0.53,00,01,13,00
Municipality_Measure_Costs,00_01_13_00,G&Wp,average,100,634.68,0.88,00,01,13,00
Municipality_Measure_Costs,00_01_13_00,Wp,average,20,28.16,0.09,00,01,13,00
Municipality_Measure_Costs,00_01_13_00,Wp,average,60,316.7,0.58,00,01,13,00
Municipality_Measure_Costs,00_01_13_00,Wp,average,100,647.73,0.9,00,01,13,00
Municipality_Measure_Costs,00_03_00_00,D,average,20,0.0,0.0,00,03,00,00
Municipality_Measure_Costs,00_03_00_00,D,average,60,0.0,0.0,00,03,00,00
Municipality_Measure_Costs,00_03_00_00,D,average,100,0.0,0.0,00,03,00,00
Municipality_Measure_Costs,00_03_00_00,D&G,average,20,0.0,0.0,00,03,00,00
Municipality_Measure_Costs,00_03_00_00,D&G,average,60,0.0,0.0,00,03,00,00
Municipality_Measure_Costs,00_03_00_00,D&G,average,100,0.0,0.0,00,03,00,00
Municipality_Measure_Costs,00_03_00_00,D&G&Wp,average,20,0.0,0.0,00,03,00,00
Municipality_Measure_Costs,00_03_00_00,D&G&Wp,average,60,0.0,0.0,00,03,00,00
Municipality_Measure_Costs,00_03_00_00,D&G&Wp,average,100,0.0,0.0,00,03,00,00
Municipality_Measure_Costs,00_03_00_00,D&Wp,average,20,0.0,0.0,00,03,00,00
Municipality_Measure_Costs,00_03_00_00,D&Wp,average,60,0.0,0.0,00,03,00,00
Municipality_Measure_Costs,00_03_00_00,D&Wp,average,100,0.0,0.0,00,03,00,00
Municipality_Measure_Costs,00_03_00_00,G,average,20,0.0,0.0,00,03,00,00
Municipality_Measure_Costs,00_03_00_00,G,average,60,0.0,0.0,00,03,00,00
Municipality_Measure_Costs,00_03_00_00,G,average,100,0.0,0.0,00,03,00,00
Municipality_Measure_Costs,00_03_00_00,G&Wp,average,20,0.0,0.0,00,03,00,00
Municipality_Measure_Costs,00_03_00_00,G&Wp,average,60,0.0,0.0,00,03,00,00
Municipality_Measure_Costs,00_03_00_00,G&Wp,average,100,0.0,0.0,00,03,00,00
Municipality_Measure_Costs,00_03_00_00,Wp,average,20,0.0,0.0,00,03,00,00
Municipality_Measure_Costs,00_03_00_00,Wp,average,60,0.0,0.0,00,03,00,00
Municipality_Measure_Costs,00_03_00_00,Wp,average,100,0.0,0.0,00,03,00,00
Municipality_Measure_Costs,00_03_01_00,D,average,20,21.58,0.07,00,03,01,00
Municipality_Measure_Costs,00_03_01_00,D,average,60,118.42,0.22,00,03,01,00
Municipality_Measure_Costs,00_03_01_00,D,average,100,235.6,0.33,00,03,01,00
Municipality_Measure_Costs,00_03_01_00,D&G,average,20,21.58,0.07,00,03,01,00
Municipality_Measure_Costs,00_03_01_00,D&G,average,60,124.05,0.23,00,03,01,00
Municipality_Measure_Costs,00_03_01_00,D&G,average,100,235.63,0.33,00,03,01,00
Municipality_Measure_Costs,00_03_01_00,D&G&Wp,average,20,21.58,0.07,00,03,01,00
Municipality_Measure_Costs,00_03_01_00,D&G&Wp,average,60,133.57,0.24,00,03,01,00
Municipality_Measure_Costs,00_03_01_00,D&G&Wp,average,100,235.82,0.33,00,03,01,00
Municipality_Measure_Costs,00_03_01_00,D&Wp,average,20,21.58,0.07,00,03,01,00
Municipality_Measure_Costs,00_03_01_00,D&Wp,average,60,135.52,0.25,00,03,01,00
Municipality_Measure_Costs,00_03_01_00,D&Wp,average,100,235.9,0.33,00,03,01,00
Municipality_Measure_Costs,00_03_01_00,G,average,20,21.58,0.07,00,03,01,00
Municipality_Measure_Costs,00_03_01_00,G,average,60,129.67,0.24,00,03,01,00
Municipality_Measure_Costs,00_03_01_00,G,average,100,235.65,0.33,00,03,01,00
Municipality_Measure_Costs,00_03_01_00,G&Wp,average,20,21.58,0.07,00,03,01,00
Municipality_Measure_Costs,00_03_01_00,G&Wp,average,60,141.14,0.26,00,03,01,00
Municipality_Measure_Costs,00_03_01_00,G&Wp,average,100,235.93,0.33,00,03,01,00
Municipality_Measure_Costs,00_03_01_00,Wp,average,20,21.58,0.07,00,03,01,00
Municipality_Measure_Costs,00_03_01_00,Wp,average,60,152.62,0.28,00,03,01,00
Municipality_Measure_Costs,00_03_01_00,Wp,average,100,236.2,0.33,00,03,01,00
Municipality_Measure_Costs,00_03_03_00,D,average,20,26.85,0.08,00,03,03,00
Municipality_Measure_Costs,00_03_03_00,D,average,60,115.67,0.21,00,03,03,00
Municipality_Measure_Costs,00_03_03_00,D,average,100,228.57,0.32,00,03,03,00
Municipality_Measure_Costs,00_03_03_00,D&G,average,20,26.85,0.08,00,03,03,00
Municipality_Measure_Costs,00_03_03_00,D&G,average,60,121.27,0.22,00,03,03,00
Municipality_Measure_Costs,00_03_03_00,D&G,average,100,228.64,0.32,00,03,03,00
Municipality_Measure_Costs,00_03_03_00,D&G&Wp,average,20,26.85,0.08,00,03,03,00
Municipality_Measure_Costs,00_03_03_00,D&G&Wp,average,60,130.65,0.24,00,03,03,00
Municipality_Measure_Costs,00_03_03_00,D&G&Wp,average,100,228.85,0.32,00,03,03,00
Municipality_Measure_Costs,00_03_03_00,D&Wp,average,20,26.85,0.08,00,03,03,00
Municipality_Measure_Costs,00_03_03_00,D&Wp,average,60,132.55,0.24,00,03,03,00
Municipality_Measure_Costs,00_03_03_00,D&Wp,average,100,228.92,0.32,00,03,03,00
Municipality_Measure_Costs,00_03_03_00,G,average,20,26.85,0.08,00,03,03,00
Municipality_Measure_Costs,00_03_03_00,G,average,60,126.87,0.23,00,03,03,00
Municipality_Measure_Costs,00_03_03_00,G,average,100,228.72,0.32,00,03,03,00
Municipality_Measure_Costs,00_03_03_00,G&Wp,average,20,26.85,0.08,00,03,03,00
Municipality_Measure_Costs,00_03_03_00,G&Wp,average,60,138.15,0.25,00,03,03,00
Municipality_Measure_Costs,00_03_03_00,G&Wp,average,100,228.99,0.32,00,03,03,00
Municipality_Measure_Costs,00_03_03_00,Wp,average,20,26.85,0.08,00,03,03,00
Municipality_Measure_Costs,00_03_03_00,Wp,average,60,149.42,0.27,00,03,03,00
Municipality_Measure_Costs,00_03_03_00,Wp,average,100,229.27,0.32,00,03,03,00
Municipality_Measure_Costs,00_03_05_00,D,average,20,56.0,0.17,00,03,05,00
Municipality_Measure_Costs,00_03_05_00,D,average,60,140.4,0.26,00,03,05,00
Municipality_Measure_Costs,00_03_05_00,D,average,100,154.6,0.21,00,03,05,00
Municipality_Measure_Costs,00_03_05_00,D&G,average,20,56.0,0.17,00,03,05,00
Municipality_Measure_Costs,00_03_05_00,D&G,average,60,140.4,0.26,00,03,05,00
Municipality_Measure_Costs,00_03_05_00,D&G,average,100,154.6,0.21,00,03,05,00
Municipality_Measure_Costs,00_03_05_00,D&G&Wp,average,20,56.0,0.17,00,03,05,00
Municipality_Measure_Costs,00_03_05_00,D&G&Wp,average,60,140.4,0.26,00,03,05,00
Municipality_Measure_Costs,00_03_05_00,D&G&Wp,average,100,154.6,0.21,00,03,05,00
Municipality_Measure_Costs,00_03_05_00,D&Wp,average,20,56.0,0.17,00,03,05,00
Municipality_Measure_Costs,00_03_05_00,D&Wp,average,60,140.4,0.26,00,03,05,00
Municipality_Measure_Costs,00_03_05_00,D&Wp,average,100,154.6,0.21,00,03,05,00
Municipality_Measure_Costs,00_03_05_00,G,average,20,56.0,0.17,00,03,05,00
Municipality_Measure_Costs,00_03_05_00,G,average,60,140.4,0.26,00,03,05,00
Municipality_Measure_Costs,00_03_05_00,G,average,100,154.6,0.21,00,03,05,00
Municipality_Measure_Costs,00_03_05_00,G&Wp,average,20,56.0,0.17,00,03,05,00
Municipality_Measure_Costs,00_03_05_00,G&Wp,average,60,140.4,0.26,00,03,05,00
Municipality_Measure_Costs,00_03_05_00,G&Wp,average,100,154.6,0.21,00,03,05,00
Municipality_Measure_Costs,00_03_05_00,Wp,average,20,56.0,0.17,00,03,05,00
Municipality_Measure_Costs,00_03_05_00,Wp,average,60,140.4,0.26,00,03,05,00
Municipality_Measure_Costs,00_03_05_00,Wp,average,100,154.6,0.21,00,03,05,00
Municipality_Measure_Costs,00_03_07_00,D,average,20,145.7,0.44,00,03,07,00
Municipality_Measure_Costs,00_03_07_00,D,average,60,358.6,0.65,00,03,07,00
Municipality_Measure_Costs,00_03_07_00,D,average,100,381.0,0.53,00,03,07,00
Municipality_Measure_Costs,00_03_07_00,D&G,average,20,145.7,0.44,00,03,07,00
Municipality_Measure_Costs,00_03_07_00,D&G,average,60,358.6,0.65,00,03,07,00
Municipality_Measure_Costs,00_03_07_00,D&G,average,100,381.0,0.53,00,03,07,00
Municipality_Measure_Costs,00_03_07_00,D&G&Wp,average,20,145.7,0.44,00,03,07,00
Municipality_Measure_Costs,00_03_07_00,D&G&Wp,average,60,358.6,0.65,00,03,07,00
Municipality_Measure_Costs,00_03_07_00,D&G&Wp,average,100,381.0,0.53,00,03,07,00
Municipality_Measure_Costs,00_03_07_00,D&Wp,average,20,145.7,0.44,00,03,07,00
Municipality_Measure_Costs,00_03_07_00,D&Wp,average,60,358.6,0.65,00,03,07,00
Municipality_Measure_Costs,00_03_07_00,D&Wp,average,100,381.0,0.53,00,03,07,00
Municipality_Measure_Costs,00_03_07_00,G,average,20,145.7,0.44,00,03,07,00
Municipality_Measure_Costs,00_03_07_00,G,average,60,358.6,0.65,00,03,07,00
Municipality_Measure_Costs,00_03_07_00,G,average,100,381.0,0.53,00,03,07,00
Municipality_Measure_Costs,00_03_07_00,G&Wp,average,20,145.7,0.44,00,03,07,00
Municipality_Measure_Costs,00_03_07_00,G&Wp,average,60,358.6,0.65,00,03,07,00
Municipality_Measure_Costs,00_03_07_00,G&Wp,average,100,381.0,0.53,00,03,07,00
Municipality_Measure_Costs,00_03_07_00,Wp,average,20,145.7,0.44,00,03,07,00
Municipality_Measure_Costs,00_03_07_00,Wp,average,60,358.6,0.65,00,03,07,00
Municipality_Measure_Costs,00_03_07_00,Wp,average,100,381.0,0.53,00,03,07,00
Municipality_Measure_Costs,00_03_09_00,D,average,20,71.0,0.22,00,03,09,00
Municipality_Measure_Costs,00_03_09_00,D,average,60,153.2,0.28,00,03,09,00
Municipality_Measure_Costs,00_03_09_00,D,average,100,153.2,0.21,00,03,09,00
Municipality_Measure_Costs,00_03_09_00,D&G,average,20,71.0,0.22,00,03,09,00
Municipality_Measure_Costs,00_03_09_00,D&G,average,60,153.2,0.28,00,03,09,00
Municipality_Measure_Costs,00_03_09_00,D&G,average,100,153.2,0.21,00,03,09,00
Municipality_Measure_Costs,00_03_09_00,D&G&Wp,average,20,71.0,0.22,00,03,09,00
Municipality_Measure_Costs,00_03_09_00,D&G&Wp,average,60,153.2,0.28,00,03,09,00
Municipality_Measure_Costs,00_03_09_00,D&G&Wp,average,100,156.93,0.22,00,03,09,00
Municipality_Measure_Costs,00_03_09_00,D&Wp,average,20,71.0,0.22,00,03,09,00
Municipality_Measure_Costs,00_03_09_00,D&Wp,average,60,153.2,0.28,00,03,09,00
Municipality_Measure_Costs,00_03_09_00,D&Wp,average,100,158.8,0.22,00,03,09,00
Municipality_Measure_Costs,00_03_09_00,G,average,20,71.0,0.22,00,03,09,00
Municipality_Measure_Costs,00_03_09_00,G,average,60,153.2,0.28,00,03,09,00
Municipality_Measure_Costs,00_03_09_00,G,average,100,153.2,0.21,00,03,09,00
Municipality_Measure_Costs,00_03_09_00,G&Wp,average,20,71.0,0.22,00,03,09,00
Municipality_Measure_Costs,00_03_09_00,G&Wp,average,60,153.2,0.28,00,03,09,00
Municipality_Measure_Costs,00_03_09_00,G&Wp,average,100,158.8,0.22,00,03,09,00
Municipality_Measure_Costs,00_03_09_00,Wp,average,20,71.0,0.22,00,03,09,00
Municipality_Measure_Costs,00_03_09_00,Wp,average,60,153.2,0.28,00,03,09,00
Municipality_Measure_Costs,00_03_09_00,Wp,average,100,164.4,0.23,00,03,09,00
Municipality_Measure_Costs,00_03_11_00,D,average,20,22.34,0.07,00,03,11,00
Municipality_Measure_Costs,00_03_11_00,D,average,60,191.16,0.35,00,03,11,00
Municipality_Measure_Costs,00_03_11_00,D,average,100,452.05,0.63,00,03,11,00
Municipality_Measure_Costs,00_03_11_00,D&G,average,20,22.34,0.07,00,03,11,00
Municipality_Measure_Costs,00_03_11_00,D&G,average,60,193.64,0.35,00,03,11,00
Municipality_Measure_Costs,00_03_11_00,D&G,average,100,452.29,0.63,00,03,11,00
Municipality_Measure_Costs,00_03_11_00,D&G&Wp,average,20,22.34,0.07,00,03,11,00
Municipality_Measure_Costs,00_03_11_00,D&G&Wp,average,60,198.84,0.36,00,03,11,00
Municipality_Measure_Costs,00_03_11_00,D&G&Wp,average,100,457.52,0.64,00,03,11,00
Municipality_Measure_Costs,00_03_11_00,D&Wp,average,20,22.34,0.07,00,03,11,00
Municipality_Measure_Costs,00_03_11_00,D&Wp,average,60,200.2,0.36,00,03,11,00
Municipality_Measure_Costs,00_03_11_00,D&Wp,average,100,460.02,0.64,00,03,11,00
Municipality_Measure_Costs,00_03_11_00,G,average,20,22.34,0.07,00,03,11,00
Municipality_Measure_Costs,00_03_11_00,G,average,60,196.13,0.36,00,03,11,00
Municipality_Measure_Costs,00_03_11_00,G,average,100,452.54,0.63,00,03,11,00
Municipality_Measure_Costs,00_03_11_00,G&Wp,average,20,22.34,0.07,00,03,11,00
Municipality_Measure_Costs,00_03_11_00,G&Wp,average,60,202.68,0.37,00,03,11,00
Municipality_Measure_Costs,00_03_11_00,G&Wp,average,100,460.26,0.64,00,03,11,00
Municipality_Measure_Costs,00_03_11_00,Wp,average,20,22.34,0.07,00,03,11,00
Municipality_Measure_Costs,00_03_11_00,Wp,average,60,209.24,0.38,00,03,11,00
Municipality_Measure_Costs,00_03_11_00,Wp,average,100,467.98,0.65,00,03,11,00
Municipality_Measure_Costs,00_03_13_00,D,average,20,28.16,0.09,00,03,13,00
Municipality_Measure_Costs,00_03_13_00,D,average,60,223.79,0.41,00,03,13,00
Municipality_Measure_Costs,00_03_13_00,D,average,100,587.02,0.82,00,03,13,00
Municipality_Measure_Costs,00_03_13_00,D&G,average,20,28.16,0.09,00,03,13,00
Municipality_Measure_Costs,00_03_13_00,D&G,average,60,242.84,0.44,00,03,13,00
Municipality_Measure_Costs,00_03_13_00,D&G,average,100,604.33,0.84,00,03,13,00
Municipality_Measure_Costs,00_03_13_00,D&G&Wp,average,20,28.16,0.09,00,03,13,00
Municipality_Measure_Costs,00_03_13_00,D&G&Wp,average,60,267.46,0.49,00,03,13,00
Municipality_Measure_Costs,00_03_13_00,D&G&Wp,average,100,618.79,0.86,00,03,13,00
Municipality_Measure_Costs,00_03_13_00,D&Wp,average,20,28.16,0.09,00,03,13,00
Municipality_Measure_Costs,00_03_13_00,D&Wp,average,60,270.25,0.49,00,03,13,00
Municipality_Measure_Costs,00_03_13_00,D&Wp,average,100,617.38,0.86,00,03,13,00
Municipality_Measure_Costs,00_03_13_00,G,average,20,28.16,0.09,00,03,13,00
Municipality_Measure_Costs,00_03_13_00,G,average,60,261.89,0.48,00,03,13,00
Municipality_Measure_Costs,00_03_13_00,G,average,100,621.63,0.86,00,03,13,00
Municipality_Measure_Costs,00_03_13_00,G&Wp,average,20,28.16,0.09,00,03,13,00
Municipality_Measure_Costs,00_03_13_00,G&Wp,average,60,289.3,0.53,00,03,13,00
Municipality_Measure_Costs,00_03_13_00,G&Wp,average,100,634.68,0.88,00,03,13,00
Municipality_Measure_Costs,00_03_13_00,Wp,average,20,28.16,0.09,00,03,13,00
Municipality_Measure_Costs,00_03_13_00,Wp,average,60,316.7,0.58,00,03,13,00
Municipality_Measure_Costs,00_03_13_00,Wp,average,100,647.73,0.9,00,03,13,00
Municipality_Measure_Costs,00_05_00_00,D,average,20,0.0,0.0,00,05,00,00
Municipality_Measure_Costs,00_05_00_00,D,average,60,0.0,0.0,00,05,00,00
Municipality_Measure_Costs,00_05_00_00,D,average,100,0.0,0.0,00,05,00,00
Municipality_Measure_Costs,00_05_00_00,D&G,average,20,0.0,0.0,00,05,00,00
Municipality_Measure_Costs,00_05_00_00,D&G,average,60,0.0,0.0,00,05,00,00
Municipality_Measure_Costs,00_05_00_00,D&G,average,100,0.0,0.0,00,05,00,00
Municipality_Measure_Costs,00_05_00_00,D&G&Wp,average,20,0.0,0.0,00,05,00,00
Municipality_Measure_Costs,00_05_00_00,D&G&Wp,average,60,0.0,0.0,00,05,00,00
Municipality_Measure_Costs,00_05_00_00,D&G&Wp,average,100,0.0,0.0,00,05,00,00
Municipality_Measure_Costs,00_05_00_00,D&Wp,average,20,0.0,0.0,00,05,00,00
Municipality_Measure_Costs,00_05_00_00,D&Wp,average,60,0.0,0.0,00,05,00,00
Municipality_Measure_Costs,00_05_00_00,D&Wp,average,100,0.0,0.0,00,05,00,00
Municipality_Measure_Costs,00_05_00_00,G,average,20,0.0,0.0,00,05,00,00
Municipality_Measure_Costs,00_05_00_00,G,average,60,0.0,0.0,00,05,00,00
Municipality_Measure_Costs,00_05_00_00,G,average,100,0.0,0.0,00,05,00,00
Municipality_Measure_Costs,00_05_00_00,G&Wp,average,20,0.0,0.0,00,05,00,00
Municipality_Measure_Costs,00_05_00_00,G&Wp,average,60,0.0,0.0,00,05,00,00
Municipality_Measure_Costs,00_05_00_00,G&Wp,average,100,0.0,0.0,00,05,00,00
Municipality_Measure_Costs,00_05_00_00,Wp,average,20,0.0,0.0,00,05,00,00
Municipality_Measure_Costs,00_05_00_00,Wp,average,60,0.0,0.0,00,05,00,00
Municipality_Measure_Costs,00_05_00_00,Wp,average,100,0.0,0.0,00,05,00,00
Municipality_Measure_Costs,00_05_01_00,D,average,20,21.58,0.07,00,05,01,00
Municipality_Measure_Costs,00_05_01_00,D,average,60,118.42,0.22,00,05,01,00
Municipality_Measure_Costs,00_05_01_00,D,average,100,235.6,0.33,00,05,01,00
Municipality_Measure_Costs,00_05_01_00,D&G,average,20,21.58,0.07,00,05,01,00
Municipality_Measure_Costs,00_05_01_00,D&G,average,60,124.05,0.23,00,05,01,00
Municipality_Measure_Costs,00_05_01_00,D&G,average,100,235.63,0.33,00,05,01,00
Municipality_Measure_Costs,00_05_01_00,D&G&Wp,average,20,21.58,0.07,00,05,01,00
Municipality_Measure_Costs,00_05_01_00,D&G&Wp,average,60,133.57,0.24,00,05,01,00
Municipality_Measure_Costs,00_05_01_00,D&G&Wp,average,100,235.82,0.33,00,05,01,00
Municipality_Measure_Costs,00_05_01_00,D&Wp,average,20,21.58,0.07,00,05,01,00
Municipality_Measure_Costs,00_05_01_00,D&Wp,average,60,135.52,0.25,00,05,01,00
Municipality_Measure_Costs,00_05_01_00,D&Wp,average,100,235.9,0.33,00,05,01,00
Municipality_Measure_Costs,00_05_01_00,G,average,20,21.58,0.07,00,05,01,00
Municipality_Measure_Costs,00_05_01_00,G,average,60,129.67,0.24,00,05,01,00
Municipality_Measure_Costs,00_05_01_00,G,average,100,235.65,0.33,00,05,01,00
Municipality_Measure_Costs,00_05_01_00,G&Wp,average,20,21.58,0.07,00,05,01,00
Municipality_Measure_Costs,00_05_01_00,G&Wp,average,60,141.14,0.26,00,05,01,00
Municipality_Measure_Costs,00_05_01_00,G&Wp,average,100,235.93,0.33,00,05,01,00
Municipality_Measure_Costs,00_05_01_00,Wp,average,20,21.58,0.07,00,05,01,00
Municipality_Measure_Costs,00_05_01_00,Wp,average,60,152.62,0.28,00,05,01,00
Municipality_Measure_Costs,00_05_01_00,Wp,average,100,236.2,0.33,00,05,01,00
Municipality_Measure_Costs,00_05_03_00,D,average,20,26.85,0.08,00,05,03,00
Municipality_Measure_Costs,00_05_03_00,D,average,60,115.67,0.21,00,05,03,00
Municipality_Measure_Costs,00_05_03_00,D,average,100,228.57,0.32,00,05,03,00
Municipality_Measure_Costs,00_05_03_00,D&G,average,20,26.85,0.08,00,05,03,00
Municipality_Measure_Costs,00_05_03_00,D&G,average,60,121.27,0.22,00,05,03,00
Municipality_Measure_Costs,00_05_03_00,D&G,average,100,228.64,0.32,00,05,03,00
Municipality_Measure_Costs,00_05_03_00,D&G&Wp,average,20,26.85,0.08,00,05,03,00
Municipality_Measure_Costs,00_05_03_00,D&G&Wp,average,60,130.65,0.24,00,05,03,00
Municipality_Measure_Costs,00_05_03_00,D&G&Wp,average,100,228.85,0.32,00,05,03,00
Municipality_Measure_Costs,00_05_03_00,D&Wp,average,20,26.85,0.08,00,05,03,00
Municipality_Measure_Costs,00_05_03_00,D&Wp,average,60,132.55,0.24,00,05,03,00
Municipality_Measure_Costs,00_05_03_00,D&Wp,average,100,228.92,0.32,00,05,03,00
Municipality_Measure_Costs,00_05_03_00,G,average,20,26.85,0.08,00,05,03,00
Municipality_Measure_Costs,00_05_03_00,G,average,60,126.87,0.23,00,05,03,00
Municipality_Measure_Costs,00_05_03_00,G,average,100,228.72,0.32,00,05,03,00
Municipality_Measure_Costs,00_05_03_00,G&Wp,average,20,26.85,0.08,00,05,03,00
Municipality_Measure_Costs,00_05_03_00,G&Wp,average,60,138.15,0.25,00,05,03,00
Municipality_Measure_Costs,00_05_03_00,G&Wp,average,100,228.99,0.32,00,05,03,00
Municipality_Measure_Costs,00_05_03_00,Wp,average,20,26.85,0.08,00,05,03,00
Municipality_Measure_Costs,00_05_03_00,Wp,average,60,149.42,0.27,00,05,03,00
Municipality_Measure_Costs,00_05_03_00,Wp,average,100,229.27,0.32,00,05,03,00
Municipality_Measure_Costs,00_05_05_00,D,average,20,56.0,0.17,00,05,05,00
Municipality_Measure_Costs,00_05_05_00,D,average,60,140.4,0.26,00,05,05,00
Municipality_Measure_Costs,00_05_05_00,D,average,100,154.6,0.21,00,05,05,00
Municipality_Measure_Costs,00_05_05_00,D&G,average,20,56.0,0.17,00,05,05,00
Municipality_Measure_Costs,00_05_05_00,D&G,average,60,140.4,0.26,00,05,05,00
Municipality_Measure_Costs,00_05_05_00,D&G,average,100,154.6,0.21,00,05,05,00
Municipality_Measure_Costs,00_05_05_00,D&G&Wp,average,20,56.0,0.17,00,05,05,00
Municipality_Measure_Costs,00_05_05_00,D&G&Wp,average,60,140.4,0.26,00,05,05,00
Municipality_Measure_Costs,00_05_05_00,D&G&Wp,average,100,154.6,0.21,00,05,05,00
Municipality_Measure_Costs,00_05_05_00,D&Wp,average,20,56.0,0.17,00,05,05,00
Municipality_Measure_Costs,00_05_05_00,D&Wp,average,60,140.4,0.26,00,05,05,00
Municipality_Measure_Costs,00_05_05_00,D&Wp,average,100,154.6,0.21,00,05,05,00
Municipality_Measure_Costs,00_05_05_00,G,average,20,56.0,0.17,00,05,05,00
Municipality_Measure_Costs,00_05_05_00,G,average,60,140.4,0.26,00,05,05,00
Municipality_Measure_Costs,00_05_05_00,G,average,100,154.6,0.21,00,05,05,00
Municipality_Measure_Costs,00_05_05_00,G&Wp,average,20,56.0,0.17,00,05,05,00
Municipality_Measure_Costs,00_05_05_00,G&Wp,average,60,140.4,0.26,00,05,05,00
Municipality_Measure_Costs,00_05_05_00,G&Wp,average,100,154.6,0.21,00,05,05,00
Municipality_Measure_Costs,00_05_05_00,Wp,average,20,56.0,0.17,00,05,05,00
Municipality_Measure_Costs,00_05_05_00,Wp,average,60,140.4,0.26,00,05,05,00
Municipality_Measure_Costs,00_05_05_00,Wp,average,100,154.6,0.21,00,05,05,00
Municipality_Measure_Costs,00_05_07_00,D,average,20,145.7,0.44,00,05,07,00
Municipality_Measure_Costs,00_05_07_00,D,average,60,358.6,0.65,00,05,07,00
Municipality_Measure_Costs,00_05_07_00,D,average,100,381.0,0.53,00,05,07,00
Municipality_Measure_Costs,00_05_07_00,D&G,average,20,145.7,0.44,00,05,07,00
Municipality_Measure_Costs,00_05_07_00,D&G,average,60,358.6,0.65,00,05,07,00
Municipality_Measure_Costs,00_05_07_00,D&G,average,100,381.0,0.53,00,05,07,00
Municipality_Measure_Costs,00_05_07_00,D&G&Wp,average,20,145.7,0.44,00,05,07,00
Municipality_Measure_Costs,00_05_07_00,D&G&Wp,average,60,358.6,0.65,00,05,07,00
Municipality_Measure_Costs,00_05_07_00,D&G&Wp,average,100,381.0,0.53,00,05,07,00
Municipality_Measure_Costs,00_05_07_00,D&Wp,average,20,145.7,0.44,00,05,07,00
Municipality_Measure_Costs,00_05_07_00,D&Wp,average,60,358.6,0.65,00,05,07,00
Municipality_Measure_Costs,00_05_07_00,D&Wp,average,100,381.0,0.53,00,05,07,00
Municipality_Measure_Costs,00_05_07_00,G,average,20,145.7,0.44,00,05,07,00
Municipality_Measure_Costs,00_05_07_00,G,average,60,358.6,0.65,00,05,07,00
Municipality_Measure_Costs,00_05_07_00,G,average,100,381.0,0.53,00,05,07,00
Municipality_Measure_Costs,00_05_07_00,G&Wp,average,20,145.7,0.44,00,05,07,00
Municipality_Measure_Costs,00_05_07_00,G&Wp,average,60,358.6,0.65,00,05,07,00
Municipality_Measure_Costs,00_05_07_00,G&Wp,average,100,381.0,0.53,00,05,07,00
Municipality_Measure_Costs,00_05_07_00,Wp,average,20,145.7,0.44,00,05,07,00
Municipality_Measure_Costs,00_05_07_00,Wp,average,60,358.6,0.65,00,05,07,00
Municipality_Measure_Costs,00_05_07_00,Wp,average,100,381.0,0.53,00,05,07,00
Municipality_Measure_Costs,00_05_09_00,D,average,20,71.0,0.22,00,05,09,00
Municipality_Measure_Costs,00_05_09_00,D,average,60,153.2,0.28,00,05,09,00
Municipality_Measure_Costs,00_05_09_00,D,average,100,153.2,0.21,00,05,09,00
Municipality_Measure_Costs,00_05_09_00,D&G,average,20,71.0,0.22,00,05,09,00
Municipality_Measure_Costs,00_05_09_00,D&G,average,60,153.2,0.28,00,05,09,00
Municipality_Measure_Costs,00_05_09_00,D&G,average,100,153.2,0.21,00,05,09,00
Municipality_Measure_Costs,00_05_09_00,D&G&Wp,average,20,71.0,0.22,00,05,09,00
Municipality_Measure_Costs,00_05_09_00,D&G&Wp,average,60,153.2,0.28,00,05,09,00
Municipality_Measure_Costs,00_05_09_00,D&G&Wp,average,100,156.93,0.22,00,05,09,00
Municipality_Measure_Costs,00_05_09_00,D&Wp,average,20,71.0,0.22,00,05,09,00
Municipality_Measure_Costs,00_05_09_00,D&Wp,average,60,153.2,0.28,00,05,09,00
Municipality_Measure_Costs,00_05_09_00,D&Wp,average,100,158.8,0.22,00,05,09,00
Municipality_Measure_Costs,00_05_09_00,G,average,20,71.0,0.22,00,05,09,00
Municipality_Measure_Costs,00_05_09_00,G,average,60,153.2,0.28,00,05,09,00
Municipality_Measure_Costs,00_05_09_00,G,average,100,153.2,0.21,00,05,09,00
Municipality_Measure_Costs,00_05_09_00,G&Wp,average,20,71.0,0.22,00,05,09,00
Municipality_Measure_Costs,00_05_09_00,G&Wp,average,60,153.2,0.28,00,05,09,00
Municipality_Measure_Costs,00_05_09_00,G&Wp,average,100,158.8,0.22,00,05,09,00
Municipality_Measure_Costs,00_05_09_00,Wp,average,20,71.0,0.22,00,05,09,00
Municipality_Measure_Costs,00_05_09_00,Wp,average,60,153.2,0.28,00,05,09,00
Municipality_Measure_Costs,00_05_09_00,Wp,average,100,164.4,0.23,00,05,09,00
Municipality_Measure_Costs,00_05_11_00,D,average,20,22.34,0.07,00,05,11,00
Municipality_Measure_Costs,00_05_11_00,D,average,60,191.16,0.35,00,05,11,00
Municipality_Measure_Costs,00_05_11_00,D,average,100,452.05,0.63,00,05,11,00
Municipality_Measure_Costs,00_05_11_00,D&G,average,20,22.34,0.07,00,05,11,00
Municipality_Measure_Costs,00_05_11_00,D&G,average,60,193.64,0.35,00,05,11,00
Municipality_Measure_Costs,00_05_11_00,D&G,average,100,452.29,0.63,00,05,11,00
Municipality_Measure_Costs,00_05_11_00,D&G&Wp,average,20,22.34,0.07,00,05,11,00
Municipality_Measure_Costs,00_05_11_00,D&G&Wp,average,60,198.84,0.36,00,05,11,00
Municipality_Measure_Costs,00_05_11_00,D&G&Wp,average,100,457.52,0.64,00,05,11,00
Municipality_Measure_Costs,00_05_11_00,D&Wp,average,20,22.34,0.07,00,05,11,00
Municipality_Measure_Costs,00_05_11_00,D&Wp,average,60,200.2,0.36,00,05,11,00
Municipality_Measure_Costs,00_05_11_00,D&Wp,average,100,460.02,0.64,00,05,11,00
Municipality_Measure_Costs,00_05_11_00,G,average,20,22.34,0.07,00,05,11,00
Municipality_Measure_Costs,00_05_11_00,G,average,60,196.13,0.36,00,05,11,00
Municipality_Measure_Costs,00_05_11_00,G,average,100,452.54,0.63,00,05,11,00
Municipality_Measure_Costs,00_05_11_00,G&Wp,average,20,22.34,0.07,00,05,11,00
Municipality_Measure_Costs,00_05_11_00,G&Wp,average,60,202.68,0.37,00,05,11,00
Municipality_Measure_Costs,00_05_11_00,G&Wp,average,100,460.26,0.64,00,05,11,00
Municipality_Measure_Costs,00_05_11_00,Wp,average,20,22.34,0.07,00,05,11,00
Municipality_Measure_Costs,00_05_11_00,Wp,average,60,209.24,0.38,00,05,11,00
Municipality_Measure_Costs,00_05_11_00,Wp,average,100,467.98,0.65,00,05,11,00
Municipality_Measure_Costs,00_05_13_00,D,average,20,28.16,0.09,00,05,13,00
Municipality_Measure_Costs,00_05_13_00,D,average,60,223.79,0.41,00,05,13,00
Municipality_Measure_Costs,00_05_13_00,D,average,100,587.02,0.82,00,05,13,00
Municipality_Measure_Costs,00_05_13_00,D&G,average,20,28.16,0.09,00,05,13,00
Municipality_Measure_Costs,00_05_13_00,D&G,average,60,242.84,0.44,00,05,13,00
Municipality_Measure_Costs,00_05_13_00,D&G,average,100,604.33,0.84,00,05,13,00
Municipality_Measure_Costs,00_05_13_00,D&G&Wp,average,20,28.16,0.09,00,05,13,00
Municipality_Measure_Costs,00_05_13_00,D&G&Wp,average,60,267.46,0.49,00,05,13,00
Municipality_Measure_Costs,00_05_13_00,D&G&Wp,average,100,615.06,0.85,00,05,13,00
Municipality_Measure_Costs,00_05_13_00,D&Wp,average,20,28.16,0.09,00,05,13,00
Municipality_Measure_Costs,00_05_13_00,D&Wp,average,60,270.25,0.49,00,05,13,00
Municipality_Measure_Costs,00_05_13_00,D&Wp,average,100,611.78,0.85,00,05,13,00
Municipality_Measure_Costs,00_05_13_00,G,average,20,28.16,0.09,00,05,13,00
Municipality_Measure_Costs,00_05_13_00,G,average,60,261.89,0.48,00,05,13,00
Municipality_Measure_Costs,00_05_13_00,G,average,100,621.63,0.86,00,05,13,00
Municipality_Measure_Costs,00_05_13_00,G&Wp,average,20,28.16,0.09,00,05,13,00
Municipality_Measure_Costs,00_05_13_00,G&Wp,average,60,289.3,0.53,00,05,13,00
Municipality_Measure_Costs,00_05_13_00,G&Wp,average,100,629.08,0.87,00,05,13,00
Municipality_Measure_Costs,00_05_13_00,Wp,average,20,28.16,0.09,00,05,13,00
Municipality_Measure_Costs,00_05_13_00,Wp,average,60,316.7,0.58,00,05,13,00
Municipality_Measure_Costs,00_05_13_00,Wp,average,100,636.53,0.88,00,05,13,00
Municipality_Measure_Costs,00_06_00_00,D,average,20,0.0,0.0,00,06,00,00
Municipality_Measure_Costs,00_06_00_00,D,average,60,0.0,0.0,00,06,00,00
Municipality_Measure_Costs,00_06_00_00,D,average,100,0.0,0.0,00,06,00,00
Municipality_Measure_Costs,00_06_00_00,D&G,average,20,0.0,0.0,00,06,00,00
Municipality_Measure_Costs,00_06_00_00,D&G,average,60,0.0,0.0,00,06,00,00
Municipality_Measure_Costs,00_06_00_00,D&G,average,100,0.0,0.0,00,06,00,00
Municipality_Measure_Costs,00_06_00_00,D&G&Wp,average,20,0.0,0.0,00,06,00,00
Municipality_Measure_Costs,00_06_00_00,D&G&Wp,average,60,0.0,0.0,00,06,00,00
Municipality_Measure_Costs,00_06_00_00,D&G&Wp,average,100,0.0,0.0,00,06,00,00
Municipality_Measure_Costs,00_06_00_00,D&Wp,average,20,0.0,0.0,00,06,00,00
Municipality_Measure_Costs,00_06_00_00,D&Wp,average,60,0.0,0.0,00,06,00,00
Municipality_Measure_Costs,00_06_00_00,D&Wp,average,100,0.0,0.0,00,06,00,00
Municipality_Measure_Costs,00_06_00_00,G,average,20,0.0,0.0,00,06,00,00
Municipality_Measure_Costs,00_06_00_00,G,average,60,0.0,0.0,00,06,00,00
Municipality_Measure_Costs,00_06_00_00,G,average,100,0.0,0.0,00,06,00,00
Municipality_Measure_Costs,00_06_00_00,G&Wp,average,20,0.0,0.0,00,06,00,00
Municipality_Measure_Costs,00_06_00_00,G&Wp,average,60,0.0,0.0,00,06,00,00
Municipality_Measure_Costs,00_06_00_00,G&Wp,average,100,0.0,0.0,00,06,00,00
Municipality_Measure_Costs,00_06_00_00,Wp,average,20,0.0,0.0,00,06,00,00
Municipality_Measure_Costs,00_06_00_00,Wp,average,60,0.0,0.0,00,06,00,00
Municipality_Measure_Costs,00_06_00_00,Wp,average,100,0.0,0.0,00,06,00,00
Municipality_Measure_Costs,00_06_01_00,D,average,20,21.58,0.07,00,06,01,00
Municipality_Measure_Costs,00_06_01_00,D,average,60,118.42,0.22,00,06,01,00
Municipality_Measure_Costs,00_06_01_00,D,average,100,235.6,0.33,00,06,01,00
Municipality_Measure_Costs,00_06_01_00,D&G,average,20,21.58,0.07,00,06,01,00
Municipality_Measure_Costs,00_06_01_00,D&G,average,60,124.05,0.23,00,06,01,00
Municipality_Measure_Costs,00_06_01_00,D&G,average,100,235.63,0.33,00,06,01,00
Municipality_Measure_Costs,00_06_01_00,D&G&Wp,average,20,21.58,0.07,00,06,01,00
Municipality_Measure_Costs,00_06_01_00,D&G&Wp,average,60,133.57,0.24,00,06,01,00
Municipality_Measure_Costs,00_06_01_00,D&G&Wp,average,100,235.82,0.33,00,06,01,00
Municipality_Measure_Costs,00_06_01_00,D&Wp,average,20,21.58,0.07,00,06,01,00
Municipality_Measure_Costs,00_06_01_00,D&Wp,average,60,135.52,0.25,00,06,01,00
Municipality_Measure_Costs,00_06_01_00,D&Wp,average,100,235.9,0.33,00,06,01,00
Municipality_Measure_Costs,00_06_01_00,G,average,20,21.58,0.07,00,06,01,00
Municipality_Measure_Costs,00_06_01_00,G,average,60,129.67,0.24,00,06,01,00
Municipality_Measure_Costs,00_06_01_00,G,average,100,235.65,0.33,00,06,01,00
Municipality_Measure_Costs,00_06_01_00,G&Wp,average,20,21.58,0.07,00,06,01,00
Municipality_Measure_Costs,00_06_01_00,G&Wp,average,60,141.14,0.26,00,06,01,00
Municipality_Measure_Costs,00_06_01_00,G&Wp,average,100,235.93,0.33,00,06,01,00
Municipality_Measure_Costs,00_06_01_00,Wp,average,20,21.58,0.07,00,06,01,00
Municipality_Measure_Costs,00_06_01_00,Wp,average,60,152.62,0.28,00,06,01,00
Municipality_Measure_Costs,00_06_01_00,Wp,average,100,236.2,0.33,00,06,01,00
Municipality_Measure_Costs,00_06_03_00,D,average,20,26.85,0.08,00,06,03,00
Municipality_Measure_Costs,00_06_03_00,D,average,60,115.67,0.21,00,06,03,00
Municipality_Measure_Costs,00_06_03_00,D,average,100,228.57,0.32,00,06,03,00
Municipality_Measure_Costs,00_06_03_00,D&G,average,20,26.85,0.08,00,06,03,00
Municipality_Measure_Costs,00_06_03_00,D&G,average,60,121.27,0.22,00,06,03,00
Municipality_Measure_Costs,00_06_03_00,D&G,average,100,228.64,0.32,00,06,03,00
Municipality_Measure_Costs,00_06_03_00,D&G&Wp,average,20,26.85,0.08,00,06,03,00
Municipality_Measure_Costs,00_06_03_00,D&G&Wp,average,60,130.65,0.24,00,06,03,00
Municipality_Measure_Costs,00_06_03_00,D&G&Wp,average,100,228.85,0.32,00,06,03,00
Municipality_Measure_Costs,00_06_03_00,D&Wp,average,20,26.85,0.08,00,06,03,00
Municipality_Measure_Costs,00_06_03_00,D&Wp,average,60,132.55,0.24,00,06,03,00
Municipality_Measure_Costs,00_06_03_00,D&Wp,average,100,228.92,0.32,00,06,03,00
Municipality_Measure_Costs,00_06_03_00,G,average,20,26.85,0.08,00,06,03,00
Municipality_Measure_Costs,00_06_03_00,G,average,60,126.87,0.23,00,06,03,00
Municipality_Measure_Costs,00_06_03_00,G,average,100,228.72,0.32,00,06,03,00
Municipality_Measure_Costs,00_06_03_00,G&Wp,average,20,26.85,0.08,00,06,03,00
Municipality_Measure_Costs,00_06_03_00,G&Wp,average,60,138.15,0.25,00,06,03,00
Municipality_Measure_Costs,00_06_03_00,G&Wp,average,100,228.99,0.32,00,06,03,00
Municipality_Measure_Costs,00_06_03_00,Wp,average,20,26.85,0.08,00,06,03,00
Municipality_Measure_Costs,00_06_03_00,Wp,average,60,149.42,0.27,00,06,03,00
Municipality_Measure_Costs,00_06_03_00,Wp,average,100,229.27,0.32,00,06,03,00
Municipality_Measure_Costs,00_06_05_00,D,average,20,56.0,0.17,00,06,05,00
Municipality_Measure_Costs,00_06_05_00,D,average,60,140.4,0.26,00,06,05,00
Municipality_Measure_Costs,00_06_05_00,D,average,100,154.6,0.21,00,06,05,00
Municipality_Measure_Costs,00_06_05_00,D&G,average,20,56.0,0.17,00,06,05,00
Municipality_Measure_Costs,00_06_05_00,D&G,average,60,140.4,0.26,00,06,05,00
Municipality_Measure_Costs,00_06_05_00,D&G,average,100,154.6,0.21,00,06,05,00
Municipality_Measure_Costs,00_06_05_00,D&G&Wp,average,20,56.0,0.17,00,06,05,00
Municipality_Measure_Costs,00_06_05_00,D&G&Wp,average,60,140.4,0.26,00,06,05,00
Municipality_Measure_Costs,00_06_05_00,D&G&Wp,average,100,154.6,0.21,00,06,05,00
Municipality_Measure_Costs,00_06_05_00,D&Wp,average,20,56.0,0.17,00,06,05,00
Municipality_Measure_Costs,00_06_05_00,D&Wp,average,60,140.4,0.26,00,06,05,00
Municipality_Measure_Costs,00_06_05_00,D&Wp,average,100,154.6,0.21,00,06,05,00
Municipality_Measure_Costs,00_06_05_00,G,average,20,56.0,0.17,00,06,05,00
Municipality_Measure_Costs,00_06_05_00,G,average,60,140.4,0.26,00,06,05,00
Municipality_Measure_Costs,00_06_05_00,G,average,100,154.6,0.21,00,06,05,00
Municipality_Measure_Costs,00_06_05_00,G&Wp,average,20,56.0,0.17,00,06,05,00
Municipality_Measure_Costs,00_06_05_00,G&Wp,average,60,140.4,0.26,00,06,05,00
Municipality_Measure_Costs,00_06_05_00,G&Wp,average,100,154.6,0.21,00,06,05,00
Municipality_Measure_Costs,00_06_05_00,Wp,average,20,56.0,0.17,00,06,05,00
Municipality_Measure_Costs,00_06_05_00,Wp,average,60,140.4,0.26,00,06,05,00
Municipality_Measure_Costs,00_06_05_00,Wp,average,100,154.6,0.21,00,06,05,00
Municipality_Measure_Costs,00_06_07_00,D,average,20,145.7,0.44,00,06,07,00
Municipality_Measure_Costs,00_06_07_00,D,average,60,358.6,0.65,00,06,07,00
Municipality_Measure_Costs,00_06_07_00,D,average,100,381.0,0.53,00,06,07,00
Municipality_Measure_Costs,00_06_07_00,D&G,average,20,145.7,0.44,00,06,07,00
Municipality_Measure_Costs,00_06_07_00,D&G,average,60,358.6,0.65,00,06,07,00
Municipality_Measure_Costs,00_06_07_00,D&G,average,100,381.0,0.53,00,06,07,00
Municipality_Measure_Costs,00_06_07_00,D&G&Wp,average,20,145.7,0.44,00,06,07,00
Municipality_Measure_Costs,00_06_07_00,D&G&Wp,average,60,358.6,0.65,00,06,07,00
Municipality_Measure_Costs,00_06_07_00,D&G&Wp,average,100,381.0,0.53,00,06,07,00
Municipality_Measure_Costs,00_06_07_00,D&Wp,average,20,145.7,0.44,00,06,07,00
Municipality_Measure_Costs,00_06_07_00,D&Wp,average,60,358.6,0.65,00,06,07,00
Municipality_Measure_Costs,00_06_07_00,D&Wp,average,100,381.0,0.53,00,06,07,00
Municipality_Measure_Costs,00_06_07_00,G,average,20,145.7,0.44,00,06,07,00
Municipality_Measure_Costs,00_06_07_00,G,average,60,358.6,0.65,00,06,07,00
Municipality_Measure_Costs,00_06_07_00,G,average,100,381.0,0.53,00,06,07,00
Municipality_Measure_Costs,00_06_07_00,G&Wp,average,20,145.7,0.44,00,06,07,00
Municipality_Measure_Costs,00_06_07_00,G&Wp,average,60,358.6,0.65,00,06,07,00
Municipality_Measure_Costs,00_06_07_00,G&Wp,average,100,381.0,0.53,00,06,07,00
Municipality_Measure_Costs,00_06_07_00,Wp,average,20,145.7,0.44,00,06,07,00
Municipality_Measure_Costs,00_06_07_00,Wp,average,60,358.6,0.65,00,06,07,00
Municipality_Measure_Costs,00_06_07_00,Wp,average,100,381.0,0.53,00,06,07,00
Municipality_Measure_Costs,00_06_09_00,D,average,20,71.0,0.22,00,06,09,00
Municipality_Measure_Costs,00_06_09_00,D,average,60,153.2,0.28,00,06,09,00
Municipality_Measure_Costs,00_06_09_00,D,average,100,153.2,0.21,00,06,09,00
Municipality_Measure_Costs,00_06_09_00,D&G,average,20,71.0,0.22,00,06,09,00
Municipality_Measure_Costs,00_06_09_00,D&G,average,60,153.2,0.28,00,06,09,00
Municipality_Measure_Costs,00_06_09_00,D&G,average,100,153.2,0.21,00,06,09,00
Municipality_Measure_Costs,00_06_09_00,D&G&Wp,average,20,71.0,0.22,00,06,09,00
Municipality_Measure_Costs,00_06_09_00,D&G&Wp,average,60,153.2,0.28,00,06,09,00
Municipality_Measure_Costs,00_06_09_00,D&G&Wp,average,100,156.93,0.22,00,06,09,00
Municipality_Measure_Costs,00_06_09_00,D&Wp,average,20,71.0,0.22,00,06,09,00
Municipality_Measure_Costs,00_06_09_00,D&Wp,average,60,153.2,0.28,00,06,09,00
Municipality_Measure_Costs,00_06_09_00,D&Wp,average,100,158.8,0.22,00,06,09,00
Municipality_Measure_Costs,00_06_09_00,G,average,20,71.0,0.22,00,06,09,00
Municipality_Measure_Costs,00_06_09_00,G,average,60,153.2,0.28,00,06,09,00
Municipality_Measure_Costs,00_06_09_00,G,average,100,153.2,0.21,00,06,09,00
Municipality_Measure_Costs,00_06_09_00,G&Wp,average,20,71.0,0.22,00,06,09,00
Municipality_Measure_Costs,00_06_09_00,G&Wp,average,60,153.2,0.28,00,06,09,00
Municipality_Measure_Costs,00_06_09_00,G&Wp,average,100,158.8,0.22,00,06,09,00
Municipality_Measure_Costs,00_06_09_00,Wp,average,20,71.0,0.22,00,06,09,00
Municipality_Measure_Costs,00_06_09_00,Wp,average,60,153.2,0.28,00,06,09,00
Municipality_Measure_Costs,00_06_09_00,Wp,average,100,164.4,0.23,00,06,09,00
Municipality_Measure_Costs,00_06_11_00,D,average,20,22.34,0.07,00,06,11,00
Municipality_Measure_Costs,00_06_11_00,D,average,60,191.16,0.35,00,06,11,00
Municipality_Measure_Costs,00_06_11_00,D,average,100,452.05,0.63,00,06,11,00
Municipality_Measure_Costs,00_06_11_00,D&G,average,20,22.34,0.07,00,06,11,00
Municipality_Measure_Costs,00_06_11_00,D&G,average,60,193.64,0.35,00,06,11,00
Municipality_Measure_Costs,00_06_11_00,D&G,average,100,452.29,0.63,00,06,11,00
Municipality_Measure_Costs,00_06_11_00,D&G&Wp,average,20,22.34,0.07,00,06,11,00
Municipality_Measure_Costs,00_06_11_00,D&G&Wp,average,60,198.84,0.36,00,06,11,00
Municipality_Measure_Costs,00_06_11_00,D&G&Wp,average,100,457.52,0.64,00,06,11,00
Municipality_Measure_Costs,00_06_11_00,D&Wp,average,20,22.34,0.07,00,06,11,00
Municipality_Measure_Costs,00_06_11_00,D&Wp,average,60,200.2,0.36,00,06,11,00
Municipality_Measure_Costs,00_06_11_00,D&Wp,average,100,460.02,0.64,00,06,11,00
Municipality_Measure_Costs,00_06_11_00,G,average,20,22.34,0.07,00,06,11,00
Municipality_Measure_Costs,00_06_11_00,G,average,60,196.13,0.36,00,06,11,00
Municipality_Measure_Costs,00_06_11_00,G,average,100,452.54,0.63,00,06,11,00
Municipality_Measure_Costs,00_06_11_00,G&Wp,average,20,22.34,0.07,00,06,11,00
Municipality_Measure_Costs,00_06_11_00,G&Wp,average,60,202.68,0.37,00,06,11,00
Municipality_Measure_Costs,00_06_11_00,G&Wp,average,100,460.26,0.64,00,06,11,00
Municipality_Measure_Costs,00_06_11_00,Wp,average,20,22.34,0.07,00,06,11,00
Municipality_Measure_Costs,00_06_11_00,Wp,average,60,209.24,0.38,00,06,11,00
Municipality_Measure_Costs,00_06_11_00,Wp,average,100,467.98,0.65,00,06,11,00
Municipality_Measure_Costs,00_06_13_00,D,average,20,28.16,0.09,00,06,13,00
Municipality_Measure_Costs,00_06_13_00,D,average,60,223.79,0.41,00,06,13,00
Municipality_Measure_Costs,00_06_13_00,D,average,100,587.02,0.82,00,06,13,00
Municipality_Measure_Costs,00_06_13_00,D&G,average,20,28.16,0.09,00,06,13,00
Municipality_Measure_Costs,00_06_13_00,D&G,average,60,242.84,0.44,00,06,13,00
Municipality_Measure_Costs,00_06_13_00,D&G,average,100,604.33,0.84,00,06,13,00
Municipality_Measure_Costs,00_06_13_00,D&G&Wp,average,20,28.16,0.09,00,06,13,00
Municipality_Measure_Costs,00_06_13_00,D&G&Wp,average,60,267.46,0.49,00,06,13,00
Municipality_Measure_Costs,00_06_13_00,D&G&Wp,average,100,618.79,0.86,00,06,13,00
Municipality_Measure_Costs,00_06_13_00,D&Wp,average,20,28.16,0.09,00,06,13,00
Municipality_Measure_Costs,00_06_13_00,D&Wp,average,60,270.25,0.49,00,06,13,00
Municipality_Measure_Costs,00_06_13_00,D&Wp,average,100,617.38,0.86,00,06,13,00
Municipality_Measure_Costs,00_06_13_00,G,average,20,28.16,0.09,00,06,13,00
Municipality_Measure_Costs,00_06_13_00,G,average,60,261.89,0.48,00,06,13,00
Municipality_Measure_Costs,00_06_13_00,G,average,100,621.63,0.86,00,06,13,00
Municipality_Measure_Costs,00_06_13_00,G&Wp,average,20,28.16,0.09,00,06,13,00
Municipality_Measure_Costs,00_06_13_00,G&Wp,average,60,289.3,0.53,00,06,13,00
Municipality_Measure_Costs,00_06_13_00,G&Wp,average,100,634.68,0.88,00,06,13,00
Municipality_Measure_Costs,00_06_13_00,Wp,average,20,28.16,0.09,00,06,13,00
Municipality_Measure_Costs,00_06_13_00,Wp,average,60,316.7,0.58,00,06,13,00
Municipality_Measure_Costs,00_06_13_00,Wp,average,100,647.73,0.9,00,06,13,00
Municipality_Measure_Costs,00_07_00_00,D,average,20,0.0,0.0,00,07,00,00
Municipality_Measure_Costs,00_07_00_00,D,average,60,0.0,0.0,00,07,00,00
Municipality_Measure_Costs,00_07_00_00,D,average,100,0.0,0.0,00,07,00,00
Municipality_Measure_Costs,00_07_00_00,D&G,average,20,0.0,0.0,00,07,00,00
Municipality_Measure_Costs,00_07_00_00,D&G,average,60,0.0,0.0,00,07,00,00
Municipality_Measure_Costs,00_07_00_00,D&G,average,100,0.0,0.0,00,07,00,00
Municipality_Measure_Costs,00_07_00_00,D&G&Wp,average,20,0.0,0.0,00,07,00,00
Municipality_Measure_Costs,00_07_00_00,D&G&Wp,average,60,0.0,0.0,00,07,00,00
Municipality_Measure_Costs,00_07_00_00,D&G&Wp,average,100,0.0,0.0,00,07,00,00
Municipality_Measure_Costs,00_07_00_00,D&Wp,average,20,0.0,0.0,00,07,00,00
Municipality_Measure_Costs,00_07_00_00,D&Wp,average,60,0.0,0.0,00,07,00,00
Municipality_Measure_Costs,00_07_00_00,D&Wp,average,100,0.0,0.0,00,07,00,00
Municipality_Measure_Costs,00_07_00_00,G,average,20,0.0,0.0,00,07,00,00
Municipality_Measure_Costs,00_07_00_00,G,average,60,0.0,0.0,00,07,00,00
Municipality_Measure_Costs,00_07_00_00,G,average,100,0.0,0.0,00,07,00,00
Municipality_Measure_Costs,00_07_00_00,G&Wp,average,20,0.0,0.0,00,07,00,00
Municipality_Measure_Costs,00_07_00_00,G&Wp,average,60,0.0,0.0,00,07,00,00
Municipality_Measure_Costs,00_07_00_00,G&Wp,average,100,0.0,0.0,00,07,00,00
Municipality_Measure_Costs,00_07_00_00,Wp,average,20,0.0,0.0,00,07,00,00
Municipality_Measure_Costs,00_07_00_00,Wp,average,60,0.0,0.0,00,07,00,00
Municipality_Measure_Costs,00_07_00_00,Wp,average,100,0.0,0.0,00,07,00,00
Municipality_Measure_Costs,00_07_01_00,D,average,20,21.58,0.07,00,07,01,00
Municipality_Measure_Costs,00_07_01_00,D,average,60,118.42,0.22,00,07,01,00
Municipality_Measure_Costs,00_07_01_00,D,average,100,235.6,0.33,00,07,01,00
Municipality_Measure_Costs,00_07_01_00,D&G,average,20,21.58,0.07,00,07,01,00
Municipality_Measure_Costs,00_07_01_00,D&G,average,60,124.05,0.23,00,07,01,00
Municipality_Measure_Costs,00_07_01_00,D&G,average,100,235.63,0.33,00,07,01,00
Municipality_Measure_Costs,00_07_01_00,D&G&Wp,average,20,21.58,0.07,00,07,01,00
Municipality_Measure_Costs,00_07_01_00,D&G&Wp,average,60,133.57,0.24,00,07,01,00
Municipality_Measure_Costs,00_07_01_00,D&G&Wp,average,100,235.82,0.33,00,07,01,00
Municipality_Measure_Costs,00_07_01_00,D&Wp,average,20,21.58,0.07,00,07,01,00
Municipality_Measure_Costs,00_07_01_00,D&Wp,average,60,135.52,0.25,00,07,01,00
Municipality_Measure_Costs,00_07_01_00,D&Wp,average,100,235.9,0.33,00,07,01,00
Municipality_Measure_Costs,00_07_01_00,G,average,20,21.58,0.07,00,07,01,00
Municipality_Measure_Costs,00_07_01_00,G,average,60,129.67,0.24,00,07,01,00
Municipality_Measure_Costs,00_07_01_00,G,average,100,235.65,0.33,00,07,01,00
Municipality_Measure_Costs,00_07_01_00,G&Wp,average,20,21.58,0.07,00,07,01,00
Municipality_Measure_Costs,00_07_01_00,G&Wp,average,60,141.14,0.26,00,07,01,00
Municipality_Measure_Costs,00_07_01_00,G&Wp,average,100,235.93,0.33,00,07,01,00
Municipality_Measure_Costs,00_07_01_00,Wp,average,20,21.58,0.07,00,07,01,00
Municipality_Measure_Costs,00_07_01_00,Wp,average,60,152.62,0.28,00,07,01,00
Municipality_Measure_Costs,00_07_01_00,Wp,average,100,236.2,0.33,00,07,01,00
Municipality_Measure_Costs,00_07_03_00,D,average,20,26.85,0.08,00,07,03,00
Municipality_Measure_Costs,00_07_03_00,D,average,60,115.67,0.21,00,07,03,00
Municipality_Measure_Costs,00_07_03_00,D,average,100,228.57,0.32,00,07,03,00
Municipality_Measure_Costs,00_07_03_00,D&G,average,20,26.85,0.08,00,07,03,00
Municipality_Measure_Costs,00_07_03_00,D&G,average,60,121.27,0.22,00,07,03,00
Municipality_Measure_Costs,00_07_03_00,D&G,average,100,228.64,0.32,00,07,03,00
Municipality_Measure_Costs,00_07_03_00,D&G&Wp,average,20,26.85,0.08,00,07,03,00
Municipality_Measure_Costs,00_07_03_00,D&G&Wp,average,60,130.65,0.24,00,07,03,00
Municipality_Measure_Costs,00_07_03_00,D&G&Wp,average,100,228.85,0.32,00,07,03,00
Municipality_Measure_Costs,00_07_03_00,D&Wp,average,20,26.85,0.08,00,07,03,00
Municipality_Measure_Costs,00_07_03_00,D&Wp,average,60,132.55,0.24,00,07,03,00
Municipality_Measure_Costs,00_07_03_00,D&Wp,average,100,228.92,0.32,00,07,03,00
Municipality_Measure_Costs,00_07_03_00,G,average,20,26.85,0.08,00,07,03,00
Municipality_Measure_Costs,00_07_03_00,G,average,60,126.87,0.23,00,07,03,00
Municipality_Measure_Costs,00_07_03_00,G,average,100,228.72,0.32,00,07,03,00
Municipality_Measure_Costs,00_07_03_00,G&Wp,average,20,26.85,0.08,00,07,03,00
Municipality_Measure_Costs,00_07_03_00,G&Wp,average,60,138.15,0.25,00,07,03,00
Municipality_Measure_Costs,00_07_03_00,G&Wp,average,100,228.99,0.32,00,07,03,00
Municipality_Measure_Costs,00_07_03_00,Wp,average,20,26.85,0.08,00,07,03,00
Municipality_Measure_Costs,00_07_03_00,Wp,average,60,149.42,0.27,00,07,03,00
Municipality_Measure_Costs,00_07_03_00,Wp,average,100,229.27,0.32,00,07,03,00
Municipality_Measure_Costs,00_07_05_00,D,average,20,56.0,0.17,00,07,05,00
Municipality_Measure_Costs,00_07_05_00,D,average,60,140.4,0.26,00,07,05,00
Municipality_Measure_Costs,00_07_05_00,D,average,100,154.6,0.21,00,07,05,00
Municipality_Measure_Costs,00_07_05_00,D&G,average,20,56.0,0.17,00,07,05,00
Municipality_Measure_Costs,00_07_05_00,D&G,average,60,140.4,0.26,00,07,05,00
Municipality_Measure_Costs,00_07_05_00,D&G,average,100,154.6,0.21,00,07,05,00
Municipality_Measure_Costs,00_07_05_00,D&G&Wp,average,20,56.0,0.17,00,07,05,00
Municipality_Measure_Costs,00_07_05_00,D&G&Wp,average,60,140.4,0.26,00,07,05,00
Municipality_Measure_Costs,00_07_05_00,D&G&Wp,average,100,154.6,0.21,00,07,05,00
Municipality_Measure_Costs,00_07_05_00,D&Wp,average,20,56.0,0.17,00,07,05,00
Municipality_Measure_Costs,00_07_05_00,D&Wp,average,60,140.4,0.26,00,07,05,00
Municipality_Measure_Costs,00_07_05_00,D&Wp,average,100,154.6,0.21,00,07,05,00
Municipality_Measure_Costs,00_07_05_00,G,average,20,56.0,0.17,00,07,05,00
Municipality_Measure_Costs,00_07_05_00,G,average,60,140.4,0.26,00,07,05,00
Municipality_Measure_Costs,00_07_05_00,G,average,100,154.6,0.21,00,07,05,00
Municipality_Measure_Costs,00_07_05_00,G&Wp,average,20,56.0,0.17,00,07,05,00
Municipality_Measure_Costs,00_07_05_00,G&Wp,average,60,140.4,0.26,00,07,05,00
Municipality_Measure_Costs,00_07_05_00,G&Wp,average,100,154.6,0.21,00,07,05,00
Municipality_Measure_Costs,00_07_05_00,Wp,average,20,56.0,0.17,00,07,05,00
Municipality_Measure_Costs,00_07_05_00,Wp,average,60,140.4,0.26,00,07,05,00
Municipality_Measure_Costs,00_07_05_00,Wp,average,100,154.6,0.21,00,07,05,00
Municipality_Measure_Costs,00_07_07_00,D,average,20,145.7,0.44,00,07,07,00
Municipality_Measure_Costs,00_07_07_00,D,average,60,358.6,0.65,00,07,07,00
Municipality_Measure_Costs,00_07_07_00,D,average,100,381.0,0.53,00,07,07,00
Municipality_Measure_Costs,00_07_07_00,D&G,average,20,145.7,0.44,00,07,07,00
Municipality_Measure_Costs,00_07_07_00,D&G,average,60,358.6,0.65,00,07,07,00
Municipality_Measure_Costs,00_07_07_00,D&G,average,100,381.0,0.53,00,07,07,00
Municipality_Measure_Costs,00_07_07_00,D&G&Wp,average,20,145.7,0.44,00,07,07,00
Municipality_Measure_Costs,00_07_07_00,D&G&Wp,average,60,358.6,0.65,00,07,07,00
Municipality_Measure_Costs,00_07_07_00,D&G&Wp,average,100,381.0,0.53,00,07,07,00
Municipality_Measure_Costs,00_07_07_00,D&Wp,average,20,145.7,0.44,00,07,07,00
Municipality_Measure_Costs,00_07_07_00,D&Wp,average,60,358.6,0.65,00,07,07,00
Municipality_Measure_Costs,00_07_07_00,D&Wp,average,100,381.0,0.53,00,07,07,00
Municipality_Measure_Costs,00_07_07_00,G,average,20,145.7,0.44,00,07,07,00
Municipality_Measure_Costs,00_07_07_00,G,average,60,358.6,0.65,00,07,07,00
Municipality_Measure_Costs,00_07_07_00,G,average,100,381.0,0.53,00,07,07,00
Municipality_Measure_Costs,00_07_07_00,G&Wp,average,20,145.7,0.44,00,07,07,00
Municipality_Measure_Costs,00_07_07_00,G&Wp,average,60,358.6,0.65,00,07,07,00
Municipality_Measure_Costs,00_07_07_00,G&Wp,average,100,381.0,0.53,00,07,07,00
Municipality_Measure_Costs,00_07_07_00,Wp,average,20,145.7,0.44,00,07,07,00
Municipality_Measure_Costs,00_07_07_00,Wp,average,60,358.6,0.65,00,07,07,00
Municipality_Measure_Costs,00_07_07_00,Wp,average,100,381.0,0.53,00,07,07,00
Municipality_Measure_Costs,00_07_09_00,D,average,20,71.0,0.22,00,07,09,00
Municipality_Measure_Costs,00_07_09_00,D,average,60,153.2,0.28,00,07,09,00
Municipality_Measure_Costs,00_07_09_00,D,average,100,153.2,0.21,00,07,09,00
Municipality_Measure_Costs,00_07_09_00,D&G,average,20,71.0,0.22,00,07,09,00
Municipality_Measure_Costs,00_07_09_00,D&G,average,60,153.2,0.28,00,07,09,00
Municipality_Measure_Costs,00_07_09_00,D&G,average,100,153.2,0.21,00,07,09,00
Municipality_Measure_Costs,00_07_09_00,D&G&Wp,average,20,71.0,0.22,00,07,09,00
Municipality_Measure_Costs,00_07_09_00,D&G&Wp,average,60,153.2,0.28,00,07,09,00
Municipality_Measure_Costs,00_07_09_00,D&G&Wp,average,100,156.93,0.22,00,07,09,00
Municipality_Measure_Costs,00_07_09_00,D&Wp,average,20,71.0,0.22,00,07,09,00
Municipality_Measure_Costs,00_07_09_00,D&Wp,average,60,153.2,0.28,00,07,09,00
Municipality_Measure_Costs,00_07_09_00,D&Wp,average,100,158.8,0.22,00,07,09,00
Municipality_Measure_Costs,00_07_09_00,G,average,20,71.0,0.22,00,07,09,00
Municipality_Measure_Costs,00_07_09_00,G,average,60,153.2,0.28,00,07,09,00
Municipality_Measure_Costs,00_07_09_00,G,average,100,153.2,0.21,00,07,09,00
Municipality_Measure_Costs,00_07_09_00,G&Wp,average,20,71.0,0.22,00,07,09,00
Municipality_Measure_Costs,00_07_09_00,G&Wp,average,60,153.2,0.28,00,07,09,00
Municipality_Measure_Costs,00_07_09_00,G&Wp,average,100,158.8,0.22,00,07,09,00
Municipality_Measure_Costs,00_07_09_00,Wp,average,20,71.0,0.22,00,07,09,00
Municipality_Measure_Costs,00_07_09_00,Wp,average,60,153.2,0.28,00,07,09,00
Municipality_Measure_Costs,00_07_09_00,Wp,average,100,164.4,0.23,00,07,09,00
Municipality_Measure_Costs,00_07_11_00,D,average,20,22.34,0.07,00,07,11,00
Municipality_Measure_Costs,00_07_11_00,D,average,60,191.16,0.35,00,07,11,00
Municipality_Measure_Costs,00_07_11_00,D,average,100,452.05,0.63,00,07,11,00
Municipality_Measure_Costs,00_07_11_00,D&G,average,20,22.34,0.07,00,07,11,00
Municipality_Measure_Costs,00_07_11_00,D&G,average,60,193.64,0.35,00,07,11,00
Municipality_Measure_Costs,00_07_11_00,D&G,average,100,452.29,0.63,00,07,11,00
Municipality_Measure_Costs,00_07_11_00,D&G&Wp,average,20,22.34,0.07,00,07,11,00
Municipality_Measure_Costs,00_07_11_00,D&G&Wp,average,60,198.84,0.36,00,07,11,00
Municipality_Measure_Costs,00_07_11_00,D&G&Wp,average,100,457.52,0.64,00,07,11,00
Municipality_Measure_Costs,00_07_11_00,D&Wp,average,20,22.34,0.07,00,07,11,00
Municipality_Measure_Costs,00_07_11_00,D&Wp,average,60,200.2,0.36,00,07,11,00
Municipality_Measure_Costs,00_07_11_00,D&Wp,average,100,460.02,0.64,00,07,11,00
Municipality_Measure_Costs,00_07_11_00,G,average,20,22.34,0.07,00,07,11,00
Municipality_Measure_Costs,00_07_11_00,G,average,60,196.13,0.36,00,07,11,00
Municipality_Measure_Costs,00_07_11_00,G,average,100,452.54,0.63,00,07,11,00
Municipality_Measure_Costs,00_07_11_00,G&Wp,average,20,22.34,0.07,00,07,11,00
Municipality_Measure_Costs,00_07_11_00,G&Wp,average,60,202.68,0.37,00,07,11,00
Municipality_Measure_Costs,00_07_11_00,G&Wp,average,100,460.26,0.64,00,07,11,00
Municipality_Measure_Costs,00_07_11_00,Wp,average,20,22.34,0.07,00,07,11,00
Municipality_Measure_Costs,00_07_11_00,Wp,average,60,209.24,0.38,00,07,11,00
Municipality_Measure_Costs,00_07_11_00,Wp,average,100,467.98,0.65,00,07,11,00
Municipality_Measure_Costs,00_07_13_00,D,average,20,28.16,0.09,00,07,13,00
Municipality_Measure_Costs,00_07_13_00,D,average,60,223.79,0.41,00,07,13,00
Municipality_Measure_Costs,00_07_13_00,D,average,100,587.02,0.82,00,07,13,00
Municipality_Measure_Costs,00_07_13_00,D&G,average,20,28.16,0.09,00,07,13,00
Municipality_Measure_Costs,00_07_13_00,D&G,average,60,242.84,0.44,00,07,13,00
Municipality_Measure_Costs,00_07_13_00,D&G,average,100,604.33,0.84,00,07,13,00
Municipality_Measure_Costs,00_07_13_00,D&G&Wp,average,20,28.16,0.09,00,07,13,00
Municipality_Measure_Costs,00_07_13_00,D&G&Wp,average,60,267.46,0.49,00,07,13,00
Municipality_Measure_Costs,00_07_13_00,D&G&Wp,average,100,618.79,0.86,00,07,13,00
Municipality_Measure_Costs,00_07_13_00,D&Wp,average,20,28.16,0.09,00,07,13,00
Municipality_Measure_Costs,00_07_13_00,D&Wp,average,60,270.25,0.49,00,07,13,00
Municipality_Measure_Costs,00_07_13_00,D&Wp,average,100,617.38,0.86,00,07,13,00
Municipality_Measure_Costs,00_07_13_00,G,average,20,28.16,0.09,00,07,13,00
Municipality_Measure_Costs,00_07_13_00,G,average,60,261.89,0.48,00,07,13,00
Municipality_Measure_Costs,00_07_13_00,G,average,100,621.63,0.86,00,07,13,00
Municipality_Measure_Costs,00_07_13_00,G&Wp,average,20,28.16,0.09,00,07,13,00
Municipality_Measure_Costs,00_07_13_00,G&Wp,average,60,289.3,0.53,00,07,13,00
Municipality_Measure_Costs,00_07_13_00,G&Wp,average,100,634.68,0.88,00,07,13,00
Municipality_Measure_Costs,00_07_13_00,Wp,average,20,28.16,0.09,00,07,13,00
Municipality_Measure_Costs,00_07_13_00,Wp,average,60,316.7,0.58,00,07,13,00
Municipality_Measure_Costs,00_07_13_00,Wp,average,100,647.73,0.9,00,07,13,00
Municipality_Measure_Costs,00_08_00_00,D,average,20,0.0,0.0,00,08,00,00
Municipality_Measure_Costs,00_08_00_00,D,average,60,0.0,0.0,00,08,00,00
Municipality_Measure_Costs,00_08_00_00,D,average,100,0.0,0.0,00,08,00,00
Municipality_Measure_Costs,00_08_00_00,D&G,average,20,0.0,0.0,00,08,00,00
Municipality_Measure_Costs,00_08_00_00,D&G,average,60,0.0,0.0,00,08,00,00
Municipality_Measure_Costs,00_08_00_00,D&G,average,100,0.0,0.0,00,08,00,00
Municipality_Measure_Costs,00_08_00_00,D&G&Wp,average,20,0.0,0.0,00,08,00,00
Municipality_Measure_Costs,00_08_00_00,D&G&Wp,average,60,0.0,0.0,00,08,00,00
Municipality_Measure_Costs,00_08_00_00,D&G&Wp,average,100,0.0,0.0,00,08,00,00
Municipality_Measure_Costs,00_08_00_00,D&Wp,average,20,0.0,0.0,00,08,00,00
Municipality_Measure_Costs,00_08_00_00,D&Wp,average,60,0.0,0.0,00,08,00,00
Municipality_Measure_Costs,00_08_00_00,D&Wp,average,100,0.0,0.0,00,08,00,00
Municipality_Measure_Costs,00_08_00_00,G,average,20,0.0,0.0,00,08,00,00
Municipality_Measure_Costs,00_08_00_00,G,average,60,0.0,0.0,00,08,00,00
Municipality_Measure_Costs,00_08_00_00,G,average,100,0.0,0.0,00,08,00,00
Municipality_Measure_Costs,00_08_00_00,G&Wp,average,20,0.0,0.0,00,08,00,00
Municipality_Measure_Costs,00_08_00_00,G&Wp,average,60,0.0,0.0,00,08,00,00
Municipality_Measure_Costs,00_08_00_00,G&Wp,average,100,0.0,0.0,00,08,00,00
Municipality_Measure_Costs,00_08_00_00,Wp,average,20,0.0,0.0,00,08,00,00
Municipality_Measure_Costs,00_08_00_00,Wp,average,60,0.0,0.0,00,08,00,00
Municipality_Measure_Costs,00_08_00_00,Wp,average,100,0.0,0.0,00,08,00,00
Municipality_Measure_Costs,00_08_01_00,D,average,20,21.58,0.07,00,08,01,00
Municipality_Measure_Costs,00_08_01_00,D,average,60,118.42,0.22,00,08,01,00
Municipality_Measure_Costs,00_08_01_00,D,average,100,235.6,0.33,00,08,01,00
Municipality_Measure_Costs,00_08_01_00,D&G,average,20,21.58,0.07,00,08,01,00
Municipality_Measure_Costs,00_08_01_00,D&G,average,60,124.05,0.23,00,08,01,00
Municipality_Measure_Costs,00_08_01_00,D&G,average,100,235.63,0.33,00,08,01,00
Municipality_Measure_Costs,00_08_01_00,D&G&Wp,average,20,21.58,0.07,00,08,01,00
Municipality_Measure_Costs,00_08_01_00,D&G&Wp,average,60,133.57,0.24,00,08,01,00
Municipality_Measure_Costs,00_08_01_00,D&G&Wp,average,100,235.82,0.33,00,08,01,00
Municipality_Measure_Costs,00_08_01_00,D&Wp,average,20,21.58,0.07,00,08,01,00
Municipality_Measure_Costs,00_08_01_00,D&Wp,average,60,135.52,0.25,00,08,01,00
Municipality_Measure_Costs,00_08_01_00,D&Wp,average,100,235.9,0.33,00,08,01,00
Municipality_Measure_Costs,00_08_01_00,G,average,20,21.58,0.07,00,08,01,00
Municipality_Measure_Costs,00_08_01_00,G,average,60,129.67,0.24,00,08,01,00
Municipality_Measure_Costs,00_08_01_00,G,average,100,235.65,0.33,00,08,01,00
Municipality_Measure_Costs,00_08_01_00,G&Wp,average,20,21.58,0.07,00,08,01,00
Municipality_Measure_Costs,00_08_01_00,G&Wp,average,60,141.14,0.26,00,08,01,00
Municipality_Measure_Costs,00_08_01_00,G&Wp,average,100,235.93,0.33,00,08,01,00
Municipality_Measure_Costs,00_08_01_00,Wp,average,20,21.58,0.07,00,08,01,00
Municipality_Measure_Costs,00_08_01_00,Wp,average,60,152.62,0.28,00,08,01,00
Municipality_Measure_Costs,00_08_01_00,Wp,average,100,236.2,0.33,00,08,01,00
Municipality_Measure_Costs,00_08_03_00,D,average,20,26.85,0.08,00,08,03,00
Municipality_Measure_Costs,00_08_03_00,D,average,60,115.67,0.21,00,08,03,00
Municipality_Measure_Costs,00_08_03_00,D,average,100,228.57,0.32,00,08,03,00
Municipality_Measure_Costs,00_08_03_00,D&G,average,20,26.85,0.08,00,08,03,00
Municipality_Measure_Costs,00_08_03_00,D&G,average,60,121.27,0.22,00,08,03,00
Municipality_Measure_Costs,00_08_03_00,D&G,average,100,228.64,0.32,00,08,03,00
Municipality_Measure_Costs,00_08_03_00,D&G&Wp,average,20,26.85,0.08,00,08,03,00
Municipality_Measure_Costs,00_08_03_00,D&G&Wp,average,60,130.65,0.24,00,08,03,00
Municipality_Measure_Costs,00_08_03_00,D&G&Wp,average,100,228.85,0.32,00,08,03,00
Municipality_Measure_Costs,00_08_03_00,D&Wp,average,20,26.85,0.08,00,08,03,00
Municipality_Measure_Costs,00_08_03_00,D&Wp,average,60,132.55,0.24,00,08,03,00
Municipality_Measure_Costs,00_08_03_00,D&Wp,average,100,228.92,0.32,00,08,03,00
Municipality_Measure_Costs,00_08_03_00,G,average,20,26.85,0.08,00,08,03,00
Municipality_Measure_Costs,00_08_03_00,G,average,60,126.87,0.23,00,08,03,00
Municipality_Measure_Costs,00_08_03_00,G,average,100,228.72,0.32,00,08,03,00
Municipality_Measure_Costs,00_08_03_00,G&Wp,average,20,26.85,0.08,00,08,03,00
Municipality_Measure_Costs,00_08_03_00,G&Wp,average,60,138.15,0.25,00,08,03,00
Municipality_Measure_Costs,00_08_03_00,G&Wp,average,100,228.99,0.32,00,08,03,00
Municipality_Measure_Costs,00_08_03_00,Wp,average,20,26.85,0.08,00,08,03,00
Municipality_Measure_Costs,00_08_03_00,Wp,average,60,149.42,0.27,00,08,03,00
Municipality_Measure_Costs,00_08_03_00,Wp,average,100,229.27,0.32,00,08,03,00
Municipality_Measure_Costs,00_08_05_00,D,average,20,56.0,0.17,00,08,05,00
Municipality_Measure_Costs,00_08_05_00,D,average,60,140.4,0.26,00,08,05,00
Municipality_Measure_Costs,00_08_05_00,D,average,100,154.6,0.21,00,08,05,00
Municipality_Measure_Costs,00_08_05_00,D&G,average,20,56.0,0.17,00,08,05,00
Municipality_Measure_Costs,00_08_05_00,D&G,average,60,140.4,0.26,00,08,05,00
Municipality_Measure_Costs,00_08_05_00,D&G,average,100,154.6,0.21,00,08,05,00
Municipality_Measure_Costs,00_08_05_00,D&G&Wp,average,20,56.0,0.17,00,08,05,00
Municipality_Measure_Costs,00_08_05_00,D&G&Wp,average,60,140.4,0.26,00,08,05,00
Municipality_Measure_Costs,00_08_05_00,D&G&Wp,average,100,154.6,0.21,00,08,05,00
Municipality_Measure_Costs,00_08_05_00,D&Wp,average,20,56.0,0.17,00,08,05,00
Municipality_Measure_Costs,00_08_05_00,D&Wp,average,60,140.4,0.26,00,08,05,00
Municipality_Measure_Costs,00_08_05_00,D&Wp,average,100,154.6,0.21,00,08,05,00
Municipality_Measure_Costs,00_08_05_00,G,average,20,56.0,0.17,00,08,05,00
Municipality_Measure_Costs,00_08_05_00,G,average,60,140.4,0.26,00,08,05,00
Municipality_Measure_Costs,00_08_05_00,G,average,100,154.6,0.21,00,08,05,00
Municipality_Measure_Costs,00_08_05_00,G&Wp,average,20,56.0,0.17,00,08,05,00
Municipality_Measure_Costs,00_08_05_00,G&Wp,average,60,140.4,0.26,00,08,05,00
Municipality_Measure_Costs,00_08_05_00,G&Wp,average,100,154.6,0.21,00,08,05,00
Municipality_Measure_Costs,00_08_05_00,Wp,average,20,56.0,0.17,00,08,05,00
Municipality_Measure_Costs,00_08_05_00,Wp,average,60,140.4,0.26,00,08,05,00
Municipality_Measure_Costs,00_08_05_00,Wp,average,100,154.6,0.21,00,08,05,00
Municipality_Measure_Costs,00_08_07_00,D,average,20,145.7,0.44,00,08,07,00
Municipality_Measure_Costs,00_08_07_00,D,average,60,358.6,0.65,00,08,07,00
Municipality_Measure_Costs,00_08_07_00,D,average,100,381.0,0.53,00,08,07,00
Municipality_Measure_Costs,00_08_07_00,D&G,average,20,145.7,0.44,00,08,07,00
Municipality_Measure_Costs,00_08_07_00,D&G,average,60,358.6,0.65,00,08,07,00
Municipality_Measure_Costs,00_08_07_00,D&G,average,100,381.0,0.53,00,08,07,00
Municipality_Measure_Costs,00_08_07_00,D&G&Wp,average,20,145.7,0.44,00,08,07,00
Municipality_Measure_Costs,00_08_07_00,D&G&Wp,average,60,358.6,0.65,00,08,07,00
Municipality_Measure_Costs,00_08_07_00,D&G&Wp,average,100,381.0,0.53,00,08,07,00
Municipality_Measure_Costs,00_08_07_00,D&Wp,average,20,145.7,0.44,00,08,07,00
Municipality_Measure_Costs,00_08_07_00,D&Wp,average,60,358.6,0.65,00,08,07,00
Municipality_Measure_Costs,00_08_07_00,D&Wp,average,100,381.0,0.53,00,08,07,00
Municipality_Measure_Costs,00_08_07_00,G,average,20,145.7,0.44,00,08,07,00
Municipality_Measure_Costs,00_08_07_00,G,average,60,358.6,0.65,00,08,07,00
Municipality_Measure_Costs,00_08_07_00,G,average,100,381.0,0.53,00,08,07,00
Municipality_Measure_Costs,00_08_07_00,G&Wp,average,20,145.7,0.44,00,08,07,00
Municipality_Measure_Costs,00_08_07_00,G&Wp,average,60,358.6,0.65,00,08,07,00
Municipality_Measure_Costs,00_08_07_00,G&Wp,average,100,381.0,0.53,00,08,07,00
Municipality_Measure_Costs,00_08_07_00,Wp,average,20,145.7,0.44,00,08,07,00
Municipality_Measure_Costs,00_08_07_00,Wp,average,60,358.6,0.65,00,08,07,00
Municipality_Measure_Costs,00_08_07_00,Wp,average,100,381.0,0.53,00,08,07,00
Municipality_Measure_Costs,00_08_09_00,D,average,20,71.0,0.22,00,08,09,00
Municipality_Measure_Costs,00_08_09_00,D,average,60,153.2,0.28,00,08,09,00
Municipality_Measure_Costs,00_08_09_00,D,average,100,153.2,0.21,00,08,09,00
Municipality_Measure_Costs,00_08_09_00,D&G,average,20,71.0,0.22,00,08,09,00
Municipality_Measure_Costs,00_08_09_00,D&G,average,60,153.2,0.28,00,08,09,00
Municipality_Measure_Costs,00_08_09_00,D&G,average,100,153.2,0.21,00,08,09,00
Municipality_Measure_Costs,00_08_09_00,D&G&Wp,average,20,71.0,0.22,00,08,09,00
Municipality_Measure_Costs,00_08_09_00,D&G&Wp,average,60,153.2,0.28,00,08,09,00
Municipality_Measure_Costs,00_08_09_00,D&G&Wp,average,100,156.93,0.22,00,08,09,00
Municipality_Measure_Costs,00_08_09_00,D&Wp,average,20,71.0,0.22,00,08,09,00
Municipality_Measure_Costs,00_08_09_00,D&Wp,average,60,153.2,0.28,00,08,09,00
Municipality_Measure_Costs,00_08_09_00,D&Wp,average,100,158.8,0.22,00,08,09,00
Municipality_Measure_Costs,00_08_09_00,G,average,20,71.0,0.22,00,08,09,00
Municipality_Measure_Costs,00_08_09_00,G,average,60,153.2,0.28,00,08,09,00
Municipality_Measure_Costs,00_08_09_00,G,average,100,153.2,0.21,00,08,09,00
Municipality_Measure_Costs,00_08_09_00,G&Wp,average,20,71.0,0.22,00,08,09,00
Municipality_Measure_Costs,00_08_09_00,G&Wp,average,60,153.2,0.28,00,08,09,00
Municipality_Measure_Costs,00_08_09_00,G&Wp,average,100,158.8,0.22,00,08,09,00
Municipality_Measure_Costs,00_08_09_00,Wp,average,20,71.0,0.22,00,08,09,00
Municipality_Measure_Costs,00_08_09_00,Wp,average,60,153.2,0.28,00,08,09,00
Municipality_Measure_Costs,00_08_09_00,Wp,average,100,164.4,0.23,00,08,09,00
Municipality_Measure_Costs,00_08_11_00,D,average,20,22.34,0.07,00,08,11,00
Municipality_Measure_Costs,00_08_11_00,D,average,60,191.16,0.35,00,08,11,00
Municipality_Measure_Costs,00_08_11_00,D,average,100,452.05,0.63,00,08,11,00
Municipality_Measure_Costs,00_08_11_00,D&G,average,20,22.34,0.07,00,08,11,00
Municipality_Measure_Costs,00_08_11_00,D&G,average,60,193.64,0.35,00,08,11,00
Municipality_Measure_Costs,00_08_11_00,D&G,average,100,452.29,0.63,00,08,11,00
Municipality_Measure_Costs,00_08_11_00,D&G&Wp,average,20,22.34,0.07,00,08,11,00
Municipality_Measure_Costs,00_08_11_00,D&G&Wp,average,60,198.84,0.36,00,08,11,00
Municipality_Measure_Costs,00_08_11_00,D&G&Wp,average,100,457.52,0.64,00,08,11,00
Municipality_Measure_Costs,00_08_11_00,D&Wp,average,20,22.34,0.07,00,08,11,00
Municipality_Measure_Costs,00_08_11_00,D&Wp,average,60,200.2,0.36,00,08,11,00
Municipality_Measure_Costs,00_08_11_00,D&Wp,average,100,460.02,0.64,00,08,11,00
Municipality_Measure_Costs,00_08_11_00,G,average,20,22.34,0.07,00,08,11,00
Municipality_Measure_Costs,00_08_11_00,G,average,60,196.13,0.36,00,08,11,00
Municipality_Measure_Costs,00_08_11_00,G,average,100,452.54,0.63,00,08,11,00
Municipality_Measure_Costs,00_08_11_00,G&Wp,average,20,22.34,0.07,00,08,11,00
Municipality_Measure_Costs,00_08_11_00,G&Wp,average,60,202.68,0.37,00,08,11,00
Municipality_Measure_Costs,00_08_11_00,G&Wp,average,100,460.26,0.64,00,08,11,00
Municipality_Measure_Costs,00_08_11_00,Wp,average,20,22.34,0.07,00,08,11,00
Municipality_Measure_Costs,00_08_11_00,Wp,average,60,209.24,0.38,00,08,11,00
Municipality_Measure_Costs,00_08_11_00,Wp,average,100,467.98,0.65,00,08,11,00
Municipality_Measure_Costs,00_08_13_00,D,average,20,28.16,0.09,00,08,13,00
Municipality_Measure_Costs,00_08_13_00,D,average,60,223.79,0.41,00,08,13,00
Municipality_Measure_Costs,00_08_13_00,D,average,100,587.02,0.82,00,08,13,00
Municipality_Measure_Costs,00_08_13_00,D&G,average,20,28.16,0.09,00,08,13,00
Municipality_Measure_Costs,00_08_13_00,D&G,average,60,242.84,0.44,00,08,13,00
Municipality_Measure_Costs,00_08_13_00,D&G,average,100,604.33,0.84,00,08,13,00
Municipality_Measure_Costs,00_08_13_00,D&G&Wp,average,20,28.16,0.09,00,08,13,00
Municipality_Measure_Costs,00_08_13_00,D&G&Wp,average,60,267.46,0.49,00,08,13,00
Municipality_Measure_Costs,00_08_13_00,D&G&Wp,average,100,618.79,0.86,00,08,13,00
Municipality_Measure_Costs,00_08_13_00,D&Wp,average,20,28.16,0.09,00,08,13,00
Municipality_Measure_Costs,00_08_13_00,D&Wp,average,60,270.25,0.49,00,08,13,00
Municipality_Measure_Costs,00_08_13_00,D&Wp,average,100,617.38,0.86,00,08,13,00
Municipality_Measure_Costs,00_08_13_00,G,average,20,28.16,0.09,00,08,13,00
Municipality_Measure_Costs,00_08_13_00,G,average,60,261.89,0.48,00,08,13,00
Municipality_Measure_Costs,00_08_13_00,G,average,100,621.63,0.86,00,08,13,00
Municipality_Measure_Costs,00_08_13_00,G&Wp,average,20,28.16,0.09,00,08,13,00
Municipality_Measure_Costs,00_08_13_00,G&Wp,average,60,289.3,0.53,00,08,13,00
Municipality_Measure_Costs,00_08_13_00,G&Wp,average,100,634.68,0.88,00,08,13,00
Municipality_Measure_Costs,00_08_13_00,Wp,average,20,28.16,0.09,00,08,13,00
Municipality_Measure_Costs,00_08_13_00,Wp,average,60,316.7,0.58,00,08,13,00
Municipality_Measure_Costs,00_08_13_00,Wp,average,100,647.73,0.9,00,08,13,00
Municipality_Measure_Costs,00_09_00_00,D,average,20,0.0,0.0,00,09,00,00
Municipality_Measure_Costs,00_09_00_00,D,average,60,0.0,0.0,00,09,00,00
Municipality_Measure_Costs,00_09_00_00,D,average,100,0.0,0.0,00,09,00,00
Municipality_Measure_Costs,00_09_00_00,D&G,average,20,0.0,0.0,00,09,00,00
Municipality_Measure_Costs,00_09_00_00,D&G,average,60,0.0,0.0,00,09,00,00
Municipality_Measure_Costs,00_09_00_00,D&G,average,100,0.0,0.0,00,09,00,00
Municipality_Measure_Costs,00_09_00_00,D&G&Wp,average,20,0.0,0.0,00,09,00,00
Municipality_Measure_Costs,00_09_00_00,D&G&Wp,average,60,0.0,0.0,00,09,00,00
Municipality_Measure_Costs,00_09_00_00,D&G&Wp,average,100,0.0,0.0,00,09,00,00
Municipality_Measure_Costs,00_09_00_00,D&Wp,average,20,0.0,0.0,00,09,00,00
Municipality_Measure_Costs,00_09_00_00,D&Wp,average,60,0.0,0.0,00,09,00,00
Municipality_Measure_Costs,00_09_00_00,D&Wp,average,100,0.0,0.0,00,09,00,00
Municipality_Measure_Costs,00_09_00_00,G,average,20,0.0,0.0,00,09,00,00
Municipality_Measure_Costs,00_09_00_00,G,average,60,0.0,0.0,00,09,00,00
Municipality_Measure_Costs,00_09_00_00,G,average,100,0.0,0.0,00,09,00,00
Municipality_Measure_Costs,00_09_00_00,G&Wp,average,20,0.0,0.0,00,09,00,00
Municipality_Measure_Costs,00_09_00_00,G&Wp,average,60,0.0,0.0,00,09,00,00
Municipality_Measure_Costs,00_09_00_00,G&Wp,average,100,0.0,0.0,00,09,00,00
Municipality_Measure_Costs,00_09_00_00,Wp,average,20,0.0,0.0,00,09,00,00
Municipality_Measure_Costs,00_09_00_00,Wp,average,60,0.0,0.0,00,09,00,00
Municipality_Measure_Costs,00_09_00_00,Wp,average,100,0.0,0.0,00,09,00,00
Municipality_Measure_Costs,00_09_01_00,D,average,20,21.58,0.07,00,09,01,00
Municipality_Measure_Costs,00_09_01_00,D,average,60,113.39,0.21,00,09,01,00
Municipality_Measure_Costs,00_09_01_00,D,average,100,221.0,0.31,00,09,01,00
Municipality_Measure_Costs,00_09_01_00,D&G,average,20,21.58,0.07,00,09,01,00
Municipality_Measure_Costs,00_09_01_00,D&G,average,60,115.73,0.21,00,09,01,00
Municipality_Measure_Costs,00_09_01_00,D&G,average,100,228.13,0.32,00,09,01,00
Municipality_Measure_Costs,00_09_01_00,D&G&Wp,average,20,21.2,0.06,00,09,01,00
Municipality_Measure_Costs,00_09_01_00,D&G&Wp,average,60,124.08,0.23,00,09,01,00
Municipality_Measure_Costs,00_09_01_00,D&G&Wp,average,100,230.6,0.32,00,09,01,00
Municipality_Measure_Costs,00_09_01_00,D&Wp,average,20,21.01,0.06,00,09,01,00
Municipality_Measure_Costs,00_09_01_00,D&Wp,average,60,127.08,0.23,00,09,01,00
Municipality_Measure_Costs,00_09_01_00,D&Wp,average,100,228.28,0.32,00,09,01,00
Municipality_Measure_Costs,00_09_01_00,G,average,20,21.58,0.07,00,09,01,00
Municipality_Measure_Costs,00_09_01_00,G,average,60,118.07,0.21,00,09,01,00
Municipality_Measure_Costs,00_09_01_00,G,average,100,235.25,0.33,00,09,01,00
Municipality_Measure_Costs,00_09_01_00,G&Wp,average,20,21.01,0.06,00,09,01,00
Municipality_Measure_Costs,00_09_01_00,G&Wp,average,60,129.42,0.24,00,09,01,00
Municipality_Measure_Costs,00_09_01_00,G&Wp,average,100,235.4,0.33,00,09,01,00
Municipality_Measure_Costs,00_09_01_00,Wp,average,20,20.43,0.06,00,09,01,00
Municipality_Measure_Costs,00_09_01_00,Wp,average,60,140.77,0.26,00,09,01,00
Municipality_Measure_Costs,00_09_01_00,Wp,average,100,235.55,0.33,00,09,01,00
Municipality_Measure_Costs,00_09_03_00,D,average,20,26.85,0.08,00,09,03,00
Municipality_Measure_Costs,00_09_03_00,D,average,60,113.92,0.21,00,09,03,00
Municipality_Measure_Costs,00_09_03_00,D,average,100,213.02,0.3,00,09,03,00
Municipality_Measure_Costs,00_09_03_00,D&G,average,20,26.85,0.08,00,09,03,00
Municipality_Measure_Costs,00_09_03_00,D&G,average,60,114.67,0.21,00,09,03,00
Municipality_Measure_Costs,00_09_03_00,D&G,average,100,220.75,0.31,00,09,03,00
Municipality_Measure_Costs,00_09_03_00,D&G&Wp,average,20,25.31,0.08,00,09,03,00
Municipality_Measure_Costs,00_09_03_00,D&G&Wp,average,60,122.44,0.22,00,09,03,00
Municipality_Measure_Costs,00_09_03_00,D&G&Wp,average,100,223.5,0.31,00,09,03,00
Municipality_Measure_Costs,00_09_03_00,D&Wp,average,20,24.54,0.07,00,09,03,00
Municipality_Measure_Costs,00_09_03_00,D&Wp,average,60,125.95,0.23,00,09,03,00
Municipality_Measure_Costs,00_09_03_00,D&Wp,average,100,221.02,0.31,00,09,03,00
Municipality_Measure_Costs,00_09_03_00,G,average,20,26.85,0.08,00,09,03,00
Municipality_Measure_Costs,00_09_03_00,G,average,60,115.42,0.21,00,09,03,00
Municipality_Measure_Costs,00_09_03_00,G,average,100,228.47,0.32,00,09,03,00
Municipality_Measure_Costs,00_09_03_00,G&Wp,average,20,24.54,0.07,00,09,03,00
Municipality_Measure_Costs,00_09_03_00,G&Wp,average,60,126.7,0.23,00,09,03,00
Municipality_Measure_Costs,00_09_03_00,G&Wp,average,100,228.74,0.32,00,09,03,00
Municipality_Measure_Costs,00_09_03_00,Wp,average,20,22.22,0.07,00,09,03,00
Municipality_Measure_Costs,00_09_03_00,Wp,average,60,137.97,0.25,00,09,03,00
Municipality_Measure_Costs,00_09_03_00,Wp,average,100,229.02,0.32,00,09,03,00
Municipality_Measure_Costs,00_09_05_00,D,average,20,56.0,0.17,00,09,05,00
Municipality_Measure_Costs,00_09_05_00,D,average,60,140.4,0.26,00,09,05,00
Municipality_Measure_Costs,00_09_05_00,D,average,100,154.6,0.21,00,09,05,00
Municipality_Measure_Costs,00_09_05_00,D&G,average,20,56.0,0.17,00,09,05,00
Municipality_Measure_Costs,00_09_05_00,D&G,average,60,140.4,0.26,00,09,05,00
Municipality_Measure_Costs,00_09_05_00,D&G,average,100,154.6,0.21,00,09,05,00
Municipality_Measure_Costs,00_09_05_00,D&G&Wp,average,20,52.27,0.16,00,09,05,00
Municipality_Measure_Costs,00_09_05_00,D&G&Wp,average,60,140.4,0.26,00,09,05,00
Municipality_Measure_Costs,00_09_05_00,D&G&Wp,average,100,154.6,0.21,00,09,05,00
Municipality_Measure_Costs,00_09_05_00,D&Wp,average,20,50.4,0.15,00,09,05,00
Municipality_Measure_Costs,00_09_05_00,D&Wp,average,60,140.4,0.26,00,09,05,00
Municipality_Measure_Costs,00_09_05_00,D&Wp,average,100,154.6,0.21,00,09,05,00
Municipality_Measure_Costs,00_09_05_00,G,average,20,56.0,0.17,00,09,05,00
Municipality_Measure_Costs,00_09_05_00,G,average,60,140.4,0.26,00,09,05,00
Municipality_Measure_Costs,00_09_05_00,G,average,100,154.6,0.21,00,09,05,00
Municipality_Measure_Costs,00_09_05_00,G&Wp,average,20,50.4,0.15,00,09,05,00
Municipality_Measure_Costs,00_09_05_00,G&Wp,average,60,140.4,0.26,00,09,05,00
Municipality_Measure_Costs,00_09_05_00,G&Wp,average,100,154.6,0.21,00,09,05,00
Municipality_Measure_Costs,00_09_05_00,Wp,average,20,44.8,0.14,00,09,05,00
Municipality_Measure_Costs,00_09_05_00,Wp,average,60,140.4,0.26,00,09,05,00
Municipality_Measure_Costs,00_09_05_00,Wp,average,100,154.6,0.21,00,09,05,00
Municipality_Measure_Costs,00_09_07_00,D,average,20,145.7,0.44,00,09,07,00
Municipality_Measure_Costs,00_09_07_00,D,average,60,347.4,0.63,00,09,07,00
Municipality_Measure_Costs,00_09_07_00,D,average,100,381.0,0.53,00,09,07,00
Municipality_Measure_Costs,00_09_07_00,D&G,average,20,145.7,0.44,00,09,07,00
Municipality_Measure_Costs,00_09_07_00,D&G,average,60,353.0,0.64,00,09,07,00
Municipality_Measure_Costs,00_09_07_00,D&G,average,100,381.0,0.53,00,09,07,00
Municipality_Measure_Costs,00_09_07_00,D&G&Wp,average,20,136.73,0.41,00,09,07,00
Municipality_Measure_Costs,00_09_07_00,D&G&Wp,average,60,347.4,0.63,00,09,07,00
Municipality_Measure_Costs,00_09_07_00,D&G&Wp,average,100,381.0,0.53,00,09,07,00
Municipality_Measure_Costs,00_09_07_00,D&Wp,average,20,132.25,0.4,00,09,07,00
Municipality_Measure_Costs,00_09_07_00,D&Wp,average,60,341.8,0.62,00,09,07,00
Municipality_Measure_Costs,00_09_07_00,D&Wp,average,100,381.0,0.53,00,09,07,00
Municipality_Measure_Costs,00_09_07_00,G,average,20,145.7,0.44,00,09,07,00
Municipality_Measure_Costs,00_09_07_00,G,average,60,358.6,0.65,00,09,07,00
Municipality_Measure_Costs,00_09_07_00,G,average,100,381.0,0.53,00,09,07,00
Municipality_Measure_Costs,00_09_07_00,G&Wp,average,20,132.25,0.4,00,09,07,00
Municipality_Measure_Costs,00_09_07_00,G&Wp,average,60,347.4,0.63,00,09,07,00
Municipality_Measure_Costs,00_09_07_00,G&Wp,average,100,381.0,0.53,00,09,07,00
Municipality_Measure_Costs,00_09_07_00,Wp,average,20,118.8,0.36,00,09,07,00
Municipality_Measure_Costs,00_09_07_00,Wp,average,60,336.2,0.61,00,09,07,00
Municipality_Measure_Costs,00_09_07_00,Wp,average,100,381.0,0.53,00,09,07,00
Municipality_Measure_Costs,00_09_09_00,D,average,20,71.0,0.22,00,09,09,00
Municipality_Measure_Costs,00_09_09_00,D,average,60,153.2,0.28,00,09,09,00
Municipality_Measure_Costs,00_09_09_00,D,average,100,153.2,0.21,00,09,09,00
Municipality_Measure_Costs,00_09_09_00,D&G,average,20,71.0,0.22,00,09,09,00
Municipality_Measure_Costs,00_09_09_00,D&G,average,60,153.2,0.28,00,09,09,00
Municipality_Measure_Costs,00_09_09_00,D&G,average,100,153.2,0.21,00,09,09,00
Municipality_Measure_Costs,00_09_09_00,D&G&Wp,average,20,66.27,0.2,00,09,09,00
Municipality_Measure_Costs,00_09_09_00,D&G&Wp,average,60,153.2,0.28,00,09,09,00
Municipality_Measure_Costs,00_09_09_00,D&G&Wp,average,100,156.93,0.22,00,09,09,00
Municipality_Measure_Costs,00_09_09_00,D&Wp,average,20,63.9,0.19,00,09,09,00
Municipality_Measure_Costs,00_09_09_00,D&Wp,average,60,153.2,0.28,00,09,09,00
Municipality_Measure_Costs,00_09_09_00,D&Wp,average,100,158.8,0.22,00,09,09,00
Municipality_Measure_Costs,00_09_09_00,G,average,20,71.0,0.22,00,09,09,00
Municipality_Measure_Costs,00_09_09_00,G,average,60,153.2,0.28,00,09,09,00
Municipality_Measure_Costs,00_09_09_00,G,average,100,153.2,0.21,00,09,09,00
Municipality_Measure_Costs,00_09_09_00,G&Wp,average,20,63.9,0.19,00,09,09,00
Municipality_Measure_Costs,00_09_09_00,G&Wp,average,60,153.2,0.28,00,09,09,00
Municipality_Measure_Costs,00_09_09_00,G&Wp,average,100,158.8,0.22,00,09,09,00
Municipality_Measure_Costs,00_09_09_00,Wp,average,20,56.8,0.17,00,09,09,00
Municipality_Measure_Costs,00_09_09_00,Wp,average,60,153.2,0.28,00,09,09,00
Municipality_Measure_Costs,00_09_09_00,Wp,average,100,164.4,0.23,00,09,09,00
Municipality_Measure_Costs,00_09_11_00,D,average,20,22.34,0.07,00,09,11,00
Municipality_Measure_Costs,00_09_11_00,D,average,60,186.72,0.34,00,09,11,00
Municipality_Measure_Costs,00_09_11_00,D,average,100,436.82,0.61,00,09,11,00
Municipality_Measure_Costs,00_09_11_00,D&G,average,20,22.34,0.07,00,09,11,00
Municipality_Measure_Costs,00_09_11_00,D&G,average,60,187.64,0.34,00,09,11,00
Municipality_Measure_Costs,00_09_11_00,D&G,average,100,443.21,0.62,00,09,11,00
Municipality_Measure_Costs,00_09_11_00,D&G&Wp,average,20,21.97,0.07,00,09,11,00
Municipality_Measure_Costs,00_09_11_00,D&G&Wp,average,60,191.76,0.35,00,09,11,00
Municipality_Measure_Costs,00_09_11_00,D&G&Wp,average,100,449.93,0.62,00,09,11,00
Municipality_Measure_Costs,00_09_11_00,D&Wp,average,20,21.78,0.07,00,09,11,00
Municipality_Measure_Costs,00_09_11_00,D&Wp,average,60,193.36,0.35,00,09,11,00
Municipality_Measure_Costs,00_09_11_00,D&Wp,average,100,450.09,0.63,00,09,11,00
Municipality_Measure_Costs,00_09_11_00,G,average,20,22.34,0.07,00,09,11,00
Municipality_Measure_Costs,00_09_11_00,G,average,60,188.56,0.34,00,09,11,00
Municipality_Measure_Costs,00_09_11_00,G,average,100,449.6,0.62,00,09,11,00
Municipality_Measure_Costs,00_09_11_00,G&Wp,average,20,21.78,0.07,00,09,11,00
Municipality_Measure_Costs,00_09_11_00,G&Wp,average,60,194.27,0.35,00,09,11,00
Municipality_Measure_Costs,00_09_11_00,G&Wp,average,100,456.48,0.63,00,09,11,00
Municipality_Measure_Costs,00_09_11_00,Wp,average,20,21.23,0.06,00,09,11,00
Municipality_Measure_Costs,00_09_11_00,Wp,average,60,199.99,0.36,00,09,11,00
Municipality_Measure_Costs,00_09_11_00,Wp,average,100,463.36,0.64,00,09,11,00
Municipality_Measure_Costs,00_09_13_00,D,average,20,28.16,0.09,00,09,13,00
Municipality_Measure_Costs,00_09_13_00,D,average,60,218.65,0.4,00,09,13,00
Municipality_Measure_Costs,00_09_13_00,D,average,100,555.55,0.77,00,09,13,00
Municipality_Measure_Costs,00_09_13_00,D&G,average,20,28.16,0.09,00,09,13,00
Municipality_Measure_Costs,00_09_13_00,D&G,average,60,225.98,0.41,00,09,13,00
Municipality_Measure_Costs,00_09_13_00,D&G,average,100,587.75,0.82,00,09,13,00
Municipality_Measure_Costs,00_09_13_00,D&G&Wp,average,20,26.62,0.08,00,09,13,00
Municipality_Measure_Costs,00_09_13_00,D&G&Wp,average,60,246.69,0.45,00,09,13,00
Municipality_Measure_Costs,00_09_13_00,D&G&Wp,average,100,607.18,0.84,00,09,13,00
Municipality_Measure_Costs,00_09_13_00,D&Wp,average,20,25.85,0.08,00,09,13,00
Municipality_Measure_Costs,00_09_13_00,D&Wp,average,60,253.39,0.46,00,09,13,00
Municipality_Measure_Costs,00_09_13_00,D&Wp,average,100,600.8,0.83,00,09,13,00
Municipality_Measure_Costs,00_09_13_00,G,average,20,28.16,0.09,00,09,13,00
Municipality_Measure_Costs,00_09_13_00,G,average,60,233.31,0.42,00,09,13,00
Municipality_Measure_Costs,00_09_13_00,G,average,100,619.95,0.86,00,09,13,00
Municipality_Measure_Costs,00_09_13_00,G&Wp,average,20,25.85,0.08,00,09,13,00
Municipality_Measure_Costs,00_09_13_00,G&Wp,average,60,260.72,0.47,00,09,13,00
Municipality_Measure_Costs,00_09_13_00,G&Wp,average,100,633.0,0.88,00,09,13,00
Municipality_Measure_Costs,00_09_13_00,Wp,average,20,23.53,0.07,00,09,13,00
Municipality_Measure_Costs,00_09_13_00,Wp,average,60,288.12,0.52,00,09,13,00
Municipality_Measure_Costs,00_09_13_00,Wp,average,100,646.05,0.9,00,09,13,00
Municipality_Structural_Damage,00_00_00_00,D,average,20,670.52,1.0,00,00,00,00
Municipality_Structural_Damage,00_00_00_00,D,average,60,2363.56,1.0,00,00,00,00
Municipality_Structural_Damage,00_00_00_00,D,average,100,3922.26,1.0,00,00,00,00
Municipality_Structural_Damage,00_00_00_00,D&G,average,20,733.12,1.0,00,00,00,00
Municipality_Structural_Damage,00_00_00_00,D&G,average,60,2708.88,1.0,00,00,00,00
Municipality_Structural_Damage,00_00_00_00,D&G,average,100,4856.35,1.0,00,00,00,00
Municipality_Structural_Damage,00_00_00_00,D&G&Wp,average,20,781.14,1.0,00,00,00,00
Municipality_Structural_Damage,00_00_00_00,D&G&Wp,average,60,3278.24,1.0,00,00,00,00
Municipality_Structural_Damage,00_00_00_00,D&G&Wp,average,100,6672.49,1.0,00,00,00,00
Municipality_Structural_Damage,00_00_00_00,D&Wp,average,20,773.84,1.0,00,00,00,00
Municipality_Structural_Damage,00_00_00_00,D&Wp,average,60,3390.25,1.0,00,00,00,00
Municipality_Structural_Damage,00_00_00_00,D&Wp,average,100,7113.51,1.0,00,00,00,00
Municipality_Structural_Damage,00_00_00_00,G,average,20,795.72,1.0,00,00,00,00
Municipality_Structural_Damage,00_00_00_00,G,average,60,3054.21,1.0,00,00,00,00
Municipality_Structural_Damage,00_00_00_00,G,average,100,5790.45,1.0,00,00,00,00
Municipality_Structural_Damage,00_00_00_00,G&Wp,average,20,836.45,1.0,00,00,00,00
Municipality_Structural_Damage,00_00_00_00,G&Wp,average,60,3735.58,1.0,00,00,00,00
Municipality_Structural_Damage,00_00_00_00,G&Wp,average,100,8047.61,1.0,00,00,00,00
Municipality_Structural_Damage,00_00_00_00,Wp,average,20,877.17,1.0,00,00,00,00
Municipality_Structural_Damage,00_00_00_00,Wp,average,60,4416.94,1.0,00,00,00,00
Municipality_Structural_Damage,00_00_00_00,Wp,average,100,10304.77,1.0,00,00,00,00
Municipality_Structural_Damage,00_00_01_00,D,average,20,653.42,0.97,00,00,01,00
Municipality_Structural_Damage,00_00_01_00,D,average,60,1954.39,0.83,00,00,01,00
Municipality_Structural_Damage,00_00_01_00,D,average,100,2317.05,0.59,00,00,01,00
Municipality_Structural_Damage,00_00_01_00,D&G,average,20,713.12,0.97,00,00,01,00
Municipality_Structural_Damage,00_00_01_00,D&G,average,60,2199.87,0.81,00,00,01,00
Municipality_Structural_Damage,00_00_01_00,D&G,average,100,2574.7,0.53,00,00,01,00
Municipality_Structural_Damage,00_00_01_00,D&G&Wp,average,20,758.85,0.97,00,00,01,00
Municipality_Structural_Damage,00_00_01_00,D&G&Wp,average,60,2596.02,0.79,00,00,01,00
Municipality_Structural_Damage,00_00_01_00,D&G&Wp,average,100,2887.0,0.43,00,00,01,00
Municipality_Structural_Damage,00_00_01_00,D&Wp,average,20,751.87,0.97,00,00,01,00
Municipality_Structural_Damage,00_00_01_00,D&Wp,average,60,2671.35,0.79,00,00,01,00
Municipality_Structural_Damage,00_00_01_00,D&Wp,average,100,2914.31,0.41,00,00,01,00
Municipality_Structural_Damage,00_00_01_00,G,average,20,772.82,0.97,00,00,01,00
Municipality_Structural_Damage,00_00_01_00,G,average,60,2445.36,0.8,00,00,01,00
Municipality_Structural_Damage,00_00_01_00,G,average,100,2832.36,0.49,00,00,01,00
Municipality_Structural_Damage,00_00_01_00,G&Wp,average,20,811.57,0.97,00,00,01,00
Municipality_Structural_Damage,00_00_01_00,G&Wp,average,60,2916.84,0.78,00,00,01,00
Municipality_Structural_Damage,00_00_01_00,G&Wp,average,100,3171.97,0.39,00,00,01,00
Municipality_Structural_Damage,00_00_01_00,Wp,average,20,850.32,0.97,00,00,01,00
Municipality_Structural_Damage,00_00_01_00,Wp,average,60,3388.32,0.77,00,00,01,00
Municipality_Structural_Damage,00_00_01_00,Wp,average,100,3511.58,0.34,00,00,01,00
Municipality_Structural_Damage,00_00_03_00,D,average,20,621.83,0.93,00,00,03,00
Municipality_Structural_Damage,00_00_03_00,D,average,60,1913.56,0.81,00,00,03,00
Municipality_Structural_Damage,00_00_03_00,D,average,100,2267.36,0.58,00,00,03,00
Municipality_Structural_Damage,00_00_03_00,D&G,average,20,679.31,0.93,00,00,03,00
Municipality_Structural_Damage,00_00_03_00,D&G,average,60,2149.8,0.79,00,00,03,00
Municipality_Structural_Damage,00_00_03_00,D&G,average,100,2518.46,0.52,00,00,03,00
Municipality_Structural_Damage,00_00_03_00,D&G&Wp,average,20,722.75,0.93,00,00,03,00
Municipality_Structural_Damage,00_00_03_00,D&G&Wp,average,60,2536.54,0.77,00,00,03,00
Municipality_Structural_Damage,00_00_03_00,D&G&Wp,average,100,2823.4,0.42,00,00,03,00
Municipality_Structural_Damage,00_00_03_00,D&Wp,average,20,715.72,0.92,00,00,03,00
Municipality_Structural_Damage,00_00_03_00,D&Wp,average,60,2611.79,0.77,00,00,03,00
Municipality_Structural_Damage,00_00_03_00,D&Wp,average,100,2850.32,0.4,00,00,03,00
Municipality_Structural_Damage,00_00_03_00,G,average,20,736.8,0.93,00,00,03,00
Municipality_Structural_Damage,00_00_03_00,G,average,60,2386.04,0.78,00,00,03,00
Municipality_Structural_Damage,00_00_03_00,G,average,100,2769.57,0.48,00,00,03,00
Municipality_Structural_Damage,00_00_03_00,G&Wp,average,20,773.21,0.92,00,00,03,00
Municipality_Structural_Damage,00_00_03_00,G&Wp,average,60,2848.03,0.76,00,00,03,00
Municipality_Structural_Damage,00_00_03_00,G&Wp,average,100,3101.43,0.39,00,00,03,00
Municipality_Structural_Damage,00_00_03_00,Wp,average,20,809.62,0.92,00,00,03,00
Municipality_Structural_Damage,00_00_03_00,Wp,average,60,3310.02,0.75,00,00,03,00
Municipality_Structural_Damage,00_00_03_00,Wp,average,100,3433.29,0.33,00,00,03,00
Municipality_Structural_Damage,00_00_05_00,D,average,20,192.89,0.29,00,00,05,00
Municipality_Structural_Damage,00_00_05_00,D,average,60,695.03,0.29,00,00,05,00
Municipality_Structural_Damage,00_00_05_00,D,average,100,738.99,0.19,00,00,05,00
Municipality_Structural_Damage,00_00_05_00,D&G,average,20,206.62,0.28,00,00,05,00
Municipality_Structural_Damage,00_00_05_00,D&G,average,60,752.67,0.28,00,00,05,00
Municipality_Structural_Damage,00_00_05_00,D&G,average,100,798.16,0.16,00,00,05,00
Municipality_Structural_Damage,00_00_05_00,D&G&Wp,average,20,211.33,0.27,00,00,05,00
Municipality_Structural_Damage,00_00_05_00,D&G&Wp,average,60,830.47,0.25,00,00,05,00
Municipality_Structural_Damage,00_00_05_00,D&G&Wp,average,100,873.4,0.13,00,00,05,00
Municipality_Structural_Damage,00_00_05_00,D&Wp,average,20,206.82,0.27,00,00,05,00
Municipality_Structural_Damage,00_00_05_00,D&Wp,average,60,840.55,0.25,00,00,05,00
Municipality_Structural_Damage,00_00_05_00,D&Wp,average,100,881.43,0.12,00,00,05,00
Municipality_Structural_Damage,00_00_05_00,G,average,20,220.34,0.28,00,00,05,00
Municipality_Structural_Damage,00_00_05_00,G,average,60,810.31,0.27,00,00,05,00
Municipality_Structural_Damage,00_00_05_00,G,average,100,857.34,0.15,00,00,05,00
Municipality_Structural_Damage,00_00_05_00,G&Wp,average,20,220.55,0.26,00,00,05,00
Municipality_Structural_Damage,00_00_05_00,G&Wp,average,60,898.19,0.24,00,00,05,00
Municipality_Structural_Damage,00_00_05_00,G&Wp,average,100,940.6,0.12,00,00,05,00
Municipality_Structural_Damage,00_00_05_00,Wp,average,20,220.76,0.25,00,00,05,00
Municipality_Structural_Damage,00_00_05_00,Wp,average,60,986.07,0.22,00,00,05,00
Municipality_Structural_Damage,00_00_05_00,Wp,average,100,1023.86,0.1,00,00,05,00
Municipality_Structural_Damage,00_00_07_00,D,average,20,217.41,0.32,00,00,07,00
Municipality_Structural_Damage,00_00_07_00,D,average,60,929.04,0.39,00,00,07,00
Municipality_Structural_Damage,00_00_07_00,D,average,100,1022.8,0.26,00,00,07,00
Municipality_Structural_Damage,00_00_07_00,D&G,average,20,231.74,0.32,00,00,07,00
Municipality_Structural_Damage,00_00_07_00,D&G,average,60,987.88,0.36,00,00,07,00
Municipality_Structural_Damage,00_00_07_00,D&G,average,100,1058.68,0.22,00,00,07,00
Municipality_Structural_Damage,00_00_07_00,D&G&Wp,average,20,235.99,0.3,00,00,07,00
Municipality_Structural_Damage,00_00_07_00,D&G&Wp,average,60,1073.29,0.33,00,00,07,00
Municipality_Structural_Damage,00_00_07_00,D&G&Wp,average,100,1137.91,0.17,00,00,07,00
Municipality_Structural_Damage,00_00_07_00,D&Wp,average,20,230.94,0.3,00,00,07,00
Municipality_Structural_Damage,00_00_07_00,D&Wp,average,60,1086.58,0.32,00,00,07,00
Municipality_Structural_Damage,00_00_07_00,D&Wp,average,100,1159.59,0.16,00,00,07,00
Municipality_Structural_Damage,00_00_07_00,G,average,20,246.07,0.31,00,00,07,00
Municipality_Structural_Damage,00_00_07_00,G,average,60,1046.72,0.34,00,00,07,00
Municipality_Structural_Damage,00_00_07_00,G,average,100,1094.55,0.19,00,00,07,00
Municipality_Structural_Damage,00_00_07_00,G&Wp,average,20,245.27,0.29,00,00,07,00
Municipality_Structural_Damage,00_00_07_00,G&Wp,average,60,1145.42,0.31,00,00,07,00
Municipality_Structural_Damage,00_00_07_00,G&Wp,average,100,1195.46,0.15,00,00,07,00
Municipality_Structural_Damage,00_00_07_00,Wp,average,20,244.48,0.28,00,00,07,00
Municipality_Structural_Damage,00_00_07_00,Wp,average,60,1244.12,0.28,00,00,07,00
Municipality_Structural_Damage,00_00_07_00,Wp,average,100,1296.38,0.13,00,00,07,00
Municipality_Structural_Damage,00_00_09_00,D,average,20,192.89,0.29,00,00,09,00
Municipality_Structural_Damage,00_00_09_00,D,average,60,652.63,0.28,00,00,09,00
Municipality_Structural_Damage,00_00_09_00,D,average,100,652.63,0.17,00,00,09,00
Municipality_Structural_Damage,00_00_09_00,D&G,average,20,206.62,0.28,00,00,09,00
Municipality_Structural_Damage,00_00_09_00,D&G,average,60,709.57,0.26,00,00,09,00
Municipality_Structural_Damage,00_00_09_00,D&G,average,100,709.57,0.15,00,00,09,00
Municipality_Structural_Damage,00_00_09_00,D&G&Wp,average,20,211.33,0.27,00,00,09,00
Municipality_Structural_Damage,00_00_09_00,D&G&Wp,average,60,779.37,0.24,00,00,09,00
Municipality_Structural_Damage,00_00_09_00,D&G&Wp,average,100,792.46,0.12,00,00,09,00
Municipality_Structural_Damage,00_00_09_00,D&Wp,average,20,206.82,0.27,00,00,09,00
Municipality_Structural_Damage,00_00_09_00,D&Wp,average,60,785.79,0.23,00,00,09,00
Municipality_Structural_Damage,00_00_09_00,D&Wp,average,100,805.43,0.11,00,00,09,00
Municipality_Structural_Damage,00_00_09_00,G,average,20,220.34,0.28,00,00,09,00
Municipality_Structural_Damage,00_00_09_00,G,average,60,766.51,0.25,00,00,09,00
Municipality_Structural_Damage,00_00_09_00,G,average,100,766.51,0.13,00,00,09,00
Municipality_Structural_Damage,00_00_09_00,G&Wp,average,20,220.55,0.26,00,00,09,00
Municipality_Structural_Damage,00_00_09_00,G&Wp,average,60,842.74,0.23,00,00,09,00
Municipality_Structural_Damage,00_00_09_00,G&Wp,average,100,862.37,0.11,00,00,09,00
Municipality_Structural_Damage,00_00_09_00,Wp,average,20,220.76,0.25,00,00,09,00
Municipality_Structural_Damage,00_00_09_00,Wp,average,60,918.96,0.21,00,00,09,00
Municipality_Structural_Damage,00_00_09_00,Wp,average,100,958.24,0.09,00,00,09,00
Municipality_Structural_Damage,00_00_11_00,D,average,20,669.49,1.0,00,00,11,00
Municipality_Structural_Damage,00_00_11_00,D,average,60,2127.48,0.9,00,00,11,00
Municipality_Structural_Damage,00_00_11_00,D,average,100,3017.74,0.77,00,00,11,00
Municipality_Structural_Damage,00_00_11_00,D&G,average,20,731.84,1.0,00,00,11,00
Municipality_Structural_Damage,00_00_11_00,D&G,average,60,2391.82,0.88,00,00,11,00
Municipality_Structural_Damage,00_00_11_00,D&G,average,100,3288.69,0.68,00,00,11,00
Municipality_Structural_Damage,00_00_11_00,D&G&Wp,average,20,779.57,1.0,00,00,11,00
Municipality_Structural_Damage,00_00_11_00,D&G&Wp,average,60,2849.39,0.87,00,00,11,00
Municipality_Structural_Damage,00_00_11_00,D&G&Wp,average,100,3841.08,0.58,00,00,11,00
Municipality_Structural_Damage,00_00_11_00,D&Wp,average,20,772.27,1.0,00,00,11,00
Municipality_Structural_Damage,00_00_11_00,D&Wp,average,60,2946.01,0.87,00,00,11,00
Municipality_Structural_Damage,00_00_11_00,D&Wp,average,100,3981.79,0.56,00,00,11,00
Municipality_Structural_Damage,00_00_11_00,G,average,20,794.18,1.0,00,00,11,00
Municipality_Structural_Damage,00_00_11_00,G,average,60,2656.17,0.87,00,00,11,00
Municipality_Structural_Damage,00_00_11_00,G,average,100,3559.65,0.61,00,00,11,00
Municipality_Structural_Damage,00_00_11_00,G&Wp,average,20,834.61,1.0,00,00,11,00
Municipality_Structural_Damage,00_00_11_00,G&Wp,average,60,3210.35,0.86,00,00,11,00
Municipality_Structural_Damage,00_00_11_00,G&Wp,average,100,4252.74,0.53,00,00,11,00
Municipality_Structural_Damage,00_00_11_00,Wp,average,20,875.05,1.0,00,00,11,00
Municipality_Structural_Damage,00_00_11_00,Wp,average,60,3764.53,0.85,00,00,11,00
Municipality_Structural_Damage,00_00_11_00,Wp,average,100,4945.84,0.48,00,00,11,00
Municipality_Structural_Damage,00_00_13_00,D,average,20,622.76,0.93,00,00,13,00
Municipality_Structural_Damage,00_00_13_00,D,average,60,1921.74,0.81,00,00,13,00
Municipality_Structural_Damage,00_00_13_00,D,average,100,2554.64,0.65,00,00,13,00
Municipality_Structural_Damage,00_00_13_00,D&G,average,20,680.47,0.93,00,00,13,00
Municipality_Structural_Damage,00_00_13_00,D&G,average,60,2178.16,0.8,00,00,13,00
Municipality_Structural_Damage,00_00_13_00,D&G,average,100,2799.18,0.58,00,00,13,00
Municipality_Structural_Damage,00_00_13_00,D&G&Wp,average,20,724.16,0.93,00,00,13,00
Municipality_Structural_Damage,00_00_13_00,D&G&Wp,average,60,2531.42,0.77,00,00,13,00
Municipality_Structural_Damage,00_00_13_00,D&G&Wp,average,100,3053.77,0.46,00,00,13,00
Municipality_Structural_Damage,00_00_13_00,D&Wp,average,20,717.14,0.93,00,00,13,00
Municipality_Structural_Damage,00_00_13_00,D&Wp,average,60,2579.84,0.76,00,00,13,00
Municipality_Structural_Damage,00_00_13_00,D&Wp,average,100,3058.8,0.43,00,00,13,00
Municipality_Structural_Damage,00_00_13_00,G,average,20,738.18,0.93,00,00,13,00
Municipality_Structural_Damage,00_00_13_00,G,average,60,2434.58,0.8,00,00,13,00
Municipality_Structural_Damage,00_00_13_00,G,average,100,3043.73,0.53,00,00,13,00
Municipality_Structural_Damage,00_00_13_00,G&Wp,average,20,774.85,0.93,00,00,13,00
Municipality_Structural_Damage,00_00_13_00,G&Wp,average,60,2836.26,0.76,00,00,13,00
Municipality_Structural_Damage,00_00_13_00,G&Wp,average,100,3303.34,0.41,00,00,13,00
Municipality_Structural_Damage,00_00_13_00,Wp,average,20,811.52,0.93,00,00,13,00
Municipality_Structural_Damage,00_00_13_00,Wp,average,60,3237.93,0.73,00,00,13,00
Municipality_Structural_Damage,00_00_13_00,Wp,average,100,3562.95,0.35,00,00,13,00
Municipality_Structural_Damage,00_01_00_00,D,average,20,670.52,1.0,00,01,00,00
Municipality_Structural_Damage,00_01_00_00,D,average,60,2363.56,1.0,00,01,00,00
Municipality_Structural_Damage,00_01_00_00,D,average,100,3922.26,1.0,00,01,00,00
Municipality_Structural_Damage,00_01_00_00,D&G,average,20,733.12,1.0,00,01,00,00
Municipality_Structural_Damage,00_01_00_00,D&G,average,60,2708.88,1.0,00,01,00,00
Municipality_Structural_Damage,00_01_00_00,D&G,average,100,4856.35,1.0,00,01,00,00
Municipality_Structural_Damage,00_01_00_00,D&G&Wp,average,20,781.14,1.0,00,01,00,00
Municipality_Structural_Damage,00_01_00_00,D&G&Wp,average,60,3278.24,1.0,00,01,00,00
Municipality_Structural_Damage,00_01_00_00,D&G&Wp,average,100,6672.49,1.0,00,01,00,00
Municipality_Structural_Damage,00_01_00_00,D&Wp,average,20,773.84,1.0,00,01,00,00
Municipality_Structural_Damage,00_01_00_00,D&Wp,average,60,3390.25,1.0,00,01,00,00
Municipality_Structural_Damage,00_01_00_00,D&Wp,average,100,7113.51,1.0,00,01,00,00
Municipality_Structural_Damage,00_01_00_00,G,average,20,795.72,1.0,00,01,00,00
Municipality_Structural_Damage,00_01_00_00,G,average,60,3054.21,1.0,00,01,00,00
Municipality_Structural_Damage,00_01_00_00,G,average,100,5790.45,1.0,00,01,00,00
Municipality_Structural_Damage,00_01_00_00,G&Wp,average,20,836.45,1.0,00,01,00,00
Municipality_Structural_Damage,00_01_00_00,G&Wp,average,60,3735.58,1.0,00,01,00,00
Municipality_Structural_Damage,00_01_00_00,G&Wp,average,100,8047.61,1.0,00,01,00,00
Municipality_Structural_Damage,00_01_00_00,Wp,average,20,877.17,1.0,00,01,00,00
Municipality_Structural_Damage,00_01_00_00,Wp,average,60,4416.94,1.0,00,01,00,00
Municipality_Structural_Damage,00_01_00_00,Wp,average,100,10304.77,1.0,00,01,00,00
Municipality_Structural_Damage,00_01_01_00,D,average,20,653.42,0.97,00,01,01,00
Municipality_Structural_Damage,00_01_01_00,D,average,60,1954.39,0.83,00,01,01,00
Municipality_Structural_Damage,00_01_01_00,D,average,100,2317.05,0.59,00,01,01,00
Municipality_Structural_Damage,00_01_01_00,D&G,average,20,713.12,0.97,00,01,01,00
Municipality_Structural_Damage,00_01_01_00,D&G,average,60,2199.87,0.81,00,01,01,00
Municipality_Structural_Damage,00_01_01_00,D&G,average,100,2574.7,0.53,00,01,01,00
Municipality_Structural_Damage,00_01_01_00,D&G&Wp,average,20,758.85,0.97,00,01,01,00
Municipality_Structural_Damage,00_01_01_00,D&G&Wp,average,60,2596.02,0.79,00,01,01,00
Municipality_Structural_Damage,00_01_01_00,D&G&Wp,average,100,2887.0,0.43,00,01,01,00
Municipality_Structural_Damage,00_01_01_00,D&Wp,average,20,751.87,0.97,00,01,01,00
Municipality_Structural_Damage,00_01_01_00,D&Wp,average,60,2671.35,0.79,00,01,01,00
Municipality_Structural_Damage,00_01_01_00,D&Wp,average,100,2914.31,0.41,00,01,01,00
Municipality_Structural_Damage,00_01_01_00,G,average,20,772.82,0.97,00,01,01,00
Municipality_Structural_Damage,00_01_01_00,G,average,60,2445.36,0.8,00,01,01,00
Municipality_Structural_Damage,00_01_01_00,G,average,100,2832.36,0.49,00,01,01,00
Municipality_Structural_Damage,00_01_01_00,G&Wp,average,20,811.57,0.97,00,01,01,00
Municipality_Structural_Damage,00_01_01_00,G&Wp,average,60,2916.84,0.78,00,01,01,00
Municipality_Structural_Damage,00_01_01_00,G&Wp,average,100,3171.97,0.39,00,01,01,00
Municipality_Structural_Damage,00_01_01_00,Wp,average,20,850.32,0.97,00,01,01,00
Municipality_Structural_Damage,00_01_01_00,Wp,average,60,3388.32,0.77,00,01,01,00
Municipality_Structural_Damage,00_01_01_00,Wp,average,100,3511.58,0.34,00,01,01,00
Municipality_Structural_Damage,00_01_03_00,D,average,20,621.83,0.93,00,01,03,00
Municipality_Structural_Damage,00_01_03_00,D,average,60,1913.56,0.81,00,01,03,00
Municipality_Structural_Damage,00_01_03_00,D,average,100,2267.36,0.58,00,01,03,00
Municipality_Structural_Damage,00_01_03_00,D&G,average,20,679.31,0.93,00,01,03,00
Municipality_Structural_Damage,00_01_03_00,D&G,average,60,2149.8,0.79,00,01,03,00
Municipality_Structural_Damage,00_01_03_00,D&G,average,100,2518.46,0.52,00,01,03,00
Municipality_Structural_Damage,00_01_03_00,D&G&Wp,average,20,722.75,0.93,00,01,03,00
Municipality_Structural_Damage,00_01_03_00,D&G&Wp,average,60,2536.54,0.77,00,01,03,00
Municipality_Structural_Damage,00_01_03_00,D&G&Wp,average,100,2823.4,0.42,00,01,03,00
Municipality_Structural_Damage,00_01_03_00,D&Wp,average,20,715.72,0.92,00,01,03,00
Municipality_Structural_Damage,00_01_03_00,D&Wp,average,60,2611.79,0.77,00,01,03,00
Municipality_Structural_Damage,00_01_03_00,D&Wp,average,100,2850.32,0.4,00,01,03,00
Municipality_Structural_Damage,00_01_03_00,G,average,20,736.8,0.93,00,01,03,00
Municipality_Structural_Damage,00_01_03_00,G,average,60,2386.04,0.78,00,01,03,00
Municipality_Structural_Damage,00_01_03_00,G,average,100,2769.57,0.48,00,01,03,00
Municipality_Structural_Damage,00_01_03_00,G&Wp,average,20,773.21,0.92,00,01,03,00
Municipality_Structural_Damage,00_01_03_00,G&Wp,average,60,2848.03,0.76,00,01,03,00
Municipality_Structural_Damage,00_01_03_00,G&Wp,average,100,3101.43,0.39,00,01,03,00
Municipality_Structural_Damage,00_01_03_00,Wp,average,20,809.62,0.92,00,01,03,00
Municipality_Structural_Damage,00_01_03_00,Wp,average,60,3310.02,0.75,00,01,03,00
Municipality_Structural_Damage,00_01_03_00,Wp,average,100,3433.29,0.33,00,01,03,00
Municipality_Structural_Damage,00_01_05_00,D,average,20,192.89,0.29,00,01,05,00
Municipality_Structural_Damage,00_01_05_00,D,average,60,695.03,0.29,00,01,05,00
Municipality_Structural_Damage,00_01_05_00,D,average,100,738.99,0.19,00,01,05,00
Municipality_Structural_Damage,00_01_05_00,D&G,average,20,206.62,0.28,00,01,05,00
Municipality_Structural_Damage,00_01_05_00,D&G,average,60,752.67,0.28,00,01,05,00
Municipality_Structural_Damage,00_01_05_00,D&G,average,100,798.16,0.16,00,01,05,00
Municipality_Structural_Damage,00_01_05_00,D&G&Wp,average,20,211.33,0.27,00,01,05,00
Municipality_Structural_Damage,00_01_05_00,D&G&Wp,average,60,830.47,0.25,00,01,05,00
Municipality_Structural_Damage,00_01_05_00,D&G&Wp,average,100,873.4,0.13,00,01,05,00
Municipality_Structural_Damage,00_01_05_00,D&Wp,average,20,206.82,0.27,00,01,05,00
Municipality_Structural_Damage,00_01_05_00,D&Wp,average,60,840.55,0.25,00,01,05,00
Municipality_Structural_Damage,00_01_05_00,D&Wp,average,100,881.43,0.12,00,01,05,00
Municipality_Structural_Damage,00_01_05_00,G,average,20,220.34,0.28,00,01,05,00
Municipality_Structural_Damage,00_01_05_00,G,average,60,810.31,0.27,00,01,05,00
Municipality_Structural_Damage,00_01_05_00,G,average,100,857.34,0.15,00,01,05,00
Municipality_Structural_Damage,00_01_05_00,G&Wp,average,20,220.55,0.26,00,01,05,00
Municipality_Structural_Damage,00_01_05_00,G&Wp,average,60,898.19,0.24,00,01,05,00
Municipality_Structural_Damage,00_01_05_00,G&Wp,average,100,940.6,0.12,00,01,05,00
Municipality_Structural_Damage,00_01_05_00,Wp,average,20,220.76,0.25,00,01,05,00
Municipality_Structural_Damage,00_01_05_00,Wp,average,60,986.07,0.22,00,01,05,00
Municipality_Structural_Damage,00_01_05_00,Wp,average,100,1023.86,0.1,00,01,05,00
Municipality_Structural_Damage,00_01_07_00,D,average,20,216.55,0.32,00,01,07,00
Municipality_Structural_Damage,00_01_07_00,D,average,60,932.68,0.39,00,01,07,00
Municipality_Structural_Damage,00_01_07_00,D,average,100,1042.72,0.27,00,01,07,00
Municipality_Structural_Damage,00_01_07_00,D&G,average,20,231.09,0.32,00,01,07,00
Municipality_Structural_Damage,00_01_07_00,D&G,average,60,990.24,0.37,00,01,07,00
Municipality_Structural_Damage,00_01_07_00,D&G,average,100,1069.78,0.22,00,01,07,00
Municipality_Structural_Damage,00_01_07_00,D&G&Wp,average,20,235.83,0.3,00,01,07,00
Municipality_Structural_Damage,00_01_07_00,D&G&Wp,average,60,1075.34,0.33,00,01,07,00
Municipality_Structural_Damage,00_01_07_00,D&G&Wp,average,100,1146.25,0.17,00,01,07,00
Municipality_Structural_Damage,00_01_07_00,D&Wp,average,20,230.93,0.3,00,01,07,00
Municipality_Structural_Damage,00_01_07_00,D&Wp,average,60,1089.11,0.32,00,01,07,00
Municipality_Structural_Damage,00_01_07_00,D&Wp,average,100,1170.96,0.16,00,01,07,00
Municipality_Structural_Damage,00_01_07_00,G,average,20,245.63,0.31,00,01,07,00
Municipality_Structural_Damage,00_01_07_00,G,average,60,1047.8,0.34,00,01,07,00
Municipality_Structural_Damage,00_01_07_00,G,average,100,1096.83,0.19,00,01,07,00
Municipality_Structural_Damage,00_01_07_00,G&Wp,average,20,245.47,0.29,00,01,07,00
Municipality_Structural_Damage,00_01_07_00,G&Wp,average,60,1146.67,0.31,00,01,07,00
Municipality_Structural_Damage,00_01_07_00,G&Wp,average,100,1198.01,0.15,00,01,07,00
Municipality_Structural_Damage,00_01_07_00,Wp,average,20,245.31,0.28,00,01,07,00
Municipality_Structural_Damage,00_01_07_00,Wp,average,60,1245.55,0.28,00,01,07,00
Municipality_Structural_Damage,00_01_07_00,Wp,average,100,1299.19,0.13,00,01,07,00
Municipality_Structural_Damage,00_01_09_00,D,average,20,192.89,0.29,00,01,09,00
Municipality_Structural_Damage,00_01_09_00,D,average,60,652.63,0.28,00,01,09,00
Municipality_Structural_Damage,00_01_09_00,D,average,100,652.63,0.17,00,01,09,00
Municipality_Structural_Damage,00_01_09_00,D&G,average,20,206.62,0.28,00,01,09,00
Municipality_Structural_Damage,00_01_09_00,D&G,average,60,709.57,0.26,00,01,09,00
Municipality_Structural_Damage,00_01_09_00,D&G,average,100,709.57,0.15,00,01,09,00
Municipality_Structural_Damage,00_01_09_00,D&G&Wp,average,20,211.33,0.27,00,01,09,00
Municipality_Structural_Damage,00_01_09_00,D&G&Wp,average,60,779.37,0.24,00,01,09,00
Municipality_Structural_Damage,00_01_09_00,D&G&Wp,average,100,792.46,0.12,00,01,09,00
Municipality_Structural_Damage,00_01_09_00,D&Wp,average,20,206.82,0.27,00,01,09,00
Municipality_Structural_Damage,00_01_09_00,D&Wp,average,60,785.79,0.23,00,01,09,00
Municipality_Structural_Damage,00_01_09_00,D&Wp,average,100,805.43,0.11,00,01,09,00
Municipality_Structural_Damage,00_01_09_00,G,average,20,220.34,0.28,00,01,09,00
Municipality_Structural_Damage,00_01_09_00,G,average,60,766.51,0.25,00,01,09,00
Municipality_Structural_Damage,00_01_09_00,G,average,100,766.51,0.13,00,01,09,00
Municipality_Structural_Damage,00_01_09_00,G&Wp,average,20,220.55,0.26,00,01,09,00
Municipality_Structural_Damage,00_01_09_00,G&Wp,average,60,842.74,0.23,00,01,09,00
Municipality_Structural_Damage,00_01_09_00,G&Wp,average,100,862.37,0.11,00,01,09,00
Municipality_Structural_Damage,00_01_09_00,Wp,average,20,220.76,0.25,00,01,09,00
Municipality_Structural_Damage,00_01_09_00,Wp,average,60,918.96,0.21,00,01,09,00
Municipality_Structural_Damage,00_01_09_00,Wp,average,100,958.24,0.09,00,01,09,00
Municipality_Structural_Damage,00_01_11_00,D,average,20,669.49,1.0,00,01,11,00
Municipality_Structural_Damage,00_01_11_00,D,average,60,2127.48,0.9,00,01,11,00
Municipality_Structural_Damage,00_01_11_00,D,average,100,3017.74,0.77,00,01,11,00
Municipality_Structural_Damage,00_01_11_00,D&G,average,20,731.84,1.0,00,01,11,00
Municipality_Structural_Damage,00_01_11_00,D&G,average,60,2391.82,0.88,00,01,11,00
Municipality_Structural_Damage,00_01_11_00,D&G,average,100,3288.69,0.68,00,01,11,00
Municipality_Structural_Damage,00_01_11_00,D&G&Wp,average,20,779.57,1.0,00,01,11,00
Municipality_Structural_Damage,00_01_11_00,D&G&Wp,average,60,2849.39,0.87,00,01,11,00
Municipality_Structural_Damage,00_01_11_00,D&G&Wp,average,100,3841.08,0.58,00,01,11,00
Municipality_Structural_Damage,00_01_11_00,D&Wp,average,20,772.27,1.0,00,01,11,00
Municipality_Structural_Damage,00_01_11_00,D&Wp,average,60,2946.01,0.87,00,01,11,00
Municipality_Structural_Damage,00_01_11_00,D&Wp,average,100,3981.79,0.56,00,01,11,00
Municipality_Structural_Damage,00_01_11_00,G,average,20,794.18,1.0,00,01,11,00
Municipality_Structural_Damage,00_01_11_00,G,average,60,2656.17,0.87,00,01,11,00
Municipality_Structural_Damage,00_01_11_00,G,average,100,3559.65,0.61,00,01,11,00
Municipality_Structural_Damage,00_01_11_00,G&Wp,average,20,834.61,1.0,00,01,11,00
Municipality_Structural_Damage,00_01_11_00,G&Wp,average,60,3210.35,0.86,00,01,11,00
Municipality_Structural_Damage,00_01_11_00,G&Wp,average,100,4252.74,0.53,00,01,11,00
Municipality_Structural_Damage,00_01_11_00,Wp,average,20,875.05,1.0,00,01,11,00
Municipality_Structural_Damage,00_01_11_00,Wp,average,60,3764.53,0.85,00,01,11,00
Municipality_Structural_Damage,00_01_11_00,Wp,average,100,4945.84,0.48,00,01,11,00
Municipality_Structural_Damage,00_01_13_00,D,average,20,622.76,0.93,00,01,13,00
Municipality_Structural_Damage,00_01_13_00,D,average,60,1922.08,0.81,00,01,13,00
Municipality_Structural_Damage,00_01_13_00,D,average,100,2558.88,0.65,00,01,13,00
Municipality_Structural_Damage,00_01_13_00,D&G,average,20,680.47,0.93,00,01,13,00
Municipality_Structural_Damage,00_01_13_00,D&G,average,60,2179.12,0.8,00,01,13,00
Municipality_Structural_Damage,00_01_13_00,D&G,average,100,2803.0,0.58,00,01,13,00
Municipality_Structural_Damage,00_01_13_00,D&G&Wp,average,20,724.16,0.93,00,01,13,00
Municipality_Structural_Damage,00_01_13_00,D&G&Wp,average,60,2533.2,0.77,00,01,13,00
Municipality_Structural_Damage,00_01_13_00,D&G&Wp,average,100,3056.95,0.46,00,01,13,00
Municipality_Structural_Damage,00_01_13_00,D&Wp,average,20,717.14,0.93,00,01,13,00
Municipality_Structural_Damage,00_01_13_00,D&Wp,average,60,2581.72,0.76,00,01,13,00
Municipality_Structural_Damage,00_01_13_00,D&Wp,average,100,3061.86,0.43,00,01,13,00
Municipality_Structural_Damage,00_01_13_00,G,average,20,738.18,0.93,00,01,13,00
Municipality_Structural_Damage,00_01_13_00,G,average,60,2436.17,0.8,00,01,13,00
Municipality_Structural_Damage,00_01_13_00,G,average,100,3047.12,0.53,00,01,13,00
Municipality_Structural_Damage,00_01_13_00,G&Wp,average,20,774.85,0.93,00,01,13,00
Municipality_Structural_Damage,00_01_13_00,G&Wp,average,60,2838.76,0.76,00,01,13,00
Municipality_Structural_Damage,00_01_13_00,G&Wp,average,100,3305.98,0.41,00,01,13,00
Municipality_Structural_Damage,00_01_13_00,Wp,average,20,811.52,0.93,00,01,13,00
Municipality_Structural_Damage,00_01_13_00,Wp,average,60,3241.36,0.73,00,01,13,00
Municipality_Structural_Damage,00_01_13_00,Wp,average,100,3564.85,0.35,00,01,13,00
Municipality_Structural_Damage,00_03_00_00,D,average,20,670.52,1.0,00,03,00,00
Municipality_Structural_Damage,00_03_00_00,D,average,60,2363.56,1.0,00,03,00,00
Municipality_Structural_Damage,00_03_00_00,D,average,100,3922.26,1.0,00,03,00,00
Municipality_Structural_Damage,00_03_00_00,D&G,average,20,733.12,1.0,00,03,00,00
Municipality_Structural_Damage,00_03_00_00,D&G,average,60,2708.88,1.0,00,03,00,00
Municipality_Structural_Damage,00_03_00_00,D&G,average,100,4856.35,1.0,00,03,00,00
Municipality_Structural_Damage,00_03_00_00,D&G&Wp,average,20,781.14,1.0,00,03,00,00
Municipality_Structural_Damage,00_03_00_00,D&G&Wp,average,60,3278.24,1.0,00,03,00,00
Municipality_Structural_Damage,00_03_00_00,D&G&Wp,average,100,6672.49,1.0,00,03,00,00
Municipality_Structural_Damage,00_03_00_00,D&Wp,average,20,773.84,1.0,00,03,00,00
Municipality_Structural_Damage,00_03_00_00,D&Wp,average,60,3390.25,1.0,00,03,00,00
Municipality_Structural_Damage,00_03_00_00,D&Wp,average,100,7113.51,1.0,00,03,00,00
Municipality_Structural_Damage,00_03_00_00,G,average,20,795.72,1.0,00,03,00,00
Municipality_Structural_Damage,00_03_00_00,G,average,60,3054.21,1.0,00,03,00,00
Municipality_Structural_Damage,00_03_00_00,G,average,100,5790.45,1.0,00,03,00,00
Municipality_Structural_Damage,00_03_00_00,G&Wp,average,20,836.45,1.0,00,03,00,00
Municipality_Structural_Damage,00_03_00_00,G&Wp,average,60,3735.58,1.0,00,03,00,00
Municipality_Structural_Damage,00_03_00_00,G&Wp,average,100,8047.61,1.0,00,03,00,00
Municipality_Structural_Damage,00_03_00_00,Wp,average,20,877.17,1.0,00,03,00,00
Municipality_Structural_Damage,00_03_00_00,Wp,average,60,4416.94,1.0,00,03,00,00
Municipality_Structural_Damage,00_03_00_00,Wp,average,100,10304.77,1.0,00,03,00,00
Municipality_Structural_Damage,00_03_01_00,D,average,20,653.42,0.97,00,03,01,00
Municipality_Structural_Damage,00_03_01_00,D,average,60,1954.39,0.83,00,03,01,00
Municipality_Structural_Damage,00_03_01_00,D,average,100,2317.05,0.59,00,03,01,00
Municipality_Structural_Damage,00_03_01_00,D&G,average,20,713.12,0.97,00,03,01,00
Municipality_Structural_Damage,00_03_01_00,D&G,average,60,2199.87,0.81,00,03,01,00
Municipality_Structural_Damage,00_03_01_00,D&G,average,100,2574.7,0.53,00,03,01,00
Municipality_Structural_Damage,00_03_01_00,D&G&Wp,average,20,758.85,0.97,00,03,01,00
Municipality_Structural_Damage,00_03_01_00,D&G&Wp,average,60,2596.02,0.79,00,03,01,00
Municipality_Structural_Damage,00_03_01_00,D&G&Wp,average,100,2887.0,0.43,00,03,01,00
Municipality_Structural_Damage,00_03_01_00,D&Wp,average,20,751.87,0.97,00,03,01,00
Municipality_Structural_Damage,00_03_01_00,D&Wp,average,60,2671.35,0.79,00,03,01,00
Municipality_Structural_Damage,00_03_01_00,D&Wp,average,100,2914.31,0.41,00,03,01,00
Municipality_Structural_Damage,00_03_01_00,G,average,20,772.82,0.97,00,03,01,00
Municipality_Structural_Damage,00_03_01_00,G,average,60,2445.36,0.8,00,03,01,00
Municipality_Structural_Damage,00_03_01_00,G,average,100,2832.36,0.49,00,03,01,00
Municipality_Structural_Damage,00_03_01_00,G&Wp,average,20,811.57,0.97,00,03,01,00
Municipality_Structural_Damage,00_03_01_00,G&Wp,average,60,2916.84,0.78,00,03,01,00
Municipality_Structural_Damage,00_03_01_00,G&Wp,average,100,3171.97,0.39,00,03,01,00
Municipality_Structural_Damage,00_03_01_00,Wp,average,20,850.32,0.97,00,03,01,00
Municipality_Structural_Damage,00_03_01_00,Wp,average,60,3388.32,0.77,00,03,01,00
Municipality_Structural_Damage,00_03_01_00,Wp,average,100,3511.58,0.34,00,03,01,00
Municipality_Structural_Damage,00_03_03_00,D,average,20,621.83,0.93,00,03,03,00
Municipality_Structural_Damage,00_03_03_00,D,average,60,1913.56,0.81,00,03,03,00
Municipality_Structural_Damage,00_03_03_00,D,average,100,2267.36,0.58,00,03,03,00
Municipality_Structural_Damage,00_03_03_00,D&G,average,20,679.31,0.93,00,03,03,00
Municipality_Structural_Damage,00_03_03_00,D&G,average,60,2149.8,0.79,00,03,03,00
Municipality_Structural_Damage,00_03_03_00,D&G,average,100,2518.46,0.52,00,03,03,00
Municipality_Structural_Damage,00_03_03_00,D&G&Wp,average,20,722.75,0.93,00,03,03,00
Municipality_Structural_Damage,00_03_03_00,D&G&Wp,average,60,2536.54,0.77,00,03,03,00
Municipality_Structural_Damage,00_03_03_00,D&G&Wp,average,100,2823.4,0.42,00,03,03,00
Municipality_Structural_Damage,00_03_03_00,D&Wp,average,20,715.72,0.92,00,03,03,00
Municipality_Structural_Damage,00_03_03_00,D&Wp,average,60,2611.79,0.77,00,03,03,00
Municipality_Structural_Damage,00_03_03_00,D&Wp,average,100,2850.32,0.4,00,03,03,00
Municipality_Structural_Damage,00_03_03_00,G,average,20,736.8,0.93,00,03,03,00
Municipality_Structural_Damage,00_03_03_00,G,average,60,2386.04,0.78,00,03,03,00
Municipality_Structural_Damage,00_03_03_00,G,average,100,2769.57,0.48,00,03,03,00
Municipality_Structural_Damage,00_03_03_00,G&Wp,average,20,773.21,0.92,00,03,03,00
Municipality_Structural_Damage,00_03_03_00,G&Wp,average,60,2848.03,0.76,00,03,03,00
Municipality_Structural_Damage,00_03_03_00,G&Wp,average,100,3101.43,0.39,00,03,03,00
Municipality_Structural_Damage,00_03_03_00,Wp,average,20,809.62,0.92,00,03,03,00
Municipality_Structural_Damage,00_03_03_00,Wp,average,60,3310.02,0.75,00,03,03,00
Municipality_Structural_Damage,00_03_03_00,Wp,average,100,3433.29,0.33,00,03,03,00
Municipality_Structural_Damage,00_03_05_00,D,average,20,192.89,0.29,00,03,05,00
Municipality_Structural_Damage,00_03_05_00,D,average,60,695.03,0.29,00,03,05,00
Municipality_Structural_Damage,00_03_05_00,D,average,100,738.99,0.19,00,03,05,00
Municipality_Structural_Damage,00_03_05_00,D&G,average,20,206.62,0.28,00,03,05,00
Municipality_Structural_Damage,00_03_05_00,D&G,average,60,752.67,0.28,00,03,05,00
Municipality_Structural_Damage,00_03_05_00,D&G,average,100,798.16,0.16,00,03,05,00
Municipality_Structural_Damage,00_03_05_00,D&G&Wp,average,20,211.33,0.27,00,03,05,00
Municipality_Structural_Damage,00_03_05_00,D&G&Wp,average,60,830.47,0.25,00,03,05,00
Municipality_Structural_Damage,00_03_05_00,D&G&Wp,average,100,873.4,0.13,00,03,05,00
Municipality_Structural_Damage,00_03_05_00,D&Wp,average,20,206.82,0.27,00,03,05,00
Municipality_Structural_Damage,00_03_05_00,D&Wp,average,60,840.55,0.25,00,03,05,00
Municipality_Structural_Damage,00_03_05_00,D&Wp,average,100,881.43,0.12,00,03,05,00
Municipality_Structural_Damage,00_03_05_00,G,average,20,220.34,0.28,00,03,05,00
Municipality_Structural_Damage,00_03_05_00,G,average,60,810.31,0.27,00,03,05,00
Municipality_Structural_Damage,00_03_05_00,G,average,100,857.34,0.15,00,03,05,00
Municipality_Structural_Damage,00_03_05_00,G&Wp,average,20,220.55,0.26,00,03,05,00
Municipality_Structural_Damage,00_03_05_00,G&Wp,average,60,898.19,0.24,00,03,05,00
Municipality_Structural_Damage,00_03_05_00,G&Wp,average,100,940.6,0.12,00,03,05,00
Municipality_Structural_Damage,00_03_05_00,Wp,average,20,220.76,0.25,00,03,05,00
Municipality_Structural_Damage,00_03_05_00,Wp,average,60,986.07,0.22,00,03,05,00
Municipality_Structural_Damage,00_03_05_00,Wp,average,100,1023.86,0.1,00,03,05,00
Municipality_Structural_Damage,00_03_07_00,D,average,20,217.31,0.32,00,03,07,00
Municipality_Structural_Damage,00_03_07_00,D,average,60,929.45,0.39,00,03,07,00
Municipality_Structural_Damage,00_03_07_00,D,average,100,1017.65,0.26,00,03,07,00
Municipality_Structural_Damage,00_03_07_00,D&G,average,20,231.65,0.32,00,03,07,00
Municipality_Structural_Damage,00_03_07_00,D&G,average,60,989.77,0.37,00,03,07,00
Municipality_Structural_Damage,00_03_07_00,D&G,average,100,1057.64,0.22,00,03,07,00
Municipality_Structural_Damage,00_03_07_00,D&G&Wp,average,20,236.59,0.3,00,03,07,00
Municipality_Structural_Damage,00_03_07_00,D&G&Wp,average,60,1074.8,0.33,00,03,07,00
Municipality_Structural_Damage,00_03_07_00,D&G&Wp,average,100,1137.78,0.17,00,03,07,00
Municipality_Structural_Damage,00_03_07_00,D&Wp,average,20,231.88,0.3,00,03,07,00
Municipality_Structural_Damage,00_03_07_00,D&Wp,average,60,1087.15,0.32,00,03,07,00
Municipality_Structural_Damage,00_03_07_00,D&Wp,average,100,1157.85,0.16,00,03,07,00
Municipality_Structural_Damage,00_03_07_00,G,average,20,246.0,0.31,00,03,07,00
Municipality_Structural_Damage,00_03_07_00,G,average,60,1050.09,0.34,00,03,07,00
Municipality_Structural_Damage,00_03_07_00,G,average,100,1097.64,0.19,00,03,07,00
Municipality_Structural_Damage,00_03_07_00,G&Wp,average,20,246.23,0.29,00,03,07,00
Municipality_Structural_Damage,00_03_07_00,G&Wp,average,60,1147.47,0.31,00,03,07,00
Municipality_Structural_Damage,00_03_07_00,G&Wp,average,100,1197.85,0.15,00,03,07,00
Municipality_Structural_Damage,00_03_07_00,Wp,average,20,246.46,0.28,00,03,07,00
Municipality_Structural_Damage,00_03_07_00,Wp,average,60,1244.86,0.28,00,03,07,00
Municipality_Structural_Damage,00_03_07_00,Wp,average,100,1298.06,0.13,00,03,07,00
Municipality_Structural_Damage,00_03_09_00,D,average,20,192.89,0.29,00,03,09,00
Municipality_Structural_Damage,00_03_09_00,D,average,60,652.63,0.28,00,03,09,00
Municipality_Structural_Damage,00_03_09_00,D,average,100,652.63,0.17,00,03,09,00
Municipality_Structural_Damage,00_03_09_00,D&G,average,20,206.62,0.28,00,03,09,00
Municipality_Structural_Damage,00_03_09_00,D&G,average,60,709.57,0.26,00,03,09,00
Municipality_Structural_Damage,00_03_09_00,D&G,average,100,709.57,0.15,00,03,09,00
Municipality_Structural_Damage,00_03_09_00,D&G&Wp,average,20,211.33,0.27,00,03,09,00
Municipality_Structural_Damage,00_03_09_00,D&G&Wp,average,60,779.37,0.24,00,03,09,00
Municipality_Structural_Damage,00_03_09_00,D&G&Wp,average,100,792.46,0.12,00,03,09,00
Municipality_Structural_Damage,00_03_09_00,D&Wp,average,20,206.82,0.27,00,03,09,00
Municipality_Structural_Damage,00_03_09_00,D&Wp,average,60,785.79,0.23,00,03,09,00
Municipality_Structural_Damage,00_03_09_00,D&Wp,average,100,805.43,0.11,00,03,09,00
Municipality_Structural_Damage,00_03_09_00,G,average,20,220.34,0.28,00,03,09,00
Municipality_Structural_Damage,00_03_09_00,G,average,60,766.51,0.25,00,03,09,00
Municipality_Structural_Damage,00_03_09_00,G,average,100,766.51,0.13,00,03,09,00
Municipality_Structural_Damage,00_03_09_00,G&Wp,average,20,220.55,0.26,00,03,09,00
Municipality_Structural_Damage,00_03_09_00,G&Wp,average,60,842.74,0.23,00,03,09,00
Municipality_Structural_Damage,00_03_09_00,G&Wp,average,100,862.37,0.11,00,03,09,00
Municipality_Structural_Damage,00_03_09_00,Wp,average,20,220.76,0.25,00,03,09,00
Municipality_Structural_Damage,00_03_09_00,Wp,average,60,918.96,0.21,00,03,09,00
Municipality_Structural_Damage,00_03_09_00,Wp,average,100,958.24,0.09,00,03,09,00
Municipality_Structural_Damage,00_03_11_00,D,average,20,669.49,1.0,00,03,11,00
Municipality_Structural_Damage,00_03_11_00,D,average,60,2127.48,0.9,00,03,11,00
Municipality_Structural_Damage,00_03_11_00,D,average,100,3017.74,0.77,00,03,11,00
Municipality_Structural_Damage,00_03_11_00,D&G,average,20,731.84,1.0,00,03,11,00
Municipality_Structural_Damage,00_03_11_00,D&G,average,60,2391.82,0.88,00,03,11,00
Municipality_Structural_Damage,00_03_11_00,D&G,average,100,3288.69,0.68,00,03,11,00
Municipality_Structural_Damage,00_03_11_00,D&G&Wp,average,20,779.57,1.0,00,03,11,00
Municipality_Structural_Damage,00_03_11_00,D&G&Wp,average,60,2849.39,0.87,00,03,11,00
Municipality_Structural_Damage,00_03_11_00,D&G&Wp,average,100,3841.08,0.58,00,03,11,00
Municipality_Structural_Damage,00_03_11_00,D&Wp,average,20,772.27,1.0,00,03,11,00
Municipality_Structural_Damage,00_03_11_00,D&Wp,average,60,2946.01,0.87,00,03,11,00
Municipality_Structural_Damage,00_03_11_00,D&Wp,average,100,3981.79,0.56,00,03,11,00
Municipality_Structural_Damage,00_03_11_00,G,average,20,794.18,1.0,00,03,11,00
Municipality_Structural_Damage,00_03_11_00,G,average,60,2656.17,0.87,00,03,11,00
Municipality_Structural_Damage,00_03_11_00,G,average,100,3559.65,0.61,00,03,11,00
Municipality_Structural_Damage,00_03_11_00,G&Wp,average,20,834.61,1.0,00,03,11,00
Municipality_Structural_Damage,00_03_11_00,G&Wp,average,60,3210.35,0.86,00,03,11,00
Municipality_Structural_Damage,00_03_11_00,G&Wp,average,100,4252.74,0.53,00,03,11,00
Municipality_Structural_Damage,00_03_11_00,Wp,average,20,875.05,1.0,00,03,11,00
Municipality_Structural_Damage,00_03_11_00,Wp,average,60,3764.53,0.85,00,03,11,00
Municipality_Structural_Damage,00_03_11_00,Wp,average,100,4945.84,0.48,00,03,11,00
Municipality_Structural_Damage,00_03_13_00,D,average,20,622.76,0.93,00,03,13,00
Municipality_Structural_Damage,00_03_13_00,D,average,60,1920.8,0.81,00,03,13,00
Municipality_Structural_Damage,00_03_13_00,D,average,100,2554.27,0.65,00,03,13,00
Municipality_Structural_Damage,00_03_13_00,D&G,average,20,680.47,0.93,00,03,13,00
Municipality_Structural_Damage,00_03_13_00,D&G,average,60,2177.29,0.8,00,03,13,00
Municipality_Structural_Damage,00_03_13_00,D&G,average,100,2800.55,0.58,00,03,13,00
Municipality_Structural_Damage,00_03_13_00,D&G&Wp,average,20,724.16,0.93,00,03,13,00
Municipality_Structural_Damage,00_03_13_00,D&G&Wp,average,60,2531.01,0.77,00,03,13,00
Municipality_Structural_Damage,00_03_13_00,D&G&Wp,average,100,3055.64,0.46,00,03,13,00
Municipality_Structural_Damage,00_03_13_00,D&Wp,average,20,717.14,0.93,00,03,13,00
Municipality_Structural_Damage,00_03_13_00,D&Wp,average,60,2579.63,0.76,00,03,13,00
Municipality_Structural_Damage,00_03_13_00,D&Wp,average,100,3060.05,0.43,00,03,13,00
Municipality_Structural_Damage,00_03_13_00,G,average,20,738.18,0.93,00,03,13,00
Municipality_Structural_Damage,00_03_13_00,G,average,60,2433.78,0.8,00,03,13,00
Municipality_Structural_Damage,00_03_13_00,G,average,100,3046.82,0.53,00,03,13,00
Municipality_Structural_Damage,00_03_13_00,G&Wp,average,20,774.85,0.93,00,03,13,00
Municipality_Structural_Damage,00_03_13_00,G&Wp,average,60,2836.12,0.76,00,03,13,00
Municipality_Structural_Damage,00_03_13_00,G&Wp,average,100,3306.33,0.41,00,03,13,00
Municipality_Structural_Damage,00_03_13_00,Wp,average,20,811.52,0.93,00,03,13,00
Municipality_Structural_Damage,00_03_13_00,Wp,average,60,3238.46,0.73,00,03,13,00
Municipality_Structural_Damage,00_03_13_00,Wp,average,100,3565.84,0.35,00,03,13,00
Municipality_Structural_Damage,00_05_00_00,D,average,20,670.52,1.0,00,05,00,00
Municipality_Structural_Damage,00_05_00_00,D,average,60,2363.56,1.0,00,05,00,00
Municipality_Structural_Damage,00_05_00_00,D,average,100,3922.26,1.0,00,05,00,00
Municipality_Structural_Damage,00_05_00_00,D&G,average,20,733.12,1.0,00,05,00,00
Municipality_Structural_Damage,00_05_00_00,D&G,average,60,2708.88,1.0,00,05,00,00
Municipality_Structural_Damage,00_05_00_00,D&G,average,100,4856.35,1.0,00,05,00,00
Municipality_Structural_Damage,00_05_00_00,D&G&Wp,average,20,781.14,1.0,00,05,00,00
Municipality_Structural_Damage,00_05_00_00,D&G&Wp,average,60,3278.24,1.0,00,05,00,00
Municipality_Structural_Damage,00_05_00_00,D&G&Wp,average,100,6672.49,1.0,00,05,00,00
Municipality_Structural_Damage,00_05_00_00,D&Wp,average,20,773.84,1.0,00,05,00,00
Municipality_Structural_Damage,00_05_00_00,D&Wp,average,60,3390.25,1.0,00,05,00,00
Municipality_Structural_Damage,00_05_00_00,D&Wp,average,100,7113.51,1.0,00,05,00,00
Municipality_Structural_Damage,00_05_00_00,G,average,20,795.72,1.0,00,05,00,00
Municipality_Structural_Damage,00_05_00_00,G,average,60,3054.21,1.0,00,05,00,00
Municipality_Structural_Damage,00_05_00_00,G,average,100,5790.45,1.0,00,05,00,00
Municipality_Structural_Damage,00_05_00_00,G&Wp,average,20,836.45,1.0,00,05,00,00
Municipality_Structural_Damage,00_05_00_00,G&Wp,average,60,3735.58,1.0,00,05,00,00
Municipality_Structural_Damage,00_05_00_00,G&Wp,average,100,8047.61,1.0,00,05,00,00
Municipality_Structural_Damage,00_05_00_00,Wp,average,20,877.17,1.0,00,05,00,00
Municipality_Structural_Damage,00_05_00_00,Wp,average,60,4416.94,1.0,00,05,00,00
Municipality_Structural_Damage,00_05_00_00,Wp,average,100,10304.77,1.0,00,05,00,00
Municipality_Structural_Damage,00_05_01_00,D,average,20,653.42,0.97,00,05,01,00
Municipality_Structural_Damage,00_05_01_00,D,average,60,1954.39,0.83,00,05,01,00
Municipality_Structural_Damage,00_05_01_00,D,average,100,2317.05,0.59,00,05,01,00
Municipality_Structural_Damage,00_05_01_00,D&G,average,20,713.12,0.97,00,05,01,00
Municipality_Structural_Damage,00_05_01_00,D&G,average,60,2199.87,0.81,00,05,01,00
Municipality_Structural_Damage,00_05_01_00,D&G,average,100,2574.7,0.53,00,05,01,00
Municipality_Structural_Damage,00_05_01_00,D&G&Wp,average,20,758.85,0.97,00,05,01,00
Municipality_Structural_Damage,00_05_01_00,D&G&Wp,average,60,2596.02,0.79,00,05,01,00
Municipality_Structural_Damage,00_05_01_00,D&G&Wp,average,100,2887.0,0.43,00,05,01,00
Municipality_Structural_Damage,00_05_01_00,D&Wp,average,20,751.87,0.97,00,05,01,00
Municipality_Structural_Damage,00_05_01_00,D&Wp,average,60,2671.35,0.79,00,05,01,00
Municipality_Structural_Damage,00_05_01_00,D&Wp,average,100,2914.31,0.41,00,05,01,00
Municipality_Structural_Damage,00_05_01_00,G,average,20,772.82,0.97,00,05,01,00
Municipality_Structural_Damage,00_05_01_00,G,average,60,2445.36,0.8,00,05,01,00
Municipality_Structural_Damage,00_05_01_00,G,average,100,2832.36,0.49,00,05,01,00
Municipality_Structural_Damage,00_05_01_00,G&Wp,average,20,811.57,0.97,00,05,01,00
Municipality_Structural_Damage,00_05_01_00,G&Wp,average,60,2916.84,0.78,00,05,01,00
Municipality_Structural_Damage,00_05_01_00,G&Wp,average,100,3171.97,0.39,00,05,01,00
Municipality_Structural_Damage,00_05_01_00,Wp,average,20,850.32,0.97,00,05,01,00
Municipality_Structural_Damage,00_05_01_00,Wp,average,60,3388.32,0.77,00,05,01,00
Municipality_Structural_Damage,00_05_01_00,Wp,average,100,3511.58,0.34,00,05,01,00
Municipality_Structural_Damage,00_05_03_00,D,average,20,621.83,0.93,00,05,03,00
Municipality_Structural_Damage,00_05_03_00,D,average,60,1913.56,0.81,00,05,03,00
Municipality_Structural_Damage,00_05_03_00,D,average,100,2267.36,0.58,00,05,03,00
Municipality_Structural_Damage,00_05_03_00,D&G,average,20,679.31,0.93,00,05,03,00
Municipality_Structural_Damage,00_05_03_00,D&G,average,60,2149.8,0.79,00,05,03,00
Municipality_Structural_Damage,00_05_03_00,D&G,average,100,2518.46,0.52,00,05,03,00
Municipality_Structural_Damage,00_05_03_00,D&G&Wp,average,20,722.75,0.93,00,05,03,00
Municipality_Structural_Damage,00_05_03_00,D&G&Wp,average,60,2536.54,0.77,00,05,03,00
Municipality_Structural_Damage,00_05_03_00,D&G&Wp,average,100,2823.4,0.42,00,05,03,00
Municipality_Structural_Damage,00_05_03_00,D&Wp,average,20,715.72,0.92,00,05,03,00
Municipality_Structural_Damage,00_05_03_00,D&Wp,average,60,2611.79,0.77,00,05,03,00
Municipality_Structural_Damage,00_05_03_00,D&Wp,average,100,2850.32,0.4,00,05,03,00
Municipality_Structural_Damage,00_05_03_00,G,average,20,736.8,0.93,00,05,03,00
Municipality_Structural_Damage,00_05_03_00,G,average,60,2386.04,0.78,00,05,03,00
Municipality_Structural_Damage,00_05_03_00,G,average,100,2769.57,0.48,00,05,03,00
Municipality_Structural_Damage,00_05_03_00,G&Wp,average,20,773.21,0.92,00,05,03,00
Municipality_Structural_Damage,00_05_03_00,G&Wp,average,60,2848.03,0.76,00,05,03,00
Municipality_Structural_Damage,00_05_03_00,G&Wp,average,100,3101.43,0.39,00,05,03,00
Municipality_Structural_Damage,00_05_03_00,Wp,average,20,809.62,0.92,00,05,03,00
Municipality_Structural_Damage,00_05_03_00,Wp,average,60,3310.02,0.75,00,05,03,00
Municipality_Structural_Damage,00_05_03_00,Wp,average,100,3433.29,0.33,00,05,03,00
Municipality_Structural_Damage,00_05_05_00,D,average,20,192.89,0.29,00,05,05,00
Municipality_Structural_Damage,00_05_05_00,D,average,60,695.03,0.29,00,05,05,00
Municipality_Structural_Damage,00_05_05_00,D,average,100,738.99,0.19,00,05,05,00
Municipality_Structural_Damage,00_05_05_00,D&G,average,20,206.62,0.28,00,05,05,00
Municipality_Structural_Damage,00_05_05_00,D&G,average,60,752.67,0.28,00,05,05,00
Municipality_Structural_Damage,00_05_05_00,D&G,average,100,798.16,0.16,00,05,05,00
Municipality_Structural_Damage,00_05_05_00,D&G&Wp,average,20,211.33,0.27,00,05,05,00
Municipality_Structural_Damage,00_05_05_00,D&G&Wp,average,60,830.47,0.25,00,05,05,00
Municipality_Structural_Damage,00_05_05_00,D&G&Wp,average,100,873.4,0.13,00,05,05,00
Municipality_Structural_Damage,00_05_05_00,D&Wp,average,20,206.82,0.27,00,05,05,00
Municipality_Structural_Damage,00_05_05_00,D&Wp,average,60,840.55,0.25,00,05,05,00
Municipality_Structural_Damage,00_05_05_00,D&Wp,average,100,881.43,0.12,00,05,05,00
Municipality_Structural_Damage,00_05_05_00,G,average,20,220.34,0.28,00,05,05,00
Municipality_Structural_Damage,00_05_05_00,G,average,60,810.31,0.27,00,05,05,00
Municipality_Structural_Damage,00_05_05_00,G,average,100,857.34,0.15,00,05,05,00
Municipality_Structural_Damage,00_05_05_00,G&Wp,average,20,220.55,0.26,00,05,05,00
Municipality_Structural_Damage,00_05_05_00,G&Wp,average,60,898.19,0.24,00,05,05,00
Municipality_Structural_Damage,00_05_05_00,G&Wp,average,100,940.6,0.12,00,05,05,00
Municipality_Structural_Damage,00_05_05_00,Wp,average,20,220.76,0.25,00,05,05,00
Municipality_Structural_Damage,00_05_05_00,Wp,average,60,986.07,0.22,00,05,05,00
Municipality_Structural_Damage,00_05_05_00,Wp,average,100,1023.86,0.1,00,05,05,00
Municipality_Structural_Damage,00_05_07_00,D,average,20,217.39,0.32,00,05,07,00
Municipality_Structural_Damage,00_05_07_00,D,average,60,927.31,0.39,00,05,07,00
Municipality_Structural_Damage,00_05_07_00,D,average,100,1033.77,0.26,00,05,07,00
Municipality_Structural_Damage,00_05_07_00,D&G,average,20,231.25,0.32,00,05,07,00
Municipality_Structural_Damage,00_05_07_00,D&G,average,60,986.9,0.36,00,05,07,00
Municipality_Structural_Damage,00_05_07_00,D&G,average,100,1064.44,0.22,00,05,07,00
Municipality_Structural_Damage,00_05_07_00,D&G&Wp,average,20,236.09,0.3,00,05,07,00
Municipality_Structural_Damage,00_05_07_00,D&G&Wp,average,60,1071.02,0.33,00,05,07,00
Municipality_Structural_Damage,00_05_07_00,D&G&Wp,average,100,1140.13,0.17,00,05,07,00
Municipality_Structural_Damage,00_05_07_00,D&Wp,average,20,231.59,0.3,00,05,07,00
Municipality_Structural_Damage,00_05_07_00,D&Wp,average,60,1083.29,0.32,00,05,07,00
Municipality_Structural_Damage,00_05_07_00,D&Wp,average,100,1162.64,0.16,00,05,07,00
Municipality_Structural_Damage,00_05_07_00,G,average,20,245.1,0.31,00,05,07,00
Municipality_Structural_Damage,00_05_07_00,G,average,60,1046.48,0.34,00,05,07,00
Municipality_Structural_Damage,00_05_07_00,G,average,100,1095.12,0.19,00,05,07,00
Municipality_Structural_Damage,00_05_07_00,G&Wp,average,20,245.44,0.29,00,05,07,00
Municipality_Structural_Damage,00_05_07_00,G&Wp,average,60,1142.88,0.31,00,05,07,00
Municipality_Structural_Damage,00_05_07_00,G&Wp,average,100,1193.31,0.15,00,05,07,00
Municipality_Structural_Damage,00_05_07_00,Wp,average,20,245.79,0.28,00,05,07,00
Municipality_Structural_Damage,00_05_07_00,Wp,average,60,1239.27,0.28,00,05,07,00
Municipality_Structural_Damage,00_05_07_00,Wp,average,100,1291.51,0.13,00,05,07,00
Municipality_Structural_Damage,00_05_09_00,D,average,20,192.89,0.29,00,05,09,00
Municipality_Structural_Damage,00_05_09_00,D,average,60,652.63,0.28,00,05,09,00
Municipality_Structural_Damage,00_05_09_00,D,average,100,652.63,0.17,00,05,09,00
Municipality_Structural_Damage,00_05_09_00,D&G,average,20,206.62,0.28,00,05,09,00
Municipality_Structural_Damage,00_05_09_00,D&G,average,60,709.57,0.26,00,05,09,00
Municipality_Structural_Damage,00_05_09_00,D&G,average,100,709.57,0.15,00,05,09,00
Municipality_Structural_Damage,00_05_09_00,D&G&Wp,average,20,211.33,0.27,00,05,09,00
Municipality_Structural_Damage,00_05_09_00,D&G&Wp,average,60,779.37,0.24,00,05,09,00
Municipality_Structural_Damage,00_05_09_00,D&G&Wp,average,100,792.46,0.12,00,05,09,00
Municipality_Structural_Damage,00_05_09_00,D&Wp,average,20,206.82,0.27,00,05,09,00
Municipality_Structural_Damage,00_05_09_00,D&Wp,average,60,785.79,0.23,00,05,09,00
Municipality_Structural_Damage,00_05_09_00,D&Wp,average,100,805.43,0.11,00,05,09,00
Municipality_Structural_Damage,00_05_09_00,G,average,20,220.34,0.28,00,05,09,00
Municipality_Structural_Damage,00_05_09_00,G,average,60,766.51,0.25,00,05,09,00
Municipality_Structural_Damage,00_05_09_00,G,average,100,766.51,0.13,00,05,09,00
Municipality_Structural_Damage,00_05_09_00,G&Wp,average,20,220.55,0.26,00,05,09,00
Municipality_Structural_Damage,00_05_09_00,G&Wp,average,60,842.74,0.23,00,05,09,00
Municipality_Structural_Damage,00_05_09_00,G&Wp,average,100,862.37,0.11,00,05,09,00
Municipality_Structural_Damage,00_05_09_00,Wp,average,20,220.76,0.25,00,05,09,00
Municipality_Structural_Damage,00_05_09_00,Wp,average,60,918.96,0.21,00,05,09,00
Municipality_Structural_Damage,00_05_09_00,Wp,average,100,958.24,0.09,00,05,09,00
Municipality_Structural_Damage,00_05_11_00,D,average,20,669.49,1.0,00,05,11,00
Municipality_Structural_Damage,00_05_11_00,D,average,60,2127.48,0.9,00,05,11,00
Municipality_Structural_Damage,00_05_11_00,D,average,100,3017.74,0.77,00,05,11,00
Municipality_Structural_Damage,00_05_11_00,D&G,average,20,731.84,1.0,00,05,11,00
Municipality_Structural_Damage,00_05_11_00,D&G,average,60,2391.82,0.88,00,05,11,00
Municipality_Structural_Damage,00_05_11_00,D&G,average,100,3288.69,0.68,00,05,11,00
Municipality_Structural_Damage,00_05_11_00,D&G&Wp,average,20,779.57,1.0,00,05,11,00
Municipality_Structural_Damage,00_05_11_00,D&G&Wp,average,60,2849.39,0.87,00,05,11,00
Municipality_Structural_Damage,00_05_11_00,D&G&Wp,average,100,3841.08,0.58,00,05,11,00
Municipality_Structural_Damage,00_05_11_00,D&Wp,average,20,772.27,1.0,00,05,11,00
Municipality_Structural_Damage,00_05_11_00,D&Wp,average,60,2946.01,0.87,00,05,11,00
Municipality_Structural_Damage,00_05_11_00,D&Wp,average,100,3981.79,0.56,00,05,11,00
Municipality_Structural_Damage,00_05_11_00,G,average,20,794.18,1.0,00,05,11,00
Municipality_Structural_Damage,00_05_11_00,G,average,60,2656.17,0.87,00,05,11,00
Municipality_Structural_Damage,00_05_11_00,G,average,100,3559.65,0.61,00,05,11,00
Municipality_Structural_Damage,00_05_11_00,G&Wp,average,20,834.61,1.0,00,05,11,00
Municipality_Structural_Damage,00_05_11_00,G&Wp,average,60,3210.35,0.86,00,05,11,00
Municipality_Structural_Damage,00_05_11_00,G&Wp,average,100,4252.74,0.53,00,05,11,00
Municipality_Structural_Damage,00_05_11_00,Wp,average,20,875.05,1.0,00,05,11,00
Municipality_Structural_Damage,00_05_11_00,Wp,average,60,3764.53,0.85,00,05,11,00
Municipality_Structural_Damage,00_05_11_00,Wp,average,100,4945.84,0.48,00,05,11,00
Municipality_Structural_Damage,00_05_13_00,D,average,20,622.76,0.93,00,05,13,00
Municipality_Structural_Damage,00_05_13_00,D,average,60,1921.48,0.81,00,05,13,00
Municipality_Structural_Damage,00_05_13_00,D,average,100,2554.86,0.65,00,05,13,00
Municipality_Structural_Damage,00_05_13_00,D&G,average,20,680.47,0.93,00,05,13,00
Municipality_Structural_Damage,00_05_13_00,D&G,average,60,2177.62,0.8,00,05,13,00
Municipality_Structural_Damage,00_05_13_00,D&G,average,100,2799.28,0.58,00,05,13,00
Municipality_Structural_Damage,00_05_13_00,D&G&Wp,average,20,724.16,0.93,00,05,13,00
Municipality_Structural_Damage,00_05_13_00,D&G&Wp,average,60,2531.27,0.77,00,05,13,00
Municipality_Structural_Damage,00_05_13_00,D&G&Wp,average,100,3067.78,0.46,00,05,13,00
Municipality_Structural_Damage,00_05_13_00,D&Wp,average,20,717.14,0.93,00,05,13,00
Municipality_Structural_Damage,00_05_13_00,D&Wp,average,60,2580.03,0.76,00,05,13,00
Municipality_Structural_Damage,00_05_13_00,D&Wp,average,100,3079.82,0.43,00,05,13,00
Municipality_Structural_Damage,00_05_13_00,G,average,20,738.18,0.93,00,05,13,00
Municipality_Structural_Damage,00_05_13_00,G,average,60,2433.76,0.8,00,05,13,00
Municipality_Structural_Damage,00_05_13_00,G,average,100,3043.7,0.53,00,05,13,00
Municipality_Structural_Damage,00_05_13_00,G&Wp,average,20,774.85,0.93,00,05,13,00
Municipality_Structural_Damage,00_05_13_00,G&Wp,average,60,2836.17,0.76,00,05,13,00
Municipality_Structural_Damage,00_05_13_00,G&Wp,average,100,3324.24,0.41,00,05,13,00
Municipality_Structural_Damage,00_05_13_00,Wp,average,20,811.52,0.93,00,05,13,00
Municipality_Structural_Damage,00_05_13_00,Wp,average,60,3238.58,0.73,00,05,13,00
Municipality_Structural_Damage,00_05_13_00,Wp,average,100,3604.78,0.35,00,05,13,00
Municipality_Structural_Damage,00_06_00_00,D,average,20,670.52,1.0,00,06,00,00
Municipality_Structural_Damage,00_06_00_00,D,average,60,2363.56,1.0,00,06,00,00
Municipality_Structural_Damage,00_06_00_00,D,average,100,3922.26,1.0,00,06,00,00
Municipality_Structural_Damage,00_06_00_00,D&G,average,20,733.12,1.0,00,06,00,00
Municipality_Structural_Damage,00_06_00_00,D&G,average,60,2708.88,1.0,00,06,00,00
Municipality_Structural_Damage,00_06_00_00,D&G,average,100,4856.35,1.0,00,06,00,00
Municipality_Structural_Damage,00_06_00_00,D&G&Wp,average,20,781.14,1.0,00,06,00,00
Municipality_Structural_Damage,00_06_00_00,D&G&Wp,average,60,3278.24,1.0,00,06,00,00
Municipality_Structural_Damage,00_06_00_00,D&G&Wp,average,100,6651.88,1.0,00,06,00,00
Municipality_Structural_Damage,00_06_00_00,D&Wp,average,20,773.84,1.0,00,06,00,00
Municipality_Structural_Damage,00_06_00_00,D&Wp,average,60,3390.25,1.0,00,06,00,00
Municipality_Structural_Damage,00_06_00_00,D&Wp,average,100,7082.6,1.0,00,06,00,00
Municipality_Structural_Damage,00_06_00_00,G,average,20,795.72,1.0,00,06,00,00
Municipality_Structural_Damage,00_06_00_00,G,average,60,3054.21,1.0,00,06,00,00
Municipality_Structural_Damage,00_06_00_00,G,average,100,5790.45,1.0,00,06,00,00
Municipality_Structural_Damage,00_06_00_00,G&Wp,average,20,836.45,1.0,00,06,00,00
Municipality_Structural_Damage,00_06_00_00,G&Wp,average,60,3735.58,1.0,00,06,00,00
Municipality_Structural_Damage,00_06_00_00,G&Wp,average,100,8016.7,1.0,00,06,00,00
Municipality_Structural_Damage,00_06_00_00,Wp,average,20,877.17,1.0,00,06,00,00
Municipality_Structural_Damage,00_06_00_00,Wp,average,60,4416.94,1.0,00,06,00,00
Municipality_Structural_Damage,00_06_00_00,Wp,average,100,10242.95,0.99,00,06,00,00
Municipality_Structural_Damage,00_06_01_00,D,average,20,653.42,0.97,00,06,01,00
Municipality_Structural_Damage,00_06_01_00,D,average,60,1954.39,0.83,00,06,01,00
Municipality_Structural_Damage,00_06_01_00,D,average,100,2317.05,0.59,00,06,01,00
Municipality_Structural_Damage,00_06_01_00,D&G,average,20,713.12,0.97,00,06,01,00
Municipality_Structural_Damage,00_06_01_00,D&G,average,60,2199.87,0.81,00,06,01,00
Municipality_Structural_Damage,00_06_01_00,D&G,average,100,2574.7,0.53,00,06,01,00
Municipality_Structural_Damage,00_06_01_00,D&G&Wp,average,20,758.85,0.97,00,06,01,00
Municipality_Structural_Damage,00_06_01_00,D&G&Wp,average,60,2596.02,0.79,00,06,01,00
Municipality_Structural_Damage,00_06_01_00,D&G&Wp,average,100,2887.0,0.43,00,06,01,00
Municipality_Structural_Damage,00_06_01_00,D&Wp,average,20,751.87,0.97,00,06,01,00
Municipality_Structural_Damage,00_06_01_00,D&Wp,average,60,2671.35,0.79,00,06,01,00
Municipality_Structural_Damage,00_06_01_00,D&Wp,average,100,2914.31,0.41,00,06,01,00
Municipality_Structural_Damage,00_06_01_00,G,average,20,772.82,0.97,00,06,01,00
Municipality_Structural_Damage,00_06_01_00,G,average,60,2445.36,0.8,00,06,01,00
Municipality_Structural_Damage,00_06_01_00,G,average,100,2832.36,0.49,00,06,01,00
Municipality_Structural_Damage,00_06_01_00,G&Wp,average,20,811.57,0.97,00,06,01,00
Municipality_Structural_Damage,00_06_01_00,G&Wp,average,60,2916.84,0.78,00,06,01,00
Municipality_Structural_Damage,00_06_01_00,G&Wp,average,100,3171.97,0.39,00,06,01,00
Municipality_Structural_Damage,00_06_01_00,Wp,average,20,850.32,0.97,00,06,01,00
Municipality_Structural_Damage,00_06_01_00,Wp,average,60,3388.32,0.77,00,06,01,00
Municipality_Structural_Damage,00_06_01_00,Wp,average,100,3511.58,0.34,00,06,01,00
Municipality_Structural_Damage,00_06_03_00,D,average,20,621.83,0.93,00,06,03,00
Municipality_Structural_Damage,00_06_03_00,D,average,60,1913.56,0.81,00,06,03,00
Municipality_Structural_Damage,00_06_03_00,D,average,100,2267.36,0.58,00,06,03,00
Municipality_Structural_Damage,00_06_03_00,D&G,average,20,679.31,0.93,00,06,03,00
Municipality_Structural_Damage,00_06_03_00,D&G,average,60,2149.8,0.79,00,06,03,00
Municipality_Structural_Damage,00_06_03_00,D&G,average,100,2518.46,0.52,00,06,03,00
Municipality_Structural_Damage,00_06_03_00,D&G&Wp,average,20,722.75,0.93,00,06,03,00
Municipality_Structural_Damage,00_06_03_00,D&G&Wp,average,60,2536.54,0.77,00,06,03,00
Municipality_Structural_Damage,00_06_03_00,D&G&Wp,average,100,2823.4,0.42,00,06,03,00
Municipality_Structural_Damage,00_06_03_00,D&Wp,average,20,715.72,0.92,00,06,03,00
Municipality_Structural_Damage,00_06_03_00,D&Wp,average,60,2611.79,0.77,00,06,03,00
Municipality_Structural_Damage,00_06_03_00,D&Wp,average,100,2850.32,0.4,00,06,03,00
Municipality_Structural_Damage,00_06_03_00,G,average,20,736.8,0.93,00,06,03,00
Municipality_Structural_Damage,00_06_03_00,G,average,60,2386.04,0.78,00,06,03,00
Municipality_Structural_Damage,00_06_03_00,G,average,100,2769.57,0.48,00,06,03,00
Municipality_Structural_Damage,00_06_03_00,G&Wp,average,20,773.21,0.92,00,06,03,00
Municipality_Structural_Damage,00_06_03_00,G&Wp,average,60,2848.03,0.76,00,06,03,00
Municipality_Structural_Damage,00_06_03_00,G&Wp,average,100,3101.43,0.39,00,06,03,00
Municipality_Structural_Damage,00_06_03_00,Wp,average,20,809.62,0.92,00,06,03,00
Municipality_Structural_Damage,00_06_03_00,Wp,average,60,3310.02,0.75,00,06,03,00
Municipality_Structural_Damage,00_06_03_00,Wp,average,100,3433.29,0.33,00,06,03,00
Municipality_Structural_Damage,00_06_05_00,D,average,20,192.89,0.29,00,06,05,00
Municipality_Structural_Damage,00_06_05_00,D,average,60,695.03,0.29,00,06,05,00
Municipality_Structural_Damage,00_06_05_00,D,average,100,738.99,0.19,00,06,05,00
Municipality_Structural_Damage,00_06_05_00,D&G,average,20,206.62,0.28,00,06,05,00
Municipality_Structural_Damage,00_06_05_00,D&G,average,60,752.67,0.28,00,06,05,00
Municipality_Structural_Damage,00_06_05_00,D&G,average,100,798.16,0.16,00,06,05,00
Municipality_Structural_Damage,00_06_05_00,D&G&Wp,average,20,211.33,0.27,00,06,05,00
Municipality_Structural_Damage,00_06_05_00,D&G&Wp,average,60,830.47,0.25,00,06,05,00
Municipality_Structural_Damage,00_06_05_00,D&G&Wp,average,100,873.4,0.13,00,06,05,00
Municipality_Structural_Damage,00_06_05_00,D&Wp,average,20,206.82,0.27,00,06,05,00
Municipality_Structural_Damage,00_06_05_00,D&Wp,average,60,840.55,0.25,00,06,05,00
Municipality_Structural_Damage,00_06_05_00,D&Wp,average,100,881.43,0.12,00,06,05,00
Municipality_Structural_Damage,00_06_05_00,G,average,20,220.34,0.28,00,06,05,00
Municipality_Structural_Damage,00_06_05_00,G,average,60,810.31,0.27,00,06,05,00
Municipality_Structural_Damage,00_06_05_00,G,average,100,857.34,0.15,00,06,05,00
Municipality_Structural_Damage,00_06_05_00,G&Wp,average,20,220.55,0.26,00,06,05,00
Municipality_Structural_Damage,00_06_05_00,G&Wp,average,60,898.19,0.24,00,06,05,00
Municipality_Structural_Damage,00_06_05_00,G&Wp,average,100,940.6,0.12,00,06,05,00
Municipality_Structural_Damage,00_06_05_00,Wp,average,20,220.76,0.25,00,06,05,00
Municipality_Structural_Damage,00_06_05_00,Wp,average,60,986.07,0.22,00,06,05,00
Municipality_Structural_Damage,00_06_05_00,Wp,average,100,1023.86,0.1,00,06,05,00
Municipality_Structural_Damage,00_06_07_00,D,average,20,217.47,0.32,00,06,07,00
Municipality_Structural_Damage,00_06_07_00,D,average,60,931.57,0.39,00,06,07,00
Municipality_Structural_Damage,00_06_07_00,D,average,100,1022.08,0.26,00,06,07,00
Municipality_Structural_Damage,00_06_07_00,D&G,average,20,231.01,0.32,00,06,07,00
Municipality_Structural_Damage,00_06_07_00,D&G,average,60,987.86,0.36,00,06,07,00
Municipality_Structural_Damage,00_06_07_00,D&G,average,100,1057.81,0.22,00,06,07,00
Municipality_Structural_Damage,00_06_07_00,D&G&Wp,average,20,235.84,0.3,00,06,07,00
Municipality_Structural_Damage,00_06_07_00,D&G&Wp,average,60,1074.71,0.33,00,06,07,00
Municipality_Structural_Damage,00_06_07_00,D&G&Wp,average,100,1139.17,0.17,00,06,07,00
Municipality_Structural_Damage,00_06_07_00,D&Wp,average,20,231.48,0.3,00,06,07,00
Municipality_Structural_Damage,00_06_07_00,D&Wp,average,60,1089.98,0.32,00,06,07,00
Municipality_Structural_Damage,00_06_07_00,D&Wp,average,100,1161.98,0.16,00,06,07,00
Municipality_Structural_Damage,00_06_07_00,G,average,20,244.55,0.31,00,06,07,00
Municipality_Structural_Damage,00_06_07_00,G,average,60,1044.15,0.34,00,06,07,00
Municipality_Structural_Damage,00_06_07_00,G,average,100,1093.54,0.19,00,06,07,00
Municipality_Structural_Damage,00_06_07_00,G&Wp,average,20,245.03,0.29,00,06,07,00
Municipality_Structural_Damage,00_06_07_00,G&Wp,average,60,1146.28,0.31,00,06,07,00
Municipality_Structural_Damage,00_06_07_00,G&Wp,average,100,1197.71,0.15,00,06,07,00
Municipality_Structural_Damage,00_06_07_00,Wp,average,20,245.5,0.28,00,06,07,00
Municipality_Structural_Damage,00_06_07_00,Wp,average,60,1248.4,0.28,00,06,07,00
Municipality_Structural_Damage,00_06_07_00,Wp,average,100,1301.88,0.13,00,06,07,00
Municipality_Structural_Damage,00_06_09_00,D,average,20,192.89,0.29,00,06,09,00
Municipality_Structural_Damage,00_06_09_00,D,average,60,652.63,0.28,00,06,09,00
Municipality_Structural_Damage,00_06_09_00,D,average,100,652.63,0.17,00,06,09,00
Municipality_Structural_Damage,00_06_09_00,D&G,average,20,206.62,0.28,00,06,09,00
Municipality_Structural_Damage,00_06_09_00,D&G,average,60,709.57,0.26,00,06,09,00
Municipality_Structural_Damage,00_06_09_00,D&G,average,100,709.57,0.15,00,06,09,00
Municipality_Structural_Damage,00_06_09_00,D&G&Wp,average,20,211.33,0.27,00,06,09,00
Municipality_Structural_Damage,00_06_09_00,D&G&Wp,average,60,779.37,0.24,00,06,09,00
Municipality_Structural_Damage,00_06_09_00,D&G&Wp,average,100,792.46,0.12,00,06,09,00
Municipality_Structural_Damage,00_06_09_00,D&Wp,average,20,206.82,0.27,00,06,09,00
Municipality_Structural_Damage,00_06_09_00,D&Wp,average,60,785.79,0.23,00,06,09,00
Municipality_Structural_Damage,00_06_09_00,D&Wp,average,100,805.43,0.11,00,06,09,00
Municipality_Structural_Damage,00_06_09_00,G,average,20,220.34,0.28,00,06,09,00
Municipality_Structural_Damage,00_06_09_00,G,average,60,766.51,0.25,00,06,09,00
Municipality_Structural_Damage,00_06_09_00,G,average,100,766.51,0.13,00,06,09,00
Municipality_Structural_Damage,00_06_09_00,G&Wp,average,20,220.55,0.26,00,06,09,00
Municipality_Structural_Damage,00_06_09_00,G&Wp,average,60,842.74,0.23,00,06,09,00
Municipality_Structural_Damage,00_06_09_00,G&Wp,average,100,862.37,0.11,00,06,09,00
Municipality_Structural_Damage,00_06_09_00,Wp,average,20,220.76,0.25,00,06,09,00
Municipality_Structural_Damage,00_06_09_00,Wp,average,60,918.96,0.21,00,06,09,00
Municipality_Structural_Damage,00_06_09_00,Wp,average,100,958.24,0.09,00,06,09,00
Municipality_Structural_Damage,00_06_11_00,D,average,20,669.49,1.0,00,06,11,00
Municipality_Structural_Damage,00_06_11_00,D,average,60,2127.48,0.9,00,06,11,00
Municipality_Structural_Damage,00_06_11_00,D,average,100,3017.74,0.77,00,06,11,00
Municipality_Structural_Damage,00_06_11_00,D&G,average,20,731.84,1.0,00,06,11,00
Municipality_Structural_Damage,00_06_11_00,D&G,average,60,2391.82,0.88,00,06,11,00
Municipality_Structural_Damage,00_06_11_00,D&G,average,100,3288.69,0.68,00,06,11,00
Municipality_Structural_Damage,00_06_11_00,D&G&Wp,average,20,779.57,1.0,00,06,11,00
Municipality_Structural_Damage,00_06_11_00,D&G&Wp,average,60,2849.39,0.87,00,06,11,00
Municipality_Structural_Damage,00_06_11_00,D&G&Wp,average,100,3832.47,0.57,00,06,11,00
Municipality_Structural_Damage,00_06_11_00,D&Wp,average,20,772.27,1.0,00,06,11,00
Municipality_Structural_Damage,00_06_11_00,D&Wp,average,60,2946.01,0.87,00,06,11,00
Municipality_Structural_Damage,00_06_11_00,D&Wp,average,100,3968.88,0.56,00,06,11,00
Municipality_Structural_Damage,00_06_11_00,G,average,20,794.18,1.0,00,06,11,00
Municipality_Structural_Damage,00_06_11_00,G,average,60,2656.17,0.87,00,06,11,00
Municipality_Structural_Damage,00_06_11_00,G,average,100,3559.65,0.61,00,06,11,00
Municipality_Structural_Damage,00_06_11_00,G&Wp,average,20,834.61,1.0,00,06,11,00
Municipality_Structural_Damage,00_06_11_00,G&Wp,average,60,3210.35,0.86,00,06,11,00
Municipality_Structural_Damage,00_06_11_00,G&Wp,average,100,4239.84,0.53,00,06,11,00
Municipality_Structural_Damage,00_06_11_00,Wp,average,20,875.05,1.0,00,06,11,00
Municipality_Structural_Damage,00_06_11_00,Wp,average,60,3764.53,0.85,00,06,11,00
Municipality_Structural_Damage,00_06_11_00,Wp,average,100,4920.03,0.48,00,06,11,00
Municipality_Structural_Damage,00_06_13_00,D,average,20,622.76,0.93,00,06,13,00
Municipality_Structural_Damage,00_06_13_00,D,average,60,1920.79,0.81,00,06,13,00
Municipality_Structural_Damage,00_06_13_00,D,average,100,2559.86,0.65,00,06,13,00
Municipality_Structural_Damage,00_06_13_00,D&G,average,20,680.47,0.93,00,06,13,00
Municipality_Structural_Damage,00_06_13_00,D&G,average,60,2177.98,0.8,00,06,13,00
Municipality_Structural_Damage,00_06_13_00,D&G,average,100,2803.17,0.58,00,06,13,00
Municipality_Structural_Damage,00_06_13_00,D&G&Wp,average,20,724.16,0.93,00,06,13,00
Municipality_Structural_Damage,00_06_13_00,D&G&Wp,average,60,2531.38,0.77,00,06,13,00
Municipality_Structural_Damage,00_06_13_00,D&G&Wp,average,100,3063.41,0.46,00,06,13,00
Municipality_Structural_Damage,00_06_13_00,D&Wp,average,20,717.14,0.93,00,06,13,00
Municipality_Structural_Damage,00_06_13_00,D&Wp,average,60,2579.47,0.76,00,06,13,00
Municipality_Structural_Damage,00_06_13_00,D&Wp,average,100,3071.88,0.43,00,06,13,00
Municipality_Structural_Damage,00_06_13_00,G,average,20,738.18,0.93,00,06,13,00
Municipality_Structural_Damage,00_06_13_00,G,average,60,2435.18,0.8,00,06,13,00
Municipality_Structural_Damage,00_06_13_00,G,average,100,3046.48,0.53,00,06,13,00
Municipality_Structural_Damage,00_06_13_00,G&Wp,average,20,774.85,0.93,00,06,13,00
Municipality_Structural_Damage,00_06_13_00,G&Wp,average,60,2836.67,0.76,00,06,13,00
Municipality_Structural_Damage,00_06_13_00,G&Wp,average,100,3315.19,0.41,00,06,13,00
Municipality_Structural_Damage,00_06_13_00,Wp,average,20,811.52,0.93,00,06,13,00
Municipality_Structural_Damage,00_06_13_00,Wp,average,60,3238.16,0.73,00,06,13,00
Municipality_Structural_Damage,00_06_13_00,Wp,average,100,3583.89,0.35,00,06,13,00
Municipality_Structural_Damage,00_07_00_00,D,average,20,670.52,1.0,00,07,00,00
Municipality_Structural_Damage,00_07_00_00,D,average,60,2363.56,1.0,00,07,00,00
Municipality_Structural_Damage,00_07_00_00,D,average,100,3922.26,1.0,00,07,00,00
Municipality_Structural_Damage,00_07_00_00,D&G,average,20,733.12,1.0,00,07,00,00
Municipality_Structural_Damage,00_07_00_00,D&G,average,60,2708.88,1.0,00,07,00,00
Municipality_Structural_Damage,00_07_00_00,D&G,average,100,4856.35,1.0,00,07,00,00
Municipality_Structural_Damage,00_07_00_00,D&G&Wp,average,20,781.14,1.0,00,07,00,00
Municipality_Structural_Damage,00_07_00_00,D&G&Wp,average,60,3278.24,1.0,00,07,00,00
Municipality_Structural_Damage,00_07_00_00,D&G&Wp,average,100,6661.9,1.0,00,07,00,00
Municipality_Structural_Damage,00_07_00_00,D&Wp,average,20,773.84,1.0,00,07,00,00
Municipality_Structural_Damage,00_07_00_00,D&Wp,average,60,3390.25,1.0,00,07,00,00
Municipality_Structural_Damage,00_07_00_00,D&Wp,average,100,7097.63,1.0,00,07,00,00
Municipality_Structural_Damage,00_07_00_00,G,average,20,795.72,1.0,00,07,00,00
Municipality_Structural_Damage,00_07_00_00,G,average,60,3054.21,1.0,00,07,00,00
Municipality_Structural_Damage,00_07_00_00,G,average,100,5790.45,1.0,00,07,00,00
Municipality_Structural_Damage,00_07_00_00,G&Wp,average,20,836.45,1.0,00,07,00,00
Municipality_Structural_Damage,00_07_00_00,G&Wp,average,60,3735.58,1.0,00,07,00,00
Municipality_Structural_Damage,00_07_00_00,G&Wp,average,100,8031.73,1.0,00,07,00,00
Municipality_Structural_Damage,00_07_00_00,Wp,average,20,877.17,1.0,00,07,00,00
Municipality_Structural_Damage,00_07_00_00,Wp,average,60,4416.94,1.0,00,07,00,00
Municipality_Structural_Damage,00_07_00_00,Wp,average,100,10273.01,1.0,00,07,00,00
Municipality_Structural_Damage,00_07_01_00,D,average,20,653.42,0.97,00,07,01,00
Municipality_Structural_Damage,00_07_01_00,D,average,60,1954.39,0.83,00,07,01,00
Municipality_Structural_Damage,00_07_01_00,D,average,100,2317.05,0.59,00,07,01,00
Municipality_Structural_Damage,00_07_01_00,D&G,average,20,713.12,0.97,00,07,01,00
Municipality_Structural_Damage,00_07_01_00,D&G,average,60,2199.87,0.81,00,07,01,00
Municipality_Structural_Damage,00_07_01_00,D&G,average,100,2574.7,0.53,00,07,01,00
Municipality_Structural_Damage,00_07_01_00,D&G&Wp,average,20,758.85,0.97,00,07,01,00
Municipality_Structural_Damage,00_07_01_00,D&G&Wp,average,60,2596.02,0.79,00,07,01,00
Municipality_Structural_Damage,00_07_01_00,D&G&Wp,average,100,2887.0,0.43,00,07,01,00
Municipality_Structural_Damage,00_07_01_00,D&Wp,average,20,751.87,0.97,00,07,01,00
Municipality_Structural_Damage,00_07_01_00,D&Wp,average,60,2671.35,0.79,00,07,01,00
Municipality_Structural_Damage,00_07_01_00,D&Wp,average,100,2914.31,0.41,00,07,01,00
Municipality_Structural_Damage,00_07_01_00,G,average,20,772.82,0.97,00,07,01,00
Municipality_Structural_Damage,00_07_01_00,G,average,60,2445.36,0.8,00,07,01,00
Municipality_Structural_Damage,00_07_01_00,G,average,100,2832.36,0.49,00,07,01,00
Municipality_Structural_Damage,00_07_01_00,G&Wp,average,20,811.57,0.97,00,07,01,00
Municipality_Structural_Damage,00_07_01_00,G&Wp,average,60,2916.84,0.78,00,07,01,00
Municipality_Structural_Damage,00_07_01_00,G&Wp,average,100,3171.97,0.39,00,07,01,00
Municipality_Structural_Damage,00_07_01_00,Wp,average,20,850.32,0.97,00,07,01,00
Municipality_Structural_Damage,00_07_01_00,Wp,average,60,3388.32,0.77,00,07,01,00
Municipality_Structural_Damage,00_07_01_00,Wp,average,100,3511.58,0.34,00,07,01,00
Municipality_Structural_Damage,00_07_03_00,D,average,20,621.83,0.93,00,07,03,00
Municipality_Structural_Damage,00_07_03_00,D,average,60,1913.56,0.81,00,07,03,00
Municipality_Structural_Damage,00_07_03_00,D,average,100,2267.36,0.58,00,07,03,00
Municipality_Structural_Damage,00_07_03_00,D&G,average,20,679.31,0.93,00,07,03,00
Municipality_Structural_Damage,00_07_03_00,D&G,average,60,2149.8,0.79,00,07,03,00
Municipality_Structural_Damage,00_07_03_00,D&G,average,100,2518.46,0.52,00,07,03,00
Municipality_Structural_Damage,00_07_03_00,D&G&Wp,average,20,722.75,0.93,00,07,03,00
Municipality_Structural_Damage,00_07_03_00,D&G&Wp,average,60,2536.54,0.77,00,07,03,00
Municipality_Structural_Damage,00_07_03_00,D&G&Wp,average,100,2823.4,0.42,00,07,03,00
Municipality_Structural_Damage,00_07_03_00,D&Wp,average,20,715.72,0.92,00,07,03,00
Municipality_Structural_Damage,00_07_03_00,D&Wp,average,60,2611.79,0.77,00,07,03,00
Municipality_Structural_Damage,00_07_03_00,D&Wp,average,100,2850.32,0.4,00,07,03,00
Municipality_Structural_Damage,00_07_03_00,G,average,20,736.8,0.93,00,07,03,00
Municipality_Structural_Damage,00_07_03_00,G,average,60,2386.04,0.78,00,07,03,00
Municipality_Structural_Damage,00_07_03_00,G,average,100,2769.57,0.48,00,07,03,00
Municipality_Structural_Damage,00_07_03_00,G&Wp,average,20,773.21,0.92,00,07,03,00
Municipality_Structural_Damage,00_07_03_00,G&Wp,average,60,2848.03,0.76,00,07,03,00
Municipality_Structural_Damage,00_07_03_00,G&Wp,average,100,3101.43,0.39,00,07,03,00
Municipality_Structural_Damage,00_07_03_00,Wp,average,20,809.62,0.92,00,07,03,00
Municipality_Structural_Damage,00_07_03_00,Wp,average,60,3310.02,0.75,00,07,03,00
Municipality_Structural_Damage,00_07_03_00,Wp,average,100,3433.29,0.33,00,07,03,00
Municipality_Structural_Damage,00_07_05_00,D,average,20,192.89,0.29,00,07,05,00
Municipality_Structural_Damage,00_07_05_00,D,average,60,695.03,0.29,00,07,05,00
Municipality_Structural_Damage,00_07_05_00,D,average,100,738.99,0.19,00,07,05,00
Municipality_Structural_Damage,00_07_05_00,D&G,average,20,206.62,0.28,00,07,05,00
Municipality_Structural_Damage,00_07_05_00,D&G,average,60,752.67,0.28,00,07,05,00
Municipality_Structural_Damage,00_07_05_00,D&G,average,100,798.16,0.16,00,07,05,00
Municipality_Structural_Damage,00_07_05_00,D&G&Wp,average,20,211.33,0.27,00,07,05,00
Municipality_Structural_Damage,00_07_05_00,D&G&Wp,average,60,830.47,0.25,00,07,05,00
Municipality_Structural_Damage,00_07_05_00,D&G&Wp,average,100,873.4,0.13,00,07,05,00
Municipality_Structural_Damage,00_07_05_00,D&Wp,average,20,206.82,0.27,00,07,05,00
Municipality_Structural_Damage,00_07_05_00,D&Wp,average,60,840.55,0.25,00,07,05,00
Municipality_Structural_Damage,00_07_05_00,D&Wp,average,100,881.43,0.12,00,07,05,00
Municipality_Structural_Damage,00_07_05_00,G,average,20,220.34,0.28,00,07,05,00
Municipality_Structural_Damage,00_07_05_00,G,average,60,810.31,0.27,00,07,05,00
Municipality_Structural_Damage,00_07_05_00,G,average,100,857.34,0.15,00,07,05,00
Municipality_Structural_Damage,00_07_05_00,G&Wp,average,20,220.55,0.26,00,07,05,00
Municipality_Structural_Damage,00_07_05_00,G&Wp,average,60,898.19,0.24,00,07,05,00
Municipality_Structural_Damage,00_07_05_00,G&Wp,average,100,940.6,0.12,00,07,05,00
Municipality_Structural_Damage,00_07_05_00,Wp,average,20,220.76,0.25,00,07,05,00
Municipality_Structural_Damage,00_07_05_00,Wp,average,60,986.07,0.22,00,07,05,00
Municipality_Structural_Damage,00_07_05_00,Wp,average,100,1023.86,0.1,00,07,05,00
Municipality_Structural_Damage,00_07_07_00,D,average,20,217.56,0.32,00,07,07,00
Municipality_Structural_Damage,00_07_07_00,D,average,60,928.02,0.39,00,07,07,00
Municipality_Structural_Damage,00_07_07_00,D,average,100,1039.43,0.27,00,07,07,00
Municipality_Structural_Damage,00_07_07_00,D&G,average,20,230.99,0.32,00,07,07,00
Municipality_Structural_Damage,00_07_07_00,D&G,average,60,985.46,0.36,00,07,07,00
Municipality_Structural_Damage,00_07_07_00,D&G,average,100,1065.78,0.22,00,07,07,00
Municipality_Structural_Damage,00_07_07_00,D&G&Wp,average,20,235.72,0.3,00,07,07,00
Municipality_Structural_Damage,00_07_07_00,D&G&Wp,average,60,1072.55,0.33,00,07,07,00
Municipality_Structural_Damage,00_07_07_00,D&G&Wp,average,100,1143.89,0.17,00,07,07,00
Municipality_Structural_Damage,00_07_07_00,D&Wp,average,20,231.36,0.3,00,07,07,00
Municipality_Structural_Damage,00_07_07_00,D&Wp,average,60,1087.37,0.32,00,07,07,00
Municipality_Structural_Damage,00_07_07_00,D&Wp,average,100,1169.77,0.16,00,07,07,00
Municipality_Structural_Damage,00_07_07_00,G,average,20,244.43,0.31,00,07,07,00
Municipality_Structural_Damage,00_07_07_00,G,average,60,1042.89,0.34,00,07,07,00
Municipality_Structural_Damage,00_07_07_00,G,average,100,1092.14,0.19,00,07,07,00
Municipality_Structural_Damage,00_07_07_00,G&Wp,average,20,244.8,0.29,00,07,07,00
Municipality_Structural_Damage,00_07_07_00,G&Wp,average,60,1144.81,0.31,00,07,07,00
Municipality_Structural_Damage,00_07_07_00,G&Wp,average,100,1196.12,0.15,00,07,07,00
Municipality_Structural_Damage,00_07_07_00,Wp,average,20,245.17,0.28,00,07,07,00
Municipality_Structural_Damage,00_07_07_00,Wp,average,60,1246.72,0.28,00,07,07,00
Municipality_Structural_Damage,00_07_07_00,Wp,average,100,1300.11,0.13,00,07,07,00
Municipality_Structural_Damage,00_07_09_00,D,average,20,192.89,0.29,00,07,09,00
Municipality_Structural_Damage,00_07_09_00,D,average,60,652.63,0.28,00,07,09,00
Municipality_Structural_Damage,00_07_09_00,D,average,100,652.63,0.17,00,07,09,00
Municipality_Structural_Damage,00_07_09_00,D&G,average,20,206.62,0.28,00,07,09,00
Municipality_Structural_Damage,00_07_09_00,D&G,average,60,709.57,0.26,00,07,09,00
Municipality_Structural_Damage,00_07_09_00,D&G,average,100,709.57,0.15,00,07,09,00
Municipality_Structural_Damage,00_07_09_00,D&G&Wp,average,20,211.33,0.27,00,07,09,00
Municipality_Structural_Damage,00_07_09_00,D&G&Wp,average,60,779.37,0.24,00,07,09,00
Municipality_Structural_Damage,00_07_09_00,D&G&Wp,average,100,792.46,0.12,00,07,09,00
Municipality_Structural_Damage,00_07_09_00,D&Wp,average,20,206.82,0.27,00,07,09,00
Municipality_Structural_Damage,00_07_09_00,D&Wp,average,60,785.79,0.23,00,07,09,00
Municipality_Structural_Damage,00_07_09_00,D&Wp,average,100,805.43,0.11,00,07,09,00
Municipality_Structural_Damage,00_07_09_00,G,average,20,220.34,0.28,00,07,09,00
Municipality_Structural_Damage,00_07_09_00,G,average,60,766.51,0.25,00,07,09,00
Municipality_Structural_Damage,00_07_09_00,G,average,100,766.51,0.13,00,07,09,00
Municipality_Structural_Damage,00_07_09_00,G&Wp,average,20,220.55,0.26,00,07,09,00
Municipality_Structural_Damage,00_07_09_00,G&Wp,average,60,842.74,0.23,00,07,09,00
Municipality_Structural_Damage,00_07_09_00,G&Wp,average,100,862.37,0.11,00,07,09,00
Municipality_Structural_Damage,00_07_09_00,Wp,average,20,220.76,0.25,00,07,09,00
Municipality_Structural_Damage,00_07_09_00,Wp,average,60,918.96,0.21,00,07,09,00
Municipality_Structural_Damage,00_07_09_00,Wp,average,100,958.24,0.09,00,07,09,00
Municipality_Structural_Damage,00_07_11_00,D,average,20,669.49,1.0,00,07,11,00
Municipality_Structural_Damage,00_07_11_00,D,average,60,2127.48,0.9,00,07,11,00
Municipality_Structural_Damage,00_07_11_00,D,average,100,3017.74,0.77,00,07,11,00
Municipality_Structural_Damage,00_07_11_00,D&G,average,20,731.84,1.0,00,07,11,00
Municipality_Structural_Damage,00_07_11_00,D&G,average,60,2391.82,0.88,00,07,11,00
Municipality_Structural_Damage,00_07_11_00,D&G,average,100,3288.69,0.68,00,07,11,00
Municipality_Structural_Damage,00_07_11_00,D&G&Wp,average,20,779.57,1.0,00,07,11,00
Municipality_Structural_Damage,00_07_11_00,D&G&Wp,average,60,2849.39,0.87,00,07,11,00
Municipality_Structural_Damage,00_07_11_00,D&G&Wp,average,100,3841.08,0.58,00,07,11,00
Municipality_Structural_Damage,00_07_11_00,D&Wp,average,20,772.27,1.0,00,07,11,00
Municipality_Structural_Damage,00_07_11_00,D&Wp,average,60,2946.01,0.87,00,07,11,00
Municipality_Structural_Damage,00_07_11_00,D&Wp,average,100,3981.79,0.56,00,07,11,00
Municipality_Structural_Damage,00_07_11_00,G,average,20,794.18,1.0,00,07,11,00
Municipality_Structural_Damage,00_07_11_00,G,average,60,2656.17,0.87,00,07,11,00
Municipality_Structural_Damage,00_07_11_00,G,average,100,3559.65,0.61,00,07,11,00
Municipality_Structural_Damage,00_07_11_00,G&Wp,average,20,834.61,1.0,00,07,11,00
Municipality_Structural_Damage,00_07_11_00,G&Wp,average,60,3210.35,0.86,00,07,11,00
Municipality_Structural_Damage,00_07_11_00,G&Wp,average,100,4252.74,0.53,00,07,11,00
Municipality_Structural_Damage,00_07_11_00,Wp,average,20,875.05,1.0,00,07,11,00
Municipality_Structural_Damage,00_07_11_00,Wp,average,60,3764.53,0.85,00,07,11,00
Municipality_Structural_Damage,00_07_11_00,Wp,average,100,4945.84,0.48,00,07,11,00
Municipality_Structural_Damage,00_07_13_00,D,average,20,622.76,0.93,00,07,13,00
Municipality_Structural_Damage,00_07_13_00,D,average,60,1921.43,0.81,00,07,13,00
Municipality_Structural_Damage,00_07_13_00,D,average,100,2561.91,0.65,00,07,13,00
Municipality_Structural_Damage,00_07_13_00,D&G,average,20,680.47,0.93,00,07,13,00
Municipality_Structural_Damage,00_07_13_00,D&G,average,60,2177.55,0.8,00,07,13,00
Municipality_Structural_Damage,00_07_13_00,D&G,average,100,2804.03,0.58,00,07,13,00
Municipality_Structural_Damage,00_07_13_00,D&G&Wp,average,20,724.16,0.93,00,07,13,00
Municipality_Structural_Damage,00_07_13_00,D&G&Wp,average,60,2530.73,0.77,00,07,13,00
Municipality_Structural_Damage,00_07_13_00,D&G&Wp,average,100,3057.31,0.46,00,07,13,00
Municipality_Structural_Damage,00_07_13_00,D&Wp,average,20,717.14,0.93,00,07,13,00
Municipality_Structural_Damage,00_07_13_00,D&Wp,average,60,2579.26,0.76,00,07,13,00
Municipality_Structural_Damage,00_07_13_00,D&Wp,average,100,3062.88,0.43,00,07,13,00
Municipality_Structural_Damage,00_07_13_00,G,average,20,738.18,0.93,00,07,13,00
Municipality_Structural_Damage,00_07_13_00,G,average,60,2433.68,0.8,00,07,13,00
Municipality_Structural_Damage,00_07_13_00,G,average,100,3046.16,0.53,00,07,13,00
Municipality_Structural_Damage,00_07_13_00,G&Wp,average,20,774.85,0.93,00,07,13,00
Municipality_Structural_Damage,00_07_13_00,G&Wp,average,60,2835.38,0.76,00,07,13,00
Municipality_Structural_Damage,00_07_13_00,G&Wp,average,100,3305.0,0.41,00,07,13,00
Municipality_Structural_Damage,00_07_13_00,Wp,average,20,811.52,0.93,00,07,13,00
Municipality_Structural_Damage,00_07_13_00,Wp,average,60,3237.09,0.73,00,07,13,00
Municipality_Structural_Damage,00_07_13_00,Wp,average,100,3563.85,0.35,00,07,13,00
Municipality_Structural_Damage,00_08_00_00,D,average,20,670.52,1.0,00,08,00,00
Municipality_Structural_Damage,00_08_00_00,D,average,60,2363.56,1.0,00,08,00,00
Municipality_Structural_Damage,00_08_00_00,D,average,100,3922.26,1.0,00,08,00,00
Municipality_Structural_Damage,00_08_00_00,D&G,average,20,733.12,1.0,00,08,00,00
Municipality_Structural_Damage,00_08_00_00,D&G,average,60,2708.88,1.0,00,08,00,00
Municipality_Structural_Damage,00_08_00_00,D&G,average,100,4856.35,1.0,00,08,00,00
Municipality_Structural_Damage,00_08_00_00,D&G&Wp,average,20,781.14,1.0,00,08,00,00
Municipality_Structural_Damage,00_08_00_00,D&G&Wp,average,60,3278.24,1.0,00,08,00,00
Municipality_Structural_Damage,00_08_00_00,D&G&Wp,average,100,6672.49,1.0,00,08,00,00
Municipality_Structural_Damage,00_08_00_00,D&Wp,average,20,773.84,1.0,00,08,00,00
Municipality_Structural_Damage,00_08_00_00,D&Wp,average,60,3390.25,1.0,00,08,00,00
Municipality_Structural_Damage,00_08_00_00,D&Wp,average,100,7113.51,1.0,00,08,00,00
Municipality_Structural_Damage,00_08_00_00,G,average,20,795.72,1.0,00,08,00,00
Municipality_Structural_Damage,00_08_00_00,G,average,60,3054.21,1.0,00,08,00,00
Municipality_Structural_Damage,00_08_00_00,G,average,100,5790.45,1.0,00,08,00,00
Municipality_Structural_Damage,00_08_00_00,G&Wp,average,20,836.45,1.0,00,08,00,00
Municipality_Structural_Damage,00_08_00_00,G&Wp,average,60,3735.58,1.0,00,08,00,00
Municipality_Structural_Damage,00_08_00_00,G&Wp,average,100,8047.61,1.0,00,08,00,00
Municipality_Structural_Damage,00_08_00_00,Wp,average,20,877.17,1.0,00,08,00,00
Municipality_Structural_Damage,00_08_00_00,Wp,average,60,4416.94,1.0,00,08,00,00
Municipality_Structural_Damage,00_08_00_00,Wp,average,100,10304.77,1.0,00,08,00,00
Municipality_Structural_Damage,00_08_01_00,D,average,20,653.42,0.97,00,08,01,00
Municipality_Structural_Damage,00_08_01_00,D,average,60,1954.39,0.83,00,08,01,00
Municipality_Structural_Damage,00_08_01_00,D,average,100,2317.05,0.59,00,08,01,00
Municipality_Structural_Damage,00_08_01_00,D&G,average,20,713.12,0.97,00,08,01,00
Municipality_Structural_Damage,00_08_01_00,D&G,average,60,2199.87,0.81,00,08,01,00
Municipality_Structural_Damage,00_08_01_00,D&G,average,100,2574.7,0.53,00,08,01,00
Municipality_Structural_Damage,00_08_01_00,D&G&Wp,average,20,758.85,0.97,00,08,01,00
Municipality_Structural_Damage,00_08_01_00,D&G&Wp,average,60,2596.02,0.79,00,08,01,00
Municipality_Structural_Damage,00_08_01_00,D&G&Wp,average,100,2887.0,0.43,00,08,01,00
Municipality_Structural_Damage,00_08_01_00,D&Wp,average,20,751.87,0.97,00,08,01,00
Municipality_Structural_Damage,00_08_01_00,D&Wp,average,60,2671.35,0.79,00,08,01,00
Municipality_Structural_Damage,00_08_01_00,D&Wp,average,100,2914.31,0.41,00,08,01,00
Municipality_Structural_Damage,00_08_01_00,G,average,20,772.82,0.97,00,08,01,00
Municipality_Structural_Damage,00_08_01_00,G,average,60,2445.36,0.8,00,08,01,00
Municipality_Structural_Damage,00_08_01_00,G,average,100,2832.36,0.49,00,08,01,00
Municipality_Structural_Damage,00_08_01_00,G&Wp,average,20,811.57,0.97,00,08,01,00
Municipality_Structural_Damage,00_08_01_00,G&Wp,average,60,2916.84,0.78,00,08,01,00
Municipality_Structural_Damage,00_08_01_00,G&Wp,average,100,3171.97,0.39,00,08,01,00
Municipality_Structural_Damage,00_08_01_00,Wp,average,20,850.32,0.97,00,08,01,00
Municipality_Structural_Damage,00_08_01_00,Wp,average,60,3388.32,0.77,00,08,01,00
Municipality_Structural_Damage,00_08_01_00,Wp,average,100,3511.58,0.34,00,08,01,00
Municipality_Structural_Damage,00_08_03_00,D,average,20,621.83,0.93,00,08,03,00
Municipality_Structural_Damage,00_08_03_00,D,average,60,1913.56,0.81,00,08,03,00
Municipality_Structural_Damage,00_08_03_00,D,average,100,2267.36,0.58,00,08,03,00
Municipality_Structural_Damage,00_08_03_00,D&G,average,20,679.31,0.93,00,08,03,00
Municipality_Structural_Damage,00_08_03_00,D&G,average,60,2149.8,0.79,00,08,03,00
Municipality_Structural_Damage,00_08_03_00,D&G,average,100,2518.46,0.52,00,08,03,00
Municipality_Structural_Damage,00_08_03_00,D&G&Wp,average,20,722.75,0.93,00,08,03,00
Municipality_Structural_Damage,00_08_03_00,D&G&Wp,average,60,2536.54,0.77,00,08,03,00
Municipality_Structural_Damage,00_08_03_00,D&G&Wp,average,100,2823.4,0.42,00,08,03,00
Municipality_Structural_Damage,00_08_03_00,D&Wp,average,20,715.72,0.92,00,08,03,00
Municipality_Structural_Damage,00_08_03_00,D&Wp,average,60,2611.79,0.77,00,08,03,00
Municipality_Structural_Damage,00_08_03_00,D&Wp,average,100,2850.32,0.4,00,08,03,00
Municipality_Structural_Damage,00_08_03_00,G,average,20,736.8,0.93,00,08,03,00
Municipality_Structural_Damage,00_08_03_00,G,average,60,2386.04,0.78,00,08,03,00
Municipality_Structural_Damage,00_08_03_00,G,average,100,2769.57,0.48,00,08,03,00
Municipality_Structural_Damage,00_08_03_00,G&Wp,average,20,773.21,0.92,00,08,03,00
Municipality_Structural_Damage,00_08_03_00,G&Wp,average,60,2848.03,0.76,00,08,03,00
Municipality_Structural_Damage,00_08_03_00,G&Wp,average,100,3101.43,0.39,00,08,03,00
Municipality_Structural_Damage,00_08_03_00,Wp,average,20,809.62,0.92,00,08,03,00
Municipality_Structural_Damage,00_08_03_00,Wp,average,60,3310.02,0.75,00,08,03,00
Municipality_Structural_Damage,00_08_03_00,Wp,average,100,3433.29,0.33,00,08,03,00
Municipality_Structural_Damage,00_08_05_00,D,average,20,192.89,0.29,00,08,05,00
Municipality_Structural_Damage,00_08_05_00,D,average,60,695.03,0.29,00,08,05,00
Municipality_Structural_Damage,00_08_05_00,D,average,100,738.99,0.19,00,08,05,00
Municipality_Structural_Damage,00_08_05_00,D&G,average,20,206.62,0.28,00,08,05,00
Municipality_Structural_Damage,00_08_05_00,D&G,average,60,752.67,0.28,00,08,05,00
Municipality_Structural_Damage,00_08_05_00,D&G,average,100,798.16,0.16,00,08,05,00
Municipality_Structural_Damage,00_08_05_00,D&G&Wp,average,20,211.33,0.27,00,08,05,00
Municipality_Structural_Damage,00_08_05_00,D&G&Wp,average,60,830.47,0.25,00,08,05,00
Municipality_Structural_Damage,00_08_05_00,D&G&Wp,average,100,873.4,0.13,00,08,05,00
Municipality_Structural_Damage,00_08_05_00,D&Wp,average,20,206.82,0.27,00,08,05,00
Municipality_Structural_Damage,00_08_05_00,D&Wp,average,60,840.55,0.25,00,08,05,00
Municipality_Structural_Damage,00_08_05_00,D&Wp,average,100,881.43,0.12,00,08,05,00
Municipality_Structural_Damage,00_08_05_00,G,average,20,220.34,0.28,00,08,05,00
Municipality_Structural_Damage,00_08_05_00,G,average,60,810.31,0.27,00,08,05,00
Municipality_Structural_Damage,00_08_05_00,G,average,100,857.34,0.15,00,08,05,00
Municipality_Structural_Damage,00_08_05_00,G&Wp,average,20,220.55,0.26,00,08,05,00
Municipality_Structural_Damage,00_08_05_00,G&Wp,average,60,898.19,0.24,00,08,05,00
Municipality_Structural_Damage,00_08_05_00,G&Wp,average,100,940.6,0.12,00,08,05,00
Municipality_Structural_Damage,00_08_05_00,Wp,average,20,220.76,0.25,00,08,05,00
Municipality_Structural_Damage,00_08_05_00,Wp,average,60,986.07,0.22,00,08,05,00
Municipality_Structural_Damage,00_08_05_00,Wp,average,100,1023.86,0.1,00,08,05,00
Municipality_Structural_Damage,00_08_07_00,D,average,20,217.38,0.32,00,08,07,00
Municipality_Structural_Damage,00_08_07_00,D,average,60,927.77,0.39,00,08,07,00
Municipality_Structural_Damage,00_08_07_00,D,average,100,1040.02,0.27,00,08,07,00
Municipality_Structural_Damage,00_08_07_00,D&G,average,20,231.33,0.32,00,08,07,00
Municipality_Structural_Damage,00_08_07_00,D&G,average,60,986.56,0.36,00,08,07,00
Municipality_Structural_Damage,00_08_07_00,D&G,average,100,1067.62,0.22,00,08,07,00
Municipality_Structural_Damage,00_08_07_00,D&G&Wp,average,20,235.92,0.3,00,08,07,00
Municipality_Structural_Damage,00_08_07_00,D&G&Wp,average,60,1073.93,0.33,00,08,07,00
Municipality_Structural_Damage,00_08_07_00,D&G&Wp,average,100,1145.6,0.17,00,08,07,00
Municipality_Structural_Damage,00_08_07_00,D&Wp,average,20,231.24,0.3,00,08,07,00
Municipality_Structural_Damage,00_08_07_00,D&Wp,average,60,1088.22,0.32,00,08,07,00
Municipality_Structural_Damage,00_08_07_00,D&Wp,average,100,1170.79,0.16,00,08,07,00
Municipality_Structural_Damage,00_08_07_00,G,average,20,245.28,0.31,00,08,07,00
Municipality_Structural_Damage,00_08_07_00,G,average,60,1045.35,0.34,00,08,07,00
Municipality_Structural_Damage,00_08_07_00,G,average,100,1095.23,0.19,00,08,07,00
Municipality_Structural_Damage,00_08_07_00,G&Wp,average,20,245.19,0.29,00,08,07,00
Municipality_Structural_Damage,00_08_07_00,G&Wp,average,60,1147.01,0.31,00,08,07,00
Municipality_Structural_Damage,00_08_07_00,G&Wp,average,100,1198.39,0.15,00,08,07,00
Municipality_Structural_Damage,00_08_07_00,Wp,average,20,245.1,0.28,00,08,07,00
Municipality_Structural_Damage,00_08_07_00,Wp,average,60,1248.68,0.28,00,08,07,00
Municipality_Structural_Damage,00_08_07_00,Wp,average,100,1301.56,0.13,00,08,07,00
Municipality_Structural_Damage,00_08_09_00,D,average,20,192.89,0.29,00,08,09,00
Municipality_Structural_Damage,00_08_09_00,D,average,60,652.63,0.28,00,08,09,00
Municipality_Structural_Damage,00_08_09_00,D,average,100,652.63,0.17,00,08,09,00
Municipality_Structural_Damage,00_08_09_00,D&G,average,20,206.62,0.28,00,08,09,00
Municipality_Structural_Damage,00_08_09_00,D&G,average,60,709.57,0.26,00,08,09,00
Municipality_Structural_Damage,00_08_09_00,D&G,average,100,709.57,0.15,00,08,09,00
Municipality_Structural_Damage,00_08_09_00,D&G&Wp,average,20,211.33,0.27,00,08,09,00
Municipality_Structural_Damage,00_08_09_00,D&G&Wp,average,60,779.37,0.24,00,08,09,00
Municipality_Structural_Damage,00_08_09_00,D&G&Wp,average,100,792.46,0.12,00,08,09,00
Municipality_Structural_Damage,00_08_09_00,D&Wp,average,20,206.82,0.27,00,08,09,00
Municipality_Structural_Damage,00_08_09_00,D&Wp,average,60,785.79,0.23,00,08,09,00
Municipality_Structural_Damage,00_08_09_00,D&Wp,average,100,805.43,0.11,00,08,09,00
Municipality_Structural_Damage,00_08_09_00,G,average,20,220.34,0.28,00,08,09,00
Municipality_Structural_Damage,00_08_09_00,G,average,60,766.51,0.25,00,08,09,00
Municipality_Structural_Damage,00_08_09_00,G,average,100,766.51,0.13,00,08,09,00
Municipality_Structural_Damage,00_08_09_00,G&Wp,average,20,220.55,0.26,00,08,09,00
Municipality_Structural_Damage,00_08_09_00,G&Wp,average,60,842.74,0.23,00,08,09,00
Municipality_Structural_Damage,00_08_09_00,G&Wp,average,100,862.37,0.11,00,08,09,00
Municipality_Structural_Damage,00_08_09_00,Wp,average,20,220.76,0.25,00,08,09,00
Municipality_Structural_Damage,00_08_09_00,Wp,average,60,918.96,0.21,00,08,09,00
Municipality_Structural_Damage,00_08_09_00,Wp,average,100,958.24,0.09,00,08,09,00
Municipality_Structural_Damage,00_08_11_00,D,average,20,669.49,1.0,00,08,11,00
Municipality_Structural_Damage,00_08_11_00,D,average,60,2127.48,0.9,00,08,11,00
Municipality_Structural_Damage,00_08_11_00,D,average,100,3017.74,0.77,00,08,11,00
Municipality_Structural_Damage,00_08_11_00,D&G,average,20,731.84,1.0,00,08,11,00
Municipality_Structural_Damage,00_08_11_00,D&G,average,60,2391.82,0.88,00,08,11,00
Municipality_Structural_Damage,00_08_11_00,D&G,average,100,3288.69,0.68,00,08,11,00
Municipality_Structural_Damage,00_08_11_00,D&G&Wp,average,20,779.57,1.0,00,08,11,00
Municipality_Structural_Damage,00_08_11_00,D&G&Wp,average,60,2849.39,0.87,00,08,11,00
Municipality_Structural_Damage,00_08_11_00,D&G&Wp,average,100,3841.08,0.58,00,08,11,00
Municipality_Structural_Damage,00_08_11_00,D&Wp,average,20,772.27,1.0,00,08,11,00
Municipality_Structural_Damage,00_08_11_00,D&Wp,average,60,2946.01,0.87,00,08,11,00
Municipality_Structural_Damage,00_08_11_00,D&Wp,average,100,3981.79,0.56,00,08,11,00
Municipality_Structural_Damage,00_08_11_00,G,average,20,794.18,1.0,00,08,11,00
Municipality_Structural_Damage,00_08_11_00,G,average,60,2656.17,0.87,00,08,11,00
Municipality_Structural_Damage,00_08_11_00,G,average,100,3559.65,0.61,00,08,11,00
Municipality_Structural_Damage,00_08_11_00,G&Wp,average,20,834.61,1.0,00,08,11,00
Municipality_Structural_Damage,00_08_11_00,G&Wp,average,60,3210.35,0.86,00,08,11,00
Municipality_Structural_Damage,00_08_11_00,G&Wp,average,100,4252.74,0.53,00,08,11,00
Municipality_Structural_Damage,00_08_11_00,Wp,average,20,875.05,1.0,00,08,11,00
Municipality_Structural_Damage,00_08_11_00,Wp,average,60,3764.53,0.85,00,08,11,00
Municipality_Structural_Damage,00_08_11_00,Wp,average,100,4945.84,0.48,00,08,11,00
Municipality_Structural_Damage,00_08_13_00,D,average,20,622.76,0.93,00,08,13,00
Municipality_Structural_Damage,00_08_13_00,D,average,60,1921.2,0.81,00,08,13,00
Municipality_Structural_Damage,00_08_13_00,D,average,100,2586.61,0.66,00,08,13,00
Municipality_Structural_Damage,00_08_13_00,D&G,average,20,680.47,0.93,00,08,13,00
Municipality_Structural_Damage,00_08_13_00,D&G,average,60,2178.3,0.8,00,08,13,00
Municipality_Structural_Damage,00_08_13_00,D&G,average,100,2815.19,0.58,00,08,13,00
Municipality_Structural_Damage,00_08_13_00,D&G&Wp,average,20,724.16,0.93,00,08,13,00
Municipality_Structural_Damage,00_08_13_00,D&G&Wp,average,60,2531.76,0.77,00,08,13,00
Municipality_Structural_Damage,00_08_13_00,D&G&Wp,average,100,3064.79,0.46,00,08,13,00
Municipality_Structural_Damage,00_08_13_00,D&Wp,average,20,717.14,0.93,00,08,13,00
Municipality_Structural_Damage,00_08_13_00,D&Wp,average,60,2579.94,0.76,00,08,13,00
Municipality_Structural_Damage,00_08_13_00,D&Wp,average,100,3075.29,0.43,00,08,13,00
Municipality_Structural_Damage,00_08_13_00,G,average,20,738.18,0.93,00,08,13,00
Municipality_Structural_Damage,00_08_13_00,G,average,60,2435.4,0.8,00,08,13,00
Municipality_Structural_Damage,00_08_13_00,G,average,100,3043.78,0.53,00,08,13,00
Municipality_Structural_Damage,00_08_13_00,G&Wp,average,20,774.85,0.93,00,08,13,00
Municipality_Structural_Damage,00_08_13_00,G&Wp,average,60,2837.04,0.76,00,08,13,00
Municipality_Structural_Damage,00_08_13_00,G&Wp,average,100,3303.88,0.41,00,08,13,00
Municipality_Structural_Damage,00_08_13_00,Wp,average,20,811.52,0.93,00,08,13,00
Municipality_Structural_Damage,00_08_13_00,Wp,average,60,3238.68,0.73,00,08,13,00
Municipality_Structural_Damage,00_08_13_00,Wp,average,100,3563.97,0.35,00,08,13,00
Municipality_Structural_Damage,00_09_00_00,D,average,20,670.52,1.0,00,09,00,00
Municipality_Structural_Damage,00_09_00_00,D,average,60,2238.73,0.95,00,09,00,00
Municipality_Structural_Damage,00_09_00_00,D,average,100,3751.32,0.96,00,09,00,00
Municipality_Structural_Damage,00_09_00_00,D&G,average,20,733.12,1.0,00,09,00,00
Municipality_Structural_Damage,00_09_00_00,D&G,average,60,2580.45,0.95,00,09,00,00
Municipality_Structural_Damage,00_09_00_00,D&G,average,100,4691.88,0.97,00,09,00,00
Municipality_Structural_Damage,00_09_00_00,D&G&Wp,average,20,771.12,0.99,00,09,00,00
Municipality_Structural_Damage,00_09_00_00,D&G&Wp,average,60,3136.17,0.96,00,09,00,00
Municipality_Structural_Damage,00_09_00_00,D&G&Wp,average,100,6485.79,0.97,00,09,00,00
Municipality_Structural_Damage,00_09_00_00,D&Wp,average,20,758.82,0.98,00,09,00,00
Municipality_Structural_Damage,00_09_00_00,D&Wp,average,60,3243.17,0.96,00,09,00,00
Municipality_Structural_Damage,00_09_00_00,D&Wp,average,100,6912.47,0.97,00,09,00,00
Municipality_Structural_Damage,00_09_00_00,G,average,20,795.72,1.0,00,09,00,00
Municipality_Structural_Damage,00_09_00_00,G,average,60,2922.17,0.96,00,09,00,00
Municipality_Structural_Damage,00_09_00_00,G,average,100,5632.42,0.97,00,09,00,00
Municipality_Structural_Damage,00_09_00_00,G&Wp,average,20,821.42,0.98,00,09,00,00
Municipality_Structural_Damage,00_09_00_00,G&Wp,average,60,3584.88,0.96,00,09,00,00
Municipality_Structural_Damage,00_09_00_00,G&Wp,average,100,7853.02,0.98,00,09,00,00
Municipality_Structural_Damage,00_09_00_00,Wp,average,20,847.11,0.97,00,09,00,00
Municipality_Structural_Damage,00_09_00_00,Wp,average,60,4247.6,0.96,00,09,00,00
Municipality_Structural_Damage,00_09_00_00,Wp,average,100,10073.61,0.98,00,09,00,00
Municipality_Structural_Damage,00_09_01_00,D,average,20,653.42,0.97,00,09,01,00
Municipality_Structural_Damage,00_09_01_00,D,average,60,1893.82,0.8,00,09,01,00
Municipality_Structural_Damage,00_09_01_00,D,average,100,2346.77,0.6,00,09,01,00
Municipality_Structural_Damage,00_09_01_00,D&G,average,20,713.12,0.97,00,09,01,00
Municipality_Structural_Damage,00_09_01_00,D&G,average,60,2141.7,0.79,00,09,01,00
Municipality_Structural_Damage,00_09_01_00,D&G,average,100,2610.97,0.54,00,09,01,00
Municipality_Structural_Damage,00_09_01_00,D&G&Wp,average,20,748.83,0.96,00,09,01,00
Municipality_Structural_Damage,00_09_01_00,D&G&Wp,average,60,2514.09,0.77,00,09,01,00
Municipality_Structural_Damage,00_09_01_00,D&G&Wp,average,100,2911.8,0.44,00,09,01,00
Municipality_Structural_Damage,00_09_01_00,D&Wp,average,20,736.84,0.95,00,09,01,00
Municipality_Structural_Damage,00_09_01_00,D&Wp,average,60,2576.36,0.76,00,09,01,00
Municipality_Structural_Damage,00_09_01_00,D&Wp,average,100,2930.12,0.41,00,09,01,00
Municipality_Structural_Damage,00_09_01_00,G,average,20,772.82,0.97,00,09,01,00
Municipality_Structural_Damage,00_09_01_00,G,average,60,2389.57,0.78,00,09,01,00
Municipality_Structural_Damage,00_09_01_00,G,average,100,2875.18,0.5,00,09,01,00
Municipality_Structural_Damage,00_09_01_00,G&Wp,average,20,796.54,0.95,00,09,01,00
Municipality_Structural_Damage,00_09_01_00,G&Wp,average,60,2824.23,0.76,00,09,01,00
Municipality_Structural_Damage,00_09_01_00,G&Wp,average,100,3194.32,0.4,00,09,01,00
Municipality_Structural_Damage,00_09_01_00,Wp,average,20,820.26,0.94,00,09,01,00
Municipality_Structural_Damage,00_09_01_00,Wp,average,60,3258.89,0.74,00,09,01,00
Municipality_Structural_Damage,00_09_01_00,Wp,average,100,3513.47,0.34,00,09,01,00
Municipality_Structural_Damage,00_09_03_00,D,average,20,621.83,0.93,00,09,03,00
Municipality_Structural_Damage,00_09_03_00,D,average,60,1843.9,0.78,00,09,03,00
Municipality_Structural_Damage,00_09_03_00,D,average,100,2284.81,0.58,00,09,03,00
Municipality_Structural_Damage,00_09_03_00,D&G,average,20,679.31,0.93,00,09,03,00
Municipality_Structural_Damage,00_09_03_00,D&G,average,60,2080.51,0.77,00,09,03,00
Municipality_Structural_Damage,00_09_03_00,D&G,average,100,2542.03,0.52,00,09,03,00
Municipality_Structural_Damage,00_09_03_00,D&G&Wp,average,20,712.73,0.91,00,09,03,00
Municipality_Structural_Damage,00_09_03_00,D&G&Wp,average,60,2439.94,0.74,00,09,03,00
Municipality_Structural_Damage,00_09_03_00,D&G&Wp,average,100,2832.48,0.42,00,09,03,00
Municipality_Structural_Damage,00_09_03_00,D&Wp,average,20,700.7,0.91,00,09,03,00
Municipality_Structural_Damage,00_09_03_00,D&Wp,average,60,2501.35,0.74,00,09,03,00
Municipality_Structural_Damage,00_09_03_00,D&Wp,average,100,2849.1,0.4,00,09,03,00
Municipality_Structural_Damage,00_09_03_00,G,average,20,736.8,0.93,00,09,03,00
Municipality_Structural_Damage,00_09_03_00,G,average,60,2317.12,0.76,00,09,03,00
Municipality_Structural_Damage,00_09_03_00,G,average,100,2799.25,0.48,00,09,03,00
Municipality_Structural_Damage,00_09_03_00,G&Wp,average,20,758.18,0.91,00,09,03,00
Municipality_Structural_Damage,00_09_03_00,G&Wp,average,60,2737.96,0.73,00,09,03,00
Municipality_Structural_Damage,00_09_03_00,G&Wp,average,100,3106.32,0.39,00,09,03,00
Municipality_Structural_Damage,00_09_03_00,Wp,average,20,779.56,0.89,00,09,03,00
Municipality_Structural_Damage,00_09_03_00,Wp,average,60,3158.81,0.72,00,09,03,00
Municipality_Structural_Damage,00_09_03_00,Wp,average,100,3413.39,0.33,00,09,03,00
Municipality_Structural_Damage,00_09_05_00,D,average,20,192.89,0.29,00,09,05,00
Municipality_Structural_Damage,00_09_05_00,D,average,60,691.2,0.29,00,09,05,00
Municipality_Structural_Damage,00_09_05_00,D,average,100,735.16,0.19,00,09,05,00
Municipality_Structural_Damage,00_09_05_00,D&G,average,20,206.62,0.28,00,09,05,00
Municipality_Structural_Damage,00_09_05_00,D&G,average,60,748.79,0.28,00,09,05,00
Municipality_Structural_Damage,00_09_05_00,D&G,average,100,794.28,0.16,00,09,05,00
Municipality_Structural_Damage,00_09_05_00,D&G&Wp,average,20,201.31,0.26,00,09,05,00
Municipality_Structural_Damage,00_09_05_00,D&G&Wp,average,60,825.58,0.25,00,09,05,00
Municipality_Structural_Damage,00_09_05_00,D&G&Wp,average,100,868.51,0.13,00,09,05,00
Municipality_Structural_Damage,00_09_05_00,D&Wp,average,20,191.79,0.25,00,09,05,00
Municipality_Structural_Damage,00_09_05_00,D&Wp,average,60,835.18,0.25,00,09,05,00
Municipality_Structural_Damage,00_09_05_00,D&Wp,average,100,876.06,0.12,00,09,05,00
Municipality_Structural_Damage,00_09_05_00,G,average,20,220.34,0.28,00,09,05,00
Municipality_Structural_Damage,00_09_05_00,G,average,60,806.37,0.26,00,09,05,00
Municipality_Structural_Damage,00_09_05_00,G,average,100,853.4,0.15,00,09,05,00
Municipality_Structural_Damage,00_09_05_00,G&Wp,average,20,205.52,0.25,00,09,05,00
Municipality_Structural_Damage,00_09_05_00,G&Wp,average,60,892.77,0.24,00,09,05,00
Municipality_Structural_Damage,00_09_05_00,G&Wp,average,100,935.18,0.12,00,09,05,00
Municipality_Structural_Damage,00_09_05_00,Wp,average,20,190.7,0.22,00,09,05,00
Municipality_Structural_Damage,00_09_05_00,Wp,average,60,979.17,0.22,00,09,05,00
Municipality_Structural_Damage,00_09_05_00,Wp,average,100,1016.96,0.1,00,09,05,00
Municipality_Structural_Damage,00_09_07_00,D,average,20,217.12,0.32,00,09,07,00
Municipality_Structural_Damage,00_09_07_00,D,average,60,860.2,0.36,00,09,07,00
Municipality_Structural_Damage,00_09_07_00,D,average,100,969.68,0.25,00,09,07,00
Municipality_Structural_Damage,00_09_07_00,D&G,average,20,230.53,0.31,00,09,07,00
Municipality_Structural_Damage,00_09_07_00,D&G,average,60,932.53,0.34,00,09,07,00
Municipality_Structural_Damage,00_09_07_00,D&G,average,100,1011.45,0.21,00,09,07,00
Municipality_Structural_Damage,00_09_07_00,D&G&Wp,average,20,225.61,0.29,00,09,07,00
Municipality_Structural_Damage,00_09_07_00,D&G&Wp,average,60,1010.11,0.31,00,09,07,00
Municipality_Structural_Damage,00_09_07_00,D&G&Wp,average,100,1098.16,0.16,00,09,07,00
Municipality_Structural_Damage,00_09_07_00,D&Wp,average,20,216.45,0.28,00,09,07,00
Municipality_Structural_Damage,00_09_07_00,D&Wp,average,60,1012.73,0.3,00,09,07,00
Municipality_Structural_Damage,00_09_07_00,D&Wp,average,100,1120.63,0.16,00,09,07,00
Municipality_Structural_Damage,00_09_07_00,G,average,20,243.94,0.31,00,09,07,00
Municipality_Structural_Damage,00_09_07_00,G,average,60,1004.87,0.33,00,09,07,00
Municipality_Structural_Damage,00_09_07_00,G,average,100,1053.22,0.18,00,09,07,00
Municipality_Structural_Damage,00_09_07_00,G&Wp,average,20,229.86,0.27,00,09,07,00
Municipality_Structural_Damage,00_09_07_00,G&Wp,average,60,1085.07,0.29,00,09,07,00
Municipality_Structural_Damage,00_09_07_00,G&Wp,average,100,1162.4,0.14,00,09,07,00
Municipality_Structural_Damage,00_09_07_00,Wp,average,20,215.78,0.25,00,09,07,00
Municipality_Structural_Damage,00_09_07_00,Wp,average,60,1165.27,0.26,00,09,07,00
Municipality_Structural_Damage,00_09_07_00,Wp,average,100,1271.58,0.12,00,09,07,00
Municipality_Structural_Damage,00_09_09_00,D,average,20,192.89,0.29,00,09,09,00
Municipality_Structural_Damage,00_09_09_00,D,average,60,648.8,0.27,00,09,09,00
Municipality_Structural_Damage,00_09_09_00,D,average,100,648.8,0.17,00,09,09,00
Municipality_Structural_Damage,00_09_09_00,D&G,average,20,206.62,0.28,00,09,09,00
Municipality_Structural_Damage,00_09_09_00,D&G,average,60,705.69,0.26,00,09,09,00
Municipality_Structural_Damage,00_09_09_00,D&G,average,100,705.69,0.15,00,09,09,00
Municipality_Structural_Damage,00_09_09_00,D&G&Wp,average,20,201.31,0.26,00,09,09,00
Municipality_Structural_Damage,00_09_09_00,D&G&Wp,average,60,774.48,0.24,00,09,09,00
Municipality_Structural_Damage,00_09_09_00,D&G&Wp,average,100,787.57,0.12,00,09,09,00
Municipality_Structural_Damage,00_09_09_00,D&Wp,average,20,191.79,0.25,00,09,09,00
Municipality_Structural_Damage,00_09_09_00,D&Wp,average,60,780.43,0.23,00,09,09,00
Municipality_Structural_Damage,00_09_09_00,D&Wp,average,100,800.07,0.11,00,09,09,00
Municipality_Structural_Damage,00_09_09_00,G,average,20,220.34,0.28,00,09,09,00
Municipality_Structural_Damage,00_09_09_00,G,average,60,762.57,0.25,00,09,09,00
Municipality_Structural_Damage,00_09_09_00,G,average,100,762.57,0.13,00,09,09,00
Municipality_Structural_Damage,00_09_09_00,G&Wp,average,20,205.52,0.25,00,09,09,00
Municipality_Structural_Damage,00_09_09_00,G&Wp,average,60,837.32,0.22,00,09,09,00
Municipality_Structural_Damage,00_09_09_00,G&Wp,average,100,856.95,0.11,00,09,09,00
Municipality_Structural_Damage,00_09_09_00,Wp,average,20,190.7,0.22,00,09,09,00
Municipality_Structural_Damage,00_09_09_00,Wp,average,60,912.06,0.21,00,09,09,00
Municipality_Structural_Damage,00_09_09_00,Wp,average,100,951.34,0.09,00,09,09,00
Municipality_Structural_Damage,00_09_11_00,D,average,20,669.49,1.0,00,09,11,00
Municipality_Structural_Damage,00_09_11_00,D,average,60,2020.93,0.86,00,09,11,00
Municipality_Structural_Damage,00_09_11_00,D,average,100,3052.99,0.78,00,09,11,00
Municipality_Structural_Damage,00_09_11_00,D&G,average,20,731.84,1.0,00,09,11,00
Municipality_Structural_Damage,00_09_11_00,D&G,average,60,2300.48,0.85,00,09,11,00
Municipality_Structural_Damage,00_09_11_00,D&G,average,100,3389.08,0.7,00,09,11,00
Municipality_Structural_Damage,00_09_11_00,D&G&Wp,average,20,769.55,0.99,00,09,11,00
Municipality_Structural_Damage,00_09_11_00,D&G&Wp,average,60,2732.75,0.83,00,09,11,00
Municipality_Structural_Damage,00_09_11_00,D&G&Wp,average,100,3860.19,0.58,00,09,11,00
Municipality_Structural_Damage,00_09_11_00,D&Wp,average,20,757.24,0.98,00,09,11,00
Municipality_Structural_Damage,00_09_11_00,D&Wp,average,60,2809.11,0.83,00,09,11,00
Municipality_Structural_Damage,00_09_11_00,D&Wp,average,100,3927.71,0.55,00,09,11,00
Municipality_Structural_Damage,00_09_11_00,G,average,20,794.18,1.0,00,09,11,00
Municipality_Structural_Damage,00_09_11_00,G,average,60,2580.02,0.84,00,09,11,00
Municipality_Structural_Damage,00_09_11_00,G,average,100,3725.16,0.64,00,09,11,00
Municipality_Structural_Damage,00_09_11_00,G&Wp,average,20,819.59,0.98,00,09,11,00
Municipality_Structural_Damage,00_09_11_00,G&Wp,average,60,3088.66,0.83,00,09,11,00
Municipality_Structural_Damage,00_09_11_00,G&Wp,average,100,4263.79,0.53,00,09,11,00
Municipality_Structural_Damage,00_09_11_00,Wp,average,20,844.99,0.96,00,09,11,00
Municipality_Structural_Damage,00_09_11_00,Wp,average,60,3597.29,0.81,00,09,11,00
Municipality_Structural_Damage,00_09_11_00,Wp,average,100,4802.43,0.47,00,09,11,00
Municipality_Structural_Damage,00_09_13_00,D,average,20,622.76,0.93,00,09,13,00
Municipality_Structural_Damage,00_09_13_00,D,average,60,1839.06,0.78,00,09,13,00
Municipality_Structural_Damage,00_09_13_00,D,average,100,2619.9,0.67,00,09,13,00
Municipality_Structural_Damage,00_09_13_00,D&G,average,20,680.47,0.93,00,09,13,00
Municipality_Structural_Damage,00_09_13_00,D&G,average,60,2095.49,0.77,00,09,13,00
Municipality_Structural_Damage,00_09_13_00,D&G,average,100,2884.33,0.59,00,09,13,00
Municipality_Structural_Damage,00_09_13_00,D&G&Wp,average,20,714.14,0.91,00,09,13,00
Municipality_Structural_Damage,00_09_13_00,D&G&Wp,average,60,2467.02,0.75,00,09,13,00
Municipality_Structural_Damage,00_09_13_00,D&G&Wp,average,100,3146.41,0.47,00,09,13,00
Municipality_Structural_Damage,00_09_13_00,D&Wp,average,20,702.11,0.91,00,09,13,00
Municipality_Structural_Damage,00_09_13_00,D&Wp,average,60,2524.57,0.74,00,09,13,00
Municipality_Structural_Damage,00_09_13_00,D&Wp,average,100,3145.23,0.44,00,09,13,00
Municipality_Structural_Damage,00_09_13_00,G,average,20,738.18,0.93,00,09,13,00
Municipality_Structural_Damage,00_09_13_00,G,average,60,2351.92,0.77,00,09,13,00
Municipality_Structural_Damage,00_09_13_00,G,average,100,3148.76,0.54,00,09,13,00
Municipality_Structural_Damage,00_09_13_00,G&Wp,average,20,759.83,0.91,00,09,13,00
Municipality_Structural_Damage,00_09_13_00,G&Wp,average,60,2781.0,0.74,00,09,13,00
Municipality_Structural_Damage,00_09_13_00,G&Wp,average,100,3409.66,0.42,00,09,13,00
Municipality_Structural_Damage,00_09_13_00,Wp,average,20,781.47,0.89,00,09,13,00
Municipality_Structural_Damage,00_09_13_00,Wp,average,60,3210.08,0.73,00,09,13,00
Municipality_Structural_Damage,00_09_13_00,Wp,average,100,3670.56,0.36,00,09,13,00
