objective_parameter,pw_combi,scenario_of_interest,robustness_metric,year,Value,normalized_values,flood_agr,drought_agr,flood_urb,drought_shp
Crop_Loss,00_00_00_00,D,average,20,34.48,1.0,00,00,00,00
Crop_Loss,00_00_00_00,D,average,60,122.99,1.0,00,00,00,00
Crop_Loss,00_00_00_00,D,average,100,196.53,1.0,00,00,00,00
Crop_Loss,00_00_00_00,D&G,average,20,35.2,1.0,00,00,00,00
Crop_Loss,00_00_00_00,D&G,average,60,129.66,1.0,00,00,00,00
Crop_Loss,00_00_00_00,D&G,average,100,214.42,1.0,00,00,00,00
Crop_Loss,00_00_00_00,D&G&Wp,average,20,40.61,1.0,00,00,00,00
Crop_Loss,00_00_00_00,D&G&Wp,average,60,178.62,1.0,00,00,00,00
Crop_Loss,00_00_00_00,D&G&Wp,average,100,341.08,1.0,00,00,00,00
Crop_Loss,00_00_00_00,D&Wp,average,20,42.96,1.0,00,00,00,00
Crop_Loss,00_00_00_00,D&Wp,average,60,199.77,1.0,00,00,00,00
Crop_Loss,00_00_00_00,D&Wp,average,100,395.46,1.0,00,00,00,00
Crop_Loss,00_00_00_00,G,average,20,35.91,1.0,00,00,00,00
Crop_Loss,00_00_00_00,G,average,60,136.34,1.0,00,00,00,00
Crop_Loss,00_00_00_00,G,average,100,232.32,1.0,00,00,00,00
Crop_Loss,00_00_00_00,G&Wp,average,20,43.68,1.0,00,00,00,00
Crop_Loss,00_00_00_00,G&Wp,average,60,206.44,1.0,00,00,00,00
Crop_Loss,00_00_00_00,G&Wp,average,100,413.36,1.0,00,00,00,00
Crop_Loss,00_00_00_00,Wp,average,20,51.44,1.0,00,00,00,00
Crop_Loss,00_00_00_00,Wp,average,60,276.55,1.0,00,00,00,00
Crop_Loss,00_00_00_00,Wp,average,100,594.4,1.0,00,00,00,00
Crop_Loss,00_00_01_00,D,average,20,34.48,1.0,00,00,01,00
Crop_Loss,00_00_01_00,D,average,60,121.19,0.99,00,00,01,00
Crop_Loss,00_00_01_00,D,average,100,185.7,0.94,00,00,01,00
Crop_Loss,00_00_01_00,D&G,average,20,35.2,1.0,00,00,01,00
Crop_Loss,00_00_01_00,D&G,average,60,127.61,0.98,00,00,01,00
Crop_Loss,00_00_01_00,D&G,average,100,199.34,0.93,00,00,01,00
Crop_Loss,00_00_01_00,D&G&Wp,average,20,40.61,1.0,00,00,01,00
Crop_Loss,00_00_01_00,D&G&Wp,average,60,176.17,0.99,00,00,01,00
Crop_Loss,00_00_01_00,D&G&Wp,average,100,323.33,0.95,00,00,01,00
Crop_Loss,00_00_01_00,D&Wp,average,20,42.96,1.0,00,00,01,00
Crop_Loss,00_00_01_00,D&Wp,average,60,197.24,0.99,00,00,01,00
Crop_Loss,00_00_01_00,D&Wp,average,100,378.51,0.96,00,00,01,00
Crop_Loss,00_00_01_00,G,average,20,35.91,1.0,00,00,01,00
Crop_Loss,00_00_01_00,G,average,60,134.02,0.98,00,00,01,00
Crop_Loss,00_00_01_00,G,average,100,212.98,0.92,00,00,01,00
Crop_Loss,00_00_01_00,G&Wp,average,20,43.68,1.0,00,00,01,00
Crop_Loss,00_00_01_00,G&Wp,average,60,203.66,0.99,00,00,01,00
Crop_Loss,00_00_01_00,G&Wp,average,100,392.15,0.95,00,00,01,00
Crop_Loss,00_00_01_00,Wp,average,20,51.44,1.0,00,00,01,00
Crop_Loss,00_00_01_00,Wp,average,60,273.29,0.99,00,00,01,00
Crop_Loss,00_00_01_00,Wp,average,100,571.31,0.96,00,00,01,00
Crop_Loss,00_00_03_00,D,average,20,34.48,1.0,00,00,03,00
Crop_Loss,00_00_03_00,D,average,60,121.19,0.99,00,00,03,00
Crop_Loss,00_00_03_00,D,average,100,185.7,0.94,00,00,03,00
Crop_Loss,00_00_03_00,D&G,average,20,35.2,1.0,00,00,03,00
Crop_Loss,00_00_03_00,D&G,average,60,127.61,0.98,00,00,03,00
Crop_Loss,00_00_03_00,D&G,average,100,199.34,0.93,00,00,03,00
Crop_Loss,00_00_03_00,D&G&Wp,average,20,40.61,1.0,00,00,03,00
Crop_Loss,00_00_03_00,D&G&Wp,average,60,176.17,0.99,00,00,03,00
Crop_Loss,00_00_03_00,D&G&Wp,average,100,323.33,0.95,00,00,03,00
Crop_Loss,00_00_03_00,D&Wp,average,20,42.96,1.0,00,00,03,00
Crop_Loss,00_00_03_00,D&Wp,average,60,197.24,0.99,00,00,03,00
Crop_Loss,00_00_03_00,D&Wp,average,100,378.51,0.96,00,00,03,00
Crop_Loss,00_00_03_00,G,average,20,35.91,1.0,00,00,03,00
Crop_Loss,00_00_03_00,G,average,60,134.02,0.98,00,00,03,00
Crop_Loss,00_00_03_00,G,average,100,212.98,0.92,00,00,03,00
Crop_Loss,00_00_03_00,G&Wp,average,20,43.68,1.0,00,00,03,00
Crop_Loss,00_00_03_00,G&Wp,average,60,203.66,0.99,00,00,03,00
Crop_Loss,00_00_03_00,G&Wp,average,100,392.15,0.95,00,00,03,00
Crop_Loss,00_00_03_00,Wp,average,20,51.44,1.0,00,00,03,00
Crop_Loss,00_00_03_00,Wp,average,60,273.29,0.99,00,00,03,00
Crop_Loss,00_00_03_00,Wp,average,100,571.31,0.96,00,00,03,00
Crop_Loss,00_00_05_00,D,average,20,31.2,0.9,00,00,05,00
Crop_Loss,00_00_05_00,D,average,60,111.64,0.91,00,00,05,00
Crop_Loss,00_00_05_00,D,average,100,173.49,0.88,00,00,05,00
Crop_Loss,00_00_05_00,D&G,average,20,31.76,0.9,00,00,05,00
Crop_Loss,00_00_05_00,D&G,average,60,116.67,0.9,00,00,05,00
Crop_Loss,00_00_05_00,D&G,average,100,185.59,0.87,00,00,05,00
Crop_Loss,00_00_05_00,D&G&Wp,average,20,37.21,0.92,00,00,05,00
Crop_Loss,00_00_05_00,D&G&Wp,average,60,163.76,0.92,00,00,05,00
Crop_Loss,00_00_05_00,D&G&Wp,average,100,308.76,0.91,00,00,05,00
Crop_Loss,00_00_05_00,D&Wp,average,20,39.66,0.92,00,00,05,00
Crop_Loss,00_00_05_00,D&Wp,average,60,184.79,0.93,00,00,05,00
Crop_Loss,00_00_05_00,D&Wp,average,100,364.29,0.92,00,00,05,00
Crop_Loss,00_00_05_00,G,average,20,32.33,0.9,00,00,05,00
Crop_Loss,00_00_05_00,G,average,60,121.71,0.89,00,00,05,00
Crop_Loss,00_00_05_00,G,average,100,197.7,0.85,00,00,05,00
Crop_Loss,00_00_05_00,G&Wp,average,20,40.22,0.92,00,00,05,00
Crop_Loss,00_00_05_00,G&Wp,average,60,189.83,0.92,00,00,05,00
Crop_Loss,00_00_05_00,G&Wp,average,100,376.4,0.91,00,00,05,00
Crop_Loss,00_00_05_00,Wp,average,20,48.11,0.94,00,00,05,00
Crop_Loss,00_00_05_00,Wp,average,60,257.94,0.93,00,00,05,00
Crop_Loss,00_00_05_00,Wp,average,100,555.1,0.93,00,00,05,00
Crop_Loss,00_00_07_00,D,average,20,35.26,1.02,00,00,07,00
Crop_Loss,00_00_07_00,D,average,60,139.08,1.13,00,00,07,00
Crop_Loss,00_00_07_00,D,average,100,229.5,1.17,00,00,07,00
Crop_Loss,00_00_07_00,D&G,average,20,35.83,1.02,00,00,07,00
Crop_Loss,00_00_07_00,D&G,average,60,144.07,1.11,00,00,07,00
Crop_Loss,00_00_07_00,D&G,average,100,241.53,1.13,00,00,07,00
Crop_Loss,00_00_07_00,D&G&Wp,average,20,41.03,1.01,00,00,07,00
Crop_Loss,00_00_07_00,D&G&Wp,average,60,187.73,1.05,00,00,07,00
Crop_Loss,00_00_07_00,D&G&Wp,average,100,353.93,1.04,00,00,07,00
Crop_Loss,00_00_07_00,D&Wp,average,20,43.35,1.01,00,00,07,00
Crop_Loss,00_00_07_00,D&Wp,average,60,207.07,1.04,00,00,07,00
Crop_Loss,00_00_07_00,D&Wp,average,100,404.11,1.02,00,00,07,00
Crop_Loss,00_00_07_00,G,average,20,36.4,1.01,00,00,07,00
Crop_Loss,00_00_07_00,G,average,60,149.06,1.09,00,00,07,00
Crop_Loss,00_00_07_00,G,average,100,253.56,1.09,00,00,07,00
Crop_Loss,00_00_07_00,G&Wp,average,20,43.92,1.01,00,00,07,00
Crop_Loss,00_00_07_00,G&Wp,average,60,212.06,1.03,00,00,07,00
Crop_Loss,00_00_07_00,G&Wp,average,100,416.14,1.01,00,00,07,00
Crop_Loss,00_00_07_00,Wp,average,20,51.43,1.0,00,00,07,00
Crop_Loss,00_00_07_00,Wp,average,60,275.06,0.99,00,00,07,00
Crop_Loss,00_00_07_00,Wp,average,100,578.72,0.97,00,00,07,00
Crop_Loss,00_00_09_00,D,average,20,31.2,0.9,00,00,09,00
Crop_Loss,00_00_09_00,D,average,60,111.14,0.9,00,00,09,00
Crop_Loss,00_00_09_00,D,average,100,172.49,0.88,00,00,09,00
Crop_Loss,00_00_09_00,D&G,average,20,31.76,0.9,00,00,09,00
Crop_Loss,00_00_09_00,D&G,average,60,116.16,0.9,00,00,09,00
Crop_Loss,00_00_09_00,D&G,average,100,184.58,0.86,00,00,09,00
Crop_Loss,00_00_09_00,D&G&Wp,average,20,37.21,0.92,00,00,09,00
Crop_Loss,00_00_09_00,D&G&Wp,average,60,163.36,0.91,00,00,09,00
Crop_Loss,00_00_09_00,D&G&Wp,average,100,307.99,0.9,00,00,09,00
Crop_Loss,00_00_09_00,D&Wp,average,20,39.65,0.92,00,00,09,00
Crop_Loss,00_00_09_00,D&Wp,average,60,184.45,0.92,00,00,09,00
Crop_Loss,00_00_09_00,D&Wp,average,100,363.66,0.92,00,00,09,00
Crop_Loss,00_00_09_00,G,average,20,32.32,0.9,00,00,09,00
Crop_Loss,00_00_09_00,G,average,60,121.19,0.89,00,00,09,00
Crop_Loss,00_00_09_00,G,average,100,196.67,0.85,00,00,09,00
Crop_Loss,00_00_09_00,G&Wp,average,20,40.22,0.92,00,00,09,00
Crop_Loss,00_00_09_00,G&Wp,average,60,189.48,0.92,00,00,09,00
Crop_Loss,00_00_09_00,G&Wp,average,100,375.74,0.91,00,00,09,00
Crop_Loss,00_00_09_00,Wp,average,20,48.11,0.94,00,00,09,00
Crop_Loss,00_00_09_00,Wp,average,60,257.76,0.93,00,00,09,00
Crop_Loss,00_00_09_00,Wp,average,100,554.82,0.93,00,00,09,00
Crop_Loss,00_00_11_00,D,average,20,34.48,1.0,00,00,11,00
Crop_Loss,00_00_11_00,D,average,60,121.98,0.99,00,00,11,00
Crop_Loss,00_00_11_00,D,average,100,191.29,0.97,00,00,11,00
Crop_Loss,00_00_11_00,D&G,average,20,35.2,1.0,00,00,11,00
Crop_Loss,00_00_11_00,D&G,average,60,128.35,0.99,00,00,11,00
Crop_Loss,00_00_11_00,D&G,average,100,204.88,0.96,00,00,11,00
Crop_Loss,00_00_11_00,D&G&Wp,average,20,40.61,1.0,00,00,11,00
Crop_Loss,00_00_11_00,D&G&Wp,average,60,177.16,0.99,00,00,11,00
Crop_Loss,00_00_11_00,D&G&Wp,average,100,329.45,0.97,00,00,11,00
Crop_Loss,00_00_11_00,D&Wp,average,20,42.96,1.0,00,00,11,00
Crop_Loss,00_00_11_00,D&Wp,average,60,198.38,0.99,00,00,11,00
Crop_Loss,00_00_11_00,D&Wp,average,100,384.94,0.97,00,00,11,00
Crop_Loss,00_00_11_00,G,average,20,35.91,1.0,00,00,11,00
Crop_Loss,00_00_11_00,G,average,60,134.72,0.99,00,00,11,00
Crop_Loss,00_00_11_00,G,average,100,218.48,0.94,00,00,11,00
Crop_Loss,00_00_11_00,G&Wp,average,20,43.68,1.0,00,00,11,00
Crop_Loss,00_00_11_00,G&Wp,average,60,204.76,0.99,00,00,11,00
Crop_Loss,00_00_11_00,G&Wp,average,100,398.54,0.96,00,00,11,00
Crop_Loss,00_00_11_00,Wp,average,20,51.44,1.0,00,00,11,00
Crop_Loss,00_00_11_00,Wp,average,60,274.79,0.99,00,00,11,00
Crop_Loss,00_00_11_00,Wp,average,100,578.59,0.97,00,00,11,00
Crop_Loss,00_00_13_00,D,average,20,34.48,1.0,00,00,13,00
Crop_Loss,00_00_13_00,D,average,60,125.92,1.02,00,00,13,00
Crop_Loss,00_00_13_00,D,average,100,212.99,1.08,00,00,13,00
Crop_Loss,00_00_13_00,D&G,average,20,35.2,1.0,00,00,13,00
Crop_Loss,00_00_13_00,D&G,average,60,132.6,1.02,00,00,13,00
Crop_Loss,00_00_13_00,D&G,average,100,228.34,1.06,00,00,13,00
Crop_Loss,00_00_13_00,D&G&Wp,average,20,40.61,1.0,00,00,13,00
Crop_Loss,00_00_13_00,D&G&Wp,average,60,180.38,1.01,00,00,13,00
Crop_Loss,00_00_13_00,D&G&Wp,average,100,345.98,1.01,00,00,13,00
Crop_Loss,00_00_13_00,D&Wp,average,20,42.96,1.0,00,00,13,00
Crop_Loss,00_00_13_00,D&Wp,average,60,200.93,1.01,00,00,13,00
Crop_Loss,00_00_13_00,D&Wp,average,100,397.13,1.0,00,00,13,00
Crop_Loss,00_00_13_00,G,average,20,35.91,1.0,00,00,13,00
Crop_Loss,00_00_13_00,G,average,60,139.28,1.02,00,00,13,00
Crop_Loss,00_00_13_00,G,average,100,243.68,1.05,00,00,13,00
Crop_Loss,00_00_13_00,G&Wp,average,20,43.68,1.0,00,00,13,00
Crop_Loss,00_00_13_00,G&Wp,average,60,207.6,1.01,00,00,13,00
Crop_Loss,00_00_13_00,G&Wp,average,100,412.47,1.0,00,00,13,00
Crop_Loss,00_00_13_00,Wp,average,20,51.44,1.0,00,00,13,00
Crop_Loss,00_00_13_00,Wp,average,60,275.93,1.0,00,00,13,00
Crop_Loss,00_00_13_00,Wp,average,100,581.26,0.98,00,00,13,00
Crop_Loss,00_01_00_00,D,average,20,35.63,1.03,00,01,00,00
Crop_Loss,00_01_00_00,D,average,60,95.27,0.77,00,01,00,00
Crop_Loss,00_01_00_00,D,average,100,135.96,0.69,00,01,00,00
Crop_Loss,00_01_00_00,D&G,average,20,36.27,1.03,00,01,00,00
Crop_Loss,00_01_00_00,D&G,average,60,99.71,0.77,00,01,00,00
Crop_Loss,00_01_00_00,D&G,average,100,147.66,0.69,00,01,00,00
Crop_Loss,00_01_00_00,D&G&Wp,average,20,41.6,1.02,00,01,00,00
Crop_Loss,00_01_00_00,D&G&Wp,average,60,122.58,0.69,00,01,00,00
Crop_Loss,00_01_00_00,D&G&Wp,average,100,199.9,0.59,00,01,00,00
Crop_Loss,00_01_00_00,D&Wp,average,20,43.95,1.02,00,01,00,00
Crop_Loss,00_01_00_00,D&Wp,average,60,131.8,0.66,00,01,00,00
Crop_Loss,00_01_00_00,D&Wp,average,100,220.18,0.56,00,01,00,00
Crop_Loss,00_01_00_00,G,average,20,36.91,1.03,00,01,00,00
Crop_Loss,00_01_00_00,G,average,60,104.14,0.76,00,01,00,00
Crop_Loss,00_01_00_00,G,average,100,159.35,0.69,00,01,00,00
Crop_Loss,00_01_00_00,G&Wp,average,20,44.58,1.02,00,01,00,00
Crop_Loss,00_01_00_00,G&Wp,average,60,136.23,0.66,00,01,00,00
Crop_Loss,00_01_00_00,G&Wp,average,100,231.88,0.56,00,01,00,00
Crop_Loss,00_01_00_00,Wp,average,20,52.26,1.02,00,01,00,00
Crop_Loss,00_01_00_00,Wp,average,60,168.33,0.61,00,01,00,00
Crop_Loss,00_01_00_00,Wp,average,100,304.4,0.51,00,01,00,00
Crop_Loss,00_01_01_00,D,average,20,35.63,1.03,00,01,01,00
Crop_Loss,00_01_01_00,D,average,60,92.76,0.75,00,01,01,00
Crop_Loss,00_01_01_00,D,average,100,124.0,0.63,00,01,01,00
Crop_Loss,00_01_01_00,D&G,average,20,36.27,1.03,00,01,01,00
Crop_Loss,00_01_01_00,D&G,average,60,96.83,0.75,00,01,01,00
Crop_Loss,00_01_01_00,D&G,average,100,130.41,0.61,00,01,01,00
Crop_Loss,00_01_01_00,D&G&Wp,average,20,41.6,1.02,00,01,01,00
Crop_Loss,00_01_01_00,D&G&Wp,average,60,118.86,0.67,00,01,01,00
Crop_Loss,00_01_01_00,D&G&Wp,average,100,172.34,0.51,00,01,01,00
Crop_Loss,00_01_01_00,D&Wp,average,20,43.95,1.02,00,01,01,00
Crop_Loss,00_01_01_00,D&Wp,average,60,127.84,0.64,00,01,01,00
Crop_Loss,00_01_01_00,D&Wp,average,100,190.11,0.48,00,01,01,00
Crop_Loss,00_01_01_00,G,average,20,36.91,1.03,00,01,01,00
Crop_Loss,00_01_01_00,G,average,60,100.89,0.74,00,01,01,00
Crop_Loss,00_01_01_00,G,average,100,136.81,0.59,00,01,01,00
Crop_Loss,00_01_01_00,G&Wp,average,20,44.58,1.02,00,01,01,00
Crop_Loss,00_01_01_00,G&Wp,average,60,131.91,0.64,00,01,01,00
Crop_Loss,00_01_01_00,G&Wp,average,100,196.51,0.48,00,01,01,00
Crop_Loss,00_01_01_00,Wp,average,20,52.26,1.02,00,01,01,00
Crop_Loss,00_01_01_00,Wp,average,60,162.92,0.59,00,01,01,00
Crop_Loss,00_01_01_00,Wp,average,100,256.21,0.43,00,01,01,00
Crop_Loss,00_01_03_00,D,average,20,35.63,1.03,00,01,03,00
Crop_Loss,00_01_03_00,D,average,60,92.76,0.75,00,01,03,00
Crop_Loss,00_01_03_00,D,average,100,124.0,0.63,00,01,03,00
Crop_Loss,00_01_03_00,D&G,average,20,36.27,1.03,00,01,03,00
Crop_Loss,00_01_03_00,D&G,average,60,96.83,0.75,00,01,03,00
Crop_Loss,00_01_03_00,D&G,average,100,130.41,0.61,00,01,03,00
Crop_Loss,00_01_03_00,D&G&Wp,average,20,41.6,1.02,00,01,03,00
Crop_Loss,00_01_03_00,D&G&Wp,average,60,118.86,0.67,00,01,03,00
Crop_Loss,00_01_03_00,D&G&Wp,average,100,172.34,0.51,00,01,03,00
Crop_Loss,00_01_03_00,D&Wp,average,20,43.95,1.02,00,01,03,00
Crop_Loss,00_01_03_00,D&Wp,average,60,127.84,0.64,00,01,03,00
Crop_Loss,00_01_03_00,D&Wp,average,100,190.11,0.48,00,01,03,00
Crop_Loss,00_01_03_00,G,average,20,36.91,1.03,00,01,03,00
Crop_Loss,00_01_03_00,G,average,60,100.89,0.74,00,01,03,00
Crop_Loss,00_01_03_00,G,average,100,136.81,0.59,00,01,03,00
Crop_Loss,00_01_03_00,G&Wp,average,20,44.58,1.02,00,01,03,00
Crop_Loss,00_01_03_00,G&Wp,average,60,131.91,0.64,00,01,03,00
Crop_Loss,00_01_03_00,G&Wp,average,100,196.51,0.48,00,01,03,00
Crop_Loss,00_01_03_00,Wp,average,20,52.26,1.02,00,01,03,00
Crop_Loss,00_01_03_00,Wp,average,60,162.92,0.59,00,01,03,00
Crop_Loss,00_01_03_00,Wp,average,100,256.21,0.43,00,01,03,00
Crop_Loss,00_01_05_00,D,average,20,32.17,0.93,00,01,05,00
Crop_Loss,00_01_05_00,D,average,60,81.99,0.67,00,01,05,00
Crop_Loss,00_01_05_00,D,average,100,110.18,0.56,00,01,05,00
Crop_Loss,00_01_05_00,D&G,average,20,32.72,0.93,00,01,05,00
Crop_Loss,00_01_05_00,D&G,average,60,84.3,0.65,00,01,05,00
Crop_Loss,00_01_05_00,D&G,average,100,114.69,0.53,00,01,05,00
Crop_Loss,00_01_05_00,D&G&Wp,average,20,38.07,0.94,00,01,05,00
Crop_Loss,00_01_05_00,D&G&Wp,average,60,103.86,0.58,00,01,05,00
Crop_Loss,00_01_05_00,D&G&Wp,average,100,154.81,0.45,00,01,05,00
Crop_Loss,00_01_05_00,D&Wp,average,20,40.46,0.94,00,01,05,00
Crop_Loss,00_01_05_00,D&Wp,average,60,112.49,0.56,00,01,05,00
Crop_Loss,00_01_05_00,D&Wp,average,100,172.6,0.44,00,01,05,00
Crop_Loss,00_01_05_00,G,average,20,33.27,0.93,00,01,05,00
Crop_Loss,00_01_05_00,G,average,60,86.62,0.64,00,01,05,00
Crop_Loss,00_01_05_00,G,average,100,119.21,0.51,00,01,05,00
Crop_Loss,00_01_05_00,G&Wp,average,20,41.02,0.94,00,01,05,00
Crop_Loss,00_01_05_00,G&Wp,average,60,114.8,0.56,00,01,05,00
Crop_Loss,00_01_05_00,G&Wp,average,100,177.12,0.43,00,01,05,00
Crop_Loss,00_01_05_00,Wp,average,20,48.76,0.95,00,01,05,00
Crop_Loss,00_01_05_00,Wp,average,60,142.99,0.52,00,01,05,00
Crop_Loss,00_01_05_00,Wp,average,100,235.03,0.4,00,01,05,00
Crop_Loss,00_01_07_00,D,average,20,36.16,1.05,00,01,07,00
Crop_Loss,00_01_07_00,D,average,60,114.04,0.93,00,01,07,00
Crop_Loss,00_01_07_00,D,average,100,174.65,0.89,00,01,07,00
Crop_Loss,00_01_07_00,D&G,average,20,36.78,1.04,00,01,07,00
Crop_Loss,00_01_07_00,D&G,average,60,116.19,0.9,00,01,07,00
Crop_Loss,00_01_07_00,D&G,average,100,179.55,0.84,00,01,07,00
Crop_Loss,00_01_07_00,D&G&Wp,average,20,41.97,1.03,00,01,07,00
Crop_Loss,00_01_07_00,D&G&Wp,average,60,134.45,0.75,00,01,07,00
Crop_Loss,00_01_07_00,D&G&Wp,average,100,216.16,0.63,00,01,07,00
Crop_Loss,00_01_07_00,D&Wp,average,20,44.25,1.03,00,01,07,00
Crop_Loss,00_01_07_00,D&Wp,average,60,142.51,0.71,00,01,07,00
Crop_Loss,00_01_07_00,D&Wp,average,100,232.02,0.59,00,01,07,00
Crop_Loss,00_01_07_00,G,average,20,37.4,1.04,00,01,07,00
Crop_Loss,00_01_07_00,G,average,60,118.33,0.87,00,01,07,00
Crop_Loss,00_01_07_00,G,average,100,184.44,0.79,00,01,07,00
Crop_Loss,00_01_07_00,G&Wp,average,20,44.87,1.03,00,01,07,00
Crop_Loss,00_01_07_00,G&Wp,average,60,144.66,0.7,00,01,07,00
Crop_Loss,00_01_07_00,G&Wp,average,100,236.92,0.57,00,01,07,00
Crop_Loss,00_01_07_00,Wp,average,20,52.34,1.02,00,01,07,00
Crop_Loss,00_01_07_00,Wp,average,60,170.98,0.62,00,01,07,00
Crop_Loss,00_01_07_00,Wp,average,100,289.39,0.49,00,01,07,00
Crop_Loss,00_01_09_00,D,average,20,32.16,0.93,00,01,09,00
Crop_Loss,00_01_09_00,D,average,60,81.48,0.66,00,01,09,00
Crop_Loss,00_01_09_00,D,average,100,109.19,0.56,00,01,09,00
Crop_Loss,00_01_09_00,D&G,average,20,32.71,0.93,00,01,09,00
Crop_Loss,00_01_09_00,D&G,average,60,83.79,0.65,00,01,09,00
Crop_Loss,00_01_09_00,D&G,average,100,113.68,0.53,00,01,09,00
Crop_Loss,00_01_09_00,D&G&Wp,average,20,38.06,0.94,00,01,09,00
Crop_Loss,00_01_09_00,D&G&Wp,average,60,103.28,0.58,00,01,09,00
Crop_Loss,00_01_09_00,D&G&Wp,average,100,153.89,0.45,00,01,09,00
Crop_Loss,00_01_09_00,D&Wp,average,20,40.46,0.94,00,01,09,00
Crop_Loss,00_01_09_00,D&Wp,average,60,111.88,0.56,00,01,09,00
Crop_Loss,00_01_09_00,D&Wp,average,100,171.75,0.43,00,01,09,00
Crop_Loss,00_01_09_00,G,average,20,33.27,0.93,00,01,09,00
Crop_Loss,00_01_09_00,G,average,60,86.09,0.63,00,01,09,00
Crop_Loss,00_01_09_00,G,average,100,118.17,0.51,00,01,09,00
Crop_Loss,00_01_09_00,G&Wp,average,20,41.01,0.94,00,01,09,00
Crop_Loss,00_01_09_00,G&Wp,average,60,114.18,0.55,00,01,09,00
Crop_Loss,00_01_09_00,G&Wp,average,100,176.24,0.43,00,01,09,00
Crop_Loss,00_01_09_00,Wp,average,20,48.76,0.95,00,01,09,00
Crop_Loss,00_01_09_00,Wp,average,60,142.27,0.51,00,01,09,00
Crop_Loss,00_01_09_00,Wp,average,100,234.3,0.39,00,01,09,00
Crop_Loss,00_01_11_00,D,average,20,35.63,1.03,00,01,11,00
Crop_Loss,00_01_11_00,D,average,60,93.58,0.76,00,01,11,00
Crop_Loss,00_01_11_00,D,average,100,129.84,0.66,00,01,11,00
Crop_Loss,00_01_11_00,D&G,average,20,36.27,1.03,00,01,11,00
Crop_Loss,00_01_11_00,D&G,average,60,97.65,0.75,00,01,11,00
Crop_Loss,00_01_11_00,D&G,average,100,136.37,0.64,00,01,11,00
Crop_Loss,00_01_11_00,D&G&Wp,average,20,41.6,1.02,00,01,11,00
Crop_Loss,00_01_11_00,D&G&Wp,average,60,120.15,0.67,00,01,11,00
Crop_Loss,00_01_11_00,D&G&Wp,average,100,180.14,0.53,00,01,11,00
Crop_Loss,00_01_11_00,D&Wp,average,20,43.95,1.02,00,01,11,00
Crop_Loss,00_01_11_00,D&Wp,average,60,129.36,0.65,00,01,11,00
Crop_Loss,00_01_11_00,D&Wp,average,100,198.76,0.5,00,01,11,00
Crop_Loss,00_01_11_00,G,average,20,36.91,1.03,00,01,11,00
Crop_Loss,00_01_11_00,G,average,60,101.72,0.75,00,01,11,00
Crop_Loss,00_01_11_00,G,average,100,142.9,0.62,00,01,11,00
Crop_Loss,00_01_11_00,G&Wp,average,20,44.58,1.02,00,01,11,00
Crop_Loss,00_01_11_00,G&Wp,average,60,133.44,0.65,00,01,11,00
Crop_Loss,00_01_11_00,G&Wp,average,100,205.29,0.5,00,01,11,00
Crop_Loss,00_01_11_00,Wp,average,20,52.26,1.02,00,01,11,00
Crop_Loss,00_01_11_00,Wp,average,60,165.15,0.6,00,01,11,00
Crop_Loss,00_01_11_00,Wp,average,100,267.68,0.45,00,01,11,00
Crop_Loss,00_01_13_00,D,average,20,35.63,1.03,00,01,13,00
Crop_Loss,00_01_13_00,D,average,60,98.47,0.8,00,01,13,00
Crop_Loss,00_01_13_00,D,average,100,155.04,0.79,00,01,13,00
Crop_Loss,00_01_13_00,D&G,average,20,36.27,1.03,00,01,13,00
Crop_Loss,00_01_13_00,D&G,average,60,102.97,0.79,00,01,13,00
Crop_Loss,00_01_13_00,D&G,average,100,164.07,0.77,00,01,13,00
Crop_Loss,00_01_13_00,D&G&Wp,average,20,41.6,1.02,00,01,13,00
Crop_Loss,00_01_13_00,D&G&Wp,average,60,125.07,0.7,00,01,13,00
Crop_Loss,00_01_13_00,D&G&Wp,average,100,206.01,0.6,00,01,13,00
Crop_Loss,00_01_13_00,D&Wp,average,20,43.95,1.02,00,01,13,00
Crop_Loss,00_01_13_00,D&Wp,average,60,133.88,0.67,00,01,13,00
Crop_Loss,00_01_13_00,D&Wp,average,100,222.46,0.56,00,01,13,00
Crop_Loss,00_01_13_00,G,average,20,36.91,1.03,00,01,13,00
Crop_Loss,00_01_13_00,G,average,60,107.46,0.79,00,01,13,00
Crop_Loss,00_01_13_00,G,average,100,173.1,0.75,00,01,13,00
Crop_Loss,00_01_13_00,G&Wp,average,20,44.58,1.02,00,01,13,00
Crop_Loss,00_01_13_00,G&Wp,average,60,138.37,0.67,00,01,13,00
Crop_Loss,00_01_13_00,G&Wp,average,100,231.49,0.56,00,01,13,00
Crop_Loss,00_01_13_00,Wp,average,20,52.26,1.02,00,01,13,00
Crop_Loss,00_01_13_00,Wp,average,60,169.28,0.61,00,01,13,00
Crop_Loss,00_01_13_00,Wp,average,100,289.88,0.49,00,01,13,00
Crop_Loss,00_03_00_00,D,average,20,33.04,0.96,00,03,00,00
Crop_Loss,00_03_00_00,D,average,60,92.87,0.76,00,03,00,00
Crop_Loss,00_03_00_00,D,average,100,133.56,0.68,00,03,00,00
Crop_Loss,00_03_00_00,D&G,average,20,33.74,0.96,00,03,00,00
Crop_Loss,00_03_00_00,D&G,average,60,96.92,0.75,00,03,00,00
Crop_Loss,00_03_00_00,D&G,average,100,144.87,0.68,00,03,00,00
Crop_Loss,00_03_00_00,D&G&Wp,average,20,38.7,0.95,00,03,00,00
Crop_Loss,00_03_00_00,D&G&Wp,average,60,119.41,0.67,00,03,00,00
Crop_Loss,00_03_00_00,D&G&Wp,average,100,196.73,0.58,00,03,00,00
Crop_Loss,00_03_00_00,D&Wp,average,20,40.83,0.95,00,03,00,00
Crop_Loss,00_03_00_00,D&Wp,average,60,128.63,0.64,00,03,00,00
Crop_Loss,00_03_00_00,D&Wp,average,100,217.01,0.55,00,03,00,00
Crop_Loss,00_03_00_00,G,average,20,34.45,0.96,00,03,00,00
Crop_Loss,00_03_00_00,G,average,60,100.97,0.74,00,03,00,00
Crop_Loss,00_03_00_00,G,average,100,156.18,0.67,00,03,00,00
Crop_Loss,00_03_00_00,G&Wp,average,20,41.54,0.95,00,03,00,00
Crop_Loss,00_03_00_00,G&Wp,average,60,132.68,0.64,00,03,00,00
Crop_Loss,00_03_00_00,G&Wp,average,100,228.32,0.55,00,03,00,00
Crop_Loss,00_03_00_00,Wp,average,20,48.63,0.95,00,03,00,00
Crop_Loss,00_03_00_00,Wp,average,60,164.39,0.59,00,03,00,00
Crop_Loss,00_03_00_00,Wp,average,100,300.45,0.51,00,03,00,00
Crop_Loss,00_03_01_00,D,average,20,33.04,0.96,00,03,01,00
Crop_Loss,00_03_01_00,D,average,60,90.35,0.73,00,03,01,00
Crop_Loss,00_03_01_00,D,average,100,121.6,0.62,00,03,01,00
Crop_Loss,00_03_01_00,D&G,average,20,33.74,0.96,00,03,01,00
Crop_Loss,00_03_01_00,D&G,average,60,94.04,0.73,00,03,01,00
Crop_Loss,00_03_01_00,D&G,average,100,127.62,0.6,00,03,01,00
Crop_Loss,00_03_01_00,D&G&Wp,average,20,38.7,0.95,00,03,01,00
Crop_Loss,00_03_01_00,D&G&Wp,average,60,115.68,0.65,00,03,01,00
Crop_Loss,00_03_01_00,D&G&Wp,average,100,169.17,0.5,00,03,01,00
Crop_Loss,00_03_01_00,D&Wp,average,20,40.83,0.95,00,03,01,00
Crop_Loss,00_03_01_00,D&Wp,average,60,124.66,0.62,00,03,01,00
Crop_Loss,00_03_01_00,D&Wp,average,100,186.93,0.47,00,03,01,00
Crop_Loss,00_03_01_00,G,average,20,34.45,0.96,00,03,01,00
Crop_Loss,00_03_01_00,G,average,60,97.72,0.72,00,03,01,00
Crop_Loss,00_03_01_00,G,average,100,133.64,0.58,00,03,01,00
Crop_Loss,00_03_01_00,G&Wp,average,20,41.54,0.95,00,03,01,00
Crop_Loss,00_03_01_00,G&Wp,average,60,128.35,0.62,00,03,01,00
Crop_Loss,00_03_01_00,G&Wp,average,100,192.95,0.47,00,03,01,00
Crop_Loss,00_03_01_00,Wp,average,20,48.63,0.95,00,03,01,00
Crop_Loss,00_03_01_00,Wp,average,60,158.98,0.57,00,03,01,00
Crop_Loss,00_03_01_00,Wp,average,100,252.27,0.42,00,03,01,00
Crop_Loss,00_03_03_00,D,average,20,33.04,0.96,00,03,03,00
Crop_Loss,00_03_03_00,D,average,60,90.35,0.73,00,03,03,00
Crop_Loss,00_03_03_00,D,average,100,121.6,0.62,00,03,03,00
Crop_Loss,00_03_03_00,D&G,average,20,33.74,0.96,00,03,03,00
Crop_Loss,00_03_03_00,D&G,average,60,94.04,0.73,00,03,03,00
Crop_Loss,00_03_03_00,D&G,average,100,127.62,0.6,00,03,03,00
Crop_Loss,00_03_03_00,D&G&Wp,average,20,38.7,0.95,00,03,03,00
Crop_Loss,00_03_03_00,D&G&Wp,average,60,115.68,0.65,00,03,03,00
Crop_Loss,00_03_03_00,D&G&Wp,average,100,169.17,0.5,00,03,03,00
Crop_Loss,00_03_03_00,D&Wp,average,20,40.83,0.95,00,03,03,00
Crop_Loss,00_03_03_00,D&Wp,average,60,124.66,0.62,00,03,03,00
Crop_Loss,00_03_03_00,D&Wp,average,100,186.93,0.47,00,03,03,00
Crop_Loss,00_03_03_00,G,average,20,34.45,0.96,00,03,03,00
Crop_Loss,00_03_03_00,G,average,60,97.72,0.72,00,03,03,00
Crop_Loss,00_03_03_00,G,average,100,133.64,0.58,00,03,03,00
Crop_Loss,00_03_03_00,G&Wp,average,20,41.54,0.95,00,03,03,00
Crop_Loss,00_03_03_00,G&Wp,average,60,128.35,0.62,00,03,03,00
Crop_Loss,00_03_03_00,G&Wp,average,100,192.95,0.47,00,03,03,00
Crop_Loss,00_03_03_00,Wp,average,20,48.63,0.95,00,03,03,00
Crop_Loss,00_03_03_00,Wp,average,60,158.98,0.57,00,03,03,00
Crop_Loss,00_03_03_00,Wp,average,100,252.27,0.42,00,03,03,00
Crop_Loss,00_03_05_00,D,average,20,29.65,0.86,00,03,05,00
Crop_Loss,00_03_05_00,D,average,60,79.65,0.65,00,03,05,00
Crop_Loss,00_03_05_00,D,average,100,107.84,0.55,00,03,05,00
Crop_Loss,00_03_05_00,D&G,average,20,30.19,0.86,00,03,05,00
Crop_Loss,00_03_05_00,D&G,average,60,81.5,0.63,00,03,05,00
Crop_Loss,00_03_05_00,D&G,average,100,111.9,0.52,00,03,05,00
Crop_Loss,00_03_05_00,D&G&Wp,average,20,35.15,0.87,00,03,05,00
Crop_Loss,00_03_05_00,D&G&Wp,average,60,100.67,0.56,00,03,05,00
Crop_Loss,00_03_05_00,D&G&Wp,average,100,151.61,0.44,00,03,05,00
Crop_Loss,00_03_05_00,D&Wp,average,20,37.37,0.87,00,03,05,00
Crop_Loss,00_03_05_00,D&Wp,average,60,109.33,0.55,00,03,05,00
Crop_Loss,00_03_05_00,D&Wp,average,100,169.45,0.43,00,03,05,00
Crop_Loss,00_03_05_00,G,average,20,30.72,0.86,00,03,05,00
Crop_Loss,00_03_05_00,G,average,60,83.36,0.61,00,03,05,00
Crop_Loss,00_03_05_00,G,average,100,115.95,0.5,00,03,05,00
Crop_Loss,00_03_05_00,G&Wp,average,20,37.91,0.87,00,03,05,00
Crop_Loss,00_03_05_00,G&Wp,average,60,111.18,0.54,00,03,05,00
Crop_Loss,00_03_05_00,G&Wp,average,100,173.5,0.42,00,03,05,00
Crop_Loss,00_03_05_00,Wp,average,20,45.09,0.88,00,03,05,00
Crop_Loss,00_03_05_00,Wp,average,60,139.01,0.5,00,03,05,00
Crop_Loss,00_03_05_00,Wp,average,100,231.05,0.39,00,03,05,00
Crop_Loss,00_03_07_00,D,average,20,33.93,0.98,00,03,07,00
Crop_Loss,00_03_07_00,D,average,60,111.4,0.91,00,03,07,00
Crop_Loss,00_03_07_00,D,average,100,171.85,0.87,00,03,07,00
Crop_Loss,00_03_07_00,D&G,average,20,34.41,0.98,00,03,07,00
Crop_Loss,00_03_07_00,D&G,average,60,113.28,0.87,00,03,07,00
Crop_Loss,00_03_07_00,D&G,average,100,176.56,0.82,00,03,07,00
Crop_Loss,00_03_07_00,D&G&Wp,average,20,39.18,0.96,00,03,07,00
Crop_Loss,00_03_07_00,D&G&Wp,average,60,131.22,0.73,00,03,07,00
Crop_Loss,00_03_07_00,D&G&Wp,average,100,212.87,0.62,00,03,07,00
Crop_Loss,00_03_07_00,D&Wp,average,20,41.33,0.96,00,03,07,00
Crop_Loss,00_03_07_00,D&Wp,average,60,139.25,0.7,00,03,07,00
Crop_Loss,00_03_07_00,D&Wp,average,100,228.67,0.58,00,03,07,00
Crop_Loss,00_03_07_00,G,average,20,34.89,0.97,00,03,07,00
Crop_Loss,00_03_07_00,G,average,60,115.16,0.84,00,03,07,00
Crop_Loss,00_03_07_00,G,average,100,181.27,0.78,00,03,07,00
Crop_Loss,00_03_07_00,G&Wp,average,20,41.81,0.96,00,03,07,00
Crop_Loss,00_03_07_00,G&Wp,average,60,141.13,0.68,00,03,07,00
Crop_Loss,00_03_07_00,G&Wp,average,100,233.39,0.56,00,03,07,00
Crop_Loss,00_03_07_00,Wp,average,20,48.73,0.95,00,03,07,00
Crop_Loss,00_03_07_00,Wp,average,60,167.1,0.6,00,03,07,00
Crop_Loss,00_03_07_00,Wp,average,100,285.5,0.48,00,03,07,00
Crop_Loss,00_03_09_00,D,average,20,29.65,0.86,00,03,09,00
Crop_Loss,00_03_09_00,D,average,60,79.15,0.64,00,03,09,00
Crop_Loss,00_03_09_00,D,average,100,106.86,0.54,00,03,09,00
Crop_Loss,00_03_09_00,D&G,average,20,30.18,0.86,00,03,09,00
Crop_Loss,00_03_09_00,D&G,average,60,80.99,0.62,00,03,09,00
Crop_Loss,00_03_09_00,D&G,average,100,110.89,0.52,00,03,09,00
Crop_Loss,00_03_09_00,D&G&Wp,average,20,35.15,0.87,00,03,09,00
Crop_Loss,00_03_09_00,D&G&Wp,average,60,100.09,0.56,00,03,09,00
Crop_Loss,00_03_09_00,D&G&Wp,average,100,150.7,0.44,00,03,09,00
Crop_Loss,00_03_09_00,D&Wp,average,20,37.37,0.87,00,03,09,00
Crop_Loss,00_03_09_00,D&Wp,average,60,108.72,0.54,00,03,09,00
Crop_Loss,00_03_09_00,D&Wp,average,100,168.59,0.43,00,03,09,00
Crop_Loss,00_03_09_00,G,average,20,30.72,0.86,00,03,09,00
Crop_Loss,00_03_09_00,G,average,60,82.83,0.61,00,03,09,00
Crop_Loss,00_03_09_00,G,average,100,114.91,0.49,00,03,09,00
Crop_Loss,00_03_09_00,G&Wp,average,20,37.9,0.87,00,03,09,00
Crop_Loss,00_03_09_00,G&Wp,average,60,110.56,0.54,00,03,09,00
Crop_Loss,00_03_09_00,G&Wp,average,100,172.62,0.42,00,03,09,00
Crop_Loss,00_03_09_00,Wp,average,20,45.09,0.88,00,03,09,00
Crop_Loss,00_03_09_00,Wp,average,60,138.29,0.5,00,03,09,00
Crop_Loss,00_03_09_00,Wp,average,100,230.32,0.39,00,03,09,00
Crop_Loss,00_03_11_00,D,average,20,33.04,0.96,00,03,11,00
Crop_Loss,00_03_11_00,D,average,60,91.17,0.74,00,03,11,00
Crop_Loss,00_03_11_00,D,average,100,127.44,0.65,00,03,11,00
Crop_Loss,00_03_11_00,D&G,average,20,33.74,0.96,00,03,11,00
Crop_Loss,00_03_11_00,D&G,average,60,94.86,0.73,00,03,11,00
Crop_Loss,00_03_11_00,D&G,average,100,133.58,0.62,00,03,11,00
Crop_Loss,00_03_11_00,D&G&Wp,average,20,38.7,0.95,00,03,11,00
Crop_Loss,00_03_11_00,D&G&Wp,average,60,116.98,0.65,00,03,11,00
Crop_Loss,00_03_11_00,D&G&Wp,average,100,176.97,0.52,00,03,11,00
Crop_Loss,00_03_11_00,D&Wp,average,20,40.83,0.95,00,03,11,00
Crop_Loss,00_03_11_00,D&Wp,average,60,126.19,0.63,00,03,11,00
Crop_Loss,00_03_11_00,D&Wp,average,100,195.59,0.49,00,03,11,00
Crop_Loss,00_03_11_00,G,average,20,34.45,0.96,00,03,11,00
Crop_Loss,00_03_11_00,G,average,60,98.55,0.72,00,03,11,00
Crop_Loss,00_03_11_00,G,average,100,139.73,0.6,00,03,11,00
Crop_Loss,00_03_11_00,G&Wp,average,20,41.54,0.95,00,03,11,00
Crop_Loss,00_03_11_00,G&Wp,average,60,129.88,0.63,00,03,11,00
Crop_Loss,00_03_11_00,G&Wp,average,100,201.73,0.49,00,03,11,00
Crop_Loss,00_03_11_00,Wp,average,20,48.63,0.95,00,03,11,00
Crop_Loss,00_03_11_00,Wp,average,60,161.21,0.58,00,03,11,00
Crop_Loss,00_03_11_00,Wp,average,100,263.74,0.44,00,03,11,00
Crop_Loss,00_03_13_00,D,average,20,33.04,0.96,00,03,13,00
Crop_Loss,00_03_13_00,D,average,60,96.06,0.78,00,03,13,00
Crop_Loss,00_03_13_00,D,average,100,152.63,0.78,00,03,13,00
Crop_Loss,00_03_13_00,D&G,average,20,33.74,0.96,00,03,13,00
Crop_Loss,00_03_13_00,D&G,average,60,100.17,0.77,00,03,13,00
Crop_Loss,00_03_13_00,D&G,average,100,161.28,0.75,00,03,13,00
Crop_Loss,00_03_13_00,D&G&Wp,average,20,38.7,0.95,00,03,13,00
Crop_Loss,00_03_13_00,D&G&Wp,average,60,121.9,0.68,00,03,13,00
Crop_Loss,00_03_13_00,D&G&Wp,average,100,202.83,0.59,00,03,13,00
Crop_Loss,00_03_13_00,D&Wp,average,20,40.83,0.95,00,03,13,00
Crop_Loss,00_03_13_00,D&Wp,average,60,130.7,0.65,00,03,13,00
Crop_Loss,00_03_13_00,D&Wp,average,100,219.28,0.55,00,03,13,00
Crop_Loss,00_03_13_00,G,average,20,34.45,0.96,00,03,13,00
Crop_Loss,00_03_13_00,G,average,60,104.29,0.76,00,03,13,00
Crop_Loss,00_03_13_00,G,average,100,169.93,0.73,00,03,13,00
Crop_Loss,00_03_13_00,G&Wp,average,20,41.54,0.95,00,03,13,00
Crop_Loss,00_03_13_00,G&Wp,average,60,134.81,0.65,00,03,13,00
Crop_Loss,00_03_13_00,G&Wp,average,100,227.93,0.55,00,03,13,00
Crop_Loss,00_03_13_00,Wp,average,20,48.63,0.95,00,03,13,00
Crop_Loss,00_03_13_00,Wp,average,60,165.34,0.6,00,03,13,00
Crop_Loss,00_03_13_00,Wp,average,100,285.94,0.48,00,03,13,00
Crop_Loss,00_05_00_00,D,average,20,29.26,0.85,00,05,00,00
Crop_Loss,00_05_00_00,D,average,60,53.55,0.44,00,05,00,00
Crop_Loss,00_05_00_00,D,average,100,68.57,0.35,00,05,00,00
Crop_Loss,00_05_00_00,D&G,average,20,29.86,0.85,00,05,00,00
Crop_Loss,00_05_00_00,D&G,average,60,55.6,0.43,00,05,00,00
Crop_Loss,00_05_00_00,D&G,average,100,76.38,0.36,00,05,00,00
Crop_Loss,00_05_00_00,D&G&Wp,average,20,32.72,0.81,00,05,00,00
Crop_Loss,00_05_00_00,D&G&Wp,average,60,65.78,0.37,00,05,00,00
Crop_Loss,00_05_00_00,D&G&Wp,average,100,111.12,0.33,00,05,00,00
Crop_Loss,00_05_00_00,D&Wp,average,20,33.85,0.79,00,05,00,00
Crop_Loss,00_05_00_00,D&Wp,average,60,69.84,0.35,00,05,00,00
Crop_Loss,00_05_00_00,D&Wp,average,100,124.58,0.32,00,05,00,00
Crop_Loss,00_05_00_00,G,average,20,30.46,0.85,00,05,00,00
Crop_Loss,00_05_00_00,G,average,60,57.64,0.42,00,05,00,00
Crop_Loss,00_05_00_00,G,average,100,84.2,0.36,00,05,00,00
Crop_Loss,00_05_00_00,G&Wp,average,20,34.46,0.79,00,05,00,00
Crop_Loss,00_05_00_00,G&Wp,average,60,71.89,0.35,00,05,00,00
Crop_Loss,00_05_00_00,G&Wp,average,100,132.39,0.32,00,05,00,00
Crop_Loss,00_05_00_00,Wp,average,20,38.45,0.75,00,05,00,00
Crop_Loss,00_05_00_00,Wp,average,60,86.13,0.31,00,05,00,00
Crop_Loss,00_05_00_00,Wp,average,100,180.59,0.3,00,05,00,00
Crop_Loss,00_05_01_00,D,average,20,29.26,0.85,00,05,01,00
Crop_Loss,00_05_01_00,D,average,60,51.05,0.42,00,05,01,00
Crop_Loss,00_05_01_00,D,average,100,56.83,0.29,00,05,01,00
Crop_Loss,00_05_01_00,D&G,average,20,29.86,0.85,00,05,01,00
Crop_Loss,00_05_01_00,D&G,average,60,52.68,0.41,00,05,01,00
Crop_Loss,00_05_01_00,D&G,average,100,59.38,0.28,00,05,01,00
Crop_Loss,00_05_01_00,D&G&Wp,average,20,32.72,0.81,00,05,01,00
Crop_Loss,00_05_01_00,D&G&Wp,average,60,61.97,0.35,00,05,01,00
Crop_Loss,00_05_01_00,D&G&Wp,average,100,83.34,0.24,00,05,01,00
Crop_Loss,00_05_01_00,D&Wp,average,20,33.85,0.79,00,05,01,00
Crop_Loss,00_05_01_00,D&Wp,average,60,65.81,0.33,00,05,01,00
Crop_Loss,00_05_01_00,D&Wp,average,100,94.04,0.24,00,05,01,00
Crop_Loss,00_05_01_00,G,average,20,30.46,0.85,00,05,01,00
Crop_Loss,00_05_01_00,G,average,60,54.3,0.4,00,05,01,00
Crop_Loss,00_05_01_00,G,average,100,61.93,0.27,00,05,01,00
Crop_Loss,00_05_01_00,G&Wp,average,20,34.46,0.79,00,05,01,00
Crop_Loss,00_05_01_00,G&Wp,average,60,67.43,0.33,00,05,01,00
Crop_Loss,00_05_01_00,G&Wp,average,100,96.59,0.23,00,05,01,00
Crop_Loss,00_05_01_00,Wp,average,20,38.45,0.75,00,05,01,00
Crop_Loss,00_05_01_00,Wp,average,60,80.56,0.29,00,05,01,00
Crop_Loss,00_05_01_00,Wp,average,100,131.25,0.22,00,05,01,00
Crop_Loss,00_05_03_00,D,average,20,29.26,0.85,00,05,03,00
Crop_Loss,00_05_03_00,D,average,60,51.05,0.42,00,05,03,00
Crop_Loss,00_05_03_00,D,average,100,56.83,0.29,00,05,03,00
Crop_Loss,00_05_03_00,D&G,average,20,29.86,0.85,00,05,03,00
Crop_Loss,00_05_03_00,D&G,average,60,52.68,0.41,00,05,03,00
Crop_Loss,00_05_03_00,D&G,average,100,59.38,0.28,00,05,03,00
Crop_Loss,00_05_03_00,D&G&Wp,average,20,32.72,0.81,00,05,03,00
Crop_Loss,00_05_03_00,D&G&Wp,average,60,61.97,0.35,00,05,03,00
Crop_Loss,00_05_03_00,D&G&Wp,average,100,83.34,0.24,00,05,03,00
Crop_Loss,00_05_03_00,D&Wp,average,20,33.85,0.79,00,05,03,00
Crop_Loss,00_05_03_00,D&Wp,average,60,65.81,0.33,00,05,03,00
Crop_Loss,00_05_03_00,D&Wp,average,100,94.04,0.24,00,05,03,00
Crop_Loss,00_05_03_00,G,average,20,30.46,0.85,00,05,03,00
Crop_Loss,00_05_03_00,G,average,60,54.3,0.4,00,05,03,00
Crop_Loss,00_05_03_00,G,average,100,61.93,0.27,00,05,03,00
Crop_Loss,00_05_03_00,G&Wp,average,20,34.46,0.79,00,05,03,00
Crop_Loss,00_05_03_00,G&Wp,average,60,67.43,0.33,00,05,03,00
Crop_Loss,00_05_03_00,G&Wp,average,100,96.59,0.23,00,05,03,00
Crop_Loss,00_05_03_00,Wp,average,20,38.45,0.75,00,05,03,00
Crop_Loss,00_05_03_00,Wp,average,60,80.56,0.29,00,05,03,00
Crop_Loss,00_05_03_00,Wp,average,100,131.25,0.22,00,05,03,00
Crop_Loss,00_05_05_00,D,average,20,25.72,0.75,00,05,05,00
Crop_Loss,00_05_05_00,D,average,60,40.04,0.33,00,05,05,00
Crop_Loss,00_05_05_00,D,average,100,42.81,0.22,00,05,05,00
Crop_Loss,00_05_05_00,D&G,average,20,26.13,0.74,00,05,05,00
Crop_Loss,00_05_05_00,D&G,average,60,39.81,0.31,00,05,05,00
Crop_Loss,00_05_05_00,D&G,average,100,43.37,0.2,00,05,05,00
Crop_Loss,00_05_05_00,D&G&Wp,average,20,28.94,0.71,00,05,05,00
Crop_Loss,00_05_05_00,D&G&Wp,average,60,46.37,0.26,00,05,05,00
Crop_Loss,00_05_05_00,D&G&Wp,average,100,65.24,0.19,00,05,05,00
Crop_Loss,00_05_05_00,D&Wp,average,20,30.14,0.7,00,05,05,00
Crop_Loss,00_05_05_00,D&Wp,average,60,49.77,0.25,00,05,05,00
Crop_Loss,00_05_05_00,D&Wp,average,100,75.9,0.19,00,05,05,00
Crop_Loss,00_05_05_00,G,average,20,26.55,0.74,00,05,05,00
Crop_Loss,00_05_05_00,G,average,60,39.57,0.29,00,05,05,00
Crop_Loss,00_05_05_00,G,average,100,43.93,0.19,00,05,05,00
Crop_Loss,00_05_05_00,G&Wp,average,20,30.56,0.7,00,05,05,00
Crop_Loss,00_05_05_00,G&Wp,average,60,49.54,0.24,00,05,05,00
Crop_Loss,00_05_05_00,G&Wp,average,100,76.45,0.18,00,05,05,00
Crop_Loss,00_05_05_00,Wp,average,20,34.56,0.67,00,05,05,00
Crop_Loss,00_05_05_00,Wp,average,60,59.5,0.22,00,05,05,00
Crop_Loss,00_05_05_00,Wp,average,100,108.98,0.18,00,05,05,00
Crop_Loss,00_05_07_00,D,average,20,31.03,0.9,00,05,07,00
Crop_Loss,00_05_07_00,D,average,60,77.01,0.63,00,05,07,00
Crop_Loss,00_05_07_00,D,average,100,114.71,0.58,00,05,07,00
Crop_Loss,00_05_07_00,D&G,average,20,31.25,0.89,00,05,07,00
Crop_Loss,00_05_07_00,D&G,average,60,76.69,0.59,00,05,07,00
Crop_Loss,00_05_07_00,D&G,average,100,115.56,0.54,00,05,07,00
Crop_Loss,00_05_07_00,D&G&Wp,average,20,34.07,0.84,00,05,07,00
Crop_Loss,00_05_07_00,D&G&Wp,average,60,81.98,0.46,00,05,07,00
Crop_Loss,00_05_07_00,D&G&Wp,average,100,131.17,0.38,00,05,07,00
Crop_Loss,00_05_07_00,D&Wp,average,20,35.37,0.82,00,05,07,00
Crop_Loss,00_05_07_00,D&Wp,average,60,84.78,0.42,00,05,07,00
Crop_Loss,00_05_07_00,D&Wp,average,100,138.55,0.35,00,05,07,00
Crop_Loss,00_05_07_00,G,average,20,31.48,0.88,00,05,07,00
Crop_Loss,00_05_07_00,G,average,60,76.37,0.56,00,05,07,00
Crop_Loss,00_05_07_00,G,average,100,116.4,0.5,00,05,07,00
Crop_Loss,00_05_07_00,G&Wp,average,20,35.59,0.81,00,05,07,00
Crop_Loss,00_05_07_00,G&Wp,average,60,84.46,0.41,00,05,07,00
Crop_Loss,00_05_07_00,G&Wp,average,100,139.4,0.34,00,05,07,00
Crop_Loss,00_05_07_00,Wp,average,20,39.7,0.77,00,05,07,00
Crop_Loss,00_05_07_00,Wp,average,60,92.54,0.33,00,05,07,00
Crop_Loss,00_05_07_00,Wp,average,100,162.39,0.27,00,05,07,00
Crop_Loss,00_05_09_00,D,average,20,25.71,0.75,00,05,09,00
Crop_Loss,00_05_09_00,D,average,60,39.56,0.32,00,05,09,00
Crop_Loss,00_05_09_00,D,average,100,41.85,0.21,00,05,09,00
Crop_Loss,00_05_09_00,D&G,average,20,26.13,0.74,00,05,09,00
Crop_Loss,00_05_09_00,D&G,average,60,39.31,0.3,00,05,09,00
Crop_Loss,00_05_09_00,D&G,average,100,42.38,0.2,00,05,09,00
Crop_Loss,00_05_09_00,D&G&Wp,average,20,28.94,0.71,00,05,09,00
Crop_Loss,00_05_09_00,D&G&Wp,average,60,45.8,0.26,00,05,09,00
Crop_Loss,00_05_09_00,D&G&Wp,average,100,64.34,0.19,00,05,09,00
Crop_Loss,00_05_09_00,D&Wp,average,20,30.14,0.7,00,05,09,00
Crop_Loss,00_05_09_00,D&Wp,average,60,49.17,0.25,00,05,09,00
Crop_Loss,00_05_09_00,D&Wp,average,100,75.05,0.19,00,05,09,00
Crop_Loss,00_05_09_00,G,average,20,26.54,0.74,00,05,09,00
Crop_Loss,00_05_09_00,G,average,60,39.06,0.29,00,05,09,00
Crop_Loss,00_05_09_00,G,average,100,42.91,0.18,00,05,09,00
Crop_Loss,00_05_09_00,G&Wp,average,20,30.55,0.7,00,05,09,00
Crop_Loss,00_05_09_00,G&Wp,average,60,48.92,0.24,00,05,09,00
Crop_Loss,00_05_09_00,G&Wp,average,100,75.58,0.18,00,05,09,00
Crop_Loss,00_05_09_00,Wp,average,20,34.56,0.67,00,05,09,00
Crop_Loss,00_05_09_00,Wp,average,60,58.78,0.21,00,05,09,00
Crop_Loss,00_05_09_00,Wp,average,100,108.24,0.18,00,05,09,00
Crop_Loss,00_05_11_00,D,average,20,29.26,0.85,00,05,11,00
Crop_Loss,00_05_11_00,D,average,60,51.86,0.42,00,05,11,00
Crop_Loss,00_05_11_00,D,average,100,62.55,0.32,00,05,11,00
Crop_Loss,00_05_11_00,D&G,average,20,29.86,0.85,00,05,11,00
Crop_Loss,00_05_11_00,D&G,average,60,53.49,0.41,00,05,11,00
Crop_Loss,00_05_11_00,D&G,average,100,65.22,0.3,00,05,11,00
Crop_Loss,00_05_11_00,D&G&Wp,average,20,32.72,0.81,00,05,11,00
Crop_Loss,00_05_11_00,D&G&Wp,average,60,63.24,0.35,00,05,11,00
Crop_Loss,00_05_11_00,D&G&Wp,average,100,91.13,0.27,00,05,11,00
Crop_Loss,00_05_11_00,D&Wp,average,20,33.85,0.79,00,05,11,00
Crop_Loss,00_05_11_00,D&Wp,average,60,67.3,0.34,00,05,11,00
Crop_Loss,00_05_11_00,D&Wp,average,100,102.75,0.26,00,05,11,00
Crop_Loss,00_05_11_00,G,average,20,30.46,0.85,00,05,11,00
Crop_Loss,00_05_11_00,G,average,60,55.12,0.4,00,05,11,00
Crop_Loss,00_05_11_00,G,average,100,67.9,0.29,00,05,11,00
Crop_Loss,00_05_11_00,G&Wp,average,20,34.46,0.79,00,05,11,00
Crop_Loss,00_05_11_00,G&Wp,average,60,68.93,0.33,00,05,11,00
Crop_Loss,00_05_11_00,G&Wp,average,100,105.42,0.26,00,05,11,00
Crop_Loss,00_05_11_00,Wp,average,20,38.45,0.75,00,05,11,00
Crop_Loss,00_05_11_00,Wp,average,60,82.75,0.3,00,05,11,00
Crop_Loss,00_05_11_00,Wp,average,100,142.95,0.24,00,05,11,00
Crop_Loss,00_05_13_00,D,average,20,29.26,0.85,00,05,13,00
Crop_Loss,00_05_13_00,D,average,60,57.27,0.47,00,05,13,00
Crop_Loss,00_05_13_00,D,average,100,90.09,0.46,00,05,13,00
Crop_Loss,00_05_13_00,D&G,average,20,29.86,0.85,00,05,13,00
Crop_Loss,00_05_13_00,D&G,average,60,59.33,0.46,00,05,13,00
Crop_Loss,00_05_13_00,D&G,average,100,95.46,0.45,00,05,13,00
Crop_Loss,00_05_13_00,D&G&Wp,average,20,32.72,0.81,00,05,13,00
Crop_Loss,00_05_13_00,D&G&Wp,average,60,68.66,0.38,00,05,13,00
Crop_Loss,00_05_13_00,D&G&Wp,average,100,117.07,0.34,00,05,13,00
Crop_Loss,00_05_13_00,D&Wp,average,20,33.85,0.79,00,05,13,00
Crop_Loss,00_05_13_00,D&Wp,average,60,72.29,0.36,00,05,13,00
Crop_Loss,00_05_13_00,D&Wp,average,100,125.19,0.32,00,05,13,00
Crop_Loss,00_05_13_00,G,average,20,30.46,0.85,00,05,13,00
Crop_Loss,00_05_13_00,G,average,60,61.39,0.45,00,05,13,00
Crop_Loss,00_05_13_00,G,average,100,100.83,0.43,00,05,13,00
Crop_Loss,00_05_13_00,G&Wp,average,20,34.46,0.79,00,05,13,00
Crop_Loss,00_05_13_00,G&Wp,average,60,74.35,0.36,00,05,13,00
Crop_Loss,00_05_13_00,G&Wp,average,100,130.56,0.32,00,05,13,00
Crop_Loss,00_05_13_00,Wp,average,20,38.45,0.75,00,05,13,00
Crop_Loss,00_05_13_00,Wp,average,60,87.3,0.32,00,05,13,00
Crop_Loss,00_05_13_00,Wp,average,100,160.29,0.27,00,05,13,00
Crop_Loss,00_06_00_00,D,average,20,30.42,0.88,00,06,00,00
Crop_Loss,00_06_00_00,D,average,60,67.49,0.55,00,06,00,00
Crop_Loss,00_06_00_00,D,average,100,82.03,0.42,00,06,00,00
Crop_Loss,00_06_00_00,D&G,average,20,31.06,0.88,00,06,00,00
Crop_Loss,00_06_00_00,D&G,average,60,70.47,0.54,00,06,00,00
Crop_Loss,00_06_00_00,D&G,average,100,90.34,0.42,00,06,00,00
Crop_Loss,00_06_00_00,D&G&Wp,average,20,34.84,0.86,00,06,00,00
Crop_Loss,00_06_00_00,D&G&Wp,average,60,80.92,0.45,00,06,00,00
Crop_Loss,00_06_00_00,D&G&Wp,average,100,115.57,0.34,00,06,00,00
Crop_Loss,00_06_00_00,D&Wp,average,20,36.42,0.85,00,06,00,00
Crop_Loss,00_06_00_00,D&Wp,average,60,84.65,0.42,00,06,00,00
Crop_Loss,00_06_00_00,D&Wp,average,100,124.04,0.31,00,06,00,00
Crop_Loss,00_06_00_00,G,average,20,31.7,0.88,00,06,00,00
Crop_Loss,00_06_00_00,G,average,60,73.45,0.54,00,06,00,00
Crop_Loss,00_06_00_00,G,average,100,98.64,0.42,00,06,00,00
Crop_Loss,00_06_00_00,G&Wp,average,20,37.06,0.85,00,06,00,00
Crop_Loss,00_06_00_00,G&Wp,average,60,87.63,0.42,00,06,00,00
Crop_Loss,00_06_00_00,G&Wp,average,100,132.35,0.32,00,06,00,00
Crop_Loss,00_06_00_00,Wp,average,20,42.42,0.82,00,06,00,00
Crop_Loss,00_06_00_00,Wp,average,60,101.81,0.37,00,06,00,00
Crop_Loss,00_06_00_00,Wp,average,100,166.05,0.28,00,06,00,00
Crop_Loss,00_06_01_00,D,average,20,30.42,0.88,00,06,01,00
Crop_Loss,00_06_01_00,D,average,60,64.99,0.53,00,06,01,00
Crop_Loss,00_06_01_00,D,average,100,70.28,0.36,00,06,01,00
Crop_Loss,00_06_01_00,D&G,average,20,31.06,0.88,00,06,01,00
Crop_Loss,00_06_01_00,D&G,average,60,67.54,0.52,00,06,01,00
Crop_Loss,00_06_01_00,D&G,average,100,73.31,0.34,00,06,01,00
Crop_Loss,00_06_01_00,D&G&Wp,average,20,34.84,0.86,00,06,01,00
Crop_Loss,00_06_01_00,D&G&Wp,average,60,77.06,0.43,00,06,01,00
Crop_Loss,00_06_01_00,D&G&Wp,average,100,87.4,0.26,00,06,01,00
Crop_Loss,00_06_01_00,D&Wp,average,20,36.42,0.85,00,06,01,00
Crop_Loss,00_06_01_00,D&Wp,average,60,80.55,0.4,00,06,01,00
Crop_Loss,00_06_01_00,D&Wp,average,100,92.93,0.24,00,06,01,00
Crop_Loss,00_06_01_00,G,average,20,31.7,0.88,00,06,01,00
Crop_Loss,00_06_01_00,G,average,60,70.09,0.51,00,06,01,00
Crop_Loss,00_06_01_00,G,average,100,76.34,0.33,00,06,01,00
Crop_Loss,00_06_01_00,G&Wp,average,20,37.06,0.85,00,06,01,00
Crop_Loss,00_06_01_00,G&Wp,average,60,83.1,0.4,00,06,01,00
Crop_Loss,00_06_01_00,G&Wp,average,100,95.96,0.23,00,06,01,00
Crop_Loss,00_06_01_00,Wp,average,20,42.42,0.82,00,06,01,00
Crop_Loss,00_06_01_00,Wp,average,60,96.11,0.35,00,06,01,00
Crop_Loss,00_06_01_00,Wp,average,100,115.59,0.19,00,06,01,00
Crop_Loss,00_06_03_00,D,average,20,30.42,0.88,00,06,03,00
Crop_Loss,00_06_03_00,D,average,60,64.99,0.53,00,06,03,00
Crop_Loss,00_06_03_00,D,average,100,70.28,0.36,00,06,03,00
Crop_Loss,00_06_03_00,D&G,average,20,31.06,0.88,00,06,03,00
Crop_Loss,00_06_03_00,D&G,average,60,67.54,0.52,00,06,03,00
Crop_Loss,00_06_03_00,D&G,average,100,73.31,0.34,00,06,03,00
Crop_Loss,00_06_03_00,D&G&Wp,average,20,34.84,0.86,00,06,03,00
Crop_Loss,00_06_03_00,D&G&Wp,average,60,77.06,0.43,00,06,03,00
Crop_Loss,00_06_03_00,D&G&Wp,average,100,87.4,0.26,00,06,03,00
Crop_Loss,00_06_03_00,D&Wp,average,20,36.42,0.85,00,06,03,00
Crop_Loss,00_06_03_00,D&Wp,average,60,80.55,0.4,00,06,03,00
Crop_Loss,00_06_03_00,D&Wp,average,100,92.93,0.24,00,06,03,00
Crop_Loss,00_06_03_00,G,average,20,31.7,0.88,00,06,03,00
Crop_Loss,00_06_03_00,G,average,60,70.09,0.51,00,06,03,00
Crop_Loss,00_06_03_00,G,average,100,76.34,0.33,00,06,03,00
Crop_Loss,00_06_03_00,G&Wp,average,20,37.06,0.85,00,06,03,00
Crop_Loss,00_06_03_00,G&Wp,average,60,83.1,0.4,00,06,03,00
Crop_Loss,00_06_03_00,G&Wp,average,100,95.96,0.23,00,06,03,00
Crop_Loss,00_06_03_00,Wp,average,20,42.42,0.82,00,06,03,00
Crop_Loss,00_06_03_00,Wp,average,60,96.11,0.35,00,06,03,00
Crop_Loss,00_06_03_00,Wp,average,100,115.59,0.19,00,06,03,00
Crop_Loss,00_06_05_00,D,average,20,26.87,0.78,00,06,05,00
Crop_Loss,00_06_05_00,D,average,60,54.48,0.44,00,06,05,00
Crop_Loss,00_06_05_00,D,average,100,56.77,0.29,00,06,05,00
Crop_Loss,00_06_05_00,D&G,average,20,27.33,0.78,00,06,05,00
Crop_Loss,00_06_05_00,D&G,average,60,55.24,0.43,00,06,05,00
Crop_Loss,00_06_05_00,D&G,average,100,57.86,0.27,00,06,05,00
Crop_Loss,00_06_05_00,D&G&Wp,average,20,31.07,0.77,00,06,05,00
Crop_Loss,00_06_05_00,D&G&Wp,average,60,62.07,0.35,00,06,05,00
Crop_Loss,00_06_05_00,D&G&Wp,average,100,69.89,0.2,00,06,05,00
Crop_Loss,00_06_05_00,D&Wp,average,20,32.72,0.76,00,06,05,00
Crop_Loss,00_06_05_00,D&Wp,average,60,65.1,0.33,00,06,05,00
Crop_Loss,00_06_05_00,D&Wp,average,100,75.35,0.19,00,06,05,00
Crop_Loss,00_06_05_00,G,average,20,27.78,0.77,00,06,05,00
Crop_Loss,00_06_05_00,G,average,60,56.0,0.41,00,06,05,00
Crop_Loss,00_06_05_00,G,average,100,58.96,0.25,00,06,05,00
Crop_Loss,00_06_05_00,G&Wp,average,20,33.17,0.76,00,06,05,00
Crop_Loss,00_06_05_00,G&Wp,average,60,65.86,0.32,00,06,05,00
Crop_Loss,00_06_05_00,G&Wp,average,100,76.45,0.18,00,06,05,00
Crop_Loss,00_06_05_00,Wp,average,20,38.57,0.75,00,06,05,00
Crop_Loss,00_06_05_00,Wp,average,60,75.71,0.27,00,06,05,00
Crop_Loss,00_06_05_00,Wp,average,100,93.94,0.16,00,06,05,00
Crop_Loss,00_06_07_00,D,average,20,31.68,0.92,00,06,07,00
Crop_Loss,00_06_07_00,D,average,60,91.37,0.74,00,06,07,00
Crop_Loss,00_06_07_00,D,average,100,128.9,0.66,00,06,07,00
Crop_Loss,00_06_07_00,D&G,average,20,31.94,0.91,00,06,07,00
Crop_Loss,00_06_07_00,D&G,average,60,92.15,0.71,00,06,07,00
Crop_Loss,00_06_07_00,D&G,average,100,130.57,0.61,00,06,07,00
Crop_Loss,00_06_07_00,D&G&Wp,average,20,35.41,0.87,00,06,07,00
Crop_Loss,00_06_07_00,D&G&Wp,average,60,98.06,0.55,00,06,07,00
Crop_Loss,00_06_07_00,D&G&Wp,average,100,144.51,0.42,00,06,07,00
Crop_Loss,00_06_07_00,D&Wp,average,20,37.01,0.86,00,06,07,00
Crop_Loss,00_06_07_00,D&Wp,average,60,100.63,0.5,00,06,07,00
Crop_Loss,00_06_07_00,D&Wp,average,100,150.64,0.38,00,06,07,00
Crop_Loss,00_06_07_00,G,average,20,32.2,0.9,00,06,07,00
Crop_Loss,00_06_07_00,G,average,60,92.93,0.68,00,06,07,00
Crop_Loss,00_06_07_00,G,average,100,132.23,0.57,00,06,07,00
Crop_Loss,00_06_07_00,G&Wp,average,20,37.27,0.85,00,06,07,00
Crop_Loss,00_06_07_00,G&Wp,average,60,101.4,0.49,00,06,07,00
Crop_Loss,00_06_07_00,G&Wp,average,100,152.31,0.37,00,06,07,00
Crop_Loss,00_06_07_00,Wp,average,20,42.35,0.82,00,06,07,00
Crop_Loss,00_06_07_00,Wp,average,60,109.88,0.4,00,06,07,00
Crop_Loss,00_06_07_00,Wp,average,100,172.38,0.29,00,06,07,00
Crop_Loss,00_06_09_00,D,average,20,26.87,0.78,00,06,09,00
Crop_Loss,00_06_09_00,D,average,60,54.0,0.44,00,06,09,00
Crop_Loss,00_06_09_00,D,average,100,55.8,0.28,00,06,09,00
Crop_Loss,00_06_09_00,D&G,average,20,27.32,0.78,00,06,09,00
Crop_Loss,00_06_09_00,D&G,average,60,54.74,0.42,00,06,09,00
Crop_Loss,00_06_09_00,D&G,average,100,56.87,0.27,00,06,09,00
Crop_Loss,00_06_09_00,D&G&Wp,average,20,31.07,0.77,00,06,09,00
Crop_Loss,00_06_09_00,D&G&Wp,average,60,61.49,0.34,00,06,09,00
Crop_Loss,00_06_09_00,D&G&Wp,average,100,68.99,0.2,00,06,09,00
Crop_Loss,00_06_09_00,D&Wp,average,20,32.72,0.76,00,06,09,00
Crop_Loss,00_06_09_00,D&Wp,average,60,64.5,0.32,00,06,09,00
Crop_Loss,00_06_09_00,D&Wp,average,100,74.51,0.19,00,06,09,00
Crop_Loss,00_06_09_00,G,average,20,27.78,0.77,00,06,09,00
Crop_Loss,00_06_09_00,G,average,60,55.48,0.41,00,06,09,00
Crop_Loss,00_06_09_00,G,average,100,57.94,0.25,00,06,09,00
Crop_Loss,00_06_09_00,G&Wp,average,20,33.17,0.76,00,06,09,00
Crop_Loss,00_06_09_00,G&Wp,average,60,65.24,0.32,00,06,09,00
Crop_Loss,00_06_09_00,G&Wp,average,100,75.58,0.18,00,06,09,00
Crop_Loss,00_06_09_00,Wp,average,20,38.56,0.75,00,06,09,00
Crop_Loss,00_06_09_00,Wp,average,60,75.0,0.27,00,06,09,00
Crop_Loss,00_06_09_00,Wp,average,100,93.22,0.16,00,06,09,00
Crop_Loss,00_06_11_00,D,average,20,30.42,0.88,00,06,11,00
Crop_Loss,00_06_11_00,D,average,60,65.8,0.53,00,06,11,00
Crop_Loss,00_06_11_00,D,average,100,76.0,0.39,00,06,11,00
Crop_Loss,00_06_11_00,D&G,average,20,31.06,0.88,00,06,11,00
Crop_Loss,00_06_11_00,D&G,average,60,68.36,0.53,00,06,11,00
Crop_Loss,00_06_11_00,D&G,average,100,79.15,0.37,00,06,11,00
Crop_Loss,00_06_11_00,D&G&Wp,average,20,34.84,0.86,00,06,11,00
Crop_Loss,00_06_11_00,D&G&Wp,average,60,78.34,0.44,00,06,11,00
Crop_Loss,00_06_11_00,D&G&Wp,average,100,95.2,0.28,00,06,11,00
Crop_Loss,00_06_11_00,D&Wp,average,20,36.42,0.85,00,06,11,00
Crop_Loss,00_06_11_00,D&Wp,average,60,82.05,0.41,00,06,11,00
Crop_Loss,00_06_11_00,D&Wp,average,100,101.64,0.26,00,06,11,00
Crop_Loss,00_06_11_00,G,average,20,31.7,0.88,00,06,11,00
Crop_Loss,00_06_11_00,G,average,60,70.91,0.52,00,06,11,00
Crop_Loss,00_06_11_00,G,average,100,82.31,0.35,00,06,11,00
Crop_Loss,00_06_11_00,G&Wp,average,20,37.06,0.85,00,06,11,00
Crop_Loss,00_06_11_00,G&Wp,average,60,84.61,0.41,00,06,11,00
Crop_Loss,00_06_11_00,G&Wp,average,100,104.8,0.25,00,06,11,00
Crop_Loss,00_06_11_00,Wp,average,20,42.42,0.82,00,06,11,00
Crop_Loss,00_06_11_00,Wp,average,60,98.31,0.36,00,06,11,00
Crop_Loss,00_06_11_00,Wp,average,100,127.28,0.21,00,06,11,00
Crop_Loss,00_06_13_00,D,average,20,30.42,0.88,00,06,13,00
Crop_Loss,00_06_13_00,D,average,60,71.28,0.58,00,06,13,00
Crop_Loss,00_06_13_00,D,average,100,103.98,0.53,00,06,13,00
Crop_Loss,00_06_13_00,D&G,average,20,31.06,0.88,00,06,13,00
Crop_Loss,00_06_13_00,D&G,average,60,74.3,0.57,00,06,13,00
Crop_Loss,00_06_13_00,D&G,average,100,109.95,0.51,00,06,13,00
Crop_Loss,00_06_13_00,D&G&Wp,average,20,34.84,0.86,00,06,13,00
Crop_Loss,00_06_13_00,D&G&Wp,average,60,84.31,0.47,00,06,13,00
Crop_Loss,00_06_13_00,D&G&Wp,average,100,128.19,0.38,00,06,13,00
Crop_Loss,00_06_13_00,D&Wp,average,20,36.42,0.85,00,06,13,00
Crop_Loss,00_06_13_00,D&Wp,average,60,87.8,0.44,00,06,13,00
Crop_Loss,00_06_13_00,D&Wp,average,100,134.32,0.34,00,06,13,00
Crop_Loss,00_06_13_00,G,average,20,31.7,0.88,00,06,13,00
Crop_Loss,00_06_13_00,G,average,60,77.31,0.57,00,06,13,00
Crop_Loss,00_06_13_00,G,average,100,115.92,0.5,00,06,13,00
Crop_Loss,00_06_13_00,G&Wp,average,20,37.06,0.85,00,06,13,00
Crop_Loss,00_06_13_00,G&Wp,average,60,90.82,0.44,00,06,13,00
Crop_Loss,00_06_13_00,G&Wp,average,100,140.29,0.34,00,06,13,00
Crop_Loss,00_06_13_00,Wp,average,20,42.42,0.82,00,06,13,00
Crop_Loss,00_06_13_00,Wp,average,60,104.33,0.38,00,06,13,00
Crop_Loss,00_06_13_00,Wp,average,100,164.66,0.28,00,06,13,00
Crop_Loss,00_07_00_00,D,average,20,23.36,0.68,00,07,00,00
Crop_Loss,00_07_00_00,D,average,60,45.69,0.37,00,07,00,00
Crop_Loss,00_07_00_00,D,average,100,64.1,0.33,00,07,00,00
Crop_Loss,00_07_00_00,D&G,average,20,23.78,0.68,00,07,00,00
Crop_Loss,00_07_00_00,D&G,average,60,48.77,0.38,00,07,00,00
Crop_Loss,00_07_00_00,D&G,average,100,73.45,0.34,00,07,00,00
Crop_Loss,00_07_00_00,D&G&Wp,average,20,24.65,0.61,00,07,00,00
Crop_Loss,00_07_00_00,D&G&Wp,average,60,58.76,0.33,00,07,00,00
Crop_Loss,00_07_00_00,D&G&Wp,average,100,100.26,0.29,00,07,00,00
Crop_Loss,00_07_00_00,D&Wp,average,20,24.88,0.58,00,07,00,00
Crop_Loss,00_07_00_00,D&Wp,average,60,62.21,0.31,00,07,00,00
Crop_Loss,00_07_00_00,D&Wp,average,100,108.99,0.28,00,07,00,00
Crop_Loss,00_07_00_00,G,average,20,24.2,0.67,00,07,00,00
Crop_Loss,00_07_00_00,G,average,60,51.84,0.38,00,07,00,00
Crop_Loss,00_07_00_00,G,average,100,82.8,0.36,00,07,00,00
Crop_Loss,00_07_00_00,G&Wp,average,20,25.3,0.58,00,07,00,00
Crop_Loss,00_07_00_00,G&Wp,average,60,65.29,0.32,00,07,00,00
Crop_Loss,00_07_00_00,G&Wp,average,100,118.34,0.29,00,07,00,00
Crop_Loss,00_07_00_00,Wp,average,20,26.4,0.51,00,07,00,00
Crop_Loss,00_07_00_00,Wp,average,60,78.74,0.28,00,07,00,00
Crop_Loss,00_07_00_00,Wp,average,100,153.88,0.26,00,07,00,00
Crop_Loss,00_07_01_00,D,average,20,23.36,0.68,00,07,01,00
Crop_Loss,00_07_01_00,D,average,60,43.21,0.35,00,07,01,00
Crop_Loss,00_07_01_00,D,average,100,52.4,0.27,00,07,01,00
Crop_Loss,00_07_01_00,D&G,average,20,23.78,0.68,00,07,01,00
Crop_Loss,00_07_01_00,D&G,average,60,45.89,0.35,00,07,01,00
Crop_Loss,00_07_01_00,D&G,average,100,56.52,0.26,00,07,01,00
Crop_Loss,00_07_01_00,D&G&Wp,average,20,24.65,0.61,00,07,01,00
Crop_Loss,00_07_01_00,D&G&Wp,average,60,54.98,0.31,00,07,01,00
Crop_Loss,00_07_01_00,D&G&Wp,average,100,72.49,0.21,00,07,01,00
Crop_Loss,00_07_01_00,D&Wp,average,20,24.88,0.58,00,07,01,00
Crop_Loss,00_07_01_00,D&Wp,average,60,58.19,0.29,00,07,01,00
Crop_Loss,00_07_01_00,D&Wp,average,100,78.41,0.2,00,07,01,00
Crop_Loss,00_07_01_00,G,average,20,24.2,0.67,00,07,01,00
Crop_Loss,00_07_01_00,G,average,60,48.57,0.36,00,07,01,00
Crop_Loss,00_07_01_00,G,average,100,60.65,0.26,00,07,01,00
Crop_Loss,00_07_01_00,G&Wp,average,20,25.3,0.58,00,07,01,00
Crop_Loss,00_07_01_00,G&Wp,average,60,60.87,0.29,00,07,01,00
Crop_Loss,00_07_01_00,G&Wp,average,100,82.54,0.2,00,07,01,00
Crop_Loss,00_07_01_00,Wp,average,20,26.4,0.51,00,07,01,00
Crop_Loss,00_07_01_00,Wp,average,60,73.17,0.26,00,07,01,00
Crop_Loss,00_07_01_00,Wp,average,100,104.43,0.18,00,07,01,00
Crop_Loss,00_07_03_00,D,average,20,23.36,0.68,00,07,03,00
Crop_Loss,00_07_03_00,D,average,60,43.21,0.35,00,07,03,00
Crop_Loss,00_07_03_00,D,average,100,52.4,0.27,00,07,03,00
Crop_Loss,00_07_03_00,D&G,average,20,23.78,0.68,00,07,03,00
Crop_Loss,00_07_03_00,D&G,average,60,45.89,0.35,00,07,03,00
Crop_Loss,00_07_03_00,D&G,average,100,56.52,0.26,00,07,03,00
Crop_Loss,00_07_03_00,D&G&Wp,average,20,24.65,0.61,00,07,03,00
Crop_Loss,00_07_03_00,D&G&Wp,average,60,54.98,0.31,00,07,03,00
Crop_Loss,00_07_03_00,D&G&Wp,average,100,72.49,0.21,00,07,03,00
Crop_Loss,00_07_03_00,D&Wp,average,20,24.88,0.58,00,07,03,00
Crop_Loss,00_07_03_00,D&Wp,average,60,58.19,0.29,00,07,03,00
Crop_Loss,00_07_03_00,D&Wp,average,100,78.41,0.2,00,07,03,00
Crop_Loss,00_07_03_00,G,average,20,24.2,0.67,00,07,03,00
Crop_Loss,00_07_03_00,G,average,60,48.57,0.36,00,07,03,00
Crop_Loss,00_07_03_00,G,average,100,60.65,0.26,00,07,03,00
Crop_Loss,00_07_03_00,G&Wp,average,20,25.3,0.58,00,07,03,00
Crop_Loss,00_07_03_00,G&Wp,average,60,60.87,0.29,00,07,03,00
Crop_Loss,00_07_03_00,G&Wp,average,100,82.54,0.2,00,07,03,00
Crop_Loss,00_07_03_00,Wp,average,20,26.4,0.51,00,07,03,00
Crop_Loss,00_07_03_00,Wp,average,60,73.17,0.26,00,07,03,00
Crop_Loss,00_07_03_00,Wp,average,100,104.43,0.18,00,07,03,00
Crop_Loss,00_07_05_00,D,average,20,19.66,0.57,00,07,05,00
Crop_Loss,00_07_05_00,D,average,60,32.03,0.26,00,07,05,00
Crop_Loss,00_07_05_00,D,average,100,38.21,0.19,00,07,05,00
Crop_Loss,00_07_05_00,D&G,average,20,19.79,0.56,00,07,05,00
Crop_Loss,00_07_05_00,D&G,average,60,32.81,0.25,00,07,05,00
Crop_Loss,00_07_05_00,D&G,average,100,40.31,0.19,00,07,05,00
Crop_Loss,00_07_05_00,D&G&Wp,average,20,20.42,0.5,00,07,05,00
Crop_Loss,00_07_05_00,D&G&Wp,average,60,38.98,0.22,00,07,05,00
Crop_Loss,00_07_05_00,D&G&Wp,average,100,54.0,0.16,00,07,05,00
Crop_Loss,00_07_05_00,D&Wp,average,20,20.67,0.48,00,07,05,00
Crop_Loss,00_07_05_00,D&Wp,average,60,41.67,0.21,00,07,05,00
Crop_Loss,00_07_05_00,D&Wp,average,100,59.79,0.15,00,07,05,00
Crop_Loss,00_07_05_00,G,average,20,19.91,0.55,00,07,05,00
Crop_Loss,00_07_05_00,G,average,60,33.58,0.25,00,07,05,00
Crop_Loss,00_07_05_00,G,average,100,42.41,0.18,00,07,05,00
Crop_Loss,00_07_05_00,G&Wp,average,20,20.79,0.48,00,07,05,00
Crop_Loss,00_07_05_00,G&Wp,average,60,42.45,0.21,00,07,05,00
Crop_Loss,00_07_05_00,G&Wp,average,100,61.89,0.15,00,07,05,00
Crop_Loss,00_07_05_00,Wp,average,20,21.67,0.42,00,07,05,00
Crop_Loss,00_07_05_00,Wp,average,60,51.32,0.19,00,07,05,00
Crop_Loss,00_07_05_00,Wp,average,100,81.37,0.14,00,07,05,00
Crop_Loss,00_07_07_00,D,average,20,25.49,0.74,00,07,07,00
Crop_Loss,00_07_07_00,D,average,60,66.28,0.54,00,07,07,00
Crop_Loss,00_07_07_00,D,average,100,106.04,0.54,00,07,07,00
Crop_Loss,00_07_07_00,D&G,average,20,25.22,0.72,00,07,07,00
Crop_Loss,00_07_07_00,D&G,average,60,66.91,0.52,00,07,07,00
Crop_Loss,00_07_07_00,D&G,average,100,108.18,0.5,00,07,07,00
Crop_Loss,00_07_07_00,D&G&Wp,average,20,25.64,0.63,00,07,07,00
Crop_Loss,00_07_07_00,D&G&Wp,average,60,74.26,0.42,00,07,07,00
Crop_Loss,00_07_07_00,D&G&Wp,average,100,127.0,0.37,00,07,07,00
Crop_Loss,00_07_07_00,D&Wp,average,20,25.99,0.6,00,07,07,00
Crop_Loss,00_07_07_00,D&Wp,average,60,77.62,0.39,00,07,07,00
Crop_Loss,00_07_07_00,D&Wp,average,100,135.34,0.34,00,07,07,00
Crop_Loss,00_07_07_00,G,average,20,24.96,0.69,00,07,07,00
Crop_Loss,00_07_07_00,G,average,60,67.53,0.5,00,07,07,00
Crop_Loss,00_07_07_00,G,average,100,110.33,0.47,00,07,07,00
Crop_Loss,00_07_07_00,G&Wp,average,20,25.72,0.59,00,07,07,00
Crop_Loss,00_07_07_00,G&Wp,average,60,78.24,0.38,00,07,07,00
Crop_Loss,00_07_07_00,G&Wp,average,100,137.48,0.33,00,07,07,00
Crop_Loss,00_07_07_00,Wp,average,20,26.49,0.51,00,07,07,00
Crop_Loss,00_07_07_00,Wp,average,60,88.96,0.32,00,07,07,00
Crop_Loss,00_07_07_00,Wp,average,100,164.63,0.28,00,07,07,00
Crop_Loss,00_07_09_00,D,average,20,19.66,0.57,00,07,09,00
Crop_Loss,00_07_09_00,D,average,60,31.54,0.26,00,07,09,00
Crop_Loss,00_07_09_00,D,average,100,37.25,0.19,00,07,09,00
Crop_Loss,00_07_09_00,D&G,average,20,19.79,0.56,00,07,09,00
Crop_Loss,00_07_09_00,D&G,average,60,32.31,0.25,00,07,09,00
Crop_Loss,00_07_09_00,D&G,average,100,39.32,0.18,00,07,09,00
Crop_Loss,00_07_09_00,D&G&Wp,average,20,20.42,0.5,00,07,09,00
Crop_Loss,00_07_09_00,D&G&Wp,average,60,38.41,0.22,00,07,09,00
Crop_Loss,00_07_09_00,D&G&Wp,average,100,53.09,0.16,00,07,09,00
Crop_Loss,00_07_09_00,D&Wp,average,20,20.67,0.48,00,07,09,00
Crop_Loss,00_07_09_00,D&Wp,average,60,41.07,0.21,00,07,09,00
Crop_Loss,00_07_09_00,D&Wp,average,100,58.94,0.15,00,07,09,00
Crop_Loss,00_07_09_00,G,average,20,19.91,0.55,00,07,09,00
Crop_Loss,00_07_09_00,G,average,60,33.08,0.24,00,07,09,00
Crop_Loss,00_07_09_00,G,average,100,41.4,0.18,00,07,09,00
Crop_Loss,00_07_09_00,G&Wp,average,20,20.79,0.48,00,07,09,00
Crop_Loss,00_07_09_00,G&Wp,average,60,41.84,0.2,00,07,09,00
Crop_Loss,00_07_09_00,G&Wp,average,100,61.01,0.15,00,07,09,00
Crop_Loss,00_07_09_00,Wp,average,20,21.67,0.42,00,07,09,00
Crop_Loss,00_07_09_00,Wp,average,60,50.61,0.18,00,07,09,00
Crop_Loss,00_07_09_00,Wp,average,100,80.63,0.14,00,07,09,00
Crop_Loss,00_07_11_00,D,average,20,23.36,0.68,00,07,11,00
Crop_Loss,00_07_11_00,D,average,60,44.01,0.36,00,07,11,00
Crop_Loss,00_07_11_00,D,average,100,58.11,0.3,00,07,11,00
Crop_Loss,00_07_11_00,D&G,average,20,23.78,0.68,00,07,11,00
Crop_Loss,00_07_11_00,D&G,average,60,46.69,0.36,00,07,11,00
Crop_Loss,00_07_11_00,D&G,average,100,62.34,0.29,00,07,11,00
Crop_Loss,00_07_11_00,D&G&Wp,average,20,24.65,0.61,00,07,11,00
Crop_Loss,00_07_11_00,D&G&Wp,average,60,56.25,0.31,00,07,11,00
Crop_Loss,00_07_11_00,D&G&Wp,average,100,80.27,0.24,00,07,11,00
Crop_Loss,00_07_11_00,D&Wp,average,20,24.88,0.58,00,07,11,00
Crop_Loss,00_07_11_00,D&Wp,average,60,59.68,0.3,00,07,11,00
Crop_Loss,00_07_11_00,D&Wp,average,100,87.11,0.22,00,07,11,00
Crop_Loss,00_07_11_00,G,average,20,24.2,0.67,00,07,11,00
Crop_Loss,00_07_11_00,G,average,60,49.37,0.36,00,07,11,00
Crop_Loss,00_07_11_00,G,average,100,66.58,0.29,00,07,11,00
Crop_Loss,00_07_11_00,G&Wp,average,20,25.3,0.58,00,07,11,00
Crop_Loss,00_07_11_00,G&Wp,average,60,62.36,0.3,00,07,11,00
Crop_Loss,00_07_11_00,G&Wp,average,100,91.35,0.22,00,07,11,00
Crop_Loss,00_07_11_00,Wp,average,20,26.4,0.51,00,07,11,00
Crop_Loss,00_07_11_00,Wp,average,60,75.36,0.27,00,07,11,00
Crop_Loss,00_07_11_00,Wp,average,100,116.11,0.2,00,07,11,00
Crop_Loss,00_07_13_00,D,average,20,23.36,0.68,00,07,13,00
Crop_Loss,00_07_13_00,D,average,60,49.0,0.4,00,07,13,00
Crop_Loss,00_07_13_00,D,average,100,84.31,0.43,00,07,13,00
Crop_Loss,00_07_13_00,D&G,average,20,23.78,0.68,00,07,13,00
Crop_Loss,00_07_13_00,D&G,average,60,52.09,0.4,00,07,13,00
Crop_Loss,00_07_13_00,D&G,average,100,90.93,0.42,00,07,13,00
Crop_Loss,00_07_13_00,D&G&Wp,average,20,24.65,0.61,00,07,13,00
Crop_Loss,00_07_13_00,D&G&Wp,average,60,61.33,0.34,00,07,13,00
Crop_Loss,00_07_13_00,D&G&Wp,average,100,111.81,0.33,00,07,13,00
Crop_Loss,00_07_13_00,D&Wp,average,20,24.88,0.58,00,07,13,00
Crop_Loss,00_07_13_00,D&Wp,average,60,64.4,0.32,00,07,13,00
Crop_Loss,00_07_13_00,D&Wp,average,100,118.94,0.3,00,07,13,00
Crop_Loss,00_07_13_00,G,average,20,24.2,0.67,00,07,13,00
Crop_Loss,00_07_13_00,G,average,60,55.17,0.4,00,07,13,00
Crop_Loss,00_07_13_00,G,average,100,97.55,0.42,00,07,13,00
Crop_Loss,00_07_13_00,G&Wp,average,20,25.3,0.58,00,07,13,00
Crop_Loss,00_07_13_00,G&Wp,average,60,67.49,0.33,00,07,13,00
Crop_Loss,00_07_13_00,G&Wp,average,100,125.56,0.3,00,07,13,00
Crop_Loss,00_07_13_00,Wp,average,20,26.4,0.51,00,07,13,00
Crop_Loss,00_07_13_00,Wp,average,60,79.81,0.29,00,07,13,00
Crop_Loss,00_07_13_00,Wp,average,100,153.57,0.26,00,07,13,00
Crop_Loss,00_08_00_00,D,average,20,23.72,0.69,00,08,00,00
Crop_Loss,00_08_00_00,D,average,60,48.81,0.4,00,08,00,00
Crop_Loss,00_08_00_00,D,average,100,69.81,0.36,00,08,00,00
Crop_Loss,00_08_00_00,D&G,average,20,24.15,0.69,00,08,00,00
Crop_Loss,00_08_00_00,D&G,average,60,53.78,0.41,00,08,00,00
Crop_Loss,00_08_00_00,D&G,average,100,82.35,0.38,00,08,00,00
Crop_Loss,00_08_00_00,D&G&Wp,average,20,25.3,0.62,00,08,00,00
Crop_Loss,00_08_00_00,D&G&Wp,average,60,74.55,0.42,00,08,00,00
Crop_Loss,00_08_00_00,D&G&Wp,average,100,139.18,0.41,00,08,00,00
Crop_Loss,00_08_00_00,D&Wp,average,20,25.67,0.6,00,08,00,00
Crop_Loss,00_08_00_00,D&Wp,average,60,82.46,0.41,00,08,00,00
Crop_Loss,00_08_00_00,D&Wp,average,100,161.32,0.41,00,08,00,00
Crop_Loss,00_08_00_00,G,average,20,24.57,0.68,00,08,00,00
Crop_Loss,00_08_00_00,G,average,60,58.75,0.43,00,08,00,00
Crop_Loss,00_08_00_00,G,average,100,94.89,0.41,00,08,00,00
Crop_Loss,00_08_00_00,G&Wp,average,20,26.09,0.6,00,08,00,00
Crop_Loss,00_08_00_00,G&Wp,average,60,87.43,0.42,00,08,00,00
Crop_Loss,00_08_00_00,G&Wp,average,100,173.86,0.42,00,08,00,00
Crop_Loss,00_08_00_00,Wp,average,20,27.62,0.54,00,08,00,00
Crop_Loss,00_08_00_00,Wp,average,60,116.1,0.42,00,08,00,00
Crop_Loss,00_08_00_00,Wp,average,100,252.83,0.43,00,08,00,00
Crop_Loss,00_08_01_00,D,average,20,23.72,0.69,00,08,01,00
Crop_Loss,00_08_01_00,D,average,60,46.33,0.38,00,08,01,00
Crop_Loss,00_08_01_00,D,average,100,58.09,0.3,00,08,01,00
Crop_Loss,00_08_01_00,D&G,average,20,24.15,0.69,00,08,01,00
Crop_Loss,00_08_01_00,D&G,average,60,50.9,0.39,00,08,01,00
Crop_Loss,00_08_01_00,D&G,average,100,65.36,0.3,00,08,01,00
Crop_Loss,00_08_01_00,D&G&Wp,average,20,25.3,0.62,00,08,01,00
Crop_Loss,00_08_01_00,D&G&Wp,average,60,70.83,0.4,00,08,01,00
Crop_Loss,00_08_01_00,D&G&Wp,average,100,111.79,0.33,00,08,01,00
Crop_Loss,00_08_01_00,D&Wp,average,20,25.67,0.6,00,08,01,00
Crop_Loss,00_08_01_00,D&Wp,average,60,78.51,0.39,00,08,01,00
Crop_Loss,00_08_01_00,D&Wp,average,100,131.37,0.33,00,08,01,00
Crop_Loss,00_08_01_00,G,average,20,24.57,0.68,00,08,01,00
Crop_Loss,00_08_01_00,G,average,60,55.47,0.41,00,08,01,00
Crop_Loss,00_08_01_00,G,average,100,72.63,0.31,00,08,01,00
Crop_Loss,00_08_01_00,G&Wp,average,20,26.09,0.6,00,08,01,00
Crop_Loss,00_08_01_00,G&Wp,average,60,83.08,0.4,00,08,01,00
Crop_Loss,00_08_01_00,G&Wp,average,100,138.64,0.34,00,08,01,00
Crop_Loss,00_08_01_00,Wp,average,20,27.62,0.54,00,08,01,00
Crop_Loss,00_08_01_00,Wp,average,60,110.69,0.4,00,08,01,00
Crop_Loss,00_08_01_00,Wp,average,100,204.66,0.34,00,08,01,00
Crop_Loss,00_08_03_00,D,average,20,23.72,0.69,00,08,03,00
Crop_Loss,00_08_03_00,D,average,60,46.33,0.38,00,08,03,00
Crop_Loss,00_08_03_00,D,average,100,58.09,0.3,00,08,03,00
Crop_Loss,00_08_03_00,D&G,average,20,24.15,0.69,00,08,03,00
Crop_Loss,00_08_03_00,D&G,average,60,50.9,0.39,00,08,03,00
Crop_Loss,00_08_03_00,D&G,average,100,65.36,0.3,00,08,03,00
Crop_Loss,00_08_03_00,D&G&Wp,average,20,25.3,0.62,00,08,03,00
Crop_Loss,00_08_03_00,D&G&Wp,average,60,70.83,0.4,00,08,03,00
Crop_Loss,00_08_03_00,D&G&Wp,average,100,111.79,0.33,00,08,03,00
Crop_Loss,00_08_03_00,D&Wp,average,20,25.67,0.6,00,08,03,00
Crop_Loss,00_08_03_00,D&Wp,average,60,78.51,0.39,00,08,03,00
Crop_Loss,00_08_03_00,D&Wp,average,100,131.37,0.33,00,08,03,00
Crop_Loss,00_08_03_00,G,average,20,24.57,0.68,00,08,03,00
Crop_Loss,00_08_03_00,G,average,60,55.47,0.41,00,08,03,00
Crop_Loss,00_08_03_00,G,average,100,72.63,0.31,00,08,03,00
Crop_Loss,00_08_03_00,G&Wp,average,20,26.09,0.6,00,08,03,00
Crop_Loss,00_08_03_00,G&Wp,average,60,83.08,0.4,00,08,03,00
Crop_Loss,00_08_03_00,G&Wp,average,100,138.64,0.34,00,08,03,00
Crop_Loss,00_08_03_00,Wp,average,20,27.62,0.54,00,08,03,00
Crop_Loss,00_08_03_00,Wp,average,60,110.69,0.4,00,08,03,00
Crop_Loss,00_08_03_00,Wp,average,100,204.66,0.34,00,08,03,00
Crop_Loss,00_08_05_00,D,average,20,20.03,0.58,00,08,05,00
Crop_Loss,00_08_05_00,D,average,60,35.16,0.29,00,08,05,00
Crop_Loss,00_08_05_00,D,average,100,43.9,0.22,00,08,05,00
Crop_Loss,00_08_05_00,D&G,average,20,20.16,0.57,00,08,05,00
Crop_Loss,00_08_05_00,D&G,average,60,37.8,0.29,00,08,05,00
Crop_Loss,00_08_05_00,D&G,average,100,49.12,0.23,00,08,05,00
Crop_Loss,00_08_05_00,D&G&Wp,average,20,21.07,0.52,00,08,05,00
Crop_Loss,00_08_05_00,D&G&Wp,average,60,54.94,0.31,00,08,05,00
Crop_Loss,00_08_05_00,D&G&Wp,average,100,93.4,0.27,00,08,05,00
Crop_Loss,00_08_05_00,D&Wp,average,20,21.46,0.5,00,08,05,00
Crop_Loss,00_08_05_00,D&Wp,average,60,62.19,0.31,00,08,05,00
Crop_Loss,00_08_05_00,D&Wp,average,100,112.92,0.29,00,08,05,00
Crop_Loss,00_08_05_00,G,average,20,20.29,0.56,00,08,05,00
Crop_Loss,00_08_05_00,G,average,60,40.44,0.3,00,08,05,00
Crop_Loss,00_08_05_00,G,average,100,54.34,0.23,00,08,05,00
Crop_Loss,00_08_05_00,G&Wp,average,20,21.59,0.49,00,08,05,00
Crop_Loss,00_08_05_00,G&Wp,average,60,64.84,0.31,00,08,05,00
Crop_Loss,00_08_05_00,G&Wp,average,100,118.14,0.29,00,08,05,00
Crop_Loss,00_08_05_00,Wp,average,20,22.88,0.44,00,08,05,00
Crop_Loss,00_08_05_00,Wp,average,60,89.23,0.32,00,08,05,00
Crop_Loss,00_08_05_00,Wp,average,100,181.95,0.31,00,08,05,00
Crop_Loss,00_08_07_00,D,average,20,25.85,0.75,00,08,07,00
Crop_Loss,00_08_07_00,D,average,60,69.21,0.56,00,08,07,00
Crop_Loss,00_08_07_00,D,average,100,111.2,0.57,00,08,07,00
Crop_Loss,00_08_07_00,D&G,average,20,25.59,0.73,00,08,07,00
Crop_Loss,00_08_07_00,D&G,average,60,71.68,0.55,00,08,07,00
Crop_Loss,00_08_07_00,D&G,average,100,116.5,0.54,00,08,07,00
Crop_Loss,00_08_07_00,D&G&Wp,average,20,26.07,0.64,00,08,07,00
Crop_Loss,00_08_07_00,D&G&Wp,average,60,82.39,0.46,00,08,07,00
Crop_Loss,00_08_07_00,D&G&Wp,average,100,150.75,0.44,00,08,07,00
Crop_Loss,00_08_07_00,D&Wp,average,20,26.43,0.62,00,08,07,00
Crop_Loss,00_08_07_00,D&Wp,average,60,86.51,0.43,00,08,07,00
Crop_Loss,00_08_07_00,D&Wp,average,100,165.23,0.42,00,08,07,00
Crop_Loss,00_08_07_00,G,average,20,25.33,0.71,00,08,07,00
Crop_Loss,00_08_07_00,G,average,60,74.16,0.54,00,08,07,00
Crop_Loss,00_08_07_00,G,average,100,121.79,0.52,00,08,07,00
Crop_Loss,00_08_07_00,G&Wp,average,20,26.17,0.6,00,08,07,00
Crop_Loss,00_08_07_00,G&Wp,average,60,88.99,0.43,00,08,07,00
Crop_Loss,00_08_07_00,G&Wp,average,100,170.53,0.41,00,08,07,00
Crop_Loss,00_08_07_00,Wp,average,20,27.01,0.53,00,08,07,00
Crop_Loss,00_08_07_00,Wp,average,60,103.82,0.38,00,08,07,00
Crop_Loss,00_08_07_00,Wp,average,100,219.26,0.37,00,08,07,00
Crop_Loss,00_08_09_00,D,average,20,20.03,0.58,00,08,09,00
Crop_Loss,00_08_09_00,D,average,60,34.67,0.28,00,08,09,00
Crop_Loss,00_08_09_00,D,average,100,42.93,0.22,00,08,09,00
Crop_Loss,00_08_09_00,D&G,average,20,20.16,0.57,00,08,09,00
Crop_Loss,00_08_09_00,D&G,average,60,37.3,0.29,00,08,09,00
Crop_Loss,00_08_09_00,D&G,average,100,48.13,0.22,00,08,09,00
Crop_Loss,00_08_09_00,D&G&Wp,average,20,21.07,0.52,00,08,09,00
Crop_Loss,00_08_09_00,D&G&Wp,average,60,54.37,0.3,00,08,09,00
Crop_Loss,00_08_09_00,D&G&Wp,average,100,92.49,0.27,00,08,09,00
Crop_Loss,00_08_09_00,D&Wp,average,20,21.45,0.5,00,08,09,00
Crop_Loss,00_08_09_00,D&Wp,average,60,61.59,0.31,00,08,09,00
Crop_Loss,00_08_09_00,D&Wp,average,100,112.07,0.28,00,08,09,00
Crop_Loss,00_08_09_00,G,average,20,20.29,0.56,00,08,09,00
Crop_Loss,00_08_09_00,G,average,60,39.94,0.29,00,08,09,00
Crop_Loss,00_08_09_00,G,average,100,53.32,0.23,00,08,09,00
Crop_Loss,00_08_09_00,G&Wp,average,20,21.58,0.49,00,08,09,00
Crop_Loss,00_08_09_00,G&Wp,average,60,64.22,0.31,00,08,09,00
Crop_Loss,00_08_09_00,G&Wp,average,100,117.27,0.28,00,08,09,00
Crop_Loss,00_08_09_00,Wp,average,20,22.88,0.44,00,08,09,00
Crop_Loss,00_08_09_00,Wp,average,60,88.51,0.32,00,08,09,00
Crop_Loss,00_08_09_00,Wp,average,100,181.21,0.3,00,08,09,00
Crop_Loss,00_08_11_00,D,average,20,23.72,0.69,00,08,11,00
Crop_Loss,00_08_11_00,D,average,60,47.14,0.38,00,08,11,00
Crop_Loss,00_08_11_00,D,average,100,63.82,0.32,00,08,11,00
Crop_Loss,00_08_11_00,D&G,average,20,24.15,0.69,00,08,11,00
Crop_Loss,00_08_11_00,D&G,average,60,51.71,0.4,00,08,11,00
Crop_Loss,00_08_11_00,D&G,average,100,71.21,0.33,00,08,11,00
Crop_Loss,00_08_11_00,D&G&Wp,average,20,25.3,0.62,00,08,11,00
Crop_Loss,00_08_11_00,D&G&Wp,average,60,72.11,0.4,00,08,11,00
Crop_Loss,00_08_11_00,D&G&Wp,average,100,119.51,0.35,00,08,11,00
Crop_Loss,00_08_11_00,D&Wp,average,20,25.67,0.6,00,08,11,00
Crop_Loss,00_08_11_00,D&Wp,average,60,80.03,0.4,00,08,11,00
Crop_Loss,00_08_11_00,D&Wp,average,100,139.96,0.35,00,08,11,00
Crop_Loss,00_08_11_00,G,average,20,24.57,0.68,00,08,11,00
Crop_Loss,00_08_11_00,G,average,60,56.27,0.41,00,08,11,00
Crop_Loss,00_08_11_00,G,average,100,78.59,0.34,00,08,11,00
Crop_Loss,00_08_11_00,G&Wp,average,20,26.09,0.6,00,08,11,00
Crop_Loss,00_08_11_00,G&Wp,average,60,84.6,0.41,00,08,11,00
Crop_Loss,00_08_11_00,G&Wp,average,100,147.35,0.36,00,08,11,00
Crop_Loss,00_08_11_00,Wp,average,20,27.62,0.54,00,08,11,00
Crop_Loss,00_08_11_00,Wp,average,60,112.92,0.41,00,08,11,00
Crop_Loss,00_08_11_00,Wp,average,100,216.11,0.36,00,08,11,00
Crop_Loss,00_08_13_00,D,average,20,23.72,0.69,00,08,13,00
Crop_Loss,00_08_13_00,D,average,60,52.12,0.42,00,08,13,00
Crop_Loss,00_08_13_00,D,average,100,89.95,0.46,00,08,13,00
Crop_Loss,00_08_13_00,D&G,average,20,24.15,0.69,00,08,13,00
Crop_Loss,00_08_13_00,D&G,average,60,57.09,0.44,00,08,13,00
Crop_Loss,00_08_13_00,D&G,average,100,99.54,0.46,00,08,13,00
Crop_Loss,00_08_13_00,D&G&Wp,average,20,25.3,0.62,00,08,13,00
Crop_Loss,00_08_13_00,D&G&Wp,average,60,77.01,0.43,00,08,13,00
Crop_Loss,00_08_13_00,D&G&Wp,average,100,145.7,0.43,00,08,13,00
Crop_Loss,00_08_13_00,D&Wp,average,20,25.67,0.6,00,08,13,00
Crop_Loss,00_08_13_00,D&Wp,average,60,84.49,0.42,00,08,13,00
Crop_Loss,00_08_13_00,D&Wp,average,100,163.99,0.41,00,08,13,00
Crop_Loss,00_08_13_00,G,average,20,24.57,0.68,00,08,13,00
Crop_Loss,00_08_13_00,G,average,60,62.06,0.46,00,08,13,00
Crop_Loss,00_08_13_00,G,average,100,109.12,0.47,00,08,13,00
Crop_Loss,00_08_13_00,G&Wp,average,20,26.09,0.6,00,08,13,00
Crop_Loss,00_08_13_00,G&Wp,average,60,89.45,0.43,00,08,13,00
Crop_Loss,00_08_13_00,G&Wp,average,100,173.58,0.42,00,08,13,00
Crop_Loss,00_08_13_00,Wp,average,20,27.62,0.54,00,08,13,00
Crop_Loss,00_08_13_00,Wp,average,60,116.85,0.42,00,08,13,00
Crop_Loss,00_08_13_00,Wp,average,100,238.04,0.4,00,08,13,00
Crop_Loss,00_09_00_00,D,average,20,30.32,0.88,00,09,00,00
Crop_Loss,00_09_00_00,D,average,60,88.84,0.72,00,09,00,00
Crop_Loss,00_09_00_00,D,average,100,128.19,0.65,00,09,00,00
Crop_Loss,00_09_00_00,D&G,average,20,30.91,0.88,00,09,00,00
Crop_Loss,00_09_00_00,D&G,average,60,92.72,0.72,00,09,00,00
Crop_Loss,00_09_00_00,D&G,average,100,138.91,0.65,00,09,00,00
Crop_Loss,00_09_00_00,D&G&Wp,average,20,34.95,0.86,00,09,00,00
Crop_Loss,00_09_00_00,D&G&Wp,average,60,113.73,0.64,00,09,00,00
Crop_Loss,00_09_00_00,D&G&Wp,average,100,183.52,0.54,00,09,00,00
Crop_Loss,00_09_00_00,D&Wp,average,20,36.68,0.85,00,09,00,00
Crop_Loss,00_09_00_00,D&Wp,average,60,122.29,0.61,00,09,00,00
Crop_Loss,00_09_00_00,D&Wp,average,100,200.47,0.51,00,09,00,00
Crop_Loss,00_09_00_00,G,average,20,31.49,0.88,00,09,00,00
Crop_Loss,00_09_00_00,G,average,60,96.6,0.71,00,09,00,00
Crop_Loss,00_09_00_00,G,average,100,149.63,0.64,00,09,00,00
Crop_Loss,00_09_00_00,G&Wp,average,20,37.27,0.85,00,09,00,00
Crop_Loss,00_09_00_00,G&Wp,average,60,126.17,0.61,00,09,00,00
Crop_Loss,00_09_00_00,G&Wp,average,100,211.19,0.51,00,09,00,00
Crop_Loss,00_09_00_00,Wp,average,20,43.04,0.84,00,09,00,00
Crop_Loss,00_09_00_00,Wp,average,60,155.74,0.56,00,09,00,00
Crop_Loss,00_09_00_00,Wp,average,100,272.74,0.46,00,09,00,00
Crop_Loss,00_09_01_00,D,average,20,30.32,0.88,00,09,01,00
Crop_Loss,00_09_01_00,D,average,60,86.55,0.7,00,09,01,00
Crop_Loss,00_09_01_00,D,average,100,117.76,0.6,00,09,01,00
Crop_Loss,00_09_01_00,D&G,average,20,30.91,0.88,00,09,01,00
Crop_Loss,00_09_01_00,D&G,average,60,90.07,0.69,00,09,01,00
Crop_Loss,00_09_01_00,D&G,average,100,123.15,0.57,00,09,01,00
Crop_Loss,00_09_01_00,D&G&Wp,average,20,34.95,0.86,00,09,01,00
Crop_Loss,00_09_01_00,D&G&Wp,average,60,110.13,0.62,00,09,01,00
Crop_Loss,00_09_01_00,D&G&Wp,average,100,156.99,0.46,00,09,01,00
Crop_Loss,00_09_01_00,D&Wp,average,20,36.68,0.85,00,09,01,00
Crop_Loss,00_09_01_00,D&Wp,average,60,118.4,0.59,00,09,01,00
Crop_Loss,00_09_01_00,D&Wp,average,100,171.22,0.43,00,09,01,00
Crop_Loss,00_09_01_00,G,average,20,31.49,0.88,00,09,01,00
Crop_Loss,00_09_01_00,G,average,60,93.59,0.69,00,09,01,00
Crop_Loss,00_09_01_00,G,average,100,128.54,0.55,00,09,01,00
Crop_Loss,00_09_01_00,G&Wp,average,20,37.27,0.85,00,09,01,00
Crop_Loss,00_09_01_00,G&Wp,average,60,121.92,0.59,00,09,01,00
Crop_Loss,00_09_01_00,G&Wp,average,100,176.61,0.43,00,09,01,00
Crop_Loss,00_09_01_00,Wp,average,20,43.04,0.84,00,09,01,00
Crop_Loss,00_09_01_00,Wp,average,60,150.25,0.54,00,09,01,00
Crop_Loss,00_09_01_00,Wp,average,100,224.68,0.38,00,09,01,00
Crop_Loss,00_09_03_00,D,average,20,30.32,0.88,00,09,03,00
Crop_Loss,00_09_03_00,D,average,60,86.55,0.7,00,09,03,00
Crop_Loss,00_09_03_00,D,average,100,117.76,0.6,00,09,03,00
Crop_Loss,00_09_03_00,D&G,average,20,30.91,0.88,00,09,03,00
Crop_Loss,00_09_03_00,D&G,average,60,90.07,0.69,00,09,03,00
Crop_Loss,00_09_03_00,D&G,average,100,123.15,0.57,00,09,03,00
Crop_Loss,00_09_03_00,D&G&Wp,average,20,34.95,0.86,00,09,03,00
Crop_Loss,00_09_03_00,D&G&Wp,average,60,110.13,0.62,00,09,03,00
Crop_Loss,00_09_03_00,D&G&Wp,average,100,156.99,0.46,00,09,03,00
Crop_Loss,00_09_03_00,D&Wp,average,20,36.68,0.85,00,09,03,00
Crop_Loss,00_09_03_00,D&Wp,average,60,118.4,0.59,00,09,03,00
Crop_Loss,00_09_03_00,D&Wp,average,100,171.22,0.43,00,09,03,00
Crop_Loss,00_09_03_00,G,average,20,31.49,0.88,00,09,03,00
Crop_Loss,00_09_03_00,G,average,60,93.59,0.69,00,09,03,00
Crop_Loss,00_09_03_00,G,average,100,128.54,0.55,00,09,03,00
Crop_Loss,00_09_03_00,G&Wp,average,20,37.27,0.85,00,09,03,00
Crop_Loss,00_09_03_00,G&Wp,average,60,121.92,0.59,00,09,03,00
Crop_Loss,00_09_03_00,G&Wp,average,100,176.61,0.43,00,09,03,00
Crop_Loss,00_09_03_00,Wp,average,20,43.04,0.84,00,09,03,00
Crop_Loss,00_09_03_00,Wp,average,60,150.25,0.54,00,09,03,00
Crop_Loss,00_09_03_00,Wp,average,100,224.68,0.38,00,09,03,00
Crop_Loss,00_09_05_00,D,average,20,26.8,0.78,00,09,05,00
Crop_Loss,00_09_05_00,D,average,60,76.71,0.62,00,09,05,00
Crop_Loss,00_09_05_00,D,average,100,103.98,0.53,00,09,05,00
Crop_Loss,00_09_05_00,D&G,average,20,27.16,0.77,00,09,05,00
Crop_Loss,00_09_05_00,D&G,average,60,78.4,0.6,00,09,05,00
Crop_Loss,00_09_05_00,D&G,average,100,107.31,0.5,00,09,05,00
Crop_Loss,00_09_05_00,D&G&Wp,average,20,31.16,0.77,00,09,05,00
Crop_Loss,00_09_05_00,D&G&Wp,average,60,96.0,0.54,00,09,05,00
Crop_Loss,00_09_05_00,D&G&Wp,average,100,139.39,0.41,00,09,05,00
Crop_Loss,00_09_05_00,D&Wp,average,20,32.97,0.77,00,09,05,00
Crop_Loss,00_09_05_00,D&Wp,average,60,103.96,0.52,00,09,05,00
Crop_Loss,00_09_05_00,D&Wp,average,100,153.77,0.39,00,09,05,00
Crop_Loss,00_09_05_00,G,average,20,27.53,0.77,00,09,05,00
Crop_Loss,00_09_05_00,G,average,60,80.09,0.59,00,09,05,00
Crop_Loss,00_09_05_00,G,average,100,110.63,0.48,00,09,05,00
Crop_Loss,00_09_05_00,G&Wp,average,20,33.34,0.76,00,09,05,00
Crop_Loss,00_09_05_00,G&Wp,average,60,105.65,0.51,00,09,05,00
Crop_Loss,00_09_05_00,G&Wp,average,100,157.09,0.38,00,09,05,00
Crop_Loss,00_09_05_00,Wp,average,20,39.14,0.76,00,09,05,00
Crop_Loss,00_09_05_00,Wp,average,60,131.21,0.47,00,09,05,00
Crop_Loss,00_09_05_00,Wp,average,100,203.55,0.34,00,09,05,00
Crop_Loss,00_09_07_00,D,average,20,31.28,0.91,00,09,07,00
Crop_Loss,00_09_07_00,D,average,60,108.72,0.88,00,09,07,00
Crop_Loss,00_09_07_00,D,average,100,170.62,0.87,00,09,07,00
Crop_Loss,00_09_07_00,D&G,average,20,31.55,0.9,00,09,07,00
Crop_Loss,00_09_07_00,D&G,average,60,110.49,0.85,00,09,07,00
Crop_Loss,00_09_07_00,D&G,average,100,174.1,0.81,00,09,07,00
Crop_Loss,00_09_07_00,D&G&Wp,average,20,35.29,0.87,00,09,07,00
Crop_Loss,00_09_07_00,D&G&Wp,average,60,127.33,0.71,00,09,07,00
Crop_Loss,00_09_07_00,D&G&Wp,average,100,205.62,0.6,00,09,07,00
Crop_Loss,00_09_07_00,D&Wp,average,20,37.01,0.86,00,09,07,00
Crop_Loss,00_09_07_00,D&Wp,average,60,134.86,0.68,00,09,07,00
Crop_Loss,00_09_07_00,D&Wp,average,100,219.64,0.56,00,09,07,00
Crop_Loss,00_09_07_00,G,average,20,31.83,0.89,00,09,07,00
Crop_Loss,00_09_07_00,G,average,60,112.26,0.82,00,09,07,00
Crop_Loss,00_09_07_00,G,average,100,177.59,0.76,00,09,07,00
Crop_Loss,00_09_07_00,G&Wp,average,20,37.29,0.85,00,09,07,00
Crop_Loss,00_09_07_00,G&Wp,average,60,136.63,0.66,00,09,07,00
Crop_Loss,00_09_07_00,G&Wp,average,100,223.13,0.54,00,09,07,00
Crop_Loss,00_09_07_00,Wp,average,20,42.75,0.83,00,09,07,00
Crop_Loss,00_09_07_00,Wp,average,60,161.0,0.58,00,09,07,00
Crop_Loss,00_09_07_00,Wp,average,100,268.66,0.45,00,09,07,00
Crop_Loss,00_09_09_00,D,average,20,26.8,0.78,00,09,09,00
Crop_Loss,00_09_09_00,D,average,60,76.21,0.62,00,09,09,00
Crop_Loss,00_09_09_00,D,average,100,103.0,0.52,00,09,09,00
Crop_Loss,00_09_09_00,D&G,average,20,27.16,0.77,00,09,09,00
Crop_Loss,00_09_09_00,D&G,average,60,77.89,0.6,00,09,09,00
Crop_Loss,00_09_09_00,D&G,average,100,106.31,0.5,00,09,09,00
Crop_Loss,00_09_09_00,D&G&Wp,average,20,31.15,0.77,00,09,09,00
Crop_Loss,00_09_09_00,D&G&Wp,average,60,95.42,0.53,00,09,09,00
Crop_Loss,00_09_09_00,D&G&Wp,average,100,138.48,0.41,00,09,09,00
Crop_Loss,00_09_09_00,D&Wp,average,20,32.97,0.77,00,09,09,00
Crop_Loss,00_09_09_00,D&Wp,average,60,103.35,0.52,00,09,09,00
Crop_Loss,00_09_09_00,D&Wp,average,100,152.92,0.39,00,09,09,00
Crop_Loss,00_09_09_00,G,average,20,27.52,0.77,00,09,09,00
Crop_Loss,00_09_09_00,G,average,60,79.57,0.58,00,09,09,00
Crop_Loss,00_09_09_00,G,average,100,109.61,0.47,00,09,09,00
Crop_Loss,00_09_09_00,G&Wp,average,20,33.33,0.76,00,09,09,00
Crop_Loss,00_09_09_00,G&Wp,average,60,105.03,0.51,00,09,09,00
Crop_Loss,00_09_09_00,G&Wp,average,100,156.22,0.38,00,09,09,00
Crop_Loss,00_09_09_00,Wp,average,20,39.14,0.76,00,09,09,00
Crop_Loss,00_09_09_00,Wp,average,60,130.48,0.47,00,09,09,00
Crop_Loss,00_09_09_00,Wp,average,100,202.83,0.34,00,09,09,00
Crop_Loss,00_09_11_00,D,average,20,30.32,0.88,00,09,11,00
Crop_Loss,00_09_11_00,D,average,60,87.14,0.71,00,09,11,00
Crop_Loss,00_09_11_00,D,average,100,123.49,0.63,00,09,11,00
Crop_Loss,00_09_11_00,D&G,average,20,30.91,0.88,00,09,11,00
Crop_Loss,00_09_11_00,D&G,average,60,90.78,0.7,00,09,11,00
Crop_Loss,00_09_11_00,D&G,average,100,129.51,0.6,00,09,11,00
Crop_Loss,00_09_11_00,D&G&Wp,average,20,34.95,0.86,00,09,11,00
Crop_Loss,00_09_11_00,D&G&Wp,average,60,111.34,0.62,00,09,11,00
Crop_Loss,00_09_11_00,D&G&Wp,average,100,164.9,0.48,00,09,11,00
Crop_Loss,00_09_11_00,D&Wp,average,20,36.68,0.85,00,09,11,00
Crop_Loss,00_09_11_00,D&Wp,average,60,119.8,0.6,00,09,11,00
Crop_Loss,00_09_11_00,D&Wp,average,100,179.6,0.45,00,09,11,00
Crop_Loss,00_09_11_00,G,average,20,31.49,0.88,00,09,11,00
Crop_Loss,00_09_11_00,G,average,60,94.41,0.69,00,09,11,00
Crop_Loss,00_09_11_00,G,average,100,135.52,0.58,00,09,11,00
Crop_Loss,00_09_11_00,G&Wp,average,20,37.27,0.85,00,09,11,00
Crop_Loss,00_09_11_00,G&Wp,average,60,123.44,0.6,00,09,11,00
Crop_Loss,00_09_11_00,G&Wp,average,100,185.61,0.45,00,09,11,00
Crop_Loss,00_09_11_00,Wp,average,20,43.04,0.84,00,09,11,00
Crop_Loss,00_09_11_00,Wp,average,60,152.46,0.55,00,09,11,00
Crop_Loss,00_09_11_00,Wp,average,100,235.7,0.4,00,09,11,00
Crop_Loss,00_09_13_00,D,average,20,30.32,0.88,00,09,13,00
Crop_Loss,00_09_13_00,D,average,60,92.33,0.75,00,09,13,00
Crop_Loss,00_09_13_00,D,average,100,147.47,0.75,00,09,13,00
Crop_Loss,00_09_13_00,D&G,average,20,30.91,0.88,00,09,13,00
Crop_Loss,00_09_13_00,D&G,average,60,96.14,0.74,00,09,13,00
Crop_Loss,00_09_13_00,D&G,average,100,155.94,0.73,00,09,13,00
Crop_Loss,00_09_13_00,D&G&Wp,average,20,34.95,0.86,00,09,13,00
Crop_Loss,00_09_13_00,D&G&Wp,average,60,116.4,0.65,00,09,13,00
Crop_Loss,00_09_13_00,D&G&Wp,average,100,192.9,0.57,00,09,13,00
Crop_Loss,00_09_13_00,D&Wp,average,20,36.68,0.85,00,09,13,00
Crop_Loss,00_09_13_00,D&Wp,average,60,124.62,0.62,00,09,13,00
Crop_Loss,00_09_13_00,D&Wp,average,100,207.14,0.52,00,09,13,00
Crop_Loss,00_09_13_00,G,average,20,31.49,0.88,00,09,13,00
Crop_Loss,00_09_13_00,G,average,60,99.95,0.73,00,09,13,00
Crop_Loss,00_09_13_00,G,average,100,164.41,0.71,00,09,13,00
Crop_Loss,00_09_13_00,G&Wp,average,20,37.27,0.85,00,09,13,00
Crop_Loss,00_09_13_00,G&Wp,average,60,128.43,0.62,00,09,13,00
Crop_Loss,00_09_13_00,G&Wp,average,100,215.61,0.52,00,09,13,00
Crop_Loss,00_09_13_00,Wp,average,20,43.04,0.84,00,09,13,00
Crop_Loss,00_09_13_00,Wp,average,60,156.91,0.57,00,09,13,00
Crop_Loss,00_09_13_00,Wp,average,100,266.82,0.45,00,09,13,00
Farmer_Drought_Measure_Costs,00_00_00_00,D,average,20,0.0,0.0,00,00,00,00
Farmer_Drought_Measure_Costs,00_00_00_00,D,average,60,0.0,0.0,00,00,00,00
Farmer_Drought_Measure_Costs,00_00_00_00,D,average,100,0.0,0.0,00,00,00,00
Farmer_Drought_Measure_Costs,00_00_00_00,D&G,average,20,0.0,0.0,00,00,00,00
Farmer_Drought_Measure_Costs,00_00_00_00,D&G,average,60,0.0,0.0,00,00,00,00
Farmer_Drought_Measure_Costs,00_00_00_00,D&G,average,100,0.0,0.0,00,00,00,00
Farmer_Drought_Measure_Costs,00_00_00_00,D&G&Wp,average,20,0.0,0.0,00,00,00,00
Farmer_Drought_Measure_Costs,00_00_00_00,D&G&Wp,average,60,0.0,0.0,00,00,00,00
Farmer_Drought_Measure_Costs,00_00_00_00,D&G&Wp,average,100,0.0,0.0,00,00,00,00
Farmer_Drought_Measure_Costs,00_00_00_00,D&Wp,average,20,0.0,0.0,00,00,00,00
Farmer_Drought_Measure_Costs,00_00_00_00,D&Wp,average,60,0.0,0.0,00,00,00,00
Farmer_Drought_Measure_Costs,00_00_00_00,D&Wp,average,100,0.0,0.0,00,00,00,00
Farmer_Drought_Measure_Costs,00_00_00_00,G,average,20,0.0,0.0,00,00,00,00
Farmer_Drought_Measure_Costs,00_00_00_00,G,average,60,0.0,0.0,00,00,00,00
Farmer_Drought_Measure_Costs,00_00_00_00,G,average,100,0.0,0.0,00,00,00,00
Farmer_Drought_Measure_Costs,00_00_00_00,G&Wp,average,20,0.0,0.0,00,00,00,00
Farmer_Drought_Measure_Costs,00_00_00_00,G&Wp,average,60,0.0,0.0,00,00,00,00
Farmer_Drought_Measure_Costs,00_00_00_00,G&Wp,average,100,0.0,0.0,00,00,00,00
Farmer_Drought_Measure_Costs,00_00_00_00,Wp,average,20,0.0,0.0,00,00,00,00
Farmer_Drought_Measure_Costs,00_00_00_00,Wp,average,60,0.0,0.0,00,00,00,00
Farmer_Drought_Measure_Costs,00_00_00_00,Wp,average,100,0.0,0.0,00,00,00,00
Farmer_Drought_Measure_Costs,00_00_01_00,D,average,20,0.0,0.0,00,00,01,00
Farmer_Drought_Measure_Costs,00_00_01_00,D,average,60,0.0,0.0,00,00,01,00
Farmer_Drought_Measure_Costs,00_00_01_00,D,average,100,0.0,0.0,00,00,01,00
Farmer_Drought_Measure_Costs,00_00_01_00,D&G,average,20,0.0,0.0,00,00,01,00
Farmer_Drought_Measure_Costs,00_00_01_00,D&G,average,60,0.0,0.0,00,00,01,00
Farmer_Drought_Measure_Costs,00_00_01_00,D&G,average,100,0.0,0.0,00,00,01,00
Farmer_Drought_Measure_Costs,00_00_01_00,D&G&Wp,average,20,0.0,0.0,00,00,01,00
Farmer_Drought_Measure_Costs,00_00_01_00,D&G&Wp,average,60,0.0,0.0,00,00,01,00
Farmer_Drought_Measure_Costs,00_00_01_00,D&G&Wp,average,100,0.0,0.0,00,00,01,00
Farmer_Drought_Measure_Costs,00_00_01_00,D&Wp,average,20,0.0,0.0,00,00,01,00
Farmer_Drought_Measure_Costs,00_00_01_00,D&Wp,average,60,0.0,0.0,00,00,01,00
Farmer_Drought_Measure_Costs,00_00_01_00,D&Wp,average,100,0.0,0.0,00,00,01,00
Farmer_Drought_Measure_Costs,00_00_01_00,G,average,20,0.0,0.0,00,00,01,00
Farmer_Drought_Measure_Costs,00_00_01_00,G,average,60,0.0,0.0,00,00,01,00
Farmer_Drought_Measure_Costs,00_00_01_00,G,average,100,0.0,0.0,00,00,01,00
Farmer_Drought_Measure_Costs,00_00_01_00,G&Wp,average,20,0.0,0.0,00,00,01,00
Farmer_Drought_Measure_Costs,00_00_01_00,G&Wp,average,60,0.0,0.0,00,00,01,00
Farmer_Drought_Measure_Costs,00_00_01_00,G&Wp,average,100,0.0,0.0,00,00,01,00
Farmer_Drought_Measure_Costs,00_00_01_00,Wp,average,20,0.0,0.0,00,00,01,00
Farmer_Drought_Measure_Costs,00_00_01_00,Wp,average,60,0.0,0.0,00,00,01,00
Farmer_Drought_Measure_Costs,00_00_01_00,Wp,average,100,0.0,0.0,00,00,01,00
Farmer_Drought_Measure_Costs,00_00_03_00,D,average,20,0.0,0.0,00,00,03,00
Farmer_Drought_Measure_Costs,00_00_03_00,D,average,60,0.0,0.0,00,00,03,00
Farmer_Drought_Measure_Costs,00_00_03_00,D,average,100,0.0,0.0,00,00,03,00
Farmer_Drought_Measure_Costs,00_00_03_00,D&G,average,20,0.0,0.0,00,00,03,00
Farmer_Drought_Measure_Costs,00_00_03_00,D&G,average,60,0.0,0.0,00,00,03,00
Farmer_Drought_Measure_Costs,00_00_03_00,D&G,average,100,0.0,0.0,00,00,03,00
Farmer_Drought_Measure_Costs,00_00_03_00,D&G&Wp,average,20,0.0,0.0,00,00,03,00
Farmer_Drought_Measure_Costs,00_00_03_00,D&G&Wp,average,60,0.0,0.0,00,00,03,00
Farmer_Drought_Measure_Costs,00_00_03_00,D&G&Wp,average,100,0.0,0.0,00,00,03,00
Farmer_Drought_Measure_Costs,00_00_03_00,D&Wp,average,20,0.0,0.0,00,00,03,00
Farmer_Drought_Measure_Costs,00_00_03_00,D&Wp,average,60,0.0,0.0,00,00,03,00
Farmer_Drought_Measure_Costs,00_00_03_00,D&Wp,average,100,0.0,0.0,00,00,03,00
Farmer_Drought_Measure_Costs,00_00_03_00,G,average,20,0.0,0.0,00,00,03,00
Farmer_Drought_Measure_Costs,00_00_03_00,G,average,60,0.0,0.0,00,00,03,00
Farmer_Drought_Measure_Costs,00_00_03_00,G,average,100,0.0,0.0,00,00,03,00
Farmer_Drought_Measure_Costs,00_00_03_00,G&Wp,average,20,0.0,0.0,00,00,03,00
Farmer_Drought_Measure_Costs,00_00_03_00,G&Wp,average,60,0.0,0.0,00,00,03,00
Farmer_Drought_Measure_Costs,00_00_03_00,G&Wp,average,100,0.0,0.0,00,00,03,00
Farmer_Drought_Measure_Costs,00_00_03_00,Wp,average,20,0.0,0.0,00,00,03,00
Farmer_Drought_Measure_Costs,00_00_03_00,Wp,average,60,0.0,0.0,00,00,03,00
Farmer_Drought_Measure_Costs,00_00_03_00,Wp,average,100,0.0,0.0,00,00,03,00
Farmer_Drought_Measure_Costs,00_00_05_00,D,average,20,0.0,0.0,00,00,05,00
Farmer_Drought_Measure_Costs,00_00_05_00,D,average,60,0.0,0.0,00,00,05,00
Farmer_Drought_Measure_Costs,00_00_05_00,D,average,100,0.0,0.0,00,00,05,00
Farmer_Drought_Measure_Costs,00_00_05_00,D&G,average,20,0.0,0.0,00,00,05,00
Farmer_Drought_Measure_Costs,00_00_05_00,D&G,average,60,0.0,0.0,00,00,05,00
Farmer_Drought_Measure_Costs,00_00_05_00,D&G,average,100,0.0,0.0,00,00,05,00
Farmer_Drought_Measure_Costs,00_00_05_00,D&G&Wp,average,20,0.0,0.0,00,00,05,00
Farmer_Drought_Measure_Costs,00_00_05_00,D&G&Wp,average,60,0.0,0.0,00,00,05,00
Farmer_Drought_Measure_Costs,00_00_05_00,D&G&Wp,average,100,0.0,0.0,00,00,05,00
Farmer_Drought_Measure_Costs,00_00_05_00,D&Wp,average,20,0.0,0.0,00,00,05,00
Farmer_Drought_Measure_Costs,00_00_05_00,D&Wp,average,60,0.0,0.0,00,00,05,00
Farmer_Drought_Measure_Costs,00_00_05_00,D&Wp,average,100,0.0,0.0,00,00,05,00
Farmer_Drought_Measure_Costs,00_00_05_00,G,average,20,0.0,0.0,00,00,05,00
Farmer_Drought_Measure_Costs,00_00_05_00,G,average,60,0.0,0.0,00,00,05,00
Farmer_Drought_Measure_Costs,00_00_05_00,G,average,100,0.0,0.0,00,00,05,00
Farmer_Drought_Measure_Costs,00_00_05_00,G&Wp,average,20,0.0,0.0,00,00,05,00
Farmer_Drought_Measure_Costs,00_00_05_00,G&Wp,average,60,0.0,0.0,00,00,05,00
Farmer_Drought_Measure_Costs,00_00_05_00,G&Wp,average,100,0.0,0.0,00,00,05,00
Farmer_Drought_Measure_Costs,00_00_05_00,Wp,average,20,0.0,0.0,00,00,05,00
Farmer_Drought_Measure_Costs,00_00_05_00,Wp,average,60,0.0,0.0,00,00,05,00
Farmer_Drought_Measure_Costs,00_00_05_00,Wp,average,100,0.0,0.0,00,00,05,00
Farmer_Drought_Measure_Costs,00_00_07_00,D,average,20,0.0,0.0,00,00,07,00
Farmer_Drought_Measure_Costs,00_00_07_00,D,average,60,0.0,0.0,00,00,07,00
Farmer_Drought_Measure_Costs,00_00_07_00,D,average,100,0.0,0.0,00,00,07,00
Farmer_Drought_Measure_Costs,00_00_07_00,D&G,average,20,0.0,0.0,00,00,07,00
Farmer_Drought_Measure_Costs,00_00_07_00,D&G,average,60,0.0,0.0,00,00,07,00
Farmer_Drought_Measure_Costs,00_00_07_00,D&G,average,100,0.0,0.0,00,00,07,00
Farmer_Drought_Measure_Costs,00_00_07_00,D&G&Wp,average,20,0.0,0.0,00,00,07,00
Farmer_Drought_Measure_Costs,00_00_07_00,D&G&Wp,average,60,0.0,0.0,00,00,07,00
Farmer_Drought_Measure_Costs,00_00_07_00,D&G&Wp,average,100,0.0,0.0,00,00,07,00
Farmer_Drought_Measure_Costs,00_00_07_00,D&Wp,average,20,0.0,0.0,00,00,07,00
Farmer_Drought_Measure_Costs,00_00_07_00,D&Wp,average,60,0.0,0.0,00,00,07,00
Farmer_Drought_Measure_Costs,00_00_07_00,D&Wp,average,100,0.0,0.0,00,00,07,00
Farmer_Drought_Measure_Costs,00_00_07_00,G,average,20,0.0,0.0,00,00,07,00
Farmer_Drought_Measure_Costs,00_00_07_00,G,average,60,0.0,0.0,00,00,07,00
Farmer_Drought_Measure_Costs,00_00_07_00,G,average,100,0.0,0.0,00,00,07,00
Farmer_Drought_Measure_Costs,00_00_07_00,G&Wp,average,20,0.0,0.0,00,00,07,00
Farmer_Drought_Measure_Costs,00_00_07_00,G&Wp,average,60,0.0,0.0,00,00,07,00
Farmer_Drought_Measure_Costs,00_00_07_00,G&Wp,average,100,0.0,0.0,00,00,07,00
Farmer_Drought_Measure_Costs,00_00_07_00,Wp,average,20,0.0,0.0,00,00,07,00
Farmer_Drought_Measure_Costs,00_00_07_00,Wp,average,60,0.0,0.0,00,00,07,00
Farmer_Drought_Measure_Costs,00_00_07_00,Wp,average,100,0.0,0.0,00,00,07,00
Farmer_Drought_Measure_Costs,00_00_09_00,D,average,20,0.0,0.0,00,00,09,00
Farmer_Drought_Measure_Costs,00_00_09_00,D,average,60,0.0,0.0,00,00,09,00
Farmer_Drought_Measure_Costs,00_00_09_00,D,average,100,0.0,0.0,00,00,09,00
Farmer_Drought_Measure_Costs,00_00_09_00,D&G,average,20,0.0,0.0,00,00,09,00
Farmer_Drought_Measure_Costs,00_00_09_00,D&G,average,60,0.0,0.0,00,00,09,00
Farmer_Drought_Measure_Costs,00_00_09_00,D&G,average,100,0.0,0.0,00,00,09,00
Farmer_Drought_Measure_Costs,00_00_09_00,D&G&Wp,average,20,0.0,0.0,00,00,09,00
Farmer_Drought_Measure_Costs,00_00_09_00,D&G&Wp,average,60,0.0,0.0,00,00,09,00
Farmer_Drought_Measure_Costs,00_00_09_00,D&G&Wp,average,100,0.0,0.0,00,00,09,00
Farmer_Drought_Measure_Costs,00_00_09_00,D&Wp,average,20,0.0,0.0,00,00,09,00
Farmer_Drought_Measure_Costs,00_00_09_00,D&Wp,average,60,0.0,0.0,00,00,09,00
Farmer_Drought_Measure_Costs,00_00_09_00,D&Wp,average,100,0.0,0.0,00,00,09,00
Farmer_Drought_Measure_Costs,00_00_09_00,G,average,20,0.0,0.0,00,00,09,00
Farmer_Drought_Measure_Costs,00_00_09_00,G,average,60,0.0,0.0,00,00,09,00
Farmer_Drought_Measure_Costs,00_00_09_00,G,average,100,0.0,0.0,00,00,09,00
Farmer_Drought_Measure_Costs,00_00_09_00,G&Wp,average,20,0.0,0.0,00,00,09,00
Farmer_Drought_Measure_Costs,00_00_09_00,G&Wp,average,60,0.0,0.0,00,00,09,00
Farmer_Drought_Measure_Costs,00_00_09_00,G&Wp,average,100,0.0,0.0,00,00,09,00
Farmer_Drought_Measure_Costs,00_00_09_00,Wp,average,20,0.0,0.0,00,00,09,00
Farmer_Drought_Measure_Costs,00_00_09_00,Wp,average,60,0.0,0.0,00,00,09,00
Farmer_Drought_Measure_Costs,00_00_09_00,Wp,average,100,0.0,0.0,00,00,09,00
Farmer_Drought_Measure_Costs,00_00_11_00,D,average,20,0.0,0.0,00,00,11,00
Farmer_Drought_Measure_Costs,00_00_11_00,D,average,60,0.0,0.0,00,00,11,00
Farmer_Drought_Measure_Costs,00_00_11_00,D,average,100,0.0,0.0,00,00,11,00
Farmer_Drought_Measure_Costs,00_00_11_00,D&G,average,20,0.0,0.0,00,00,11,00
Farmer_Drought_Measure_Costs,00_00_11_00,D&G,average,60,0.0,0.0,00,00,11,00
Farmer_Drought_Measure_Costs,00_00_11_00,D&G,average,100,0.0,0.0,00,00,11,00
Farmer_Drought_Measure_Costs,00_00_11_00,D&G&Wp,average,20,0.0,0.0,00,00,11,00
Farmer_Drought_Measure_Costs,00_00_11_00,D&G&Wp,average,60,0.0,0.0,00,00,11,00
Farmer_Drought_Measure_Costs,00_00_11_00,D&G&Wp,average,100,0.0,0.0,00,00,11,00
Farmer_Drought_Measure_Costs,00_00_11_00,D&Wp,average,20,0.0,0.0,00,00,11,00
Farmer_Drought_Measure_Costs,00_00_11_00,D&Wp,average,60,0.0,0.0,00,00,11,00
Farmer_Drought_Measure_Costs,00_00_11_00,D&Wp,average,100,0.0,0.0,00,00,11,00
Farmer_Drought_Measure_Costs,00_00_11_00,G,average,20,0.0,0.0,00,00,11,00
Farmer_Drought_Measure_Costs,00_00_11_00,G,average,60,0.0,0.0,00,00,11,00
Farmer_Drought_Measure_Costs,00_00_11_00,G,average,100,0.0,0.0,00,00,11,00
Farmer_Drought_Measure_Costs,00_00_11_00,G&Wp,average,20,0.0,0.0,00,00,11,00
Farmer_Drought_Measure_Costs,00_00_11_00,G&Wp,average,60,0.0,0.0,00,00,11,00
Farmer_Drought_Measure_Costs,00_00_11_00,G&Wp,average,100,0.0,0.0,00,00,11,00
Farmer_Drought_Measure_Costs,00_00_11_00,Wp,average,20,0.0,0.0,00,00,11,00
Farmer_Drought_Measure_Costs,00_00_11_00,Wp,average,60,0.0,0.0,00,00,11,00
Farmer_Drought_Measure_Costs,00_00_11_00,Wp,average,100,0.0,0.0,00,00,11,00
Farmer_Drought_Measure_Costs,00_00_13_00,D,average,20,0.0,0.0,00,00,13,00
Farmer_Drought_Measure_Costs,00_00_13_00,D,average,60,0.0,0.0,00,00,13,00
Farmer_Drought_Measure_Costs,00_00_13_00,D,average,100,0.0,0.0,00,00,13,00
Farmer_Drought_Measure_Costs,00_00_13_00,D&G,average,20,0.0,0.0,00,00,13,00
Farmer_Drought_Measure_Costs,00_00_13_00,D&G,average,60,0.0,0.0,00,00,13,00
Farmer_Drought_Measure_Costs,00_00_13_00,D&G,average,100,0.0,0.0,00,00,13,00
Farmer_Drought_Measure_Costs,00_00_13_00,D&G&Wp,average,20,0.0,0.0,00,00,13,00
Farmer_Drought_Measure_Costs,00_00_13_00,D&G&Wp,average,60,0.0,0.0,00,00,13,00
Farmer_Drought_Measure_Costs,00_00_13_00,D&G&Wp,average,100,0.0,0.0,00,00,13,00
Farmer_Drought_Measure_Costs,00_00_13_00,D&Wp,average,20,0.0,0.0,00,00,13,00
Farmer_Drought_Measure_Costs,00_00_13_00,D&Wp,average,60,0.0,0.0,00,00,13,00
Farmer_Drought_Measure_Costs,00_00_13_00,D&Wp,average,100,0.0,0.0,00,00,13,00
Farmer_Drought_Measure_Costs,00_00_13_00,G,average,20,0.0,0.0,00,00,13,00
Farmer_Drought_Measure_Costs,00_00_13_00,G,average,60,0.0,0.0,00,00,13,00
Farmer_Drought_Measure_Costs,00_00_13_00,G,average,100,0.0,0.0,00,00,13,00
Farmer_Drought_Measure_Costs,00_00_13_00,G&Wp,average,20,0.0,0.0,00,00,13,00
Farmer_Drought_Measure_Costs,00_00_13_00,G&Wp,average,60,0.0,0.0,00,00,13,00
Farmer_Drought_Measure_Costs,00_00_13_00,G&Wp,average,100,0.0,0.0,00,00,13,00
Farmer_Drought_Measure_Costs,00_00_13_00,Wp,average,20,0.0,0.0,00,00,13,00
Farmer_Drought_Measure_Costs,00_00_13_00,Wp,average,60,0.0,0.0,00,00,13,00
Farmer_Drought_Measure_Costs,00_00_13_00,Wp,average,100,0.0,0.0,00,00,13,00
Farmer_Drought_Measure_Costs,00_01_00_00,D,average,20,1.95,0.08,00,01,00,00
Farmer_Drought_Measure_Costs,00_01_00_00,D,average,60,34.41,0.34,00,01,00,00
Farmer_Drought_Measure_Costs,00_01_00_00,D,average,100,76.8,0.43,00,01,00,00
Farmer_Drought_Measure_Costs,00_01_00_00,D&G,average,20,2.21,0.09,00,01,00,00
Farmer_Drought_Measure_Costs,00_01_00_00,D&G,average,60,35.81,0.36,00,01,00,00
Farmer_Drought_Measure_Costs,00_01_00_00,D&G,average,100,84.62,0.47,00,01,00,00
Farmer_Drought_Measure_Costs,00_01_00_00,D&G&Wp,average,20,2.51,0.1,00,01,00,00
Farmer_Drought_Measure_Costs,00_01_00_00,D&G&Wp,average,60,41.74,0.42,00,01,00,00
Farmer_Drought_Measure_Costs,00_01_00_00,D&G&Wp,average,100,96.8,0.54,00,01,00,00
Farmer_Drought_Measure_Costs,00_01_00_00,D&Wp,average,20,2.53,0.1,00,01,00,00
Farmer_Drought_Measure_Costs,00_01_00_00,D&Wp,average,60,44.0,0.44,00,01,00,00
Farmer_Drought_Measure_Costs,00_01_00_00,D&Wp,average,100,98.98,0.55,00,01,00,00
Farmer_Drought_Measure_Costs,00_01_00_00,G,average,20,2.48,0.1,00,01,00,00
Farmer_Drought_Measure_Costs,00_01_00_00,G,average,60,37.21,0.37,00,01,00,00
Farmer_Drought_Measure_Costs,00_01_00_00,G,average,100,92.43,0.51,00,01,00,00
Farmer_Drought_Measure_Costs,00_01_00_00,G&Wp,average,20,2.79,0.11,00,01,00,00
Farmer_Drought_Measure_Costs,00_01_00_00,G&Wp,average,60,45.41,0.45,00,01,00,00
Farmer_Drought_Measure_Costs,00_01_00_00,G&Wp,average,100,106.8,0.59,00,01,00,00
Farmer_Drought_Measure_Costs,00_01_00_00,Wp,average,20,3.11,0.12,00,01,00,00
Farmer_Drought_Measure_Costs,00_01_00_00,Wp,average,60,53.6,0.54,00,01,00,00
Farmer_Drought_Measure_Costs,00_01_00_00,Wp,average,100,121.16,0.67,00,01,00,00
Farmer_Drought_Measure_Costs,00_01_01_00,D,average,20,1.95,0.08,00,01,01,00
Farmer_Drought_Measure_Costs,00_01_01_00,D,average,60,34.41,0.34,00,01,01,00
Farmer_Drought_Measure_Costs,00_01_01_00,D,average,100,76.8,0.43,00,01,01,00
Farmer_Drought_Measure_Costs,00_01_01_00,D&G,average,20,2.21,0.09,00,01,01,00
Farmer_Drought_Measure_Costs,00_01_01_00,D&G,average,60,35.81,0.36,00,01,01,00
Farmer_Drought_Measure_Costs,00_01_01_00,D&G,average,100,84.62,0.47,00,01,01,00
Farmer_Drought_Measure_Costs,00_01_01_00,D&G&Wp,average,20,2.51,0.1,00,01,01,00
Farmer_Drought_Measure_Costs,00_01_01_00,D&G&Wp,average,60,41.74,0.42,00,01,01,00
Farmer_Drought_Measure_Costs,00_01_01_00,D&G&Wp,average,100,96.8,0.54,00,01,01,00
Farmer_Drought_Measure_Costs,00_01_01_00,D&Wp,average,20,2.53,0.1,00,01,01,00
Farmer_Drought_Measure_Costs,00_01_01_00,D&Wp,average,60,44.0,0.44,00,01,01,00
Farmer_Drought_Measure_Costs,00_01_01_00,D&Wp,average,100,98.98,0.55,00,01,01,00
Farmer_Drought_Measure_Costs,00_01_01_00,G,average,20,2.48,0.1,00,01,01,00
Farmer_Drought_Measure_Costs,00_01_01_00,G,average,60,37.21,0.37,00,01,01,00
Farmer_Drought_Measure_Costs,00_01_01_00,G,average,100,92.43,0.51,00,01,01,00
Farmer_Drought_Measure_Costs,00_01_01_00,G&Wp,average,20,2.79,0.11,00,01,01,00
Farmer_Drought_Measure_Costs,00_01_01_00,G&Wp,average,60,45.41,0.45,00,01,01,00
Farmer_Drought_Measure_Costs,00_01_01_00,G&Wp,average,100,106.8,0.59,00,01,01,00
Farmer_Drought_Measure_Costs,00_01_01_00,Wp,average,20,3.11,0.12,00,01,01,00
Farmer_Drought_Measure_Costs,00_01_01_00,Wp,average,60,53.6,0.54,00,01,01,00
Farmer_Drought_Measure_Costs,00_01_01_00,Wp,average,100,121.16,0.67,00,01,01,00
Farmer_Drought_Measure_Costs,00_01_03_00,D,average,20,1.95,0.08,00,01,03,00
Farmer_Drought_Measure_Costs,00_01_03_00,D,average,60,34.41,0.34,00,01,03,00
Farmer_Drought_Measure_Costs,00_01_03_00,D,average,100,76.8,0.43,00,01,03,00
Farmer_Drought_Measure_Costs,00_01_03_00,D&G,average,20,2.21,0.09,00,01,03,00
Farmer_Drought_Measure_Costs,00_01_03_00,D&G,average,60,35.81,0.36,00,01,03,00
Farmer_Drought_Measure_Costs,00_01_03_00,D&G,average,100,84.62,0.47,00,01,03,00
Farmer_Drought_Measure_Costs,00_01_03_00,D&G&Wp,average,20,2.51,0.1,00,01,03,00
Farmer_Drought_Measure_Costs,00_01_03_00,D&G&Wp,average,60,41.74,0.42,00,01,03,00
Farmer_Drought_Measure_Costs,00_01_03_00,D&G&Wp,average,100,96.8,0.54,00,01,03,00
Farmer_Drought_Measure_Costs,00_01_03_00,D&Wp,average,20,2.53,0.1,00,01,03,00
Farmer_Drought_Measure_Costs,00_01_03_00,D&Wp,average,60,44.0,0.44,00,01,03,00
Farmer_Drought_Measure_Costs,00_01_03_00,D&Wp,average,100,98.98,0.55,00,01,03,00
Farmer_Drought_Measure_Costs,00_01_03_00,G,average,20,2.48,0.1,00,01,03,00
Farmer_Drought_Measure_Costs,00_01_03_00,G,average,60,37.21,0.37,00,01,03,00
Farmer_Drought_Measure_Costs,00_01_03_00,G,average,100,92.43,0.51,00,01,03,00
Farmer_Drought_Measure_Costs,00_01_03_00,G&Wp,average,20,2.79,0.11,00,01,03,00
Farmer_Drought_Measure_Costs,00_01_03_00,G&Wp,average,60,45.41,0.45,00,01,03,00
Farmer_Drought_Measure_Costs,00_01_03_00,G&Wp,average,100,106.8,0.59,00,01,03,00
Farmer_Drought_Measure_Costs,00_01_03_00,Wp,average,20,3.11,0.12,00,01,03,00
Farmer_Drought_Measure_Costs,00_01_03_00,Wp,average,60,53.6,0.54,00,01,03,00
Farmer_Drought_Measure_Costs,00_01_03_00,Wp,average,100,121.16,0.67,00,01,03,00
Farmer_Drought_Measure_Costs,00_01_05_00,D,average,20,1.95,0.08,00,01,05,00
Farmer_Drought_Measure_Costs,00_01_05_00,D,average,60,33.72,0.34,00,01,05,00
Farmer_Drought_Measure_Costs,00_01_05_00,D,average,100,76.11,0.42,00,01,05,00
Farmer_Drought_Measure_Costs,00_01_05_00,D&G,average,20,2.21,0.09,00,01,05,00
Farmer_Drought_Measure_Costs,00_01_05_00,D&G,average,60,35.41,0.35,00,01,05,00
Farmer_Drought_Measure_Costs,00_01_05_00,D&G,average,100,84.21,0.47,00,01,05,00
Farmer_Drought_Measure_Costs,00_01_05_00,D&G&Wp,average,20,2.51,0.1,00,01,05,00
Farmer_Drought_Measure_Costs,00_01_05_00,D&G&Wp,average,60,41.47,0.41,00,01,05,00
Farmer_Drought_Measure_Costs,00_01_05_00,D&G&Wp,average,100,96.53,0.54,00,01,05,00
Farmer_Drought_Measure_Costs,00_01_05_00,D&Wp,average,20,2.53,0.1,00,01,05,00
Farmer_Drought_Measure_Costs,00_01_05_00,D&Wp,average,60,43.66,0.44,00,01,05,00
Farmer_Drought_Measure_Costs,00_01_05_00,D&Wp,average,100,98.64,0.55,00,01,05,00
Farmer_Drought_Measure_Costs,00_01_05_00,G,average,20,2.48,0.1,00,01,05,00
Farmer_Drought_Measure_Costs,00_01_05_00,G,average,60,37.09,0.37,00,01,05,00
Farmer_Drought_Measure_Costs,00_01_05_00,G,average,100,92.3,0.51,00,01,05,00
Farmer_Drought_Measure_Costs,00_01_05_00,G&Wp,average,20,2.79,0.11,00,01,05,00
Farmer_Drought_Measure_Costs,00_01_05_00,G&Wp,average,60,45.34,0.45,00,01,05,00
Farmer_Drought_Measure_Costs,00_01_05_00,G&Wp,average,100,106.73,0.59,00,01,05,00
Farmer_Drought_Measure_Costs,00_01_05_00,Wp,average,20,3.11,0.12,00,01,05,00
Farmer_Drought_Measure_Costs,00_01_05_00,Wp,average,60,53.6,0.54,00,01,05,00
Farmer_Drought_Measure_Costs,00_01_05_00,Wp,average,100,121.16,0.67,00,01,05,00
Farmer_Drought_Measure_Costs,00_01_07_00,D,average,20,1.4,0.06,00,01,07,00
Farmer_Drought_Measure_Costs,00_01_07_00,D,average,60,27.21,0.27,00,01,07,00
Farmer_Drought_Measure_Costs,00_01_07_00,D,average,100,58.78,0.33,00,01,07,00
Farmer_Drought_Measure_Costs,00_01_07_00,D&G,average,20,1.67,0.07,00,01,07,00
Farmer_Drought_Measure_Costs,00_01_07_00,D&G,average,60,27.86,0.28,00,01,07,00
Farmer_Drought_Measure_Costs,00_01_07_00,D&G,average,100,59.93,0.33,00,01,07,00
Farmer_Drought_Measure_Costs,00_01_07_00,D&G&Wp,average,20,1.98,0.08,00,01,07,00
Farmer_Drought_Measure_Costs,00_01_07_00,D&G&Wp,average,60,35.46,0.35,00,01,07,00
Farmer_Drought_Measure_Costs,00_01_07_00,D&G&Wp,average,100,77.86,0.43,00,01,07,00
Farmer_Drought_Measure_Costs,00_01_07_00,D&Wp,average,20,1.99,0.08,00,01,07,00
Farmer_Drought_Measure_Costs,00_01_07_00,D&Wp,average,60,38.93,0.39,00,01,07,00
Farmer_Drought_Measure_Costs,00_01_07_00,D&Wp,average,100,86.25,0.48,00,01,07,00
Farmer_Drought_Measure_Costs,00_01_07_00,G,average,20,1.95,0.08,00,01,07,00
Farmer_Drought_Measure_Costs,00_01_07_00,G,average,60,28.51,0.29,00,01,07,00
Farmer_Drought_Measure_Costs,00_01_07_00,G,average,100,61.08,0.34,00,01,07,00
Farmer_Drought_Measure_Costs,00_01_07_00,G&Wp,average,20,2.27,0.09,00,01,07,00
Farmer_Drought_Measure_Costs,00_01_07_00,G&Wp,average,60,39.58,0.4,00,01,07,00
Farmer_Drought_Measure_Costs,00_01_07_00,G&Wp,average,100,87.4,0.49,00,01,07,00
Farmer_Drought_Measure_Costs,00_01_07_00,Wp,average,20,2.59,0.1,00,01,07,00
Farmer_Drought_Measure_Costs,00_01_07_00,Wp,average,60,50.65,0.51,00,01,07,00
Farmer_Drought_Measure_Costs,00_01_07_00,Wp,average,100,113.72,0.63,00,01,07,00
Farmer_Drought_Measure_Costs,00_01_09_00,D,average,20,1.95,0.08,00,01,09,00
Farmer_Drought_Measure_Costs,00_01_09_00,D,average,60,33.72,0.34,00,01,09,00
Farmer_Drought_Measure_Costs,00_01_09_00,D,average,100,76.11,0.42,00,01,09,00
Farmer_Drought_Measure_Costs,00_01_09_00,D&G,average,20,2.21,0.09,00,01,09,00
Farmer_Drought_Measure_Costs,00_01_09_00,D&G,average,60,35.41,0.35,00,01,09,00
Farmer_Drought_Measure_Costs,00_01_09_00,D&G,average,100,84.21,0.47,00,01,09,00
Farmer_Drought_Measure_Costs,00_01_09_00,D&G&Wp,average,20,2.51,0.1,00,01,09,00
Farmer_Drought_Measure_Costs,00_01_09_00,D&G&Wp,average,60,41.47,0.41,00,01,09,00
Farmer_Drought_Measure_Costs,00_01_09_00,D&G&Wp,average,100,96.53,0.54,00,01,09,00
Farmer_Drought_Measure_Costs,00_01_09_00,D&Wp,average,20,2.53,0.1,00,01,09,00
Farmer_Drought_Measure_Costs,00_01_09_00,D&Wp,average,60,43.66,0.44,00,01,09,00
Farmer_Drought_Measure_Costs,00_01_09_00,D&Wp,average,100,98.64,0.55,00,01,09,00
Farmer_Drought_Measure_Costs,00_01_09_00,G,average,20,2.48,0.1,00,01,09,00
Farmer_Drought_Measure_Costs,00_01_09_00,G,average,60,37.09,0.37,00,01,09,00
Farmer_Drought_Measure_Costs,00_01_09_00,G,average,100,92.3,0.51,00,01,09,00
Farmer_Drought_Measure_Costs,00_01_09_00,G&Wp,average,20,2.79,0.11,00,01,09,00
Farmer_Drought_Measure_Costs,00_01_09_00,G&Wp,average,60,45.34,0.45,00,01,09,00
Farmer_Drought_Measure_Costs,00_01_09_00,G&Wp,average,100,106.73,0.59,00,01,09,00
Farmer_Drought_Measure_Costs,00_01_09_00,Wp,average,20,3.11,0.12,00,01,09,00
Farmer_Drought_Measure_Costs,00_01_09_00,Wp,average,60,53.6,0.54,00,01,09,00
Farmer_Drought_Measure_Costs,00_01_09_00,Wp,average,100,121.16,0.67,00,01,09,00
Farmer_Drought_Measure_Costs,00_01_11_00,D,average,20,1.95,0.08,00,01,11,00
Farmer_Drought_Measure_Costs,00_01_11_00,D,average,60,34.41,0.34,00,01,11,00
Farmer_Drought_Measure_Costs,00_01_11_00,D,average,100,76.8,0.43,00,01,11,00
Farmer_Drought_Measure_Costs,00_01_11_00,D&G,average,20,2.21,0.09,00,01,11,00
Farmer_Drought_Measure_Costs,00_01_11_00,D&G,average,60,35.81,0.36,00,01,11,00
Farmer_Drought_Measure_Costs,00_01_11_00,D&G,average,100,84.62,0.47,00,01,11,00
Farmer_Drought_Measure_Costs,00_01_11_00,D&G&Wp,average,20,2.51,0.1,00,01,11,00
Farmer_Drought_Measure_Costs,00_01_11_00,D&G&Wp,average,60,41.74,0.42,00,01,11,00
Farmer_Drought_Measure_Costs,00_01_11_00,D&G&Wp,average,100,96.8,0.54,00,01,11,00
Farmer_Drought_Measure_Costs,00_01_11_00,D&Wp,average,20,2.53,0.1,00,01,11,00
Farmer_Drought_Measure_Costs,00_01_11_00,D&Wp,average,60,44.0,0.44,00,01,11,00
Farmer_Drought_Measure_Costs,00_01_11_00,D&Wp,average,100,98.98,0.55,00,01,11,00
Farmer_Drought_Measure_Costs,00_01_11_00,G,average,20,2.48,0.1,00,01,11,00
Farmer_Drought_Measure_Costs,00_01_11_00,G,average,60,37.21,0.37,00,01,11,00
Farmer_Drought_Measure_Costs,00_01_11_00,G,average,100,92.43,0.51,00,01,11,00
Farmer_Drought_Measure_Costs,00_01_11_00,G&Wp,average,20,2.79,0.11,00,01,11,00
Farmer_Drought_Measure_Costs,00_01_11_00,G&Wp,average,60,45.41,0.45,00,01,11,00
Farmer_Drought_Measure_Costs,00_01_11_00,G&Wp,average,100,106.8,0.59,00,01,11,00
Farmer_Drought_Measure_Costs,00_01_11_00,Wp,average,20,3.11,0.12,00,01,11,00
Farmer_Drought_Measure_Costs,00_01_11_00,Wp,average,60,53.6,0.54,00,01,11,00
Farmer_Drought_Measure_Costs,00_01_11_00,Wp,average,100,121.16,0.67,00,01,11,00
Farmer_Drought_Measure_Costs,00_01_13_00,D,average,20,1.95,0.08,00,01,13,00
Farmer_Drought_Measure_Costs,00_01_13_00,D,average,60,33.27,0.33,00,01,13,00
Farmer_Drought_Measure_Costs,00_01_13_00,D,average,100,72.43,0.4,00,01,13,00
Farmer_Drought_Measure_Costs,00_01_13_00,D&G,average,20,2.21,0.09,00,01,13,00
Farmer_Drought_Measure_Costs,00_01_13_00,D&G,average,60,34.79,0.35,00,01,13,00
Farmer_Drought_Measure_Costs,00_01_13_00,D&G,average,100,77.57,0.43,00,01,13,00
Farmer_Drought_Measure_Costs,00_01_13_00,D&G&Wp,average,20,2.51,0.1,00,01,13,00
Farmer_Drought_Measure_Costs,00_01_13_00,D&G&Wp,average,60,40.7,0.41,00,01,13,00
Farmer_Drought_Measure_Costs,00_01_13_00,D&G&Wp,average,100,90.29,0.5,00,01,13,00
Farmer_Drought_Measure_Costs,00_01_13_00,D&Wp,average,20,2.53,0.1,00,01,13,00
Farmer_Drought_Measure_Costs,00_01_13_00,D&Wp,average,60,42.9,0.43,00,01,13,00
Farmer_Drought_Measure_Costs,00_01_13_00,D&Wp,average,100,94.09,0.52,00,01,13,00
Farmer_Drought_Measure_Costs,00_01_13_00,G,average,20,2.48,0.1,00,01,13,00
Farmer_Drought_Measure_Costs,00_01_13_00,G,average,60,36.31,0.36,00,01,13,00
Farmer_Drought_Measure_Costs,00_01_13_00,G,average,100,82.71,0.46,00,01,13,00
Farmer_Drought_Measure_Costs,00_01_13_00,G&Wp,average,20,2.79,0.11,00,01,13,00
Farmer_Drought_Measure_Costs,00_01_13_00,G&Wp,average,60,44.42,0.44,00,01,13,00
Farmer_Drought_Measure_Costs,00_01_13_00,G&Wp,average,100,99.23,0.55,00,01,13,00
Farmer_Drought_Measure_Costs,00_01_13_00,Wp,average,20,3.11,0.12,00,01,13,00
Farmer_Drought_Measure_Costs,00_01_13_00,Wp,average,60,52.53,0.53,00,01,13,00
Farmer_Drought_Measure_Costs,00_01_13_00,Wp,average,100,115.75,0.64,00,01,13,00
Farmer_Drought_Measure_Costs,00_03_00_00,D,average,20,5.13,0.21,00,03,00,00
Farmer_Drought_Measure_Costs,00_03_00_00,D,average,60,32.69,0.33,00,03,00,00
Farmer_Drought_Measure_Costs,00_03_00_00,D,average,100,75.08,0.42,00,03,00,00
Farmer_Drought_Measure_Costs,00_03_00_00,D&G,average,20,5.14,0.21,00,03,00,00
Farmer_Drought_Measure_Costs,00_03_00_00,D&G,average,60,34.7,0.35,00,03,00,00
Farmer_Drought_Measure_Costs,00_03_00_00,D&G,average,100,83.5,0.46,00,03,00,00
Farmer_Drought_Measure_Costs,00_03_00_00,D&G&Wp,average,20,5.17,0.21,00,03,00,00
Farmer_Drought_Measure_Costs,00_03_00_00,D&G&Wp,average,60,40.86,0.41,00,03,00,00
Farmer_Drought_Measure_Costs,00_03_00_00,D&G&Wp,average,100,95.91,0.53,00,03,00,00
Farmer_Drought_Measure_Costs,00_03_00_00,D&Wp,average,20,5.17,0.21,00,03,00,00
Farmer_Drought_Measure_Costs,00_03_00_00,D&Wp,average,60,42.93,0.43,00,03,00,00
Farmer_Drought_Measure_Costs,00_03_00_00,D&Wp,average,100,97.91,0.54,00,03,00,00
Farmer_Drought_Measure_Costs,00_03_00_00,G,average,20,5.16,0.21,00,03,00,00
Farmer_Drought_Measure_Costs,00_03_00_00,G,average,60,36.7,0.37,00,03,00,00
Farmer_Drought_Measure_Costs,00_03_00_00,G,average,100,91.92,0.51,00,03,00,00
Farmer_Drought_Measure_Costs,00_03_00_00,G&Wp,average,20,5.19,0.21,00,03,00,00
Farmer_Drought_Measure_Costs,00_03_00_00,G&Wp,average,60,44.94,0.45,00,03,00,00
Farmer_Drought_Measure_Costs,00_03_00_00,G&Wp,average,100,106.33,0.59,00,03,00,00
Farmer_Drought_Measure_Costs,00_03_00_00,Wp,average,20,5.22,0.21,00,03,00,00
Farmer_Drought_Measure_Costs,00_03_00_00,Wp,average,60,53.17,0.53,00,03,00,00
Farmer_Drought_Measure_Costs,00_03_00_00,Wp,average,100,120.73,0.67,00,03,00,00
Farmer_Drought_Measure_Costs,00_03_01_00,D,average,20,5.13,0.21,00,03,01,00
Farmer_Drought_Measure_Costs,00_03_01_00,D,average,60,32.69,0.33,00,03,01,00
Farmer_Drought_Measure_Costs,00_03_01_00,D,average,100,75.08,0.42,00,03,01,00
Farmer_Drought_Measure_Costs,00_03_01_00,D&G,average,20,5.14,0.21,00,03,01,00
Farmer_Drought_Measure_Costs,00_03_01_00,D&G,average,60,34.7,0.35,00,03,01,00
Farmer_Drought_Measure_Costs,00_03_01_00,D&G,average,100,83.5,0.46,00,03,01,00
Farmer_Drought_Measure_Costs,00_03_01_00,D&G&Wp,average,20,5.17,0.21,00,03,01,00
Farmer_Drought_Measure_Costs,00_03_01_00,D&G&Wp,average,60,40.86,0.41,00,03,01,00
Farmer_Drought_Measure_Costs,00_03_01_00,D&G&Wp,average,100,95.91,0.53,00,03,01,00
Farmer_Drought_Measure_Costs,00_03_01_00,D&Wp,average,20,5.17,0.21,00,03,01,00
Farmer_Drought_Measure_Costs,00_03_01_00,D&Wp,average,60,42.93,0.43,00,03,01,00
Farmer_Drought_Measure_Costs,00_03_01_00,D&Wp,average,100,97.91,0.54,00,03,01,00
Farmer_Drought_Measure_Costs,00_03_01_00,G,average,20,5.16,0.21,00,03,01,00
Farmer_Drought_Measure_Costs,00_03_01_00,G,average,60,36.7,0.37,00,03,01,00
Farmer_Drought_Measure_Costs,00_03_01_00,G,average,100,91.92,0.51,00,03,01,00
Farmer_Drought_Measure_Costs,00_03_01_00,G&Wp,average,20,5.19,0.21,00,03,01,00
Farmer_Drought_Measure_Costs,00_03_01_00,G&Wp,average,60,44.94,0.45,00,03,01,00
Farmer_Drought_Measure_Costs,00_03_01_00,G&Wp,average,100,106.33,0.59,00,03,01,00
Farmer_Drought_Measure_Costs,00_03_01_00,Wp,average,20,5.22,0.21,00,03,01,00
Farmer_Drought_Measure_Costs,00_03_01_00,Wp,average,60,53.17,0.53,00,03,01,00
Farmer_Drought_Measure_Costs,00_03_01_00,Wp,average,100,120.73,0.67,00,03,01,00
Farmer_Drought_Measure_Costs,00_03_03_00,D,average,20,5.13,0.21,00,03,03,00
Farmer_Drought_Measure_Costs,00_03_03_00,D,average,60,32.69,0.33,00,03,03,00
Farmer_Drought_Measure_Costs,00_03_03_00,D,average,100,75.08,0.42,00,03,03,00
Farmer_Drought_Measure_Costs,00_03_03_00,D&G,average,20,5.14,0.21,00,03,03,00
Farmer_Drought_Measure_Costs,00_03_03_00,D&G,average,60,34.7,0.35,00,03,03,00
Farmer_Drought_Measure_Costs,00_03_03_00,D&G,average,100,83.5,0.46,00,03,03,00
Farmer_Drought_Measure_Costs,00_03_03_00,D&G&Wp,average,20,5.17,0.21,00,03,03,00
Farmer_Drought_Measure_Costs,00_03_03_00,D&G&Wp,average,60,40.86,0.41,00,03,03,00
Farmer_Drought_Measure_Costs,00_03_03_00,D&G&Wp,average,100,95.91,0.53,00,03,03,00
Farmer_Drought_Measure_Costs,00_03_03_00,D&Wp,average,20,5.17,0.21,00,03,03,00
Farmer_Drought_Measure_Costs,00_03_03_00,D&Wp,average,60,42.93,0.43,00,03,03,00
Farmer_Drought_Measure_Costs,00_03_03_00,D&Wp,average,100,97.91,0.54,00,03,03,00
Farmer_Drought_Measure_Costs,00_03_03_00,G,average,20,5.16,0.21,00,03,03,00
Farmer_Drought_Measure_Costs,00_03_03_00,G,average,60,36.7,0.37,00,03,03,00
Farmer_Drought_Measure_Costs,00_03_03_00,G,average,100,91.92,0.51,00,03,03,00
Farmer_Drought_Measure_Costs,00_03_03_00,G&Wp,average,20,5.19,0.21,00,03,03,00
Farmer_Drought_Measure_Costs,00_03_03_00,G&Wp,average,60,44.94,0.45,00,03,03,00
Farmer_Drought_Measure_Costs,00_03_03_00,G&Wp,average,100,106.33,0.59,00,03,03,00
Farmer_Drought_Measure_Costs,00_03_03_00,Wp,average,20,5.22,0.21,00,03,03,00
Farmer_Drought_Measure_Costs,00_03_03_00,Wp,average,60,53.17,0.53,00,03,03,00
Farmer_Drought_Measure_Costs,00_03_03_00,Wp,average,100,120.73,0.67,00,03,03,00
Farmer_Drought_Measure_Costs,00_03_05_00,D,average,20,5.13,0.21,00,03,05,00
Farmer_Drought_Measure_Costs,00_03_05_00,D,average,60,32.01,0.32,00,03,05,00
Farmer_Drought_Measure_Costs,00_03_05_00,D,average,100,74.4,0.41,00,03,05,00
Farmer_Drought_Measure_Costs,00_03_05_00,D&G,average,20,5.14,0.21,00,03,05,00
Farmer_Drought_Measure_Costs,00_03_05_00,D&G,average,60,34.29,0.34,00,03,05,00
Farmer_Drought_Measure_Costs,00_03_05_00,D&G,average,100,83.1,0.46,00,03,05,00
Farmer_Drought_Measure_Costs,00_03_05_00,D&G&Wp,average,20,5.17,0.21,00,03,05,00
Farmer_Drought_Measure_Costs,00_03_05_00,D&G&Wp,average,60,40.58,0.41,00,03,05,00
Farmer_Drought_Measure_Costs,00_03_05_00,D&G&Wp,average,100,95.64,0.53,00,03,05,00
Farmer_Drought_Measure_Costs,00_03_05_00,D&Wp,average,20,5.17,0.21,00,03,05,00
Farmer_Drought_Measure_Costs,00_03_05_00,D&Wp,average,60,42.59,0.43,00,03,05,00
Farmer_Drought_Measure_Costs,00_03_05_00,D&Wp,average,100,97.57,0.54,00,03,05,00
Farmer_Drought_Measure_Costs,00_03_05_00,G,average,20,5.16,0.21,00,03,05,00
Farmer_Drought_Measure_Costs,00_03_05_00,G,average,60,36.58,0.37,00,03,05,00
Farmer_Drought_Measure_Costs,00_03_05_00,G,average,100,91.79,0.51,00,03,05,00
Farmer_Drought_Measure_Costs,00_03_05_00,G&Wp,average,20,5.19,0.21,00,03,05,00
Farmer_Drought_Measure_Costs,00_03_05_00,G&Wp,average,60,44.87,0.45,00,03,05,00
Farmer_Drought_Measure_Costs,00_03_05_00,G&Wp,average,100,106.26,0.59,00,03,05,00
Farmer_Drought_Measure_Costs,00_03_05_00,Wp,average,20,5.22,0.21,00,03,05,00
Farmer_Drought_Measure_Costs,00_03_05_00,Wp,average,60,53.17,0.53,00,03,05,00
Farmer_Drought_Measure_Costs,00_03_05_00,Wp,average,100,120.73,0.67,00,03,05,00
Farmer_Drought_Measure_Costs,00_03_07_00,D,average,20,5.1,0.2,00,03,07,00
Farmer_Drought_Measure_Costs,00_03_07_00,D,average,60,26.64,0.27,00,03,07,00
Farmer_Drought_Measure_Costs,00_03_07_00,D,average,100,58.21,0.32,00,03,07,00
Farmer_Drought_Measure_Costs,00_03_07_00,D&G,average,20,5.12,0.2,00,03,07,00
Farmer_Drought_Measure_Costs,00_03_07_00,D&G,average,60,27.32,0.27,00,03,07,00
Farmer_Drought_Measure_Costs,00_03_07_00,D&G,average,100,59.39,0.33,00,03,07,00
Farmer_Drought_Measure_Costs,00_03_07_00,D&G&Wp,average,20,5.14,0.21,00,03,07,00
Farmer_Drought_Measure_Costs,00_03_07_00,D&G&Wp,average,60,34.96,0.35,00,03,07,00
Farmer_Drought_Measure_Costs,00_03_07_00,D&G&Wp,average,100,77.36,0.43,00,03,07,00
Farmer_Drought_Measure_Costs,00_03_07_00,D&Wp,average,20,5.15,0.21,00,03,07,00
Farmer_Drought_Measure_Costs,00_03_07_00,D&Wp,average,60,38.43,0.38,00,03,07,00
Farmer_Drought_Measure_Costs,00_03_07_00,D&Wp,average,100,85.75,0.48,00,03,07,00
Farmer_Drought_Measure_Costs,00_03_07_00,G,average,20,5.13,0.21,00,03,07,00
Farmer_Drought_Measure_Costs,00_03_07_00,G,average,60,28.0,0.28,00,03,07,00
Farmer_Drought_Measure_Costs,00_03_07_00,G,average,100,60.57,0.34,00,03,07,00
Farmer_Drought_Measure_Costs,00_03_07_00,G&Wp,average,20,5.16,0.21,00,03,07,00
Farmer_Drought_Measure_Costs,00_03_07_00,G&Wp,average,60,39.11,0.39,00,03,07,00
Farmer_Drought_Measure_Costs,00_03_07_00,G&Wp,average,100,86.93,0.48,00,03,07,00
Farmer_Drought_Measure_Costs,00_03_07_00,Wp,average,20,5.19,0.21,00,03,07,00
Farmer_Drought_Measure_Costs,00_03_07_00,Wp,average,60,50.23,0.5,00,03,07,00
Farmer_Drought_Measure_Costs,00_03_07_00,Wp,average,100,113.29,0.63,00,03,07,00
Farmer_Drought_Measure_Costs,00_03_09_00,D,average,20,5.13,0.21,00,03,09,00
Farmer_Drought_Measure_Costs,00_03_09_00,D,average,60,32.01,0.32,00,03,09,00
Farmer_Drought_Measure_Costs,00_03_09_00,D,average,100,74.4,0.41,00,03,09,00
Farmer_Drought_Measure_Costs,00_03_09_00,D&G,average,20,5.14,0.21,00,03,09,00
Farmer_Drought_Measure_Costs,00_03_09_00,D&G,average,60,34.29,0.34,00,03,09,00
Farmer_Drought_Measure_Costs,00_03_09_00,D&G,average,100,83.1,0.46,00,03,09,00
Farmer_Drought_Measure_Costs,00_03_09_00,D&G&Wp,average,20,5.17,0.21,00,03,09,00
Farmer_Drought_Measure_Costs,00_03_09_00,D&G&Wp,average,60,40.58,0.41,00,03,09,00
Farmer_Drought_Measure_Costs,00_03_09_00,D&G&Wp,average,100,95.64,0.53,00,03,09,00
Farmer_Drought_Measure_Costs,00_03_09_00,D&Wp,average,20,5.17,0.21,00,03,09,00
Farmer_Drought_Measure_Costs,00_03_09_00,D&Wp,average,60,42.59,0.43,00,03,09,00
Farmer_Drought_Measure_Costs,00_03_09_00,D&Wp,average,100,97.57,0.54,00,03,09,00
Farmer_Drought_Measure_Costs,00_03_09_00,G,average,20,5.16,0.21,00,03,09,00
Farmer_Drought_Measure_Costs,00_03_09_00,G,average,60,36.58,0.37,00,03,09,00
Farmer_Drought_Measure_Costs,00_03_09_00,G,average,100,91.79,0.51,00,03,09,00
Farmer_Drought_Measure_Costs,00_03_09_00,G&Wp,average,20,5.19,0.21,00,03,09,00
Farmer_Drought_Measure_Costs,00_03_09_00,G&Wp,average,60,44.87,0.45,00,03,09,00
Farmer_Drought_Measure_Costs,00_03_09_00,G&Wp,average,100,106.26,0.59,00,03,09,00
Farmer_Drought_Measure_Costs,00_03_09_00,Wp,average,20,5.22,0.21,00,03,09,00
Farmer_Drought_Measure_Costs,00_03_09_00,Wp,average,60,53.17,0.53,00,03,09,00
Farmer_Drought_Measure_Costs,00_03_09_00,Wp,average,100,120.73,0.67,00,03,09,00
Farmer_Drought_Measure_Costs,00_03_11_00,D,average,20,5.13,0.21,00,03,11,00
Farmer_Drought_Measure_Costs,00_03_11_00,D,average,60,32.69,0.33,00,03,11,00
Farmer_Drought_Measure_Costs,00_03_11_00,D,average,100,75.08,0.42,00,03,11,00
Farmer_Drought_Measure_Costs,00_03_11_00,D&G,average,20,5.14,0.21,00,03,11,00
Farmer_Drought_Measure_Costs,00_03_11_00,D&G,average,60,34.7,0.35,00,03,11,00
Farmer_Drought_Measure_Costs,00_03_11_00,D&G,average,100,83.5,0.46,00,03,11,00
Farmer_Drought_Measure_Costs,00_03_11_00,D&G&Wp,average,20,5.17,0.21,00,03,11,00
Farmer_Drought_Measure_Costs,00_03_11_00,D&G&Wp,average,60,40.86,0.41,00,03,11,00
Farmer_Drought_Measure_Costs,00_03_11_00,D&G&Wp,average,100,95.91,0.53,00,03,11,00
Farmer_Drought_Measure_Costs,00_03_11_00,D&Wp,average,20,5.17,0.21,00,03,11,00
Farmer_Drought_Measure_Costs,00_03_11_00,D&Wp,average,60,42.93,0.43,00,03,11,00
Farmer_Drought_Measure_Costs,00_03_11_00,D&Wp,average,100,97.91,0.54,00,03,11,00
Farmer_Drought_Measure_Costs,00_03_11_00,G,average,20,5.16,0.21,00,03,11,00
Farmer_Drought_Measure_Costs,00_03_11_00,G,average,60,36.7,0.37,00,03,11,00
Farmer_Drought_Measure_Costs,00_03_11_00,G,average,100,91.92,0.51,00,03,11,00
Farmer_Drought_Measure_Costs,00_03_11_00,G&Wp,average,20,5.19,0.21,00,03,11,00
Farmer_Drought_Measure_Costs,00_03_11_00,G&Wp,average,60,44.94,0.45,00,03,11,00
Farmer_Drought_Measure_Costs,00_03_11_00,G&Wp,average,100,106.33,0.59,00,03,11,00
Farmer_Drought_Measure_Costs,00_03_11_00,Wp,average,20,5.22,0.21,00,03,11,00
Farmer_Drought_Measure_Costs,00_03_11_00,Wp,average,60,53.17,0.53,00,03,11,00
Farmer_Drought_Measure_Costs,00_03_11_00,Wp,average,100,120.73,0.67,00,03,11,00
Farmer_Drought_Measure_Costs,00_03_13_00,D,average,20,5.13,0.21,00,03,13,00
Farmer_Drought_Measure_Costs,00_03_13_00,D,average,60,31.53,0.32,00,03,13,00
Farmer_Drought_Measure_Costs,00_03_13_00,D,average,100,70.69,0.39,00,03,13,00
Farmer_Drought_Measure_Costs,00_03_13_00,D&G,average,20,5.14,0.21,00,03,13,00
Farmer_Drought_Measure_Costs,00_03_13_00,D&G,average,60,33.67,0.34,00,03,13,00
Farmer_Drought_Measure_Costs,00_03_13_00,D&G,average,100,76.45,0.42,00,03,13,00
Farmer_Drought_Measure_Costs,00_03_13_00,D&G&Wp,average,20,5.17,0.21,00,03,13,00
Farmer_Drought_Measure_Costs,00_03_13_00,D&G&Wp,average,60,39.81,0.4,00,03,13,00
Farmer_Drought_Measure_Costs,00_03_13_00,D&G&Wp,average,100,89.4,0.5,00,03,13,00
Farmer_Drought_Measure_Costs,00_03_13_00,D&Wp,average,20,5.17,0.21,00,03,13,00
Farmer_Drought_Measure_Costs,00_03_13_00,D&Wp,average,60,41.82,0.42,00,03,13,00
Farmer_Drought_Measure_Costs,00_03_13_00,D&Wp,average,100,93.01,0.52,00,03,13,00
Farmer_Drought_Measure_Costs,00_03_13_00,G,average,20,5.16,0.21,00,03,13,00
Farmer_Drought_Measure_Costs,00_03_13_00,G,average,60,35.8,0.36,00,03,13,00
Farmer_Drought_Measure_Costs,00_03_13_00,G,average,100,82.2,0.46,00,03,13,00
Farmer_Drought_Measure_Costs,00_03_13_00,G&Wp,average,20,5.19,0.21,00,03,13,00
Farmer_Drought_Measure_Costs,00_03_13_00,G&Wp,average,60,43.95,0.44,00,03,13,00
Farmer_Drought_Measure_Costs,00_03_13_00,G&Wp,average,100,98.76,0.55,00,03,13,00
Farmer_Drought_Measure_Costs,00_03_13_00,Wp,average,20,5.22,0.21,00,03,13,00
Farmer_Drought_Measure_Costs,00_03_13_00,Wp,average,60,52.1,0.52,00,03,13,00
Farmer_Drought_Measure_Costs,00_03_13_00,Wp,average,100,115.32,0.64,00,03,13,00
Farmer_Drought_Measure_Costs,00_05_00_00,D,average,20,7.97,0.32,00,05,00,00
Farmer_Drought_Measure_Costs,00_05_00_00,D,average,60,68.31,0.68,00,05,00,00
Farmer_Drought_Measure_Costs,00_05_00_00,D,average,100,133.5,0.74,00,05,00,00
Farmer_Drought_Measure_Costs,00_05_00_00,D&G,average,20,8.59,0.34,00,05,00,00
Farmer_Drought_Measure_Costs,00_05_00_00,D&G,average,60,71.7,0.72,00,05,00,00
Farmer_Drought_Measure_Costs,00_05_00_00,D&G,average,100,137.83,0.77,00,05,00,00
Farmer_Drought_Measure_Costs,00_05_00_00,D&G&Wp,average,20,9.7,0.39,00,05,00,00
Farmer_Drought_Measure_Costs,00_05_00_00,D&G&Wp,average,60,75.4,0.75,00,05,00,00
Farmer_Drought_Measure_Costs,00_05_00_00,D&G&Wp,average,100,143.54,0.8,00,05,00,00
Farmer_Drought_Measure_Costs,00_05_00_00,D&Wp,average,20,9.94,0.4,00,05,00,00
Farmer_Drought_Measure_Costs,00_05_00_00,D&Wp,average,60,75.56,0.76,00,05,00,00
Farmer_Drought_Measure_Costs,00_05_00_00,D&Wp,average,100,144.23,0.8,00,05,00,00
Farmer_Drought_Measure_Costs,00_05_00_00,G,average,20,9.22,0.37,00,05,00,00
Farmer_Drought_Measure_Costs,00_05_00_00,G,average,60,75.09,0.75,00,05,00,00
Farmer_Drought_Measure_Costs,00_05_00_00,G,average,100,142.16,0.79,00,05,00,00
Farmer_Drought_Measure_Costs,00_05_00_00,G&Wp,average,20,10.57,0.42,00,05,00,00
Farmer_Drought_Measure_Costs,00_05_00_00,G&Wp,average,60,78.94,0.79,00,05,00,00
Farmer_Drought_Measure_Costs,00_05_00_00,G&Wp,average,100,148.56,0.83,00,05,00,00
Farmer_Drought_Measure_Costs,00_05_00_00,Wp,average,20,11.92,0.48,00,05,00,00
Farmer_Drought_Measure_Costs,00_05_00_00,Wp,average,60,82.8,0.83,00,05,00,00
Farmer_Drought_Measure_Costs,00_05_00_00,Wp,average,100,154.97,0.86,00,05,00,00
Farmer_Drought_Measure_Costs,00_05_01_00,D,average,20,7.97,0.32,00,05,01,00
Farmer_Drought_Measure_Costs,00_05_01_00,D,average,60,68.31,0.68,00,05,01,00
Farmer_Drought_Measure_Costs,00_05_01_00,D,average,100,133.5,0.74,00,05,01,00
Farmer_Drought_Measure_Costs,00_05_01_00,D&G,average,20,8.59,0.34,00,05,01,00
Farmer_Drought_Measure_Costs,00_05_01_00,D&G,average,60,71.7,0.72,00,05,01,00
Farmer_Drought_Measure_Costs,00_05_01_00,D&G,average,100,137.83,0.77,00,05,01,00
Farmer_Drought_Measure_Costs,00_05_01_00,D&G&Wp,average,20,9.7,0.39,00,05,01,00
Farmer_Drought_Measure_Costs,00_05_01_00,D&G&Wp,average,60,75.4,0.75,00,05,01,00
Farmer_Drought_Measure_Costs,00_05_01_00,D&G&Wp,average,100,143.55,0.8,00,05,01,00
Farmer_Drought_Measure_Costs,00_05_01_00,D&Wp,average,20,9.94,0.4,00,05,01,00
Farmer_Drought_Measure_Costs,00_05_01_00,D&Wp,average,60,75.56,0.76,00,05,01,00
Farmer_Drought_Measure_Costs,00_05_01_00,D&Wp,average,100,144.24,0.8,00,05,01,00
Farmer_Drought_Measure_Costs,00_05_01_00,G,average,20,9.22,0.37,00,05,01,00
Farmer_Drought_Measure_Costs,00_05_01_00,G,average,60,75.09,0.75,00,05,01,00
Farmer_Drought_Measure_Costs,00_05_01_00,G,average,100,142.16,0.79,00,05,01,00
Farmer_Drought_Measure_Costs,00_05_01_00,G&Wp,average,20,10.57,0.42,00,05,01,00
Farmer_Drought_Measure_Costs,00_05_01_00,G&Wp,average,60,78.94,0.79,00,05,01,00
Farmer_Drought_Measure_Costs,00_05_01_00,G&Wp,average,100,148.57,0.83,00,05,01,00
Farmer_Drought_Measure_Costs,00_05_01_00,Wp,average,20,11.92,0.48,00,05,01,00
Farmer_Drought_Measure_Costs,00_05_01_00,Wp,average,60,82.8,0.83,00,05,01,00
Farmer_Drought_Measure_Costs,00_05_01_00,Wp,average,100,154.98,0.86,00,05,01,00
Farmer_Drought_Measure_Costs,00_05_03_00,D,average,20,7.97,0.32,00,05,03,00
Farmer_Drought_Measure_Costs,00_05_03_00,D,average,60,68.31,0.68,00,05,03,00
Farmer_Drought_Measure_Costs,00_05_03_00,D,average,100,133.5,0.74,00,05,03,00
Farmer_Drought_Measure_Costs,00_05_03_00,D&G,average,20,8.59,0.34,00,05,03,00
Farmer_Drought_Measure_Costs,00_05_03_00,D&G,average,60,71.7,0.72,00,05,03,00
Farmer_Drought_Measure_Costs,00_05_03_00,D&G,average,100,137.83,0.77,00,05,03,00
Farmer_Drought_Measure_Costs,00_05_03_00,D&G&Wp,average,20,9.7,0.39,00,05,03,00
Farmer_Drought_Measure_Costs,00_05_03_00,D&G&Wp,average,60,75.4,0.75,00,05,03,00
Farmer_Drought_Measure_Costs,00_05_03_00,D&G&Wp,average,100,143.55,0.8,00,05,03,00
Farmer_Drought_Measure_Costs,00_05_03_00,D&Wp,average,20,9.94,0.4,00,05,03,00
Farmer_Drought_Measure_Costs,00_05_03_00,D&Wp,average,60,75.56,0.76,00,05,03,00
Farmer_Drought_Measure_Costs,00_05_03_00,D&Wp,average,100,144.24,0.8,00,05,03,00
Farmer_Drought_Measure_Costs,00_05_03_00,G,average,20,9.22,0.37,00,05,03,00
Farmer_Drought_Measure_Costs,00_05_03_00,G,average,60,75.09,0.75,00,05,03,00
Farmer_Drought_Measure_Costs,00_05_03_00,G,average,100,142.16,0.79,00,05,03,00
Farmer_Drought_Measure_Costs,00_05_03_00,G&Wp,average,20,10.57,0.42,00,05,03,00
Farmer_Drought_Measure_Costs,00_05_03_00,G&Wp,average,60,78.94,0.79,00,05,03,00
Farmer_Drought_Measure_Costs,00_05_03_00,G&Wp,average,100,148.57,0.83,00,05,03,00
Farmer_Drought_Measure_Costs,00_05_03_00,Wp,average,20,11.92,0.48,00,05,03,00
Farmer_Drought_Measure_Costs,00_05_03_00,Wp,average,60,82.8,0.83,00,05,03,00
Farmer_Drought_Measure_Costs,00_05_03_00,Wp,average,100,154.98,0.86,00,05,03,00
Farmer_Drought_Measure_Costs,00_05_05_00,D,average,20,7.97,0.32,00,05,05,00
Farmer_Drought_Measure_Costs,00_05_05_00,D,average,60,68.31,0.68,00,05,05,00
Farmer_Drought_Measure_Costs,00_05_05_00,D,average,100,133.5,0.74,00,05,05,00
Farmer_Drought_Measure_Costs,00_05_05_00,D&G,average,20,8.59,0.34,00,05,05,00
Farmer_Drought_Measure_Costs,00_05_05_00,D&G,average,60,71.7,0.72,00,05,05,00
Farmer_Drought_Measure_Costs,00_05_05_00,D&G,average,100,137.83,0.77,00,05,05,00
Farmer_Drought_Measure_Costs,00_05_05_00,D&G&Wp,average,20,9.7,0.39,00,05,05,00
Farmer_Drought_Measure_Costs,00_05_05_00,D&G&Wp,average,60,75.4,0.75,00,05,05,00
Farmer_Drought_Measure_Costs,00_05_05_00,D&G&Wp,average,100,143.55,0.8,00,05,05,00
Farmer_Drought_Measure_Costs,00_05_05_00,D&Wp,average,20,9.94,0.4,00,05,05,00
Farmer_Drought_Measure_Costs,00_05_05_00,D&Wp,average,60,75.56,0.76,00,05,05,00
Farmer_Drought_Measure_Costs,00_05_05_00,D&Wp,average,100,144.24,0.8,00,05,05,00
Farmer_Drought_Measure_Costs,00_05_05_00,G,average,20,9.22,0.37,00,05,05,00
Farmer_Drought_Measure_Costs,00_05_05_00,G,average,60,75.09,0.75,00,05,05,00
Farmer_Drought_Measure_Costs,00_05_05_00,G,average,100,142.16,0.79,00,05,05,00
Farmer_Drought_Measure_Costs,00_05_05_00,G&Wp,average,20,10.57,0.42,00,05,05,00
Farmer_Drought_Measure_Costs,00_05_05_00,G&Wp,average,60,78.94,0.79,00,05,05,00
Farmer_Drought_Measure_Costs,00_05_05_00,G&Wp,average,100,148.57,0.83,00,05,05,00
Farmer_Drought_Measure_Costs,00_05_05_00,Wp,average,20,11.92,0.48,00,05,05,00
Farmer_Drought_Measure_Costs,00_05_05_00,Wp,average,60,82.8,0.83,00,05,05,00
Farmer_Drought_Measure_Costs,00_05_05_00,Wp,average,100,154.98,0.86,00,05,05,00
Farmer_Drought_Measure_Costs,00_05_07_00,D,average,20,6.68,0.27,00,05,07,00
Farmer_Drought_Measure_Costs,00_05_07_00,D,average,60,60.21,0.6,00,05,07,00
Farmer_Drought_Measure_Costs,00_05_07_00,D,average,100,119.71,0.67,00,05,07,00
Farmer_Drought_Measure_Costs,00_05_07_00,D&G,average,20,7.3,0.29,00,05,07,00
Farmer_Drought_Measure_Costs,00_05_07_00,D&G,average,60,63.87,0.64,00,05,07,00
Farmer_Drought_Measure_Costs,00_05_07_00,D&G,average,100,124.38,0.69,00,05,07,00
Farmer_Drought_Measure_Costs,00_05_07_00,D&G&Wp,average,20,8.41,0.34,00,05,07,00
Farmer_Drought_Measure_Costs,00_05_07_00,D&G&Wp,average,60,68.64,0.69,00,05,07,00
Farmer_Drought_Measure_Costs,00_05_07_00,D&G&Wp,average,100,130.32,0.72,00,05,07,00
Farmer_Drought_Measure_Costs,00_05_07_00,D&Wp,average,20,8.65,0.35,00,05,07,00
Farmer_Drought_Measure_Costs,00_05_07_00,D&Wp,average,60,69.2,0.69,00,05,07,00
Farmer_Drought_Measure_Costs,00_05_07_00,D&Wp,average,100,130.95,0.73,00,05,07,00
Farmer_Drought_Measure_Costs,00_05_07_00,G,average,20,7.93,0.32,00,05,07,00
Farmer_Drought_Measure_Costs,00_05_07_00,G,average,60,67.54,0.68,00,05,07,00
Farmer_Drought_Measure_Costs,00_05_07_00,G,average,100,129.05,0.72,00,05,07,00
Farmer_Drought_Measure_Costs,00_05_07_00,G&Wp,average,20,9.27,0.37,00,05,07,00
Farmer_Drought_Measure_Costs,00_05_07_00,G&Wp,average,60,72.86,0.73,00,05,07,00
Farmer_Drought_Measure_Costs,00_05_07_00,G&Wp,average,100,135.62,0.75,00,05,07,00
Farmer_Drought_Measure_Costs,00_05_07_00,Wp,average,20,10.62,0.42,00,05,07,00
Farmer_Drought_Measure_Costs,00_05_07_00,Wp,average,60,78.18,0.78,00,05,07,00
Farmer_Drought_Measure_Costs,00_05_07_00,Wp,average,100,142.19,0.79,00,05,07,00
Farmer_Drought_Measure_Costs,00_05_09_00,D,average,20,7.97,0.32,00,05,09,00
Farmer_Drought_Measure_Costs,00_05_09_00,D,average,60,68.31,0.68,00,05,09,00
Farmer_Drought_Measure_Costs,00_05_09_00,D,average,100,133.5,0.74,00,05,09,00
Farmer_Drought_Measure_Costs,00_05_09_00,D&G,average,20,8.59,0.34,00,05,09,00
Farmer_Drought_Measure_Costs,00_05_09_00,D&G,average,60,71.7,0.72,00,05,09,00
Farmer_Drought_Measure_Costs,00_05_09_00,D&G,average,100,137.83,0.77,00,05,09,00
Farmer_Drought_Measure_Costs,00_05_09_00,D&G&Wp,average,20,9.7,0.39,00,05,09,00
Farmer_Drought_Measure_Costs,00_05_09_00,D&G&Wp,average,60,75.4,0.75,00,05,09,00
Farmer_Drought_Measure_Costs,00_05_09_00,D&G&Wp,average,100,143.55,0.8,00,05,09,00
Farmer_Drought_Measure_Costs,00_05_09_00,D&Wp,average,20,9.94,0.4,00,05,09,00
Farmer_Drought_Measure_Costs,00_05_09_00,D&Wp,average,60,75.56,0.76,00,05,09,00
Farmer_Drought_Measure_Costs,00_05_09_00,D&Wp,average,100,144.24,0.8,00,05,09,00
Farmer_Drought_Measure_Costs,00_05_09_00,G,average,20,9.22,0.37,00,05,09,00
Farmer_Drought_Measure_Costs,00_05_09_00,G,average,60,75.09,0.75,00,05,09,00
Farmer_Drought_Measure_Costs,00_05_09_00,G,average,100,142.16,0.79,00,05,09,00
Farmer_Drought_Measure_Costs,00_05_09_00,G&Wp,average,20,10.57,0.42,00,05,09,00
Farmer_Drought_Measure_Costs,00_05_09_00,G&Wp,average,60,78.94,0.79,00,05,09,00
Farmer_Drought_Measure_Costs,00_05_09_00,G&Wp,average,100,148.57,0.83,00,05,09,00
Farmer_Drought_Measure_Costs,00_05_09_00,Wp,average,20,11.92,0.48,00,05,09,00
Farmer_Drought_Measure_Costs,00_05_09_00,Wp,average,60,82.8,0.83,00,05,09,00
Farmer_Drought_Measure_Costs,00_05_09_00,Wp,average,100,154.98,0.86,00,05,09,00
Farmer_Drought_Measure_Costs,00_05_11_00,D,average,20,7.97,0.32,00,05,11,00
Farmer_Drought_Measure_Costs,00_05_11_00,D,average,60,68.31,0.68,00,05,11,00
Farmer_Drought_Measure_Costs,00_05_11_00,D,average,100,133.5,0.74,00,05,11,00
Farmer_Drought_Measure_Costs,00_05_11_00,D&G,average,20,8.59,0.34,00,05,11,00
Farmer_Drought_Measure_Costs,00_05_11_00,D&G,average,60,71.7,0.72,00,05,11,00
Farmer_Drought_Measure_Costs,00_05_11_00,D&G,average,100,137.83,0.77,00,05,11,00
Farmer_Drought_Measure_Costs,00_05_11_00,D&G&Wp,average,20,9.7,0.39,00,05,11,00
Farmer_Drought_Measure_Costs,00_05_11_00,D&G&Wp,average,60,75.4,0.75,00,05,11,00
Farmer_Drought_Measure_Costs,00_05_11_00,D&G&Wp,average,100,143.55,0.8,00,05,11,00
Farmer_Drought_Measure_Costs,00_05_11_00,D&Wp,average,20,9.94,0.4,00,05,11,00
Farmer_Drought_Measure_Costs,00_05_11_00,D&Wp,average,60,75.56,0.76,00,05,11,00
Farmer_Drought_Measure_Costs,00_05_11_00,D&Wp,average,100,144.24,0.8,00,05,11,00
Farmer_Drought_Measure_Costs,00_05_11_00,G,average,20,9.22,0.37,00,05,11,00
Farmer_Drought_Measure_Costs,00_05_11_00,G,average,60,75.09,0.75,00,05,11,00
Farmer_Drought_Measure_Costs,00_05_11_00,G,average,100,142.16,0.79,00,05,11,00
Farmer_Drought_Measure_Costs,00_05_11_00,G&Wp,average,20,10.57,0.42,00,05,11,00
Farmer_Drought_Measure_Costs,00_05_11_00,G&Wp,average,60,78.94,0.79,00,05,11,00
Farmer_Drought_Measure_Costs,00_05_11_00,G&Wp,average,100,148.57,0.83,00,05,11,00
Farmer_Drought_Measure_Costs,00_05_11_00,Wp,average,20,11.92,0.48,00,05,11,00
Farmer_Drought_Measure_Costs,00_05_11_00,Wp,average,60,82.8,0.83,00,05,11,00
Farmer_Drought_Measure_Costs,00_05_11_00,Wp,average,100,154.98,0.86,00,05,11,00
Farmer_Drought_Measure_Costs,00_05_13_00,D,average,20,7.97,0.32,00,05,13,00
Farmer_Drought_Measure_Costs,00_05_13_00,D,average,60,67.31,0.67,00,05,13,00
Farmer_Drought_Measure_Costs,00_05_13_00,D,average,100,128.38,0.71,00,05,13,00
Farmer_Drought_Measure_Costs,00_05_13_00,D&G,average,20,8.59,0.34,00,05,13,00
Farmer_Drought_Measure_Costs,00_05_13_00,D&G,average,60,70.66,0.71,00,05,13,00
Farmer_Drought_Measure_Costs,00_05_13_00,D&G,average,100,132.39,0.74,00,05,13,00
Farmer_Drought_Measure_Costs,00_05_13_00,D&G&Wp,average,20,9.7,0.39,00,05,13,00
Farmer_Drought_Measure_Costs,00_05_13_00,D&G&Wp,average,60,74.3,0.74,00,05,13,00
Farmer_Drought_Measure_Costs,00_05_13_00,D&G&Wp,average,100,136.99,0.76,00,05,13,00
Farmer_Drought_Measure_Costs,00_05_13_00,D&Wp,average,20,9.94,0.4,00,05,13,00
Farmer_Drought_Measure_Costs,00_05_13_00,D&Wp,average,60,74.45,0.74,00,05,13,00
Farmer_Drought_Measure_Costs,00_05_13_00,D&Wp,average,100,137.28,0.76,00,05,13,00
Farmer_Drought_Measure_Costs,00_05_13_00,G,average,20,9.22,0.37,00,05,13,00
Farmer_Drought_Measure_Costs,00_05_13_00,G,average,60,74.01,0.74,00,05,13,00
Farmer_Drought_Measure_Costs,00_05_13_00,G,average,100,136.41,0.76,00,05,13,00
Farmer_Drought_Measure_Costs,00_05_13_00,G&Wp,average,20,10.57,0.42,00,05,13,00
Farmer_Drought_Measure_Costs,00_05_13_00,G&Wp,average,60,77.8,0.78,00,05,13,00
Farmer_Drought_Measure_Costs,00_05_13_00,G&Wp,average,100,141.29,0.78,00,05,13,00
Farmer_Drought_Measure_Costs,00_05_13_00,Wp,average,20,11.92,0.48,00,05,13,00
Farmer_Drought_Measure_Costs,00_05_13_00,Wp,average,60,81.6,0.82,00,05,13,00
Farmer_Drought_Measure_Costs,00_05_13_00,Wp,average,100,146.18,0.81,00,05,13,00
Farmer_Drought_Measure_Costs,00_06_00_00,D,average,20,6.61,0.26,00,06,00,00
Farmer_Drought_Measure_Costs,00_06_00_00,D,average,60,49.75,0.5,00,06,00,00
Farmer_Drought_Measure_Costs,00_06_00_00,D,average,100,107.68,0.6,00,06,00,00
Farmer_Drought_Measure_Costs,00_06_00_00,D&G,average,20,6.9,0.28,00,06,00,00
Farmer_Drought_Measure_Costs,00_06_00_00,D&G,average,60,51.54,0.52,00,06,00,00
Farmer_Drought_Measure_Costs,00_06_00_00,D&G,average,100,110.73,0.62,00,06,00,00
Farmer_Drought_Measure_Costs,00_06_00_00,D&G&Wp,average,20,7.42,0.3,00,06,00,00
Farmer_Drought_Measure_Costs,00_06_00_00,D&G&Wp,average,60,57.13,0.57,00,06,00,00
Farmer_Drought_Measure_Costs,00_06_00_00,D&G&Wp,average,100,118.89,0.66,00,06,00,00
Farmer_Drought_Measure_Costs,00_06_00_00,D&Wp,average,20,7.54,0.3,00,06,00,00
Farmer_Drought_Measure_Costs,00_06_00_00,D&Wp,average,60,59.03,0.59,00,06,00,00
Farmer_Drought_Measure_Costs,00_06_00_00,D&Wp,average,100,121.44,0.67,00,06,00,00
Farmer_Drought_Measure_Costs,00_06_00_00,G,average,20,7.18,0.29,00,06,00,00
Farmer_Drought_Measure_Costs,00_06_00_00,G,average,60,53.34,0.53,00,06,00,00
Farmer_Drought_Measure_Costs,00_06_00_00,G,average,100,113.78,0.63,00,06,00,00
Farmer_Drought_Measure_Costs,00_06_00_00,G&Wp,average,20,7.83,0.31,00,06,00,00
Farmer_Drought_Measure_Costs,00_06_00_00,G&Wp,average,60,60.82,0.61,00,06,00,00
Farmer_Drought_Measure_Costs,00_06_00_00,G&Wp,average,100,124.49,0.69,00,06,00,00
Farmer_Drought_Measure_Costs,00_06_00_00,Wp,average,20,8.47,0.34,00,06,00,00
Farmer_Drought_Measure_Costs,00_06_00_00,Wp,average,60,68.31,0.68,00,06,00,00
Farmer_Drought_Measure_Costs,00_06_00_00,Wp,average,100,135.2,0.75,00,06,00,00
Farmer_Drought_Measure_Costs,00_06_01_00,D,average,20,6.61,0.26,00,06,01,00
Farmer_Drought_Measure_Costs,00_06_01_00,D,average,60,49.75,0.5,00,06,01,00
Farmer_Drought_Measure_Costs,00_06_01_00,D,average,100,107.68,0.6,00,06,01,00
Farmer_Drought_Measure_Costs,00_06_01_00,D&G,average,20,6.9,0.28,00,06,01,00
Farmer_Drought_Measure_Costs,00_06_01_00,D&G,average,60,51.54,0.52,00,06,01,00
Farmer_Drought_Measure_Costs,00_06_01_00,D&G,average,100,110.73,0.62,00,06,01,00
Farmer_Drought_Measure_Costs,00_06_01_00,D&G&Wp,average,20,7.42,0.3,00,06,01,00
Farmer_Drought_Measure_Costs,00_06_01_00,D&G&Wp,average,60,57.13,0.57,00,06,01,00
Farmer_Drought_Measure_Costs,00_06_01_00,D&G&Wp,average,100,118.89,0.66,00,06,01,00
Farmer_Drought_Measure_Costs,00_06_01_00,D&Wp,average,20,7.54,0.3,00,06,01,00
Farmer_Drought_Measure_Costs,00_06_01_00,D&Wp,average,60,59.03,0.59,00,06,01,00
Farmer_Drought_Measure_Costs,00_06_01_00,D&Wp,average,100,121.44,0.67,00,06,01,00
Farmer_Drought_Measure_Costs,00_06_01_00,G,average,20,7.18,0.29,00,06,01,00
Farmer_Drought_Measure_Costs,00_06_01_00,G,average,60,53.34,0.53,00,06,01,00
Farmer_Drought_Measure_Costs,00_06_01_00,G,average,100,113.78,0.63,00,06,01,00
Farmer_Drought_Measure_Costs,00_06_01_00,G&Wp,average,20,7.83,0.31,00,06,01,00
Farmer_Drought_Measure_Costs,00_06_01_00,G&Wp,average,60,60.82,0.61,00,06,01,00
Farmer_Drought_Measure_Costs,00_06_01_00,G&Wp,average,100,124.49,0.69,00,06,01,00
Farmer_Drought_Measure_Costs,00_06_01_00,Wp,average,20,8.47,0.34,00,06,01,00
Farmer_Drought_Measure_Costs,00_06_01_00,Wp,average,60,68.31,0.68,00,06,01,00
Farmer_Drought_Measure_Costs,00_06_01_00,Wp,average,100,135.2,0.75,00,06,01,00
Farmer_Drought_Measure_Costs,00_06_03_00,D,average,20,6.61,0.26,00,06,03,00
Farmer_Drought_Measure_Costs,00_06_03_00,D,average,60,49.75,0.5,00,06,03,00
Farmer_Drought_Measure_Costs,00_06_03_00,D,average,100,107.68,0.6,00,06,03,00
Farmer_Drought_Measure_Costs,00_06_03_00,D&G,average,20,6.9,0.28,00,06,03,00
Farmer_Drought_Measure_Costs,00_06_03_00,D&G,average,60,51.54,0.52,00,06,03,00
Farmer_Drought_Measure_Costs,00_06_03_00,D&G,average,100,110.73,0.62,00,06,03,00
Farmer_Drought_Measure_Costs,00_06_03_00,D&G&Wp,average,20,7.42,0.3,00,06,03,00
Farmer_Drought_Measure_Costs,00_06_03_00,D&G&Wp,average,60,57.13,0.57,00,06,03,00
Farmer_Drought_Measure_Costs,00_06_03_00,D&G&Wp,average,100,118.89,0.66,00,06,03,00
Farmer_Drought_Measure_Costs,00_06_03_00,D&Wp,average,20,7.54,0.3,00,06,03,00
Farmer_Drought_Measure_Costs,00_06_03_00,D&Wp,average,60,59.03,0.59,00,06,03,00
Farmer_Drought_Measure_Costs,00_06_03_00,D&Wp,average,100,121.44,0.67,00,06,03,00
Farmer_Drought_Measure_Costs,00_06_03_00,G,average,20,7.18,0.29,00,06,03,00
Farmer_Drought_Measure_Costs,00_06_03_00,G,average,60,53.34,0.53,00,06,03,00
Farmer_Drought_Measure_Costs,00_06_03_00,G,average,100,113.78,0.63,00,06,03,00
Farmer_Drought_Measure_Costs,00_06_03_00,G&Wp,average,20,7.83,0.31,00,06,03,00
Farmer_Drought_Measure_Costs,00_06_03_00,G&Wp,average,60,60.82,0.61,00,06,03,00
Farmer_Drought_Measure_Costs,00_06_03_00,G&Wp,average,100,124.49,0.69,00,06,03,00
Farmer_Drought_Measure_Costs,00_06_03_00,Wp,average,20,8.47,0.34,00,06,03,00
Farmer_Drought_Measure_Costs,00_06_03_00,Wp,average,60,68.31,0.68,00,06,03,00
Farmer_Drought_Measure_Costs,00_06_03_00,Wp,average,100,135.2,0.75,00,06,03,00
Farmer_Drought_Measure_Costs,00_06_05_00,D,average,20,6.61,0.26,00,06,05,00
Farmer_Drought_Measure_Costs,00_06_05_00,D,average,60,49.75,0.5,00,06,05,00
Farmer_Drought_Measure_Costs,00_06_05_00,D,average,100,107.68,0.6,00,06,05,00
Farmer_Drought_Measure_Costs,00_06_05_00,D&G,average,20,6.9,0.28,00,06,05,00
Farmer_Drought_Measure_Costs,00_06_05_00,D&G,average,60,51.54,0.52,00,06,05,00
Farmer_Drought_Measure_Costs,00_06_05_00,D&G,average,100,110.73,0.62,00,06,05,00
Farmer_Drought_Measure_Costs,00_06_05_00,D&G&Wp,average,20,7.42,0.3,00,06,05,00
Farmer_Drought_Measure_Costs,00_06_05_00,D&G&Wp,average,60,57.13,0.57,00,06,05,00
Farmer_Drought_Measure_Costs,00_06_05_00,D&G&Wp,average,100,118.89,0.66,00,06,05,00
Farmer_Drought_Measure_Costs,00_06_05_00,D&Wp,average,20,7.54,0.3,00,06,05,00
Farmer_Drought_Measure_Costs,00_06_05_00,D&Wp,average,60,59.03,0.59,00,06,05,00
Farmer_Drought_Measure_Costs,00_06_05_00,D&Wp,average,100,121.44,0.67,00,06,05,00
Farmer_Drought_Measure_Costs,00_06_05_00,G,average,20,7.18,0.29,00,06,05,00
Farmer_Drought_Measure_Costs,00_06_05_00,G,average,60,53.34,0.53,00,06,05,00
Farmer_Drought_Measure_Costs,00_06_05_00,G,average,100,113.78,0.63,00,06,05,00
Farmer_Drought_Measure_Costs,00_06_05_00,G&Wp,average,20,7.83,0.31,00,06,05,00
Farmer_Drought_Measure_Costs,00_06_05_00,G&Wp,average,60,60.82,0.61,00,06,05,00
Farmer_Drought_Measure_Costs,00_06_05_00,G&Wp,average,100,124.49,0.69,00,06,05,00
Farmer_Drought_Measure_Costs,00_06_05_00,Wp,average,20,8.47,0.34,00,06,05,00
Farmer_Drought_Measure_Costs,00_06_05_00,Wp,average,60,68.31,0.68,00,06,05,00
Farmer_Drought_Measure_Costs,00_06_05_00,Wp,average,100,135.2,0.75,00,06,05,00
Farmer_Drought_Measure_Costs,00_06_07_00,D,average,20,6.0,0.24,00,06,07,00
Farmer_Drought_Measure_Costs,00_06_07_00,D,average,60,42.29,0.42,00,06,07,00
Farmer_Drought_Measure_Costs,00_06_07_00,D,average,100,94.78,0.53,00,06,07,00
Farmer_Drought_Measure_Costs,00_06_07_00,D&G,average,20,6.31,0.25,00,06,07,00
Farmer_Drought_Measure_Costs,00_06_07_00,D&G,average,60,44.02,0.44,00,06,07,00
Farmer_Drought_Measure_Costs,00_06_07_00,D&G,average,100,97.98,0.54,00,06,07,00
Farmer_Drought_Measure_Costs,00_06_07_00,D&G&Wp,average,20,6.85,0.27,00,06,07,00
Farmer_Drought_Measure_Costs,00_06_07_00,D&G&Wp,average,60,50.71,0.51,00,06,07,00
Farmer_Drought_Measure_Costs,00_06_07_00,D&G&Wp,average,100,107.18,0.6,00,06,07,00
Farmer_Drought_Measure_Costs,00_06_07_00,D&Wp,average,20,6.96,0.28,00,06,07,00
Farmer_Drought_Measure_Costs,00_06_07_00,D&Wp,average,60,53.2,0.53,00,06,07,00
Farmer_Drought_Measure_Costs,00_06_07_00,D&Wp,average,100,110.18,0.61,00,06,07,00
Farmer_Drought_Measure_Costs,00_06_07_00,G,average,20,6.63,0.27,00,06,07,00
Farmer_Drought_Measure_Costs,00_06_07_00,G,average,60,45.74,0.46,00,06,07,00
Farmer_Drought_Measure_Costs,00_06_07_00,G,average,100,101.18,0.56,00,06,07,00
Farmer_Drought_Measure_Costs,00_06_07_00,G&Wp,average,20,7.27,0.29,00,06,07,00
Farmer_Drought_Measure_Costs,00_06_07_00,G&Wp,average,60,54.92,0.55,00,06,07,00
Farmer_Drought_Measure_Costs,00_06_07_00,G&Wp,average,100,113.38,0.63,00,06,07,00
Farmer_Drought_Measure_Costs,00_06_07_00,Wp,average,20,7.92,0.32,00,06,07,00
Farmer_Drought_Measure_Costs,00_06_07_00,Wp,average,60,64.1,0.64,00,06,07,00
Farmer_Drought_Measure_Costs,00_06_07_00,Wp,average,100,125.57,0.7,00,06,07,00
Farmer_Drought_Measure_Costs,00_06_09_00,D,average,20,6.61,0.26,00,06,09,00
Farmer_Drought_Measure_Costs,00_06_09_00,D,average,60,49.75,0.5,00,06,09,00
Farmer_Drought_Measure_Costs,00_06_09_00,D,average,100,107.68,0.6,00,06,09,00
Farmer_Drought_Measure_Costs,00_06_09_00,D&G,average,20,6.9,0.28,00,06,09,00
Farmer_Drought_Measure_Costs,00_06_09_00,D&G,average,60,51.54,0.52,00,06,09,00
Farmer_Drought_Measure_Costs,00_06_09_00,D&G,average,100,110.73,0.62,00,06,09,00
Farmer_Drought_Measure_Costs,00_06_09_00,D&G&Wp,average,20,7.42,0.3,00,06,09,00
Farmer_Drought_Measure_Costs,00_06_09_00,D&G&Wp,average,60,57.13,0.57,00,06,09,00
Farmer_Drought_Measure_Costs,00_06_09_00,D&G&Wp,average,100,118.89,0.66,00,06,09,00
Farmer_Drought_Measure_Costs,00_06_09_00,D&Wp,average,20,7.54,0.3,00,06,09,00
Farmer_Drought_Measure_Costs,00_06_09_00,D&Wp,average,60,59.03,0.59,00,06,09,00
Farmer_Drought_Measure_Costs,00_06_09_00,D&Wp,average,100,121.44,0.67,00,06,09,00
Farmer_Drought_Measure_Costs,00_06_09_00,G,average,20,7.18,0.29,00,06,09,00
Farmer_Drought_Measure_Costs,00_06_09_00,G,average,60,53.34,0.53,00,06,09,00
Farmer_Drought_Measure_Costs,00_06_09_00,G,average,100,113.78,0.63,00,06,09,00
Farmer_Drought_Measure_Costs,00_06_09_00,G&Wp,average,20,7.83,0.31,00,06,09,00
Farmer_Drought_Measure_Costs,00_06_09_00,G&Wp,average,60,60.82,0.61,00,06,09,00
Farmer_Drought_Measure_Costs,00_06_09_00,G&Wp,average,100,124.49,0.69,00,06,09,00
Farmer_Drought_Measure_Costs,00_06_09_00,Wp,average,20,8.47,0.34,00,06,09,00
Farmer_Drought_Measure_Costs,00_06_09_00,Wp,average,60,68.31,0.68,00,06,09,00
Farmer_Drought_Measure_Costs,00_06_09_00,Wp,average,100,135.2,0.75,00,06,09,00
Farmer_Drought_Measure_Costs,00_06_11_00,D,average,20,6.61,0.26,00,06,11,00
Farmer_Drought_Measure_Costs,00_06_11_00,D,average,60,49.75,0.5,00,06,11,00
Farmer_Drought_Measure_Costs,00_06_11_00,D,average,100,107.68,0.6,00,06,11,00
Farmer_Drought_Measure_Costs,00_06_11_00,D&G,average,20,6.9,0.28,00,06,11,00
Farmer_Drought_Measure_Costs,00_06_11_00,D&G,average,60,51.54,0.52,00,06,11,00
Farmer_Drought_Measure_Costs,00_06_11_00,D&G,average,100,110.73,0.62,00,06,11,00
Farmer_Drought_Measure_Costs,00_06_11_00,D&G&Wp,average,20,7.42,0.3,00,06,11,00
Farmer_Drought_Measure_Costs,00_06_11_00,D&G&Wp,average,60,57.13,0.57,00,06,11,00
Farmer_Drought_Measure_Costs,00_06_11_00,D&G&Wp,average,100,118.89,0.66,00,06,11,00
Farmer_Drought_Measure_Costs,00_06_11_00,D&Wp,average,20,7.54,0.3,00,06,11,00
Farmer_Drought_Measure_Costs,00_06_11_00,D&Wp,average,60,59.03,0.59,00,06,11,00
Farmer_Drought_Measure_Costs,00_06_11_00,D&Wp,average,100,121.44,0.67,00,06,11,00
Farmer_Drought_Measure_Costs,00_06_11_00,G,average,20,7.18,0.29,00,06,11,00
Farmer_Drought_Measure_Costs,00_06_11_00,G,average,60,53.34,0.53,00,06,11,00
Farmer_Drought_Measure_Costs,00_06_11_00,G,average,100,113.78,0.63,00,06,11,00
Farmer_Drought_Measure_Costs,00_06_11_00,G&Wp,average,20,7.83,0.31,00,06,11,00
Farmer_Drought_Measure_Costs,00_06_11_00,G&Wp,average,60,60.82,0.61,00,06,11,00
Farmer_Drought_Measure_Costs,00_06_11_00,G&Wp,average,100,124.49,0.69,00,06,11,00
Farmer_Drought_Measure_Costs,00_06_11_00,Wp,average,20,8.47,0.34,00,06,11,00
Farmer_Drought_Measure_Costs,00_06_11_00,Wp,average,60,68.31,0.68,00,06,11,00
Farmer_Drought_Measure_Costs,00_06_11_00,Wp,average,100,135.2,0.75,00,06,11,00
Farmer_Drought_Measure_Costs,00_06_13_00,D,average,20,6.61,0.26,00,06,13,00
Farmer_Drought_Measure_Costs,00_06_13_00,D,average,60,48.79,0.49,00,06,13,00
Farmer_Drought_Measure_Costs,00_06_13_00,D,average,100,102.7,0.57,00,06,13,00
Farmer_Drought_Measure_Costs,00_06_13_00,D&G,average,20,6.9,0.28,00,06,13,00
Farmer_Drought_Measure_Costs,00_06_13_00,D&G,average,60,50.54,0.51,00,06,13,00
Farmer_Drought_Measure_Costs,00_06_13_00,D&G,average,100,105.39,0.59,00,06,13,00
Farmer_Drought_Measure_Costs,00_06_13_00,D&G&Wp,average,20,7.42,0.3,00,06,13,00
Farmer_Drought_Measure_Costs,00_06_13_00,D&G&Wp,average,60,56.05,0.56,00,06,13,00
Farmer_Drought_Measure_Costs,00_06_13_00,D&G&Wp,average,100,113.33,0.63,00,06,13,00
Farmer_Drought_Measure_Costs,00_06_13_00,D&Wp,average,20,7.54,0.3,00,06,13,00
Farmer_Drought_Measure_Costs,00_06_13_00,D&Wp,average,60,57.93,0.58,00,06,13,00
Farmer_Drought_Measure_Costs,00_06_13_00,D&Wp,average,100,115.96,0.64,00,06,13,00
Farmer_Drought_Measure_Costs,00_06_13_00,G,average,20,7.18,0.29,00,06,13,00
Farmer_Drought_Measure_Costs,00_06_13_00,G,average,60,52.28,0.52,00,06,13,00
Farmer_Drought_Measure_Costs,00_06_13_00,G,average,100,108.07,0.6,00,06,13,00
Farmer_Drought_Measure_Costs,00_06_13_00,G&Wp,average,20,7.83,0.31,00,06,13,00
Farmer_Drought_Measure_Costs,00_06_13_00,G&Wp,average,60,59.68,0.6,00,06,13,00
Farmer_Drought_Measure_Costs,00_06_13_00,G&Wp,average,100,118.64,0.66,00,06,13,00
Farmer_Drought_Measure_Costs,00_06_13_00,Wp,average,20,8.47,0.34,00,06,13,00
Farmer_Drought_Measure_Costs,00_06_13_00,Wp,average,60,67.07,0.67,00,06,13,00
Farmer_Drought_Measure_Costs,00_06_13_00,Wp,average,100,129.21,0.72,00,06,13,00
Farmer_Drought_Measure_Costs,00_07_00_00,D,average,20,7.67,0.31,00,07,00,00
Farmer_Drought_Measure_Costs,00_07_00_00,D,average,60,19.31,0.19,00,07,00,00
Farmer_Drought_Measure_Costs,00_07_00_00,D,average,100,30.87,0.17,00,07,00,00
Farmer_Drought_Measure_Costs,00_07_00_00,D&G,average,20,7.71,0.31,00,07,00,00
Farmer_Drought_Measure_Costs,00_07_00_00,D&G,average,60,22.45,0.22,00,07,00,00
Farmer_Drought_Measure_Costs,00_07_00_00,D&G,average,100,37.18,0.21,00,07,00,00
Farmer_Drought_Measure_Costs,00_07_00_00,D&G&Wp,average,20,8.42,0.34,00,07,00,00
Farmer_Drought_Measure_Costs,00_07_00_00,D&G&Wp,average,60,35.74,0.36,00,07,00,00
Farmer_Drought_Measure_Costs,00_07_00_00,D&G&Wp,average,100,69.04,0.38,00,07,00,00
Farmer_Drought_Measure_Costs,00_07_00_00,D&Wp,average,20,8.75,0.35,00,07,00,00
Farmer_Drought_Measure_Costs,00_07_00_00,D&Wp,average,60,40.81,0.41,00,07,00,00
Farmer_Drought_Measure_Costs,00_07_00_00,D&Wp,average,100,81.82,0.45,00,07,00,00
Farmer_Drought_Measure_Costs,00_07_00_00,G,average,20,7.75,0.31,00,07,00,00
Farmer_Drought_Measure_Costs,00_07_00_00,G,average,60,25.59,0.26,00,07,00,00
Farmer_Drought_Measure_Costs,00_07_00_00,G,average,100,43.48,0.24,00,07,00,00
Farmer_Drought_Measure_Costs,00_07_00_00,G&Wp,average,20,8.79,0.35,00,07,00,00
Farmer_Drought_Measure_Costs,00_07_00_00,G&Wp,average,60,43.96,0.44,00,07,00,00
Farmer_Drought_Measure_Costs,00_07_00_00,G&Wp,average,100,88.13,0.49,00,07,00,00
Farmer_Drought_Measure_Costs,00_07_00_00,Wp,average,20,9.83,0.39,00,07,00,00
Farmer_Drought_Measure_Costs,00_07_00_00,Wp,average,60,62.32,0.62,00,07,00,00
Farmer_Drought_Measure_Costs,00_07_00_00,Wp,average,100,132.78,0.74,00,07,00,00
Farmer_Drought_Measure_Costs,00_07_01_00,D,average,20,7.67,0.31,00,07,01,00
Farmer_Drought_Measure_Costs,00_07_01_00,D,average,60,19.31,0.19,00,07,01,00
Farmer_Drought_Measure_Costs,00_07_01_00,D,average,100,30.87,0.17,00,07,01,00
Farmer_Drought_Measure_Costs,00_07_01_00,D&G,average,20,7.71,0.31,00,07,01,00
Farmer_Drought_Measure_Costs,00_07_01_00,D&G,average,60,22.45,0.22,00,07,01,00
Farmer_Drought_Measure_Costs,00_07_01_00,D&G,average,100,37.18,0.21,00,07,01,00
Farmer_Drought_Measure_Costs,00_07_01_00,D&G&Wp,average,20,8.42,0.34,00,07,01,00
Farmer_Drought_Measure_Costs,00_07_01_00,D&G&Wp,average,60,35.74,0.36,00,07,01,00
Farmer_Drought_Measure_Costs,00_07_01_00,D&G&Wp,average,100,69.04,0.38,00,07,01,00
Farmer_Drought_Measure_Costs,00_07_01_00,D&Wp,average,20,8.75,0.35,00,07,01,00
Farmer_Drought_Measure_Costs,00_07_01_00,D&Wp,average,60,40.81,0.41,00,07,01,00
Farmer_Drought_Measure_Costs,00_07_01_00,D&Wp,average,100,81.81,0.45,00,07,01,00
Farmer_Drought_Measure_Costs,00_07_01_00,G,average,20,7.75,0.31,00,07,01,00
Farmer_Drought_Measure_Costs,00_07_01_00,G,average,60,25.59,0.26,00,07,01,00
Farmer_Drought_Measure_Costs,00_07_01_00,G,average,100,43.48,0.24,00,07,01,00
Farmer_Drought_Measure_Costs,00_07_01_00,G&Wp,average,20,8.79,0.35,00,07,01,00
Farmer_Drought_Measure_Costs,00_07_01_00,G&Wp,average,60,43.96,0.44,00,07,01,00
Farmer_Drought_Measure_Costs,00_07_01_00,G&Wp,average,100,88.12,0.49,00,07,01,00
Farmer_Drought_Measure_Costs,00_07_01_00,Wp,average,20,9.83,0.39,00,07,01,00
Farmer_Drought_Measure_Costs,00_07_01_00,Wp,average,60,62.32,0.62,00,07,01,00
Farmer_Drought_Measure_Costs,00_07_01_00,Wp,average,100,132.76,0.74,00,07,01,00
Farmer_Drought_Measure_Costs,00_07_03_00,D,average,20,7.67,0.31,00,07,03,00
Farmer_Drought_Measure_Costs,00_07_03_00,D,average,60,19.31,0.19,00,07,03,00
Farmer_Drought_Measure_Costs,00_07_03_00,D,average,100,30.87,0.17,00,07,03,00
Farmer_Drought_Measure_Costs,00_07_03_00,D&G,average,20,7.71,0.31,00,07,03,00
Farmer_Drought_Measure_Costs,00_07_03_00,D&G,average,60,22.45,0.22,00,07,03,00
Farmer_Drought_Measure_Costs,00_07_03_00,D&G,average,100,37.18,0.21,00,07,03,00
Farmer_Drought_Measure_Costs,00_07_03_00,D&G&Wp,average,20,8.42,0.34,00,07,03,00
Farmer_Drought_Measure_Costs,00_07_03_00,D&G&Wp,average,60,35.74,0.36,00,07,03,00
Farmer_Drought_Measure_Costs,00_07_03_00,D&G&Wp,average,100,69.04,0.38,00,07,03,00
Farmer_Drought_Measure_Costs,00_07_03_00,D&Wp,average,20,8.75,0.35,00,07,03,00
Farmer_Drought_Measure_Costs,00_07_03_00,D&Wp,average,60,40.81,0.41,00,07,03,00
Farmer_Drought_Measure_Costs,00_07_03_00,D&Wp,average,100,81.81,0.45,00,07,03,00
Farmer_Drought_Measure_Costs,00_07_03_00,G,average,20,7.75,0.31,00,07,03,00
Farmer_Drought_Measure_Costs,00_07_03_00,G,average,60,25.59,0.26,00,07,03,00
Farmer_Drought_Measure_Costs,00_07_03_00,G,average,100,43.48,0.24,00,07,03,00
Farmer_Drought_Measure_Costs,00_07_03_00,G&Wp,average,20,8.79,0.35,00,07,03,00
Farmer_Drought_Measure_Costs,00_07_03_00,G&Wp,average,60,43.96,0.44,00,07,03,00
Farmer_Drought_Measure_Costs,00_07_03_00,G&Wp,average,100,88.12,0.49,00,07,03,00
Farmer_Drought_Measure_Costs,00_07_03_00,Wp,average,20,9.83,0.39,00,07,03,00
Farmer_Drought_Measure_Costs,00_07_03_00,Wp,average,60,62.32,0.62,00,07,03,00
Farmer_Drought_Measure_Costs,00_07_03_00,Wp,average,100,132.76,0.74,00,07,03,00
Farmer_Drought_Measure_Costs,00_07_05_00,D,average,20,7.67,0.31,00,07,05,00
Farmer_Drought_Measure_Costs,00_07_05_00,D,average,60,19.31,0.19,00,07,05,00
Farmer_Drought_Measure_Costs,00_07_05_00,D,average,100,30.87,0.17,00,07,05,00
Farmer_Drought_Measure_Costs,00_07_05_00,D&G,average,20,7.71,0.31,00,07,05,00
Farmer_Drought_Measure_Costs,00_07_05_00,D&G,average,60,22.45,0.22,00,07,05,00
Farmer_Drought_Measure_Costs,00_07_05_00,D&G,average,100,37.18,0.21,00,07,05,00
Farmer_Drought_Measure_Costs,00_07_05_00,D&G&Wp,average,20,8.42,0.34,00,07,05,00
Farmer_Drought_Measure_Costs,00_07_05_00,D&G&Wp,average,60,35.79,0.36,00,07,05,00
Farmer_Drought_Measure_Costs,00_07_05_00,D&G&Wp,average,100,69.09,0.38,00,07,05,00
Farmer_Drought_Measure_Costs,00_07_05_00,D&Wp,average,20,8.75,0.35,00,07,05,00
Farmer_Drought_Measure_Costs,00_07_05_00,D&Wp,average,60,40.89,0.41,00,07,05,00
Farmer_Drought_Measure_Costs,00_07_05_00,D&Wp,average,100,81.89,0.45,00,07,05,00
Farmer_Drought_Measure_Costs,00_07_05_00,G,average,20,7.75,0.31,00,07,05,00
Farmer_Drought_Measure_Costs,00_07_05_00,G,average,60,25.59,0.26,00,07,05,00
Farmer_Drought_Measure_Costs,00_07_05_00,G,average,100,43.48,0.24,00,07,05,00
Farmer_Drought_Measure_Costs,00_07_05_00,G&Wp,average,20,8.79,0.35,00,07,05,00
Farmer_Drought_Measure_Costs,00_07_05_00,G&Wp,average,60,44.04,0.44,00,07,05,00
Farmer_Drought_Measure_Costs,00_07_05_00,G&Wp,average,100,88.2,0.49,00,07,05,00
Farmer_Drought_Measure_Costs,00_07_05_00,Wp,average,20,9.83,0.39,00,07,05,00
Farmer_Drought_Measure_Costs,00_07_05_00,Wp,average,60,62.48,0.62,00,07,05,00
Farmer_Drought_Measure_Costs,00_07_05_00,Wp,average,100,132.92,0.74,00,07,05,00
Farmer_Drought_Measure_Costs,00_07_07_00,D,average,20,7.55,0.3,00,07,07,00
Farmer_Drought_Measure_Costs,00_07_07_00,D,average,60,18.87,0.19,00,07,07,00
Farmer_Drought_Measure_Costs,00_07_07_00,D,average,100,29.86,0.17,00,07,07,00
Farmer_Drought_Measure_Costs,00_07_07_00,D&G,average,20,7.62,0.3,00,07,07,00
Farmer_Drought_Measure_Costs,00_07_07_00,D&G,average,60,21.87,0.22,00,07,07,00
Farmer_Drought_Measure_Costs,00_07_07_00,D&G,average,100,35.75,0.2,00,07,07,00
Farmer_Drought_Measure_Costs,00_07_07_00,D&G&Wp,average,20,7.76,0.31,00,07,07,00
Farmer_Drought_Measure_Costs,00_07_07_00,D&G&Wp,average,60,25.22,0.25,00,07,07,00
Farmer_Drought_Measure_Costs,00_07_07_00,D&G&Wp,average,100,51.76,0.29,00,07,07,00
Farmer_Drought_Measure_Costs,00_07_07_00,D&Wp,average,20,7.79,0.31,00,07,07,00
Farmer_Drought_Measure_Costs,00_07_07_00,D&Wp,average,60,25.39,0.25,00,07,07,00
Farmer_Drought_Measure_Costs,00_07_07_00,D&Wp,average,100,56.83,0.32,00,07,07,00
Farmer_Drought_Measure_Costs,00_07_07_00,G,average,20,7.69,0.31,00,07,07,00
Farmer_Drought_Measure_Costs,00_07_07_00,G,average,60,24.86,0.25,00,07,07,00
Farmer_Drought_Measure_Costs,00_07_07_00,G,average,100,41.64,0.23,00,07,07,00
Farmer_Drought_Measure_Costs,00_07_07_00,G&Wp,average,20,7.86,0.31,00,07,07,00
Farmer_Drought_Measure_Costs,00_07_07_00,G&Wp,average,60,28.39,0.28,00,07,07,00
Farmer_Drought_Measure_Costs,00_07_07_00,G&Wp,average,100,62.72,0.35,00,07,07,00
Farmer_Drought_Measure_Costs,00_07_07_00,Wp,average,20,8.04,0.32,00,07,07,00
Farmer_Drought_Measure_Costs,00_07_07_00,Wp,average,60,31.91,0.32,00,07,07,00
Farmer_Drought_Measure_Costs,00_07_07_00,Wp,average,100,83.79,0.47,00,07,07,00
Farmer_Drought_Measure_Costs,00_07_09_00,D,average,20,7.67,0.31,00,07,09,00
Farmer_Drought_Measure_Costs,00_07_09_00,D,average,60,19.31,0.19,00,07,09,00
Farmer_Drought_Measure_Costs,00_07_09_00,D,average,100,30.87,0.17,00,07,09,00
Farmer_Drought_Measure_Costs,00_07_09_00,D&G,average,20,7.71,0.31,00,07,09,00
Farmer_Drought_Measure_Costs,00_07_09_00,D&G,average,60,22.45,0.22,00,07,09,00
Farmer_Drought_Measure_Costs,00_07_09_00,D&G,average,100,37.18,0.21,00,07,09,00
Farmer_Drought_Measure_Costs,00_07_09_00,D&G&Wp,average,20,8.42,0.34,00,07,09,00
Farmer_Drought_Measure_Costs,00_07_09_00,D&G&Wp,average,60,35.79,0.36,00,07,09,00
Farmer_Drought_Measure_Costs,00_07_09_00,D&G&Wp,average,100,69.09,0.38,00,07,09,00
Farmer_Drought_Measure_Costs,00_07_09_00,D&Wp,average,20,8.75,0.35,00,07,09,00
Farmer_Drought_Measure_Costs,00_07_09_00,D&Wp,average,60,40.89,0.41,00,07,09,00
Farmer_Drought_Measure_Costs,00_07_09_00,D&Wp,average,100,81.89,0.45,00,07,09,00
Farmer_Drought_Measure_Costs,00_07_09_00,G,average,20,7.75,0.31,00,07,09,00
Farmer_Drought_Measure_Costs,00_07_09_00,G,average,60,25.59,0.26,00,07,09,00
Farmer_Drought_Measure_Costs,00_07_09_00,G,average,100,43.48,0.24,00,07,09,00
Farmer_Drought_Measure_Costs,00_07_09_00,G&Wp,average,20,8.79,0.35,00,07,09,00
Farmer_Drought_Measure_Costs,00_07_09_00,G&Wp,average,60,44.04,0.44,00,07,09,00
Farmer_Drought_Measure_Costs,00_07_09_00,G&Wp,average,100,88.2,0.49,00,07,09,00
Farmer_Drought_Measure_Costs,00_07_09_00,Wp,average,20,9.83,0.39,00,07,09,00
Farmer_Drought_Measure_Costs,00_07_09_00,Wp,average,60,62.48,0.62,00,07,09,00
Farmer_Drought_Measure_Costs,00_07_09_00,Wp,average,100,132.92,0.74,00,07,09,00
Farmer_Drought_Measure_Costs,00_07_11_00,D,average,20,7.67,0.31,00,07,11,00
Farmer_Drought_Measure_Costs,00_07_11_00,D,average,60,19.31,0.19,00,07,11,00
Farmer_Drought_Measure_Costs,00_07_11_00,D,average,100,30.87,0.17,00,07,11,00
Farmer_Drought_Measure_Costs,00_07_11_00,D&G,average,20,7.71,0.31,00,07,11,00
Farmer_Drought_Measure_Costs,00_07_11_00,D&G,average,60,22.45,0.22,00,07,11,00
Farmer_Drought_Measure_Costs,00_07_11_00,D&G,average,100,37.18,0.21,00,07,11,00
Farmer_Drought_Measure_Costs,00_07_11_00,D&G&Wp,average,20,8.42,0.34,00,07,11,00
Farmer_Drought_Measure_Costs,00_07_11_00,D&G&Wp,average,60,35.74,0.36,00,07,11,00
Farmer_Drought_Measure_Costs,00_07_11_00,D&G&Wp,average,100,69.04,0.38,00,07,11,00
Farmer_Drought_Measure_Costs,00_07_11_00,D&Wp,average,20,8.75,0.35,00,07,11,00
Farmer_Drought_Measure_Costs,00_07_11_00,D&Wp,average,60,40.81,0.41,00,07,11,00
Farmer_Drought_Measure_Costs,00_07_11_00,D&Wp,average,100,81.81,0.45,00,07,11,00
Farmer_Drought_Measure_Costs,00_07_11_00,G,average,20,7.75,0.31,00,07,11,00
Farmer_Drought_Measure_Costs,00_07_11_00,G,average,60,25.59,0.26,00,07,11,00
Farmer_Drought_Measure_Costs,00_07_11_00,G,average,100,43.48,0.24,00,07,11,00
Farmer_Drought_Measure_Costs,00_07_11_00,G&Wp,average,20,8.79,0.35,00,07,11,00
Farmer_Drought_Measure_Costs,00_07_11_00,G&Wp,average,60,43.96,0.44,00,07,11,00
Farmer_Drought_Measure_Costs,00_07_11_00,G&Wp,average,100,88.12,0.49,00,07,11,00
Farmer_Drought_Measure_Costs,00_07_11_00,Wp,average,20,9.83,0.39,00,07,11,00
Farmer_Drought_Measure_Costs,00_07_11_00,Wp,average,60,62.32,0.62,00,07,11,00
Farmer_Drought_Measure_Costs,00_07_11_00,Wp,average,100,132.76,0.74,00,07,11,00
Farmer_Drought_Measure_Costs,00_07_13_00,D,average,20,7.67,0.31,00,07,13,00
Farmer_Drought_Measure_Costs,00_07_13_00,D,average,60,19.31,0.19,00,07,13,00
Farmer_Drought_Measure_Costs,00_07_13_00,D,average,100,30.58,0.17,00,07,13,00
Farmer_Drought_Measure_Costs,00_07_13_00,D&G,average,20,7.71,0.31,00,07,13,00
Farmer_Drought_Measure_Costs,00_07_13_00,D&G,average,60,22.42,0.22,00,07,13,00
Farmer_Drought_Measure_Costs,00_07_13_00,D&G,average,100,36.58,0.2,00,07,13,00
Farmer_Drought_Measure_Costs,00_07_13_00,D&G&Wp,average,20,8.42,0.34,00,07,13,00
Farmer_Drought_Measure_Costs,00_07_13_00,D&G&Wp,average,60,35.27,0.35,00,07,13,00
Farmer_Drought_Measure_Costs,00_07_13_00,D&G&Wp,average,100,66.53,0.37,00,07,13,00
Farmer_Drought_Measure_Costs,00_07_13_00,D&Wp,average,20,8.75,0.35,00,07,13,00
Farmer_Drought_Measure_Costs,00_07_13_00,D&Wp,average,60,40.14,0.4,00,07,13,00
Farmer_Drought_Measure_Costs,00_07_13_00,D&Wp,average,100,78.51,0.44,00,07,13,00
Farmer_Drought_Measure_Costs,00_07_13_00,G,average,20,7.75,0.31,00,07,13,00
Farmer_Drought_Measure_Costs,00_07_13_00,G,average,60,25.53,0.26,00,07,13,00
Farmer_Drought_Measure_Costs,00_07_13_00,G,average,100,42.57,0.24,00,07,13,00
Farmer_Drought_Measure_Costs,00_07_13_00,G&Wp,average,20,8.79,0.35,00,07,13,00
Farmer_Drought_Measure_Costs,00_07_13_00,G&Wp,average,60,43.25,0.43,00,07,13,00
Farmer_Drought_Measure_Costs,00_07_13_00,G&Wp,average,100,84.51,0.47,00,07,13,00
Farmer_Drought_Measure_Costs,00_07_13_00,Wp,average,20,9.83,0.39,00,07,13,00
Farmer_Drought_Measure_Costs,00_07_13_00,Wp,average,60,60.98,0.61,00,07,13,00
Farmer_Drought_Measure_Costs,00_07_13_00,Wp,average,100,126.45,0.7,00,07,13,00
Farmer_Drought_Measure_Costs,00_08_00_00,D,average,20,6.6,0.26,00,08,00,00
Farmer_Drought_Measure_Costs,00_08_00_00,D,average,60,12.41,0.12,00,08,00,00
Farmer_Drought_Measure_Costs,00_08_00_00,D,average,100,18.23,0.1,00,08,00,00
Farmer_Drought_Measure_Costs,00_08_00_00,D&G,average,20,6.64,0.27,00,08,00,00
Farmer_Drought_Measure_Costs,00_08_00_00,D&G,average,60,16.05,0.16,00,08,00,00
Farmer_Drought_Measure_Costs,00_08_00_00,D&G,average,100,27.97,0.16,00,08,00,00
Farmer_Drought_Measure_Costs,00_08_00_00,D&G&Wp,average,20,6.77,0.27,00,08,00,00
Farmer_Drought_Measure_Costs,00_08_00_00,D&G&Wp,average,60,27.08,0.27,00,08,00,00
Farmer_Drought_Measure_Costs,00_08_00_00,D&G&Wp,average,100,58.44,0.32,00,08,00,00
Farmer_Drought_Measure_Costs,00_08_00_00,D&Wp,average,20,6.82,0.27,00,08,00,00
Farmer_Drought_Measure_Costs,00_08_00_00,D&Wp,average,60,30.78,0.31,00,08,00,00
Farmer_Drought_Measure_Costs,00_08_00_00,D&Wp,average,100,68.81,0.38,00,08,00,00
Farmer_Drought_Measure_Costs,00_08_00_00,G,average,20,6.67,0.27,00,08,00,00
Farmer_Drought_Measure_Costs,00_08_00_00,G,average,60,19.69,0.2,00,08,00,00
Farmer_Drought_Measure_Costs,00_08_00_00,G,average,100,37.71,0.21,00,08,00,00
Farmer_Drought_Measure_Costs,00_08_00_00,G&Wp,average,20,6.85,0.27,00,08,00,00
Farmer_Drought_Measure_Costs,00_08_00_00,G&Wp,average,60,34.42,0.34,00,08,00,00
Farmer_Drought_Measure_Costs,00_08_00_00,G&Wp,average,100,78.55,0.44,00,08,00,00
Farmer_Drought_Measure_Costs,00_08_00_00,Wp,average,20,7.04,0.28,00,08,00,00
Farmer_Drought_Measure_Costs,00_08_00_00,Wp,average,60,49.14,0.49,00,08,00,00
Farmer_Drought_Measure_Costs,00_08_00_00,Wp,average,100,119.4,0.66,00,08,00,00
Farmer_Drought_Measure_Costs,00_08_01_00,D,average,20,6.6,0.26,00,08,01,00
Farmer_Drought_Measure_Costs,00_08_01_00,D,average,60,12.41,0.12,00,08,01,00
Farmer_Drought_Measure_Costs,00_08_01_00,D,average,100,18.23,0.1,00,08,01,00
Farmer_Drought_Measure_Costs,00_08_01_00,D&G,average,20,6.64,0.27,00,08,01,00
Farmer_Drought_Measure_Costs,00_08_01_00,D&G,average,60,16.05,0.16,00,08,01,00
Farmer_Drought_Measure_Costs,00_08_01_00,D&G,average,100,27.97,0.16,00,08,01,00
Farmer_Drought_Measure_Costs,00_08_01_00,D&G&Wp,average,20,6.77,0.27,00,08,01,00
Farmer_Drought_Measure_Costs,00_08_01_00,D&G&Wp,average,60,27.08,0.27,00,08,01,00
Farmer_Drought_Measure_Costs,00_08_01_00,D&G&Wp,average,100,58.44,0.32,00,08,01,00
Farmer_Drought_Measure_Costs,00_08_01_00,D&Wp,average,20,6.82,0.27,00,08,01,00
Farmer_Drought_Measure_Costs,00_08_01_00,D&Wp,average,60,30.78,0.31,00,08,01,00
Farmer_Drought_Measure_Costs,00_08_01_00,D&Wp,average,100,68.81,0.38,00,08,01,00
Farmer_Drought_Measure_Costs,00_08_01_00,G,average,20,6.67,0.27,00,08,01,00
Farmer_Drought_Measure_Costs,00_08_01_00,G,average,60,19.69,0.2,00,08,01,00
Farmer_Drought_Measure_Costs,00_08_01_00,G,average,100,37.71,0.21,00,08,01,00
Farmer_Drought_Measure_Costs,00_08_01_00,G&Wp,average,20,6.85,0.27,00,08,01,00
Farmer_Drought_Measure_Costs,00_08_01_00,G&Wp,average,60,34.42,0.34,00,08,01,00
Farmer_Drought_Measure_Costs,00_08_01_00,G&Wp,average,100,78.55,0.44,00,08,01,00
Farmer_Drought_Measure_Costs,00_08_01_00,Wp,average,20,7.04,0.28,00,08,01,00
Farmer_Drought_Measure_Costs,00_08_01_00,Wp,average,60,49.14,0.49,00,08,01,00
Farmer_Drought_Measure_Costs,00_08_01_00,Wp,average,100,119.4,0.66,00,08,01,00
Farmer_Drought_Measure_Costs,00_08_03_00,D,average,20,6.6,0.26,00,08,03,00
Farmer_Drought_Measure_Costs,00_08_03_00,D,average,60,12.41,0.12,00,08,03,00
Farmer_Drought_Measure_Costs,00_08_03_00,D,average,100,18.23,0.1,00,08,03,00
Farmer_Drought_Measure_Costs,00_08_03_00,D&G,average,20,6.64,0.27,00,08,03,00
Farmer_Drought_Measure_Costs,00_08_03_00,D&G,average,60,16.05,0.16,00,08,03,00
Farmer_Drought_Measure_Costs,00_08_03_00,D&G,average,100,27.97,0.16,00,08,03,00
Farmer_Drought_Measure_Costs,00_08_03_00,D&G&Wp,average,20,6.77,0.27,00,08,03,00
Farmer_Drought_Measure_Costs,00_08_03_00,D&G&Wp,average,60,27.08,0.27,00,08,03,00
Farmer_Drought_Measure_Costs,00_08_03_00,D&G&Wp,average,100,58.44,0.32,00,08,03,00
Farmer_Drought_Measure_Costs,00_08_03_00,D&Wp,average,20,6.82,0.27,00,08,03,00
Farmer_Drought_Measure_Costs,00_08_03_00,D&Wp,average,60,30.78,0.31,00,08,03,00
Farmer_Drought_Measure_Costs,00_08_03_00,D&Wp,average,100,68.81,0.38,00,08,03,00
Farmer_Drought_Measure_Costs,00_08_03_00,G,average,20,6.67,0.27,00,08,03,00
Farmer_Drought_Measure_Costs,00_08_03_00,G,average,60,19.69,0.2,00,08,03,00
Farmer_Drought_Measure_Costs,00_08_03_00,G,average,100,37.71,0.21,00,08,03,00
Farmer_Drought_Measure_Costs,00_08_03_00,G&Wp,average,20,6.85,0.27,00,08,03,00
Farmer_Drought_Measure_Costs,00_08_03_00,G&Wp,average,60,34.42,0.34,00,08,03,00
Farmer_Drought_Measure_Costs,00_08_03_00,G&Wp,average,100,78.55,0.44,00,08,03,00
Farmer_Drought_Measure_Costs,00_08_03_00,Wp,average,20,7.04,0.28,00,08,03,00
Farmer_Drought_Measure_Costs,00_08_03_00,Wp,average,60,49.14,0.49,00,08,03,00
Farmer_Drought_Measure_Costs,00_08_03_00,Wp,average,100,119.4,0.66,00,08,03,00
Farmer_Drought_Measure_Costs,00_08_05_00,D,average,20,6.6,0.26,00,08,05,00
Farmer_Drought_Measure_Costs,00_08_05_00,D,average,60,12.41,0.12,00,08,05,00
Farmer_Drought_Measure_Costs,00_08_05_00,D,average,100,18.23,0.1,00,08,05,00
Farmer_Drought_Measure_Costs,00_08_05_00,D&G,average,20,6.64,0.27,00,08,05,00
Farmer_Drought_Measure_Costs,00_08_05_00,D&G,average,60,16.05,0.16,00,08,05,00
Farmer_Drought_Measure_Costs,00_08_05_00,D&G,average,100,27.97,0.16,00,08,05,00
Farmer_Drought_Measure_Costs,00_08_05_00,D&G&Wp,average,20,6.77,0.27,00,08,05,00
Farmer_Drought_Measure_Costs,00_08_05_00,D&G&Wp,average,60,27.13,0.27,00,08,05,00
Farmer_Drought_Measure_Costs,00_08_05_00,D&G&Wp,average,100,58.49,0.32,00,08,05,00
Farmer_Drought_Measure_Costs,00_08_05_00,D&Wp,average,20,6.82,0.27,00,08,05,00
Farmer_Drought_Measure_Costs,00_08_05_00,D&Wp,average,60,30.86,0.31,00,08,05,00
Farmer_Drought_Measure_Costs,00_08_05_00,D&Wp,average,100,68.89,0.38,00,08,05,00
Farmer_Drought_Measure_Costs,00_08_05_00,G,average,20,6.67,0.27,00,08,05,00
Farmer_Drought_Measure_Costs,00_08_05_00,G,average,60,19.69,0.2,00,08,05,00
Farmer_Drought_Measure_Costs,00_08_05_00,G,average,100,37.71,0.21,00,08,05,00
Farmer_Drought_Measure_Costs,00_08_05_00,G&Wp,average,20,6.85,0.27,00,08,05,00
Farmer_Drought_Measure_Costs,00_08_05_00,G&Wp,average,60,34.49,0.34,00,08,05,00
Farmer_Drought_Measure_Costs,00_08_05_00,G&Wp,average,100,78.63,0.44,00,08,05,00
Farmer_Drought_Measure_Costs,00_08_05_00,Wp,average,20,7.04,0.28,00,08,05,00
Farmer_Drought_Measure_Costs,00_08_05_00,Wp,average,60,49.3,0.49,00,08,05,00
Farmer_Drought_Measure_Costs,00_08_05_00,Wp,average,100,119.54,0.66,00,08,05,00
Farmer_Drought_Measure_Costs,00_08_07_00,D,average,20,6.48,0.26,00,08,07,00
Farmer_Drought_Measure_Costs,00_08_07_00,D,average,60,12.29,0.12,00,08,07,00
Farmer_Drought_Measure_Costs,00_08_07_00,D,average,100,18.1,0.1,00,08,07,00
Farmer_Drought_Measure_Costs,00_08_07_00,D&G,average,20,6.55,0.26,00,08,07,00
Farmer_Drought_Measure_Costs,00_08_07_00,D&G,average,60,14.36,0.14,00,08,07,00
Farmer_Drought_Measure_Costs,00_08_07_00,D&G,average,100,23.65,0.13,00,08,07,00
Farmer_Drought_Measure_Costs,00_08_07_00,D&G&Wp,average,20,6.68,0.27,00,08,07,00
Farmer_Drought_Measure_Costs,00_08_07_00,D&G&Wp,average,60,19.16,0.19,00,08,07,00
Farmer_Drought_Measure_Costs,00_08_07_00,D&G&Wp,average,100,40.05,0.22,00,08,07,00
Farmer_Drought_Measure_Costs,00_08_07_00,D&Wp,average,20,6.72,0.27,00,08,07,00
Farmer_Drought_Measure_Costs,00_08_07_00,D&Wp,average,60,20.51,0.21,00,08,07,00
Farmer_Drought_Measure_Costs,00_08_07_00,D&Wp,average,100,45.48,0.25,00,08,07,00
Farmer_Drought_Measure_Costs,00_08_07_00,G,average,20,6.62,0.26,00,08,07,00
Farmer_Drought_Measure_Costs,00_08_07_00,G,average,60,16.44,0.16,00,08,07,00
Farmer_Drought_Measure_Costs,00_08_07_00,G,average,100,29.2,0.16,00,08,07,00
Farmer_Drought_Measure_Costs,00_08_07_00,G&Wp,average,20,6.79,0.27,00,08,07,00
Farmer_Drought_Measure_Costs,00_08_07_00,G&Wp,average,60,22.59,0.23,00,08,07,00
Farmer_Drought_Measure_Costs,00_08_07_00,G&Wp,average,100,51.03,0.28,00,08,07,00
Farmer_Drought_Measure_Costs,00_08_07_00,Wp,average,20,6.95,0.28,00,08,07,00
Farmer_Drought_Measure_Costs,00_08_07_00,Wp,average,60,28.74,0.29,00,08,07,00
Farmer_Drought_Measure_Costs,00_08_07_00,Wp,average,100,72.86,0.4,00,08,07,00
Farmer_Drought_Measure_Costs,00_08_09_00,D,average,20,6.6,0.26,00,08,09,00
Farmer_Drought_Measure_Costs,00_08_09_00,D,average,60,12.41,0.12,00,08,09,00
Farmer_Drought_Measure_Costs,00_08_09_00,D,average,100,18.23,0.1,00,08,09,00
Farmer_Drought_Measure_Costs,00_08_09_00,D&G,average,20,6.64,0.27,00,08,09,00
Farmer_Drought_Measure_Costs,00_08_09_00,D&G,average,60,16.05,0.16,00,08,09,00
Farmer_Drought_Measure_Costs,00_08_09_00,D&G,average,100,27.97,0.16,00,08,09,00
Farmer_Drought_Measure_Costs,00_08_09_00,D&G&Wp,average,20,6.77,0.27,00,08,09,00
Farmer_Drought_Measure_Costs,00_08_09_00,D&G&Wp,average,60,27.13,0.27,00,08,09,00
Farmer_Drought_Measure_Costs,00_08_09_00,D&G&Wp,average,100,58.49,0.32,00,08,09,00
Farmer_Drought_Measure_Costs,00_08_09_00,D&Wp,average,20,6.82,0.27,00,08,09,00
Farmer_Drought_Measure_Costs,00_08_09_00,D&Wp,average,60,30.86,0.31,00,08,09,00
Farmer_Drought_Measure_Costs,00_08_09_00,D&Wp,average,100,68.89,0.38,00,08,09,00
Farmer_Drought_Measure_Costs,00_08_09_00,G,average,20,6.67,0.27,00,08,09,00
Farmer_Drought_Measure_Costs,00_08_09_00,G,average,60,19.69,0.2,00,08,09,00
Farmer_Drought_Measure_Costs,00_08_09_00,G,average,100,37.71,0.21,00,08,09,00
Farmer_Drought_Measure_Costs,00_08_09_00,G&Wp,average,20,6.85,0.27,00,08,09,00
Farmer_Drought_Measure_Costs,00_08_09_00,G&Wp,average,60,34.49,0.34,00,08,09,00
Farmer_Drought_Measure_Costs,00_08_09_00,G&Wp,average,100,78.63,0.44,00,08,09,00
Farmer_Drought_Measure_Costs,00_08_09_00,Wp,average,20,7.04,0.28,00,08,09,00
Farmer_Drought_Measure_Costs,00_08_09_00,Wp,average,60,49.3,0.49,00,08,09,00
Farmer_Drought_Measure_Costs,00_08_09_00,Wp,average,100,119.54,0.66,00,08,09,00
Farmer_Drought_Measure_Costs,00_08_11_00,D,average,20,6.6,0.26,00,08,11,00
Farmer_Drought_Measure_Costs,00_08_11_00,D,average,60,12.41,0.12,00,08,11,00
Farmer_Drought_Measure_Costs,00_08_11_00,D,average,100,18.23,0.1,00,08,11,00
Farmer_Drought_Measure_Costs,00_08_11_00,D&G,average,20,6.64,0.27,00,08,11,00
Farmer_Drought_Measure_Costs,00_08_11_00,D&G,average,60,16.05,0.16,00,08,11,00
Farmer_Drought_Measure_Costs,00_08_11_00,D&G,average,100,27.97,0.16,00,08,11,00
Farmer_Drought_Measure_Costs,00_08_11_00,D&G&Wp,average,20,6.77,0.27,00,08,11,00
Farmer_Drought_Measure_Costs,00_08_11_00,D&G&Wp,average,60,27.08,0.27,00,08,11,00
Farmer_Drought_Measure_Costs,00_08_11_00,D&G&Wp,average,100,58.44,0.32,00,08,11,00
Farmer_Drought_Measure_Costs,00_08_11_00,D&Wp,average,20,6.82,0.27,00,08,11,00
Farmer_Drought_Measure_Costs,00_08_11_00,D&Wp,average,60,30.78,0.31,00,08,11,00
Farmer_Drought_Measure_Costs,00_08_11_00,D&Wp,average,100,68.81,0.38,00,08,11,00
Farmer_Drought_Measure_Costs,00_08_11_00,G,average,20,6.67,0.27,00,08,11,00
Farmer_Drought_Measure_Costs,00_08_11_00,G,average,60,19.69,0.2,00,08,11,00
Farmer_Drought_Measure_Costs,00_08_11_00,G,average,100,37.71,0.21,00,08,11,00
Farmer_Drought_Measure_Costs,00_08_11_00,G&Wp,average,20,6.85,0.27,00,08,11,00
Farmer_Drought_Measure_Costs,00_08_11_00,G&Wp,average,60,34.42,0.34,00,08,11,00
Farmer_Drought_Measure_Costs,00_08_11_00,G&Wp,average,100,78.55,0.44,00,08,11,00
Farmer_Drought_Measure_Costs,00_08_11_00,Wp,average,20,7.04,0.28,00,08,11,00
Farmer_Drought_Measure_Costs,00_08_11_00,Wp,average,60,49.14,0.49,00,08,11,00
Farmer_Drought_Measure_Costs,00_08_11_00,Wp,average,100,119.4,0.66,00,08,11,00
Farmer_Drought_Measure_Costs,00_08_13_00,D,average,20,6.6,0.26,00,08,13,00
Farmer_Drought_Measure_Costs,00_08_13_00,D,average,60,12.41,0.12,00,08,13,00
Farmer_Drought_Measure_Costs,00_08_13_00,D,average,100,18.23,0.1,00,08,13,00
Farmer_Drought_Measure_Costs,00_08_13_00,D&G,average,20,6.64,0.27,00,08,13,00
Farmer_Drought_Measure_Costs,00_08_13_00,D&G,average,60,16.02,0.16,00,08,13,00
Farmer_Drought_Measure_Costs,00_08_13_00,D&G,average,100,27.32,0.15,00,08,13,00
Farmer_Drought_Measure_Costs,00_08_13_00,D&G&Wp,average,20,6.77,0.27,00,08,13,00
Farmer_Drought_Measure_Costs,00_08_13_00,D&G&Wp,average,60,26.69,0.27,00,08,13,00
Farmer_Drought_Measure_Costs,00_08_13_00,D&G&Wp,average,100,56.19,0.31,00,08,13,00
Farmer_Drought_Measure_Costs,00_08_13_00,D&Wp,average,20,6.82,0.27,00,08,13,00
Farmer_Drought_Measure_Costs,00_08_13_00,D&Wp,average,60,30.23,0.3,00,08,13,00
Farmer_Drought_Measure_Costs,00_08_13_00,D&Wp,average,100,66.07,0.37,00,08,13,00
Farmer_Drought_Measure_Costs,00_08_13_00,G,average,20,6.67,0.27,00,08,13,00
Farmer_Drought_Measure_Costs,00_08_13_00,G,average,60,19.62,0.2,00,08,13,00
Farmer_Drought_Measure_Costs,00_08_13_00,G,average,100,36.42,0.2,00,08,13,00
Farmer_Drought_Measure_Costs,00_08_13_00,G&Wp,average,20,6.85,0.27,00,08,13,00
Farmer_Drought_Measure_Costs,00_08_13_00,G&Wp,average,60,33.83,0.34,00,08,13,00
Farmer_Drought_Measure_Costs,00_08_13_00,G&Wp,average,100,75.17,0.42,00,08,13,00
Farmer_Drought_Measure_Costs,00_08_13_00,Wp,average,20,7.04,0.28,00,08,13,00
Farmer_Drought_Measure_Costs,00_08_13_00,Wp,average,60,48.04,0.48,00,08,13,00
Farmer_Drought_Measure_Costs,00_08_13_00,Wp,average,100,113.91,0.63,00,08,13,00
Farmer_Drought_Measure_Costs,00_09_00_00,D,average,20,0.48,0.02,00,09,00,00
Farmer_Drought_Measure_Costs,00_09_00_00,D,average,60,36.91,0.37,00,09,00,00
Farmer_Drought_Measure_Costs,00_09_00_00,D,average,100,104.79,0.58,00,09,00,00
Farmer_Drought_Measure_Costs,00_09_00_00,D&G,average,20,0.5,0.02,00,09,00,00
Farmer_Drought_Measure_Costs,00_09_00_00,D&G,average,60,38.82,0.39,00,09,00,00
Farmer_Drought_Measure_Costs,00_09_00_00,D&G,average,100,108.85,0.6,00,09,00,00
Farmer_Drought_Measure_Costs,00_09_00_00,D&G&Wp,average,20,0.57,0.02,00,09,00,00
Farmer_Drought_Measure_Costs,00_09_00_00,D&G&Wp,average,60,43.63,0.44,00,09,00,00
Farmer_Drought_Measure_Costs,00_09_00_00,D&G&Wp,average,100,115.07,0.64,00,09,00,00
Farmer_Drought_Measure_Costs,00_09_00_00,D&Wp,average,20,0.59,0.02,00,09,00,00
Farmer_Drought_Measure_Costs,00_09_00_00,D&Wp,average,60,45.08,0.45,00,09,00,00
Farmer_Drought_Measure_Costs,00_09_00_00,D&Wp,average,100,116.15,0.65,00,09,00,00
Farmer_Drought_Measure_Costs,00_09_00_00,G,average,20,0.53,0.02,00,09,00,00
Farmer_Drought_Measure_Costs,00_09_00_00,G,average,60,40.73,0.41,00,09,00,00
Farmer_Drought_Measure_Costs,00_09_00_00,G,average,100,112.92,0.63,00,09,00,00
Farmer_Drought_Measure_Costs,00_09_00_00,G&Wp,average,20,0.61,0.02,00,09,00,00
Farmer_Drought_Measure_Costs,00_09_00_00,G&Wp,average,60,46.99,0.47,00,09,00,00
Farmer_Drought_Measure_Costs,00_09_00_00,G&Wp,average,100,120.21,0.67,00,09,00,00
Farmer_Drought_Measure_Costs,00_09_00_00,Wp,average,20,0.7,0.03,00,09,00,00
Farmer_Drought_Measure_Costs,00_09_00_00,Wp,average,60,53.26,0.53,00,09,00,00
Farmer_Drought_Measure_Costs,00_09_00_00,Wp,average,100,127.51,0.71,00,09,00,00
Farmer_Drought_Measure_Costs,00_09_01_00,D,average,20,0.48,0.02,00,09,01,00
Farmer_Drought_Measure_Costs,00_09_01_00,D,average,60,36.91,0.37,00,09,01,00
Farmer_Drought_Measure_Costs,00_09_01_00,D,average,100,104.79,0.58,00,09,01,00
Farmer_Drought_Measure_Costs,00_09_01_00,D&G,average,20,0.5,0.02,00,09,01,00
Farmer_Drought_Measure_Costs,00_09_01_00,D&G,average,60,38.82,0.39,00,09,01,00
Farmer_Drought_Measure_Costs,00_09_01_00,D&G,average,100,108.85,0.6,00,09,01,00
Farmer_Drought_Measure_Costs,00_09_01_00,D&G&Wp,average,20,0.57,0.02,00,09,01,00
Farmer_Drought_Measure_Costs,00_09_01_00,D&G&Wp,average,60,43.63,0.44,00,09,01,00
Farmer_Drought_Measure_Costs,00_09_01_00,D&G&Wp,average,100,115.07,0.64,00,09,01,00
Farmer_Drought_Measure_Costs,00_09_01_00,D&Wp,average,20,0.59,0.02,00,09,01,00
Farmer_Drought_Measure_Costs,00_09_01_00,D&Wp,average,60,45.08,0.45,00,09,01,00
Farmer_Drought_Measure_Costs,00_09_01_00,D&Wp,average,100,116.15,0.65,00,09,01,00
Farmer_Drought_Measure_Costs,00_09_01_00,G,average,20,0.53,0.02,00,09,01,00
Farmer_Drought_Measure_Costs,00_09_01_00,G,average,60,40.73,0.41,00,09,01,00
Farmer_Drought_Measure_Costs,00_09_01_00,G,average,100,112.92,0.63,00,09,01,00
Farmer_Drought_Measure_Costs,00_09_01_00,G&Wp,average,20,0.61,0.02,00,09,01,00
Farmer_Drought_Measure_Costs,00_09_01_00,G&Wp,average,60,46.99,0.47,00,09,01,00
Farmer_Drought_Measure_Costs,00_09_01_00,G&Wp,average,100,120.21,0.67,00,09,01,00
Farmer_Drought_Measure_Costs,00_09_01_00,Wp,average,20,0.7,0.03,00,09,01,00
Farmer_Drought_Measure_Costs,00_09_01_00,Wp,average,60,53.26,0.53,00,09,01,00
Farmer_Drought_Measure_Costs,00_09_01_00,Wp,average,100,127.51,0.71,00,09,01,00
Farmer_Drought_Measure_Costs,00_09_03_00,D,average,20,0.48,0.02,00,09,03,00
Farmer_Drought_Measure_Costs,00_09_03_00,D,average,60,36.91,0.37,00,09,03,00
Farmer_Drought_Measure_Costs,00_09_03_00,D,average,100,104.79,0.58,00,09,03,00
Farmer_Drought_Measure_Costs,00_09_03_00,D&G,average,20,0.5,0.02,00,09,03,00
Farmer_Drought_Measure_Costs,00_09_03_00,D&G,average,60,38.82,0.39,00,09,03,00
Farmer_Drought_Measure_Costs,00_09_03_00,D&G,average,100,108.85,0.6,00,09,03,00
Farmer_Drought_Measure_Costs,00_09_03_00,D&G&Wp,average,20,0.57,0.02,00,09,03,00
Farmer_Drought_Measure_Costs,00_09_03_00,D&G&Wp,average,60,43.63,0.44,00,09,03,00
Farmer_Drought_Measure_Costs,00_09_03_00,D&G&Wp,average,100,115.07,0.64,00,09,03,00
Farmer_Drought_Measure_Costs,00_09_03_00,D&Wp,average,20,0.59,0.02,00,09,03,00
Farmer_Drought_Measure_Costs,00_09_03_00,D&Wp,average,60,45.08,0.45,00,09,03,00
Farmer_Drought_Measure_Costs,00_09_03_00,D&Wp,average,100,116.15,0.65,00,09,03,00
Farmer_Drought_Measure_Costs,00_09_03_00,G,average,20,0.53,0.02,00,09,03,00
Farmer_Drought_Measure_Costs,00_09_03_00,G,average,60,40.73,0.41,00,09,03,00
Farmer_Drought_Measure_Costs,00_09_03_00,G,average,100,112.92,0.63,00,09,03,00
Farmer_Drought_Measure_Costs,00_09_03_00,G&Wp,average,20,0.61,0.02,00,09,03,00
Farmer_Drought_Measure_Costs,00_09_03_00,G&Wp,average,60,46.99,0.47,00,09,03,00
Farmer_Drought_Measure_Costs,00_09_03_00,G&Wp,average,100,120.21,0.67,00,09,03,00
Farmer_Drought_Measure_Costs,00_09_03_00,Wp,average,20,0.7,0.03,00,09,03,00
Farmer_Drought_Measure_Costs,00_09_03_00,Wp,average,60,53.26,0.53,00,09,03,00
Farmer_Drought_Measure_Costs,00_09_03_00,Wp,average,100,127.51,0.71,00,09,03,00
Farmer_Drought_Measure_Costs,00_09_05_00,D,average,20,0.48,0.02,00,09,05,00
Farmer_Drought_Measure_Costs,00_09_05_00,D,average,60,36.91,0.37,00,09,05,00
Farmer_Drought_Measure_Costs,00_09_05_00,D,average,100,104.79,0.58,00,09,05,00
Farmer_Drought_Measure_Costs,00_09_05_00,D&G,average,20,0.5,0.02,00,09,05,00
Farmer_Drought_Measure_Costs,00_09_05_00,D&G,average,60,38.82,0.39,00,09,05,00
Farmer_Drought_Measure_Costs,00_09_05_00,D&G,average,100,108.85,0.6,00,09,05,00
Farmer_Drought_Measure_Costs,00_09_05_00,D&G&Wp,average,20,0.57,0.02,00,09,05,00
Farmer_Drought_Measure_Costs,00_09_05_00,D&G&Wp,average,60,43.63,0.44,00,09,05,00
Farmer_Drought_Measure_Costs,00_09_05_00,D&G&Wp,average,100,115.07,0.64,00,09,05,00
Farmer_Drought_Measure_Costs,00_09_05_00,D&Wp,average,20,0.59,0.02,00,09,05,00
Farmer_Drought_Measure_Costs,00_09_05_00,D&Wp,average,60,45.08,0.45,00,09,05,00
Farmer_Drought_Measure_Costs,00_09_05_00,D&Wp,average,100,116.15,0.65,00,09,05,00
Farmer_Drought_Measure_Costs,00_09_05_00,G,average,20,0.53,0.02,00,09,05,00
Farmer_Drought_Measure_Costs,00_09_05_00,G,average,60,40.73,0.41,00,09,05,00
Farmer_Drought_Measure_Costs,00_09_05_00,G,average,100,112.92,0.63,00,09,05,00
Farmer_Drought_Measure_Costs,00_09_05_00,G&Wp,average,20,0.61,0.02,00,09,05,00
Farmer_Drought_Measure_Costs,00_09_05_00,G&Wp,average,60,46.99,0.47,00,09,05,00
Farmer_Drought_Measure_Costs,00_09_05_00,G&Wp,average,100,120.21,0.67,00,09,05,00
Farmer_Drought_Measure_Costs,00_09_05_00,Wp,average,20,0.7,0.03,00,09,05,00
Farmer_Drought_Measure_Costs,00_09_05_00,Wp,average,60,53.26,0.53,00,09,05,00
Farmer_Drought_Measure_Costs,00_09_05_00,Wp,average,100,127.51,0.71,00,09,05,00
Farmer_Drought_Measure_Costs,00_09_07_00,D,average,20,0.41,0.02,00,09,07,00
Farmer_Drought_Measure_Costs,00_09_07_00,D,average,60,26.4,0.26,00,09,07,00
Farmer_Drought_Measure_Costs,00_09_07_00,D,average,100,83.48,0.46,00,09,07,00
Farmer_Drought_Measure_Costs,00_09_07_00,D&G,average,20,0.45,0.02,00,09,07,00
Farmer_Drought_Measure_Costs,00_09_07_00,D&G,average,60,30.52,0.31,00,09,07,00
Farmer_Drought_Measure_Costs,00_09_07_00,D&G,average,100,91.53,0.51,00,09,07,00
Farmer_Drought_Measure_Costs,00_09_07_00,D&G&Wp,average,20,0.52,0.02,00,09,07,00
Farmer_Drought_Measure_Costs,00_09_07_00,D&G&Wp,average,60,37.1,0.37,00,09,07,00
Farmer_Drought_Measure_Costs,00_09_07_00,D&G&Wp,average,100,101.1,0.56,00,09,07,00
Farmer_Drought_Measure_Costs,00_09_07_00,D&Wp,average,20,0.53,0.02,00,09,07,00
Farmer_Drought_Measure_Costs,00_09_07_00,D&Wp,average,60,38.32,0.38,00,09,07,00
Farmer_Drought_Measure_Costs,00_09_07_00,D&Wp,average,100,101.86,0.57,00,09,07,00
Farmer_Drought_Measure_Costs,00_09_07_00,G,average,20,0.49,0.02,00,09,07,00
Farmer_Drought_Measure_Costs,00_09_07_00,G,average,60,34.65,0.35,00,09,07,00
Farmer_Drought_Measure_Costs,00_09_07_00,G,average,100,99.59,0.55,00,09,07,00
Farmer_Drought_Measure_Costs,00_09_07_00,G&Wp,average,20,0.57,0.02,00,09,07,00
Farmer_Drought_Measure_Costs,00_09_07_00,G&Wp,average,60,42.45,0.42,00,09,07,00
Farmer_Drought_Measure_Costs,00_09_07_00,G&Wp,average,100,109.92,0.61,00,09,07,00
Farmer_Drought_Measure_Costs,00_09_07_00,Wp,average,20,0.65,0.03,00,09,07,00
Farmer_Drought_Measure_Costs,00_09_07_00,Wp,average,60,50.24,0.5,00,09,07,00
Farmer_Drought_Measure_Costs,00_09_07_00,Wp,average,100,120.25,0.67,00,09,07,00
Farmer_Drought_Measure_Costs,00_09_09_00,D,average,20,0.48,0.02,00,09,09,00
Farmer_Drought_Measure_Costs,00_09_09_00,D,average,60,36.91,0.37,00,09,09,00
Farmer_Drought_Measure_Costs,00_09_09_00,D,average,100,104.79,0.58,00,09,09,00
Farmer_Drought_Measure_Costs,00_09_09_00,D&G,average,20,0.5,0.02,00,09,09,00
Farmer_Drought_Measure_Costs,00_09_09_00,D&G,average,60,38.82,0.39,00,09,09,00
Farmer_Drought_Measure_Costs,00_09_09_00,D&G,average,100,108.85,0.6,00,09,09,00
Farmer_Drought_Measure_Costs,00_09_09_00,D&G&Wp,average,20,0.57,0.02,00,09,09,00
Farmer_Drought_Measure_Costs,00_09_09_00,D&G&Wp,average,60,43.63,0.44,00,09,09,00
Farmer_Drought_Measure_Costs,00_09_09_00,D&G&Wp,average,100,115.07,0.64,00,09,09,00
Farmer_Drought_Measure_Costs,00_09_09_00,D&Wp,average,20,0.59,0.02,00,09,09,00
Farmer_Drought_Measure_Costs,00_09_09_00,D&Wp,average,60,45.08,0.45,00,09,09,00
Farmer_Drought_Measure_Costs,00_09_09_00,D&Wp,average,100,116.15,0.65,00,09,09,00
Farmer_Drought_Measure_Costs,00_09_09_00,G,average,20,0.53,0.02,00,09,09,00
Farmer_Drought_Measure_Costs,00_09_09_00,G,average,60,40.73,0.41,00,09,09,00
Farmer_Drought_Measure_Costs,00_09_09_00,G,average,100,112.92,0.63,00,09,09,00
Farmer_Drought_Measure_Costs,00_09_09_00,G&Wp,average,20,0.61,0.02,00,09,09,00
Farmer_Drought_Measure_Costs,00_09_09_00,G&Wp,average,60,46.99,0.47,00,09,09,00
Farmer_Drought_Measure_Costs,00_09_09_00,G&Wp,average,100,120.21,0.67,00,09,09,00
Farmer_Drought_Measure_Costs,00_09_09_00,Wp,average,20,0.7,0.03,00,09,09,00
Farmer_Drought_Measure_Costs,00_09_09_00,Wp,average,60,53.26,0.53,00,09,09,00
Farmer_Drought_Measure_Costs,00_09_09_00,Wp,average,100,127.51,0.71,00,09,09,00
Farmer_Drought_Measure_Costs,00_09_11_00,D,average,20,0.48,0.02,00,09,11,00
Farmer_Drought_Measure_Costs,00_09_11_00,D,average,60,36.91,0.37,00,09,11,00
Farmer_Drought_Measure_Costs,00_09_11_00,D,average,100,104.79,0.58,00,09,11,00
Farmer_Drought_Measure_Costs,00_09_11_00,D&G,average,20,0.5,0.02,00,09,11,00
Farmer_Drought_Measure_Costs,00_09_11_00,D&G,average,60,38.82,0.39,00,09,11,00
Farmer_Drought_Measure_Costs,00_09_11_00,D&G,average,100,108.85,0.6,00,09,11,00
Farmer_Drought_Measure_Costs,00_09_11_00,D&G&Wp,average,20,0.57,0.02,00,09,11,00
Farmer_Drought_Measure_Costs,00_09_11_00,D&G&Wp,average,60,43.63,0.44,00,09,11,00
Farmer_Drought_Measure_Costs,00_09_11_00,D&G&Wp,average,100,115.07,0.64,00,09,11,00
Farmer_Drought_Measure_Costs,00_09_11_00,D&Wp,average,20,0.59,0.02,00,09,11,00
Farmer_Drought_Measure_Costs,00_09_11_00,D&Wp,average,60,45.08,0.45,00,09,11,00
Farmer_Drought_Measure_Costs,00_09_11_00,D&Wp,average,100,116.15,0.65,00,09,11,00
Farmer_Drought_Measure_Costs,00_09_11_00,G,average,20,0.53,0.02,00,09,11,00
Farmer_Drought_Measure_Costs,00_09_11_00,G,average,60,40.73,0.41,00,09,11,00
Farmer_Drought_Measure_Costs,00_09_11_00,G,average,100,112.92,0.63,00,09,11,00
Farmer_Drought_Measure_Costs,00_09_11_00,G&Wp,average,20,0.61,0.02,00,09,11,00
Farmer_Drought_Measure_Costs,00_09_11_00,G&Wp,average,60,46.99,0.47,00,09,11,00
Farmer_Drought_Measure_Costs,00_09_11_00,G&Wp,average,100,120.21,0.67,00,09,11,00
Farmer_Drought_Measure_Costs,00_09_11_00,Wp,average,20,0.7,0.03,00,09,11,00
Farmer_Drought_Measure_Costs,00_09_11_00,Wp,average,60,53.26,0.53,00,09,11,00
Farmer_Drought_Measure_Costs,00_09_11_00,Wp,average,100,127.51,0.71,00,09,11,00
Farmer_Drought_Measure_Costs,00_09_13_00,D,average,20,0.48,0.02,00,09,13,00
Farmer_Drought_Measure_Costs,00_09_13_00,D,average,60,36.19,0.36,00,09,13,00
Farmer_Drought_Measure_Costs,00_09_13_00,D,average,100,100.27,0.56,00,09,13,00
Farmer_Drought_Measure_Costs,00_09_13_00,D&G,average,20,0.5,0.02,00,09,13,00
Farmer_Drought_Measure_Costs,00_09_13_00,D&G,average,60,38.06,0.38,00,09,13,00
Farmer_Drought_Measure_Costs,00_09_13_00,D&G,average,100,103.97,0.58,00,09,13,00
Farmer_Drought_Measure_Costs,00_09_13_00,D&G&Wp,average,20,0.57,0.02,00,09,13,00
Farmer_Drought_Measure_Costs,00_09_13_00,D&G&Wp,average,60,42.85,0.43,00,09,13,00
Farmer_Drought_Measure_Costs,00_09_13_00,D&G&Wp,average,100,110.18,0.61,00,09,13,00
Farmer_Drought_Measure_Costs,00_09_13_00,D&Wp,average,20,0.59,0.02,00,09,13,00
Farmer_Drought_Measure_Costs,00_09_13_00,D&Wp,average,60,44.31,0.44,00,09,13,00
Farmer_Drought_Measure_Costs,00_09_13_00,D&Wp,average,100,111.44,0.62,00,09,13,00
Farmer_Drought_Measure_Costs,00_09_13_00,G,average,20,0.53,0.02,00,09,13,00
Farmer_Drought_Measure_Costs,00_09_13_00,G,average,60,39.93,0.4,00,09,13,00
Farmer_Drought_Measure_Costs,00_09_13_00,G,average,100,107.66,0.6,00,09,13,00
Farmer_Drought_Measure_Costs,00_09_13_00,G&Wp,average,20,0.61,0.02,00,09,13,00
Farmer_Drought_Measure_Costs,00_09_13_00,G&Wp,average,60,46.18,0.46,00,09,13,00
Farmer_Drought_Measure_Costs,00_09_13_00,G&Wp,average,100,115.13,0.64,00,09,13,00
Farmer_Drought_Measure_Costs,00_09_13_00,Wp,average,20,0.7,0.03,00,09,13,00
Farmer_Drought_Measure_Costs,00_09_13_00,Wp,average,60,52.44,0.52,00,09,13,00
Farmer_Drought_Measure_Costs,00_09_13_00,Wp,average,100,122.6,0.68,00,09,13,00
