objective_parameter,pw_combi,scenario_of_interest,robustness_metric,year,Value,normalized_values,flood_agr,drought_agr,flood_urb,drought_shp
Shipping_Economic_Loss,00_00_00_00,D,average,20,2222.52,1.0,00,00,00,00
Shipping_Economic_Loss,00_00_00_00,D,average,60,5632.03,1.0,00,00,00,00
Shipping_Economic_Loss,00_00_00_00,D,average,100,9004.04,1.0,00,00,00,00
Shipping_Economic_Loss,00_00_00_00,D&G,average,20,2207.73,1.0,00,00,00,00
Shipping_Economic_Loss,00_00_00_00,D&G,average,60,5513.18,1.0,00,00,00,00
Shipping_Economic_Loss,00_00_00_00,D&G,average,100,8681.76,1.0,00,00,00,00
Shipping_Economic_Loss,00_00_00_00,D&G&Wp,average,20,2262.94,1.0,00,00,00,00
Shipping_Economic_Loss,00_00_00_00,D&G&Wp,average,60,6051.53,1.0,00,00,00,00
Shipping_Economic_Loss,00_00_00_00,D&G&Wp,average,100,10394.12,1.0,00,00,00,00
Shipping_Economic_Loss,00_00_00_00,D&Wp,average,20,2297.93,1.0,00,00,00,00
Shipping_Economic_Loss,00_00_00_00,D&Wp,average,60,6380.12,1.0,00,00,00,00
Shipping_Economic_Loss,00_00_00_00,D&Wp,average,100,11411.45,1.0,00,00,00,00
Shipping_Economic_Loss,00_00_00_00,G,average,20,2192.94,1.0,00,00,00,00
Shipping_Economic_Loss,00_00_00_00,G,average,60,5394.34,1.0,00,00,00,00
Shipping_Economic_Loss,00_00_00_00,G,average,100,8359.48,1.0,00,00,00,00
Shipping_Economic_Loss,00_00_00_00,G&Wp,average,20,2283.14,1.0,00,00,00,00
Shipping_Economic_Loss,00_00_00_00,G&Wp,average,60,6261.28,1.0,00,00,00,00
Shipping_Economic_Loss,00_00_00_00,G&Wp,average,100,11089.17,1.0,00,00,00,00
Shipping_Economic_Loss,00_00_00_00,Wp,average,20,2373.34,1.0,00,00,00,00
Shipping_Economic_Loss,00_00_00_00,Wp,average,60,7128.22,1.0,00,00,00,00
Shipping_Economic_Loss,00_00_00_00,Wp,average,100,13818.86,1.0,00,00,00,00
Shipping_Economic_Loss,00_00_00_01,D,average,20,1778.37,0.8,00,00,00,01
Shipping_Economic_Loss,00_00_00_01,D,average,60,3251.66,0.58,00,00,00,01
Shipping_Economic_Loss,00_00_00_01,D,average,100,4695.4,0.52,00,00,00,01
Shipping_Economic_Loss,00_00_00_01,D&G,average,20,1768.37,0.8,00,00,00,01
Shipping_Economic_Loss,00_00_00_01,D&G,average,60,3196.54,0.58,00,00,00,01
Shipping_Economic_Loss,00_00_00_01,D&G,average,100,4544.17,0.52,00,00,00,01
Shipping_Economic_Loss,00_00_00_01,D&G&Wp,average,20,1791.42,0.79,00,00,00,01
Shipping_Economic_Loss,00_00_00_01,D&G&Wp,average,60,3146.94,0.52,00,00,00,01
Shipping_Economic_Loss,00_00_00_01,D&G&Wp,average,100,4596.03,0.44,00,00,00,01
Shipping_Economic_Loss,00_00_00_01,D&Wp,average,20,1807.94,0.79,00,00,00,01
Shipping_Economic_Loss,00_00_00_01,D&Wp,average,60,3149.69,0.49,00,00,00,01
Shipping_Economic_Loss,00_00_00_01,D&Wp,average,100,4697.58,0.41,00,00,00,01
Shipping_Economic_Loss,00_00_00_01,G,average,20,1758.38,0.8,00,00,00,01
Shipping_Economic_Loss,00_00_00_01,G,average,60,3141.42,0.58,00,00,00,01
Shipping_Economic_Loss,00_00_00_01,G,average,100,4392.94,0.53,00,00,00,01
Shipping_Economic_Loss,00_00_00_01,G&Wp,average,20,1797.94,0.79,00,00,00,01
Shipping_Economic_Loss,00_00_00_01,G&Wp,average,60,3094.58,0.49,00,00,00,01
Shipping_Economic_Loss,00_00_00_01,G&Wp,average,100,4546.35,0.41,00,00,00,01
Shipping_Economic_Loss,00_00_00_01,Wp,average,20,1837.51,0.77,00,00,00,01
Shipping_Economic_Loss,00_00_00_01,Wp,average,60,3047.73,0.43,00,00,00,01
Shipping_Economic_Loss,00_00_00_01,Wp,average,100,4699.76,0.34,00,00,00,01
Shipping_Economic_Loss,00_00_00_02,D,average,20,1926.9,0.87,00,00,00,02
Shipping_Economic_Loss,00_00_00_02,D,average,60,4824.98,0.86,00,00,00,02
Shipping_Economic_Loss,00_00_00_02,D,average,100,7691.2,0.85,00,00,00,02
Shipping_Economic_Loss,00_00_00_02,D&G,average,20,1914.93,0.87,00,00,00,02
Shipping_Economic_Loss,00_00_00_02,D&G,average,60,4724.57,0.86,00,00,00,02
Shipping_Economic_Loss,00_00_00_02,D&G,average,100,7417.86,0.85,00,00,00,02
Shipping_Economic_Loss,00_00_00_02,D&G&Wp,average,20,1954.32,0.86,00,00,00,02
Shipping_Economic_Loss,00_00_00_02,D&G&Wp,average,60,4621.04,0.76,00,00,00,02
Shipping_Economic_Loss,00_00_00_02,D&G&Wp,average,100,6967.24,0.67,00,00,00,02
Shipping_Economic_Loss,00_00_00_02,D&Wp,average,20,1979.99,0.86,00,00,00,02
Shipping_Economic_Loss,00_00_00_02,D&Wp,average,60,4619.48,0.72,00,00,00,02
Shipping_Economic_Loss,00_00_00_02,D&Wp,average,100,6878.6,0.6,00,00,00,02
Shipping_Economic_Loss,00_00_00_02,G,average,20,1902.97,0.87,00,00,00,02
Shipping_Economic_Loss,00_00_00_02,G,average,60,4624.16,0.86,00,00,00,02
Shipping_Economic_Loss,00_00_00_02,G,average,100,7144.53,0.85,00,00,00,02
Shipping_Economic_Loss,00_00_00_02,G&Wp,average,20,1968.03,0.86,00,00,00,02
Shipping_Economic_Loss,00_00_00_02,G&Wp,average,60,4519.07,0.72,00,00,00,02
Shipping_Economic_Loss,00_00_00_02,G&Wp,average,100,6605.27,0.6,00,00,00,02
Shipping_Economic_Loss,00_00_00_02,Wp,average,20,2033.08,0.86,00,00,00,02
Shipping_Economic_Loss,00_00_00_02,Wp,average,60,4413.98,0.62,00,00,00,02
Shipping_Economic_Loss,00_00_00_02,Wp,average,100,6066.01,0.44,00,00,00,02
Shipping_Economic_Loss,00_00_00_04,D,average,20,1306.08,0.59,00,00,00,04
Shipping_Economic_Loss,00_00_00_04,D,average,60,4493.36,0.8,00,00,00,04
Shipping_Economic_Loss,00_00_00_04,D,average,100,7556.52,0.84,00,00,00,04
Shipping_Economic_Loss,00_00_00_04,D&G,average,20,1296.73,0.59,00,00,00,04
Shipping_Economic_Loss,00_00_00_04,D&G,average,60,4442.93,0.81,00,00,00,04
Shipping_Economic_Loss,00_00_00_04,D&G,average,100,7365.52,0.85,00,00,00,04
Shipping_Economic_Loss,00_00_00_04,D&G&Wp,average,20,1319.21,0.58,00,00,00,04
Shipping_Economic_Loss,00_00_00_04,D&G&Wp,average,60,4303.53,0.71,00,00,00,04
Shipping_Economic_Loss,00_00_00_04,D&G&Wp,average,100,6802.6,0.65,00,00,00,04
Shipping_Economic_Loss,00_00_00_04,D&Wp,average,20,1335.13,0.58,00,00,00,04
Shipping_Economic_Loss,00_00_00_04,D&Wp,average,60,4259.05,0.67,00,00,00,04
Shipping_Economic_Loss,00_00_00_04,D&Wp,average,100,6616.64,0.58,00,00,00,04
Shipping_Economic_Loss,00_00_00_04,G,average,20,1287.38,0.59,00,00,00,04
Shipping_Economic_Loss,00_00_00_04,G,average,60,4392.5,0.81,00,00,00,04
Shipping_Economic_Loss,00_00_00_04,G,average,100,7174.5,0.86,00,00,00,04
Shipping_Economic_Loss,00_00_00_04,G&Wp,average,20,1325.78,0.58,00,00,00,04
Shipping_Economic_Loss,00_00_00_04,G&Wp,average,60,4208.62,0.67,00,00,00,04
Shipping_Economic_Loss,00_00_00_04,G&Wp,average,100,6425.63,0.58,00,00,00,04
Shipping_Economic_Loss,00_00_00_04,Wp,average,20,1364.18,0.57,00,00,00,04
Shipping_Economic_Loss,00_00_00_04,Wp,average,60,4024.74,0.56,00,00,00,04
Shipping_Economic_Loss,00_00_00_04,Wp,average,100,5676.76,0.41,00,00,00,04
Shipping_Economic_Loss,00_00_00_05,D,average,20,1306.08,0.59,00,00,00,05
Shipping_Economic_Loss,00_00_00_05,D,average,60,3482.72,0.62,00,00,00,05
Shipping_Economic_Loss,00_00_00_05,D,average,100,5144.8,0.57,00,00,00,05
Shipping_Economic_Loss,00_00_00_05,D&G,average,20,1296.73,0.59,00,00,00,05
Shipping_Economic_Loss,00_00_00_05,D&G,average,60,3715.96,0.67,00,00,00,05
Shipping_Economic_Loss,00_00_00_05,D&G,average,100,5516.85,0.64,00,00,00,05
Shipping_Economic_Loss,00_00_00_05,D&G&Wp,average,20,1319.21,0.58,00,00,00,05
Shipping_Economic_Loss,00_00_00_05,D&G&Wp,average,60,3555.44,0.59,00,00,00,05
Shipping_Economic_Loss,00_00_00_05,D&G&Wp,average,100,5403.88,0.52,00,00,00,05
Shipping_Economic_Loss,00_00_00_05,D&Wp,average,20,1335.13,0.58,00,00,00,05
Shipping_Economic_Loss,00_00_00_05,D&Wp,average,60,3358.56,0.53,00,00,00,05
Shipping_Economic_Loss,00_00_00_05,D&Wp,average,100,5161.38,0.45,00,00,00,05
Shipping_Economic_Loss,00_00_00_05,G,average,20,1287.38,0.59,00,00,00,05
Shipping_Economic_Loss,00_00_00_05,G,average,60,3949.2,0.73,00,00,00,05
Shipping_Economic_Loss,00_00_00_05,G,average,100,5888.89,0.7,00,00,00,05
Shipping_Economic_Loss,00_00_00_05,G&Wp,average,20,1325.78,0.58,00,00,00,05
Shipping_Economic_Loss,00_00_00_05,G&Wp,average,60,3591.8,0.57,00,00,00,05
Shipping_Economic_Loss,00_00_00_05,G&Wp,average,100,5533.42,0.5,00,00,00,05
Shipping_Economic_Loss,00_00_00_05,Wp,average,20,1364.18,0.57,00,00,00,05
Shipping_Economic_Loss,00_00_00_05,Wp,average,60,3234.39,0.45,00,00,00,05
Shipping_Economic_Loss,00_00_00_05,Wp,average,100,5177.96,0.37,00,00,00,05
Shipping_Economic_Loss,00_00_00_07,D,average,20,1036.01,0.47,00,00,00,07
Shipping_Economic_Loss,00_00_00_07,D,average,60,1609.45,0.29,00,00,00,07
Shipping_Economic_Loss,00_00_00_07,D,average,100,2166.27,0.24,00,00,00,07
Shipping_Economic_Loss,00_00_00_07,D&G,average,20,1030.59,0.47,00,00,00,07
Shipping_Economic_Loss,00_00_00_07,D&G,average,60,1575.1,0.29,00,00,00,07
Shipping_Economic_Loss,00_00_00_07,D&G,average,100,2078.93,0.24,00,00,00,07
Shipping_Economic_Loss,00_00_00_07,D&G&Wp,average,20,1042.01,0.46,00,00,00,07
Shipping_Economic_Loss,00_00_00_07,D&G&Wp,average,60,1764.93,0.29,00,00,00,07
Shipping_Economic_Loss,00_00_00_07,D&G&Wp,average,100,2748.67,0.26,00,00,00,07
Shipping_Economic_Loss,00_00_00_07,D&Wp,average,20,1050.42,0.46,00,00,00,07
Shipping_Economic_Loss,00_00_00_07,D&Wp,average,60,1877.01,0.29,00,00,00,07
Shipping_Economic_Loss,00_00_00_07,D&Wp,average,100,3127.2,0.27,00,00,00,07
Shipping_Economic_Loss,00_00_00_07,G,average,20,1025.17,0.47,00,00,00,07
Shipping_Economic_Loss,00_00_00_07,G,average,60,1540.76,0.29,00,00,00,07
Shipping_Economic_Loss,00_00_00_07,G,average,100,1991.6,0.24,00,00,00,07
Shipping_Economic_Loss,00_00_00_07,G&Wp,average,20,1045.0,0.46,00,00,00,07
Shipping_Economic_Loss,00_00_00_07,G&Wp,average,60,1842.66,0.29,00,00,00,07
Shipping_Economic_Loss,00_00_00_07,G&Wp,average,100,3039.86,0.27,00,00,00,07
Shipping_Economic_Loss,00_00_00_07,Wp,average,20,1064.84,0.45,00,00,00,07
Shipping_Economic_Loss,00_00_00_07,Wp,average,60,2144.57,0.3,00,00,00,07
Shipping_Economic_Loss,00_00_00_07,Wp,average,100,4088.13,0.3,00,00,00,07
Shipping_Economic_Loss,00_00_00_08,D,average,20,1036.01,0.47,00,00,00,08
Shipping_Economic_Loss,00_00_00_08,D,average,60,1609.45,0.29,00,00,00,08
Shipping_Economic_Loss,00_00_00_08,D,average,100,2166.27,0.24,00,00,00,08
Shipping_Economic_Loss,00_00_00_08,D&G,average,20,1030.59,0.47,00,00,00,08
Shipping_Economic_Loss,00_00_00_08,D&G,average,60,1575.1,0.29,00,00,00,08
Shipping_Economic_Loss,00_00_00_08,D&G,average,100,2078.93,0.24,00,00,00,08
Shipping_Economic_Loss,00_00_00_08,D&G&Wp,average,20,1042.01,0.46,00,00,00,08
Shipping_Economic_Loss,00_00_00_08,D&G&Wp,average,60,1764.93,0.29,00,00,00,08
Shipping_Economic_Loss,00_00_00_08,D&G&Wp,average,100,2748.67,0.26,00,00,00,08
Shipping_Economic_Loss,00_00_00_08,D&Wp,average,20,1050.42,0.46,00,00,00,08
Shipping_Economic_Loss,00_00_00_08,D&Wp,average,60,1877.01,0.29,00,00,00,08
Shipping_Economic_Loss,00_00_00_08,D&Wp,average,100,3127.2,0.27,00,00,00,08
Shipping_Economic_Loss,00_00_00_08,G,average,20,1025.17,0.47,00,00,00,08
Shipping_Economic_Loss,00_00_00_08,G,average,60,1540.76,0.29,00,00,00,08
Shipping_Economic_Loss,00_00_00_08,G,average,100,1991.6,0.24,00,00,00,08
Shipping_Economic_Loss,00_00_00_08,G&Wp,average,20,1045.0,0.46,00,00,00,08
Shipping_Economic_Loss,00_00_00_08,G&Wp,average,60,1842.66,0.29,00,00,00,08
Shipping_Economic_Loss,00_00_00_08,G&Wp,average,100,3039.86,0.27,00,00,00,08
Shipping_Economic_Loss,00_00_00_08,Wp,average,20,1064.84,0.45,00,00,00,08
Shipping_Economic_Loss,00_00_00_08,Wp,average,60,2144.57,0.3,00,00,00,08
Shipping_Economic_Loss,00_00_00_08,Wp,average,100,4088.13,0.3,00,00,00,08
Shipping_Economic_Loss,00_00_00_09,D,average,20,1036.01,0.47,00,00,00,09
Shipping_Economic_Loss,00_00_00_09,D,average,60,1609.45,0.29,00,00,00,09
Shipping_Economic_Loss,00_00_00_09,D,average,100,2166.27,0.24,00,00,00,09
Shipping_Economic_Loss,00_00_00_09,D&G,average,20,1030.59,0.47,00,00,00,09
Shipping_Economic_Loss,00_00_00_09,D&G,average,60,1575.1,0.29,00,00,00,09
Shipping_Economic_Loss,00_00_00_09,D&G,average,100,2078.93,0.24,00,00,00,09
Shipping_Economic_Loss,00_00_00_09,D&G&Wp,average,20,1042.01,0.46,00,00,00,09
Shipping_Economic_Loss,00_00_00_09,D&G&Wp,average,60,1764.93,0.29,00,00,00,09
Shipping_Economic_Loss,00_00_00_09,D&G&Wp,average,100,2748.67,0.26,00,00,00,09
Shipping_Economic_Loss,00_00_00_09,D&Wp,average,20,1050.42,0.46,00,00,00,09
Shipping_Economic_Loss,00_00_00_09,D&Wp,average,60,1877.01,0.29,00,00,00,09
Shipping_Economic_Loss,00_00_00_09,D&Wp,average,100,3127.2,0.27,00,00,00,09
Shipping_Economic_Loss,00_00_00_09,G,average,20,1025.17,0.47,00,00,00,09
Shipping_Economic_Loss,00_00_00_09,G,average,60,1540.76,0.29,00,00,00,09
Shipping_Economic_Loss,00_00_00_09,G,average,100,1991.6,0.24,00,00,00,09
Shipping_Economic_Loss,00_00_00_09,G&Wp,average,20,1045.0,0.46,00,00,00,09
Shipping_Economic_Loss,00_00_00_09,G&Wp,average,60,1842.66,0.29,00,00,00,09
Shipping_Economic_Loss,00_00_00_09,G&Wp,average,100,3039.86,0.27,00,00,00,09
Shipping_Economic_Loss,00_00_00_09,Wp,average,20,1064.84,0.45,00,00,00,09
Shipping_Economic_Loss,00_00_00_09,Wp,average,60,2144.57,0.3,00,00,00,09
Shipping_Economic_Loss,00_00_00_09,Wp,average,100,4088.13,0.3,00,00,00,09
Shipping_Economic_Loss,00_00_01_00,D,average,20,2222.52,1.0,00,00,01,00
Shipping_Economic_Loss,00_00_01_00,D,average,60,5632.03,1.0,00,00,01,00
Shipping_Economic_Loss,00_00_01_00,D,average,100,9004.04,1.0,00,00,01,00
Shipping_Economic_Loss,00_00_01_00,D&G,average,20,2207.73,1.0,00,00,01,00
Shipping_Economic_Loss,00_00_01_00,D&G,average,60,5513.18,1.0,00,00,01,00
Shipping_Economic_Loss,00_00_01_00,D&G,average,100,8681.76,1.0,00,00,01,00
Shipping_Economic_Loss,00_00_01_00,D&G&Wp,average,20,2262.94,1.0,00,00,01,00
Shipping_Economic_Loss,00_00_01_00,D&G&Wp,average,60,6051.53,1.0,00,00,01,00
Shipping_Economic_Loss,00_00_01_00,D&G&Wp,average,100,10394.12,1.0,00,00,01,00
Shipping_Economic_Loss,00_00_01_00,D&Wp,average,20,2297.93,1.0,00,00,01,00
Shipping_Economic_Loss,00_00_01_00,D&Wp,average,60,6380.12,1.0,00,00,01,00
Shipping_Economic_Loss,00_00_01_00,D&Wp,average,100,11411.45,1.0,00,00,01,00
Shipping_Economic_Loss,00_00_01_00,G,average,20,2192.94,1.0,00,00,01,00
Shipping_Economic_Loss,00_00_01_00,G,average,60,5394.34,1.0,00,00,01,00
Shipping_Economic_Loss,00_00_01_00,G,average,100,8359.48,1.0,00,00,01,00
Shipping_Economic_Loss,00_00_01_00,G&Wp,average,20,2283.14,1.0,00,00,01,00
Shipping_Economic_Loss,00_00_01_00,G&Wp,average,60,6261.28,1.0,00,00,01,00
Shipping_Economic_Loss,00_00_01_00,G&Wp,average,100,11089.17,1.0,00,00,01,00
Shipping_Economic_Loss,00_00_01_00,Wp,average,20,2373.34,1.0,00,00,01,00
Shipping_Economic_Loss,00_00_01_00,Wp,average,60,7128.22,1.0,00,00,01,00
Shipping_Economic_Loss,00_00_01_00,Wp,average,100,13818.86,1.0,00,00,01,00
Shipping_Economic_Loss,00_00_01_01,D,average,20,1778.37,0.8,00,00,01,01
Shipping_Economic_Loss,00_00_01_01,D,average,60,3251.66,0.58,00,00,01,01
Shipping_Economic_Loss,00_00_01_01,D,average,100,4695.4,0.52,00,00,01,01
Shipping_Economic_Loss,00_00_01_01,D&G,average,20,1768.37,0.8,00,00,01,01
Shipping_Economic_Loss,00_00_01_01,D&G,average,60,3196.54,0.58,00,00,01,01
Shipping_Economic_Loss,00_00_01_01,D&G,average,100,4544.17,0.52,00,00,01,01
Shipping_Economic_Loss,00_00_01_01,D&G&Wp,average,20,1791.42,0.79,00,00,01,01
Shipping_Economic_Loss,00_00_01_01,D&G&Wp,average,60,3146.94,0.52,00,00,01,01
Shipping_Economic_Loss,00_00_01_01,D&G&Wp,average,100,4596.03,0.44,00,00,01,01
Shipping_Economic_Loss,00_00_01_01,D&Wp,average,20,1807.94,0.79,00,00,01,01
Shipping_Economic_Loss,00_00_01_01,D&Wp,average,60,3149.69,0.49,00,00,01,01
Shipping_Economic_Loss,00_00_01_01,D&Wp,average,100,4697.58,0.41,00,00,01,01
Shipping_Economic_Loss,00_00_01_01,G,average,20,1758.38,0.8,00,00,01,01
Shipping_Economic_Loss,00_00_01_01,G,average,60,3141.42,0.58,00,00,01,01
Shipping_Economic_Loss,00_00_01_01,G,average,100,4392.94,0.53,00,00,01,01
Shipping_Economic_Loss,00_00_01_01,G&Wp,average,20,1797.94,0.79,00,00,01,01
Shipping_Economic_Loss,00_00_01_01,G&Wp,average,60,3094.58,0.49,00,00,01,01
Shipping_Economic_Loss,00_00_01_01,G&Wp,average,100,4546.35,0.41,00,00,01,01
Shipping_Economic_Loss,00_00_01_01,Wp,average,20,1837.51,0.77,00,00,01,01
Shipping_Economic_Loss,00_00_01_01,Wp,average,60,3047.73,0.43,00,00,01,01
Shipping_Economic_Loss,00_00_01_01,Wp,average,100,4699.76,0.34,00,00,01,01
Shipping_Economic_Loss,00_00_01_02,D,average,20,1926.9,0.87,00,00,01,02
Shipping_Economic_Loss,00_00_01_02,D,average,60,4824.98,0.86,00,00,01,02
Shipping_Economic_Loss,00_00_01_02,D,average,100,7691.2,0.85,00,00,01,02
Shipping_Economic_Loss,00_00_01_02,D&G,average,20,1914.93,0.87,00,00,01,02
Shipping_Economic_Loss,00_00_01_02,D&G,average,60,4724.57,0.86,00,00,01,02
Shipping_Economic_Loss,00_00_01_02,D&G,average,100,7417.86,0.85,00,00,01,02
Shipping_Economic_Loss,00_00_01_02,D&G&Wp,average,20,1954.32,0.86,00,00,01,02
Shipping_Economic_Loss,00_00_01_02,D&G&Wp,average,60,4621.04,0.76,00,00,01,02
Shipping_Economic_Loss,00_00_01_02,D&G&Wp,average,100,6967.24,0.67,00,00,01,02
Shipping_Economic_Loss,00_00_01_02,D&Wp,average,20,1979.99,0.86,00,00,01,02
Shipping_Economic_Loss,00_00_01_02,D&Wp,average,60,4619.48,0.72,00,00,01,02
Shipping_Economic_Loss,00_00_01_02,D&Wp,average,100,6878.6,0.6,00,00,01,02
Shipping_Economic_Loss,00_00_01_02,G,average,20,1902.97,0.87,00,00,01,02
Shipping_Economic_Loss,00_00_01_02,G,average,60,4624.16,0.86,00,00,01,02
Shipping_Economic_Loss,00_00_01_02,G,average,100,7144.53,0.85,00,00,01,02
Shipping_Economic_Loss,00_00_01_02,G&Wp,average,20,1968.03,0.86,00,00,01,02
Shipping_Economic_Loss,00_00_01_02,G&Wp,average,60,4519.07,0.72,00,00,01,02
Shipping_Economic_Loss,00_00_01_02,G&Wp,average,100,6605.27,0.6,00,00,01,02
Shipping_Economic_Loss,00_00_01_02,Wp,average,20,2033.08,0.86,00,00,01,02
Shipping_Economic_Loss,00_00_01_02,Wp,average,60,4413.98,0.62,00,00,01,02
Shipping_Economic_Loss,00_00_01_02,Wp,average,100,6066.01,0.44,00,00,01,02
Shipping_Economic_Loss,00_00_01_04,D,average,20,1306.08,0.59,00,00,01,04
Shipping_Economic_Loss,00_00_01_04,D,average,60,4493.36,0.8,00,00,01,04
Shipping_Economic_Loss,00_00_01_04,D,average,100,7556.52,0.84,00,00,01,04
Shipping_Economic_Loss,00_00_01_04,D&G,average,20,1296.73,0.59,00,00,01,04
Shipping_Economic_Loss,00_00_01_04,D&G,average,60,4442.93,0.81,00,00,01,04
Shipping_Economic_Loss,00_00_01_04,D&G,average,100,7365.52,0.85,00,00,01,04
Shipping_Economic_Loss,00_00_01_04,D&G&Wp,average,20,1319.21,0.58,00,00,01,04
Shipping_Economic_Loss,00_00_01_04,D&G&Wp,average,60,4303.53,0.71,00,00,01,04
Shipping_Economic_Loss,00_00_01_04,D&G&Wp,average,100,6802.6,0.65,00,00,01,04
Shipping_Economic_Loss,00_00_01_04,D&Wp,average,20,1335.13,0.58,00,00,01,04
Shipping_Economic_Loss,00_00_01_04,D&Wp,average,60,4259.05,0.67,00,00,01,04
Shipping_Economic_Loss,00_00_01_04,D&Wp,average,100,6616.64,0.58,00,00,01,04
Shipping_Economic_Loss,00_00_01_04,G,average,20,1287.38,0.59,00,00,01,04
Shipping_Economic_Loss,00_00_01_04,G,average,60,4392.5,0.81,00,00,01,04
Shipping_Economic_Loss,00_00_01_04,G,average,100,7174.5,0.86,00,00,01,04
Shipping_Economic_Loss,00_00_01_04,G&Wp,average,20,1325.78,0.58,00,00,01,04
Shipping_Economic_Loss,00_00_01_04,G&Wp,average,60,4208.62,0.67,00,00,01,04
Shipping_Economic_Loss,00_00_01_04,G&Wp,average,100,6425.63,0.58,00,00,01,04
Shipping_Economic_Loss,00_00_01_04,Wp,average,20,1364.18,0.57,00,00,01,04
Shipping_Economic_Loss,00_00_01_04,Wp,average,60,4024.74,0.56,00,00,01,04
Shipping_Economic_Loss,00_00_01_04,Wp,average,100,5676.76,0.41,00,00,01,04
Shipping_Economic_Loss,00_00_01_05,D,average,20,1306.08,0.59,00,00,01,05
Shipping_Economic_Loss,00_00_01_05,D,average,60,3482.72,0.62,00,00,01,05
Shipping_Economic_Loss,00_00_01_05,D,average,100,5144.8,0.57,00,00,01,05
Shipping_Economic_Loss,00_00_01_05,D&G,average,20,1296.73,0.59,00,00,01,05
Shipping_Economic_Loss,00_00_01_05,D&G,average,60,3715.96,0.67,00,00,01,05
Shipping_Economic_Loss,00_00_01_05,D&G,average,100,5516.85,0.64,00,00,01,05
Shipping_Economic_Loss,00_00_01_05,D&G&Wp,average,20,1319.21,0.58,00,00,01,05
Shipping_Economic_Loss,00_00_01_05,D&G&Wp,average,60,3555.44,0.59,00,00,01,05
Shipping_Economic_Loss,00_00_01_05,D&G&Wp,average,100,5403.88,0.52,00,00,01,05
Shipping_Economic_Loss,00_00_01_05,D&Wp,average,20,1335.13,0.58,00,00,01,05
Shipping_Economic_Loss,00_00_01_05,D&Wp,average,60,3358.56,0.53,00,00,01,05
Shipping_Economic_Loss,00_00_01_05,D&Wp,average,100,5161.38,0.45,00,00,01,05
Shipping_Economic_Loss,00_00_01_05,G,average,20,1287.38,0.59,00,00,01,05
Shipping_Economic_Loss,00_00_01_05,G,average,60,3949.2,0.73,00,00,01,05
Shipping_Economic_Loss,00_00_01_05,G,average,100,5888.89,0.7,00,00,01,05
Shipping_Economic_Loss,00_00_01_05,G&Wp,average,20,1325.78,0.58,00,00,01,05
Shipping_Economic_Loss,00_00_01_05,G&Wp,average,60,3591.8,0.57,00,00,01,05
Shipping_Economic_Loss,00_00_01_05,G&Wp,average,100,5533.42,0.5,00,00,01,05
Shipping_Economic_Loss,00_00_01_05,Wp,average,20,1364.18,0.57,00,00,01,05
Shipping_Economic_Loss,00_00_01_05,Wp,average,60,3234.39,0.45,00,00,01,05
Shipping_Economic_Loss,00_00_01_05,Wp,average,100,5177.96,0.37,00,00,01,05
Shipping_Economic_Loss,00_00_01_07,D,average,20,1036.01,0.47,00,00,01,07
Shipping_Economic_Loss,00_00_01_07,D,average,60,1609.45,0.29,00,00,01,07
Shipping_Economic_Loss,00_00_01_07,D,average,100,2166.27,0.24,00,00,01,07
Shipping_Economic_Loss,00_00_01_07,D&G,average,20,1030.59,0.47,00,00,01,07
Shipping_Economic_Loss,00_00_01_07,D&G,average,60,1575.1,0.29,00,00,01,07
Shipping_Economic_Loss,00_00_01_07,D&G,average,100,2078.93,0.24,00,00,01,07
Shipping_Economic_Loss,00_00_01_07,D&G&Wp,average,20,1042.01,0.46,00,00,01,07
Shipping_Economic_Loss,00_00_01_07,D&G&Wp,average,60,1764.93,0.29,00,00,01,07
Shipping_Economic_Loss,00_00_01_07,D&G&Wp,average,100,2748.67,0.26,00,00,01,07
Shipping_Economic_Loss,00_00_01_07,D&Wp,average,20,1050.42,0.46,00,00,01,07
Shipping_Economic_Loss,00_00_01_07,D&Wp,average,60,1877.01,0.29,00,00,01,07
Shipping_Economic_Loss,00_00_01_07,D&Wp,average,100,3127.2,0.27,00,00,01,07
Shipping_Economic_Loss,00_00_01_07,G,average,20,1025.17,0.47,00,00,01,07
Shipping_Economic_Loss,00_00_01_07,G,average,60,1540.76,0.29,00,00,01,07
Shipping_Economic_Loss,00_00_01_07,G,average,100,1991.6,0.24,00,00,01,07
Shipping_Economic_Loss,00_00_01_07,G&Wp,average,20,1045.0,0.46,00,00,01,07
Shipping_Economic_Loss,00_00_01_07,G&Wp,average,60,1842.66,0.29,00,00,01,07
Shipping_Economic_Loss,00_00_01_07,G&Wp,average,100,3039.86,0.27,00,00,01,07
Shipping_Economic_Loss,00_00_01_07,Wp,average,20,1064.84,0.45,00,00,01,07
Shipping_Economic_Loss,00_00_01_07,Wp,average,60,2144.57,0.3,00,00,01,07
Shipping_Economic_Loss,00_00_01_07,Wp,average,100,4088.13,0.3,00,00,01,07
Shipping_Economic_Loss,00_00_01_08,D,average,20,1036.01,0.47,00,00,01,08
Shipping_Economic_Loss,00_00_01_08,D,average,60,1609.45,0.29,00,00,01,08
Shipping_Economic_Loss,00_00_01_08,D,average,100,2166.27,0.24,00,00,01,08
Shipping_Economic_Loss,00_00_01_08,D&G,average,20,1030.59,0.47,00,00,01,08
Shipping_Economic_Loss,00_00_01_08,D&G,average,60,1575.1,0.29,00,00,01,08
Shipping_Economic_Loss,00_00_01_08,D&G,average,100,2078.93,0.24,00,00,01,08
Shipping_Economic_Loss,00_00_01_08,D&G&Wp,average,20,1042.01,0.46,00,00,01,08
Shipping_Economic_Loss,00_00_01_08,D&G&Wp,average,60,1764.93,0.29,00,00,01,08
Shipping_Economic_Loss,00_00_01_08,D&G&Wp,average,100,2748.67,0.26,00,00,01,08
Shipping_Economic_Loss,00_00_01_08,D&Wp,average,20,1050.42,0.46,00,00,01,08
Shipping_Economic_Loss,00_00_01_08,D&Wp,average,60,1877.01,0.29,00,00,01,08
Shipping_Economic_Loss,00_00_01_08,D&Wp,average,100,3127.2,0.27,00,00,01,08
Shipping_Economic_Loss,00_00_01_08,G,average,20,1025.17,0.47,00,00,01,08
Shipping_Economic_Loss,00_00_01_08,G,average,60,1540.76,0.29,00,00,01,08
Shipping_Economic_Loss,00_00_01_08,G,average,100,1991.6,0.24,00,00,01,08
Shipping_Economic_Loss,00_00_01_08,G&Wp,average,20,1045.0,0.46,00,00,01,08
Shipping_Economic_Loss,00_00_01_08,G&Wp,average,60,1842.66,0.29,00,00,01,08
Shipping_Economic_Loss,00_00_01_08,G&Wp,average,100,3039.86,0.27,00,00,01,08
Shipping_Economic_Loss,00_00_01_08,Wp,average,20,1064.84,0.45,00,00,01,08
Shipping_Economic_Loss,00_00_01_08,Wp,average,60,2144.57,0.3,00,00,01,08
Shipping_Economic_Loss,00_00_01_08,Wp,average,100,4088.13,0.3,00,00,01,08
Shipping_Economic_Loss,00_00_01_09,D,average,20,1036.01,0.47,00,00,01,09
Shipping_Economic_Loss,00_00_01_09,D,average,60,1609.45,0.29,00,00,01,09
Shipping_Economic_Loss,00_00_01_09,D,average,100,2166.27,0.24,00,00,01,09
Shipping_Economic_Loss,00_00_01_09,D&G,average,20,1030.59,0.47,00,00,01,09
Shipping_Economic_Loss,00_00_01_09,D&G,average,60,1575.1,0.29,00,00,01,09
Shipping_Economic_Loss,00_00_01_09,D&G,average,100,2078.93,0.24,00,00,01,09
Shipping_Economic_Loss,00_00_01_09,D&G&Wp,average,20,1042.01,0.46,00,00,01,09
Shipping_Economic_Loss,00_00_01_09,D&G&Wp,average,60,1764.93,0.29,00,00,01,09
Shipping_Economic_Loss,00_00_01_09,D&G&Wp,average,100,2748.67,0.26,00,00,01,09
Shipping_Economic_Loss,00_00_01_09,D&Wp,average,20,1050.42,0.46,00,00,01,09
Shipping_Economic_Loss,00_00_01_09,D&Wp,average,60,1877.01,0.29,00,00,01,09
Shipping_Economic_Loss,00_00_01_09,D&Wp,average,100,3127.2,0.27,00,00,01,09
Shipping_Economic_Loss,00_00_01_09,G,average,20,1025.17,0.47,00,00,01,09
Shipping_Economic_Loss,00_00_01_09,G,average,60,1540.76,0.29,00,00,01,09
Shipping_Economic_Loss,00_00_01_09,G,average,100,1991.6,0.24,00,00,01,09
Shipping_Economic_Loss,00_00_01_09,G&Wp,average,20,1045.0,0.46,00,00,01,09
Shipping_Economic_Loss,00_00_01_09,G&Wp,average,60,1842.66,0.29,00,00,01,09
Shipping_Economic_Loss,00_00_01_09,G&Wp,average,100,3039.86,0.27,00,00,01,09
Shipping_Economic_Loss,00_00_01_09,Wp,average,20,1064.84,0.45,00,00,01,09
Shipping_Economic_Loss,00_00_01_09,Wp,average,60,2144.57,0.3,00,00,01,09
Shipping_Economic_Loss,00_00_01_09,Wp,average,100,4088.13,0.3,00,00,01,09
Shipping_Economic_Loss,00_00_03_00,D,average,20,2222.52,1.0,00,00,03,00
Shipping_Economic_Loss,00_00_03_00,D,average,60,5632.03,1.0,00,00,03,00
Shipping_Economic_Loss,00_00_03_00,D,average,100,9004.04,1.0,00,00,03,00
Shipping_Economic_Loss,00_00_03_00,D&G,average,20,2207.73,1.0,00,00,03,00
Shipping_Economic_Loss,00_00_03_00,D&G,average,60,5513.18,1.0,00,00,03,00
Shipping_Economic_Loss,00_00_03_00,D&G,average,100,8681.76,1.0,00,00,03,00
Shipping_Economic_Loss,00_00_03_00,D&G&Wp,average,20,2262.94,1.0,00,00,03,00
Shipping_Economic_Loss,00_00_03_00,D&G&Wp,average,60,6051.53,1.0,00,00,03,00
Shipping_Economic_Loss,00_00_03_00,D&G&Wp,average,100,10394.12,1.0,00,00,03,00
Shipping_Economic_Loss,00_00_03_00,D&Wp,average,20,2297.93,1.0,00,00,03,00
Shipping_Economic_Loss,00_00_03_00,D&Wp,average,60,6380.12,1.0,00,00,03,00
Shipping_Economic_Loss,00_00_03_00,D&Wp,average,100,11411.45,1.0,00,00,03,00
Shipping_Economic_Loss,00_00_03_00,G,average,20,2192.94,1.0,00,00,03,00
Shipping_Economic_Loss,00_00_03_00,G,average,60,5394.34,1.0,00,00,03,00
Shipping_Economic_Loss,00_00_03_00,G,average,100,8359.48,1.0,00,00,03,00
Shipping_Economic_Loss,00_00_03_00,G&Wp,average,20,2283.14,1.0,00,00,03,00
Shipping_Economic_Loss,00_00_03_00,G&Wp,average,60,6261.28,1.0,00,00,03,00
Shipping_Economic_Loss,00_00_03_00,G&Wp,average,100,11089.17,1.0,00,00,03,00
Shipping_Economic_Loss,00_00_03_00,Wp,average,20,2373.34,1.0,00,00,03,00
Shipping_Economic_Loss,00_00_03_00,Wp,average,60,7128.22,1.0,00,00,03,00
Shipping_Economic_Loss,00_00_03_00,Wp,average,100,13818.86,1.0,00,00,03,00
Shipping_Economic_Loss,00_00_03_01,D,average,20,1778.37,0.8,00,00,03,01
Shipping_Economic_Loss,00_00_03_01,D,average,60,3251.66,0.58,00,00,03,01
Shipping_Economic_Loss,00_00_03_01,D,average,100,4695.4,0.52,00,00,03,01
Shipping_Economic_Loss,00_00_03_01,D&G,average,20,1768.37,0.8,00,00,03,01
Shipping_Economic_Loss,00_00_03_01,D&G,average,60,3196.54,0.58,00,00,03,01
Shipping_Economic_Loss,00_00_03_01,D&G,average,100,4544.17,0.52,00,00,03,01
Shipping_Economic_Loss,00_00_03_01,D&G&Wp,average,20,1791.42,0.79,00,00,03,01
Shipping_Economic_Loss,00_00_03_01,D&G&Wp,average,60,3146.94,0.52,00,00,03,01
Shipping_Economic_Loss,00_00_03_01,D&G&Wp,average,100,4596.03,0.44,00,00,03,01
Shipping_Economic_Loss,00_00_03_01,D&Wp,average,20,1807.94,0.79,00,00,03,01
Shipping_Economic_Loss,00_00_03_01,D&Wp,average,60,3149.69,0.49,00,00,03,01
Shipping_Economic_Loss,00_00_03_01,D&Wp,average,100,4697.58,0.41,00,00,03,01
Shipping_Economic_Loss,00_00_03_01,G,average,20,1758.38,0.8,00,00,03,01
Shipping_Economic_Loss,00_00_03_01,G,average,60,3141.42,0.58,00,00,03,01
Shipping_Economic_Loss,00_00_03_01,G,average,100,4392.94,0.53,00,00,03,01
Shipping_Economic_Loss,00_00_03_01,G&Wp,average,20,1797.94,0.79,00,00,03,01
Shipping_Economic_Loss,00_00_03_01,G&Wp,average,60,3094.58,0.49,00,00,03,01
Shipping_Economic_Loss,00_00_03_01,G&Wp,average,100,4546.35,0.41,00,00,03,01
Shipping_Economic_Loss,00_00_03_01,Wp,average,20,1837.51,0.77,00,00,03,01
Shipping_Economic_Loss,00_00_03_01,Wp,average,60,3047.73,0.43,00,00,03,01
Shipping_Economic_Loss,00_00_03_01,Wp,average,100,4699.76,0.34,00,00,03,01
Shipping_Economic_Loss,00_00_03_02,D,average,20,1926.9,0.87,00,00,03,02
Shipping_Economic_Loss,00_00_03_02,D,average,60,4824.98,0.86,00,00,03,02
Shipping_Economic_Loss,00_00_03_02,D,average,100,7691.2,0.85,00,00,03,02
Shipping_Economic_Loss,00_00_03_02,D&G,average,20,1914.93,0.87,00,00,03,02
Shipping_Economic_Loss,00_00_03_02,D&G,average,60,4724.57,0.86,00,00,03,02
Shipping_Economic_Loss,00_00_03_02,D&G,average,100,7417.86,0.85,00,00,03,02
Shipping_Economic_Loss,00_00_03_02,D&G&Wp,average,20,1954.32,0.86,00,00,03,02
Shipping_Economic_Loss,00_00_03_02,D&G&Wp,average,60,4621.04,0.76,00,00,03,02
Shipping_Economic_Loss,00_00_03_02,D&G&Wp,average,100,6967.24,0.67,00,00,03,02
Shipping_Economic_Loss,00_00_03_02,D&Wp,average,20,1979.99,0.86,00,00,03,02
Shipping_Economic_Loss,00_00_03_02,D&Wp,average,60,4619.48,0.72,00,00,03,02
Shipping_Economic_Loss,00_00_03_02,D&Wp,average,100,6878.6,0.6,00,00,03,02
Shipping_Economic_Loss,00_00_03_02,G,average,20,1902.97,0.87,00,00,03,02
Shipping_Economic_Loss,00_00_03_02,G,average,60,4624.16,0.86,00,00,03,02
Shipping_Economic_Loss,00_00_03_02,G,average,100,7144.53,0.85,00,00,03,02
Shipping_Economic_Loss,00_00_03_02,G&Wp,average,20,1968.03,0.86,00,00,03,02
Shipping_Economic_Loss,00_00_03_02,G&Wp,average,60,4519.07,0.72,00,00,03,02
Shipping_Economic_Loss,00_00_03_02,G&Wp,average,100,6605.27,0.6,00,00,03,02
Shipping_Economic_Loss,00_00_03_02,Wp,average,20,2033.08,0.86,00,00,03,02
Shipping_Economic_Loss,00_00_03_02,Wp,average,60,4413.98,0.62,00,00,03,02
Shipping_Economic_Loss,00_00_03_02,Wp,average,100,6066.01,0.44,00,00,03,02
Shipping_Economic_Loss,00_00_03_04,D,average,20,1306.08,0.59,00,00,03,04
Shipping_Economic_Loss,00_00_03_04,D,average,60,4493.36,0.8,00,00,03,04
Shipping_Economic_Loss,00_00_03_04,D,average,100,7556.52,0.84,00,00,03,04
Shipping_Economic_Loss,00_00_03_04,D&G,average,20,1296.73,0.59,00,00,03,04
Shipping_Economic_Loss,00_00_03_04,D&G,average,60,4442.93,0.81,00,00,03,04
Shipping_Economic_Loss,00_00_03_04,D&G,average,100,7365.52,0.85,00,00,03,04
Shipping_Economic_Loss,00_00_03_04,D&G&Wp,average,20,1319.21,0.58,00,00,03,04
Shipping_Economic_Loss,00_00_03_04,D&G&Wp,average,60,4303.53,0.71,00,00,03,04
Shipping_Economic_Loss,00_00_03_04,D&G&Wp,average,100,6802.6,0.65,00,00,03,04
Shipping_Economic_Loss,00_00_03_04,D&Wp,average,20,1335.13,0.58,00,00,03,04
Shipping_Economic_Loss,00_00_03_04,D&Wp,average,60,4259.05,0.67,00,00,03,04
Shipping_Economic_Loss,00_00_03_04,D&Wp,average,100,6616.64,0.58,00,00,03,04
Shipping_Economic_Loss,00_00_03_04,G,average,20,1287.38,0.59,00,00,03,04
Shipping_Economic_Loss,00_00_03_04,G,average,60,4392.5,0.81,00,00,03,04
Shipping_Economic_Loss,00_00_03_04,G,average,100,7174.5,0.86,00,00,03,04
Shipping_Economic_Loss,00_00_03_04,G&Wp,average,20,1325.78,0.58,00,00,03,04
Shipping_Economic_Loss,00_00_03_04,G&Wp,average,60,4208.62,0.67,00,00,03,04
Shipping_Economic_Loss,00_00_03_04,G&Wp,average,100,6425.63,0.58,00,00,03,04
Shipping_Economic_Loss,00_00_03_04,Wp,average,20,1364.18,0.57,00,00,03,04
Shipping_Economic_Loss,00_00_03_04,Wp,average,60,4024.74,0.56,00,00,03,04
Shipping_Economic_Loss,00_00_03_04,Wp,average,100,5676.76,0.41,00,00,03,04
Shipping_Economic_Loss,00_00_03_05,D,average,20,1306.08,0.59,00,00,03,05
Shipping_Economic_Loss,00_00_03_05,D,average,60,3482.72,0.62,00,00,03,05
Shipping_Economic_Loss,00_00_03_05,D,average,100,5144.8,0.57,00,00,03,05
Shipping_Economic_Loss,00_00_03_05,D&G,average,20,1296.73,0.59,00,00,03,05
Shipping_Economic_Loss,00_00_03_05,D&G,average,60,3715.96,0.67,00,00,03,05
Shipping_Economic_Loss,00_00_03_05,D&G,average,100,5516.85,0.64,00,00,03,05
Shipping_Economic_Loss,00_00_03_05,D&G&Wp,average,20,1319.21,0.58,00,00,03,05
Shipping_Economic_Loss,00_00_03_05,D&G&Wp,average,60,3555.44,0.59,00,00,03,05
Shipping_Economic_Loss,00_00_03_05,D&G&Wp,average,100,5403.88,0.52,00,00,03,05
Shipping_Economic_Loss,00_00_03_05,D&Wp,average,20,1335.13,0.58,00,00,03,05
Shipping_Economic_Loss,00_00_03_05,D&Wp,average,60,3358.56,0.53,00,00,03,05
Shipping_Economic_Loss,00_00_03_05,D&Wp,average,100,5161.38,0.45,00,00,03,05
Shipping_Economic_Loss,00_00_03_05,G,average,20,1287.38,0.59,00,00,03,05
Shipping_Economic_Loss,00_00_03_05,G,average,60,3949.2,0.73,00,00,03,05
Shipping_Economic_Loss,00_00_03_05,G,average,100,5888.89,0.7,00,00,03,05
Shipping_Economic_Loss,00_00_03_05,G&Wp,average,20,1325.78,0.58,00,00,03,05
Shipping_Economic_Loss,00_00_03_05,G&Wp,average,60,3591.8,0.57,00,00,03,05
Shipping_Economic_Loss,00_00_03_05,G&Wp,average,100,5533.42,0.5,00,00,03,05
Shipping_Economic_Loss,00_00_03_05,Wp,average,20,1364.18,0.57,00,00,03,05
Shipping_Economic_Loss,00_00_03_05,Wp,average,60,3234.39,0.45,00,00,03,05
Shipping_Economic_Loss,00_00_03_05,Wp,average,100,5177.96,0.37,00,00,03,05
Shipping_Economic_Loss,00_00_03_07,D,average,20,1036.01,0.47,00,00,03,07
Shipping_Economic_Loss,00_00_03_07,D,average,60,1609.45,0.29,00,00,03,07
Shipping_Economic_Loss,00_00_03_07,D,average,100,2166.27,0.24,00,00,03,07
Shipping_Economic_Loss,00_00_03_07,D&G,average,20,1030.59,0.47,00,00,03,07
Shipping_Economic_Loss,00_00_03_07,D&G,average,60,1575.1,0.29,00,00,03,07
Shipping_Economic_Loss,00_00_03_07,D&G,average,100,2078.93,0.24,00,00,03,07
Shipping_Economic_Loss,00_00_03_07,D&G&Wp,average,20,1042.01,0.46,00,00,03,07
Shipping_Economic_Loss,00_00_03_07,D&G&Wp,average,60,1764.93,0.29,00,00,03,07
Shipping_Economic_Loss,00_00_03_07,D&G&Wp,average,100,2748.67,0.26,00,00,03,07
Shipping_Economic_Loss,00_00_03_07,D&Wp,average,20,1050.42,0.46,00,00,03,07
Shipping_Economic_Loss,00_00_03_07,D&Wp,average,60,1877.01,0.29,00,00,03,07
Shipping_Economic_Loss,00_00_03_07,D&Wp,average,100,3127.2,0.27,00,00,03,07
Shipping_Economic_Loss,00_00_03_07,G,average,20,1025.17,0.47,00,00,03,07
Shipping_Economic_Loss,00_00_03_07,G,average,60,1540.76,0.29,00,00,03,07
Shipping_Economic_Loss,00_00_03_07,G,average,100,1991.6,0.24,00,00,03,07
Shipping_Economic_Loss,00_00_03_07,G&Wp,average,20,1045.0,0.46,00,00,03,07
Shipping_Economic_Loss,00_00_03_07,G&Wp,average,60,1842.66,0.29,00,00,03,07
Shipping_Economic_Loss,00_00_03_07,G&Wp,average,100,3039.86,0.27,00,00,03,07
Shipping_Economic_Loss,00_00_03_07,Wp,average,20,1064.84,0.45,00,00,03,07
Shipping_Economic_Loss,00_00_03_07,Wp,average,60,2144.57,0.3,00,00,03,07
Shipping_Economic_Loss,00_00_03_07,Wp,average,100,4088.13,0.3,00,00,03,07
Shipping_Economic_Loss,00_00_03_08,D,average,20,1036.01,0.47,00,00,03,08
Shipping_Economic_Loss,00_00_03_08,D,average,60,1609.45,0.29,00,00,03,08
Shipping_Economic_Loss,00_00_03_08,D,average,100,2166.27,0.24,00,00,03,08
Shipping_Economic_Loss,00_00_03_08,D&G,average,20,1030.59,0.47,00,00,03,08
Shipping_Economic_Loss,00_00_03_08,D&G,average,60,1575.1,0.29,00,00,03,08
Shipping_Economic_Loss,00_00_03_08,D&G,average,100,2078.93,0.24,00,00,03,08
Shipping_Economic_Loss,00_00_03_08,D&G&Wp,average,20,1042.01,0.46,00,00,03,08
Shipping_Economic_Loss,00_00_03_08,D&G&Wp,average,60,1764.93,0.29,00,00,03,08
Shipping_Economic_Loss,00_00_03_08,D&G&Wp,average,100,2748.67,0.26,00,00,03,08
Shipping_Economic_Loss,00_00_03_08,D&Wp,average,20,1050.42,0.46,00,00,03,08
Shipping_Economic_Loss,00_00_03_08,D&Wp,average,60,1877.01,0.29,00,00,03,08
Shipping_Economic_Loss,00_00_03_08,D&Wp,average,100,3127.2,0.27,00,00,03,08
Shipping_Economic_Loss,00_00_03_08,G,average,20,1025.17,0.47,00,00,03,08
Shipping_Economic_Loss,00_00_03_08,G,average,60,1540.76,0.29,00,00,03,08
Shipping_Economic_Loss,00_00_03_08,G,average,100,1991.6,0.24,00,00,03,08
Shipping_Economic_Loss,00_00_03_08,G&Wp,average,20,1045.0,0.46,00,00,03,08
Shipping_Economic_Loss,00_00_03_08,G&Wp,average,60,1842.66,0.29,00,00,03,08
Shipping_Economic_Loss,00_00_03_08,G&Wp,average,100,3039.86,0.27,00,00,03,08
Shipping_Economic_Loss,00_00_03_08,Wp,average,20,1064.84,0.45,00,00,03,08
Shipping_Economic_Loss,00_00_03_08,Wp,average,60,2144.57,0.3,00,00,03,08
Shipping_Economic_Loss,00_00_03_08,Wp,average,100,4088.13,0.3,00,00,03,08
Shipping_Economic_Loss,00_00_03_09,D,average,20,1036.01,0.47,00,00,03,09
Shipping_Economic_Loss,00_00_03_09,D,average,60,1609.45,0.29,00,00,03,09
Shipping_Economic_Loss,00_00_03_09,D,average,100,2166.27,0.24,00,00,03,09
Shipping_Economic_Loss,00_00_03_09,D&G,average,20,1030.59,0.47,00,00,03,09
Shipping_Economic_Loss,00_00_03_09,D&G,average,60,1575.1,0.29,00,00,03,09
Shipping_Economic_Loss,00_00_03_09,D&G,average,100,2078.93,0.24,00,00,03,09
Shipping_Economic_Loss,00_00_03_09,D&G&Wp,average,20,1042.01,0.46,00,00,03,09
Shipping_Economic_Loss,00_00_03_09,D&G&Wp,average,60,1764.93,0.29,00,00,03,09
Shipping_Economic_Loss,00_00_03_09,D&G&Wp,average,100,2748.67,0.26,00,00,03,09
Shipping_Economic_Loss,00_00_03_09,D&Wp,average,20,1050.42,0.46,00,00,03,09
Shipping_Economic_Loss,00_00_03_09,D&Wp,average,60,1877.01,0.29,00,00,03,09
Shipping_Economic_Loss,00_00_03_09,D&Wp,average,100,3127.2,0.27,00,00,03,09
Shipping_Economic_Loss,00_00_03_09,G,average,20,1025.17,0.47,00,00,03,09
Shipping_Economic_Loss,00_00_03_09,G,average,60,1540.76,0.29,00,00,03,09
Shipping_Economic_Loss,00_00_03_09,G,average,100,1991.6,0.24,00,00,03,09
Shipping_Economic_Loss,00_00_03_09,G&Wp,average,20,1045.0,0.46,00,00,03,09
Shipping_Economic_Loss,00_00_03_09,G&Wp,average,60,1842.66,0.29,00,00,03,09
Shipping_Economic_Loss,00_00_03_09,G&Wp,average,100,3039.86,0.27,00,00,03,09
Shipping_Economic_Loss,00_00_03_09,Wp,average,20,1064.84,0.45,00,00,03,09
Shipping_Economic_Loss,00_00_03_09,Wp,average,60,2144.57,0.3,00,00,03,09
Shipping_Economic_Loss,00_00_03_09,Wp,average,100,4088.13,0.3,00,00,03,09
Shipping_Economic_Loss,00_00_05_00,D,average,20,2222.52,1.0,00,00,05,00
Shipping_Economic_Loss,00_00_05_00,D,average,60,5632.03,1.0,00,00,05,00
Shipping_Economic_Loss,00_00_05_00,D,average,100,9004.04,1.0,00,00,05,00
Shipping_Economic_Loss,00_00_05_00,D&G,average,20,2207.73,1.0,00,00,05,00
Shipping_Economic_Loss,00_00_05_00,D&G,average,60,5513.18,1.0,00,00,05,00
Shipping_Economic_Loss,00_00_05_00,D&G,average,100,8681.76,1.0,00,00,05,00
Shipping_Economic_Loss,00_00_05_00,D&G&Wp,average,20,2262.94,1.0,00,00,05,00
Shipping_Economic_Loss,00_00_05_00,D&G&Wp,average,60,6051.53,1.0,00,00,05,00
Shipping_Economic_Loss,00_00_05_00,D&G&Wp,average,100,10394.12,1.0,00,00,05,00
Shipping_Economic_Loss,00_00_05_00,D&Wp,average,20,2297.93,1.0,00,00,05,00
Shipping_Economic_Loss,00_00_05_00,D&Wp,average,60,6380.12,1.0,00,00,05,00
Shipping_Economic_Loss,00_00_05_00,D&Wp,average,100,11411.45,1.0,00,00,05,00
Shipping_Economic_Loss,00_00_05_00,G,average,20,2192.94,1.0,00,00,05,00
Shipping_Economic_Loss,00_00_05_00,G,average,60,5394.34,1.0,00,00,05,00
Shipping_Economic_Loss,00_00_05_00,G,average,100,8359.48,1.0,00,00,05,00
Shipping_Economic_Loss,00_00_05_00,G&Wp,average,20,2283.14,1.0,00,00,05,00
Shipping_Economic_Loss,00_00_05_00,G&Wp,average,60,6261.28,1.0,00,00,05,00
Shipping_Economic_Loss,00_00_05_00,G&Wp,average,100,11089.17,1.0,00,00,05,00
Shipping_Economic_Loss,00_00_05_00,Wp,average,20,2373.34,1.0,00,00,05,00
Shipping_Economic_Loss,00_00_05_00,Wp,average,60,7128.22,1.0,00,00,05,00
Shipping_Economic_Loss,00_00_05_00,Wp,average,100,13818.86,1.0,00,00,05,00
Shipping_Economic_Loss,00_00_05_01,D,average,20,1778.37,0.8,00,00,05,01
Shipping_Economic_Loss,00_00_05_01,D,average,60,3251.66,0.58,00,00,05,01
Shipping_Economic_Loss,00_00_05_01,D,average,100,4695.4,0.52,00,00,05,01
Shipping_Economic_Loss,00_00_05_01,D&G,average,20,1768.37,0.8,00,00,05,01
Shipping_Economic_Loss,00_00_05_01,D&G,average,60,3196.54,0.58,00,00,05,01
Shipping_Economic_Loss,00_00_05_01,D&G,average,100,4544.17,0.52,00,00,05,01
Shipping_Economic_Loss,00_00_05_01,D&G&Wp,average,20,1791.42,0.79,00,00,05,01
Shipping_Economic_Loss,00_00_05_01,D&G&Wp,average,60,3146.94,0.52,00,00,05,01
Shipping_Economic_Loss,00_00_05_01,D&G&Wp,average,100,4596.03,0.44,00,00,05,01
Shipping_Economic_Loss,00_00_05_01,D&Wp,average,20,1807.94,0.79,00,00,05,01
Shipping_Economic_Loss,00_00_05_01,D&Wp,average,60,3149.69,0.49,00,00,05,01
Shipping_Economic_Loss,00_00_05_01,D&Wp,average,100,4697.58,0.41,00,00,05,01
Shipping_Economic_Loss,00_00_05_01,G,average,20,1758.38,0.8,00,00,05,01
Shipping_Economic_Loss,00_00_05_01,G,average,60,3141.42,0.58,00,00,05,01
Shipping_Economic_Loss,00_00_05_01,G,average,100,4392.94,0.53,00,00,05,01
Shipping_Economic_Loss,00_00_05_01,G&Wp,average,20,1797.94,0.79,00,00,05,01
Shipping_Economic_Loss,00_00_05_01,G&Wp,average,60,3094.58,0.49,00,00,05,01
Shipping_Economic_Loss,00_00_05_01,G&Wp,average,100,4546.35,0.41,00,00,05,01
Shipping_Economic_Loss,00_00_05_01,Wp,average,20,1837.51,0.77,00,00,05,01
Shipping_Economic_Loss,00_00_05_01,Wp,average,60,3047.73,0.43,00,00,05,01
Shipping_Economic_Loss,00_00_05_01,Wp,average,100,4699.76,0.34,00,00,05,01
Shipping_Economic_Loss,00_00_05_02,D,average,20,1926.9,0.87,00,00,05,02
Shipping_Economic_Loss,00_00_05_02,D,average,60,4824.98,0.86,00,00,05,02
Shipping_Economic_Loss,00_00_05_02,D,average,100,7691.2,0.85,00,00,05,02
Shipping_Economic_Loss,00_00_05_02,D&G,average,20,1914.93,0.87,00,00,05,02
Shipping_Economic_Loss,00_00_05_02,D&G,average,60,4724.57,0.86,00,00,05,02
Shipping_Economic_Loss,00_00_05_02,D&G,average,100,7417.86,0.85,00,00,05,02
Shipping_Economic_Loss,00_00_05_02,D&G&Wp,average,20,1954.32,0.86,00,00,05,02
Shipping_Economic_Loss,00_00_05_02,D&G&Wp,average,60,4621.04,0.76,00,00,05,02
Shipping_Economic_Loss,00_00_05_02,D&G&Wp,average,100,6967.24,0.67,00,00,05,02
Shipping_Economic_Loss,00_00_05_02,D&Wp,average,20,1979.99,0.86,00,00,05,02
Shipping_Economic_Loss,00_00_05_02,D&Wp,average,60,4619.48,0.72,00,00,05,02
Shipping_Economic_Loss,00_00_05_02,D&Wp,average,100,6878.6,0.6,00,00,05,02
Shipping_Economic_Loss,00_00_05_02,G,average,20,1902.97,0.87,00,00,05,02
Shipping_Economic_Loss,00_00_05_02,G,average,60,4624.16,0.86,00,00,05,02
Shipping_Economic_Loss,00_00_05_02,G,average,100,7144.53,0.85,00,00,05,02
Shipping_Economic_Loss,00_00_05_02,G&Wp,average,20,1968.03,0.86,00,00,05,02
Shipping_Economic_Loss,00_00_05_02,G&Wp,average,60,4519.07,0.72,00,00,05,02
Shipping_Economic_Loss,00_00_05_02,G&Wp,average,100,6605.27,0.6,00,00,05,02
Shipping_Economic_Loss,00_00_05_02,Wp,average,20,2033.08,0.86,00,00,05,02
Shipping_Economic_Loss,00_00_05_02,Wp,average,60,4413.98,0.62,00,00,05,02
Shipping_Economic_Loss,00_00_05_02,Wp,average,100,6066.01,0.44,00,00,05,02
Shipping_Economic_Loss,00_00_05_04,D,average,20,1306.08,0.59,00,00,05,04
Shipping_Economic_Loss,00_00_05_04,D,average,60,4493.36,0.8,00,00,05,04
Shipping_Economic_Loss,00_00_05_04,D,average,100,7556.52,0.84,00,00,05,04
Shipping_Economic_Loss,00_00_05_04,D&G,average,20,1296.73,0.59,00,00,05,04
Shipping_Economic_Loss,00_00_05_04,D&G,average,60,4442.93,0.81,00,00,05,04
Shipping_Economic_Loss,00_00_05_04,D&G,average,100,7365.52,0.85,00,00,05,04
Shipping_Economic_Loss,00_00_05_04,D&G&Wp,average,20,1319.21,0.58,00,00,05,04
Shipping_Economic_Loss,00_00_05_04,D&G&Wp,average,60,4303.53,0.71,00,00,05,04
Shipping_Economic_Loss,00_00_05_04,D&G&Wp,average,100,6802.6,0.65,00,00,05,04
Shipping_Economic_Loss,00_00_05_04,D&Wp,average,20,1335.13,0.58,00,00,05,04
Shipping_Economic_Loss,00_00_05_04,D&Wp,average,60,4259.05,0.67,00,00,05,04
Shipping_Economic_Loss,00_00_05_04,D&Wp,average,100,6616.64,0.58,00,00,05,04
Shipping_Economic_Loss,00_00_05_04,G,average,20,1287.38,0.59,00,00,05,04
Shipping_Economic_Loss,00_00_05_04,G,average,60,4392.5,0.81,00,00,05,04
Shipping_Economic_Loss,00_00_05_04,G,average,100,7174.5,0.86,00,00,05,04
Shipping_Economic_Loss,00_00_05_04,G&Wp,average,20,1325.78,0.58,00,00,05,04
Shipping_Economic_Loss,00_00_05_04,G&Wp,average,60,4208.62,0.67,00,00,05,04
Shipping_Economic_Loss,00_00_05_04,G&Wp,average,100,6425.63,0.58,00,00,05,04
Shipping_Economic_Loss,00_00_05_04,Wp,average,20,1364.18,0.57,00,00,05,04
Shipping_Economic_Loss,00_00_05_04,Wp,average,60,4024.74,0.56,00,00,05,04
Shipping_Economic_Loss,00_00_05_04,Wp,average,100,5676.76,0.41,00,00,05,04
Shipping_Economic_Loss,00_00_05_05,D,average,20,1306.08,0.59,00,00,05,05
Shipping_Economic_Loss,00_00_05_05,D,average,60,3482.72,0.62,00,00,05,05
Shipping_Economic_Loss,00_00_05_05,D,average,100,5144.8,0.57,00,00,05,05
Shipping_Economic_Loss,00_00_05_05,D&G,average,20,1296.73,0.59,00,00,05,05
Shipping_Economic_Loss,00_00_05_05,D&G,average,60,3715.96,0.67,00,00,05,05
Shipping_Economic_Loss,00_00_05_05,D&G,average,100,5516.85,0.64,00,00,05,05
Shipping_Economic_Loss,00_00_05_05,D&G&Wp,average,20,1319.21,0.58,00,00,05,05
Shipping_Economic_Loss,00_00_05_05,D&G&Wp,average,60,3555.44,0.59,00,00,05,05
Shipping_Economic_Loss,00_00_05_05,D&G&Wp,average,100,5403.88,0.52,00,00,05,05
Shipping_Economic_Loss,00_00_05_05,D&Wp,average,20,1335.13,0.58,00,00,05,05
Shipping_Economic_Loss,00_00_05_05,D&Wp,average,60,3358.56,0.53,00,00,05,05
Shipping_Economic_Loss,00_00_05_05,D&Wp,average,100,5161.38,0.45,00,00,05,05
Shipping_Economic_Loss,00_00_05_05,G,average,20,1287.38,0.59,00,00,05,05
Shipping_Economic_Loss,00_00_05_05,G,average,60,3949.2,0.73,00,00,05,05
Shipping_Economic_Loss,00_00_05_05,G,average,100,5888.89,0.7,00,00,05,05
Shipping_Economic_Loss,00_00_05_05,G&Wp,average,20,1325.78,0.58,00,00,05,05
Shipping_Economic_Loss,00_00_05_05,G&Wp,average,60,3591.8,0.57,00,00,05,05
Shipping_Economic_Loss,00_00_05_05,G&Wp,average,100,5533.42,0.5,00,00,05,05
Shipping_Economic_Loss,00_00_05_05,Wp,average,20,1364.18,0.57,00,00,05,05
Shipping_Economic_Loss,00_00_05_05,Wp,average,60,3234.39,0.45,00,00,05,05
Shipping_Economic_Loss,00_00_05_05,Wp,average,100,5177.96,0.37,00,00,05,05
Shipping_Economic_Loss,00_00_05_07,D,average,20,1036.01,0.47,00,00,05,07
Shipping_Economic_Loss,00_00_05_07,D,average,60,1609.45,0.29,00,00,05,07
Shipping_Economic_Loss,00_00_05_07,D,average,100,2166.27,0.24,00,00,05,07
Shipping_Economic_Loss,00_00_05_07,D&G,average,20,1030.59,0.47,00,00,05,07
Shipping_Economic_Loss,00_00_05_07,D&G,average,60,1575.1,0.29,00,00,05,07
Shipping_Economic_Loss,00_00_05_07,D&G,average,100,2078.93,0.24,00,00,05,07
Shipping_Economic_Loss,00_00_05_07,D&G&Wp,average,20,1042.01,0.46,00,00,05,07
Shipping_Economic_Loss,00_00_05_07,D&G&Wp,average,60,1764.93,0.29,00,00,05,07
Shipping_Economic_Loss,00_00_05_07,D&G&Wp,average,100,2748.67,0.26,00,00,05,07
Shipping_Economic_Loss,00_00_05_07,D&Wp,average,20,1050.42,0.46,00,00,05,07
Shipping_Economic_Loss,00_00_05_07,D&Wp,average,60,1877.01,0.29,00,00,05,07
Shipping_Economic_Loss,00_00_05_07,D&Wp,average,100,3127.2,0.27,00,00,05,07
Shipping_Economic_Loss,00_00_05_07,G,average,20,1025.17,0.47,00,00,05,07
Shipping_Economic_Loss,00_00_05_07,G,average,60,1540.76,0.29,00,00,05,07
Shipping_Economic_Loss,00_00_05_07,G,average,100,1991.6,0.24,00,00,05,07
Shipping_Economic_Loss,00_00_05_07,G&Wp,average,20,1045.0,0.46,00,00,05,07
Shipping_Economic_Loss,00_00_05_07,G&Wp,average,60,1842.66,0.29,00,00,05,07
Shipping_Economic_Loss,00_00_05_07,G&Wp,average,100,3039.86,0.27,00,00,05,07
Shipping_Economic_Loss,00_00_05_07,Wp,average,20,1064.84,0.45,00,00,05,07
Shipping_Economic_Loss,00_00_05_07,Wp,average,60,2144.57,0.3,00,00,05,07
Shipping_Economic_Loss,00_00_05_07,Wp,average,100,4088.13,0.3,00,00,05,07
Shipping_Economic_Loss,00_00_05_08,D,average,20,1036.01,0.47,00,00,05,08
Shipping_Economic_Loss,00_00_05_08,D,average,60,1609.45,0.29,00,00,05,08
Shipping_Economic_Loss,00_00_05_08,D,average,100,2166.27,0.24,00,00,05,08
Shipping_Economic_Loss,00_00_05_08,D&G,average,20,1030.59,0.47,00,00,05,08
Shipping_Economic_Loss,00_00_05_08,D&G,average,60,1575.1,0.29,00,00,05,08
Shipping_Economic_Loss,00_00_05_08,D&G,average,100,2078.93,0.24,00,00,05,08
Shipping_Economic_Loss,00_00_05_08,D&G&Wp,average,20,1042.01,0.46,00,00,05,08
Shipping_Economic_Loss,00_00_05_08,D&G&Wp,average,60,1764.93,0.29,00,00,05,08
Shipping_Economic_Loss,00_00_05_08,D&G&Wp,average,100,2748.67,0.26,00,00,05,08
Shipping_Economic_Loss,00_00_05_08,D&Wp,average,20,1050.42,0.46,00,00,05,08
Shipping_Economic_Loss,00_00_05_08,D&Wp,average,60,1877.01,0.29,00,00,05,08
Shipping_Economic_Loss,00_00_05_08,D&Wp,average,100,3127.2,0.27,00,00,05,08
Shipping_Economic_Loss,00_00_05_08,G,average,20,1025.17,0.47,00,00,05,08
Shipping_Economic_Loss,00_00_05_08,G,average,60,1540.76,0.29,00,00,05,08
Shipping_Economic_Loss,00_00_05_08,G,average,100,1991.6,0.24,00,00,05,08
Shipping_Economic_Loss,00_00_05_08,G&Wp,average,20,1045.0,0.46,00,00,05,08
Shipping_Economic_Loss,00_00_05_08,G&Wp,average,60,1842.66,0.29,00,00,05,08
Shipping_Economic_Loss,00_00_05_08,G&Wp,average,100,3039.86,0.27,00,00,05,08
Shipping_Economic_Loss,00_00_05_08,Wp,average,20,1064.84,0.45,00,00,05,08
Shipping_Economic_Loss,00_00_05_08,Wp,average,60,2144.57,0.3,00,00,05,08
Shipping_Economic_Loss,00_00_05_08,Wp,average,100,4088.13,0.3,00,00,05,08
Shipping_Economic_Loss,00_00_05_09,D,average,20,1036.01,0.47,00,00,05,09
Shipping_Economic_Loss,00_00_05_09,D,average,60,1609.45,0.29,00,00,05,09
Shipping_Economic_Loss,00_00_05_09,D,average,100,2166.27,0.24,00,00,05,09
Shipping_Economic_Loss,00_00_05_09,D&G,average,20,1030.59,0.47,00,00,05,09
Shipping_Economic_Loss,00_00_05_09,D&G,average,60,1575.1,0.29,00,00,05,09
Shipping_Economic_Loss,00_00_05_09,D&G,average,100,2078.93,0.24,00,00,05,09
Shipping_Economic_Loss,00_00_05_09,D&G&Wp,average,20,1042.01,0.46,00,00,05,09
Shipping_Economic_Loss,00_00_05_09,D&G&Wp,average,60,1764.93,0.29,00,00,05,09
Shipping_Economic_Loss,00_00_05_09,D&G&Wp,average,100,2748.67,0.26,00,00,05,09
Shipping_Economic_Loss,00_00_05_09,D&Wp,average,20,1050.42,0.46,00,00,05,09
Shipping_Economic_Loss,00_00_05_09,D&Wp,average,60,1877.01,0.29,00,00,05,09
Shipping_Economic_Loss,00_00_05_09,D&Wp,average,100,3127.2,0.27,00,00,05,09
Shipping_Economic_Loss,00_00_05_09,G,average,20,1025.17,0.47,00,00,05,09
Shipping_Economic_Loss,00_00_05_09,G,average,60,1540.76,0.29,00,00,05,09
Shipping_Economic_Loss,00_00_05_09,G,average,100,1991.6,0.24,00,00,05,09
Shipping_Economic_Loss,00_00_05_09,G&Wp,average,20,1045.0,0.46,00,00,05,09
Shipping_Economic_Loss,00_00_05_09,G&Wp,average,60,1842.66,0.29,00,00,05,09
Shipping_Economic_Loss,00_00_05_09,G&Wp,average,100,3039.86,0.27,00,00,05,09
Shipping_Economic_Loss,00_00_05_09,Wp,average,20,1064.84,0.45,00,00,05,09
Shipping_Economic_Loss,00_00_05_09,Wp,average,60,2144.57,0.3,00,00,05,09
Shipping_Economic_Loss,00_00_05_09,Wp,average,100,4088.13,0.3,00,00,05,09
Shipping_Economic_Loss,00_00_07_00,D,average,20,2398.19,1.08,00,00,07,00
Shipping_Economic_Loss,00_00_07_00,D,average,60,6954.22,1.23,00,00,07,00
Shipping_Economic_Loss,00_00_07_00,D,average,100,11731.34,1.3,00,00,07,00
Shipping_Economic_Loss,00_00_07_00,D&G,average,20,2382.23,1.08,00,00,07,00
Shipping_Economic_Loss,00_00_07_00,D&G,average,60,6809.92,1.24,00,00,07,00
Shipping_Economic_Loss,00_00_07_00,D&G,average,100,11328.16,1.3,00,00,07,00
Shipping_Economic_Loss,00_00_07_00,D&G&Wp,average,20,2440.38,1.08,00,00,07,00
Shipping_Economic_Loss,00_00_07_00,D&G&Wp,average,60,7436.01,1.23,00,00,07,00
Shipping_Economic_Loss,00_00_07_00,D&G&Wp,average,100,13412.4,1.29,00,00,07,00
Shipping_Economic_Loss,00_00_07_00,D&Wp,average,20,2477.43,1.08,00,00,07,00
Shipping_Economic_Loss,00_00_07_00,D&Wp,average,60,7821.2,1.23,00,00,07,00
Shipping_Economic_Loss,00_00_07_00,D&Wp,average,100,14656.12,1.28,00,00,07,00
Shipping_Economic_Loss,00_00_07_00,G,average,20,2366.28,1.08,00,00,07,00
Shipping_Economic_Loss,00_00_07_00,G,average,60,6665.62,1.24,00,00,07,00
Shipping_Economic_Loss,00_00_07_00,G,average,100,10924.98,1.31,00,00,07,00
Shipping_Economic_Loss,00_00_07_00,G&Wp,average,20,2461.48,1.08,00,00,07,00
Shipping_Economic_Loss,00_00_07_00,G&Wp,average,60,7676.91,1.23,00,00,07,00
Shipping_Economic_Loss,00_00_07_00,G&Wp,average,100,14252.94,1.29,00,00,07,00
Shipping_Economic_Loss,00_00_07_00,Wp,average,20,2556.68,1.08,00,00,07,00
Shipping_Economic_Loss,00_00_07_00,Wp,average,60,8688.19,1.22,00,00,07,00
Shipping_Economic_Loss,00_00_07_00,Wp,average,100,17580.9,1.27,00,00,07,00
Shipping_Economic_Loss,00_00_07_01,D,average,20,1761.78,0.79,00,00,07,01
Shipping_Economic_Loss,00_00_07_01,D,average,60,3002.86,0.53,00,00,07,01
Shipping_Economic_Loss,00_00_07_01,D,average,100,3867.71,0.43,00,00,07,01
Shipping_Economic_Loss,00_00_07_01,D&G,average,20,1752.28,0.79,00,00,07,01
Shipping_Economic_Loss,00_00_07_01,D&G,average,60,2984.35,0.54,00,00,07,01
Shipping_Economic_Loss,00_00_07_01,D&G,average,100,3780.67,0.44,00,00,07,01
Shipping_Economic_Loss,00_00_07_01,D&G&Wp,average,20,1780.77,0.79,00,00,07,01
Shipping_Economic_Loss,00_00_07_01,D&G&Wp,average,60,3123.05,0.52,00,00,07,01
Shipping_Economic_Loss,00_00_07_01,D&G&Wp,average,100,4425.19,0.43,00,00,07,01
Shipping_Economic_Loss,00_00_07_01,D&Wp,average,20,1799.77,0.78,00,00,07,01
Shipping_Economic_Loss,00_00_07_01,D&Wp,average,60,3201.66,0.5,00,00,07,01
Shipping_Economic_Loss,00_00_07_01,D&Wp,average,100,4790.96,0.42,00,00,07,01
Shipping_Economic_Loss,00_00_07_01,G,average,20,1742.78,0.79,00,00,07,01
Shipping_Economic_Loss,00_00_07_01,G,average,60,2965.83,0.55,00,00,07,01
Shipping_Economic_Loss,00_00_07_01,G,average,100,3693.63,0.44,00,00,07,01
Shipping_Economic_Loss,00_00_07_01,G&Wp,average,20,1790.27,0.78,00,00,07,01
Shipping_Economic_Loss,00_00_07_01,G&Wp,average,60,3183.15,0.51,00,00,07,01
Shipping_Economic_Loss,00_00_07_01,G&Wp,average,100,4703.92,0.42,00,00,07,01
Shipping_Economic_Loss,00_00_07_01,Wp,average,20,1837.77,0.77,00,00,07,01
Shipping_Economic_Loss,00_00_07_01,Wp,average,60,3400.46,0.48,00,00,07,01
Shipping_Economic_Loss,00_00_07_01,Wp,average,100,5714.22,0.41,00,00,07,01
Shipping_Economic_Loss,00_00_07_02,D,average,20,2017.96,0.91,00,00,07,02
Shipping_Economic_Loss,00_00_07_02,D,average,60,4483.5,0.8,00,00,07,02
Shipping_Economic_Loss,00_00_07_02,D,average,100,5527.58,0.61,00,00,07,02
Shipping_Economic_Loss,00_00_07_02,D&G,average,20,2005.55,0.91,00,00,07,02
Shipping_Economic_Loss,00_00_07_02,D&G,average,60,4434.11,0.8,00,00,07,02
Shipping_Economic_Loss,00_00_07_02,D&G,average,100,5534.09,0.64,00,00,07,02
Shipping_Economic_Loss,00_00_07_02,D&G&Wp,average,20,2043.03,0.9,00,00,07,02
Shipping_Economic_Loss,00_00_07_02,D&G&Wp,average,60,4442.59,0.73,00,00,07,02
Shipping_Economic_Loss,00_00_07_02,D&G&Wp,average,100,5947.16,0.57,00,00,07,02
Shipping_Economic_Loss,00_00_07_02,D&Wp,average,20,2067.98,0.9,00,00,07,02
Shipping_Economic_Loss,00_00_07_02,D&Wp,average,60,4471.52,0.7,00,00,07,02
Shipping_Economic_Loss,00_00_07_02,D&Wp,average,100,6150.44,0.54,00,00,07,02
Shipping_Economic_Loss,00_00_07_02,G,average,20,1993.13,0.91,00,00,07,02
Shipping_Economic_Loss,00_00_07_02,G,average,60,4384.73,0.81,00,00,07,02
Shipping_Economic_Loss,00_00_07_02,G,average,100,5540.59,0.66,00,00,07,02
Shipping_Economic_Loss,00_00_07_02,G&Wp,average,20,2055.57,0.9,00,00,07,02
Shipping_Economic_Loss,00_00_07_02,G&Wp,average,60,4422.14,0.71,00,00,07,02
Shipping_Economic_Loss,00_00_07_02,G&Wp,average,100,6156.95,0.56,00,00,07,02
Shipping_Economic_Loss,00_00_07_02,Wp,average,20,2118.0,0.89,00,00,07,02
Shipping_Economic_Loss,00_00_07_02,Wp,average,60,4459.54,0.63,00,00,07,02
Shipping_Economic_Loss,00_00_07_02,Wp,average,100,6773.31,0.49,00,00,07,02
Shipping_Economic_Loss,00_00_07_04,D,average,20,1385.48,0.62,00,00,07,04
Shipping_Economic_Loss,00_00_07_04,D,average,60,4081.91,0.72,00,00,07,04
Shipping_Economic_Loss,00_00_07_04,D,average,100,5095.86,0.57,00,00,07,04
Shipping_Economic_Loss,00_00_07_04,D&G,average,20,1375.45,0.62,00,00,07,04
Shipping_Economic_Loss,00_00_07_04,D&G,average,60,4151.5,0.75,00,00,07,04
Shipping_Economic_Loss,00_00_07_04,D&G,average,100,5146.25,0.59,00,00,07,04
Shipping_Economic_Loss,00_00_07_04,D&G&Wp,average,20,1400.53,0.62,00,00,07,04
Shipping_Economic_Loss,00_00_07_04,D&G&Wp,average,60,4254.14,0.7,00,00,07,04
Shipping_Economic_Loss,00_00_07_04,D&G&Wp,average,100,5688.56,0.55,00,00,07,04
Shipping_Economic_Loss,00_00_07_04,D&Wp,average,20,1418.08,0.62,00,00,07,04
Shipping_Economic_Loss,00_00_07_04,D&Wp,average,60,4270.66,0.67,00,00,07,04
Shipping_Economic_Loss,00_00_07_04,D&Wp,average,100,5934.52,0.52,00,00,07,04
Shipping_Economic_Loss,00_00_07_04,G,average,20,1365.42,0.62,00,00,07,04
Shipping_Economic_Loss,00_00_07_04,G,average,60,4221.09,0.78,00,00,07,04
Shipping_Economic_Loss,00_00_07_04,G,average,100,5196.64,0.62,00,00,07,04
Shipping_Economic_Loss,00_00_07_04,G&Wp,average,20,1408.05,0.62,00,00,07,04
Shipping_Economic_Loss,00_00_07_04,G&Wp,average,60,4340.25,0.69,00,00,07,04
Shipping_Economic_Loss,00_00_07_04,G&Wp,average,100,5984.91,0.54,00,00,07,04
Shipping_Economic_Loss,00_00_07_04,Wp,average,20,1450.68,0.61,00,00,07,04
Shipping_Economic_Loss,00_00_07_04,Wp,average,60,4459.41,0.63,00,00,07,04
Shipping_Economic_Loss,00_00_07_04,Wp,average,100,6773.17,0.49,00,00,07,04
Shipping_Economic_Loss,00_00_07_05,D,average,20,1385.48,0.62,00,00,07,05
Shipping_Economic_Loss,00_00_07_05,D,average,60,3279.77,0.58,00,00,07,05
Shipping_Economic_Loss,00_00_07_05,D,average,100,4297.23,0.48,00,00,07,05
Shipping_Economic_Loss,00_00_07_05,D&G,average,20,1375.45,0.62,00,00,07,05
Shipping_Economic_Loss,00_00_07_05,D&G,average,60,3333.77,0.6,00,00,07,05
Shipping_Economic_Loss,00_00_07_05,D&G,average,100,4320.49,0.5,00,00,07,05
Shipping_Economic_Loss,00_00_07_05,D&G&Wp,average,20,1400.53,0.62,00,00,07,05
Shipping_Economic_Loss,00_00_07_05,D&G&Wp,average,60,3471.64,0.57,00,00,07,05
Shipping_Economic_Loss,00_00_07_05,D&G&Wp,average,100,5036.82,0.48,00,00,07,05
Shipping_Economic_Loss,00_00_07_05,D&Wp,average,20,1418.08,0.62,00,00,07,05
Shipping_Economic_Loss,00_00_07_05,D&Wp,average,60,3513.59,0.55,00,00,07,05
Shipping_Economic_Loss,00_00_07_05,D&Wp,average,100,5383.35,0.47,00,00,07,05
Shipping_Economic_Loss,00_00_07_05,G,average,20,1365.42,0.62,00,00,07,05
Shipping_Economic_Loss,00_00_07_05,G,average,60,3387.76,0.63,00,00,07,05
Shipping_Economic_Loss,00_00_07_05,G,average,100,4343.76,0.52,00,00,07,05
Shipping_Economic_Loss,00_00_07_05,G&Wp,average,20,1408.05,0.62,00,00,07,05
Shipping_Economic_Loss,00_00_07_05,G&Wp,average,60,3567.58,0.57,00,00,07,05
Shipping_Economic_Loss,00_00_07_05,G&Wp,average,100,5406.62,0.49,00,00,07,05
Shipping_Economic_Loss,00_00_07_05,Wp,average,20,1450.68,0.61,00,00,07,05
Shipping_Economic_Loss,00_00_07_05,Wp,average,60,3747.4,0.53,00,00,07,05
Shipping_Economic_Loss,00_00_07_05,Wp,average,100,6469.48,0.47,00,00,07,05
Shipping_Economic_Loss,00_00_07_07,D,average,20,1090.36,0.49,00,00,07,07
Shipping_Economic_Loss,00_00_07_07,D,average,60,2039.03,0.36,00,00,07,07
Shipping_Economic_Loss,00_00_07_07,D,average,100,3056.49,0.34,00,00,07,07
Shipping_Economic_Loss,00_00_07_07,D&G,average,20,1084.36,0.49,00,00,07,07
Shipping_Economic_Loss,00_00_07_07,D&G,average,60,1992.43,0.36,00,00,07,07
Shipping_Economic_Loss,00_00_07_07,D&G,average,100,2929.28,0.34,00,00,07,07
Shipping_Economic_Loss,00_00_07_07,D&G&Wp,average,20,1098.58,0.49,00,00,07,07
Shipping_Economic_Loss,00_00_07_07,D&G&Wp,average,60,2243.73,0.37,00,00,07,07
Shipping_Economic_Loss,00_00_07_07,D&G&Wp,average,100,3775.66,0.36,00,00,07,07
Shipping_Economic_Loss,00_00_07_07,D&Wp,average,20,1108.68,0.48,00,00,07,07
Shipping_Economic_Loss,00_00_07_07,D&Wp,average,60,2392.69,0.38,00,00,07,07
Shipping_Economic_Loss,00_00_07_07,D&Wp,average,100,4262.45,0.37,00,00,07,07
Shipping_Economic_Loss,00_00_07_07,G,average,20,1078.36,0.49,00,00,07,07
Shipping_Economic_Loss,00_00_07_07,G,average,60,1945.83,0.36,00,00,07,07
Shipping_Economic_Loss,00_00_07_07,G,average,100,2802.07,0.34,00,00,07,07
Shipping_Economic_Loss,00_00_07_07,G&Wp,average,20,1102.68,0.48,00,00,07,07
Shipping_Economic_Loss,00_00_07_07,G&Wp,average,60,2346.09,0.37,00,00,07,07
Shipping_Economic_Loss,00_00_07_07,G&Wp,average,100,4135.24,0.37,00,00,07,07
Shipping_Economic_Loss,00_00_07_07,Wp,average,20,1127.01,0.47,00,00,07,07
Shipping_Economic_Loss,00_00_07_07,Wp,average,60,2746.34,0.39,00,00,07,07
Shipping_Economic_Loss,00_00_07_07,Wp,average,100,5468.42,0.4,00,00,07,07
Shipping_Economic_Loss,00_00_07_08,D,average,20,1090.36,0.49,00,00,07,08
Shipping_Economic_Loss,00_00_07_08,D,average,60,2039.03,0.36,00,00,07,08
Shipping_Economic_Loss,00_00_07_08,D,average,100,3056.49,0.34,00,00,07,08
Shipping_Economic_Loss,00_00_07_08,D&G,average,20,1084.36,0.49,00,00,07,08
Shipping_Economic_Loss,00_00_07_08,D&G,average,60,1992.43,0.36,00,00,07,08
Shipping_Economic_Loss,00_00_07_08,D&G,average,100,2929.28,0.34,00,00,07,08
Shipping_Economic_Loss,00_00_07_08,D&G&Wp,average,20,1098.58,0.49,00,00,07,08
Shipping_Economic_Loss,00_00_07_08,D&G&Wp,average,60,2243.73,0.37,00,00,07,08
Shipping_Economic_Loss,00_00_07_08,D&G&Wp,average,100,3775.66,0.36,00,00,07,08
Shipping_Economic_Loss,00_00_07_08,D&Wp,average,20,1108.68,0.48,00,00,07,08
Shipping_Economic_Loss,00_00_07_08,D&Wp,average,60,2392.69,0.38,00,00,07,08
Shipping_Economic_Loss,00_00_07_08,D&Wp,average,100,4262.45,0.37,00,00,07,08
Shipping_Economic_Loss,00_00_07_08,G,average,20,1078.36,0.49,00,00,07,08
Shipping_Economic_Loss,00_00_07_08,G,average,60,1945.83,0.36,00,00,07,08
Shipping_Economic_Loss,00_00_07_08,G,average,100,2802.07,0.34,00,00,07,08
Shipping_Economic_Loss,00_00_07_08,G&Wp,average,20,1102.68,0.48,00,00,07,08
Shipping_Economic_Loss,00_00_07_08,G&Wp,average,60,2346.09,0.37,00,00,07,08
Shipping_Economic_Loss,00_00_07_08,G&Wp,average,100,4135.24,0.37,00,00,07,08
Shipping_Economic_Loss,00_00_07_08,Wp,average,20,1127.01,0.47,00,00,07,08
Shipping_Economic_Loss,00_00_07_08,Wp,average,60,2746.34,0.39,00,00,07,08
Shipping_Economic_Loss,00_00_07_08,Wp,average,100,5468.42,0.4,00,00,07,08
Shipping_Economic_Loss,00_00_07_09,D,average,20,1090.36,0.49,00,00,07,09
Shipping_Economic_Loss,00_00_07_09,D,average,60,2039.03,0.36,00,00,07,09
Shipping_Economic_Loss,00_00_07_09,D,average,100,3056.49,0.34,00,00,07,09
Shipping_Economic_Loss,00_00_07_09,D&G,average,20,1084.36,0.49,00,00,07,09
Shipping_Economic_Loss,00_00_07_09,D&G,average,60,1992.43,0.36,00,00,07,09
Shipping_Economic_Loss,00_00_07_09,D&G,average,100,2929.28,0.34,00,00,07,09
Shipping_Economic_Loss,00_00_07_09,D&G&Wp,average,20,1098.58,0.49,00,00,07,09
Shipping_Economic_Loss,00_00_07_09,D&G&Wp,average,60,2243.73,0.37,00,00,07,09
Shipping_Economic_Loss,00_00_07_09,D&G&Wp,average,100,3775.66,0.36,00,00,07,09
Shipping_Economic_Loss,00_00_07_09,D&Wp,average,20,1108.68,0.48,00,00,07,09
Shipping_Economic_Loss,00_00_07_09,D&Wp,average,60,2392.69,0.38,00,00,07,09
Shipping_Economic_Loss,00_00_07_09,D&Wp,average,100,4262.45,0.37,00,00,07,09
Shipping_Economic_Loss,00_00_07_09,G,average,20,1078.36,0.49,00,00,07,09
Shipping_Economic_Loss,00_00_07_09,G,average,60,1945.83,0.36,00,00,07,09
Shipping_Economic_Loss,00_00_07_09,G,average,100,2802.07,0.34,00,00,07,09
Shipping_Economic_Loss,00_00_07_09,G&Wp,average,20,1102.68,0.48,00,00,07,09
Shipping_Economic_Loss,00_00_07_09,G&Wp,average,60,2346.09,0.37,00,00,07,09
Shipping_Economic_Loss,00_00_07_09,G&Wp,average,100,4135.24,0.37,00,00,07,09
Shipping_Economic_Loss,00_00_07_09,Wp,average,20,1127.01,0.47,00,00,07,09
Shipping_Economic_Loss,00_00_07_09,Wp,average,60,2746.34,0.39,00,00,07,09
Shipping_Economic_Loss,00_00_07_09,Wp,average,100,5468.42,0.4,00,00,07,09
Shipping_Economic_Loss,00_00_09_00,D,average,20,2222.52,1.0,00,00,09,00
Shipping_Economic_Loss,00_00_09_00,D,average,60,5632.03,1.0,00,00,09,00
Shipping_Economic_Loss,00_00_09_00,D,average,100,9004.04,1.0,00,00,09,00
Shipping_Economic_Loss,00_00_09_00,D&G,average,20,2207.73,1.0,00,00,09,00
Shipping_Economic_Loss,00_00_09_00,D&G,average,60,5513.18,1.0,00,00,09,00
Shipping_Economic_Loss,00_00_09_00,D&G,average,100,8681.76,1.0,00,00,09,00
Shipping_Economic_Loss,00_00_09_00,D&G&Wp,average,20,2262.94,1.0,00,00,09,00
Shipping_Economic_Loss,00_00_09_00,D&G&Wp,average,60,6051.53,1.0,00,00,09,00
Shipping_Economic_Loss,00_00_09_00,D&G&Wp,average,100,10394.12,1.0,00,00,09,00
Shipping_Economic_Loss,00_00_09_00,D&Wp,average,20,2297.93,1.0,00,00,09,00
Shipping_Economic_Loss,00_00_09_00,D&Wp,average,60,6380.12,1.0,00,00,09,00
Shipping_Economic_Loss,00_00_09_00,D&Wp,average,100,11411.45,1.0,00,00,09,00
Shipping_Economic_Loss,00_00_09_00,G,average,20,2192.94,1.0,00,00,09,00
Shipping_Economic_Loss,00_00_09_00,G,average,60,5394.34,1.0,00,00,09,00
Shipping_Economic_Loss,00_00_09_00,G,average,100,8359.48,1.0,00,00,09,00
Shipping_Economic_Loss,00_00_09_00,G&Wp,average,20,2283.14,1.0,00,00,09,00
Shipping_Economic_Loss,00_00_09_00,G&Wp,average,60,6261.28,1.0,00,00,09,00
Shipping_Economic_Loss,00_00_09_00,G&Wp,average,100,11089.17,1.0,00,00,09,00
Shipping_Economic_Loss,00_00_09_00,Wp,average,20,2373.34,1.0,00,00,09,00
Shipping_Economic_Loss,00_00_09_00,Wp,average,60,7128.22,1.0,00,00,09,00
Shipping_Economic_Loss,00_00_09_00,Wp,average,100,13818.86,1.0,00,00,09,00
Shipping_Economic_Loss,00_00_09_01,D,average,20,1778.37,0.8,00,00,09,01
Shipping_Economic_Loss,00_00_09_01,D,average,60,3251.66,0.58,00,00,09,01
Shipping_Economic_Loss,00_00_09_01,D,average,100,4695.4,0.52,00,00,09,01
Shipping_Economic_Loss,00_00_09_01,D&G,average,20,1768.37,0.8,00,00,09,01
Shipping_Economic_Loss,00_00_09_01,D&G,average,60,3196.54,0.58,00,00,09,01
Shipping_Economic_Loss,00_00_09_01,D&G,average,100,4544.17,0.52,00,00,09,01
Shipping_Economic_Loss,00_00_09_01,D&G&Wp,average,20,1791.42,0.79,00,00,09,01
Shipping_Economic_Loss,00_00_09_01,D&G&Wp,average,60,3146.94,0.52,00,00,09,01
Shipping_Economic_Loss,00_00_09_01,D&G&Wp,average,100,4596.03,0.44,00,00,09,01
Shipping_Economic_Loss,00_00_09_01,D&Wp,average,20,1807.94,0.79,00,00,09,01
Shipping_Economic_Loss,00_00_09_01,D&Wp,average,60,3149.69,0.49,00,00,09,01
Shipping_Economic_Loss,00_00_09_01,D&Wp,average,100,4697.58,0.41,00,00,09,01
Shipping_Economic_Loss,00_00_09_01,G,average,20,1758.38,0.8,00,00,09,01
Shipping_Economic_Loss,00_00_09_01,G,average,60,3141.42,0.58,00,00,09,01
Shipping_Economic_Loss,00_00_09_01,G,average,100,4392.94,0.53,00,00,09,01
Shipping_Economic_Loss,00_00_09_01,G&Wp,average,20,1797.94,0.79,00,00,09,01
Shipping_Economic_Loss,00_00_09_01,G&Wp,average,60,3094.58,0.49,00,00,09,01
Shipping_Economic_Loss,00_00_09_01,G&Wp,average,100,4546.35,0.41,00,00,09,01
Shipping_Economic_Loss,00_00_09_01,Wp,average,20,1837.51,0.77,00,00,09,01
Shipping_Economic_Loss,00_00_09_01,Wp,average,60,3047.73,0.43,00,00,09,01
Shipping_Economic_Loss,00_00_09_01,Wp,average,100,4699.76,0.34,00,00,09,01
Shipping_Economic_Loss,00_00_09_02,D,average,20,1926.9,0.87,00,00,09,02
Shipping_Economic_Loss,00_00_09_02,D,average,60,4824.98,0.86,00,00,09,02
Shipping_Economic_Loss,00_00_09_02,D,average,100,7691.2,0.85,00,00,09,02
Shipping_Economic_Loss,00_00_09_02,D&G,average,20,1914.93,0.87,00,00,09,02
Shipping_Economic_Loss,00_00_09_02,D&G,average,60,4724.57,0.86,00,00,09,02
Shipping_Economic_Loss,00_00_09_02,D&G,average,100,7417.86,0.85,00,00,09,02
Shipping_Economic_Loss,00_00_09_02,D&G&Wp,average,20,1954.32,0.86,00,00,09,02
Shipping_Economic_Loss,00_00_09_02,D&G&Wp,average,60,4621.04,0.76,00,00,09,02
Shipping_Economic_Loss,00_00_09_02,D&G&Wp,average,100,6967.24,0.67,00,00,09,02
Shipping_Economic_Loss,00_00_09_02,D&Wp,average,20,1979.99,0.86,00,00,09,02
Shipping_Economic_Loss,00_00_09_02,D&Wp,average,60,4619.48,0.72,00,00,09,02
Shipping_Economic_Loss,00_00_09_02,D&Wp,average,100,6878.6,0.6,00,00,09,02
Shipping_Economic_Loss,00_00_09_02,G,average,20,1902.97,0.87,00,00,09,02
Shipping_Economic_Loss,00_00_09_02,G,average,60,4624.16,0.86,00,00,09,02
Shipping_Economic_Loss,00_00_09_02,G,average,100,7144.53,0.85,00,00,09,02
Shipping_Economic_Loss,00_00_09_02,G&Wp,average,20,1968.03,0.86,00,00,09,02
Shipping_Economic_Loss,00_00_09_02,G&Wp,average,60,4519.07,0.72,00,00,09,02
Shipping_Economic_Loss,00_00_09_02,G&Wp,average,100,6605.27,0.6,00,00,09,02
Shipping_Economic_Loss,00_00_09_02,Wp,average,20,2033.08,0.86,00,00,09,02
Shipping_Economic_Loss,00_00_09_02,Wp,average,60,4413.98,0.62,00,00,09,02
Shipping_Economic_Loss,00_00_09_02,Wp,average,100,6066.01,0.44,00,00,09,02
Shipping_Economic_Loss,00_00_09_04,D,average,20,1306.08,0.59,00,00,09,04
Shipping_Economic_Loss,00_00_09_04,D,average,60,4493.36,0.8,00,00,09,04
Shipping_Economic_Loss,00_00_09_04,D,average,100,7556.52,0.84,00,00,09,04
Shipping_Economic_Loss,00_00_09_04,D&G,average,20,1296.73,0.59,00,00,09,04
Shipping_Economic_Loss,00_00_09_04,D&G,average,60,4442.93,0.81,00,00,09,04
Shipping_Economic_Loss,00_00_09_04,D&G,average,100,7365.52,0.85,00,00,09,04
Shipping_Economic_Loss,00_00_09_04,D&G&Wp,average,20,1319.21,0.58,00,00,09,04
Shipping_Economic_Loss,00_00_09_04,D&G&Wp,average,60,4303.53,0.71,00,00,09,04
Shipping_Economic_Loss,00_00_09_04,D&G&Wp,average,100,6802.6,0.65,00,00,09,04
Shipping_Economic_Loss,00_00_09_04,D&Wp,average,20,1335.13,0.58,00,00,09,04
Shipping_Economic_Loss,00_00_09_04,D&Wp,average,60,4259.05,0.67,00,00,09,04
Shipping_Economic_Loss,00_00_09_04,D&Wp,average,100,6616.64,0.58,00,00,09,04
Shipping_Economic_Loss,00_00_09_04,G,average,20,1287.38,0.59,00,00,09,04
Shipping_Economic_Loss,00_00_09_04,G,average,60,4392.5,0.81,00,00,09,04
Shipping_Economic_Loss,00_00_09_04,G,average,100,7174.5,0.86,00,00,09,04
Shipping_Economic_Loss,00_00_09_04,G&Wp,average,20,1325.78,0.58,00,00,09,04
Shipping_Economic_Loss,00_00_09_04,G&Wp,average,60,4208.62,0.67,00,00,09,04
Shipping_Economic_Loss,00_00_09_04,G&Wp,average,100,6425.63,0.58,00,00,09,04
Shipping_Economic_Loss,00_00_09_04,Wp,average,20,1364.18,0.57,00,00,09,04
Shipping_Economic_Loss,00_00_09_04,Wp,average,60,4024.74,0.56,00,00,09,04
Shipping_Economic_Loss,00_00_09_04,Wp,average,100,5676.76,0.41,00,00,09,04
Shipping_Economic_Loss,00_00_09_05,D,average,20,1306.08,0.59,00,00,09,05
Shipping_Economic_Loss,00_00_09_05,D,average,60,3482.72,0.62,00,00,09,05
Shipping_Economic_Loss,00_00_09_05,D,average,100,5144.8,0.57,00,00,09,05
Shipping_Economic_Loss,00_00_09_05,D&G,average,20,1296.73,0.59,00,00,09,05
Shipping_Economic_Loss,00_00_09_05,D&G,average,60,3715.96,0.67,00,00,09,05
Shipping_Economic_Loss,00_00_09_05,D&G,average,100,5516.85,0.64,00,00,09,05
Shipping_Economic_Loss,00_00_09_05,D&G&Wp,average,20,1319.21,0.58,00,00,09,05
Shipping_Economic_Loss,00_00_09_05,D&G&Wp,average,60,3555.44,0.59,00,00,09,05
Shipping_Economic_Loss,00_00_09_05,D&G&Wp,average,100,5403.88,0.52,00,00,09,05
Shipping_Economic_Loss,00_00_09_05,D&Wp,average,20,1335.13,0.58,00,00,09,05
Shipping_Economic_Loss,00_00_09_05,D&Wp,average,60,3358.56,0.53,00,00,09,05
Shipping_Economic_Loss,00_00_09_05,D&Wp,average,100,5161.38,0.45,00,00,09,05
Shipping_Economic_Loss,00_00_09_05,G,average,20,1287.38,0.59,00,00,09,05
Shipping_Economic_Loss,00_00_09_05,G,average,60,3949.2,0.73,00,00,09,05
Shipping_Economic_Loss,00_00_09_05,G,average,100,5888.89,0.7,00,00,09,05
Shipping_Economic_Loss,00_00_09_05,G&Wp,average,20,1325.78,0.58,00,00,09,05
Shipping_Economic_Loss,00_00_09_05,G&Wp,average,60,3591.8,0.57,00,00,09,05
Shipping_Economic_Loss,00_00_09_05,G&Wp,average,100,5533.42,0.5,00,00,09,05
Shipping_Economic_Loss,00_00_09_05,Wp,average,20,1364.18,0.57,00,00,09,05
Shipping_Economic_Loss,00_00_09_05,Wp,average,60,3234.39,0.45,00,00,09,05
Shipping_Economic_Loss,00_00_09_05,Wp,average,100,5177.96,0.37,00,00,09,05
Shipping_Economic_Loss,00_00_09_07,D,average,20,1036.01,0.47,00,00,09,07
Shipping_Economic_Loss,00_00_09_07,D,average,60,1609.45,0.29,00,00,09,07
Shipping_Economic_Loss,00_00_09_07,D,average,100,2166.27,0.24,00,00,09,07
Shipping_Economic_Loss,00_00_09_07,D&G,average,20,1030.59,0.47,00,00,09,07
Shipping_Economic_Loss,00_00_09_07,D&G,average,60,1575.1,0.29,00,00,09,07
Shipping_Economic_Loss,00_00_09_07,D&G,average,100,2078.93,0.24,00,00,09,07
Shipping_Economic_Loss,00_00_09_07,D&G&Wp,average,20,1042.01,0.46,00,00,09,07
Shipping_Economic_Loss,00_00_09_07,D&G&Wp,average,60,1764.93,0.29,00,00,09,07
Shipping_Economic_Loss,00_00_09_07,D&G&Wp,average,100,2748.67,0.26,00,00,09,07
Shipping_Economic_Loss,00_00_09_07,D&Wp,average,20,1050.42,0.46,00,00,09,07
Shipping_Economic_Loss,00_00_09_07,D&Wp,average,60,1877.01,0.29,00,00,09,07
Shipping_Economic_Loss,00_00_09_07,D&Wp,average,100,3127.2,0.27,00,00,09,07
Shipping_Economic_Loss,00_00_09_07,G,average,20,1025.17,0.47,00,00,09,07
Shipping_Economic_Loss,00_00_09_07,G,average,60,1540.76,0.29,00,00,09,07
Shipping_Economic_Loss,00_00_09_07,G,average,100,1991.6,0.24,00,00,09,07
Shipping_Economic_Loss,00_00_09_07,G&Wp,average,20,1045.0,0.46,00,00,09,07
Shipping_Economic_Loss,00_00_09_07,G&Wp,average,60,1842.66,0.29,00,00,09,07
Shipping_Economic_Loss,00_00_09_07,G&Wp,average,100,3039.86,0.27,00,00,09,07
Shipping_Economic_Loss,00_00_09_07,Wp,average,20,1064.84,0.45,00,00,09,07
Shipping_Economic_Loss,00_00_09_07,Wp,average,60,2144.57,0.3,00,00,09,07
Shipping_Economic_Loss,00_00_09_07,Wp,average,100,4088.13,0.3,00,00,09,07
Shipping_Economic_Loss,00_00_09_08,D,average,20,1036.01,0.47,00,00,09,08
Shipping_Economic_Loss,00_00_09_08,D,average,60,1609.45,0.29,00,00,09,08
Shipping_Economic_Loss,00_00_09_08,D,average,100,2166.27,0.24,00,00,09,08
Shipping_Economic_Loss,00_00_09_08,D&G,average,20,1030.59,0.47,00,00,09,08
Shipping_Economic_Loss,00_00_09_08,D&G,average,60,1575.1,0.29,00,00,09,08
Shipping_Economic_Loss,00_00_09_08,D&G,average,100,2078.93,0.24,00,00,09,08
Shipping_Economic_Loss,00_00_09_08,D&G&Wp,average,20,1042.01,0.46,00,00,09,08
Shipping_Economic_Loss,00_00_09_08,D&G&Wp,average,60,1764.93,0.29,00,00,09,08
Shipping_Economic_Loss,00_00_09_08,D&G&Wp,average,100,2748.67,0.26,00,00,09,08
Shipping_Economic_Loss,00_00_09_08,D&Wp,average,20,1050.42,0.46,00,00,09,08
Shipping_Economic_Loss,00_00_09_08,D&Wp,average,60,1877.01,0.29,00,00,09,08
Shipping_Economic_Loss,00_00_09_08,D&Wp,average,100,3127.2,0.27,00,00,09,08
Shipping_Economic_Loss,00_00_09_08,G,average,20,1025.17,0.47,00,00,09,08
Shipping_Economic_Loss,00_00_09_08,G,average,60,1540.76,0.29,00,00,09,08
Shipping_Economic_Loss,00_00_09_08,G,average,100,1991.6,0.24,00,00,09,08
Shipping_Economic_Loss,00_00_09_08,G&Wp,average,20,1045.0,0.46,00,00,09,08
Shipping_Economic_Loss,00_00_09_08,G&Wp,average,60,1842.66,0.29,00,00,09,08
Shipping_Economic_Loss,00_00_09_08,G&Wp,average,100,3039.86,0.27,00,00,09,08
Shipping_Economic_Loss,00_00_09_08,Wp,average,20,1064.84,0.45,00,00,09,08
Shipping_Economic_Loss,00_00_09_08,Wp,average,60,2144.57,0.3,00,00,09,08
Shipping_Economic_Loss,00_00_09_08,Wp,average,100,4088.13,0.3,00,00,09,08
Shipping_Economic_Loss,00_00_09_09,D,average,20,1036.01,0.47,00,00,09,09
Shipping_Economic_Loss,00_00_09_09,D,average,60,1609.45,0.29,00,00,09,09
Shipping_Economic_Loss,00_00_09_09,D,average,100,2166.27,0.24,00,00,09,09
Shipping_Economic_Loss,00_00_09_09,D&G,average,20,1030.59,0.47,00,00,09,09
Shipping_Economic_Loss,00_00_09_09,D&G,average,60,1575.1,0.29,00,00,09,09
Shipping_Economic_Loss,00_00_09_09,D&G,average,100,2078.93,0.24,00,00,09,09
Shipping_Economic_Loss,00_00_09_09,D&G&Wp,average,20,1042.01,0.46,00,00,09,09
Shipping_Economic_Loss,00_00_09_09,D&G&Wp,average,60,1764.93,0.29,00,00,09,09
Shipping_Economic_Loss,00_00_09_09,D&G&Wp,average,100,2748.67,0.26,00,00,09,09
Shipping_Economic_Loss,00_00_09_09,D&Wp,average,20,1050.42,0.46,00,00,09,09
Shipping_Economic_Loss,00_00_09_09,D&Wp,average,60,1877.01,0.29,00,00,09,09
Shipping_Economic_Loss,00_00_09_09,D&Wp,average,100,3127.2,0.27,00,00,09,09
Shipping_Economic_Loss,00_00_09_09,G,average,20,1025.17,0.47,00,00,09,09
Shipping_Economic_Loss,00_00_09_09,G,average,60,1540.76,0.29,00,00,09,09
Shipping_Economic_Loss,00_00_09_09,G,average,100,1991.6,0.24,00,00,09,09
Shipping_Economic_Loss,00_00_09_09,G&Wp,average,20,1045.0,0.46,00,00,09,09
Shipping_Economic_Loss,00_00_09_09,G&Wp,average,60,1842.66,0.29,00,00,09,09
Shipping_Economic_Loss,00_00_09_09,G&Wp,average,100,3039.86,0.27,00,00,09,09
Shipping_Economic_Loss,00_00_09_09,Wp,average,20,1064.84,0.45,00,00,09,09
Shipping_Economic_Loss,00_00_09_09,Wp,average,60,2144.57,0.3,00,00,09,09
Shipping_Economic_Loss,00_00_09_09,Wp,average,100,4088.13,0.3,00,00,09,09
Shipping_Economic_Loss,00_00_11_00,D,average,20,2222.52,1.0,00,00,11,00
Shipping_Economic_Loss,00_00_11_00,D,average,60,5632.03,1.0,00,00,11,00
Shipping_Economic_Loss,00_00_11_00,D,average,100,9004.04,1.0,00,00,11,00
Shipping_Economic_Loss,00_00_11_00,D&G,average,20,2207.73,1.0,00,00,11,00
Shipping_Economic_Loss,00_00_11_00,D&G,average,60,5513.18,1.0,00,00,11,00
Shipping_Economic_Loss,00_00_11_00,D&G,average,100,8681.76,1.0,00,00,11,00
Shipping_Economic_Loss,00_00_11_00,D&G&Wp,average,20,2262.94,1.0,00,00,11,00
Shipping_Economic_Loss,00_00_11_00,D&G&Wp,average,60,6051.53,1.0,00,00,11,00
Shipping_Economic_Loss,00_00_11_00,D&G&Wp,average,100,10394.12,1.0,00,00,11,00
Shipping_Economic_Loss,00_00_11_00,D&Wp,average,20,2297.93,1.0,00,00,11,00
Shipping_Economic_Loss,00_00_11_00,D&Wp,average,60,6380.12,1.0,00,00,11,00
Shipping_Economic_Loss,00_00_11_00,D&Wp,average,100,11411.45,1.0,00,00,11,00
Shipping_Economic_Loss,00_00_11_00,G,average,20,2192.94,1.0,00,00,11,00
Shipping_Economic_Loss,00_00_11_00,G,average,60,5394.34,1.0,00,00,11,00
Shipping_Economic_Loss,00_00_11_00,G,average,100,8359.48,1.0,00,00,11,00
Shipping_Economic_Loss,00_00_11_00,G&Wp,average,20,2283.14,1.0,00,00,11,00
Shipping_Economic_Loss,00_00_11_00,G&Wp,average,60,6261.28,1.0,00,00,11,00
Shipping_Economic_Loss,00_00_11_00,G&Wp,average,100,11089.17,1.0,00,00,11,00
Shipping_Economic_Loss,00_00_11_00,Wp,average,20,2373.34,1.0,00,00,11,00
Shipping_Economic_Loss,00_00_11_00,Wp,average,60,7128.22,1.0,00,00,11,00
Shipping_Economic_Loss,00_00_11_00,Wp,average,100,13818.86,1.0,00,00,11,00
Shipping_Economic_Loss,00_00_11_01,D,average,20,1778.37,0.8,00,00,11,01
Shipping_Economic_Loss,00_00_11_01,D,average,60,3251.66,0.58,00,00,11,01
Shipping_Economic_Loss,00_00_11_01,D,average,100,4695.4,0.52,00,00,11,01
Shipping_Economic_Loss,00_00_11_01,D&G,average,20,1768.37,0.8,00,00,11,01
Shipping_Economic_Loss,00_00_11_01,D&G,average,60,3196.54,0.58,00,00,11,01
Shipping_Economic_Loss,00_00_11_01,D&G,average,100,4544.17,0.52,00,00,11,01
Shipping_Economic_Loss,00_00_11_01,D&G&Wp,average,20,1791.42,0.79,00,00,11,01
Shipping_Economic_Loss,00_00_11_01,D&G&Wp,average,60,3146.94,0.52,00,00,11,01
Shipping_Economic_Loss,00_00_11_01,D&G&Wp,average,100,4596.03,0.44,00,00,11,01
Shipping_Economic_Loss,00_00_11_01,D&Wp,average,20,1807.94,0.79,00,00,11,01
Shipping_Economic_Loss,00_00_11_01,D&Wp,average,60,3149.69,0.49,00,00,11,01
Shipping_Economic_Loss,00_00_11_01,D&Wp,average,100,4697.58,0.41,00,00,11,01
Shipping_Economic_Loss,00_00_11_01,G,average,20,1758.38,0.8,00,00,11,01
Shipping_Economic_Loss,00_00_11_01,G,average,60,3141.42,0.58,00,00,11,01
Shipping_Economic_Loss,00_00_11_01,G,average,100,4392.94,0.53,00,00,11,01
Shipping_Economic_Loss,00_00_11_01,G&Wp,average,20,1797.94,0.79,00,00,11,01
Shipping_Economic_Loss,00_00_11_01,G&Wp,average,60,3094.58,0.49,00,00,11,01
Shipping_Economic_Loss,00_00_11_01,G&Wp,average,100,4546.35,0.41,00,00,11,01
Shipping_Economic_Loss,00_00_11_01,Wp,average,20,1837.51,0.77,00,00,11,01
Shipping_Economic_Loss,00_00_11_01,Wp,average,60,3047.73,0.43,00,00,11,01
Shipping_Economic_Loss,00_00_11_01,Wp,average,100,4699.76,0.34,00,00,11,01
Shipping_Economic_Loss,00_00_11_02,D,average,20,1926.9,0.87,00,00,11,02
Shipping_Economic_Loss,00_00_11_02,D,average,60,4824.98,0.86,00,00,11,02
Shipping_Economic_Loss,00_00_11_02,D,average,100,7691.2,0.85,00,00,11,02
Shipping_Economic_Loss,00_00_11_02,D&G,average,20,1914.93,0.87,00,00,11,02
Shipping_Economic_Loss,00_00_11_02,D&G,average,60,4724.57,0.86,00,00,11,02
Shipping_Economic_Loss,00_00_11_02,D&G,average,100,7417.86,0.85,00,00,11,02
Shipping_Economic_Loss,00_00_11_02,D&G&Wp,average,20,1954.32,0.86,00,00,11,02
Shipping_Economic_Loss,00_00_11_02,D&G&Wp,average,60,4621.04,0.76,00,00,11,02
Shipping_Economic_Loss,00_00_11_02,D&G&Wp,average,100,6967.24,0.67,00,00,11,02
Shipping_Economic_Loss,00_00_11_02,D&Wp,average,20,1979.99,0.86,00,00,11,02
Shipping_Economic_Loss,00_00_11_02,D&Wp,average,60,4619.48,0.72,00,00,11,02
Shipping_Economic_Loss,00_00_11_02,D&Wp,average,100,6878.6,0.6,00,00,11,02
Shipping_Economic_Loss,00_00_11_02,G,average,20,1902.97,0.87,00,00,11,02
Shipping_Economic_Loss,00_00_11_02,G,average,60,4624.16,0.86,00,00,11,02
Shipping_Economic_Loss,00_00_11_02,G,average,100,7144.53,0.85,00,00,11,02
Shipping_Economic_Loss,00_00_11_02,G&Wp,average,20,1968.03,0.86,00,00,11,02
Shipping_Economic_Loss,00_00_11_02,G&Wp,average,60,4519.07,0.72,00,00,11,02
Shipping_Economic_Loss,00_00_11_02,G&Wp,average,100,6605.27,0.6,00,00,11,02
Shipping_Economic_Loss,00_00_11_02,Wp,average,20,2033.08,0.86,00,00,11,02
Shipping_Economic_Loss,00_00_11_02,Wp,average,60,4413.98,0.62,00,00,11,02
Shipping_Economic_Loss,00_00_11_02,Wp,average,100,6066.01,0.44,00,00,11,02
Shipping_Economic_Loss,00_00_11_04,D,average,20,1306.08,0.59,00,00,11,04
Shipping_Economic_Loss,00_00_11_04,D,average,60,4493.36,0.8,00,00,11,04
Shipping_Economic_Loss,00_00_11_04,D,average,100,7556.52,0.84,00,00,11,04
Shipping_Economic_Loss,00_00_11_04,D&G,average,20,1296.73,0.59,00,00,11,04
Shipping_Economic_Loss,00_00_11_04,D&G,average,60,4442.93,0.81,00,00,11,04
Shipping_Economic_Loss,00_00_11_04,D&G,average,100,7365.52,0.85,00,00,11,04
Shipping_Economic_Loss,00_00_11_04,D&G&Wp,average,20,1319.21,0.58,00,00,11,04
Shipping_Economic_Loss,00_00_11_04,D&G&Wp,average,60,4303.53,0.71,00,00,11,04
Shipping_Economic_Loss,00_00_11_04,D&G&Wp,average,100,6802.6,0.65,00,00,11,04
Shipping_Economic_Loss,00_00_11_04,D&Wp,average,20,1335.13,0.58,00,00,11,04
Shipping_Economic_Loss,00_00_11_04,D&Wp,average,60,4259.05,0.67,00,00,11,04
Shipping_Economic_Loss,00_00_11_04,D&Wp,average,100,6616.64,0.58,00,00,11,04
Shipping_Economic_Loss,00_00_11_04,G,average,20,1287.38,0.59,00,00,11,04
Shipping_Economic_Loss,00_00_11_04,G,average,60,4392.5,0.81,00,00,11,04
Shipping_Economic_Loss,00_00_11_04,G,average,100,7174.5,0.86,00,00,11,04
Shipping_Economic_Loss,00_00_11_04,G&Wp,average,20,1325.78,0.58,00,00,11,04
Shipping_Economic_Loss,00_00_11_04,G&Wp,average,60,4208.62,0.67,00,00,11,04
Shipping_Economic_Loss,00_00_11_04,G&Wp,average,100,6425.63,0.58,00,00,11,04
Shipping_Economic_Loss,00_00_11_04,Wp,average,20,1364.18,0.57,00,00,11,04
Shipping_Economic_Loss,00_00_11_04,Wp,average,60,4024.74,0.56,00,00,11,04
Shipping_Economic_Loss,00_00_11_04,Wp,average,100,5676.76,0.41,00,00,11,04
Shipping_Economic_Loss,00_00_11_05,D,average,20,1306.08,0.59,00,00,11,05
Shipping_Economic_Loss,00_00_11_05,D,average,60,3482.72,0.62,00,00,11,05
Shipping_Economic_Loss,00_00_11_05,D,average,100,5144.8,0.57,00,00,11,05
Shipping_Economic_Loss,00_00_11_05,D&G,average,20,1296.73,0.59,00,00,11,05
Shipping_Economic_Loss,00_00_11_05,D&G,average,60,3715.96,0.67,00,00,11,05
Shipping_Economic_Loss,00_00_11_05,D&G,average,100,5516.85,0.64,00,00,11,05
Shipping_Economic_Loss,00_00_11_05,D&G&Wp,average,20,1319.21,0.58,00,00,11,05
Shipping_Economic_Loss,00_00_11_05,D&G&Wp,average,60,3555.44,0.59,00,00,11,05
Shipping_Economic_Loss,00_00_11_05,D&G&Wp,average,100,5403.88,0.52,00,00,11,05
Shipping_Economic_Loss,00_00_11_05,D&Wp,average,20,1335.13,0.58,00,00,11,05
Shipping_Economic_Loss,00_00_11_05,D&Wp,average,60,3358.56,0.53,00,00,11,05
Shipping_Economic_Loss,00_00_11_05,D&Wp,average,100,5161.38,0.45,00,00,11,05
Shipping_Economic_Loss,00_00_11_05,G,average,20,1287.38,0.59,00,00,11,05
Shipping_Economic_Loss,00_00_11_05,G,average,60,3949.2,0.73,00,00,11,05
Shipping_Economic_Loss,00_00_11_05,G,average,100,5888.89,0.7,00,00,11,05
Shipping_Economic_Loss,00_00_11_05,G&Wp,average,20,1325.78,0.58,00,00,11,05
Shipping_Economic_Loss,00_00_11_05,G&Wp,average,60,3591.8,0.57,00,00,11,05
Shipping_Economic_Loss,00_00_11_05,G&Wp,average,100,5533.42,0.5,00,00,11,05
Shipping_Economic_Loss,00_00_11_05,Wp,average,20,1364.18,0.57,00,00,11,05
Shipping_Economic_Loss,00_00_11_05,Wp,average,60,3234.39,0.45,00,00,11,05
Shipping_Economic_Loss,00_00_11_05,Wp,average,100,5177.96,0.37,00,00,11,05
Shipping_Economic_Loss,00_00_11_07,D,average,20,1036.01,0.47,00,00,11,07
Shipping_Economic_Loss,00_00_11_07,D,average,60,1609.45,0.29,00,00,11,07
Shipping_Economic_Loss,00_00_11_07,D,average,100,2166.27,0.24,00,00,11,07
Shipping_Economic_Loss,00_00_11_07,D&G,average,20,1030.59,0.47,00,00,11,07
Shipping_Economic_Loss,00_00_11_07,D&G,average,60,1575.1,0.29,00,00,11,07
Shipping_Economic_Loss,00_00_11_07,D&G,average,100,2078.93,0.24,00,00,11,07
Shipping_Economic_Loss,00_00_11_07,D&G&Wp,average,20,1042.01,0.46,00,00,11,07
Shipping_Economic_Loss,00_00_11_07,D&G&Wp,average,60,1764.93,0.29,00,00,11,07
Shipping_Economic_Loss,00_00_11_07,D&G&Wp,average,100,2748.67,0.26,00,00,11,07
Shipping_Economic_Loss,00_00_11_07,D&Wp,average,20,1050.42,0.46,00,00,11,07
Shipping_Economic_Loss,00_00_11_07,D&Wp,average,60,1877.01,0.29,00,00,11,07
Shipping_Economic_Loss,00_00_11_07,D&Wp,average,100,3127.2,0.27,00,00,11,07
Shipping_Economic_Loss,00_00_11_07,G,average,20,1025.17,0.47,00,00,11,07
Shipping_Economic_Loss,00_00_11_07,G,average,60,1540.76,0.29,00,00,11,07
Shipping_Economic_Loss,00_00_11_07,G,average,100,1991.6,0.24,00,00,11,07
Shipping_Economic_Loss,00_00_11_07,G&Wp,average,20,1045.0,0.46,00,00,11,07
Shipping_Economic_Loss,00_00_11_07,G&Wp,average,60,1842.66,0.29,00,00,11,07
Shipping_Economic_Loss,00_00_11_07,G&Wp,average,100,3039.86,0.27,00,00,11,07
Shipping_Economic_Loss,00_00_11_07,Wp,average,20,1064.84,0.45,00,00,11,07
Shipping_Economic_Loss,00_00_11_07,Wp,average,60,2144.57,0.3,00,00,11,07
Shipping_Economic_Loss,00_00_11_07,Wp,average,100,4088.13,0.3,00,00,11,07
Shipping_Economic_Loss,00_00_11_08,D,average,20,1036.01,0.47,00,00,11,08
Shipping_Economic_Loss,00_00_11_08,D,average,60,1609.45,0.29,00,00,11,08
Shipping_Economic_Loss,00_00_11_08,D,average,100,2166.27,0.24,00,00,11,08
Shipping_Economic_Loss,00_00_11_08,D&G,average,20,1030.59,0.47,00,00,11,08
Shipping_Economic_Loss,00_00_11_08,D&G,average,60,1575.1,0.29,00,00,11,08
Shipping_Economic_Loss,00_00_11_08,D&G,average,100,2078.93,0.24,00,00,11,08
Shipping_Economic_Loss,00_00_11_08,D&G&Wp,average,20,1042.01,0.46,00,00,11,08
Shipping_Economic_Loss,00_00_11_08,D&G&Wp,average,60,1764.93,0.29,00,00,11,08
Shipping_Economic_Loss,00_00_11_08,D&G&Wp,average,100,2748.67,0.26,00,00,11,08
Shipping_Economic_Loss,00_00_11_08,D&Wp,average,20,1050.42,0.46,00,00,11,08
Shipping_Economic_Loss,00_00_11_08,D&Wp,average,60,1877.01,0.29,00,00,11,08
Shipping_Economic_Loss,00_00_11_08,D&Wp,average,100,3127.2,0.27,00,00,11,08
Shipping_Economic_Loss,00_00_11_08,G,average,20,1025.17,0.47,00,00,11,08
Shipping_Economic_Loss,00_00_11_08,G,average,60,1540.76,0.29,00,00,11,08
Shipping_Economic_Loss,00_00_11_08,G,average,100,1991.6,0.24,00,00,11,08
Shipping_Economic_Loss,00_00_11_08,G&Wp,average,20,1045.0,0.46,00,00,11,08
Shipping_Economic_Loss,00_00_11_08,G&Wp,average,60,1842.66,0.29,00,00,11,08
Shipping_Economic_Loss,00_00_11_08,G&Wp,average,100,3039.86,0.27,00,00,11,08
Shipping_Economic_Loss,00_00_11_08,Wp,average,20,1064.84,0.45,00,00,11,08
Shipping_Economic_Loss,00_00_11_08,Wp,average,60,2144.57,0.3,00,00,11,08
Shipping_Economic_Loss,00_00_11_08,Wp,average,100,4088.13,0.3,00,00,11,08
Shipping_Economic_Loss,00_00_11_09,D,average,20,1036.01,0.47,00,00,11,09
Shipping_Economic_Loss,00_00_11_09,D,average,60,1609.45,0.29,00,00,11,09
Shipping_Economic_Loss,00_00_11_09,D,average,100,2166.27,0.24,00,00,11,09
Shipping_Economic_Loss,00_00_11_09,D&G,average,20,1030.59,0.47,00,00,11,09
Shipping_Economic_Loss,00_00_11_09,D&G,average,60,1575.1,0.29,00,00,11,09
Shipping_Economic_Loss,00_00_11_09,D&G,average,100,2078.93,0.24,00,00,11,09
Shipping_Economic_Loss,00_00_11_09,D&G&Wp,average,20,1042.01,0.46,00,00,11,09
Shipping_Economic_Loss,00_00_11_09,D&G&Wp,average,60,1764.93,0.29,00,00,11,09
Shipping_Economic_Loss,00_00_11_09,D&G&Wp,average,100,2748.67,0.26,00,00,11,09
Shipping_Economic_Loss,00_00_11_09,D&Wp,average,20,1050.42,0.46,00,00,11,09
Shipping_Economic_Loss,00_00_11_09,D&Wp,average,60,1877.01,0.29,00,00,11,09
Shipping_Economic_Loss,00_00_11_09,D&Wp,average,100,3127.2,0.27,00,00,11,09
Shipping_Economic_Loss,00_00_11_09,G,average,20,1025.17,0.47,00,00,11,09
Shipping_Economic_Loss,00_00_11_09,G,average,60,1540.76,0.29,00,00,11,09
Shipping_Economic_Loss,00_00_11_09,G,average,100,1991.6,0.24,00,00,11,09
Shipping_Economic_Loss,00_00_11_09,G&Wp,average,20,1045.0,0.46,00,00,11,09
Shipping_Economic_Loss,00_00_11_09,G&Wp,average,60,1842.66,0.29,00,00,11,09
Shipping_Economic_Loss,00_00_11_09,G&Wp,average,100,3039.86,0.27,00,00,11,09
Shipping_Economic_Loss,00_00_11_09,Wp,average,20,1064.84,0.45,00,00,11,09
Shipping_Economic_Loss,00_00_11_09,Wp,average,60,2144.57,0.3,00,00,11,09
Shipping_Economic_Loss,00_00_11_09,Wp,average,100,4088.13,0.3,00,00,11,09
Shipping_Economic_Loss,00_00_13_00,D,average,20,2222.52,1.0,00,00,13,00
Shipping_Economic_Loss,00_00_13_00,D,average,60,5880.1,1.04,00,00,13,00
Shipping_Economic_Loss,00_00_13_00,D,average,100,10256.83,1.14,00,00,13,00
Shipping_Economic_Loss,00_00_13_00,D&G,average,20,2207.73,1.0,00,00,13,00
Shipping_Economic_Loss,00_00_13_00,D&G,average,60,5767.75,1.05,00,00,13,00
Shipping_Economic_Loss,00_00_13_00,D&G,average,100,9977.53,1.15,00,00,13,00
Shipping_Economic_Loss,00_00_13_00,D&G&Wp,average,20,2262.94,1.0,00,00,13,00
Shipping_Economic_Loss,00_00_13_00,D&G&Wp,average,60,6366.09,1.05,00,00,13,00
Shipping_Economic_Loss,00_00_13_00,D&G&Wp,average,100,12116.08,1.17,00,00,13,00
Shipping_Economic_Loss,00_00_13_00,D&Wp,average,20,2297.93,1.0,00,00,13,00
Shipping_Economic_Loss,00_00_13_00,D&Wp,average,60,6721.44,1.05,00,00,13,00
Shipping_Economic_Loss,00_00_13_00,D&Wp,average,100,13325.01,1.17,00,00,13,00
Shipping_Economic_Loss,00_00_13_00,G,average,20,2192.94,1.0,00,00,13,00
Shipping_Economic_Loss,00_00_13_00,G,average,60,5655.4,1.05,00,00,13,00
Shipping_Economic_Loss,00_00_13_00,G,average,100,9698.22,1.16,00,00,13,00
Shipping_Economic_Loss,00_00_13_00,G&Wp,average,20,2283.14,1.0,00,00,13,00
Shipping_Economic_Loss,00_00_13_00,G&Wp,average,60,6609.09,1.06,00,00,13,00
Shipping_Economic_Loss,00_00_13_00,G&Wp,average,100,13045.71,1.18,00,00,13,00
Shipping_Economic_Loss,00_00_13_00,Wp,average,20,2373.34,1.0,00,00,13,00
Shipping_Economic_Loss,00_00_13_00,Wp,average,60,7562.78,1.06,00,00,13,00
Shipping_Economic_Loss,00_00_13_00,Wp,average,100,16393.19,1.19,00,00,13,00
Shipping_Economic_Loss,00_00_13_01,D,average,20,1778.37,0.8,00,00,13,01
Shipping_Economic_Loss,00_00_13_01,D,average,60,3305.44,0.59,00,00,13,01
Shipping_Economic_Loss,00_00_13_01,D,average,100,4468.2,0.5,00,00,13,01
Shipping_Economic_Loss,00_00_13_01,D&G,average,20,1768.37,0.8,00,00,13,01
Shipping_Economic_Loss,00_00_13_01,D&G,average,60,3276.35,0.59,00,00,13,01
Shipping_Economic_Loss,00_00_13_01,D&G,average,100,4477.15,0.52,00,00,13,01
Shipping_Economic_Loss,00_00_13_01,D&G&Wp,average,20,1791.42,0.79,00,00,13,01
Shipping_Economic_Loss,00_00_13_01,D&G&Wp,average,60,3248.51,0.54,00,00,13,01
Shipping_Economic_Loss,00_00_13_01,D&G&Wp,average,100,4814.21,0.46,00,00,13,01
Shipping_Economic_Loss,00_00_13_01,D&Wp,average,20,1807.94,0.79,00,00,13,01
Shipping_Economic_Loss,00_00_13_01,D&Wp,average,60,3249.14,0.51,00,00,13,01
Shipping_Economic_Loss,00_00_13_01,D&Wp,average,100,4978.27,0.44,00,00,13,01
Shipping_Economic_Loss,00_00_13_01,G,average,20,1758.38,0.8,00,00,13,01
Shipping_Economic_Loss,00_00_13_01,G,average,60,3247.26,0.6,00,00,13,01
Shipping_Economic_Loss,00_00_13_01,G,average,100,4486.09,0.54,00,00,13,01
Shipping_Economic_Loss,00_00_13_01,G&Wp,average,20,1797.94,0.79,00,00,13,01
Shipping_Economic_Loss,00_00_13_01,G&Wp,average,60,3220.04,0.51,00,00,13,01
Shipping_Economic_Loss,00_00_13_01,G&Wp,average,100,4987.21,0.45,00,00,13,01
Shipping_Economic_Loss,00_00_13_01,Wp,average,20,1837.51,0.77,00,00,13,01
Shipping_Economic_Loss,00_00_13_01,Wp,average,60,3192.83,0.45,00,00,13,01
Shipping_Economic_Loss,00_00_13_01,Wp,average,100,5488.34,0.4,00,00,13,01
Shipping_Economic_Loss,00_00_13_02,D,average,20,1926.9,0.87,00,00,13,02
Shipping_Economic_Loss,00_00_13_02,D,average,60,4934.6,0.88,00,00,13,02
Shipping_Economic_Loss,00_00_13_02,D,average,100,7479.64,0.83,00,00,13,02
Shipping_Economic_Loss,00_00_13_02,D&G,average,20,1914.93,0.87,00,00,13,02
Shipping_Economic_Loss,00_00_13_02,D&G,average,60,4853.29,0.88,00,00,13,02
Shipping_Economic_Loss,00_00_13_02,D&G,average,100,7545.58,0.87,00,00,13,02
Shipping_Economic_Loss,00_00_13_02,D&G&Wp,average,20,1954.32,0.86,00,00,13,02
Shipping_Economic_Loss,00_00_13_02,D&G&Wp,average,60,4735.95,0.78,00,00,13,02
Shipping_Economic_Loss,00_00_13_02,D&G&Wp,average,100,7295.99,0.7,00,00,13,02
Shipping_Economic_Loss,00_00_13_02,D&Wp,average,20,1979.99,0.86,00,00,13,02
Shipping_Economic_Loss,00_00_13_02,D&Wp,average,60,4717.94,0.74,00,00,13,02
Shipping_Economic_Loss,00_00_13_02,D&Wp,average,100,7138.22,0.63,00,00,13,02
Shipping_Economic_Loss,00_00_13_02,G,average,20,1902.97,0.87,00,00,13,02
Shipping_Economic_Loss,00_00_13_02,G,average,60,4771.98,0.88,00,00,13,02
Shipping_Economic_Loss,00_00_13_02,G,average,100,7611.52,0.91,00,00,13,02
Shipping_Economic_Loss,00_00_13_02,G&Wp,average,20,1968.03,0.86,00,00,13,02
Shipping_Economic_Loss,00_00_13_02,G&Wp,average,60,4636.63,0.74,00,00,13,02
Shipping_Economic_Loss,00_00_13_02,G&Wp,average,100,7204.16,0.65,00,00,13,02
Shipping_Economic_Loss,00_00_13_02,Wp,average,20,2033.08,0.86,00,00,13,02
Shipping_Economic_Loss,00_00_13_02,Wp,average,60,4501.28,0.63,00,00,13,02
Shipping_Economic_Loss,00_00_13_02,Wp,average,100,6796.79,0.49,00,00,13,02
Shipping_Economic_Loss,00_00_13_04,D,average,20,1306.08,0.59,00,00,13,04
Shipping_Economic_Loss,00_00_13_04,D,average,60,4544.75,0.81,00,00,13,04
Shipping_Economic_Loss,00_00_13_04,D,average,100,6907.62,0.77,00,00,13,04
Shipping_Economic_Loss,00_00_13_04,D&G,average,20,1296.73,0.59,00,00,13,04
Shipping_Economic_Loss,00_00_13_04,D&G,average,60,4499.1,0.82,00,00,13,04
Shipping_Economic_Loss,00_00_13_04,D&G,average,100,6941.34,0.8,00,00,13,04
Shipping_Economic_Loss,00_00_13_04,D&G&Wp,average,20,1319.21,0.58,00,00,13,04
Shipping_Economic_Loss,00_00_13_04,D&G&Wp,average,60,4392.9,0.73,00,00,13,04
Shipping_Economic_Loss,00_00_13_04,D&G&Wp,average,100,6786.23,0.65,00,00,13,04
Shipping_Economic_Loss,00_00_13_04,D&Wp,average,20,1335.13,0.58,00,00,13,04
Shipping_Economic_Loss,00_00_13_04,D&Wp,average,60,4362.63,0.68,00,00,13,04
Shipping_Economic_Loss,00_00_13_04,D&Wp,average,100,6691.82,0.59,00,00,13,04
Shipping_Economic_Loss,00_00_13_04,G,average,20,1287.38,0.59,00,00,13,04
Shipping_Economic_Loss,00_00_13_04,G,average,60,4453.45,0.83,00,00,13,04
Shipping_Economic_Loss,00_00_13_04,G,average,100,6975.07,0.83,00,00,13,04
Shipping_Economic_Loss,00_00_13_04,G&Wp,average,20,1325.78,0.58,00,00,13,04
Shipping_Economic_Loss,00_00_13_04,G&Wp,average,60,4316.98,0.69,00,00,13,04
Shipping_Economic_Loss,00_00_13_04,G&Wp,average,100,6725.54,0.61,00,00,13,04
Shipping_Economic_Loss,00_00_13_04,Wp,average,20,1364.18,0.57,00,00,13,04
Shipping_Economic_Loss,00_00_13_04,Wp,average,60,4180.51,0.59,00,00,13,04
Shipping_Economic_Loss,00_00_13_04,Wp,average,100,6476.02,0.47,00,00,13,04
Shipping_Economic_Loss,00_00_13_05,D,average,20,1306.08,0.59,00,00,13,05
Shipping_Economic_Loss,00_00_13_05,D,average,60,3476.38,0.62,00,00,13,05
Shipping_Economic_Loss,00_00_13_05,D,average,100,4920.41,0.55,00,00,13,05
Shipping_Economic_Loss,00_00_13_05,D&G,average,20,1296.73,0.59,00,00,13,05
Shipping_Economic_Loss,00_00_13_05,D&G,average,60,3721.7,0.68,00,00,13,05
Shipping_Economic_Loss,00_00_13_05,D&G,average,100,5277.89,0.61,00,00,13,05
Shipping_Economic_Loss,00_00_13_05,D&G&Wp,average,20,1319.21,0.58,00,00,13,05
Shipping_Economic_Loss,00_00_13_05,D&G&Wp,average,60,3607.93,0.6,00,00,13,05
Shipping_Economic_Loss,00_00_13_05,D&G&Wp,average,100,5545.59,0.53,00,00,13,05
Shipping_Economic_Loss,00_00_13_05,D&Wp,average,20,1335.13,0.58,00,00,13,05
Shipping_Economic_Loss,00_00_13_05,D&Wp,average,60,3428.39,0.54,00,00,13,05
Shipping_Economic_Loss,00_00_13_05,D&Wp,average,100,5500.7,0.48,00,00,13,05
Shipping_Economic_Loss,00_00_13_05,G,average,20,1287.38,0.59,00,00,13,05
Shipping_Economic_Loss,00_00_13_05,G,average,60,3967.02,0.74,00,00,13,05
Shipping_Economic_Loss,00_00_13_05,G,average,100,5635.37,0.67,00,00,13,05
Shipping_Economic_Loss,00_00_13_05,G&Wp,average,20,1325.78,0.58,00,00,13,05
Shipping_Economic_Loss,00_00_13_05,G&Wp,average,60,3673.7,0.59,00,00,13,05
Shipping_Economic_Loss,00_00_13_05,G&Wp,average,100,5858.18,0.53,00,00,13,05
Shipping_Economic_Loss,00_00_13_05,Wp,average,20,1364.18,0.57,00,00,13,05
Shipping_Economic_Loss,00_00_13_05,Wp,average,60,3380.39,0.47,00,00,13,05
Shipping_Economic_Loss,00_00_13_05,Wp,average,100,6081.0,0.44,00,00,13,05
Shipping_Economic_Loss,00_00_13_07,D,average,20,1036.01,0.47,00,00,13,07
Shipping_Economic_Loss,00_00_13_07,D,average,60,1691.3,0.3,00,00,13,07
Shipping_Economic_Loss,00_00_13_07,D,average,100,2572.55,0.29,00,00,13,07
Shipping_Economic_Loss,00_00_13_07,D&G,average,20,1030.59,0.47,00,00,13,07
Shipping_Economic_Loss,00_00_13_07,D&G,average,60,1657.57,0.3,00,00,13,07
Shipping_Economic_Loss,00_00_13_07,D&G,average,100,2489.52,0.29,00,00,13,07
Shipping_Economic_Loss,00_00_13_07,D&G&Wp,average,20,1042.01,0.46,00,00,13,07
Shipping_Economic_Loss,00_00_13_07,D&G&Wp,average,60,1876.81,0.31,00,00,13,07
Shipping_Economic_Loss,00_00_13_07,D&G&Wp,average,100,3331.64,0.32,00,00,13,07
Shipping_Economic_Loss,00_00_13_07,D&Wp,average,20,1050.42,0.46,00,00,13,07
Shipping_Economic_Loss,00_00_13_07,D&Wp,average,60,2003.3,0.31,00,00,13,07
Shipping_Economic_Loss,00_00_13_07,D&Wp,average,100,3794.22,0.33,00,00,13,07
Shipping_Economic_Loss,00_00_13_07,G,average,20,1025.17,0.47,00,00,13,07
Shipping_Economic_Loss,00_00_13_07,G,average,60,1623.83,0.3,00,00,13,07
Shipping_Economic_Loss,00_00_13_07,G,average,100,2406.49,0.29,00,00,13,07
Shipping_Economic_Loss,00_00_13_07,G&Wp,average,20,1045.0,0.46,00,00,13,07
Shipping_Economic_Loss,00_00_13_07,G&Wp,average,60,1969.56,0.31,00,00,13,07
Shipping_Economic_Loss,00_00_13_07,G&Wp,average,100,3711.19,0.33,00,00,13,07
Shipping_Economic_Loss,00_00_13_07,Wp,average,20,1064.84,0.45,00,00,13,07
Shipping_Economic_Loss,00_00_13_07,Wp,average,60,2315.29,0.32,00,00,13,07
Shipping_Economic_Loss,00_00_13_07,Wp,average,100,5015.89,0.36,00,00,13,07
Shipping_Economic_Loss,00_00_13_08,D,average,20,1036.01,0.47,00,00,13,08
Shipping_Economic_Loss,00_00_13_08,D,average,60,1691.3,0.3,00,00,13,08
Shipping_Economic_Loss,00_00_13_08,D,average,100,2572.55,0.29,00,00,13,08
Shipping_Economic_Loss,00_00_13_08,D&G,average,20,1030.59,0.47,00,00,13,08
Shipping_Economic_Loss,00_00_13_08,D&G,average,60,1657.57,0.3,00,00,13,08
Shipping_Economic_Loss,00_00_13_08,D&G,average,100,2489.52,0.29,00,00,13,08
Shipping_Economic_Loss,00_00_13_08,D&G&Wp,average,20,1042.01,0.46,00,00,13,08
Shipping_Economic_Loss,00_00_13_08,D&G&Wp,average,60,1876.81,0.31,00,00,13,08
Shipping_Economic_Loss,00_00_13_08,D&G&Wp,average,100,3331.64,0.32,00,00,13,08
Shipping_Economic_Loss,00_00_13_08,D&Wp,average,20,1050.42,0.46,00,00,13,08
Shipping_Economic_Loss,00_00_13_08,D&Wp,average,60,2003.3,0.31,00,00,13,08
Shipping_Economic_Loss,00_00_13_08,D&Wp,average,100,3794.22,0.33,00,00,13,08
Shipping_Economic_Loss,00_00_13_08,G,average,20,1025.17,0.47,00,00,13,08
Shipping_Economic_Loss,00_00_13_08,G,average,60,1623.83,0.3,00,00,13,08
Shipping_Economic_Loss,00_00_13_08,G,average,100,2406.49,0.29,00,00,13,08
Shipping_Economic_Loss,00_00_13_08,G&Wp,average,20,1045.0,0.46,00,00,13,08
Shipping_Economic_Loss,00_00_13_08,G&Wp,average,60,1969.56,0.31,00,00,13,08
Shipping_Economic_Loss,00_00_13_08,G&Wp,average,100,3711.19,0.33,00,00,13,08
Shipping_Economic_Loss,00_00_13_08,Wp,average,20,1064.84,0.45,00,00,13,08
Shipping_Economic_Loss,00_00_13_08,Wp,average,60,2315.29,0.32,00,00,13,08
Shipping_Economic_Loss,00_00_13_08,Wp,average,100,5015.89,0.36,00,00,13,08
Shipping_Economic_Loss,00_00_13_09,D,average,20,1036.01,0.47,00,00,13,09
Shipping_Economic_Loss,00_00_13_09,D,average,60,1691.3,0.3,00,00,13,09
Shipping_Economic_Loss,00_00_13_09,D,average,100,2572.55,0.29,00,00,13,09
Shipping_Economic_Loss,00_00_13_09,D&G,average,20,1030.59,0.47,00,00,13,09
Shipping_Economic_Loss,00_00_13_09,D&G,average,60,1657.57,0.3,00,00,13,09
Shipping_Economic_Loss,00_00_13_09,D&G,average,100,2489.52,0.29,00,00,13,09
Shipping_Economic_Loss,00_00_13_09,D&G&Wp,average,20,1042.01,0.46,00,00,13,09
Shipping_Economic_Loss,00_00_13_09,D&G&Wp,average,60,1876.81,0.31,00,00,13,09
Shipping_Economic_Loss,00_00_13_09,D&G&Wp,average,100,3331.64,0.32,00,00,13,09
Shipping_Economic_Loss,00_00_13_09,D&Wp,average,20,1050.42,0.46,00,00,13,09
Shipping_Economic_Loss,00_00_13_09,D&Wp,average,60,2003.3,0.31,00,00,13,09
Shipping_Economic_Loss,00_00_13_09,D&Wp,average,100,3794.22,0.33,00,00,13,09
Shipping_Economic_Loss,00_00_13_09,G,average,20,1025.17,0.47,00,00,13,09
Shipping_Economic_Loss,00_00_13_09,G,average,60,1623.83,0.3,00,00,13,09
Shipping_Economic_Loss,00_00_13_09,G,average,100,2406.49,0.29,00,00,13,09
Shipping_Economic_Loss,00_00_13_09,G&Wp,average,20,1045.0,0.46,00,00,13,09
Shipping_Economic_Loss,00_00_13_09,G&Wp,average,60,1969.56,0.31,00,00,13,09
Shipping_Economic_Loss,00_00_13_09,G&Wp,average,100,3711.19,0.33,00,00,13,09
Shipping_Economic_Loss,00_00_13_09,Wp,average,20,1064.84,0.45,00,00,13,09
Shipping_Economic_Loss,00_00_13_09,Wp,average,60,2315.29,0.32,00,00,13,09
Shipping_Economic_Loss,00_00_13_09,Wp,average,100,5015.89,0.36,00,00,13,09
Shipping_Measure_Costs,00_00_00_00,D,average,20,0.0,0.0,00,00,00,00
Shipping_Measure_Costs,00_00_00_00,D,average,60,0.0,0.0,00,00,00,00
Shipping_Measure_Costs,00_00_00_00,D,average,100,0.0,0.0,00,00,00,00
Shipping_Measure_Costs,00_00_00_00,D&G,average,20,0.0,0.0,00,00,00,00
Shipping_Measure_Costs,00_00_00_00,D&G,average,60,0.0,0.0,00,00,00,00
Shipping_Measure_Costs,00_00_00_00,D&G,average,100,0.0,0.0,00,00,00,00
Shipping_Measure_Costs,00_00_00_00,D&G&Wp,average,20,0.0,0.0,00,00,00,00
Shipping_Measure_Costs,00_00_00_00,D&G&Wp,average,60,0.0,0.0,00,00,00,00
Shipping_Measure_Costs,00_00_00_00,D&G&Wp,average,100,0.0,0.0,00,00,00,00
Shipping_Measure_Costs,00_00_00_00,D&Wp,average,20,0.0,0.0,00,00,00,00
Shipping_Measure_Costs,00_00_00_00,D&Wp,average,60,0.0,0.0,00,00,00,00
Shipping_Measure_Costs,00_00_00_00,D&Wp,average,100,0.0,0.0,00,00,00,00
Shipping_Measure_Costs,00_00_00_00,G,average,20,0.0,0.0,00,00,00,00
Shipping_Measure_Costs,00_00_00_00,G,average,60,0.0,0.0,00,00,00,00
Shipping_Measure_Costs,00_00_00_00,G,average,100,0.0,0.0,00,00,00,00
Shipping_Measure_Costs,00_00_00_00,G&Wp,average,20,0.0,0.0,00,00,00,00
Shipping_Measure_Costs,00_00_00_00,G&Wp,average,60,0.0,0.0,00,00,00,00
Shipping_Measure_Costs,00_00_00_00,G&Wp,average,100,0.0,0.0,00,00,00,00
Shipping_Measure_Costs,00_00_00_00,Wp,average,20,0.0,0.0,00,00,00,00
Shipping_Measure_Costs,00_00_00_00,Wp,average,60,0.0,0.0,00,00,00,00
Shipping_Measure_Costs,00_00_00_00,Wp,average,100,0.0,0.0,00,00,00,00
Shipping_Measure_Costs,00_00_00_01,D,average,20,545.88,0.42,00,00,00,01
Shipping_Measure_Costs,00_00_00_01,D,average,60,1088.6,0.51,00,00,00,01
Shipping_Measure_Costs,00_00_00_01,D,average,100,1545.95,0.47,00,00,00,01
Shipping_Measure_Costs,00_00_00_01,D&G,average,20,545.88,0.42,00,00,00,01
Shipping_Measure_Costs,00_00_00_01,D&G,average,60,1087.67,0.51,00,00,00,01
Shipping_Measure_Costs,00_00_00_01,D&G,average,100,1545.02,0.47,00,00,00,01
Shipping_Measure_Costs,00_00_00_01,D&G&Wp,average,20,580.57,0.45,00,00,00,01
Shipping_Measure_Costs,00_00_00_01,D&G&Wp,average,60,1293.39,0.6,00,00,00,01
Shipping_Measure_Costs,00_00_00_01,D&G&Wp,average,100,1849.71,0.56,00,00,00,01
Shipping_Measure_Costs,00_00_00_01,D&Wp,average,20,597.91,0.46,00,00,00,01
Shipping_Measure_Costs,00_00_00_01,D&Wp,average,60,1396.71,0.65,00,00,00,01
Shipping_Measure_Costs,00_00_00_01,D&Wp,average,100,2002.52,0.61,00,00,00,01
Shipping_Measure_Costs,00_00_00_01,G,average,20,545.88,0.42,00,00,00,01
Shipping_Measure_Costs,00_00_00_01,G,average,60,1086.74,0.51,00,00,00,01
Shipping_Measure_Costs,00_00_00_01,G,average,100,1544.1,0.47,00,00,00,01
Shipping_Measure_Costs,00_00_00_01,G&Wp,average,20,597.91,0.46,00,00,00,01
Shipping_Measure_Costs,00_00_00_01,G&Wp,average,60,1395.78,0.65,00,00,00,01
Shipping_Measure_Costs,00_00_00_01,G&Wp,average,100,2001.59,0.61,00,00,00,01
Shipping_Measure_Costs,00_00_00_01,Wp,average,20,649.95,0.5,00,00,00,01
Shipping_Measure_Costs,00_00_00_01,Wp,average,60,1704.82,0.79,00,00,00,01
Shipping_Measure_Costs,00_00_00_01,Wp,average,100,2459.08,0.75,00,00,00,01
Shipping_Measure_Costs,00_00_00_02,D,average,20,16.22,0.01,00,00,00,02
Shipping_Measure_Costs,00_00_00_02,D,average,60,87.69,0.04,00,00,00,02
Shipping_Measure_Costs,00_00_00_02,D,average,100,160.17,0.05,00,00,00,02
Shipping_Measure_Costs,00_00_00_02,D&G,average,20,16.22,0.01,00,00,00,02
Shipping_Measure_Costs,00_00_00_02,D&G,average,60,87.57,0.04,00,00,00,02
Shipping_Measure_Costs,00_00_00_02,D&G,average,100,160.05,0.05,00,00,00,02
Shipping_Measure_Costs,00_00_00_02,D&G&Wp,average,20,16.78,0.01,00,00,00,02
Shipping_Measure_Costs,00_00_00_02,D&G&Wp,average,60,537.3,0.25,00,00,00,02
Shipping_Measure_Costs,00_00_00_02,D&G&Wp,average,100,870.64,0.26,00,00,00,02
Shipping_Measure_Costs,00_00_00_02,D&Wp,average,20,17.05,0.01,00,00,00,02
Shipping_Measure_Costs,00_00_00_02,D&Wp,average,60,762.23,0.35,00,00,00,02
Shipping_Measure_Costs,00_00_00_02,D&Wp,average,100,1226.0,0.37,00,00,00,02
Shipping_Measure_Costs,00_00_00_02,G,average,20,16.22,0.01,00,00,00,02
Shipping_Measure_Costs,00_00_00_02,G,average,60,87.44,0.04,00,00,00,02
Shipping_Measure_Costs,00_00_00_02,G,average,100,159.92,0.05,00,00,00,02
Shipping_Measure_Costs,00_00_00_02,G&Wp,average,20,17.05,0.01,00,00,00,02
Shipping_Measure_Costs,00_00_00_02,G&Wp,average,60,762.1,0.35,00,00,00,02
Shipping_Measure_Costs,00_00_00_02,G&Wp,average,100,1225.87,0.37,00,00,00,02
Shipping_Measure_Costs,00_00_00_02,Wp,average,20,17.88,0.01,00,00,00,02
Shipping_Measure_Costs,00_00_00_02,Wp,average,60,1436.76,0.67,00,00,00,02
Shipping_Measure_Costs,00_00_00_02,Wp,average,100,2291.82,0.69,00,00,00,02
Shipping_Measure_Costs,00_00_00_04,D,average,20,41.08,0.03,00,00,00,04
Shipping_Measure_Costs,00_00_00_04,D,average,60,147.82,0.07,00,00,00,04
Shipping_Measure_Costs,00_00_00_04,D,average,100,255.82,0.08,00,00,00,04
Shipping_Measure_Costs,00_00_00_04,D&G,average,20,41.08,0.03,00,00,00,04
Shipping_Measure_Costs,00_00_00_04,D&G,average,60,146.27,0.07,00,00,00,04
Shipping_Measure_Costs,00_00_00_04,D&G,average,100,253.09,0.08,00,00,00,04
Shipping_Measure_Costs,00_00_00_04,D&G&Wp,average,20,41.5,0.03,00,00,00,04
Shipping_Measure_Costs,00_00_00_04,D&G&Wp,average,60,576.71,0.27,00,00,00,04
Shipping_Measure_Costs,00_00_00_04,D&G&Wp,average,100,932.95,0.28,00,00,00,04
Shipping_Measure_Costs,00_00_00_04,D&Wp,average,20,41.71,0.03,00,00,00,04
Shipping_Measure_Costs,00_00_00_04,D&Wp,average,60,792.71,0.37,00,00,00,04
Shipping_Measure_Costs,00_00_00_04,D&Wp,average,100,1274.24,0.39,00,00,00,04
Shipping_Measure_Costs,00_00_00_04,G,average,20,41.08,0.03,00,00,00,04
Shipping_Measure_Costs,00_00_00_04,G,average,60,144.73,0.07,00,00,00,04
Shipping_Measure_Costs,00_00_00_04,G,average,100,250.37,0.08,00,00,00,04
Shipping_Measure_Costs,00_00_00_04,G&Wp,average,20,41.71,0.03,00,00,00,04
Shipping_Measure_Costs,00_00_00_04,G&Wp,average,60,791.16,0.37,00,00,00,04
Shipping_Measure_Costs,00_00_00_04,G&Wp,average,100,1271.51,0.39,00,00,00,04
Shipping_Measure_Costs,00_00_00_04,Wp,average,20,42.34,0.03,00,00,00,04
Shipping_Measure_Costs,00_00_00_04,Wp,average,60,1437.6,0.67,00,00,00,04
Shipping_Measure_Costs,00_00_00_04,Wp,average,100,2292.66,0.69,00,00,00,04
Shipping_Measure_Costs,00_00_00_05,D,average,20,41.08,0.03,00,00,00,05
Shipping_Measure_Costs,00_00_00_05,D,average,60,1028.87,0.48,00,00,00,05
Shipping_Measure_Costs,00_00_00_05,D,average,100,1575.03,0.48,00,00,00,05
Shipping_Measure_Costs,00_00_00_05,D&G,average,20,41.08,0.03,00,00,00,05
Shipping_Measure_Costs,00_00_00_05,D&G,average,60,803.41,0.37,00,00,00,05
Shipping_Measure_Costs,00_00_00_05,D&G,average,100,1319.88,0.4,00,00,00,05
Shipping_Measure_Costs,00_00_00_05,D&G&Wp,average,20,41.5,0.03,00,00,00,05
Shipping_Measure_Costs,00_00_00_05,D&G&Wp,average,60,1085.58,0.5,00,00,00,05
Shipping_Measure_Costs,00_00_00_05,D&G&Wp,average,100,1710.91,0.52,00,00,00,05
Shipping_Measure_Costs,00_00_00_05,D&Wp,average,20,41.71,0.03,00,00,00,05
Shipping_Measure_Costs,00_00_00_05,D&Wp,average,60,1339.4,0.62,00,00,00,05
Shipping_Measure_Costs,00_00_00_05,D&Wp,average,100,2034.0,0.62,00,00,00,05
Shipping_Measure_Costs,00_00_00_05,G,average,20,41.08,0.03,00,00,00,05
Shipping_Measure_Costs,00_00_00_05,G,average,60,577.95,0.27,00,00,00,05
Shipping_Measure_Costs,00_00_00_05,G,average,100,1064.73,0.32,00,00,00,05
Shipping_Measure_Costs,00_00_00_05,G&Wp,average,20,41.71,0.03,00,00,00,05
Shipping_Measure_Costs,00_00_00_05,G&Wp,average,60,1113.94,0.52,00,00,00,05
Shipping_Measure_Costs,00_00_00_05,G&Wp,average,100,1778.85,0.54,00,00,00,05
Shipping_Measure_Costs,00_00_00_05,Wp,average,20,42.34,0.03,00,00,00,05
Shipping_Measure_Costs,00_00_00_05,Wp,average,60,1649.92,0.77,00,00,00,05
Shipping_Measure_Costs,00_00_00_05,Wp,average,100,2492.98,0.76,00,00,00,05
Shipping_Measure_Costs,00_00_00_07,D,average,20,1230.29,0.95,00,00,00,07
Shipping_Measure_Costs,00_00_00_07,D,average,60,1972.55,0.92,00,00,00,07
Shipping_Measure_Costs,00_00_00_07,D,average,100,2714.81,0.82,00,00,00,07
Shipping_Measure_Costs,00_00_00_07,D&G,average,20,1230.29,0.95,00,00,00,07
Shipping_Measure_Costs,00_00_00_07,D&G,average,60,1972.55,0.92,00,00,00,07
Shipping_Measure_Costs,00_00_00_07,D&G,average,100,2714.81,0.82,00,00,00,07
Shipping_Measure_Costs,00_00_00_07,D&G&Wp,average,20,1233.38,0.95,00,00,00,07
Shipping_Measure_Costs,00_00_00_07,D&G&Wp,average,60,1975.64,0.92,00,00,00,07
Shipping_Measure_Costs,00_00_00_07,D&G&Wp,average,100,2717.9,0.82,00,00,00,07
Shipping_Measure_Costs,00_00_00_07,D&Wp,average,20,1234.93,0.95,00,00,00,07
Shipping_Measure_Costs,00_00_00_07,D&Wp,average,60,1977.19,0.92,00,00,00,07
Shipping_Measure_Costs,00_00_00_07,D&Wp,average,100,2719.45,0.82,00,00,00,07
Shipping_Measure_Costs,00_00_00_07,G,average,20,1230.29,0.95,00,00,00,07
Shipping_Measure_Costs,00_00_00_07,G,average,60,1972.55,0.92,00,00,00,07
Shipping_Measure_Costs,00_00_00_07,G,average,100,2714.81,0.82,00,00,00,07
Shipping_Measure_Costs,00_00_00_07,G&Wp,average,20,1234.93,0.95,00,00,00,07
Shipping_Measure_Costs,00_00_00_07,G&Wp,average,60,1977.19,0.92,00,00,00,07
Shipping_Measure_Costs,00_00_00_07,G&Wp,average,100,2719.45,0.82,00,00,00,07
Shipping_Measure_Costs,00_00_00_07,Wp,average,20,1239.57,0.95,00,00,00,07
Shipping_Measure_Costs,00_00_00_07,Wp,average,60,1981.83,0.92,00,00,00,07
Shipping_Measure_Costs,00_00_00_07,Wp,average,100,2724.09,0.83,00,00,00,07
Shipping_Measure_Costs,00_00_00_08,D,average,20,1230.29,0.95,00,00,00,08
Shipping_Measure_Costs,00_00_00_08,D,average,60,1972.55,0.92,00,00,00,08
Shipping_Measure_Costs,00_00_00_08,D,average,100,2714.81,0.82,00,00,00,08
Shipping_Measure_Costs,00_00_00_08,D&G,average,20,1230.29,0.95,00,00,00,08
Shipping_Measure_Costs,00_00_00_08,D&G,average,60,1972.55,0.92,00,00,00,08
Shipping_Measure_Costs,00_00_00_08,D&G,average,100,2714.81,0.82,00,00,00,08
Shipping_Measure_Costs,00_00_00_08,D&G&Wp,average,20,1233.38,0.95,00,00,00,08
Shipping_Measure_Costs,00_00_00_08,D&G&Wp,average,60,1975.64,0.92,00,00,00,08
Shipping_Measure_Costs,00_00_00_08,D&G&Wp,average,100,2717.9,0.82,00,00,00,08
Shipping_Measure_Costs,00_00_00_08,D&Wp,average,20,1234.93,0.95,00,00,00,08
Shipping_Measure_Costs,00_00_00_08,D&Wp,average,60,1977.19,0.92,00,00,00,08
Shipping_Measure_Costs,00_00_00_08,D&Wp,average,100,2719.45,0.82,00,00,00,08
Shipping_Measure_Costs,00_00_00_08,G,average,20,1230.29,0.95,00,00,00,08
Shipping_Measure_Costs,00_00_00_08,G,average,60,1972.55,0.92,00,00,00,08
Shipping_Measure_Costs,00_00_00_08,G,average,100,2714.81,0.82,00,00,00,08
Shipping_Measure_Costs,00_00_00_08,G&Wp,average,20,1234.93,0.95,00,00,00,08
Shipping_Measure_Costs,00_00_00_08,G&Wp,average,60,1977.19,0.92,00,00,00,08
Shipping_Measure_Costs,00_00_00_08,G&Wp,average,100,2719.45,0.82,00,00,00,08
Shipping_Measure_Costs,00_00_00_08,Wp,average,20,1239.57,0.95,00,00,00,08
Shipping_Measure_Costs,00_00_00_08,Wp,average,60,1981.83,0.92,00,00,00,08
Shipping_Measure_Costs,00_00_00_08,Wp,average,100,2724.09,0.83,00,00,00,08
Shipping_Measure_Costs,00_00_00_09,D,average,20,1230.29,0.95,00,00,00,09
Shipping_Measure_Costs,00_00_00_09,D,average,60,1972.55,0.92,00,00,00,09
Shipping_Measure_Costs,00_00_00_09,D,average,100,2714.81,0.82,00,00,00,09
Shipping_Measure_Costs,00_00_00_09,D&G,average,20,1230.29,0.95,00,00,00,09
Shipping_Measure_Costs,00_00_00_09,D&G,average,60,1972.55,0.92,00,00,00,09
Shipping_Measure_Costs,00_00_00_09,D&G,average,100,2714.81,0.82,00,00,00,09
Shipping_Measure_Costs,00_00_00_09,D&G&Wp,average,20,1233.38,0.95,00,00,00,09
Shipping_Measure_Costs,00_00_00_09,D&G&Wp,average,60,1975.64,0.92,00,00,00,09
Shipping_Measure_Costs,00_00_00_09,D&G&Wp,average,100,2717.9,0.82,00,00,00,09
Shipping_Measure_Costs,00_00_00_09,D&Wp,average,20,1234.93,0.95,00,00,00,09
Shipping_Measure_Costs,00_00_00_09,D&Wp,average,60,1977.19,0.92,00,00,00,09
Shipping_Measure_Costs,00_00_00_09,D&Wp,average,100,2719.45,0.82,00,00,00,09
Shipping_Measure_Costs,00_00_00_09,G,average,20,1230.29,0.95,00,00,00,09
Shipping_Measure_Costs,00_00_00_09,G,average,60,1972.55,0.92,00,00,00,09
Shipping_Measure_Costs,00_00_00_09,G,average,100,2714.81,0.82,00,00,00,09
Shipping_Measure_Costs,00_00_00_09,G&Wp,average,20,1234.93,0.95,00,00,00,09
Shipping_Measure_Costs,00_00_00_09,G&Wp,average,60,1977.19,0.92,00,00,00,09
Shipping_Measure_Costs,00_00_00_09,G&Wp,average,100,2719.45,0.82,00,00,00,09
Shipping_Measure_Costs,00_00_00_09,Wp,average,20,1239.57,0.95,00,00,00,09
Shipping_Measure_Costs,00_00_00_09,Wp,average,60,1981.83,0.92,00,00,00,09
Shipping_Measure_Costs,00_00_00_09,Wp,average,100,2724.09,0.83,00,00,00,09
Shipping_Measure_Costs,00_00_01_00,D,average,20,0.0,0.0,00,00,01,00
Shipping_Measure_Costs,00_00_01_00,D,average,60,0.0,0.0,00,00,01,00
Shipping_Measure_Costs,00_00_01_00,D,average,100,0.0,0.0,00,00,01,00
Shipping_Measure_Costs,00_00_01_00,D&G,average,20,0.0,0.0,00,00,01,00
Shipping_Measure_Costs,00_00_01_00,D&G,average,60,0.0,0.0,00,00,01,00
Shipping_Measure_Costs,00_00_01_00,D&G,average,100,0.0,0.0,00,00,01,00
Shipping_Measure_Costs,00_00_01_00,D&G&Wp,average,20,0.0,0.0,00,00,01,00
Shipping_Measure_Costs,00_00_01_00,D&G&Wp,average,60,0.0,0.0,00,00,01,00
Shipping_Measure_Costs,00_00_01_00,D&G&Wp,average,100,0.0,0.0,00,00,01,00
Shipping_Measure_Costs,00_00_01_00,D&Wp,average,20,0.0,0.0,00,00,01,00
Shipping_Measure_Costs,00_00_01_00,D&Wp,average,60,0.0,0.0,00,00,01,00
Shipping_Measure_Costs,00_00_01_00,D&Wp,average,100,0.0,0.0,00,00,01,00
Shipping_Measure_Costs,00_00_01_00,G,average,20,0.0,0.0,00,00,01,00
Shipping_Measure_Costs,00_00_01_00,G,average,60,0.0,0.0,00,00,01,00
Shipping_Measure_Costs,00_00_01_00,G,average,100,0.0,0.0,00,00,01,00
Shipping_Measure_Costs,00_00_01_00,G&Wp,average,20,0.0,0.0,00,00,01,00
Shipping_Measure_Costs,00_00_01_00,G&Wp,average,60,0.0,0.0,00,00,01,00
Shipping_Measure_Costs,00_00_01_00,G&Wp,average,100,0.0,0.0,00,00,01,00
Shipping_Measure_Costs,00_00_01_00,Wp,average,20,0.0,0.0,00,00,01,00
Shipping_Measure_Costs,00_00_01_00,Wp,average,60,0.0,0.0,00,00,01,00
Shipping_Measure_Costs,00_00_01_00,Wp,average,100,0.0,0.0,00,00,01,00
Shipping_Measure_Costs,00_00_01_01,D,average,20,545.88,0.42,00,00,01,01
Shipping_Measure_Costs,00_00_01_01,D,average,60,1088.6,0.51,00,00,01,01
Shipping_Measure_Costs,00_00_01_01,D,average,100,1545.95,0.47,00,00,01,01
Shipping_Measure_Costs,00_00_01_01,D&G,average,20,545.88,0.42,00,00,01,01
Shipping_Measure_Costs,00_00_01_01,D&G,average,60,1087.67,0.51,00,00,01,01
Shipping_Measure_Costs,00_00_01_01,D&G,average,100,1545.02,0.47,00,00,01,01
Shipping_Measure_Costs,00_00_01_01,D&G&Wp,average,20,580.57,0.45,00,00,01,01
Shipping_Measure_Costs,00_00_01_01,D&G&Wp,average,60,1293.39,0.6,00,00,01,01
Shipping_Measure_Costs,00_00_01_01,D&G&Wp,average,100,1849.71,0.56,00,00,01,01
Shipping_Measure_Costs,00_00_01_01,D&Wp,average,20,597.91,0.46,00,00,01,01
Shipping_Measure_Costs,00_00_01_01,D&Wp,average,60,1396.71,0.65,00,00,01,01
Shipping_Measure_Costs,00_00_01_01,D&Wp,average,100,2002.52,0.61,00,00,01,01
Shipping_Measure_Costs,00_00_01_01,G,average,20,545.88,0.42,00,00,01,01
Shipping_Measure_Costs,00_00_01_01,G,average,60,1086.74,0.51,00,00,01,01
Shipping_Measure_Costs,00_00_01_01,G,average,100,1544.1,0.47,00,00,01,01
Shipping_Measure_Costs,00_00_01_01,G&Wp,average,20,597.91,0.46,00,00,01,01
Shipping_Measure_Costs,00_00_01_01,G&Wp,average,60,1395.78,0.65,00,00,01,01
Shipping_Measure_Costs,00_00_01_01,G&Wp,average,100,2001.59,0.61,00,00,01,01
Shipping_Measure_Costs,00_00_01_01,Wp,average,20,649.95,0.5,00,00,01,01
Shipping_Measure_Costs,00_00_01_01,Wp,average,60,1704.82,0.79,00,00,01,01
Shipping_Measure_Costs,00_00_01_01,Wp,average,100,2459.08,0.75,00,00,01,01
Shipping_Measure_Costs,00_00_01_02,D,average,20,16.22,0.01,00,00,01,02
Shipping_Measure_Costs,00_00_01_02,D,average,60,87.69,0.04,00,00,01,02
Shipping_Measure_Costs,00_00_01_02,D,average,100,160.17,0.05,00,00,01,02
Shipping_Measure_Costs,00_00_01_02,D&G,average,20,16.22,0.01,00,00,01,02
Shipping_Measure_Costs,00_00_01_02,D&G,average,60,87.57,0.04,00,00,01,02
Shipping_Measure_Costs,00_00_01_02,D&G,average,100,160.05,0.05,00,00,01,02
Shipping_Measure_Costs,00_00_01_02,D&G&Wp,average,20,16.78,0.01,00,00,01,02
Shipping_Measure_Costs,00_00_01_02,D&G&Wp,average,60,537.3,0.25,00,00,01,02
Shipping_Measure_Costs,00_00_01_02,D&G&Wp,average,100,870.64,0.26,00,00,01,02
Shipping_Measure_Costs,00_00_01_02,D&Wp,average,20,17.05,0.01,00,00,01,02
Shipping_Measure_Costs,00_00_01_02,D&Wp,average,60,762.23,0.35,00,00,01,02
Shipping_Measure_Costs,00_00_01_02,D&Wp,average,100,1226.0,0.37,00,00,01,02
Shipping_Measure_Costs,00_00_01_02,G,average,20,16.22,0.01,00,00,01,02
Shipping_Measure_Costs,00_00_01_02,G,average,60,87.44,0.04,00,00,01,02
Shipping_Measure_Costs,00_00_01_02,G,average,100,159.92,0.05,00,00,01,02
Shipping_Measure_Costs,00_00_01_02,G&Wp,average,20,17.05,0.01,00,00,01,02
Shipping_Measure_Costs,00_00_01_02,G&Wp,average,60,762.1,0.35,00,00,01,02
Shipping_Measure_Costs,00_00_01_02,G&Wp,average,100,1225.87,0.37,00,00,01,02
Shipping_Measure_Costs,00_00_01_02,Wp,average,20,17.88,0.01,00,00,01,02
Shipping_Measure_Costs,00_00_01_02,Wp,average,60,1436.76,0.67,00,00,01,02
Shipping_Measure_Costs,00_00_01_02,Wp,average,100,2291.82,0.69,00,00,01,02
Shipping_Measure_Costs,00_00_01_04,D,average,20,41.08,0.03,00,00,01,04
Shipping_Measure_Costs,00_00_01_04,D,average,60,147.82,0.07,00,00,01,04
Shipping_Measure_Costs,00_00_01_04,D,average,100,255.82,0.08,00,00,01,04
Shipping_Measure_Costs,00_00_01_04,D&G,average,20,41.08,0.03,00,00,01,04
Shipping_Measure_Costs,00_00_01_04,D&G,average,60,146.27,0.07,00,00,01,04
Shipping_Measure_Costs,00_00_01_04,D&G,average,100,253.09,0.08,00,00,01,04
Shipping_Measure_Costs,00_00_01_04,D&G&Wp,average,20,41.5,0.03,00,00,01,04
Shipping_Measure_Costs,00_00_01_04,D&G&Wp,average,60,576.71,0.27,00,00,01,04
Shipping_Measure_Costs,00_00_01_04,D&G&Wp,average,100,932.95,0.28,00,00,01,04
Shipping_Measure_Costs,00_00_01_04,D&Wp,average,20,41.71,0.03,00,00,01,04
Shipping_Measure_Costs,00_00_01_04,D&Wp,average,60,792.71,0.37,00,00,01,04
Shipping_Measure_Costs,00_00_01_04,D&Wp,average,100,1274.24,0.39,00,00,01,04
Shipping_Measure_Costs,00_00_01_04,G,average,20,41.08,0.03,00,00,01,04
Shipping_Measure_Costs,00_00_01_04,G,average,60,144.73,0.07,00,00,01,04
Shipping_Measure_Costs,00_00_01_04,G,average,100,250.37,0.08,00,00,01,04
Shipping_Measure_Costs,00_00_01_04,G&Wp,average,20,41.71,0.03,00,00,01,04
Shipping_Measure_Costs,00_00_01_04,G&Wp,average,60,791.16,0.37,00,00,01,04
Shipping_Measure_Costs,00_00_01_04,G&Wp,average,100,1271.51,0.39,00,00,01,04
Shipping_Measure_Costs,00_00_01_04,Wp,average,20,42.34,0.03,00,00,01,04
Shipping_Measure_Costs,00_00_01_04,Wp,average,60,1437.6,0.67,00,00,01,04
Shipping_Measure_Costs,00_00_01_04,Wp,average,100,2292.66,0.69,00,00,01,04
Shipping_Measure_Costs,00_00_01_05,D,average,20,41.08,0.03,00,00,01,05
Shipping_Measure_Costs,00_00_01_05,D,average,60,1028.87,0.48,00,00,01,05
Shipping_Measure_Costs,00_00_01_05,D,average,100,1575.03,0.48,00,00,01,05
Shipping_Measure_Costs,00_00_01_05,D&G,average,20,41.08,0.03,00,00,01,05
Shipping_Measure_Costs,00_00_01_05,D&G,average,60,803.41,0.37,00,00,01,05
Shipping_Measure_Costs,00_00_01_05,D&G,average,100,1319.88,0.4,00,00,01,05
Shipping_Measure_Costs,00_00_01_05,D&G&Wp,average,20,41.5,0.03,00,00,01,05
Shipping_Measure_Costs,00_00_01_05,D&G&Wp,average,60,1085.58,0.5,00,00,01,05
Shipping_Measure_Costs,00_00_01_05,D&G&Wp,average,100,1710.91,0.52,00,00,01,05
Shipping_Measure_Costs,00_00_01_05,D&Wp,average,20,41.71,0.03,00,00,01,05
Shipping_Measure_Costs,00_00_01_05,D&Wp,average,60,1339.4,0.62,00,00,01,05
Shipping_Measure_Costs,00_00_01_05,D&Wp,average,100,2034.0,0.62,00,00,01,05
Shipping_Measure_Costs,00_00_01_05,G,average,20,41.08,0.03,00,00,01,05
Shipping_Measure_Costs,00_00_01_05,G,average,60,577.95,0.27,00,00,01,05
Shipping_Measure_Costs,00_00_01_05,G,average,100,1064.73,0.32,00,00,01,05
Shipping_Measure_Costs,00_00_01_05,G&Wp,average,20,41.71,0.03,00,00,01,05
Shipping_Measure_Costs,00_00_01_05,G&Wp,average,60,1113.94,0.52,00,00,01,05
Shipping_Measure_Costs,00_00_01_05,G&Wp,average,100,1778.85,0.54,00,00,01,05
Shipping_Measure_Costs,00_00_01_05,Wp,average,20,42.34,0.03,00,00,01,05
Shipping_Measure_Costs,00_00_01_05,Wp,average,60,1649.92,0.77,00,00,01,05
Shipping_Measure_Costs,00_00_01_05,Wp,average,100,2492.98,0.76,00,00,01,05
Shipping_Measure_Costs,00_00_01_07,D,average,20,1230.29,0.95,00,00,01,07
Shipping_Measure_Costs,00_00_01_07,D,average,60,1972.55,0.92,00,00,01,07
Shipping_Measure_Costs,00_00_01_07,D,average,100,2714.81,0.82,00,00,01,07
Shipping_Measure_Costs,00_00_01_07,D&G,average,20,1230.29,0.95,00,00,01,07
Shipping_Measure_Costs,00_00_01_07,D&G,average,60,1972.55,0.92,00,00,01,07
Shipping_Measure_Costs,00_00_01_07,D&G,average,100,2714.81,0.82,00,00,01,07
Shipping_Measure_Costs,00_00_01_07,D&G&Wp,average,20,1233.38,0.95,00,00,01,07
Shipping_Measure_Costs,00_00_01_07,D&G&Wp,average,60,1975.64,0.92,00,00,01,07
Shipping_Measure_Costs,00_00_01_07,D&G&Wp,average,100,2717.9,0.82,00,00,01,07
Shipping_Measure_Costs,00_00_01_07,D&Wp,average,20,1234.93,0.95,00,00,01,07
Shipping_Measure_Costs,00_00_01_07,D&Wp,average,60,1977.19,0.92,00,00,01,07
Shipping_Measure_Costs,00_00_01_07,D&Wp,average,100,2719.45,0.82,00,00,01,07
Shipping_Measure_Costs,00_00_01_07,G,average,20,1230.29,0.95,00,00,01,07
Shipping_Measure_Costs,00_00_01_07,G,average,60,1972.55,0.92,00,00,01,07
Shipping_Measure_Costs,00_00_01_07,G,average,100,2714.81,0.82,00,00,01,07
Shipping_Measure_Costs,00_00_01_07,G&Wp,average,20,1234.93,0.95,00,00,01,07
Shipping_Measure_Costs,00_00_01_07,G&Wp,average,60,1977.19,0.92,00,00,01,07
Shipping_Measure_Costs,00_00_01_07,G&Wp,average,100,2719.45,0.82,00,00,01,07
Shipping_Measure_Costs,00_00_01_07,Wp,average,20,1239.57,0.95,00,00,01,07
Shipping_Measure_Costs,00_00_01_07,Wp,average,60,1981.83,0.92,00,00,01,07
Shipping_Measure_Costs,00_00_01_07,Wp,average,100,2724.09,0.83,00,00,01,07
Shipping_Measure_Costs,00_00_01_08,D,average,20,1230.29,0.95,00,00,01,08
Shipping_Measure_Costs,00_00_01_08,D,average,60,1972.55,0.92,00,00,01,08
Shipping_Measure_Costs,00_00_01_08,D,average,100,2714.81,0.82,00,00,01,08
Shipping_Measure_Costs,00_00_01_08,D&G,average,20,1230.29,0.95,00,00,01,08
Shipping_Measure_Costs,00_00_01_08,D&G,average,60,1972.55,0.92,00,00,01,08
Shipping_Measure_Costs,00_00_01_08,D&G,average,100,2714.81,0.82,00,00,01,08
Shipping_Measure_Costs,00_00_01_08,D&G&Wp,average,20,1233.38,0.95,00,00,01,08
Shipping_Measure_Costs,00_00_01_08,D&G&Wp,average,60,1975.64,0.92,00,00,01,08
Shipping_Measure_Costs,00_00_01_08,D&G&Wp,average,100,2717.9,0.82,00,00,01,08
Shipping_Measure_Costs,00_00_01_08,D&Wp,average,20,1234.93,0.95,00,00,01,08
Shipping_Measure_Costs,00_00_01_08,D&Wp,average,60,1977.19,0.92,00,00,01,08
Shipping_Measure_Costs,00_00_01_08,D&Wp,average,100,2719.45,0.82,00,00,01,08
Shipping_Measure_Costs,00_00_01_08,G,average,20,1230.29,0.95,00,00,01,08
Shipping_Measure_Costs,00_00_01_08,G,average,60,1972.55,0.92,00,00,01,08
Shipping_Measure_Costs,00_00_01_08,G,average,100,2714.81,0.82,00,00,01,08
Shipping_Measure_Costs,00_00_01_08,G&Wp,average,20,1234.93,0.95,00,00,01,08
Shipping_Measure_Costs,00_00_01_08,G&Wp,average,60,1977.19,0.92,00,00,01,08
Shipping_Measure_Costs,00_00_01_08,G&Wp,average,100,2719.45,0.82,00,00,01,08
Shipping_Measure_Costs,00_00_01_08,Wp,average,20,1239.57,0.95,00,00,01,08
Shipping_Measure_Costs,00_00_01_08,Wp,average,60,1981.83,0.92,00,00,01,08
Shipping_Measure_Costs,00_00_01_08,Wp,average,100,2724.09,0.83,00,00,01,08
Shipping_Measure_Costs,00_00_01_09,D,average,20,1230.29,0.95,00,00,01,09
Shipping_Measure_Costs,00_00_01_09,D,average,60,1972.55,0.92,00,00,01,09
Shipping_Measure_Costs,00_00_01_09,D,average,100,2714.81,0.82,00,00,01,09
Shipping_Measure_Costs,00_00_01_09,D&G,average,20,1230.29,0.95,00,00,01,09
Shipping_Measure_Costs,00_00_01_09,D&G,average,60,1972.55,0.92,00,00,01,09
Shipping_Measure_Costs,00_00_01_09,D&G,average,100,2714.81,0.82,00,00,01,09
Shipping_Measure_Costs,00_00_01_09,D&G&Wp,average,20,1233.38,0.95,00,00,01,09
Shipping_Measure_Costs,00_00_01_09,D&G&Wp,average,60,1975.64,0.92,00,00,01,09
Shipping_Measure_Costs,00_00_01_09,D&G&Wp,average,100,2717.9,0.82,00,00,01,09
Shipping_Measure_Costs,00_00_01_09,D&Wp,average,20,1234.93,0.95,00,00,01,09
Shipping_Measure_Costs,00_00_01_09,D&Wp,average,60,1977.19,0.92,00,00,01,09
Shipping_Measure_Costs,00_00_01_09,D&Wp,average,100,2719.45,0.82,00,00,01,09
Shipping_Measure_Costs,00_00_01_09,G,average,20,1230.29,0.95,00,00,01,09
Shipping_Measure_Costs,00_00_01_09,G,average,60,1972.55,0.92,00,00,01,09
Shipping_Measure_Costs,00_00_01_09,G,average,100,2714.81,0.82,00,00,01,09
Shipping_Measure_Costs,00_00_01_09,G&Wp,average,20,1234.93,0.95,00,00,01,09
Shipping_Measure_Costs,00_00_01_09,G&Wp,average,60,1977.19,0.92,00,00,01,09
Shipping_Measure_Costs,00_00_01_09,G&Wp,average,100,2719.45,0.82,00,00,01,09
Shipping_Measure_Costs,00_00_01_09,Wp,average,20,1239.57,0.95,00,00,01,09
Shipping_Measure_Costs,00_00_01_09,Wp,average,60,1981.83,0.92,00,00,01,09
Shipping_Measure_Costs,00_00_01_09,Wp,average,100,2724.09,0.83,00,00,01,09
Shipping_Measure_Costs,00_00_03_00,D,average,20,0.0,0.0,00,00,03,00
Shipping_Measure_Costs,00_00_03_00,D,average,60,0.0,0.0,00,00,03,00
Shipping_Measure_Costs,00_00_03_00,D,average,100,0.0,0.0,00,00,03,00
Shipping_Measure_Costs,00_00_03_00,D&G,average,20,0.0,0.0,00,00,03,00
Shipping_Measure_Costs,00_00_03_00,D&G,average,60,0.0,0.0,00,00,03,00
Shipping_Measure_Costs,00_00_03_00,D&G,average,100,0.0,0.0,00,00,03,00
Shipping_Measure_Costs,00_00_03_00,D&G&Wp,average,20,0.0,0.0,00,00,03,00
Shipping_Measure_Costs,00_00_03_00,D&G&Wp,average,60,0.0,0.0,00,00,03,00
Shipping_Measure_Costs,00_00_03_00,D&G&Wp,average,100,0.0,0.0,00,00,03,00
Shipping_Measure_Costs,00_00_03_00,D&Wp,average,20,0.0,0.0,00,00,03,00
Shipping_Measure_Costs,00_00_03_00,D&Wp,average,60,0.0,0.0,00,00,03,00
Shipping_Measure_Costs,00_00_03_00,D&Wp,average,100,0.0,0.0,00,00,03,00
Shipping_Measure_Costs,00_00_03_00,G,average,20,0.0,0.0,00,00,03,00
Shipping_Measure_Costs,00_00_03_00,G,average,60,0.0,0.0,00,00,03,00
Shipping_Measure_Costs,00_00_03_00,G,average,100,0.0,0.0,00,00,03,00
Shipping_Measure_Costs,00_00_03_00,G&Wp,average,20,0.0,0.0,00,00,03,00
Shipping_Measure_Costs,00_00_03_00,G&Wp,average,60,0.0,0.0,00,00,03,00
Shipping_Measure_Costs,00_00_03_00,G&Wp,average,100,0.0,0.0,00,00,03,00
Shipping_Measure_Costs,00_00_03_00,Wp,average,20,0.0,0.0,00,00,03,00
Shipping_Measure_Costs,00_00_03_00,Wp,average,60,0.0,0.0,00,00,03,00
Shipping_Measure_Costs,00_00_03_00,Wp,average,100,0.0,0.0,00,00,03,00
Shipping_Measure_Costs,00_00_03_01,D,average,20,545.88,0.42,00,00,03,01
Shipping_Measure_Costs,00_00_03_01,D,average,60,1088.6,0.51,00,00,03,01
Shipping_Measure_Costs,00_00_03_01,D,average,100,1545.95,0.47,00,00,03,01
Shipping_Measure_Costs,00_00_03_01,D&G,average,20,545.88,0.42,00,00,03,01
Shipping_Measure_Costs,00_00_03_01,D&G,average,60,1087.67,0.51,00,00,03,01
Shipping_Measure_Costs,00_00_03_01,D&G,average,100,1545.02,0.47,00,00,03,01
Shipping_Measure_Costs,00_00_03_01,D&G&Wp,average,20,580.57,0.45,00,00,03,01
Shipping_Measure_Costs,00_00_03_01,D&G&Wp,average,60,1293.39,0.6,00,00,03,01
Shipping_Measure_Costs,00_00_03_01,D&G&Wp,average,100,1849.71,0.56,00,00,03,01
Shipping_Measure_Costs,00_00_03_01,D&Wp,average,20,597.91,0.46,00,00,03,01
Shipping_Measure_Costs,00_00_03_01,D&Wp,average,60,1396.71,0.65,00,00,03,01
Shipping_Measure_Costs,00_00_03_01,D&Wp,average,100,2002.52,0.61,00,00,03,01
Shipping_Measure_Costs,00_00_03_01,G,average,20,545.88,0.42,00,00,03,01
Shipping_Measure_Costs,00_00_03_01,G,average,60,1086.74,0.51,00,00,03,01
Shipping_Measure_Costs,00_00_03_01,G,average,100,1544.1,0.47,00,00,03,01
Shipping_Measure_Costs,00_00_03_01,G&Wp,average,20,597.91,0.46,00,00,03,01
Shipping_Measure_Costs,00_00_03_01,G&Wp,average,60,1395.78,0.65,00,00,03,01
Shipping_Measure_Costs,00_00_03_01,G&Wp,average,100,2001.59,0.61,00,00,03,01
Shipping_Measure_Costs,00_00_03_01,Wp,average,20,649.95,0.5,00,00,03,01
Shipping_Measure_Costs,00_00_03_01,Wp,average,60,1704.82,0.79,00,00,03,01
Shipping_Measure_Costs,00_00_03_01,Wp,average,100,2459.08,0.75,00,00,03,01
Shipping_Measure_Costs,00_00_03_02,D,average,20,16.22,0.01,00,00,03,02
Shipping_Measure_Costs,00_00_03_02,D,average,60,87.69,0.04,00,00,03,02
Shipping_Measure_Costs,00_00_03_02,D,average,100,160.17,0.05,00,00,03,02
Shipping_Measure_Costs,00_00_03_02,D&G,average,20,16.22,0.01,00,00,03,02
Shipping_Measure_Costs,00_00_03_02,D&G,average,60,87.57,0.04,00,00,03,02
Shipping_Measure_Costs,00_00_03_02,D&G,average,100,160.05,0.05,00,00,03,02
Shipping_Measure_Costs,00_00_03_02,D&G&Wp,average,20,16.78,0.01,00,00,03,02
Shipping_Measure_Costs,00_00_03_02,D&G&Wp,average,60,537.3,0.25,00,00,03,02
Shipping_Measure_Costs,00_00_03_02,D&G&Wp,average,100,870.64,0.26,00,00,03,02
Shipping_Measure_Costs,00_00_03_02,D&Wp,average,20,17.05,0.01,00,00,03,02
Shipping_Measure_Costs,00_00_03_02,D&Wp,average,60,762.23,0.35,00,00,03,02
Shipping_Measure_Costs,00_00_03_02,D&Wp,average,100,1226.0,0.37,00,00,03,02
Shipping_Measure_Costs,00_00_03_02,G,average,20,16.22,0.01,00,00,03,02
Shipping_Measure_Costs,00_00_03_02,G,average,60,87.44,0.04,00,00,03,02
Shipping_Measure_Costs,00_00_03_02,G,average,100,159.92,0.05,00,00,03,02
Shipping_Measure_Costs,00_00_03_02,G&Wp,average,20,17.05,0.01,00,00,03,02
Shipping_Measure_Costs,00_00_03_02,G&Wp,average,60,762.1,0.35,00,00,03,02
Shipping_Measure_Costs,00_00_03_02,G&Wp,average,100,1225.87,0.37,00,00,03,02
Shipping_Measure_Costs,00_00_03_02,Wp,average,20,17.88,0.01,00,00,03,02
Shipping_Measure_Costs,00_00_03_02,Wp,average,60,1436.76,0.67,00,00,03,02
Shipping_Measure_Costs,00_00_03_02,Wp,average,100,2291.82,0.69,00,00,03,02
Shipping_Measure_Costs,00_00_03_04,D,average,20,41.08,0.03,00,00,03,04
Shipping_Measure_Costs,00_00_03_04,D,average,60,147.82,0.07,00,00,03,04
Shipping_Measure_Costs,00_00_03_04,D,average,100,255.82,0.08,00,00,03,04
Shipping_Measure_Costs,00_00_03_04,D&G,average,20,41.08,0.03,00,00,03,04
Shipping_Measure_Costs,00_00_03_04,D&G,average,60,146.27,0.07,00,00,03,04
Shipping_Measure_Costs,00_00_03_04,D&G,average,100,253.09,0.08,00,00,03,04
Shipping_Measure_Costs,00_00_03_04,D&G&Wp,average,20,41.5,0.03,00,00,03,04
Shipping_Measure_Costs,00_00_03_04,D&G&Wp,average,60,576.71,0.27,00,00,03,04
Shipping_Measure_Costs,00_00_03_04,D&G&Wp,average,100,932.95,0.28,00,00,03,04
Shipping_Measure_Costs,00_00_03_04,D&Wp,average,20,41.71,0.03,00,00,03,04
Shipping_Measure_Costs,00_00_03_04,D&Wp,average,60,792.71,0.37,00,00,03,04
Shipping_Measure_Costs,00_00_03_04,D&Wp,average,100,1274.24,0.39,00,00,03,04
Shipping_Measure_Costs,00_00_03_04,G,average,20,41.08,0.03,00,00,03,04
Shipping_Measure_Costs,00_00_03_04,G,average,60,144.73,0.07,00,00,03,04
Shipping_Measure_Costs,00_00_03_04,G,average,100,250.37,0.08,00,00,03,04
Shipping_Measure_Costs,00_00_03_04,G&Wp,average,20,41.71,0.03,00,00,03,04
Shipping_Measure_Costs,00_00_03_04,G&Wp,average,60,791.16,0.37,00,00,03,04
Shipping_Measure_Costs,00_00_03_04,G&Wp,average,100,1271.51,0.39,00,00,03,04
Shipping_Measure_Costs,00_00_03_04,Wp,average,20,42.34,0.03,00,00,03,04
Shipping_Measure_Costs,00_00_03_04,Wp,average,60,1437.6,0.67,00,00,03,04
Shipping_Measure_Costs,00_00_03_04,Wp,average,100,2292.66,0.69,00,00,03,04
Shipping_Measure_Costs,00_00_03_05,D,average,20,41.08,0.03,00,00,03,05
Shipping_Measure_Costs,00_00_03_05,D,average,60,1028.87,0.48,00,00,03,05
Shipping_Measure_Costs,00_00_03_05,D,average,100,1575.03,0.48,00,00,03,05
Shipping_Measure_Costs,00_00_03_05,D&G,average,20,41.08,0.03,00,00,03,05
Shipping_Measure_Costs,00_00_03_05,D&G,average,60,803.41,0.37,00,00,03,05
Shipping_Measure_Costs,00_00_03_05,D&G,average,100,1319.88,0.4,00,00,03,05
Shipping_Measure_Costs,00_00_03_05,D&G&Wp,average,20,41.5,0.03,00,00,03,05
Shipping_Measure_Costs,00_00_03_05,D&G&Wp,average,60,1085.58,0.5,00,00,03,05
Shipping_Measure_Costs,00_00_03_05,D&G&Wp,average,100,1710.91,0.52,00,00,03,05
Shipping_Measure_Costs,00_00_03_05,D&Wp,average,20,41.71,0.03,00,00,03,05
Shipping_Measure_Costs,00_00_03_05,D&Wp,average,60,1339.4,0.62,00,00,03,05
Shipping_Measure_Costs,00_00_03_05,D&Wp,average,100,2034.0,0.62,00,00,03,05
Shipping_Measure_Costs,00_00_03_05,G,average,20,41.08,0.03,00,00,03,05
Shipping_Measure_Costs,00_00_03_05,G,average,60,577.95,0.27,00,00,03,05
Shipping_Measure_Costs,00_00_03_05,G,average,100,1064.73,0.32,00,00,03,05
Shipping_Measure_Costs,00_00_03_05,G&Wp,average,20,41.71,0.03,00,00,03,05
Shipping_Measure_Costs,00_00_03_05,G&Wp,average,60,1113.94,0.52,00,00,03,05
Shipping_Measure_Costs,00_00_03_05,G&Wp,average,100,1778.85,0.54,00,00,03,05
Shipping_Measure_Costs,00_00_03_05,Wp,average,20,42.34,0.03,00,00,03,05
Shipping_Measure_Costs,00_00_03_05,Wp,average,60,1649.92,0.77,00,00,03,05
Shipping_Measure_Costs,00_00_03_05,Wp,average,100,2492.98,0.76,00,00,03,05
Shipping_Measure_Costs,00_00_03_07,D,average,20,1230.29,0.95,00,00,03,07
Shipping_Measure_Costs,00_00_03_07,D,average,60,1972.55,0.92,00,00,03,07
Shipping_Measure_Costs,00_00_03_07,D,average,100,2714.81,0.82,00,00,03,07
Shipping_Measure_Costs,00_00_03_07,D&G,average,20,1230.29,0.95,00,00,03,07
Shipping_Measure_Costs,00_00_03_07,D&G,average,60,1972.55,0.92,00,00,03,07
Shipping_Measure_Costs,00_00_03_07,D&G,average,100,2714.81,0.82,00,00,03,07
Shipping_Measure_Costs,00_00_03_07,D&G&Wp,average,20,1233.38,0.95,00,00,03,07
Shipping_Measure_Costs,00_00_03_07,D&G&Wp,average,60,1975.64,0.92,00,00,03,07
Shipping_Measure_Costs,00_00_03_07,D&G&Wp,average,100,2717.9,0.82,00,00,03,07
Shipping_Measure_Costs,00_00_03_07,D&Wp,average,20,1234.93,0.95,00,00,03,07
Shipping_Measure_Costs,00_00_03_07,D&Wp,average,60,1977.19,0.92,00,00,03,07
Shipping_Measure_Costs,00_00_03_07,D&Wp,average,100,2719.45,0.82,00,00,03,07
Shipping_Measure_Costs,00_00_03_07,G,average,20,1230.29,0.95,00,00,03,07
Shipping_Measure_Costs,00_00_03_07,G,average,60,1972.55,0.92,00,00,03,07
Shipping_Measure_Costs,00_00_03_07,G,average,100,2714.81,0.82,00,00,03,07
Shipping_Measure_Costs,00_00_03_07,G&Wp,average,20,1234.93,0.95,00,00,03,07
Shipping_Measure_Costs,00_00_03_07,G&Wp,average,60,1977.19,0.92,00,00,03,07
Shipping_Measure_Costs,00_00_03_07,G&Wp,average,100,2719.45,0.82,00,00,03,07
Shipping_Measure_Costs,00_00_03_07,Wp,average,20,1239.57,0.95,00,00,03,07
Shipping_Measure_Costs,00_00_03_07,Wp,average,60,1981.83,0.92,00,00,03,07
Shipping_Measure_Costs,00_00_03_07,Wp,average,100,2724.09,0.83,00,00,03,07
Shipping_Measure_Costs,00_00_03_08,D,average,20,1230.29,0.95,00,00,03,08
Shipping_Measure_Costs,00_00_03_08,D,average,60,1972.55,0.92,00,00,03,08
Shipping_Measure_Costs,00_00_03_08,D,average,100,2714.81,0.82,00,00,03,08
Shipping_Measure_Costs,00_00_03_08,D&G,average,20,1230.29,0.95,00,00,03,08
Shipping_Measure_Costs,00_00_03_08,D&G,average,60,1972.55,0.92,00,00,03,08
Shipping_Measure_Costs,00_00_03_08,D&G,average,100,2714.81,0.82,00,00,03,08
Shipping_Measure_Costs,00_00_03_08,D&G&Wp,average,20,1233.38,0.95,00,00,03,08
Shipping_Measure_Costs,00_00_03_08,D&G&Wp,average,60,1975.64,0.92,00,00,03,08
Shipping_Measure_Costs,00_00_03_08,D&G&Wp,average,100,2717.9,0.82,00,00,03,08
Shipping_Measure_Costs,00_00_03_08,D&Wp,average,20,1234.93,0.95,00,00,03,08
Shipping_Measure_Costs,00_00_03_08,D&Wp,average,60,1977.19,0.92,00,00,03,08
Shipping_Measure_Costs,00_00_03_08,D&Wp,average,100,2719.45,0.82,00,00,03,08
Shipping_Measure_Costs,00_00_03_08,G,average,20,1230.29,0.95,00,00,03,08
Shipping_Measure_Costs,00_00_03_08,G,average,60,1972.55,0.92,00,00,03,08
Shipping_Measure_Costs,00_00_03_08,G,average,100,2714.81,0.82,00,00,03,08
Shipping_Measure_Costs,00_00_03_08,G&Wp,average,20,1234.93,0.95,00,00,03,08
Shipping_Measure_Costs,00_00_03_08,G&Wp,average,60,1977.19,0.92,00,00,03,08
Shipping_Measure_Costs,00_00_03_08,G&Wp,average,100,2719.45,0.82,00,00,03,08
Shipping_Measure_Costs,00_00_03_08,Wp,average,20,1239.57,0.95,00,00,03,08
Shipping_Measure_Costs,00_00_03_08,Wp,average,60,1981.83,0.92,00,00,03,08
Shipping_Measure_Costs,00_00_03_08,Wp,average,100,2724.09,0.83,00,00,03,08
Shipping_Measure_Costs,00_00_03_09,D,average,20,1230.29,0.95,00,00,03,09
Shipping_Measure_Costs,00_00_03_09,D,average,60,1972.55,0.92,00,00,03,09
Shipping_Measure_Costs,00_00_03_09,D,average,100,2714.81,0.82,00,00,03,09
Shipping_Measure_Costs,00_00_03_09,D&G,average,20,1230.29,0.95,00,00,03,09
Shipping_Measure_Costs,00_00_03_09,D&G,average,60,1972.55,0.92,00,00,03,09
Shipping_Measure_Costs,00_00_03_09,D&G,average,100,2714.81,0.82,00,00,03,09
Shipping_Measure_Costs,00_00_03_09,D&G&Wp,average,20,1233.38,0.95,00,00,03,09
Shipping_Measure_Costs,00_00_03_09,D&G&Wp,average,60,1975.64,0.92,00,00,03,09
Shipping_Measure_Costs,00_00_03_09,D&G&Wp,average,100,2717.9,0.82,00,00,03,09
Shipping_Measure_Costs,00_00_03_09,D&Wp,average,20,1234.93,0.95,00,00,03,09
Shipping_Measure_Costs,00_00_03_09,D&Wp,average,60,1977.19,0.92,00,00,03,09
Shipping_Measure_Costs,00_00_03_09,D&Wp,average,100,2719.45,0.82,00,00,03,09
Shipping_Measure_Costs,00_00_03_09,G,average,20,1230.29,0.95,00,00,03,09
Shipping_Measure_Costs,00_00_03_09,G,average,60,1972.55,0.92,00,00,03,09
Shipping_Measure_Costs,00_00_03_09,G,average,100,2714.81,0.82,00,00,03,09
Shipping_Measure_Costs,00_00_03_09,G&Wp,average,20,1234.93,0.95,00,00,03,09
Shipping_Measure_Costs,00_00_03_09,G&Wp,average,60,1977.19,0.92,00,00,03,09
Shipping_Measure_Costs,00_00_03_09,G&Wp,average,100,2719.45,0.82,00,00,03,09
Shipping_Measure_Costs,00_00_03_09,Wp,average,20,1239.57,0.95,00,00,03,09
Shipping_Measure_Costs,00_00_03_09,Wp,average,60,1981.83,0.92,00,00,03,09
Shipping_Measure_Costs,00_00_03_09,Wp,average,100,2724.09,0.83,00,00,03,09
Shipping_Measure_Costs,00_00_05_00,D,average,20,0.0,0.0,00,00,05,00
Shipping_Measure_Costs,00_00_05_00,D,average,60,0.0,0.0,00,00,05,00
Shipping_Measure_Costs,00_00_05_00,D,average,100,0.0,0.0,00,00,05,00
Shipping_Measure_Costs,00_00_05_00,D&G,average,20,0.0,0.0,00,00,05,00
Shipping_Measure_Costs,00_00_05_00,D&G,average,60,0.0,0.0,00,00,05,00
Shipping_Measure_Costs,00_00_05_00,D&G,average,100,0.0,0.0,00,00,05,00
Shipping_Measure_Costs,00_00_05_00,D&G&Wp,average,20,0.0,0.0,00,00,05,00
Shipping_Measure_Costs,00_00_05_00,D&G&Wp,average,60,0.0,0.0,00,00,05,00
Shipping_Measure_Costs,00_00_05_00,D&G&Wp,average,100,0.0,0.0,00,00,05,00
Shipping_Measure_Costs,00_00_05_00,D&Wp,average,20,0.0,0.0,00,00,05,00
Shipping_Measure_Costs,00_00_05_00,D&Wp,average,60,0.0,0.0,00,00,05,00
Shipping_Measure_Costs,00_00_05_00,D&Wp,average,100,0.0,0.0,00,00,05,00
Shipping_Measure_Costs,00_00_05_00,G,average,20,0.0,0.0,00,00,05,00
Shipping_Measure_Costs,00_00_05_00,G,average,60,0.0,0.0,00,00,05,00
Shipping_Measure_Costs,00_00_05_00,G,average,100,0.0,0.0,00,00,05,00
Shipping_Measure_Costs,00_00_05_00,G&Wp,average,20,0.0,0.0,00,00,05,00
Shipping_Measure_Costs,00_00_05_00,G&Wp,average,60,0.0,0.0,00,00,05,00
Shipping_Measure_Costs,00_00_05_00,G&Wp,average,100,0.0,0.0,00,00,05,00
Shipping_Measure_Costs,00_00_05_00,Wp,average,20,0.0,0.0,00,00,05,00
Shipping_Measure_Costs,00_00_05_00,Wp,average,60,0.0,0.0,00,00,05,00
Shipping_Measure_Costs,00_00_05_00,Wp,average,100,0.0,0.0,00,00,05,00
Shipping_Measure_Costs,00_00_05_01,D,average,20,545.88,0.42,00,00,05,01
Shipping_Measure_Costs,00_00_05_01,D,average,60,1088.6,0.51,00,00,05,01
Shipping_Measure_Costs,00_00_05_01,D,average,100,1545.95,0.47,00,00,05,01
Shipping_Measure_Costs,00_00_05_01,D&G,average,20,545.88,0.42,00,00,05,01
Shipping_Measure_Costs,00_00_05_01,D&G,average,60,1087.67,0.51,00,00,05,01
Shipping_Measure_Costs,00_00_05_01,D&G,average,100,1545.02,0.47,00,00,05,01
Shipping_Measure_Costs,00_00_05_01,D&G&Wp,average,20,580.57,0.45,00,00,05,01
Shipping_Measure_Costs,00_00_05_01,D&G&Wp,average,60,1293.39,0.6,00,00,05,01
Shipping_Measure_Costs,00_00_05_01,D&G&Wp,average,100,1849.71,0.56,00,00,05,01
Shipping_Measure_Costs,00_00_05_01,D&Wp,average,20,597.91,0.46,00,00,05,01
Shipping_Measure_Costs,00_00_05_01,D&Wp,average,60,1396.71,0.65,00,00,05,01
Shipping_Measure_Costs,00_00_05_01,D&Wp,average,100,2002.52,0.61,00,00,05,01
Shipping_Measure_Costs,00_00_05_01,G,average,20,545.88,0.42,00,00,05,01
Shipping_Measure_Costs,00_00_05_01,G,average,60,1086.74,0.51,00,00,05,01
Shipping_Measure_Costs,00_00_05_01,G,average,100,1544.1,0.47,00,00,05,01
Shipping_Measure_Costs,00_00_05_01,G&Wp,average,20,597.91,0.46,00,00,05,01
Shipping_Measure_Costs,00_00_05_01,G&Wp,average,60,1395.78,0.65,00,00,05,01
Shipping_Measure_Costs,00_00_05_01,G&Wp,average,100,2001.59,0.61,00,00,05,01
Shipping_Measure_Costs,00_00_05_01,Wp,average,20,649.95,0.5,00,00,05,01
Shipping_Measure_Costs,00_00_05_01,Wp,average,60,1704.82,0.79,00,00,05,01
Shipping_Measure_Costs,00_00_05_01,Wp,average,100,2459.08,0.75,00,00,05,01
Shipping_Measure_Costs,00_00_05_02,D,average,20,16.22,0.01,00,00,05,02
Shipping_Measure_Costs,00_00_05_02,D,average,60,87.69,0.04,00,00,05,02
Shipping_Measure_Costs,00_00_05_02,D,average,100,160.17,0.05,00,00,05,02
Shipping_Measure_Costs,00_00_05_02,D&G,average,20,16.22,0.01,00,00,05,02
Shipping_Measure_Costs,00_00_05_02,D&G,average,60,87.57,0.04,00,00,05,02
Shipping_Measure_Costs,00_00_05_02,D&G,average,100,160.05,0.05,00,00,05,02
Shipping_Measure_Costs,00_00_05_02,D&G&Wp,average,20,16.78,0.01,00,00,05,02
Shipping_Measure_Costs,00_00_05_02,D&G&Wp,average,60,537.3,0.25,00,00,05,02
Shipping_Measure_Costs,00_00_05_02,D&G&Wp,average,100,870.64,0.26,00,00,05,02
Shipping_Measure_Costs,00_00_05_02,D&Wp,average,20,17.05,0.01,00,00,05,02
Shipping_Measure_Costs,00_00_05_02,D&Wp,average,60,762.23,0.35,00,00,05,02
Shipping_Measure_Costs,00_00_05_02,D&Wp,average,100,1226.0,0.37,00,00,05,02
Shipping_Measure_Costs,00_00_05_02,G,average,20,16.22,0.01,00,00,05,02
Shipping_Measure_Costs,00_00_05_02,G,average,60,87.44,0.04,00,00,05,02
Shipping_Measure_Costs,00_00_05_02,G,average,100,159.92,0.05,00,00,05,02
Shipping_Measure_Costs,00_00_05_02,G&Wp,average,20,17.05,0.01,00,00,05,02
Shipping_Measure_Costs,00_00_05_02,G&Wp,average,60,762.1,0.35,00,00,05,02
Shipping_Measure_Costs,00_00_05_02,G&Wp,average,100,1225.87,0.37,00,00,05,02
Shipping_Measure_Costs,00_00_05_02,Wp,average,20,17.88,0.01,00,00,05,02
Shipping_Measure_Costs,00_00_05_02,Wp,average,60,1436.76,0.67,00,00,05,02
Shipping_Measure_Costs,00_00_05_02,Wp,average,100,2291.82,0.69,00,00,05,02
Shipping_Measure_Costs,00_00_05_04,D,average,20,41.08,0.03,00,00,05,04
Shipping_Measure_Costs,00_00_05_04,D,average,60,147.82,0.07,00,00,05,04
Shipping_Measure_Costs,00_00_05_04,D,average,100,255.82,0.08,00,00,05,04
Shipping_Measure_Costs,00_00_05_04,D&G,average,20,41.08,0.03,00,00,05,04
Shipping_Measure_Costs,00_00_05_04,D&G,average,60,146.27,0.07,00,00,05,04
Shipping_Measure_Costs,00_00_05_04,D&G,average,100,253.09,0.08,00,00,05,04
Shipping_Measure_Costs,00_00_05_04,D&G&Wp,average,20,41.5,0.03,00,00,05,04
Shipping_Measure_Costs,00_00_05_04,D&G&Wp,average,60,576.71,0.27,00,00,05,04
Shipping_Measure_Costs,00_00_05_04,D&G&Wp,average,100,932.95,0.28,00,00,05,04
Shipping_Measure_Costs,00_00_05_04,D&Wp,average,20,41.71,0.03,00,00,05,04
Shipping_Measure_Costs,00_00_05_04,D&Wp,average,60,792.71,0.37,00,00,05,04
Shipping_Measure_Costs,00_00_05_04,D&Wp,average,100,1274.24,0.39,00,00,05,04
Shipping_Measure_Costs,00_00_05_04,G,average,20,41.08,0.03,00,00,05,04
Shipping_Measure_Costs,00_00_05_04,G,average,60,144.73,0.07,00,00,05,04
Shipping_Measure_Costs,00_00_05_04,G,average,100,250.37,0.08,00,00,05,04
Shipping_Measure_Costs,00_00_05_04,G&Wp,average,20,41.71,0.03,00,00,05,04
Shipping_Measure_Costs,00_00_05_04,G&Wp,average,60,791.16,0.37,00,00,05,04
Shipping_Measure_Costs,00_00_05_04,G&Wp,average,100,1271.51,0.39,00,00,05,04
Shipping_Measure_Costs,00_00_05_04,Wp,average,20,42.34,0.03,00,00,05,04
Shipping_Measure_Costs,00_00_05_04,Wp,average,60,1437.6,0.67,00,00,05,04
Shipping_Measure_Costs,00_00_05_04,Wp,average,100,2292.66,0.69,00,00,05,04
Shipping_Measure_Costs,00_00_05_05,D,average,20,41.08,0.03,00,00,05,05
Shipping_Measure_Costs,00_00_05_05,D,average,60,1028.87,0.48,00,00,05,05
Shipping_Measure_Costs,00_00_05_05,D,average,100,1575.03,0.48,00,00,05,05
Shipping_Measure_Costs,00_00_05_05,D&G,average,20,41.08,0.03,00,00,05,05
Shipping_Measure_Costs,00_00_05_05,D&G,average,60,803.41,0.37,00,00,05,05
Shipping_Measure_Costs,00_00_05_05,D&G,average,100,1319.88,0.4,00,00,05,05
Shipping_Measure_Costs,00_00_05_05,D&G&Wp,average,20,41.5,0.03,00,00,05,05
Shipping_Measure_Costs,00_00_05_05,D&G&Wp,average,60,1085.58,0.5,00,00,05,05
Shipping_Measure_Costs,00_00_05_05,D&G&Wp,average,100,1710.91,0.52,00,00,05,05
Shipping_Measure_Costs,00_00_05_05,D&Wp,average,20,41.71,0.03,00,00,05,05
Shipping_Measure_Costs,00_00_05_05,D&Wp,average,60,1339.4,0.62,00,00,05,05
Shipping_Measure_Costs,00_00_05_05,D&Wp,average,100,2034.0,0.62,00,00,05,05
Shipping_Measure_Costs,00_00_05_05,G,average,20,41.08,0.03,00,00,05,05
Shipping_Measure_Costs,00_00_05_05,G,average,60,577.95,0.27,00,00,05,05
Shipping_Measure_Costs,00_00_05_05,G,average,100,1064.73,0.32,00,00,05,05
Shipping_Measure_Costs,00_00_05_05,G&Wp,average,20,41.71,0.03,00,00,05,05
Shipping_Measure_Costs,00_00_05_05,G&Wp,average,60,1113.94,0.52,00,00,05,05
Shipping_Measure_Costs,00_00_05_05,G&Wp,average,100,1778.85,0.54,00,00,05,05
Shipping_Measure_Costs,00_00_05_05,Wp,average,20,42.34,0.03,00,00,05,05
Shipping_Measure_Costs,00_00_05_05,Wp,average,60,1649.92,0.77,00,00,05,05
Shipping_Measure_Costs,00_00_05_05,Wp,average,100,2492.98,0.76,00,00,05,05
Shipping_Measure_Costs,00_00_05_07,D,average,20,1230.29,0.95,00,00,05,07
Shipping_Measure_Costs,00_00_05_07,D,average,60,1972.55,0.92,00,00,05,07
Shipping_Measure_Costs,00_00_05_07,D,average,100,2714.81,0.82,00,00,05,07
Shipping_Measure_Costs,00_00_05_07,D&G,average,20,1230.29,0.95,00,00,05,07
Shipping_Measure_Costs,00_00_05_07,D&G,average,60,1972.55,0.92,00,00,05,07
Shipping_Measure_Costs,00_00_05_07,D&G,average,100,2714.81,0.82,00,00,05,07
Shipping_Measure_Costs,00_00_05_07,D&G&Wp,average,20,1233.38,0.95,00,00,05,07
Shipping_Measure_Costs,00_00_05_07,D&G&Wp,average,60,1975.64,0.92,00,00,05,07
Shipping_Measure_Costs,00_00_05_07,D&G&Wp,average,100,2717.9,0.82,00,00,05,07
Shipping_Measure_Costs,00_00_05_07,D&Wp,average,20,1234.93,0.95,00,00,05,07
Shipping_Measure_Costs,00_00_05_07,D&Wp,average,60,1977.19,0.92,00,00,05,07
Shipping_Measure_Costs,00_00_05_07,D&Wp,average,100,2719.45,0.82,00,00,05,07
Shipping_Measure_Costs,00_00_05_07,G,average,20,1230.29,0.95,00,00,05,07
Shipping_Measure_Costs,00_00_05_07,G,average,60,1972.55,0.92,00,00,05,07
Shipping_Measure_Costs,00_00_05_07,G,average,100,2714.81,0.82,00,00,05,07
Shipping_Measure_Costs,00_00_05_07,G&Wp,average,20,1234.93,0.95,00,00,05,07
Shipping_Measure_Costs,00_00_05_07,G&Wp,average,60,1977.19,0.92,00,00,05,07
Shipping_Measure_Costs,00_00_05_07,G&Wp,average,100,2719.45,0.82,00,00,05,07
Shipping_Measure_Costs,00_00_05_07,Wp,average,20,1239.57,0.95,00,00,05,07
Shipping_Measure_Costs,00_00_05_07,Wp,average,60,1981.83,0.92,00,00,05,07
Shipping_Measure_Costs,00_00_05_07,Wp,average,100,2724.09,0.83,00,00,05,07
Shipping_Measure_Costs,00_00_05_08,D,average,20,1230.29,0.95,00,00,05,08
Shipping_Measure_Costs,00_00_05_08,D,average,60,1972.55,0.92,00,00,05,08
Shipping_Measure_Costs,00_00_05_08,D,average,100,2714.81,0.82,00,00,05,08
Shipping_Measure_Costs,00_00_05_08,D&G,average,20,1230.29,0.95,00,00,05,08
Shipping_Measure_Costs,00_00_05_08,D&G,average,60,1972.55,0.92,00,00,05,08
Shipping_Measure_Costs,00_00_05_08,D&G,average,100,2714.81,0.82,00,00,05,08
Shipping_Measure_Costs,00_00_05_08,D&G&Wp,average,20,1233.38,0.95,00,00,05,08
Shipping_Measure_Costs,00_00_05_08,D&G&Wp,average,60,1975.64,0.92,00,00,05,08
Shipping_Measure_Costs,00_00_05_08,D&G&Wp,average,100,2717.9,0.82,00,00,05,08
Shipping_Measure_Costs,00_00_05_08,D&Wp,average,20,1234.93,0.95,00,00,05,08
Shipping_Measure_Costs,00_00_05_08,D&Wp,average,60,1977.19,0.92,00,00,05,08
Shipping_Measure_Costs,00_00_05_08,D&Wp,average,100,2719.45,0.82,00,00,05,08
Shipping_Measure_Costs,00_00_05_08,G,average,20,1230.29,0.95,00,00,05,08
Shipping_Measure_Costs,00_00_05_08,G,average,60,1972.55,0.92,00,00,05,08
Shipping_Measure_Costs,00_00_05_08,G,average,100,2714.81,0.82,00,00,05,08
Shipping_Measure_Costs,00_00_05_08,G&Wp,average,20,1234.93,0.95,00,00,05,08
Shipping_Measure_Costs,00_00_05_08,G&Wp,average,60,1977.19,0.92,00,00,05,08
Shipping_Measure_Costs,00_00_05_08,G&Wp,average,100,2719.45,0.82,00,00,05,08
Shipping_Measure_Costs,00_00_05_08,Wp,average,20,1239.57,0.95,00,00,05,08
Shipping_Measure_Costs,00_00_05_08,Wp,average,60,1981.83,0.92,00,00,05,08
Shipping_Measure_Costs,00_00_05_08,Wp,average,100,2724.09,0.83,00,00,05,08
Shipping_Measure_Costs,00_00_05_09,D,average,20,1230.29,0.95,00,00,05,09
Shipping_Measure_Costs,00_00_05_09,D,average,60,1972.55,0.92,00,00,05,09
Shipping_Measure_Costs,00_00_05_09,D,average,100,2714.81,0.82,00,00,05,09
Shipping_Measure_Costs,00_00_05_09,D&G,average,20,1230.29,0.95,00,00,05,09
Shipping_Measure_Costs,00_00_05_09,D&G,average,60,1972.55,0.92,00,00,05,09
Shipping_Measure_Costs,00_00_05_09,D&G,average,100,2714.81,0.82,00,00,05,09
Shipping_Measure_Costs,00_00_05_09,D&G&Wp,average,20,1233.38,0.95,00,00,05,09
Shipping_Measure_Costs,00_00_05_09,D&G&Wp,average,60,1975.64,0.92,00,00,05,09
Shipping_Measure_Costs,00_00_05_09,D&G&Wp,average,100,2717.9,0.82,00,00,05,09
Shipping_Measure_Costs,00_00_05_09,D&Wp,average,20,1234.93,0.95,00,00,05,09
Shipping_Measure_Costs,00_00_05_09,D&Wp,average,60,1977.19,0.92,00,00,05,09
Shipping_Measure_Costs,00_00_05_09,D&Wp,average,100,2719.45,0.82,00,00,05,09
Shipping_Measure_Costs,00_00_05_09,G,average,20,1230.29,0.95,00,00,05,09
Shipping_Measure_Costs,00_00_05_09,G,average,60,1972.55,0.92,00,00,05,09
Shipping_Measure_Costs,00_00_05_09,G,average,100,2714.81,0.82,00,00,05,09
Shipping_Measure_Costs,00_00_05_09,G&Wp,average,20,1234.93,0.95,00,00,05,09
Shipping_Measure_Costs,00_00_05_09,G&Wp,average,60,1977.19,0.92,00,00,05,09
Shipping_Measure_Costs,00_00_05_09,G&Wp,average,100,2719.45,0.82,00,00,05,09
Shipping_Measure_Costs,00_00_05_09,Wp,average,20,1239.57,0.95,00,00,05,09
Shipping_Measure_Costs,00_00_05_09,Wp,average,60,1981.83,0.92,00,00,05,09
Shipping_Measure_Costs,00_00_05_09,Wp,average,100,2724.09,0.83,00,00,05,09
Shipping_Measure_Costs,00_00_07_00,D,average,20,0.0,0.0,00,00,07,00
Shipping_Measure_Costs,00_00_07_00,D,average,60,0.0,0.0,00,00,07,00
Shipping_Measure_Costs,00_00_07_00,D,average,100,0.0,0.0,00,00,07,00
Shipping_Measure_Costs,00_00_07_00,D&G,average,20,0.0,0.0,00,00,07,00
Shipping_Measure_Costs,00_00_07_00,D&G,average,60,0.0,0.0,00,00,07,00
Shipping_Measure_Costs,00_00_07_00,D&G,average,100,0.0,0.0,00,00,07,00
Shipping_Measure_Costs,00_00_07_00,D&G&Wp,average,20,0.0,0.0,00,00,07,00
Shipping_Measure_Costs,00_00_07_00,D&G&Wp,average,60,0.0,0.0,00,00,07,00
Shipping_Measure_Costs,00_00_07_00,D&G&Wp,average,100,0.0,0.0,00,00,07,00
Shipping_Measure_Costs,00_00_07_00,D&Wp,average,20,0.0,0.0,00,00,07,00
Shipping_Measure_Costs,00_00_07_00,D&Wp,average,60,0.0,0.0,00,00,07,00
Shipping_Measure_Costs,00_00_07_00,D&Wp,average,100,0.0,0.0,00,00,07,00
Shipping_Measure_Costs,00_00_07_00,G,average,20,0.0,0.0,00,00,07,00
Shipping_Measure_Costs,00_00_07_00,G,average,60,0.0,0.0,00,00,07,00
Shipping_Measure_Costs,00_00_07_00,G,average,100,0.0,0.0,00,00,07,00
Shipping_Measure_Costs,00_00_07_00,G&Wp,average,20,0.0,0.0,00,00,07,00
Shipping_Measure_Costs,00_00_07_00,G&Wp,average,60,0.0,0.0,00,00,07,00
Shipping_Measure_Costs,00_00_07_00,G&Wp,average,100,0.0,0.0,00,00,07,00
Shipping_Measure_Costs,00_00_07_00,Wp,average,20,0.0,0.0,00,00,07,00
Shipping_Measure_Costs,00_00_07_00,Wp,average,60,0.0,0.0,00,00,07,00
Shipping_Measure_Costs,00_00_07_00,Wp,average,100,0.0,0.0,00,00,07,00
Shipping_Measure_Costs,00_00_07_01,D,average,20,762.99,0.59,00,00,07,01
Shipping_Measure_Costs,00_00_07_01,D,average,60,1682.4,0.78,00,00,07,01
Shipping_Measure_Costs,00_00_07_01,D,average,100,2436.66,0.74,00,00,07,01
Shipping_Measure_Costs,00_00_07_01,D&G,average,20,762.99,0.59,00,00,07,01
Shipping_Measure_Costs,00_00_07_01,D&G,average,60,1674.05,0.78,00,00,07,01
Shipping_Measure_Costs,00_00_07_01,D&G,average,100,2428.31,0.74,00,00,07,01
Shipping_Measure_Costs,00_00_07_01,D&G&Wp,average,20,764.28,0.59,00,00,07,01
Shipping_Measure_Costs,00_00_07_01,D&G&Wp,average,60,1701.63,0.79,00,00,07,01
Shipping_Measure_Costs,00_00_07_01,D&G&Wp,average,100,2455.89,0.74,00,00,07,01
Shipping_Measure_Costs,00_00_07_01,D&Wp,average,20,764.92,0.59,00,00,07,01
Shipping_Measure_Costs,00_00_07_01,D&Wp,average,60,1719.59,0.8,00,00,07,01
Shipping_Measure_Costs,00_00_07_01,D&Wp,average,100,2473.85,0.75,00,00,07,01
Shipping_Measure_Costs,00_00_07_01,G,average,20,762.99,0.59,00,00,07,01
Shipping_Measure_Costs,00_00_07_01,G,average,60,1665.7,0.77,00,00,07,01
Shipping_Measure_Costs,00_00_07_01,G,average,100,2419.96,0.73,00,00,07,01
Shipping_Measure_Costs,00_00_07_01,G&Wp,average,20,764.92,0.59,00,00,07,01
Shipping_Measure_Costs,00_00_07_01,G&Wp,average,60,1711.24,0.8,00,00,07,01
Shipping_Measure_Costs,00_00_07_01,G&Wp,average,100,2465.5,0.75,00,00,07,01
Shipping_Measure_Costs,00_00_07_01,Wp,average,20,766.85,0.59,00,00,07,01
Shipping_Measure_Costs,00_00_07_01,Wp,average,60,1756.78,0.82,00,00,07,01
Shipping_Measure_Costs,00_00_07_01,Wp,average,100,2511.04,0.76,00,00,07,01
Shipping_Measure_Costs,00_00_07_02,D,average,20,20.51,0.02,00,00,07,02
Shipping_Measure_Costs,00_00_07_02,D,average,60,1190.5,0.55,00,00,07,02
Shipping_Measure_Costs,00_00_07_02,D,average,100,2190.29,0.66,00,00,07,02
Shipping_Measure_Costs,00_00_07_02,D&G,average,20,20.51,0.02,00,00,07,02
Shipping_Measure_Costs,00_00_07_02,D&G,average,60,1089.16,0.51,00,00,07,02
Shipping_Measure_Costs,00_00_07_02,D&G,average,100,2150.19,0.65,00,00,07,02
Shipping_Measure_Costs,00_00_07_02,D&G&Wp,average,20,20.72,0.02,00,00,07,02
Shipping_Measure_Costs,00_00_07_02,D&G&Wp,average,60,1258.1,0.59,00,00,07,02
Shipping_Measure_Costs,00_00_07_02,D&G&Wp,average,100,2250.47,0.68,00,00,07,02
Shipping_Measure_Costs,00_00_07_02,D&Wp,average,20,20.83,0.02,00,00,07,02
Shipping_Measure_Costs,00_00_07_02,D&Wp,average,60,1393.24,0.65,00,00,07,02
Shipping_Measure_Costs,00_00_07_02,D&Wp,average,100,2320.67,0.7,00,00,07,02
Shipping_Measure_Costs,00_00_07_02,G,average,20,20.51,0.02,00,00,07,02
Shipping_Measure_Costs,00_00_07_02,G,average,60,987.82,0.46,00,00,07,02
Shipping_Measure_Costs,00_00_07_02,G,average,100,2110.09,0.64,00,00,07,02
Shipping_Measure_Costs,00_00_07_02,G&Wp,average,20,20.83,0.02,00,00,07,02
Shipping_Measure_Costs,00_00_07_02,G&Wp,average,60,1291.9,0.6,00,00,07,02
Shipping_Measure_Costs,00_00_07_02,G&Wp,average,100,2280.56,0.69,00,00,07,02
Shipping_Measure_Costs,00_00_07_02,Wp,average,20,21.16,0.02,00,00,07,02
Shipping_Measure_Costs,00_00_07_02,Wp,average,60,1595.98,0.74,00,00,07,02
Shipping_Measure_Costs,00_00_07_02,Wp,average,100,2451.04,0.74,00,00,07,02
Shipping_Measure_Costs,00_00_07_04,D,average,20,41.08,0.03,00,00,07,04
Shipping_Measure_Costs,00_00_07_04,D,average,60,1307.76,0.61,00,00,07,04
Shipping_Measure_Costs,00_00_07_04,D,average,100,2220.35,0.67,00,00,07,04
Shipping_Measure_Costs,00_00_07_04,D&G,average,20,41.08,0.03,00,00,07,04
Shipping_Measure_Costs,00_00_07_04,D&G,average,60,1227.39,0.57,00,00,07,04
Shipping_Measure_Costs,00_00_07_04,D&G,average,100,2175.1,0.66,00,00,07,04
Shipping_Measure_Costs,00_00_07_04,D&G&Wp,average,20,41.5,0.03,00,00,07,04
Shipping_Measure_Costs,00_00_07_04,D&G&Wp,average,60,1323.66,0.62,00,00,07,04
Shipping_Measure_Costs,00_00_07_04,D&G&Wp,average,100,2240.49,0.68,00,00,07,04
Shipping_Measure_Costs,00_00_07_04,D&Wp,average,20,41.71,0.03,00,00,07,04
Shipping_Measure_Costs,00_00_07_04,D&Wp,average,60,1411.98,0.66,00,00,07,04
Shipping_Measure_Costs,00_00_07_04,D&Wp,average,100,2295.8,0.7,00,00,07,04
Shipping_Measure_Costs,00_00_07_04,G,average,20,41.08,0.03,00,00,07,04
Shipping_Measure_Costs,00_00_07_04,G,average,60,1147.03,0.53,00,00,07,04
Shipping_Measure_Costs,00_00_07_04,G,average,100,2129.86,0.65,00,00,07,04
Shipping_Measure_Costs,00_00_07_04,G&Wp,average,20,41.71,0.03,00,00,07,04
Shipping_Measure_Costs,00_00_07_04,G&Wp,average,60,1331.61,0.62,00,00,07,04
Shipping_Measure_Costs,00_00_07_04,G&Wp,average,100,2250.56,0.68,00,00,07,04
Shipping_Measure_Costs,00_00_07_04,Wp,average,20,42.34,0.03,00,00,07,04
Shipping_Measure_Costs,00_00_07_04,Wp,average,60,1516.2,0.71,00,00,07,04
Shipping_Measure_Costs,00_00_07_04,Wp,average,100,2371.26,0.72,00,00,07,04
Shipping_Measure_Costs,00_00_07_05,D,average,20,41.08,0.03,00,00,07,05
Shipping_Measure_Costs,00_00_07_05,D,average,60,1615.26,0.75,00,00,07,05
Shipping_Measure_Costs,00_00_07_05,D,average,100,2458.32,0.74,00,00,07,05
Shipping_Measure_Costs,00_00_07_05,D&G,average,20,41.08,0.03,00,00,07,05
Shipping_Measure_Costs,00_00_07_05,D&G,average,60,1536.39,0.71,00,00,07,05
Shipping_Measure_Costs,00_00_07_05,D&G,average,100,2414.71,0.73,00,00,07,05
Shipping_Measure_Costs,00_00_07_05,D&G&Wp,average,20,41.5,0.03,00,00,07,05
Shipping_Measure_Costs,00_00_07_05,D&G&Wp,average,60,1587.84,0.74,00,00,07,05
Shipping_Measure_Costs,00_00_07_05,D&G&Wp,average,100,2454.41,0.74,00,00,07,05
Shipping_Measure_Costs,00_00_07_05,D&Wp,average,20,41.71,0.03,00,00,07,05
Shipping_Measure_Costs,00_00_07_05,D&Wp,average,60,1653.0,0.77,00,00,07,05
Shipping_Measure_Costs,00_00_07_05,D&Wp,average,100,2496.06,0.76,00,00,07,05
Shipping_Measure_Costs,00_00_07_05,G,average,20,41.08,0.03,00,00,07,05
Shipping_Measure_Costs,00_00_07_05,G,average,60,1457.53,0.68,00,00,07,05
Shipping_Measure_Costs,00_00_07_05,G,average,100,2371.1,0.72,00,00,07,05
Shipping_Measure_Costs,00_00_07_05,G&Wp,average,20,41.71,0.03,00,00,07,05
Shipping_Measure_Costs,00_00_07_05,G&Wp,average,60,1574.13,0.73,00,00,07,05
Shipping_Measure_Costs,00_00_07_05,G&Wp,average,100,2452.45,0.74,00,00,07,05
Shipping_Measure_Costs,00_00_07_05,Wp,average,20,42.34,0.03,00,00,07,05
Shipping_Measure_Costs,00_00_07_05,Wp,average,60,1690.74,0.79,00,00,07,05
Shipping_Measure_Costs,00_00_07_05,Wp,average,100,2533.8,0.77,00,00,07,05
Shipping_Measure_Costs,00_00_07_07,D,average,20,1230.29,0.95,00,00,07,07
Shipping_Measure_Costs,00_00_07_07,D,average,60,1972.55,0.92,00,00,07,07
Shipping_Measure_Costs,00_00_07_07,D,average,100,2714.81,0.82,00,00,07,07
Shipping_Measure_Costs,00_00_07_07,D&G,average,20,1230.29,0.95,00,00,07,07
Shipping_Measure_Costs,00_00_07_07,D&G,average,60,1972.55,0.92,00,00,07,07
Shipping_Measure_Costs,00_00_07_07,D&G,average,100,2714.81,0.82,00,00,07,07
Shipping_Measure_Costs,00_00_07_07,D&G&Wp,average,20,1233.38,0.95,00,00,07,07
Shipping_Measure_Costs,00_00_07_07,D&G&Wp,average,60,1975.64,0.92,00,00,07,07
Shipping_Measure_Costs,00_00_07_07,D&G&Wp,average,100,2717.9,0.82,00,00,07,07
Shipping_Measure_Costs,00_00_07_07,D&Wp,average,20,1234.93,0.95,00,00,07,07
Shipping_Measure_Costs,00_00_07_07,D&Wp,average,60,1977.19,0.92,00,00,07,07
Shipping_Measure_Costs,00_00_07_07,D&Wp,average,100,2719.45,0.82,00,00,07,07
Shipping_Measure_Costs,00_00_07_07,G,average,20,1230.29,0.95,00,00,07,07
Shipping_Measure_Costs,00_00_07_07,G,average,60,1972.55,0.92,00,00,07,07
Shipping_Measure_Costs,00_00_07_07,G,average,100,2714.81,0.82,00,00,07,07
Shipping_Measure_Costs,00_00_07_07,G&Wp,average,20,1234.93,0.95,00,00,07,07
Shipping_Measure_Costs,00_00_07_07,G&Wp,average,60,1977.19,0.92,00,00,07,07
Shipping_Measure_Costs,00_00_07_07,G&Wp,average,100,2719.45,0.82,00,00,07,07
Shipping_Measure_Costs,00_00_07_07,Wp,average,20,1239.57,0.95,00,00,07,07
Shipping_Measure_Costs,00_00_07_07,Wp,average,60,1981.83,0.92,00,00,07,07
Shipping_Measure_Costs,00_00_07_07,Wp,average,100,2724.09,0.83,00,00,07,07
Shipping_Measure_Costs,00_00_07_08,D,average,20,1230.29,0.95,00,00,07,08
Shipping_Measure_Costs,00_00_07_08,D,average,60,1972.55,0.92,00,00,07,08
Shipping_Measure_Costs,00_00_07_08,D,average,100,2714.81,0.82,00,00,07,08
Shipping_Measure_Costs,00_00_07_08,D&G,average,20,1230.29,0.95,00,00,07,08
Shipping_Measure_Costs,00_00_07_08,D&G,average,60,1972.55,0.92,00,00,07,08
Shipping_Measure_Costs,00_00_07_08,D&G,average,100,2714.81,0.82,00,00,07,08
Shipping_Measure_Costs,00_00_07_08,D&G&Wp,average,20,1233.38,0.95,00,00,07,08
Shipping_Measure_Costs,00_00_07_08,D&G&Wp,average,60,1975.64,0.92,00,00,07,08
Shipping_Measure_Costs,00_00_07_08,D&G&Wp,average,100,2717.9,0.82,00,00,07,08
Shipping_Measure_Costs,00_00_07_08,D&Wp,average,20,1234.93,0.95,00,00,07,08
Shipping_Measure_Costs,00_00_07_08,D&Wp,average,60,1977.19,0.92,00,00,07,08
Shipping_Measure_Costs,00_00_07_08,D&Wp,average,100,2719.45,0.82,00,00,07,08
Shipping_Measure_Costs,00_00_07_08,G,average,20,1230.29,0.95,00,00,07,08
Shipping_Measure_Costs,00_00_07_08,G,average,60,1972.55,0.92,00,00,07,08
Shipping_Measure_Costs,00_00_07_08,G,average,100,2714.81,0.82,00,00,07,08
Shipping_Measure_Costs,00_00_07_08,G&Wp,average,20,1234.93,0.95,00,00,07,08
Shipping_Measure_Costs,00_00_07_08,G&Wp,average,60,1977.19,0.92,00,00,07,08
Shipping_Measure_Costs,00_00_07_08,G&Wp,average,100,2719.45,0.82,00,00,07,08
Shipping_Measure_Costs,00_00_07_08,Wp,average,20,1239.57,0.95,00,00,07,08
Shipping_Measure_Costs,00_00_07_08,Wp,average,60,1981.83,0.92,00,00,07,08
Shipping_Measure_Costs,00_00_07_08,Wp,average,100,2724.09,0.83,00,00,07,08
Shipping_Measure_Costs,00_00_07_09,D,average,20,1230.29,0.95,00,00,07,09
Shipping_Measure_Costs,00_00_07_09,D,average,60,1972.55,0.92,00,00,07,09
Shipping_Measure_Costs,00_00_07_09,D,average,100,2714.81,0.82,00,00,07,09
Shipping_Measure_Costs,00_00_07_09,D&G,average,20,1230.29,0.95,00,00,07,09
Shipping_Measure_Costs,00_00_07_09,D&G,average,60,1972.55,0.92,00,00,07,09
Shipping_Measure_Costs,00_00_07_09,D&G,average,100,2714.81,0.82,00,00,07,09
Shipping_Measure_Costs,00_00_07_09,D&G&Wp,average,20,1233.38,0.95,00,00,07,09
Shipping_Measure_Costs,00_00_07_09,D&G&Wp,average,60,1975.64,0.92,00,00,07,09
Shipping_Measure_Costs,00_00_07_09,D&G&Wp,average,100,2717.9,0.82,00,00,07,09
Shipping_Measure_Costs,00_00_07_09,D&Wp,average,20,1234.93,0.95,00,00,07,09
Shipping_Measure_Costs,00_00_07_09,D&Wp,average,60,1977.19,0.92,00,00,07,09
Shipping_Measure_Costs,00_00_07_09,D&Wp,average,100,2719.45,0.82,00,00,07,09
Shipping_Measure_Costs,00_00_07_09,G,average,20,1230.29,0.95,00,00,07,09
Shipping_Measure_Costs,00_00_07_09,G,average,60,1972.55,0.92,00,00,07,09
Shipping_Measure_Costs,00_00_07_09,G,average,100,2714.81,0.82,00,00,07,09
Shipping_Measure_Costs,00_00_07_09,G&Wp,average,20,1234.93,0.95,00,00,07,09
Shipping_Measure_Costs,00_00_07_09,G&Wp,average,60,1977.19,0.92,00,00,07,09
Shipping_Measure_Costs,00_00_07_09,G&Wp,average,100,2719.45,0.82,00,00,07,09
Shipping_Measure_Costs,00_00_07_09,Wp,average,20,1239.57,0.95,00,00,07,09
Shipping_Measure_Costs,00_00_07_09,Wp,average,60,1981.83,0.92,00,00,07,09
Shipping_Measure_Costs,00_00_07_09,Wp,average,100,2724.09,0.83,00,00,07,09
Shipping_Measure_Costs,00_00_09_00,D,average,20,0.0,0.0,00,00,09,00
Shipping_Measure_Costs,00_00_09_00,D,average,60,0.0,0.0,00,00,09,00
Shipping_Measure_Costs,00_00_09_00,D,average,100,0.0,0.0,00,00,09,00
Shipping_Measure_Costs,00_00_09_00,D&G,average,20,0.0,0.0,00,00,09,00
Shipping_Measure_Costs,00_00_09_00,D&G,average,60,0.0,0.0,00,00,09,00
Shipping_Measure_Costs,00_00_09_00,D&G,average,100,0.0,0.0,00,00,09,00
Shipping_Measure_Costs,00_00_09_00,D&G&Wp,average,20,0.0,0.0,00,00,09,00
Shipping_Measure_Costs,00_00_09_00,D&G&Wp,average,60,0.0,0.0,00,00,09,00
Shipping_Measure_Costs,00_00_09_00,D&G&Wp,average,100,0.0,0.0,00,00,09,00
Shipping_Measure_Costs,00_00_09_00,D&Wp,average,20,0.0,0.0,00,00,09,00
Shipping_Measure_Costs,00_00_09_00,D&Wp,average,60,0.0,0.0,00,00,09,00
Shipping_Measure_Costs,00_00_09_00,D&Wp,average,100,0.0,0.0,00,00,09,00
Shipping_Measure_Costs,00_00_09_00,G,average,20,0.0,0.0,00,00,09,00
Shipping_Measure_Costs,00_00_09_00,G,average,60,0.0,0.0,00,00,09,00
Shipping_Measure_Costs,00_00_09_00,G,average,100,0.0,0.0,00,00,09,00
Shipping_Measure_Costs,00_00_09_00,G&Wp,average,20,0.0,0.0,00,00,09,00
Shipping_Measure_Costs,00_00_09_00,G&Wp,average,60,0.0,0.0,00,00,09,00
Shipping_Measure_Costs,00_00_09_00,G&Wp,average,100,0.0,0.0,00,00,09,00
Shipping_Measure_Costs,00_00_09_00,Wp,average,20,0.0,0.0,00,00,09,00
Shipping_Measure_Costs,00_00_09_00,Wp,average,60,0.0,0.0,00,00,09,00
Shipping_Measure_Costs,00_00_09_00,Wp,average,100,0.0,0.0,00,00,09,00
Shipping_Measure_Costs,00_00_09_01,D,average,20,545.88,0.42,00,00,09,01
Shipping_Measure_Costs,00_00_09_01,D,average,60,1088.6,0.51,00,00,09,01
Shipping_Measure_Costs,00_00_09_01,D,average,100,1545.95,0.47,00,00,09,01
Shipping_Measure_Costs,00_00_09_01,D&G,average,20,545.88,0.42,00,00,09,01
Shipping_Measure_Costs,00_00_09_01,D&G,average,60,1087.67,0.51,00,00,09,01
Shipping_Measure_Costs,00_00_09_01,D&G,average,100,1545.02,0.47,00,00,09,01
Shipping_Measure_Costs,00_00_09_01,D&G&Wp,average,20,580.57,0.45,00,00,09,01
Shipping_Measure_Costs,00_00_09_01,D&G&Wp,average,60,1293.39,0.6,00,00,09,01
Shipping_Measure_Costs,00_00_09_01,D&G&Wp,average,100,1849.71,0.56,00,00,09,01
Shipping_Measure_Costs,00_00_09_01,D&Wp,average,20,597.91,0.46,00,00,09,01
Shipping_Measure_Costs,00_00_09_01,D&Wp,average,60,1396.71,0.65,00,00,09,01
Shipping_Measure_Costs,00_00_09_01,D&Wp,average,100,2002.52,0.61,00,00,09,01
Shipping_Measure_Costs,00_00_09_01,G,average,20,545.88,0.42,00,00,09,01
Shipping_Measure_Costs,00_00_09_01,G,average,60,1086.74,0.51,00,00,09,01
Shipping_Measure_Costs,00_00_09_01,G,average,100,1544.1,0.47,00,00,09,01
Shipping_Measure_Costs,00_00_09_01,G&Wp,average,20,597.91,0.46,00,00,09,01
Shipping_Measure_Costs,00_00_09_01,G&Wp,average,60,1395.78,0.65,00,00,09,01
Shipping_Measure_Costs,00_00_09_01,G&Wp,average,100,2001.59,0.61,00,00,09,01
Shipping_Measure_Costs,00_00_09_01,Wp,average,20,649.95,0.5,00,00,09,01
Shipping_Measure_Costs,00_00_09_01,Wp,average,60,1704.82,0.79,00,00,09,01
Shipping_Measure_Costs,00_00_09_01,Wp,average,100,2459.08,0.75,00,00,09,01
Shipping_Measure_Costs,00_00_09_02,D,average,20,16.22,0.01,00,00,09,02
Shipping_Measure_Costs,00_00_09_02,D,average,60,87.69,0.04,00,00,09,02
Shipping_Measure_Costs,00_00_09_02,D,average,100,160.17,0.05,00,00,09,02
Shipping_Measure_Costs,00_00_09_02,D&G,average,20,16.22,0.01,00,00,09,02
Shipping_Measure_Costs,00_00_09_02,D&G,average,60,87.57,0.04,00,00,09,02
Shipping_Measure_Costs,00_00_09_02,D&G,average,100,160.05,0.05,00,00,09,02
Shipping_Measure_Costs,00_00_09_02,D&G&Wp,average,20,16.78,0.01,00,00,09,02
Shipping_Measure_Costs,00_00_09_02,D&G&Wp,average,60,537.3,0.25,00,00,09,02
Shipping_Measure_Costs,00_00_09_02,D&G&Wp,average,100,870.64,0.26,00,00,09,02
Shipping_Measure_Costs,00_00_09_02,D&Wp,average,20,17.05,0.01,00,00,09,02
Shipping_Measure_Costs,00_00_09_02,D&Wp,average,60,762.23,0.35,00,00,09,02
Shipping_Measure_Costs,00_00_09_02,D&Wp,average,100,1226.0,0.37,00,00,09,02
Shipping_Measure_Costs,00_00_09_02,G,average,20,16.22,0.01,00,00,09,02
Shipping_Measure_Costs,00_00_09_02,G,average,60,87.44,0.04,00,00,09,02
Shipping_Measure_Costs,00_00_09_02,G,average,100,159.92,0.05,00,00,09,02
Shipping_Measure_Costs,00_00_09_02,G&Wp,average,20,17.05,0.01,00,00,09,02
Shipping_Measure_Costs,00_00_09_02,G&Wp,average,60,762.1,0.35,00,00,09,02
Shipping_Measure_Costs,00_00_09_02,G&Wp,average,100,1225.87,0.37,00,00,09,02
Shipping_Measure_Costs,00_00_09_02,Wp,average,20,17.88,0.01,00,00,09,02
Shipping_Measure_Costs,00_00_09_02,Wp,average,60,1436.76,0.67,00,00,09,02
Shipping_Measure_Costs,00_00_09_02,Wp,average,100,2291.82,0.69,00,00,09,02
Shipping_Measure_Costs,00_00_09_04,D,average,20,41.08,0.03,00,00,09,04
Shipping_Measure_Costs,00_00_09_04,D,average,60,147.82,0.07,00,00,09,04
Shipping_Measure_Costs,00_00_09_04,D,average,100,255.82,0.08,00,00,09,04
Shipping_Measure_Costs,00_00_09_04,D&G,average,20,41.08,0.03,00,00,09,04
Shipping_Measure_Costs,00_00_09_04,D&G,average,60,146.27,0.07,00,00,09,04
Shipping_Measure_Costs,00_00_09_04,D&G,average,100,253.09,0.08,00,00,09,04
Shipping_Measure_Costs,00_00_09_04,D&G&Wp,average,20,41.5,0.03,00,00,09,04
Shipping_Measure_Costs,00_00_09_04,D&G&Wp,average,60,576.71,0.27,00,00,09,04
Shipping_Measure_Costs,00_00_09_04,D&G&Wp,average,100,932.95,0.28,00,00,09,04
Shipping_Measure_Costs,00_00_09_04,D&Wp,average,20,41.71,0.03,00,00,09,04
Shipping_Measure_Costs,00_00_09_04,D&Wp,average,60,792.71,0.37,00,00,09,04
Shipping_Measure_Costs,00_00_09_04,D&Wp,average,100,1274.24,0.39,00,00,09,04
Shipping_Measure_Costs,00_00_09_04,G,average,20,41.08,0.03,00,00,09,04
Shipping_Measure_Costs,00_00_09_04,G,average,60,144.73,0.07,00,00,09,04
Shipping_Measure_Costs,00_00_09_04,G,average,100,250.37,0.08,00,00,09,04
Shipping_Measure_Costs,00_00_09_04,G&Wp,average,20,41.71,0.03,00,00,09,04
Shipping_Measure_Costs,00_00_09_04,G&Wp,average,60,791.16,0.37,00,00,09,04
Shipping_Measure_Costs,00_00_09_04,G&Wp,average,100,1271.51,0.39,00,00,09,04
Shipping_Measure_Costs,00_00_09_04,Wp,average,20,42.34,0.03,00,00,09,04
Shipping_Measure_Costs,00_00_09_04,Wp,average,60,1437.6,0.67,00,00,09,04
Shipping_Measure_Costs,00_00_09_04,Wp,average,100,2292.66,0.69,00,00,09,04
Shipping_Measure_Costs,00_00_09_05,D,average,20,41.08,0.03,00,00,09,05
Shipping_Measure_Costs,00_00_09_05,D,average,60,1028.87,0.48,00,00,09,05
Shipping_Measure_Costs,00_00_09_05,D,average,100,1575.03,0.48,00,00,09,05
Shipping_Measure_Costs,00_00_09_05,D&G,average,20,41.08,0.03,00,00,09,05
Shipping_Measure_Costs,00_00_09_05,D&G,average,60,803.41,0.37,00,00,09,05
Shipping_Measure_Costs,00_00_09_05,D&G,average,100,1319.88,0.4,00,00,09,05
Shipping_Measure_Costs,00_00_09_05,D&G&Wp,average,20,41.5,0.03,00,00,09,05
Shipping_Measure_Costs,00_00_09_05,D&G&Wp,average,60,1085.58,0.5,00,00,09,05
Shipping_Measure_Costs,00_00_09_05,D&G&Wp,average,100,1710.91,0.52,00,00,09,05
Shipping_Measure_Costs,00_00_09_05,D&Wp,average,20,41.71,0.03,00,00,09,05
Shipping_Measure_Costs,00_00_09_05,D&Wp,average,60,1339.4,0.62,00,00,09,05
Shipping_Measure_Costs,00_00_09_05,D&Wp,average,100,2034.0,0.62,00,00,09,05
Shipping_Measure_Costs,00_00_09_05,G,average,20,41.08,0.03,00,00,09,05
Shipping_Measure_Costs,00_00_09_05,G,average,60,577.95,0.27,00,00,09,05
Shipping_Measure_Costs,00_00_09_05,G,average,100,1064.73,0.32,00,00,09,05
Shipping_Measure_Costs,00_00_09_05,G&Wp,average,20,41.71,0.03,00,00,09,05
Shipping_Measure_Costs,00_00_09_05,G&Wp,average,60,1113.94,0.52,00,00,09,05
Shipping_Measure_Costs,00_00_09_05,G&Wp,average,100,1778.85,0.54,00,00,09,05
Shipping_Measure_Costs,00_00_09_05,Wp,average,20,42.34,0.03,00,00,09,05
Shipping_Measure_Costs,00_00_09_05,Wp,average,60,1649.92,0.77,00,00,09,05
Shipping_Measure_Costs,00_00_09_05,Wp,average,100,2492.98,0.76,00,00,09,05
Shipping_Measure_Costs,00_00_09_07,D,average,20,1230.29,0.95,00,00,09,07
Shipping_Measure_Costs,00_00_09_07,D,average,60,1972.55,0.92,00,00,09,07
Shipping_Measure_Costs,00_00_09_07,D,average,100,2714.81,0.82,00,00,09,07
Shipping_Measure_Costs,00_00_09_07,D&G,average,20,1230.29,0.95,00,00,09,07
Shipping_Measure_Costs,00_00_09_07,D&G,average,60,1972.55,0.92,00,00,09,07
Shipping_Measure_Costs,00_00_09_07,D&G,average,100,2714.81,0.82,00,00,09,07
Shipping_Measure_Costs,00_00_09_07,D&G&Wp,average,20,1233.38,0.95,00,00,09,07
Shipping_Measure_Costs,00_00_09_07,D&G&Wp,average,60,1975.64,0.92,00,00,09,07
Shipping_Measure_Costs,00_00_09_07,D&G&Wp,average,100,2717.9,0.82,00,00,09,07
Shipping_Measure_Costs,00_00_09_07,D&Wp,average,20,1234.93,0.95,00,00,09,07
Shipping_Measure_Costs,00_00_09_07,D&Wp,average,60,1977.19,0.92,00,00,09,07
Shipping_Measure_Costs,00_00_09_07,D&Wp,average,100,2719.45,0.82,00,00,09,07
Shipping_Measure_Costs,00_00_09_07,G,average,20,1230.29,0.95,00,00,09,07
Shipping_Measure_Costs,00_00_09_07,G,average,60,1972.55,0.92,00,00,09,07
Shipping_Measure_Costs,00_00_09_07,G,average,100,2714.81,0.82,00,00,09,07
Shipping_Measure_Costs,00_00_09_07,G&Wp,average,20,1234.93,0.95,00,00,09,07
Shipping_Measure_Costs,00_00_09_07,G&Wp,average,60,1977.19,0.92,00,00,09,07
Shipping_Measure_Costs,00_00_09_07,G&Wp,average,100,2719.45,0.82,00,00,09,07
Shipping_Measure_Costs,00_00_09_07,Wp,average,20,1239.57,0.95,00,00,09,07
Shipping_Measure_Costs,00_00_09_07,Wp,average,60,1981.83,0.92,00,00,09,07
Shipping_Measure_Costs,00_00_09_07,Wp,average,100,2724.09,0.83,00,00,09,07
Shipping_Measure_Costs,00_00_09_08,D,average,20,1230.29,0.95,00,00,09,08
Shipping_Measure_Costs,00_00_09_08,D,average,60,1972.55,0.92,00,00,09,08
Shipping_Measure_Costs,00_00_09_08,D,average,100,2714.81,0.82,00,00,09,08
Shipping_Measure_Costs,00_00_09_08,D&G,average,20,1230.29,0.95,00,00,09,08
Shipping_Measure_Costs,00_00_09_08,D&G,average,60,1972.55,0.92,00,00,09,08
Shipping_Measure_Costs,00_00_09_08,D&G,average,100,2714.81,0.82,00,00,09,08
Shipping_Measure_Costs,00_00_09_08,D&G&Wp,average,20,1233.38,0.95,00,00,09,08
Shipping_Measure_Costs,00_00_09_08,D&G&Wp,average,60,1975.64,0.92,00,00,09,08
Shipping_Measure_Costs,00_00_09_08,D&G&Wp,average,100,2717.9,0.82,00,00,09,08
Shipping_Measure_Costs,00_00_09_08,D&Wp,average,20,1234.93,0.95,00,00,09,08
Shipping_Measure_Costs,00_00_09_08,D&Wp,average,60,1977.19,0.92,00,00,09,08
Shipping_Measure_Costs,00_00_09_08,D&Wp,average,100,2719.45,0.82,00,00,09,08
Shipping_Measure_Costs,00_00_09_08,G,average,20,1230.29,0.95,00,00,09,08
Shipping_Measure_Costs,00_00_09_08,G,average,60,1972.55,0.92,00,00,09,08
Shipping_Measure_Costs,00_00_09_08,G,average,100,2714.81,0.82,00,00,09,08
Shipping_Measure_Costs,00_00_09_08,G&Wp,average,20,1234.93,0.95,00,00,09,08
Shipping_Measure_Costs,00_00_09_08,G&Wp,average,60,1977.19,0.92,00,00,09,08
Shipping_Measure_Costs,00_00_09_08,G&Wp,average,100,2719.45,0.82,00,00,09,08
Shipping_Measure_Costs,00_00_09_08,Wp,average,20,1239.57,0.95,00,00,09,08
Shipping_Measure_Costs,00_00_09_08,Wp,average,60,1981.83,0.92,00,00,09,08
Shipping_Measure_Costs,00_00_09_08,Wp,average,100,2724.09,0.83,00,00,09,08
Shipping_Measure_Costs,00_00_09_09,D,average,20,1230.29,0.95,00,00,09,09
Shipping_Measure_Costs,00_00_09_09,D,average,60,1972.55,0.92,00,00,09,09
Shipping_Measure_Costs,00_00_09_09,D,average,100,2714.81,0.82,00,00,09,09
Shipping_Measure_Costs,00_00_09_09,D&G,average,20,1230.29,0.95,00,00,09,09
Shipping_Measure_Costs,00_00_09_09,D&G,average,60,1972.55,0.92,00,00,09,09
Shipping_Measure_Costs,00_00_09_09,D&G,average,100,2714.81,0.82,00,00,09,09
Shipping_Measure_Costs,00_00_09_09,D&G&Wp,average,20,1233.38,0.95,00,00,09,09
Shipping_Measure_Costs,00_00_09_09,D&G&Wp,average,60,1975.64,0.92,00,00,09,09
Shipping_Measure_Costs,00_00_09_09,D&G&Wp,average,100,2717.9,0.82,00,00,09,09
Shipping_Measure_Costs,00_00_09_09,D&Wp,average,20,1234.93,0.95,00,00,09,09
Shipping_Measure_Costs,00_00_09_09,D&Wp,average,60,1977.19,0.92,00,00,09,09
Shipping_Measure_Costs,00_00_09_09,D&Wp,average,100,2719.45,0.82,00,00,09,09
Shipping_Measure_Costs,00_00_09_09,G,average,20,1230.29,0.95,00,00,09,09
Shipping_Measure_Costs,00_00_09_09,G,average,60,1972.55,0.92,00,00,09,09
Shipping_Measure_Costs,00_00_09_09,G,average,100,2714.81,0.82,00,00,09,09
Shipping_Measure_Costs,00_00_09_09,G&Wp,average,20,1234.93,0.95,00,00,09,09
Shipping_Measure_Costs,00_00_09_09,G&Wp,average,60,1977.19,0.92,00,00,09,09
Shipping_Measure_Costs,00_00_09_09,G&Wp,average,100,2719.45,0.82,00,00,09,09
Shipping_Measure_Costs,00_00_09_09,Wp,average,20,1239.57,0.95,00,00,09,09
Shipping_Measure_Costs,00_00_09_09,Wp,average,60,1981.83,0.92,00,00,09,09
Shipping_Measure_Costs,00_00_09_09,Wp,average,100,2724.09,0.83,00,00,09,09
Shipping_Measure_Costs,00_00_11_00,D,average,20,0.0,0.0,00,00,11,00
Shipping_Measure_Costs,00_00_11_00,D,average,60,0.0,0.0,00,00,11,00
Shipping_Measure_Costs,00_00_11_00,D,average,100,0.0,0.0,00,00,11,00
Shipping_Measure_Costs,00_00_11_00,D&G,average,20,0.0,0.0,00,00,11,00
Shipping_Measure_Costs,00_00_11_00,D&G,average,60,0.0,0.0,00,00,11,00
Shipping_Measure_Costs,00_00_11_00,D&G,average,100,0.0,0.0,00,00,11,00
Shipping_Measure_Costs,00_00_11_00,D&G&Wp,average,20,0.0,0.0,00,00,11,00
Shipping_Measure_Costs,00_00_11_00,D&G&Wp,average,60,0.0,0.0,00,00,11,00
Shipping_Measure_Costs,00_00_11_00,D&G&Wp,average,100,0.0,0.0,00,00,11,00
Shipping_Measure_Costs,00_00_11_00,D&Wp,average,20,0.0,0.0,00,00,11,00
Shipping_Measure_Costs,00_00_11_00,D&Wp,average,60,0.0,0.0,00,00,11,00
Shipping_Measure_Costs,00_00_11_00,D&Wp,average,100,0.0,0.0,00,00,11,00
Shipping_Measure_Costs,00_00_11_00,G,average,20,0.0,0.0,00,00,11,00
Shipping_Measure_Costs,00_00_11_00,G,average,60,0.0,0.0,00,00,11,00
Shipping_Measure_Costs,00_00_11_00,G,average,100,0.0,0.0,00,00,11,00
Shipping_Measure_Costs,00_00_11_00,G&Wp,average,20,0.0,0.0,00,00,11,00
Shipping_Measure_Costs,00_00_11_00,G&Wp,average,60,0.0,0.0,00,00,11,00
Shipping_Measure_Costs,00_00_11_00,G&Wp,average,100,0.0,0.0,00,00,11,00
Shipping_Measure_Costs,00_00_11_00,Wp,average,20,0.0,0.0,00,00,11,00
Shipping_Measure_Costs,00_00_11_00,Wp,average,60,0.0,0.0,00,00,11,00
Shipping_Measure_Costs,00_00_11_00,Wp,average,100,0.0,0.0,00,00,11,00
Shipping_Measure_Costs,00_00_11_01,D,average,20,545.88,0.42,00,00,11,01
Shipping_Measure_Costs,00_00_11_01,D,average,60,1088.6,0.51,00,00,11,01
Shipping_Measure_Costs,00_00_11_01,D,average,100,1545.95,0.47,00,00,11,01
Shipping_Measure_Costs,00_00_11_01,D&G,average,20,545.88,0.42,00,00,11,01
Shipping_Measure_Costs,00_00_11_01,D&G,average,60,1087.67,0.51,00,00,11,01
Shipping_Measure_Costs,00_00_11_01,D&G,average,100,1545.02,0.47,00,00,11,01
Shipping_Measure_Costs,00_00_11_01,D&G&Wp,average,20,580.57,0.45,00,00,11,01
Shipping_Measure_Costs,00_00_11_01,D&G&Wp,average,60,1293.39,0.6,00,00,11,01
Shipping_Measure_Costs,00_00_11_01,D&G&Wp,average,100,1849.71,0.56,00,00,11,01
Shipping_Measure_Costs,00_00_11_01,D&Wp,average,20,597.91,0.46,00,00,11,01
Shipping_Measure_Costs,00_00_11_01,D&Wp,average,60,1396.71,0.65,00,00,11,01
Shipping_Measure_Costs,00_00_11_01,D&Wp,average,100,2002.52,0.61,00,00,11,01
Shipping_Measure_Costs,00_00_11_01,G,average,20,545.88,0.42,00,00,11,01
Shipping_Measure_Costs,00_00_11_01,G,average,60,1086.74,0.51,00,00,11,01
Shipping_Measure_Costs,00_00_11_01,G,average,100,1544.1,0.47,00,00,11,01
Shipping_Measure_Costs,00_00_11_01,G&Wp,average,20,597.91,0.46,00,00,11,01
Shipping_Measure_Costs,00_00_11_01,G&Wp,average,60,1395.78,0.65,00,00,11,01
Shipping_Measure_Costs,00_00_11_01,G&Wp,average,100,2001.59,0.61,00,00,11,01
Shipping_Measure_Costs,00_00_11_01,Wp,average,20,649.95,0.5,00,00,11,01
Shipping_Measure_Costs,00_00_11_01,Wp,average,60,1704.82,0.79,00,00,11,01
Shipping_Measure_Costs,00_00_11_01,Wp,average,100,2459.08,0.75,00,00,11,01
Shipping_Measure_Costs,00_00_11_02,D,average,20,16.22,0.01,00,00,11,02
Shipping_Measure_Costs,00_00_11_02,D,average,60,87.69,0.04,00,00,11,02
Shipping_Measure_Costs,00_00_11_02,D,average,100,160.17,0.05,00,00,11,02
Shipping_Measure_Costs,00_00_11_02,D&G,average,20,16.22,0.01,00,00,11,02
Shipping_Measure_Costs,00_00_11_02,D&G,average,60,87.57,0.04,00,00,11,02
Shipping_Measure_Costs,00_00_11_02,D&G,average,100,160.05,0.05,00,00,11,02
Shipping_Measure_Costs,00_00_11_02,D&G&Wp,average,20,16.78,0.01,00,00,11,02
Shipping_Measure_Costs,00_00_11_02,D&G&Wp,average,60,537.3,0.25,00,00,11,02
Shipping_Measure_Costs,00_00_11_02,D&G&Wp,average,100,870.64,0.26,00,00,11,02
Shipping_Measure_Costs,00_00_11_02,D&Wp,average,20,17.05,0.01,00,00,11,02
Shipping_Measure_Costs,00_00_11_02,D&Wp,average,60,762.23,0.35,00,00,11,02
Shipping_Measure_Costs,00_00_11_02,D&Wp,average,100,1226.0,0.37,00,00,11,02
Shipping_Measure_Costs,00_00_11_02,G,average,20,16.22,0.01,00,00,11,02
Shipping_Measure_Costs,00_00_11_02,G,average,60,87.44,0.04,00,00,11,02
Shipping_Measure_Costs,00_00_11_02,G,average,100,159.92,0.05,00,00,11,02
Shipping_Measure_Costs,00_00_11_02,G&Wp,average,20,17.05,0.01,00,00,11,02
Shipping_Measure_Costs,00_00_11_02,G&Wp,average,60,762.1,0.35,00,00,11,02
Shipping_Measure_Costs,00_00_11_02,G&Wp,average,100,1225.87,0.37,00,00,11,02
Shipping_Measure_Costs,00_00_11_02,Wp,average,20,17.88,0.01,00,00,11,02
Shipping_Measure_Costs,00_00_11_02,Wp,average,60,1436.76,0.67,00,00,11,02
Shipping_Measure_Costs,00_00_11_02,Wp,average,100,2291.82,0.69,00,00,11,02
Shipping_Measure_Costs,00_00_11_04,D,average,20,41.08,0.03,00,00,11,04
Shipping_Measure_Costs,00_00_11_04,D,average,60,147.82,0.07,00,00,11,04
Shipping_Measure_Costs,00_00_11_04,D,average,100,255.82,0.08,00,00,11,04
Shipping_Measure_Costs,00_00_11_04,D&G,average,20,41.08,0.03,00,00,11,04
Shipping_Measure_Costs,00_00_11_04,D&G,average,60,146.27,0.07,00,00,11,04
Shipping_Measure_Costs,00_00_11_04,D&G,average,100,253.09,0.08,00,00,11,04
Shipping_Measure_Costs,00_00_11_04,D&G&Wp,average,20,41.5,0.03,00,00,11,04
Shipping_Measure_Costs,00_00_11_04,D&G&Wp,average,60,576.71,0.27,00,00,11,04
Shipping_Measure_Costs,00_00_11_04,D&G&Wp,average,100,932.95,0.28,00,00,11,04
Shipping_Measure_Costs,00_00_11_04,D&Wp,average,20,41.71,0.03,00,00,11,04
Shipping_Measure_Costs,00_00_11_04,D&Wp,average,60,792.71,0.37,00,00,11,04
Shipping_Measure_Costs,00_00_11_04,D&Wp,average,100,1274.24,0.39,00,00,11,04
Shipping_Measure_Costs,00_00_11_04,G,average,20,41.08,0.03,00,00,11,04
Shipping_Measure_Costs,00_00_11_04,G,average,60,144.73,0.07,00,00,11,04
Shipping_Measure_Costs,00_00_11_04,G,average,100,250.37,0.08,00,00,11,04
Shipping_Measure_Costs,00_00_11_04,G&Wp,average,20,41.71,0.03,00,00,11,04
Shipping_Measure_Costs,00_00_11_04,G&Wp,average,60,791.16,0.37,00,00,11,04
Shipping_Measure_Costs,00_00_11_04,G&Wp,average,100,1271.51,0.39,00,00,11,04
Shipping_Measure_Costs,00_00_11_04,Wp,average,20,42.34,0.03,00,00,11,04
Shipping_Measure_Costs,00_00_11_04,Wp,average,60,1437.6,0.67,00,00,11,04
Shipping_Measure_Costs,00_00_11_04,Wp,average,100,2292.66,0.69,00,00,11,04
Shipping_Measure_Costs,00_00_11_05,D,average,20,41.08,0.03,00,00,11,05
Shipping_Measure_Costs,00_00_11_05,D,average,60,1028.87,0.48,00,00,11,05
Shipping_Measure_Costs,00_00_11_05,D,average,100,1575.03,0.48,00,00,11,05
Shipping_Measure_Costs,00_00_11_05,D&G,average,20,41.08,0.03,00,00,11,05
Shipping_Measure_Costs,00_00_11_05,D&G,average,60,803.41,0.37,00,00,11,05
Shipping_Measure_Costs,00_00_11_05,D&G,average,100,1319.88,0.4,00,00,11,05
Shipping_Measure_Costs,00_00_11_05,D&G&Wp,average,20,41.5,0.03,00,00,11,05
Shipping_Measure_Costs,00_00_11_05,D&G&Wp,average,60,1085.58,0.5,00,00,11,05
Shipping_Measure_Costs,00_00_11_05,D&G&Wp,average,100,1710.91,0.52,00,00,11,05
Shipping_Measure_Costs,00_00_11_05,D&Wp,average,20,41.71,0.03,00,00,11,05
Shipping_Measure_Costs,00_00_11_05,D&Wp,average,60,1339.4,0.62,00,00,11,05
Shipping_Measure_Costs,00_00_11_05,D&Wp,average,100,2034.0,0.62,00,00,11,05
Shipping_Measure_Costs,00_00_11_05,G,average,20,41.08,0.03,00,00,11,05
Shipping_Measure_Costs,00_00_11_05,G,average,60,577.95,0.27,00,00,11,05
Shipping_Measure_Costs,00_00_11_05,G,average,100,1064.73,0.32,00,00,11,05
Shipping_Measure_Costs,00_00_11_05,G&Wp,average,20,41.71,0.03,00,00,11,05
Shipping_Measure_Costs,00_00_11_05,G&Wp,average,60,1113.94,0.52,00,00,11,05
Shipping_Measure_Costs,00_00_11_05,G&Wp,average,100,1778.85,0.54,00,00,11,05
Shipping_Measure_Costs,00_00_11_05,Wp,average,20,42.34,0.03,00,00,11,05
Shipping_Measure_Costs,00_00_11_05,Wp,average,60,1649.92,0.77,00,00,11,05
Shipping_Measure_Costs,00_00_11_05,Wp,average,100,2492.98,0.76,00,00,11,05
Shipping_Measure_Costs,00_00_11_07,D,average,20,1230.29,0.95,00,00,11,07
Shipping_Measure_Costs,00_00_11_07,D,average,60,1972.55,0.92,00,00,11,07
Shipping_Measure_Costs,00_00_11_07,D,average,100,2714.81,0.82,00,00,11,07
Shipping_Measure_Costs,00_00_11_07,D&G,average,20,1230.29,0.95,00,00,11,07
Shipping_Measure_Costs,00_00_11_07,D&G,average,60,1972.55,0.92,00,00,11,07
Shipping_Measure_Costs,00_00_11_07,D&G,average,100,2714.81,0.82,00,00,11,07
Shipping_Measure_Costs,00_00_11_07,D&G&Wp,average,20,1233.38,0.95,00,00,11,07
Shipping_Measure_Costs,00_00_11_07,D&G&Wp,average,60,1975.64,0.92,00,00,11,07
Shipping_Measure_Costs,00_00_11_07,D&G&Wp,average,100,2717.9,0.82,00,00,11,07
Shipping_Measure_Costs,00_00_11_07,D&Wp,average,20,1234.93,0.95,00,00,11,07
Shipping_Measure_Costs,00_00_11_07,D&Wp,average,60,1977.19,0.92,00,00,11,07
Shipping_Measure_Costs,00_00_11_07,D&Wp,average,100,2719.45,0.82,00,00,11,07
Shipping_Measure_Costs,00_00_11_07,G,average,20,1230.29,0.95,00,00,11,07
Shipping_Measure_Costs,00_00_11_07,G,average,60,1972.55,0.92,00,00,11,07
Shipping_Measure_Costs,00_00_11_07,G,average,100,2714.81,0.82,00,00,11,07
Shipping_Measure_Costs,00_00_11_07,G&Wp,average,20,1234.93,0.95,00,00,11,07
Shipping_Measure_Costs,00_00_11_07,G&Wp,average,60,1977.19,0.92,00,00,11,07
Shipping_Measure_Costs,00_00_11_07,G&Wp,average,100,2719.45,0.82,00,00,11,07
Shipping_Measure_Costs,00_00_11_07,Wp,average,20,1239.57,0.95,00,00,11,07
Shipping_Measure_Costs,00_00_11_07,Wp,average,60,1981.83,0.92,00,00,11,07
Shipping_Measure_Costs,00_00_11_07,Wp,average,100,2724.09,0.83,00,00,11,07
Shipping_Measure_Costs,00_00_11_08,D,average,20,1230.29,0.95,00,00,11,08
Shipping_Measure_Costs,00_00_11_08,D,average,60,1972.55,0.92,00,00,11,08
Shipping_Measure_Costs,00_00_11_08,D,average,100,2714.81,0.82,00,00,11,08
Shipping_Measure_Costs,00_00_11_08,D&G,average,20,1230.29,0.95,00,00,11,08
Shipping_Measure_Costs,00_00_11_08,D&G,average,60,1972.55,0.92,00,00,11,08
Shipping_Measure_Costs,00_00_11_08,D&G,average,100,2714.81,0.82,00,00,11,08
Shipping_Measure_Costs,00_00_11_08,D&G&Wp,average,20,1233.38,0.95,00,00,11,08
Shipping_Measure_Costs,00_00_11_08,D&G&Wp,average,60,1975.64,0.92,00,00,11,08
Shipping_Measure_Costs,00_00_11_08,D&G&Wp,average,100,2717.9,0.82,00,00,11,08
Shipping_Measure_Costs,00_00_11_08,D&Wp,average,20,1234.93,0.95,00,00,11,08
Shipping_Measure_Costs,00_00_11_08,D&Wp,average,60,1977.19,0.92,00,00,11,08
Shipping_Measure_Costs,00_00_11_08,D&Wp,average,100,2719.45,0.82,00,00,11,08
Shipping_Measure_Costs,00_00_11_08,G,average,20,1230.29,0.95,00,00,11,08
Shipping_Measure_Costs,00_00_11_08,G,average,60,1972.55,0.92,00,00,11,08
Shipping_Measure_Costs,00_00_11_08,G,average,100,2714.81,0.82,00,00,11,08
Shipping_Measure_Costs,00_00_11_08,G&Wp,average,20,1234.93,0.95,00,00,11,08
Shipping_Measure_Costs,00_00_11_08,G&Wp,average,60,1977.19,0.92,00,00,11,08
Shipping_Measure_Costs,00_00_11_08,G&Wp,average,100,2719.45,0.82,00,00,11,08
Shipping_Measure_Costs,00_00_11_08,Wp,average,20,1239.57,0.95,00,00,11,08
Shipping_Measure_Costs,00_00_11_08,Wp,average,60,1981.83,0.92,00,00,11,08
Shipping_Measure_Costs,00_00_11_08,Wp,average,100,2724.09,0.83,00,00,11,08
Shipping_Measure_Costs,00_00_11_09,D,average,20,1230.29,0.95,00,00,11,09
Shipping_Measure_Costs,00_00_11_09,D,average,60,1972.55,0.92,00,00,11,09
Shipping_Measure_Costs,00_00_11_09,D,average,100,2714.81,0.82,00,00,11,09
Shipping_Measure_Costs,00_00_11_09,D&G,average,20,1230.29,0.95,00,00,11,09
Shipping_Measure_Costs,00_00_11_09,D&G,average,60,1972.55,0.92,00,00,11,09
Shipping_Measure_Costs,00_00_11_09,D&G,average,100,2714.81,0.82,00,00,11,09
Shipping_Measure_Costs,00_00_11_09,D&G&Wp,average,20,1233.38,0.95,00,00,11,09
Shipping_Measure_Costs,00_00_11_09,D&G&Wp,average,60,1975.64,0.92,00,00,11,09
Shipping_Measure_Costs,00_00_11_09,D&G&Wp,average,100,2717.9,0.82,00,00,11,09
Shipping_Measure_Costs,00_00_11_09,D&Wp,average,20,1234.93,0.95,00,00,11,09
Shipping_Measure_Costs,00_00_11_09,D&Wp,average,60,1977.19,0.92,00,00,11,09
Shipping_Measure_Costs,00_00_11_09,D&Wp,average,100,2719.45,0.82,00,00,11,09
Shipping_Measure_Costs,00_00_11_09,G,average,20,1230.29,0.95,00,00,11,09
Shipping_Measure_Costs,00_00_11_09,G,average,60,1972.55,0.92,00,00,11,09
Shipping_Measure_Costs,00_00_11_09,G,average,100,2714.81,0.82,00,00,11,09
Shipping_Measure_Costs,00_00_11_09,G&Wp,average,20,1234.93,0.95,00,00,11,09
Shipping_Measure_Costs,00_00_11_09,G&Wp,average,60,1977.19,0.92,00,00,11,09
Shipping_Measure_Costs,00_00_11_09,G&Wp,average,100,2719.45,0.82,00,00,11,09
Shipping_Measure_Costs,00_00_11_09,Wp,average,20,1239.57,0.95,00,00,11,09
Shipping_Measure_Costs,00_00_11_09,Wp,average,60,1981.83,0.92,00,00,11,09
Shipping_Measure_Costs,00_00_11_09,Wp,average,100,2724.09,0.83,00,00,11,09
Shipping_Measure_Costs,00_00_13_00,D,average,20,0.0,0.0,00,00,13,00
Shipping_Measure_Costs,00_00_13_00,D,average,60,0.0,0.0,00,00,13,00
Shipping_Measure_Costs,00_00_13_00,D,average,100,0.0,0.0,00,00,13,00
Shipping_Measure_Costs,00_00_13_00,D&G,average,20,0.0,0.0,00,00,13,00
Shipping_Measure_Costs,00_00_13_00,D&G,average,60,0.0,0.0,00,00,13,00
Shipping_Measure_Costs,00_00_13_00,D&G,average,100,0.0,0.0,00,00,13,00
Shipping_Measure_Costs,00_00_13_00,D&G&Wp,average,20,0.0,0.0,00,00,13,00
Shipping_Measure_Costs,00_00_13_00,D&G&Wp,average,60,0.0,0.0,00,00,13,00
Shipping_Measure_Costs,00_00_13_00,D&G&Wp,average,100,0.0,0.0,00,00,13,00
Shipping_Measure_Costs,00_00_13_00,D&Wp,average,20,0.0,0.0,00,00,13,00
Shipping_Measure_Costs,00_00_13_00,D&Wp,average,60,0.0,0.0,00,00,13,00
Shipping_Measure_Costs,00_00_13_00,D&Wp,average,100,0.0,0.0,00,00,13,00
Shipping_Measure_Costs,00_00_13_00,G,average,20,0.0,0.0,00,00,13,00
Shipping_Measure_Costs,00_00_13_00,G,average,60,0.0,0.0,00,00,13,00
Shipping_Measure_Costs,00_00_13_00,G,average,100,0.0,0.0,00,00,13,00
Shipping_Measure_Costs,00_00_13_00,G&Wp,average,20,0.0,0.0,00,00,13,00
Shipping_Measure_Costs,00_00_13_00,G&Wp,average,60,0.0,0.0,00,00,13,00
Shipping_Measure_Costs,00_00_13_00,G&Wp,average,100,0.0,0.0,00,00,13,00
Shipping_Measure_Costs,00_00_13_00,Wp,average,20,0.0,0.0,00,00,13,00
Shipping_Measure_Costs,00_00_13_00,Wp,average,60,0.0,0.0,00,00,13,00
Shipping_Measure_Costs,00_00_13_00,Wp,average,100,0.0,0.0,00,00,13,00
Shipping_Measure_Costs,00_00_13_01,D,average,20,545.88,0.42,00,00,13,01
Shipping_Measure_Costs,00_00_13_01,D,average,60,1302.0,0.61,00,00,13,01
Shipping_Measure_Costs,00_00_13_01,D,average,100,2134.19,0.65,00,00,13,01
Shipping_Measure_Costs,00_00_13_01,D&G,average,20,545.88,0.42,00,00,13,01
Shipping_Measure_Costs,00_00_13_01,D&G,average,60,1250.97,0.58,00,00,13,01
Shipping_Measure_Costs,00_00_13_01,D&G,average,100,2060.89,0.62,00,00,13,01
Shipping_Measure_Costs,00_00_13_01,D&G&Wp,average,20,580.57,0.45,00,00,13,01
Shipping_Measure_Costs,00_00_13_01,D&G&Wp,average,60,1402.25,0.65,00,00,13,01
Shipping_Measure_Costs,00_00_13_01,D&G&Wp,average,100,2193.62,0.66,00,00,13,01
Shipping_Measure_Costs,00_00_13_01,D&Wp,average,20,597.91,0.46,00,00,13,01
Shipping_Measure_Costs,00_00_13_01,D&Wp,average,60,1503.41,0.7,00,00,13,01
Shipping_Measure_Costs,00_00_13_01,D&Wp,average,100,2296.64,0.7,00,00,13,01
Shipping_Measure_Costs,00_00_13_01,G,average,20,545.88,0.42,00,00,13,01
Shipping_Measure_Costs,00_00_13_01,G,average,60,1199.94,0.56,00,00,13,01
Shipping_Measure_Costs,00_00_13_01,G,average,100,1987.6,0.6,00,00,13,01
Shipping_Measure_Costs,00_00_13_01,G&Wp,average,20,597.91,0.46,00,00,13,01
Shipping_Measure_Costs,00_00_13_01,G&Wp,average,60,1452.38,0.68,00,00,13,01
Shipping_Measure_Costs,00_00_13_01,G&Wp,average,100,2223.34,0.67,00,00,13,01
Shipping_Measure_Costs,00_00_13_01,Wp,average,20,649.95,0.5,00,00,13,01
Shipping_Measure_Costs,00_00_13_01,Wp,average,60,1704.82,0.79,00,00,13,01
Shipping_Measure_Costs,00_00_13_01,Wp,average,100,2459.08,0.75,00,00,13,01
Shipping_Measure_Costs,00_00_13_02,D,average,20,16.22,0.01,00,00,13,02
Shipping_Measure_Costs,00_00_13_02,D,average,60,208.38,0.1,00,00,13,02
Shipping_Measure_Costs,00_00_13_02,D,average,100,1234.38,0.37,00,00,13,02
Shipping_Measure_Costs,00_00_13_02,D&G,average,20,16.22,0.01,00,00,13,02
Shipping_Measure_Costs,00_00_13_02,D&G,average,60,205.89,0.1,00,00,13,02
Shipping_Measure_Costs,00_00_13_02,D&G,average,100,933.83,0.28,00,00,13,02
Shipping_Measure_Costs,00_00_13_02,D&G&Wp,average,20,16.78,0.01,00,00,13,02
Shipping_Measure_Costs,00_00_13_02,D&G&Wp,average,60,622.99,0.29,00,00,13,02
Shipping_Measure_Costs,00_00_13_02,D&G&Wp,average,100,1393.3,0.42,00,00,13,02
Shipping_Measure_Costs,00_00_13_02,D&Wp,average,20,17.05,0.01,00,00,13,02
Shipping_Measure_Costs,00_00_13_02,D&Wp,average,60,832.78,0.39,00,00,13,02
Shipping_Measure_Costs,00_00_13_02,D&Wp,average,100,1773.31,0.54,00,00,13,02
Shipping_Measure_Costs,00_00_13_02,G,average,20,16.22,0.01,00,00,13,02
Shipping_Measure_Costs,00_00_13_02,G,average,60,203.41,0.09,00,00,13,02
Shipping_Measure_Costs,00_00_13_02,G,average,100,633.27,0.19,00,00,13,02
Shipping_Measure_Costs,00_00_13_02,G&Wp,average,20,17.05,0.01,00,00,13,02
Shipping_Measure_Costs,00_00_13_02,G&Wp,average,60,830.29,0.39,00,00,13,02
Shipping_Measure_Costs,00_00_13_02,G&Wp,average,100,1472.75,0.45,00,00,13,02
Shipping_Measure_Costs,00_00_13_02,Wp,average,20,17.88,0.01,00,00,13,02
Shipping_Measure_Costs,00_00_13_02,Wp,average,60,1457.17,0.68,00,00,13,02
Shipping_Measure_Costs,00_00_13_02,Wp,average,100,2312.23,0.7,00,00,13,02
Shipping_Measure_Costs,00_00_13_04,D,average,20,41.08,0.03,00,00,13,04
Shipping_Measure_Costs,00_00_13_04,D,average,60,467.6,0.22,00,00,13,04
Shipping_Measure_Costs,00_00_13_04,D,average,100,1575.05,0.48,00,00,13,04
Shipping_Measure_Costs,00_00_13_04,D&G,average,20,41.08,0.03,00,00,13,04
Shipping_Measure_Costs,00_00_13_04,D&G,average,60,421.52,0.2,00,00,13,04
Shipping_Measure_Costs,00_00_13_04,D&G,average,100,1404.11,0.43,00,00,13,04
Shipping_Measure_Costs,00_00_13_04,D&G&Wp,average,20,41.5,0.03,00,00,13,04
Shipping_Measure_Costs,00_00_13_04,D&G&Wp,average,60,762.1,0.35,00,00,13,04
Shipping_Measure_Costs,00_00_13_04,D&G&Wp,average,100,1702.18,0.52,00,00,13,04
Shipping_Measure_Costs,00_00_13_04,D&Wp,average,20,41.71,0.03,00,00,13,04
Shipping_Measure_Costs,00_00_13_04,D&Wp,average,60,955.43,0.44,00,00,13,04
Shipping_Measure_Costs,00_00_13_04,D&Wp,average,100,1936.68,0.59,00,00,13,04
Shipping_Measure_Costs,00_00_13_04,G,average,20,41.08,0.03,00,00,13,04
Shipping_Measure_Costs,00_00_13_04,G,average,60,375.44,0.17,00,00,13,04
Shipping_Measure_Costs,00_00_13_04,G,average,100,1233.18,0.37,00,00,13,04
Shipping_Measure_Costs,00_00_13_04,G&Wp,average,20,41.71,0.03,00,00,13,04
Shipping_Measure_Costs,00_00_13_04,G&Wp,average,60,909.35,0.42,00,00,13,04
Shipping_Measure_Costs,00_00_13_04,G&Wp,average,100,1765.75,0.54,00,00,13,04
Shipping_Measure_Costs,00_00_13_04,Wp,average,20,42.34,0.03,00,00,13,04
Shipping_Measure_Costs,00_00_13_04,Wp,average,60,1443.26,0.67,00,00,13,04
Shipping_Measure_Costs,00_00_13_04,Wp,average,100,2298.32,0.7,00,00,13,04
Shipping_Measure_Costs,00_00_13_05,D,average,20,41.08,0.03,00,00,13,05
Shipping_Measure_Costs,00_00_13_05,D,average,60,1153.2,0.54,00,00,13,05
Shipping_Measure_Costs,00_00_13_05,D,average,100,2142.86,0.65,00,00,13,05
Shipping_Measure_Costs,00_00_13_05,D&G,average,20,41.08,0.03,00,00,13,05
Shipping_Measure_Costs,00_00_13_05,D&G,average,60,927.74,0.43,00,00,13,05
Shipping_Measure_Costs,00_00_13_05,D&G,average,100,2014.82,0.61,00,00,13,05
Shipping_Measure_Costs,00_00_13_05,D&G&Wp,average,20,41.5,0.03,00,00,13,05
Shipping_Measure_Costs,00_00_13_05,D&G&Wp,average,60,1170.32,0.54,00,00,13,05
Shipping_Measure_Costs,00_00_13_05,D&G&Wp,average,100,2176.06,0.66,00,00,13,05
Shipping_Measure_Costs,00_00_13_05,D&Wp,average,20,41.71,0.03,00,00,13,05
Shipping_Measure_Costs,00_00_13_05,D&Wp,average,60,1404.34,0.65,00,00,13,05
Shipping_Measure_Costs,00_00_13_05,D&Wp,average,100,2320.7,0.7,00,00,13,05
Shipping_Measure_Costs,00_00_13_05,G,average,20,41.08,0.03,00,00,13,05
Shipping_Measure_Costs,00_00_13_05,G,average,60,702.28,0.33,00,00,13,05
Shipping_Measure_Costs,00_00_13_05,G,average,100,1886.78,0.57,00,00,13,05
Shipping_Measure_Costs,00_00_13_05,G&Wp,average,20,41.71,0.03,00,00,13,05
Shipping_Measure_Costs,00_00_13_05,G&Wp,average,60,1178.88,0.55,00,00,13,05
Shipping_Measure_Costs,00_00_13_05,G&Wp,average,100,2192.66,0.66,00,00,13,05
Shipping_Measure_Costs,00_00_13_05,Wp,average,20,42.34,0.03,00,00,13,05
Shipping_Measure_Costs,00_00_13_05,Wp,average,60,1655.49,0.77,00,00,13,05
Shipping_Measure_Costs,00_00_13_05,Wp,average,100,2498.54,0.76,00,00,13,05
Shipping_Measure_Costs,00_00_13_07,D,average,20,1230.29,0.95,00,00,13,07
Shipping_Measure_Costs,00_00_13_07,D,average,60,1972.55,0.92,00,00,13,07
Shipping_Measure_Costs,00_00_13_07,D,average,100,2714.81,0.82,00,00,13,07
Shipping_Measure_Costs,00_00_13_07,D&G,average,20,1230.29,0.95,00,00,13,07
Shipping_Measure_Costs,00_00_13_07,D&G,average,60,1972.55,0.92,00,00,13,07
Shipping_Measure_Costs,00_00_13_07,D&G,average,100,2714.81,0.82,00,00,13,07
Shipping_Measure_Costs,00_00_13_07,D&G&Wp,average,20,1233.38,0.95,00,00,13,07
Shipping_Measure_Costs,00_00_13_07,D&G&Wp,average,60,1975.64,0.92,00,00,13,07
Shipping_Measure_Costs,00_00_13_07,D&G&Wp,average,100,2717.9,0.82,00,00,13,07
Shipping_Measure_Costs,00_00_13_07,D&Wp,average,20,1234.93,0.95,00,00,13,07
Shipping_Measure_Costs,00_00_13_07,D&Wp,average,60,1977.19,0.92,00,00,13,07
Shipping_Measure_Costs,00_00_13_07,D&Wp,average,100,2719.45,0.82,00,00,13,07
Shipping_Measure_Costs,00_00_13_07,G,average,20,1230.29,0.95,00,00,13,07
Shipping_Measure_Costs,00_00_13_07,G,average,60,1972.55,0.92,00,00,13,07
Shipping_Measure_Costs,00_00_13_07,G,average,100,2714.81,0.82,00,00,13,07
Shipping_Measure_Costs,00_00_13_07,G&Wp,average,20,1234.93,0.95,00,00,13,07
Shipping_Measure_Costs,00_00_13_07,G&Wp,average,60,1977.19,0.92,00,00,13,07
Shipping_Measure_Costs,00_00_13_07,G&Wp,average,100,2719.45,0.82,00,00,13,07
Shipping_Measure_Costs,00_00_13_07,Wp,average,20,1239.57,0.95,00,00,13,07
Shipping_Measure_Costs,00_00_13_07,Wp,average,60,1981.83,0.92,00,00,13,07
Shipping_Measure_Costs,00_00_13_07,Wp,average,100,2724.09,0.83,00,00,13,07
Shipping_Measure_Costs,00_00_13_08,D,average,20,1230.29,0.95,00,00,13,08
Shipping_Measure_Costs,00_00_13_08,D,average,60,1972.55,0.92,00,00,13,08
Shipping_Measure_Costs,00_00_13_08,D,average,100,2714.81,0.82,00,00,13,08
Shipping_Measure_Costs,00_00_13_08,D&G,average,20,1230.29,0.95,00,00,13,08
Shipping_Measure_Costs,00_00_13_08,D&G,average,60,1972.55,0.92,00,00,13,08
Shipping_Measure_Costs,00_00_13_08,D&G,average,100,2714.81,0.82,00,00,13,08
Shipping_Measure_Costs,00_00_13_08,D&G&Wp,average,20,1233.38,0.95,00,00,13,08
Shipping_Measure_Costs,00_00_13_08,D&G&Wp,average,60,1975.64,0.92,00,00,13,08
Shipping_Measure_Costs,00_00_13_08,D&G&Wp,average,100,2717.9,0.82,00,00,13,08
Shipping_Measure_Costs,00_00_13_08,D&Wp,average,20,1234.93,0.95,00,00,13,08
Shipping_Measure_Costs,00_00_13_08,D&Wp,average,60,1977.19,0.92,00,00,13,08
Shipping_Measure_Costs,00_00_13_08,D&Wp,average,100,2719.45,0.82,00,00,13,08
Shipping_Measure_Costs,00_00_13_08,G,average,20,1230.29,0.95,00,00,13,08
Shipping_Measure_Costs,00_00_13_08,G,average,60,1972.55,0.92,00,00,13,08
Shipping_Measure_Costs,00_00_13_08,G,average,100,2714.81,0.82,00,00,13,08
Shipping_Measure_Costs,00_00_13_08,G&Wp,average,20,1234.93,0.95,00,00,13,08
Shipping_Measure_Costs,00_00_13_08,G&Wp,average,60,1977.19,0.92,00,00,13,08
Shipping_Measure_Costs,00_00_13_08,G&Wp,average,100,2719.45,0.82,00,00,13,08
Shipping_Measure_Costs,00_00_13_08,Wp,average,20,1239.57,0.95,00,00,13,08
Shipping_Measure_Costs,00_00_13_08,Wp,average,60,1981.83,0.92,00,00,13,08
Shipping_Measure_Costs,00_00_13_08,Wp,average,100,2724.09,0.83,00,00,13,08
Shipping_Measure_Costs,00_00_13_09,D,average,20,1230.29,0.95,00,00,13,09
Shipping_Measure_Costs,00_00_13_09,D,average,60,1972.55,0.92,00,00,13,09
Shipping_Measure_Costs,00_00_13_09,D,average,100,2714.81,0.82,00,00,13,09
Shipping_Measure_Costs,00_00_13_09,D&G,average,20,1230.29,0.95,00,00,13,09
Shipping_Measure_Costs,00_00_13_09,D&G,average,60,1972.55,0.92,00,00,13,09
Shipping_Measure_Costs,00_00_13_09,D&G,average,100,2714.81,0.82,00,00,13,09
Shipping_Measure_Costs,00_00_13_09,D&G&Wp,average,20,1233.38,0.95,00,00,13,09
Shipping_Measure_Costs,00_00_13_09,D&G&Wp,average,60,1975.64,0.92,00,00,13,09
Shipping_Measure_Costs,00_00_13_09,D&G&Wp,average,100,2717.9,0.82,00,00,13,09
Shipping_Measure_Costs,00_00_13_09,D&Wp,average,20,1234.93,0.95,00,00,13,09
Shipping_Measure_Costs,00_00_13_09,D&Wp,average,60,1977.19,0.92,00,00,13,09
Shipping_Measure_Costs,00_00_13_09,D&Wp,average,100,2719.45,0.82,00,00,13,09
Shipping_Measure_Costs,00_00_13_09,G,average,20,1230.29,0.95,00,00,13,09
Shipping_Measure_Costs,00_00_13_09,G,average,60,1972.55,0.92,00,00,13,09
Shipping_Measure_Costs,00_00_13_09,G,average,100,2714.81,0.82,00,00,13,09
Shipping_Measure_Costs,00_00_13_09,G&Wp,average,20,1234.93,0.95,00,00,13,09
Shipping_Measure_Costs,00_00_13_09,G&Wp,average,60,1977.19,0.92,00,00,13,09
Shipping_Measure_Costs,00_00_13_09,G&Wp,average,100,2719.45,0.82,00,00,13,09
Shipping_Measure_Costs,00_00_13_09,Wp,average,20,1239.57,0.95,00,00,13,09
Shipping_Measure_Costs,00_00_13_09,Wp,average,60,1981.83,0.92,00,00,13,09
Shipping_Measure_Costs,00_00_13_09,Wp,average,100,2724.09,0.83,00,00,13,09
