objective_parameter,pw_combi,scenario_of_interest,robustness_metric,year,Value,normalized_values,flood_agr,drought_agr,flood_urb,drought_shp
Shipping_Economic_Loss,00_00_00_00,D,average,20,2222.52,1.0,00,00,00,00
Shipping_Economic_Loss,00_00_00_00,D,average,60,5632.03,1.0,00,00,00,00
Shipping_Economic_Loss,00_00_00_00,D,average,100,9004.04,1.0,00,00,00,00
Shipping_Economic_Loss,00_00_00_00,D&G,average,20,2207.73,1.0,00,00,00,00
Shipping_Economic_Loss,00_00_00_00,D&G,average,60,5513.18,1.0,00,00,00,00
Shipping_Economic_Loss,00_00_00_00,D&G,average,100,8681.76,1.0,00,00,00,00
Shipping_Economic_Loss,00_00_00_00,D&G&Wp,average,20,2262.94,1.0,00,00,00,00
Shipping_Economic_Loss,00_00_00_00,D&G&Wp,average,60,6051.53,1.0,00,00,00,00
Shipping_Economic_Loss,00_00_00_00,D&G&Wp,average,100,10394.12,1.0,00,00,00,00
Shipping_Economic_Loss,00_00_00_00,D&Wp,average,20,2297.93,1.0,00,00,00,00
Shipping_Economic_Loss,00_00_00_00,D&Wp,average,60,6380.12,1.0,00,00,00,00
Shipping_Economic_Loss,00_00_00_00,D&Wp,average,100,11411.45,1.0,00,00,00,00
Shipping_Economic_Loss,00_00_00_00,G,average,20,2192.94,1.0,00,00,00,00
Shipping_Economic_Loss,00_00_00_00,G,average,60,5394.34,1.0,00,00,00,00
Shipping_Economic_Loss,00_00_00_00,G,average,100,8359.48,1.0,00,00,00,00
Shipping_Economic_Loss,00_00_00_00,G&Wp,average,20,2283.14,1.0,00,00,00,00
Shipping_Economic_Loss,00_00_00_00,G&Wp,average,60,6261.28,1.0,00,00,00,00
Shipping_Economic_Loss,00_00_00_00,G&Wp,average,100,11089.17,1.0,00,00,00,00
Shipping_Economic_Loss,00_00_00_00,Wp,average,20,2373.34,1.0,00,00,00,00
Shipping_Economic_Loss,00_00_00_00,Wp,average,60,7128.22,1.0,00,00,00,00
Shipping_Economic_Loss,00_00_00_00,Wp,average,100,13818.86,1.0,00,00,00,00
Shipping_Economic_Loss,00_00_00_01,D,average,20,1778.37,0.8,00,00,00,01
Shipping_Economic_Loss,00_00_00_01,D,average,60,3251.66,0.58,00,00,00,01
Shipping_Economic_Loss,00_00_00_01,D,average,100,4695.4,0.52,00,00,00,01
Shipping_Economic_Loss,00_00_00_01,D&G,average,20,1768.37,0.8,00,00,00,01
Shipping_Economic_Loss,00_00_00_01,D&G,average,60,3196.54,0.58,00,00,00,01
Shipping_Economic_Loss,00_00_00_01,D&G,average,100,4544.17,0.52,00,00,00,01
Shipping_Economic_Loss,00_00_00_01,D&G&Wp,average,20,1791.42,0.79,00,00,00,01
Shipping_Economic_Loss,00_00_00_01,D&G&Wp,average,60,3146.94,0.52,00,00,00,01
Shipping_Economic_Loss,00_00_00_01,D&G&Wp,average,100,4596.03,0.44,00,00,00,01
Shipping_Economic_Loss,00_00_00_01,D&Wp,average,20,1807.94,0.79,00,00,00,01
Shipping_Economic_Loss,00_00_00_01,D&Wp,average,60,3149.69,0.49,00,00,00,01
Shipping_Economic_Loss,00_00_00_01,D&Wp,average,100,4697.58,0.41,00,00,00,01
Shipping_Economic_Loss,00_00_00_01,G,average,20,1758.38,0.8,00,00,00,01
Shipping_Economic_Loss,00_00_00_01,G,average,60,3141.42,0.58,00,00,00,01
Shipping_Economic_Loss,00_00_00_01,G,average,100,4392.94,0.53,00,00,00,01
Shipping_Economic_Loss,00_00_00_01,G&Wp,average,20,1797.94,0.79,00,00,00,01
Shipping_Economic_Loss,00_00_00_01,G&Wp,average,60,3094.58,0.49,00,00,00,01
Shipping_Economic_Loss,00_00_00_01,G&Wp,average,100,4546.35,0.41,00,00,00,01
Shipping_Economic_Loss,00_00_00_01,Wp,average,20,1837.51,0.77,00,00,00,01
Shipping_Economic_Loss,00_00_00_01,Wp,average,60,3047.73,0.43,00,00,00,01
Shipping_Economic_Loss,00_00_00_01,Wp,average,100,4699.76,0.34,00,00,00,01
Shipping_Economic_Loss,00_00_00_02,D,average,20,1926.9,0.87,00,00,00,02
Shipping_Economic_Loss,00_00_00_02,D,average,60,4824.98,0.86,00,00,00,02
Shipping_Economic_Loss,00_00_00_02,D,average,100,7691.2,0.85,00,00,00,02
Shipping_Economic_Loss,00_00_00_02,D&G,average,20,1914.93,0.87,00,00,00,02
Shipping_Economic_Loss,00_00_00_02,D&G,average,60,4724.57,0.86,00,00,00,02
Shipping_Economic_Loss,00_00_00_02,D&G,average,100,7417.86,0.85,00,00,00,02
Shipping_Economic_Loss,00_00_00_02,D&G&Wp,average,20,1954.32,0.86,00,00,00,02
Shipping_Economic_Loss,00_00_00_02,D&G&Wp,average,60,4621.04,0.76,00,00,00,02
Shipping_Economic_Loss,00_00_00_02,D&G&Wp,average,100,6967.24,0.67,00,00,00,02
Shipping_Economic_Loss,00_00_00_02,D&Wp,average,20,1979.99,0.86,00,00,00,02
Shipping_Economic_Loss,00_00_00_02,D&Wp,average,60,4619.48,0.72,00,00,00,02
Shipping_Economic_Loss,00_00_00_02,D&Wp,average,100,6878.6,0.6,00,00,00,02
Shipping_Economic_Loss,00_00_00_02,G,average,20,1902.97,0.87,00,00,00,02
Shipping_Economic_Loss,00_00_00_02,G,average,60,4624.16,0.86,00,00,00,02
Shipping_Economic_Loss,00_00_00_02,G,average,100,7144.53,0.85,00,00,00,02
Shipping_Economic_Loss,00_00_00_02,G&Wp,average,20,1968.03,0.86,00,00,00,02
Shipping_Economic_Loss,00_00_00_02,G&Wp,average,60,4519.07,0.72,00,00,00,02
Shipping_Economic_Loss,00_00_00_02,G&Wp,average,100,6605.27,0.6,00,00,00,02
Shipping_Economic_Loss,00_00_00_02,Wp,average,20,2033.08,0.86,00,00,00,02
Shipping_Economic_Loss,00_00_00_02,Wp,average,60,4413.98,0.62,00,00,00,02
Shipping_Economic_Loss,00_00_00_02,Wp,average,100,6066.01,0.44,00,00,00,02
Shipping_Economic_Loss,00_00_00_04,D,average,20,1306.08,0.59,00,00,00,04
Shipping_Economic_Loss,00_00_00_04,D,average,60,4493.36,0.8,00,00,00,04
Shipping_Economic_Loss,00_00_00_04,D,average,100,7556.52,0.84,00,00,00,04
Shipping_Economic_Loss,00_00_00_04,D&G,average,20,1296.73,0.59,00,00,00,04
Shipping_Economic_Loss,00_00_00_04,D&G,average,60,4442.93,0.81,00,00,00,04
Shipping_Economic_Loss,00_00_00_04,D&G,average,100,7365.52,0.85,00,00,00,04
Shipping_Economic_Loss,00_00_00_04,D&G&Wp,average,20,1319.21,0.58,00,00,00,04
Shipping_Economic_Loss,00_00_00_04,D&G&Wp,average,60,4303.53,0.71,00,00,00,04
Shipping_Economic_Loss,00_00_00_04,D&G&Wp,average,100,6802.6,0.65,00,00,00,04
Shipping_Economic_Loss,00_00_00_04,D&Wp,average,20,1335.13,0.58,00,00,00,04
Shipping_Economic_Loss,00_00_00_04,D&Wp,average,60,4259.05,0.67,00,00,00,04
Shipping_Economic_Loss,00_00_00_04,D&Wp,average,100,6616.64,0.58,00,00,00,04
Shipping_Economic_Loss,00_00_00_04,G,average,20,1287.38,0.59,00,00,00,04
Shipping_Economic_Loss,00_00_00_04,G,average,60,4392.5,0.81,00,00,00,04
Shipping_Economic_Loss,00_00_00_04,G,average,100,7174.5,0.86,00,00,00,04
Shipping_Economic_Loss,00_00_00_04,G&Wp,average,20,1325.78,0.58,00,00,00,04
Shipping_Economic_Loss,00_00_00_04,G&Wp,average,60,4208.62,0.67,00,00,00,04
Shipping_Economic_Loss,00_00_00_04,G&Wp,average,100,6425.63,0.58,00,00,00,04
Shipping_Economic_Loss,00_00_00_04,Wp,average,20,1364.18,0.57,00,00,00,04
Shipping_Economic_Loss,00_00_00_04,Wp,average,60,4024.74,0.56,00,00,00,04
Shipping_Economic_Loss,00_00_00_04,Wp,average,100,5676.76,0.41,00,00,00,04
Shipping_Economic_Loss,00_00_00_05,D,average,20,1306.08,0.59,00,00,00,05
Shipping_Economic_Loss,00_00_00_05,D,average,60,3482.72,0.62,00,00,00,05
Shipping_Economic_Loss,00_00_00_05,D,average,100,5144.8,0.57,00,00,00,05
Shipping_Economic_Loss,00_00_00_05,D&G,average,20,1296.73,0.59,00,00,00,05
Shipping_Economic_Loss,00_00_00_05,D&G,average,60,3715.96,0.67,00,00,00,05
Shipping_Economic_Loss,00_00_00_05,D&G,average,100,5516.85,0.64,00,00,00,05
Shipping_Economic_Loss,00_00_00_05,D&G&Wp,average,20,1319.21,0.58,00,00,00,05
Shipping_Economic_Loss,00_00_00_05,D&G&Wp,average,60,3555.44,0.59,00,00,00,05
Shipping_Economic_Loss,00_00_00_05,D&G&Wp,average,100,5403.88,0.52,00,00,00,05
Shipping_Economic_Loss,00_00_00_05,D&Wp,average,20,1335.13,0.58,00,00,00,05
Shipping_Economic_Loss,00_00_00_05,D&Wp,average,60,3358.56,0.53,00,00,00,05
Shipping_Economic_Loss,00_00_00_05,D&Wp,average,100,5161.38,0.45,00,00,00,05
Shipping_Economic_Loss,00_00_00_05,G,average,20,1287.38,0.59,00,00,00,05
Shipping_Economic_Loss,00_00_00_05,G,average,60,3949.2,0.73,00,00,00,05
Shipping_Economic_Loss,00_00_00_05,G,average,100,5888.89,0.7,00,00,00,05
Shipping_Economic_Loss,00_00_00_05,G&Wp,average,20,1325.78,0.58,00,00,00,05
Shipping_Economic_Loss,00_00_00_05,G&Wp,average,60,3591.8,0.57,00,00,00,05
Shipping_Economic_Loss,00_00_00_05,G&Wp,average,100,5533.42,0.5,00,00,00,05
Shipping_Economic_Loss,00_00_00_05,Wp,average,20,1364.18,0.57,00,00,00,05
Shipping_Economic_Loss,00_00_00_05,Wp,average,60,3234.39,0.45,00,00,00,05
Shipping_Economic_Loss,00_00_00_05,Wp,average,100,5177.96,0.37,00,00,00,05
Shipping_Economic_Loss,00_00_00_07,D,average,20,1036.01,0.47,00,00,00,07
Shipping_Economic_Loss,00_00_00_07,D,average,60,1609.45,0.29,00,00,00,07
Shipping_Economic_Loss,00_00_00_07,D,average,100,2166.27,0.24,00,00,00,07
Shipping_Economic_Loss,00_00_00_07,D&G,average,20,1030.59,0.47,00,00,00,07
Shipping_Economic_Loss,00_00_00_07,D&G,average,60,1575.1,0.29,00,00,00,07
Shipping_Economic_Loss,00_00_00_07,D&G,average,100,2078.93,0.24,00,00,00,07
Shipping_Economic_Loss,00_00_00_07,D&G&Wp,average,20,1042.01,0.46,00,00,00,07
Shipping_Economic_Loss,00_00_00_07,D&G&Wp,average,60,1764.93,0.29,00,00,00,07
Shipping_Economic_Loss,00_00_00_07,D&G&Wp,average,100,2748.67,0.26,00,00,00,07
Shipping_Economic_Loss,00_00_00_07,D&Wp,average,20,1050.42,0.46,00,00,00,07
Shipping_Economic_Loss,00_00_00_07,D&Wp,average,60,1877.01,0.29,00,00,00,07
Shipping_Economic_Loss,00_00_00_07,D&Wp,average,100,3127.2,0.27,00,00,00,07
Shipping_Economic_Loss,00_00_00_07,G,average,20,1025.17,0.47,00,00,00,07
Shipping_Economic_Loss,00_00_00_07,G,average,60,1540.76,0.29,00,00,00,07
Shipping_Economic_Loss,00_00_00_07,G,average,100,1991.6,0.24,00,00,00,07
Shipping_Economic_Loss,00_00_00_07,G&Wp,average,20,1045.0,0.46,00,00,00,07
Shipping_Economic_Loss,00_00_00_07,G&Wp,average,60,1842.66,0.29,00,00,00,07
Shipping_Economic_Loss,00_00_00_07,G&Wp,average,100,3039.86,0.27,00,00,00,07
Shipping_Economic_Loss,00_00_00_07,Wp,average,20,1064.84,0.45,00,00,00,07
Shipping_Economic_Loss,00_00_00_07,Wp,average,60,2144.57,0.3,00,00,00,07
Shipping_Economic_Loss,00_00_00_07,Wp,average,100,4088.13,0.3,00,00,00,07
Shipping_Economic_Loss,00_00_00_08,D,average,20,1036.01,0.47,00,00,00,08
Shipping_Economic_Loss,00_00_00_08,D,average,60,1609.45,0.29,00,00,00,08
Shipping_Economic_Loss,00_00_00_08,D,average,100,2166.27,0.24,00,00,00,08
Shipping_Economic_Loss,00_00_00_08,D&G,average,20,1030.59,0.47,00,00,00,08
Shipping_Economic_Loss,00_00_00_08,D&G,average,60,1575.1,0.29,00,00,00,08
Shipping_Economic_Loss,00_00_00_08,D&G,average,100,2078.93,0.24,00,00,00,08
Shipping_Economic_Loss,00_00_00_08,D&G&Wp,average,20,1042.01,0.46,00,00,00,08
Shipping_Economic_Loss,00_00_00_08,D&G&Wp,average,60,1764.93,0.29,00,00,00,08
Shipping_Economic_Loss,00_00_00_08,D&G&Wp,average,100,2748.67,0.26,00,00,00,08
Shipping_Economic_Loss,00_00_00_08,D&Wp,average,20,1050.42,0.46,00,00,00,08
Shipping_Economic_Loss,00_00_00_08,D&Wp,average,60,1877.01,0.29,00,00,00,08
Shipping_Economic_Loss,00_00_00_08,D&Wp,average,100,3127.2,0.27,00,00,00,08
Shipping_Economic_Loss,00_00_00_08,G,average,20,1025.17,0.47,00,00,00,08
Shipping_Economic_Loss,00_00_00_08,G,average,60,1540.76,0.29,00,00,00,08
Shipping_Economic_Loss,00_00_00_08,G,average,100,1991.6,0.24,00,00,00,08
Shipping_Economic_Loss,00_00_00_08,G&Wp,average,20,1045.0,0.46,00,00,00,08
Shipping_Economic_Loss,00_00_00_08,G&Wp,average,60,1842.66,0.29,00,00,00,08
Shipping_Economic_Loss,00_00_00_08,G&Wp,average,100,3039.86,0.27,00,00,00,08
Shipping_Economic_Loss,00_00_00_08,Wp,average,20,1064.84,0.45,00,00,00,08
Shipping_Economic_Loss,00_00_00_08,Wp,average,60,2144.57,0.3,00,00,00,08
Shipping_Economic_Loss,00_00_00_08,Wp,average,100,4088.13,0.3,00,00,00,08
Shipping_Economic_Loss,00_00_00_09,D,average,20,1036.01,0.47,00,00,00,09
Shipping_Economic_Loss,00_00_00_09,D,average,60,1609.45,0.29,00,00,00,09
Shipping_Economic_Loss,00_00_00_09,D,average,100,2166.27,0.24,00,00,00,09
Shipping_Economic_Loss,00_00_00_09,D&G,average,20,1030.59,0.47,00,00,00,09
Shipping_Economic_Loss,00_00_00_09,D&G,average,60,1575.1,0.29,00,00,00,09
Shipping_Economic_Loss,00_00_00_09,D&G,average,100,2078.93,0.24,00,00,00,09
Shipping_Economic_Loss,00_00_00_09,D&G&Wp,average,20,1042.01,0.46,00,00,00,09
Shipping_Economic_Loss,00_00_00_09,D&G&Wp,average,60,1764.93,0.29,00,00,00,09
Shipping_Economic_Loss,00_00_00_09,D&G&Wp,average,100,2748.67,0.26,00,00,00,09
Shipping_Economic_Loss,00_00_00_09,D&Wp,average,20,1050.42,0.46,00,00,00,09
Shipping_Economic_Loss,00_00_00_09,D&Wp,average,60,1877.01,0.29,00,00,00,09
Shipping_Economic_Loss,00_00_00_09,D&Wp,average,100,3127.2,0.27,00,00,00,09
Shipping_Economic_Loss,00_00_00_09,G,average,20,1025.17,0.47,00,00,00,09
Shipping_Economic_Loss,00_00_00_09,G,average,60,1540.76,0.29,00,00,00,09
Shipping_Economic_Loss,00_00_00_09,G,average,100,1991.6,0.24,00,00,00,09
Shipping_Economic_Loss,00_00_00_09,G&Wp,average,20,1045.0,0.46,00,00,00,09
Shipping_Economic_Loss,00_00_00_09,G&Wp,average,60,1842.66,0.29,00,00,00,09
Shipping_Economic_Loss,00_00_00_09,G&Wp,average,100,3039.86,0.27,00,00,00,09
Shipping_Economic_Loss,00_00_00_09,Wp,average,20,1064.84,0.45,00,00,00,09
Shipping_Economic_Loss,00_00_00_09,Wp,average,60,2144.57,0.3,00,00,00,09
Shipping_Economic_Loss,00_00_00_09,Wp,average,100,4088.13,0.3,00,00,00,09
Shipping_Economic_Loss,00_01_00_00,D,average,20,2222.52,1.0,00,01,00,00
Shipping_Economic_Loss,00_01_00_00,D,average,60,5633.82,1.0,00,01,00,00
Shipping_Economic_Loss,00_01_00_00,D,average,100,9008.45,1.0,00,01,00,00
Shipping_Economic_Loss,00_01_00_00,D&G,average,20,2207.73,1.0,00,01,00,00
Shipping_Economic_Loss,00_01_00_00,D&G,average,60,5514.98,1.0,00,01,00,00
Shipping_Economic_Loss,00_01_00_00,D&G,average,100,8686.15,1.0,00,01,00,00
Shipping_Economic_Loss,00_01_00_00,D&G&Wp,average,20,2262.94,1.0,00,01,00,00
Shipping_Economic_Loss,00_01_00_00,D&G&Wp,average,60,6053.8,1.0,00,01,00,00
Shipping_Economic_Loss,00_01_00_00,D&G&Wp,average,100,10400.0,1.0,00,01,00,00
Shipping_Economic_Loss,00_01_00_00,D&Wp,average,20,2297.93,1.0,00,01,00,00
Shipping_Economic_Loss,00_01_00_00,D&Wp,average,60,6382.63,1.0,00,01,00,00
Shipping_Economic_Loss,00_01_00_00,D&Wp,average,100,11418.07,1.0,00,01,00,00
Shipping_Economic_Loss,00_01_00_00,G,average,20,2192.94,1.0,00,01,00,00
Shipping_Economic_Loss,00_01_00_00,G,average,60,5396.14,1.0,00,01,00,00
Shipping_Economic_Loss,00_01_00_00,G,average,100,8363.85,1.0,00,01,00,00
Shipping_Economic_Loss,00_01_00_00,G&Wp,average,20,2283.14,1.0,00,01,00,00
Shipping_Economic_Loss,00_01_00_00,G&Wp,average,60,6263.78,1.0,00,01,00,00
Shipping_Economic_Loss,00_01_00_00,G&Wp,average,100,11095.77,1.0,00,01,00,00
Shipping_Economic_Loss,00_01_00_00,Wp,average,20,2373.34,1.0,00,01,00,00
Shipping_Economic_Loss,00_01_00_00,Wp,average,60,7131.43,1.0,00,01,00,00
Shipping_Economic_Loss,00_01_00_00,Wp,average,100,13827.7,1.0,00,01,00,00
Shipping_Economic_Loss,00_01_00_01,D,average,20,1778.37,0.8,00,01,00,01
Shipping_Economic_Loss,00_01_00_01,D,average,60,3252.54,0.58,00,01,00,01
Shipping_Economic_Loss,00_01_00_01,D,average,100,4697.55,0.52,00,01,00,01
Shipping_Economic_Loss,00_01_00_01,D&G,average,20,1768.37,0.8,00,01,00,01
Shipping_Economic_Loss,00_01_00_01,D&G,average,60,3197.42,0.58,00,01,00,01
Shipping_Economic_Loss,00_01_00_01,D&G,average,100,4546.31,0.52,00,01,00,01
Shipping_Economic_Loss,00_01_00_01,D&G&Wp,average,20,1791.42,0.79,00,01,00,01
Shipping_Economic_Loss,00_01_00_01,D&G&Wp,average,60,3147.95,0.52,00,01,00,01
Shipping_Economic_Loss,00_01_00_01,D&G&Wp,average,100,4598.71,0.44,00,01,00,01
Shipping_Economic_Loss,00_01_00_01,D&Wp,average,20,1807.94,0.79,00,01,00,01
Shipping_Economic_Loss,00_01_00_01,D&Wp,average,60,3150.78,0.49,00,01,00,01
Shipping_Economic_Loss,00_01_00_01,D&Wp,average,100,4700.53,0.41,00,01,00,01
Shipping_Economic_Loss,00_01_00_01,G,average,20,1758.38,0.8,00,01,00,01
Shipping_Economic_Loss,00_01_00_01,G,average,60,3142.3,0.58,00,01,00,01
Shipping_Economic_Loss,00_01_00_01,G,average,100,4395.07,0.53,00,01,00,01
Shipping_Economic_Loss,00_01_00_01,G&Wp,average,20,1797.94,0.79,00,01,00,01
Shipping_Economic_Loss,00_01_00_01,G&Wp,average,60,3095.66,0.49,00,01,00,01
Shipping_Economic_Loss,00_01_00_01,G&Wp,average,100,4549.29,0.41,00,01,00,01
Shipping_Economic_Loss,00_01_00_01,Wp,average,20,1837.51,0.77,00,01,00,01
Shipping_Economic_Loss,00_01_00_01,Wp,average,60,3049.01,0.43,00,01,00,01
Shipping_Economic_Loss,00_01_00_01,Wp,average,100,4703.5,0.34,00,01,00,01
Shipping_Economic_Loss,00_01_00_02,D,average,20,1926.9,0.87,00,01,00,02
Shipping_Economic_Loss,00_01_00_02,D,average,60,4826.49,0.86,00,01,00,02
Shipping_Economic_Loss,00_01_00_02,D,average,100,7694.93,0.85,00,01,00,02
Shipping_Economic_Loss,00_01_00_02,D&G,average,20,1914.93,0.87,00,01,00,02
Shipping_Economic_Loss,00_01_00_02,D&G,average,60,4726.09,0.86,00,01,00,02
Shipping_Economic_Loss,00_01_00_02,D&G,average,100,7421.59,0.85,00,01,00,02
Shipping_Economic_Loss,00_01_00_02,D&G&Wp,average,20,1954.32,0.86,00,01,00,02
Shipping_Economic_Loss,00_01_00_02,D&G&Wp,average,60,4622.63,0.76,00,01,00,02
Shipping_Economic_Loss,00_01_00_02,D&G&Wp,average,100,6971.12,0.67,00,01,00,02
Shipping_Economic_Loss,00_01_00_02,D&Wp,average,20,1979.99,0.86,00,01,00,02
Shipping_Economic_Loss,00_01_00_02,D&Wp,average,60,4621.1,0.72,00,01,00,02
Shipping_Economic_Loss,00_01_00_02,D&Wp,average,100,6882.56,0.6,00,01,00,02
Shipping_Economic_Loss,00_01_00_02,G,average,20,1902.97,0.87,00,01,00,02
Shipping_Economic_Loss,00_01_00_02,G,average,60,4625.7,0.86,00,01,00,02
Shipping_Economic_Loss,00_01_00_02,G,average,100,7148.24,0.86,00,01,00,02
Shipping_Economic_Loss,00_01_00_02,G&Wp,average,20,1968.03,0.86,00,01,00,02
Shipping_Economic_Loss,00_01_00_02,G&Wp,average,60,4520.7,0.72,00,01,00,02
Shipping_Economic_Loss,00_01_00_02,G&Wp,average,100,6609.22,0.6,00,01,00,02
Shipping_Economic_Loss,00_01_00_02,Wp,average,20,2033.08,0.86,00,01,00,02
Shipping_Economic_Loss,00_01_00_02,Wp,average,60,4415.7,0.62,00,01,00,02
Shipping_Economic_Loss,00_01_00_02,Wp,average,100,6070.19,0.44,00,01,00,02
Shipping_Economic_Loss,00_01_00_04,D,average,20,1306.08,0.59,00,01,00,04
Shipping_Economic_Loss,00_01_00_04,D,average,60,4494.99,0.8,00,01,00,04
Shipping_Economic_Loss,00_01_00_04,D,average,100,7560.53,0.84,00,01,00,04
Shipping_Economic_Loss,00_01_00_04,D&G,average,20,1296.73,0.59,00,01,00,04
Shipping_Economic_Loss,00_01_00_04,D&G,average,60,4444.61,0.81,00,01,00,04
Shipping_Economic_Loss,00_01_00_04,D&G,average,100,7369.59,0.85,00,01,00,04
Shipping_Economic_Loss,00_01_00_04,D&G&Wp,average,20,1319.21,0.58,00,01,00,04
Shipping_Economic_Loss,00_01_00_04,D&G&Wp,average,60,4305.25,0.71,00,01,00,04
Shipping_Economic_Loss,00_01_00_04,D&G&Wp,average,100,6806.74,0.65,00,01,00,04
Shipping_Economic_Loss,00_01_00_04,D&Wp,average,20,1335.13,0.58,00,01,00,04
Shipping_Economic_Loss,00_01_00_04,D&Wp,average,60,4260.77,0.67,00,01,00,04
Shipping_Economic_Loss,00_01_00_04,D&Wp,average,100,6620.78,0.58,00,01,00,04
Shipping_Economic_Loss,00_01_00_04,G,average,20,1287.38,0.59,00,01,00,04
Shipping_Economic_Loss,00_01_00_04,G,average,60,4394.23,0.81,00,01,00,04
Shipping_Economic_Loss,00_01_00_04,G,average,100,7178.64,0.86,00,01,00,04
Shipping_Economic_Loss,00_01_00_04,G&Wp,average,20,1325.78,0.58,00,01,00,04
Shipping_Economic_Loss,00_01_00_04,G&Wp,average,60,4210.38,0.67,00,01,00,04
Shipping_Economic_Loss,00_01_00_04,G&Wp,average,100,6429.84,0.58,00,01,00,04
Shipping_Economic_Loss,00_01_00_04,Wp,average,20,1364.18,0.57,00,01,00,04
Shipping_Economic_Loss,00_01_00_04,Wp,average,60,4026.54,0.56,00,01,00,04
Shipping_Economic_Loss,00_01_00_04,Wp,average,100,5681.03,0.41,00,01,00,04
Shipping_Economic_Loss,00_01_00_05,D,average,20,1306.08,0.59,00,01,00,05
Shipping_Economic_Loss,00_01_00_05,D,average,60,3483.76,0.62,00,01,00,05
Shipping_Economic_Loss,00_01_00_05,D,average,100,5147.34,0.57,00,01,00,05
Shipping_Economic_Loss,00_01_00_05,D&G,average,20,1296.73,0.59,00,01,00,05
Shipping_Economic_Loss,00_01_00_05,D&G,average,60,3717.21,0.67,00,01,00,05
Shipping_Economic_Loss,00_01_00_05,D&G,average,100,5519.76,0.64,00,01,00,05
Shipping_Economic_Loss,00_01_00_05,D&G&Wp,average,20,1319.21,0.58,00,01,00,05
Shipping_Economic_Loss,00_01_00_05,D&G&Wp,average,60,3556.77,0.59,00,01,00,05
Shipping_Economic_Loss,00_01_00_05,D&G&Wp,average,100,5407.29,0.52,00,01,00,05
Shipping_Economic_Loss,00_01_00_05,D&Wp,average,20,1335.13,0.58,00,01,00,05
Shipping_Economic_Loss,00_01_00_05,D&Wp,average,60,3359.83,0.53,00,01,00,05
Shipping_Economic_Loss,00_01_00_05,D&Wp,average,100,5164.84,0.45,00,01,00,05
Shipping_Economic_Loss,00_01_00_05,G,average,20,1287.38,0.59,00,01,00,05
Shipping_Economic_Loss,00_01_00_05,G,average,60,3950.66,0.73,00,01,00,05
Shipping_Economic_Loss,00_01_00_05,G,average,100,5892.19,0.7,00,01,00,05
Shipping_Economic_Loss,00_01_00_05,G&Wp,average,20,1325.78,0.58,00,01,00,05
Shipping_Economic_Loss,00_01_00_05,G&Wp,average,60,3593.28,0.57,00,01,00,05
Shipping_Economic_Loss,00_01_00_05,G&Wp,average,100,5537.27,0.5,00,01,00,05
Shipping_Economic_Loss,00_01_00_05,Wp,average,20,1364.18,0.57,00,01,00,05
Shipping_Economic_Loss,00_01_00_05,Wp,average,60,3235.89,0.45,00,01,00,05
Shipping_Economic_Loss,00_01_00_05,Wp,average,100,5182.34,0.38,00,01,00,05
Shipping_Economic_Loss,00_01_00_07,D,average,20,1036.01,0.47,00,01,00,07
Shipping_Economic_Loss,00_01_00_07,D,average,60,1609.95,0.29,00,01,00,07
Shipping_Economic_Loss,00_01_00_07,D,average,100,2167.51,0.24,00,01,00,07
Shipping_Economic_Loss,00_01_00_07,D&G,average,20,1030.59,0.47,00,01,00,07
Shipping_Economic_Loss,00_01_00_07,D&G,average,60,1575.6,0.29,00,01,00,07
Shipping_Economic_Loss,00_01_00_07,D&G,average,100,2080.15,0.24,00,01,00,07
Shipping_Economic_Loss,00_01_00_07,D&G&Wp,average,20,1042.01,0.46,00,01,00,07
Shipping_Economic_Loss,00_01_00_07,D&G&Wp,average,60,1765.73,0.29,00,01,00,07
Shipping_Economic_Loss,00_01_00_07,D&G&Wp,average,100,2750.91,0.26,00,01,00,07
Shipping_Economic_Loss,00_01_00_07,D&Wp,average,20,1050.42,0.46,00,01,00,07
Shipping_Economic_Loss,00_01_00_07,D&Wp,average,60,1877.96,0.29,00,01,00,07
Shipping_Economic_Loss,00_01_00_07,D&Wp,average,100,3129.97,0.27,00,01,00,07
Shipping_Economic_Loss,00_01_00_07,G,average,20,1025.17,0.47,00,01,00,07
Shipping_Economic_Loss,00_01_00_07,G,average,60,1541.25,0.29,00,01,00,07
Shipping_Economic_Loss,00_01_00_07,G,average,100,1992.8,0.24,00,01,00,07
Shipping_Economic_Loss,00_01_00_07,G&Wp,average,20,1045.0,0.46,00,01,00,07
Shipping_Economic_Loss,00_01_00_07,G&Wp,average,60,1843.62,0.29,00,01,00,07
Shipping_Economic_Loss,00_01_00_07,G&Wp,average,100,3042.62,0.27,00,01,00,07
Shipping_Economic_Loss,00_01_00_07,Wp,average,20,1064.84,0.45,00,01,00,07
Shipping_Economic_Loss,00_01_00_07,Wp,average,60,2145.98,0.3,00,01,00,07
Shipping_Economic_Loss,00_01_00_07,Wp,average,100,4092.43,0.3,00,01,00,07
Shipping_Economic_Loss,00_01_00_08,D,average,20,1036.01,0.47,00,01,00,08
Shipping_Economic_Loss,00_01_00_08,D,average,60,1609.95,0.29,00,01,00,08
Shipping_Economic_Loss,00_01_00_08,D,average,100,2167.51,0.24,00,01,00,08
Shipping_Economic_Loss,00_01_00_08,D&G,average,20,1030.59,0.47,00,01,00,08
Shipping_Economic_Loss,00_01_00_08,D&G,average,60,1575.6,0.29,00,01,00,08
Shipping_Economic_Loss,00_01_00_08,D&G,average,100,2080.15,0.24,00,01,00,08
Shipping_Economic_Loss,00_01_00_08,D&G&Wp,average,20,1042.01,0.46,00,01,00,08
Shipping_Economic_Loss,00_01_00_08,D&G&Wp,average,60,1765.73,0.29,00,01,00,08
Shipping_Economic_Loss,00_01_00_08,D&G&Wp,average,100,2750.91,0.26,00,01,00,08
Shipping_Economic_Loss,00_01_00_08,D&Wp,average,20,1050.42,0.46,00,01,00,08
Shipping_Economic_Loss,00_01_00_08,D&Wp,average,60,1877.96,0.29,00,01,00,08
Shipping_Economic_Loss,00_01_00_08,D&Wp,average,100,3129.97,0.27,00,01,00,08
Shipping_Economic_Loss,00_01_00_08,G,average,20,1025.17,0.47,00,01,00,08
Shipping_Economic_Loss,00_01_00_08,G,average,60,1541.25,0.29,00,01,00,08
Shipping_Economic_Loss,00_01_00_08,G,average,100,1992.8,0.24,00,01,00,08
Shipping_Economic_Loss,00_01_00_08,G&Wp,average,20,1045.0,0.46,00,01,00,08
Shipping_Economic_Loss,00_01_00_08,G&Wp,average,60,1843.62,0.29,00,01,00,08
Shipping_Economic_Loss,00_01_00_08,G&Wp,average,100,3042.62,0.27,00,01,00,08
Shipping_Economic_Loss,00_01_00_08,Wp,average,20,1064.84,0.45,00,01,00,08
Shipping_Economic_Loss,00_01_00_08,Wp,average,60,2145.98,0.3,00,01,00,08
Shipping_Economic_Loss,00_01_00_08,Wp,average,100,4092.43,0.3,00,01,00,08
Shipping_Economic_Loss,00_01_00_09,D,average,20,1036.01,0.47,00,01,00,09
Shipping_Economic_Loss,00_01_00_09,D,average,60,1609.95,0.29,00,01,00,09
Shipping_Economic_Loss,00_01_00_09,D,average,100,2167.51,0.24,00,01,00,09
Shipping_Economic_Loss,00_01_00_09,D&G,average,20,1030.59,0.47,00,01,00,09
Shipping_Economic_Loss,00_01_00_09,D&G,average,60,1575.6,0.29,00,01,00,09
Shipping_Economic_Loss,00_01_00_09,D&G,average,100,2080.15,0.24,00,01,00,09
Shipping_Economic_Loss,00_01_00_09,D&G&Wp,average,20,1042.01,0.46,00,01,00,09
Shipping_Economic_Loss,00_01_00_09,D&G&Wp,average,60,1765.73,0.29,00,01,00,09
Shipping_Economic_Loss,00_01_00_09,D&G&Wp,average,100,2750.91,0.26,00,01,00,09
Shipping_Economic_Loss,00_01_00_09,D&Wp,average,20,1050.42,0.46,00,01,00,09
Shipping_Economic_Loss,00_01_00_09,D&Wp,average,60,1877.96,0.29,00,01,00,09
Shipping_Economic_Loss,00_01_00_09,D&Wp,average,100,3129.97,0.27,00,01,00,09
Shipping_Economic_Loss,00_01_00_09,G,average,20,1025.17,0.47,00,01,00,09
Shipping_Economic_Loss,00_01_00_09,G,average,60,1541.25,0.29,00,01,00,09
Shipping_Economic_Loss,00_01_00_09,G,average,100,1992.8,0.24,00,01,00,09
Shipping_Economic_Loss,00_01_00_09,G&Wp,average,20,1045.0,0.46,00,01,00,09
Shipping_Economic_Loss,00_01_00_09,G&Wp,average,60,1843.62,0.29,00,01,00,09
Shipping_Economic_Loss,00_01_00_09,G&Wp,average,100,3042.62,0.27,00,01,00,09
Shipping_Economic_Loss,00_01_00_09,Wp,average,20,1064.84,0.45,00,01,00,09
Shipping_Economic_Loss,00_01_00_09,Wp,average,60,2145.98,0.3,00,01,00,09
Shipping_Economic_Loss,00_01_00_09,Wp,average,100,4092.43,0.3,00,01,00,09
Shipping_Economic_Loss,00_03_00_00,D,average,20,2222.52,1.0,00,03,00,00
Shipping_Economic_Loss,00_03_00_00,D,average,60,5633.73,1.0,00,03,00,00
Shipping_Economic_Loss,00_03_00_00,D,average,100,9008.35,1.0,00,03,00,00
Shipping_Economic_Loss,00_03_00_00,D&G,average,20,2207.73,1.0,00,03,00,00
Shipping_Economic_Loss,00_03_00_00,D&G,average,60,5514.92,1.0,00,03,00,00
Shipping_Economic_Loss,00_03_00_00,D&G,average,100,8686.09,1.0,00,03,00,00
Shipping_Economic_Loss,00_03_00_00,D&G&Wp,average,20,2262.94,1.0,00,03,00,00
Shipping_Economic_Loss,00_03_00_00,D&G&Wp,average,60,6053.76,1.0,00,03,00,00
Shipping_Economic_Loss,00_03_00_00,D&G&Wp,average,100,10399.96,1.0,00,03,00,00
Shipping_Economic_Loss,00_03_00_00,D&Wp,average,20,2297.93,1.0,00,03,00,00
Shipping_Economic_Loss,00_03_00_00,D&Wp,average,60,6382.58,1.0,00,03,00,00
Shipping_Economic_Loss,00_03_00_00,D&Wp,average,100,11418.02,1.0,00,03,00,00
Shipping_Economic_Loss,00_03_00_00,G,average,20,2192.94,1.0,00,03,00,00
Shipping_Economic_Loss,00_03_00_00,G,average,60,5396.12,1.0,00,03,00,00
Shipping_Economic_Loss,00_03_00_00,G,average,100,8363.82,1.0,00,03,00,00
Shipping_Economic_Loss,00_03_00_00,G&Wp,average,20,2283.14,1.0,00,03,00,00
Shipping_Economic_Loss,00_03_00_00,G&Wp,average,60,6263.77,1.0,00,03,00,00
Shipping_Economic_Loss,00_03_00_00,G&Wp,average,100,11095.76,1.0,00,03,00,00
Shipping_Economic_Loss,00_03_00_00,Wp,average,20,2373.34,1.0,00,03,00,00
Shipping_Economic_Loss,00_03_00_00,Wp,average,60,7131.43,1.0,00,03,00,00
Shipping_Economic_Loss,00_03_00_00,Wp,average,100,13827.7,1.0,00,03,00,00
Shipping_Economic_Loss,00_03_00_01,D,average,20,1778.37,0.8,00,03,00,01
Shipping_Economic_Loss,00_03_00_01,D,average,60,3252.5,0.58,00,03,00,01
Shipping_Economic_Loss,00_03_00_01,D,average,100,4697.5,0.52,00,03,00,01
Shipping_Economic_Loss,00_03_00_01,D&G,average,20,1768.37,0.8,00,03,00,01
Shipping_Economic_Loss,00_03_00_01,D&G,average,60,3197.4,0.58,00,03,00,01
Shipping_Economic_Loss,00_03_00_01,D&G,average,100,4546.28,0.52,00,03,00,01
Shipping_Economic_Loss,00_03_00_01,D&G&Wp,average,20,1791.42,0.79,00,03,00,01
Shipping_Economic_Loss,00_03_00_01,D&G&Wp,average,60,3147.94,0.52,00,03,00,01
Shipping_Economic_Loss,00_03_00_01,D&G&Wp,average,100,4598.69,0.44,00,03,00,01
Shipping_Economic_Loss,00_03_00_01,D&Wp,average,20,1807.94,0.79,00,03,00,01
Shipping_Economic_Loss,00_03_00_01,D&Wp,average,60,3150.75,0.49,00,03,00,01
Shipping_Economic_Loss,00_03_00_01,D&Wp,average,100,4700.5,0.41,00,03,00,01
Shipping_Economic_Loss,00_03_00_01,G,average,20,1758.38,0.8,00,03,00,01
Shipping_Economic_Loss,00_03_00_01,G,average,60,3142.3,0.58,00,03,00,01
Shipping_Economic_Loss,00_03_00_01,G,average,100,4395.07,0.53,00,03,00,01
Shipping_Economic_Loss,00_03_00_01,G&Wp,average,20,1797.94,0.79,00,03,00,01
Shipping_Economic_Loss,00_03_00_01,G&Wp,average,60,3095.66,0.49,00,03,00,01
Shipping_Economic_Loss,00_03_00_01,G&Wp,average,100,4549.29,0.41,00,03,00,01
Shipping_Economic_Loss,00_03_00_01,Wp,average,20,1837.51,0.77,00,03,00,01
Shipping_Economic_Loss,00_03_00_01,Wp,average,60,3049.01,0.43,00,03,00,01
Shipping_Economic_Loss,00_03_00_01,Wp,average,100,4703.5,0.34,00,03,00,01
Shipping_Economic_Loss,00_03_00_02,D,average,20,1926.9,0.87,00,03,00,02
Shipping_Economic_Loss,00_03_00_02,D,average,60,4826.41,0.86,00,03,00,02
Shipping_Economic_Loss,00_03_00_02,D,average,100,7694.85,0.85,00,03,00,02
Shipping_Economic_Loss,00_03_00_02,D&G,average,20,1914.93,0.87,00,03,00,02
Shipping_Economic_Loss,00_03_00_02,D&G,average,60,4726.04,0.86,00,03,00,02
Shipping_Economic_Loss,00_03_00_02,D&G,average,100,7421.54,0.85,00,03,00,02
Shipping_Economic_Loss,00_03_00_02,D&G&Wp,average,20,1954.32,0.86,00,03,00,02
Shipping_Economic_Loss,00_03_00_02,D&G&Wp,average,60,4622.6,0.76,00,03,00,02
Shipping_Economic_Loss,00_03_00_02,D&G&Wp,average,100,6971.09,0.67,00,03,00,02
Shipping_Economic_Loss,00_03_00_02,D&Wp,average,20,1979.99,0.86,00,03,00,02
Shipping_Economic_Loss,00_03_00_02,D&Wp,average,60,4621.06,0.72,00,03,00,02
Shipping_Economic_Loss,00_03_00_02,D&Wp,average,100,6882.52,0.6,00,03,00,02
Shipping_Economic_Loss,00_03_00_02,G,average,20,1902.97,0.87,00,03,00,02
Shipping_Economic_Loss,00_03_00_02,G,average,60,4625.68,0.86,00,03,00,02
Shipping_Economic_Loss,00_03_00_02,G,average,100,7148.22,0.86,00,03,00,02
Shipping_Economic_Loss,00_03_00_02,G&Wp,average,20,1968.03,0.86,00,03,00,02
Shipping_Economic_Loss,00_03_00_02,G&Wp,average,60,4520.69,0.72,00,03,00,02
Shipping_Economic_Loss,00_03_00_02,G&Wp,average,100,6609.21,0.6,00,03,00,02
Shipping_Economic_Loss,00_03_00_02,Wp,average,20,2033.08,0.86,00,03,00,02
Shipping_Economic_Loss,00_03_00_02,Wp,average,60,4415.7,0.62,00,03,00,02
Shipping_Economic_Loss,00_03_00_02,Wp,average,100,6070.19,0.44,00,03,00,02
Shipping_Economic_Loss,00_03_00_04,D,average,20,1306.08,0.59,00,03,00,04
Shipping_Economic_Loss,00_03_00_04,D,average,60,4494.9,0.8,00,03,00,04
Shipping_Economic_Loss,00_03_00_04,D,average,100,7560.44,0.84,00,03,00,04
Shipping_Economic_Loss,00_03_00_04,D&G,average,20,1296.73,0.59,00,03,00,04
Shipping_Economic_Loss,00_03_00_04,D&G,average,60,4444.55,0.81,00,03,00,04
Shipping_Economic_Loss,00_03_00_04,D&G,average,100,7369.53,0.85,00,03,00,04
Shipping_Economic_Loss,00_03_00_04,D&G&Wp,average,20,1319.21,0.58,00,03,00,04
Shipping_Economic_Loss,00_03_00_04,D&G&Wp,average,60,4305.22,0.71,00,03,00,04
Shipping_Economic_Loss,00_03_00_04,D&G&Wp,average,100,6806.7,0.65,00,03,00,04
Shipping_Economic_Loss,00_03_00_04,D&Wp,average,20,1335.13,0.58,00,03,00,04
Shipping_Economic_Loss,00_03_00_04,D&Wp,average,60,4260.72,0.67,00,03,00,04
Shipping_Economic_Loss,00_03_00_04,D&Wp,average,100,6620.74,0.58,00,03,00,04
Shipping_Economic_Loss,00_03_00_04,G,average,20,1287.38,0.59,00,03,00,04
Shipping_Economic_Loss,00_03_00_04,G,average,60,4394.2,0.81,00,03,00,04
Shipping_Economic_Loss,00_03_00_04,G,average,100,7178.62,0.86,00,03,00,04
Shipping_Economic_Loss,00_03_00_04,G&Wp,average,20,1325.78,0.58,00,03,00,04
Shipping_Economic_Loss,00_03_00_04,G&Wp,average,60,4210.37,0.67,00,03,00,04
Shipping_Economic_Loss,00_03_00_04,G&Wp,average,100,6429.82,0.58,00,03,00,04
Shipping_Economic_Loss,00_03_00_04,Wp,average,20,1364.18,0.57,00,03,00,04
Shipping_Economic_Loss,00_03_00_04,Wp,average,60,4026.54,0.56,00,03,00,04
Shipping_Economic_Loss,00_03_00_04,Wp,average,100,5681.03,0.41,00,03,00,04
Shipping_Economic_Loss,00_03_00_05,D,average,20,1306.08,0.59,00,03,00,05
Shipping_Economic_Loss,00_03_00_05,D,average,60,3483.71,0.62,00,03,00,05
Shipping_Economic_Loss,00_03_00_05,D,average,100,5147.28,0.57,00,03,00,05
Shipping_Economic_Loss,00_03_00_05,D&G,average,20,1296.73,0.59,00,03,00,05
Shipping_Economic_Loss,00_03_00_05,D&G,average,60,3717.17,0.67,00,03,00,05
Shipping_Economic_Loss,00_03_00_05,D&G,average,100,5519.72,0.64,00,03,00,05
Shipping_Economic_Loss,00_03_00_05,D&G&Wp,average,20,1319.21,0.58,00,03,00,05
Shipping_Economic_Loss,00_03_00_05,D&G&Wp,average,60,3556.75,0.59,00,03,00,05
Shipping_Economic_Loss,00_03_00_05,D&G&Wp,average,100,5407.26,0.52,00,03,00,05
Shipping_Economic_Loss,00_03_00_05,D&Wp,average,20,1335.13,0.58,00,03,00,05
Shipping_Economic_Loss,00_03_00_05,D&Wp,average,60,3359.8,0.53,00,03,00,05
Shipping_Economic_Loss,00_03_00_05,D&Wp,average,100,5164.81,0.45,00,03,00,05
Shipping_Economic_Loss,00_03_00_05,G,average,20,1287.38,0.59,00,03,00,05
Shipping_Economic_Loss,00_03_00_05,G,average,60,3950.64,0.73,00,03,00,05
Shipping_Economic_Loss,00_03_00_05,G,average,100,5892.16,0.7,00,03,00,05
Shipping_Economic_Loss,00_03_00_05,G&Wp,average,20,1325.78,0.58,00,03,00,05
Shipping_Economic_Loss,00_03_00_05,G&Wp,average,60,3593.27,0.57,00,03,00,05
Shipping_Economic_Loss,00_03_00_05,G&Wp,average,100,5537.25,0.5,00,03,00,05
Shipping_Economic_Loss,00_03_00_05,Wp,average,20,1364.18,0.57,00,03,00,05
Shipping_Economic_Loss,00_03_00_05,Wp,average,60,3235.89,0.45,00,03,00,05
Shipping_Economic_Loss,00_03_00_05,Wp,average,100,5182.34,0.38,00,03,00,05
Shipping_Economic_Loss,00_03_00_07,D,average,20,1036.01,0.47,00,03,00,07
Shipping_Economic_Loss,00_03_00_07,D,average,60,1609.92,0.29,00,03,00,07
Shipping_Economic_Loss,00_03_00_07,D,average,100,2167.48,0.24,00,03,00,07
Shipping_Economic_Loss,00_03_00_07,D&G,average,20,1030.59,0.47,00,03,00,07
Shipping_Economic_Loss,00_03_00_07,D&G,average,60,1575.58,0.29,00,03,00,07
Shipping_Economic_Loss,00_03_00_07,D&G,average,100,2080.14,0.24,00,03,00,07
Shipping_Economic_Loss,00_03_00_07,D&G&Wp,average,20,1042.01,0.46,00,03,00,07
Shipping_Economic_Loss,00_03_00_07,D&G&Wp,average,60,1765.72,0.29,00,03,00,07
Shipping_Economic_Loss,00_03_00_07,D&G&Wp,average,100,2750.9,0.26,00,03,00,07
Shipping_Economic_Loss,00_03_00_07,D&Wp,average,20,1050.42,0.46,00,03,00,07
Shipping_Economic_Loss,00_03_00_07,D&Wp,average,60,1877.95,0.29,00,03,00,07
Shipping_Economic_Loss,00_03_00_07,D&Wp,average,100,3129.95,0.27,00,03,00,07
Shipping_Economic_Loss,00_03_00_07,G,average,20,1025.17,0.47,00,03,00,07
Shipping_Economic_Loss,00_03_00_07,G,average,60,1541.25,0.29,00,03,00,07
Shipping_Economic_Loss,00_03_00_07,G,average,100,1992.8,0.24,00,03,00,07
Shipping_Economic_Loss,00_03_00_07,G&Wp,average,20,1045.0,0.46,00,03,00,07
Shipping_Economic_Loss,00_03_00_07,G&Wp,average,60,1843.61,0.29,00,03,00,07
Shipping_Economic_Loss,00_03_00_07,G&Wp,average,100,3042.61,0.27,00,03,00,07
Shipping_Economic_Loss,00_03_00_07,Wp,average,20,1064.84,0.45,00,03,00,07
Shipping_Economic_Loss,00_03_00_07,Wp,average,60,2145.98,0.3,00,03,00,07
Shipping_Economic_Loss,00_03_00_07,Wp,average,100,4092.43,0.3,00,03,00,07
Shipping_Economic_Loss,00_03_00_08,D,average,20,1036.01,0.47,00,03,00,08
Shipping_Economic_Loss,00_03_00_08,D,average,60,1609.92,0.29,00,03,00,08
Shipping_Economic_Loss,00_03_00_08,D,average,100,2167.48,0.24,00,03,00,08
Shipping_Economic_Loss,00_03_00_08,D&G,average,20,1030.59,0.47,00,03,00,08
Shipping_Economic_Loss,00_03_00_08,D&G,average,60,1575.58,0.29,00,03,00,08
Shipping_Economic_Loss,00_03_00_08,D&G,average,100,2080.14,0.24,00,03,00,08
Shipping_Economic_Loss,00_03_00_08,D&G&Wp,average,20,1042.01,0.46,00,03,00,08
Shipping_Economic_Loss,00_03_00_08,D&G&Wp,average,60,1765.72,0.29,00,03,00,08
Shipping_Economic_Loss,00_03_00_08,D&G&Wp,average,100,2750.9,0.26,00,03,00,08
Shipping_Economic_Loss,00_03_00_08,D&Wp,average,20,1050.42,0.46,00,03,00,08
Shipping_Economic_Loss,00_03_00_08,D&Wp,average,60,1877.95,0.29,00,03,00,08
Shipping_Economic_Loss,00_03_00_08,D&Wp,average,100,3129.95,0.27,00,03,00,08
Shipping_Economic_Loss,00_03_00_08,G,average,20,1025.17,0.47,00,03,00,08
Shipping_Economic_Loss,00_03_00_08,G,average,60,1541.25,0.29,00,03,00,08
Shipping_Economic_Loss,00_03_00_08,G,average,100,1992.8,0.24,00,03,00,08
Shipping_Economic_Loss,00_03_00_08,G&Wp,average,20,1045.0,0.46,00,03,00,08
Shipping_Economic_Loss,00_03_00_08,G&Wp,average,60,1843.61,0.29,00,03,00,08
Shipping_Economic_Loss,00_03_00_08,G&Wp,average,100,3042.61,0.27,00,03,00,08
Shipping_Economic_Loss,00_03_00_08,Wp,average,20,1064.84,0.45,00,03,00,08
Shipping_Economic_Loss,00_03_00_08,Wp,average,60,2145.98,0.3,00,03,00,08
Shipping_Economic_Loss,00_03_00_08,Wp,average,100,4092.43,0.3,00,03,00,08
Shipping_Economic_Loss,00_03_00_09,D,average,20,1036.01,0.47,00,03,00,09
Shipping_Economic_Loss,00_03_00_09,D,average,60,1609.92,0.29,00,03,00,09
Shipping_Economic_Loss,00_03_00_09,D,average,100,2167.48,0.24,00,03,00,09
Shipping_Economic_Loss,00_03_00_09,D&G,average,20,1030.59,0.47,00,03,00,09
Shipping_Economic_Loss,00_03_00_09,D&G,average,60,1575.58,0.29,00,03,00,09
Shipping_Economic_Loss,00_03_00_09,D&G,average,100,2080.14,0.24,00,03,00,09
Shipping_Economic_Loss,00_03_00_09,D&G&Wp,average,20,1042.01,0.46,00,03,00,09
Shipping_Economic_Loss,00_03_00_09,D&G&Wp,average,60,1765.72,0.29,00,03,00,09
Shipping_Economic_Loss,00_03_00_09,D&G&Wp,average,100,2750.9,0.26,00,03,00,09
Shipping_Economic_Loss,00_03_00_09,D&Wp,average,20,1050.42,0.46,00,03,00,09
Shipping_Economic_Loss,00_03_00_09,D&Wp,average,60,1877.95,0.29,00,03,00,09
Shipping_Economic_Loss,00_03_00_09,D&Wp,average,100,3129.95,0.27,00,03,00,09
Shipping_Economic_Loss,00_03_00_09,G,average,20,1025.17,0.47,00,03,00,09
Shipping_Economic_Loss,00_03_00_09,G,average,60,1541.25,0.29,00,03,00,09
Shipping_Economic_Loss,00_03_00_09,G,average,100,1992.8,0.24,00,03,00,09
Shipping_Economic_Loss,00_03_00_09,G&Wp,average,20,1045.0,0.46,00,03,00,09
Shipping_Economic_Loss,00_03_00_09,G&Wp,average,60,1843.61,0.29,00,03,00,09
Shipping_Economic_Loss,00_03_00_09,G&Wp,average,100,3042.61,0.27,00,03,00,09
Shipping_Economic_Loss,00_03_00_09,Wp,average,20,1064.84,0.45,00,03,00,09
Shipping_Economic_Loss,00_03_00_09,Wp,average,60,2145.98,0.3,00,03,00,09
Shipping_Economic_Loss,00_03_00_09,Wp,average,100,4092.43,0.3,00,03,00,09
Shipping_Economic_Loss,00_05_00_00,D,average,20,2222.59,1.0,00,05,00,00
Shipping_Economic_Loss,00_05_00_00,D,average,60,5634.28,1.0,00,05,00,00
Shipping_Economic_Loss,00_05_00_00,D,average,100,9008.91,1.0,00,05,00,00
Shipping_Economic_Loss,00_05_00_00,D&G,average,20,2207.81,1.0,00,05,00,00
Shipping_Economic_Loss,00_05_00_00,D&G,average,60,5515.53,1.0,00,05,00,00
Shipping_Economic_Loss,00_05_00_00,D&G,average,100,8686.69,1.0,00,05,00,00
Shipping_Economic_Loss,00_05_00_00,D&G&Wp,average,20,2263.04,1.0,00,05,00,00
Shipping_Economic_Loss,00_05_00_00,D&G&Wp,average,60,6054.45,1.0,00,05,00,00
Shipping_Economic_Loss,00_05_00_00,D&G&Wp,average,100,10400.65,1.0,00,05,00,00
Shipping_Economic_Loss,00_05_00_00,D&Wp,average,20,2298.05,1.0,00,05,00,00
Shipping_Economic_Loss,00_05_00_00,D&Wp,average,60,6383.3,1.0,00,05,00,00
Shipping_Economic_Loss,00_05_00_00,D&Wp,average,100,11418.74,1.0,00,05,00,00
Shipping_Economic_Loss,00_05_00_00,G,average,20,2193.03,1.0,00,05,00,00
Shipping_Economic_Loss,00_05_00_00,G,average,60,5396.77,1.0,00,05,00,00
Shipping_Economic_Loss,00_05_00_00,G,average,100,8364.47,1.0,00,05,00,00
Shipping_Economic_Loss,00_05_00_00,G&Wp,average,20,2283.27,1.0,00,05,00,00
Shipping_Economic_Loss,00_05_00_00,G&Wp,average,60,6264.54,1.0,00,05,00,00
Shipping_Economic_Loss,00_05_00_00,G&Wp,average,100,11096.53,1.0,00,05,00,00
Shipping_Economic_Loss,00_05_00_00,Wp,average,20,2373.51,1.0,00,05,00,00
Shipping_Economic_Loss,00_05_00_00,Wp,average,60,7132.31,1.0,00,05,00,00
Shipping_Economic_Loss,00_05_00_00,Wp,average,100,13828.58,1.0,00,05,00,00
Shipping_Economic_Loss,00_05_00_01,D,average,20,1778.42,0.8,00,05,00,01
Shipping_Economic_Loss,00_05_00_01,D,average,60,3252.84,0.58,00,05,00,01
Shipping_Economic_Loss,00_05_00_01,D,average,100,4697.84,0.52,00,05,00,01
Shipping_Economic_Loss,00_05_00_01,D&G,average,20,1768.43,0.8,00,05,00,01
Shipping_Economic_Loss,00_05_00_01,D&G,average,60,3197.74,0.58,00,05,00,01
Shipping_Economic_Loss,00_05_00_01,D&G,average,100,4546.63,0.52,00,05,00,01
Shipping_Economic_Loss,00_05_00_01,D&G&Wp,average,20,1791.49,0.79,00,05,00,01
Shipping_Economic_Loss,00_05_00_01,D&G&Wp,average,60,3148.31,0.52,00,05,00,01
Shipping_Economic_Loss,00_05_00_01,D&G&Wp,average,100,4599.06,0.44,00,05,00,01
Shipping_Economic_Loss,00_05_00_01,D&Wp,average,20,1808.01,0.79,00,05,00,01
Shipping_Economic_Loss,00_05_00_01,D&Wp,average,60,3151.14,0.49,00,05,00,01
Shipping_Economic_Loss,00_05_00_01,D&Wp,average,100,4700.89,0.41,00,05,00,01
Shipping_Economic_Loss,00_05_00_01,G,average,20,1758.44,0.8,00,05,00,01
Shipping_Economic_Loss,00_05_00_01,G,average,60,3142.64,0.58,00,05,00,01
Shipping_Economic_Loss,00_05_00_01,G,average,100,4395.41,0.53,00,05,00,01
Shipping_Economic_Loss,00_05_00_01,G&Wp,average,20,1798.02,0.79,00,05,00,01
Shipping_Economic_Loss,00_05_00_01,G&Wp,average,60,3096.04,0.49,00,05,00,01
Shipping_Economic_Loss,00_05_00_01,G&Wp,average,100,4549.67,0.41,00,05,00,01
Shipping_Economic_Loss,00_05_00_01,Wp,average,20,1837.6,0.77,00,05,00,01
Shipping_Economic_Loss,00_05_00_01,Wp,average,60,3049.44,0.43,00,05,00,01
Shipping_Economic_Loss,00_05_00_01,Wp,average,100,4703.93,0.34,00,05,00,01
Shipping_Economic_Loss,00_05_00_02,D,average,20,1926.95,0.87,00,05,00,02
Shipping_Economic_Loss,00_05_00_02,D,average,60,4826.88,0.86,00,05,00,02
Shipping_Economic_Loss,00_05_00_02,D,average,100,7695.32,0.85,00,05,00,02
Shipping_Economic_Loss,00_05_00_02,D&G,average,20,1915.0,0.87,00,05,00,02
Shipping_Economic_Loss,00_05_00_02,D&G,average,60,4726.56,0.86,00,05,00,02
Shipping_Economic_Loss,00_05_00_02,D&G,average,100,7422.05,0.85,00,05,00,02
Shipping_Economic_Loss,00_05_00_02,D&G&Wp,average,20,1954.41,0.86,00,05,00,02
Shipping_Economic_Loss,00_05_00_02,D&G&Wp,average,60,4623.18,0.76,00,05,00,02
Shipping_Economic_Loss,00_05_00_02,D&G&Wp,average,100,6971.68,0.67,00,05,00,02
Shipping_Economic_Loss,00_05_00_02,D&Wp,average,20,1980.09,0.86,00,05,00,02
Shipping_Economic_Loss,00_05_00_02,D&Wp,average,60,4621.66,0.72,00,05,00,02
Shipping_Economic_Loss,00_05_00_02,D&Wp,average,100,6883.13,0.6,00,05,00,02
Shipping_Economic_Loss,00_05_00_02,G,average,20,1903.04,0.87,00,05,00,02
Shipping_Economic_Loss,00_05_00_02,G,average,60,4626.24,0.86,00,05,00,02
Shipping_Economic_Loss,00_05_00_02,G,average,100,7148.78,0.86,00,05,00,02
Shipping_Economic_Loss,00_05_00_02,G&Wp,average,20,1968.13,0.86,00,05,00,02
Shipping_Economic_Loss,00_05_00_02,G&Wp,average,60,4521.34,0.72,00,05,00,02
Shipping_Economic_Loss,00_05_00_02,G&Wp,average,100,6609.86,0.6,00,05,00,02
Shipping_Economic_Loss,00_05_00_02,Wp,average,20,2033.23,0.86,00,05,00,02
Shipping_Economic_Loss,00_05_00_02,Wp,average,60,4416.44,0.62,00,05,00,02
Shipping_Economic_Loss,00_05_00_02,Wp,average,100,6070.93,0.44,00,05,00,02
Shipping_Economic_Loss,00_05_00_04,D,average,20,1306.15,0.59,00,05,00,04
Shipping_Economic_Loss,00_05_00_04,D,average,60,4461.75,0.79,00,05,00,04
Shipping_Economic_Loss,00_05_00_04,D,average,100,7476.38,0.83,00,05,00,04
Shipping_Economic_Loss,00_05_00_04,D&G,average,20,1296.81,0.59,00,05,00,04
Shipping_Economic_Loss,00_05_00_04,D&G,average,60,4428.3,0.8,00,05,00,04
Shipping_Economic_Loss,00_05_00_04,D&G,average,100,7327.82,0.84,00,05,00,04
Shipping_Economic_Loss,00_05_00_04,D&G&Wp,average,20,1319.32,0.58,00,05,00,04
Shipping_Economic_Loss,00_05_00_04,D&G&Wp,average,60,4294.67,0.71,00,05,00,04
Shipping_Economic_Loss,00_05_00_04,D&G&Wp,average,100,6779.18,0.65,00,05,00,04
Shipping_Economic_Loss,00_05_00_04,D&Wp,average,20,1335.25,0.58,00,05,00,04
Shipping_Economic_Loss,00_05_00_04,D&Wp,average,60,4244.58,0.67,00,05,00,04
Shipping_Economic_Loss,00_05_00_04,D&Wp,average,100,6579.14,0.58,00,05,00,04
Shipping_Economic_Loss,00_05_00_04,G,average,20,1287.46,0.59,00,05,00,04
Shipping_Economic_Loss,00_05_00_04,G,average,60,4394.85,0.81,00,05,00,04
Shipping_Economic_Loss,00_05_00_04,G,average,100,7179.26,0.86,00,05,00,04
Shipping_Economic_Loss,00_05_00_04,G&Wp,average,20,1325.9,0.58,00,05,00,04
Shipping_Economic_Loss,00_05_00_04,G&Wp,average,60,4211.13,0.67,00,05,00,04
Shipping_Economic_Loss,00_05_00_04,G&Wp,average,100,6430.58,0.58,00,05,00,04
Shipping_Economic_Loss,00_05_00_04,Wp,average,20,1364.35,0.57,00,05,00,04
Shipping_Economic_Loss,00_05_00_04,Wp,average,60,4027.4,0.56,00,05,00,04
Shipping_Economic_Loss,00_05_00_04,Wp,average,100,5681.9,0.41,00,05,00,04
Shipping_Economic_Loss,00_05_00_05,D,average,20,1306.15,0.59,00,05,00,05
Shipping_Economic_Loss,00_05_00_05,D,average,60,3296.07,0.59,00,05,00,05
Shipping_Economic_Loss,00_05_00_05,D,average,100,4677.3,0.52,00,05,00,05
Shipping_Economic_Loss,00_05_00_05,D&G,average,20,1296.81,0.59,00,05,00,05
Shipping_Economic_Loss,00_05_00_05,D&G,average,60,3623.66,0.66,00,05,00,05
Shipping_Economic_Loss,00_05_00_05,D&G,average,100,5285.04,0.61,00,05,00,05
Shipping_Economic_Loss,00_05_00_05,D&G&Wp,average,20,1319.32,0.58,00,05,00,05
Shipping_Economic_Loss,00_05_00_05,D&G&Wp,average,60,3494.67,0.58,00,05,00,05
Shipping_Economic_Loss,00_05_00_05,D&G&Wp,average,100,5251.08,0.51,00,05,00,05
Shipping_Economic_Loss,00_05_00_05,D&Wp,average,20,1335.25,0.58,00,05,00,05
Shipping_Economic_Loss,00_05_00_05,D&Wp,average,60,3266.38,0.51,00,05,00,05
Shipping_Economic_Loss,00_05_00_05,D&Wp,average,100,4930.23,0.43,00,05,00,05
Shipping_Economic_Loss,00_05_00_05,G,average,20,1287.46,0.59,00,05,00,05
Shipping_Economic_Loss,00_05_00_05,G,average,60,3951.25,0.73,00,05,00,05
Shipping_Economic_Loss,00_05_00_05,G,average,100,5892.78,0.7,00,05,00,05
Shipping_Economic_Loss,00_05_00_05,G&Wp,average,20,1325.9,0.58,00,05,00,05
Shipping_Economic_Loss,00_05_00_05,G&Wp,average,60,3593.98,0.57,00,05,00,05
Shipping_Economic_Loss,00_05_00_05,G&Wp,average,100,5537.96,0.5,00,05,00,05
Shipping_Economic_Loss,00_05_00_05,Wp,average,20,1364.35,0.57,00,05,00,05
Shipping_Economic_Loss,00_05_00_05,Wp,average,60,3236.7,0.45,00,05,00,05
Shipping_Economic_Loss,00_05_00_05,Wp,average,100,5183.14,0.38,00,05,00,05
Shipping_Economic_Loss,00_05_00_07,D,average,20,1036.03,0.47,00,05,00,07
Shipping_Economic_Loss,00_05_00_07,D,average,60,1610.07,0.29,00,05,00,07
Shipping_Economic_Loss,00_05_00_07,D,average,100,2167.63,0.24,00,05,00,07
Shipping_Economic_Loss,00_05_00_07,D&G,average,20,1030.61,0.47,00,05,00,07
Shipping_Economic_Loss,00_05_00_07,D&G,average,60,1575.75,0.29,00,05,00,07
Shipping_Economic_Loss,00_05_00_07,D&G,average,100,2080.3,0.24,00,05,00,07
Shipping_Economic_Loss,00_05_00_07,D&G&Wp,average,20,1042.04,0.46,00,05,00,07
Shipping_Economic_Loss,00_05_00_07,D&G&Wp,average,60,1765.94,0.29,00,05,00,07
Shipping_Economic_Loss,00_05_00_07,D&G&Wp,average,100,2751.13,0.26,00,05,00,07
Shipping_Economic_Loss,00_05_00_07,D&Wp,average,20,1050.47,0.46,00,05,00,07
Shipping_Economic_Loss,00_05_00_07,D&Wp,average,60,1878.2,0.29,00,05,00,07
Shipping_Economic_Loss,00_05_00_07,D&Wp,average,100,3130.2,0.27,00,05,00,07
Shipping_Economic_Loss,00_05_00_07,G,average,20,1025.19,0.47,00,05,00,07
Shipping_Economic_Loss,00_05_00_07,G,average,60,1541.44,0.29,00,05,00,07
Shipping_Economic_Loss,00_05_00_07,G,average,100,1992.98,0.24,00,05,00,07
Shipping_Economic_Loss,00_05_00_07,G&Wp,average,20,1045.05,0.46,00,05,00,07
Shipping_Economic_Loss,00_05_00_07,G&Wp,average,60,1843.88,0.29,00,05,00,07
Shipping_Economic_Loss,00_05_00_07,G&Wp,average,100,3042.88,0.27,00,05,00,07
Shipping_Economic_Loss,00_05_00_07,Wp,average,20,1064.9,0.45,00,05,00,07
Shipping_Economic_Loss,00_05_00_07,Wp,average,60,2146.33,0.3,00,05,00,07
Shipping_Economic_Loss,00_05_00_07,Wp,average,100,4092.78,0.3,00,05,00,07
Shipping_Economic_Loss,00_05_00_08,D,average,20,1036.03,0.47,00,05,00,08
Shipping_Economic_Loss,00_05_00_08,D,average,60,1610.07,0.29,00,05,00,08
Shipping_Economic_Loss,00_05_00_08,D,average,100,2167.63,0.24,00,05,00,08
Shipping_Economic_Loss,00_05_00_08,D&G,average,20,1030.61,0.47,00,05,00,08
Shipping_Economic_Loss,00_05_00_08,D&G,average,60,1575.75,0.29,00,05,00,08
Shipping_Economic_Loss,00_05_00_08,D&G,average,100,2080.3,0.24,00,05,00,08
Shipping_Economic_Loss,00_05_00_08,D&G&Wp,average,20,1042.04,0.46,00,05,00,08
Shipping_Economic_Loss,00_05_00_08,D&G&Wp,average,60,1765.94,0.29,00,05,00,08
Shipping_Economic_Loss,00_05_00_08,D&G&Wp,average,100,2751.13,0.26,00,05,00,08
Shipping_Economic_Loss,00_05_00_08,D&Wp,average,20,1050.47,0.46,00,05,00,08
Shipping_Economic_Loss,00_05_00_08,D&Wp,average,60,1878.2,0.29,00,05,00,08
Shipping_Economic_Loss,00_05_00_08,D&Wp,average,100,3130.2,0.27,00,05,00,08
Shipping_Economic_Loss,00_05_00_08,G,average,20,1025.19,0.47,00,05,00,08
Shipping_Economic_Loss,00_05_00_08,G,average,60,1541.44,0.29,00,05,00,08
Shipping_Economic_Loss,00_05_00_08,G,average,100,1992.98,0.24,00,05,00,08
Shipping_Economic_Loss,00_05_00_08,G&Wp,average,20,1045.05,0.46,00,05,00,08
Shipping_Economic_Loss,00_05_00_08,G&Wp,average,60,1843.88,0.29,00,05,00,08
Shipping_Economic_Loss,00_05_00_08,G&Wp,average,100,3042.88,0.27,00,05,00,08
Shipping_Economic_Loss,00_05_00_08,Wp,average,20,1064.9,0.45,00,05,00,08
Shipping_Economic_Loss,00_05_00_08,Wp,average,60,2146.33,0.3,00,05,00,08
Shipping_Economic_Loss,00_05_00_08,Wp,average,100,4092.78,0.3,00,05,00,08
Shipping_Economic_Loss,00_05_00_09,D,average,20,1036.03,0.47,00,05,00,09
Shipping_Economic_Loss,00_05_00_09,D,average,60,1610.07,0.29,00,05,00,09
Shipping_Economic_Loss,00_05_00_09,D,average,100,2167.63,0.24,00,05,00,09
Shipping_Economic_Loss,00_05_00_09,D&G,average,20,1030.61,0.47,00,05,00,09
Shipping_Economic_Loss,00_05_00_09,D&G,average,60,1575.75,0.29,00,05,00,09
Shipping_Economic_Loss,00_05_00_09,D&G,average,100,2080.3,0.24,00,05,00,09
Shipping_Economic_Loss,00_05_00_09,D&G&Wp,average,20,1042.04,0.46,00,05,00,09
Shipping_Economic_Loss,00_05_00_09,D&G&Wp,average,60,1765.94,0.29,00,05,00,09
Shipping_Economic_Loss,00_05_00_09,D&G&Wp,average,100,2751.13,0.26,00,05,00,09
Shipping_Economic_Loss,00_05_00_09,D&Wp,average,20,1050.47,0.46,00,05,00,09
Shipping_Economic_Loss,00_05_00_09,D&Wp,average,60,1878.2,0.29,00,05,00,09
Shipping_Economic_Loss,00_05_00_09,D&Wp,average,100,3130.2,0.27,00,05,00,09
Shipping_Economic_Loss,00_05_00_09,G,average,20,1025.19,0.47,00,05,00,09
Shipping_Economic_Loss,00_05_00_09,G,average,60,1541.44,0.29,00,05,00,09
Shipping_Economic_Loss,00_05_00_09,G,average,100,1992.98,0.24,00,05,00,09
Shipping_Economic_Loss,00_05_00_09,G&Wp,average,20,1045.05,0.46,00,05,00,09
Shipping_Economic_Loss,00_05_00_09,G&Wp,average,60,1843.88,0.29,00,05,00,09
Shipping_Economic_Loss,00_05_00_09,G&Wp,average,100,3042.88,0.27,00,05,00,09
Shipping_Economic_Loss,00_05_00_09,Wp,average,20,1064.9,0.45,00,05,00,09
Shipping_Economic_Loss,00_05_00_09,Wp,average,60,2146.33,0.3,00,05,00,09
Shipping_Economic_Loss,00_05_00_09,Wp,average,100,4092.78,0.3,00,05,00,09
Shipping_Economic_Loss,00_06_00_00,D,average,20,2222.52,1.0,00,06,00,00
Shipping_Economic_Loss,00_06_00_00,D,average,60,5633.39,1.0,00,06,00,00
Shipping_Economic_Loss,00_06_00_00,D,average,100,9007.97,1.0,00,06,00,00
Shipping_Economic_Loss,00_06_00_00,D&G,average,20,2207.73,1.0,00,06,00,00
Shipping_Economic_Loss,00_06_00_00,D&G,average,60,5514.58,1.0,00,06,00,00
Shipping_Economic_Loss,00_06_00_00,D&G,average,100,8685.72,1.0,00,06,00,00
Shipping_Economic_Loss,00_06_00_00,D&G&Wp,average,20,2262.94,1.0,00,06,00,00
Shipping_Economic_Loss,00_06_00_00,D&G&Wp,average,60,6053.53,1.0,00,06,00,00
Shipping_Economic_Loss,00_06_00_00,D&G&Wp,average,100,10399.72,1.0,00,06,00,00
Shipping_Economic_Loss,00_06_00_00,D&Wp,average,20,2297.93,1.0,00,06,00,00
Shipping_Economic_Loss,00_06_00_00,D&Wp,average,60,6382.41,1.0,00,06,00,00
Shipping_Economic_Loss,00_06_00_00,D&Wp,average,100,11417.84,1.0,00,06,00,00
Shipping_Economic_Loss,00_06_00_00,G,average,20,2192.94,1.0,00,06,00,00
Shipping_Economic_Loss,00_06_00_00,G,average,60,5395.78,1.0,00,06,00,00
Shipping_Economic_Loss,00_06_00_00,G,average,100,8363.48,1.0,00,06,00,00
Shipping_Economic_Loss,00_06_00_00,G&Wp,average,20,2283.14,1.0,00,06,00,00
Shipping_Economic_Loss,00_06_00_00,G&Wp,average,60,6263.6,1.0,00,06,00,00
Shipping_Economic_Loss,00_06_00_00,G&Wp,average,100,11095.59,1.0,00,06,00,00
Shipping_Economic_Loss,00_06_00_00,Wp,average,20,2373.34,1.0,00,06,00,00
Shipping_Economic_Loss,00_06_00_00,Wp,average,60,7131.43,1.0,00,06,00,00
Shipping_Economic_Loss,00_06_00_00,Wp,average,100,13827.71,1.0,00,06,00,00
Shipping_Economic_Loss,00_06_00_01,D,average,20,1778.37,0.8,00,06,00,01
Shipping_Economic_Loss,00_06_00_01,D,average,60,3252.34,0.58,00,06,00,01
Shipping_Economic_Loss,00_06_00_01,D,average,100,4697.33,0.52,00,06,00,01
Shipping_Economic_Loss,00_06_00_01,D&G,average,20,1768.37,0.8,00,06,00,01
Shipping_Economic_Loss,00_06_00_01,D&G,average,60,3197.24,0.58,00,06,00,01
Shipping_Economic_Loss,00_06_00_01,D&G,average,100,4546.12,0.52,00,06,00,01
Shipping_Economic_Loss,00_06_00_01,D&G&Wp,average,20,1791.42,0.79,00,06,00,01
Shipping_Economic_Loss,00_06_00_01,D&G&Wp,average,60,3147.83,0.52,00,06,00,01
Shipping_Economic_Loss,00_06_00_01,D&G&Wp,average,100,4598.59,0.44,00,06,00,01
Shipping_Economic_Loss,00_06_00_01,D&Wp,average,20,1807.94,0.79,00,06,00,01
Shipping_Economic_Loss,00_06_00_01,D&Wp,average,60,3150.68,0.49,00,06,00,01
Shipping_Economic_Loss,00_06_00_01,D&Wp,average,100,4700.42,0.41,00,06,00,01
Shipping_Economic_Loss,00_06_00_01,G,average,20,1758.38,0.8,00,06,00,01
Shipping_Economic_Loss,00_06_00_01,G,average,60,3142.14,0.58,00,06,00,01
Shipping_Economic_Loss,00_06_00_01,G,average,100,4394.91,0.53,00,06,00,01
Shipping_Economic_Loss,00_06_00_01,G&Wp,average,20,1797.94,0.79,00,06,00,01
Shipping_Economic_Loss,00_06_00_01,G&Wp,average,60,3095.58,0.49,00,06,00,01
Shipping_Economic_Loss,00_06_00_01,G&Wp,average,100,4549.21,0.41,00,06,00,01
Shipping_Economic_Loss,00_06_00_01,Wp,average,20,1837.51,0.77,00,06,00,01
Shipping_Economic_Loss,00_06_00_01,Wp,average,60,3049.02,0.43,00,06,00,01
Shipping_Economic_Loss,00_06_00_01,Wp,average,100,4703.52,0.34,00,06,00,01
Shipping_Economic_Loss,00_06_00_02,D,average,20,1926.9,0.87,00,06,00,02
Shipping_Economic_Loss,00_06_00_02,D,average,60,4826.12,0.86,00,06,00,02
Shipping_Economic_Loss,00_06_00_02,D,average,100,7694.52,0.85,00,06,00,02
Shipping_Economic_Loss,00_06_00_02,D&G,average,20,1914.93,0.87,00,06,00,02
Shipping_Economic_Loss,00_06_00_02,D&G,average,60,4725.75,0.86,00,06,00,02
Shipping_Economic_Loss,00_06_00_02,D&G,average,100,7421.22,0.85,00,06,00,02
Shipping_Economic_Loss,00_06_00_02,D&G&Wp,average,20,1954.32,0.86,00,06,00,02
Shipping_Economic_Loss,00_06_00_02,D&G&Wp,average,60,4622.4,0.76,00,06,00,02
Shipping_Economic_Loss,00_06_00_02,D&G&Wp,average,100,6970.88,0.67,00,06,00,02
Shipping_Economic_Loss,00_06_00_02,D&Wp,average,20,1979.99,0.86,00,06,00,02
Shipping_Economic_Loss,00_06_00_02,D&Wp,average,60,4620.91,0.72,00,06,00,02
Shipping_Economic_Loss,00_06_00_02,D&Wp,average,100,6882.36,0.6,00,06,00,02
Shipping_Economic_Loss,00_06_00_02,G,average,20,1902.97,0.87,00,06,00,02
Shipping_Economic_Loss,00_06_00_02,G,average,60,4625.38,0.86,00,06,00,02
Shipping_Economic_Loss,00_06_00_02,G,average,100,7147.93,0.86,00,06,00,02
Shipping_Economic_Loss,00_06_00_02,G&Wp,average,20,1968.03,0.86,00,06,00,02
Shipping_Economic_Loss,00_06_00_02,G&Wp,average,60,4520.54,0.72,00,06,00,02
Shipping_Economic_Loss,00_06_00_02,G&Wp,average,100,6609.06,0.6,00,06,00,02
Shipping_Economic_Loss,00_06_00_02,Wp,average,20,2033.08,0.86,00,06,00,02
Shipping_Economic_Loss,00_06_00_02,Wp,average,60,4415.7,0.62,00,06,00,02
Shipping_Economic_Loss,00_06_00_02,Wp,average,100,6070.2,0.44,00,06,00,02
Shipping_Economic_Loss,00_06_00_04,D,average,20,1306.08,0.59,00,06,00,04
Shipping_Economic_Loss,00_06_00_04,D,average,60,4494.59,0.8,00,06,00,04
Shipping_Economic_Loss,00_06_00_04,D,average,100,7560.09,0.84,00,06,00,04
Shipping_Economic_Loss,00_06_00_04,D&G,average,20,1296.73,0.59,00,06,00,04
Shipping_Economic_Loss,00_06_00_04,D&G,average,60,4444.23,0.81,00,06,00,04
Shipping_Economic_Loss,00_06_00_04,D&G,average,100,7369.18,0.85,00,06,00,04
Shipping_Economic_Loss,00_06_00_04,D&G&Wp,average,20,1319.21,0.58,00,06,00,04
Shipping_Economic_Loss,00_06_00_04,D&G&Wp,average,60,4305.0,0.71,00,06,00,04
Shipping_Economic_Loss,00_06_00_04,D&G&Wp,average,100,6806.47,0.65,00,06,00,04
Shipping_Economic_Loss,00_06_00_04,D&Wp,average,20,1335.13,0.58,00,06,00,04
Shipping_Economic_Loss,00_06_00_04,D&Wp,average,60,4260.57,0.67,00,06,00,04
Shipping_Economic_Loss,00_06_00_04,D&Wp,average,100,6620.56,0.58,00,06,00,04
Shipping_Economic_Loss,00_06_00_04,G,average,20,1287.38,0.59,00,06,00,04
Shipping_Economic_Loss,00_06_00_04,G,average,60,4393.86,0.81,00,06,00,04
Shipping_Economic_Loss,00_06_00_04,G,average,100,7178.28,0.86,00,06,00,04
Shipping_Economic_Loss,00_06_00_04,G&Wp,average,20,1325.78,0.58,00,06,00,04
Shipping_Economic_Loss,00_06_00_04,G&Wp,average,60,4210.2,0.67,00,06,00,04
Shipping_Economic_Loss,00_06_00_04,G&Wp,average,100,6429.66,0.58,00,06,00,04
Shipping_Economic_Loss,00_06_00_04,Wp,average,20,1364.18,0.57,00,06,00,04
Shipping_Economic_Loss,00_06_00_04,Wp,average,60,4026.54,0.56,00,06,00,04
Shipping_Economic_Loss,00_06_00_04,Wp,average,100,5681.04,0.41,00,06,00,04
Shipping_Economic_Loss,00_06_00_05,D,average,20,1306.08,0.59,00,06,00,05
Shipping_Economic_Loss,00_06_00_05,D,average,60,3483.48,0.62,00,06,00,05
Shipping_Economic_Loss,00_06_00_05,D,average,100,5147.04,0.57,00,06,00,05
Shipping_Economic_Loss,00_06_00_05,D&G,average,20,1296.73,0.59,00,06,00,05
Shipping_Economic_Loss,00_06_00_05,D&G,average,60,3716.89,0.67,00,06,00,05
Shipping_Economic_Loss,00_06_00_05,D&G,average,100,5519.43,0.64,00,06,00,05
Shipping_Economic_Loss,00_06_00_05,D&G&Wp,average,20,1319.21,0.58,00,06,00,05
Shipping_Economic_Loss,00_06_00_05,D&G&Wp,average,60,3556.56,0.59,00,06,00,05
Shipping_Economic_Loss,00_06_00_05,D&G&Wp,average,100,5407.07,0.52,00,06,00,05
Shipping_Economic_Loss,00_06_00_05,D&Wp,average,20,1335.13,0.58,00,06,00,05
Shipping_Economic_Loss,00_06_00_05,D&Wp,average,60,3359.69,0.53,00,06,00,05
Shipping_Economic_Loss,00_06_00_05,D&Wp,average,100,5164.7,0.45,00,06,00,05
Shipping_Economic_Loss,00_06_00_05,G,average,20,1287.38,0.59,00,06,00,05
Shipping_Economic_Loss,00_06_00_05,G,average,60,3950.3,0.73,00,06,00,05
Shipping_Economic_Loss,00_06_00_05,G,average,100,5891.82,0.7,00,06,00,05
Shipping_Economic_Loss,00_06_00_05,G&Wp,average,20,1325.78,0.58,00,06,00,05
Shipping_Economic_Loss,00_06_00_05,G&Wp,average,60,3593.1,0.57,00,06,00,05
Shipping_Economic_Loss,00_06_00_05,G&Wp,average,100,5537.09,0.5,00,06,00,05
Shipping_Economic_Loss,00_06_00_05,Wp,average,20,1364.18,0.57,00,06,00,05
Shipping_Economic_Loss,00_06_00_05,Wp,average,60,3235.9,0.45,00,06,00,05
Shipping_Economic_Loss,00_06_00_05,Wp,average,100,5182.36,0.38,00,06,00,05
Shipping_Economic_Loss,00_06_00_07,D,average,20,1036.01,0.47,00,06,00,07
Shipping_Economic_Loss,00_06_00_07,D,average,60,1609.82,0.29,00,06,00,07
Shipping_Economic_Loss,00_06_00_07,D,average,100,2167.36,0.24,00,06,00,07
Shipping_Economic_Loss,00_06_00_07,D&G,average,20,1030.59,0.47,00,06,00,07
Shipping_Economic_Loss,00_06_00_07,D&G,average,60,1575.48,0.29,00,06,00,07
Shipping_Economic_Loss,00_06_00_07,D&G,average,100,2080.03,0.24,00,06,00,07
Shipping_Economic_Loss,00_06_00_07,D&G&Wp,average,20,1042.01,0.46,00,06,00,07
Shipping_Economic_Loss,00_06_00_07,D&G&Wp,average,60,1765.65,0.29,00,06,00,07
Shipping_Economic_Loss,00_06_00_07,D&G&Wp,average,100,2750.83,0.26,00,06,00,07
Shipping_Economic_Loss,00_06_00_07,D&Wp,average,20,1050.42,0.46,00,06,00,07
Shipping_Economic_Loss,00_06_00_07,D&Wp,average,60,1877.9,0.29,00,06,00,07
Shipping_Economic_Loss,00_06_00_07,D&Wp,average,100,3129.9,0.27,00,06,00,07
Shipping_Economic_Loss,00_06_00_07,G,average,20,1025.17,0.47,00,06,00,07
Shipping_Economic_Loss,00_06_00_07,G,average,60,1541.15,0.29,00,06,00,07
Shipping_Economic_Loss,00_06_00_07,G,average,100,1992.7,0.24,00,06,00,07
Shipping_Economic_Loss,00_06_00_07,G&Wp,average,20,1045.0,0.46,00,06,00,07
Shipping_Economic_Loss,00_06_00_07,G&Wp,average,60,1843.57,0.29,00,06,00,07
Shipping_Economic_Loss,00_06_00_07,G&Wp,average,100,3042.57,0.27,00,06,00,07
Shipping_Economic_Loss,00_06_00_07,Wp,average,20,1064.84,0.45,00,06,00,07
Shipping_Economic_Loss,00_06_00_07,Wp,average,60,2145.98,0.3,00,06,00,07
Shipping_Economic_Loss,00_06_00_07,Wp,average,100,4092.44,0.3,00,06,00,07
Shipping_Economic_Loss,00_06_00_08,D,average,20,1036.01,0.47,00,06,00,08
Shipping_Economic_Loss,00_06_00_08,D,average,60,1609.82,0.29,00,06,00,08
Shipping_Economic_Loss,00_06_00_08,D,average,100,2167.36,0.24,00,06,00,08
Shipping_Economic_Loss,00_06_00_08,D&G,average,20,1030.59,0.47,00,06,00,08
Shipping_Economic_Loss,00_06_00_08,D&G,average,60,1575.48,0.29,00,06,00,08
Shipping_Economic_Loss,00_06_00_08,D&G,average,100,2080.03,0.24,00,06,00,08
Shipping_Economic_Loss,00_06_00_08,D&G&Wp,average,20,1042.01,0.46,00,06,00,08
Shipping_Economic_Loss,00_06_00_08,D&G&Wp,average,60,1765.65,0.29,00,06,00,08
Shipping_Economic_Loss,00_06_00_08,D&G&Wp,average,100,2750.83,0.26,00,06,00,08
Shipping_Economic_Loss,00_06_00_08,D&Wp,average,20,1050.42,0.46,00,06,00,08
Shipping_Economic_Loss,00_06_00_08,D&Wp,average,60,1877.9,0.29,00,06,00,08
Shipping_Economic_Loss,00_06_00_08,D&Wp,average,100,3129.9,0.27,00,06,00,08
Shipping_Economic_Loss,00_06_00_08,G,average,20,1025.17,0.47,00,06,00,08
Shipping_Economic_Loss,00_06_00_08,G,average,60,1541.15,0.29,00,06,00,08
Shipping_Economic_Loss,00_06_00_08,G,average,100,1992.7,0.24,00,06,00,08
Shipping_Economic_Loss,00_06_00_08,G&Wp,average,20,1045.0,0.46,00,06,00,08
Shipping_Economic_Loss,00_06_00_08,G&Wp,average,60,1843.57,0.29,00,06,00,08
Shipping_Economic_Loss,00_06_00_08,G&Wp,average,100,3042.57,0.27,00,06,00,08
Shipping_Economic_Loss,00_06_00_08,Wp,average,20,1064.84,0.45,00,06,00,08
Shipping_Economic_Loss,00_06_00_08,Wp,average,60,2145.98,0.3,00,06,00,08
Shipping_Economic_Loss,00_06_00_08,Wp,average,100,4092.44,0.3,00,06,00,08
Shipping_Economic_Loss,00_06_00_09,D,average,20,1036.01,0.47,00,06,00,09
Shipping_Economic_Loss,00_06_00_09,D,average,60,1609.82,0.29,00,06,00,09
Shipping_Economic_Loss,00_06_00_09,D,average,100,2167.36,0.24,00,06,00,09
Shipping_Economic_Loss,00_06_00_09,D&G,average,20,1030.59,0.47,00,06,00,09
Shipping_Economic_Loss,00_06_00_09,D&G,average,60,1575.48,0.29,00,06,00,09
Shipping_Economic_Loss,00_06_00_09,D&G,average,100,2080.03,0.24,00,06,00,09
Shipping_Economic_Loss,00_06_00_09,D&G&Wp,average,20,1042.01,0.46,00,06,00,09
Shipping_Economic_Loss,00_06_00_09,D&G&Wp,average,60,1765.65,0.29,00,06,00,09
Shipping_Economic_Loss,00_06_00_09,D&G&Wp,average,100,2750.83,0.26,00,06,00,09
Shipping_Economic_Loss,00_06_00_09,D&Wp,average,20,1050.42,0.46,00,06,00,09
Shipping_Economic_Loss,00_06_00_09,D&Wp,average,60,1877.9,0.29,00,06,00,09
Shipping_Economic_Loss,00_06_00_09,D&Wp,average,100,3129.9,0.27,00,06,00,09
Shipping_Economic_Loss,00_06_00_09,G,average,20,1025.17,0.47,00,06,00,09
Shipping_Economic_Loss,00_06_00_09,G,average,60,1541.15,0.29,00,06,00,09
Shipping_Economic_Loss,00_06_00_09,G,average,100,1992.7,0.24,00,06,00,09
Shipping_Economic_Loss,00_06_00_09,G&Wp,average,20,1045.0,0.46,00,06,00,09
Shipping_Economic_Loss,00_06_00_09,G&Wp,average,60,1843.57,0.29,00,06,00,09
Shipping_Economic_Loss,00_06_00_09,G&Wp,average,100,3042.57,0.27,00,06,00,09
Shipping_Economic_Loss,00_06_00_09,Wp,average,20,1064.84,0.45,00,06,00,09
Shipping_Economic_Loss,00_06_00_09,Wp,average,60,2145.98,0.3,00,06,00,09
Shipping_Economic_Loss,00_06_00_09,Wp,average,100,4092.44,0.3,00,06,00,09
Shipping_Economic_Loss,00_07_00_00,D,average,20,2223.08,1.0,00,07,00,00
Shipping_Economic_Loss,00_07_00_00,D,average,60,5635.2,1.0,00,07,00,00
Shipping_Economic_Loss,00_07_00_00,D,average,100,9009.82,1.0,00,07,00,00
Shipping_Economic_Loss,00_07_00_00,D&G,average,20,2208.3,1.0,00,07,00,00
Shipping_Economic_Loss,00_07_00_00,D&G,average,60,5516.34,1.0,00,07,00,00
Shipping_Economic_Loss,00_07_00_00,D&G,average,100,8687.5,1.0,00,07,00,00
Shipping_Economic_Loss,00_07_00_00,D&G&Wp,average,20,2263.6,1.0,00,07,00,00
Shipping_Economic_Loss,00_07_00_00,D&G&Wp,average,60,6055.25,1.0,00,07,00,00
Shipping_Economic_Loss,00_07_00_00,D&G&Wp,average,100,10401.45,1.0,00,07,00,00
Shipping_Economic_Loss,00_07_00_00,D&Wp,average,20,2298.64,1.0,00,07,00,00
Shipping_Economic_Loss,00_07_00_00,D&Wp,average,60,6384.13,1.0,00,07,00,00
Shipping_Economic_Loss,00_07_00_00,D&Wp,average,100,11419.58,1.0,00,07,00,00
Shipping_Economic_Loss,00_07_00_00,G,average,20,2193.52,1.0,00,07,00,00
Shipping_Economic_Loss,00_07_00_00,G,average,60,5397.48,1.0,00,07,00,00
Shipping_Economic_Loss,00_07_00_00,G,average,100,8365.18,1.0,00,07,00,00
Shipping_Economic_Loss,00_07_00_00,G&Wp,average,20,2283.86,1.0,00,07,00,00
Shipping_Economic_Loss,00_07_00_00,G&Wp,average,60,6265.28,1.0,00,07,00,00
Shipping_Economic_Loss,00_07_00_00,G&Wp,average,100,11097.26,1.0,00,07,00,00
Shipping_Economic_Loss,00_07_00_00,Wp,average,20,2374.19,1.0,00,07,00,00
Shipping_Economic_Loss,00_07_00_00,Wp,average,60,7133.07,1.0,00,07,00,00
Shipping_Economic_Loss,00_07_00_00,Wp,average,100,13829.34,1.0,00,07,00,00
Shipping_Economic_Loss,00_07_00_01,D,average,20,1778.73,0.8,00,07,00,01
Shipping_Economic_Loss,00_07_00_01,D,average,60,3253.28,0.58,00,07,00,01
Shipping_Economic_Loss,00_07_00_01,D,average,100,4698.28,0.52,00,07,00,01
Shipping_Economic_Loss,00_07_00_01,D&G,average,20,1768.74,0.8,00,07,00,01
Shipping_Economic_Loss,00_07_00_01,D&G,average,60,3198.16,0.58,00,07,00,01
Shipping_Economic_Loss,00_07_00_01,D&G,average,100,4547.04,0.52,00,07,00,01
Shipping_Economic_Loss,00_07_00_01,D&G&Wp,average,20,1791.84,0.79,00,07,00,01
Shipping_Economic_Loss,00_07_00_01,D&G&Wp,average,60,3146.2,0.52,00,07,00,01
Shipping_Economic_Loss,00_07_00_01,D&G&Wp,average,100,4596.95,0.44,00,07,00,01
Shipping_Economic_Loss,00_07_00_01,D&Wp,average,20,1808.39,0.79,00,07,00,01
Shipping_Economic_Loss,00_07_00_01,D&Wp,average,60,3147.78,0.49,00,07,00,01
Shipping_Economic_Loss,00_07_00_01,D&Wp,average,100,4697.52,0.41,00,07,00,01
Shipping_Economic_Loss,00_07_00_01,G,average,20,1758.76,0.8,00,07,00,01
Shipping_Economic_Loss,00_07_00_01,G,average,60,3143.05,0.58,00,07,00,01
Shipping_Economic_Loss,00_07_00_01,G,average,100,4395.81,0.53,00,07,00,01
Shipping_Economic_Loss,00_07_00_01,G&Wp,average,20,1798.4,0.79,00,07,00,01
Shipping_Economic_Loss,00_07_00_01,G&Wp,average,60,3092.66,0.49,00,07,00,01
Shipping_Economic_Loss,00_07_00_01,G&Wp,average,100,4546.29,0.41,00,07,00,01
Shipping_Economic_Loss,00_07_00_01,Wp,average,20,1838.05,0.77,00,07,00,01
Shipping_Economic_Loss,00_07_00_01,Wp,average,60,3042.27,0.43,00,07,00,01
Shipping_Economic_Loss,00_07_00_01,Wp,average,100,4696.77,0.34,00,07,00,01
Shipping_Economic_Loss,00_07_00_02,D,average,20,1927.33,0.87,00,07,00,02
Shipping_Economic_Loss,00_07_00_02,D,average,60,4827.62,0.86,00,07,00,02
Shipping_Economic_Loss,00_07_00_02,D,average,100,7696.05,0.85,00,07,00,02
Shipping_Economic_Loss,00_07_00_02,D&G,average,20,1915.37,0.87,00,07,00,02
Shipping_Economic_Loss,00_07_00_02,D&G,average,60,4727.21,0.86,00,07,00,02
Shipping_Economic_Loss,00_07_00_02,D&G,average,100,7422.69,0.85,00,07,00,02
Shipping_Economic_Loss,00_07_00_02,D&G&Wp,average,20,1954.83,0.86,00,07,00,02
Shipping_Economic_Loss,00_07_00_02,D&G&Wp,average,60,4622.34,0.76,00,07,00,02
Shipping_Economic_Loss,00_07_00_02,D&G&Wp,average,100,6970.83,0.67,00,07,00,02
Shipping_Economic_Loss,00_07_00_02,D&Wp,average,20,1980.53,0.86,00,07,00,02
Shipping_Economic_Loss,00_07_00_02,D&Wp,average,60,4620.11,0.72,00,07,00,02
Shipping_Economic_Loss,00_07_00_02,D&Wp,average,100,6881.57,0.6,00,07,00,02
Shipping_Economic_Loss,00_07_00_02,G,average,20,1903.42,0.87,00,07,00,02
Shipping_Economic_Loss,00_07_00_02,G,average,60,4626.8,0.86,00,07,00,02
Shipping_Economic_Loss,00_07_00_02,G,average,100,7149.34,0.86,00,07,00,02
Shipping_Economic_Loss,00_07_00_02,G&Wp,average,20,1968.58,0.86,00,07,00,02
Shipping_Economic_Loss,00_07_00_02,G&Wp,average,60,4519.7,0.72,00,07,00,02
Shipping_Economic_Loss,00_07_00_02,G&Wp,average,100,6608.22,0.6,00,07,00,02
Shipping_Economic_Loss,00_07_00_02,Wp,average,20,2033.74,0.86,00,07,00,02
Shipping_Economic_Loss,00_07_00_02,Wp,average,60,4412.6,0.62,00,07,00,02
Shipping_Economic_Loss,00_07_00_02,Wp,average,100,6067.1,0.44,00,07,00,02
Shipping_Economic_Loss,00_07_00_04,D,average,20,1306.5,0.59,00,07,00,04
Shipping_Economic_Loss,00_07_00_04,D,average,60,4462.49,0.79,00,07,00,04
Shipping_Economic_Loss,00_07_00_04,D,average,100,7477.11,0.83,00,07,00,04
Shipping_Economic_Loss,00_07_00_04,D&G,average,20,1297.14,0.59,00,07,00,04
Shipping_Economic_Loss,00_07_00_04,D&G,average,60,4428.94,0.8,00,07,00,04
Shipping_Economic_Loss,00_07_00_04,D&G,average,100,7328.46,0.84,00,07,00,04
Shipping_Economic_Loss,00_07_00_04,D&G&Wp,average,20,1319.67,0.58,00,07,00,04
Shipping_Economic_Loss,00_07_00_04,D&G&Wp,average,60,4295.25,0.71,00,07,00,04
Shipping_Economic_Loss,00_07_00_04,D&G&Wp,average,100,6779.76,0.65,00,07,00,04
Shipping_Economic_Loss,00_07_00_04,D&Wp,average,20,1335.61,0.58,00,07,00,04
Shipping_Economic_Loss,00_07_00_04,D&Wp,average,60,4245.17,0.67,00,07,00,04
Shipping_Economic_Loss,00_07_00_04,D&Wp,average,100,6579.73,0.58,00,07,00,04
Shipping_Economic_Loss,00_07_00_04,G,average,20,1287.79,0.59,00,07,00,04
Shipping_Economic_Loss,00_07_00_04,G,average,60,4395.4,0.81,00,07,00,04
Shipping_Economic_Loss,00_07_00_04,G,average,100,7179.81,0.86,00,07,00,04
Shipping_Economic_Loss,00_07_00_04,G&Wp,average,20,1326.26,0.58,00,07,00,04
Shipping_Economic_Loss,00_07_00_04,G&Wp,average,60,4211.63,0.67,00,07,00,04
Shipping_Economic_Loss,00_07_00_04,G&Wp,average,100,6431.08,0.58,00,07,00,04
Shipping_Economic_Loss,00_07_00_04,Wp,average,20,1364.73,0.58,00,07,00,04
Shipping_Economic_Loss,00_07_00_04,Wp,average,60,4027.86,0.57,00,07,00,04
Shipping_Economic_Loss,00_07_00_04,Wp,average,100,5682.35,0.41,00,07,00,04
Shipping_Economic_Loss,00_07_00_05,D,average,20,1306.5,0.59,00,07,00,05
Shipping_Economic_Loss,00_07_00_05,D,average,60,3296.71,0.59,00,07,00,05
Shipping_Economic_Loss,00_07_00_05,D,average,100,4677.94,0.52,00,07,00,05
Shipping_Economic_Loss,00_07_00_05,D&G,average,20,1297.14,0.59,00,07,00,05
Shipping_Economic_Loss,00_07_00_05,D&G,average,60,3624.25,0.66,00,07,00,05
Shipping_Economic_Loss,00_07_00_05,D&G,average,100,5285.63,0.61,00,07,00,05
Shipping_Economic_Loss,00_07_00_05,D&G&Wp,average,20,1319.67,0.58,00,07,00,05
Shipping_Economic_Loss,00_07_00_05,D&G&Wp,average,60,3495.22,0.58,00,07,00,05
Shipping_Economic_Loss,00_07_00_05,D&G&Wp,average,100,5251.62,0.51,00,07,00,05
Shipping_Economic_Loss,00_07_00_05,D&Wp,average,20,1335.61,0.58,00,07,00,05
Shipping_Economic_Loss,00_07_00_05,D&Wp,average,60,3266.93,0.51,00,07,00,05
Shipping_Economic_Loss,00_07_00_05,D&Wp,average,100,4930.77,0.43,00,07,00,05
Shipping_Economic_Loss,00_07_00_05,G,average,20,1287.79,0.59,00,07,00,05
Shipping_Economic_Loss,00_07_00_05,G,average,60,3951.8,0.73,00,07,00,05
Shipping_Economic_Loss,00_07_00_05,G,average,100,5893.32,0.7,00,07,00,05
Shipping_Economic_Loss,00_07_00_05,G&Wp,average,20,1326.26,0.58,00,07,00,05
Shipping_Economic_Loss,00_07_00_05,G&Wp,average,60,3594.47,0.57,00,07,00,05
Shipping_Economic_Loss,00_07_00_05,G&Wp,average,100,5538.46,0.5,00,07,00,05
Shipping_Economic_Loss,00_07_00_05,Wp,average,20,1364.73,0.58,00,07,00,05
Shipping_Economic_Loss,00_07_00_05,Wp,average,60,3237.15,0.45,00,07,00,05
Shipping_Economic_Loss,00_07_00_05,Wp,average,100,5183.6,0.38,00,07,00,05
Shipping_Economic_Loss,00_07_00_07,D,average,20,1036.22,0.47,00,07,00,07
Shipping_Economic_Loss,00_07_00_07,D,average,60,1610.37,0.29,00,07,00,07
Shipping_Economic_Loss,00_07_00_07,D,average,100,2167.93,0.24,00,07,00,07
Shipping_Economic_Loss,00_07_00_07,D&G,average,20,1030.8,0.47,00,07,00,07
Shipping_Economic_Loss,00_07_00_07,D&G,average,60,1576.03,0.29,00,07,00,07
Shipping_Economic_Loss,00_07_00_07,D&G,average,100,2080.58,0.24,00,07,00,07
Shipping_Economic_Loss,00_07_00_07,D&G&Wp,average,20,1042.26,0.46,00,07,00,07
Shipping_Economic_Loss,00_07_00_07,D&G&Wp,average,60,1766.22,0.29,00,07,00,07
Shipping_Economic_Loss,00_07_00_07,D&G&Wp,average,100,2751.41,0.26,00,07,00,07
Shipping_Economic_Loss,00_07_00_07,D&Wp,average,20,1050.69,0.46,00,07,00,07
Shipping_Economic_Loss,00_07_00_07,D&Wp,average,60,1878.49,0.29,00,07,00,07
Shipping_Economic_Loss,00_07_00_07,D&Wp,average,100,3130.5,0.27,00,07,00,07
Shipping_Economic_Loss,00_07_00_07,G,average,20,1025.38,0.47,00,07,00,07
Shipping_Economic_Loss,00_07_00_07,G,average,60,1541.68,0.29,00,07,00,07
Shipping_Economic_Loss,00_07_00_07,G,average,100,1993.23,0.24,00,07,00,07
Shipping_Economic_Loss,00_07_00_07,G&Wp,average,20,1045.27,0.46,00,07,00,07
Shipping_Economic_Loss,00_07_00_07,G&Wp,average,60,1844.15,0.29,00,07,00,07
Shipping_Economic_Loss,00_07_00_07,G&Wp,average,100,3043.15,0.27,00,07,00,07
Shipping_Economic_Loss,00_07_00_07,Wp,average,20,1065.16,0.45,00,07,00,07
Shipping_Economic_Loss,00_07_00_07,Wp,average,60,2146.61,0.3,00,07,00,07
Shipping_Economic_Loss,00_07_00_07,Wp,average,100,4093.07,0.3,00,07,00,07
Shipping_Economic_Loss,00_07_00_08,D,average,20,1036.22,0.47,00,07,00,08
Shipping_Economic_Loss,00_07_00_08,D,average,60,1610.37,0.29,00,07,00,08
Shipping_Economic_Loss,00_07_00_08,D,average,100,2167.93,0.24,00,07,00,08
Shipping_Economic_Loss,00_07_00_08,D&G,average,20,1030.8,0.47,00,07,00,08
Shipping_Economic_Loss,00_07_00_08,D&G,average,60,1576.03,0.29,00,07,00,08
Shipping_Economic_Loss,00_07_00_08,D&G,average,100,2080.58,0.24,00,07,00,08
Shipping_Economic_Loss,00_07_00_08,D&G&Wp,average,20,1042.26,0.46,00,07,00,08
Shipping_Economic_Loss,00_07_00_08,D&G&Wp,average,60,1766.22,0.29,00,07,00,08
Shipping_Economic_Loss,00_07_00_08,D&G&Wp,average,100,2751.41,0.26,00,07,00,08
Shipping_Economic_Loss,00_07_00_08,D&Wp,average,20,1050.69,0.46,00,07,00,08
Shipping_Economic_Loss,00_07_00_08,D&Wp,average,60,1878.49,0.29,00,07,00,08
Shipping_Economic_Loss,00_07_00_08,D&Wp,average,100,3130.5,0.27,00,07,00,08
Shipping_Economic_Loss,00_07_00_08,G,average,20,1025.38,0.47,00,07,00,08
Shipping_Economic_Loss,00_07_00_08,G,average,60,1541.68,0.29,00,07,00,08
Shipping_Economic_Loss,00_07_00_08,G,average,100,1993.23,0.24,00,07,00,08
Shipping_Economic_Loss,00_07_00_08,G&Wp,average,20,1045.27,0.46,00,07,00,08
Shipping_Economic_Loss,00_07_00_08,G&Wp,average,60,1844.15,0.29,00,07,00,08
Shipping_Economic_Loss,00_07_00_08,G&Wp,average,100,3043.15,0.27,00,07,00,08
Shipping_Economic_Loss,00_07_00_08,Wp,average,20,1065.16,0.45,00,07,00,08
Shipping_Economic_Loss,00_07_00_08,Wp,average,60,2146.61,0.3,00,07,00,08
Shipping_Economic_Loss,00_07_00_08,Wp,average,100,4093.07,0.3,00,07,00,08
Shipping_Economic_Loss,00_07_00_09,D,average,20,1036.22,0.47,00,07,00,09
Shipping_Economic_Loss,00_07_00_09,D,average,60,1610.37,0.29,00,07,00,09
Shipping_Economic_Loss,00_07_00_09,D,average,100,2167.93,0.24,00,07,00,09
Shipping_Economic_Loss,00_07_00_09,D&G,average,20,1030.8,0.47,00,07,00,09
Shipping_Economic_Loss,00_07_00_09,D&G,average,60,1576.03,0.29,00,07,00,09
Shipping_Economic_Loss,00_07_00_09,D&G,average,100,2080.58,0.24,00,07,00,09
Shipping_Economic_Loss,00_07_00_09,D&G&Wp,average,20,1042.26,0.46,00,07,00,09
Shipping_Economic_Loss,00_07_00_09,D&G&Wp,average,60,1766.22,0.29,00,07,00,09
Shipping_Economic_Loss,00_07_00_09,D&G&Wp,average,100,2751.41,0.26,00,07,00,09
Shipping_Economic_Loss,00_07_00_09,D&Wp,average,20,1050.69,0.46,00,07,00,09
Shipping_Economic_Loss,00_07_00_09,D&Wp,average,60,1878.49,0.29,00,07,00,09
Shipping_Economic_Loss,00_07_00_09,D&Wp,average,100,3130.5,0.27,00,07,00,09
Shipping_Economic_Loss,00_07_00_09,G,average,20,1025.38,0.47,00,07,00,09
Shipping_Economic_Loss,00_07_00_09,G,average,60,1541.68,0.29,00,07,00,09
Shipping_Economic_Loss,00_07_00_09,G,average,100,1993.23,0.24,00,07,00,09
Shipping_Economic_Loss,00_07_00_09,G&Wp,average,20,1045.27,0.46,00,07,00,09
Shipping_Economic_Loss,00_07_00_09,G&Wp,average,60,1844.15,0.29,00,07,00,09
Shipping_Economic_Loss,00_07_00_09,G&Wp,average,100,3043.15,0.27,00,07,00,09
Shipping_Economic_Loss,00_07_00_09,Wp,average,20,1065.16,0.45,00,07,00,09
Shipping_Economic_Loss,00_07_00_09,Wp,average,60,2146.61,0.3,00,07,00,09
Shipping_Economic_Loss,00_07_00_09,Wp,average,100,4093.07,0.3,00,07,00,09
Shipping_Economic_Loss,00_08_00_00,D,average,20,2223.08,1.0,00,08,00,00
Shipping_Economic_Loss,00_08_00_00,D,average,60,5635.2,1.0,00,08,00,00
Shipping_Economic_Loss,00_08_00_00,D,average,100,9009.81,1.0,00,08,00,00
Shipping_Economic_Loss,00_08_00_00,D&G,average,20,2208.3,1.0,00,08,00,00
Shipping_Economic_Loss,00_08_00_00,D&G,average,60,5516.34,1.0,00,08,00,00
Shipping_Economic_Loss,00_08_00_00,D&G,average,100,8687.5,1.0,00,08,00,00
Shipping_Economic_Loss,00_08_00_00,D&G&Wp,average,20,2263.6,1.0,00,08,00,00
Shipping_Economic_Loss,00_08_00_00,D&G&Wp,average,60,6055.25,1.0,00,08,00,00
Shipping_Economic_Loss,00_08_00_00,D&G&Wp,average,100,10401.44,1.0,00,08,00,00
Shipping_Economic_Loss,00_08_00_00,D&Wp,average,20,2298.64,1.0,00,08,00,00
Shipping_Economic_Loss,00_08_00_00,D&Wp,average,60,6384.13,1.0,00,08,00,00
Shipping_Economic_Loss,00_08_00_00,D&Wp,average,100,11419.58,1.0,00,08,00,00
Shipping_Economic_Loss,00_08_00_00,G,average,20,2193.52,1.0,00,08,00,00
Shipping_Economic_Loss,00_08_00_00,G,average,60,5397.48,1.0,00,08,00,00
Shipping_Economic_Loss,00_08_00_00,G,average,100,8365.18,1.0,00,08,00,00
Shipping_Economic_Loss,00_08_00_00,G&Wp,average,20,2283.86,1.0,00,08,00,00
Shipping_Economic_Loss,00_08_00_00,G&Wp,average,60,6265.28,1.0,00,08,00,00
Shipping_Economic_Loss,00_08_00_00,G&Wp,average,100,11097.26,1.0,00,08,00,00
Shipping_Economic_Loss,00_08_00_00,Wp,average,20,2374.19,1.0,00,08,00,00
Shipping_Economic_Loss,00_08_00_00,Wp,average,60,7133.07,1.0,00,08,00,00
Shipping_Economic_Loss,00_08_00_00,Wp,average,100,13829.34,1.0,00,08,00,00
Shipping_Economic_Loss,00_08_00_01,D,average,20,1778.73,0.8,00,08,00,01
Shipping_Economic_Loss,00_08_00_01,D,average,60,3253.28,0.58,00,08,00,01
Shipping_Economic_Loss,00_08_00_01,D,average,100,4698.28,0.52,00,08,00,01
Shipping_Economic_Loss,00_08_00_01,D&G,average,20,1768.74,0.8,00,08,00,01
Shipping_Economic_Loss,00_08_00_01,D&G,average,60,3198.16,0.58,00,08,00,01
Shipping_Economic_Loss,00_08_00_01,D&G,average,100,4547.04,0.52,00,08,00,01
Shipping_Economic_Loss,00_08_00_01,D&G&Wp,average,20,1791.84,0.79,00,08,00,01
Shipping_Economic_Loss,00_08_00_01,D&G&Wp,average,60,3146.2,0.52,00,08,00,01
Shipping_Economic_Loss,00_08_00_01,D&G&Wp,average,100,4596.95,0.44,00,08,00,01
Shipping_Economic_Loss,00_08_00_01,D&Wp,average,20,1808.39,0.79,00,08,00,01
Shipping_Economic_Loss,00_08_00_01,D&Wp,average,60,3147.78,0.49,00,08,00,01
Shipping_Economic_Loss,00_08_00_01,D&Wp,average,100,4697.52,0.41,00,08,00,01
Shipping_Economic_Loss,00_08_00_01,G,average,20,1758.76,0.8,00,08,00,01
Shipping_Economic_Loss,00_08_00_01,G,average,60,3143.05,0.58,00,08,00,01
Shipping_Economic_Loss,00_08_00_01,G,average,100,4395.81,0.53,00,08,00,01
Shipping_Economic_Loss,00_08_00_01,G&Wp,average,20,1798.4,0.79,00,08,00,01
Shipping_Economic_Loss,00_08_00_01,G&Wp,average,60,3092.66,0.49,00,08,00,01
Shipping_Economic_Loss,00_08_00_01,G&Wp,average,100,4546.29,0.41,00,08,00,01
Shipping_Economic_Loss,00_08_00_01,Wp,average,20,1838.05,0.77,00,08,00,01
Shipping_Economic_Loss,00_08_00_01,Wp,average,60,3042.27,0.43,00,08,00,01
Shipping_Economic_Loss,00_08_00_01,Wp,average,100,4696.77,0.34,00,08,00,01
Shipping_Economic_Loss,00_08_00_02,D,average,20,1927.33,0.87,00,08,00,02
Shipping_Economic_Loss,00_08_00_02,D,average,60,4827.62,0.86,00,08,00,02
Shipping_Economic_Loss,00_08_00_02,D,average,100,7696.05,0.85,00,08,00,02
Shipping_Economic_Loss,00_08_00_02,D&G,average,20,1915.37,0.87,00,08,00,02
Shipping_Economic_Loss,00_08_00_02,D&G,average,60,4727.2,0.86,00,08,00,02
Shipping_Economic_Loss,00_08_00_02,D&G,average,100,7422.69,0.85,00,08,00,02
Shipping_Economic_Loss,00_08_00_02,D&G&Wp,average,20,1954.83,0.86,00,08,00,02
Shipping_Economic_Loss,00_08_00_02,D&G&Wp,average,60,4622.34,0.76,00,08,00,02
Shipping_Economic_Loss,00_08_00_02,D&G&Wp,average,100,6970.83,0.67,00,08,00,02
Shipping_Economic_Loss,00_08_00_02,D&Wp,average,20,1980.53,0.86,00,08,00,02
Shipping_Economic_Loss,00_08_00_02,D&Wp,average,60,4620.11,0.72,00,08,00,02
Shipping_Economic_Loss,00_08_00_02,D&Wp,average,100,6881.57,0.6,00,08,00,02
Shipping_Economic_Loss,00_08_00_02,G,average,20,1903.42,0.87,00,08,00,02
Shipping_Economic_Loss,00_08_00_02,G,average,60,4626.79,0.86,00,08,00,02
Shipping_Economic_Loss,00_08_00_02,G,average,100,7149.34,0.86,00,08,00,02
Shipping_Economic_Loss,00_08_00_02,G&Wp,average,20,1968.58,0.86,00,08,00,02
Shipping_Economic_Loss,00_08_00_02,G&Wp,average,60,4519.7,0.72,00,08,00,02
Shipping_Economic_Loss,00_08_00_02,G&Wp,average,100,6608.22,0.6,00,08,00,02
Shipping_Economic_Loss,00_08_00_02,Wp,average,20,2033.74,0.86,00,08,00,02
Shipping_Economic_Loss,00_08_00_02,Wp,average,60,4412.6,0.62,00,08,00,02
Shipping_Economic_Loss,00_08_00_02,Wp,average,100,6067.09,0.44,00,08,00,02
Shipping_Economic_Loss,00_08_00_04,D,average,20,1306.5,0.59,00,08,00,04
Shipping_Economic_Loss,00_08_00_04,D,average,60,4462.49,0.79,00,08,00,04
Shipping_Economic_Loss,00_08_00_04,D,average,100,7477.11,0.83,00,08,00,04
Shipping_Economic_Loss,00_08_00_04,D&G,average,20,1297.14,0.59,00,08,00,04
Shipping_Economic_Loss,00_08_00_04,D&G,average,60,4428.94,0.8,00,08,00,04
Shipping_Economic_Loss,00_08_00_04,D&G,average,100,7328.46,0.84,00,08,00,04
Shipping_Economic_Loss,00_08_00_04,D&G&Wp,average,20,1319.67,0.58,00,08,00,04
Shipping_Economic_Loss,00_08_00_04,D&G&Wp,average,60,4295.25,0.71,00,08,00,04
Shipping_Economic_Loss,00_08_00_04,D&G&Wp,average,100,6779.76,0.65,00,08,00,04
Shipping_Economic_Loss,00_08_00_04,D&Wp,average,20,1335.61,0.58,00,08,00,04
Shipping_Economic_Loss,00_08_00_04,D&Wp,average,60,4245.17,0.67,00,08,00,04
Shipping_Economic_Loss,00_08_00_04,D&Wp,average,100,6579.73,0.58,00,08,00,04
Shipping_Economic_Loss,00_08_00_04,G,average,20,1287.79,0.59,00,08,00,04
Shipping_Economic_Loss,00_08_00_04,G,average,60,4395.4,0.81,00,08,00,04
Shipping_Economic_Loss,00_08_00_04,G,average,100,7179.81,0.86,00,08,00,04
Shipping_Economic_Loss,00_08_00_04,G&Wp,average,20,1326.26,0.58,00,08,00,04
Shipping_Economic_Loss,00_08_00_04,G&Wp,average,60,4211.63,0.67,00,08,00,04
Shipping_Economic_Loss,00_08_00_04,G&Wp,average,100,6431.08,0.58,00,08,00,04
Shipping_Economic_Loss,00_08_00_04,Wp,average,20,1364.73,0.58,00,08,00,04
Shipping_Economic_Loss,00_08_00_04,Wp,average,60,4027.86,0.57,00,08,00,04
Shipping_Economic_Loss,00_08_00_04,Wp,average,100,5682.35,0.41,00,08,00,04
Shipping_Economic_Loss,00_08_00_05,D,average,20,1306.5,0.59,00,08,00,05
Shipping_Economic_Loss,00_08_00_05,D,average,60,3296.71,0.59,00,08,00,05
Shipping_Economic_Loss,00_08_00_05,D,average,100,4677.94,0.52,00,08,00,05
Shipping_Economic_Loss,00_08_00_05,D&G,average,20,1297.14,0.59,00,08,00,05
Shipping_Economic_Loss,00_08_00_05,D&G,average,60,3624.25,0.66,00,08,00,05
Shipping_Economic_Loss,00_08_00_05,D&G,average,100,5285.63,0.61,00,08,00,05
Shipping_Economic_Loss,00_08_00_05,D&G&Wp,average,20,1319.67,0.58,00,08,00,05
Shipping_Economic_Loss,00_08_00_05,D&G&Wp,average,60,3495.22,0.58,00,08,00,05
Shipping_Economic_Loss,00_08_00_05,D&G&Wp,average,100,5251.62,0.51,00,08,00,05
Shipping_Economic_Loss,00_08_00_05,D&Wp,average,20,1335.61,0.58,00,08,00,05
Shipping_Economic_Loss,00_08_00_05,D&Wp,average,60,3266.93,0.51,00,08,00,05
Shipping_Economic_Loss,00_08_00_05,D&Wp,average,100,4930.77,0.43,00,08,00,05
Shipping_Economic_Loss,00_08_00_05,G,average,20,1287.79,0.59,00,08,00,05
Shipping_Economic_Loss,00_08_00_05,G,average,60,3951.8,0.73,00,08,00,05
Shipping_Economic_Loss,00_08_00_05,G,average,100,5893.32,0.7,00,08,00,05
Shipping_Economic_Loss,00_08_00_05,G&Wp,average,20,1326.26,0.58,00,08,00,05
Shipping_Economic_Loss,00_08_00_05,G&Wp,average,60,3594.47,0.57,00,08,00,05
Shipping_Economic_Loss,00_08_00_05,G&Wp,average,100,5538.46,0.5,00,08,00,05
Shipping_Economic_Loss,00_08_00_05,Wp,average,20,1364.73,0.58,00,08,00,05
Shipping_Economic_Loss,00_08_00_05,Wp,average,60,3237.15,0.45,00,08,00,05
Shipping_Economic_Loss,00_08_00_05,Wp,average,100,5183.59,0.38,00,08,00,05
Shipping_Economic_Loss,00_08_00_07,D,average,20,1036.22,0.47,00,08,00,07
Shipping_Economic_Loss,00_08_00_07,D,average,60,1610.37,0.29,00,08,00,07
Shipping_Economic_Loss,00_08_00_07,D,average,100,2167.93,0.24,00,08,00,07
Shipping_Economic_Loss,00_08_00_07,D&G,average,20,1030.8,0.47,00,08,00,07
Shipping_Economic_Loss,00_08_00_07,D&G,average,60,1576.03,0.29,00,08,00,07
Shipping_Economic_Loss,00_08_00_07,D&G,average,100,2080.58,0.24,00,08,00,07
Shipping_Economic_Loss,00_08_00_07,D&G&Wp,average,20,1042.26,0.46,00,08,00,07
Shipping_Economic_Loss,00_08_00_07,D&G&Wp,average,60,1766.22,0.29,00,08,00,07
Shipping_Economic_Loss,00_08_00_07,D&G&Wp,average,100,2751.41,0.26,00,08,00,07
Shipping_Economic_Loss,00_08_00_07,D&Wp,average,20,1050.69,0.46,00,08,00,07
Shipping_Economic_Loss,00_08_00_07,D&Wp,average,60,1878.49,0.29,00,08,00,07
Shipping_Economic_Loss,00_08_00_07,D&Wp,average,100,3130.49,0.27,00,08,00,07
Shipping_Economic_Loss,00_08_00_07,G,average,20,1025.38,0.47,00,08,00,07
Shipping_Economic_Loss,00_08_00_07,G,average,60,1541.68,0.29,00,08,00,07
Shipping_Economic_Loss,00_08_00_07,G,average,100,1993.23,0.24,00,08,00,07
Shipping_Economic_Loss,00_08_00_07,G&Wp,average,20,1045.27,0.46,00,08,00,07
Shipping_Economic_Loss,00_08_00_07,G&Wp,average,60,1844.15,0.29,00,08,00,07
Shipping_Economic_Loss,00_08_00_07,G&Wp,average,100,3043.15,0.27,00,08,00,07
Shipping_Economic_Loss,00_08_00_07,Wp,average,20,1065.16,0.45,00,08,00,07
Shipping_Economic_Loss,00_08_00_07,Wp,average,60,2146.61,0.3,00,08,00,07
Shipping_Economic_Loss,00_08_00_07,Wp,average,100,4093.06,0.3,00,08,00,07
Shipping_Economic_Loss,00_08_00_08,D,average,20,1036.22,0.47,00,08,00,08
Shipping_Economic_Loss,00_08_00_08,D,average,60,1610.37,0.29,00,08,00,08
Shipping_Economic_Loss,00_08_00_08,D,average,100,2167.93,0.24,00,08,00,08
Shipping_Economic_Loss,00_08_00_08,D&G,average,20,1030.8,0.47,00,08,00,08
Shipping_Economic_Loss,00_08_00_08,D&G,average,60,1576.03,0.29,00,08,00,08
Shipping_Economic_Loss,00_08_00_08,D&G,average,100,2080.58,0.24,00,08,00,08
Shipping_Economic_Loss,00_08_00_08,D&G&Wp,average,20,1042.26,0.46,00,08,00,08
Shipping_Economic_Loss,00_08_00_08,D&G&Wp,average,60,1766.22,0.29,00,08,00,08
Shipping_Economic_Loss,00_08_00_08,D&G&Wp,average,100,2751.41,0.26,00,08,00,08
Shipping_Economic_Loss,00_08_00_08,D&Wp,average,20,1050.69,0.46,00,08,00,08
Shipping_Economic_Loss,00_08_00_08,D&Wp,average,60,1878.49,0.29,00,08,00,08
Shipping_Economic_Loss,00_08_00_08,D&Wp,average,100,3130.49,0.27,00,08,00,08
Shipping_Economic_Loss,00_08_00_08,G,average,20,1025.38,0.47,00,08,00,08
Shipping_Economic_Loss,00_08_00_08,G,average,60,1541.68,0.29,00,08,00,08
Shipping_Economic_Loss,00_08_00_08,G,average,100,1993.23,0.24,00,08,00,08
Shipping_Economic_Loss,00_08_00_08,G&Wp,average,20,1045.27,0.46,00,08,00,08
Shipping_Economic_Loss,00_08_00_08,G&Wp,average,60,1844.15,0.29,00,08,00,08
Shipping_Economic_Loss,00_08_00_08,G&Wp,average,100,3043.15,0.27,00,08,00,08
Shipping_Economic_Loss,00_08_00_08,Wp,average,20,1065.16,0.45,00,08,00,08
Shipping_Economic_Loss,00_08_00_08,Wp,average,60,2146.61,0.3,00,08,00,08
Shipping_Economic_Loss,00_08_00_08,Wp,average,100,4093.06,0.3,00,08,00,08
Shipping_Economic_Loss,00_08_00_09,D,average,20,1036.22,0.47,00,08,00,09
Shipping_Economic_Loss,00_08_00_09,D,average,60,1610.37,0.29,00,08,00,09
Shipping_Economic_Loss,00_08_00_09,D,average,100,2167.93,0.24,00,08,00,09
Shipping_Economic_Loss,00_08_00_09,D&G,average,20,1030.8,0.47,00,08,00,09
Shipping_Economic_Loss,00_08_00_09,D&G,average,60,1576.03,0.29,00,08,00,09
Shipping_Economic_Loss,00_08_00_09,D&G,average,100,2080.58,0.24,00,08,00,09
Shipping_Economic_Loss,00_08_00_09,D&G&Wp,average,20,1042.26,0.46,00,08,00,09
Shipping_Economic_Loss,00_08_00_09,D&G&Wp,average,60,1766.22,0.29,00,08,00,09
Shipping_Economic_Loss,00_08_00_09,D&G&Wp,average,100,2751.41,0.26,00,08,00,09
Shipping_Economic_Loss,00_08_00_09,D&Wp,average,20,1050.69,0.46,00,08,00,09
Shipping_Economic_Loss,00_08_00_09,D&Wp,average,60,1878.49,0.29,00,08,00,09
Shipping_Economic_Loss,00_08_00_09,D&Wp,average,100,3130.49,0.27,00,08,00,09
Shipping_Economic_Loss,00_08_00_09,G,average,20,1025.38,0.47,00,08,00,09
Shipping_Economic_Loss,00_08_00_09,G,average,60,1541.68,0.29,00,08,00,09
Shipping_Economic_Loss,00_08_00_09,G,average,100,1993.23,0.24,00,08,00,09
Shipping_Economic_Loss,00_08_00_09,G&Wp,average,20,1045.27,0.46,00,08,00,09
Shipping_Economic_Loss,00_08_00_09,G&Wp,average,60,1844.15,0.29,00,08,00,09
Shipping_Economic_Loss,00_08_00_09,G&Wp,average,100,3043.15,0.27,00,08,00,09
Shipping_Economic_Loss,00_08_00_09,Wp,average,20,1065.16,0.45,00,08,00,09
Shipping_Economic_Loss,00_08_00_09,Wp,average,60,2146.61,0.3,00,08,00,09
Shipping_Economic_Loss,00_08_00_09,Wp,average,100,4093.06,0.3,00,08,00,09
Shipping_Economic_Loss,00_09_00_00,D,average,20,2222.52,1.0,00,09,00,00
Shipping_Economic_Loss,00_09_00_00,D,average,60,5632.89,1.0,00,09,00,00
Shipping_Economic_Loss,00_09_00_00,D,average,100,9007.4,1.0,00,09,00,00
Shipping_Economic_Loss,00_09_00_00,D&G,average,20,2207.73,1.0,00,09,00,00
Shipping_Economic_Loss,00_09_00_00,D&G,average,60,5514.07,1.0,00,09,00,00
Shipping_Economic_Loss,00_09_00_00,D&G,average,100,8685.18,1.0,00,09,00,00
Shipping_Economic_Loss,00_09_00_00,D&G&Wp,average,20,2262.94,1.0,00,09,00,00
Shipping_Economic_Loss,00_09_00_00,D&G&Wp,average,60,6052.87,1.0,00,09,00,00
Shipping_Economic_Loss,00_09_00_00,D&G&Wp,average,100,10399.04,1.0,00,09,00,00
Shipping_Economic_Loss,00_09_00_00,D&Wp,average,20,2297.93,1.0,00,09,00,00
Shipping_Economic_Loss,00_09_00_00,D&Wp,average,60,6381.67,1.0,00,09,00,00
Shipping_Economic_Loss,00_09_00_00,D&Wp,average,100,11417.07,1.0,00,09,00,00
Shipping_Economic_Loss,00_09_00_00,G,average,20,2192.94,1.0,00,09,00,00
Shipping_Economic_Loss,00_09_00_00,G,average,60,5395.26,1.0,00,09,00,00
Shipping_Economic_Loss,00_09_00_00,G,average,100,8362.97,1.0,00,09,00,00
Shipping_Economic_Loss,00_09_00_00,G&Wp,average,20,2283.14,1.0,00,09,00,00
Shipping_Economic_Loss,00_09_00_00,G&Wp,average,60,6262.85,1.0,00,09,00,00
Shipping_Economic_Loss,00_09_00_00,G&Wp,average,100,11094.85,1.0,00,09,00,00
Shipping_Economic_Loss,00_09_00_00,Wp,average,20,2373.34,1.0,00,09,00,00
Shipping_Economic_Loss,00_09_00_00,Wp,average,60,7130.45,1.0,00,09,00,00
Shipping_Economic_Loss,00_09_00_00,Wp,average,100,13826.74,1.0,00,09,00,00
Shipping_Economic_Loss,00_09_00_01,D,average,20,1778.37,0.8,00,09,00,01
Shipping_Economic_Loss,00_09_00_01,D,average,60,3252.12,0.58,00,09,00,01
Shipping_Economic_Loss,00_09_00_01,D,average,100,4697.09,0.52,00,09,00,01
Shipping_Economic_Loss,00_09_00_01,D&G,average,20,1768.37,0.8,00,09,00,01
Shipping_Economic_Loss,00_09_00_01,D&G,average,60,3197.01,0.58,00,09,00,01
Shipping_Economic_Loss,00_09_00_01,D&G,average,100,4545.88,0.52,00,09,00,01
Shipping_Economic_Loss,00_09_00_01,D&G&Wp,average,20,1791.42,0.79,00,09,00,01
Shipping_Economic_Loss,00_09_00_01,D&G&Wp,average,60,3147.53,0.52,00,09,00,01
Shipping_Economic_Loss,00_09_00_01,D&G&Wp,average,100,4598.28,0.44,00,09,00,01
Shipping_Economic_Loss,00_09_00_01,D&Wp,average,20,1807.94,0.79,00,09,00,01
Shipping_Economic_Loss,00_09_00_01,D&Wp,average,60,3150.35,0.49,00,09,00,01
Shipping_Economic_Loss,00_09_00_01,D&Wp,average,100,4700.09,0.41,00,09,00,01
Shipping_Economic_Loss,00_09_00_01,G,average,20,1758.38,0.8,00,09,00,01
Shipping_Economic_Loss,00_09_00_01,G,average,60,3141.9,0.58,00,09,00,01
Shipping_Economic_Loss,00_09_00_01,G,average,100,4394.66,0.53,00,09,00,01
Shipping_Economic_Loss,00_09_00_01,G&Wp,average,20,1797.94,0.79,00,09,00,01
Shipping_Economic_Loss,00_09_00_01,G&Wp,average,60,3095.24,0.49,00,09,00,01
Shipping_Economic_Loss,00_09_00_01,G&Wp,average,100,4548.88,0.41,00,09,00,01
Shipping_Economic_Loss,00_09_00_01,Wp,average,20,1837.51,0.77,00,09,00,01
Shipping_Economic_Loss,00_09_00_01,Wp,average,60,3048.59,0.43,00,09,00,01
Shipping_Economic_Loss,00_09_00_01,Wp,average,100,4703.09,0.34,00,09,00,01
Shipping_Economic_Loss,00_09_00_02,D,average,20,1926.9,0.87,00,09,00,02
Shipping_Economic_Loss,00_09_00_02,D,average,60,4825.7,0.86,00,09,00,02
Shipping_Economic_Loss,00_09_00_02,D,average,100,7694.05,0.85,00,09,00,02
Shipping_Economic_Loss,00_09_00_02,D&G,average,20,1914.93,0.87,00,09,00,02
Shipping_Economic_Loss,00_09_00_02,D&G,average,60,4725.32,0.86,00,09,00,02
Shipping_Economic_Loss,00_09_00_02,D&G,average,100,7420.77,0.85,00,09,00,02
Shipping_Economic_Loss,00_09_00_02,D&G&Wp,average,20,1954.32,0.86,00,09,00,02
Shipping_Economic_Loss,00_09_00_02,D&G&Wp,average,60,4621.9,0.76,00,09,00,02
Shipping_Economic_Loss,00_09_00_02,D&G&Wp,average,100,6970.37,0.67,00,09,00,02
Shipping_Economic_Loss,00_09_00_02,D&Wp,average,20,1979.99,0.86,00,09,00,02
Shipping_Economic_Loss,00_09_00_02,D&Wp,average,60,4620.38,0.72,00,09,00,02
Shipping_Economic_Loss,00_09_00_02,D&Wp,average,100,6881.8,0.6,00,09,00,02
Shipping_Economic_Loss,00_09_00_02,G,average,20,1902.97,0.87,00,09,00,02
Shipping_Economic_Loss,00_09_00_02,G,average,60,4624.94,0.86,00,09,00,02
Shipping_Economic_Loss,00_09_00_02,G,average,100,7147.5,0.86,00,09,00,02
Shipping_Economic_Loss,00_09_00_02,G&Wp,average,20,1968.03,0.86,00,09,00,02
Shipping_Economic_Loss,00_09_00_02,G&Wp,average,60,4520.0,0.72,00,09,00,02
Shipping_Economic_Loss,00_09_00_02,G&Wp,average,100,6608.53,0.6,00,09,00,02
Shipping_Economic_Loss,00_09_00_02,Wp,average,20,2033.08,0.86,00,09,00,02
Shipping_Economic_Loss,00_09_00_02,Wp,average,60,4415.05,0.62,00,09,00,02
Shipping_Economic_Loss,00_09_00_02,Wp,average,100,6069.56,0.44,00,09,00,02
Shipping_Economic_Loss,00_09_00_04,D,average,20,1306.08,0.59,00,09,00,04
Shipping_Economic_Loss,00_09_00_04,D,average,60,4494.14,0.8,00,09,00,04
Shipping_Economic_Loss,00_09_00_04,D,average,100,7559.59,0.84,00,09,00,04
Shipping_Economic_Loss,00_09_00_04,D&G,average,20,1296.73,0.59,00,09,00,04
Shipping_Economic_Loss,00_09_00_04,D&G,average,60,4443.76,0.81,00,09,00,04
Shipping_Economic_Loss,00_09_00_04,D&G,average,100,7368.69,0.85,00,09,00,04
Shipping_Economic_Loss,00_09_00_04,D&G&Wp,average,20,1319.21,0.58,00,09,00,04
Shipping_Economic_Loss,00_09_00_04,D&G&Wp,average,60,4304.43,0.71,00,09,00,04
Shipping_Economic_Loss,00_09_00_04,D&G&Wp,average,100,6805.89,0.65,00,09,00,04
Shipping_Economic_Loss,00_09_00_04,D&Wp,average,20,1335.13,0.58,00,09,00,04
Shipping_Economic_Loss,00_09_00_04,D&Wp,average,60,4259.96,0.67,00,09,00,04
Shipping_Economic_Loss,00_09_00_04,D&Wp,average,100,6619.93,0.58,00,09,00,04
Shipping_Economic_Loss,00_09_00_04,G,average,20,1287.38,0.59,00,09,00,04
Shipping_Economic_Loss,00_09_00_04,G,average,60,4393.38,0.81,00,09,00,04
Shipping_Economic_Loss,00_09_00_04,G,average,100,7177.8,0.86,00,09,00,04
Shipping_Economic_Loss,00_09_00_04,G&Wp,average,20,1325.78,0.58,00,09,00,04
Shipping_Economic_Loss,00_09_00_04,G&Wp,average,60,4209.57,0.67,00,09,00,04
Shipping_Economic_Loss,00_09_00_04,G&Wp,average,100,6429.04,0.58,00,09,00,04
Shipping_Economic_Loss,00_09_00_04,Wp,average,20,1364.18,0.57,00,09,00,04
Shipping_Economic_Loss,00_09_00_04,Wp,average,60,4025.77,0.56,00,09,00,04
Shipping_Economic_Loss,00_09_00_04,Wp,average,100,5680.27,0.41,00,09,00,04
Shipping_Economic_Loss,00_09_00_05,D,average,20,1306.08,0.59,00,09,00,05
Shipping_Economic_Loss,00_09_00_05,D,average,60,3483.24,0.62,00,09,00,05
Shipping_Economic_Loss,00_09_00_05,D,average,100,5146.79,0.57,00,09,00,05
Shipping_Economic_Loss,00_09_00_05,D&G,average,20,1296.73,0.59,00,09,00,05
Shipping_Economic_Loss,00_09_00_05,D&G,average,60,3716.59,0.67,00,09,00,05
Shipping_Economic_Loss,00_09_00_05,D&G,average,100,5519.12,0.64,00,09,00,05
Shipping_Economic_Loss,00_09_00_05,D&G&Wp,average,20,1319.21,0.58,00,09,00,05
Shipping_Economic_Loss,00_09_00_05,D&G&Wp,average,60,3556.19,0.59,00,09,00,05
Shipping_Economic_Loss,00_09_00_05,D&G&Wp,average,100,5406.7,0.52,00,09,00,05
Shipping_Economic_Loss,00_09_00_05,D&Wp,average,20,1335.13,0.58,00,09,00,05
Shipping_Economic_Loss,00_09_00_05,D&Wp,average,60,3359.32,0.53,00,09,00,05
Shipping_Economic_Loss,00_09_00_05,D&Wp,average,100,5164.32,0.45,00,09,00,05
Shipping_Economic_Loss,00_09_00_05,G,average,20,1287.38,0.59,00,09,00,05
Shipping_Economic_Loss,00_09_00_05,G,average,60,3949.93,0.73,00,09,00,05
Shipping_Economic_Loss,00_09_00_05,G,average,100,5891.46,0.7,00,09,00,05
Shipping_Economic_Loss,00_09_00_05,G&Wp,average,20,1325.78,0.58,00,09,00,05
Shipping_Economic_Loss,00_09_00_05,G&Wp,average,60,3592.66,0.57,00,09,00,05
Shipping_Economic_Loss,00_09_00_05,G&Wp,average,100,5536.66,0.5,00,09,00,05
Shipping_Economic_Loss,00_09_00_05,Wp,average,20,1364.18,0.57,00,09,00,05
Shipping_Economic_Loss,00_09_00_05,Wp,average,60,3235.39,0.45,00,09,00,05
Shipping_Economic_Loss,00_09_00_05,Wp,average,100,5181.85,0.37,00,09,00,05
Shipping_Economic_Loss,00_09_00_07,D,average,20,1036.01,0.47,00,09,00,07
Shipping_Economic_Loss,00_09_00_07,D,average,60,1609.68,0.29,00,09,00,07
Shipping_Economic_Loss,00_09_00_07,D,average,100,2167.21,0.24,00,09,00,07
Shipping_Economic_Loss,00_09_00_07,D&G,average,20,1030.59,0.47,00,09,00,07
Shipping_Economic_Loss,00_09_00_07,D&G,average,60,1575.34,0.29,00,09,00,07
Shipping_Economic_Loss,00_09_00_07,D&G,average,100,2079.88,0.24,00,09,00,07
Shipping_Economic_Loss,00_09_00_07,D&G&Wp,average,20,1042.01,0.46,00,09,00,07
Shipping_Economic_Loss,00_09_00_07,D&G&Wp,average,60,1765.42,0.29,00,09,00,07
Shipping_Economic_Loss,00_09_00_07,D&G&Wp,average,100,2750.6,0.26,00,09,00,07
Shipping_Economic_Loss,00_09_00_07,D&Wp,average,20,1050.42,0.46,00,09,00,07
Shipping_Economic_Loss,00_09_00_07,D&Wp,average,60,1877.63,0.29,00,09,00,07
Shipping_Economic_Loss,00_09_00_07,D&Wp,average,100,3129.62,0.27,00,09,00,07
Shipping_Economic_Loss,00_09_00_07,G,average,20,1025.17,0.47,00,09,00,07
Shipping_Economic_Loss,00_09_00_07,G,average,60,1541.0,0.29,00,09,00,07
Shipping_Economic_Loss,00_09_00_07,G,average,100,1992.55,0.24,00,09,00,07
Shipping_Economic_Loss,00_09_00_07,G&Wp,average,20,1045.0,0.46,00,09,00,07
Shipping_Economic_Loss,00_09_00_07,G&Wp,average,60,1843.29,0.29,00,09,00,07
Shipping_Economic_Loss,00_09_00_07,G&Wp,average,100,3042.29,0.27,00,09,00,07
Shipping_Economic_Loss,00_09_00_07,Wp,average,20,1064.84,0.45,00,09,00,07
Shipping_Economic_Loss,00_09_00_07,Wp,average,60,2145.57,0.3,00,09,00,07
Shipping_Economic_Loss,00_09_00_07,Wp,average,100,4092.03,0.3,00,09,00,07
Shipping_Economic_Loss,00_09_00_08,D,average,20,1036.01,0.47,00,09,00,08
Shipping_Economic_Loss,00_09_00_08,D,average,60,1609.68,0.29,00,09,00,08
Shipping_Economic_Loss,00_09_00_08,D,average,100,2167.21,0.24,00,09,00,08
Shipping_Economic_Loss,00_09_00_08,D&G,average,20,1030.59,0.47,00,09,00,08
Shipping_Economic_Loss,00_09_00_08,D&G,average,60,1575.34,0.29,00,09,00,08
Shipping_Economic_Loss,00_09_00_08,D&G,average,100,2079.88,0.24,00,09,00,08
Shipping_Economic_Loss,00_09_00_08,D&G&Wp,average,20,1042.01,0.46,00,09,00,08
Shipping_Economic_Loss,00_09_00_08,D&G&Wp,average,60,1765.42,0.29,00,09,00,08
Shipping_Economic_Loss,00_09_00_08,D&G&Wp,average,100,2750.6,0.26,00,09,00,08
Shipping_Economic_Loss,00_09_00_08,D&Wp,average,20,1050.42,0.46,00,09,00,08
Shipping_Economic_Loss,00_09_00_08,D&Wp,average,60,1877.63,0.29,00,09,00,08
Shipping_Economic_Loss,00_09_00_08,D&Wp,average,100,3129.62,0.27,00,09,00,08
Shipping_Economic_Loss,00_09_00_08,G,average,20,1025.17,0.47,00,09,00,08
Shipping_Economic_Loss,00_09_00_08,G,average,60,1541.0,0.29,00,09,00,08
Shipping_Economic_Loss,00_09_00_08,G,average,100,1992.55,0.24,00,09,00,08
Shipping_Economic_Loss,00_09_00_08,G&Wp,average,20,1045.0,0.46,00,09,00,08
Shipping_Economic_Loss,00_09_00_08,G&Wp,average,60,1843.29,0.29,00,09,00,08
Shipping_Economic_Loss,00_09_00_08,G&Wp,average,100,3042.29,0.27,00,09,00,08
Shipping_Economic_Loss,00_09_00_08,Wp,average,20,1064.84,0.45,00,09,00,08
Shipping_Economic_Loss,00_09_00_08,Wp,average,60,2145.57,0.3,00,09,00,08
Shipping_Economic_Loss,00_09_00_08,Wp,average,100,4092.03,0.3,00,09,00,08
Shipping_Economic_Loss,00_09_00_09,D,average,20,1036.01,0.47,00,09,00,09
Shipping_Economic_Loss,00_09_00_09,D,average,60,1609.68,0.29,00,09,00,09
Shipping_Economic_Loss,00_09_00_09,D,average,100,2167.21,0.24,00,09,00,09
Shipping_Economic_Loss,00_09_00_09,D&G,average,20,1030.59,0.47,00,09,00,09
Shipping_Economic_Loss,00_09_00_09,D&G,average,60,1575.34,0.29,00,09,00,09
Shipping_Economic_Loss,00_09_00_09,D&G,average,100,2079.88,0.24,00,09,00,09
Shipping_Economic_Loss,00_09_00_09,D&G&Wp,average,20,1042.01,0.46,00,09,00,09
Shipping_Economic_Loss,00_09_00_09,D&G&Wp,average,60,1765.42,0.29,00,09,00,09
Shipping_Economic_Loss,00_09_00_09,D&G&Wp,average,100,2750.6,0.26,00,09,00,09
Shipping_Economic_Loss,00_09_00_09,D&Wp,average,20,1050.42,0.46,00,09,00,09
Shipping_Economic_Loss,00_09_00_09,D&Wp,average,60,1877.63,0.29,00,09,00,09
Shipping_Economic_Loss,00_09_00_09,D&Wp,average,100,3129.62,0.27,00,09,00,09
Shipping_Economic_Loss,00_09_00_09,G,average,20,1025.17,0.47,00,09,00,09
Shipping_Economic_Loss,00_09_00_09,G,average,60,1541.0,0.29,00,09,00,09
Shipping_Economic_Loss,00_09_00_09,G,average,100,1992.55,0.24,00,09,00,09
Shipping_Economic_Loss,00_09_00_09,G&Wp,average,20,1045.0,0.46,00,09,00,09
Shipping_Economic_Loss,00_09_00_09,G&Wp,average,60,1843.29,0.29,00,09,00,09
Shipping_Economic_Loss,00_09_00_09,G&Wp,average,100,3042.29,0.27,00,09,00,09
Shipping_Economic_Loss,00_09_00_09,Wp,average,20,1064.84,0.45,00,09,00,09
Shipping_Economic_Loss,00_09_00_09,Wp,average,60,2145.57,0.3,00,09,00,09
Shipping_Economic_Loss,00_09_00_09,Wp,average,100,4092.03,0.3,00,09,00,09
Shipping_Measure_Costs,00_00_00_00,D,average,20,0.0,0.0,00,00,00,00
Shipping_Measure_Costs,00_00_00_00,D,average,60,0.0,0.0,00,00,00,00
Shipping_Measure_Costs,00_00_00_00,D,average,100,0.0,0.0,00,00,00,00
Shipping_Measure_Costs,00_00_00_00,D&G,average,20,0.0,0.0,00,00,00,00
Shipping_Measure_Costs,00_00_00_00,D&G,average,60,0.0,0.0,00,00,00,00
Shipping_Measure_Costs,00_00_00_00,D&G,average,100,0.0,0.0,00,00,00,00
Shipping_Measure_Costs,00_00_00_00,D&G&Wp,average,20,0.0,0.0,00,00,00,00
Shipping_Measure_Costs,00_00_00_00,D&G&Wp,average,60,0.0,0.0,00,00,00,00
Shipping_Measure_Costs,00_00_00_00,D&G&Wp,average,100,0.0,0.0,00,00,00,00
Shipping_Measure_Costs,00_00_00_00,D&Wp,average,20,0.0,0.0,00,00,00,00
Shipping_Measure_Costs,00_00_00_00,D&Wp,average,60,0.0,0.0,00,00,00,00
Shipping_Measure_Costs,00_00_00_00,D&Wp,average,100,0.0,0.0,00,00,00,00
Shipping_Measure_Costs,00_00_00_00,G,average,20,0.0,0.0,00,00,00,00
Shipping_Measure_Costs,00_00_00_00,G,average,60,0.0,0.0,00,00,00,00
Shipping_Measure_Costs,00_00_00_00,G,average,100,0.0,0.0,00,00,00,00
Shipping_Measure_Costs,00_00_00_00,G&Wp,average,20,0.0,0.0,00,00,00,00
Shipping_Measure_Costs,00_00_00_00,G&Wp,average,60,0.0,0.0,00,00,00,00
Shipping_Measure_Costs,00_00_00_00,G&Wp,average,100,0.0,0.0,00,00,00,00
Shipping_Measure_Costs,00_00_00_00,Wp,average,20,0.0,0.0,00,00,00,00
Shipping_Measure_Costs,00_00_00_00,Wp,average,60,0.0,0.0,00,00,00,00
Shipping_Measure_Costs,00_00_00_00,Wp,average,100,0.0,0.0,00,00,00,00
Shipping_Measure_Costs,00_00_00_01,D,average,20,545.88,0.42,00,00,00,01
Shipping_Measure_Costs,00_00_00_01,D,average,60,1088.6,0.51,00,00,00,01
Shipping_Measure_Costs,00_00_00_01,D,average,100,1545.95,0.47,00,00,00,01
Shipping_Measure_Costs,00_00_00_01,D&G,average,20,545.88,0.42,00,00,00,01
Shipping_Measure_Costs,00_00_00_01,D&G,average,60,1087.67,0.51,00,00,00,01
Shipping_Measure_Costs,00_00_00_01,D&G,average,100,1545.02,0.47,00,00,00,01
Shipping_Measure_Costs,00_00_00_01,D&G&Wp,average,20,580.57,0.45,00,00,00,01
Shipping_Measure_Costs,00_00_00_01,D&G&Wp,average,60,1293.39,0.6,00,00,00,01
Shipping_Measure_Costs,00_00_00_01,D&G&Wp,average,100,1849.71,0.56,00,00,00,01
Shipping_Measure_Costs,00_00_00_01,D&Wp,average,20,597.91,0.46,00,00,00,01
Shipping_Measure_Costs,00_00_00_01,D&Wp,average,60,1396.71,0.65,00,00,00,01
Shipping_Measure_Costs,00_00_00_01,D&Wp,average,100,2002.52,0.61,00,00,00,01
Shipping_Measure_Costs,00_00_00_01,G,average,20,545.88,0.42,00,00,00,01
Shipping_Measure_Costs,00_00_00_01,G,average,60,1086.74,0.51,00,00,00,01
Shipping_Measure_Costs,00_00_00_01,G,average,100,1544.1,0.47,00,00,00,01
Shipping_Measure_Costs,00_00_00_01,G&Wp,average,20,597.91,0.46,00,00,00,01
Shipping_Measure_Costs,00_00_00_01,G&Wp,average,60,1395.78,0.65,00,00,00,01
Shipping_Measure_Costs,00_00_00_01,G&Wp,average,100,2001.59,0.61,00,00,00,01
Shipping_Measure_Costs,00_00_00_01,Wp,average,20,649.95,0.5,00,00,00,01
Shipping_Measure_Costs,00_00_00_01,Wp,average,60,1704.82,0.79,00,00,00,01
Shipping_Measure_Costs,00_00_00_01,Wp,average,100,2459.08,0.75,00,00,00,01
Shipping_Measure_Costs,00_00_00_02,D,average,20,16.22,0.01,00,00,00,02
Shipping_Measure_Costs,00_00_00_02,D,average,60,87.69,0.04,00,00,00,02
Shipping_Measure_Costs,00_00_00_02,D,average,100,160.17,0.05,00,00,00,02
Shipping_Measure_Costs,00_00_00_02,D&G,average,20,16.22,0.01,00,00,00,02
Shipping_Measure_Costs,00_00_00_02,D&G,average,60,87.57,0.04,00,00,00,02
Shipping_Measure_Costs,00_00_00_02,D&G,average,100,160.05,0.05,00,00,00,02
Shipping_Measure_Costs,00_00_00_02,D&G&Wp,average,20,16.78,0.01,00,00,00,02
Shipping_Measure_Costs,00_00_00_02,D&G&Wp,average,60,537.3,0.25,00,00,00,02
Shipping_Measure_Costs,00_00_00_02,D&G&Wp,average,100,870.64,0.26,00,00,00,02
Shipping_Measure_Costs,00_00_00_02,D&Wp,average,20,17.05,0.01,00,00,00,02
Shipping_Measure_Costs,00_00_00_02,D&Wp,average,60,762.23,0.35,00,00,00,02
Shipping_Measure_Costs,00_00_00_02,D&Wp,average,100,1226.0,0.37,00,00,00,02
Shipping_Measure_Costs,00_00_00_02,G,average,20,16.22,0.01,00,00,00,02
Shipping_Measure_Costs,00_00_00_02,G,average,60,87.44,0.04,00,00,00,02
Shipping_Measure_Costs,00_00_00_02,G,average,100,159.92,0.05,00,00,00,02
Shipping_Measure_Costs,00_00_00_02,G&Wp,average,20,17.05,0.01,00,00,00,02
Shipping_Measure_Costs,00_00_00_02,G&Wp,average,60,762.1,0.35,00,00,00,02
Shipping_Measure_Costs,00_00_00_02,G&Wp,average,100,1225.87,0.37,00,00,00,02
Shipping_Measure_Costs,00_00_00_02,Wp,average,20,17.88,0.01,00,00,00,02
Shipping_Measure_Costs,00_00_00_02,Wp,average,60,1436.76,0.67,00,00,00,02
Shipping_Measure_Costs,00_00_00_02,Wp,average,100,2291.82,0.69,00,00,00,02
Shipping_Measure_Costs,00_00_00_04,D,average,20,41.08,0.03,00,00,00,04
Shipping_Measure_Costs,00_00_00_04,D,average,60,147.82,0.07,00,00,00,04
Shipping_Measure_Costs,00_00_00_04,D,average,100,255.82,0.08,00,00,00,04
Shipping_Measure_Costs,00_00_00_04,D&G,average,20,41.08,0.03,00,00,00,04
Shipping_Measure_Costs,00_00_00_04,D&G,average,60,146.27,0.07,00,00,00,04
Shipping_Measure_Costs,00_00_00_04,D&G,average,100,253.09,0.08,00,00,00,04
Shipping_Measure_Costs,00_00_00_04,D&G&Wp,average,20,41.5,0.03,00,00,00,04
Shipping_Measure_Costs,00_00_00_04,D&G&Wp,average,60,576.71,0.27,00,00,00,04
Shipping_Measure_Costs,00_00_00_04,D&G&Wp,average,100,932.95,0.28,00,00,00,04
Shipping_Measure_Costs,00_00_00_04,D&Wp,average,20,41.71,0.03,00,00,00,04
Shipping_Measure_Costs,00_00_00_04,D&Wp,average,60,792.71,0.37,00,00,00,04
Shipping_Measure_Costs,00_00_00_04,D&Wp,average,100,1274.24,0.39,00,00,00,04
Shipping_Measure_Costs,00_00_00_04,G,average,20,41.08,0.03,00,00,00,04
Shipping_Measure_Costs,00_00_00_04,G,average,60,144.73,0.07,00,00,00,04
Shipping_Measure_Costs,00_00_00_04,G,average,100,250.37,0.08,00,00,00,04
Shipping_Measure_Costs,00_00_00_04,G&Wp,average,20,41.71,0.03,00,00,00,04
Shipping_Measure_Costs,00_00_00_04,G&Wp,average,60,791.16,0.37,00,00,00,04
Shipping_Measure_Costs,00_00_00_04,G&Wp,average,100,1271.51,0.39,00,00,00,04
Shipping_Measure_Costs,00_00_00_04,Wp,average,20,42.34,0.03,00,00,00,04
Shipping_Measure_Costs,00_00_00_04,Wp,average,60,1437.6,0.67,00,00,00,04
Shipping_Measure_Costs,00_00_00_04,Wp,average,100,2292.66,0.69,00,00,00,04
Shipping_Measure_Costs,00_00_00_05,D,average,20,41.08,0.03,00,00,00,05
Shipping_Measure_Costs,00_00_00_05,D,average,60,1028.87,0.48,00,00,00,05
Shipping_Measure_Costs,00_00_00_05,D,average,100,1575.03,0.48,00,00,00,05
Shipping_Measure_Costs,00_00_00_05,D&G,average,20,41.08,0.03,00,00,00,05
Shipping_Measure_Costs,00_00_00_05,D&G,average,60,803.41,0.37,00,00,00,05
Shipping_Measure_Costs,00_00_00_05,D&G,average,100,1319.88,0.4,00,00,00,05
Shipping_Measure_Costs,00_00_00_05,D&G&Wp,average,20,41.5,0.03,00,00,00,05
Shipping_Measure_Costs,00_00_00_05,D&G&Wp,average,60,1085.58,0.5,00,00,00,05
Shipping_Measure_Costs,00_00_00_05,D&G&Wp,average,100,1710.91,0.52,00,00,00,05
Shipping_Measure_Costs,00_00_00_05,D&Wp,average,20,41.71,0.03,00,00,00,05
Shipping_Measure_Costs,00_00_00_05,D&Wp,average,60,1339.4,0.62,00,00,00,05
Shipping_Measure_Costs,00_00_00_05,D&Wp,average,100,2034.0,0.62,00,00,00,05
Shipping_Measure_Costs,00_00_00_05,G,average,20,41.08,0.03,00,00,00,05
Shipping_Measure_Costs,00_00_00_05,G,average,60,577.95,0.27,00,00,00,05
Shipping_Measure_Costs,00_00_00_05,G,average,100,1064.73,0.32,00,00,00,05
Shipping_Measure_Costs,00_00_00_05,G&Wp,average,20,41.71,0.03,00,00,00,05
Shipping_Measure_Costs,00_00_00_05,G&Wp,average,60,1113.94,0.52,00,00,00,05
Shipping_Measure_Costs,00_00_00_05,G&Wp,average,100,1778.85,0.54,00,00,00,05
Shipping_Measure_Costs,00_00_00_05,Wp,average,20,42.34,0.03,00,00,00,05
Shipping_Measure_Costs,00_00_00_05,Wp,average,60,1649.92,0.77,00,00,00,05
Shipping_Measure_Costs,00_00_00_05,Wp,average,100,2492.98,0.76,00,00,00,05
Shipping_Measure_Costs,00_00_00_07,D,average,20,1230.29,0.95,00,00,00,07
Shipping_Measure_Costs,00_00_00_07,D,average,60,1972.55,0.92,00,00,00,07
Shipping_Measure_Costs,00_00_00_07,D,average,100,2714.81,0.82,00,00,00,07
Shipping_Measure_Costs,00_00_00_07,D&G,average,20,1230.29,0.95,00,00,00,07
Shipping_Measure_Costs,00_00_00_07,D&G,average,60,1972.55,0.92,00,00,00,07
Shipping_Measure_Costs,00_00_00_07,D&G,average,100,2714.81,0.82,00,00,00,07
Shipping_Measure_Costs,00_00_00_07,D&G&Wp,average,20,1233.38,0.95,00,00,00,07
Shipping_Measure_Costs,00_00_00_07,D&G&Wp,average,60,1975.64,0.92,00,00,00,07
Shipping_Measure_Costs,00_00_00_07,D&G&Wp,average,100,2717.9,0.82,00,00,00,07
Shipping_Measure_Costs,00_00_00_07,D&Wp,average,20,1234.93,0.95,00,00,00,07
Shipping_Measure_Costs,00_00_00_07,D&Wp,average,60,1977.19,0.92,00,00,00,07
Shipping_Measure_Costs,00_00_00_07,D&Wp,average,100,2719.45,0.82,00,00,00,07
Shipping_Measure_Costs,00_00_00_07,G,average,20,1230.29,0.95,00,00,00,07
Shipping_Measure_Costs,00_00_00_07,G,average,60,1972.55,0.92,00,00,00,07
Shipping_Measure_Costs,00_00_00_07,G,average,100,2714.81,0.82,00,00,00,07
Shipping_Measure_Costs,00_00_00_07,G&Wp,average,20,1234.93,0.95,00,00,00,07
Shipping_Measure_Costs,00_00_00_07,G&Wp,average,60,1977.19,0.92,00,00,00,07
Shipping_Measure_Costs,00_00_00_07,G&Wp,average,100,2719.45,0.82,00,00,00,07
Shipping_Measure_Costs,00_00_00_07,Wp,average,20,1239.57,0.95,00,00,00,07
Shipping_Measure_Costs,00_00_00_07,Wp,average,60,1981.83,0.92,00,00,00,07
Shipping_Measure_Costs,00_00_00_07,Wp,average,100,2724.09,0.83,00,00,00,07
Shipping_Measure_Costs,00_00_00_08,D,average,20,1230.29,0.95,00,00,00,08
Shipping_Measure_Costs,00_00_00_08,D,average,60,1972.55,0.92,00,00,00,08
Shipping_Measure_Costs,00_00_00_08,D,average,100,2714.81,0.82,00,00,00,08
Shipping_Measure_Costs,00_00_00_08,D&G,average,20,1230.29,0.95,00,00,00,08
Shipping_Measure_Costs,00_00_00_08,D&G,average,60,1972.55,0.92,00,00,00,08
Shipping_Measure_Costs,00_00_00_08,D&G,average,100,2714.81,0.82,00,00,00,08
Shipping_Measure_Costs,00_00_00_08,D&G&Wp,average,20,1233.38,0.95,00,00,00,08
Shipping_Measure_Costs,00_00_00_08,D&G&Wp,average,60,1975.64,0.92,00,00,00,08
Shipping_Measure_Costs,00_00_00_08,D&G&Wp,average,100,2717.9,0.82,00,00,00,08
Shipping_Measure_Costs,00_00_00_08,D&Wp,average,20,1234.93,0.95,00,00,00,08
Shipping_Measure_Costs,00_00_00_08,D&Wp,average,60,1977.19,0.92,00,00,00,08
Shipping_Measure_Costs,00_00_00_08,D&Wp,average,100,2719.45,0.82,00,00,00,08
Shipping_Measure_Costs,00_00_00_08,G,average,20,1230.29,0.95,00,00,00,08
Shipping_Measure_Costs,00_00_00_08,G,average,60,1972.55,0.92,00,00,00,08
Shipping_Measure_Costs,00_00_00_08,G,average,100,2714.81,0.82,00,00,00,08
Shipping_Measure_Costs,00_00_00_08,G&Wp,average,20,1234.93,0.95,00,00,00,08
Shipping_Measure_Costs,00_00_00_08,G&Wp,average,60,1977.19,0.92,00,00,00,08
Shipping_Measure_Costs,00_00_00_08,G&Wp,average,100,2719.45,0.82,00,00,00,08
Shipping_Measure_Costs,00_00_00_08,Wp,average,20,1239.57,0.95,00,00,00,08
Shipping_Measure_Costs,00_00_00_08,Wp,average,60,1981.83,0.92,00,00,00,08
Shipping_Measure_Costs,00_00_00_08,Wp,average,100,2724.09,0.83,00,00,00,08
Shipping_Measure_Costs,00_00_00_09,D,average,20,1230.29,0.95,00,00,00,09
Shipping_Measure_Costs,00_00_00_09,D,average,60,1972.55,0.92,00,00,00,09
Shipping_Measure_Costs,00_00_00_09,D,average,100,2714.81,0.82,00,00,00,09
Shipping_Measure_Costs,00_00_00_09,D&G,average,20,1230.29,0.95,00,00,00,09
Shipping_Measure_Costs,00_00_00_09,D&G,average,60,1972.55,0.92,00,00,00,09
Shipping_Measure_Costs,00_00_00_09,D&G,average,100,2714.81,0.82,00,00,00,09
Shipping_Measure_Costs,00_00_00_09,D&G&Wp,average,20,1233.38,0.95,00,00,00,09
Shipping_Measure_Costs,00_00_00_09,D&G&Wp,average,60,1975.64,0.92,00,00,00,09
Shipping_Measure_Costs,00_00_00_09,D&G&Wp,average,100,2717.9,0.82,00,00,00,09
Shipping_Measure_Costs,00_00_00_09,D&Wp,average,20,1234.93,0.95,00,00,00,09
Shipping_Measure_Costs,00_00_00_09,D&Wp,average,60,1977.19,0.92,00,00,00,09
Shipping_Measure_Costs,00_00_00_09,D&Wp,average,100,2719.45,0.82,00,00,00,09
Shipping_Measure_Costs,00_00_00_09,G,average,20,1230.29,0.95,00,00,00,09
Shipping_Measure_Costs,00_00_00_09,G,average,60,1972.55,0.92,00,00,00,09
Shipping_Measure_Costs,00_00_00_09,G,average,100,2714.81,0.82,00,00,00,09
Shipping_Measure_Costs,00_00_00_09,G&Wp,average,20,1234.93,0.95,00,00,00,09
Shipping_Measure_Costs,00_00_00_09,G&Wp,average,60,1977.19,0.92,00,00,00,09
Shipping_Measure_Costs,00_00_00_09,G&Wp,average,100,2719.45,0.82,00,00,00,09
Shipping_Measure_Costs,00_00_00_09,Wp,average,20,1239.57,0.95,00,00,00,09
Shipping_Measure_Costs,00_00_00_09,Wp,average,60,1981.83,0.92,00,00,00,09
Shipping_Measure_Costs,00_00_00_09,Wp,average,100,2724.09,0.83,00,00,00,09
Shipping_Measure_Costs,00_01_00_00,D,average,20,0.0,0.0,00,01,00,00
Shipping_Measure_Costs,00_01_00_00,D,average,60,0.0,0.0,00,01,00,00
Shipping_Measure_Costs,00_01_00_00,D,average,100,0.0,0.0,00,01,00,00
Shipping_Measure_Costs,00_01_00_00,D&G,average,20,0.0,0.0,00,01,00,00
Shipping_Measure_Costs,00_01_00_00,D&G,average,60,0.0,0.0,00,01,00,00
Shipping_Measure_Costs,00_01_00_00,D&G,average,100,0.0,0.0,00,01,00,00
Shipping_Measure_Costs,00_01_00_00,D&G&Wp,average,20,0.0,0.0,00,01,00,00
Shipping_Measure_Costs,00_01_00_00,D&G&Wp,average,60,0.0,0.0,00,01,00,00
Shipping_Measure_Costs,00_01_00_00,D&G&Wp,average,100,0.0,0.0,00,01,00,00
Shipping_Measure_Costs,00_01_00_00,D&Wp,average,20,0.0,0.0,00,01,00,00
Shipping_Measure_Costs,00_01_00_00,D&Wp,average,60,0.0,0.0,00,01,00,00
Shipping_Measure_Costs,00_01_00_00,D&Wp,average,100,0.0,0.0,00,01,00,00
Shipping_Measure_Costs,00_01_00_00,G,average,20,0.0,0.0,00,01,00,00
Shipping_Measure_Costs,00_01_00_00,G,average,60,0.0,0.0,00,01,00,00
Shipping_Measure_Costs,00_01_00_00,G,average,100,0.0,0.0,00,01,00,00
Shipping_Measure_Costs,00_01_00_00,G&Wp,average,20,0.0,0.0,00,01,00,00
Shipping_Measure_Costs,00_01_00_00,G&Wp,average,60,0.0,0.0,00,01,00,00
Shipping_Measure_Costs,00_01_00_00,G&Wp,average,100,0.0,0.0,00,01,00,00
Shipping_Measure_Costs,00_01_00_00,Wp,average,20,0.0,0.0,00,01,00,00
Shipping_Measure_Costs,00_01_00_00,Wp,average,60,0.0,0.0,00,01,00,00
Shipping_Measure_Costs,00_01_00_00,Wp,average,100,0.0,0.0,00,01,00,00
Shipping_Measure_Costs,00_01_00_01,D,average,20,545.88,0.42,00,01,00,01
Shipping_Measure_Costs,00_01_00_01,D,average,60,1088.6,0.51,00,01,00,01
Shipping_Measure_Costs,00_01_00_01,D,average,100,1545.95,0.47,00,01,00,01
Shipping_Measure_Costs,00_01_00_01,D&G,average,20,545.88,0.42,00,01,00,01
Shipping_Measure_Costs,00_01_00_01,D&G,average,60,1087.67,0.51,00,01,00,01
Shipping_Measure_Costs,00_01_00_01,D&G,average,100,1545.02,0.47,00,01,00,01
Shipping_Measure_Costs,00_01_00_01,D&G&Wp,average,20,580.57,0.45,00,01,00,01
Shipping_Measure_Costs,00_01_00_01,D&G&Wp,average,60,1293.39,0.6,00,01,00,01
Shipping_Measure_Costs,00_01_00_01,D&G&Wp,average,100,1849.71,0.56,00,01,00,01
Shipping_Measure_Costs,00_01_00_01,D&Wp,average,20,597.91,0.46,00,01,00,01
Shipping_Measure_Costs,00_01_00_01,D&Wp,average,60,1396.71,0.65,00,01,00,01
Shipping_Measure_Costs,00_01_00_01,D&Wp,average,100,2002.52,0.61,00,01,00,01
Shipping_Measure_Costs,00_01_00_01,G,average,20,545.88,0.42,00,01,00,01
Shipping_Measure_Costs,00_01_00_01,G,average,60,1086.74,0.51,00,01,00,01
Shipping_Measure_Costs,00_01_00_01,G,average,100,1544.1,0.47,00,01,00,01
Shipping_Measure_Costs,00_01_00_01,G&Wp,average,20,597.91,0.46,00,01,00,01
Shipping_Measure_Costs,00_01_00_01,G&Wp,average,60,1395.78,0.65,00,01,00,01
Shipping_Measure_Costs,00_01_00_01,G&Wp,average,100,2001.59,0.61,00,01,00,01
Shipping_Measure_Costs,00_01_00_01,Wp,average,20,649.95,0.5,00,01,00,01
Shipping_Measure_Costs,00_01_00_01,Wp,average,60,1704.82,0.79,00,01,00,01
Shipping_Measure_Costs,00_01_00_01,Wp,average,100,2459.08,0.75,00,01,00,01
Shipping_Measure_Costs,00_01_00_02,D,average,20,16.22,0.01,00,01,00,02
Shipping_Measure_Costs,00_01_00_02,D,average,60,87.69,0.04,00,01,00,02
Shipping_Measure_Costs,00_01_00_02,D,average,100,160.17,0.05,00,01,00,02
Shipping_Measure_Costs,00_01_00_02,D&G,average,20,16.22,0.01,00,01,00,02
Shipping_Measure_Costs,00_01_00_02,D&G,average,60,87.57,0.04,00,01,00,02
Shipping_Measure_Costs,00_01_00_02,D&G,average,100,160.05,0.05,00,01,00,02
Shipping_Measure_Costs,00_01_00_02,D&G&Wp,average,20,16.78,0.01,00,01,00,02
Shipping_Measure_Costs,00_01_00_02,D&G&Wp,average,60,537.3,0.25,00,01,00,02
Shipping_Measure_Costs,00_01_00_02,D&G&Wp,average,100,870.64,0.26,00,01,00,02
Shipping_Measure_Costs,00_01_00_02,D&Wp,average,20,17.05,0.01,00,01,00,02
Shipping_Measure_Costs,00_01_00_02,D&Wp,average,60,762.23,0.35,00,01,00,02
Shipping_Measure_Costs,00_01_00_02,D&Wp,average,100,1226.0,0.37,00,01,00,02
Shipping_Measure_Costs,00_01_00_02,G,average,20,16.22,0.01,00,01,00,02
Shipping_Measure_Costs,00_01_00_02,G,average,60,87.44,0.04,00,01,00,02
Shipping_Measure_Costs,00_01_00_02,G,average,100,159.92,0.05,00,01,00,02
Shipping_Measure_Costs,00_01_00_02,G&Wp,average,20,17.05,0.01,00,01,00,02
Shipping_Measure_Costs,00_01_00_02,G&Wp,average,60,762.1,0.35,00,01,00,02
Shipping_Measure_Costs,00_01_00_02,G&Wp,average,100,1225.87,0.37,00,01,00,02
Shipping_Measure_Costs,00_01_00_02,Wp,average,20,17.88,0.01,00,01,00,02
Shipping_Measure_Costs,00_01_00_02,Wp,average,60,1436.76,0.67,00,01,00,02
Shipping_Measure_Costs,00_01_00_02,Wp,average,100,2291.82,0.69,00,01,00,02
Shipping_Measure_Costs,00_01_00_04,D,average,20,41.08,0.03,00,01,00,04
Shipping_Measure_Costs,00_01_00_04,D,average,60,147.82,0.07,00,01,00,04
Shipping_Measure_Costs,00_01_00_04,D,average,100,255.82,0.08,00,01,00,04
Shipping_Measure_Costs,00_01_00_04,D&G,average,20,41.08,0.03,00,01,00,04
Shipping_Measure_Costs,00_01_00_04,D&G,average,60,146.27,0.07,00,01,00,04
Shipping_Measure_Costs,00_01_00_04,D&G,average,100,253.09,0.08,00,01,00,04
Shipping_Measure_Costs,00_01_00_04,D&G&Wp,average,20,41.5,0.03,00,01,00,04
Shipping_Measure_Costs,00_01_00_04,D&G&Wp,average,60,576.71,0.27,00,01,00,04
Shipping_Measure_Costs,00_01_00_04,D&G&Wp,average,100,932.95,0.28,00,01,00,04
Shipping_Measure_Costs,00_01_00_04,D&Wp,average,20,41.71,0.03,00,01,00,04
Shipping_Measure_Costs,00_01_00_04,D&Wp,average,60,792.71,0.37,00,01,00,04
Shipping_Measure_Costs,00_01_00_04,D&Wp,average,100,1274.24,0.39,00,01,00,04
Shipping_Measure_Costs,00_01_00_04,G,average,20,41.08,0.03,00,01,00,04
Shipping_Measure_Costs,00_01_00_04,G,average,60,144.73,0.07,00,01,00,04
Shipping_Measure_Costs,00_01_00_04,G,average,100,250.37,0.08,00,01,00,04
Shipping_Measure_Costs,00_01_00_04,G&Wp,average,20,41.71,0.03,00,01,00,04
Shipping_Measure_Costs,00_01_00_04,G&Wp,average,60,791.16,0.37,00,01,00,04
Shipping_Measure_Costs,00_01_00_04,G&Wp,average,100,1271.51,0.39,00,01,00,04
Shipping_Measure_Costs,00_01_00_04,Wp,average,20,42.34,0.03,00,01,00,04
Shipping_Measure_Costs,00_01_00_04,Wp,average,60,1437.6,0.67,00,01,00,04
Shipping_Measure_Costs,00_01_00_04,Wp,average,100,2292.66,0.69,00,01,00,04
Shipping_Measure_Costs,00_01_00_05,D,average,20,41.08,0.03,00,01,00,05
Shipping_Measure_Costs,00_01_00_05,D,average,60,1028.87,0.48,00,01,00,05
Shipping_Measure_Costs,00_01_00_05,D,average,100,1575.03,0.48,00,01,00,05
Shipping_Measure_Costs,00_01_00_05,D&G,average,20,41.08,0.03,00,01,00,05
Shipping_Measure_Costs,00_01_00_05,D&G,average,60,803.41,0.37,00,01,00,05
Shipping_Measure_Costs,00_01_00_05,D&G,average,100,1319.88,0.4,00,01,00,05
Shipping_Measure_Costs,00_01_00_05,D&G&Wp,average,20,41.5,0.03,00,01,00,05
Shipping_Measure_Costs,00_01_00_05,D&G&Wp,average,60,1085.58,0.5,00,01,00,05
Shipping_Measure_Costs,00_01_00_05,D&G&Wp,average,100,1710.91,0.52,00,01,00,05
Shipping_Measure_Costs,00_01_00_05,D&Wp,average,20,41.71,0.03,00,01,00,05
Shipping_Measure_Costs,00_01_00_05,D&Wp,average,60,1339.4,0.62,00,01,00,05
Shipping_Measure_Costs,00_01_00_05,D&Wp,average,100,2034.0,0.62,00,01,00,05
Shipping_Measure_Costs,00_01_00_05,G,average,20,41.08,0.03,00,01,00,05
Shipping_Measure_Costs,00_01_00_05,G,average,60,577.95,0.27,00,01,00,05
Shipping_Measure_Costs,00_01_00_05,G,average,100,1064.73,0.32,00,01,00,05
Shipping_Measure_Costs,00_01_00_05,G&Wp,average,20,41.71,0.03,00,01,00,05
Shipping_Measure_Costs,00_01_00_05,G&Wp,average,60,1113.94,0.52,00,01,00,05
Shipping_Measure_Costs,00_01_00_05,G&Wp,average,100,1778.85,0.54,00,01,00,05
Shipping_Measure_Costs,00_01_00_05,Wp,average,20,42.34,0.03,00,01,00,05
Shipping_Measure_Costs,00_01_00_05,Wp,average,60,1649.92,0.77,00,01,00,05
Shipping_Measure_Costs,00_01_00_05,Wp,average,100,2492.98,0.76,00,01,00,05
Shipping_Measure_Costs,00_01_00_07,D,average,20,1230.29,0.95,00,01,00,07
Shipping_Measure_Costs,00_01_00_07,D,average,60,1972.55,0.92,00,01,00,07
Shipping_Measure_Costs,00_01_00_07,D,average,100,2714.81,0.82,00,01,00,07
Shipping_Measure_Costs,00_01_00_07,D&G,average,20,1230.29,0.95,00,01,00,07
Shipping_Measure_Costs,00_01_00_07,D&G,average,60,1972.55,0.92,00,01,00,07
Shipping_Measure_Costs,00_01_00_07,D&G,average,100,2714.81,0.82,00,01,00,07
Shipping_Measure_Costs,00_01_00_07,D&G&Wp,average,20,1233.38,0.95,00,01,00,07
Shipping_Measure_Costs,00_01_00_07,D&G&Wp,average,60,1975.64,0.92,00,01,00,07
Shipping_Measure_Costs,00_01_00_07,D&G&Wp,average,100,2717.9,0.82,00,01,00,07
Shipping_Measure_Costs,00_01_00_07,D&Wp,average,20,1234.93,0.95,00,01,00,07
Shipping_Measure_Costs,00_01_00_07,D&Wp,average,60,1977.19,0.92,00,01,00,07
Shipping_Measure_Costs,00_01_00_07,D&Wp,average,100,2719.45,0.82,00,01,00,07
Shipping_Measure_Costs,00_01_00_07,G,average,20,1230.29,0.95,00,01,00,07
Shipping_Measure_Costs,00_01_00_07,G,average,60,1972.55,0.92,00,01,00,07
Shipping_Measure_Costs,00_01_00_07,G,average,100,2714.81,0.82,00,01,00,07
Shipping_Measure_Costs,00_01_00_07,G&Wp,average,20,1234.93,0.95,00,01,00,07
Shipping_Measure_Costs,00_01_00_07,G&Wp,average,60,1977.19,0.92,00,01,00,07
Shipping_Measure_Costs,00_01_00_07,G&Wp,average,100,2719.45,0.82,00,01,00,07
Shipping_Measure_Costs,00_01_00_07,Wp,average,20,1239.57,0.95,00,01,00,07
Shipping_Measure_Costs,00_01_00_07,Wp,average,60,1981.83,0.92,00,01,00,07
Shipping_Measure_Costs,00_01_00_07,Wp,average,100,2724.09,0.83,00,01,00,07
Shipping_Measure_Costs,00_01_00_08,D,average,20,1230.29,0.95,00,01,00,08
Shipping_Measure_Costs,00_01_00_08,D,average,60,1972.55,0.92,00,01,00,08
Shipping_Measure_Costs,00_01_00_08,D,average,100,2714.81,0.82,00,01,00,08
Shipping_Measure_Costs,00_01_00_08,D&G,average,20,1230.29,0.95,00,01,00,08
Shipping_Measure_Costs,00_01_00_08,D&G,average,60,1972.55,0.92,00,01,00,08
Shipping_Measure_Costs,00_01_00_08,D&G,average,100,2714.81,0.82,00,01,00,08
Shipping_Measure_Costs,00_01_00_08,D&G&Wp,average,20,1233.38,0.95,00,01,00,08
Shipping_Measure_Costs,00_01_00_08,D&G&Wp,average,60,1975.64,0.92,00,01,00,08
Shipping_Measure_Costs,00_01_00_08,D&G&Wp,average,100,2717.9,0.82,00,01,00,08
Shipping_Measure_Costs,00_01_00_08,D&Wp,average,20,1234.93,0.95,00,01,00,08
Shipping_Measure_Costs,00_01_00_08,D&Wp,average,60,1977.19,0.92,00,01,00,08
Shipping_Measure_Costs,00_01_00_08,D&Wp,average,100,2719.45,0.82,00,01,00,08
Shipping_Measure_Costs,00_01_00_08,G,average,20,1230.29,0.95,00,01,00,08
Shipping_Measure_Costs,00_01_00_08,G,average,60,1972.55,0.92,00,01,00,08
Shipping_Measure_Costs,00_01_00_08,G,average,100,2714.81,0.82,00,01,00,08
Shipping_Measure_Costs,00_01_00_08,G&Wp,average,20,1234.93,0.95,00,01,00,08
Shipping_Measure_Costs,00_01_00_08,G&Wp,average,60,1977.19,0.92,00,01,00,08
Shipping_Measure_Costs,00_01_00_08,G&Wp,average,100,2719.45,0.82,00,01,00,08
Shipping_Measure_Costs,00_01_00_08,Wp,average,20,1239.57,0.95,00,01,00,08
Shipping_Measure_Costs,00_01_00_08,Wp,average,60,1981.83,0.92,00,01,00,08
Shipping_Measure_Costs,00_01_00_08,Wp,average,100,2724.09,0.83,00,01,00,08
Shipping_Measure_Costs,00_01_00_09,D,average,20,1230.29,0.95,00,01,00,09
Shipping_Measure_Costs,00_01_00_09,D,average,60,1972.55,0.92,00,01,00,09
Shipping_Measure_Costs,00_01_00_09,D,average,100,2714.81,0.82,00,01,00,09
Shipping_Measure_Costs,00_01_00_09,D&G,average,20,1230.29,0.95,00,01,00,09
Shipping_Measure_Costs,00_01_00_09,D&G,average,60,1972.55,0.92,00,01,00,09
Shipping_Measure_Costs,00_01_00_09,D&G,average,100,2714.81,0.82,00,01,00,09
Shipping_Measure_Costs,00_01_00_09,D&G&Wp,average,20,1233.38,0.95,00,01,00,09
Shipping_Measure_Costs,00_01_00_09,D&G&Wp,average,60,1975.64,0.92,00,01,00,09
Shipping_Measure_Costs,00_01_00_09,D&G&Wp,average,100,2717.9,0.82,00,01,00,09
Shipping_Measure_Costs,00_01_00_09,D&Wp,average,20,1234.93,0.95,00,01,00,09
Shipping_Measure_Costs,00_01_00_09,D&Wp,average,60,1977.19,0.92,00,01,00,09
Shipping_Measure_Costs,00_01_00_09,D&Wp,average,100,2719.45,0.82,00,01,00,09
Shipping_Measure_Costs,00_01_00_09,G,average,20,1230.29,0.95,00,01,00,09
Shipping_Measure_Costs,00_01_00_09,G,average,60,1972.55,0.92,00,01,00,09
Shipping_Measure_Costs,00_01_00_09,G,average,100,2714.81,0.82,00,01,00,09
Shipping_Measure_Costs,00_01_00_09,G&Wp,average,20,1234.93,0.95,00,01,00,09
Shipping_Measure_Costs,00_01_00_09,G&Wp,average,60,1977.19,0.92,00,01,00,09
Shipping_Measure_Costs,00_01_00_09,G&Wp,average,100,2719.45,0.82,00,01,00,09
Shipping_Measure_Costs,00_01_00_09,Wp,average,20,1239.57,0.95,00,01,00,09
Shipping_Measure_Costs,00_01_00_09,Wp,average,60,1981.83,0.92,00,01,00,09
Shipping_Measure_Costs,00_01_00_09,Wp,average,100,2724.09,0.83,00,01,00,09
Shipping_Measure_Costs,00_03_00_00,D,average,20,0.0,0.0,00,03,00,00
Shipping_Measure_Costs,00_03_00_00,D,average,60,0.0,0.0,00,03,00,00
Shipping_Measure_Costs,00_03_00_00,D,average,100,0.0,0.0,00,03,00,00
Shipping_Measure_Costs,00_03_00_00,D&G,average,20,0.0,0.0,00,03,00,00
Shipping_Measure_Costs,00_03_00_00,D&G,average,60,0.0,0.0,00,03,00,00
Shipping_Measure_Costs,00_03_00_00,D&G,average,100,0.0,0.0,00,03,00,00
Shipping_Measure_Costs,00_03_00_00,D&G&Wp,average,20,0.0,0.0,00,03,00,00
Shipping_Measure_Costs,00_03_00_00,D&G&Wp,average,60,0.0,0.0,00,03,00,00
Shipping_Measure_Costs,00_03_00_00,D&G&Wp,average,100,0.0,0.0,00,03,00,00
Shipping_Measure_Costs,00_03_00_00,D&Wp,average,20,0.0,0.0,00,03,00,00
Shipping_Measure_Costs,00_03_00_00,D&Wp,average,60,0.0,0.0,00,03,00,00
Shipping_Measure_Costs,00_03_00_00,D&Wp,average,100,0.0,0.0,00,03,00,00
Shipping_Measure_Costs,00_03_00_00,G,average,20,0.0,0.0,00,03,00,00
Shipping_Measure_Costs,00_03_00_00,G,average,60,0.0,0.0,00,03,00,00
Shipping_Measure_Costs,00_03_00_00,G,average,100,0.0,0.0,00,03,00,00
Shipping_Measure_Costs,00_03_00_00,G&Wp,average,20,0.0,0.0,00,03,00,00
Shipping_Measure_Costs,00_03_00_00,G&Wp,average,60,0.0,0.0,00,03,00,00
Shipping_Measure_Costs,00_03_00_00,G&Wp,average,100,0.0,0.0,00,03,00,00
Shipping_Measure_Costs,00_03_00_00,Wp,average,20,0.0,0.0,00,03,00,00
Shipping_Measure_Costs,00_03_00_00,Wp,average,60,0.0,0.0,00,03,00,00
Shipping_Measure_Costs,00_03_00_00,Wp,average,100,0.0,0.0,00,03,00,00
Shipping_Measure_Costs,00_03_00_01,D,average,20,545.88,0.42,00,03,00,01
Shipping_Measure_Costs,00_03_00_01,D,average,60,1088.6,0.51,00,03,00,01
Shipping_Measure_Costs,00_03_00_01,D,average,100,1545.95,0.47,00,03,00,01
Shipping_Measure_Costs,00_03_00_01,D&G,average,20,545.88,0.42,00,03,00,01
Shipping_Measure_Costs,00_03_00_01,D&G,average,60,1087.67,0.51,00,03,00,01
Shipping_Measure_Costs,00_03_00_01,D&G,average,100,1545.02,0.47,00,03,00,01
Shipping_Measure_Costs,00_03_00_01,D&G&Wp,average,20,580.57,0.45,00,03,00,01
Shipping_Measure_Costs,00_03_00_01,D&G&Wp,average,60,1293.39,0.6,00,03,00,01
Shipping_Measure_Costs,00_03_00_01,D&G&Wp,average,100,1849.71,0.56,00,03,00,01
Shipping_Measure_Costs,00_03_00_01,D&Wp,average,20,597.91,0.46,00,03,00,01
Shipping_Measure_Costs,00_03_00_01,D&Wp,average,60,1396.71,0.65,00,03,00,01
Shipping_Measure_Costs,00_03_00_01,D&Wp,average,100,2002.52,0.61,00,03,00,01
Shipping_Measure_Costs,00_03_00_01,G,average,20,545.88,0.42,00,03,00,01
Shipping_Measure_Costs,00_03_00_01,G,average,60,1086.74,0.51,00,03,00,01
Shipping_Measure_Costs,00_03_00_01,G,average,100,1544.1,0.47,00,03,00,01
Shipping_Measure_Costs,00_03_00_01,G&Wp,average,20,597.91,0.46,00,03,00,01
Shipping_Measure_Costs,00_03_00_01,G&Wp,average,60,1395.78,0.65,00,03,00,01
Shipping_Measure_Costs,00_03_00_01,G&Wp,average,100,2001.59,0.61,00,03,00,01
Shipping_Measure_Costs,00_03_00_01,Wp,average,20,649.95,0.5,00,03,00,01
Shipping_Measure_Costs,00_03_00_01,Wp,average,60,1704.82,0.79,00,03,00,01
Shipping_Measure_Costs,00_03_00_01,Wp,average,100,2459.08,0.75,00,03,00,01
Shipping_Measure_Costs,00_03_00_02,D,average,20,16.22,0.01,00,03,00,02
Shipping_Measure_Costs,00_03_00_02,D,average,60,87.69,0.04,00,03,00,02
Shipping_Measure_Costs,00_03_00_02,D,average,100,160.17,0.05,00,03,00,02
Shipping_Measure_Costs,00_03_00_02,D&G,average,20,16.22,0.01,00,03,00,02
Shipping_Measure_Costs,00_03_00_02,D&G,average,60,87.57,0.04,00,03,00,02
Shipping_Measure_Costs,00_03_00_02,D&G,average,100,160.05,0.05,00,03,00,02
Shipping_Measure_Costs,00_03_00_02,D&G&Wp,average,20,16.78,0.01,00,03,00,02
Shipping_Measure_Costs,00_03_00_02,D&G&Wp,average,60,537.3,0.25,00,03,00,02
Shipping_Measure_Costs,00_03_00_02,D&G&Wp,average,100,870.64,0.26,00,03,00,02
Shipping_Measure_Costs,00_03_00_02,D&Wp,average,20,17.05,0.01,00,03,00,02
Shipping_Measure_Costs,00_03_00_02,D&Wp,average,60,762.23,0.35,00,03,00,02
Shipping_Measure_Costs,00_03_00_02,D&Wp,average,100,1226.0,0.37,00,03,00,02
Shipping_Measure_Costs,00_03_00_02,G,average,20,16.22,0.01,00,03,00,02
Shipping_Measure_Costs,00_03_00_02,G,average,60,87.44,0.04,00,03,00,02
Shipping_Measure_Costs,00_03_00_02,G,average,100,159.92,0.05,00,03,00,02
Shipping_Measure_Costs,00_03_00_02,G&Wp,average,20,17.05,0.01,00,03,00,02
Shipping_Measure_Costs,00_03_00_02,G&Wp,average,60,762.1,0.35,00,03,00,02
Shipping_Measure_Costs,00_03_00_02,G&Wp,average,100,1225.87,0.37,00,03,00,02
Shipping_Measure_Costs,00_03_00_02,Wp,average,20,17.88,0.01,00,03,00,02
Shipping_Measure_Costs,00_03_00_02,Wp,average,60,1436.76,0.67,00,03,00,02
Shipping_Measure_Costs,00_03_00_02,Wp,average,100,2291.82,0.69,00,03,00,02
Shipping_Measure_Costs,00_03_00_04,D,average,20,41.08,0.03,00,03,00,04
Shipping_Measure_Costs,00_03_00_04,D,average,60,147.82,0.07,00,03,00,04
Shipping_Measure_Costs,00_03_00_04,D,average,100,255.82,0.08,00,03,00,04
Shipping_Measure_Costs,00_03_00_04,D&G,average,20,41.08,0.03,00,03,00,04
Shipping_Measure_Costs,00_03_00_04,D&G,average,60,146.27,0.07,00,03,00,04
Shipping_Measure_Costs,00_03_00_04,D&G,average,100,253.09,0.08,00,03,00,04
Shipping_Measure_Costs,00_03_00_04,D&G&Wp,average,20,41.5,0.03,00,03,00,04
Shipping_Measure_Costs,00_03_00_04,D&G&Wp,average,60,576.71,0.27,00,03,00,04
Shipping_Measure_Costs,00_03_00_04,D&G&Wp,average,100,932.95,0.28,00,03,00,04
Shipping_Measure_Costs,00_03_00_04,D&Wp,average,20,41.71,0.03,00,03,00,04
Shipping_Measure_Costs,00_03_00_04,D&Wp,average,60,792.71,0.37,00,03,00,04
Shipping_Measure_Costs,00_03_00_04,D&Wp,average,100,1274.24,0.39,00,03,00,04
Shipping_Measure_Costs,00_03_00_04,G,average,20,41.08,0.03,00,03,00,04
Shipping_Measure_Costs,00_03_00_04,G,average,60,144.73,0.07,00,03,00,04
Shipping_Measure_Costs,00_03_00_04,G,average,100,250.37,0.08,00,03,00,04
Shipping_Measure_Costs,00_03_00_04,G&Wp,average,20,41.71,0.03,00,03,00,04
Shipping_Measure_Costs,00_03_00_04,G&Wp,average,60,791.16,0.37,00,03,00,04
Shipping_Measure_Costs,00_03_00_04,G&Wp,average,100,1271.51,0.39,00,03,00,04
Shipping_Measure_Costs,00_03_00_04,Wp,average,20,42.34,0.03,00,03,00,04
Shipping_Measure_Costs,00_03_00_04,Wp,average,60,1437.6,0.67,00,03,00,04
Shipping_Measure_Costs,00_03_00_04,Wp,average,100,2292.66,0.69,00,03,00,04
Shipping_Measure_Costs,00_03_00_05,D,average,20,41.08,0.03,00,03,00,05
Shipping_Measure_Costs,00_03_00_05,D,average,60,1028.87,0.48,00,03,00,05
Shipping_Measure_Costs,00_03_00_05,D,average,100,1575.03,0.48,00,03,00,05
Shipping_Measure_Costs,00_03_00_05,D&G,average,20,41.08,0.03,00,03,00,05
Shipping_Measure_Costs,00_03_00_05,D&G,average,60,803.41,0.37,00,03,00,05
Shipping_Measure_Costs,00_03_00_05,D&G,average,100,1319.88,0.4,00,03,00,05
Shipping_Measure_Costs,00_03_00_05,D&G&Wp,average,20,41.5,0.03,00,03,00,05
Shipping_Measure_Costs,00_03_00_05,D&G&Wp,average,60,1085.58,0.5,00,03,00,05
Shipping_Measure_Costs,00_03_00_05,D&G&Wp,average,100,1710.91,0.52,00,03,00,05
Shipping_Measure_Costs,00_03_00_05,D&Wp,average,20,41.71,0.03,00,03,00,05
Shipping_Measure_Costs,00_03_00_05,D&Wp,average,60,1339.4,0.62,00,03,00,05
Shipping_Measure_Costs,00_03_00_05,D&Wp,average,100,2034.0,0.62,00,03,00,05
Shipping_Measure_Costs,00_03_00_05,G,average,20,41.08,0.03,00,03,00,05
Shipping_Measure_Costs,00_03_00_05,G,average,60,577.95,0.27,00,03,00,05
Shipping_Measure_Costs,00_03_00_05,G,average,100,1064.73,0.32,00,03,00,05
Shipping_Measure_Costs,00_03_00_05,G&Wp,average,20,41.71,0.03,00,03,00,05
Shipping_Measure_Costs,00_03_00_05,G&Wp,average,60,1113.94,0.52,00,03,00,05
Shipping_Measure_Costs,00_03_00_05,G&Wp,average,100,1778.85,0.54,00,03,00,05
Shipping_Measure_Costs,00_03_00_05,Wp,average,20,42.34,0.03,00,03,00,05
Shipping_Measure_Costs,00_03_00_05,Wp,average,60,1649.92,0.77,00,03,00,05
Shipping_Measure_Costs,00_03_00_05,Wp,average,100,2492.98,0.76,00,03,00,05
Shipping_Measure_Costs,00_03_00_07,D,average,20,1230.29,0.95,00,03,00,07
Shipping_Measure_Costs,00_03_00_07,D,average,60,1972.55,0.92,00,03,00,07
Shipping_Measure_Costs,00_03_00_07,D,average,100,2714.81,0.82,00,03,00,07
Shipping_Measure_Costs,00_03_00_07,D&G,average,20,1230.29,0.95,00,03,00,07
Shipping_Measure_Costs,00_03_00_07,D&G,average,60,1972.55,0.92,00,03,00,07
Shipping_Measure_Costs,00_03_00_07,D&G,average,100,2714.81,0.82,00,03,00,07
Shipping_Measure_Costs,00_03_00_07,D&G&Wp,average,20,1233.38,0.95,00,03,00,07
Shipping_Measure_Costs,00_03_00_07,D&G&Wp,average,60,1975.64,0.92,00,03,00,07
Shipping_Measure_Costs,00_03_00_07,D&G&Wp,average,100,2717.9,0.82,00,03,00,07
Shipping_Measure_Costs,00_03_00_07,D&Wp,average,20,1234.93,0.95,00,03,00,07
Shipping_Measure_Costs,00_03_00_07,D&Wp,average,60,1977.19,0.92,00,03,00,07
Shipping_Measure_Costs,00_03_00_07,D&Wp,average,100,2719.45,0.82,00,03,00,07
Shipping_Measure_Costs,00_03_00_07,G,average,20,1230.29,0.95,00,03,00,07
Shipping_Measure_Costs,00_03_00_07,G,average,60,1972.55,0.92,00,03,00,07
Shipping_Measure_Costs,00_03_00_07,G,average,100,2714.81,0.82,00,03,00,07
Shipping_Measure_Costs,00_03_00_07,G&Wp,average,20,1234.93,0.95,00,03,00,07
Shipping_Measure_Costs,00_03_00_07,G&Wp,average,60,1977.19,0.92,00,03,00,07
Shipping_Measure_Costs,00_03_00_07,G&Wp,average,100,2719.45,0.82,00,03,00,07
Shipping_Measure_Costs,00_03_00_07,Wp,average,20,1239.57,0.95,00,03,00,07
Shipping_Measure_Costs,00_03_00_07,Wp,average,60,1981.83,0.92,00,03,00,07
Shipping_Measure_Costs,00_03_00_07,Wp,average,100,2724.09,0.83,00,03,00,07
Shipping_Measure_Costs,00_03_00_08,D,average,20,1230.29,0.95,00,03,00,08
Shipping_Measure_Costs,00_03_00_08,D,average,60,1972.55,0.92,00,03,00,08
Shipping_Measure_Costs,00_03_00_08,D,average,100,2714.81,0.82,00,03,00,08
Shipping_Measure_Costs,00_03_00_08,D&G,average,20,1230.29,0.95,00,03,00,08
Shipping_Measure_Costs,00_03_00_08,D&G,average,60,1972.55,0.92,00,03,00,08
Shipping_Measure_Costs,00_03_00_08,D&G,average,100,2714.81,0.82,00,03,00,08
Shipping_Measure_Costs,00_03_00_08,D&G&Wp,average,20,1233.38,0.95,00,03,00,08
Shipping_Measure_Costs,00_03_00_08,D&G&Wp,average,60,1975.64,0.92,00,03,00,08
Shipping_Measure_Costs,00_03_00_08,D&G&Wp,average,100,2717.9,0.82,00,03,00,08
Shipping_Measure_Costs,00_03_00_08,D&Wp,average,20,1234.93,0.95,00,03,00,08
Shipping_Measure_Costs,00_03_00_08,D&Wp,average,60,1977.19,0.92,00,03,00,08
Shipping_Measure_Costs,00_03_00_08,D&Wp,average,100,2719.45,0.82,00,03,00,08
Shipping_Measure_Costs,00_03_00_08,G,average,20,1230.29,0.95,00,03,00,08
Shipping_Measure_Costs,00_03_00_08,G,average,60,1972.55,0.92,00,03,00,08
Shipping_Measure_Costs,00_03_00_08,G,average,100,2714.81,0.82,00,03,00,08
Shipping_Measure_Costs,00_03_00_08,G&Wp,average,20,1234.93,0.95,00,03,00,08
Shipping_Measure_Costs,00_03_00_08,G&Wp,average,60,1977.19,0.92,00,03,00,08
Shipping_Measure_Costs,00_03_00_08,G&Wp,average,100,2719.45,0.82,00,03,00,08
Shipping_Measure_Costs,00_03_00_08,Wp,average,20,1239.57,0.95,00,03,00,08
Shipping_Measure_Costs,00_03_00_08,Wp,average,60,1981.83,0.92,00,03,00,08
Shipping_Measure_Costs,00_03_00_08,Wp,average,100,2724.09,0.83,00,03,00,08
Shipping_Measure_Costs,00_03_00_09,D,average,20,1230.29,0.95,00,03,00,09
Shipping_Measure_Costs,00_03_00_09,D,average,60,1972.55,0.92,00,03,00,09
Shipping_Measure_Costs,00_03_00_09,D,average,100,2714.81,0.82,00,03,00,09
Shipping_Measure_Costs,00_03_00_09,D&G,average,20,1230.29,0.95,00,03,00,09
Shipping_Measure_Costs,00_03_00_09,D&G,average,60,1972.55,0.92,00,03,00,09
Shipping_Measure_Costs,00_03_00_09,D&G,average,100,2714.81,0.82,00,03,00,09
Shipping_Measure_Costs,00_03_00_09,D&G&Wp,average,20,1233.38,0.95,00,03,00,09
Shipping_Measure_Costs,00_03_00_09,D&G&Wp,average,60,1975.64,0.92,00,03,00,09
Shipping_Measure_Costs,00_03_00_09,D&G&Wp,average,100,2717.9,0.82,00,03,00,09
Shipping_Measure_Costs,00_03_00_09,D&Wp,average,20,1234.93,0.95,00,03,00,09
Shipping_Measure_Costs,00_03_00_09,D&Wp,average,60,1977.19,0.92,00,03,00,09
Shipping_Measure_Costs,00_03_00_09,D&Wp,average,100,2719.45,0.82,00,03,00,09
Shipping_Measure_Costs,00_03_00_09,G,average,20,1230.29,0.95,00,03,00,09
Shipping_Measure_Costs,00_03_00_09,G,average,60,1972.55,0.92,00,03,00,09
Shipping_Measure_Costs,00_03_00_09,G,average,100,2714.81,0.82,00,03,00,09
Shipping_Measure_Costs,00_03_00_09,G&Wp,average,20,1234.93,0.95,00,03,00,09
Shipping_Measure_Costs,00_03_00_09,G&Wp,average,60,1977.19,0.92,00,03,00,09
Shipping_Measure_Costs,00_03_00_09,G&Wp,average,100,2719.45,0.82,00,03,00,09
Shipping_Measure_Costs,00_03_00_09,Wp,average,20,1239.57,0.95,00,03,00,09
Shipping_Measure_Costs,00_03_00_09,Wp,average,60,1981.83,0.92,00,03,00,09
Shipping_Measure_Costs,00_03_00_09,Wp,average,100,2724.09,0.83,00,03,00,09
Shipping_Measure_Costs,00_05_00_00,D,average,20,0.0,0.0,00,05,00,00
Shipping_Measure_Costs,00_05_00_00,D,average,60,0.0,0.0,00,05,00,00
Shipping_Measure_Costs,00_05_00_00,D,average,100,0.0,0.0,00,05,00,00
Shipping_Measure_Costs,00_05_00_00,D&G,average,20,0.0,0.0,00,05,00,00
Shipping_Measure_Costs,00_05_00_00,D&G,average,60,0.0,0.0,00,05,00,00
Shipping_Measure_Costs,00_05_00_00,D&G,average,100,0.0,0.0,00,05,00,00
Shipping_Measure_Costs,00_05_00_00,D&G&Wp,average,20,0.0,0.0,00,05,00,00
Shipping_Measure_Costs,00_05_00_00,D&G&Wp,average,60,0.0,0.0,00,05,00,00
Shipping_Measure_Costs,00_05_00_00,D&G&Wp,average,100,0.0,0.0,00,05,00,00
Shipping_Measure_Costs,00_05_00_00,D&Wp,average,20,0.0,0.0,00,05,00,00
Shipping_Measure_Costs,00_05_00_00,D&Wp,average,60,0.0,0.0,00,05,00,00
Shipping_Measure_Costs,00_05_00_00,D&Wp,average,100,0.0,0.0,00,05,00,00
Shipping_Measure_Costs,00_05_00_00,G,average,20,0.0,0.0,00,05,00,00
Shipping_Measure_Costs,00_05_00_00,G,average,60,0.0,0.0,00,05,00,00
Shipping_Measure_Costs,00_05_00_00,G,average,100,0.0,0.0,00,05,00,00
Shipping_Measure_Costs,00_05_00_00,G&Wp,average,20,0.0,0.0,00,05,00,00
Shipping_Measure_Costs,00_05_00_00,G&Wp,average,60,0.0,0.0,00,05,00,00
Shipping_Measure_Costs,00_05_00_00,G&Wp,average,100,0.0,0.0,00,05,00,00
Shipping_Measure_Costs,00_05_00_00,Wp,average,20,0.0,0.0,00,05,00,00
Shipping_Measure_Costs,00_05_00_00,Wp,average,60,0.0,0.0,00,05,00,00
Shipping_Measure_Costs,00_05_00_00,Wp,average,100,0.0,0.0,00,05,00,00
Shipping_Measure_Costs,00_05_00_01,D,average,20,545.88,0.42,00,05,00,01
Shipping_Measure_Costs,00_05_00_01,D,average,60,1088.6,0.51,00,05,00,01
Shipping_Measure_Costs,00_05_00_01,D,average,100,1545.95,0.47,00,05,00,01
Shipping_Measure_Costs,00_05_00_01,D&G,average,20,545.88,0.42,00,05,00,01
Shipping_Measure_Costs,00_05_00_01,D&G,average,60,1087.67,0.51,00,05,00,01
Shipping_Measure_Costs,00_05_00_01,D&G,average,100,1545.02,0.47,00,05,00,01
Shipping_Measure_Costs,00_05_00_01,D&G&Wp,average,20,580.57,0.45,00,05,00,01
Shipping_Measure_Costs,00_05_00_01,D&G&Wp,average,60,1293.39,0.6,00,05,00,01
Shipping_Measure_Costs,00_05_00_01,D&G&Wp,average,100,1849.71,0.56,00,05,00,01
Shipping_Measure_Costs,00_05_00_01,D&Wp,average,20,597.91,0.46,00,05,00,01
Shipping_Measure_Costs,00_05_00_01,D&Wp,average,60,1396.71,0.65,00,05,00,01
Shipping_Measure_Costs,00_05_00_01,D&Wp,average,100,2002.52,0.61,00,05,00,01
Shipping_Measure_Costs,00_05_00_01,G,average,20,545.88,0.42,00,05,00,01
Shipping_Measure_Costs,00_05_00_01,G,average,60,1086.74,0.51,00,05,00,01
Shipping_Measure_Costs,00_05_00_01,G,average,100,1544.1,0.47,00,05,00,01
Shipping_Measure_Costs,00_05_00_01,G&Wp,average,20,597.91,0.46,00,05,00,01
Shipping_Measure_Costs,00_05_00_01,G&Wp,average,60,1395.78,0.65,00,05,00,01
Shipping_Measure_Costs,00_05_00_01,G&Wp,average,100,2001.59,0.61,00,05,00,01
Shipping_Measure_Costs,00_05_00_01,Wp,average,20,649.95,0.5,00,05,00,01
Shipping_Measure_Costs,00_05_00_01,Wp,average,60,1704.82,0.79,00,05,00,01
Shipping_Measure_Costs,00_05_00_01,Wp,average,100,2459.08,0.75,00,05,00,01
Shipping_Measure_Costs,00_05_00_02,D,average,20,16.22,0.01,00,05,00,02
Shipping_Measure_Costs,00_05_00_02,D,average,60,87.69,0.04,00,05,00,02
Shipping_Measure_Costs,00_05_00_02,D,average,100,160.17,0.05,00,05,00,02
Shipping_Measure_Costs,00_05_00_02,D&G,average,20,16.22,0.01,00,05,00,02
Shipping_Measure_Costs,00_05_00_02,D&G,average,60,87.57,0.04,00,05,00,02
Shipping_Measure_Costs,00_05_00_02,D&G,average,100,160.05,0.05,00,05,00,02
Shipping_Measure_Costs,00_05_00_02,D&G&Wp,average,20,16.78,0.01,00,05,00,02
Shipping_Measure_Costs,00_05_00_02,D&G&Wp,average,60,537.3,0.25,00,05,00,02
Shipping_Measure_Costs,00_05_00_02,D&G&Wp,average,100,870.64,0.26,00,05,00,02
Shipping_Measure_Costs,00_05_00_02,D&Wp,average,20,17.05,0.01,00,05,00,02
Shipping_Measure_Costs,00_05_00_02,D&Wp,average,60,762.23,0.35,00,05,00,02
Shipping_Measure_Costs,00_05_00_02,D&Wp,average,100,1226.0,0.37,00,05,00,02
Shipping_Measure_Costs,00_05_00_02,G,average,20,16.22,0.01,00,05,00,02
Shipping_Measure_Costs,00_05_00_02,G,average,60,87.44,0.04,00,05,00,02
Shipping_Measure_Costs,00_05_00_02,G,average,100,159.92,0.05,00,05,00,02
Shipping_Measure_Costs,00_05_00_02,G&Wp,average,20,17.05,0.01,00,05,00,02
Shipping_Measure_Costs,00_05_00_02,G&Wp,average,60,762.1,0.35,00,05,00,02
Shipping_Measure_Costs,00_05_00_02,G&Wp,average,100,1225.87,0.37,00,05,00,02
Shipping_Measure_Costs,00_05_00_02,Wp,average,20,17.88,0.01,00,05,00,02
Shipping_Measure_Costs,00_05_00_02,Wp,average,60,1436.76,0.67,00,05,00,02
Shipping_Measure_Costs,00_05_00_02,Wp,average,100,2291.82,0.69,00,05,00,02
Shipping_Measure_Costs,00_05_00_04,D,average,20,41.08,0.03,00,05,00,04
Shipping_Measure_Costs,00_05_00_04,D,average,60,148.79,0.07,00,05,00,04
Shipping_Measure_Costs,00_05_00_04,D,average,100,257.99,0.08,00,05,00,04
Shipping_Measure_Costs,00_05_00_04,D&G,average,20,41.08,0.03,00,05,00,04
Shipping_Measure_Costs,00_05_00_04,D&G,average,60,146.76,0.07,00,05,00,04
Shipping_Measure_Costs,00_05_00_04,D&G,average,100,254.18,0.08,00,05,00,04
Shipping_Measure_Costs,00_05_00_04,D&G&Wp,average,20,41.5,0.03,00,05,00,04
Shipping_Measure_Costs,00_05_00_04,D&G&Wp,average,60,577.04,0.27,00,05,00,04
Shipping_Measure_Costs,00_05_00_04,D&G&Wp,average,100,933.67,0.28,00,05,00,04
Shipping_Measure_Costs,00_05_00_04,D&Wp,average,20,41.71,0.03,00,05,00,04
Shipping_Measure_Costs,00_05_00_04,D&Wp,average,60,793.19,0.37,00,05,00,04
Shipping_Measure_Costs,00_05_00_04,D&Wp,average,100,1275.32,0.39,00,05,00,04
Shipping_Measure_Costs,00_05_00_04,G,average,20,41.08,0.03,00,05,00,04
Shipping_Measure_Costs,00_05_00_04,G,average,60,144.73,0.07,00,05,00,04
Shipping_Measure_Costs,00_05_00_04,G,average,100,250.37,0.08,00,05,00,04
Shipping_Measure_Costs,00_05_00_04,G&Wp,average,20,41.71,0.03,00,05,00,04
Shipping_Measure_Costs,00_05_00_04,G&Wp,average,60,791.16,0.37,00,05,00,04
Shipping_Measure_Costs,00_05_00_04,G&Wp,average,100,1271.51,0.39,00,05,00,04
Shipping_Measure_Costs,00_05_00_04,Wp,average,20,42.34,0.03,00,05,00,04
Shipping_Measure_Costs,00_05_00_04,Wp,average,60,1437.6,0.67,00,05,00,04
Shipping_Measure_Costs,00_05_00_04,Wp,average,100,2292.66,0.69,00,05,00,04
Shipping_Measure_Costs,00_05_00_05,D,average,20,41.08,0.03,00,05,00,05
Shipping_Measure_Costs,00_05_00_05,D,average,60,1175.47,0.55,00,05,00,05
Shipping_Measure_Costs,00_05_00_05,D,average,100,1795.85,0.54,00,05,00,05
Shipping_Measure_Costs,00_05_00_05,D&G,average,20,41.08,0.03,00,05,00,05
Shipping_Measure_Costs,00_05_00_05,D&G,average,60,876.71,0.41,00,05,00,05
Shipping_Measure_Costs,00_05_00_05,D&G,average,100,1430.29,0.43,00,05,00,05
Shipping_Measure_Costs,00_05_00_05,D&G&Wp,average,20,41.5,0.03,00,05,00,05
Shipping_Measure_Costs,00_05_00_05,D&G&Wp,average,60,1134.45,0.53,00,05,00,05
Shipping_Measure_Costs,00_05_00_05,D&G&Wp,average,100,1784.52,0.54,00,05,00,05
Shipping_Measure_Costs,00_05_00_05,D&Wp,average,20,41.71,0.03,00,05,00,05
Shipping_Measure_Costs,00_05_00_05,D&Wp,average,60,1412.69,0.66,00,05,00,05
Shipping_Measure_Costs,00_05_00_05,D&Wp,average,100,2144.41,0.65,00,05,00,05
Shipping_Measure_Costs,00_05_00_05,G,average,20,41.08,0.03,00,05,00,05
Shipping_Measure_Costs,00_05_00_05,G,average,60,577.95,0.27,00,05,00,05
Shipping_Measure_Costs,00_05_00_05,G,average,100,1064.73,0.32,00,05,00,05
Shipping_Measure_Costs,00_05_00_05,G&Wp,average,20,41.71,0.03,00,05,00,05
Shipping_Measure_Costs,00_05_00_05,G&Wp,average,60,1113.94,0.52,00,05,00,05
Shipping_Measure_Costs,00_05_00_05,G&Wp,average,100,1778.85,0.54,00,05,00,05
Shipping_Measure_Costs,00_05_00_05,Wp,average,20,42.34,0.03,00,05,00,05
Shipping_Measure_Costs,00_05_00_05,Wp,average,60,1649.92,0.77,00,05,00,05
Shipping_Measure_Costs,00_05_00_05,Wp,average,100,2492.98,0.76,00,05,00,05
Shipping_Measure_Costs,00_05_00_07,D,average,20,1230.29,0.95,00,05,00,07
Shipping_Measure_Costs,00_05_00_07,D,average,60,1972.55,0.92,00,05,00,07
Shipping_Measure_Costs,00_05_00_07,D,average,100,2714.81,0.82,00,05,00,07
Shipping_Measure_Costs,00_05_00_07,D&G,average,20,1230.29,0.95,00,05,00,07
Shipping_Measure_Costs,00_05_00_07,D&G,average,60,1972.55,0.92,00,05,00,07
Shipping_Measure_Costs,00_05_00_07,D&G,average,100,2714.81,0.82,00,05,00,07
Shipping_Measure_Costs,00_05_00_07,D&G&Wp,average,20,1233.38,0.95,00,05,00,07
Shipping_Measure_Costs,00_05_00_07,D&G&Wp,average,60,1975.64,0.92,00,05,00,07
Shipping_Measure_Costs,00_05_00_07,D&G&Wp,average,100,2717.9,0.82,00,05,00,07
Shipping_Measure_Costs,00_05_00_07,D&Wp,average,20,1234.93,0.95,00,05,00,07
Shipping_Measure_Costs,00_05_00_07,D&Wp,average,60,1977.19,0.92,00,05,00,07
Shipping_Measure_Costs,00_05_00_07,D&Wp,average,100,2719.45,0.82,00,05,00,07
Shipping_Measure_Costs,00_05_00_07,G,average,20,1230.29,0.95,00,05,00,07
Shipping_Measure_Costs,00_05_00_07,G,average,60,1972.55,0.92,00,05,00,07
Shipping_Measure_Costs,00_05_00_07,G,average,100,2714.81,0.82,00,05,00,07
Shipping_Measure_Costs,00_05_00_07,G&Wp,average,20,1234.93,0.95,00,05,00,07
Shipping_Measure_Costs,00_05_00_07,G&Wp,average,60,1977.19,0.92,00,05,00,07
Shipping_Measure_Costs,00_05_00_07,G&Wp,average,100,2719.45,0.82,00,05,00,07
Shipping_Measure_Costs,00_05_00_07,Wp,average,20,1239.57,0.95,00,05,00,07
Shipping_Measure_Costs,00_05_00_07,Wp,average,60,1981.83,0.92,00,05,00,07
Shipping_Measure_Costs,00_05_00_07,Wp,average,100,2724.09,0.83,00,05,00,07
Shipping_Measure_Costs,00_05_00_08,D,average,20,1230.29,0.95,00,05,00,08
Shipping_Measure_Costs,00_05_00_08,D,average,60,1972.55,0.92,00,05,00,08
Shipping_Measure_Costs,00_05_00_08,D,average,100,2714.81,0.82,00,05,00,08
Shipping_Measure_Costs,00_05_00_08,D&G,average,20,1230.29,0.95,00,05,00,08
Shipping_Measure_Costs,00_05_00_08,D&G,average,60,1972.55,0.92,00,05,00,08
Shipping_Measure_Costs,00_05_00_08,D&G,average,100,2714.81,0.82,00,05,00,08
Shipping_Measure_Costs,00_05_00_08,D&G&Wp,average,20,1233.38,0.95,00,05,00,08
Shipping_Measure_Costs,00_05_00_08,D&G&Wp,average,60,1975.64,0.92,00,05,00,08
Shipping_Measure_Costs,00_05_00_08,D&G&Wp,average,100,2717.9,0.82,00,05,00,08
Shipping_Measure_Costs,00_05_00_08,D&Wp,average,20,1234.93,0.95,00,05,00,08
Shipping_Measure_Costs,00_05_00_08,D&Wp,average,60,1977.19,0.92,00,05,00,08
Shipping_Measure_Costs,00_05_00_08,D&Wp,average,100,2719.45,0.82,00,05,00,08
Shipping_Measure_Costs,00_05_00_08,G,average,20,1230.29,0.95,00,05,00,08
Shipping_Measure_Costs,00_05_00_08,G,average,60,1972.55,0.92,00,05,00,08
Shipping_Measure_Costs,00_05_00_08,G,average,100,2714.81,0.82,00,05,00,08
Shipping_Measure_Costs,00_05_00_08,G&Wp,average,20,1234.93,0.95,00,05,00,08
Shipping_Measure_Costs,00_05_00_08,G&Wp,average,60,1977.19,0.92,00,05,00,08
Shipping_Measure_Costs,00_05_00_08,G&Wp,average,100,2719.45,0.82,00,05,00,08
Shipping_Measure_Costs,00_05_00_08,Wp,average,20,1239.57,0.95,00,05,00,08
Shipping_Measure_Costs,00_05_00_08,Wp,average,60,1981.83,0.92,00,05,00,08
Shipping_Measure_Costs,00_05_00_08,Wp,average,100,2724.09,0.83,00,05,00,08
Shipping_Measure_Costs,00_05_00_09,D,average,20,1230.29,0.95,00,05,00,09
Shipping_Measure_Costs,00_05_00_09,D,average,60,1972.55,0.92,00,05,00,09
Shipping_Measure_Costs,00_05_00_09,D,average,100,2714.81,0.82,00,05,00,09
Shipping_Measure_Costs,00_05_00_09,D&G,average,20,1230.29,0.95,00,05,00,09
Shipping_Measure_Costs,00_05_00_09,D&G,average,60,1972.55,0.92,00,05,00,09
Shipping_Measure_Costs,00_05_00_09,D&G,average,100,2714.81,0.82,00,05,00,09
Shipping_Measure_Costs,00_05_00_09,D&G&Wp,average,20,1233.38,0.95,00,05,00,09
Shipping_Measure_Costs,00_05_00_09,D&G&Wp,average,60,1975.64,0.92,00,05,00,09
Shipping_Measure_Costs,00_05_00_09,D&G&Wp,average,100,2717.9,0.82,00,05,00,09
Shipping_Measure_Costs,00_05_00_09,D&Wp,average,20,1234.93,0.95,00,05,00,09
Shipping_Measure_Costs,00_05_00_09,D&Wp,average,60,1977.19,0.92,00,05,00,09
Shipping_Measure_Costs,00_05_00_09,D&Wp,average,100,2719.45,0.82,00,05,00,09
Shipping_Measure_Costs,00_05_00_09,G,average,20,1230.29,0.95,00,05,00,09
Shipping_Measure_Costs,00_05_00_09,G,average,60,1972.55,0.92,00,05,00,09
Shipping_Measure_Costs,00_05_00_09,G,average,100,2714.81,0.82,00,05,00,09
Shipping_Measure_Costs,00_05_00_09,G&Wp,average,20,1234.93,0.95,00,05,00,09
Shipping_Measure_Costs,00_05_00_09,G&Wp,average,60,1977.19,0.92,00,05,00,09
Shipping_Measure_Costs,00_05_00_09,G&Wp,average,100,2719.45,0.82,00,05,00,09
Shipping_Measure_Costs,00_05_00_09,Wp,average,20,1239.57,0.95,00,05,00,09
Shipping_Measure_Costs,00_05_00_09,Wp,average,60,1981.83,0.92,00,05,00,09
Shipping_Measure_Costs,00_05_00_09,Wp,average,100,2724.09,0.83,00,05,00,09
Shipping_Measure_Costs,00_06_00_00,D,average,20,0.0,0.0,00,06,00,00
Shipping_Measure_Costs,00_06_00_00,D,average,60,0.0,0.0,00,06,00,00
Shipping_Measure_Costs,00_06_00_00,D,average,100,0.0,0.0,00,06,00,00
Shipping_Measure_Costs,00_06_00_00,D&G,average,20,0.0,0.0,00,06,00,00
Shipping_Measure_Costs,00_06_00_00,D&G,average,60,0.0,0.0,00,06,00,00
Shipping_Measure_Costs,00_06_00_00,D&G,average,100,0.0,0.0,00,06,00,00
Shipping_Measure_Costs,00_06_00_00,D&G&Wp,average,20,0.0,0.0,00,06,00,00
Shipping_Measure_Costs,00_06_00_00,D&G&Wp,average,60,0.0,0.0,00,06,00,00
Shipping_Measure_Costs,00_06_00_00,D&G&Wp,average,100,0.0,0.0,00,06,00,00
Shipping_Measure_Costs,00_06_00_00,D&Wp,average,20,0.0,0.0,00,06,00,00
Shipping_Measure_Costs,00_06_00_00,D&Wp,average,60,0.0,0.0,00,06,00,00
Shipping_Measure_Costs,00_06_00_00,D&Wp,average,100,0.0,0.0,00,06,00,00
Shipping_Measure_Costs,00_06_00_00,G,average,20,0.0,0.0,00,06,00,00
Shipping_Measure_Costs,00_06_00_00,G,average,60,0.0,0.0,00,06,00,00
Shipping_Measure_Costs,00_06_00_00,G,average,100,0.0,0.0,00,06,00,00
Shipping_Measure_Costs,00_06_00_00,G&Wp,average,20,0.0,0.0,00,06,00,00
Shipping_Measure_Costs,00_06_00_00,G&Wp,average,60,0.0,0.0,00,06,00,00
Shipping_Measure_Costs,00_06_00_00,G&Wp,average,100,0.0,0.0,00,06,00,00
Shipping_Measure_Costs,00_06_00_00,Wp,average,20,0.0,0.0,00,06,00,00
Shipping_Measure_Costs,00_06_00_00,Wp,average,60,0.0,0.0,00,06,00,00
Shipping_Measure_Costs,00_06_00_00,Wp,average,100,0.0,0.0,00,06,00,00
Shipping_Measure_Costs,00_06_00_01,D,average,20,545.88,0.42,00,06,00,01
Shipping_Measure_Costs,00_06_00_01,D,average,60,1088.6,0.51,00,06,00,01
Shipping_Measure_Costs,00_06_00_01,D,average,100,1545.95,0.47,00,06,00,01
Shipping_Measure_Costs,00_06_00_01,D&G,average,20,545.88,0.42,00,06,00,01
Shipping_Measure_Costs,00_06_00_01,D&G,average,60,1087.67,0.51,00,06,00,01
Shipping_Measure_Costs,00_06_00_01,D&G,average,100,1545.02,0.47,00,06,00,01
Shipping_Measure_Costs,00_06_00_01,D&G&Wp,average,20,580.57,0.45,00,06,00,01
Shipping_Measure_Costs,00_06_00_01,D&G&Wp,average,60,1293.39,0.6,00,06,00,01
Shipping_Measure_Costs,00_06_00_01,D&G&Wp,average,100,1849.71,0.56,00,06,00,01
Shipping_Measure_Costs,00_06_00_01,D&Wp,average,20,597.91,0.46,00,06,00,01
Shipping_Measure_Costs,00_06_00_01,D&Wp,average,60,1396.71,0.65,00,06,00,01
Shipping_Measure_Costs,00_06_00_01,D&Wp,average,100,2002.52,0.61,00,06,00,01
Shipping_Measure_Costs,00_06_00_01,G,average,20,545.88,0.42,00,06,00,01
Shipping_Measure_Costs,00_06_00_01,G,average,60,1086.74,0.51,00,06,00,01
Shipping_Measure_Costs,00_06_00_01,G,average,100,1544.1,0.47,00,06,00,01
Shipping_Measure_Costs,00_06_00_01,G&Wp,average,20,597.91,0.46,00,06,00,01
Shipping_Measure_Costs,00_06_00_01,G&Wp,average,60,1395.78,0.65,00,06,00,01
Shipping_Measure_Costs,00_06_00_01,G&Wp,average,100,2001.59,0.61,00,06,00,01
Shipping_Measure_Costs,00_06_00_01,Wp,average,20,649.95,0.5,00,06,00,01
Shipping_Measure_Costs,00_06_00_01,Wp,average,60,1704.82,0.79,00,06,00,01
Shipping_Measure_Costs,00_06_00_01,Wp,average,100,2459.08,0.75,00,06,00,01
Shipping_Measure_Costs,00_06_00_02,D,average,20,16.22,0.01,00,06,00,02
Shipping_Measure_Costs,00_06_00_02,D,average,60,87.69,0.04,00,06,00,02
Shipping_Measure_Costs,00_06_00_02,D,average,100,160.17,0.05,00,06,00,02
Shipping_Measure_Costs,00_06_00_02,D&G,average,20,16.22,0.01,00,06,00,02
Shipping_Measure_Costs,00_06_00_02,D&G,average,60,87.57,0.04,00,06,00,02
Shipping_Measure_Costs,00_06_00_02,D&G,average,100,160.05,0.05,00,06,00,02
Shipping_Measure_Costs,00_06_00_02,D&G&Wp,average,20,16.78,0.01,00,06,00,02
Shipping_Measure_Costs,00_06_00_02,D&G&Wp,average,60,537.3,0.25,00,06,00,02
Shipping_Measure_Costs,00_06_00_02,D&G&Wp,average,100,870.64,0.26,00,06,00,02
Shipping_Measure_Costs,00_06_00_02,D&Wp,average,20,17.05,0.01,00,06,00,02
Shipping_Measure_Costs,00_06_00_02,D&Wp,average,60,762.23,0.35,00,06,00,02
Shipping_Measure_Costs,00_06_00_02,D&Wp,average,100,1226.0,0.37,00,06,00,02
Shipping_Measure_Costs,00_06_00_02,G,average,20,16.22,0.01,00,06,00,02
Shipping_Measure_Costs,00_06_00_02,G,average,60,87.44,0.04,00,06,00,02
Shipping_Measure_Costs,00_06_00_02,G,average,100,159.92,0.05,00,06,00,02
Shipping_Measure_Costs,00_06_00_02,G&Wp,average,20,17.05,0.01,00,06,00,02
Shipping_Measure_Costs,00_06_00_02,G&Wp,average,60,762.1,0.35,00,06,00,02
Shipping_Measure_Costs,00_06_00_02,G&Wp,average,100,1225.87,0.37,00,06,00,02
Shipping_Measure_Costs,00_06_00_02,Wp,average,20,17.88,0.01,00,06,00,02
Shipping_Measure_Costs,00_06_00_02,Wp,average,60,1436.76,0.67,00,06,00,02
Shipping_Measure_Costs,00_06_00_02,Wp,average,100,2291.82,0.69,00,06,00,02
Shipping_Measure_Costs,00_06_00_04,D,average,20,41.08,0.03,00,06,00,04
Shipping_Measure_Costs,00_06_00_04,D,average,60,147.82,0.07,00,06,00,04
Shipping_Measure_Costs,00_06_00_04,D,average,100,255.82,0.08,00,06,00,04
Shipping_Measure_Costs,00_06_00_04,D&G,average,20,41.08,0.03,00,06,00,04
Shipping_Measure_Costs,00_06_00_04,D&G,average,60,146.27,0.07,00,06,00,04
Shipping_Measure_Costs,00_06_00_04,D&G,average,100,253.09,0.08,00,06,00,04
Shipping_Measure_Costs,00_06_00_04,D&G&Wp,average,20,41.5,0.03,00,06,00,04
Shipping_Measure_Costs,00_06_00_04,D&G&Wp,average,60,576.71,0.27,00,06,00,04
Shipping_Measure_Costs,00_06_00_04,D&G&Wp,average,100,932.95,0.28,00,06,00,04
Shipping_Measure_Costs,00_06_00_04,D&Wp,average,20,41.71,0.03,00,06,00,04
Shipping_Measure_Costs,00_06_00_04,D&Wp,average,60,792.71,0.37,00,06,00,04
Shipping_Measure_Costs,00_06_00_04,D&Wp,average,100,1274.24,0.39,00,06,00,04
Shipping_Measure_Costs,00_06_00_04,G,average,20,41.08,0.03,00,06,00,04
Shipping_Measure_Costs,00_06_00_04,G,average,60,144.73,0.07,00,06,00,04
Shipping_Measure_Costs,00_06_00_04,G,average,100,250.37,0.08,00,06,00,04
Shipping_Measure_Costs,00_06_00_04,G&Wp,average,20,41.71,0.03,00,06,00,04
Shipping_Measure_Costs,00_06_00_04,G&Wp,average,60,791.16,0.37,00,06,00,04
Shipping_Measure_Costs,00_06_00_04,G&Wp,average,100,1271.51,0.39,00,06,00,04
Shipping_Measure_Costs,00_06_00_04,Wp,average,20,42.34,0.03,00,06,00,04
Shipping_Measure_Costs,00_06_00_04,Wp,average,60,1437.6,0.67,00,06,00,04
Shipping_Measure_Costs,00_06_00_04,Wp,average,100,2292.66,0.69,00,06,00,04
Shipping_Measure_Costs,00_06_00_05,D,average,20,41.08,0.03,00,06,00,05
Shipping_Measure_Costs,00_06_00_05,D,average,60,1028.87,0.48,00,06,00,05
Shipping_Measure_Costs,00_06_00_05,D,average,100,1575.03,0.48,00,06,00,05
Shipping_Measure_Costs,00_06_00_05,D&G,average,20,41.08,0.03,00,06,00,05
Shipping_Measure_Costs,00_06_00_05,D&G,average,60,803.41,0.37,00,06,00,05
Shipping_Measure_Costs,00_06_00_05,D&G,average,100,1319.88,0.4,00,06,00,05
Shipping_Measure_Costs,00_06_00_05,D&G&Wp,average,20,41.5,0.03,00,06,00,05
Shipping_Measure_Costs,00_06_00_05,D&G&Wp,average,60,1085.58,0.5,00,06,00,05
Shipping_Measure_Costs,00_06_00_05,D&G&Wp,average,100,1710.91,0.52,00,06,00,05
Shipping_Measure_Costs,00_06_00_05,D&Wp,average,20,41.71,0.03,00,06,00,05
Shipping_Measure_Costs,00_06_00_05,D&Wp,average,60,1339.4,0.62,00,06,00,05
Shipping_Measure_Costs,00_06_00_05,D&Wp,average,100,2034.0,0.62,00,06,00,05
Shipping_Measure_Costs,00_06_00_05,G,average,20,41.08,0.03,00,06,00,05
Shipping_Measure_Costs,00_06_00_05,G,average,60,577.95,0.27,00,06,00,05
Shipping_Measure_Costs,00_06_00_05,G,average,100,1064.73,0.32,00,06,00,05
Shipping_Measure_Costs,00_06_00_05,G&Wp,average,20,41.71,0.03,00,06,00,05
Shipping_Measure_Costs,00_06_00_05,G&Wp,average,60,1113.94,0.52,00,06,00,05
Shipping_Measure_Costs,00_06_00_05,G&Wp,average,100,1778.85,0.54,00,06,00,05
Shipping_Measure_Costs,00_06_00_05,Wp,average,20,42.34,0.03,00,06,00,05
Shipping_Measure_Costs,00_06_00_05,Wp,average,60,1649.92,0.77,00,06,00,05
Shipping_Measure_Costs,00_06_00_05,Wp,average,100,2492.98,0.76,00,06,00,05
Shipping_Measure_Costs,00_06_00_07,D,average,20,1230.29,0.95,00,06,00,07
Shipping_Measure_Costs,00_06_00_07,D,average,60,1972.55,0.92,00,06,00,07
Shipping_Measure_Costs,00_06_00_07,D,average,100,2714.81,0.82,00,06,00,07
Shipping_Measure_Costs,00_06_00_07,D&G,average,20,1230.29,0.95,00,06,00,07
Shipping_Measure_Costs,00_06_00_07,D&G,average,60,1972.55,0.92,00,06,00,07
Shipping_Measure_Costs,00_06_00_07,D&G,average,100,2714.81,0.82,00,06,00,07
Shipping_Measure_Costs,00_06_00_07,D&G&Wp,average,20,1233.38,0.95,00,06,00,07
Shipping_Measure_Costs,00_06_00_07,D&G&Wp,average,60,1975.64,0.92,00,06,00,07
Shipping_Measure_Costs,00_06_00_07,D&G&Wp,average,100,2717.9,0.82,00,06,00,07
Shipping_Measure_Costs,00_06_00_07,D&Wp,average,20,1234.93,0.95,00,06,00,07
Shipping_Measure_Costs,00_06_00_07,D&Wp,average,60,1977.19,0.92,00,06,00,07
Shipping_Measure_Costs,00_06_00_07,D&Wp,average,100,2719.45,0.82,00,06,00,07
Shipping_Measure_Costs,00_06_00_07,G,average,20,1230.29,0.95,00,06,00,07
Shipping_Measure_Costs,00_06_00_07,G,average,60,1972.55,0.92,00,06,00,07
Shipping_Measure_Costs,00_06_00_07,G,average,100,2714.81,0.82,00,06,00,07
Shipping_Measure_Costs,00_06_00_07,G&Wp,average,20,1234.93,0.95,00,06,00,07
Shipping_Measure_Costs,00_06_00_07,G&Wp,average,60,1977.19,0.92,00,06,00,07
Shipping_Measure_Costs,00_06_00_07,G&Wp,average,100,2719.45,0.82,00,06,00,07
Shipping_Measure_Costs,00_06_00_07,Wp,average,20,1239.57,0.95,00,06,00,07
Shipping_Measure_Costs,00_06_00_07,Wp,average,60,1981.83,0.92,00,06,00,07
Shipping_Measure_Costs,00_06_00_07,Wp,average,100,2724.09,0.83,00,06,00,07
Shipping_Measure_Costs,00_06_00_08,D,average,20,1230.29,0.95,00,06,00,08
Shipping_Measure_Costs,00_06_00_08,D,average,60,1972.55,0.92,00,06,00,08
Shipping_Measure_Costs,00_06_00_08,D,average,100,2714.81,0.82,00,06,00,08
Shipping_Measure_Costs,00_06_00_08,D&G,average,20,1230.29,0.95,00,06,00,08
Shipping_Measure_Costs,00_06_00_08,D&G,average,60,1972.55,0.92,00,06,00,08
Shipping_Measure_Costs,00_06_00_08,D&G,average,100,2714.81,0.82,00,06,00,08
Shipping_Measure_Costs,00_06_00_08,D&G&Wp,average,20,1233.38,0.95,00,06,00,08
Shipping_Measure_Costs,00_06_00_08,D&G&Wp,average,60,1975.64,0.92,00,06,00,08
Shipping_Measure_Costs,00_06_00_08,D&G&Wp,average,100,2717.9,0.82,00,06,00,08
Shipping_Measure_Costs,00_06_00_08,D&Wp,average,20,1234.93,0.95,00,06,00,08
Shipping_Measure_Costs,00_06_00_08,D&Wp,average,60,1977.19,0.92,00,06,00,08
Shipping_Measure_Costs,00_06_00_08,D&Wp,average,100,2719.45,0.82,00,06,00,08
Shipping_Measure_Costs,00_06_00_08,G,average,20,1230.29,0.95,00,06,00,08
Shipping_Measure_Costs,00_06_00_08,G,average,60,1972.55,0.92,00,06,00,08
Shipping_Measure_Costs,00_06_00_08,G,average,100,2714.81,0.82,00,06,00,08
Shipping_Measure_Costs,00_06_00_08,G&Wp,average,20,1234.93,0.95,00,06,00,08
Shipping_Measure_Costs,00_06_00_08,G&Wp,average,60,1977.19,0.92,00,06,00,08
Shipping_Measure_Costs,00_06_00_08,G&Wp,average,100,2719.45,0.82,00,06,00,08
Shipping_Measure_Costs,00_06_00_08,Wp,average,20,1239.57,0.95,00,06,00,08
Shipping_Measure_Costs,00_06_00_08,Wp,average,60,1981.83,0.92,00,06,00,08
Shipping_Measure_Costs,00_06_00_08,Wp,average,100,2724.09,0.83,00,06,00,08
Shipping_Measure_Costs,00_06_00_09,D,average,20,1230.29,0.95,00,06,00,09
Shipping_Measure_Costs,00_06_00_09,D,average,60,1972.55,0.92,00,06,00,09
Shipping_Measure_Costs,00_06_00_09,D,average,100,2714.81,0.82,00,06,00,09
Shipping_Measure_Costs,00_06_00_09,D&G,average,20,1230.29,0.95,00,06,00,09
Shipping_Measure_Costs,00_06_00_09,D&G,average,60,1972.55,0.92,00,06,00,09
Shipping_Measure_Costs,00_06_00_09,D&G,average,100,2714.81,0.82,00,06,00,09
Shipping_Measure_Costs,00_06_00_09,D&G&Wp,average,20,1233.38,0.95,00,06,00,09
Shipping_Measure_Costs,00_06_00_09,D&G&Wp,average,60,1975.64,0.92,00,06,00,09
Shipping_Measure_Costs,00_06_00_09,D&G&Wp,average,100,2717.9,0.82,00,06,00,09
Shipping_Measure_Costs,00_06_00_09,D&Wp,average,20,1234.93,0.95,00,06,00,09
Shipping_Measure_Costs,00_06_00_09,D&Wp,average,60,1977.19,0.92,00,06,00,09
Shipping_Measure_Costs,00_06_00_09,D&Wp,average,100,2719.45,0.82,00,06,00,09
Shipping_Measure_Costs,00_06_00_09,G,average,20,1230.29,0.95,00,06,00,09
Shipping_Measure_Costs,00_06_00_09,G,average,60,1972.55,0.92,00,06,00,09
Shipping_Measure_Costs,00_06_00_09,G,average,100,2714.81,0.82,00,06,00,09
Shipping_Measure_Costs,00_06_00_09,G&Wp,average,20,1234.93,0.95,00,06,00,09
Shipping_Measure_Costs,00_06_00_09,G&Wp,average,60,1977.19,0.92,00,06,00,09
Shipping_Measure_Costs,00_06_00_09,G&Wp,average,100,2719.45,0.82,00,06,00,09
Shipping_Measure_Costs,00_06_00_09,Wp,average,20,1239.57,0.95,00,06,00,09
Shipping_Measure_Costs,00_06_00_09,Wp,average,60,1981.83,0.92,00,06,00,09
Shipping_Measure_Costs,00_06_00_09,Wp,average,100,2724.09,0.83,00,06,00,09
Shipping_Measure_Costs,00_07_00_00,D,average,20,0.0,0.0,00,07,00,00
Shipping_Measure_Costs,00_07_00_00,D,average,60,0.0,0.0,00,07,00,00
Shipping_Measure_Costs,00_07_00_00,D,average,100,0.0,0.0,00,07,00,00
Shipping_Measure_Costs,00_07_00_00,D&G,average,20,0.0,0.0,00,07,00,00
Shipping_Measure_Costs,00_07_00_00,D&G,average,60,0.0,0.0,00,07,00,00
Shipping_Measure_Costs,00_07_00_00,D&G,average,100,0.0,0.0,00,07,00,00
Shipping_Measure_Costs,00_07_00_00,D&G&Wp,average,20,0.0,0.0,00,07,00,00
Shipping_Measure_Costs,00_07_00_00,D&G&Wp,average,60,0.0,0.0,00,07,00,00
Shipping_Measure_Costs,00_07_00_00,D&G&Wp,average,100,0.0,0.0,00,07,00,00
Shipping_Measure_Costs,00_07_00_00,D&Wp,average,20,0.0,0.0,00,07,00,00
Shipping_Measure_Costs,00_07_00_00,D&Wp,average,60,0.0,0.0,00,07,00,00
Shipping_Measure_Costs,00_07_00_00,D&Wp,average,100,0.0,0.0,00,07,00,00
Shipping_Measure_Costs,00_07_00_00,G,average,20,0.0,0.0,00,07,00,00
Shipping_Measure_Costs,00_07_00_00,G,average,60,0.0,0.0,00,07,00,00
Shipping_Measure_Costs,00_07_00_00,G,average,100,0.0,0.0,00,07,00,00
Shipping_Measure_Costs,00_07_00_00,G&Wp,average,20,0.0,0.0,00,07,00,00
Shipping_Measure_Costs,00_07_00_00,G&Wp,average,60,0.0,0.0,00,07,00,00
Shipping_Measure_Costs,00_07_00_00,G&Wp,average,100,0.0,0.0,00,07,00,00
Shipping_Measure_Costs,00_07_00_00,Wp,average,20,0.0,0.0,00,07,00,00
Shipping_Measure_Costs,00_07_00_00,Wp,average,60,0.0,0.0,00,07,00,00
Shipping_Measure_Costs,00_07_00_00,Wp,average,100,0.0,0.0,00,07,00,00
Shipping_Measure_Costs,00_07_00_01,D,average,20,545.88,0.42,00,07,00,01
Shipping_Measure_Costs,00_07_00_01,D,average,60,1088.6,0.51,00,07,00,01
Shipping_Measure_Costs,00_07_00_01,D,average,100,1545.95,0.47,00,07,00,01
Shipping_Measure_Costs,00_07_00_01,D&G,average,20,545.88,0.42,00,07,00,01
Shipping_Measure_Costs,00_07_00_01,D&G,average,60,1087.67,0.51,00,07,00,01
Shipping_Measure_Costs,00_07_00_01,D&G,average,100,1545.02,0.47,00,07,00,01
Shipping_Measure_Costs,00_07_00_01,D&G&Wp,average,20,580.57,0.45,00,07,00,01
Shipping_Measure_Costs,00_07_00_01,D&G&Wp,average,60,1294.0,0.6,00,07,00,01
Shipping_Measure_Costs,00_07_00_01,D&G&Wp,average,100,1850.33,0.56,00,07,00,01
Shipping_Measure_Costs,00_07_00_01,D&Wp,average,20,597.91,0.46,00,07,00,01
Shipping_Measure_Costs,00_07_00_01,D&Wp,average,60,1397.64,0.65,00,07,00,01
Shipping_Measure_Costs,00_07_00_01,D&Wp,average,100,2003.44,0.61,00,07,00,01
Shipping_Measure_Costs,00_07_00_01,G,average,20,545.88,0.42,00,07,00,01
Shipping_Measure_Costs,00_07_00_01,G,average,60,1086.74,0.51,00,07,00,01
Shipping_Measure_Costs,00_07_00_01,G,average,100,1544.1,0.47,00,07,00,01
Shipping_Measure_Costs,00_07_00_01,G&Wp,average,20,597.91,0.46,00,07,00,01
Shipping_Measure_Costs,00_07_00_01,G&Wp,average,60,1396.71,0.65,00,07,00,01
Shipping_Measure_Costs,00_07_00_01,G&Wp,average,100,2002.52,0.61,00,07,00,01
Shipping_Measure_Costs,00_07_00_01,Wp,average,20,649.95,0.5,00,07,00,01
Shipping_Measure_Costs,00_07_00_01,Wp,average,60,1706.68,0.79,00,07,00,01
Shipping_Measure_Costs,00_07_00_01,Wp,average,100,2460.93,0.75,00,07,00,01
Shipping_Measure_Costs,00_07_00_02,D,average,20,16.22,0.01,00,07,00,02
Shipping_Measure_Costs,00_07_00_02,D,average,60,87.69,0.04,00,07,00,02
Shipping_Measure_Costs,00_07_00_02,D,average,100,160.17,0.05,00,07,00,02
Shipping_Measure_Costs,00_07_00_02,D&G,average,20,16.22,0.01,00,07,00,02
Shipping_Measure_Costs,00_07_00_02,D&G,average,60,87.57,0.04,00,07,00,02
Shipping_Measure_Costs,00_07_00_02,D&G,average,100,160.05,0.05,00,07,00,02
Shipping_Measure_Costs,00_07_00_02,D&G&Wp,average,20,16.78,0.01,00,07,00,02
Shipping_Measure_Costs,00_07_00_02,D&G&Wp,average,60,538.0,0.25,00,07,00,02
Shipping_Measure_Costs,00_07_00_02,D&G&Wp,average,100,871.34,0.26,00,07,00,02
Shipping_Measure_Costs,00_07_00_02,D&Wp,average,20,17.05,0.01,00,07,00,02
Shipping_Measure_Costs,00_07_00_02,D&Wp,average,60,763.28,0.36,00,07,00,02
Shipping_Measure_Costs,00_07_00_02,D&Wp,average,100,1227.05,0.37,00,07,00,02
Shipping_Measure_Costs,00_07_00_02,G,average,20,16.22,0.01,00,07,00,02
Shipping_Measure_Costs,00_07_00_02,G,average,60,87.44,0.04,00,07,00,02
Shipping_Measure_Costs,00_07_00_02,G,average,100,159.92,0.05,00,07,00,02
Shipping_Measure_Costs,00_07_00_02,G&Wp,average,20,17.05,0.01,00,07,00,02
Shipping_Measure_Costs,00_07_00_02,G&Wp,average,60,763.15,0.35,00,07,00,02
Shipping_Measure_Costs,00_07_00_02,G&Wp,average,100,1226.92,0.37,00,07,00,02
Shipping_Measure_Costs,00_07_00_02,Wp,average,20,17.88,0.01,00,07,00,02
Shipping_Measure_Costs,00_07_00_02,Wp,average,60,1438.87,0.67,00,07,00,02
Shipping_Measure_Costs,00_07_00_02,Wp,average,100,2293.93,0.7,00,07,00,02
Shipping_Measure_Costs,00_07_00_04,D,average,20,41.08,0.03,00,07,00,04
Shipping_Measure_Costs,00_07_00_04,D,average,60,148.79,0.07,00,07,00,04
Shipping_Measure_Costs,00_07_00_04,D,average,100,257.99,0.08,00,07,00,04
Shipping_Measure_Costs,00_07_00_04,D&G,average,20,41.08,0.03,00,07,00,04
Shipping_Measure_Costs,00_07_00_04,D&G,average,60,146.76,0.07,00,07,00,04
Shipping_Measure_Costs,00_07_00_04,D&G,average,100,254.18,0.08,00,07,00,04
Shipping_Measure_Costs,00_07_00_04,D&G&Wp,average,20,41.5,0.03,00,07,00,04
Shipping_Measure_Costs,00_07_00_04,D&G&Wp,average,60,577.04,0.27,00,07,00,04
Shipping_Measure_Costs,00_07_00_04,D&G&Wp,average,100,933.67,0.28,00,07,00,04
Shipping_Measure_Costs,00_07_00_04,D&Wp,average,20,41.71,0.03,00,07,00,04
Shipping_Measure_Costs,00_07_00_04,D&Wp,average,60,793.19,0.37,00,07,00,04
Shipping_Measure_Costs,00_07_00_04,D&Wp,average,100,1275.32,0.39,00,07,00,04
Shipping_Measure_Costs,00_07_00_04,G,average,20,41.08,0.03,00,07,00,04
Shipping_Measure_Costs,00_07_00_04,G,average,60,144.73,0.07,00,07,00,04
Shipping_Measure_Costs,00_07_00_04,G,average,100,250.37,0.08,00,07,00,04
Shipping_Measure_Costs,00_07_00_04,G&Wp,average,20,41.71,0.03,00,07,00,04
Shipping_Measure_Costs,00_07_00_04,G&Wp,average,60,791.16,0.37,00,07,00,04
Shipping_Measure_Costs,00_07_00_04,G&Wp,average,100,1271.51,0.39,00,07,00,04
Shipping_Measure_Costs,00_07_00_04,Wp,average,20,42.34,0.03,00,07,00,04
Shipping_Measure_Costs,00_07_00_04,Wp,average,60,1437.6,0.67,00,07,00,04
Shipping_Measure_Costs,00_07_00_04,Wp,average,100,2292.66,0.69,00,07,00,04
Shipping_Measure_Costs,00_07_00_05,D,average,20,41.08,0.03,00,07,00,05
Shipping_Measure_Costs,00_07_00_05,D,average,60,1175.47,0.55,00,07,00,05
Shipping_Measure_Costs,00_07_00_05,D,average,100,1795.85,0.54,00,07,00,05
Shipping_Measure_Costs,00_07_00_05,D&G,average,20,41.08,0.03,00,07,00,05
Shipping_Measure_Costs,00_07_00_05,D&G,average,60,876.71,0.41,00,07,00,05
Shipping_Measure_Costs,00_07_00_05,D&G,average,100,1430.29,0.43,00,07,00,05
Shipping_Measure_Costs,00_07_00_05,D&G&Wp,average,20,41.5,0.03,00,07,00,05
Shipping_Measure_Costs,00_07_00_05,D&G&Wp,average,60,1134.45,0.53,00,07,00,05
Shipping_Measure_Costs,00_07_00_05,D&G&Wp,average,100,1784.52,0.54,00,07,00,05
Shipping_Measure_Costs,00_07_00_05,D&Wp,average,20,41.71,0.03,00,07,00,05
Shipping_Measure_Costs,00_07_00_05,D&Wp,average,60,1412.69,0.66,00,07,00,05
Shipping_Measure_Costs,00_07_00_05,D&Wp,average,100,2144.41,0.65,00,07,00,05
Shipping_Measure_Costs,00_07_00_05,G,average,20,41.08,0.03,00,07,00,05
Shipping_Measure_Costs,00_07_00_05,G,average,60,577.95,0.27,00,07,00,05
Shipping_Measure_Costs,00_07_00_05,G,average,100,1064.73,0.32,00,07,00,05
Shipping_Measure_Costs,00_07_00_05,G&Wp,average,20,41.71,0.03,00,07,00,05
Shipping_Measure_Costs,00_07_00_05,G&Wp,average,60,1113.94,0.52,00,07,00,05
Shipping_Measure_Costs,00_07_00_05,G&Wp,average,100,1778.85,0.54,00,07,00,05
Shipping_Measure_Costs,00_07_00_05,Wp,average,20,42.34,0.03,00,07,00,05
Shipping_Measure_Costs,00_07_00_05,Wp,average,60,1649.92,0.77,00,07,00,05
Shipping_Measure_Costs,00_07_00_05,Wp,average,100,2492.98,0.76,00,07,00,05
Shipping_Measure_Costs,00_07_00_07,D,average,20,1230.29,0.95,00,07,00,07
Shipping_Measure_Costs,00_07_00_07,D,average,60,1972.55,0.92,00,07,00,07
Shipping_Measure_Costs,00_07_00_07,D,average,100,2714.81,0.82,00,07,00,07
Shipping_Measure_Costs,00_07_00_07,D&G,average,20,1230.29,0.95,00,07,00,07
Shipping_Measure_Costs,00_07_00_07,D&G,average,60,1972.55,0.92,00,07,00,07
Shipping_Measure_Costs,00_07_00_07,D&G,average,100,2714.81,0.82,00,07,00,07
Shipping_Measure_Costs,00_07_00_07,D&G&Wp,average,20,1233.38,0.95,00,07,00,07
Shipping_Measure_Costs,00_07_00_07,D&G&Wp,average,60,1975.64,0.92,00,07,00,07
Shipping_Measure_Costs,00_07_00_07,D&G&Wp,average,100,2717.9,0.82,00,07,00,07
Shipping_Measure_Costs,00_07_00_07,D&Wp,average,20,1234.93,0.95,00,07,00,07
Shipping_Measure_Costs,00_07_00_07,D&Wp,average,60,1977.19,0.92,00,07,00,07
Shipping_Measure_Costs,00_07_00_07,D&Wp,average,100,2719.45,0.82,00,07,00,07
Shipping_Measure_Costs,00_07_00_07,G,average,20,1230.29,0.95,00,07,00,07
Shipping_Measure_Costs,00_07_00_07,G,average,60,1972.55,0.92,00,07,00,07
Shipping_Measure_Costs,00_07_00_07,G,average,100,2714.81,0.82,00,07,00,07
Shipping_Measure_Costs,00_07_00_07,G&Wp,average,20,1234.93,0.95,00,07,00,07
Shipping_Measure_Costs,00_07_00_07,G&Wp,average,60,1977.19,0.92,00,07,00,07
Shipping_Measure_Costs,00_07_00_07,G&Wp,average,100,2719.45,0.82,00,07,00,07
Shipping_Measure_Costs,00_07_00_07,Wp,average,20,1239.57,0.95,00,07,00,07
Shipping_Measure_Costs,00_07_00_07,Wp,average,60,1981.83,0.92,00,07,00,07
Shipping_Measure_Costs,00_07_00_07,Wp,average,100,2724.09,0.83,00,07,00,07
Shipping_Measure_Costs,00_07_00_08,D,average,20,1230.29,0.95,00,07,00,08
Shipping_Measure_Costs,00_07_00_08,D,average,60,1972.55,0.92,00,07,00,08
Shipping_Measure_Costs,00_07_00_08,D,average,100,2714.81,0.82,00,07,00,08
Shipping_Measure_Costs,00_07_00_08,D&G,average,20,1230.29,0.95,00,07,00,08
Shipping_Measure_Costs,00_07_00_08,D&G,average,60,1972.55,0.92,00,07,00,08
Shipping_Measure_Costs,00_07_00_08,D&G,average,100,2714.81,0.82,00,07,00,08
Shipping_Measure_Costs,00_07_00_08,D&G&Wp,average,20,1233.38,0.95,00,07,00,08
Shipping_Measure_Costs,00_07_00_08,D&G&Wp,average,60,1975.64,0.92,00,07,00,08
Shipping_Measure_Costs,00_07_00_08,D&G&Wp,average,100,2717.9,0.82,00,07,00,08
Shipping_Measure_Costs,00_07_00_08,D&Wp,average,20,1234.93,0.95,00,07,00,08
Shipping_Measure_Costs,00_07_00_08,D&Wp,average,60,1977.19,0.92,00,07,00,08
Shipping_Measure_Costs,00_07_00_08,D&Wp,average,100,2719.45,0.82,00,07,00,08
Shipping_Measure_Costs,00_07_00_08,G,average,20,1230.29,0.95,00,07,00,08
Shipping_Measure_Costs,00_07_00_08,G,average,60,1972.55,0.92,00,07,00,08
Shipping_Measure_Costs,00_07_00_08,G,average,100,2714.81,0.82,00,07,00,08
Shipping_Measure_Costs,00_07_00_08,G&Wp,average,20,1234.93,0.95,00,07,00,08
Shipping_Measure_Costs,00_07_00_08,G&Wp,average,60,1977.19,0.92,00,07,00,08
Shipping_Measure_Costs,00_07_00_08,G&Wp,average,100,2719.45,0.82,00,07,00,08
Shipping_Measure_Costs,00_07_00_08,Wp,average,20,1239.57,0.95,00,07,00,08
Shipping_Measure_Costs,00_07_00_08,Wp,average,60,1981.83,0.92,00,07,00,08
Shipping_Measure_Costs,00_07_00_08,Wp,average,100,2724.09,0.83,00,07,00,08
Shipping_Measure_Costs,00_07_00_09,D,average,20,1230.29,0.95,00,07,00,09
Shipping_Measure_Costs,00_07_00_09,D,average,60,1972.55,0.92,00,07,00,09
Shipping_Measure_Costs,00_07_00_09,D,average,100,2714.81,0.82,00,07,00,09
Shipping_Measure_Costs,00_07_00_09,D&G,average,20,1230.29,0.95,00,07,00,09
Shipping_Measure_Costs,00_07_00_09,D&G,average,60,1972.55,0.92,00,07,00,09
Shipping_Measure_Costs,00_07_00_09,D&G,average,100,2714.81,0.82,00,07,00,09
Shipping_Measure_Costs,00_07_00_09,D&G&Wp,average,20,1233.38,0.95,00,07,00,09
Shipping_Measure_Costs,00_07_00_09,D&G&Wp,average,60,1975.64,0.92,00,07,00,09
Shipping_Measure_Costs,00_07_00_09,D&G&Wp,average,100,2717.9,0.82,00,07,00,09
Shipping_Measure_Costs,00_07_00_09,D&Wp,average,20,1234.93,0.95,00,07,00,09
Shipping_Measure_Costs,00_07_00_09,D&Wp,average,60,1977.19,0.92,00,07,00,09
Shipping_Measure_Costs,00_07_00_09,D&Wp,average,100,2719.45,0.82,00,07,00,09
Shipping_Measure_Costs,00_07_00_09,G,average,20,1230.29,0.95,00,07,00,09
Shipping_Measure_Costs,00_07_00_09,G,average,60,1972.55,0.92,00,07,00,09
Shipping_Measure_Costs,00_07_00_09,G,average,100,2714.81,0.82,00,07,00,09
Shipping_Measure_Costs,00_07_00_09,G&Wp,average,20,1234.93,0.95,00,07,00,09
Shipping_Measure_Costs,00_07_00_09,G&Wp,average,60,1977.19,0.92,00,07,00,09
Shipping_Measure_Costs,00_07_00_09,G&Wp,average,100,2719.45,0.82,00,07,00,09
Shipping_Measure_Costs,00_07_00_09,Wp,average,20,1239.57,0.95,00,07,00,09
Shipping_Measure_Costs,00_07_00_09,Wp,average,60,1981.83,0.92,00,07,00,09
Shipping_Measure_Costs,00_07_00_09,Wp,average,100,2724.09,0.83,00,07,00,09
Shipping_Measure_Costs,00_08_00_00,D,average,20,0.0,0.0,00,08,00,00
Shipping_Measure_Costs,00_08_00_00,D,average,60,0.0,0.0,00,08,00,00
Shipping_Measure_Costs,00_08_00_00,D,average,100,0.0,0.0,00,08,00,00
Shipping_Measure_Costs,00_08_00_00,D&G,average,20,0.0,0.0,00,08,00,00
Shipping_Measure_Costs,00_08_00_00,D&G,average,60,0.0,0.0,00,08,00,00
Shipping_Measure_Costs,00_08_00_00,D&G,average,100,0.0,0.0,00,08,00,00
Shipping_Measure_Costs,00_08_00_00,D&G&Wp,average,20,0.0,0.0,00,08,00,00
Shipping_Measure_Costs,00_08_00_00,D&G&Wp,average,60,0.0,0.0,00,08,00,00
Shipping_Measure_Costs,00_08_00_00,D&G&Wp,average,100,0.0,0.0,00,08,00,00
Shipping_Measure_Costs,00_08_00_00,D&Wp,average,20,0.0,0.0,00,08,00,00
Shipping_Measure_Costs,00_08_00_00,D&Wp,average,60,0.0,0.0,00,08,00,00
Shipping_Measure_Costs,00_08_00_00,D&Wp,average,100,0.0,0.0,00,08,00,00
Shipping_Measure_Costs,00_08_00_00,G,average,20,0.0,0.0,00,08,00,00
Shipping_Measure_Costs,00_08_00_00,G,average,60,0.0,0.0,00,08,00,00
Shipping_Measure_Costs,00_08_00_00,G,average,100,0.0,0.0,00,08,00,00
Shipping_Measure_Costs,00_08_00_00,G&Wp,average,20,0.0,0.0,00,08,00,00
Shipping_Measure_Costs,00_08_00_00,G&Wp,average,60,0.0,0.0,00,08,00,00
Shipping_Measure_Costs,00_08_00_00,G&Wp,average,100,0.0,0.0,00,08,00,00
Shipping_Measure_Costs,00_08_00_00,Wp,average,20,0.0,0.0,00,08,00,00
Shipping_Measure_Costs,00_08_00_00,Wp,average,60,0.0,0.0,00,08,00,00
Shipping_Measure_Costs,00_08_00_00,Wp,average,100,0.0,0.0,00,08,00,00
Shipping_Measure_Costs,00_08_00_01,D,average,20,545.88,0.42,00,08,00,01
Shipping_Measure_Costs,00_08_00_01,D,average,60,1088.6,0.51,00,08,00,01
Shipping_Measure_Costs,00_08_00_01,D,average,100,1545.95,0.47,00,08,00,01
Shipping_Measure_Costs,00_08_00_01,D&G,average,20,545.88,0.42,00,08,00,01
Shipping_Measure_Costs,00_08_00_01,D&G,average,60,1087.67,0.51,00,08,00,01
Shipping_Measure_Costs,00_08_00_01,D&G,average,100,1545.02,0.47,00,08,00,01
Shipping_Measure_Costs,00_08_00_01,D&G&Wp,average,20,580.57,0.45,00,08,00,01
Shipping_Measure_Costs,00_08_00_01,D&G&Wp,average,60,1294.0,0.6,00,08,00,01
Shipping_Measure_Costs,00_08_00_01,D&G&Wp,average,100,1850.33,0.56,00,08,00,01
Shipping_Measure_Costs,00_08_00_01,D&Wp,average,20,597.91,0.46,00,08,00,01
Shipping_Measure_Costs,00_08_00_01,D&Wp,average,60,1397.64,0.65,00,08,00,01
Shipping_Measure_Costs,00_08_00_01,D&Wp,average,100,2003.44,0.61,00,08,00,01
Shipping_Measure_Costs,00_08_00_01,G,average,20,545.88,0.42,00,08,00,01
Shipping_Measure_Costs,00_08_00_01,G,average,60,1086.74,0.51,00,08,00,01
Shipping_Measure_Costs,00_08_00_01,G,average,100,1544.1,0.47,00,08,00,01
Shipping_Measure_Costs,00_08_00_01,G&Wp,average,20,597.91,0.46,00,08,00,01
Shipping_Measure_Costs,00_08_00_01,G&Wp,average,60,1396.71,0.65,00,08,00,01
Shipping_Measure_Costs,00_08_00_01,G&Wp,average,100,2002.52,0.61,00,08,00,01
Shipping_Measure_Costs,00_08_00_01,Wp,average,20,649.95,0.5,00,08,00,01
Shipping_Measure_Costs,00_08_00_01,Wp,average,60,1706.68,0.79,00,08,00,01
Shipping_Measure_Costs,00_08_00_01,Wp,average,100,2460.93,0.75,00,08,00,01
Shipping_Measure_Costs,00_08_00_02,D,average,20,16.22,0.01,00,08,00,02
Shipping_Measure_Costs,00_08_00_02,D,average,60,87.69,0.04,00,08,00,02
Shipping_Measure_Costs,00_08_00_02,D,average,100,160.17,0.05,00,08,00,02
Shipping_Measure_Costs,00_08_00_02,D&G,average,20,16.22,0.01,00,08,00,02
Shipping_Measure_Costs,00_08_00_02,D&G,average,60,87.57,0.04,00,08,00,02
Shipping_Measure_Costs,00_08_00_02,D&G,average,100,160.05,0.05,00,08,00,02
Shipping_Measure_Costs,00_08_00_02,D&G&Wp,average,20,16.78,0.01,00,08,00,02
Shipping_Measure_Costs,00_08_00_02,D&G&Wp,average,60,538.0,0.25,00,08,00,02
Shipping_Measure_Costs,00_08_00_02,D&G&Wp,average,100,871.34,0.26,00,08,00,02
Shipping_Measure_Costs,00_08_00_02,D&Wp,average,20,17.05,0.01,00,08,00,02
Shipping_Measure_Costs,00_08_00_02,D&Wp,average,60,763.28,0.36,00,08,00,02
Shipping_Measure_Costs,00_08_00_02,D&Wp,average,100,1227.05,0.37,00,08,00,02
Shipping_Measure_Costs,00_08_00_02,G,average,20,16.22,0.01,00,08,00,02
Shipping_Measure_Costs,00_08_00_02,G,average,60,87.44,0.04,00,08,00,02
Shipping_Measure_Costs,00_08_00_02,G,average,100,159.92,0.05,00,08,00,02
Shipping_Measure_Costs,00_08_00_02,G&Wp,average,20,17.05,0.01,00,08,00,02
Shipping_Measure_Costs,00_08_00_02,G&Wp,average,60,763.15,0.35,00,08,00,02
Shipping_Measure_Costs,00_08_00_02,G&Wp,average,100,1226.92,0.37,00,08,00,02
Shipping_Measure_Costs,00_08_00_02,Wp,average,20,17.88,0.01,00,08,00,02
Shipping_Measure_Costs,00_08_00_02,Wp,average,60,1438.87,0.67,00,08,00,02
Shipping_Measure_Costs,00_08_00_02,Wp,average,100,2293.93,0.7,00,08,00,02
Shipping_Measure_Costs,00_08_00_04,D,average,20,41.08,0.03,00,08,00,04
Shipping_Measure_Costs,00_08_00_04,D,average,60,148.79,0.07,00,08,00,04
Shipping_Measure_Costs,00_08_00_04,D,average,100,257.99,0.08,00,08,00,04
Shipping_Measure_Costs,00_08_00_04,D&G,average,20,41.08,0.03,00,08,00,04
Shipping_Measure_Costs,00_08_00_04,D&G,average,60,146.76,0.07,00,08,00,04
Shipping_Measure_Costs,00_08_00_04,D&G,average,100,254.18,0.08,00,08,00,04
Shipping_Measure_Costs,00_08_00_04,D&G&Wp,average,20,41.5,0.03,00,08,00,04
Shipping_Measure_Costs,00_08_00_04,D&G&Wp,average,60,577.04,0.27,00,08,00,04
Shipping_Measure_Costs,00_08_00_04,D&G&Wp,average,100,933.67,0.28,00,08,00,04
Shipping_Measure_Costs,00_08_00_04,D&Wp,average,20,41.71,0.03,00,08,00,04
Shipping_Measure_Costs,00_08_00_04,D&Wp,average,60,793.19,0.37,00,08,00,04
Shipping_Measure_Costs,00_08_00_04,D&Wp,average,100,1275.32,0.39,00,08,00,04
Shipping_Measure_Costs,00_08_00_04,G,average,20,41.08,0.03,00,08,00,04
Shipping_Measure_Costs,00_08_00_04,G,average,60,144.73,0.07,00,08,00,04
Shipping_Measure_Costs,00_08_00_04,G,average,100,250.37,0.08,00,08,00,04
Shipping_Measure_Costs,00_08_00_04,G&Wp,average,20,41.71,0.03,00,08,00,04
Shipping_Measure_Costs,00_08_00_04,G&Wp,average,60,791.16,0.37,00,08,00,04
Shipping_Measure_Costs,00_08_00_04,G&Wp,average,100,1271.51,0.39,00,08,00,04
Shipping_Measure_Costs,00_08_00_04,Wp,average,20,42.34,0.03,00,08,00,04
Shipping_Measure_Costs,00_08_00_04,Wp,average,60,1437.6,0.67,00,08,00,04
Shipping_Measure_Costs,00_08_00_04,Wp,average,100,2292.66,0.69,00,08,00,04
Shipping_Measure_Costs,00_08_00_05,D,average,20,41.08,0.03,00,08,00,05
Shipping_Measure_Costs,00_08_00_05,D,average,60,1175.47,0.55,00,08,00,05
Shipping_Measure_Costs,00_08_00_05,D,average,100,1795.85,0.54,00,08,00,05
Shipping_Measure_Costs,00_08_00_05,D&G,average,20,41.08,0.03,00,08,00,05
Shipping_Measure_Costs,00_08_00_05,D&G,average,60,876.71,0.41,00,08,00,05
Shipping_Measure_Costs,00_08_00_05,D&G,average,100,1430.29,0.43,00,08,00,05
Shipping_Measure_Costs,00_08_00_05,D&G&Wp,average,20,41.5,0.03,00,08,00,05
Shipping_Measure_Costs,00_08_00_05,D&G&Wp,average,60,1134.45,0.53,00,08,00,05
Shipping_Measure_Costs,00_08_00_05,D&G&Wp,average,100,1784.52,0.54,00,08,00,05
Shipping_Measure_Costs,00_08_00_05,D&Wp,average,20,41.71,0.03,00,08,00,05
Shipping_Measure_Costs,00_08_00_05,D&Wp,average,60,1412.69,0.66,00,08,00,05
Shipping_Measure_Costs,00_08_00_05,D&Wp,average,100,2144.41,0.65,00,08,00,05
Shipping_Measure_Costs,00_08_00_05,G,average,20,41.08,0.03,00,08,00,05
Shipping_Measure_Costs,00_08_00_05,G,average,60,577.95,0.27,00,08,00,05
Shipping_Measure_Costs,00_08_00_05,G,average,100,1064.73,0.32,00,08,00,05
Shipping_Measure_Costs,00_08_00_05,G&Wp,average,20,41.71,0.03,00,08,00,05
Shipping_Measure_Costs,00_08_00_05,G&Wp,average,60,1113.94,0.52,00,08,00,05
Shipping_Measure_Costs,00_08_00_05,G&Wp,average,100,1778.85,0.54,00,08,00,05
Shipping_Measure_Costs,00_08_00_05,Wp,average,20,42.34,0.03,00,08,00,05
Shipping_Measure_Costs,00_08_00_05,Wp,average,60,1649.92,0.77,00,08,00,05
Shipping_Measure_Costs,00_08_00_05,Wp,average,100,2492.98,0.76,00,08,00,05
Shipping_Measure_Costs,00_08_00_07,D,average,20,1230.29,0.95,00,08,00,07
Shipping_Measure_Costs,00_08_00_07,D,average,60,1972.55,0.92,00,08,00,07
Shipping_Measure_Costs,00_08_00_07,D,average,100,2714.81,0.82,00,08,00,07
Shipping_Measure_Costs,00_08_00_07,D&G,average,20,1230.29,0.95,00,08,00,07
Shipping_Measure_Costs,00_08_00_07,D&G,average,60,1972.55,0.92,00,08,00,07
Shipping_Measure_Costs,00_08_00_07,D&G,average,100,2714.81,0.82,00,08,00,07
Shipping_Measure_Costs,00_08_00_07,D&G&Wp,average,20,1233.38,0.95,00,08,00,07
Shipping_Measure_Costs,00_08_00_07,D&G&Wp,average,60,1975.64,0.92,00,08,00,07
Shipping_Measure_Costs,00_08_00_07,D&G&Wp,average,100,2717.9,0.82,00,08,00,07
Shipping_Measure_Costs,00_08_00_07,D&Wp,average,20,1234.93,0.95,00,08,00,07
Shipping_Measure_Costs,00_08_00_07,D&Wp,average,60,1977.19,0.92,00,08,00,07
Shipping_Measure_Costs,00_08_00_07,D&Wp,average,100,2719.45,0.82,00,08,00,07
Shipping_Measure_Costs,00_08_00_07,G,average,20,1230.29,0.95,00,08,00,07
Shipping_Measure_Costs,00_08_00_07,G,average,60,1972.55,0.92,00,08,00,07
Shipping_Measure_Costs,00_08_00_07,G,average,100,2714.81,0.82,00,08,00,07
Shipping_Measure_Costs,00_08_00_07,G&Wp,average,20,1234.93,0.95,00,08,00,07
Shipping_Measure_Costs,00_08_00_07,G&Wp,average,60,1977.19,0.92,00,08,00,07
Shipping_Measure_Costs,00_08_00_07,G&Wp,average,100,2719.45,0.82,00,08,00,07
Shipping_Measure_Costs,00_08_00_07,Wp,average,20,1239.57,0.95,00,08,00,07
Shipping_Measure_Costs,00_08_00_07,Wp,average,60,1981.83,0.92,00,08,00,07
Shipping_Measure_Costs,00_08_00_07,Wp,average,100,2724.09,0.83,00,08,00,07
Shipping_Measure_Costs,00_08_00_08,D,average,20,1230.29,0.95,00,08,00,08
Shipping_Measure_Costs,00_08_00_08,D,average,60,1972.55,0.92,00,08,00,08
Shipping_Measure_Costs,00_08_00_08,D,average,100,2714.81,0.82,00,08,00,08
Shipping_Measure_Costs,00_08_00_08,D&G,average,20,1230.29,0.95,00,08,00,08
Shipping_Measure_Costs,00_08_00_08,D&G,average,60,1972.55,0.92,00,08,00,08
Shipping_Measure_Costs,00_08_00_08,D&G,average,100,2714.81,0.82,00,08,00,08
Shipping_Measure_Costs,00_08_00_08,D&G&Wp,average,20,1233.38,0.95,00,08,00,08
Shipping_Measure_Costs,00_08_00_08,D&G&Wp,average,60,1975.64,0.92,00,08,00,08
Shipping_Measure_Costs,00_08_00_08,D&G&Wp,average,100,2717.9,0.82,00,08,00,08
Shipping_Measure_Costs,00_08_00_08,D&Wp,average,20,1234.93,0.95,00,08,00,08
Shipping_Measure_Costs,00_08_00_08,D&Wp,average,60,1977.19,0.92,00,08,00,08
Shipping_Measure_Costs,00_08_00_08,D&Wp,average,100,2719.45,0.82,00,08,00,08
Shipping_Measure_Costs,00_08_00_08,G,average,20,1230.29,0.95,00,08,00,08
Shipping_Measure_Costs,00_08_00_08,G,average,60,1972.55,0.92,00,08,00,08
Shipping_Measure_Costs,00_08_00_08,G,average,100,2714.81,0.82,00,08,00,08
Shipping_Measure_Costs,00_08_00_08,G&Wp,average,20,1234.93,0.95,00,08,00,08
Shipping_Measure_Costs,00_08_00_08,G&Wp,average,60,1977.19,0.92,00,08,00,08
Shipping_Measure_Costs,00_08_00_08,G&Wp,average,100,2719.45,0.82,00,08,00,08
Shipping_Measure_Costs,00_08_00_08,Wp,average,20,1239.57,0.95,00,08,00,08
Shipping_Measure_Costs,00_08_00_08,Wp,average,60,1981.83,0.92,00,08,00,08
Shipping_Measure_Costs,00_08_00_08,Wp,average,100,2724.09,0.83,00,08,00,08
Shipping_Measure_Costs,00_08_00_09,D,average,20,1230.29,0.95,00,08,00,09
Shipping_Measure_Costs,00_08_00_09,D,average,60,1972.55,0.92,00,08,00,09
Shipping_Measure_Costs,00_08_00_09,D,average,100,2714.81,0.82,00,08,00,09
Shipping_Measure_Costs,00_08_00_09,D&G,average,20,1230.29,0.95,00,08,00,09
Shipping_Measure_Costs,00_08_00_09,D&G,average,60,1972.55,0.92,00,08,00,09
Shipping_Measure_Costs,00_08_00_09,D&G,average,100,2714.81,0.82,00,08,00,09
Shipping_Measure_Costs,00_08_00_09,D&G&Wp,average,20,1233.38,0.95,00,08,00,09
Shipping_Measure_Costs,00_08_00_09,D&G&Wp,average,60,1975.64,0.92,00,08,00,09
Shipping_Measure_Costs,00_08_00_09,D&G&Wp,average,100,2717.9,0.82,00,08,00,09
Shipping_Measure_Costs,00_08_00_09,D&Wp,average,20,1234.93,0.95,00,08,00,09
Shipping_Measure_Costs,00_08_00_09,D&Wp,average,60,1977.19,0.92,00,08,00,09
Shipping_Measure_Costs,00_08_00_09,D&Wp,average,100,2719.45,0.82,00,08,00,09
Shipping_Measure_Costs,00_08_00_09,G,average,20,1230.29,0.95,00,08,00,09
Shipping_Measure_Costs,00_08_00_09,G,average,60,1972.55,0.92,00,08,00,09
Shipping_Measure_Costs,00_08_00_09,G,average,100,2714.81,0.82,00,08,00,09
Shipping_Measure_Costs,00_08_00_09,G&Wp,average,20,1234.93,0.95,00,08,00,09
Shipping_Measure_Costs,00_08_00_09,G&Wp,average,60,1977.19,0.92,00,08,00,09
Shipping_Measure_Costs,00_08_00_09,G&Wp,average,100,2719.45,0.82,00,08,00,09
Shipping_Measure_Costs,00_08_00_09,Wp,average,20,1239.57,0.95,00,08,00,09
Shipping_Measure_Costs,00_08_00_09,Wp,average,60,1981.83,0.92,00,08,00,09
Shipping_Measure_Costs,00_08_00_09,Wp,average,100,2724.09,0.83,00,08,00,09
Shipping_Measure_Costs,00_09_00_00,D,average,20,0.0,0.0,00,09,00,00
Shipping_Measure_Costs,00_09_00_00,D,average,60,0.0,0.0,00,09,00,00
Shipping_Measure_Costs,00_09_00_00,D,average,100,0.0,0.0,00,09,00,00
Shipping_Measure_Costs,00_09_00_00,D&G,average,20,0.0,0.0,00,09,00,00
Shipping_Measure_Costs,00_09_00_00,D&G,average,60,0.0,0.0,00,09,00,00
Shipping_Measure_Costs,00_09_00_00,D&G,average,100,0.0,0.0,00,09,00,00
Shipping_Measure_Costs,00_09_00_00,D&G&Wp,average,20,0.0,0.0,00,09,00,00
Shipping_Measure_Costs,00_09_00_00,D&G&Wp,average,60,0.0,0.0,00,09,00,00
Shipping_Measure_Costs,00_09_00_00,D&G&Wp,average,100,0.0,0.0,00,09,00,00
Shipping_Measure_Costs,00_09_00_00,D&Wp,average,20,0.0,0.0,00,09,00,00
Shipping_Measure_Costs,00_09_00_00,D&Wp,average,60,0.0,0.0,00,09,00,00
Shipping_Measure_Costs,00_09_00_00,D&Wp,average,100,0.0,0.0,00,09,00,00
Shipping_Measure_Costs,00_09_00_00,G,average,20,0.0,0.0,00,09,00,00
Shipping_Measure_Costs,00_09_00_00,G,average,60,0.0,0.0,00,09,00,00
Shipping_Measure_Costs,00_09_00_00,G,average,100,0.0,0.0,00,09,00,00
Shipping_Measure_Costs,00_09_00_00,G&Wp,average,20,0.0,0.0,00,09,00,00
Shipping_Measure_Costs,00_09_00_00,G&Wp,average,60,0.0,0.0,00,09,00,00
Shipping_Measure_Costs,00_09_00_00,G&Wp,average,100,0.0,0.0,00,09,00,00
Shipping_Measure_Costs,00_09_00_00,Wp,average,20,0.0,0.0,00,09,00,00
Shipping_Measure_Costs,00_09_00_00,Wp,average,60,0.0,0.0,00,09,00,00
Shipping_Measure_Costs,00_09_00_00,Wp,average,100,0.0,0.0,00,09,00,00
Shipping_Measure_Costs,00_09_00_01,D,average,20,545.88,0.42,00,09,00,01
Shipping_Measure_Costs,00_09_00_01,D,average,60,1088.6,0.51,00,09,00,01
Shipping_Measure_Costs,00_09_00_01,D,average,100,1545.95,0.47,00,09,00,01
Shipping_Measure_Costs,00_09_00_01,D&G,average,20,545.88,0.42,00,09,00,01
Shipping_Measure_Costs,00_09_00_01,D&G,average,60,1087.67,0.51,00,09,00,01
Shipping_Measure_Costs,00_09_00_01,D&G,average,100,1545.02,0.47,00,09,00,01
Shipping_Measure_Costs,00_09_00_01,D&G&Wp,average,20,580.57,0.45,00,09,00,01
Shipping_Measure_Costs,00_09_00_01,D&G&Wp,average,60,1293.39,0.6,00,09,00,01
Shipping_Measure_Costs,00_09_00_01,D&G&Wp,average,100,1849.71,0.56,00,09,00,01
Shipping_Measure_Costs,00_09_00_01,D&Wp,average,20,597.91,0.46,00,09,00,01
Shipping_Measure_Costs,00_09_00_01,D&Wp,average,60,1396.71,0.65,00,09,00,01
Shipping_Measure_Costs,00_09_00_01,D&Wp,average,100,2002.52,0.61,00,09,00,01
Shipping_Measure_Costs,00_09_00_01,G,average,20,545.88,0.42,00,09,00,01
Shipping_Measure_Costs,00_09_00_01,G,average,60,1086.74,0.51,00,09,00,01
Shipping_Measure_Costs,00_09_00_01,G,average,100,1544.1,0.47,00,09,00,01
Shipping_Measure_Costs,00_09_00_01,G&Wp,average,20,597.91,0.46,00,09,00,01
Shipping_Measure_Costs,00_09_00_01,G&Wp,average,60,1395.78,0.65,00,09,00,01
Shipping_Measure_Costs,00_09_00_01,G&Wp,average,100,2001.59,0.61,00,09,00,01
Shipping_Measure_Costs,00_09_00_01,Wp,average,20,649.95,0.5,00,09,00,01
Shipping_Measure_Costs,00_09_00_01,Wp,average,60,1704.82,0.79,00,09,00,01
Shipping_Measure_Costs,00_09_00_01,Wp,average,100,2459.08,0.75,00,09,00,01
Shipping_Measure_Costs,00_09_00_02,D,average,20,16.22,0.01,00,09,00,02
Shipping_Measure_Costs,00_09_00_02,D,average,60,87.69,0.04,00,09,00,02
Shipping_Measure_Costs,00_09_00_02,D,average,100,160.17,0.05,00,09,00,02
Shipping_Measure_Costs,00_09_00_02,D&G,average,20,16.22,0.01,00,09,00,02
Shipping_Measure_Costs,00_09_00_02,D&G,average,60,87.57,0.04,00,09,00,02
Shipping_Measure_Costs,00_09_00_02,D&G,average,100,160.05,0.05,00,09,00,02
Shipping_Measure_Costs,00_09_00_02,D&G&Wp,average,20,16.78,0.01,00,09,00,02
Shipping_Measure_Costs,00_09_00_02,D&G&Wp,average,60,537.3,0.25,00,09,00,02
Shipping_Measure_Costs,00_09_00_02,D&G&Wp,average,100,870.64,0.26,00,09,00,02
Shipping_Measure_Costs,00_09_00_02,D&Wp,average,20,17.05,0.01,00,09,00,02
Shipping_Measure_Costs,00_09_00_02,D&Wp,average,60,762.23,0.35,00,09,00,02
Shipping_Measure_Costs,00_09_00_02,D&Wp,average,100,1226.0,0.37,00,09,00,02
Shipping_Measure_Costs,00_09_00_02,G,average,20,16.22,0.01,00,09,00,02
Shipping_Measure_Costs,00_09_00_02,G,average,60,87.44,0.04,00,09,00,02
Shipping_Measure_Costs,00_09_00_02,G,average,100,159.92,0.05,00,09,00,02
Shipping_Measure_Costs,00_09_00_02,G&Wp,average,20,17.05,0.01,00,09,00,02
Shipping_Measure_Costs,00_09_00_02,G&Wp,average,60,762.1,0.35,00,09,00,02
Shipping_Measure_Costs,00_09_00_02,G&Wp,average,100,1225.87,0.37,00,09,00,02
Shipping_Measure_Costs,00_09_00_02,Wp,average,20,17.88,0.01,00,09,00,02
Shipping_Measure_Costs,00_09_00_02,Wp,average,60,1436.76,0.67,00,09,00,02
Shipping_Measure_Costs,00_09_00_02,Wp,average,100,2291.82,0.69,00,09,00,02
Shipping_Measure_Costs,00_09_00_04,D,average,20,41.08,0.03,00,09,00,04
Shipping_Measure_Costs,00_09_00_04,D,average,60,147.82,0.07,00,09,00,04
Shipping_Measure_Costs,00_09_00_04,D,average,100,255.82,0.08,00,09,00,04
Shipping_Measure_Costs,00_09_00_04,D&G,average,20,41.08,0.03,00,09,00,04
Shipping_Measure_Costs,00_09_00_04,D&G,average,60,146.27,0.07,00,09,00,04
Shipping_Measure_Costs,00_09_00_04,D&G,average,100,253.09,0.08,00,09,00,04
Shipping_Measure_Costs,00_09_00_04,D&G&Wp,average,20,41.5,0.03,00,09,00,04
Shipping_Measure_Costs,00_09_00_04,D&G&Wp,average,60,576.71,0.27,00,09,00,04
Shipping_Measure_Costs,00_09_00_04,D&G&Wp,average,100,932.95,0.28,00,09,00,04
Shipping_Measure_Costs,00_09_00_04,D&Wp,average,20,41.71,0.03,00,09,00,04
Shipping_Measure_Costs,00_09_00_04,D&Wp,average,60,792.71,0.37,00,09,00,04
Shipping_Measure_Costs,00_09_00_04,D&Wp,average,100,1274.24,0.39,00,09,00,04
Shipping_Measure_Costs,00_09_00_04,G,average,20,41.08,0.03,00,09,00,04
Shipping_Measure_Costs,00_09_00_04,G,average,60,144.73,0.07,00,09,00,04
Shipping_Measure_Costs,00_09_00_04,G,average,100,250.37,0.08,00,09,00,04
Shipping_Measure_Costs,00_09_00_04,G&Wp,average,20,41.71,0.03,00,09,00,04
Shipping_Measure_Costs,00_09_00_04,G&Wp,average,60,791.16,0.37,00,09,00,04
Shipping_Measure_Costs,00_09_00_04,G&Wp,average,100,1271.51,0.39,00,09,00,04
Shipping_Measure_Costs,00_09_00_04,Wp,average,20,42.34,0.03,00,09,00,04
Shipping_Measure_Costs,00_09_00_04,Wp,average,60,1437.6,0.67,00,09,00,04
Shipping_Measure_Costs,00_09_00_04,Wp,average,100,2292.66,0.69,00,09,00,04
Shipping_Measure_Costs,00_09_00_05,D,average,20,41.08,0.03,00,09,00,05
Shipping_Measure_Costs,00_09_00_05,D,average,60,1028.87,0.48,00,09,00,05
Shipping_Measure_Costs,00_09_00_05,D,average,100,1575.03,0.48,00,09,00,05
Shipping_Measure_Costs,00_09_00_05,D&G,average,20,41.08,0.03,00,09,00,05
Shipping_Measure_Costs,00_09_00_05,D&G,average,60,803.41,0.37,00,09,00,05
Shipping_Measure_Costs,00_09_00_05,D&G,average,100,1319.88,0.4,00,09,00,05
Shipping_Measure_Costs,00_09_00_05,D&G&Wp,average,20,41.5,0.03,00,09,00,05
Shipping_Measure_Costs,00_09_00_05,D&G&Wp,average,60,1085.58,0.5,00,09,00,05
Shipping_Measure_Costs,00_09_00_05,D&G&Wp,average,100,1710.91,0.52,00,09,00,05
Shipping_Measure_Costs,00_09_00_05,D&Wp,average,20,41.71,0.03,00,09,00,05
Shipping_Measure_Costs,00_09_00_05,D&Wp,average,60,1339.4,0.62,00,09,00,05
Shipping_Measure_Costs,00_09_00_05,D&Wp,average,100,2034.0,0.62,00,09,00,05
Shipping_Measure_Costs,00_09_00_05,G,average,20,41.08,0.03,00,09,00,05
Shipping_Measure_Costs,00_09_00_05,G,average,60,577.95,0.27,00,09,00,05
Shipping_Measure_Costs,00_09_00_05,G,average,100,1064.73,0.32,00,09,00,05
Shipping_Measure_Costs,00_09_00_05,G&Wp,average,20,41.71,0.03,00,09,00,05
Shipping_Measure_Costs,00_09_00_05,G&Wp,average,60,1113.94,0.52,00,09,00,05
Shipping_Measure_Costs,00_09_00_05,G&Wp,average,100,1778.85,0.54,00,09,00,05
Shipping_Measure_Costs,00_09_00_05,Wp,average,20,42.34,0.03,00,09,00,05
Shipping_Measure_Costs,00_09_00_05,Wp,average,60,1649.92,0.77,00,09,00,05
Shipping_Measure_Costs,00_09_00_05,Wp,average,100,2492.98,0.76,00,09,00,05
Shipping_Measure_Costs,00_09_00_07,D,average,20,1230.29,0.95,00,09,00,07
Shipping_Measure_Costs,00_09_00_07,D,average,60,1972.55,0.92,00,09,00,07
Shipping_Measure_Costs,00_09_00_07,D,average,100,2714.81,0.82,00,09,00,07
Shipping_Measure_Costs,00_09_00_07,D&G,average,20,1230.29,0.95,00,09,00,07
Shipping_Measure_Costs,00_09_00_07,D&G,average,60,1972.55,0.92,00,09,00,07
Shipping_Measure_Costs,00_09_00_07,D&G,average,100,2714.81,0.82,00,09,00,07
Shipping_Measure_Costs,00_09_00_07,D&G&Wp,average,20,1233.38,0.95,00,09,00,07
Shipping_Measure_Costs,00_09_00_07,D&G&Wp,average,60,1975.64,0.92,00,09,00,07
Shipping_Measure_Costs,00_09_00_07,D&G&Wp,average,100,2717.9,0.82,00,09,00,07
Shipping_Measure_Costs,00_09_00_07,D&Wp,average,20,1234.93,0.95,00,09,00,07
Shipping_Measure_Costs,00_09_00_07,D&Wp,average,60,1977.19,0.92,00,09,00,07
Shipping_Measure_Costs,00_09_00_07,D&Wp,average,100,2719.45,0.82,00,09,00,07
Shipping_Measure_Costs,00_09_00_07,G,average,20,1230.29,0.95,00,09,00,07
Shipping_Measure_Costs,00_09_00_07,G,average,60,1972.55,0.92,00,09,00,07
Shipping_Measure_Costs,00_09_00_07,G,average,100,2714.81,0.82,00,09,00,07
Shipping_Measure_Costs,00_09_00_07,G&Wp,average,20,1234.93,0.95,00,09,00,07
Shipping_Measure_Costs,00_09_00_07,G&Wp,average,60,1977.19,0.92,00,09,00,07
Shipping_Measure_Costs,00_09_00_07,G&Wp,average,100,2719.45,0.82,00,09,00,07
Shipping_Measure_Costs,00_09_00_07,Wp,average,20,1239.57,0.95,00,09,00,07
Shipping_Measure_Costs,00_09_00_07,Wp,average,60,1981.83,0.92,00,09,00,07
Shipping_Measure_Costs,00_09_00_07,Wp,average,100,2724.09,0.83,00,09,00,07
Shipping_Measure_Costs,00_09_00_08,D,average,20,1230.29,0.95,00,09,00,08
Shipping_Measure_Costs,00_09_00_08,D,average,60,1972.55,0.92,00,09,00,08
Shipping_Measure_Costs,00_09_00_08,D,average,100,2714.81,0.82,00,09,00,08
Shipping_Measure_Costs,00_09_00_08,D&G,average,20,1230.29,0.95,00,09,00,08
Shipping_Measure_Costs,00_09_00_08,D&G,average,60,1972.55,0.92,00,09,00,08
Shipping_Measure_Costs,00_09_00_08,D&G,average,100,2714.81,0.82,00,09,00,08
Shipping_Measure_Costs,00_09_00_08,D&G&Wp,average,20,1233.38,0.95,00,09,00,08
Shipping_Measure_Costs,00_09_00_08,D&G&Wp,average,60,1975.64,0.92,00,09,00,08
Shipping_Measure_Costs,00_09_00_08,D&G&Wp,average,100,2717.9,0.82,00,09,00,08
Shipping_Measure_Costs,00_09_00_08,D&Wp,average,20,1234.93,0.95,00,09,00,08
Shipping_Measure_Costs,00_09_00_08,D&Wp,average,60,1977.19,0.92,00,09,00,08
Shipping_Measure_Costs,00_09_00_08,D&Wp,average,100,2719.45,0.82,00,09,00,08
Shipping_Measure_Costs,00_09_00_08,G,average,20,1230.29,0.95,00,09,00,08
Shipping_Measure_Costs,00_09_00_08,G,average,60,1972.55,0.92,00,09,00,08
Shipping_Measure_Costs,00_09_00_08,G,average,100,2714.81,0.82,00,09,00,08
Shipping_Measure_Costs,00_09_00_08,G&Wp,average,20,1234.93,0.95,00,09,00,08
Shipping_Measure_Costs,00_09_00_08,G&Wp,average,60,1977.19,0.92,00,09,00,08
Shipping_Measure_Costs,00_09_00_08,G&Wp,average,100,2719.45,0.82,00,09,00,08
Shipping_Measure_Costs,00_09_00_08,Wp,average,20,1239.57,0.95,00,09,00,08
Shipping_Measure_Costs,00_09_00_08,Wp,average,60,1981.83,0.92,00,09,00,08
Shipping_Measure_Costs,00_09_00_08,Wp,average,100,2724.09,0.83,00,09,00,08
Shipping_Measure_Costs,00_09_00_09,D,average,20,1230.29,0.95,00,09,00,09
Shipping_Measure_Costs,00_09_00_09,D,average,60,1972.55,0.92,00,09,00,09
Shipping_Measure_Costs,00_09_00_09,D,average,100,2714.81,0.82,00,09,00,09
Shipping_Measure_Costs,00_09_00_09,D&G,average,20,1230.29,0.95,00,09,00,09
Shipping_Measure_Costs,00_09_00_09,D&G,average,60,1972.55,0.92,00,09,00,09
Shipping_Measure_Costs,00_09_00_09,D&G,average,100,2714.81,0.82,00,09,00,09
Shipping_Measure_Costs,00_09_00_09,D&G&Wp,average,20,1233.38,0.95,00,09,00,09
Shipping_Measure_Costs,00_09_00_09,D&G&Wp,average,60,1975.64,0.92,00,09,00,09
Shipping_Measure_Costs,00_09_00_09,D&G&Wp,average,100,2717.9,0.82,00,09,00,09
Shipping_Measure_Costs,00_09_00_09,D&Wp,average,20,1234.93,0.95,00,09,00,09
Shipping_Measure_Costs,00_09_00_09,D&Wp,average,60,1977.19,0.92,00,09,00,09
Shipping_Measure_Costs,00_09_00_09,D&Wp,average,100,2719.45,0.82,00,09,00,09
Shipping_Measure_Costs,00_09_00_09,G,average,20,1230.29,0.95,00,09,00,09
Shipping_Measure_Costs,00_09_00_09,G,average,60,1972.55,0.92,00,09,00,09
Shipping_Measure_Costs,00_09_00_09,G,average,100,2714.81,0.82,00,09,00,09
Shipping_Measure_Costs,00_09_00_09,G&Wp,average,20,1234.93,0.95,00,09,00,09
Shipping_Measure_Costs,00_09_00_09,G&Wp,average,60,1977.19,0.92,00,09,00,09
Shipping_Measure_Costs,00_09_00_09,G&Wp,average,100,2719.45,0.82,00,09,00,09
Shipping_Measure_Costs,00_09_00_09,Wp,average,20,1239.57,0.95,00,09,00,09
Shipping_Measure_Costs,00_09_00_09,Wp,average,60,1981.83,0.92,00,09,00,09
Shipping_Measure_Costs,00_09_00_09,Wp,average,100,2724.09,0.83,00,09,00,09
