objective_parameter,pw_combi,scenario_of_interest,robustness_metric,year,Value,normalized_values,flood_agr,drought_agr,flood_urb,drought_shp
Municipality_Measure_Costs,00_00_00_00,D,average,20,0.0,0.0,00,00,00,00
Municipality_Measure_Costs,00_00_00_00,D,average,60,0.0,0.0,00,00,00,00
Municipality_Measure_Costs,00_00_00_00,D,average,100,0.0,0.0,00,00,00,00
Municipality_Measure_Costs,00_00_00_00,D&G,average,20,0.0,0.0,00,00,00,00
Municipality_Measure_Costs,00_00_00_00,D&G,average,60,0.0,0.0,00,00,00,00
Municipality_Measure_Costs,00_00_00_00,D&G,average,100,0.0,0.0,00,00,00,00
Municipality_Measure_Costs,00_00_00_00,D&G&Wp,average,20,0.0,0.0,00,00,00,00
Municipality_Measure_Costs,00_00_00_00,D&G&Wp,average,60,0.0,0.0,00,00,00,00
Municipality_Measure_Costs,00_00_00_00,D&G&Wp,average,100,0.0,0.0,00,00,00,00
Municipality_Measure_Costs,00_00_00_00,D&Wp,average,20,0.0,0.0,00,00,00,00
Municipality_Measure_Costs,00_00_00_00,D&Wp,average,60,0.0,0.0,00,00,00,00
Municipality_Measure_Costs,00_00_00_00,D&Wp,average,100,0.0,0.0,00,00,00,00
Municipality_Measure_Costs,00_00_00_00,G,average,20,0.0,0.0,00,00,00,00
Municipality_Measure_Costs,00_00_00_00,G,average,60,0.0,0.0,00,00,00,00
Municipality_Measure_Costs,00_00_00_00,G,average,100,0.0,0.0,00,00,00,00
Municipality_Measure_Costs,00_00_00_00,G&Wp,average,20,0.0,0.0,00,00,00,00
Municipality_Measure_Costs,00_00_00_00,G&Wp,average,60,0.0,0.0,00,00,00,00
Municipality_Measure_Costs,00_00_00_00,G&Wp,average,100,0.0,0.0,00,00,00,00
Municipality_Measure_Costs,00_00_00_00,Wp,average,20,0.0,0.0,00,00,00,00
Municipality_Measure_Costs,00_00_00_00,Wp,average,60,0.0,0.0,00,00,00,00
Municipality_Measure_Costs,00_00_00_00,Wp,average,100,0.0,0.0,00,00,00,00
Municipality_Measure_Costs,00_00_00_01,D,average,20,0.0,0.0,00,00,00,01
Municipality_Measure_Costs,00_00_00_01,D,average,60,0.0,0.0,00,00,00,01
Municipality_Measure_Costs,00_00_00_01,D,average,100,0.0,0.0,00,00,00,01
Municipality_Measure_Costs,00_00_00_01,D&G,average,20,0.0,0.0,00,00,00,01
Municipality_Measure_Costs,00_00_00_01,D&G,average,60,0.0,0.0,00,00,00,01
Municipality_Measure_Costs,00_00_00_01,D&G,average,100,0.0,0.0,00,00,00,01
Municipality_Measure_Costs,00_00_00_01,D&G&Wp,average,20,0.0,0.0,00,00,00,01
Municipality_Measure_Costs,00_00_00_01,D&G&Wp,average,60,0.0,0.0,00,00,00,01
Municipality_Measure_Costs,00_00_00_01,D&G&Wp,average,100,0.0,0.0,00,00,00,01
Municipality_Measure_Costs,00_00_00_01,D&Wp,average,20,0.0,0.0,00,00,00,01
Municipality_Measure_Costs,00_00_00_01,D&Wp,average,60,0.0,0.0,00,00,00,01
Municipality_Measure_Costs,00_00_00_01,D&Wp,average,100,0.0,0.0,00,00,00,01
Municipality_Measure_Costs,00_00_00_01,G,average,20,0.0,0.0,00,00,00,01
Municipality_Measure_Costs,00_00_00_01,G,average,60,0.0,0.0,00,00,00,01
Municipality_Measure_Costs,00_00_00_01,G,average,100,0.0,0.0,00,00,00,01
Municipality_Measure_Costs,00_00_00_01,G&Wp,average,20,0.0,0.0,00,00,00,01
Municipality_Measure_Costs,00_00_00_01,G&Wp,average,60,0.0,0.0,00,00,00,01
Municipality_Measure_Costs,00_00_00_01,G&Wp,average,100,0.0,0.0,00,00,00,01
Municipality_Measure_Costs,00_00_00_01,Wp,average,20,0.0,0.0,00,00,00,01
Municipality_Measure_Costs,00_00_00_01,Wp,average,60,0.0,0.0,00,00,00,01
Municipality_Measure_Costs,00_00_00_01,Wp,average,100,0.0,0.0,00,00,00,01
Municipality_Measure_Costs,00_00_00_02,D,average,20,0.0,0.0,00,00,00,02
Municipality_Measure_Costs,00_00_00_02,D,average,60,0.0,0.0,00,00,00,02
Municipality_Measure_Costs,00_00_00_02,D,average,100,0.0,0.0,00,00,00,02
Municipality_Measure_Costs,00_00_00_02,D&G,average,20,0.0,0.0,00,00,00,02
Municipality_Measure_Costs,00_00_00_02,D&G,average,60,0.0,0.0,00,00,00,02
Municipality_Measure_Costs,00_00_00_02,D&G,average,100,0.0,0.0,00,00,00,02
Municipality_Measure_Costs,00_00_00_02,D&G&Wp,average,20,0.0,0.0,00,00,00,02
Municipality_Measure_Costs,00_00_00_02,D&G&Wp,average,60,0.0,0.0,00,00,00,02
Municipality_Measure_Costs,00_00_00_02,D&G&Wp,average,100,0.0,0.0,00,00,00,02
Municipality_Measure_Costs,00_00_00_02,D&Wp,average,20,0.0,0.0,00,00,00,02
Municipality_Measure_Costs,00_00_00_02,D&Wp,average,60,0.0,0.0,00,00,00,02
Municipality_Measure_Costs,00_00_00_02,D&Wp,average,100,0.0,0.0,00,00,00,02
Municipality_Measure_Costs,00_00_00_02,G,average,20,0.0,0.0,00,00,00,02
Municipality_Measure_Costs,00_00_00_02,G,average,60,0.0,0.0,00,00,00,02
Municipality_Measure_Costs,00_00_00_02,G,average,100,0.0,0.0,00,00,00,02
Municipality_Measure_Costs,00_00_00_02,G&Wp,average,20,0.0,0.0,00,00,00,02
Municipality_Measure_Costs,00_00_00_02,G&Wp,average,60,0.0,0.0,00,00,00,02
Municipality_Measure_Costs,00_00_00_02,G&Wp,average,100,0.0,0.0,00,00,00,02
Municipality_Measure_Costs,00_00_00_02,Wp,average,20,0.0,0.0,00,00,00,02
Municipality_Measure_Costs,00_00_00_02,Wp,average,60,0.0,0.0,00,00,00,02
Municipality_Measure_Costs,00_00_00_02,Wp,average,100,0.0,0.0,00,00,00,02
Municipality_Measure_Costs,00_00_00_04,D,average,20,0.0,0.0,00,00,00,04
Municipality_Measure_Costs,00_00_00_04,D,average,60,0.0,0.0,00,00,00,04
Municipality_Measure_Costs,00_00_00_04,D,average,100,0.0,0.0,00,00,00,04
Municipality_Measure_Costs,00_00_00_04,D&G,average,20,0.0,0.0,00,00,00,04
Municipality_Measure_Costs,00_00_00_04,D&G,average,60,0.0,0.0,00,00,00,04
Municipality_Measure_Costs,00_00_00_04,D&G,average,100,0.0,0.0,00,00,00,04
Municipality_Measure_Costs,00_00_00_04,D&G&Wp,average,20,0.0,0.0,00,00,00,04
Municipality_Measure_Costs,00_00_00_04,D&G&Wp,average,60,0.0,0.0,00,00,00,04
Municipality_Measure_Costs,00_00_00_04,D&G&Wp,average,100,0.0,0.0,00,00,00,04
Municipality_Measure_Costs,00_00_00_04,D&Wp,average,20,0.0,0.0,00,00,00,04
Municipality_Measure_Costs,00_00_00_04,D&Wp,average,60,0.0,0.0,00,00,00,04
Municipality_Measure_Costs,00_00_00_04,D&Wp,average,100,0.0,0.0,00,00,00,04
Municipality_Measure_Costs,00_00_00_04,G,average,20,0.0,0.0,00,00,00,04
Municipality_Measure_Costs,00_00_00_04,G,average,60,0.0,0.0,00,00,00,04
Municipality_Measure_Costs,00_00_00_04,G,average,100,0.0,0.0,00,00,00,04
Municipality_Measure_Costs,00_00_00_04,G&Wp,average,20,0.0,0.0,00,00,00,04
Municipality_Measure_Costs,00_00_00_04,G&Wp,average,60,0.0,0.0,00,00,00,04
Municipality_Measure_Costs,00_00_00_04,G&Wp,average,100,0.0,0.0,00,00,00,04
Municipality_Measure_Costs,00_00_00_04,Wp,average,20,0.0,0.0,00,00,00,04
Municipality_Measure_Costs,00_00_00_04,Wp,average,60,0.0,0.0,00,00,00,04
Municipality_Measure_Costs,00_00_00_04,Wp,average,100,0.0,0.0,00,00,00,04
Municipality_Measure_Costs,00_00_00_05,D,average,20,0.0,0.0,00,00,00,05
Municipality_Measure_Costs,00_00_00_05,D,average,60,0.0,0.0,00,00,00,05
Municipality_Measure_Costs,00_00_00_05,D,average,100,0.0,0.0,00,00,00,05
Municipality_Measure_Costs,00_00_00_05,D&G,average,20,0.0,0.0,00,00,00,05
Municipality_Measure_Costs,00_00_00_05,D&G,average,60,0.0,0.0,00,00,00,05
Municipality_Measure_Costs,00_00_00_05,D&G,average,100,0.0,0.0,00,00,00,05
Municipality_Measure_Costs,00_00_00_05,D&G&Wp,average,20,0.0,0.0,00,00,00,05
Municipality_Measure_Costs,00_00_00_05,D&G&Wp,average,60,0.0,0.0,00,00,00,05
Municipality_Measure_Costs,00_00_00_05,D&G&Wp,average,100,0.0,0.0,00,00,00,05
Municipality_Measure_Costs,00_00_00_05,D&Wp,average,20,0.0,0.0,00,00,00,05
Municipality_Measure_Costs,00_00_00_05,D&Wp,average,60,0.0,0.0,00,00,00,05
Municipality_Measure_Costs,00_00_00_05,D&Wp,average,100,0.0,0.0,00,00,00,05
Municipality_Measure_Costs,00_00_00_05,G,average,20,0.0,0.0,00,00,00,05
Municipality_Measure_Costs,00_00_00_05,G,average,60,0.0,0.0,00,00,00,05
Municipality_Measure_Costs,00_00_00_05,G,average,100,0.0,0.0,00,00,00,05
Municipality_Measure_Costs,00_00_00_05,G&Wp,average,20,0.0,0.0,00,00,00,05
Municipality_Measure_Costs,00_00_00_05,G&Wp,average,60,0.0,0.0,00,00,00,05
Municipality_Measure_Costs,00_00_00_05,G&Wp,average,100,0.0,0.0,00,00,00,05
Municipality_Measure_Costs,00_00_00_05,Wp,average,20,0.0,0.0,00,00,00,05
Municipality_Measure_Costs,00_00_00_05,Wp,average,60,0.0,0.0,00,00,00,05
Municipality_Measure_Costs,00_00_00_05,Wp,average,100,0.0,0.0,00,00,00,05
Municipality_Measure_Costs,00_00_00_07,D,average,20,0.0,0.0,00,00,00,07
Municipality_Measure_Costs,00_00_00_07,D,average,60,0.0,0.0,00,00,00,07
Municipality_Measure_Costs,00_00_00_07,D,average,100,0.0,0.0,00,00,00,07
Municipality_Measure_Costs,00_00_00_07,D&G,average,20,0.0,0.0,00,00,00,07
Municipality_Measure_Costs,00_00_00_07,D&G,average,60,0.0,0.0,00,00,00,07
Municipality_Measure_Costs,00_00_00_07,D&G,average,100,0.0,0.0,00,00,00,07
Municipality_Measure_Costs,00_00_00_07,D&G&Wp,average,20,0.0,0.0,00,00,00,07
Municipality_Measure_Costs,00_00_00_07,D&G&Wp,average,60,0.0,0.0,00,00,00,07
Municipality_Measure_Costs,00_00_00_07,D&G&Wp,average,100,0.0,0.0,00,00,00,07
Municipality_Measure_Costs,00_00_00_07,D&Wp,average,20,0.0,0.0,00,00,00,07
Municipality_Measure_Costs,00_00_00_07,D&Wp,average,60,0.0,0.0,00,00,00,07
Municipality_Measure_Costs,00_00_00_07,D&Wp,average,100,0.0,0.0,00,00,00,07
Municipality_Measure_Costs,00_00_00_07,G,average,20,0.0,0.0,00,00,00,07
Municipality_Measure_Costs,00_00_00_07,G,average,60,0.0,0.0,00,00,00,07
Municipality_Measure_Costs,00_00_00_07,G,average,100,0.0,0.0,00,00,00,07
Municipality_Measure_Costs,00_00_00_07,G&Wp,average,20,0.0,0.0,00,00,00,07
Municipality_Measure_Costs,00_00_00_07,G&Wp,average,60,0.0,0.0,00,00,00,07
Municipality_Measure_Costs,00_00_00_07,G&Wp,average,100,0.0,0.0,00,00,00,07
Municipality_Measure_Costs,00_00_00_07,Wp,average,20,0.0,0.0,00,00,00,07
Municipality_Measure_Costs,00_00_00_07,Wp,average,60,0.0,0.0,00,00,00,07
Municipality_Measure_Costs,00_00_00_07,Wp,average,100,0.0,0.0,00,00,00,07
Municipality_Measure_Costs,00_00_00_08,D,average,20,0.0,0.0,00,00,00,08
Municipality_Measure_Costs,00_00_00_08,D,average,60,0.0,0.0,00,00,00,08
Municipality_Measure_Costs,00_00_00_08,D,average,100,0.0,0.0,00,00,00,08
Municipality_Measure_Costs,00_00_00_08,D&G,average,20,0.0,0.0,00,00,00,08
Municipality_Measure_Costs,00_00_00_08,D&G,average,60,0.0,0.0,00,00,00,08
Municipality_Measure_Costs,00_00_00_08,D&G,average,100,0.0,0.0,00,00,00,08
Municipality_Measure_Costs,00_00_00_08,D&G&Wp,average,20,0.0,0.0,00,00,00,08
Municipality_Measure_Costs,00_00_00_08,D&G&Wp,average,60,0.0,0.0,00,00,00,08
Municipality_Measure_Costs,00_00_00_08,D&G&Wp,average,100,0.0,0.0,00,00,00,08
Municipality_Measure_Costs,00_00_00_08,D&Wp,average,20,0.0,0.0,00,00,00,08
Municipality_Measure_Costs,00_00_00_08,D&Wp,average,60,0.0,0.0,00,00,00,08
Municipality_Measure_Costs,00_00_00_08,D&Wp,average,100,0.0,0.0,00,00,00,08
Municipality_Measure_Costs,00_00_00_08,G,average,20,0.0,0.0,00,00,00,08
Municipality_Measure_Costs,00_00_00_08,G,average,60,0.0,0.0,00,00,00,08
Municipality_Measure_Costs,00_00_00_08,G,average,100,0.0,0.0,00,00,00,08
Municipality_Measure_Costs,00_00_00_08,G&Wp,average,20,0.0,0.0,00,00,00,08
Municipality_Measure_Costs,00_00_00_08,G&Wp,average,60,0.0,0.0,00,00,00,08
Municipality_Measure_Costs,00_00_00_08,G&Wp,average,100,0.0,0.0,00,00,00,08
Municipality_Measure_Costs,00_00_00_08,Wp,average,20,0.0,0.0,00,00,00,08
Municipality_Measure_Costs,00_00_00_08,Wp,average,60,0.0,0.0,00,00,00,08
Municipality_Measure_Costs,00_00_00_08,Wp,average,100,0.0,0.0,00,00,00,08
Municipality_Measure_Costs,00_00_00_09,D,average,20,0.0,0.0,00,00,00,09
Municipality_Measure_Costs,00_00_00_09,D,average,60,0.0,0.0,00,00,00,09
Municipality_Measure_Costs,00_00_00_09,D,average,100,0.0,0.0,00,00,00,09
Municipality_Measure_Costs,00_00_00_09,D&G,average,20,0.0,0.0,00,00,00,09
Municipality_Measure_Costs,00_00_00_09,D&G,average,60,0.0,0.0,00,00,00,09
Municipality_Measure_Costs,00_00_00_09,D&G,average,100,0.0,0.0,00,00,00,09
Municipality_Measure_Costs,00_00_00_09,D&G&Wp,average,20,0.0,0.0,00,00,00,09
Municipality_Measure_Costs,00_00_00_09,D&G&Wp,average,60,0.0,0.0,00,00,00,09
Municipality_Measure_Costs,00_00_00_09,D&G&Wp,average,100,0.0,0.0,00,00,00,09
Municipality_Measure_Costs,00_00_00_09,D&Wp,average,20,0.0,0.0,00,00,00,09
Municipality_Measure_Costs,00_00_00_09,D&Wp,average,60,0.0,0.0,00,00,00,09
Municipality_Measure_Costs,00_00_00_09,D&Wp,average,100,0.0,0.0,00,00,00,09
Municipality_Measure_Costs,00_00_00_09,G,average,20,0.0,0.0,00,00,00,09
Municipality_Measure_Costs,00_00_00_09,G,average,60,0.0,0.0,00,00,00,09
Municipality_Measure_Costs,00_00_00_09,G,average,100,0.0,0.0,00,00,00,09
Municipality_Measure_Costs,00_00_00_09,G&Wp,average,20,0.0,0.0,00,00,00,09
Municipality_Measure_Costs,00_00_00_09,G&Wp,average,60,0.0,0.0,00,00,00,09
Municipality_Measure_Costs,00_00_00_09,G&Wp,average,100,0.0,0.0,00,00,00,09
Municipality_Measure_Costs,00_00_00_09,Wp,average,20,0.0,0.0,00,00,00,09
Municipality_Measure_Costs,00_00_00_09,Wp,average,60,0.0,0.0,00,00,00,09
Municipality_Measure_Costs,00_00_00_09,Wp,average,100,0.0,0.0,00,00,00,09
Municipality_Measure_Costs,00_00_01_00,D,average,20,21.58,0.07,00,00,01,00
Municipality_Measure_Costs,00_00_01_00,D,average,60,118.42,0.22,00,00,01,00
Municipality_Measure_Costs,00_00_01_00,D,average,100,235.6,0.33,00,00,01,00
Municipality_Measure_Costs,00_00_01_00,D&G,average,20,21.58,0.07,00,00,01,00
Municipality_Measure_Costs,00_00_01_00,D&G,average,60,124.05,0.23,00,00,01,00
Municipality_Measure_Costs,00_00_01_00,D&G,average,100,235.63,0.33,00,00,01,00
Municipality_Measure_Costs,00_00_01_00,D&G&Wp,average,20,21.58,0.07,00,00,01,00
Municipality_Measure_Costs,00_00_01_00,D&G&Wp,average,60,133.57,0.24,00,00,01,00
Municipality_Measure_Costs,00_00_01_00,D&G&Wp,average,100,235.82,0.33,00,00,01,00
Municipality_Measure_Costs,00_00_01_00,D&Wp,average,20,21.58,0.07,00,00,01,00
Municipality_Measure_Costs,00_00_01_00,D&Wp,average,60,135.52,0.25,00,00,01,00
Municipality_Measure_Costs,00_00_01_00,D&Wp,average,100,235.9,0.33,00,00,01,00
Municipality_Measure_Costs,00_00_01_00,G,average,20,21.58,0.07,00,00,01,00
Municipality_Measure_Costs,00_00_01_00,G,average,60,129.67,0.24,00,00,01,00
Municipality_Measure_Costs,00_00_01_00,G,average,100,235.65,0.33,00,00,01,00
Municipality_Measure_Costs,00_00_01_00,G&Wp,average,20,21.58,0.07,00,00,01,00
Municipality_Measure_Costs,00_00_01_00,G&Wp,average,60,141.14,0.26,00,00,01,00
Municipality_Measure_Costs,00_00_01_00,G&Wp,average,100,235.93,0.33,00,00,01,00
Municipality_Measure_Costs,00_00_01_00,Wp,average,20,21.58,0.07,00,00,01,00
Municipality_Measure_Costs,00_00_01_00,Wp,average,60,152.62,0.28,00,00,01,00
Municipality_Measure_Costs,00_00_01_00,Wp,average,100,236.2,0.33,00,00,01,00
Municipality_Measure_Costs,00_00_01_01,D,average,20,21.58,0.07,00,00,01,01
Municipality_Measure_Costs,00_00_01_01,D,average,60,118.42,0.22,00,00,01,01
Municipality_Measure_Costs,00_00_01_01,D,average,100,235.6,0.33,00,00,01,01
Municipality_Measure_Costs,00_00_01_01,D&G,average,20,21.58,0.07,00,00,01,01
Municipality_Measure_Costs,00_00_01_01,D&G,average,60,124.05,0.23,00,00,01,01
Municipality_Measure_Costs,00_00_01_01,D&G,average,100,235.63,0.33,00,00,01,01
Municipality_Measure_Costs,00_00_01_01,D&G&Wp,average,20,21.58,0.07,00,00,01,01
Municipality_Measure_Costs,00_00_01_01,D&G&Wp,average,60,133.57,0.24,00,00,01,01
Municipality_Measure_Costs,00_00_01_01,D&G&Wp,average,100,235.82,0.33,00,00,01,01
Municipality_Measure_Costs,00_00_01_01,D&Wp,average,20,21.58,0.07,00,00,01,01
Municipality_Measure_Costs,00_00_01_01,D&Wp,average,60,135.52,0.25,00,00,01,01
Municipality_Measure_Costs,00_00_01_01,D&Wp,average,100,235.9,0.33,00,00,01,01
Municipality_Measure_Costs,00_00_01_01,G,average,20,21.58,0.07,00,00,01,01
Municipality_Measure_Costs,00_00_01_01,G,average,60,129.67,0.24,00,00,01,01
Municipality_Measure_Costs,00_00_01_01,G,average,100,235.65,0.33,00,00,01,01
Municipality_Measure_Costs,00_00_01_01,G&Wp,average,20,21.58,0.07,00,00,01,01
Municipality_Measure_Costs,00_00_01_01,G&Wp,average,60,141.14,0.26,00,00,01,01
Municipality_Measure_Costs,00_00_01_01,G&Wp,average,100,235.93,0.33,00,00,01,01
Municipality_Measure_Costs,00_00_01_01,Wp,average,20,21.58,0.07,00,00,01,01
Municipality_Measure_Costs,00_00_01_01,Wp,average,60,152.62,0.28,00,00,01,01
Municipality_Measure_Costs,00_00_01_01,Wp,average,100,236.2,0.33,00,00,01,01
Municipality_Measure_Costs,00_00_01_02,D,average,20,21.58,0.07,00,00,01,02
Municipality_Measure_Costs,00_00_01_02,D,average,60,118.42,0.22,00,00,01,02
Municipality_Measure_Costs,00_00_01_02,D,average,100,235.6,0.33,00,00,01,02
Municipality_Measure_Costs,00_00_01_02,D&G,average,20,21.58,0.07,00,00,01,02
Municipality_Measure_Costs,00_00_01_02,D&G,average,60,124.05,0.23,00,00,01,02
Municipality_Measure_Costs,00_00_01_02,D&G,average,100,235.63,0.33,00,00,01,02
Municipality_Measure_Costs,00_00_01_02,D&G&Wp,average,20,21.58,0.07,00,00,01,02
Municipality_Measure_Costs,00_00_01_02,D&G&Wp,average,60,133.57,0.24,00,00,01,02
Municipality_Measure_Costs,00_00_01_02,D&G&Wp,average,100,235.82,0.33,00,00,01,02
Municipality_Measure_Costs,00_00_01_02,D&Wp,average,20,21.58,0.07,00,00,01,02
Municipality_Measure_Costs,00_00_01_02,D&Wp,average,60,135.52,0.25,00,00,01,02
Municipality_Measure_Costs,00_00_01_02,D&Wp,average,100,235.9,0.33,00,00,01,02
Municipality_Measure_Costs,00_00_01_02,G,average,20,21.58,0.07,00,00,01,02
Municipality_Measure_Costs,00_00_01_02,G,average,60,129.67,0.24,00,00,01,02
Municipality_Measure_Costs,00_00_01_02,G,average,100,235.65,0.33,00,00,01,02
Municipality_Measure_Costs,00_00_01_02,G&Wp,average,20,21.58,0.07,00,00,01,02
Municipality_Measure_Costs,00_00_01_02,G&Wp,average,60,141.14,0.26,00,00,01,02
Municipality_Measure_Costs,00_00_01_02,G&Wp,average,100,235.93,0.33,00,00,01,02
Municipality_Measure_Costs,00_00_01_02,Wp,average,20,21.58,0.07,00,00,01,02
Municipality_Measure_Costs,00_00_01_02,Wp,average,60,152.62,0.28,00,00,01,02
Municipality_Measure_Costs,00_00_01_02,Wp,average,100,236.2,0.33,00,00,01,02
Municipality_Measure_Costs,00_00_01_04,D,average,20,21.58,0.07,00,00,01,04
Municipality_Measure_Costs,00_00_01_04,D,average,60,118.42,0.22,00,00,01,04
Municipality_Measure_Costs,00_00_01_04,D,average,100,235.6,0.33,00,00,01,04
Municipality_Measure_Costs,00_00_01_04,D&G,average,20,21.58,0.07,00,00,01,04
Municipality_Measure_Costs,00_00_01_04,D&G,average,60,124.05,0.23,00,00,01,04
Municipality_Measure_Costs,00_00_01_04,D&G,average,100,235.63,0.33,00,00,01,04
Municipality_Measure_Costs,00_00_01_04,D&G&Wp,average,20,21.58,0.07,00,00,01,04
Municipality_Measure_Costs,00_00_01_04,D&G&Wp,average,60,133.57,0.24,00,00,01,04
Municipality_Measure_Costs,00_00_01_04,D&G&Wp,average,100,235.82,0.33,00,00,01,04
Municipality_Measure_Costs,00_00_01_04,D&Wp,average,20,21.58,0.07,00,00,01,04
Municipality_Measure_Costs,00_00_01_04,D&Wp,average,60,135.52,0.25,00,00,01,04
Municipality_Measure_Costs,00_00_01_04,D&Wp,average,100,235.9,0.33,00,00,01,04
Municipality_Measure_Costs,00_00_01_04,G,average,20,21.58,0.07,00,00,01,04
Municipality_Measure_Costs,00_00_01_04,G,average,60,129.67,0.24,00,00,01,04
Municipality_Measure_Costs,00_00_01_04,G,average,100,235.65,0.33,00,00,01,04
Municipality_Measure_Costs,00_00_01_04,G&Wp,average,20,21.58,0.07,00,00,01,04
Municipality_Measure_Costs,00_00_01_04,G&Wp,average,60,141.14,0.26,00,00,01,04
Municipality_Measure_Costs,00_00_01_04,G&Wp,average,100,235.93,0.33,00,00,01,04
Municipality_Measure_Costs,00_00_01_04,Wp,average,20,21.58,0.07,00,00,01,04
Municipality_Measure_Costs,00_00_01_04,Wp,average,60,152.62,0.28,00,00,01,04
Municipality_Measure_Costs,00_00_01_04,Wp,average,100,236.2,0.33,00,00,01,04
Municipality_Measure_Costs,00_00_01_05,D,average,20,21.58,0.07,00,00,01,05
Municipality_Measure_Costs,00_00_01_05,D,average,60,118.42,0.22,00,00,01,05
Municipality_Measure_Costs,00_00_01_05,D,average,100,235.6,0.33,00,00,01,05
Municipality_Measure_Costs,00_00_01_05,D&G,average,20,21.58,0.07,00,00,01,05
Municipality_Measure_Costs,00_00_01_05,D&G,average,60,124.05,0.23,00,00,01,05
Municipality_Measure_Costs,00_00_01_05,D&G,average,100,235.63,0.33,00,00,01,05
Municipality_Measure_Costs,00_00_01_05,D&G&Wp,average,20,21.58,0.07,00,00,01,05
Municipality_Measure_Costs,00_00_01_05,D&G&Wp,average,60,133.57,0.24,00,00,01,05
Municipality_Measure_Costs,00_00_01_05,D&G&Wp,average,100,235.82,0.33,00,00,01,05
Municipality_Measure_Costs,00_00_01_05,D&Wp,average,20,21.58,0.07,00,00,01,05
Municipality_Measure_Costs,00_00_01_05,D&Wp,average,60,135.52,0.25,00,00,01,05
Municipality_Measure_Costs,00_00_01_05,D&Wp,average,100,235.9,0.33,00,00,01,05
Municipality_Measure_Costs,00_00_01_05,G,average,20,21.58,0.07,00,00,01,05
Municipality_Measure_Costs,00_00_01_05,G,average,60,129.67,0.24,00,00,01,05
Municipality_Measure_Costs,00_00_01_05,G,average,100,235.65,0.33,00,00,01,05
Municipality_Measure_Costs,00_00_01_05,G&Wp,average,20,21.58,0.07,00,00,01,05
Municipality_Measure_Costs,00_00_01_05,G&Wp,average,60,141.14,0.26,00,00,01,05
Municipality_Measure_Costs,00_00_01_05,G&Wp,average,100,235.93,0.33,00,00,01,05
Municipality_Measure_Costs,00_00_01_05,Wp,average,20,21.58,0.07,00,00,01,05
Municipality_Measure_Costs,00_00_01_05,Wp,average,60,152.62,0.28,00,00,01,05
Municipality_Measure_Costs,00_00_01_05,Wp,average,100,236.2,0.33,00,00,01,05
Municipality_Measure_Costs,00_00_01_07,D,average,20,21.58,0.07,00,00,01,07
Municipality_Measure_Costs,00_00_01_07,D,average,60,118.42,0.22,00,00,01,07
Municipality_Measure_Costs,00_00_01_07,D,average,100,235.6,0.33,00,00,01,07
Municipality_Measure_Costs,00_00_01_07,D&G,average,20,21.58,0.07,00,00,01,07
Municipality_Measure_Costs,00_00_01_07,D&G,average,60,124.05,0.23,00,00,01,07
Municipality_Measure_Costs,00_00_01_07,D&G,average,100,235.63,0.33,00,00,01,07
Municipality_Measure_Costs,00_00_01_07,D&G&Wp,average,20,21.58,0.07,00,00,01,07
Municipality_Measure_Costs,00_00_01_07,D&G&Wp,average,60,133.57,0.24,00,00,01,07
Municipality_Measure_Costs,00_00_01_07,D&G&Wp,average,100,235.82,0.33,00,00,01,07
Municipality_Measure_Costs,00_00_01_07,D&Wp,average,20,21.58,0.07,00,00,01,07
Municipality_Measure_Costs,00_00_01_07,D&Wp,average,60,135.52,0.25,00,00,01,07
Municipality_Measure_Costs,00_00_01_07,D&Wp,average,100,235.9,0.33,00,00,01,07
Municipality_Measure_Costs,00_00_01_07,G,average,20,21.58,0.07,00,00,01,07
Municipality_Measure_Costs,00_00_01_07,G,average,60,129.67,0.24,00,00,01,07
Municipality_Measure_Costs,00_00_01_07,G,average,100,235.65,0.33,00,00,01,07
Municipality_Measure_Costs,00_00_01_07,G&Wp,average,20,21.58,0.07,00,00,01,07
Municipality_Measure_Costs,00_00_01_07,G&Wp,average,60,141.14,0.26,00,00,01,07
Municipality_Measure_Costs,00_00_01_07,G&Wp,average,100,235.93,0.33,00,00,01,07
Municipality_Measure_Costs,00_00_01_07,Wp,average,20,21.58,0.07,00,00,01,07
Municipality_Measure_Costs,00_00_01_07,Wp,average,60,152.62,0.28,00,00,01,07
Municipality_Measure_Costs,00_00_01_07,Wp,average,100,236.2,0.33,00,00,01,07
Municipality_Measure_Costs,00_00_01_08,D,average,20,21.58,0.07,00,00,01,08
Municipality_Measure_Costs,00_00_01_08,D,average,60,118.42,0.22,00,00,01,08
Municipality_Measure_Costs,00_00_01_08,D,average,100,235.6,0.33,00,00,01,08
Municipality_Measure_Costs,00_00_01_08,D&G,average,20,21.58,0.07,00,00,01,08
Municipality_Measure_Costs,00_00_01_08,D&G,average,60,124.05,0.23,00,00,01,08
Municipality_Measure_Costs,00_00_01_08,D&G,average,100,235.63,0.33,00,00,01,08
Municipality_Measure_Costs,00_00_01_08,D&G&Wp,average,20,21.58,0.07,00,00,01,08
Municipality_Measure_Costs,00_00_01_08,D&G&Wp,average,60,133.57,0.24,00,00,01,08
Municipality_Measure_Costs,00_00_01_08,D&G&Wp,average,100,235.82,0.33,00,00,01,08
Municipality_Measure_Costs,00_00_01_08,D&Wp,average,20,21.58,0.07,00,00,01,08
Municipality_Measure_Costs,00_00_01_08,D&Wp,average,60,135.52,0.25,00,00,01,08
Municipality_Measure_Costs,00_00_01_08,D&Wp,average,100,235.9,0.33,00,00,01,08
Municipality_Measure_Costs,00_00_01_08,G,average,20,21.58,0.07,00,00,01,08
Municipality_Measure_Costs,00_00_01_08,G,average,60,129.67,0.24,00,00,01,08
Municipality_Measure_Costs,00_00_01_08,G,average,100,235.65,0.33,00,00,01,08
Municipality_Measure_Costs,00_00_01_08,G&Wp,average,20,21.58,0.07,00,00,01,08
Municipality_Measure_Costs,00_00_01_08,G&Wp,average,60,141.14,0.26,00,00,01,08
Municipality_Measure_Costs,00_00_01_08,G&Wp,average,100,235.93,0.33,00,00,01,08
Municipality_Measure_Costs,00_00_01_08,Wp,average,20,21.58,0.07,00,00,01,08
Municipality_Measure_Costs,00_00_01_08,Wp,average,60,152.62,0.28,00,00,01,08
Municipality_Measure_Costs,00_00_01_08,Wp,average,100,236.2,0.33,00,00,01,08
Municipality_Measure_Costs,00_00_01_09,D,average,20,21.58,0.07,00,00,01,09
Municipality_Measure_Costs,00_00_01_09,D,average,60,118.42,0.22,00,00,01,09
Municipality_Measure_Costs,00_00_01_09,D,average,100,235.6,0.33,00,00,01,09
Municipality_Measure_Costs,00_00_01_09,D&G,average,20,21.58,0.07,00,00,01,09
Municipality_Measure_Costs,00_00_01_09,D&G,average,60,124.05,0.23,00,00,01,09
Municipality_Measure_Costs,00_00_01_09,D&G,average,100,235.63,0.33,00,00,01,09
Municipality_Measure_Costs,00_00_01_09,D&G&Wp,average,20,21.58,0.07,00,00,01,09
Municipality_Measure_Costs,00_00_01_09,D&G&Wp,average,60,133.57,0.24,00,00,01,09
Municipality_Measure_Costs,00_00_01_09,D&G&Wp,average,100,235.82,0.33,00,00,01,09
Municipality_Measure_Costs,00_00_01_09,D&Wp,average,20,21.58,0.07,00,00,01,09
Municipality_Measure_Costs,00_00_01_09,D&Wp,average,60,135.52,0.25,00,00,01,09
Municipality_Measure_Costs,00_00_01_09,D&Wp,average,100,235.9,0.33,00,00,01,09
Municipality_Measure_Costs,00_00_01_09,G,average,20,21.58,0.07,00,00,01,09
Municipality_Measure_Costs,00_00_01_09,G,average,60,129.67,0.24,00,00,01,09
Municipality_Measure_Costs,00_00_01_09,G,average,100,235.65,0.33,00,00,01,09
Municipality_Measure_Costs,00_00_01_09,G&Wp,average,20,21.58,0.07,00,00,01,09
Municipality_Measure_Costs,00_00_01_09,G&Wp,average,60,141.14,0.26,00,00,01,09
Municipality_Measure_Costs,00_00_01_09,G&Wp,average,100,235.93,0.33,00,00,01,09
Municipality_Measure_Costs,00_00_01_09,Wp,average,20,21.58,0.07,00,00,01,09
Municipality_Measure_Costs,00_00_01_09,Wp,average,60,152.62,0.28,00,00,01,09
Municipality_Measure_Costs,00_00_01_09,Wp,average,100,236.2,0.33,00,00,01,09
Municipality_Measure_Costs,00_00_03_00,D,average,20,26.85,0.08,00,00,03,00
Municipality_Measure_Costs,00_00_03_00,D,average,60,115.67,0.21,00,00,03,00
Municipality_Measure_Costs,00_00_03_00,D,average,100,228.57,0.32,00,00,03,00
Municipality_Measure_Costs,00_00_03_00,D&G,average,20,26.85,0.08,00,00,03,00
Municipality_Measure_Costs,00_00_03_00,D&G,average,60,121.27,0.22,00,00,03,00
Municipality_Measure_Costs,00_00_03_00,D&G,average,100,228.64,0.32,00,00,03,00
Municipality_Measure_Costs,00_00_03_00,D&G&Wp,average,20,26.85,0.08,00,00,03,00
Municipality_Measure_Costs,00_00_03_00,D&G&Wp,average,60,130.65,0.24,00,00,03,00
Municipality_Measure_Costs,00_00_03_00,D&G&Wp,average,100,228.85,0.32,00,00,03,00
Municipality_Measure_Costs,00_00_03_00,D&Wp,average,20,26.85,0.08,00,00,03,00
Municipality_Measure_Costs,00_00_03_00,D&Wp,average,60,132.55,0.24,00,00,03,00
Municipality_Measure_Costs,00_00_03_00,D&Wp,average,100,228.92,0.32,00,00,03,00
Municipality_Measure_Costs,00_00_03_00,G,average,20,26.85,0.08,00,00,03,00
Municipality_Measure_Costs,00_00_03_00,G,average,60,126.87,0.23,00,00,03,00
Municipality_Measure_Costs,00_00_03_00,G,average,100,228.72,0.32,00,00,03,00
Municipality_Measure_Costs,00_00_03_00,G&Wp,average,20,26.85,0.08,00,00,03,00
Municipality_Measure_Costs,00_00_03_00,G&Wp,average,60,138.15,0.25,00,00,03,00
Municipality_Measure_Costs,00_00_03_00,G&Wp,average,100,228.99,0.32,00,00,03,00
Municipality_Measure_Costs,00_00_03_00,Wp,average,20,26.85,0.08,00,00,03,00
Municipality_Measure_Costs,00_00_03_00,Wp,average,60,149.42,0.27,00,00,03,00
Municipality_Measure_Costs,00_00_03_00,Wp,average,100,229.27,0.32,00,00,03,00
Municipality_Measure_Costs,00_00_03_01,D,average,20,26.85,0.08,00,00,03,01
Municipality_Measure_Costs,00_00_03_01,D,average,60,115.67,0.21,00,00,03,01
Municipality_Measure_Costs,00_00_03_01,D,average,100,228.57,0.32,00,00,03,01
Municipality_Measure_Costs,00_00_03_01,D&G,average,20,26.85,0.08,00,00,03,01
Municipality_Measure_Costs,00_00_03_01,D&G,average,60,121.27,0.22,00,00,03,01
Municipality_Measure_Costs,00_00_03_01,D&G,average,100,228.64,0.32,00,00,03,01
Municipality_Measure_Costs,00_00_03_01,D&G&Wp,average,20,26.85,0.08,00,00,03,01
Municipality_Measure_Costs,00_00_03_01,D&G&Wp,average,60,130.65,0.24,00,00,03,01
Municipality_Measure_Costs,00_00_03_01,D&G&Wp,average,100,228.85,0.32,00,00,03,01
Municipality_Measure_Costs,00_00_03_01,D&Wp,average,20,26.85,0.08,00,00,03,01
Municipality_Measure_Costs,00_00_03_01,D&Wp,average,60,132.55,0.24,00,00,03,01
Municipality_Measure_Costs,00_00_03_01,D&Wp,average,100,228.92,0.32,00,00,03,01
Municipality_Measure_Costs,00_00_03_01,G,average,20,26.85,0.08,00,00,03,01
Municipality_Measure_Costs,00_00_03_01,G,average,60,126.87,0.23,00,00,03,01
Municipality_Measure_Costs,00_00_03_01,G,average,100,228.72,0.32,00,00,03,01
Municipality_Measure_Costs,00_00_03_01,G&Wp,average,20,26.85,0.08,00,00,03,01
Municipality_Measure_Costs,00_00_03_01,G&Wp,average,60,138.15,0.25,00,00,03,01
Municipality_Measure_Costs,00_00_03_01,G&Wp,average,100,228.99,0.32,00,00,03,01
Municipality_Measure_Costs,00_00_03_01,Wp,average,20,26.85,0.08,00,00,03,01
Municipality_Measure_Costs,00_00_03_01,Wp,average,60,149.42,0.27,00,00,03,01
Municipality_Measure_Costs,00_00_03_01,Wp,average,100,229.27,0.32,00,00,03,01
Municipality_Measure_Costs,00_00_03_02,D,average,20,26.85,0.08,00,00,03,02
Municipality_Measure_Costs,00_00_03_02,D,average,60,115.67,0.21,00,00,03,02
Municipality_Measure_Costs,00_00_03_02,D,average,100,228.57,0.32,00,00,03,02
Municipality_Measure_Costs,00_00_03_02,D&G,average,20,26.85,0.08,00,00,03,02
Municipality_Measure_Costs,00_00_03_02,D&G,average,60,121.27,0.22,00,00,03,02
Municipality_Measure_Costs,00_00_03_02,D&G,average,100,228.64,0.32,00,00,03,02
Municipality_Measure_Costs,00_00_03_02,D&G&Wp,average,20,26.85,0.08,00,00,03,02
Municipality_Measure_Costs,00_00_03_02,D&G&Wp,average,60,130.65,0.24,00,00,03,02
Municipality_Measure_Costs,00_00_03_02,D&G&Wp,average,100,228.85,0.32,00,00,03,02
Municipality_Measure_Costs,00_00_03_02,D&Wp,average,20,26.85,0.08,00,00,03,02
Municipality_Measure_Costs,00_00_03_02,D&Wp,average,60,132.55,0.24,00,00,03,02
Municipality_Measure_Costs,00_00_03_02,D&Wp,average,100,228.92,0.32,00,00,03,02
Municipality_Measure_Costs,00_00_03_02,G,average,20,26.85,0.08,00,00,03,02
Municipality_Measure_Costs,00_00_03_02,G,average,60,126.87,0.23,00,00,03,02
Municipality_Measure_Costs,00_00_03_02,G,average,100,228.72,0.32,00,00,03,02
Municipality_Measure_Costs,00_00_03_02,G&Wp,average,20,26.85,0.08,00,00,03,02
Municipality_Measure_Costs,00_00_03_02,G&Wp,average,60,138.15,0.25,00,00,03,02
Municipality_Measure_Costs,00_00_03_02,G&Wp,average,100,228.99,0.32,00,00,03,02
Municipality_Measure_Costs,00_00_03_02,Wp,average,20,26.85,0.08,00,00,03,02
Municipality_Measure_Costs,00_00_03_02,Wp,average,60,149.42,0.27,00,00,03,02
Municipality_Measure_Costs,00_00_03_02,Wp,average,100,229.27,0.32,00,00,03,02
Municipality_Measure_Costs,00_00_03_04,D,average,20,26.85,0.08,00,00,03,04
Municipality_Measure_Costs,00_00_03_04,D,average,60,115.67,0.21,00,00,03,04
Municipality_Measure_Costs,00_00_03_04,D,average,100,228.57,0.32,00,00,03,04
Municipality_Measure_Costs,00_00_03_04,D&G,average,20,26.85,0.08,00,00,03,04
Municipality_Measure_Costs,00_00_03_04,D&G,average,60,121.27,0.22,00,00,03,04
Municipality_Measure_Costs,00_00_03_04,D&G,average,100,228.64,0.32,00,00,03,04
Municipality_Measure_Costs,00_00_03_04,D&G&Wp,average,20,26.85,0.08,00,00,03,04
Municipality_Measure_Costs,00_00_03_04,D&G&Wp,average,60,130.65,0.24,00,00,03,04
Municipality_Measure_Costs,00_00_03_04,D&G&Wp,average,100,228.85,0.32,00,00,03,04
Municipality_Measure_Costs,00_00_03_04,D&Wp,average,20,26.85,0.08,00,00,03,04
Municipality_Measure_Costs,00_00_03_04,D&Wp,average,60,132.55,0.24,00,00,03,04
Municipality_Measure_Costs,00_00_03_04,D&Wp,average,100,228.92,0.32,00,00,03,04
Municipality_Measure_Costs,00_00_03_04,G,average,20,26.85,0.08,00,00,03,04
Municipality_Measure_Costs,00_00_03_04,G,average,60,126.87,0.23,00,00,03,04
Municipality_Measure_Costs,00_00_03_04,G,average,100,228.72,0.32,00,00,03,04
Municipality_Measure_Costs,00_00_03_04,G&Wp,average,20,26.85,0.08,00,00,03,04
Municipality_Measure_Costs,00_00_03_04,G&Wp,average,60,138.15,0.25,00,00,03,04
Municipality_Measure_Costs,00_00_03_04,G&Wp,average,100,228.99,0.32,00,00,03,04
Municipality_Measure_Costs,00_00_03_04,Wp,average,20,26.85,0.08,00,00,03,04
Municipality_Measure_Costs,00_00_03_04,Wp,average,60,149.42,0.27,00,00,03,04
Municipality_Measure_Costs,00_00_03_04,Wp,average,100,229.27,0.32,00,00,03,04
Municipality_Measure_Costs,00_00_03_05,D,average,20,26.85,0.08,00,00,03,05
Municipality_Measure_Costs,00_00_03_05,D,average,60,115.67,0.21,00,00,03,05
Municipality_Measure_Costs,00_00_03_05,D,average,100,228.57,0.32,00,00,03,05
Municipality_Measure_Costs,00_00_03_05,D&G,average,20,26.85,0.08,00,00,03,05
Municipality_Measure_Costs,00_00_03_05,D&G,average,60,121.27,0.22,00,00,03,05
Municipality_Measure_Costs,00_00_03_05,D&G,average,100,228.64,0.32,00,00,03,05
Municipality_Measure_Costs,00_00_03_05,D&G&Wp,average,20,26.85,0.08,00,00,03,05
Municipality_Measure_Costs,00_00_03_05,D&G&Wp,average,60,130.65,0.24,00,00,03,05
Municipality_Measure_Costs,00_00_03_05,D&G&Wp,average,100,228.85,0.32,00,00,03,05
Municipality_Measure_Costs,00_00_03_05,D&Wp,average,20,26.85,0.08,00,00,03,05
Municipality_Measure_Costs,00_00_03_05,D&Wp,average,60,132.55,0.24,00,00,03,05
Municipality_Measure_Costs,00_00_03_05,D&Wp,average,100,228.92,0.32,00,00,03,05
Municipality_Measure_Costs,00_00_03_05,G,average,20,26.85,0.08,00,00,03,05
Municipality_Measure_Costs,00_00_03_05,G,average,60,126.87,0.23,00,00,03,05
Municipality_Measure_Costs,00_00_03_05,G,average,100,228.72,0.32,00,00,03,05
Municipality_Measure_Costs,00_00_03_05,G&Wp,average,20,26.85,0.08,00,00,03,05
Municipality_Measure_Costs,00_00_03_05,G&Wp,average,60,138.15,0.25,00,00,03,05
Municipality_Measure_Costs,00_00_03_05,G&Wp,average,100,228.99,0.32,00,00,03,05
Municipality_Measure_Costs,00_00_03_05,Wp,average,20,26.85,0.08,00,00,03,05
Municipality_Measure_Costs,00_00_03_05,Wp,average,60,149.42,0.27,00,00,03,05
Municipality_Measure_Costs,00_00_03_05,Wp,average,100,229.27,0.32,00,00,03,05
Municipality_Measure_Costs,00_00_03_07,D,average,20,26.85,0.08,00,00,03,07
Municipality_Measure_Costs,00_00_03_07,D,average,60,115.67,0.21,00,00,03,07
Municipality_Measure_Costs,00_00_03_07,D,average,100,228.57,0.32,00,00,03,07
Municipality_Measure_Costs,00_00_03_07,D&G,average,20,26.85,0.08,00,00,03,07
Municipality_Measure_Costs,00_00_03_07,D&G,average,60,121.27,0.22,00,00,03,07
Municipality_Measure_Costs,00_00_03_07,D&G,average,100,228.64,0.32,00,00,03,07
Municipality_Measure_Costs,00_00_03_07,D&G&Wp,average,20,26.85,0.08,00,00,03,07
Municipality_Measure_Costs,00_00_03_07,D&G&Wp,average,60,130.65,0.24,00,00,03,07
Municipality_Measure_Costs,00_00_03_07,D&G&Wp,average,100,228.85,0.32,00,00,03,07
Municipality_Measure_Costs,00_00_03_07,D&Wp,average,20,26.85,0.08,00,00,03,07
Municipality_Measure_Costs,00_00_03_07,D&Wp,average,60,132.55,0.24,00,00,03,07
Municipality_Measure_Costs,00_00_03_07,D&Wp,average,100,228.92,0.32,00,00,03,07
Municipality_Measure_Costs,00_00_03_07,G,average,20,26.85,0.08,00,00,03,07
Municipality_Measure_Costs,00_00_03_07,G,average,60,126.87,0.23,00,00,03,07
Municipality_Measure_Costs,00_00_03_07,G,average,100,228.72,0.32,00,00,03,07
Municipality_Measure_Costs,00_00_03_07,G&Wp,average,20,26.85,0.08,00,00,03,07
Municipality_Measure_Costs,00_00_03_07,G&Wp,average,60,138.15,0.25,00,00,03,07
Municipality_Measure_Costs,00_00_03_07,G&Wp,average,100,228.99,0.32,00,00,03,07
Municipality_Measure_Costs,00_00_03_07,Wp,average,20,26.85,0.08,00,00,03,07
Municipality_Measure_Costs,00_00_03_07,Wp,average,60,149.42,0.27,00,00,03,07
Municipality_Measure_Costs,00_00_03_07,Wp,average,100,229.27,0.32,00,00,03,07
Municipality_Measure_Costs,00_00_03_08,D,average,20,26.85,0.08,00,00,03,08
Municipality_Measure_Costs,00_00_03_08,D,average,60,115.67,0.21,00,00,03,08
Municipality_Measure_Costs,00_00_03_08,D,average,100,228.57,0.32,00,00,03,08
Municipality_Measure_Costs,00_00_03_08,D&G,average,20,26.85,0.08,00,00,03,08
Municipality_Measure_Costs,00_00_03_08,D&G,average,60,121.27,0.22,00,00,03,08
Municipality_Measure_Costs,00_00_03_08,D&G,average,100,228.64,0.32,00,00,03,08
Municipality_Measure_Costs,00_00_03_08,D&G&Wp,average,20,26.85,0.08,00,00,03,08
Municipality_Measure_Costs,00_00_03_08,D&G&Wp,average,60,130.65,0.24,00,00,03,08
Municipality_Measure_Costs,00_00_03_08,D&G&Wp,average,100,228.85,0.32,00,00,03,08
Municipality_Measure_Costs,00_00_03_08,D&Wp,average,20,26.85,0.08,00,00,03,08
Municipality_Measure_Costs,00_00_03_08,D&Wp,average,60,132.55,0.24,00,00,03,08
Municipality_Measure_Costs,00_00_03_08,D&Wp,average,100,228.92,0.32,00,00,03,08
Municipality_Measure_Costs,00_00_03_08,G,average,20,26.85,0.08,00,00,03,08
Municipality_Measure_Costs,00_00_03_08,G,average,60,126.87,0.23,00,00,03,08
Municipality_Measure_Costs,00_00_03_08,G,average,100,228.72,0.32,00,00,03,08
Municipality_Measure_Costs,00_00_03_08,G&Wp,average,20,26.85,0.08,00,00,03,08
Municipality_Measure_Costs,00_00_03_08,G&Wp,average,60,138.15,0.25,00,00,03,08
Municipality_Measure_Costs,00_00_03_08,G&Wp,average,100,228.99,0.32,00,00,03,08
Municipality_Measure_Costs,00_00_03_08,Wp,average,20,26.85,0.08,00,00,03,08
Municipality_Measure_Costs,00_00_03_08,Wp,average,60,149.42,0.27,00,00,03,08
Municipality_Measure_Costs,00_00_03_08,Wp,average,100,229.27,0.32,00,00,03,08
Municipality_Measure_Costs,00_00_03_09,D,average,20,26.85,0.08,00,00,03,09
Municipality_Measure_Costs,00_00_03_09,D,average,60,115.67,0.21,00,00,03,09
Municipality_Measure_Costs,00_00_03_09,D,average,100,228.57,0.32,00,00,03,09
Municipality_Measure_Costs,00_00_03_09,D&G,average,20,26.85,0.08,00,00,03,09
Municipality_Measure_Costs,00_00_03_09,D&G,average,60,121.27,0.22,00,00,03,09
Municipality_Measure_Costs,00_00_03_09,D&G,average,100,228.64,0.32,00,00,03,09
Municipality_Measure_Costs,00_00_03_09,D&G&Wp,average,20,26.85,0.08,00,00,03,09
Municipality_Measure_Costs,00_00_03_09,D&G&Wp,average,60,130.65,0.24,00,00,03,09
Municipality_Measure_Costs,00_00_03_09,D&G&Wp,average,100,228.85,0.32,00,00,03,09
Municipality_Measure_Costs,00_00_03_09,D&Wp,average,20,26.85,0.08,00,00,03,09
Municipality_Measure_Costs,00_00_03_09,D&Wp,average,60,132.55,0.24,00,00,03,09
Municipality_Measure_Costs,00_00_03_09,D&Wp,average,100,228.92,0.32,00,00,03,09
Municipality_Measure_Costs,00_00_03_09,G,average,20,26.85,0.08,00,00,03,09
Municipality_Measure_Costs,00_00_03_09,G,average,60,126.87,0.23,00,00,03,09
Municipality_Measure_Costs,00_00_03_09,G,average,100,228.72,0.32,00,00,03,09
Municipality_Measure_Costs,00_00_03_09,G&Wp,average,20,26.85,0.08,00,00,03,09
Municipality_Measure_Costs,00_00_03_09,G&Wp,average,60,138.15,0.25,00,00,03,09
Municipality_Measure_Costs,00_00_03_09,G&Wp,average,100,228.99,0.32,00,00,03,09
Municipality_Measure_Costs,00_00_03_09,Wp,average,20,26.85,0.08,00,00,03,09
Municipality_Measure_Costs,00_00_03_09,Wp,average,60,149.42,0.27,00,00,03,09
Municipality_Measure_Costs,00_00_03_09,Wp,average,100,229.27,0.32,00,00,03,09
Municipality_Measure_Costs,00_00_05_00,D,average,20,56.0,0.17,00,00,05,00
Municipality_Measure_Costs,00_00_05_00,D,average,60,140.4,0.26,00,00,05,00
Municipality_Measure_Costs,00_00_05_00,D,average,100,154.6,0.21,00,00,05,00
Municipality_Measure_Costs,00_00_05_00,D&G,average,20,56.0,0.17,00,00,05,00
Municipality_Measure_Costs,00_00_05_00,D&G,average,60,140.4,0.26,00,00,05,00
Municipality_Measure_Costs,00_00_05_00,D&G,average,100,154.6,0.21,00,00,05,00
Municipality_Measure_Costs,00_00_05_00,D&G&Wp,average,20,56.0,0.17,00,00,05,00
Municipality_Measure_Costs,00_00_05_00,D&G&Wp,average,60,140.4,0.26,00,00,05,00
Municipality_Measure_Costs,00_00_05_00,D&G&Wp,average,100,154.6,0.21,00,00,05,00
Municipality_Measure_Costs,00_00_05_00,D&Wp,average,20,56.0,0.17,00,00,05,00
Municipality_Measure_Costs,00_00_05_00,D&Wp,average,60,140.4,0.26,00,00,05,00
Municipality_Measure_Costs,00_00_05_00,D&Wp,average,100,154.6,0.21,00,00,05,00
Municipality_Measure_Costs,00_00_05_00,G,average,20,56.0,0.17,00,00,05,00
Municipality_Measure_Costs,00_00_05_00,G,average,60,140.4,0.26,00,00,05,00
Municipality_Measure_Costs,00_00_05_00,G,average,100,154.6,0.21,00,00,05,00
Municipality_Measure_Costs,00_00_05_00,G&Wp,average,20,56.0,0.17,00,00,05,00
Municipality_Measure_Costs,00_00_05_00,G&Wp,average,60,140.4,0.26,00,00,05,00
Municipality_Measure_Costs,00_00_05_00,G&Wp,average,100,154.6,0.21,00,00,05,00
Municipality_Measure_Costs,00_00_05_00,Wp,average,20,56.0,0.17,00,00,05,00
Municipality_Measure_Costs,00_00_05_00,Wp,average,60,140.4,0.26,00,00,05,00
Municipality_Measure_Costs,00_00_05_00,Wp,average,100,154.6,0.21,00,00,05,00
Municipality_Measure_Costs,00_00_05_01,D,average,20,56.0,0.17,00,00,05,01
Municipality_Measure_Costs,00_00_05_01,D,average,60,140.4,0.26,00,00,05,01
Municipality_Measure_Costs,00_00_05_01,D,average,100,154.6,0.21,00,00,05,01
Municipality_Measure_Costs,00_00_05_01,D&G,average,20,56.0,0.17,00,00,05,01
Municipality_Measure_Costs,00_00_05_01,D&G,average,60,140.4,0.26,00,00,05,01
Municipality_Measure_Costs,00_00_05_01,D&G,average,100,154.6,0.21,00,00,05,01
Municipality_Measure_Costs,00_00_05_01,D&G&Wp,average,20,56.0,0.17,00,00,05,01
Municipality_Measure_Costs,00_00_05_01,D&G&Wp,average,60,140.4,0.26,00,00,05,01
Municipality_Measure_Costs,00_00_05_01,D&G&Wp,average,100,154.6,0.21,00,00,05,01
Municipality_Measure_Costs,00_00_05_01,D&Wp,average,20,56.0,0.17,00,00,05,01
Municipality_Measure_Costs,00_00_05_01,D&Wp,average,60,140.4,0.26,00,00,05,01
Municipality_Measure_Costs,00_00_05_01,D&Wp,average,100,154.6,0.21,00,00,05,01
Municipality_Measure_Costs,00_00_05_01,G,average,20,56.0,0.17,00,00,05,01
Municipality_Measure_Costs,00_00_05_01,G,average,60,140.4,0.26,00,00,05,01
Municipality_Measure_Costs,00_00_05_01,G,average,100,154.6,0.21,00,00,05,01
Municipality_Measure_Costs,00_00_05_01,G&Wp,average,20,56.0,0.17,00,00,05,01
Municipality_Measure_Costs,00_00_05_01,G&Wp,average,60,140.4,0.26,00,00,05,01
Municipality_Measure_Costs,00_00_05_01,G&Wp,average,100,154.6,0.21,00,00,05,01
Municipality_Measure_Costs,00_00_05_01,Wp,average,20,56.0,0.17,00,00,05,01
Municipality_Measure_Costs,00_00_05_01,Wp,average,60,140.4,0.26,00,00,05,01
Municipality_Measure_Costs,00_00_05_01,Wp,average,100,154.6,0.21,00,00,05,01
Municipality_Measure_Costs,00_00_05_02,D,average,20,56.0,0.17,00,00,05,02
Municipality_Measure_Costs,00_00_05_02,D,average,60,140.4,0.26,00,00,05,02
Municipality_Measure_Costs,00_00_05_02,D,average,100,154.6,0.21,00,00,05,02
Municipality_Measure_Costs,00_00_05_02,D&G,average,20,56.0,0.17,00,00,05,02
Municipality_Measure_Costs,00_00_05_02,D&G,average,60,140.4,0.26,00,00,05,02
Municipality_Measure_Costs,00_00_05_02,D&G,average,100,154.6,0.21,00,00,05,02
Municipality_Measure_Costs,00_00_05_02,D&G&Wp,average,20,56.0,0.17,00,00,05,02
Municipality_Measure_Costs,00_00_05_02,D&G&Wp,average,60,140.4,0.26,00,00,05,02
Municipality_Measure_Costs,00_00_05_02,D&G&Wp,average,100,154.6,0.21,00,00,05,02
Municipality_Measure_Costs,00_00_05_02,D&Wp,average,20,56.0,0.17,00,00,05,02
Municipality_Measure_Costs,00_00_05_02,D&Wp,average,60,140.4,0.26,00,00,05,02
Municipality_Measure_Costs,00_00_05_02,D&Wp,average,100,154.6,0.21,00,00,05,02
Municipality_Measure_Costs,00_00_05_02,G,average,20,56.0,0.17,00,00,05,02
Municipality_Measure_Costs,00_00_05_02,G,average,60,140.4,0.26,00,00,05,02
Municipality_Measure_Costs,00_00_05_02,G,average,100,154.6,0.21,00,00,05,02
Municipality_Measure_Costs,00_00_05_02,G&Wp,average,20,56.0,0.17,00,00,05,02
Municipality_Measure_Costs,00_00_05_02,G&Wp,average,60,140.4,0.26,00,00,05,02
Municipality_Measure_Costs,00_00_05_02,G&Wp,average,100,154.6,0.21,00,00,05,02
Municipality_Measure_Costs,00_00_05_02,Wp,average,20,56.0,0.17,00,00,05,02
Municipality_Measure_Costs,00_00_05_02,Wp,average,60,140.4,0.26,00,00,05,02
Municipality_Measure_Costs,00_00_05_02,Wp,average,100,154.6,0.21,00,00,05,02
Municipality_Measure_Costs,00_00_05_04,D,average,20,56.0,0.17,00,00,05,04
Municipality_Measure_Costs,00_00_05_04,D,average,60,140.4,0.26,00,00,05,04
Municipality_Measure_Costs,00_00_05_04,D,average,100,154.6,0.21,00,00,05,04
Municipality_Measure_Costs,00_00_05_04,D&G,average,20,56.0,0.17,00,00,05,04
Municipality_Measure_Costs,00_00_05_04,D&G,average,60,140.4,0.26,00,00,05,04
Municipality_Measure_Costs,00_00_05_04,D&G,average,100,154.6,0.21,00,00,05,04
Municipality_Measure_Costs,00_00_05_04,D&G&Wp,average,20,56.0,0.17,00,00,05,04
Municipality_Measure_Costs,00_00_05_04,D&G&Wp,average,60,140.4,0.26,00,00,05,04
Municipality_Measure_Costs,00_00_05_04,D&G&Wp,average,100,154.6,0.21,00,00,05,04
Municipality_Measure_Costs,00_00_05_04,D&Wp,average,20,56.0,0.17,00,00,05,04
Municipality_Measure_Costs,00_00_05_04,D&Wp,average,60,140.4,0.26,00,00,05,04
Municipality_Measure_Costs,00_00_05_04,D&Wp,average,100,154.6,0.21,00,00,05,04
Municipality_Measure_Costs,00_00_05_04,G,average,20,56.0,0.17,00,00,05,04
Municipality_Measure_Costs,00_00_05_04,G,average,60,140.4,0.26,00,00,05,04
Municipality_Measure_Costs,00_00_05_04,G,average,100,154.6,0.21,00,00,05,04
Municipality_Measure_Costs,00_00_05_04,G&Wp,average,20,56.0,0.17,00,00,05,04
Municipality_Measure_Costs,00_00_05_04,G&Wp,average,60,140.4,0.26,00,00,05,04
Municipality_Measure_Costs,00_00_05_04,G&Wp,average,100,154.6,0.21,00,00,05,04
Municipality_Measure_Costs,00_00_05_04,Wp,average,20,56.0,0.17,00,00,05,04
Municipality_Measure_Costs,00_00_05_04,Wp,average,60,140.4,0.26,00,00,05,04
Municipality_Measure_Costs,00_00_05_04,Wp,average,100,154.6,0.21,00,00,05,04
Municipality_Measure_Costs,00_00_05_05,D,average,20,56.0,0.17,00,00,05,05
Municipality_Measure_Costs,00_00_05_05,D,average,60,140.4,0.26,00,00,05,05
Municipality_Measure_Costs,00_00_05_05,D,average,100,154.6,0.21,00,00,05,05
Municipality_Measure_Costs,00_00_05_05,D&G,average,20,56.0,0.17,00,00,05,05
Municipality_Measure_Costs,00_00_05_05,D&G,average,60,140.4,0.26,00,00,05,05
Municipality_Measure_Costs,00_00_05_05,D&G,average,100,154.6,0.21,00,00,05,05
Municipality_Measure_Costs,00_00_05_05,D&G&Wp,average,20,56.0,0.17,00,00,05,05
Municipality_Measure_Costs,00_00_05_05,D&G&Wp,average,60,140.4,0.26,00,00,05,05
Municipality_Measure_Costs,00_00_05_05,D&G&Wp,average,100,154.6,0.21,00,00,05,05
Municipality_Measure_Costs,00_00_05_05,D&Wp,average,20,56.0,0.17,00,00,05,05
Municipality_Measure_Costs,00_00_05_05,D&Wp,average,60,140.4,0.26,00,00,05,05
Municipality_Measure_Costs,00_00_05_05,D&Wp,average,100,154.6,0.21,00,00,05,05
Municipality_Measure_Costs,00_00_05_05,G,average,20,56.0,0.17,00,00,05,05
Municipality_Measure_Costs,00_00_05_05,G,average,60,140.4,0.26,00,00,05,05
Municipality_Measure_Costs,00_00_05_05,G,average,100,154.6,0.21,00,00,05,05
Municipality_Measure_Costs,00_00_05_05,G&Wp,average,20,56.0,0.17,00,00,05,05
Municipality_Measure_Costs,00_00_05_05,G&Wp,average,60,140.4,0.26,00,00,05,05
Municipality_Measure_Costs,00_00_05_05,G&Wp,average,100,154.6,0.21,00,00,05,05
Municipality_Measure_Costs,00_00_05_05,Wp,average,20,56.0,0.17,00,00,05,05
Municipality_Measure_Costs,00_00_05_05,Wp,average,60,140.4,0.26,00,00,05,05
Municipality_Measure_Costs,00_00_05_05,Wp,average,100,154.6,0.21,00,00,05,05
Municipality_Measure_Costs,00_00_05_07,D,average,20,56.0,0.17,00,00,05,07
Municipality_Measure_Costs,00_00_05_07,D,average,60,140.4,0.26,00,00,05,07
Municipality_Measure_Costs,00_00_05_07,D,average,100,154.6,0.21,00,00,05,07
Municipality_Measure_Costs,00_00_05_07,D&G,average,20,56.0,0.17,00,00,05,07
Municipality_Measure_Costs,00_00_05_07,D&G,average,60,140.4,0.26,00,00,05,07
Municipality_Measure_Costs,00_00_05_07,D&G,average,100,154.6,0.21,00,00,05,07
Municipality_Measure_Costs,00_00_05_07,D&G&Wp,average,20,56.0,0.17,00,00,05,07
Municipality_Measure_Costs,00_00_05_07,D&G&Wp,average,60,140.4,0.26,00,00,05,07
Municipality_Measure_Costs,00_00_05_07,D&G&Wp,average,100,154.6,0.21,00,00,05,07
Municipality_Measure_Costs,00_00_05_07,D&Wp,average,20,56.0,0.17,00,00,05,07
Municipality_Measure_Costs,00_00_05_07,D&Wp,average,60,140.4,0.26,00,00,05,07
Municipality_Measure_Costs,00_00_05_07,D&Wp,average,100,154.6,0.21,00,00,05,07
Municipality_Measure_Costs,00_00_05_07,G,average,20,56.0,0.17,00,00,05,07
Municipality_Measure_Costs,00_00_05_07,G,average,60,140.4,0.26,00,00,05,07
Municipality_Measure_Costs,00_00_05_07,G,average,100,154.6,0.21,00,00,05,07
Municipality_Measure_Costs,00_00_05_07,G&Wp,average,20,56.0,0.17,00,00,05,07
Municipality_Measure_Costs,00_00_05_07,G&Wp,average,60,140.4,0.26,00,00,05,07
Municipality_Measure_Costs,00_00_05_07,G&Wp,average,100,154.6,0.21,00,00,05,07
Municipality_Measure_Costs,00_00_05_07,Wp,average,20,56.0,0.17,00,00,05,07
Municipality_Measure_Costs,00_00_05_07,Wp,average,60,140.4,0.26,00,00,05,07
Municipality_Measure_Costs,00_00_05_07,Wp,average,100,154.6,0.21,00,00,05,07
Municipality_Measure_Costs,00_00_05_08,D,average,20,56.0,0.17,00,00,05,08
Municipality_Measure_Costs,00_00_05_08,D,average,60,140.4,0.26,00,00,05,08
Municipality_Measure_Costs,00_00_05_08,D,average,100,154.6,0.21,00,00,05,08
Municipality_Measure_Costs,00_00_05_08,D&G,average,20,56.0,0.17,00,00,05,08
Municipality_Measure_Costs,00_00_05_08,D&G,average,60,140.4,0.26,00,00,05,08
Municipality_Measure_Costs,00_00_05_08,D&G,average,100,154.6,0.21,00,00,05,08
Municipality_Measure_Costs,00_00_05_08,D&G&Wp,average,20,56.0,0.17,00,00,05,08
Municipality_Measure_Costs,00_00_05_08,D&G&Wp,average,60,140.4,0.26,00,00,05,08
Municipality_Measure_Costs,00_00_05_08,D&G&Wp,average,100,154.6,0.21,00,00,05,08
Municipality_Measure_Costs,00_00_05_08,D&Wp,average,20,56.0,0.17,00,00,05,08
Municipality_Measure_Costs,00_00_05_08,D&Wp,average,60,140.4,0.26,00,00,05,08
Municipality_Measure_Costs,00_00_05_08,D&Wp,average,100,154.6,0.21,00,00,05,08
Municipality_Measure_Costs,00_00_05_08,G,average,20,56.0,0.17,00,00,05,08
Municipality_Measure_Costs,00_00_05_08,G,average,60,140.4,0.26,00,00,05,08
Municipality_Measure_Costs,00_00_05_08,G,average,100,154.6,0.21,00,00,05,08
Municipality_Measure_Costs,00_00_05_08,G&Wp,average,20,56.0,0.17,00,00,05,08
Municipality_Measure_Costs,00_00_05_08,G&Wp,average,60,140.4,0.26,00,00,05,08
Municipality_Measure_Costs,00_00_05_08,G&Wp,average,100,154.6,0.21,00,00,05,08
Municipality_Measure_Costs,00_00_05_08,Wp,average,20,56.0,0.17,00,00,05,08
Municipality_Measure_Costs,00_00_05_08,Wp,average,60,140.4,0.26,00,00,05,08
Municipality_Measure_Costs,00_00_05_08,Wp,average,100,154.6,0.21,00,00,05,08
Municipality_Measure_Costs,00_00_05_09,D,average,20,56.0,0.17,00,00,05,09
Municipality_Measure_Costs,00_00_05_09,D,average,60,140.4,0.26,00,00,05,09
Municipality_Measure_Costs,00_00_05_09,D,average,100,154.6,0.21,00,00,05,09
Municipality_Measure_Costs,00_00_05_09,D&G,average,20,56.0,0.17,00,00,05,09
Municipality_Measure_Costs,00_00_05_09,D&G,average,60,140.4,0.26,00,00,05,09
Municipality_Measure_Costs,00_00_05_09,D&G,average,100,154.6,0.21,00,00,05,09
Municipality_Measure_Costs,00_00_05_09,D&G&Wp,average,20,56.0,0.17,00,00,05,09
Municipality_Measure_Costs,00_00_05_09,D&G&Wp,average,60,140.4,0.26,00,00,05,09
Municipality_Measure_Costs,00_00_05_09,D&G&Wp,average,100,154.6,0.21,00,00,05,09
Municipality_Measure_Costs,00_00_05_09,D&Wp,average,20,56.0,0.17,00,00,05,09
Municipality_Measure_Costs,00_00_05_09,D&Wp,average,60,140.4,0.26,00,00,05,09
Municipality_Measure_Costs,00_00_05_09,D&Wp,average,100,154.6,0.21,00,00,05,09
Municipality_Measure_Costs,00_00_05_09,G,average,20,56.0,0.17,00,00,05,09
Municipality_Measure_Costs,00_00_05_09,G,average,60,140.4,0.26,00,00,05,09
Municipality_Measure_Costs,00_00_05_09,G,average,100,154.6,0.21,00,00,05,09
Municipality_Measure_Costs,00_00_05_09,G&Wp,average,20,56.0,0.17,00,00,05,09
Municipality_Measure_Costs,00_00_05_09,G&Wp,average,60,140.4,0.26,00,00,05,09
Municipality_Measure_Costs,00_00_05_09,G&Wp,average,100,154.6,0.21,00,00,05,09
Municipality_Measure_Costs,00_00_05_09,Wp,average,20,56.0,0.17,00,00,05,09
Municipality_Measure_Costs,00_00_05_09,Wp,average,60,140.4,0.26,00,00,05,09
Municipality_Measure_Costs,00_00_05_09,Wp,average,100,154.6,0.21,00,00,05,09
Municipality_Measure_Costs,00_00_07_00,D,average,20,145.7,0.44,00,00,07,00
Municipality_Measure_Costs,00_00_07_00,D,average,60,358.6,0.65,00,00,07,00
Municipality_Measure_Costs,00_00_07_00,D,average,100,381.0,0.53,00,00,07,00
Municipality_Measure_Costs,00_00_07_00,D&G,average,20,145.7,0.44,00,00,07,00
Municipality_Measure_Costs,00_00_07_00,D&G,average,60,358.6,0.65,00,00,07,00
Municipality_Measure_Costs,00_00_07_00,D&G,average,100,381.0,0.53,00,00,07,00
Municipality_Measure_Costs,00_00_07_00,D&G&Wp,average,20,145.7,0.44,00,00,07,00
Municipality_Measure_Costs,00_00_07_00,D&G&Wp,average,60,358.6,0.65,00,00,07,00
Municipality_Measure_Costs,00_00_07_00,D&G&Wp,average,100,381.0,0.53,00,00,07,00
Municipality_Measure_Costs,00_00_07_00,D&Wp,average,20,145.7,0.44,00,00,07,00
Municipality_Measure_Costs,00_00_07_00,D&Wp,average,60,358.6,0.65,00,00,07,00
Municipality_Measure_Costs,00_00_07_00,D&Wp,average,100,381.0,0.53,00,00,07,00
Municipality_Measure_Costs,00_00_07_00,G,average,20,145.7,0.44,00,00,07,00
Municipality_Measure_Costs,00_00_07_00,G,average,60,358.6,0.65,00,00,07,00
Municipality_Measure_Costs,00_00_07_00,G,average,100,381.0,0.53,00,00,07,00
Municipality_Measure_Costs,00_00_07_00,G&Wp,average,20,145.7,0.44,00,00,07,00
Municipality_Measure_Costs,00_00_07_00,G&Wp,average,60,358.6,0.65,00,00,07,00
Municipality_Measure_Costs,00_00_07_00,G&Wp,average,100,381.0,0.53,00,00,07,00
Municipality_Measure_Costs,00_00_07_00,Wp,average,20,145.7,0.44,00,00,07,00
Municipality_Measure_Costs,00_00_07_00,Wp,average,60,358.6,0.65,00,00,07,00
Municipality_Measure_Costs,00_00_07_00,Wp,average,100,381.0,0.53,00,00,07,00
Municipality_Measure_Costs,00_00_07_01,D,average,20,145.7,0.44,00,00,07,01
Municipality_Measure_Costs,00_00_07_01,D,average,60,358.6,0.65,00,00,07,01
Municipality_Measure_Costs,00_00_07_01,D,average,100,381.0,0.53,00,00,07,01
Municipality_Measure_Costs,00_00_07_01,D&G,average,20,145.7,0.44,00,00,07,01
Municipality_Measure_Costs,00_00_07_01,D&G,average,60,358.6,0.65,00,00,07,01
Municipality_Measure_Costs,00_00_07_01,D&G,average,100,381.0,0.53,00,00,07,01
Municipality_Measure_Costs,00_00_07_01,D&G&Wp,average,20,145.7,0.44,00,00,07,01
Municipality_Measure_Costs,00_00_07_01,D&G&Wp,average,60,358.6,0.65,00,00,07,01
Municipality_Measure_Costs,00_00_07_01,D&G&Wp,average,100,381.0,0.53,00,00,07,01
Municipality_Measure_Costs,00_00_07_01,D&Wp,average,20,145.7,0.44,00,00,07,01
Municipality_Measure_Costs,00_00_07_01,D&Wp,average,60,358.6,0.65,00,00,07,01
Municipality_Measure_Costs,00_00_07_01,D&Wp,average,100,381.0,0.53,00,00,07,01
Municipality_Measure_Costs,00_00_07_01,G,average,20,145.7,0.44,00,00,07,01
Municipality_Measure_Costs,00_00_07_01,G,average,60,358.6,0.65,00,00,07,01
Municipality_Measure_Costs,00_00_07_01,G,average,100,381.0,0.53,00,00,07,01
Municipality_Measure_Costs,00_00_07_01,G&Wp,average,20,145.7,0.44,00,00,07,01
Municipality_Measure_Costs,00_00_07_01,G&Wp,average,60,358.6,0.65,00,00,07,01
Municipality_Measure_Costs,00_00_07_01,G&Wp,average,100,381.0,0.53,00,00,07,01
Municipality_Measure_Costs,00_00_07_01,Wp,average,20,145.7,0.44,00,00,07,01
Municipality_Measure_Costs,00_00_07_01,Wp,average,60,358.6,0.65,00,00,07,01
Municipality_Measure_Costs,00_00_07_01,Wp,average,100,381.0,0.53,00,00,07,01
Municipality_Measure_Costs,00_00_07_02,D,average,20,145.7,0.44,00,00,07,02
Municipality_Measure_Costs,00_00_07_02,D,average,60,358.6,0.65,00,00,07,02
Municipality_Measure_Costs,00_00_07_02,D,average,100,381.0,0.53,00,00,07,02
Municipality_Measure_Costs,00_00_07_02,D&G,average,20,145.7,0.44,00,00,07,02
Municipality_Measure_Costs,00_00_07_02,D&G,average,60,358.6,0.65,00,00,07,02
Municipality_Measure_Costs,00_00_07_02,D&G,average,100,381.0,0.53,00,00,07,02
Municipality_Measure_Costs,00_00_07_02,D&G&Wp,average,20,145.7,0.44,00,00,07,02
Municipality_Measure_Costs,00_00_07_02,D&G&Wp,average,60,358.6,0.65,00,00,07,02
Municipality_Measure_Costs,00_00_07_02,D&G&Wp,average,100,381.0,0.53,00,00,07,02
Municipality_Measure_Costs,00_00_07_02,D&Wp,average,20,145.7,0.44,00,00,07,02
Municipality_Measure_Costs,00_00_07_02,D&Wp,average,60,358.6,0.65,00,00,07,02
Municipality_Measure_Costs,00_00_07_02,D&Wp,average,100,381.0,0.53,00,00,07,02
Municipality_Measure_Costs,00_00_07_02,G,average,20,145.7,0.44,00,00,07,02
Municipality_Measure_Costs,00_00_07_02,G,average,60,358.6,0.65,00,00,07,02
Municipality_Measure_Costs,00_00_07_02,G,average,100,381.0,0.53,00,00,07,02
Municipality_Measure_Costs,00_00_07_02,G&Wp,average,20,145.7,0.44,00,00,07,02
Municipality_Measure_Costs,00_00_07_02,G&Wp,average,60,358.6,0.65,00,00,07,02
Municipality_Measure_Costs,00_00_07_02,G&Wp,average,100,381.0,0.53,00,00,07,02
Municipality_Measure_Costs,00_00_07_02,Wp,average,20,145.7,0.44,00,00,07,02
Municipality_Measure_Costs,00_00_07_02,Wp,average,60,358.6,0.65,00,00,07,02
Municipality_Measure_Costs,00_00_07_02,Wp,average,100,381.0,0.53,00,00,07,02
Municipality_Measure_Costs,00_00_07_04,D,average,20,145.7,0.44,00,00,07,04
Municipality_Measure_Costs,00_00_07_04,D,average,60,358.6,0.65,00,00,07,04
Municipality_Measure_Costs,00_00_07_04,D,average,100,381.0,0.53,00,00,07,04
Municipality_Measure_Costs,00_00_07_04,D&G,average,20,145.7,0.44,00,00,07,04
Municipality_Measure_Costs,00_00_07_04,D&G,average,60,358.6,0.65,00,00,07,04
Municipality_Measure_Costs,00_00_07_04,D&G,average,100,381.0,0.53,00,00,07,04
Municipality_Measure_Costs,00_00_07_04,D&G&Wp,average,20,145.7,0.44,00,00,07,04
Municipality_Measure_Costs,00_00_07_04,D&G&Wp,average,60,358.6,0.65,00,00,07,04
Municipality_Measure_Costs,00_00_07_04,D&G&Wp,average,100,381.0,0.53,00,00,07,04
Municipality_Measure_Costs,00_00_07_04,D&Wp,average,20,145.7,0.44,00,00,07,04
Municipality_Measure_Costs,00_00_07_04,D&Wp,average,60,358.6,0.65,00,00,07,04
Municipality_Measure_Costs,00_00_07_04,D&Wp,average,100,381.0,0.53,00,00,07,04
Municipality_Measure_Costs,00_00_07_04,G,average,20,145.7,0.44,00,00,07,04
Municipality_Measure_Costs,00_00_07_04,G,average,60,358.6,0.65,00,00,07,04
Municipality_Measure_Costs,00_00_07_04,G,average,100,381.0,0.53,00,00,07,04
Municipality_Measure_Costs,00_00_07_04,G&Wp,average,20,145.7,0.44,00,00,07,04
Municipality_Measure_Costs,00_00_07_04,G&Wp,average,60,358.6,0.65,00,00,07,04
Municipality_Measure_Costs,00_00_07_04,G&Wp,average,100,381.0,0.53,00,00,07,04
Municipality_Measure_Costs,00_00_07_04,Wp,average,20,145.7,0.44,00,00,07,04
Municipality_Measure_Costs,00_00_07_04,Wp,average,60,358.6,0.65,00,00,07,04
Municipality_Measure_Costs,00_00_07_04,Wp,average,100,381.0,0.53,00,00,07,04
Municipality_Measure_Costs,00_00_07_05,D,average,20,145.7,0.44,00,00,07,05
Municipality_Measure_Costs,00_00_07_05,D,average,60,358.6,0.65,00,00,07,05
Municipality_Measure_Costs,00_00_07_05,D,average,100,381.0,0.53,00,00,07,05
Municipality_Measure_Costs,00_00_07_05,D&G,average,20,145.7,0.44,00,00,07,05
Municipality_Measure_Costs,00_00_07_05,D&G,average,60,358.6,0.65,00,00,07,05
Municipality_Measure_Costs,00_00_07_05,D&G,average,100,381.0,0.53,00,00,07,05
Municipality_Measure_Costs,00_00_07_05,D&G&Wp,average,20,145.7,0.44,00,00,07,05
Municipality_Measure_Costs,00_00_07_05,D&G&Wp,average,60,358.6,0.65,00,00,07,05
Municipality_Measure_Costs,00_00_07_05,D&G&Wp,average,100,381.0,0.53,00,00,07,05
Municipality_Measure_Costs,00_00_07_05,D&Wp,average,20,145.7,0.44,00,00,07,05
Municipality_Measure_Costs,00_00_07_05,D&Wp,average,60,358.6,0.65,00,00,07,05
Municipality_Measure_Costs,00_00_07_05,D&Wp,average,100,381.0,0.53,00,00,07,05
Municipality_Measure_Costs,00_00_07_05,G,average,20,145.7,0.44,00,00,07,05
Municipality_Measure_Costs,00_00_07_05,G,average,60,358.6,0.65,00,00,07,05
Municipality_Measure_Costs,00_00_07_05,G,average,100,381.0,0.53,00,00,07,05
Municipality_Measure_Costs,00_00_07_05,G&Wp,average,20,145.7,0.44,00,00,07,05
Municipality_Measure_Costs,00_00_07_05,G&Wp,average,60,358.6,0.65,00,00,07,05
Municipality_Measure_Costs,00_00_07_05,G&Wp,average,100,381.0,0.53,00,00,07,05
Municipality_Measure_Costs,00_00_07_05,Wp,average,20,145.7,0.44,00,00,07,05
Municipality_Measure_Costs,00_00_07_05,Wp,average,60,358.6,0.65,00,00,07,05
Municipality_Measure_Costs,00_00_07_05,Wp,average,100,381.0,0.53,00,00,07,05
Municipality_Measure_Costs,00_00_07_07,D,average,20,145.7,0.44,00,00,07,07
Municipality_Measure_Costs,00_00_07_07,D,average,60,358.6,0.65,00,00,07,07
Municipality_Measure_Costs,00_00_07_07,D,average,100,381.0,0.53,00,00,07,07
Municipality_Measure_Costs,00_00_07_07,D&G,average,20,145.7,0.44,00,00,07,07
Municipality_Measure_Costs,00_00_07_07,D&G,average,60,358.6,0.65,00,00,07,07
Municipality_Measure_Costs,00_00_07_07,D&G,average,100,381.0,0.53,00,00,07,07
Municipality_Measure_Costs,00_00_07_07,D&G&Wp,average,20,145.7,0.44,00,00,07,07
Municipality_Measure_Costs,00_00_07_07,D&G&Wp,average,60,358.6,0.65,00,00,07,07
Municipality_Measure_Costs,00_00_07_07,D&G&Wp,average,100,381.0,0.53,00,00,07,07
Municipality_Measure_Costs,00_00_07_07,D&Wp,average,20,145.7,0.44,00,00,07,07
Municipality_Measure_Costs,00_00_07_07,D&Wp,average,60,358.6,0.65,00,00,07,07
Municipality_Measure_Costs,00_00_07_07,D&Wp,average,100,381.0,0.53,00,00,07,07
Municipality_Measure_Costs,00_00_07_07,G,average,20,145.7,0.44,00,00,07,07
Municipality_Measure_Costs,00_00_07_07,G,average,60,358.6,0.65,00,00,07,07
Municipality_Measure_Costs,00_00_07_07,G,average,100,381.0,0.53,00,00,07,07
Municipality_Measure_Costs,00_00_07_07,G&Wp,average,20,145.7,0.44,00,00,07,07
Municipality_Measure_Costs,00_00_07_07,G&Wp,average,60,358.6,0.65,00,00,07,07
Municipality_Measure_Costs,00_00_07_07,G&Wp,average,100,381.0,0.53,00,00,07,07
Municipality_Measure_Costs,00_00_07_07,Wp,average,20,145.7,0.44,00,00,07,07
Municipality_Measure_Costs,00_00_07_07,Wp,average,60,358.6,0.65,00,00,07,07
Municipality_Measure_Costs,00_00_07_07,Wp,average,100,381.0,0.53,00,00,07,07
Municipality_Measure_Costs,00_00_07_08,D,average,20,145.7,0.44,00,00,07,08
Municipality_Measure_Costs,00_00_07_08,D,average,60,358.6,0.65,00,00,07,08
Municipality_Measure_Costs,00_00_07_08,D,average,100,381.0,0.53,00,00,07,08
Municipality_Measure_Costs,00_00_07_08,D&G,average,20,145.7,0.44,00,00,07,08
Municipality_Measure_Costs,00_00_07_08,D&G,average,60,358.6,0.65,00,00,07,08
Municipality_Measure_Costs,00_00_07_08,D&G,average,100,381.0,0.53,00,00,07,08
Municipality_Measure_Costs,00_00_07_08,D&G&Wp,average,20,145.7,0.44,00,00,07,08
Municipality_Measure_Costs,00_00_07_08,D&G&Wp,average,60,358.6,0.65,00,00,07,08
Municipality_Measure_Costs,00_00_07_08,D&G&Wp,average,100,381.0,0.53,00,00,07,08
Municipality_Measure_Costs,00_00_07_08,D&Wp,average,20,145.7,0.44,00,00,07,08
Municipality_Measure_Costs,00_00_07_08,D&Wp,average,60,358.6,0.65,00,00,07,08
Municipality_Measure_Costs,00_00_07_08,D&Wp,average,100,381.0,0.53,00,00,07,08
Municipality_Measure_Costs,00_00_07_08,G,average,20,145.7,0.44,00,00,07,08
Municipality_Measure_Costs,00_00_07_08,G,average,60,358.6,0.65,00,00,07,08
Municipality_Measure_Costs,00_00_07_08,G,average,100,381.0,0.53,00,00,07,08
Municipality_Measure_Costs,00_00_07_08,G&Wp,average,20,145.7,0.44,00,00,07,08
Municipality_Measure_Costs,00_00_07_08,G&Wp,average,60,358.6,0.65,00,00,07,08
Municipality_Measure_Costs,00_00_07_08,G&Wp,average,100,381.0,0.53,00,00,07,08
Municipality_Measure_Costs,00_00_07_08,Wp,average,20,145.7,0.44,00,00,07,08
Municipality_Measure_Costs,00_00_07_08,Wp,average,60,358.6,0.65,00,00,07,08
Municipality_Measure_Costs,00_00_07_08,Wp,average,100,381.0,0.53,00,00,07,08
Municipality_Measure_Costs,00_00_07_09,D,average,20,145.7,0.44,00,00,07,09
Municipality_Measure_Costs,00_00_07_09,D,average,60,358.6,0.65,00,00,07,09
Municipality_Measure_Costs,00_00_07_09,D,average,100,381.0,0.53,00,00,07,09
Municipality_Measure_Costs,00_00_07_09,D&G,average,20,145.7,0.44,00,00,07,09
Municipality_Measure_Costs,00_00_07_09,D&G,average,60,358.6,0.65,00,00,07,09
Municipality_Measure_Costs,00_00_07_09,D&G,average,100,381.0,0.53,00,00,07,09
Municipality_Measure_Costs,00_00_07_09,D&G&Wp,average,20,145.7,0.44,00,00,07,09
Municipality_Measure_Costs,00_00_07_09,D&G&Wp,average,60,358.6,0.65,00,00,07,09
Municipality_Measure_Costs,00_00_07_09,D&G&Wp,average,100,381.0,0.53,00,00,07,09
Municipality_Measure_Costs,00_00_07_09,D&Wp,average,20,145.7,0.44,00,00,07,09
Municipality_Measure_Costs,00_00_07_09,D&Wp,average,60,358.6,0.65,00,00,07,09
Municipality_Measure_Costs,00_00_07_09,D&Wp,average,100,381.0,0.53,00,00,07,09
Municipality_Measure_Costs,00_00_07_09,G,average,20,145.7,0.44,00,00,07,09
Municipality_Measure_Costs,00_00_07_09,G,average,60,358.6,0.65,00,00,07,09
Municipality_Measure_Costs,00_00_07_09,G,average,100,381.0,0.53,00,00,07,09
Municipality_Measure_Costs,00_00_07_09,G&Wp,average,20,145.7,0.44,00,00,07,09
Municipality_Measure_Costs,00_00_07_09,G&Wp,average,60,358.6,0.65,00,00,07,09
Municipality_Measure_Costs,00_00_07_09,G&Wp,average,100,381.0,0.53,00,00,07,09
Municipality_Measure_Costs,00_00_07_09,Wp,average,20,145.7,0.44,00,00,07,09
Municipality_Measure_Costs,00_00_07_09,Wp,average,60,358.6,0.65,00,00,07,09
Municipality_Measure_Costs,00_00_07_09,Wp,average,100,381.0,0.53,00,00,07,09
Municipality_Measure_Costs,00_00_09_00,D,average,20,71.0,0.22,00,00,09,00
Municipality_Measure_Costs,00_00_09_00,D,average,60,153.2,0.28,00,00,09,00
Municipality_Measure_Costs,00_00_09_00,D,average,100,153.2,0.21,00,00,09,00
Municipality_Measure_Costs,00_00_09_00,D&G,average,20,71.0,0.22,00,00,09,00
Municipality_Measure_Costs,00_00_09_00,D&G,average,60,153.2,0.28,00,00,09,00
Municipality_Measure_Costs,00_00_09_00,D&G,average,100,153.2,0.21,00,00,09,00
Municipality_Measure_Costs,00_00_09_00,D&G&Wp,average,20,71.0,0.22,00,00,09,00
Municipality_Measure_Costs,00_00_09_00,D&G&Wp,average,60,153.2,0.28,00,00,09,00
Municipality_Measure_Costs,00_00_09_00,D&G&Wp,average,100,156.93,0.22,00,00,09,00
Municipality_Measure_Costs,00_00_09_00,D&Wp,average,20,71.0,0.22,00,00,09,00
Municipality_Measure_Costs,00_00_09_00,D&Wp,average,60,153.2,0.28,00,00,09,00
Municipality_Measure_Costs,00_00_09_00,D&Wp,average,100,158.8,0.22,00,00,09,00
Municipality_Measure_Costs,00_00_09_00,G,average,20,71.0,0.22,00,00,09,00
Municipality_Measure_Costs,00_00_09_00,G,average,60,153.2,0.28,00,00,09,00
Municipality_Measure_Costs,00_00_09_00,G,average,100,153.2,0.21,00,00,09,00
Municipality_Measure_Costs,00_00_09_00,G&Wp,average,20,71.0,0.22,00,00,09,00
Municipality_Measure_Costs,00_00_09_00,G&Wp,average,60,153.2,0.28,00,00,09,00
Municipality_Measure_Costs,00_00_09_00,G&Wp,average,100,158.8,0.22,00,00,09,00
Municipality_Measure_Costs,00_00_09_00,Wp,average,20,71.0,0.22,00,00,09,00
Municipality_Measure_Costs,00_00_09_00,Wp,average,60,153.2,0.28,00,00,09,00
Municipality_Measure_Costs,00_00_09_00,Wp,average,100,164.4,0.23,00,00,09,00
Municipality_Measure_Costs,00_00_09_01,D,average,20,71.0,0.22,00,00,09,01
Municipality_Measure_Costs,00_00_09_01,D,average,60,153.2,0.28,00,00,09,01
Municipality_Measure_Costs,00_00_09_01,D,average,100,153.2,0.21,00,00,09,01
Municipality_Measure_Costs,00_00_09_01,D&G,average,20,71.0,0.22,00,00,09,01
Municipality_Measure_Costs,00_00_09_01,D&G,average,60,153.2,0.28,00,00,09,01
Municipality_Measure_Costs,00_00_09_01,D&G,average,100,153.2,0.21,00,00,09,01
Municipality_Measure_Costs,00_00_09_01,D&G&Wp,average,20,71.0,0.22,00,00,09,01
Municipality_Measure_Costs,00_00_09_01,D&G&Wp,average,60,153.2,0.28,00,00,09,01
Municipality_Measure_Costs,00_00_09_01,D&G&Wp,average,100,156.93,0.22,00,00,09,01
Municipality_Measure_Costs,00_00_09_01,D&Wp,average,20,71.0,0.22,00,00,09,01
Municipality_Measure_Costs,00_00_09_01,D&Wp,average,60,153.2,0.28,00,00,09,01
Municipality_Measure_Costs,00_00_09_01,D&Wp,average,100,158.8,0.22,00,00,09,01
Municipality_Measure_Costs,00_00_09_01,G,average,20,71.0,0.22,00,00,09,01
Municipality_Measure_Costs,00_00_09_01,G,average,60,153.2,0.28,00,00,09,01
Municipality_Measure_Costs,00_00_09_01,G,average,100,153.2,0.21,00,00,09,01
Municipality_Measure_Costs,00_00_09_01,G&Wp,average,20,71.0,0.22,00,00,09,01
Municipality_Measure_Costs,00_00_09_01,G&Wp,average,60,153.2,0.28,00,00,09,01
Municipality_Measure_Costs,00_00_09_01,G&Wp,average,100,158.8,0.22,00,00,09,01
Municipality_Measure_Costs,00_00_09_01,Wp,average,20,71.0,0.22,00,00,09,01
Municipality_Measure_Costs,00_00_09_01,Wp,average,60,153.2,0.28,00,00,09,01
Municipality_Measure_Costs,00_00_09_01,Wp,average,100,164.4,0.23,00,00,09,01
Municipality_Measure_Costs,00_00_09_02,D,average,20,71.0,0.22,00,00,09,02
Municipality_Measure_Costs,00_00_09_02,D,average,60,153.2,0.28,00,00,09,02
Municipality_Measure_Costs,00_00_09_02,D,average,100,153.2,0.21,00,00,09,02
Municipality_Measure_Costs,00_00_09_02,D&G,average,20,71.0,0.22,00,00,09,02
Municipality_Measure_Costs,00_00_09_02,D&G,average,60,153.2,0.28,00,00,09,02
Municipality_Measure_Costs,00_00_09_02,D&G,average,100,153.2,0.21,00,00,09,02
Municipality_Measure_Costs,00_00_09_02,D&G&Wp,average,20,71.0,0.22,00,00,09,02
Municipality_Measure_Costs,00_00_09_02,D&G&Wp,average,60,153.2,0.28,00,00,09,02
Municipality_Measure_Costs,00_00_09_02,D&G&Wp,average,100,156.93,0.22,00,00,09,02
Municipality_Measure_Costs,00_00_09_02,D&Wp,average,20,71.0,0.22,00,00,09,02
Municipality_Measure_Costs,00_00_09_02,D&Wp,average,60,153.2,0.28,00,00,09,02
Municipality_Measure_Costs,00_00_09_02,D&Wp,average,100,158.8,0.22,00,00,09,02
Municipality_Measure_Costs,00_00_09_02,G,average,20,71.0,0.22,00,00,09,02
Municipality_Measure_Costs,00_00_09_02,G,average,60,153.2,0.28,00,00,09,02
Municipality_Measure_Costs,00_00_09_02,G,average,100,153.2,0.21,00,00,09,02
Municipality_Measure_Costs,00_00_09_02,G&Wp,average,20,71.0,0.22,00,00,09,02
Municipality_Measure_Costs,00_00_09_02,G&Wp,average,60,153.2,0.28,00,00,09,02
Municipality_Measure_Costs,00_00_09_02,G&Wp,average,100,158.8,0.22,00,00,09,02
Municipality_Measure_Costs,00_00_09_02,Wp,average,20,71.0,0.22,00,00,09,02
Municipality_Measure_Costs,00_00_09_02,Wp,average,60,153.2,0.28,00,00,09,02
Municipality_Measure_Costs,00_00_09_02,Wp,average,100,164.4,0.23,00,00,09,02
Municipality_Measure_Costs,00_00_09_04,D,average,20,71.0,0.22,00,00,09,04
Municipality_Measure_Costs,00_00_09_04,D,average,60,153.2,0.28,00,00,09,04
Municipality_Measure_Costs,00_00_09_04,D,average,100,153.2,0.21,00,00,09,04
Municipality_Measure_Costs,00_00_09_04,D&G,average,20,71.0,0.22,00,00,09,04
Municipality_Measure_Costs,00_00_09_04,D&G,average,60,153.2,0.28,00,00,09,04
Municipality_Measure_Costs,00_00_09_04,D&G,average,100,153.2,0.21,00,00,09,04
Municipality_Measure_Costs,00_00_09_04,D&G&Wp,average,20,71.0,0.22,00,00,09,04
Municipality_Measure_Costs,00_00_09_04,D&G&Wp,average,60,153.2,0.28,00,00,09,04
Municipality_Measure_Costs,00_00_09_04,D&G&Wp,average,100,156.93,0.22,00,00,09,04
Municipality_Measure_Costs,00_00_09_04,D&Wp,average,20,71.0,0.22,00,00,09,04
Municipality_Measure_Costs,00_00_09_04,D&Wp,average,60,153.2,0.28,00,00,09,04
Municipality_Measure_Costs,00_00_09_04,D&Wp,average,100,158.8,0.22,00,00,09,04
Municipality_Measure_Costs,00_00_09_04,G,average,20,71.0,0.22,00,00,09,04
Municipality_Measure_Costs,00_00_09_04,G,average,60,153.2,0.28,00,00,09,04
Municipality_Measure_Costs,00_00_09_04,G,average,100,153.2,0.21,00,00,09,04
Municipality_Measure_Costs,00_00_09_04,G&Wp,average,20,71.0,0.22,00,00,09,04
Municipality_Measure_Costs,00_00_09_04,G&Wp,average,60,153.2,0.28,00,00,09,04
Municipality_Measure_Costs,00_00_09_04,G&Wp,average,100,158.8,0.22,00,00,09,04
Municipality_Measure_Costs,00_00_09_04,Wp,average,20,71.0,0.22,00,00,09,04
Municipality_Measure_Costs,00_00_09_04,Wp,average,60,153.2,0.28,00,00,09,04
Municipality_Measure_Costs,00_00_09_04,Wp,average,100,164.4,0.23,00,00,09,04
Municipality_Measure_Costs,00_00_09_05,D,average,20,71.0,0.22,00,00,09,05
Municipality_Measure_Costs,00_00_09_05,D,average,60,153.2,0.28,00,00,09,05
Municipality_Measure_Costs,00_00_09_05,D,average,100,153.2,0.21,00,00,09,05
Municipality_Measure_Costs,00_00_09_05,D&G,average,20,71.0,0.22,00,00,09,05
Municipality_Measure_Costs,00_00_09_05,D&G,average,60,153.2,0.28,00,00,09,05
Municipality_Measure_Costs,00_00_09_05,D&G,average,100,153.2,0.21,00,00,09,05
Municipality_Measure_Costs,00_00_09_05,D&G&Wp,average,20,71.0,0.22,00,00,09,05
Municipality_Measure_Costs,00_00_09_05,D&G&Wp,average,60,153.2,0.28,00,00,09,05
Municipality_Measure_Costs,00_00_09_05,D&G&Wp,average,100,156.93,0.22,00,00,09,05
Municipality_Measure_Costs,00_00_09_05,D&Wp,average,20,71.0,0.22,00,00,09,05
Municipality_Measure_Costs,00_00_09_05,D&Wp,average,60,153.2,0.28,00,00,09,05
Municipality_Measure_Costs,00_00_09_05,D&Wp,average,100,158.8,0.22,00,00,09,05
Municipality_Measure_Costs,00_00_09_05,G,average,20,71.0,0.22,00,00,09,05
Municipality_Measure_Costs,00_00_09_05,G,average,60,153.2,0.28,00,00,09,05
Municipality_Measure_Costs,00_00_09_05,G,average,100,153.2,0.21,00,00,09,05
Municipality_Measure_Costs,00_00_09_05,G&Wp,average,20,71.0,0.22,00,00,09,05
Municipality_Measure_Costs,00_00_09_05,G&Wp,average,60,153.2,0.28,00,00,09,05
Municipality_Measure_Costs,00_00_09_05,G&Wp,average,100,158.8,0.22,00,00,09,05
Municipality_Measure_Costs,00_00_09_05,Wp,average,20,71.0,0.22,00,00,09,05
Municipality_Measure_Costs,00_00_09_05,Wp,average,60,153.2,0.28,00,00,09,05
Municipality_Measure_Costs,00_00_09_05,Wp,average,100,164.4,0.23,00,00,09,05
Municipality_Measure_Costs,00_00_09_07,D,average,20,71.0,0.22,00,00,09,07
Municipality_Measure_Costs,00_00_09_07,D,average,60,153.2,0.28,00,00,09,07
Municipality_Measure_Costs,00_00_09_07,D,average,100,153.2,0.21,00,00,09,07
Municipality_Measure_Costs,00_00_09_07,D&G,average,20,71.0,0.22,00,00,09,07
Municipality_Measure_Costs,00_00_09_07,D&G,average,60,153.2,0.28,00,00,09,07
Municipality_Measure_Costs,00_00_09_07,D&G,average,100,153.2,0.21,00,00,09,07
Municipality_Measure_Costs,00_00_09_07,D&G&Wp,average,20,71.0,0.22,00,00,09,07
Municipality_Measure_Costs,00_00_09_07,D&G&Wp,average,60,153.2,0.28,00,00,09,07
Municipality_Measure_Costs,00_00_09_07,D&G&Wp,average,100,156.93,0.22,00,00,09,07
Municipality_Measure_Costs,00_00_09_07,D&Wp,average,20,71.0,0.22,00,00,09,07
Municipality_Measure_Costs,00_00_09_07,D&Wp,average,60,153.2,0.28,00,00,09,07
Municipality_Measure_Costs,00_00_09_07,D&Wp,average,100,158.8,0.22,00,00,09,07
Municipality_Measure_Costs,00_00_09_07,G,average,20,71.0,0.22,00,00,09,07
Municipality_Measure_Costs,00_00_09_07,G,average,60,153.2,0.28,00,00,09,07
Municipality_Measure_Costs,00_00_09_07,G,average,100,153.2,0.21,00,00,09,07
Municipality_Measure_Costs,00_00_09_07,G&Wp,average,20,71.0,0.22,00,00,09,07
Municipality_Measure_Costs,00_00_09_07,G&Wp,average,60,153.2,0.28,00,00,09,07
Municipality_Measure_Costs,00_00_09_07,G&Wp,average,100,158.8,0.22,00,00,09,07
Municipality_Measure_Costs,00_00_09_07,Wp,average,20,71.0,0.22,00,00,09,07
Municipality_Measure_Costs,00_00_09_07,Wp,average,60,153.2,0.28,00,00,09,07
Municipality_Measure_Costs,00_00_09_07,Wp,average,100,164.4,0.23,00,00,09,07
Municipality_Measure_Costs,00_00_09_08,D,average,20,71.0,0.22,00,00,09,08
Municipality_Measure_Costs,00_00_09_08,D,average,60,153.2,0.28,00,00,09,08
Municipality_Measure_Costs,00_00_09_08,D,average,100,153.2,0.21,00,00,09,08
Municipality_Measure_Costs,00_00_09_08,D&G,average,20,71.0,0.22,00,00,09,08
Municipality_Measure_Costs,00_00_09_08,D&G,average,60,153.2,0.28,00,00,09,08
Municipality_Measure_Costs,00_00_09_08,D&G,average,100,153.2,0.21,00,00,09,08
Municipality_Measure_Costs,00_00_09_08,D&G&Wp,average,20,71.0,0.22,00,00,09,08
Municipality_Measure_Costs,00_00_09_08,D&G&Wp,average,60,153.2,0.28,00,00,09,08
Municipality_Measure_Costs,00_00_09_08,D&G&Wp,average,100,156.93,0.22,00,00,09,08
Municipality_Measure_Costs,00_00_09_08,D&Wp,average,20,71.0,0.22,00,00,09,08
Municipality_Measure_Costs,00_00_09_08,D&Wp,average,60,153.2,0.28,00,00,09,08
Municipality_Measure_Costs,00_00_09_08,D&Wp,average,100,158.8,0.22,00,00,09,08
Municipality_Measure_Costs,00_00_09_08,G,average,20,71.0,0.22,00,00,09,08
Municipality_Measure_Costs,00_00_09_08,G,average,60,153.2,0.28,00,00,09,08
Municipality_Measure_Costs,00_00_09_08,G,average,100,153.2,0.21,00,00,09,08
Municipality_Measure_Costs,00_00_09_08,G&Wp,average,20,71.0,0.22,00,00,09,08
Municipality_Measure_Costs,00_00_09_08,G&Wp,average,60,153.2,0.28,00,00,09,08
Municipality_Measure_Costs,00_00_09_08,G&Wp,average,100,158.8,0.22,00,00,09,08
Municipality_Measure_Costs,00_00_09_08,Wp,average,20,71.0,0.22,00,00,09,08
Municipality_Measure_Costs,00_00_09_08,Wp,average,60,153.2,0.28,00,00,09,08
Municipality_Measure_Costs,00_00_09_08,Wp,average,100,164.4,0.23,00,00,09,08
Municipality_Measure_Costs,00_00_09_09,D,average,20,71.0,0.22,00,00,09,09
Municipality_Measure_Costs,00_00_09_09,D,average,60,153.2,0.28,00,00,09,09
Municipality_Measure_Costs,00_00_09_09,D,average,100,153.2,0.21,00,00,09,09
Municipality_Measure_Costs,00_00_09_09,D&G,average,20,71.0,0.22,00,00,09,09
Municipality_Measure_Costs,00_00_09_09,D&G,average,60,153.2,0.28,00,00,09,09
Municipality_Measure_Costs,00_00_09_09,D&G,average,100,153.2,0.21,00,00,09,09
Municipality_Measure_Costs,00_00_09_09,D&G&Wp,average,20,71.0,0.22,00,00,09,09
Municipality_Measure_Costs,00_00_09_09,D&G&Wp,average,60,153.2,0.28,00,00,09,09
Municipality_Measure_Costs,00_00_09_09,D&G&Wp,average,100,156.93,0.22,00,00,09,09
Municipality_Measure_Costs,00_00_09_09,D&Wp,average,20,71.0,0.22,00,00,09,09
Municipality_Measure_Costs,00_00_09_09,D&Wp,average,60,153.2,0.28,00,00,09,09
Municipality_Measure_Costs,00_00_09_09,D&Wp,average,100,158.8,0.22,00,00,09,09
Municipality_Measure_Costs,00_00_09_09,G,average,20,71.0,0.22,00,00,09,09
Municipality_Measure_Costs,00_00_09_09,G,average,60,153.2,0.28,00,00,09,09
Municipality_Measure_Costs,00_00_09_09,G,average,100,153.2,0.21,00,00,09,09
Municipality_Measure_Costs,00_00_09_09,G&Wp,average,20,71.0,0.22,00,00,09,09
Municipality_Measure_Costs,00_00_09_09,G&Wp,average,60,153.2,0.28,00,00,09,09
Municipality_Measure_Costs,00_00_09_09,G&Wp,average,100,158.8,0.22,00,00,09,09
Municipality_Measure_Costs,00_00_09_09,Wp,average,20,71.0,0.22,00,00,09,09
Municipality_Measure_Costs,00_00_09_09,Wp,average,60,153.2,0.28,00,00,09,09
Municipality_Measure_Costs,00_00_09_09,Wp,average,100,164.4,0.23,00,00,09,09
Municipality_Measure_Costs,00_00_11_00,D,average,20,22.34,0.07,00,00,11,00
Municipality_Measure_Costs,00_00_11_00,D,average,60,191.16,0.35,00,00,11,00
Municipality_Measure_Costs,00_00_11_00,D,average,100,452.05,0.63,00,00,11,00
Municipality_Measure_Costs,00_00_11_00,D&G,average,20,22.34,0.07,00,00,11,00
Municipality_Measure_Costs,00_00_11_00,D&G,average,60,193.64,0.35,00,00,11,00
Municipality_Measure_Costs,00_00_11_00,D&G,average,100,452.29,0.63,00,00,11,00
Municipality_Measure_Costs,00_00_11_00,D&G&Wp,average,20,22.34,0.07,00,00,11,00
Municipality_Measure_Costs,00_00_11_00,D&G&Wp,average,60,198.84,0.36,00,00,11,00
Municipality_Measure_Costs,00_00_11_00,D&G&Wp,average,100,457.52,0.64,00,00,11,00
Municipality_Measure_Costs,00_00_11_00,D&Wp,average,20,22.34,0.07,00,00,11,00
Municipality_Measure_Costs,00_00_11_00,D&Wp,average,60,200.2,0.36,00,00,11,00
Municipality_Measure_Costs,00_00_11_00,D&Wp,average,100,460.02,0.64,00,00,11,00
Municipality_Measure_Costs,00_00_11_00,G,average,20,22.34,0.07,00,00,11,00
Municipality_Measure_Costs,00_00_11_00,G,average,60,196.13,0.36,00,00,11,00
Municipality_Measure_Costs,00_00_11_00,G,average,100,452.54,0.63,00,00,11,00
Municipality_Measure_Costs,00_00_11_00,G&Wp,average,20,22.34,0.07,00,00,11,00
Municipality_Measure_Costs,00_00_11_00,G&Wp,average,60,202.68,0.37,00,00,11,00
Municipality_Measure_Costs,00_00_11_00,G&Wp,average,100,460.26,0.64,00,00,11,00
Municipality_Measure_Costs,00_00_11_00,Wp,average,20,22.34,0.07,00,00,11,00
Municipality_Measure_Costs,00_00_11_00,Wp,average,60,209.24,0.38,00,00,11,00
Municipality_Measure_Costs,00_00_11_00,Wp,average,100,467.98,0.65,00,00,11,00
Municipality_Measure_Costs,00_00_11_01,D,average,20,22.34,0.07,00,00,11,01
Municipality_Measure_Costs,00_00_11_01,D,average,60,191.16,0.35,00,00,11,01
Municipality_Measure_Costs,00_00_11_01,D,average,100,452.05,0.63,00,00,11,01
Municipality_Measure_Costs,00_00_11_01,D&G,average,20,22.34,0.07,00,00,11,01
Municipality_Measure_Costs,00_00_11_01,D&G,average,60,193.64,0.35,00,00,11,01
Municipality_Measure_Costs,00_00_11_01,D&G,average,100,452.29,0.63,00,00,11,01
Municipality_Measure_Costs,00_00_11_01,D&G&Wp,average,20,22.34,0.07,00,00,11,01
Municipality_Measure_Costs,00_00_11_01,D&G&Wp,average,60,198.84,0.36,00,00,11,01
Municipality_Measure_Costs,00_00_11_01,D&G&Wp,average,100,457.52,0.64,00,00,11,01
Municipality_Measure_Costs,00_00_11_01,D&Wp,average,20,22.34,0.07,00,00,11,01
Municipality_Measure_Costs,00_00_11_01,D&Wp,average,60,200.2,0.36,00,00,11,01
Municipality_Measure_Costs,00_00_11_01,D&Wp,average,100,460.02,0.64,00,00,11,01
Municipality_Measure_Costs,00_00_11_01,G,average,20,22.34,0.07,00,00,11,01
Municipality_Measure_Costs,00_00_11_01,G,average,60,196.13,0.36,00,00,11,01
Municipality_Measure_Costs,00_00_11_01,G,average,100,452.54,0.63,00,00,11,01
Municipality_Measure_Costs,00_00_11_01,G&Wp,average,20,22.34,0.07,00,00,11,01
Municipality_Measure_Costs,00_00_11_01,G&Wp,average,60,202.68,0.37,00,00,11,01
Municipality_Measure_Costs,00_00_11_01,G&Wp,average,100,460.26,0.64,00,00,11,01
Municipality_Measure_Costs,00_00_11_01,Wp,average,20,22.34,0.07,00,00,11,01
Municipality_Measure_Costs,00_00_11_01,Wp,average,60,209.24,0.38,00,00,11,01
Municipality_Measure_Costs,00_00_11_01,Wp,average,100,467.98,0.65,00,00,11,01
Municipality_Measure_Costs,00_00_11_02,D,average,20,22.34,0.07,00,00,11,02
Municipality_Measure_Costs,00_00_11_02,D,average,60,191.16,0.35,00,00,11,02
Municipality_Measure_Costs,00_00_11_02,D,average,100,452.05,0.63,00,00,11,02
Municipality_Measure_Costs,00_00_11_02,D&G,average,20,22.34,0.07,00,00,11,02
Municipality_Measure_Costs,00_00_11_02,D&G,average,60,193.64,0.35,00,00,11,02
Municipality_Measure_Costs,00_00_11_02,D&G,average,100,452.29,0.63,00,00,11,02
Municipality_Measure_Costs,00_00_11_02,D&G&Wp,average,20,22.34,0.07,00,00,11,02
Municipality_Measure_Costs,00_00_11_02,D&G&Wp,average,60,198.84,0.36,00,00,11,02
Municipality_Measure_Costs,00_00_11_02,D&G&Wp,average,100,457.52,0.64,00,00,11,02
Municipality_Measure_Costs,00_00_11_02,D&Wp,average,20,22.34,0.07,00,00,11,02
Municipality_Measure_Costs,00_00_11_02,D&Wp,average,60,200.2,0.36,00,00,11,02
Municipality_Measure_Costs,00_00_11_02,D&Wp,average,100,460.02,0.64,00,00,11,02
Municipality_Measure_Costs,00_00_11_02,G,average,20,22.34,0.07,00,00,11,02
Municipality_Measure_Costs,00_00_11_02,G,average,60,196.13,0.36,00,00,11,02
Municipality_Measure_Costs,00_00_11_02,G,average,100,452.54,0.63,00,00,11,02
Municipality_Measure_Costs,00_00_11_02,G&Wp,average,20,22.34,0.07,00,00,11,02
Municipality_Measure_Costs,00_00_11_02,G&Wp,average,60,202.68,0.37,00,00,11,02
Municipality_Measure_Costs,00_00_11_02,G&Wp,average,100,460.26,0.64,00,00,11,02
Municipality_Measure_Costs,00_00_11_02,Wp,average,20,22.34,0.07,00,00,11,02
Municipality_Measure_Costs,00_00_11_02,Wp,average,60,209.24,0.38,00,00,11,02
Municipality_Measure_Costs,00_00_11_02,Wp,average,100,467.98,0.65,00,00,11,02
Municipality_Measure_Costs,00_00_11_04,D,average,20,22.34,0.07,00,00,11,04
Municipality_Measure_Costs,00_00_11_04,D,average,60,191.16,0.35,00,00,11,04
Municipality_Measure_Costs,00_00_11_04,D,average,100,452.05,0.63,00,00,11,04
Municipality_Measure_Costs,00_00_11_04,D&G,average,20,22.34,0.07,00,00,11,04
Municipality_Measure_Costs,00_00_11_04,D&G,average,60,193.64,0.35,00,00,11,04
Municipality_Measure_Costs,00_00_11_04,D&G,average,100,452.29,0.63,00,00,11,04
Municipality_Measure_Costs,00_00_11_04,D&G&Wp,average,20,22.34,0.07,00,00,11,04
Municipality_Measure_Costs,00_00_11_04,D&G&Wp,average,60,198.84,0.36,00,00,11,04
Municipality_Measure_Costs,00_00_11_04,D&G&Wp,average,100,457.52,0.64,00,00,11,04
Municipality_Measure_Costs,00_00_11_04,D&Wp,average,20,22.34,0.07,00,00,11,04
Municipality_Measure_Costs,00_00_11_04,D&Wp,average,60,200.2,0.36,00,00,11,04
Municipality_Measure_Costs,00_00_11_04,D&Wp,average,100,460.02,0.64,00,00,11,04
Municipality_Measure_Costs,00_00_11_04,G,average,20,22.34,0.07,00,00,11,04
Municipality_Measure_Costs,00_00_11_04,G,average,60,196.13,0.36,00,00,11,04
Municipality_Measure_Costs,00_00_11_04,G,average,100,452.54,0.63,00,00,11,04
Municipality_Measure_Costs,00_00_11_04,G&Wp,average,20,22.34,0.07,00,00,11,04
Municipality_Measure_Costs,00_00_11_04,G&Wp,average,60,202.68,0.37,00,00,11,04
Municipality_Measure_Costs,00_00_11_04,G&Wp,average,100,460.26,0.64,00,00,11,04
Municipality_Measure_Costs,00_00_11_04,Wp,average,20,22.34,0.07,00,00,11,04
Municipality_Measure_Costs,00_00_11_04,Wp,average,60,209.24,0.38,00,00,11,04
Municipality_Measure_Costs,00_00_11_04,Wp,average,100,467.98,0.65,00,00,11,04
Municipality_Measure_Costs,00_00_11_05,D,average,20,22.34,0.07,00,00,11,05
Municipality_Measure_Costs,00_00_11_05,D,average,60,191.16,0.35,00,00,11,05
Municipality_Measure_Costs,00_00_11_05,D,average,100,452.05,0.63,00,00,11,05
Municipality_Measure_Costs,00_00_11_05,D&G,average,20,22.34,0.07,00,00,11,05
Municipality_Measure_Costs,00_00_11_05,D&G,average,60,193.64,0.35,00,00,11,05
Municipality_Measure_Costs,00_00_11_05,D&G,average,100,452.29,0.63,00,00,11,05
Municipality_Measure_Costs,00_00_11_05,D&G&Wp,average,20,22.34,0.07,00,00,11,05
Municipality_Measure_Costs,00_00_11_05,D&G&Wp,average,60,198.84,0.36,00,00,11,05
Municipality_Measure_Costs,00_00_11_05,D&G&Wp,average,100,457.52,0.64,00,00,11,05
Municipality_Measure_Costs,00_00_11_05,D&Wp,average,20,22.34,0.07,00,00,11,05
Municipality_Measure_Costs,00_00_11_05,D&Wp,average,60,200.2,0.36,00,00,11,05
Municipality_Measure_Costs,00_00_11_05,D&Wp,average,100,460.02,0.64,00,00,11,05
Municipality_Measure_Costs,00_00_11_05,G,average,20,22.34,0.07,00,00,11,05
Municipality_Measure_Costs,00_00_11_05,G,average,60,196.13,0.36,00,00,11,05
Municipality_Measure_Costs,00_00_11_05,G,average,100,452.54,0.63,00,00,11,05
Municipality_Measure_Costs,00_00_11_05,G&Wp,average,20,22.34,0.07,00,00,11,05
Municipality_Measure_Costs,00_00_11_05,G&Wp,average,60,202.68,0.37,00,00,11,05
Municipality_Measure_Costs,00_00_11_05,G&Wp,average,100,460.26,0.64,00,00,11,05
Municipality_Measure_Costs,00_00_11_05,Wp,average,20,22.34,0.07,00,00,11,05
Municipality_Measure_Costs,00_00_11_05,Wp,average,60,209.24,0.38,00,00,11,05
Municipality_Measure_Costs,00_00_11_05,Wp,average,100,467.98,0.65,00,00,11,05
Municipality_Measure_Costs,00_00_11_07,D,average,20,22.34,0.07,00,00,11,07
Municipality_Measure_Costs,00_00_11_07,D,average,60,191.16,0.35,00,00,11,07
Municipality_Measure_Costs,00_00_11_07,D,average,100,452.05,0.63,00,00,11,07
Municipality_Measure_Costs,00_00_11_07,D&G,average,20,22.34,0.07,00,00,11,07
Municipality_Measure_Costs,00_00_11_07,D&G,average,60,193.64,0.35,00,00,11,07
Municipality_Measure_Costs,00_00_11_07,D&G,average,100,452.29,0.63,00,00,11,07
Municipality_Measure_Costs,00_00_11_07,D&G&Wp,average,20,22.34,0.07,00,00,11,07
Municipality_Measure_Costs,00_00_11_07,D&G&Wp,average,60,198.84,0.36,00,00,11,07
Municipality_Measure_Costs,00_00_11_07,D&G&Wp,average,100,457.52,0.64,00,00,11,07
Municipality_Measure_Costs,00_00_11_07,D&Wp,average,20,22.34,0.07,00,00,11,07
Municipality_Measure_Costs,00_00_11_07,D&Wp,average,60,200.2,0.36,00,00,11,07
Municipality_Measure_Costs,00_00_11_07,D&Wp,average,100,460.02,0.64,00,00,11,07
Municipality_Measure_Costs,00_00_11_07,G,average,20,22.34,0.07,00,00,11,07
Municipality_Measure_Costs,00_00_11_07,G,average,60,196.13,0.36,00,00,11,07
Municipality_Measure_Costs,00_00_11_07,G,average,100,452.54,0.63,00,00,11,07
Municipality_Measure_Costs,00_00_11_07,G&Wp,average,20,22.34,0.07,00,00,11,07
Municipality_Measure_Costs,00_00_11_07,G&Wp,average,60,202.68,0.37,00,00,11,07
Municipality_Measure_Costs,00_00_11_07,G&Wp,average,100,460.26,0.64,00,00,11,07
Municipality_Measure_Costs,00_00_11_07,Wp,average,20,22.34,0.07,00,00,11,07
Municipality_Measure_Costs,00_00_11_07,Wp,average,60,209.24,0.38,00,00,11,07
Municipality_Measure_Costs,00_00_11_07,Wp,average,100,467.98,0.65,00,00,11,07
Municipality_Measure_Costs,00_00_11_08,D,average,20,22.34,0.07,00,00,11,08
Municipality_Measure_Costs,00_00_11_08,D,average,60,191.16,0.35,00,00,11,08
Municipality_Measure_Costs,00_00_11_08,D,average,100,452.05,0.63,00,00,11,08
Municipality_Measure_Costs,00_00_11_08,D&G,average,20,22.34,0.07,00,00,11,08
Municipality_Measure_Costs,00_00_11_08,D&G,average,60,193.64,0.35,00,00,11,08
Municipality_Measure_Costs,00_00_11_08,D&G,average,100,452.29,0.63,00,00,11,08
Municipality_Measure_Costs,00_00_11_08,D&G&Wp,average,20,22.34,0.07,00,00,11,08
Municipality_Measure_Costs,00_00_11_08,D&G&Wp,average,60,198.84,0.36,00,00,11,08
Municipality_Measure_Costs,00_00_11_08,D&G&Wp,average,100,457.52,0.64,00,00,11,08
Municipality_Measure_Costs,00_00_11_08,D&Wp,average,20,22.34,0.07,00,00,11,08
Municipality_Measure_Costs,00_00_11_08,D&Wp,average,60,200.2,0.36,00,00,11,08
Municipality_Measure_Costs,00_00_11_08,D&Wp,average,100,460.02,0.64,00,00,11,08
Municipality_Measure_Costs,00_00_11_08,G,average,20,22.34,0.07,00,00,11,08
Municipality_Measure_Costs,00_00_11_08,G,average,60,196.13,0.36,00,00,11,08
Municipality_Measure_Costs,00_00_11_08,G,average,100,452.54,0.63,00,00,11,08
Municipality_Measure_Costs,00_00_11_08,G&Wp,average,20,22.34,0.07,00,00,11,08
Municipality_Measure_Costs,00_00_11_08,G&Wp,average,60,202.68,0.37,00,00,11,08
Municipality_Measure_Costs,00_00_11_08,G&Wp,average,100,460.26,0.64,00,00,11,08
Municipality_Measure_Costs,00_00_11_08,Wp,average,20,22.34,0.07,00,00,11,08
Municipality_Measure_Costs,00_00_11_08,Wp,average,60,209.24,0.38,00,00,11,08
Municipality_Measure_Costs,00_00_11_08,Wp,average,100,467.98,0.65,00,00,11,08
Municipality_Measure_Costs,00_00_11_09,D,average,20,22.34,0.07,00,00,11,09
Municipality_Measure_Costs,00_00_11_09,D,average,60,191.16,0.35,00,00,11,09
Municipality_Measure_Costs,00_00_11_09,D,average,100,452.05,0.63,00,00,11,09
Municipality_Measure_Costs,00_00_11_09,D&G,average,20,22.34,0.07,00,00,11,09
Municipality_Measure_Costs,00_00_11_09,D&G,average,60,193.64,0.35,00,00,11,09
Municipality_Measure_Costs,00_00_11_09,D&G,average,100,452.29,0.63,00,00,11,09
Municipality_Measure_Costs,00_00_11_09,D&G&Wp,average,20,22.34,0.07,00,00,11,09
Municipality_Measure_Costs,00_00_11_09,D&G&Wp,average,60,198.84,0.36,00,00,11,09
Municipality_Measure_Costs,00_00_11_09,D&G&Wp,average,100,457.52,0.64,00,00,11,09
Municipality_Measure_Costs,00_00_11_09,D&Wp,average,20,22.34,0.07,00,00,11,09
Municipality_Measure_Costs,00_00_11_09,D&Wp,average,60,200.2,0.36,00,00,11,09
Municipality_Measure_Costs,00_00_11_09,D&Wp,average,100,460.02,0.64,00,00,11,09
Municipality_Measure_Costs,00_00_11_09,G,average,20,22.34,0.07,00,00,11,09
Municipality_Measure_Costs,00_00_11_09,G,average,60,196.13,0.36,00,00,11,09
Municipality_Measure_Costs,00_00_11_09,G,average,100,452.54,0.63,00,00,11,09
Municipality_Measure_Costs,00_00_11_09,G&Wp,average,20,22.34,0.07,00,00,11,09
Municipality_Measure_Costs,00_00_11_09,G&Wp,average,60,202.68,0.37,00,00,11,09
Municipality_Measure_Costs,00_00_11_09,G&Wp,average,100,460.26,0.64,00,00,11,09
Municipality_Measure_Costs,00_00_11_09,Wp,average,20,22.34,0.07,00,00,11,09
Municipality_Measure_Costs,00_00_11_09,Wp,average,60,209.24,0.38,00,00,11,09
Municipality_Measure_Costs,00_00_11_09,Wp,average,100,467.98,0.65,00,00,11,09
Municipality_Measure_Costs,00_00_13_00,D,average,20,28.16,0.09,00,00,13,00
Municipality_Measure_Costs,00_00_13_00,D,average,60,223.79,0.41,00,00,13,00
Municipality_Measure_Costs,00_00_13_00,D,average,100,587.02,0.82,00,00,13,00
Municipality_Measure_Costs,00_00_13_00,D&G,average,20,28.16,0.09,00,00,13,00
Municipality_Measure_Costs,00_00_13_00,D&G,average,60,242.84,0.44,00,00,13,00
Municipality_Measure_Costs,00_00_13_00,D&G,average,100,604.33,0.84,00,00,13,00
Municipality_Measure_Costs,00_00_13_00,D&G&Wp,average,20,28.16,0.09,00,00,13,00
Municipality_Measure_Costs,00_00_13_00,D&G&Wp,average,60,267.46,0.49,00,00,13,00
Municipality_Measure_Costs,00_00_13_00,D&G&Wp,average,100,618.79,0.86,00,00,13,00
Municipality_Measure_Costs,00_00_13_00,D&Wp,average,20,28.16,0.09,00,00,13,00
Municipality_Measure_Costs,00_00_13_00,D&Wp,average,60,270.25,0.49,00,00,13,00
Municipality_Measure_Costs,00_00_13_00,D&Wp,average,100,617.38,0.86,00,00,13,00
Municipality_Measure_Costs,00_00_13_00,G,average,20,28.16,0.09,00,00,13,00
Municipality_Measure_Costs,00_00_13_00,G,average,60,261.89,0.48,00,00,13,00
Municipality_Measure_Costs,00_00_13_00,G,average,100,621.63,0.86,00,00,13,00
Municipality_Measure_Costs,00_00_13_00,G&Wp,average,20,28.16,0.09,00,00,13,00
Municipality_Measure_Costs,00_00_13_00,G&Wp,average,60,289.3,0.53,00,00,13,00
Municipality_Measure_Costs,00_00_13_00,G&Wp,average,100,634.68,0.88,00,00,13,00
Municipality_Measure_Costs,00_00_13_00,Wp,average,20,28.16,0.09,00,00,13,00
Municipality_Measure_Costs,00_00_13_00,Wp,average,60,316.7,0.58,00,00,13,00
Municipality_Measure_Costs,00_00_13_00,Wp,average,100,647.73,0.9,00,00,13,00
Municipality_Measure_Costs,00_00_13_01,D,average,20,28.16,0.09,00,00,13,01
Municipality_Measure_Costs,00_00_13_01,D,average,60,223.79,0.41,00,00,13,01
Municipality_Measure_Costs,00_00_13_01,D,average,100,587.02,0.82,00,00,13,01
Municipality_Measure_Costs,00_00_13_01,D&G,average,20,28.16,0.09,00,00,13,01
Municipality_Measure_Costs,00_00_13_01,D&G,average,60,242.84,0.44,00,00,13,01
Municipality_Measure_Costs,00_00_13_01,D&G,average,100,604.33,0.84,00,00,13,01
Municipality_Measure_Costs,00_00_13_01,D&G&Wp,average,20,28.16,0.09,00,00,13,01
Municipality_Measure_Costs,00_00_13_01,D&G&Wp,average,60,267.46,0.49,00,00,13,01
Municipality_Measure_Costs,00_00_13_01,D&G&Wp,average,100,618.79,0.86,00,00,13,01
Municipality_Measure_Costs,00_00_13_01,D&Wp,average,20,28.16,0.09,00,00,13,01
Municipality_Measure_Costs,00_00_13_01,D&Wp,average,60,270.25,0.49,00,00,13,01
Municipality_Measure_Costs,00_00_13_01,D&Wp,average,100,617.38,0.86,00,00,13,01
Municipality_Measure_Costs,00_00_13_01,G,average,20,28.16,0.09,00,00,13,01
Municipality_Measure_Costs,00_00_13_01,G,average,60,261.89,0.48,00,00,13,01
Municipality_Measure_Costs,00_00_13_01,G,average,100,621.63,0.86,00,00,13,01
Municipality_Measure_Costs,00_00_13_01,G&Wp,average,20,28.16,0.09,00,00,13,01
Municipality_Measure_Costs,00_00_13_01,G&Wp,average,60,289.3,0.53,00,00,13,01
Municipality_Measure_Costs,00_00_13_01,G&Wp,average,100,634.68,0.88,00,00,13,01
Municipality_Measure_Costs,00_00_13_01,Wp,average,20,28.16,0.09,00,00,13,01
Municipality_Measure_Costs,00_00_13_01,Wp,average,60,316.7,0.58,00,00,13,01
Municipality_Measure_Costs,00_00_13_01,Wp,average,100,647.73,0.9,00,00,13,01
Municipality_Measure_Costs,00_00_13_02,D,average,20,28.16,0.09,00,00,13,02
Municipality_Measure_Costs,00_00_13_02,D,average,60,223.79,0.41,00,00,13,02
Municipality_Measure_Costs,00_00_13_02,D,average,100,587.02,0.82,00,00,13,02
Municipality_Measure_Costs,00_00_13_02,D&G,average,20,28.16,0.09,00,00,13,02
Municipality_Measure_Costs,00_00_13_02,D&G,average,60,242.84,0.44,00,00,13,02
Municipality_Measure_Costs,00_00_13_02,D&G,average,100,604.33,0.84,00,00,13,02
Municipality_Measure_Costs,00_00_13_02,D&G&Wp,average,20,28.16,0.09,00,00,13,02
Municipality_Measure_Costs,00_00_13_02,D&G&Wp,average,60,267.46,0.49,00,00,13,02
Municipality_Measure_Costs,00_00_13_02,D&G&Wp,average,100,618.79,0.86,00,00,13,02
Municipality_Measure_Costs,00_00_13_02,D&Wp,average,20,28.16,0.09,00,00,13,02
Municipality_Measure_Costs,00_00_13_02,D&Wp,average,60,270.25,0.49,00,00,13,02
Municipality_Measure_Costs,00_00_13_02,D&Wp,average,100,617.38,0.86,00,00,13,02
Municipality_Measure_Costs,00_00_13_02,G,average,20,28.16,0.09,00,00,13,02
Municipality_Measure_Costs,00_00_13_02,G,average,60,261.89,0.48,00,00,13,02
Municipality_Measure_Costs,00_00_13_02,G,average,100,621.63,0.86,00,00,13,02
Municipality_Measure_Costs,00_00_13_02,G&Wp,average,20,28.16,0.09,00,00,13,02
Municipality_Measure_Costs,00_00_13_02,G&Wp,average,60,289.3,0.53,00,00,13,02
Municipality_Measure_Costs,00_00_13_02,G&Wp,average,100,634.68,0.88,00,00,13,02
Municipality_Measure_Costs,00_00_13_02,Wp,average,20,28.16,0.09,00,00,13,02
Municipality_Measure_Costs,00_00_13_02,Wp,average,60,316.7,0.58,00,00,13,02
Municipality_Measure_Costs,00_00_13_02,Wp,average,100,647.73,0.9,00,00,13,02
Municipality_Measure_Costs,00_00_13_04,D,average,20,28.16,0.09,00,00,13,04
Municipality_Measure_Costs,00_00_13_04,D,average,60,223.79,0.41,00,00,13,04
Municipality_Measure_Costs,00_00_13_04,D,average,100,587.02,0.82,00,00,13,04
Municipality_Measure_Costs,00_00_13_04,D&G,average,20,28.16,0.09,00,00,13,04
Municipality_Measure_Costs,00_00_13_04,D&G,average,60,242.84,0.44,00,00,13,04
Municipality_Measure_Costs,00_00_13_04,D&G,average,100,604.33,0.84,00,00,13,04
Municipality_Measure_Costs,00_00_13_04,D&G&Wp,average,20,28.16,0.09,00,00,13,04
Municipality_Measure_Costs,00_00_13_04,D&G&Wp,average,60,267.46,0.49,00,00,13,04
Municipality_Measure_Costs,00_00_13_04,D&G&Wp,average,100,618.79,0.86,00,00,13,04
Municipality_Measure_Costs,00_00_13_04,D&Wp,average,20,28.16,0.09,00,00,13,04
Municipality_Measure_Costs,00_00_13_04,D&Wp,average,60,270.25,0.49,00,00,13,04
Municipality_Measure_Costs,00_00_13_04,D&Wp,average,100,617.38,0.86,00,00,13,04
Municipality_Measure_Costs,00_00_13_04,G,average,20,28.16,0.09,00,00,13,04
Municipality_Measure_Costs,00_00_13_04,G,average,60,261.89,0.48,00,00,13,04
Municipality_Measure_Costs,00_00_13_04,G,average,100,621.63,0.86,00,00,13,04
Municipality_Measure_Costs,00_00_13_04,G&Wp,average,20,28.16,0.09,00,00,13,04
Municipality_Measure_Costs,00_00_13_04,G&Wp,average,60,289.3,0.53,00,00,13,04
Municipality_Measure_Costs,00_00_13_04,G&Wp,average,100,634.68,0.88,00,00,13,04
Municipality_Measure_Costs,00_00_13_04,Wp,average,20,28.16,0.09,00,00,13,04
Municipality_Measure_Costs,00_00_13_04,Wp,average,60,316.7,0.58,00,00,13,04
Municipality_Measure_Costs,00_00_13_04,Wp,average,100,647.73,0.9,00,00,13,04
Municipality_Measure_Costs,00_00_13_05,D,average,20,28.16,0.09,00,00,13,05
Municipality_Measure_Costs,00_00_13_05,D,average,60,223.79,0.41,00,00,13,05
Municipality_Measure_Costs,00_00_13_05,D,average,100,587.02,0.82,00,00,13,05
Municipality_Measure_Costs,00_00_13_05,D&G,average,20,28.16,0.09,00,00,13,05
Municipality_Measure_Costs,00_00_13_05,D&G,average,60,242.84,0.44,00,00,13,05
Municipality_Measure_Costs,00_00_13_05,D&G,average,100,604.33,0.84,00,00,13,05
Municipality_Measure_Costs,00_00_13_05,D&G&Wp,average,20,28.16,0.09,00,00,13,05
Municipality_Measure_Costs,00_00_13_05,D&G&Wp,average,60,267.46,0.49,00,00,13,05
Municipality_Measure_Costs,00_00_13_05,D&G&Wp,average,100,618.79,0.86,00,00,13,05
Municipality_Measure_Costs,00_00_13_05,D&Wp,average,20,28.16,0.09,00,00,13,05
Municipality_Measure_Costs,00_00_13_05,D&Wp,average,60,270.25,0.49,00,00,13,05
Municipality_Measure_Costs,00_00_13_05,D&Wp,average,100,617.38,0.86,00,00,13,05
Municipality_Measure_Costs,00_00_13_05,G,average,20,28.16,0.09,00,00,13,05
Municipality_Measure_Costs,00_00_13_05,G,average,60,261.89,0.48,00,00,13,05
Municipality_Measure_Costs,00_00_13_05,G,average,100,621.63,0.86,00,00,13,05
Municipality_Measure_Costs,00_00_13_05,G&Wp,average,20,28.16,0.09,00,00,13,05
Municipality_Measure_Costs,00_00_13_05,G&Wp,average,60,289.3,0.53,00,00,13,05
Municipality_Measure_Costs,00_00_13_05,G&Wp,average,100,634.68,0.88,00,00,13,05
Municipality_Measure_Costs,00_00_13_05,Wp,average,20,28.16,0.09,00,00,13,05
Municipality_Measure_Costs,00_00_13_05,Wp,average,60,316.7,0.58,00,00,13,05
Municipality_Measure_Costs,00_00_13_05,Wp,average,100,647.73,0.9,00,00,13,05
Municipality_Measure_Costs,00_00_13_07,D,average,20,28.16,0.09,00,00,13,07
Municipality_Measure_Costs,00_00_13_07,D,average,60,223.79,0.41,00,00,13,07
Municipality_Measure_Costs,00_00_13_07,D,average,100,587.02,0.82,00,00,13,07
Municipality_Measure_Costs,00_00_13_07,D&G,average,20,28.16,0.09,00,00,13,07
Municipality_Measure_Costs,00_00_13_07,D&G,average,60,242.84,0.44,00,00,13,07
Municipality_Measure_Costs,00_00_13_07,D&G,average,100,604.33,0.84,00,00,13,07
Municipality_Measure_Costs,00_00_13_07,D&G&Wp,average,20,28.16,0.09,00,00,13,07
Municipality_Measure_Costs,00_00_13_07,D&G&Wp,average,60,267.46,0.49,00,00,13,07
Municipality_Measure_Costs,00_00_13_07,D&G&Wp,average,100,618.79,0.86,00,00,13,07
Municipality_Measure_Costs,00_00_13_07,D&Wp,average,20,28.16,0.09,00,00,13,07
Municipality_Measure_Costs,00_00_13_07,D&Wp,average,60,270.25,0.49,00,00,13,07
Municipality_Measure_Costs,00_00_13_07,D&Wp,average,100,617.38,0.86,00,00,13,07
Municipality_Measure_Costs,00_00_13_07,G,average,20,28.16,0.09,00,00,13,07
Municipality_Measure_Costs,00_00_13_07,G,average,60,261.89,0.48,00,00,13,07
Municipality_Measure_Costs,00_00_13_07,G,average,100,621.63,0.86,00,00,13,07
Municipality_Measure_Costs,00_00_13_07,G&Wp,average,20,28.16,0.09,00,00,13,07
Municipality_Measure_Costs,00_00_13_07,G&Wp,average,60,289.3,0.53,00,00,13,07
Municipality_Measure_Costs,00_00_13_07,G&Wp,average,100,634.68,0.88,00,00,13,07
Municipality_Measure_Costs,00_00_13_07,Wp,average,20,28.16,0.09,00,00,13,07
Municipality_Measure_Costs,00_00_13_07,Wp,average,60,316.7,0.58,00,00,13,07
Municipality_Measure_Costs,00_00_13_07,Wp,average,100,647.73,0.9,00,00,13,07
Municipality_Measure_Costs,00_00_13_08,D,average,20,28.16,0.09,00,00,13,08
Municipality_Measure_Costs,00_00_13_08,D,average,60,223.79,0.41,00,00,13,08
Municipality_Measure_Costs,00_00_13_08,D,average,100,587.02,0.82,00,00,13,08
Municipality_Measure_Costs,00_00_13_08,D&G,average,20,28.16,0.09,00,00,13,08
Municipality_Measure_Costs,00_00_13_08,D&G,average,60,242.84,0.44,00,00,13,08
Municipality_Measure_Costs,00_00_13_08,D&G,average,100,604.33,0.84,00,00,13,08
Municipality_Measure_Costs,00_00_13_08,D&G&Wp,average,20,28.16,0.09,00,00,13,08
Municipality_Measure_Costs,00_00_13_08,D&G&Wp,average,60,267.46,0.49,00,00,13,08
Municipality_Measure_Costs,00_00_13_08,D&G&Wp,average,100,618.79,0.86,00,00,13,08
Municipality_Measure_Costs,00_00_13_08,D&Wp,average,20,28.16,0.09,00,00,13,08
Municipality_Measure_Costs,00_00_13_08,D&Wp,average,60,270.25,0.49,00,00,13,08
Municipality_Measure_Costs,00_00_13_08,D&Wp,average,100,617.38,0.86,00,00,13,08
Municipality_Measure_Costs,00_00_13_08,G,average,20,28.16,0.09,00,00,13,08
Municipality_Measure_Costs,00_00_13_08,G,average,60,261.89,0.48,00,00,13,08
Municipality_Measure_Costs,00_00_13_08,G,average,100,621.63,0.86,00,00,13,08
Municipality_Measure_Costs,00_00_13_08,G&Wp,average,20,28.16,0.09,00,00,13,08
Municipality_Measure_Costs,00_00_13_08,G&Wp,average,60,289.3,0.53,00,00,13,08
Municipality_Measure_Costs,00_00_13_08,G&Wp,average,100,634.68,0.88,00,00,13,08
Municipality_Measure_Costs,00_00_13_08,Wp,average,20,28.16,0.09,00,00,13,08
Municipality_Measure_Costs,00_00_13_08,Wp,average,60,316.7,0.58,00,00,13,08
Municipality_Measure_Costs,00_00_13_08,Wp,average,100,647.73,0.9,00,00,13,08
Municipality_Measure_Costs,00_00_13_09,D,average,20,28.16,0.09,00,00,13,09
Municipality_Measure_Costs,00_00_13_09,D,average,60,223.79,0.41,00,00,13,09
Municipality_Measure_Costs,00_00_13_09,D,average,100,587.02,0.82,00,00,13,09
Municipality_Measure_Costs,00_00_13_09,D&G,average,20,28.16,0.09,00,00,13,09
Municipality_Measure_Costs,00_00_13_09,D&G,average,60,242.84,0.44,00,00,13,09
Municipality_Measure_Costs,00_00_13_09,D&G,average,100,604.33,0.84,00,00,13,09
Municipality_Measure_Costs,00_00_13_09,D&G&Wp,average,20,28.16,0.09,00,00,13,09
Municipality_Measure_Costs,00_00_13_09,D&G&Wp,average,60,267.46,0.49,00,00,13,09
Municipality_Measure_Costs,00_00_13_09,D&G&Wp,average,100,618.79,0.86,00,00,13,09
Municipality_Measure_Costs,00_00_13_09,D&Wp,average,20,28.16,0.09,00,00,13,09
Municipality_Measure_Costs,00_00_13_09,D&Wp,average,60,270.25,0.49,00,00,13,09
Municipality_Measure_Costs,00_00_13_09,D&Wp,average,100,617.38,0.86,00,00,13,09
Municipality_Measure_Costs,00_00_13_09,G,average,20,28.16,0.09,00,00,13,09
Municipality_Measure_Costs,00_00_13_09,G,average,60,261.89,0.48,00,00,13,09
Municipality_Measure_Costs,00_00_13_09,G,average,100,621.63,0.86,00,00,13,09
Municipality_Measure_Costs,00_00_13_09,G&Wp,average,20,28.16,0.09,00,00,13,09
Municipality_Measure_Costs,00_00_13_09,G&Wp,average,60,289.3,0.53,00,00,13,09
Municipality_Measure_Costs,00_00_13_09,G&Wp,average,100,634.68,0.88,00,00,13,09
Municipality_Measure_Costs,00_00_13_09,Wp,average,20,28.16,0.09,00,00,13,09
Municipality_Measure_Costs,00_00_13_09,Wp,average,60,316.7,0.58,00,00,13,09
Municipality_Measure_Costs,00_00_13_09,Wp,average,100,647.73,0.9,00,00,13,09
Municipality_Structural_Damage,00_00_00_00,D,average,20,670.52,1.0,00,00,00,00
Municipality_Structural_Damage,00_00_00_00,D,average,60,2363.56,1.0,00,00,00,00
Municipality_Structural_Damage,00_00_00_00,D,average,100,3922.26,1.0,00,00,00,00
Municipality_Structural_Damage,00_00_00_00,D&G,average,20,733.12,1.0,00,00,00,00
Municipality_Structural_Damage,00_00_00_00,D&G,average,60,2708.88,1.0,00,00,00,00
Municipality_Structural_Damage,00_00_00_00,D&G,average,100,4856.35,1.0,00,00,00,00
Municipality_Structural_Damage,00_00_00_00,D&G&Wp,average,20,781.14,1.0,00,00,00,00
Municipality_Structural_Damage,00_00_00_00,D&G&Wp,average,60,3278.24,1.0,00,00,00,00
Municipality_Structural_Damage,00_00_00_00,D&G&Wp,average,100,6672.49,1.0,00,00,00,00
Municipality_Structural_Damage,00_00_00_00,D&Wp,average,20,773.84,1.0,00,00,00,00
Municipality_Structural_Damage,00_00_00_00,D&Wp,average,60,3390.25,1.0,00,00,00,00
Municipality_Structural_Damage,00_00_00_00,D&Wp,average,100,7113.51,1.0,00,00,00,00
Municipality_Structural_Damage,00_00_00_00,G,average,20,795.72,1.0,00,00,00,00
Municipality_Structural_Damage,00_00_00_00,G,average,60,3054.21,1.0,00,00,00,00
Municipality_Structural_Damage,00_00_00_00,G,average,100,5790.45,1.0,00,00,00,00
Municipality_Structural_Damage,00_00_00_00,G&Wp,average,20,836.45,1.0,00,00,00,00
Municipality_Structural_Damage,00_00_00_00,G&Wp,average,60,3735.58,1.0,00,00,00,00
Municipality_Structural_Damage,00_00_00_00,G&Wp,average,100,8047.61,1.0,00,00,00,00
Municipality_Structural_Damage,00_00_00_00,Wp,average,20,877.17,1.0,00,00,00,00
Municipality_Structural_Damage,00_00_00_00,Wp,average,60,4416.94,1.0,00,00,00,00
Municipality_Structural_Damage,00_00_00_00,Wp,average,100,10304.77,1.0,00,00,00,00
Municipality_Structural_Damage,00_00_00_01,D,average,20,670.52,1.0,00,00,00,01
Municipality_Structural_Damage,00_00_00_01,D,average,60,2363.56,1.0,00,00,00,01
Municipality_Structural_Damage,00_00_00_01,D,average,100,3922.26,1.0,00,00,00,01
Municipality_Structural_Damage,00_00_00_01,D&G,average,20,733.12,1.0,00,00,00,01
Municipality_Structural_Damage,00_00_00_01,D&G,average,60,2708.88,1.0,00,00,00,01
Municipality_Structural_Damage,00_00_00_01,D&G,average,100,4856.35,1.0,00,00,00,01
Municipality_Structural_Damage,00_00_00_01,D&G&Wp,average,20,781.14,1.0,00,00,00,01
Municipality_Structural_Damage,00_00_00_01,D&G&Wp,average,60,3278.24,1.0,00,00,00,01
Municipality_Structural_Damage,00_00_00_01,D&G&Wp,average,100,6672.49,1.0,00,00,00,01
Municipality_Structural_Damage,00_00_00_01,D&Wp,average,20,773.84,1.0,00,00,00,01
Municipality_Structural_Damage,00_00_00_01,D&Wp,average,60,3390.25,1.0,00,00,00,01
Municipality_Structural_Damage,00_00_00_01,D&Wp,average,100,7113.51,1.0,00,00,00,01
Municipality_Structural_Damage,00_00_00_01,G,average,20,795.72,1.0,00,00,00,01
Municipality_Structural_Damage,00_00_00_01,G,average,60,3054.21,1.0,00,00,00,01
Municipality_Structural_Damage,00_00_00_01,G,average,100,5790.45,1.0,00,00,00,01
Municipality_Structural_Damage,00_00_00_01,G&Wp,average,20,836.45,1.0,00,00,00,01
Municipality_Structural_Damage,00_00_00_01,G&Wp,average,60,3735.58,1.0,00,00,00,01
Municipality_Structural_Damage,00_00_00_01,G&Wp,average,100,8047.61,1.0,00,00,00,01
Municipality_Structural_Damage,00_00_00_01,Wp,average,20,877.17,1.0,00,00,00,01
Municipality_Structural_Damage,00_00_00_01,Wp,average,60,4416.94,1.0,00,00,00,01
Municipality_Structural_Damage,00_00_00_01,Wp,average,100,10304.77,1.0,00,00,00,01
Municipality_Structural_Damage,00_00_00_02,D,average,20,670.52,1.0,00,00,00,02
Municipality_Structural_Damage,00_00_00_02,D,average,60,2363.56,1.0,00,00,00,02
Municipality_Structural_Damage,00_00_00_02,D,average,100,3922.26,1.0,00,00,00,02
Municipality_Structural_Damage,00_00_00_02,D&G,average,20,733.12,1.0,00,00,00,02
Municipality_Structural_Damage,00_00_00_02,D&G,average,60,2708.88,1.0,00,00,00,02
Municipality_Structural_Damage,00_00_00_02,D&G,average,100,4856.35,1.0,00,00,00,02
Municipality_Structural_Damage,00_00_00_02,D&G&Wp,average,20,781.14,1.0,00,00,00,02
Municipality_Structural_Damage,00_00_00_02,D&G&Wp,average,60,3278.24,1.0,00,00,00,02
Municipality_Structural_Damage,00_00_00_02,D&G&Wp,average,100,6672.49,1.0,00,00,00,02
Municipality_Structural_Damage,00_00_00_02,D&Wp,average,20,773.84,1.0,00,00,00,02
Municipality_Structural_Damage,00_00_00_02,D&Wp,average,60,3390.25,1.0,00,00,00,02
Municipality_Structural_Damage,00_00_00_02,D&Wp,average,100,7113.51,1.0,00,00,00,02
Municipality_Structural_Damage,00_00_00_02,G,average,20,795.72,1.0,00,00,00,02
Municipality_Structural_Damage,00_00_00_02,G,average,60,3054.21,1.0,00,00,00,02
Municipality_Structural_Damage,00_00_00_02,G,average,100,5790.45,1.0,00,00,00,02
Municipality_Structural_Damage,00_00_00_02,G&Wp,average,20,836.45,1.0,00,00,00,02
Municipality_Structural_Damage,00_00_00_02,G&Wp,average,60,3735.58,1.0,00,00,00,02
Municipality_Structural_Damage,00_00_00_02,G&Wp,average,100,8047.61,1.0,00,00,00,02
Municipality_Structural_Damage,00_00_00_02,Wp,average,20,877.17,1.0,00,00,00,02
Municipality_Structural_Damage,00_00_00_02,Wp,average,60,4416.94,1.0,00,00,00,02
Municipality_Structural_Damage,00_00_00_02,Wp,average,100,10304.77,1.0,00,00,00,02
Municipality_Structural_Damage,00_00_00_04,D,average,20,670.52,1.0,00,00,00,04
Municipality_Structural_Damage,00_00_00_04,D,average,60,2363.56,1.0,00,00,00,04
Municipality_Structural_Damage,00_00_00_04,D,average,100,3922.26,1.0,00,00,00,04
Municipality_Structural_Damage,00_00_00_04,D&G,average,20,733.12,1.0,00,00,00,04
Municipality_Structural_Damage,00_00_00_04,D&G,average,60,2708.88,1.0,00,00,00,04
Municipality_Structural_Damage,00_00_00_04,D&G,average,100,4856.35,1.0,00,00,00,04
Municipality_Structural_Damage,00_00_00_04,D&G&Wp,average,20,781.14,1.0,00,00,00,04
Municipality_Structural_Damage,00_00_00_04,D&G&Wp,average,60,3278.24,1.0,00,00,00,04
Municipality_Structural_Damage,00_00_00_04,D&G&Wp,average,100,6672.49,1.0,00,00,00,04
Municipality_Structural_Damage,00_00_00_04,D&Wp,average,20,773.84,1.0,00,00,00,04
Municipality_Structural_Damage,00_00_00_04,D&Wp,average,60,3390.25,1.0,00,00,00,04
Municipality_Structural_Damage,00_00_00_04,D&Wp,average,100,7113.51,1.0,00,00,00,04
Municipality_Structural_Damage,00_00_00_04,G,average,20,795.72,1.0,00,00,00,04
Municipality_Structural_Damage,00_00_00_04,G,average,60,3054.21,1.0,00,00,00,04
Municipality_Structural_Damage,00_00_00_04,G,average,100,5790.45,1.0,00,00,00,04
Municipality_Structural_Damage,00_00_00_04,G&Wp,average,20,836.45,1.0,00,00,00,04
Municipality_Structural_Damage,00_00_00_04,G&Wp,average,60,3735.58,1.0,00,00,00,04
Municipality_Structural_Damage,00_00_00_04,G&Wp,average,100,8047.61,1.0,00,00,00,04
Municipality_Structural_Damage,00_00_00_04,Wp,average,20,877.17,1.0,00,00,00,04
Municipality_Structural_Damage,00_00_00_04,Wp,average,60,4416.94,1.0,00,00,00,04
Municipality_Structural_Damage,00_00_00_04,Wp,average,100,10304.77,1.0,00,00,00,04
Municipality_Structural_Damage,00_00_00_05,D,average,20,670.52,1.0,00,00,00,05
Municipality_Structural_Damage,00_00_00_05,D,average,60,2363.56,1.0,00,00,00,05
Municipality_Structural_Damage,00_00_00_05,D,average,100,3922.26,1.0,00,00,00,05
Municipality_Structural_Damage,00_00_00_05,D&G,average,20,733.12,1.0,00,00,00,05
Municipality_Structural_Damage,00_00_00_05,D&G,average,60,2708.88,1.0,00,00,00,05
Municipality_Structural_Damage,00_00_00_05,D&G,average,100,4856.35,1.0,00,00,00,05
Municipality_Structural_Damage,00_00_00_05,D&G&Wp,average,20,781.14,1.0,00,00,00,05
Municipality_Structural_Damage,00_00_00_05,D&G&Wp,average,60,3278.24,1.0,00,00,00,05
Municipality_Structural_Damage,00_00_00_05,D&G&Wp,average,100,6672.49,1.0,00,00,00,05
Municipality_Structural_Damage,00_00_00_05,D&Wp,average,20,773.84,1.0,00,00,00,05
Municipality_Structural_Damage,00_00_00_05,D&Wp,average,60,3390.25,1.0,00,00,00,05
Municipality_Structural_Damage,00_00_00_05,D&Wp,average,100,7113.51,1.0,00,00,00,05
Municipality_Structural_Damage,00_00_00_05,G,average,20,795.72,1.0,00,00,00,05
Municipality_Structural_Damage,00_00_00_05,G,average,60,3054.21,1.0,00,00,00,05
Municipality_Structural_Damage,00_00_00_05,G,average,100,5790.45,1.0,00,00,00,05
Municipality_Structural_Damage,00_00_00_05,G&Wp,average,20,836.45,1.0,00,00,00,05
Municipality_Structural_Damage,00_00_00_05,G&Wp,average,60,3735.58,1.0,00,00,00,05
Municipality_Structural_Damage,00_00_00_05,G&Wp,average,100,8047.61,1.0,00,00,00,05
Municipality_Structural_Damage,00_00_00_05,Wp,average,20,877.17,1.0,00,00,00,05
Municipality_Structural_Damage,00_00_00_05,Wp,average,60,4416.94,1.0,00,00,00,05
Municipality_Structural_Damage,00_00_00_05,Wp,average,100,10304.77,1.0,00,00,00,05
Municipality_Structural_Damage,00_00_00_07,D,average,20,670.52,1.0,00,00,00,07
Municipality_Structural_Damage,00_00_00_07,D,average,60,2363.56,1.0,00,00,00,07
Municipality_Structural_Damage,00_00_00_07,D,average,100,3922.26,1.0,00,00,00,07
Municipality_Structural_Damage,00_00_00_07,D&G,average,20,733.12,1.0,00,00,00,07
Municipality_Structural_Damage,00_00_00_07,D&G,average,60,2708.88,1.0,00,00,00,07
Municipality_Structural_Damage,00_00_00_07,D&G,average,100,4856.35,1.0,00,00,00,07
Municipality_Structural_Damage,00_00_00_07,D&G&Wp,average,20,781.14,1.0,00,00,00,07
Municipality_Structural_Damage,00_00_00_07,D&G&Wp,average,60,3278.24,1.0,00,00,00,07
Municipality_Structural_Damage,00_00_00_07,D&G&Wp,average,100,6672.49,1.0,00,00,00,07
Municipality_Structural_Damage,00_00_00_07,D&Wp,average,20,773.84,1.0,00,00,00,07
Municipality_Structural_Damage,00_00_00_07,D&Wp,average,60,3390.25,1.0,00,00,00,07
Municipality_Structural_Damage,00_00_00_07,D&Wp,average,100,7113.51,1.0,00,00,00,07
Municipality_Structural_Damage,00_00_00_07,G,average,20,795.72,1.0,00,00,00,07
Municipality_Structural_Damage,00_00_00_07,G,average,60,3054.21,1.0,00,00,00,07
Municipality_Structural_Damage,00_00_00_07,G,average,100,5790.45,1.0,00,00,00,07
Municipality_Structural_Damage,00_00_00_07,G&Wp,average,20,836.45,1.0,00,00,00,07
Municipality_Structural_Damage,00_00_00_07,G&Wp,average,60,3735.58,1.0,00,00,00,07
Municipality_Structural_Damage,00_00_00_07,G&Wp,average,100,8047.61,1.0,00,00,00,07
Municipality_Structural_Damage,00_00_00_07,Wp,average,20,877.17,1.0,00,00,00,07
Municipality_Structural_Damage,00_00_00_07,Wp,average,60,4416.94,1.0,00,00,00,07
Municipality_Structural_Damage,00_00_00_07,Wp,average,100,10304.77,1.0,00,00,00,07
Municipality_Structural_Damage,00_00_00_08,D,average,20,670.52,1.0,00,00,00,08
Municipality_Structural_Damage,00_00_00_08,D,average,60,2363.56,1.0,00,00,00,08
Municipality_Structural_Damage,00_00_00_08,D,average,100,3922.26,1.0,00,00,00,08
Municipality_Structural_Damage,00_00_00_08,D&G,average,20,733.12,1.0,00,00,00,08
Municipality_Structural_Damage,00_00_00_08,D&G,average,60,2708.88,1.0,00,00,00,08
Municipality_Structural_Damage,00_00_00_08,D&G,average,100,4856.35,1.0,00,00,00,08
Municipality_Structural_Damage,00_00_00_08,D&G&Wp,average,20,781.14,1.0,00,00,00,08
Municipality_Structural_Damage,00_00_00_08,D&G&Wp,average,60,3278.24,1.0,00,00,00,08
Municipality_Structural_Damage,00_00_00_08,D&G&Wp,average,100,6672.49,1.0,00,00,00,08
Municipality_Structural_Damage,00_00_00_08,D&Wp,average,20,773.84,1.0,00,00,00,08
Municipality_Structural_Damage,00_00_00_08,D&Wp,average,60,3390.25,1.0,00,00,00,08
Municipality_Structural_Damage,00_00_00_08,D&Wp,average,100,7113.51,1.0,00,00,00,08
Municipality_Structural_Damage,00_00_00_08,G,average,20,795.72,1.0,00,00,00,08
Municipality_Structural_Damage,00_00_00_08,G,average,60,3054.21,1.0,00,00,00,08
Municipality_Structural_Damage,00_00_00_08,G,average,100,5790.45,1.0,00,00,00,08
Municipality_Structural_Damage,00_00_00_08,G&Wp,average,20,836.45,1.0,00,00,00,08
Municipality_Structural_Damage,00_00_00_08,G&Wp,average,60,3735.58,1.0,00,00,00,08
Municipality_Structural_Damage,00_00_00_08,G&Wp,average,100,8047.61,1.0,00,00,00,08
Municipality_Structural_Damage,00_00_00_08,Wp,average,20,877.17,1.0,00,00,00,08
Municipality_Structural_Damage,00_00_00_08,Wp,average,60,4416.94,1.0,00,00,00,08
Municipality_Structural_Damage,00_00_00_08,Wp,average,100,10304.77,1.0,00,00,00,08
Municipality_Structural_Damage,00_00_00_09,D,average,20,670.52,1.0,00,00,00,09
Municipality_Structural_Damage,00_00_00_09,D,average,60,2363.56,1.0,00,00,00,09
Municipality_Structural_Damage,00_00_00_09,D,average,100,3922.26,1.0,00,00,00,09
Municipality_Structural_Damage,00_00_00_09,D&G,average,20,733.12,1.0,00,00,00,09
Municipality_Structural_Damage,00_00_00_09,D&G,average,60,2708.88,1.0,00,00,00,09
Municipality_Structural_Damage,00_00_00_09,D&G,average,100,4856.35,1.0,00,00,00,09
Municipality_Structural_Damage,00_00_00_09,D&G&Wp,average,20,781.14,1.0,00,00,00,09
Municipality_Structural_Damage,00_00_00_09,D&G&Wp,average,60,3278.24,1.0,00,00,00,09
Municipality_Structural_Damage,00_00_00_09,D&G&Wp,average,100,6672.49,1.0,00,00,00,09
Municipality_Structural_Damage,00_00_00_09,D&Wp,average,20,773.84,1.0,00,00,00,09
Municipality_Structural_Damage,00_00_00_09,D&Wp,average,60,3390.25,1.0,00,00,00,09
Municipality_Structural_Damage,00_00_00_09,D&Wp,average,100,7113.51,1.0,00,00,00,09
Municipality_Structural_Damage,00_00_00_09,G,average,20,795.72,1.0,00,00,00,09
Municipality_Structural_Damage,00_00_00_09,G,average,60,3054.21,1.0,00,00,00,09
Municipality_Structural_Damage,00_00_00_09,G,average,100,5790.45,1.0,00,00,00,09
Municipality_Structural_Damage,00_00_00_09,G&Wp,average,20,836.45,1.0,00,00,00,09
Municipality_Structural_Damage,00_00_00_09,G&Wp,average,60,3735.58,1.0,00,00,00,09
Municipality_Structural_Damage,00_00_00_09,G&Wp,average,100,8047.61,1.0,00,00,00,09
Municipality_Structural_Damage,00_00_00_09,Wp,average,20,877.17,1.0,00,00,00,09
Municipality_Structural_Damage,00_00_00_09,Wp,average,60,4416.94,1.0,00,00,00,09
Municipality_Structural_Damage,00_00_00_09,Wp,average,100,10304.77,1.0,00,00,00,09
Municipality_Structural_Damage,00_00_01_00,D,average,20,653.42,0.97,00,00,01,00
Municipality_Structural_Damage,00_00_01_00,D,average,60,1954.39,0.83,00,00,01,00
Municipality_Structural_Damage,00_00_01_00,D,average,100,2317.05,0.59,00,00,01,00
Municipality_Structural_Damage,00_00_01_00,D&G,average,20,713.12,0.97,00,00,01,00
Municipality_Structural_Damage,00_00_01_00,D&G,average,60,2199.87,0.81,00,00,01,00
Municipality_Structural_Damage,00_00_01_00,D&G,average,100,2574.7,0.53,00,00,01,00
Municipality_Structural_Damage,00_00_01_00,D&G&Wp,average,20,758.85,0.97,00,00,01,00
Municipality_Structural_Damage,00_00_01_00,D&G&Wp,average,60,2596.02,0.79,00,00,01,00
Municipality_Structural_Damage,00_00_01_00,D&G&Wp,average,100,2887.0,0.43,00,00,01,00
Municipality_Structural_Damage,00_00_01_00,D&Wp,average,20,751.87,0.97,00,00,01,00
Municipality_Structural_Damage,00_00_01_00,D&Wp,average,60,2671.35,0.79,00,00,01,00
Municipality_Structural_Damage,00_00_01_00,D&Wp,average,100,2914.31,0.41,00,00,01,00
Municipality_Structural_Damage,00_00_01_00,G,average,20,772.82,0.97,00,00,01,00
Municipality_Structural_Damage,00_00_01_00,G,average,60,2445.36,0.8,00,00,01,00
Municipality_Structural_Damage,00_00_01_00,G,average,100,2832.36,0.49,00,00,01,00
Municipality_Structural_Damage,00_00_01_00,G&Wp,average,20,811.57,0.97,00,00,01,00
Municipality_Structural_Damage,00_00_01_00,G&Wp,average,60,2916.84,0.78,00,00,01,00
Municipality_Structural_Damage,00_00_01_00,G&Wp,average,100,3171.97,0.39,00,00,01,00
Municipality_Structural_Damage,00_00_01_00,Wp,average,20,850.32,0.97,00,00,01,00
Municipality_Structural_Damage,00_00_01_00,Wp,average,60,3388.32,0.77,00,00,01,00
Municipality_Structural_Damage,00_00_01_00,Wp,average,100,3511.58,0.34,00,00,01,00
Municipality_Structural_Damage,00_00_01_01,D,average,20,653.42,0.97,00,00,01,01
Municipality_Structural_Damage,00_00_01_01,D,average,60,1954.39,0.83,00,00,01,01
Municipality_Structural_Damage,00_00_01_01,D,average,100,2317.05,0.59,00,00,01,01
Municipality_Structural_Damage,00_00_01_01,D&G,average,20,713.12,0.97,00,00,01,01
Municipality_Structural_Damage,00_00_01_01,D&G,average,60,2199.87,0.81,00,00,01,01
Municipality_Structural_Damage,00_00_01_01,D&G,average,100,2574.7,0.53,00,00,01,01
Municipality_Structural_Damage,00_00_01_01,D&G&Wp,average,20,758.85,0.97,00,00,01,01
Municipality_Structural_Damage,00_00_01_01,D&G&Wp,average,60,2596.02,0.79,00,00,01,01
Municipality_Structural_Damage,00_00_01_01,D&G&Wp,average,100,2887.0,0.43,00,00,01,01
Municipality_Structural_Damage,00_00_01_01,D&Wp,average,20,751.87,0.97,00,00,01,01
Municipality_Structural_Damage,00_00_01_01,D&Wp,average,60,2671.35,0.79,00,00,01,01
Municipality_Structural_Damage,00_00_01_01,D&Wp,average,100,2914.31,0.41,00,00,01,01
Municipality_Structural_Damage,00_00_01_01,G,average,20,772.82,0.97,00,00,01,01
Municipality_Structural_Damage,00_00_01_01,G,average,60,2445.36,0.8,00,00,01,01
Municipality_Structural_Damage,00_00_01_01,G,average,100,2832.36,0.49,00,00,01,01
Municipality_Structural_Damage,00_00_01_01,G&Wp,average,20,811.57,0.97,00,00,01,01
Municipality_Structural_Damage,00_00_01_01,G&Wp,average,60,2916.84,0.78,00,00,01,01
Municipality_Structural_Damage,00_00_01_01,G&Wp,average,100,3171.97,0.39,00,00,01,01
Municipality_Structural_Damage,00_00_01_01,Wp,average,20,850.32,0.97,00,00,01,01
Municipality_Structural_Damage,00_00_01_01,Wp,average,60,3388.32,0.77,00,00,01,01
Municipality_Structural_Damage,00_00_01_01,Wp,average,100,3511.58,0.34,00,00,01,01
Municipality_Structural_Damage,00_00_01_02,D,average,20,653.42,0.97,00,00,01,02
Municipality_Structural_Damage,00_00_01_02,D,average,60,1954.39,0.83,00,00,01,02
Municipality_Structural_Damage,00_00_01_02,D,average,100,2317.05,0.59,00,00,01,02
Municipality_Structural_Damage,00_00_01_02,D&G,average,20,713.12,0.97,00,00,01,02
Municipality_Structural_Damage,00_00_01_02,D&G,average,60,2199.87,0.81,00,00,01,02
Municipality_Structural_Damage,00_00_01_02,D&G,average,100,2574.7,0.53,00,00,01,02
Municipality_Structural_Damage,00_00_01_02,D&G&Wp,average,20,758.85,0.97,00,00,01,02
Municipality_Structural_Damage,00_00_01_02,D&G&Wp,average,60,2596.02,0.79,00,00,01,02
Municipality_Structural_Damage,00_00_01_02,D&G&Wp,average,100,2887.0,0.43,00,00,01,02
Municipality_Structural_Damage,00_00_01_02,D&Wp,average,20,751.87,0.97,00,00,01,02
Municipality_Structural_Damage,00_00_01_02,D&Wp,average,60,2671.35,0.79,00,00,01,02
Municipality_Structural_Damage,00_00_01_02,D&Wp,average,100,2914.31,0.41,00,00,01,02
Municipality_Structural_Damage,00_00_01_02,G,average,20,772.82,0.97,00,00,01,02
Municipality_Structural_Damage,00_00_01_02,G,average,60,2445.36,0.8,00,00,01,02
Municipality_Structural_Damage,00_00_01_02,G,average,100,2832.36,0.49,00,00,01,02
Municipality_Structural_Damage,00_00_01_02,G&Wp,average,20,811.57,0.97,00,00,01,02
Municipality_Structural_Damage,00_00_01_02,G&Wp,average,60,2916.84,0.78,00,00,01,02
Municipality_Structural_Damage,00_00_01_02,G&Wp,average,100,3171.97,0.39,00,00,01,02
Municipality_Structural_Damage,00_00_01_02,Wp,average,20,850.32,0.97,00,00,01,02
Municipality_Structural_Damage,00_00_01_02,Wp,average,60,3388.32,0.77,00,00,01,02
Municipality_Structural_Damage,00_00_01_02,Wp,average,100,3511.58,0.34,00,00,01,02
Municipality_Structural_Damage,00_00_01_04,D,average,20,653.42,0.97,00,00,01,04
Municipality_Structural_Damage,00_00_01_04,D,average,60,1954.39,0.83,00,00,01,04
Municipality_Structural_Damage,00_00_01_04,D,average,100,2317.05,0.59,00,00,01,04
Municipality_Structural_Damage,00_00_01_04,D&G,average,20,713.12,0.97,00,00,01,04
Municipality_Structural_Damage,00_00_01_04,D&G,average,60,2199.87,0.81,00,00,01,04
Municipality_Structural_Damage,00_00_01_04,D&G,average,100,2574.7,0.53,00,00,01,04
Municipality_Structural_Damage,00_00_01_04,D&G&Wp,average,20,758.85,0.97,00,00,01,04
Municipality_Structural_Damage,00_00_01_04,D&G&Wp,average,60,2596.02,0.79,00,00,01,04
Municipality_Structural_Damage,00_00_01_04,D&G&Wp,average,100,2887.0,0.43,00,00,01,04
Municipality_Structural_Damage,00_00_01_04,D&Wp,average,20,751.87,0.97,00,00,01,04
Municipality_Structural_Damage,00_00_01_04,D&Wp,average,60,2671.35,0.79,00,00,01,04
Municipality_Structural_Damage,00_00_01_04,D&Wp,average,100,2914.31,0.41,00,00,01,04
Municipality_Structural_Damage,00_00_01_04,G,average,20,772.82,0.97,00,00,01,04
Municipality_Structural_Damage,00_00_01_04,G,average,60,2445.36,0.8,00,00,01,04
Municipality_Structural_Damage,00_00_01_04,G,average,100,2832.36,0.49,00,00,01,04
Municipality_Structural_Damage,00_00_01_04,G&Wp,average,20,811.57,0.97,00,00,01,04
Municipality_Structural_Damage,00_00_01_04,G&Wp,average,60,2916.84,0.78,00,00,01,04
Municipality_Structural_Damage,00_00_01_04,G&Wp,average,100,3171.97,0.39,00,00,01,04
Municipality_Structural_Damage,00_00_01_04,Wp,average,20,850.32,0.97,00,00,01,04
Municipality_Structural_Damage,00_00_01_04,Wp,average,60,3388.32,0.77,00,00,01,04
Municipality_Structural_Damage,00_00_01_04,Wp,average,100,3511.58,0.34,00,00,01,04
Municipality_Structural_Damage,00_00_01_05,D,average,20,653.42,0.97,00,00,01,05
Municipality_Structural_Damage,00_00_01_05,D,average,60,1954.39,0.83,00,00,01,05
Municipality_Structural_Damage,00_00_01_05,D,average,100,2317.05,0.59,00,00,01,05
Municipality_Structural_Damage,00_00_01_05,D&G,average,20,713.12,0.97,00,00,01,05
Municipality_Structural_Damage,00_00_01_05,D&G,average,60,2199.87,0.81,00,00,01,05
Municipality_Structural_Damage,00_00_01_05,D&G,average,100,2574.7,0.53,00,00,01,05
Municipality_Structural_Damage,00_00_01_05,D&G&Wp,average,20,758.85,0.97,00,00,01,05
Municipality_Structural_Damage,00_00_01_05,D&G&Wp,average,60,2596.02,0.79,00,00,01,05
Municipality_Structural_Damage,00_00_01_05,D&G&Wp,average,100,2887.0,0.43,00,00,01,05
Municipality_Structural_Damage,00_00_01_05,D&Wp,average,20,751.87,0.97,00,00,01,05
Municipality_Structural_Damage,00_00_01_05,D&Wp,average,60,2671.35,0.79,00,00,01,05
Municipality_Structural_Damage,00_00_01_05,D&Wp,average,100,2914.31,0.41,00,00,01,05
Municipality_Structural_Damage,00_00_01_05,G,average,20,772.82,0.97,00,00,01,05
Municipality_Structural_Damage,00_00_01_05,G,average,60,2445.36,0.8,00,00,01,05
Municipality_Structural_Damage,00_00_01_05,G,average,100,2832.36,0.49,00,00,01,05
Municipality_Structural_Damage,00_00_01_05,G&Wp,average,20,811.57,0.97,00,00,01,05
Municipality_Structural_Damage,00_00_01_05,G&Wp,average,60,2916.84,0.78,00,00,01,05
Municipality_Structural_Damage,00_00_01_05,G&Wp,average,100,3171.97,0.39,00,00,01,05
Municipality_Structural_Damage,00_00_01_05,Wp,average,20,850.32,0.97,00,00,01,05
Municipality_Structural_Damage,00_00_01_05,Wp,average,60,3388.32,0.77,00,00,01,05
Municipality_Structural_Damage,00_00_01_05,Wp,average,100,3511.58,0.34,00,00,01,05
Municipality_Structural_Damage,00_00_01_07,D,average,20,653.42,0.97,00,00,01,07
Municipality_Structural_Damage,00_00_01_07,D,average,60,1954.39,0.83,00,00,01,07
Municipality_Structural_Damage,00_00_01_07,D,average,100,2317.05,0.59,00,00,01,07
Municipality_Structural_Damage,00_00_01_07,D&G,average,20,713.12,0.97,00,00,01,07
Municipality_Structural_Damage,00_00_01_07,D&G,average,60,2199.87,0.81,00,00,01,07
Municipality_Structural_Damage,00_00_01_07,D&G,average,100,2574.7,0.53,00,00,01,07
Municipality_Structural_Damage,00_00_01_07,D&G&Wp,average,20,758.85,0.97,00,00,01,07
Municipality_Structural_Damage,00_00_01_07,D&G&Wp,average,60,2596.02,0.79,00,00,01,07
Municipality_Structural_Damage,00_00_01_07,D&G&Wp,average,100,2887.0,0.43,00,00,01,07
Municipality_Structural_Damage,00_00_01_07,D&Wp,average,20,751.87,0.97,00,00,01,07
Municipality_Structural_Damage,00_00_01_07,D&Wp,average,60,2671.35,0.79,00,00,01,07
Municipality_Structural_Damage,00_00_01_07,D&Wp,average,100,2914.31,0.41,00,00,01,07
Municipality_Structural_Damage,00_00_01_07,G,average,20,772.82,0.97,00,00,01,07
Municipality_Structural_Damage,00_00_01_07,G,average,60,2445.36,0.8,00,00,01,07
Municipality_Structural_Damage,00_00_01_07,G,average,100,2832.36,0.49,00,00,01,07
Municipality_Structural_Damage,00_00_01_07,G&Wp,average,20,811.57,0.97,00,00,01,07
Municipality_Structural_Damage,00_00_01_07,G&Wp,average,60,2916.84,0.78,00,00,01,07
Municipality_Structural_Damage,00_00_01_07,G&Wp,average,100,3171.97,0.39,00,00,01,07
Municipality_Structural_Damage,00_00_01_07,Wp,average,20,850.32,0.97,00,00,01,07
Municipality_Structural_Damage,00_00_01_07,Wp,average,60,3388.32,0.77,00,00,01,07
Municipality_Structural_Damage,00_00_01_07,Wp,average,100,3511.58,0.34,00,00,01,07
Municipality_Structural_Damage,00_00_01_08,D,average,20,653.42,0.97,00,00,01,08
Municipality_Structural_Damage,00_00_01_08,D,average,60,1954.39,0.83,00,00,01,08
Municipality_Structural_Damage,00_00_01_08,D,average,100,2317.05,0.59,00,00,01,08
Municipality_Structural_Damage,00_00_01_08,D&G,average,20,713.12,0.97,00,00,01,08
Municipality_Structural_Damage,00_00_01_08,D&G,average,60,2199.87,0.81,00,00,01,08
Municipality_Structural_Damage,00_00_01_08,D&G,average,100,2574.7,0.53,00,00,01,08
Municipality_Structural_Damage,00_00_01_08,D&G&Wp,average,20,758.85,0.97,00,00,01,08
Municipality_Structural_Damage,00_00_01_08,D&G&Wp,average,60,2596.02,0.79,00,00,01,08
Municipality_Structural_Damage,00_00_01_08,D&G&Wp,average,100,2887.0,0.43,00,00,01,08
Municipality_Structural_Damage,00_00_01_08,D&Wp,average,20,751.87,0.97,00,00,01,08
Municipality_Structural_Damage,00_00_01_08,D&Wp,average,60,2671.35,0.79,00,00,01,08
Municipality_Structural_Damage,00_00_01_08,D&Wp,average,100,2914.31,0.41,00,00,01,08
Municipality_Structural_Damage,00_00_01_08,G,average,20,772.82,0.97,00,00,01,08
Municipality_Structural_Damage,00_00_01_08,G,average,60,2445.36,0.8,00,00,01,08
Municipality_Structural_Damage,00_00_01_08,G,average,100,2832.36,0.49,00,00,01,08
Municipality_Structural_Damage,00_00_01_08,G&Wp,average,20,811.57,0.97,00,00,01,08
Municipality_Structural_Damage,00_00_01_08,G&Wp,average,60,2916.84,0.78,00,00,01,08
Municipality_Structural_Damage,00_00_01_08,G&Wp,average,100,3171.97,0.39,00,00,01,08
Municipality_Structural_Damage,00_00_01_08,Wp,average,20,850.32,0.97,00,00,01,08
Municipality_Structural_Damage,00_00_01_08,Wp,average,60,3388.32,0.77,00,00,01,08
Municipality_Structural_Damage,00_00_01_08,Wp,average,100,3511.58,0.34,00,00,01,08
Municipality_Structural_Damage,00_00_01_09,D,average,20,653.42,0.97,00,00,01,09
Municipality_Structural_Damage,00_00_01_09,D,average,60,1954.39,0.83,00,00,01,09
Municipality_Structural_Damage,00_00_01_09,D,average,100,2317.05,0.59,00,00,01,09
Municipality_Structural_Damage,00_00_01_09,D&G,average,20,713.12,0.97,00,00,01,09
Municipality_Structural_Damage,00_00_01_09,D&G,average,60,2199.87,0.81,00,00,01,09
Municipality_Structural_Damage,00_00_01_09,D&G,average,100,2574.7,0.53,00,00,01,09
Municipality_Structural_Damage,00_00_01_09,D&G&Wp,average,20,758.85,0.97,00,00,01,09
Municipality_Structural_Damage,00_00_01_09,D&G&Wp,average,60,2596.02,0.79,00,00,01,09
Municipality_Structural_Damage,00_00_01_09,D&G&Wp,average,100,2887.0,0.43,00,00,01,09
Municipality_Structural_Damage,00_00_01_09,D&Wp,average,20,751.87,0.97,00,00,01,09
Municipality_Structural_Damage,00_00_01_09,D&Wp,average,60,2671.35,0.79,00,00,01,09
Municipality_Structural_Damage,00_00_01_09,D&Wp,average,100,2914.31,0.41,00,00,01,09
Municipality_Structural_Damage,00_00_01_09,G,average,20,772.82,0.97,00,00,01,09
Municipality_Structural_Damage,00_00_01_09,G,average,60,2445.36,0.8,00,00,01,09
Municipality_Structural_Damage,00_00_01_09,G,average,100,2832.36,0.49,00,00,01,09
Municipality_Structural_Damage,00_00_01_09,G&Wp,average,20,811.57,0.97,00,00,01,09
Municipality_Structural_Damage,00_00_01_09,G&Wp,average,60,2916.84,0.78,00,00,01,09
Municipality_Structural_Damage,00_00_01_09,G&Wp,average,100,3171.97,0.39,00,00,01,09
Municipality_Structural_Damage,00_00_01_09,Wp,average,20,850.32,0.97,00,00,01,09
Municipality_Structural_Damage,00_00_01_09,Wp,average,60,3388.32,0.77,00,00,01,09
Municipality_Structural_Damage,00_00_01_09,Wp,average,100,3511.58,0.34,00,00,01,09
Municipality_Structural_Damage,00_00_03_00,D,average,20,621.83,0.93,00,00,03,00
Municipality_Structural_Damage,00_00_03_00,D,average,60,1913.56,0.81,00,00,03,00
Municipality_Structural_Damage,00_00_03_00,D,average,100,2267.36,0.58,00,00,03,00
Municipality_Structural_Damage,00_00_03_00,D&G,average,20,679.31,0.93,00,00,03,00
Municipality_Structural_Damage,00_00_03_00,D&G,average,60,2149.8,0.79,00,00,03,00
Municipality_Structural_Damage,00_00_03_00,D&G,average,100,2518.46,0.52,00,00,03,00
Municipality_Structural_Damage,00_00_03_00,D&G&Wp,average,20,722.75,0.93,00,00,03,00
Municipality_Structural_Damage,00_00_03_00,D&G&Wp,average,60,2536.54,0.77,00,00,03,00
Municipality_Structural_Damage,00_00_03_00,D&G&Wp,average,100,2823.4,0.42,00,00,03,00
Municipality_Structural_Damage,00_00_03_00,D&Wp,average,20,715.72,0.92,00,00,03,00
Municipality_Structural_Damage,00_00_03_00,D&Wp,average,60,2611.79,0.77,00,00,03,00
Municipality_Structural_Damage,00_00_03_00,D&Wp,average,100,2850.32,0.4,00,00,03,00
Municipality_Structural_Damage,00_00_03_00,G,average,20,736.8,0.93,00,00,03,00
Municipality_Structural_Damage,00_00_03_00,G,average,60,2386.04,0.78,00,00,03,00
Municipality_Structural_Damage,00_00_03_00,G,average,100,2769.57,0.48,00,00,03,00
Municipality_Structural_Damage,00_00_03_00,G&Wp,average,20,773.21,0.92,00,00,03,00
Municipality_Structural_Damage,00_00_03_00,G&Wp,average,60,2848.03,0.76,00,00,03,00
Municipality_Structural_Damage,00_00_03_00,G&Wp,average,100,3101.43,0.39,00,00,03,00
Municipality_Structural_Damage,00_00_03_00,Wp,average,20,809.62,0.92,00,00,03,00
Municipality_Structural_Damage,00_00_03_00,Wp,average,60,3310.02,0.75,00,00,03,00
Municipality_Structural_Damage,00_00_03_00,Wp,average,100,3433.29,0.33,00,00,03,00
Municipality_Structural_Damage,00_00_03_01,D,average,20,621.83,0.93,00,00,03,01
Municipality_Structural_Damage,00_00_03_01,D,average,60,1913.56,0.81,00,00,03,01
Municipality_Structural_Damage,00_00_03_01,D,average,100,2267.36,0.58,00,00,03,01
Municipality_Structural_Damage,00_00_03_01,D&G,average,20,679.31,0.93,00,00,03,01
Municipality_Structural_Damage,00_00_03_01,D&G,average,60,2149.8,0.79,00,00,03,01
Municipality_Structural_Damage,00_00_03_01,D&G,average,100,2518.46,0.52,00,00,03,01
Municipality_Structural_Damage,00_00_03_01,D&G&Wp,average,20,722.75,0.93,00,00,03,01
Municipality_Structural_Damage,00_00_03_01,D&G&Wp,average,60,2536.54,0.77,00,00,03,01
Municipality_Structural_Damage,00_00_03_01,D&G&Wp,average,100,2823.4,0.42,00,00,03,01
Municipality_Structural_Damage,00_00_03_01,D&Wp,average,20,715.72,0.92,00,00,03,01
Municipality_Structural_Damage,00_00_03_01,D&Wp,average,60,2611.79,0.77,00,00,03,01
Municipality_Structural_Damage,00_00_03_01,D&Wp,average,100,2850.32,0.4,00,00,03,01
Municipality_Structural_Damage,00_00_03_01,G,average,20,736.8,0.93,00,00,03,01
Municipality_Structural_Damage,00_00_03_01,G,average,60,2386.04,0.78,00,00,03,01
Municipality_Structural_Damage,00_00_03_01,G,average,100,2769.57,0.48,00,00,03,01
Municipality_Structural_Damage,00_00_03_01,G&Wp,average,20,773.21,0.92,00,00,03,01
Municipality_Structural_Damage,00_00_03_01,G&Wp,average,60,2848.03,0.76,00,00,03,01
Municipality_Structural_Damage,00_00_03_01,G&Wp,average,100,3101.43,0.39,00,00,03,01
Municipality_Structural_Damage,00_00_03_01,Wp,average,20,809.62,0.92,00,00,03,01
Municipality_Structural_Damage,00_00_03_01,Wp,average,60,3310.02,0.75,00,00,03,01
Municipality_Structural_Damage,00_00_03_01,Wp,average,100,3433.29,0.33,00,00,03,01
Municipality_Structural_Damage,00_00_03_02,D,average,20,621.83,0.93,00,00,03,02
Municipality_Structural_Damage,00_00_03_02,D,average,60,1913.56,0.81,00,00,03,02
Municipality_Structural_Damage,00_00_03_02,D,average,100,2267.36,0.58,00,00,03,02
Municipality_Structural_Damage,00_00_03_02,D&G,average,20,679.31,0.93,00,00,03,02
Municipality_Structural_Damage,00_00_03_02,D&G,average,60,2149.8,0.79,00,00,03,02
Municipality_Structural_Damage,00_00_03_02,D&G,average,100,2518.46,0.52,00,00,03,02
Municipality_Structural_Damage,00_00_03_02,D&G&Wp,average,20,722.75,0.93,00,00,03,02
Municipality_Structural_Damage,00_00_03_02,D&G&Wp,average,60,2536.54,0.77,00,00,03,02
Municipality_Structural_Damage,00_00_03_02,D&G&Wp,average,100,2823.4,0.42,00,00,03,02
Municipality_Structural_Damage,00_00_03_02,D&Wp,average,20,715.72,0.92,00,00,03,02
Municipality_Structural_Damage,00_00_03_02,D&Wp,average,60,2611.79,0.77,00,00,03,02
Municipality_Structural_Damage,00_00_03_02,D&Wp,average,100,2850.32,0.4,00,00,03,02
Municipality_Structural_Damage,00_00_03_02,G,average,20,736.8,0.93,00,00,03,02
Municipality_Structural_Damage,00_00_03_02,G,average,60,2386.04,0.78,00,00,03,02
Municipality_Structural_Damage,00_00_03_02,G,average,100,2769.57,0.48,00,00,03,02
Municipality_Structural_Damage,00_00_03_02,G&Wp,average,20,773.21,0.92,00,00,03,02
Municipality_Structural_Damage,00_00_03_02,G&Wp,average,60,2848.03,0.76,00,00,03,02
Municipality_Structural_Damage,00_00_03_02,G&Wp,average,100,3101.43,0.39,00,00,03,02
Municipality_Structural_Damage,00_00_03_02,Wp,average,20,809.62,0.92,00,00,03,02
Municipality_Structural_Damage,00_00_03_02,Wp,average,60,3310.02,0.75,00,00,03,02
Municipality_Structural_Damage,00_00_03_02,Wp,average,100,3433.29,0.33,00,00,03,02
Municipality_Structural_Damage,00_00_03_04,D,average,20,621.83,0.93,00,00,03,04
Municipality_Structural_Damage,00_00_03_04,D,average,60,1913.56,0.81,00,00,03,04
Municipality_Structural_Damage,00_00_03_04,D,average,100,2267.36,0.58,00,00,03,04
Municipality_Structural_Damage,00_00_03_04,D&G,average,20,679.31,0.93,00,00,03,04
Municipality_Structural_Damage,00_00_03_04,D&G,average,60,2149.8,0.79,00,00,03,04
Municipality_Structural_Damage,00_00_03_04,D&G,average,100,2518.46,0.52,00,00,03,04
Municipality_Structural_Damage,00_00_03_04,D&G&Wp,average,20,722.75,0.93,00,00,03,04
Municipality_Structural_Damage,00_00_03_04,D&G&Wp,average,60,2536.54,0.77,00,00,03,04
Municipality_Structural_Damage,00_00_03_04,D&G&Wp,average,100,2823.4,0.42,00,00,03,04
Municipality_Structural_Damage,00_00_03_04,D&Wp,average,20,715.72,0.92,00,00,03,04
Municipality_Structural_Damage,00_00_03_04,D&Wp,average,60,2611.79,0.77,00,00,03,04
Municipality_Structural_Damage,00_00_03_04,D&Wp,average,100,2850.32,0.4,00,00,03,04
Municipality_Structural_Damage,00_00_03_04,G,average,20,736.8,0.93,00,00,03,04
Municipality_Structural_Damage,00_00_03_04,G,average,60,2386.04,0.78,00,00,03,04
Municipality_Structural_Damage,00_00_03_04,G,average,100,2769.57,0.48,00,00,03,04
Municipality_Structural_Damage,00_00_03_04,G&Wp,average,20,773.21,0.92,00,00,03,04
Municipality_Structural_Damage,00_00_03_04,G&Wp,average,60,2848.03,0.76,00,00,03,04
Municipality_Structural_Damage,00_00_03_04,G&Wp,average,100,3101.43,0.39,00,00,03,04
Municipality_Structural_Damage,00_00_03_04,Wp,average,20,809.62,0.92,00,00,03,04
Municipality_Structural_Damage,00_00_03_04,Wp,average,60,3310.02,0.75,00,00,03,04
Municipality_Structural_Damage,00_00_03_04,Wp,average,100,3433.29,0.33,00,00,03,04
Municipality_Structural_Damage,00_00_03_05,D,average,20,621.83,0.93,00,00,03,05
Municipality_Structural_Damage,00_00_03_05,D,average,60,1913.56,0.81,00,00,03,05
Municipality_Structural_Damage,00_00_03_05,D,average,100,2267.36,0.58,00,00,03,05
Municipality_Structural_Damage,00_00_03_05,D&G,average,20,679.31,0.93,00,00,03,05
Municipality_Structural_Damage,00_00_03_05,D&G,average,60,2149.8,0.79,00,00,03,05
Municipality_Structural_Damage,00_00_03_05,D&G,average,100,2518.46,0.52,00,00,03,05
Municipality_Structural_Damage,00_00_03_05,D&G&Wp,average,20,722.75,0.93,00,00,03,05
Municipality_Structural_Damage,00_00_03_05,D&G&Wp,average,60,2536.54,0.77,00,00,03,05
Municipality_Structural_Damage,00_00_03_05,D&G&Wp,average,100,2823.4,0.42,00,00,03,05
Municipality_Structural_Damage,00_00_03_05,D&Wp,average,20,715.72,0.92,00,00,03,05
Municipality_Structural_Damage,00_00_03_05,D&Wp,average,60,2611.79,0.77,00,00,03,05
Municipality_Structural_Damage,00_00_03_05,D&Wp,average,100,2850.32,0.4,00,00,03,05
Municipality_Structural_Damage,00_00_03_05,G,average,20,736.8,0.93,00,00,03,05
Municipality_Structural_Damage,00_00_03_05,G,average,60,2386.04,0.78,00,00,03,05
Municipality_Structural_Damage,00_00_03_05,G,average,100,2769.57,0.48,00,00,03,05
Municipality_Structural_Damage,00_00_03_05,G&Wp,average,20,773.21,0.92,00,00,03,05
Municipality_Structural_Damage,00_00_03_05,G&Wp,average,60,2848.03,0.76,00,00,03,05
Municipality_Structural_Damage,00_00_03_05,G&Wp,average,100,3101.43,0.39,00,00,03,05
Municipality_Structural_Damage,00_00_03_05,Wp,average,20,809.62,0.92,00,00,03,05
Municipality_Structural_Damage,00_00_03_05,Wp,average,60,3310.02,0.75,00,00,03,05
Municipality_Structural_Damage,00_00_03_05,Wp,average,100,3433.29,0.33,00,00,03,05
Municipality_Structural_Damage,00_00_03_07,D,average,20,621.83,0.93,00,00,03,07
Municipality_Structural_Damage,00_00_03_07,D,average,60,1913.56,0.81,00,00,03,07
Municipality_Structural_Damage,00_00_03_07,D,average,100,2267.36,0.58,00,00,03,07
Municipality_Structural_Damage,00_00_03_07,D&G,average,20,679.31,0.93,00,00,03,07
Municipality_Structural_Damage,00_00_03_07,D&G,average,60,2149.8,0.79,00,00,03,07
Municipality_Structural_Damage,00_00_03_07,D&G,average,100,2518.46,0.52,00,00,03,07
Municipality_Structural_Damage,00_00_03_07,D&G&Wp,average,20,722.75,0.93,00,00,03,07
Municipality_Structural_Damage,00_00_03_07,D&G&Wp,average,60,2536.54,0.77,00,00,03,07
Municipality_Structural_Damage,00_00_03_07,D&G&Wp,average,100,2823.4,0.42,00,00,03,07
Municipality_Structural_Damage,00_00_03_07,D&Wp,average,20,715.72,0.92,00,00,03,07
Municipality_Structural_Damage,00_00_03_07,D&Wp,average,60,2611.79,0.77,00,00,03,07
Municipality_Structural_Damage,00_00_03_07,D&Wp,average,100,2850.32,0.4,00,00,03,07
Municipality_Structural_Damage,00_00_03_07,G,average,20,736.8,0.93,00,00,03,07
Municipality_Structural_Damage,00_00_03_07,G,average,60,2386.04,0.78,00,00,03,07
Municipality_Structural_Damage,00_00_03_07,G,average,100,2769.57,0.48,00,00,03,07
Municipality_Structural_Damage,00_00_03_07,G&Wp,average,20,773.21,0.92,00,00,03,07
Municipality_Structural_Damage,00_00_03_07,G&Wp,average,60,2848.03,0.76,00,00,03,07
Municipality_Structural_Damage,00_00_03_07,G&Wp,average,100,3101.43,0.39,00,00,03,07
Municipality_Structural_Damage,00_00_03_07,Wp,average,20,809.62,0.92,00,00,03,07
Municipality_Structural_Damage,00_00_03_07,Wp,average,60,3310.02,0.75,00,00,03,07
Municipality_Structural_Damage,00_00_03_07,Wp,average,100,3433.29,0.33,00,00,03,07
Municipality_Structural_Damage,00_00_03_08,D,average,20,621.83,0.93,00,00,03,08
Municipality_Structural_Damage,00_00_03_08,D,average,60,1913.56,0.81,00,00,03,08
Municipality_Structural_Damage,00_00_03_08,D,average,100,2267.36,0.58,00,00,03,08
Municipality_Structural_Damage,00_00_03_08,D&G,average,20,679.31,0.93,00,00,03,08
Municipality_Structural_Damage,00_00_03_08,D&G,average,60,2149.8,0.79,00,00,03,08
Municipality_Structural_Damage,00_00_03_08,D&G,average,100,2518.46,0.52,00,00,03,08
Municipality_Structural_Damage,00_00_03_08,D&G&Wp,average,20,722.75,0.93,00,00,03,08
Municipality_Structural_Damage,00_00_03_08,D&G&Wp,average,60,2536.54,0.77,00,00,03,08
Municipality_Structural_Damage,00_00_03_08,D&G&Wp,average,100,2823.4,0.42,00,00,03,08
Municipality_Structural_Damage,00_00_03_08,D&Wp,average,20,715.72,0.92,00,00,03,08
Municipality_Structural_Damage,00_00_03_08,D&Wp,average,60,2611.79,0.77,00,00,03,08
Municipality_Structural_Damage,00_00_03_08,D&Wp,average,100,2850.32,0.4,00,00,03,08
Municipality_Structural_Damage,00_00_03_08,G,average,20,736.8,0.93,00,00,03,08
Municipality_Structural_Damage,00_00_03_08,G,average,60,2386.04,0.78,00,00,03,08
Municipality_Structural_Damage,00_00_03_08,G,average,100,2769.57,0.48,00,00,03,08
Municipality_Structural_Damage,00_00_03_08,G&Wp,average,20,773.21,0.92,00,00,03,08
Municipality_Structural_Damage,00_00_03_08,G&Wp,average,60,2848.03,0.76,00,00,03,08
Municipality_Structural_Damage,00_00_03_08,G&Wp,average,100,3101.43,0.39,00,00,03,08
Municipality_Structural_Damage,00_00_03_08,Wp,average,20,809.62,0.92,00,00,03,08
Municipality_Structural_Damage,00_00_03_08,Wp,average,60,3310.02,0.75,00,00,03,08
Municipality_Structural_Damage,00_00_03_08,Wp,average,100,3433.29,0.33,00,00,03,08
Municipality_Structural_Damage,00_00_03_09,D,average,20,621.83,0.93,00,00,03,09
Municipality_Structural_Damage,00_00_03_09,D,average,60,1913.56,0.81,00,00,03,09
Municipality_Structural_Damage,00_00_03_09,D,average,100,2267.36,0.58,00,00,03,09
Municipality_Structural_Damage,00_00_03_09,D&G,average,20,679.31,0.93,00,00,03,09
Municipality_Structural_Damage,00_00_03_09,D&G,average,60,2149.8,0.79,00,00,03,09
Municipality_Structural_Damage,00_00_03_09,D&G,average,100,2518.46,0.52,00,00,03,09
Municipality_Structural_Damage,00_00_03_09,D&G&Wp,average,20,722.75,0.93,00,00,03,09
Municipality_Structural_Damage,00_00_03_09,D&G&Wp,average,60,2536.54,0.77,00,00,03,09
Municipality_Structural_Damage,00_00_03_09,D&G&Wp,average,100,2823.4,0.42,00,00,03,09
Municipality_Structural_Damage,00_00_03_09,D&Wp,average,20,715.72,0.92,00,00,03,09
Municipality_Structural_Damage,00_00_03_09,D&Wp,average,60,2611.79,0.77,00,00,03,09
Municipality_Structural_Damage,00_00_03_09,D&Wp,average,100,2850.32,0.4,00,00,03,09
Municipality_Structural_Damage,00_00_03_09,G,average,20,736.8,0.93,00,00,03,09
Municipality_Structural_Damage,00_00_03_09,G,average,60,2386.04,0.78,00,00,03,09
Municipality_Structural_Damage,00_00_03_09,G,average,100,2769.57,0.48,00,00,03,09
Municipality_Structural_Damage,00_00_03_09,G&Wp,average,20,773.21,0.92,00,00,03,09
Municipality_Structural_Damage,00_00_03_09,G&Wp,average,60,2848.03,0.76,00,00,03,09
Municipality_Structural_Damage,00_00_03_09,G&Wp,average,100,3101.43,0.39,00,00,03,09
Municipality_Structural_Damage,00_00_03_09,Wp,average,20,809.62,0.92,00,00,03,09
Municipality_Structural_Damage,00_00_03_09,Wp,average,60,3310.02,0.75,00,00,03,09
Municipality_Structural_Damage,00_00_03_09,Wp,average,100,3433.29,0.33,00,00,03,09
Municipality_Structural_Damage,00_00_05_00,D,average,20,192.89,0.29,00,00,05,00
Municipality_Structural_Damage,00_00_05_00,D,average,60,695.03,0.29,00,00,05,00
Municipality_Structural_Damage,00_00_05_00,D,average,100,738.99,0.19,00,00,05,00
Municipality_Structural_Damage,00_00_05_00,D&G,average,20,206.62,0.28,00,00,05,00
Municipality_Structural_Damage,00_00_05_00,D&G,average,60,752.67,0.28,00,00,05,00
Municipality_Structural_Damage,00_00_05_00,D&G,average,100,798.16,0.16,00,00,05,00
Municipality_Structural_Damage,00_00_05_00,D&G&Wp,average,20,211.33,0.27,00,00,05,00
Municipality_Structural_Damage,00_00_05_00,D&G&Wp,average,60,830.47,0.25,00,00,05,00
Municipality_Structural_Damage,00_00_05_00,D&G&Wp,average,100,873.4,0.13,00,00,05,00
Municipality_Structural_Damage,00_00_05_00,D&Wp,average,20,206.82,0.27,00,00,05,00
Municipality_Structural_Damage,00_00_05_00,D&Wp,average,60,840.55,0.25,00,00,05,00
Municipality_Structural_Damage,00_00_05_00,D&Wp,average,100,881.43,0.12,00,00,05,00
Municipality_Structural_Damage,00_00_05_00,G,average,20,220.34,0.28,00,00,05,00
Municipality_Structural_Damage,00_00_05_00,G,average,60,810.31,0.27,00,00,05,00
Municipality_Structural_Damage,00_00_05_00,G,average,100,857.34,0.15,00,00,05,00
Municipality_Structural_Damage,00_00_05_00,G&Wp,average,20,220.55,0.26,00,00,05,00
Municipality_Structural_Damage,00_00_05_00,G&Wp,average,60,898.19,0.24,00,00,05,00
Municipality_Structural_Damage,00_00_05_00,G&Wp,average,100,940.6,0.12,00,00,05,00
Municipality_Structural_Damage,00_00_05_00,Wp,average,20,220.76,0.25,00,00,05,00
Municipality_Structural_Damage,00_00_05_00,Wp,average,60,986.07,0.22,00,00,05,00
Municipality_Structural_Damage,00_00_05_00,Wp,average,100,1023.86,0.1,00,00,05,00
Municipality_Structural_Damage,00_00_05_01,D,average,20,192.89,0.29,00,00,05,01
Municipality_Structural_Damage,00_00_05_01,D,average,60,695.03,0.29,00,00,05,01
Municipality_Structural_Damage,00_00_05_01,D,average,100,738.99,0.19,00,00,05,01
Municipality_Structural_Damage,00_00_05_01,D&G,average,20,206.62,0.28,00,00,05,01
Municipality_Structural_Damage,00_00_05_01,D&G,average,60,752.67,0.28,00,00,05,01
Municipality_Structural_Damage,00_00_05_01,D&G,average,100,798.16,0.16,00,00,05,01
Municipality_Structural_Damage,00_00_05_01,D&G&Wp,average,20,211.33,0.27,00,00,05,01
Municipality_Structural_Damage,00_00_05_01,D&G&Wp,average,60,830.47,0.25,00,00,05,01
Municipality_Structural_Damage,00_00_05_01,D&G&Wp,average,100,873.4,0.13,00,00,05,01
Municipality_Structural_Damage,00_00_05_01,D&Wp,average,20,206.82,0.27,00,00,05,01
Municipality_Structural_Damage,00_00_05_01,D&Wp,average,60,840.55,0.25,00,00,05,01
Municipality_Structural_Damage,00_00_05_01,D&Wp,average,100,881.43,0.12,00,00,05,01
Municipality_Structural_Damage,00_00_05_01,G,average,20,220.34,0.28,00,00,05,01
Municipality_Structural_Damage,00_00_05_01,G,average,60,810.31,0.27,00,00,05,01
Municipality_Structural_Damage,00_00_05_01,G,average,100,857.34,0.15,00,00,05,01
Municipality_Structural_Damage,00_00_05_01,G&Wp,average,20,220.55,0.26,00,00,05,01
Municipality_Structural_Damage,00_00_05_01,G&Wp,average,60,898.19,0.24,00,00,05,01
Municipality_Structural_Damage,00_00_05_01,G&Wp,average,100,940.6,0.12,00,00,05,01
Municipality_Structural_Damage,00_00_05_01,Wp,average,20,220.76,0.25,00,00,05,01
Municipality_Structural_Damage,00_00_05_01,Wp,average,60,986.07,0.22,00,00,05,01
Municipality_Structural_Damage,00_00_05_01,Wp,average,100,1023.86,0.1,00,00,05,01
Municipality_Structural_Damage,00_00_05_02,D,average,20,192.89,0.29,00,00,05,02
Municipality_Structural_Damage,00_00_05_02,D,average,60,695.03,0.29,00,00,05,02
Municipality_Structural_Damage,00_00_05_02,D,average,100,738.99,0.19,00,00,05,02
Municipality_Structural_Damage,00_00_05_02,D&G,average,20,206.62,0.28,00,00,05,02
Municipality_Structural_Damage,00_00_05_02,D&G,average,60,752.67,0.28,00,00,05,02
Municipality_Structural_Damage,00_00_05_02,D&G,average,100,798.16,0.16,00,00,05,02
Municipality_Structural_Damage,00_00_05_02,D&G&Wp,average,20,211.33,0.27,00,00,05,02
Municipality_Structural_Damage,00_00_05_02,D&G&Wp,average,60,830.47,0.25,00,00,05,02
Municipality_Structural_Damage,00_00_05_02,D&G&Wp,average,100,873.4,0.13,00,00,05,02
Municipality_Structural_Damage,00_00_05_02,D&Wp,average,20,206.82,0.27,00,00,05,02
Municipality_Structural_Damage,00_00_05_02,D&Wp,average,60,840.55,0.25,00,00,05,02
Municipality_Structural_Damage,00_00_05_02,D&Wp,average,100,881.43,0.12,00,00,05,02
Municipality_Structural_Damage,00_00_05_02,G,average,20,220.34,0.28,00,00,05,02
Municipality_Structural_Damage,00_00_05_02,G,average,60,810.31,0.27,00,00,05,02
Municipality_Structural_Damage,00_00_05_02,G,average,100,857.34,0.15,00,00,05,02
Municipality_Structural_Damage,00_00_05_02,G&Wp,average,20,220.55,0.26,00,00,05,02
Municipality_Structural_Damage,00_00_05_02,G&Wp,average,60,898.19,0.24,00,00,05,02
Municipality_Structural_Damage,00_00_05_02,G&Wp,average,100,940.6,0.12,00,00,05,02
Municipality_Structural_Damage,00_00_05_02,Wp,average,20,220.76,0.25,00,00,05,02
Municipality_Structural_Damage,00_00_05_02,Wp,average,60,986.07,0.22,00,00,05,02
Municipality_Structural_Damage,00_00_05_02,Wp,average,100,1023.86,0.1,00,00,05,02
Municipality_Structural_Damage,00_00_05_04,D,average,20,192.89,0.29,00,00,05,04
Municipality_Structural_Damage,00_00_05_04,D,average,60,695.03,0.29,00,00,05,04
Municipality_Structural_Damage,00_00_05_04,D,average,100,738.99,0.19,00,00,05,04
Municipality_Structural_Damage,00_00_05_04,D&G,average,20,206.62,0.28,00,00,05,04
Municipality_Structural_Damage,00_00_05_04,D&G,average,60,752.67,0.28,00,00,05,04
Municipality_Structural_Damage,00_00_05_04,D&G,average,100,798.16,0.16,00,00,05,04
Municipality_Structural_Damage,00_00_05_04,D&G&Wp,average,20,211.33,0.27,00,00,05,04
Municipality_Structural_Damage,00_00_05_04,D&G&Wp,average,60,830.47,0.25,00,00,05,04
Municipality_Structural_Damage,00_00_05_04,D&G&Wp,average,100,873.4,0.13,00,00,05,04
Municipality_Structural_Damage,00_00_05_04,D&Wp,average,20,206.82,0.27,00,00,05,04
Municipality_Structural_Damage,00_00_05_04,D&Wp,average,60,840.55,0.25,00,00,05,04
Municipality_Structural_Damage,00_00_05_04,D&Wp,average,100,881.43,0.12,00,00,05,04
Municipality_Structural_Damage,00_00_05_04,G,average,20,220.34,0.28,00,00,05,04
Municipality_Structural_Damage,00_00_05_04,G,average,60,810.31,0.27,00,00,05,04
Municipality_Structural_Damage,00_00_05_04,G,average,100,857.34,0.15,00,00,05,04
Municipality_Structural_Damage,00_00_05_04,G&Wp,average,20,220.55,0.26,00,00,05,04
Municipality_Structural_Damage,00_00_05_04,G&Wp,average,60,898.19,0.24,00,00,05,04
Municipality_Structural_Damage,00_00_05_04,G&Wp,average,100,940.6,0.12,00,00,05,04
Municipality_Structural_Damage,00_00_05_04,Wp,average,20,220.76,0.25,00,00,05,04
Municipality_Structural_Damage,00_00_05_04,Wp,average,60,986.07,0.22,00,00,05,04
Municipality_Structural_Damage,00_00_05_04,Wp,average,100,1023.86,0.1,00,00,05,04
Municipality_Structural_Damage,00_00_05_05,D,average,20,192.89,0.29,00,00,05,05
Municipality_Structural_Damage,00_00_05_05,D,average,60,695.03,0.29,00,00,05,05
Municipality_Structural_Damage,00_00_05_05,D,average,100,738.99,0.19,00,00,05,05
Municipality_Structural_Damage,00_00_05_05,D&G,average,20,206.62,0.28,00,00,05,05
Municipality_Structural_Damage,00_00_05_05,D&G,average,60,752.67,0.28,00,00,05,05
Municipality_Structural_Damage,00_00_05_05,D&G,average,100,798.16,0.16,00,00,05,05
Municipality_Structural_Damage,00_00_05_05,D&G&Wp,average,20,211.33,0.27,00,00,05,05
Municipality_Structural_Damage,00_00_05_05,D&G&Wp,average,60,830.47,0.25,00,00,05,05
Municipality_Structural_Damage,00_00_05_05,D&G&Wp,average,100,873.4,0.13,00,00,05,05
Municipality_Structural_Damage,00_00_05_05,D&Wp,average,20,206.82,0.27,00,00,05,05
Municipality_Structural_Damage,00_00_05_05,D&Wp,average,60,840.55,0.25,00,00,05,05
Municipality_Structural_Damage,00_00_05_05,D&Wp,average,100,881.43,0.12,00,00,05,05
Municipality_Structural_Damage,00_00_05_05,G,average,20,220.34,0.28,00,00,05,05
Municipality_Structural_Damage,00_00_05_05,G,average,60,810.31,0.27,00,00,05,05
Municipality_Structural_Damage,00_00_05_05,G,average,100,857.34,0.15,00,00,05,05
Municipality_Structural_Damage,00_00_05_05,G&Wp,average,20,220.55,0.26,00,00,05,05
Municipality_Structural_Damage,00_00_05_05,G&Wp,average,60,898.19,0.24,00,00,05,05
Municipality_Structural_Damage,00_00_05_05,G&Wp,average,100,940.6,0.12,00,00,05,05
Municipality_Structural_Damage,00_00_05_05,Wp,average,20,220.76,0.25,00,00,05,05
Municipality_Structural_Damage,00_00_05_05,Wp,average,60,986.07,0.22,00,00,05,05
Municipality_Structural_Damage,00_00_05_05,Wp,average,100,1023.86,0.1,00,00,05,05
Municipality_Structural_Damage,00_00_05_07,D,average,20,192.89,0.29,00,00,05,07
Municipality_Structural_Damage,00_00_05_07,D,average,60,695.03,0.29,00,00,05,07
Municipality_Structural_Damage,00_00_05_07,D,average,100,738.99,0.19,00,00,05,07
Municipality_Structural_Damage,00_00_05_07,D&G,average,20,206.62,0.28,00,00,05,07
Municipality_Structural_Damage,00_00_05_07,D&G,average,60,752.67,0.28,00,00,05,07
Municipality_Structural_Damage,00_00_05_07,D&G,average,100,798.16,0.16,00,00,05,07
Municipality_Structural_Damage,00_00_05_07,D&G&Wp,average,20,211.33,0.27,00,00,05,07
Municipality_Structural_Damage,00_00_05_07,D&G&Wp,average,60,830.47,0.25,00,00,05,07
Municipality_Structural_Damage,00_00_05_07,D&G&Wp,average,100,873.4,0.13,00,00,05,07
Municipality_Structural_Damage,00_00_05_07,D&Wp,average,20,206.82,0.27,00,00,05,07
Municipality_Structural_Damage,00_00_05_07,D&Wp,average,60,840.55,0.25,00,00,05,07
Municipality_Structural_Damage,00_00_05_07,D&Wp,average,100,881.43,0.12,00,00,05,07
Municipality_Structural_Damage,00_00_05_07,G,average,20,220.34,0.28,00,00,05,07
Municipality_Structural_Damage,00_00_05_07,G,average,60,810.31,0.27,00,00,05,07
Municipality_Structural_Damage,00_00_05_07,G,average,100,857.34,0.15,00,00,05,07
Municipality_Structural_Damage,00_00_05_07,G&Wp,average,20,220.55,0.26,00,00,05,07
Municipality_Structural_Damage,00_00_05_07,G&Wp,average,60,898.19,0.24,00,00,05,07
Municipality_Structural_Damage,00_00_05_07,G&Wp,average,100,940.6,0.12,00,00,05,07
Municipality_Structural_Damage,00_00_05_07,Wp,average,20,220.76,0.25,00,00,05,07
Municipality_Structural_Damage,00_00_05_07,Wp,average,60,986.07,0.22,00,00,05,07
Municipality_Structural_Damage,00_00_05_07,Wp,average,100,1023.86,0.1,00,00,05,07
Municipality_Structural_Damage,00_00_05_08,D,average,20,192.89,0.29,00,00,05,08
Municipality_Structural_Damage,00_00_05_08,D,average,60,695.03,0.29,00,00,05,08
Municipality_Structural_Damage,00_00_05_08,D,average,100,738.99,0.19,00,00,05,08
Municipality_Structural_Damage,00_00_05_08,D&G,average,20,206.62,0.28,00,00,05,08
Municipality_Structural_Damage,00_00_05_08,D&G,average,60,752.67,0.28,00,00,05,08
Municipality_Structural_Damage,00_00_05_08,D&G,average,100,798.16,0.16,00,00,05,08
Municipality_Structural_Damage,00_00_05_08,D&G&Wp,average,20,211.33,0.27,00,00,05,08
Municipality_Structural_Damage,00_00_05_08,D&G&Wp,average,60,830.47,0.25,00,00,05,08
Municipality_Structural_Damage,00_00_05_08,D&G&Wp,average,100,873.4,0.13,00,00,05,08
Municipality_Structural_Damage,00_00_05_08,D&Wp,average,20,206.82,0.27,00,00,05,08
Municipality_Structural_Damage,00_00_05_08,D&Wp,average,60,840.55,0.25,00,00,05,08
Municipality_Structural_Damage,00_00_05_08,D&Wp,average,100,881.43,0.12,00,00,05,08
Municipality_Structural_Damage,00_00_05_08,G,average,20,220.34,0.28,00,00,05,08
Municipality_Structural_Damage,00_00_05_08,G,average,60,810.31,0.27,00,00,05,08
Municipality_Structural_Damage,00_00_05_08,G,average,100,857.34,0.15,00,00,05,08
Municipality_Structural_Damage,00_00_05_08,G&Wp,average,20,220.55,0.26,00,00,05,08
Municipality_Structural_Damage,00_00_05_08,G&Wp,average,60,898.19,0.24,00,00,05,08
Municipality_Structural_Damage,00_00_05_08,G&Wp,average,100,940.6,0.12,00,00,05,08
Municipality_Structural_Damage,00_00_05_08,Wp,average,20,220.76,0.25,00,00,05,08
Municipality_Structural_Damage,00_00_05_08,Wp,average,60,986.07,0.22,00,00,05,08
Municipality_Structural_Damage,00_00_05_08,Wp,average,100,1023.86,0.1,00,00,05,08
Municipality_Structural_Damage,00_00_05_09,D,average,20,192.89,0.29,00,00,05,09
Municipality_Structural_Damage,00_00_05_09,D,average,60,695.03,0.29,00,00,05,09
Municipality_Structural_Damage,00_00_05_09,D,average,100,738.99,0.19,00,00,05,09
Municipality_Structural_Damage,00_00_05_09,D&G,average,20,206.62,0.28,00,00,05,09
Municipality_Structural_Damage,00_00_05_09,D&G,average,60,752.67,0.28,00,00,05,09
Municipality_Structural_Damage,00_00_05_09,D&G,average,100,798.16,0.16,00,00,05,09
Municipality_Structural_Damage,00_00_05_09,D&G&Wp,average,20,211.33,0.27,00,00,05,09
Municipality_Structural_Damage,00_00_05_09,D&G&Wp,average,60,830.47,0.25,00,00,05,09
Municipality_Structural_Damage,00_00_05_09,D&G&Wp,average,100,873.4,0.13,00,00,05,09
Municipality_Structural_Damage,00_00_05_09,D&Wp,average,20,206.82,0.27,00,00,05,09
Municipality_Structural_Damage,00_00_05_09,D&Wp,average,60,840.55,0.25,00,00,05,09
Municipality_Structural_Damage,00_00_05_09,D&Wp,average,100,881.43,0.12,00,00,05,09
Municipality_Structural_Damage,00_00_05_09,G,average,20,220.34,0.28,00,00,05,09
Municipality_Structural_Damage,00_00_05_09,G,average,60,810.31,0.27,00,00,05,09
Municipality_Structural_Damage,00_00_05_09,G,average,100,857.34,0.15,00,00,05,09
Municipality_Structural_Damage,00_00_05_09,G&Wp,average,20,220.55,0.26,00,00,05,09
Municipality_Structural_Damage,00_00_05_09,G&Wp,average,60,898.19,0.24,00,00,05,09
Municipality_Structural_Damage,00_00_05_09,G&Wp,average,100,940.6,0.12,00,00,05,09
Municipality_Structural_Damage,00_00_05_09,Wp,average,20,220.76,0.25,00,00,05,09
Municipality_Structural_Damage,00_00_05_09,Wp,average,60,986.07,0.22,00,00,05,09
Municipality_Structural_Damage,00_00_05_09,Wp,average,100,1023.86,0.1,00,00,05,09
Municipality_Structural_Damage,00_00_07_00,D,average,20,217.41,0.32,00,00,07,00
Municipality_Structural_Damage,00_00_07_00,D,average,60,929.04,0.39,00,00,07,00
Municipality_Structural_Damage,00_00_07_00,D,average,100,1022.8,0.26,00,00,07,00
Municipality_Structural_Damage,00_00_07_00,D&G,average,20,231.74,0.32,00,00,07,00
Municipality_Structural_Damage,00_00_07_00,D&G,average,60,987.88,0.36,00,00,07,00
Municipality_Structural_Damage,00_00_07_00,D&G,average,100,1058.68,0.22,00,00,07,00
Municipality_Structural_Damage,00_00_07_00,D&G&Wp,average,20,235.99,0.3,00,00,07,00
Municipality_Structural_Damage,00_00_07_00,D&G&Wp,average,60,1073.29,0.33,00,00,07,00
Municipality_Structural_Damage,00_00_07_00,D&G&Wp,average,100,1137.91,0.17,00,00,07,00
Municipality_Structural_Damage,00_00_07_00,D&Wp,average,20,230.94,0.3,00,00,07,00
Municipality_Structural_Damage,00_00_07_00,D&Wp,average,60,1086.58,0.32,00,00,07,00
Municipality_Structural_Damage,00_00_07_00,D&Wp,average,100,1159.59,0.16,00,00,07,00
Municipality_Structural_Damage,00_00_07_00,G,average,20,246.07,0.31,00,00,07,00
Municipality_Structural_Damage,00_00_07_00,G,average,60,1046.72,0.34,00,00,07,00
Municipality_Structural_Damage,00_00_07_00,G,average,100,1094.55,0.19,00,00,07,00
Municipality_Structural_Damage,00_00_07_00,G&Wp,average,20,245.27,0.29,00,00,07,00
Municipality_Structural_Damage,00_00_07_00,G&Wp,average,60,1145.42,0.31,00,00,07,00
Municipality_Structural_Damage,00_00_07_00,G&Wp,average,100,1195.46,0.15,00,00,07,00
Municipality_Structural_Damage,00_00_07_00,Wp,average,20,244.48,0.28,00,00,07,00
Municipality_Structural_Damage,00_00_07_00,Wp,average,60,1244.12,0.28,00,00,07,00
Municipality_Structural_Damage,00_00_07_00,Wp,average,100,1296.38,0.13,00,00,07,00
Municipality_Structural_Damage,00_00_07_01,D,average,20,217.72,0.32,00,00,07,01
Municipality_Structural_Damage,00_00_07_01,D,average,60,930.44,0.39,00,00,07,01
Municipality_Structural_Damage,00_00_07_01,D,average,100,1039.7,0.27,00,00,07,01
Municipality_Structural_Damage,00_00_07_01,D&G,average,20,231.32,0.32,00,00,07,01
Municipality_Structural_Damage,00_00_07_01,D&G,average,60,990.11,0.37,00,00,07,01
Municipality_Structural_Damage,00_00_07_01,D&G,average,100,1069.38,0.22,00,00,07,01
Municipality_Structural_Damage,00_00_07_01,D&G&Wp,average,20,236.1,0.3,00,00,07,01
Municipality_Structural_Damage,00_00_07_01,D&G&Wp,average,60,1074.52,0.33,00,00,07,01
Municipality_Structural_Damage,00_00_07_01,D&G&Wp,average,100,1144.89,0.17,00,00,07,01
Municipality_Structural_Damage,00_00_07_01,D&Wp,average,20,231.69,0.3,00,00,07,01
Municipality_Structural_Damage,00_00_07_01,D&Wp,average,60,1086.89,0.32,00,00,07,01
Municipality_Structural_Damage,00_00_07_01,D&Wp,average,100,1167.8,0.16,00,00,07,01
Municipality_Structural_Damage,00_00_07_01,G,average,20,244.93,0.31,00,00,07,01
Municipality_Structural_Damage,00_00_07_01,G,average,60,1049.78,0.34,00,00,07,01
Municipality_Structural_Damage,00_00_07_01,G,average,100,1099.07,0.19,00,00,07,01
Municipality_Structural_Damage,00_00_07_01,G&Wp,average,20,245.29,0.29,00,00,07,01
Municipality_Structural_Damage,00_00_07_01,G&Wp,average,60,1146.56,0.31,00,00,07,01
Municipality_Structural_Damage,00_00_07_01,G&Wp,average,100,1197.49,0.15,00,00,07,01
Municipality_Structural_Damage,00_00_07_01,Wp,average,20,245.65,0.28,00,00,07,01
Municipality_Structural_Damage,00_00_07_01,Wp,average,60,1243.35,0.28,00,00,07,01
Municipality_Structural_Damage,00_00_07_01,Wp,average,100,1295.9,0.13,00,00,07,01
Municipality_Structural_Damage,00_00_07_02,D,average,20,216.62,0.32,00,00,07,02
Municipality_Structural_Damage,00_00_07_02,D,average,60,930.73,0.39,00,00,07,02
Municipality_Structural_Damage,00_00_07_02,D,average,100,1043.61,0.27,00,00,07,02
Municipality_Structural_Damage,00_00_07_02,D&G,average,20,230.89,0.31,00,00,07,02
Municipality_Structural_Damage,00_00_07_02,D&G,average,60,987.77,0.36,00,00,07,02
Municipality_Structural_Damage,00_00_07_02,D&G,average,100,1068.81,0.22,00,00,07,02
Municipality_Structural_Damage,00_00_07_02,D&G&Wp,average,20,235.2,0.3,00,00,07,02
Municipality_Structural_Damage,00_00_07_02,D&G&Wp,average,60,1073.02,0.33,00,00,07,02
Municipality_Structural_Damage,00_00_07_02,D&G&Wp,average,100,1144.92,0.17,00,00,07,02
Municipality_Structural_Damage,00_00_07_02,D&Wp,average,20,230.23,0.3,00,00,07,02
Municipality_Structural_Damage,00_00_07_02,D&Wp,average,60,1087.12,0.32,00,00,07,02
Municipality_Structural_Damage,00_00_07_02,D&Wp,average,100,1170.37,0.16,00,00,07,02
Municipality_Structural_Damage,00_00_07_02,G,average,20,245.15,0.31,00,00,07,02
Municipality_Structural_Damage,00_00_07_02,G,average,60,1044.81,0.34,00,00,07,02
Municipality_Structural_Damage,00_00_07_02,G,average,100,1094.01,0.19,00,00,07,02
Municipality_Structural_Damage,00_00_07_02,G&Wp,average,20,244.49,0.29,00,00,07,02
Municipality_Structural_Damage,00_00_07_02,G&Wp,average,60,1144.16,0.31,00,00,07,02
Municipality_Structural_Damage,00_00_07_02,G&Wp,average,100,1195.57,0.15,00,00,07,02
Municipality_Structural_Damage,00_00_07_02,Wp,average,20,243.84,0.28,00,00,07,02
Municipality_Structural_Damage,00_00_07_02,Wp,average,60,1243.51,0.28,00,00,07,02
Municipality_Structural_Damage,00_00_07_02,Wp,average,100,1297.14,0.13,00,00,07,02
Municipality_Structural_Damage,00_00_07_04,D,average,20,217.69,0.32,00,00,07,04
Municipality_Structural_Damage,00_00_07_04,D,average,60,925.67,0.39,00,00,07,04
Municipality_Structural_Damage,00_00_07_04,D,average,100,1014.31,0.26,00,00,07,04
Municipality_Structural_Damage,00_00_07_04,D&G,average,20,231.5,0.32,00,00,07,04
Municipality_Structural_Damage,00_00_07_04,D&G,average,60,987.49,0.36,00,00,07,04
Municipality_Structural_Damage,00_00_07_04,D&G,average,100,1055.85,0.22,00,00,07,04
Municipality_Structural_Damage,00_00_07_04,D&G&Wp,average,20,236.45,0.3,00,00,07,04
Municipality_Structural_Damage,00_00_07_04,D&G&Wp,average,60,1073.81,0.33,00,00,07,04
Municipality_Structural_Damage,00_00_07_04,D&G&Wp,average,100,1137.42,0.17,00,00,07,04
Municipality_Structural_Damage,00_00_07_04,D&Wp,average,20,232.02,0.3,00,00,07,04
Municipality_Structural_Damage,00_00_07_04,D&Wp,average,60,1086.05,0.32,00,00,07,04
Municipality_Structural_Damage,00_00_07_04,D&Wp,average,100,1157.43,0.16,00,00,07,04
Municipality_Structural_Damage,00_00_07_04,G,average,20,245.31,0.31,00,00,07,04
Municipality_Structural_Damage,00_00_07_04,G,average,60,1049.31,0.34,00,00,07,04
Municipality_Structural_Damage,00_00_07_04,G,average,100,1097.39,0.19,00,00,07,04
Municipality_Structural_Damage,00_00_07_04,G&Wp,average,20,245.83,0.29,00,00,07,04
Municipality_Structural_Damage,00_00_07_04,G&Wp,average,60,1147.87,0.31,00,00,07,04
Municipality_Structural_Damage,00_00_07_04,G&Wp,average,100,1198.97,0.15,00,00,07,04
Municipality_Structural_Damage,00_00_07_04,Wp,average,20,246.35,0.28,00,00,07,04
Municipality_Structural_Damage,00_00_07_04,Wp,average,60,1246.44,0.28,00,00,07,04
Municipality_Structural_Damage,00_00_07_04,Wp,average,100,1300.55,0.13,00,00,07,04
Municipality_Structural_Damage,00_00_07_05,D,average,20,217.71,0.32,00,00,07,05
Municipality_Structural_Damage,00_00_07_05,D,average,60,927.47,0.39,00,00,07,05
Municipality_Structural_Damage,00_00_07_05,D,average,100,1017.79,0.26,00,00,07,05
Municipality_Structural_Damage,00_00_07_05,D&G,average,20,231.68,0.32,00,00,07,05
Municipality_Structural_Damage,00_00_07_05,D&G,average,60,988.78,0.37,00,00,07,05
Municipality_Structural_Damage,00_00_07_05,D&G,average,100,1058.36,0.22,00,00,07,05
Municipality_Structural_Damage,00_00_07_05,D&G&Wp,average,20,236.27,0.3,00,00,07,05
Municipality_Structural_Damage,00_00_07_05,D&G&Wp,average,60,1074.28,0.33,00,00,07,05
Municipality_Structural_Damage,00_00_07_05,D&G&Wp,average,100,1138.17,0.17,00,00,07,05
Municipality_Structural_Damage,00_00_07_05,D&Wp,average,20,231.59,0.3,00,00,07,05
Municipality_Structural_Damage,00_00_07_05,D&Wp,average,60,1086.38,0.32,00,00,07,05
Municipality_Structural_Damage,00_00_07_05,D&Wp,average,100,1157.78,0.16,00,00,07,05
Municipality_Structural_Damage,00_00_07_05,G,average,20,245.64,0.31,00,00,07,05
Municipality_Structural_Damage,00_00_07_05,G,average,60,1050.08,0.34,00,00,07,05
Municipality_Structural_Damage,00_00_07_05,G,average,100,1098.94,0.19,00,00,07,05
Municipality_Structural_Damage,00_00_07_05,G&Wp,average,20,245.56,0.29,00,00,07,05
Municipality_Structural_Damage,00_00_07_05,G&Wp,average,60,1147.68,0.31,00,00,07,05
Municipality_Structural_Damage,00_00_07_05,G&Wp,average,100,1198.35,0.15,00,00,07,05
Municipality_Structural_Damage,00_00_07_05,Wp,average,20,245.47,0.28,00,00,07,05
Municipality_Structural_Damage,00_00_07_05,Wp,average,60,1245.29,0.28,00,00,07,05
Municipality_Structural_Damage,00_00_07_05,Wp,average,100,1297.77,0.13,00,00,07,05
Municipality_Structural_Damage,00_00_07_07,D,average,20,216.26,0.32,00,00,07,07
Municipality_Structural_Damage,00_00_07_07,D,average,60,921.44,0.39,00,00,07,07
Municipality_Structural_Damage,00_00_07_07,D,average,100,1028.16,0.26,00,00,07,07
Municipality_Structural_Damage,00_00_07_07,D&G,average,20,230.73,0.31,00,00,07,07
Municipality_Structural_Damage,00_00_07_07,D&G,average,60,983.01,0.36,00,00,07,07
Municipality_Structural_Damage,00_00_07_07,D&G,average,100,1060.59,0.22,00,00,07,07
Municipality_Structural_Damage,00_00_07_07,D&G&Wp,average,20,235.75,0.3,00,00,07,07
Municipality_Structural_Damage,00_00_07_07,D&G&Wp,average,60,1071.36,0.33,00,00,07,07
Municipality_Structural_Damage,00_00_07_07,D&G&Wp,average,100,1140.82,0.17,00,00,07,07
Municipality_Structural_Damage,00_00_07_07,D&Wp,average,20,231.03,0.3,00,00,07,07
Municipality_Structural_Damage,00_00_07_07,D&Wp,average,60,1084.75,0.32,00,00,07,07
Municipality_Structural_Damage,00_00_07_07,D&Wp,average,100,1164.72,0.16,00,00,07,07
Municipality_Structural_Damage,00_00_07_07,G,average,20,245.2,0.31,00,00,07,07
Municipality_Structural_Damage,00_00_07_07,G,average,60,1044.58,0.34,00,00,07,07
Municipality_Structural_Damage,00_00_07_07,G,average,100,1093.03,0.19,00,00,07,07
Municipality_Structural_Damage,00_00_07_07,G&Wp,average,20,245.5,0.29,00,00,07,07
Municipality_Structural_Damage,00_00_07_07,G&Wp,average,60,1146.32,0.31,00,00,07,07
Municipality_Structural_Damage,00_00_07_07,G&Wp,average,100,1197.15,0.15,00,00,07,07
Municipality_Structural_Damage,00_00_07_07,Wp,average,20,245.8,0.28,00,00,07,07
Municipality_Structural_Damage,00_00_07_07,Wp,average,60,1248.07,0.28,00,00,07,07
Municipality_Structural_Damage,00_00_07_07,Wp,average,100,1301.28,0.13,00,00,07,07
Municipality_Structural_Damage,00_00_07_08,D,average,20,215.93,0.32,00,00,07,08
Municipality_Structural_Damage,00_00_07_08,D,average,60,931.86,0.39,00,00,07,08
Municipality_Structural_Damage,00_00_07_08,D,average,100,1041.24,0.27,00,00,07,08
Municipality_Structural_Damage,00_00_07_08,D&G,average,20,230.72,0.31,00,00,07,08
Municipality_Structural_Damage,00_00_07_08,D&G,average,60,989.51,0.37,00,00,07,08
Municipality_Structural_Damage,00_00_07_08,D&G,average,100,1069.21,0.22,00,00,07,08
Municipality_Structural_Damage,00_00_07_08,D&G&Wp,average,20,236.05,0.3,00,00,07,08
Municipality_Structural_Damage,00_00_07_08,D&G&Wp,average,60,1076.94,0.33,00,00,07,08
Municipality_Structural_Damage,00_00_07_08,D&G&Wp,average,100,1147.85,0.17,00,00,07,08
Municipality_Structural_Damage,00_00_07_08,D&Wp,average,20,231.32,0.3,00,00,07,08
Municipality_Structural_Damage,00_00_07_08,D&Wp,average,60,1091.83,0.32,00,00,07,08
Municipality_Structural_Damage,00_00_07_08,D&Wp,average,100,1173.19,0.16,00,00,07,08
Municipality_Structural_Damage,00_00_07_08,G,average,20,245.51,0.31,00,00,07,08
Municipality_Structural_Damage,00_00_07_08,G,average,60,1047.15,0.34,00,00,07,08
Municipality_Structural_Damage,00_00_07_08,G,average,100,1097.18,0.19,00,00,07,08
Municipality_Structural_Damage,00_00_07_08,G&Wp,average,20,246.11,0.29,00,00,07,08
Municipality_Structural_Damage,00_00_07_08,G&Wp,average,60,1149.48,0.31,00,00,07,08
Municipality_Structural_Damage,00_00_07_08,G&Wp,average,100,1201.15,0.15,00,00,07,08
Municipality_Structural_Damage,00_00_07_08,Wp,average,20,246.71,0.28,00,00,07,08
Municipality_Structural_Damage,00_00_07_08,Wp,average,60,1251.8,0.28,00,00,07,08
Municipality_Structural_Damage,00_00_07_08,Wp,average,100,1305.13,0.13,00,00,07,08
Municipality_Structural_Damage,00_00_07_09,D,average,20,217.65,0.32,00,00,07,09
Municipality_Structural_Damage,00_00_07_09,D,average,60,929.98,0.39,00,00,07,09
Municipality_Structural_Damage,00_00_07_09,D,average,100,1021.12,0.26,00,00,07,09
Municipality_Structural_Damage,00_00_07_09,D&G,average,20,231.26,0.32,00,00,07,09
Municipality_Structural_Damage,00_00_07_09,D&G,average,60,988.21,0.36,00,00,07,09
Municipality_Structural_Damage,00_00_07_09,D&G,average,100,1058.31,0.22,00,00,07,09
Municipality_Structural_Damage,00_00_07_09,D&G&Wp,average,20,236.33,0.3,00,00,07,09
Municipality_Structural_Damage,00_00_07_09,D&G&Wp,average,60,1074.4,0.33,00,00,07,09
Municipality_Structural_Damage,00_00_07_09,D&G&Wp,average,100,1138.59,0.17,00,00,07,09
Municipality_Structural_Damage,00_00_07_09,D&Wp,average,20,232.06,0.3,00,00,07,09
Municipality_Structural_Damage,00_00_07_09,D&Wp,average,60,1088.39,0.32,00,00,07,09
Municipality_Structural_Damage,00_00_07_09,D&Wp,average,100,1160.14,0.16,00,00,07,09
Municipality_Structural_Damage,00_00_07_09,G,average,20,244.87,0.31,00,00,07,09
Municipality_Structural_Damage,00_00_07_09,G,average,60,1046.43,0.34,00,00,07,09
Municipality_Structural_Damage,00_00_07_09,G,average,100,1095.5,0.19,00,00,07,09
Municipality_Structural_Damage,00_00_07_09,G&Wp,average,20,245.67,0.29,00,00,07,09
Municipality_Structural_Damage,00_00_07_09,G&Wp,average,60,1146.62,0.31,00,00,07,09
Municipality_Structural_Damage,00_00_07_09,G&Wp,average,100,1197.33,0.15,00,00,07,09
Municipality_Structural_Damage,00_00_07_09,Wp,average,20,246.47,0.28,00,00,07,09
Municipality_Structural_Damage,00_00_07_09,Wp,average,60,1246.8,0.28,00,00,07,09
Municipality_Structural_Damage,00_00_07_09,Wp,average,100,1299.15,0.13,00,00,07,09
Municipality_Structural_Damage,00_00_09_00,D,average,20,192.89,0.29,00,00,09,00
Municipality_Structural_Damage,00_00_09_00,D,average,60,652.63,0.28,00,00,09,00
Municipality_Structural_Damage,00_00_09_00,D,average,100,652.63,0.17,00,00,09,00
Municipality_Structural_Damage,00_00_09_00,D&G,average,20,206.62,0.28,00,00,09,00
Municipality_Structural_Damage,00_00_09_00,D&G,average,60,709.57,0.26,00,00,09,00
Municipality_Structural_Damage,00_00_09_00,D&G,average,100,709.57,0.15,00,00,09,00
Municipality_Structural_Damage,00_00_09_00,D&G&Wp,average,20,211.33,0.27,00,00,09,00
Municipality_Structural_Damage,00_00_09_00,D&G&Wp,average,60,779.37,0.24,00,00,09,00
Municipality_Structural_Damage,00_00_09_00,D&G&Wp,average,100,792.46,0.12,00,00,09,00
Municipality_Structural_Damage,00_00_09_00,D&Wp,average,20,206.82,0.27,00,00,09,00
Municipality_Structural_Damage,00_00_09_00,D&Wp,average,60,785.79,0.23,00,00,09,00
Municipality_Structural_Damage,00_00_09_00,D&Wp,average,100,805.43,0.11,00,00,09,00
Municipality_Structural_Damage,00_00_09_00,G,average,20,220.34,0.28,00,00,09,00
Municipality_Structural_Damage,00_00_09_00,G,average,60,766.51,0.25,00,00,09,00
Municipality_Structural_Damage,00_00_09_00,G,average,100,766.51,0.13,00,00,09,00
Municipality_Structural_Damage,00_00_09_00,G&Wp,average,20,220.55,0.26,00,00,09,00
Municipality_Structural_Damage,00_00_09_00,G&Wp,average,60,842.74,0.23,00,00,09,00
Municipality_Structural_Damage,00_00_09_00,G&Wp,average,100,862.37,0.11,00,00,09,00
Municipality_Structural_Damage,00_00_09_00,Wp,average,20,220.76,0.25,00,00,09,00
Municipality_Structural_Damage,00_00_09_00,Wp,average,60,918.96,0.21,00,00,09,00
Municipality_Structural_Damage,00_00_09_00,Wp,average,100,958.24,0.09,00,00,09,00
Municipality_Structural_Damage,00_00_09_01,D,average,20,192.89,0.29,00,00,09,01
Municipality_Structural_Damage,00_00_09_01,D,average,60,652.63,0.28,00,00,09,01
Municipality_Structural_Damage,00_00_09_01,D,average,100,652.63,0.17,00,00,09,01
Municipality_Structural_Damage,00_00_09_01,D&G,average,20,206.62,0.28,00,00,09,01
Municipality_Structural_Damage,00_00_09_01,D&G,average,60,709.57,0.26,00,00,09,01
Municipality_Structural_Damage,00_00_09_01,D&G,average,100,709.57,0.15,00,00,09,01
Municipality_Structural_Damage,00_00_09_01,D&G&Wp,average,20,211.33,0.27,00,00,09,01
Municipality_Structural_Damage,00_00_09_01,D&G&Wp,average,60,779.37,0.24,00,00,09,01
Municipality_Structural_Damage,00_00_09_01,D&G&Wp,average,100,792.46,0.12,00,00,09,01
Municipality_Structural_Damage,00_00_09_01,D&Wp,average,20,206.82,0.27,00,00,09,01
Municipality_Structural_Damage,00_00_09_01,D&Wp,average,60,785.79,0.23,00,00,09,01
Municipality_Structural_Damage,00_00_09_01,D&Wp,average,100,805.43,0.11,00,00,09,01
Municipality_Structural_Damage,00_00_09_01,G,average,20,220.34,0.28,00,00,09,01
Municipality_Structural_Damage,00_00_09_01,G,average,60,766.51,0.25,00,00,09,01
Municipality_Structural_Damage,00_00_09_01,G,average,100,766.51,0.13,00,00,09,01
Municipality_Structural_Damage,00_00_09_01,G&Wp,average,20,220.55,0.26,00,00,09,01
Municipality_Structural_Damage,00_00_09_01,G&Wp,average,60,842.74,0.23,00,00,09,01
Municipality_Structural_Damage,00_00_09_01,G&Wp,average,100,862.37,0.11,00,00,09,01
Municipality_Structural_Damage,00_00_09_01,Wp,average,20,220.76,0.25,00,00,09,01
Municipality_Structural_Damage,00_00_09_01,Wp,average,60,918.96,0.21,00,00,09,01
Municipality_Structural_Damage,00_00_09_01,Wp,average,100,958.24,0.09,00,00,09,01
Municipality_Structural_Damage,00_00_09_02,D,average,20,192.89,0.29,00,00,09,02
Municipality_Structural_Damage,00_00_09_02,D,average,60,652.63,0.28,00,00,09,02
Municipality_Structural_Damage,00_00_09_02,D,average,100,652.63,0.17,00,00,09,02
Municipality_Structural_Damage,00_00_09_02,D&G,average,20,206.62,0.28,00,00,09,02
Municipality_Structural_Damage,00_00_09_02,D&G,average,60,709.57,0.26,00,00,09,02
Municipality_Structural_Damage,00_00_09_02,D&G,average,100,709.57,0.15,00,00,09,02
Municipality_Structural_Damage,00_00_09_02,D&G&Wp,average,20,211.33,0.27,00,00,09,02
Municipality_Structural_Damage,00_00_09_02,D&G&Wp,average,60,779.37,0.24,00,00,09,02
Municipality_Structural_Damage,00_00_09_02,D&G&Wp,average,100,792.46,0.12,00,00,09,02
Municipality_Structural_Damage,00_00_09_02,D&Wp,average,20,206.82,0.27,00,00,09,02
Municipality_Structural_Damage,00_00_09_02,D&Wp,average,60,785.79,0.23,00,00,09,02
Municipality_Structural_Damage,00_00_09_02,D&Wp,average,100,805.43,0.11,00,00,09,02
Municipality_Structural_Damage,00_00_09_02,G,average,20,220.34,0.28,00,00,09,02
Municipality_Structural_Damage,00_00_09_02,G,average,60,766.51,0.25,00,00,09,02
Municipality_Structural_Damage,00_00_09_02,G,average,100,766.51,0.13,00,00,09,02
Municipality_Structural_Damage,00_00_09_02,G&Wp,average,20,220.55,0.26,00,00,09,02
Municipality_Structural_Damage,00_00_09_02,G&Wp,average,60,842.74,0.23,00,00,09,02
Municipality_Structural_Damage,00_00_09_02,G&Wp,average,100,862.37,0.11,00,00,09,02
Municipality_Structural_Damage,00_00_09_02,Wp,average,20,220.76,0.25,00,00,09,02
Municipality_Structural_Damage,00_00_09_02,Wp,average,60,918.96,0.21,00,00,09,02
Municipality_Structural_Damage,00_00_09_02,Wp,average,100,958.24,0.09,00,00,09,02
Municipality_Structural_Damage,00_00_09_04,D,average,20,192.89,0.29,00,00,09,04
Municipality_Structural_Damage,00_00_09_04,D,average,60,652.63,0.28,00,00,09,04
Municipality_Structural_Damage,00_00_09_04,D,average,100,652.63,0.17,00,00,09,04
Municipality_Structural_Damage,00_00_09_04,D&G,average,20,206.62,0.28,00,00,09,04
Municipality_Structural_Damage,00_00_09_04,D&G,average,60,709.57,0.26,00,00,09,04
Municipality_Structural_Damage,00_00_09_04,D&G,average,100,709.57,0.15,00,00,09,04
Municipality_Structural_Damage,00_00_09_04,D&G&Wp,average,20,211.33,0.27,00,00,09,04
Municipality_Structural_Damage,00_00_09_04,D&G&Wp,average,60,779.37,0.24,00,00,09,04
Municipality_Structural_Damage,00_00_09_04,D&G&Wp,average,100,792.46,0.12,00,00,09,04
Municipality_Structural_Damage,00_00_09_04,D&Wp,average,20,206.82,0.27,00,00,09,04
Municipality_Structural_Damage,00_00_09_04,D&Wp,average,60,785.79,0.23,00,00,09,04
Municipality_Structural_Damage,00_00_09_04,D&Wp,average,100,805.43,0.11,00,00,09,04
Municipality_Structural_Damage,00_00_09_04,G,average,20,220.34,0.28,00,00,09,04
Municipality_Structural_Damage,00_00_09_04,G,average,60,766.51,0.25,00,00,09,04
Municipality_Structural_Damage,00_00_09_04,G,average,100,766.51,0.13,00,00,09,04
Municipality_Structural_Damage,00_00_09_04,G&Wp,average,20,220.55,0.26,00,00,09,04
Municipality_Structural_Damage,00_00_09_04,G&Wp,average,60,842.74,0.23,00,00,09,04
Municipality_Structural_Damage,00_00_09_04,G&Wp,average,100,862.37,0.11,00,00,09,04
Municipality_Structural_Damage,00_00_09_04,Wp,average,20,220.76,0.25,00,00,09,04
Municipality_Structural_Damage,00_00_09_04,Wp,average,60,918.96,0.21,00,00,09,04
Municipality_Structural_Damage,00_00_09_04,Wp,average,100,958.24,0.09,00,00,09,04
Municipality_Structural_Damage,00_00_09_05,D,average,20,192.89,0.29,00,00,09,05
Municipality_Structural_Damage,00_00_09_05,D,average,60,652.63,0.28,00,00,09,05
Municipality_Structural_Damage,00_00_09_05,D,average,100,652.63,0.17,00,00,09,05
Municipality_Structural_Damage,00_00_09_05,D&G,average,20,206.62,0.28,00,00,09,05
Municipality_Structural_Damage,00_00_09_05,D&G,average,60,709.57,0.26,00,00,09,05
Municipality_Structural_Damage,00_00_09_05,D&G,average,100,709.57,0.15,00,00,09,05
Municipality_Structural_Damage,00_00_09_05,D&G&Wp,average,20,211.33,0.27,00,00,09,05
Municipality_Structural_Damage,00_00_09_05,D&G&Wp,average,60,779.37,0.24,00,00,09,05
Municipality_Structural_Damage,00_00_09_05,D&G&Wp,average,100,792.46,0.12,00,00,09,05
Municipality_Structural_Damage,00_00_09_05,D&Wp,average,20,206.82,0.27,00,00,09,05
Municipality_Structural_Damage,00_00_09_05,D&Wp,average,60,785.79,0.23,00,00,09,05
Municipality_Structural_Damage,00_00_09_05,D&Wp,average,100,805.43,0.11,00,00,09,05
Municipality_Structural_Damage,00_00_09_05,G,average,20,220.34,0.28,00,00,09,05
Municipality_Structural_Damage,00_00_09_05,G,average,60,766.51,0.25,00,00,09,05
Municipality_Structural_Damage,00_00_09_05,G,average,100,766.51,0.13,00,00,09,05
Municipality_Structural_Damage,00_00_09_05,G&Wp,average,20,220.55,0.26,00,00,09,05
Municipality_Structural_Damage,00_00_09_05,G&Wp,average,60,842.74,0.23,00,00,09,05
Municipality_Structural_Damage,00_00_09_05,G&Wp,average,100,862.37,0.11,00,00,09,05
Municipality_Structural_Damage,00_00_09_05,Wp,average,20,220.76,0.25,00,00,09,05
Municipality_Structural_Damage,00_00_09_05,Wp,average,60,918.96,0.21,00,00,09,05
Municipality_Structural_Damage,00_00_09_05,Wp,average,100,958.24,0.09,00,00,09,05
Municipality_Structural_Damage,00_00_09_07,D,average,20,192.89,0.29,00,00,09,07
Municipality_Structural_Damage,00_00_09_07,D,average,60,652.63,0.28,00,00,09,07
Municipality_Structural_Damage,00_00_09_07,D,average,100,652.63,0.17,00,00,09,07
Municipality_Structural_Damage,00_00_09_07,D&G,average,20,206.62,0.28,00,00,09,07
Municipality_Structural_Damage,00_00_09_07,D&G,average,60,709.57,0.26,00,00,09,07
Municipality_Structural_Damage,00_00_09_07,D&G,average,100,709.57,0.15,00,00,09,07
Municipality_Structural_Damage,00_00_09_07,D&G&Wp,average,20,211.33,0.27,00,00,09,07
Municipality_Structural_Damage,00_00_09_07,D&G&Wp,average,60,779.37,0.24,00,00,09,07
Municipality_Structural_Damage,00_00_09_07,D&G&Wp,average,100,792.46,0.12,00,00,09,07
Municipality_Structural_Damage,00_00_09_07,D&Wp,average,20,206.82,0.27,00,00,09,07
Municipality_Structural_Damage,00_00_09_07,D&Wp,average,60,785.79,0.23,00,00,09,07
Municipality_Structural_Damage,00_00_09_07,D&Wp,average,100,805.43,0.11,00,00,09,07
Municipality_Structural_Damage,00_00_09_07,G,average,20,220.34,0.28,00,00,09,07
Municipality_Structural_Damage,00_00_09_07,G,average,60,766.51,0.25,00,00,09,07
Municipality_Structural_Damage,00_00_09_07,G,average,100,766.51,0.13,00,00,09,07
Municipality_Structural_Damage,00_00_09_07,G&Wp,average,20,220.55,0.26,00,00,09,07
Municipality_Structural_Damage,00_00_09_07,G&Wp,average,60,842.74,0.23,00,00,09,07
Municipality_Structural_Damage,00_00_09_07,G&Wp,average,100,862.37,0.11,00,00,09,07
Municipality_Structural_Damage,00_00_09_07,Wp,average,20,220.76,0.25,00,00,09,07
Municipality_Structural_Damage,00_00_09_07,Wp,average,60,918.96,0.21,00,00,09,07
Municipality_Structural_Damage,00_00_09_07,Wp,average,100,958.24,0.09,00,00,09,07
Municipality_Structural_Damage,00_00_09_08,D,average,20,192.89,0.29,00,00,09,08
Municipality_Structural_Damage,00_00_09_08,D,average,60,652.63,0.28,00,00,09,08
Municipality_Structural_Damage,00_00_09_08,D,average,100,652.63,0.17,00,00,09,08
Municipality_Structural_Damage,00_00_09_08,D&G,average,20,206.62,0.28,00,00,09,08
Municipality_Structural_Damage,00_00_09_08,D&G,average,60,709.57,0.26,00,00,09,08
Municipality_Structural_Damage,00_00_09_08,D&G,average,100,709.57,0.15,00,00,09,08
Municipality_Structural_Damage,00_00_09_08,D&G&Wp,average,20,211.33,0.27,00,00,09,08
Municipality_Structural_Damage,00_00_09_08,D&G&Wp,average,60,779.37,0.24,00,00,09,08
Municipality_Structural_Damage,00_00_09_08,D&G&Wp,average,100,792.46,0.12,00,00,09,08
Municipality_Structural_Damage,00_00_09_08,D&Wp,average,20,206.82,0.27,00,00,09,08
Municipality_Structural_Damage,00_00_09_08,D&Wp,average,60,785.79,0.23,00,00,09,08
Municipality_Structural_Damage,00_00_09_08,D&Wp,average,100,805.43,0.11,00,00,09,08
Municipality_Structural_Damage,00_00_09_08,G,average,20,220.34,0.28,00,00,09,08
Municipality_Structural_Damage,00_00_09_08,G,average,60,766.51,0.25,00,00,09,08
Municipality_Structural_Damage,00_00_09_08,G,average,100,766.51,0.13,00,00,09,08
Municipality_Structural_Damage,00_00_09_08,G&Wp,average,20,220.55,0.26,00,00,09,08
Municipality_Structural_Damage,00_00_09_08,G&Wp,average,60,842.74,0.23,00,00,09,08
Municipality_Structural_Damage,00_00_09_08,G&Wp,average,100,862.37,0.11,00,00,09,08
Municipality_Structural_Damage,00_00_09_08,Wp,average,20,220.76,0.25,00,00,09,08
Municipality_Structural_Damage,00_00_09_08,Wp,average,60,918.96,0.21,00,00,09,08
Municipality_Structural_Damage,00_00_09_08,Wp,average,100,958.24,0.09,00,00,09,08
Municipality_Structural_Damage,00_00_09_09,D,average,20,192.89,0.29,00,00,09,09
Municipality_Structural_Damage,00_00_09_09,D,average,60,652.63,0.28,00,00,09,09
Municipality_Structural_Damage,00_00_09_09,D,average,100,652.63,0.17,00,00,09,09
Municipality_Structural_Damage,00_00_09_09,D&G,average,20,206.62,0.28,00,00,09,09
Municipality_Structural_Damage,00_00_09_09,D&G,average,60,709.57,0.26,00,00,09,09
Municipality_Structural_Damage,00_00_09_09,D&G,average,100,709.57,0.15,00,00,09,09
Municipality_Structural_Damage,00_00_09_09,D&G&Wp,average,20,211.33,0.27,00,00,09,09
Municipality_Structural_Damage,00_00_09_09,D&G&Wp,average,60,779.37,0.24,00,00,09,09
Municipality_Structural_Damage,00_00_09_09,D&G&Wp,average,100,792.46,0.12,00,00,09,09
Municipality_Structural_Damage,00_00_09_09,D&Wp,average,20,206.82,0.27,00,00,09,09
Municipality_Structural_Damage,00_00_09_09,D&Wp,average,60,785.79,0.23,00,00,09,09
Municipality_Structural_Damage,00_00_09_09,D&Wp,average,100,805.43,0.11,00,00,09,09
Municipality_Structural_Damage,00_00_09_09,G,average,20,220.34,0.28,00,00,09,09
Municipality_Structural_Damage,00_00_09_09,G,average,60,766.51,0.25,00,00,09,09
Municipality_Structural_Damage,00_00_09_09,G,average,100,766.51,0.13,00,00,09,09
Municipality_Structural_Damage,00_00_09_09,G&Wp,average,20,220.55,0.26,00,00,09,09
Municipality_Structural_Damage,00_00_09_09,G&Wp,average,60,842.74,0.23,00,00,09,09
Municipality_Structural_Damage,00_00_09_09,G&Wp,average,100,862.37,0.11,00,00,09,09
Municipality_Structural_Damage,00_00_09_09,Wp,average,20,220.76,0.25,00,00,09,09
Municipality_Structural_Damage,00_00_09_09,Wp,average,60,918.96,0.21,00,00,09,09
Municipality_Structural_Damage,00_00_09_09,Wp,average,100,958.24,0.09,00,00,09,09
Municipality_Structural_Damage,00_00_11_00,D,average,20,669.49,1.0,00,00,11,00
Municipality_Structural_Damage,00_00_11_00,D,average,60,2127.48,0.9,00,00,11,00
Municipality_Structural_Damage,00_00_11_00,D,average,100,3017.74,0.77,00,00,11,00
Municipality_Structural_Damage,00_00_11_00,D&G,average,20,731.84,1.0,00,00,11,00
Municipality_Structural_Damage,00_00_11_00,D&G,average,60,2391.82,0.88,00,00,11,00
Municipality_Structural_Damage,00_00_11_00,D&G,average,100,3288.69,0.68,00,00,11,00
Municipality_Structural_Damage,00_00_11_00,D&G&Wp,average,20,779.57,1.0,00,00,11,00
Municipality_Structural_Damage,00_00_11_00,D&G&Wp,average,60,2849.39,0.87,00,00,11,00
Municipality_Structural_Damage,00_00_11_00,D&G&Wp,average,100,3841.08,0.58,00,00,11,00
Municipality_Structural_Damage,00_00_11_00,D&Wp,average,20,772.27,1.0,00,00,11,00
Municipality_Structural_Damage,00_00_11_00,D&Wp,average,60,2946.01,0.87,00,00,11,00
Municipality_Structural_Damage,00_00_11_00,D&Wp,average,100,3981.79,0.56,00,00,11,00
Municipality_Structural_Damage,00_00_11_00,G,average,20,794.18,1.0,00,00,11,00
Municipality_Structural_Damage,00_00_11_00,G,average,60,2656.17,0.87,00,00,11,00
Municipality_Structural_Damage,00_00_11_00,G,average,100,3559.65,0.61,00,00,11,00
Municipality_Structural_Damage,00_00_11_00,G&Wp,average,20,834.61,1.0,00,00,11,00
Municipality_Structural_Damage,00_00_11_00,G&Wp,average,60,3210.35,0.86,00,00,11,00
Municipality_Structural_Damage,00_00_11_00,G&Wp,average,100,4252.74,0.53,00,00,11,00
Municipality_Structural_Damage,00_00_11_00,Wp,average,20,875.05,1.0,00,00,11,00
Municipality_Structural_Damage,00_00_11_00,Wp,average,60,3764.53,0.85,00,00,11,00
Municipality_Structural_Damage,00_00_11_00,Wp,average,100,4945.84,0.48,00,00,11,00
Municipality_Structural_Damage,00_00_11_01,D,average,20,669.49,1.0,00,00,11,01
Municipality_Structural_Damage,00_00_11_01,D,average,60,2127.48,0.9,00,00,11,01
Municipality_Structural_Damage,00_00_11_01,D,average,100,3017.74,0.77,00,00,11,01
Municipality_Structural_Damage,00_00_11_01,D&G,average,20,731.84,1.0,00,00,11,01
Municipality_Structural_Damage,00_00_11_01,D&G,average,60,2391.82,0.88,00,00,11,01
Municipality_Structural_Damage,00_00_11_01,D&G,average,100,3288.69,0.68,00,00,11,01
Municipality_Structural_Damage,00_00_11_01,D&G&Wp,average,20,779.57,1.0,00,00,11,01
Municipality_Structural_Damage,00_00_11_01,D&G&Wp,average,60,2849.39,0.87,00,00,11,01
Municipality_Structural_Damage,00_00_11_01,D&G&Wp,average,100,3841.08,0.58,00,00,11,01
Municipality_Structural_Damage,00_00_11_01,D&Wp,average,20,772.27,1.0,00,00,11,01
Municipality_Structural_Damage,00_00_11_01,D&Wp,average,60,2946.01,0.87,00,00,11,01
Municipality_Structural_Damage,00_00_11_01,D&Wp,average,100,3981.79,0.56,00,00,11,01
Municipality_Structural_Damage,00_00_11_01,G,average,20,794.18,1.0,00,00,11,01
Municipality_Structural_Damage,00_00_11_01,G,average,60,2656.17,0.87,00,00,11,01
Municipality_Structural_Damage,00_00_11_01,G,average,100,3559.65,0.61,00,00,11,01
Municipality_Structural_Damage,00_00_11_01,G&Wp,average,20,834.61,1.0,00,00,11,01
Municipality_Structural_Damage,00_00_11_01,G&Wp,average,60,3210.35,0.86,00,00,11,01
Municipality_Structural_Damage,00_00_11_01,G&Wp,average,100,4252.74,0.53,00,00,11,01
Municipality_Structural_Damage,00_00_11_01,Wp,average,20,875.05,1.0,00,00,11,01
Municipality_Structural_Damage,00_00_11_01,Wp,average,60,3764.53,0.85,00,00,11,01
Municipality_Structural_Damage,00_00_11_01,Wp,average,100,4945.84,0.48,00,00,11,01
Municipality_Structural_Damage,00_00_11_02,D,average,20,669.49,1.0,00,00,11,02
Municipality_Structural_Damage,00_00_11_02,D,average,60,2127.48,0.9,00,00,11,02
Municipality_Structural_Damage,00_00_11_02,D,average,100,3017.74,0.77,00,00,11,02
Municipality_Structural_Damage,00_00_11_02,D&G,average,20,731.84,1.0,00,00,11,02
Municipality_Structural_Damage,00_00_11_02,D&G,average,60,2391.82,0.88,00,00,11,02
Municipality_Structural_Damage,00_00_11_02,D&G,average,100,3288.69,0.68,00,00,11,02
Municipality_Structural_Damage,00_00_11_02,D&G&Wp,average,20,779.57,1.0,00,00,11,02
Municipality_Structural_Damage,00_00_11_02,D&G&Wp,average,60,2849.39,0.87,00,00,11,02
Municipality_Structural_Damage,00_00_11_02,D&G&Wp,average,100,3841.08,0.58,00,00,11,02
Municipality_Structural_Damage,00_00_11_02,D&Wp,average,20,772.27,1.0,00,00,11,02
Municipality_Structural_Damage,00_00_11_02,D&Wp,average,60,2946.01,0.87,00,00,11,02
Municipality_Structural_Damage,00_00_11_02,D&Wp,average,100,3981.79,0.56,00,00,11,02
Municipality_Structural_Damage,00_00_11_02,G,average,20,794.18,1.0,00,00,11,02
Municipality_Structural_Damage,00_00_11_02,G,average,60,2656.17,0.87,00,00,11,02
Municipality_Structural_Damage,00_00_11_02,G,average,100,3559.65,0.61,00,00,11,02
Municipality_Structural_Damage,00_00_11_02,G&Wp,average,20,834.61,1.0,00,00,11,02
Municipality_Structural_Damage,00_00_11_02,G&Wp,average,60,3210.35,0.86,00,00,11,02
Municipality_Structural_Damage,00_00_11_02,G&Wp,average,100,4252.74,0.53,00,00,11,02
Municipality_Structural_Damage,00_00_11_02,Wp,average,20,875.05,1.0,00,00,11,02
Municipality_Structural_Damage,00_00_11_02,Wp,average,60,3764.53,0.85,00,00,11,02
Municipality_Structural_Damage,00_00_11_02,Wp,average,100,4945.84,0.48,00,00,11,02
Municipality_Structural_Damage,00_00_11_04,D,average,20,669.49,1.0,00,00,11,04
Municipality_Structural_Damage,00_00_11_04,D,average,60,2127.48,0.9,00,00,11,04
Municipality_Structural_Damage,00_00_11_04,D,average,100,3017.74,0.77,00,00,11,04
Municipality_Structural_Damage,00_00_11_04,D&G,average,20,731.84,1.0,00,00,11,04
Municipality_Structural_Damage,00_00_11_04,D&G,average,60,2391.82,0.88,00,00,11,04
Municipality_Structural_Damage,00_00_11_04,D&G,average,100,3288.69,0.68,00,00,11,04
Municipality_Structural_Damage,00_00_11_04,D&G&Wp,average,20,779.57,1.0,00,00,11,04
Municipality_Structural_Damage,00_00_11_04,D&G&Wp,average,60,2849.39,0.87,00,00,11,04
Municipality_Structural_Damage,00_00_11_04,D&G&Wp,average,100,3841.08,0.58,00,00,11,04
Municipality_Structural_Damage,00_00_11_04,D&Wp,average,20,772.27,1.0,00,00,11,04
Municipality_Structural_Damage,00_00_11_04,D&Wp,average,60,2946.01,0.87,00,00,11,04
Municipality_Structural_Damage,00_00_11_04,D&Wp,average,100,3981.79,0.56,00,00,11,04
Municipality_Structural_Damage,00_00_11_04,G,average,20,794.18,1.0,00,00,11,04
Municipality_Structural_Damage,00_00_11_04,G,average,60,2656.17,0.87,00,00,11,04
Municipality_Structural_Damage,00_00_11_04,G,average,100,3559.65,0.61,00,00,11,04
Municipality_Structural_Damage,00_00_11_04,G&Wp,average,20,834.61,1.0,00,00,11,04
Municipality_Structural_Damage,00_00_11_04,G&Wp,average,60,3210.35,0.86,00,00,11,04
Municipality_Structural_Damage,00_00_11_04,G&Wp,average,100,4252.74,0.53,00,00,11,04
Municipality_Structural_Damage,00_00_11_04,Wp,average,20,875.05,1.0,00,00,11,04
Municipality_Structural_Damage,00_00_11_04,Wp,average,60,3764.53,0.85,00,00,11,04
Municipality_Structural_Damage,00_00_11_04,Wp,average,100,4945.84,0.48,00,00,11,04
Municipality_Structural_Damage,00_00_11_05,D,average,20,669.49,1.0,00,00,11,05
Municipality_Structural_Damage,00_00_11_05,D,average,60,2127.48,0.9,00,00,11,05
Municipality_Structural_Damage,00_00_11_05,D,average,100,3017.74,0.77,00,00,11,05
Municipality_Structural_Damage,00_00_11_05,D&G,average,20,731.84,1.0,00,00,11,05
Municipality_Structural_Damage,00_00_11_05,D&G,average,60,2391.82,0.88,00,00,11,05
Municipality_Structural_Damage,00_00_11_05,D&G,average,100,3288.69,0.68,00,00,11,05
Municipality_Structural_Damage,00_00_11_05,D&G&Wp,average,20,779.57,1.0,00,00,11,05
Municipality_Structural_Damage,00_00_11_05,D&G&Wp,average,60,2849.39,0.87,00,00,11,05
Municipality_Structural_Damage,00_00_11_05,D&G&Wp,average,100,3841.08,0.58,00,00,11,05
Municipality_Structural_Damage,00_00_11_05,D&Wp,average,20,772.27,1.0,00,00,11,05
Municipality_Structural_Damage,00_00_11_05,D&Wp,average,60,2946.01,0.87,00,00,11,05
Municipality_Structural_Damage,00_00_11_05,D&Wp,average,100,3981.79,0.56,00,00,11,05
Municipality_Structural_Damage,00_00_11_05,G,average,20,794.18,1.0,00,00,11,05
Municipality_Structural_Damage,00_00_11_05,G,average,60,2656.17,0.87,00,00,11,05
Municipality_Structural_Damage,00_00_11_05,G,average,100,3559.65,0.61,00,00,11,05
Municipality_Structural_Damage,00_00_11_05,G&Wp,average,20,834.61,1.0,00,00,11,05
Municipality_Structural_Damage,00_00_11_05,G&Wp,average,60,3210.35,0.86,00,00,11,05
Municipality_Structural_Damage,00_00_11_05,G&Wp,average,100,4252.74,0.53,00,00,11,05
Municipality_Structural_Damage,00_00_11_05,Wp,average,20,875.05,1.0,00,00,11,05
Municipality_Structural_Damage,00_00_11_05,Wp,average,60,3764.53,0.85,00,00,11,05
Municipality_Structural_Damage,00_00_11_05,Wp,average,100,4945.84,0.48,00,00,11,05
Municipality_Structural_Damage,00_00_11_07,D,average,20,669.49,1.0,00,00,11,07
Municipality_Structural_Damage,00_00_11_07,D,average,60,2127.48,0.9,00,00,11,07
Municipality_Structural_Damage,00_00_11_07,D,average,100,3017.74,0.77,00,00,11,07
Municipality_Structural_Damage,00_00_11_07,D&G,average,20,731.84,1.0,00,00,11,07
Municipality_Structural_Damage,00_00_11_07,D&G,average,60,2391.82,0.88,00,00,11,07
Municipality_Structural_Damage,00_00_11_07,D&G,average,100,3288.69,0.68,00,00,11,07
Municipality_Structural_Damage,00_00_11_07,D&G&Wp,average,20,779.57,1.0,00,00,11,07
Municipality_Structural_Damage,00_00_11_07,D&G&Wp,average,60,2849.39,0.87,00,00,11,07
Municipality_Structural_Damage,00_00_11_07,D&G&Wp,average,100,3841.08,0.58,00,00,11,07
Municipality_Structural_Damage,00_00_11_07,D&Wp,average,20,772.27,1.0,00,00,11,07
Municipality_Structural_Damage,00_00_11_07,D&Wp,average,60,2946.01,0.87,00,00,11,07
Municipality_Structural_Damage,00_00_11_07,D&Wp,average,100,3981.79,0.56,00,00,11,07
Municipality_Structural_Damage,00_00_11_07,G,average,20,794.18,1.0,00,00,11,07
Municipality_Structural_Damage,00_00_11_07,G,average,60,2656.17,0.87,00,00,11,07
Municipality_Structural_Damage,00_00_11_07,G,average,100,3559.65,0.61,00,00,11,07
Municipality_Structural_Damage,00_00_11_07,G&Wp,average,20,834.61,1.0,00,00,11,07
Municipality_Structural_Damage,00_00_11_07,G&Wp,average,60,3210.35,0.86,00,00,11,07
Municipality_Structural_Damage,00_00_11_07,G&Wp,average,100,4252.74,0.53,00,00,11,07
Municipality_Structural_Damage,00_00_11_07,Wp,average,20,875.05,1.0,00,00,11,07
Municipality_Structural_Damage,00_00_11_07,Wp,average,60,3764.53,0.85,00,00,11,07
Municipality_Structural_Damage,00_00_11_07,Wp,average,100,4945.84,0.48,00,00,11,07
Municipality_Structural_Damage,00_00_11_08,D,average,20,669.49,1.0,00,00,11,08
Municipality_Structural_Damage,00_00_11_08,D,average,60,2127.48,0.9,00,00,11,08
Municipality_Structural_Damage,00_00_11_08,D,average,100,3017.74,0.77,00,00,11,08
Municipality_Structural_Damage,00_00_11_08,D&G,average,20,731.84,1.0,00,00,11,08
Municipality_Structural_Damage,00_00_11_08,D&G,average,60,2391.82,0.88,00,00,11,08
Municipality_Structural_Damage,00_00_11_08,D&G,average,100,3288.69,0.68,00,00,11,08
Municipality_Structural_Damage,00_00_11_08,D&G&Wp,average,20,779.57,1.0,00,00,11,08
Municipality_Structural_Damage,00_00_11_08,D&G&Wp,average,60,2849.39,0.87,00,00,11,08
Municipality_Structural_Damage,00_00_11_08,D&G&Wp,average,100,3841.08,0.58,00,00,11,08
Municipality_Structural_Damage,00_00_11_08,D&Wp,average,20,772.27,1.0,00,00,11,08
Municipality_Structural_Damage,00_00_11_08,D&Wp,average,60,2946.01,0.87,00,00,11,08
Municipality_Structural_Damage,00_00_11_08,D&Wp,average,100,3981.79,0.56,00,00,11,08
Municipality_Structural_Damage,00_00_11_08,G,average,20,794.18,1.0,00,00,11,08
Municipality_Structural_Damage,00_00_11_08,G,average,60,2656.17,0.87,00,00,11,08
Municipality_Structural_Damage,00_00_11_08,G,average,100,3559.65,0.61,00,00,11,08
Municipality_Structural_Damage,00_00_11_08,G&Wp,average,20,834.61,1.0,00,00,11,08
Municipality_Structural_Damage,00_00_11_08,G&Wp,average,60,3210.35,0.86,00,00,11,08
Municipality_Structural_Damage,00_00_11_08,G&Wp,average,100,4252.74,0.53,00,00,11,08
Municipality_Structural_Damage,00_00_11_08,Wp,average,20,875.05,1.0,00,00,11,08
Municipality_Structural_Damage,00_00_11_08,Wp,average,60,3764.53,0.85,00,00,11,08
Municipality_Structural_Damage,00_00_11_08,Wp,average,100,4945.84,0.48,00,00,11,08
Municipality_Structural_Damage,00_00_11_09,D,average,20,669.49,1.0,00,00,11,09
Municipality_Structural_Damage,00_00_11_09,D,average,60,2127.48,0.9,00,00,11,09
Municipality_Structural_Damage,00_00_11_09,D,average,100,3017.74,0.77,00,00,11,09
Municipality_Structural_Damage,00_00_11_09,D&G,average,20,731.84,1.0,00,00,11,09
Municipality_Structural_Damage,00_00_11_09,D&G,average,60,2391.82,0.88,00,00,11,09
Municipality_Structural_Damage,00_00_11_09,D&G,average,100,3288.69,0.68,00,00,11,09
Municipality_Structural_Damage,00_00_11_09,D&G&Wp,average,20,779.57,1.0,00,00,11,09
Municipality_Structural_Damage,00_00_11_09,D&G&Wp,average,60,2849.39,0.87,00,00,11,09
Municipality_Structural_Damage,00_00_11_09,D&G&Wp,average,100,3841.08,0.58,00,00,11,09
Municipality_Structural_Damage,00_00_11_09,D&Wp,average,20,772.27,1.0,00,00,11,09
Municipality_Structural_Damage,00_00_11_09,D&Wp,average,60,2946.01,0.87,00,00,11,09
Municipality_Structural_Damage,00_00_11_09,D&Wp,average,100,3981.79,0.56,00,00,11,09
Municipality_Structural_Damage,00_00_11_09,G,average,20,794.18,1.0,00,00,11,09
Municipality_Structural_Damage,00_00_11_09,G,average,60,2656.17,0.87,00,00,11,09
Municipality_Structural_Damage,00_00_11_09,G,average,100,3559.65,0.61,00,00,11,09
Municipality_Structural_Damage,00_00_11_09,G&Wp,average,20,834.61,1.0,00,00,11,09
Municipality_Structural_Damage,00_00_11_09,G&Wp,average,60,3210.35,0.86,00,00,11,09
Municipality_Structural_Damage,00_00_11_09,G&Wp,average,100,4252.74,0.53,00,00,11,09
Municipality_Structural_Damage,00_00_11_09,Wp,average,20,875.05,1.0,00,00,11,09
Municipality_Structural_Damage,00_00_11_09,Wp,average,60,3764.53,0.85,00,00,11,09
Municipality_Structural_Damage,00_00_11_09,Wp,average,100,4945.84,0.48,00,00,11,09
Municipality_Structural_Damage,00_00_13_00,D,average,20,622.76,0.93,00,00,13,00
Municipality_Structural_Damage,00_00_13_00,D,average,60,1921.74,0.81,00,00,13,00
Municipality_Structural_Damage,00_00_13_00,D,average,100,2554.64,0.65,00,00,13,00
Municipality_Structural_Damage,00_00_13_00,D&G,average,20,680.47,0.93,00,00,13,00
Municipality_Structural_Damage,00_00_13_00,D&G,average,60,2178.16,0.8,00,00,13,00
Municipality_Structural_Damage,00_00_13_00,D&G,average,100,2799.18,0.58,00,00,13,00
Municipality_Structural_Damage,00_00_13_00,D&G&Wp,average,20,724.16,0.93,00,00,13,00
Municipality_Structural_Damage,00_00_13_00,D&G&Wp,average,60,2531.42,0.77,00,00,13,00
Municipality_Structural_Damage,00_00_13_00,D&G&Wp,average,100,3053.77,0.46,00,00,13,00
Municipality_Structural_Damage,00_00_13_00,D&Wp,average,20,717.14,0.93,00,00,13,00
Municipality_Structural_Damage,00_00_13_00,D&Wp,average,60,2579.84,0.76,00,00,13,00
Municipality_Structural_Damage,00_00_13_00,D&Wp,average,100,3058.8,0.43,00,00,13,00
Municipality_Structural_Damage,00_00_13_00,G,average,20,738.18,0.93,00,00,13,00
Municipality_Structural_Damage,00_00_13_00,G,average,60,2434.58,0.8,00,00,13,00
Municipality_Structural_Damage,00_00_13_00,G,average,100,3043.73,0.53,00,00,13,00
Municipality_Structural_Damage,00_00_13_00,G&Wp,average,20,774.85,0.93,00,00,13,00
Municipality_Structural_Damage,00_00_13_00,G&Wp,average,60,2836.26,0.76,00,00,13,00
Municipality_Structural_Damage,00_00_13_00,G&Wp,average,100,3303.34,0.41,00,00,13,00
Municipality_Structural_Damage,00_00_13_00,Wp,average,20,811.52,0.93,00,00,13,00
Municipality_Structural_Damage,00_00_13_00,Wp,average,60,3237.93,0.73,00,00,13,00
Municipality_Structural_Damage,00_00_13_00,Wp,average,100,3562.95,0.35,00,00,13,00
Municipality_Structural_Damage,00_00_13_01,D,average,20,622.76,0.93,00,00,13,01
Municipality_Structural_Damage,00_00_13_01,D,average,60,1921.04,0.81,00,00,13,01
Municipality_Structural_Damage,00_00_13_01,D,average,100,2559.79,0.65,00,00,13,01
Municipality_Structural_Damage,00_00_13_01,D&G,average,20,680.47,0.93,00,00,13,01
Municipality_Structural_Damage,00_00_13_01,D&G,average,60,2177.98,0.8,00,00,13,01
Municipality_Structural_Damage,00_00_13_01,D&G,average,100,2803.35,0.58,00,00,13,01
Municipality_Structural_Damage,00_00_13_01,D&G&Wp,average,20,724.16,0.93,00,00,13,01
Municipality_Structural_Damage,00_00_13_01,D&G&Wp,average,60,2531.58,0.77,00,00,13,01
Municipality_Structural_Damage,00_00_13_01,D&G&Wp,average,100,3056.78,0.46,00,00,13,01
Municipality_Structural_Damage,00_00_13_01,D&Wp,average,20,717.14,0.93,00,00,13,01
Municipality_Structural_Damage,00_00_13_01,D&Wp,average,60,2579.9,0.76,00,00,13,01
Municipality_Structural_Damage,00_00_13_01,D&Wp,average,100,3061.71,0.43,00,00,13,01
Municipality_Structural_Damage,00_00_13_01,G,average,20,738.18,0.93,00,00,13,01
Municipality_Structural_Damage,00_00_13_01,G,average,60,2434.93,0.8,00,00,13,01
Municipality_Structural_Damage,00_00_13_01,G,average,100,3046.91,0.53,00,00,13,01
Municipality_Structural_Damage,00_00_13_01,G&Wp,average,20,774.85,0.93,00,00,13,01
Municipality_Structural_Damage,00_00_13_01,G&Wp,average,60,2836.85,0.76,00,00,13,01
Municipality_Structural_Damage,00_00_13_01,G&Wp,average,100,3305.27,0.41,00,00,13,01
Municipality_Structural_Damage,00_00_13_01,Wp,average,20,811.52,0.93,00,00,13,01
Municipality_Structural_Damage,00_00_13_01,Wp,average,60,3238.77,0.73,00,00,13,01
Municipality_Structural_Damage,00_00_13_01,Wp,average,100,3563.63,0.35,00,00,13,01
Municipality_Structural_Damage,00_00_13_02,D,average,20,622.76,0.93,00,00,13,02
Municipality_Structural_Damage,00_00_13_02,D,average,60,1921.44,0.81,00,00,13,02
Municipality_Structural_Damage,00_00_13_02,D,average,100,2557.8,0.65,00,00,13,02
Municipality_Structural_Damage,00_00_13_02,D&G,average,20,680.47,0.93,00,00,13,02
Municipality_Structural_Damage,00_00_13_02,D&G,average,60,2177.19,0.8,00,00,13,02
Municipality_Structural_Damage,00_00_13_02,D&G,average,100,2801.52,0.58,00,00,13,02
Municipality_Structural_Damage,00_00_13_02,D&G&Wp,average,20,724.16,0.93,00,00,13,02
Municipality_Structural_Damage,00_00_13_02,D&G&Wp,average,60,2530.98,0.77,00,00,13,02
Municipality_Structural_Damage,00_00_13_02,D&G&Wp,average,100,3054.36,0.46,00,00,13,02
Municipality_Structural_Damage,00_00_13_02,D&Wp,average,20,717.14,0.93,00,00,13,02
Municipality_Structural_Damage,00_00_13_02,D&Wp,average,60,2580.0,0.76,00,00,13,02
Municipality_Structural_Damage,00_00_13_02,D&Wp,average,100,3058.92,0.43,00,00,13,02
Municipality_Structural_Damage,00_00_13_02,G,average,20,738.18,0.93,00,00,13,02
Municipality_Structural_Damage,00_00_13_02,G,average,60,2432.95,0.8,00,00,13,02
Municipality_Structural_Damage,00_00_13_02,G,average,100,3045.22,0.53,00,00,13,02
Municipality_Structural_Damage,00_00_13_02,G&Wp,average,20,774.85,0.93,00,00,13,02
Municipality_Structural_Damage,00_00_13_02,G&Wp,average,60,2835.76,0.76,00,00,13,02
Municipality_Structural_Damage,00_00_13_02,G&Wp,average,100,3302.63,0.41,00,00,13,02
Municipality_Structural_Damage,00_00_13_02,Wp,average,20,811.52,0.93,00,00,13,02
Municipality_Structural_Damage,00_00_13_02,Wp,average,60,3238.57,0.73,00,00,13,02
Municipality_Structural_Damage,00_00_13_02,Wp,average,100,3560.04,0.35,00,00,13,02
Municipality_Structural_Damage,00_00_13_04,D,average,20,622.76,0.93,00,00,13,04
Municipality_Structural_Damage,00_00_13_04,D,average,60,1921.19,0.81,00,00,13,04
Municipality_Structural_Damage,00_00_13_04,D,average,100,2562.67,0.65,00,00,13,04
Municipality_Structural_Damage,00_00_13_04,D&G,average,20,680.47,0.93,00,00,13,04
Municipality_Structural_Damage,00_00_13_04,D&G,average,60,2178.05,0.8,00,00,13,04
Municipality_Structural_Damage,00_00_13_04,D&G,average,100,2805.9,0.58,00,00,13,04
Municipality_Structural_Damage,00_00_13_04,D&G&Wp,average,20,724.16,0.93,00,00,13,04
Municipality_Structural_Damage,00_00_13_04,D&G&Wp,average,60,2532.06,0.77,00,00,13,04
Municipality_Structural_Damage,00_00_13_04,D&G&Wp,average,100,3060.69,0.46,00,00,13,04
Municipality_Structural_Damage,00_00_13_04,D&Wp,average,20,717.14,0.93,00,00,13,04
Municipality_Structural_Damage,00_00_13_04,D&Wp,average,60,2580.63,0.76,00,00,13,04
Municipality_Structural_Damage,00_00_13_04,D&Wp,average,100,3066.48,0.43,00,00,13,04
Municipality_Structural_Damage,00_00_13_04,G,average,20,738.18,0.93,00,00,13,04
Municipality_Structural_Damage,00_00_13_04,G,average,60,2434.92,0.8,00,00,13,04
Municipality_Structural_Damage,00_00_13_04,G,average,100,3049.12,0.53,00,00,13,04
Municipality_Structural_Damage,00_00_13_04,G&Wp,average,20,774.85,0.93,00,00,13,04
Municipality_Structural_Damage,00_00_13_04,G&Wp,average,60,2837.5,0.76,00,00,13,04
Municipality_Structural_Damage,00_00_13_04,G&Wp,average,100,3309.7,0.41,00,00,13,04
Municipality_Structural_Damage,00_00_13_04,Wp,average,20,811.52,0.93,00,00,13,04
Municipality_Structural_Damage,00_00_13_04,Wp,average,60,3240.08,0.73,00,00,13,04
Municipality_Structural_Damage,00_00_13_04,Wp,average,100,3570.28,0.35,00,00,13,04
Municipality_Structural_Damage,00_00_13_05,D,average,20,622.76,0.93,00,00,13,05
Municipality_Structural_Damage,00_00_13_05,D,average,60,1921.91,0.81,00,00,13,05
Municipality_Structural_Damage,00_00_13_05,D,average,100,2584.87,0.66,00,00,13,05
Municipality_Structural_Damage,00_00_13_05,D&G,average,20,680.47,0.93,00,00,13,05
Municipality_Structural_Damage,00_00_13_05,D&G,average,60,2178.46,0.8,00,00,13,05
Municipality_Structural_Damage,00_00_13_05,D&G,average,100,2814.52,0.58,00,00,13,05
Municipality_Structural_Damage,00_00_13_05,D&G&Wp,average,20,724.16,0.93,00,00,13,05
Municipality_Structural_Damage,00_00_13_05,D&G&Wp,average,60,2531.16,0.77,00,00,13,05
Municipality_Structural_Damage,00_00_13_05,D&G&Wp,average,100,3064.14,0.46,00,00,13,05
Municipality_Structural_Damage,00_00_13_05,D&Wp,average,20,717.14,0.93,00,00,13,05
Municipality_Structural_Damage,00_00_13_05,D&Wp,average,60,2579.23,0.76,00,00,13,05
Municipality_Structural_Damage,00_00_13_05,D&Wp,average,100,3074.13,0.43,00,00,13,05
Municipality_Structural_Damage,00_00_13_05,G,average,20,738.18,0.93,00,00,13,05
Municipality_Structural_Damage,00_00_13_05,G,average,60,2435.01,0.8,00,00,13,05
Municipality_Structural_Damage,00_00_13_05,G,average,100,3044.16,0.53,00,00,13,05
Municipality_Structural_Damage,00_00_13_05,G&Wp,average,20,774.85,0.93,00,00,13,05
Municipality_Structural_Damage,00_00_13_05,G&Wp,average,60,2835.78,0.76,00,00,13,05
Municipality_Structural_Damage,00_00_13_05,G&Wp,average,100,3303.77,0.41,00,00,13,05
Municipality_Structural_Damage,00_00_13_05,Wp,average,20,811.52,0.93,00,00,13,05
Municipality_Structural_Damage,00_00_13_05,Wp,average,60,3236.54,0.73,00,00,13,05
Municipality_Structural_Damage,00_00_13_05,Wp,average,100,3563.38,0.35,00,00,13,05
Municipality_Structural_Damage,00_00_13_07,D,average,20,622.76,0.93,00,00,13,07
Municipality_Structural_Damage,00_00_13_07,D,average,60,1921.73,0.81,00,00,13,07
Municipality_Structural_Damage,00_00_13_07,D,average,100,2561.18,0.65,00,00,13,07
Municipality_Structural_Damage,00_00_13_07,D&G,average,20,680.47,0.93,00,00,13,07
Municipality_Structural_Damage,00_00_13_07,D&G,average,60,2178.74,0.8,00,00,13,07
Municipality_Structural_Damage,00_00_13_07,D&G,average,100,2802.66,0.58,00,00,13,07
Municipality_Structural_Damage,00_00_13_07,D&G&Wp,average,20,724.16,0.93,00,00,13,07
Municipality_Structural_Damage,00_00_13_07,D&G&Wp,average,60,2532.44,0.77,00,00,13,07
Municipality_Structural_Damage,00_00_13_07,D&G&Wp,average,100,3056.49,0.46,00,00,13,07
Municipality_Structural_Damage,00_00_13_07,D&Wp,average,20,717.14,0.93,00,00,13,07
Municipality_Structural_Damage,00_00_13_07,D&Wp,average,60,2580.78,0.76,00,00,13,07
Municipality_Structural_Damage,00_00_13_07,D&Wp,average,100,3062.66,0.43,00,00,13,07
Municipality_Structural_Damage,00_00_13_07,G,average,20,738.18,0.93,00,00,13,07
Municipality_Structural_Damage,00_00_13_07,G,average,60,2435.75,0.8,00,00,13,07
Municipality_Structural_Damage,00_00_13_07,G,average,100,3044.13,0.53,00,00,13,07
Municipality_Structural_Damage,00_00_13_07,G&Wp,average,20,774.85,0.93,00,00,13,07
Municipality_Structural_Damage,00_00_13_07,G&Wp,average,60,2837.79,0.76,00,00,13,07
Municipality_Structural_Damage,00_00_13_07,G&Wp,average,100,3304.14,0.41,00,00,13,07
Municipality_Structural_Damage,00_00_13_07,Wp,average,20,811.52,0.93,00,00,13,07
Municipality_Structural_Damage,00_00_13_07,Wp,average,60,3239.82,0.73,00,00,13,07
Municipality_Structural_Damage,00_00_13_07,Wp,average,100,3564.15,0.35,00,00,13,07
Municipality_Structural_Damage,00_00_13_08,D,average,20,622.76,0.93,00,00,13,08
Municipality_Structural_Damage,00_00_13_08,D,average,60,1920.39,0.81,00,00,13,08
Municipality_Structural_Damage,00_00_13_08,D,average,100,2568.91,0.65,00,00,13,08
Municipality_Structural_Damage,00_00_13_08,D&G,average,20,680.47,0.93,00,00,13,08
Municipality_Structural_Damage,00_00_13_08,D&G,average,60,2177.24,0.8,00,00,13,08
Municipality_Structural_Damage,00_00_13_08,D&G,average,100,2808.12,0.58,00,00,13,08
Municipality_Structural_Damage,00_00_13_08,D&G&Wp,average,20,724.16,0.93,00,00,13,08
Municipality_Structural_Damage,00_00_13_08,D&G&Wp,average,60,2531.7,0.77,00,00,13,08
Municipality_Structural_Damage,00_00_13_08,D&G&Wp,average,100,3060.38,0.46,00,00,13,08
Municipality_Structural_Damage,00_00_13_08,D&Wp,average,20,717.14,0.93,00,00,13,08
Municipality_Structural_Damage,00_00_13_08,D&Wp,average,60,2580.51,0.76,00,00,13,08
Municipality_Structural_Damage,00_00_13_08,D&Wp,average,100,3066.91,0.43,00,00,13,08
Municipality_Structural_Damage,00_00_13_08,G,average,20,738.18,0.93,00,00,13,08
Municipality_Structural_Damage,00_00_13_08,G,average,60,2434.08,0.8,00,00,13,08
Municipality_Structural_Damage,00_00_13_08,G,average,100,3047.32,0.53,00,00,13,08
Municipality_Structural_Damage,00_00_13_08,G&Wp,average,20,774.85,0.93,00,00,13,08
Municipality_Structural_Damage,00_00_13_08,G&Wp,average,60,2837.36,0.76,00,00,13,08
Municipality_Structural_Damage,00_00_13_08,G&Wp,average,100,3306.11,0.41,00,00,13,08
Municipality_Structural_Damage,00_00_13_08,Wp,average,20,811.52,0.93,00,00,13,08
Municipality_Structural_Damage,00_00_13_08,Wp,average,60,3240.63,0.73,00,00,13,08
Municipality_Structural_Damage,00_00_13_08,Wp,average,100,3564.9,0.35,00,00,13,08
Municipality_Structural_Damage,00_00_13_09,D,average,20,622.76,0.93,00,00,13,09
Municipality_Structural_Damage,00_00_13_09,D,average,60,1921.15,0.81,00,00,13,09
Municipality_Structural_Damage,00_00_13_09,D,average,100,2577.07,0.66,00,00,13,09
Municipality_Structural_Damage,00_00_13_09,D&G,average,20,680.47,0.93,00,00,13,09
Municipality_Structural_Damage,00_00_13_09,D&G,average,60,2177.09,0.8,00,00,13,09
Municipality_Structural_Damage,00_00_13_09,D&G,average,100,2809.53,0.58,00,00,13,09
Municipality_Structural_Damage,00_00_13_09,D&G&Wp,average,20,724.16,0.93,00,00,13,09
Municipality_Structural_Damage,00_00_13_09,D&G&Wp,average,60,2531.03,0.77,00,00,13,09
Municipality_Structural_Damage,00_00_13_09,D&G&Wp,average,100,3061.44,0.46,00,00,13,09
Municipality_Structural_Damage,00_00_13_09,D&Wp,average,20,717.14,0.93,00,00,13,09
Municipality_Structural_Damage,00_00_13_09,D&Wp,average,60,2580.03,0.76,00,00,13,09
Municipality_Structural_Damage,00_00_13_09,D&Wp,average,100,3071.16,0.43,00,00,13,09
Municipality_Structural_Damage,00_00_13_09,G,average,20,738.18,0.93,00,00,13,09
Municipality_Structural_Damage,00_00_13_09,G,average,60,2433.04,0.8,00,00,13,09
Municipality_Structural_Damage,00_00_13_09,G,average,100,3042.0,0.53,00,00,13,09
Municipality_Structural_Damage,00_00_13_09,G&Wp,average,20,774.85,0.93,00,00,13,09
Municipality_Structural_Damage,00_00_13_09,G&Wp,average,60,2835.98,0.76,00,00,13,09
Municipality_Structural_Damage,00_00_13_09,G&Wp,average,100,3303.62,0.41,00,00,13,09
Municipality_Structural_Damage,00_00_13_09,Wp,average,20,811.52,0.93,00,00,13,09
Municipality_Structural_Damage,00_00_13_09,Wp,average,60,3238.91,0.73,00,00,13,09
Municipality_Structural_Damage,00_00_13_09,Wp,average,100,3565.26,0.35,00,00,13,09
