objective_parameter,pw_combi,scenario_of_interest,robustness_metric,year,Value,normalized_values,flood_agr,drought_agr,flood_urb,drought_shp
Shipping_Economic_Loss,00_00_00_00,D,average,20,2222.52,1.0,00,00,00,00
Shipping_Economic_Loss,00_00_00_00,D,average,60,5632.03,1.0,00,00,00,00
Shipping_Economic_Loss,00_00_00_00,D,average,100,9004.04,1.0,00,00,00,00
Shipping_Economic_Loss,00_00_00_00,D&G,average,20,2207.73,1.0,00,00,00,00
Shipping_Economic_Loss,00_00_00_00,D&G,average,60,5513.18,1.0,00,00,00,00
Shipping_Economic_Loss,00_00_00_00,D&G,average,100,8681.76,1.0,00,00,00,00
Shipping_Economic_Loss,00_00_00_00,D&G&Wp,average,20,2262.94,1.0,00,00,00,00
Shipping_Economic_Loss,00_00_00_00,D&G&Wp,average,60,6051.53,1.0,00,00,00,00
Shipping_Economic_Loss,00_00_00_00,D&G&Wp,average,100,10394.12,1.0,00,00,00,00
Shipping_Economic_Loss,00_00_00_00,D&Wp,average,20,2297.93,1.0,00,00,00,00
Shipping_Economic_Loss,00_00_00_00,D&Wp,average,60,6380.12,1.0,00,00,00,00
Shipping_Economic_Loss,00_00_00_00,D&Wp,average,100,11411.45,1.0,00,00,00,00
Shipping_Economic_Loss,00_00_00_00,G,average,20,2192.94,1.0,00,00,00,00
Shipping_Economic_Loss,00_00_00_00,G,average,60,5394.34,1.0,00,00,00,00
Shipping_Economic_Loss,00_00_00_00,G,average,100,8359.48,1.0,00,00,00,00
Shipping_Economic_Loss,00_00_00_00,G&Wp,average,20,2283.14,1.0,00,00,00,00
Shipping_Economic_Loss,00_00_00_00,G&Wp,average,60,6261.28,1.0,00,00,00,00
Shipping_Economic_Loss,00_00_00_00,G&Wp,average,100,11089.17,1.0,00,00,00,00
Shipping_Economic_Loss,00_00_00_00,Wp,average,20,2373.34,1.0,00,00,00,00
Shipping_Economic_Loss,00_00_00_00,Wp,average,60,7128.22,1.0,00,00,00,00
Shipping_Economic_Loss,00_00_00_00,Wp,average,100,13818.86,1.0,00,00,00,00
Shipping_Economic_Loss,00_00_00_01,D,average,20,1778.37,0.8,00,00,00,01
Shipping_Economic_Loss,00_00_00_01,D,average,60,3251.66,0.58,00,00,00,01
Shipping_Economic_Loss,00_00_00_01,D,average,100,4695.4,0.52,00,00,00,01
Shipping_Economic_Loss,00_00_00_01,D&G,average,20,1768.37,0.8,00,00,00,01
Shipping_Economic_Loss,00_00_00_01,D&G,average,60,3196.54,0.58,00,00,00,01
Shipping_Economic_Loss,00_00_00_01,D&G,average,100,4544.17,0.52,00,00,00,01
Shipping_Economic_Loss,00_00_00_01,D&G&Wp,average,20,1791.42,0.79,00,00,00,01
Shipping_Economic_Loss,00_00_00_01,D&G&Wp,average,60,3146.94,0.52,00,00,00,01
Shipping_Economic_Loss,00_00_00_01,D&G&Wp,average,100,4596.03,0.44,00,00,00,01
Shipping_Economic_Loss,00_00_00_01,D&Wp,average,20,1807.94,0.79,00,00,00,01
Shipping_Economic_Loss,00_00_00_01,D&Wp,average,60,3149.69,0.49,00,00,00,01
Shipping_Economic_Loss,00_00_00_01,D&Wp,average,100,4697.58,0.41,00,00,00,01
Shipping_Economic_Loss,00_00_00_01,G,average,20,1758.38,0.8,00,00,00,01
Shipping_Economic_Loss,00_00_00_01,G,average,60,3141.42,0.58,00,00,00,01
Shipping_Economic_Loss,00_00_00_01,G,average,100,4392.94,0.53,00,00,00,01
Shipping_Economic_Loss,00_00_00_01,G&Wp,average,20,1797.94,0.79,00,00,00,01
Shipping_Economic_Loss,00_00_00_01,G&Wp,average,60,3094.58,0.49,00,00,00,01
Shipping_Economic_Loss,00_00_00_01,G&Wp,average,100,4546.35,0.41,00,00,00,01
Shipping_Economic_Loss,00_00_00_01,Wp,average,20,1837.51,0.77,00,00,00,01
Shipping_Economic_Loss,00_00_00_01,Wp,average,60,3047.73,0.43,00,00,00,01
Shipping_Economic_Loss,00_00_00_01,Wp,average,100,4699.76,0.34,00,00,00,01
Shipping_Economic_Loss,00_00_00_02,D,average,20,1926.9,0.87,00,00,00,02
Shipping_Economic_Loss,00_00_00_02,D,average,60,4824.98,0.86,00,00,00,02
Shipping_Economic_Loss,00_00_00_02,D,average,100,7691.2,0.85,00,00,00,02
Shipping_Economic_Loss,00_00_00_02,D&G,average,20,1914.93,0.87,00,00,00,02
Shipping_Economic_Loss,00_00_00_02,D&G,average,60,4724.57,0.86,00,00,00,02
Shipping_Economic_Loss,00_00_00_02,D&G,average,100,7417.86,0.85,00,00,00,02
Shipping_Economic_Loss,00_00_00_02,D&G&Wp,average,20,1954.32,0.86,00,00,00,02
Shipping_Economic_Loss,00_00_00_02,D&G&Wp,average,60,4621.04,0.76,00,00,00,02
Shipping_Economic_Loss,00_00_00_02,D&G&Wp,average,100,6967.24,0.67,00,00,00,02
Shipping_Economic_Loss,00_00_00_02,D&Wp,average,20,1979.99,0.86,00,00,00,02
Shipping_Economic_Loss,00_00_00_02,D&Wp,average,60,4619.48,0.72,00,00,00,02
Shipping_Economic_Loss,00_00_00_02,D&Wp,average,100,6878.6,0.6,00,00,00,02
Shipping_Economic_Loss,00_00_00_02,G,average,20,1902.97,0.87,00,00,00,02
Shipping_Economic_Loss,00_00_00_02,G,average,60,4624.16,0.86,00,00,00,02
Shipping_Economic_Loss,00_00_00_02,G,average,100,7144.53,0.85,00,00,00,02
Shipping_Economic_Loss,00_00_00_02,G&Wp,average,20,1968.03,0.86,00,00,00,02
Shipping_Economic_Loss,00_00_00_02,G&Wp,average,60,4519.07,0.72,00,00,00,02
Shipping_Economic_Loss,00_00_00_02,G&Wp,average,100,6605.27,0.6,00,00,00,02
Shipping_Economic_Loss,00_00_00_02,Wp,average,20,2033.08,0.86,00,00,00,02
Shipping_Economic_Loss,00_00_00_02,Wp,average,60,4413.98,0.62,00,00,00,02
Shipping_Economic_Loss,00_00_00_02,Wp,average,100,6066.01,0.44,00,00,00,02
Shipping_Economic_Loss,00_00_00_04,D,average,20,1306.08,0.59,00,00,00,04
Shipping_Economic_Loss,00_00_00_04,D,average,60,4493.36,0.8,00,00,00,04
Shipping_Economic_Loss,00_00_00_04,D,average,100,7556.52,0.84,00,00,00,04
Shipping_Economic_Loss,00_00_00_04,D&G,average,20,1296.73,0.59,00,00,00,04
Shipping_Economic_Loss,00_00_00_04,D&G,average,60,4442.93,0.81,00,00,00,04
Shipping_Economic_Loss,00_00_00_04,D&G,average,100,7365.52,0.85,00,00,00,04
Shipping_Economic_Loss,00_00_00_04,D&G&Wp,average,20,1319.21,0.58,00,00,00,04
Shipping_Economic_Loss,00_00_00_04,D&G&Wp,average,60,4303.53,0.71,00,00,00,04
Shipping_Economic_Loss,00_00_00_04,D&G&Wp,average,100,6802.6,0.65,00,00,00,04
Shipping_Economic_Loss,00_00_00_04,D&Wp,average,20,1335.13,0.58,00,00,00,04
Shipping_Economic_Loss,00_00_00_04,D&Wp,average,60,4259.05,0.67,00,00,00,04
Shipping_Economic_Loss,00_00_00_04,D&Wp,average,100,6616.64,0.58,00,00,00,04
Shipping_Economic_Loss,00_00_00_04,G,average,20,1287.38,0.59,00,00,00,04
Shipping_Economic_Loss,00_00_00_04,G,average,60,4392.5,0.81,00,00,00,04
Shipping_Economic_Loss,00_00_00_04,G,average,100,7174.5,0.86,00,00,00,04
Shipping_Economic_Loss,00_00_00_04,G&Wp,average,20,1325.78,0.58,00,00,00,04
Shipping_Economic_Loss,00_00_00_04,G&Wp,average,60,4208.62,0.67,00,00,00,04
Shipping_Economic_Loss,00_00_00_04,G&Wp,average,100,6425.63,0.58,00,00,00,04
Shipping_Economic_Loss,00_00_00_04,Wp,average,20,1364.18,0.57,00,00,00,04
Shipping_Economic_Loss,00_00_00_04,Wp,average,60,4024.74,0.56,00,00,00,04
Shipping_Economic_Loss,00_00_00_04,Wp,average,100,5676.76,0.41,00,00,00,04
Shipping_Economic_Loss,00_00_00_05,D,average,20,1306.08,0.59,00,00,00,05
Shipping_Economic_Loss,00_00_00_05,D,average,60,3482.72,0.62,00,00,00,05
Shipping_Economic_Loss,00_00_00_05,D,average,100,5144.8,0.57,00,00,00,05
Shipping_Economic_Loss,00_00_00_05,D&G,average,20,1296.73,0.59,00,00,00,05
Shipping_Economic_Loss,00_00_00_05,D&G,average,60,3715.96,0.67,00,00,00,05
Shipping_Economic_Loss,00_00_00_05,D&G,average,100,5516.85,0.64,00,00,00,05
Shipping_Economic_Loss,00_00_00_05,D&G&Wp,average,20,1319.21,0.58,00,00,00,05
Shipping_Economic_Loss,00_00_00_05,D&G&Wp,average,60,3555.44,0.59,00,00,00,05
Shipping_Economic_Loss,00_00_00_05,D&G&Wp,average,100,5403.88,0.52,00,00,00,05
Shipping_Economic_Loss,00_00_00_05,D&Wp,average,20,1335.13,0.58,00,00,00,05
Shipping_Economic_Loss,00_00_00_05,D&Wp,average,60,3358.56,0.53,00,00,00,05
Shipping_Economic_Loss,00_00_00_05,D&Wp,average,100,5161.38,0.45,00,00,00,05
Shipping_Economic_Loss,00_00_00_05,G,average,20,1287.38,0.59,00,00,00,05
Shipping_Economic_Loss,00_00_00_05,G,average,60,3949.2,0.73,00,00,00,05
Shipping_Economic_Loss,00_00_00_05,G,average,100,5888.89,0.7,00,00,00,05
Shipping_Economic_Loss,00_00_00_05,G&Wp,average,20,1325.78,0.58,00,00,00,05
Shipping_Economic_Loss,00_00_00_05,G&Wp,average,60,3591.8,0.57,00,00,00,05
Shipping_Economic_Loss,00_00_00_05,G&Wp,average,100,5533.42,0.5,00,00,00,05
Shipping_Economic_Loss,00_00_00_05,Wp,average,20,1364.18,0.57,00,00,00,05
Shipping_Economic_Loss,00_00_00_05,Wp,average,60,3234.39,0.45,00,00,00,05
Shipping_Economic_Loss,00_00_00_05,Wp,average,100,5177.96,0.37,00,00,00,05
Shipping_Economic_Loss,00_00_00_07,D,average,20,1036.01,0.47,00,00,00,07
Shipping_Economic_Loss,00_00_00_07,D,average,60,1609.45,0.29,00,00,00,07
Shipping_Economic_Loss,00_00_00_07,D,average,100,2166.27,0.24,00,00,00,07
Shipping_Economic_Loss,00_00_00_07,D&G,average,20,1030.59,0.47,00,00,00,07
Shipping_Economic_Loss,00_00_00_07,D&G,average,60,1575.1,0.29,00,00,00,07
Shipping_Economic_Loss,00_00_00_07,D&G,average,100,2078.93,0.24,00,00,00,07
Shipping_Economic_Loss,00_00_00_07,D&G&Wp,average,20,1042.01,0.46,00,00,00,07
Shipping_Economic_Loss,00_00_00_07,D&G&Wp,average,60,1764.93,0.29,00,00,00,07
Shipping_Economic_Loss,00_00_00_07,D&G&Wp,average,100,2748.67,0.26,00,00,00,07
Shipping_Economic_Loss,00_00_00_07,D&Wp,average,20,1050.42,0.46,00,00,00,07
Shipping_Economic_Loss,00_00_00_07,D&Wp,average,60,1877.01,0.29,00,00,00,07
Shipping_Economic_Loss,00_00_00_07,D&Wp,average,100,3127.2,0.27,00,00,00,07
Shipping_Economic_Loss,00_00_00_07,G,average,20,1025.17,0.47,00,00,00,07
Shipping_Economic_Loss,00_00_00_07,G,average,60,1540.76,0.29,00,00,00,07
Shipping_Economic_Loss,00_00_00_07,G,average,100,1991.6,0.24,00,00,00,07
Shipping_Economic_Loss,00_00_00_07,G&Wp,average,20,1045.0,0.46,00,00,00,07
Shipping_Economic_Loss,00_00_00_07,G&Wp,average,60,1842.66,0.29,00,00,00,07
Shipping_Economic_Loss,00_00_00_07,G&Wp,average,100,3039.86,0.27,00,00,00,07
Shipping_Economic_Loss,00_00_00_07,Wp,average,20,1064.84,0.45,00,00,00,07
Shipping_Economic_Loss,00_00_00_07,Wp,average,60,2144.57,0.3,00,00,00,07
Shipping_Economic_Loss,00_00_00_07,Wp,average,100,4088.13,0.3,00,00,00,07
Shipping_Economic_Loss,00_00_00_08,D,average,20,1036.01,0.47,00,00,00,08
Shipping_Economic_Loss,00_00_00_08,D,average,60,1609.45,0.29,00,00,00,08
Shipping_Economic_Loss,00_00_00_08,D,average,100,2166.27,0.24,00,00,00,08
Shipping_Economic_Loss,00_00_00_08,D&G,average,20,1030.59,0.47,00,00,00,08
Shipping_Economic_Loss,00_00_00_08,D&G,average,60,1575.1,0.29,00,00,00,08
Shipping_Economic_Loss,00_00_00_08,D&G,average,100,2078.93,0.24,00,00,00,08
Shipping_Economic_Loss,00_00_00_08,D&G&Wp,average,20,1042.01,0.46,00,00,00,08
Shipping_Economic_Loss,00_00_00_08,D&G&Wp,average,60,1764.93,0.29,00,00,00,08
Shipping_Economic_Loss,00_00_00_08,D&G&Wp,average,100,2748.67,0.26,00,00,00,08
Shipping_Economic_Loss,00_00_00_08,D&Wp,average,20,1050.42,0.46,00,00,00,08
Shipping_Economic_Loss,00_00_00_08,D&Wp,average,60,1877.01,0.29,00,00,00,08
Shipping_Economic_Loss,00_00_00_08,D&Wp,average,100,3127.2,0.27,00,00,00,08
Shipping_Economic_Loss,00_00_00_08,G,average,20,1025.17,0.47,00,00,00,08
Shipping_Economic_Loss,00_00_00_08,G,average,60,1540.76,0.29,00,00,00,08
Shipping_Economic_Loss,00_00_00_08,G,average,100,1991.6,0.24,00,00,00,08
Shipping_Economic_Loss,00_00_00_08,G&Wp,average,20,1045.0,0.46,00,00,00,08
Shipping_Economic_Loss,00_00_00_08,G&Wp,average,60,1842.66,0.29,00,00,00,08
Shipping_Economic_Loss,00_00_00_08,G&Wp,average,100,3039.86,0.27,00,00,00,08
Shipping_Economic_Loss,00_00_00_08,Wp,average,20,1064.84,0.45,00,00,00,08
Shipping_Economic_Loss,00_00_00_08,Wp,average,60,2144.57,0.3,00,00,00,08
Shipping_Economic_Loss,00_00_00_08,Wp,average,100,4088.13,0.3,00,00,00,08
Shipping_Economic_Loss,00_00_00_09,D,average,20,1036.01,0.47,00,00,00,09
Shipping_Economic_Loss,00_00_00_09,D,average,60,1609.45,0.29,00,00,00,09
Shipping_Economic_Loss,00_00_00_09,D,average,100,2166.27,0.24,00,00,00,09
Shipping_Economic_Loss,00_00_00_09,D&G,average,20,1030.59,0.47,00,00,00,09
Shipping_Economic_Loss,00_00_00_09,D&G,average,60,1575.1,0.29,00,00,00,09
Shipping_Economic_Loss,00_00_00_09,D&G,average,100,2078.93,0.24,00,00,00,09
Shipping_Economic_Loss,00_00_00_09,D&G&Wp,average,20,1042.01,0.46,00,00,00,09
Shipping_Economic_Loss,00_00_00_09,D&G&Wp,average,60,1764.93,0.29,00,00,00,09
Shipping_Economic_Loss,00_00_00_09,D&G&Wp,average,100,2748.67,0.26,00,00,00,09
Shipping_Economic_Loss,00_00_00_09,D&Wp,average,20,1050.42,0.46,00,00,00,09
Shipping_Economic_Loss,00_00_00_09,D&Wp,average,60,1877.01,0.29,00,00,00,09
Shipping_Economic_Loss,00_00_00_09,D&Wp,average,100,3127.2,0.27,00,00,00,09
Shipping_Economic_Loss,00_00_00_09,G,average,20,1025.17,0.47,00,00,00,09
Shipping_Economic_Loss,00_00_00_09,G,average,60,1540.76,0.29,00,00,00,09
Shipping_Economic_Loss,00_00_00_09,G,average,100,1991.6,0.24,00,00,00,09
Shipping_Economic_Loss,00_00_00_09,G&Wp,average,20,1045.0,0.46,00,00,00,09
Shipping_Economic_Loss,00_00_00_09,G&Wp,average,60,1842.66,0.29,00,00,00,09
Shipping_Economic_Loss,00_00_00_09,G&Wp,average,100,3039.86,0.27,00,00,00,09
Shipping_Economic_Loss,00_00_00_09,Wp,average,20,1064.84,0.45,00,00,00,09
Shipping_Economic_Loss,00_00_00_09,Wp,average,60,2144.57,0.3,00,00,00,09
Shipping_Economic_Loss,00_00_00_09,Wp,average,100,4088.13,0.3,00,00,00,09
Shipping_Economic_Loss,01_00_00_00,D,average,20,2222.52,1.0,01,00,00,00
Shipping_Economic_Loss,01_00_00_00,D,average,60,5632.03,1.0,01,00,00,00
Shipping_Economic_Loss,01_00_00_00,D,average,100,9004.04,1.0,01,00,00,00
Shipping_Economic_Loss,01_00_00_00,D&G,average,20,2207.73,1.0,01,00,00,00
Shipping_Economic_Loss,01_00_00_00,D&G,average,60,5513.18,1.0,01,00,00,00
Shipping_Economic_Loss,01_00_00_00,D&G,average,100,8681.76,1.0,01,00,00,00
Shipping_Economic_Loss,01_00_00_00,D&G&Wp,average,20,2262.94,1.0,01,00,00,00
Shipping_Economic_Loss,01_00_00_00,D&G&Wp,average,60,6051.53,1.0,01,00,00,00
Shipping_Economic_Loss,01_00_00_00,D&G&Wp,average,100,10394.12,1.0,01,00,00,00
Shipping_Economic_Loss,01_00_00_00,D&Wp,average,20,2297.93,1.0,01,00,00,00
Shipping_Economic_Loss,01_00_00_00,D&Wp,average,60,6380.12,1.0,01,00,00,00
Shipping_Economic_Loss,01_00_00_00,D&Wp,average,100,11411.45,1.0,01,00,00,00
Shipping_Economic_Loss,01_00_00_00,G,average,20,2192.94,1.0,01,00,00,00
Shipping_Economic_Loss,01_00_00_00,G,average,60,5394.34,1.0,01,00,00,00
Shipping_Economic_Loss,01_00_00_00,G,average,100,8359.48,1.0,01,00,00,00
Shipping_Economic_Loss,01_00_00_00,G&Wp,average,20,2283.14,1.0,01,00,00,00
Shipping_Economic_Loss,01_00_00_00,G&Wp,average,60,6261.28,1.0,01,00,00,00
Shipping_Economic_Loss,01_00_00_00,G&Wp,average,100,11089.17,1.0,01,00,00,00
Shipping_Economic_Loss,01_00_00_00,Wp,average,20,2373.34,1.0,01,00,00,00
Shipping_Economic_Loss,01_00_00_00,Wp,average,60,7128.22,1.0,01,00,00,00
Shipping_Economic_Loss,01_00_00_00,Wp,average,100,13818.86,1.0,01,00,00,00
Shipping_Economic_Loss,01_00_00_01,D,average,20,1778.37,0.8,01,00,00,01
Shipping_Economic_Loss,01_00_00_01,D,average,60,3251.66,0.58,01,00,00,01
Shipping_Economic_Loss,01_00_00_01,D,average,100,4695.4,0.52,01,00,00,01
Shipping_Economic_Loss,01_00_00_01,D&G,average,20,1768.37,0.8,01,00,00,01
Shipping_Economic_Loss,01_00_00_01,D&G,average,60,3196.54,0.58,01,00,00,01
Shipping_Economic_Loss,01_00_00_01,D&G,average,100,4544.17,0.52,01,00,00,01
Shipping_Economic_Loss,01_00_00_01,D&G&Wp,average,20,1791.42,0.79,01,00,00,01
Shipping_Economic_Loss,01_00_00_01,D&G&Wp,average,60,3146.94,0.52,01,00,00,01
Shipping_Economic_Loss,01_00_00_01,D&G&Wp,average,100,4596.03,0.44,01,00,00,01
Shipping_Economic_Loss,01_00_00_01,D&Wp,average,20,1807.94,0.79,01,00,00,01
Shipping_Economic_Loss,01_00_00_01,D&Wp,average,60,3149.69,0.49,01,00,00,01
Shipping_Economic_Loss,01_00_00_01,D&Wp,average,100,4697.58,0.41,01,00,00,01
Shipping_Economic_Loss,01_00_00_01,G,average,20,1758.38,0.8,01,00,00,01
Shipping_Economic_Loss,01_00_00_01,G,average,60,3141.42,0.58,01,00,00,01
Shipping_Economic_Loss,01_00_00_01,G,average,100,4392.94,0.53,01,00,00,01
Shipping_Economic_Loss,01_00_00_01,G&Wp,average,20,1797.94,0.79,01,00,00,01
Shipping_Economic_Loss,01_00_00_01,G&Wp,average,60,3094.58,0.49,01,00,00,01
Shipping_Economic_Loss,01_00_00_01,G&Wp,average,100,4546.35,0.41,01,00,00,01
Shipping_Economic_Loss,01_00_00_01,Wp,average,20,1837.51,0.77,01,00,00,01
Shipping_Economic_Loss,01_00_00_01,Wp,average,60,3047.73,0.43,01,00,00,01
Shipping_Economic_Loss,01_00_00_01,Wp,average,100,4699.76,0.34,01,00,00,01
Shipping_Economic_Loss,01_00_00_02,D,average,20,1926.9,0.87,01,00,00,02
Shipping_Economic_Loss,01_00_00_02,D,average,60,4824.98,0.86,01,00,00,02
Shipping_Economic_Loss,01_00_00_02,D,average,100,7691.2,0.85,01,00,00,02
Shipping_Economic_Loss,01_00_00_02,D&G,average,20,1914.93,0.87,01,00,00,02
Shipping_Economic_Loss,01_00_00_02,D&G,average,60,4724.57,0.86,01,00,00,02
Shipping_Economic_Loss,01_00_00_02,D&G,average,100,7417.86,0.85,01,00,00,02
Shipping_Economic_Loss,01_00_00_02,D&G&Wp,average,20,1954.32,0.86,01,00,00,02
Shipping_Economic_Loss,01_00_00_02,D&G&Wp,average,60,4621.04,0.76,01,00,00,02
Shipping_Economic_Loss,01_00_00_02,D&G&Wp,average,100,6967.24,0.67,01,00,00,02
Shipping_Economic_Loss,01_00_00_02,D&Wp,average,20,1979.99,0.86,01,00,00,02
Shipping_Economic_Loss,01_00_00_02,D&Wp,average,60,4619.48,0.72,01,00,00,02
Shipping_Economic_Loss,01_00_00_02,D&Wp,average,100,6878.6,0.6,01,00,00,02
Shipping_Economic_Loss,01_00_00_02,G,average,20,1902.97,0.87,01,00,00,02
Shipping_Economic_Loss,01_00_00_02,G,average,60,4624.16,0.86,01,00,00,02
Shipping_Economic_Loss,01_00_00_02,G,average,100,7144.53,0.85,01,00,00,02
Shipping_Economic_Loss,01_00_00_02,G&Wp,average,20,1968.03,0.86,01,00,00,02
Shipping_Economic_Loss,01_00_00_02,G&Wp,average,60,4519.07,0.72,01,00,00,02
Shipping_Economic_Loss,01_00_00_02,G&Wp,average,100,6605.27,0.6,01,00,00,02
Shipping_Economic_Loss,01_00_00_02,Wp,average,20,2033.08,0.86,01,00,00,02
Shipping_Economic_Loss,01_00_00_02,Wp,average,60,4413.98,0.62,01,00,00,02
Shipping_Economic_Loss,01_00_00_02,Wp,average,100,6066.01,0.44,01,00,00,02
Shipping_Economic_Loss,01_00_00_04,D,average,20,1306.08,0.59,01,00,00,04
Shipping_Economic_Loss,01_00_00_04,D,average,60,4493.36,0.8,01,00,00,04
Shipping_Economic_Loss,01_00_00_04,D,average,100,7556.52,0.84,01,00,00,04
Shipping_Economic_Loss,01_00_00_04,D&G,average,20,1296.73,0.59,01,00,00,04
Shipping_Economic_Loss,01_00_00_04,D&G,average,60,4442.93,0.81,01,00,00,04
Shipping_Economic_Loss,01_00_00_04,D&G,average,100,7365.52,0.85,01,00,00,04
Shipping_Economic_Loss,01_00_00_04,D&G&Wp,average,20,1319.21,0.58,01,00,00,04
Shipping_Economic_Loss,01_00_00_04,D&G&Wp,average,60,4303.53,0.71,01,00,00,04
Shipping_Economic_Loss,01_00_00_04,D&G&Wp,average,100,6802.6,0.65,01,00,00,04
Shipping_Economic_Loss,01_00_00_04,D&Wp,average,20,1335.13,0.58,01,00,00,04
Shipping_Economic_Loss,01_00_00_04,D&Wp,average,60,4259.05,0.67,01,00,00,04
Shipping_Economic_Loss,01_00_00_04,D&Wp,average,100,6616.64,0.58,01,00,00,04
Shipping_Economic_Loss,01_00_00_04,G,average,20,1287.38,0.59,01,00,00,04
Shipping_Economic_Loss,01_00_00_04,G,average,60,4392.5,0.81,01,00,00,04
Shipping_Economic_Loss,01_00_00_04,G,average,100,7174.5,0.86,01,00,00,04
Shipping_Economic_Loss,01_00_00_04,G&Wp,average,20,1325.78,0.58,01,00,00,04
Shipping_Economic_Loss,01_00_00_04,G&Wp,average,60,4208.62,0.67,01,00,00,04
Shipping_Economic_Loss,01_00_00_04,G&Wp,average,100,6425.63,0.58,01,00,00,04
Shipping_Economic_Loss,01_00_00_04,Wp,average,20,1364.18,0.57,01,00,00,04
Shipping_Economic_Loss,01_00_00_04,Wp,average,60,4024.74,0.56,01,00,00,04
Shipping_Economic_Loss,01_00_00_04,Wp,average,100,5676.76,0.41,01,00,00,04
Shipping_Economic_Loss,01_00_00_05,D,average,20,1306.08,0.59,01,00,00,05
Shipping_Economic_Loss,01_00_00_05,D,average,60,3482.72,0.62,01,00,00,05
Shipping_Economic_Loss,01_00_00_05,D,average,100,5144.8,0.57,01,00,00,05
Shipping_Economic_Loss,01_00_00_05,D&G,average,20,1296.73,0.59,01,00,00,05
Shipping_Economic_Loss,01_00_00_05,D&G,average,60,3715.96,0.67,01,00,00,05
Shipping_Economic_Loss,01_00_00_05,D&G,average,100,5516.85,0.64,01,00,00,05
Shipping_Economic_Loss,01_00_00_05,D&G&Wp,average,20,1319.21,0.58,01,00,00,05
Shipping_Economic_Loss,01_00_00_05,D&G&Wp,average,60,3555.44,0.59,01,00,00,05
Shipping_Economic_Loss,01_00_00_05,D&G&Wp,average,100,5403.88,0.52,01,00,00,05
Shipping_Economic_Loss,01_00_00_05,D&Wp,average,20,1335.13,0.58,01,00,00,05
Shipping_Economic_Loss,01_00_00_05,D&Wp,average,60,3358.56,0.53,01,00,00,05
Shipping_Economic_Loss,01_00_00_05,D&Wp,average,100,5161.38,0.45,01,00,00,05
Shipping_Economic_Loss,01_00_00_05,G,average,20,1287.38,0.59,01,00,00,05
Shipping_Economic_Loss,01_00_00_05,G,average,60,3949.2,0.73,01,00,00,05
Shipping_Economic_Loss,01_00_00_05,G,average,100,5888.89,0.7,01,00,00,05
Shipping_Economic_Loss,01_00_00_05,G&Wp,average,20,1325.78,0.58,01,00,00,05
Shipping_Economic_Loss,01_00_00_05,G&Wp,average,60,3591.8,0.57,01,00,00,05
Shipping_Economic_Loss,01_00_00_05,G&Wp,average,100,5533.42,0.5,01,00,00,05
Shipping_Economic_Loss,01_00_00_05,Wp,average,20,1364.18,0.57,01,00,00,05
Shipping_Economic_Loss,01_00_00_05,Wp,average,60,3234.39,0.45,01,00,00,05
Shipping_Economic_Loss,01_00_00_05,Wp,average,100,5177.96,0.37,01,00,00,05
Shipping_Economic_Loss,01_00_00_07,D,average,20,1036.01,0.47,01,00,00,07
Shipping_Economic_Loss,01_00_00_07,D,average,60,1609.45,0.29,01,00,00,07
Shipping_Economic_Loss,01_00_00_07,D,average,100,2166.27,0.24,01,00,00,07
Shipping_Economic_Loss,01_00_00_07,D&G,average,20,1030.59,0.47,01,00,00,07
Shipping_Economic_Loss,01_00_00_07,D&G,average,60,1575.1,0.29,01,00,00,07
Shipping_Economic_Loss,01_00_00_07,D&G,average,100,2078.93,0.24,01,00,00,07
Shipping_Economic_Loss,01_00_00_07,D&G&Wp,average,20,1042.01,0.46,01,00,00,07
Shipping_Economic_Loss,01_00_00_07,D&G&Wp,average,60,1764.93,0.29,01,00,00,07
Shipping_Economic_Loss,01_00_00_07,D&G&Wp,average,100,2748.67,0.26,01,00,00,07
Shipping_Economic_Loss,01_00_00_07,D&Wp,average,20,1050.42,0.46,01,00,00,07
Shipping_Economic_Loss,01_00_00_07,D&Wp,average,60,1877.01,0.29,01,00,00,07
Shipping_Economic_Loss,01_00_00_07,D&Wp,average,100,3127.2,0.27,01,00,00,07
Shipping_Economic_Loss,01_00_00_07,G,average,20,1025.17,0.47,01,00,00,07
Shipping_Economic_Loss,01_00_00_07,G,average,60,1540.76,0.29,01,00,00,07
Shipping_Economic_Loss,01_00_00_07,G,average,100,1991.6,0.24,01,00,00,07
Shipping_Economic_Loss,01_00_00_07,G&Wp,average,20,1045.0,0.46,01,00,00,07
Shipping_Economic_Loss,01_00_00_07,G&Wp,average,60,1842.66,0.29,01,00,00,07
Shipping_Economic_Loss,01_00_00_07,G&Wp,average,100,3039.86,0.27,01,00,00,07
Shipping_Economic_Loss,01_00_00_07,Wp,average,20,1064.84,0.45,01,00,00,07
Shipping_Economic_Loss,01_00_00_07,Wp,average,60,2144.57,0.3,01,00,00,07
Shipping_Economic_Loss,01_00_00_07,Wp,average,100,4088.13,0.3,01,00,00,07
Shipping_Economic_Loss,01_00_00_08,D,average,20,1036.01,0.47,01,00,00,08
Shipping_Economic_Loss,01_00_00_08,D,average,60,1609.45,0.29,01,00,00,08
Shipping_Economic_Loss,01_00_00_08,D,average,100,2166.27,0.24,01,00,00,08
Shipping_Economic_Loss,01_00_00_08,D&G,average,20,1030.59,0.47,01,00,00,08
Shipping_Economic_Loss,01_00_00_08,D&G,average,60,1575.1,0.29,01,00,00,08
Shipping_Economic_Loss,01_00_00_08,D&G,average,100,2078.93,0.24,01,00,00,08
Shipping_Economic_Loss,01_00_00_08,D&G&Wp,average,20,1042.01,0.46,01,00,00,08
Shipping_Economic_Loss,01_00_00_08,D&G&Wp,average,60,1764.93,0.29,01,00,00,08
Shipping_Economic_Loss,01_00_00_08,D&G&Wp,average,100,2748.67,0.26,01,00,00,08
Shipping_Economic_Loss,01_00_00_08,D&Wp,average,20,1050.42,0.46,01,00,00,08
Shipping_Economic_Loss,01_00_00_08,D&Wp,average,60,1877.01,0.29,01,00,00,08
Shipping_Economic_Loss,01_00_00_08,D&Wp,average,100,3127.2,0.27,01,00,00,08
Shipping_Economic_Loss,01_00_00_08,G,average,20,1025.17,0.47,01,00,00,08
Shipping_Economic_Loss,01_00_00_08,G,average,60,1540.76,0.29,01,00,00,08
Shipping_Economic_Loss,01_00_00_08,G,average,100,1991.6,0.24,01,00,00,08
Shipping_Economic_Loss,01_00_00_08,G&Wp,average,20,1045.0,0.46,01,00,00,08
Shipping_Economic_Loss,01_00_00_08,G&Wp,average,60,1842.66,0.29,01,00,00,08
Shipping_Economic_Loss,01_00_00_08,G&Wp,average,100,3039.86,0.27,01,00,00,08
Shipping_Economic_Loss,01_00_00_08,Wp,average,20,1064.84,0.45,01,00,00,08
Shipping_Economic_Loss,01_00_00_08,Wp,average,60,2144.57,0.3,01,00,00,08
Shipping_Economic_Loss,01_00_00_08,Wp,average,100,4088.13,0.3,01,00,00,08
Shipping_Economic_Loss,01_00_00_09,D,average,20,1036.01,0.47,01,00,00,09
Shipping_Economic_Loss,01_00_00_09,D,average,60,1609.45,0.29,01,00,00,09
Shipping_Economic_Loss,01_00_00_09,D,average,100,2166.27,0.24,01,00,00,09
Shipping_Economic_Loss,01_00_00_09,D&G,average,20,1030.59,0.47,01,00,00,09
Shipping_Economic_Loss,01_00_00_09,D&G,average,60,1575.1,0.29,01,00,00,09
Shipping_Economic_Loss,01_00_00_09,D&G,average,100,2078.93,0.24,01,00,00,09
Shipping_Economic_Loss,01_00_00_09,D&G&Wp,average,20,1042.01,0.46,01,00,00,09
Shipping_Economic_Loss,01_00_00_09,D&G&Wp,average,60,1764.93,0.29,01,00,00,09
Shipping_Economic_Loss,01_00_00_09,D&G&Wp,average,100,2748.67,0.26,01,00,00,09
Shipping_Economic_Loss,01_00_00_09,D&Wp,average,20,1050.42,0.46,01,00,00,09
Shipping_Economic_Loss,01_00_00_09,D&Wp,average,60,1877.01,0.29,01,00,00,09
Shipping_Economic_Loss,01_00_00_09,D&Wp,average,100,3127.2,0.27,01,00,00,09
Shipping_Economic_Loss,01_00_00_09,G,average,20,1025.17,0.47,01,00,00,09
Shipping_Economic_Loss,01_00_00_09,G,average,60,1540.76,0.29,01,00,00,09
Shipping_Economic_Loss,01_00_00_09,G,average,100,1991.6,0.24,01,00,00,09
Shipping_Economic_Loss,01_00_00_09,G&Wp,average,20,1045.0,0.46,01,00,00,09
Shipping_Economic_Loss,01_00_00_09,G&Wp,average,60,1842.66,0.29,01,00,00,09
Shipping_Economic_Loss,01_00_00_09,G&Wp,average,100,3039.86,0.27,01,00,00,09
Shipping_Economic_Loss,01_00_00_09,Wp,average,20,1064.84,0.45,01,00,00,09
Shipping_Economic_Loss,01_00_00_09,Wp,average,60,2144.57,0.3,01,00,00,09
Shipping_Economic_Loss,01_00_00_09,Wp,average,100,4088.13,0.3,01,00,00,09
Shipping_Economic_Loss,03_00_00_00,D,average,20,2222.52,1.0,03,00,00,00
Shipping_Economic_Loss,03_00_00_00,D,average,60,5632.03,1.0,03,00,00,00
Shipping_Economic_Loss,03_00_00_00,D,average,100,9004.04,1.0,03,00,00,00
Shipping_Economic_Loss,03_00_00_00,D&G,average,20,2207.73,1.0,03,00,00,00
Shipping_Economic_Loss,03_00_00_00,D&G,average,60,5513.18,1.0,03,00,00,00
Shipping_Economic_Loss,03_00_00_00,D&G,average,100,8681.76,1.0,03,00,00,00
Shipping_Economic_Loss,03_00_00_00,D&G&Wp,average,20,2262.94,1.0,03,00,00,00
Shipping_Economic_Loss,03_00_00_00,D&G&Wp,average,60,6051.53,1.0,03,00,00,00
Shipping_Economic_Loss,03_00_00_00,D&G&Wp,average,100,10394.12,1.0,03,00,00,00
Shipping_Economic_Loss,03_00_00_00,D&Wp,average,20,2297.93,1.0,03,00,00,00
Shipping_Economic_Loss,03_00_00_00,D&Wp,average,60,6380.12,1.0,03,00,00,00
Shipping_Economic_Loss,03_00_00_00,D&Wp,average,100,11411.45,1.0,03,00,00,00
Shipping_Economic_Loss,03_00_00_00,G,average,20,2192.94,1.0,03,00,00,00
Shipping_Economic_Loss,03_00_00_00,G,average,60,5394.34,1.0,03,00,00,00
Shipping_Economic_Loss,03_00_00_00,G,average,100,8359.48,1.0,03,00,00,00
Shipping_Economic_Loss,03_00_00_00,G&Wp,average,20,2283.14,1.0,03,00,00,00
Shipping_Economic_Loss,03_00_00_00,G&Wp,average,60,6261.28,1.0,03,00,00,00
Shipping_Economic_Loss,03_00_00_00,G&Wp,average,100,11089.17,1.0,03,00,00,00
Shipping_Economic_Loss,03_00_00_00,Wp,average,20,2373.34,1.0,03,00,00,00
Shipping_Economic_Loss,03_00_00_00,Wp,average,60,7128.22,1.0,03,00,00,00
Shipping_Economic_Loss,03_00_00_00,Wp,average,100,13818.86,1.0,03,00,00,00
Shipping_Economic_Loss,03_00_00_01,D,average,20,1778.37,0.8,03,00,00,01
Shipping_Economic_Loss,03_00_00_01,D,average,60,3251.66,0.58,03,00,00,01
Shipping_Economic_Loss,03_00_00_01,D,average,100,4695.4,0.52,03,00,00,01
Shipping_Economic_Loss,03_00_00_01,D&G,average,20,1768.37,0.8,03,00,00,01
Shipping_Economic_Loss,03_00_00_01,D&G,average,60,3196.54,0.58,03,00,00,01
Shipping_Economic_Loss,03_00_00_01,D&G,average,100,4544.17,0.52,03,00,00,01
Shipping_Economic_Loss,03_00_00_01,D&G&Wp,average,20,1791.42,0.79,03,00,00,01
Shipping_Economic_Loss,03_00_00_01,D&G&Wp,average,60,3146.94,0.52,03,00,00,01
Shipping_Economic_Loss,03_00_00_01,D&G&Wp,average,100,4596.03,0.44,03,00,00,01
Shipping_Economic_Loss,03_00_00_01,D&Wp,average,20,1807.94,0.79,03,00,00,01
Shipping_Economic_Loss,03_00_00_01,D&Wp,average,60,3149.69,0.49,03,00,00,01
Shipping_Economic_Loss,03_00_00_01,D&Wp,average,100,4697.58,0.41,03,00,00,01
Shipping_Economic_Loss,03_00_00_01,G,average,20,1758.38,0.8,03,00,00,01
Shipping_Economic_Loss,03_00_00_01,G,average,60,3141.42,0.58,03,00,00,01
Shipping_Economic_Loss,03_00_00_01,G,average,100,4392.94,0.53,03,00,00,01
Shipping_Economic_Loss,03_00_00_01,G&Wp,average,20,1797.94,0.79,03,00,00,01
Shipping_Economic_Loss,03_00_00_01,G&Wp,average,60,3094.58,0.49,03,00,00,01
Shipping_Economic_Loss,03_00_00_01,G&Wp,average,100,4546.35,0.41,03,00,00,01
Shipping_Economic_Loss,03_00_00_01,Wp,average,20,1837.51,0.77,03,00,00,01
Shipping_Economic_Loss,03_00_00_01,Wp,average,60,3047.73,0.43,03,00,00,01
Shipping_Economic_Loss,03_00_00_01,Wp,average,100,4699.76,0.34,03,00,00,01
Shipping_Economic_Loss,03_00_00_02,D,average,20,1926.9,0.87,03,00,00,02
Shipping_Economic_Loss,03_00_00_02,D,average,60,4824.98,0.86,03,00,00,02
Shipping_Economic_Loss,03_00_00_02,D,average,100,7691.2,0.85,03,00,00,02
Shipping_Economic_Loss,03_00_00_02,D&G,average,20,1914.93,0.87,03,00,00,02
Shipping_Economic_Loss,03_00_00_02,D&G,average,60,4724.57,0.86,03,00,00,02
Shipping_Economic_Loss,03_00_00_02,D&G,average,100,7417.86,0.85,03,00,00,02
Shipping_Economic_Loss,03_00_00_02,D&G&Wp,average,20,1954.32,0.86,03,00,00,02
Shipping_Economic_Loss,03_00_00_02,D&G&Wp,average,60,4621.04,0.76,03,00,00,02
Shipping_Economic_Loss,03_00_00_02,D&G&Wp,average,100,6967.24,0.67,03,00,00,02
Shipping_Economic_Loss,03_00_00_02,D&Wp,average,20,1979.99,0.86,03,00,00,02
Shipping_Economic_Loss,03_00_00_02,D&Wp,average,60,4619.48,0.72,03,00,00,02
Shipping_Economic_Loss,03_00_00_02,D&Wp,average,100,6878.6,0.6,03,00,00,02
Shipping_Economic_Loss,03_00_00_02,G,average,20,1902.97,0.87,03,00,00,02
Shipping_Economic_Loss,03_00_00_02,G,average,60,4624.16,0.86,03,00,00,02
Shipping_Economic_Loss,03_00_00_02,G,average,100,7144.53,0.85,03,00,00,02
Shipping_Economic_Loss,03_00_00_02,G&Wp,average,20,1968.03,0.86,03,00,00,02
Shipping_Economic_Loss,03_00_00_02,G&Wp,average,60,4519.07,0.72,03,00,00,02
Shipping_Economic_Loss,03_00_00_02,G&Wp,average,100,6605.27,0.6,03,00,00,02
Shipping_Economic_Loss,03_00_00_02,Wp,average,20,2033.08,0.86,03,00,00,02
Shipping_Economic_Loss,03_00_00_02,Wp,average,60,4413.98,0.62,03,00,00,02
Shipping_Economic_Loss,03_00_00_02,Wp,average,100,6066.01,0.44,03,00,00,02
Shipping_Economic_Loss,03_00_00_04,D,average,20,1306.08,0.59,03,00,00,04
Shipping_Economic_Loss,03_00_00_04,D,average,60,4493.36,0.8,03,00,00,04
Shipping_Economic_Loss,03_00_00_04,D,average,100,7556.52,0.84,03,00,00,04
Shipping_Economic_Loss,03_00_00_04,D&G,average,20,1296.73,0.59,03,00,00,04
Shipping_Economic_Loss,03_00_00_04,D&G,average,60,4442.93,0.81,03,00,00,04
Shipping_Economic_Loss,03_00_00_04,D&G,average,100,7365.52,0.85,03,00,00,04
Shipping_Economic_Loss,03_00_00_04,D&G&Wp,average,20,1319.21,0.58,03,00,00,04
Shipping_Economic_Loss,03_00_00_04,D&G&Wp,average,60,4303.53,0.71,03,00,00,04
Shipping_Economic_Loss,03_00_00_04,D&G&Wp,average,100,6802.6,0.65,03,00,00,04
Shipping_Economic_Loss,03_00_00_04,D&Wp,average,20,1335.13,0.58,03,00,00,04
Shipping_Economic_Loss,03_00_00_04,D&Wp,average,60,4259.05,0.67,03,00,00,04
Shipping_Economic_Loss,03_00_00_04,D&Wp,average,100,6616.64,0.58,03,00,00,04
Shipping_Economic_Loss,03_00_00_04,G,average,20,1287.38,0.59,03,00,00,04
Shipping_Economic_Loss,03_00_00_04,G,average,60,4392.5,0.81,03,00,00,04
Shipping_Economic_Loss,03_00_00_04,G,average,100,7174.5,0.86,03,00,00,04
Shipping_Economic_Loss,03_00_00_04,G&Wp,average,20,1325.78,0.58,03,00,00,04
Shipping_Economic_Loss,03_00_00_04,G&Wp,average,60,4208.62,0.67,03,00,00,04
Shipping_Economic_Loss,03_00_00_04,G&Wp,average,100,6425.63,0.58,03,00,00,04
Shipping_Economic_Loss,03_00_00_04,Wp,average,20,1364.18,0.57,03,00,00,04
Shipping_Economic_Loss,03_00_00_04,Wp,average,60,4024.74,0.56,03,00,00,04
Shipping_Economic_Loss,03_00_00_04,Wp,average,100,5676.76,0.41,03,00,00,04
Shipping_Economic_Loss,03_00_00_05,D,average,20,1306.08,0.59,03,00,00,05
Shipping_Economic_Loss,03_00_00_05,D,average,60,3482.72,0.62,03,00,00,05
Shipping_Economic_Loss,03_00_00_05,D,average,100,5144.8,0.57,03,00,00,05
Shipping_Economic_Loss,03_00_00_05,D&G,average,20,1296.73,0.59,03,00,00,05
Shipping_Economic_Loss,03_00_00_05,D&G,average,60,3715.96,0.67,03,00,00,05
Shipping_Economic_Loss,03_00_00_05,D&G,average,100,5516.85,0.64,03,00,00,05
Shipping_Economic_Loss,03_00_00_05,D&G&Wp,average,20,1319.21,0.58,03,00,00,05
Shipping_Economic_Loss,03_00_00_05,D&G&Wp,average,60,3555.44,0.59,03,00,00,05
Shipping_Economic_Loss,03_00_00_05,D&G&Wp,average,100,5403.88,0.52,03,00,00,05
Shipping_Economic_Loss,03_00_00_05,D&Wp,average,20,1335.13,0.58,03,00,00,05
Shipping_Economic_Loss,03_00_00_05,D&Wp,average,60,3358.56,0.53,03,00,00,05
Shipping_Economic_Loss,03_00_00_05,D&Wp,average,100,5161.38,0.45,03,00,00,05
Shipping_Economic_Loss,03_00_00_05,G,average,20,1287.38,0.59,03,00,00,05
Shipping_Economic_Loss,03_00_00_05,G,average,60,3949.2,0.73,03,00,00,05
Shipping_Economic_Loss,03_00_00_05,G,average,100,5888.89,0.7,03,00,00,05
Shipping_Economic_Loss,03_00_00_05,G&Wp,average,20,1325.78,0.58,03,00,00,05
Shipping_Economic_Loss,03_00_00_05,G&Wp,average,60,3591.8,0.57,03,00,00,05
Shipping_Economic_Loss,03_00_00_05,G&Wp,average,100,5533.42,0.5,03,00,00,05
Shipping_Economic_Loss,03_00_00_05,Wp,average,20,1364.18,0.57,03,00,00,05
Shipping_Economic_Loss,03_00_00_05,Wp,average,60,3234.39,0.45,03,00,00,05
Shipping_Economic_Loss,03_00_00_05,Wp,average,100,5177.96,0.37,03,00,00,05
Shipping_Economic_Loss,03_00_00_07,D,average,20,1036.01,0.47,03,00,00,07
Shipping_Economic_Loss,03_00_00_07,D,average,60,1609.45,0.29,03,00,00,07
Shipping_Economic_Loss,03_00_00_07,D,average,100,2166.27,0.24,03,00,00,07
Shipping_Economic_Loss,03_00_00_07,D&G,average,20,1030.59,0.47,03,00,00,07
Shipping_Economic_Loss,03_00_00_07,D&G,average,60,1575.1,0.29,03,00,00,07
Shipping_Economic_Loss,03_00_00_07,D&G,average,100,2078.93,0.24,03,00,00,07
Shipping_Economic_Loss,03_00_00_07,D&G&Wp,average,20,1042.01,0.46,03,00,00,07
Shipping_Economic_Loss,03_00_00_07,D&G&Wp,average,60,1764.93,0.29,03,00,00,07
Shipping_Economic_Loss,03_00_00_07,D&G&Wp,average,100,2748.67,0.26,03,00,00,07
Shipping_Economic_Loss,03_00_00_07,D&Wp,average,20,1050.42,0.46,03,00,00,07
Shipping_Economic_Loss,03_00_00_07,D&Wp,average,60,1877.01,0.29,03,00,00,07
Shipping_Economic_Loss,03_00_00_07,D&Wp,average,100,3127.2,0.27,03,00,00,07
Shipping_Economic_Loss,03_00_00_07,G,average,20,1025.17,0.47,03,00,00,07
Shipping_Economic_Loss,03_00_00_07,G,average,60,1540.76,0.29,03,00,00,07
Shipping_Economic_Loss,03_00_00_07,G,average,100,1991.6,0.24,03,00,00,07
Shipping_Economic_Loss,03_00_00_07,G&Wp,average,20,1045.0,0.46,03,00,00,07
Shipping_Economic_Loss,03_00_00_07,G&Wp,average,60,1842.66,0.29,03,00,00,07
Shipping_Economic_Loss,03_00_00_07,G&Wp,average,100,3039.86,0.27,03,00,00,07
Shipping_Economic_Loss,03_00_00_07,Wp,average,20,1064.84,0.45,03,00,00,07
Shipping_Economic_Loss,03_00_00_07,Wp,average,60,2144.57,0.3,03,00,00,07
Shipping_Economic_Loss,03_00_00_07,Wp,average,100,4088.13,0.3,03,00,00,07
Shipping_Economic_Loss,03_00_00_08,D,average,20,1036.01,0.47,03,00,00,08
Shipping_Economic_Loss,03_00_00_08,D,average,60,1609.45,0.29,03,00,00,08
Shipping_Economic_Loss,03_00_00_08,D,average,100,2166.27,0.24,03,00,00,08
Shipping_Economic_Loss,03_00_00_08,D&G,average,20,1030.59,0.47,03,00,00,08
Shipping_Economic_Loss,03_00_00_08,D&G,average,60,1575.1,0.29,03,00,00,08
Shipping_Economic_Loss,03_00_00_08,D&G,average,100,2078.93,0.24,03,00,00,08
Shipping_Economic_Loss,03_00_00_08,D&G&Wp,average,20,1042.01,0.46,03,00,00,08
Shipping_Economic_Loss,03_00_00_08,D&G&Wp,average,60,1764.93,0.29,03,00,00,08
Shipping_Economic_Loss,03_00_00_08,D&G&Wp,average,100,2748.67,0.26,03,00,00,08
Shipping_Economic_Loss,03_00_00_08,D&Wp,average,20,1050.42,0.46,03,00,00,08
Shipping_Economic_Loss,03_00_00_08,D&Wp,average,60,1877.01,0.29,03,00,00,08
Shipping_Economic_Loss,03_00_00_08,D&Wp,average,100,3127.2,0.27,03,00,00,08
Shipping_Economic_Loss,03_00_00_08,G,average,20,1025.17,0.47,03,00,00,08
Shipping_Economic_Loss,03_00_00_08,G,average,60,1540.76,0.29,03,00,00,08
Shipping_Economic_Loss,03_00_00_08,G,average,100,1991.6,0.24,03,00,00,08
Shipping_Economic_Loss,03_00_00_08,G&Wp,average,20,1045.0,0.46,03,00,00,08
Shipping_Economic_Loss,03_00_00_08,G&Wp,average,60,1842.66,0.29,03,00,00,08
Shipping_Economic_Loss,03_00_00_08,G&Wp,average,100,3039.86,0.27,03,00,00,08
Shipping_Economic_Loss,03_00_00_08,Wp,average,20,1064.84,0.45,03,00,00,08
Shipping_Economic_Loss,03_00_00_08,Wp,average,60,2144.57,0.3,03,00,00,08
Shipping_Economic_Loss,03_00_00_08,Wp,average,100,4088.13,0.3,03,00,00,08
Shipping_Economic_Loss,03_00_00_09,D,average,20,1036.01,0.47,03,00,00,09
Shipping_Economic_Loss,03_00_00_09,D,average,60,1609.45,0.29,03,00,00,09
Shipping_Economic_Loss,03_00_00_09,D,average,100,2166.27,0.24,03,00,00,09
Shipping_Economic_Loss,03_00_00_09,D&G,average,20,1030.59,0.47,03,00,00,09
Shipping_Economic_Loss,03_00_00_09,D&G,average,60,1575.1,0.29,03,00,00,09
Shipping_Economic_Loss,03_00_00_09,D&G,average,100,2078.93,0.24,03,00,00,09
Shipping_Economic_Loss,03_00_00_09,D&G&Wp,average,20,1042.01,0.46,03,00,00,09
Shipping_Economic_Loss,03_00_00_09,D&G&Wp,average,60,1764.93,0.29,03,00,00,09
Shipping_Economic_Loss,03_00_00_09,D&G&Wp,average,100,2748.67,0.26,03,00,00,09
Shipping_Economic_Loss,03_00_00_09,D&Wp,average,20,1050.42,0.46,03,00,00,09
Shipping_Economic_Loss,03_00_00_09,D&Wp,average,60,1877.01,0.29,03,00,00,09
Shipping_Economic_Loss,03_00_00_09,D&Wp,average,100,3127.2,0.27,03,00,00,09
Shipping_Economic_Loss,03_00_00_09,G,average,20,1025.17,0.47,03,00,00,09
Shipping_Economic_Loss,03_00_00_09,G,average,60,1540.76,0.29,03,00,00,09
Shipping_Economic_Loss,03_00_00_09,G,average,100,1991.6,0.24,03,00,00,09
Shipping_Economic_Loss,03_00_00_09,G&Wp,average,20,1045.0,0.46,03,00,00,09
Shipping_Economic_Loss,03_00_00_09,G&Wp,average,60,1842.66,0.29,03,00,00,09
Shipping_Economic_Loss,03_00_00_09,G&Wp,average,100,3039.86,0.27,03,00,00,09
Shipping_Economic_Loss,03_00_00_09,Wp,average,20,1064.84,0.45,03,00,00,09
Shipping_Economic_Loss,03_00_00_09,Wp,average,60,2144.57,0.3,03,00,00,09
Shipping_Economic_Loss,03_00_00_09,Wp,average,100,4088.13,0.3,03,00,00,09
Shipping_Economic_Loss,05_00_00_00,D,average,20,2222.52,1.0,05,00,00,00
Shipping_Economic_Loss,05_00_00_00,D,average,60,5632.03,1.0,05,00,00,00
Shipping_Economic_Loss,05_00_00_00,D,average,100,9004.04,1.0,05,00,00,00
Shipping_Economic_Loss,05_00_00_00,D&G,average,20,2207.73,1.0,05,00,00,00
Shipping_Economic_Loss,05_00_00_00,D&G,average,60,5513.18,1.0,05,00,00,00
Shipping_Economic_Loss,05_00_00_00,D&G,average,100,8681.76,1.0,05,00,00,00
Shipping_Economic_Loss,05_00_00_00,D&G&Wp,average,20,2262.94,1.0,05,00,00,00
Shipping_Economic_Loss,05_00_00_00,D&G&Wp,average,60,6051.53,1.0,05,00,00,00
Shipping_Economic_Loss,05_00_00_00,D&G&Wp,average,100,10394.12,1.0,05,00,00,00
Shipping_Economic_Loss,05_00_00_00,D&Wp,average,20,2297.93,1.0,05,00,00,00
Shipping_Economic_Loss,05_00_00_00,D&Wp,average,60,6380.12,1.0,05,00,00,00
Shipping_Economic_Loss,05_00_00_00,D&Wp,average,100,11411.45,1.0,05,00,00,00
Shipping_Economic_Loss,05_00_00_00,G,average,20,2192.94,1.0,05,00,00,00
Shipping_Economic_Loss,05_00_00_00,G,average,60,5394.34,1.0,05,00,00,00
Shipping_Economic_Loss,05_00_00_00,G,average,100,8359.48,1.0,05,00,00,00
Shipping_Economic_Loss,05_00_00_00,G&Wp,average,20,2283.14,1.0,05,00,00,00
Shipping_Economic_Loss,05_00_00_00,G&Wp,average,60,6261.28,1.0,05,00,00,00
Shipping_Economic_Loss,05_00_00_00,G&Wp,average,100,11089.17,1.0,05,00,00,00
Shipping_Economic_Loss,05_00_00_00,Wp,average,20,2373.34,1.0,05,00,00,00
Shipping_Economic_Loss,05_00_00_00,Wp,average,60,7128.22,1.0,05,00,00,00
Shipping_Economic_Loss,05_00_00_00,Wp,average,100,13818.86,1.0,05,00,00,00
Shipping_Economic_Loss,05_00_00_01,D,average,20,1778.37,0.8,05,00,00,01
Shipping_Economic_Loss,05_00_00_01,D,average,60,3251.66,0.58,05,00,00,01
Shipping_Economic_Loss,05_00_00_01,D,average,100,4695.4,0.52,05,00,00,01
Shipping_Economic_Loss,05_00_00_01,D&G,average,20,1768.37,0.8,05,00,00,01
Shipping_Economic_Loss,05_00_00_01,D&G,average,60,3196.54,0.58,05,00,00,01
Shipping_Economic_Loss,05_00_00_01,D&G,average,100,4544.17,0.52,05,00,00,01
Shipping_Economic_Loss,05_00_00_01,D&G&Wp,average,20,1791.42,0.79,05,00,00,01
Shipping_Economic_Loss,05_00_00_01,D&G&Wp,average,60,3146.94,0.52,05,00,00,01
Shipping_Economic_Loss,05_00_00_01,D&G&Wp,average,100,4596.03,0.44,05,00,00,01
Shipping_Economic_Loss,05_00_00_01,D&Wp,average,20,1807.94,0.79,05,00,00,01
Shipping_Economic_Loss,05_00_00_01,D&Wp,average,60,3149.69,0.49,05,00,00,01
Shipping_Economic_Loss,05_00_00_01,D&Wp,average,100,4697.58,0.41,05,00,00,01
Shipping_Economic_Loss,05_00_00_01,G,average,20,1758.38,0.8,05,00,00,01
Shipping_Economic_Loss,05_00_00_01,G,average,60,3141.42,0.58,05,00,00,01
Shipping_Economic_Loss,05_00_00_01,G,average,100,4392.94,0.53,05,00,00,01
Shipping_Economic_Loss,05_00_00_01,G&Wp,average,20,1797.94,0.79,05,00,00,01
Shipping_Economic_Loss,05_00_00_01,G&Wp,average,60,3094.58,0.49,05,00,00,01
Shipping_Economic_Loss,05_00_00_01,G&Wp,average,100,4546.35,0.41,05,00,00,01
Shipping_Economic_Loss,05_00_00_01,Wp,average,20,1837.51,0.77,05,00,00,01
Shipping_Economic_Loss,05_00_00_01,Wp,average,60,3047.73,0.43,05,00,00,01
Shipping_Economic_Loss,05_00_00_01,Wp,average,100,4699.76,0.34,05,00,00,01
Shipping_Economic_Loss,05_00_00_02,D,average,20,1926.9,0.87,05,00,00,02
Shipping_Economic_Loss,05_00_00_02,D,average,60,4824.98,0.86,05,00,00,02
Shipping_Economic_Loss,05_00_00_02,D,average,100,7691.2,0.85,05,00,00,02
Shipping_Economic_Loss,05_00_00_02,D&G,average,20,1914.93,0.87,05,00,00,02
Shipping_Economic_Loss,05_00_00_02,D&G,average,60,4724.57,0.86,05,00,00,02
Shipping_Economic_Loss,05_00_00_02,D&G,average,100,7417.86,0.85,05,00,00,02
Shipping_Economic_Loss,05_00_00_02,D&G&Wp,average,20,1954.32,0.86,05,00,00,02
Shipping_Economic_Loss,05_00_00_02,D&G&Wp,average,60,4621.04,0.76,05,00,00,02
Shipping_Economic_Loss,05_00_00_02,D&G&Wp,average,100,6967.24,0.67,05,00,00,02
Shipping_Economic_Loss,05_00_00_02,D&Wp,average,20,1979.99,0.86,05,00,00,02
Shipping_Economic_Loss,05_00_00_02,D&Wp,average,60,4619.48,0.72,05,00,00,02
Shipping_Economic_Loss,05_00_00_02,D&Wp,average,100,6878.6,0.6,05,00,00,02
Shipping_Economic_Loss,05_00_00_02,G,average,20,1902.97,0.87,05,00,00,02
Shipping_Economic_Loss,05_00_00_02,G,average,60,4624.16,0.86,05,00,00,02
Shipping_Economic_Loss,05_00_00_02,G,average,100,7144.53,0.85,05,00,00,02
Shipping_Economic_Loss,05_00_00_02,G&Wp,average,20,1968.03,0.86,05,00,00,02
Shipping_Economic_Loss,05_00_00_02,G&Wp,average,60,4519.07,0.72,05,00,00,02
Shipping_Economic_Loss,05_00_00_02,G&Wp,average,100,6605.27,0.6,05,00,00,02
Shipping_Economic_Loss,05_00_00_02,Wp,average,20,2033.08,0.86,05,00,00,02
Shipping_Economic_Loss,05_00_00_02,Wp,average,60,4413.98,0.62,05,00,00,02
Shipping_Economic_Loss,05_00_00_02,Wp,average,100,6066.01,0.44,05,00,00,02
Shipping_Economic_Loss,05_00_00_04,D,average,20,1306.08,0.59,05,00,00,04
Shipping_Economic_Loss,05_00_00_04,D,average,60,4493.36,0.8,05,00,00,04
Shipping_Economic_Loss,05_00_00_04,D,average,100,7556.52,0.84,05,00,00,04
Shipping_Economic_Loss,05_00_00_04,D&G,average,20,1296.73,0.59,05,00,00,04
Shipping_Economic_Loss,05_00_00_04,D&G,average,60,4442.93,0.81,05,00,00,04
Shipping_Economic_Loss,05_00_00_04,D&G,average,100,7365.52,0.85,05,00,00,04
Shipping_Economic_Loss,05_00_00_04,D&G&Wp,average,20,1319.21,0.58,05,00,00,04
Shipping_Economic_Loss,05_00_00_04,D&G&Wp,average,60,4303.53,0.71,05,00,00,04
Shipping_Economic_Loss,05_00_00_04,D&G&Wp,average,100,6802.6,0.65,05,00,00,04
Shipping_Economic_Loss,05_00_00_04,D&Wp,average,20,1335.13,0.58,05,00,00,04
Shipping_Economic_Loss,05_00_00_04,D&Wp,average,60,4259.05,0.67,05,00,00,04
Shipping_Economic_Loss,05_00_00_04,D&Wp,average,100,6616.64,0.58,05,00,00,04
Shipping_Economic_Loss,05_00_00_04,G,average,20,1287.38,0.59,05,00,00,04
Shipping_Economic_Loss,05_00_00_04,G,average,60,4392.5,0.81,05,00,00,04
Shipping_Economic_Loss,05_00_00_04,G,average,100,7174.5,0.86,05,00,00,04
Shipping_Economic_Loss,05_00_00_04,G&Wp,average,20,1325.78,0.58,05,00,00,04
Shipping_Economic_Loss,05_00_00_04,G&Wp,average,60,4208.62,0.67,05,00,00,04
Shipping_Economic_Loss,05_00_00_04,G&Wp,average,100,6425.63,0.58,05,00,00,04
Shipping_Economic_Loss,05_00_00_04,Wp,average,20,1364.18,0.57,05,00,00,04
Shipping_Economic_Loss,05_00_00_04,Wp,average,60,4024.74,0.56,05,00,00,04
Shipping_Economic_Loss,05_00_00_04,Wp,average,100,5676.76,0.41,05,00,00,04
Shipping_Economic_Loss,05_00_00_05,D,average,20,1306.08,0.59,05,00,00,05
Shipping_Economic_Loss,05_00_00_05,D,average,60,3482.72,0.62,05,00,00,05
Shipping_Economic_Loss,05_00_00_05,D,average,100,5144.8,0.57,05,00,00,05
Shipping_Economic_Loss,05_00_00_05,D&G,average,20,1296.73,0.59,05,00,00,05
Shipping_Economic_Loss,05_00_00_05,D&G,average,60,3715.96,0.67,05,00,00,05
Shipping_Economic_Loss,05_00_00_05,D&G,average,100,5516.85,0.64,05,00,00,05
Shipping_Economic_Loss,05_00_00_05,D&G&Wp,average,20,1319.21,0.58,05,00,00,05
Shipping_Economic_Loss,05_00_00_05,D&G&Wp,average,60,3555.44,0.59,05,00,00,05
Shipping_Economic_Loss,05_00_00_05,D&G&Wp,average,100,5403.88,0.52,05,00,00,05
Shipping_Economic_Loss,05_00_00_05,D&Wp,average,20,1335.13,0.58,05,00,00,05
Shipping_Economic_Loss,05_00_00_05,D&Wp,average,60,3358.56,0.53,05,00,00,05
Shipping_Economic_Loss,05_00_00_05,D&Wp,average,100,5161.38,0.45,05,00,00,05
Shipping_Economic_Loss,05_00_00_05,G,average,20,1287.38,0.59,05,00,00,05
Shipping_Economic_Loss,05_00_00_05,G,average,60,3949.2,0.73,05,00,00,05
Shipping_Economic_Loss,05_00_00_05,G,average,100,5888.89,0.7,05,00,00,05
Shipping_Economic_Loss,05_00_00_05,G&Wp,average,20,1325.78,0.58,05,00,00,05
Shipping_Economic_Loss,05_00_00_05,G&Wp,average,60,3591.8,0.57,05,00,00,05
Shipping_Economic_Loss,05_00_00_05,G&Wp,average,100,5533.42,0.5,05,00,00,05
Shipping_Economic_Loss,05_00_00_05,Wp,average,20,1364.18,0.57,05,00,00,05
Shipping_Economic_Loss,05_00_00_05,Wp,average,60,3234.39,0.45,05,00,00,05
Shipping_Economic_Loss,05_00_00_05,Wp,average,100,5177.96,0.37,05,00,00,05
Shipping_Economic_Loss,05_00_00_07,D,average,20,1036.01,0.47,05,00,00,07
Shipping_Economic_Loss,05_00_00_07,D,average,60,1609.45,0.29,05,00,00,07
Shipping_Economic_Loss,05_00_00_07,D,average,100,2166.27,0.24,05,00,00,07
Shipping_Economic_Loss,05_00_00_07,D&G,average,20,1030.59,0.47,05,00,00,07
Shipping_Economic_Loss,05_00_00_07,D&G,average,60,1575.1,0.29,05,00,00,07
Shipping_Economic_Loss,05_00_00_07,D&G,average,100,2078.93,0.24,05,00,00,07
Shipping_Economic_Loss,05_00_00_07,D&G&Wp,average,20,1042.01,0.46,05,00,00,07
Shipping_Economic_Loss,05_00_00_07,D&G&Wp,average,60,1764.93,0.29,05,00,00,07
Shipping_Economic_Loss,05_00_00_07,D&G&Wp,average,100,2748.67,0.26,05,00,00,07
Shipping_Economic_Loss,05_00_00_07,D&Wp,average,20,1050.42,0.46,05,00,00,07
Shipping_Economic_Loss,05_00_00_07,D&Wp,average,60,1877.01,0.29,05,00,00,07
Shipping_Economic_Loss,05_00_00_07,D&Wp,average,100,3127.2,0.27,05,00,00,07
Shipping_Economic_Loss,05_00_00_07,G,average,20,1025.17,0.47,05,00,00,07
Shipping_Economic_Loss,05_00_00_07,G,average,60,1540.76,0.29,05,00,00,07
Shipping_Economic_Loss,05_00_00_07,G,average,100,1991.6,0.24,05,00,00,07
Shipping_Economic_Loss,05_00_00_07,G&Wp,average,20,1045.0,0.46,05,00,00,07
Shipping_Economic_Loss,05_00_00_07,G&Wp,average,60,1842.66,0.29,05,00,00,07
Shipping_Economic_Loss,05_00_00_07,G&Wp,average,100,3039.86,0.27,05,00,00,07
Shipping_Economic_Loss,05_00_00_07,Wp,average,20,1064.84,0.45,05,00,00,07
Shipping_Economic_Loss,05_00_00_07,Wp,average,60,2144.57,0.3,05,00,00,07
Shipping_Economic_Loss,05_00_00_07,Wp,average,100,4088.13,0.3,05,00,00,07
Shipping_Economic_Loss,05_00_00_08,D,average,20,1036.01,0.47,05,00,00,08
Shipping_Economic_Loss,05_00_00_08,D,average,60,1609.45,0.29,05,00,00,08
Shipping_Economic_Loss,05_00_00_08,D,average,100,2166.27,0.24,05,00,00,08
Shipping_Economic_Loss,05_00_00_08,D&G,average,20,1030.59,0.47,05,00,00,08
Shipping_Economic_Loss,05_00_00_08,D&G,average,60,1575.1,0.29,05,00,00,08
Shipping_Economic_Loss,05_00_00_08,D&G,average,100,2078.93,0.24,05,00,00,08
Shipping_Economic_Loss,05_00_00_08,D&G&Wp,average,20,1042.01,0.46,05,00,00,08
Shipping_Economic_Loss,05_00_00_08,D&G&Wp,average,60,1764.93,0.29,05,00,00,08
Shipping_Economic_Loss,05_00_00_08,D&G&Wp,average,100,2748.67,0.26,05,00,00,08
Shipping_Economic_Loss,05_00_00_08,D&Wp,average,20,1050.42,0.46,05,00,00,08
Shipping_Economic_Loss,05_00_00_08,D&Wp,average,60,1877.01,0.29,05,00,00,08
Shipping_Economic_Loss,05_00_00_08,D&Wp,average,100,3127.2,0.27,05,00,00,08
Shipping_Economic_Loss,05_00_00_08,G,average,20,1025.17,0.47,05,00,00,08
Shipping_Economic_Loss,05_00_00_08,G,average,60,1540.76,0.29,05,00,00,08
Shipping_Economic_Loss,05_00_00_08,G,average,100,1991.6,0.24,05,00,00,08
Shipping_Economic_Loss,05_00_00_08,G&Wp,average,20,1045.0,0.46,05,00,00,08
Shipping_Economic_Loss,05_00_00_08,G&Wp,average,60,1842.66,0.29,05,00,00,08
Shipping_Economic_Loss,05_00_00_08,G&Wp,average,100,3039.86,0.27,05,00,00,08
Shipping_Economic_Loss,05_00_00_08,Wp,average,20,1064.84,0.45,05,00,00,08
Shipping_Economic_Loss,05_00_00_08,Wp,average,60,2144.57,0.3,05,00,00,08
Shipping_Economic_Loss,05_00_00_08,Wp,average,100,4088.13,0.3,05,00,00,08
Shipping_Economic_Loss,05_00_00_09,D,average,20,1036.01,0.47,05,00,00,09
Shipping_Economic_Loss,05_00_00_09,D,average,60,1609.45,0.29,05,00,00,09
Shipping_Economic_Loss,05_00_00_09,D,average,100,2166.27,0.24,05,00,00,09
Shipping_Economic_Loss,05_00_00_09,D&G,average,20,1030.59,0.47,05,00,00,09
Shipping_Economic_Loss,05_00_00_09,D&G,average,60,1575.1,0.29,05,00,00,09
Shipping_Economic_Loss,05_00_00_09,D&G,average,100,2078.93,0.24,05,00,00,09
Shipping_Economic_Loss,05_00_00_09,D&G&Wp,average,20,1042.01,0.46,05,00,00,09
Shipping_Economic_Loss,05_00_00_09,D&G&Wp,average,60,1764.93,0.29,05,00,00,09
Shipping_Economic_Loss,05_00_00_09,D&G&Wp,average,100,2748.67,0.26,05,00,00,09
Shipping_Economic_Loss,05_00_00_09,D&Wp,average,20,1050.42,0.46,05,00,00,09
Shipping_Economic_Loss,05_00_00_09,D&Wp,average,60,1877.01,0.29,05,00,00,09
Shipping_Economic_Loss,05_00_00_09,D&Wp,average,100,3127.2,0.27,05,00,00,09
Shipping_Economic_Loss,05_00_00_09,G,average,20,1025.17,0.47,05,00,00,09
Shipping_Economic_Loss,05_00_00_09,G,average,60,1540.76,0.29,05,00,00,09
Shipping_Economic_Loss,05_00_00_09,G,average,100,1991.6,0.24,05,00,00,09
Shipping_Economic_Loss,05_00_00_09,G&Wp,average,20,1045.0,0.46,05,00,00,09
Shipping_Economic_Loss,05_00_00_09,G&Wp,average,60,1842.66,0.29,05,00,00,09
Shipping_Economic_Loss,05_00_00_09,G&Wp,average,100,3039.86,0.27,05,00,00,09
Shipping_Economic_Loss,05_00_00_09,Wp,average,20,1064.84,0.45,05,00,00,09
Shipping_Economic_Loss,05_00_00_09,Wp,average,60,2144.57,0.3,05,00,00,09
Shipping_Economic_Loss,05_00_00_09,Wp,average,100,4088.13,0.3,05,00,00,09
Shipping_Economic_Loss,07_00_00_00,D,average,20,2222.52,1.0,07,00,00,00
Shipping_Economic_Loss,07_00_00_00,D,average,60,5632.03,1.0,07,00,00,00
Shipping_Economic_Loss,07_00_00_00,D,average,100,9004.04,1.0,07,00,00,00
Shipping_Economic_Loss,07_00_00_00,D&G,average,20,2207.73,1.0,07,00,00,00
Shipping_Economic_Loss,07_00_00_00,D&G,average,60,5513.18,1.0,07,00,00,00
Shipping_Economic_Loss,07_00_00_00,D&G,average,100,8681.76,1.0,07,00,00,00
Shipping_Economic_Loss,07_00_00_00,D&G&Wp,average,20,2262.94,1.0,07,00,00,00
Shipping_Economic_Loss,07_00_00_00,D&G&Wp,average,60,6051.53,1.0,07,00,00,00
Shipping_Economic_Loss,07_00_00_00,D&G&Wp,average,100,10394.12,1.0,07,00,00,00
Shipping_Economic_Loss,07_00_00_00,D&Wp,average,20,2297.93,1.0,07,00,00,00
Shipping_Economic_Loss,07_00_00_00,D&Wp,average,60,6380.12,1.0,07,00,00,00
Shipping_Economic_Loss,07_00_00_00,D&Wp,average,100,11411.45,1.0,07,00,00,00
Shipping_Economic_Loss,07_00_00_00,G,average,20,2192.94,1.0,07,00,00,00
Shipping_Economic_Loss,07_00_00_00,G,average,60,5394.34,1.0,07,00,00,00
Shipping_Economic_Loss,07_00_00_00,G,average,100,8359.48,1.0,07,00,00,00
Shipping_Economic_Loss,07_00_00_00,G&Wp,average,20,2283.14,1.0,07,00,00,00
Shipping_Economic_Loss,07_00_00_00,G&Wp,average,60,6261.28,1.0,07,00,00,00
Shipping_Economic_Loss,07_00_00_00,G&Wp,average,100,11089.17,1.0,07,00,00,00
Shipping_Economic_Loss,07_00_00_00,Wp,average,20,2373.34,1.0,07,00,00,00
Shipping_Economic_Loss,07_00_00_00,Wp,average,60,7128.22,1.0,07,00,00,00
Shipping_Economic_Loss,07_00_00_00,Wp,average,100,13818.86,1.0,07,00,00,00
Shipping_Economic_Loss,07_00_00_01,D,average,20,1778.37,0.8,07,00,00,01
Shipping_Economic_Loss,07_00_00_01,D,average,60,3251.66,0.58,07,00,00,01
Shipping_Economic_Loss,07_00_00_01,D,average,100,4695.4,0.52,07,00,00,01
Shipping_Economic_Loss,07_00_00_01,D&G,average,20,1768.37,0.8,07,00,00,01
Shipping_Economic_Loss,07_00_00_01,D&G,average,60,3196.54,0.58,07,00,00,01
Shipping_Economic_Loss,07_00_00_01,D&G,average,100,4544.17,0.52,07,00,00,01
Shipping_Economic_Loss,07_00_00_01,D&G&Wp,average,20,1791.42,0.79,07,00,00,01
Shipping_Economic_Loss,07_00_00_01,D&G&Wp,average,60,3146.94,0.52,07,00,00,01
Shipping_Economic_Loss,07_00_00_01,D&G&Wp,average,100,4596.03,0.44,07,00,00,01
Shipping_Economic_Loss,07_00_00_01,D&Wp,average,20,1807.94,0.79,07,00,00,01
Shipping_Economic_Loss,07_00_00_01,D&Wp,average,60,3149.69,0.49,07,00,00,01
Shipping_Economic_Loss,07_00_00_01,D&Wp,average,100,4697.58,0.41,07,00,00,01
Shipping_Economic_Loss,07_00_00_01,G,average,20,1758.38,0.8,07,00,00,01
Shipping_Economic_Loss,07_00_00_01,G,average,60,3141.42,0.58,07,00,00,01
Shipping_Economic_Loss,07_00_00_01,G,average,100,4392.94,0.53,07,00,00,01
Shipping_Economic_Loss,07_00_00_01,G&Wp,average,20,1797.94,0.79,07,00,00,01
Shipping_Economic_Loss,07_00_00_01,G&Wp,average,60,3094.58,0.49,07,00,00,01
Shipping_Economic_Loss,07_00_00_01,G&Wp,average,100,4546.35,0.41,07,00,00,01
Shipping_Economic_Loss,07_00_00_01,Wp,average,20,1837.51,0.77,07,00,00,01
Shipping_Economic_Loss,07_00_00_01,Wp,average,60,3047.73,0.43,07,00,00,01
Shipping_Economic_Loss,07_00_00_01,Wp,average,100,4699.76,0.34,07,00,00,01
Shipping_Economic_Loss,07_00_00_02,D,average,20,1926.9,0.87,07,00,00,02
Shipping_Economic_Loss,07_00_00_02,D,average,60,4824.98,0.86,07,00,00,02
Shipping_Economic_Loss,07_00_00_02,D,average,100,7691.2,0.85,07,00,00,02
Shipping_Economic_Loss,07_00_00_02,D&G,average,20,1914.93,0.87,07,00,00,02
Shipping_Economic_Loss,07_00_00_02,D&G,average,60,4724.57,0.86,07,00,00,02
Shipping_Economic_Loss,07_00_00_02,D&G,average,100,7417.86,0.85,07,00,00,02
Shipping_Economic_Loss,07_00_00_02,D&G&Wp,average,20,1954.32,0.86,07,00,00,02
Shipping_Economic_Loss,07_00_00_02,D&G&Wp,average,60,4621.04,0.76,07,00,00,02
Shipping_Economic_Loss,07_00_00_02,D&G&Wp,average,100,6967.24,0.67,07,00,00,02
Shipping_Economic_Loss,07_00_00_02,D&Wp,average,20,1979.99,0.86,07,00,00,02
Shipping_Economic_Loss,07_00_00_02,D&Wp,average,60,4619.48,0.72,07,00,00,02
Shipping_Economic_Loss,07_00_00_02,D&Wp,average,100,6878.6,0.6,07,00,00,02
Shipping_Economic_Loss,07_00_00_02,G,average,20,1902.97,0.87,07,00,00,02
Shipping_Economic_Loss,07_00_00_02,G,average,60,4624.16,0.86,07,00,00,02
Shipping_Economic_Loss,07_00_00_02,G,average,100,7144.53,0.85,07,00,00,02
Shipping_Economic_Loss,07_00_00_02,G&Wp,average,20,1968.03,0.86,07,00,00,02
Shipping_Economic_Loss,07_00_00_02,G&Wp,average,60,4519.07,0.72,07,00,00,02
Shipping_Economic_Loss,07_00_00_02,G&Wp,average,100,6605.27,0.6,07,00,00,02
Shipping_Economic_Loss,07_00_00_02,Wp,average,20,2033.08,0.86,07,00,00,02
Shipping_Economic_Loss,07_00_00_02,Wp,average,60,4413.98,0.62,07,00,00,02
Shipping_Economic_Loss,07_00_00_02,Wp,average,100,6066.01,0.44,07,00,00,02
Shipping_Economic_Loss,07_00_00_04,D,average,20,1306.08,0.59,07,00,00,04
Shipping_Economic_Loss,07_00_00_04,D,average,60,4493.36,0.8,07,00,00,04
Shipping_Economic_Loss,07_00_00_04,D,average,100,7556.52,0.84,07,00,00,04
Shipping_Economic_Loss,07_00_00_04,D&G,average,20,1296.73,0.59,07,00,00,04
Shipping_Economic_Loss,07_00_00_04,D&G,average,60,4442.93,0.81,07,00,00,04
Shipping_Economic_Loss,07_00_00_04,D&G,average,100,7365.52,0.85,07,00,00,04
Shipping_Economic_Loss,07_00_00_04,D&G&Wp,average,20,1319.21,0.58,07,00,00,04
Shipping_Economic_Loss,07_00_00_04,D&G&Wp,average,60,4303.53,0.71,07,00,00,04
Shipping_Economic_Loss,07_00_00_04,D&G&Wp,average,100,6802.6,0.65,07,00,00,04
Shipping_Economic_Loss,07_00_00_04,D&Wp,average,20,1335.13,0.58,07,00,00,04
Shipping_Economic_Loss,07_00_00_04,D&Wp,average,60,4259.05,0.67,07,00,00,04
Shipping_Economic_Loss,07_00_00_04,D&Wp,average,100,6616.64,0.58,07,00,00,04
Shipping_Economic_Loss,07_00_00_04,G,average,20,1287.38,0.59,07,00,00,04
Shipping_Economic_Loss,07_00_00_04,G,average,60,4392.5,0.81,07,00,00,04
Shipping_Economic_Loss,07_00_00_04,G,average,100,7174.5,0.86,07,00,00,04
Shipping_Economic_Loss,07_00_00_04,G&Wp,average,20,1325.78,0.58,07,00,00,04
Shipping_Economic_Loss,07_00_00_04,G&Wp,average,60,4208.62,0.67,07,00,00,04
Shipping_Economic_Loss,07_00_00_04,G&Wp,average,100,6425.63,0.58,07,00,00,04
Shipping_Economic_Loss,07_00_00_04,Wp,average,20,1364.18,0.57,07,00,00,04
Shipping_Economic_Loss,07_00_00_04,Wp,average,60,4024.74,0.56,07,00,00,04
Shipping_Economic_Loss,07_00_00_04,Wp,average,100,5676.76,0.41,07,00,00,04
Shipping_Economic_Loss,07_00_00_05,D,average,20,1306.08,0.59,07,00,00,05
Shipping_Economic_Loss,07_00_00_05,D,average,60,3482.72,0.62,07,00,00,05
Shipping_Economic_Loss,07_00_00_05,D,average,100,5144.8,0.57,07,00,00,05
Shipping_Economic_Loss,07_00_00_05,D&G,average,20,1296.73,0.59,07,00,00,05
Shipping_Economic_Loss,07_00_00_05,D&G,average,60,3715.96,0.67,07,00,00,05
Shipping_Economic_Loss,07_00_00_05,D&G,average,100,5516.85,0.64,07,00,00,05
Shipping_Economic_Loss,07_00_00_05,D&G&Wp,average,20,1319.21,0.58,07,00,00,05
Shipping_Economic_Loss,07_00_00_05,D&G&Wp,average,60,3555.44,0.59,07,00,00,05
Shipping_Economic_Loss,07_00_00_05,D&G&Wp,average,100,5403.88,0.52,07,00,00,05
Shipping_Economic_Loss,07_00_00_05,D&Wp,average,20,1335.13,0.58,07,00,00,05
Shipping_Economic_Loss,07_00_00_05,D&Wp,average,60,3358.56,0.53,07,00,00,05
Shipping_Economic_Loss,07_00_00_05,D&Wp,average,100,5161.38,0.45,07,00,00,05
Shipping_Economic_Loss,07_00_00_05,G,average,20,1287.38,0.59,07,00,00,05
Shipping_Economic_Loss,07_00_00_05,G,average,60,3949.2,0.73,07,00,00,05
Shipping_Economic_Loss,07_00_00_05,G,average,100,5888.89,0.7,07,00,00,05
Shipping_Economic_Loss,07_00_00_05,G&Wp,average,20,1325.78,0.58,07,00,00,05
Shipping_Economic_Loss,07_00_00_05,G&Wp,average,60,3591.8,0.57,07,00,00,05
Shipping_Economic_Loss,07_00_00_05,G&Wp,average,100,5533.42,0.5,07,00,00,05
Shipping_Economic_Loss,07_00_00_05,Wp,average,20,1364.18,0.57,07,00,00,05
Shipping_Economic_Loss,07_00_00_05,Wp,average,60,3234.39,0.45,07,00,00,05
Shipping_Economic_Loss,07_00_00_05,Wp,average,100,5177.96,0.37,07,00,00,05
Shipping_Economic_Loss,07_00_00_07,D,average,20,1036.01,0.47,07,00,00,07
Shipping_Economic_Loss,07_00_00_07,D,average,60,1609.45,0.29,07,00,00,07
Shipping_Economic_Loss,07_00_00_07,D,average,100,2166.27,0.24,07,00,00,07
Shipping_Economic_Loss,07_00_00_07,D&G,average,20,1030.59,0.47,07,00,00,07
Shipping_Economic_Loss,07_00_00_07,D&G,average,60,1575.1,0.29,07,00,00,07
Shipping_Economic_Loss,07_00_00_07,D&G,average,100,2078.93,0.24,07,00,00,07
Shipping_Economic_Loss,07_00_00_07,D&G&Wp,average,20,1042.01,0.46,07,00,00,07
Shipping_Economic_Loss,07_00_00_07,D&G&Wp,average,60,1764.93,0.29,07,00,00,07
Shipping_Economic_Loss,07_00_00_07,D&G&Wp,average,100,2748.67,0.26,07,00,00,07
Shipping_Economic_Loss,07_00_00_07,D&Wp,average,20,1050.42,0.46,07,00,00,07
Shipping_Economic_Loss,07_00_00_07,D&Wp,average,60,1877.01,0.29,07,00,00,07
Shipping_Economic_Loss,07_00_00_07,D&Wp,average,100,3127.2,0.27,07,00,00,07
Shipping_Economic_Loss,07_00_00_07,G,average,20,1025.17,0.47,07,00,00,07
Shipping_Economic_Loss,07_00_00_07,G,average,60,1540.76,0.29,07,00,00,07
Shipping_Economic_Loss,07_00_00_07,G,average,100,1991.6,0.24,07,00,00,07
Shipping_Economic_Loss,07_00_00_07,G&Wp,average,20,1045.0,0.46,07,00,00,07
Shipping_Economic_Loss,07_00_00_07,G&Wp,average,60,1842.66,0.29,07,00,00,07
Shipping_Economic_Loss,07_00_00_07,G&Wp,average,100,3039.86,0.27,07,00,00,07
Shipping_Economic_Loss,07_00_00_07,Wp,average,20,1064.84,0.45,07,00,00,07
Shipping_Economic_Loss,07_00_00_07,Wp,average,60,2144.57,0.3,07,00,00,07
Shipping_Economic_Loss,07_00_00_07,Wp,average,100,4088.13,0.3,07,00,00,07
Shipping_Economic_Loss,07_00_00_08,D,average,20,1036.01,0.47,07,00,00,08
Shipping_Economic_Loss,07_00_00_08,D,average,60,1609.45,0.29,07,00,00,08
Shipping_Economic_Loss,07_00_00_08,D,average,100,2166.27,0.24,07,00,00,08
Shipping_Economic_Loss,07_00_00_08,D&G,average,20,1030.59,0.47,07,00,00,08
Shipping_Economic_Loss,07_00_00_08,D&G,average,60,1575.1,0.29,07,00,00,08
Shipping_Economic_Loss,07_00_00_08,D&G,average,100,2078.93,0.24,07,00,00,08
Shipping_Economic_Loss,07_00_00_08,D&G&Wp,average,20,1042.01,0.46,07,00,00,08
Shipping_Economic_Loss,07_00_00_08,D&G&Wp,average,60,1764.93,0.29,07,00,00,08
Shipping_Economic_Loss,07_00_00_08,D&G&Wp,average,100,2748.67,0.26,07,00,00,08
Shipping_Economic_Loss,07_00_00_08,D&Wp,average,20,1050.42,0.46,07,00,00,08
Shipping_Economic_Loss,07_00_00_08,D&Wp,average,60,1877.01,0.29,07,00,00,08
Shipping_Economic_Loss,07_00_00_08,D&Wp,average,100,3127.2,0.27,07,00,00,08
Shipping_Economic_Loss,07_00_00_08,G,average,20,1025.17,0.47,07,00,00,08
Shipping_Economic_Loss,07_00_00_08,G,average,60,1540.76,0.29,07,00,00,08
Shipping_Economic_Loss,07_00_00_08,G,average,100,1991.6,0.24,07,00,00,08
Shipping_Economic_Loss,07_00_00_08,G&Wp,average,20,1045.0,0.46,07,00,00,08
Shipping_Economic_Loss,07_00_00_08,G&Wp,average,60,1842.66,0.29,07,00,00,08
Shipping_Economic_Loss,07_00_00_08,G&Wp,average,100,3039.86,0.27,07,00,00,08
Shipping_Economic_Loss,07_00_00_08,Wp,average,20,1064.84,0.45,07,00,00,08
Shipping_Economic_Loss,07_00_00_08,Wp,average,60,2144.57,0.3,07,00,00,08
Shipping_Economic_Loss,07_00_00_08,Wp,average,100,4088.13,0.3,07,00,00,08
Shipping_Economic_Loss,07_00_00_09,D,average,20,1036.01,0.47,07,00,00,09
Shipping_Economic_Loss,07_00_00_09,D,average,60,1609.45,0.29,07,00,00,09
Shipping_Economic_Loss,07_00_00_09,D,average,100,2166.27,0.24,07,00,00,09
Shipping_Economic_Loss,07_00_00_09,D&G,average,20,1030.59,0.47,07,00,00,09
Shipping_Economic_Loss,07_00_00_09,D&G,average,60,1575.1,0.29,07,00,00,09
Shipping_Economic_Loss,07_00_00_09,D&G,average,100,2078.93,0.24,07,00,00,09
Shipping_Economic_Loss,07_00_00_09,D&G&Wp,average,20,1042.01,0.46,07,00,00,09
Shipping_Economic_Loss,07_00_00_09,D&G&Wp,average,60,1764.93,0.29,07,00,00,09
Shipping_Economic_Loss,07_00_00_09,D&G&Wp,average,100,2748.67,0.26,07,00,00,09
Shipping_Economic_Loss,07_00_00_09,D&Wp,average,20,1050.42,0.46,07,00,00,09
Shipping_Economic_Loss,07_00_00_09,D&Wp,average,60,1877.01,0.29,07,00,00,09
Shipping_Economic_Loss,07_00_00_09,D&Wp,average,100,3127.2,0.27,07,00,00,09
Shipping_Economic_Loss,07_00_00_09,G,average,20,1025.17,0.47,07,00,00,09
Shipping_Economic_Loss,07_00_00_09,G,average,60,1540.76,0.29,07,00,00,09
Shipping_Economic_Loss,07_00_00_09,G,average,100,1991.6,0.24,07,00,00,09
Shipping_Economic_Loss,07_00_00_09,G&Wp,average,20,1045.0,0.46,07,00,00,09
Shipping_Economic_Loss,07_00_00_09,G&Wp,average,60,1842.66,0.29,07,00,00,09
Shipping_Economic_Loss,07_00_00_09,G&Wp,average,100,3039.86,0.27,07,00,00,09
Shipping_Economic_Loss,07_00_00_09,Wp,average,20,1064.84,0.45,07,00,00,09
Shipping_Economic_Loss,07_00_00_09,Wp,average,60,2144.57,0.3,07,00,00,09
Shipping_Economic_Loss,07_00_00_09,Wp,average,100,4088.13,0.3,07,00,00,09
Shipping_Economic_Loss,09_00_00_00,D,average,20,2222.52,1.0,09,00,00,00
Shipping_Economic_Loss,09_00_00_00,D,average,60,5632.03,1.0,09,00,00,00
Shipping_Economic_Loss,09_00_00_00,D,average,100,9004.04,1.0,09,00,00,00
Shipping_Economic_Loss,09_00_00_00,D&G,average,20,2207.73,1.0,09,00,00,00
Shipping_Economic_Loss,09_00_00_00,D&G,average,60,5513.18,1.0,09,00,00,00
Shipping_Economic_Loss,09_00_00_00,D&G,average,100,8681.76,1.0,09,00,00,00
Shipping_Economic_Loss,09_00_00_00,D&G&Wp,average,20,2262.94,1.0,09,00,00,00
Shipping_Economic_Loss,09_00_00_00,D&G&Wp,average,60,6051.53,1.0,09,00,00,00
Shipping_Economic_Loss,09_00_00_00,D&G&Wp,average,100,10394.12,1.0,09,00,00,00
Shipping_Economic_Loss,09_00_00_00,D&Wp,average,20,2297.93,1.0,09,00,00,00
Shipping_Economic_Loss,09_00_00_00,D&Wp,average,60,6380.12,1.0,09,00,00,00
Shipping_Economic_Loss,09_00_00_00,D&Wp,average,100,11411.45,1.0,09,00,00,00
Shipping_Economic_Loss,09_00_00_00,G,average,20,2192.94,1.0,09,00,00,00
Shipping_Economic_Loss,09_00_00_00,G,average,60,5394.34,1.0,09,00,00,00
Shipping_Economic_Loss,09_00_00_00,G,average,100,8359.48,1.0,09,00,00,00
Shipping_Economic_Loss,09_00_00_00,G&Wp,average,20,2283.14,1.0,09,00,00,00
Shipping_Economic_Loss,09_00_00_00,G&Wp,average,60,6261.28,1.0,09,00,00,00
Shipping_Economic_Loss,09_00_00_00,G&Wp,average,100,11089.17,1.0,09,00,00,00
Shipping_Economic_Loss,09_00_00_00,Wp,average,20,2373.34,1.0,09,00,00,00
Shipping_Economic_Loss,09_00_00_00,Wp,average,60,7128.22,1.0,09,00,00,00
Shipping_Economic_Loss,09_00_00_00,Wp,average,100,13818.86,1.0,09,00,00,00
Shipping_Economic_Loss,09_00_00_01,D,average,20,1778.37,0.8,09,00,00,01
Shipping_Economic_Loss,09_00_00_01,D,average,60,3251.66,0.58,09,00,00,01
Shipping_Economic_Loss,09_00_00_01,D,average,100,4695.4,0.52,09,00,00,01
Shipping_Economic_Loss,09_00_00_01,D&G,average,20,1768.37,0.8,09,00,00,01
Shipping_Economic_Loss,09_00_00_01,D&G,average,60,3196.54,0.58,09,00,00,01
Shipping_Economic_Loss,09_00_00_01,D&G,average,100,4544.17,0.52,09,00,00,01
Shipping_Economic_Loss,09_00_00_01,D&G&Wp,average,20,1791.42,0.79,09,00,00,01
Shipping_Economic_Loss,09_00_00_01,D&G&Wp,average,60,3146.94,0.52,09,00,00,01
Shipping_Economic_Loss,09_00_00_01,D&G&Wp,average,100,4596.03,0.44,09,00,00,01
Shipping_Economic_Loss,09_00_00_01,D&Wp,average,20,1807.94,0.79,09,00,00,01
Shipping_Economic_Loss,09_00_00_01,D&Wp,average,60,3149.69,0.49,09,00,00,01
Shipping_Economic_Loss,09_00_00_01,D&Wp,average,100,4697.58,0.41,09,00,00,01
Shipping_Economic_Loss,09_00_00_01,G,average,20,1758.38,0.8,09,00,00,01
Shipping_Economic_Loss,09_00_00_01,G,average,60,3141.42,0.58,09,00,00,01
Shipping_Economic_Loss,09_00_00_01,G,average,100,4392.94,0.53,09,00,00,01
Shipping_Economic_Loss,09_00_00_01,G&Wp,average,20,1797.94,0.79,09,00,00,01
Shipping_Economic_Loss,09_00_00_01,G&Wp,average,60,3094.58,0.49,09,00,00,01
Shipping_Economic_Loss,09_00_00_01,G&Wp,average,100,4546.35,0.41,09,00,00,01
Shipping_Economic_Loss,09_00_00_01,Wp,average,20,1837.51,0.77,09,00,00,01
Shipping_Economic_Loss,09_00_00_01,Wp,average,60,3047.73,0.43,09,00,00,01
Shipping_Economic_Loss,09_00_00_01,Wp,average,100,4699.76,0.34,09,00,00,01
Shipping_Economic_Loss,09_00_00_02,D,average,20,1926.9,0.87,09,00,00,02
Shipping_Economic_Loss,09_00_00_02,D,average,60,4824.98,0.86,09,00,00,02
Shipping_Economic_Loss,09_00_00_02,D,average,100,7691.2,0.85,09,00,00,02
Shipping_Economic_Loss,09_00_00_02,D&G,average,20,1914.93,0.87,09,00,00,02
Shipping_Economic_Loss,09_00_00_02,D&G,average,60,4724.57,0.86,09,00,00,02
Shipping_Economic_Loss,09_00_00_02,D&G,average,100,7417.86,0.85,09,00,00,02
Shipping_Economic_Loss,09_00_00_02,D&G&Wp,average,20,1954.32,0.86,09,00,00,02
Shipping_Economic_Loss,09_00_00_02,D&G&Wp,average,60,4621.04,0.76,09,00,00,02
Shipping_Economic_Loss,09_00_00_02,D&G&Wp,average,100,6967.24,0.67,09,00,00,02
Shipping_Economic_Loss,09_00_00_02,D&Wp,average,20,1979.99,0.86,09,00,00,02
Shipping_Economic_Loss,09_00_00_02,D&Wp,average,60,4619.48,0.72,09,00,00,02
Shipping_Economic_Loss,09_00_00_02,D&Wp,average,100,6878.6,0.6,09,00,00,02
Shipping_Economic_Loss,09_00_00_02,G,average,20,1902.97,0.87,09,00,00,02
Shipping_Economic_Loss,09_00_00_02,G,average,60,4624.16,0.86,09,00,00,02
Shipping_Economic_Loss,09_00_00_02,G,average,100,7144.53,0.85,09,00,00,02
Shipping_Economic_Loss,09_00_00_02,G&Wp,average,20,1968.03,0.86,09,00,00,02
Shipping_Economic_Loss,09_00_00_02,G&Wp,average,60,4519.07,0.72,09,00,00,02
Shipping_Economic_Loss,09_00_00_02,G&Wp,average,100,6605.27,0.6,09,00,00,02
Shipping_Economic_Loss,09_00_00_02,Wp,average,20,2033.08,0.86,09,00,00,02
Shipping_Economic_Loss,09_00_00_02,Wp,average,60,4413.98,0.62,09,00,00,02
Shipping_Economic_Loss,09_00_00_02,Wp,average,100,6066.01,0.44,09,00,00,02
Shipping_Economic_Loss,09_00_00_04,D,average,20,1306.08,0.59,09,00,00,04
Shipping_Economic_Loss,09_00_00_04,D,average,60,4493.36,0.8,09,00,00,04
Shipping_Economic_Loss,09_00_00_04,D,average,100,7556.52,0.84,09,00,00,04
Shipping_Economic_Loss,09_00_00_04,D&G,average,20,1296.73,0.59,09,00,00,04
Shipping_Economic_Loss,09_00_00_04,D&G,average,60,4442.93,0.81,09,00,00,04
Shipping_Economic_Loss,09_00_00_04,D&G,average,100,7365.52,0.85,09,00,00,04
Shipping_Economic_Loss,09_00_00_04,D&G&Wp,average,20,1319.21,0.58,09,00,00,04
Shipping_Economic_Loss,09_00_00_04,D&G&Wp,average,60,4303.53,0.71,09,00,00,04
Shipping_Economic_Loss,09_00_00_04,D&G&Wp,average,100,6802.6,0.65,09,00,00,04
Shipping_Economic_Loss,09_00_00_04,D&Wp,average,20,1335.13,0.58,09,00,00,04
Shipping_Economic_Loss,09_00_00_04,D&Wp,average,60,4259.05,0.67,09,00,00,04
Shipping_Economic_Loss,09_00_00_04,D&Wp,average,100,6616.64,0.58,09,00,00,04
Shipping_Economic_Loss,09_00_00_04,G,average,20,1287.38,0.59,09,00,00,04
Shipping_Economic_Loss,09_00_00_04,G,average,60,4392.5,0.81,09,00,00,04
Shipping_Economic_Loss,09_00_00_04,G,average,100,7174.5,0.86,09,00,00,04
Shipping_Economic_Loss,09_00_00_04,G&Wp,average,20,1325.78,0.58,09,00,00,04
Shipping_Economic_Loss,09_00_00_04,G&Wp,average,60,4208.62,0.67,09,00,00,04
Shipping_Economic_Loss,09_00_00_04,G&Wp,average,100,6425.63,0.58,09,00,00,04
Shipping_Economic_Loss,09_00_00_04,Wp,average,20,1364.18,0.57,09,00,00,04
Shipping_Economic_Loss,09_00_00_04,Wp,average,60,4024.74,0.56,09,00,00,04
Shipping_Economic_Loss,09_00_00_04,Wp,average,100,5676.76,0.41,09,00,00,04
Shipping_Economic_Loss,09_00_00_05,D,average,20,1306.08,0.59,09,00,00,05
Shipping_Economic_Loss,09_00_00_05,D,average,60,3482.72,0.62,09,00,00,05
Shipping_Economic_Loss,09_00_00_05,D,average,100,5144.8,0.57,09,00,00,05
Shipping_Economic_Loss,09_00_00_05,D&G,average,20,1296.73,0.59,09,00,00,05
Shipping_Economic_Loss,09_00_00_05,D&G,average,60,3715.96,0.67,09,00,00,05
Shipping_Economic_Loss,09_00_00_05,D&G,average,100,5516.85,0.64,09,00,00,05
Shipping_Economic_Loss,09_00_00_05,D&G&Wp,average,20,1319.21,0.58,09,00,00,05
Shipping_Economic_Loss,09_00_00_05,D&G&Wp,average,60,3555.44,0.59,09,00,00,05
Shipping_Economic_Loss,09_00_00_05,D&G&Wp,average,100,5403.88,0.52,09,00,00,05
Shipping_Economic_Loss,09_00_00_05,D&Wp,average,20,1335.13,0.58,09,00,00,05
Shipping_Economic_Loss,09_00_00_05,D&Wp,average,60,3358.56,0.53,09,00,00,05
Shipping_Economic_Loss,09_00_00_05,D&Wp,average,100,5161.38,0.45,09,00,00,05
Shipping_Economic_Loss,09_00_00_05,G,average,20,1287.38,0.59,09,00,00,05
Shipping_Economic_Loss,09_00_00_05,G,average,60,3949.2,0.73,09,00,00,05
Shipping_Economic_Loss,09_00_00_05,G,average,100,5888.89,0.7,09,00,00,05
Shipping_Economic_Loss,09_00_00_05,G&Wp,average,20,1325.78,0.58,09,00,00,05
Shipping_Economic_Loss,09_00_00_05,G&Wp,average,60,3591.8,0.57,09,00,00,05
Shipping_Economic_Loss,09_00_00_05,G&Wp,average,100,5533.42,0.5,09,00,00,05
Shipping_Economic_Loss,09_00_00_05,Wp,average,20,1364.18,0.57,09,00,00,05
Shipping_Economic_Loss,09_00_00_05,Wp,average,60,3234.39,0.45,09,00,00,05
Shipping_Economic_Loss,09_00_00_05,Wp,average,100,5177.96,0.37,09,00,00,05
Shipping_Economic_Loss,09_00_00_07,D,average,20,1036.01,0.47,09,00,00,07
Shipping_Economic_Loss,09_00_00_07,D,average,60,1609.45,0.29,09,00,00,07
Shipping_Economic_Loss,09_00_00_07,D,average,100,2166.27,0.24,09,00,00,07
Shipping_Economic_Loss,09_00_00_07,D&G,average,20,1030.59,0.47,09,00,00,07
Shipping_Economic_Loss,09_00_00_07,D&G,average,60,1575.1,0.29,09,00,00,07
Shipping_Economic_Loss,09_00_00_07,D&G,average,100,2078.93,0.24,09,00,00,07
Shipping_Economic_Loss,09_00_00_07,D&G&Wp,average,20,1042.01,0.46,09,00,00,07
Shipping_Economic_Loss,09_00_00_07,D&G&Wp,average,60,1764.93,0.29,09,00,00,07
Shipping_Economic_Loss,09_00_00_07,D&G&Wp,average,100,2748.67,0.26,09,00,00,07
Shipping_Economic_Loss,09_00_00_07,D&Wp,average,20,1050.42,0.46,09,00,00,07
Shipping_Economic_Loss,09_00_00_07,D&Wp,average,60,1877.01,0.29,09,00,00,07
Shipping_Economic_Loss,09_00_00_07,D&Wp,average,100,3127.2,0.27,09,00,00,07
Shipping_Economic_Loss,09_00_00_07,G,average,20,1025.17,0.47,09,00,00,07
Shipping_Economic_Loss,09_00_00_07,G,average,60,1540.76,0.29,09,00,00,07
Shipping_Economic_Loss,09_00_00_07,G,average,100,1991.6,0.24,09,00,00,07
Shipping_Economic_Loss,09_00_00_07,G&Wp,average,20,1045.0,0.46,09,00,00,07
Shipping_Economic_Loss,09_00_00_07,G&Wp,average,60,1842.66,0.29,09,00,00,07
Shipping_Economic_Loss,09_00_00_07,G&Wp,average,100,3039.86,0.27,09,00,00,07
Shipping_Economic_Loss,09_00_00_07,Wp,average,20,1064.84,0.45,09,00,00,07
Shipping_Economic_Loss,09_00_00_07,Wp,average,60,2144.57,0.3,09,00,00,07
Shipping_Economic_Loss,09_00_00_07,Wp,average,100,4088.13,0.3,09,00,00,07
Shipping_Economic_Loss,09_00_00_08,D,average,20,1036.01,0.47,09,00,00,08
Shipping_Economic_Loss,09_00_00_08,D,average,60,1609.45,0.29,09,00,00,08
Shipping_Economic_Loss,09_00_00_08,D,average,100,2166.27,0.24,09,00,00,08
Shipping_Economic_Loss,09_00_00_08,D&G,average,20,1030.59,0.47,09,00,00,08
Shipping_Economic_Loss,09_00_00_08,D&G,average,60,1575.1,0.29,09,00,00,08
Shipping_Economic_Loss,09_00_00_08,D&G,average,100,2078.93,0.24,09,00,00,08
Shipping_Economic_Loss,09_00_00_08,D&G&Wp,average,20,1042.01,0.46,09,00,00,08
Shipping_Economic_Loss,09_00_00_08,D&G&Wp,average,60,1764.93,0.29,09,00,00,08
Shipping_Economic_Loss,09_00_00_08,D&G&Wp,average,100,2748.67,0.26,09,00,00,08
Shipping_Economic_Loss,09_00_00_08,D&Wp,average,20,1050.42,0.46,09,00,00,08
Shipping_Economic_Loss,09_00_00_08,D&Wp,average,60,1877.01,0.29,09,00,00,08
Shipping_Economic_Loss,09_00_00_08,D&Wp,average,100,3127.2,0.27,09,00,00,08
Shipping_Economic_Loss,09_00_00_08,G,average,20,1025.17,0.47,09,00,00,08
Shipping_Economic_Loss,09_00_00_08,G,average,60,1540.76,0.29,09,00,00,08
Shipping_Economic_Loss,09_00_00_08,G,average,100,1991.6,0.24,09,00,00,08
Shipping_Economic_Loss,09_00_00_08,G&Wp,average,20,1045.0,0.46,09,00,00,08
Shipping_Economic_Loss,09_00_00_08,G&Wp,average,60,1842.66,0.29,09,00,00,08
Shipping_Economic_Loss,09_00_00_08,G&Wp,average,100,3039.86,0.27,09,00,00,08
Shipping_Economic_Loss,09_00_00_08,Wp,average,20,1064.84,0.45,09,00,00,08
Shipping_Economic_Loss,09_00_00_08,Wp,average,60,2144.57,0.3,09,00,00,08
Shipping_Economic_Loss,09_00_00_08,Wp,average,100,4088.13,0.3,09,00,00,08
Shipping_Economic_Loss,09_00_00_09,D,average,20,1036.01,0.47,09,00,00,09
Shipping_Economic_Loss,09_00_00_09,D,average,60,1609.45,0.29,09,00,00,09
Shipping_Economic_Loss,09_00_00_09,D,average,100,2166.27,0.24,09,00,00,09
Shipping_Economic_Loss,09_00_00_09,D&G,average,20,1030.59,0.47,09,00,00,09
Shipping_Economic_Loss,09_00_00_09,D&G,average,60,1575.1,0.29,09,00,00,09
Shipping_Economic_Loss,09_00_00_09,D&G,average,100,2078.93,0.24,09,00,00,09
Shipping_Economic_Loss,09_00_00_09,D&G&Wp,average,20,1042.01,0.46,09,00,00,09
Shipping_Economic_Loss,09_00_00_09,D&G&Wp,average,60,1764.93,0.29,09,00,00,09
Shipping_Economic_Loss,09_00_00_09,D&G&Wp,average,100,2748.67,0.26,09,00,00,09
Shipping_Economic_Loss,09_00_00_09,D&Wp,average,20,1050.42,0.46,09,00,00,09
Shipping_Economic_Loss,09_00_00_09,D&Wp,average,60,1877.01,0.29,09,00,00,09
Shipping_Economic_Loss,09_00_00_09,D&Wp,average,100,3127.2,0.27,09,00,00,09
Shipping_Economic_Loss,09_00_00_09,G,average,20,1025.17,0.47,09,00,00,09
Shipping_Economic_Loss,09_00_00_09,G,average,60,1540.76,0.29,09,00,00,09
Shipping_Economic_Loss,09_00_00_09,G,average,100,1991.6,0.24,09,00,00,09
Shipping_Economic_Loss,09_00_00_09,G&Wp,average,20,1045.0,0.46,09,00,00,09
Shipping_Economic_Loss,09_00_00_09,G&Wp,average,60,1842.66,0.29,09,00,00,09
Shipping_Economic_Loss,09_00_00_09,G&Wp,average,100,3039.86,0.27,09,00,00,09
Shipping_Economic_Loss,09_00_00_09,Wp,average,20,1064.84,0.45,09,00,00,09
Shipping_Economic_Loss,09_00_00_09,Wp,average,60,2144.57,0.3,09,00,00,09
Shipping_Economic_Loss,09_00_00_09,Wp,average,100,4088.13,0.3,09,00,00,09
Shipping_Economic_Loss,11_00_00_00,D,average,20,2222.52,1.0,11,00,00,00
Shipping_Economic_Loss,11_00_00_00,D,average,60,5632.03,1.0,11,00,00,00
Shipping_Economic_Loss,11_00_00_00,D,average,100,9004.04,1.0,11,00,00,00
Shipping_Economic_Loss,11_00_00_00,D&G,average,20,2207.73,1.0,11,00,00,00
Shipping_Economic_Loss,11_00_00_00,D&G,average,60,5513.18,1.0,11,00,00,00
Shipping_Economic_Loss,11_00_00_00,D&G,average,100,8681.76,1.0,11,00,00,00
Shipping_Economic_Loss,11_00_00_00,D&G&Wp,average,20,2262.94,1.0,11,00,00,00
Shipping_Economic_Loss,11_00_00_00,D&G&Wp,average,60,6051.53,1.0,11,00,00,00
Shipping_Economic_Loss,11_00_00_00,D&G&Wp,average,100,10394.12,1.0,11,00,00,00
Shipping_Economic_Loss,11_00_00_00,D&Wp,average,20,2297.93,1.0,11,00,00,00
Shipping_Economic_Loss,11_00_00_00,D&Wp,average,60,6380.12,1.0,11,00,00,00
Shipping_Economic_Loss,11_00_00_00,D&Wp,average,100,11411.45,1.0,11,00,00,00
Shipping_Economic_Loss,11_00_00_00,G,average,20,2192.94,1.0,11,00,00,00
Shipping_Economic_Loss,11_00_00_00,G,average,60,5394.34,1.0,11,00,00,00
Shipping_Economic_Loss,11_00_00_00,G,average,100,8359.48,1.0,11,00,00,00
Shipping_Economic_Loss,11_00_00_00,G&Wp,average,20,2283.14,1.0,11,00,00,00
Shipping_Economic_Loss,11_00_00_00,G&Wp,average,60,6261.28,1.0,11,00,00,00
Shipping_Economic_Loss,11_00_00_00,G&Wp,average,100,11089.17,1.0,11,00,00,00
Shipping_Economic_Loss,11_00_00_00,Wp,average,20,2373.34,1.0,11,00,00,00
Shipping_Economic_Loss,11_00_00_00,Wp,average,60,7128.22,1.0,11,00,00,00
Shipping_Economic_Loss,11_00_00_00,Wp,average,100,13818.86,1.0,11,00,00,00
Shipping_Economic_Loss,11_00_00_01,D,average,20,1778.37,0.8,11,00,00,01
Shipping_Economic_Loss,11_00_00_01,D,average,60,3251.66,0.58,11,00,00,01
Shipping_Economic_Loss,11_00_00_01,D,average,100,4695.4,0.52,11,00,00,01
Shipping_Economic_Loss,11_00_00_01,D&G,average,20,1768.37,0.8,11,00,00,01
Shipping_Economic_Loss,11_00_00_01,D&G,average,60,3196.54,0.58,11,00,00,01
Shipping_Economic_Loss,11_00_00_01,D&G,average,100,4544.17,0.52,11,00,00,01
Shipping_Economic_Loss,11_00_00_01,D&G&Wp,average,20,1791.42,0.79,11,00,00,01
Shipping_Economic_Loss,11_00_00_01,D&G&Wp,average,60,3146.94,0.52,11,00,00,01
Shipping_Economic_Loss,11_00_00_01,D&G&Wp,average,100,4596.03,0.44,11,00,00,01
Shipping_Economic_Loss,11_00_00_01,D&Wp,average,20,1807.94,0.79,11,00,00,01
Shipping_Economic_Loss,11_00_00_01,D&Wp,average,60,3149.69,0.49,11,00,00,01
Shipping_Economic_Loss,11_00_00_01,D&Wp,average,100,4697.58,0.41,11,00,00,01
Shipping_Economic_Loss,11_00_00_01,G,average,20,1758.38,0.8,11,00,00,01
Shipping_Economic_Loss,11_00_00_01,G,average,60,3141.42,0.58,11,00,00,01
Shipping_Economic_Loss,11_00_00_01,G,average,100,4392.94,0.53,11,00,00,01
Shipping_Economic_Loss,11_00_00_01,G&Wp,average,20,1797.94,0.79,11,00,00,01
Shipping_Economic_Loss,11_00_00_01,G&Wp,average,60,3094.58,0.49,11,00,00,01
Shipping_Economic_Loss,11_00_00_01,G&Wp,average,100,4546.35,0.41,11,00,00,01
Shipping_Economic_Loss,11_00_00_01,Wp,average,20,1837.51,0.77,11,00,00,01
Shipping_Economic_Loss,11_00_00_01,Wp,average,60,3047.73,0.43,11,00,00,01
Shipping_Economic_Loss,11_00_00_01,Wp,average,100,4699.76,0.34,11,00,00,01
Shipping_Economic_Loss,11_00_00_02,D,average,20,1926.9,0.87,11,00,00,02
Shipping_Economic_Loss,11_00_00_02,D,average,60,4824.98,0.86,11,00,00,02
Shipping_Economic_Loss,11_00_00_02,D,average,100,7691.2,0.85,11,00,00,02
Shipping_Economic_Loss,11_00_00_02,D&G,average,20,1914.93,0.87,11,00,00,02
Shipping_Economic_Loss,11_00_00_02,D&G,average,60,4724.57,0.86,11,00,00,02
Shipping_Economic_Loss,11_00_00_02,D&G,average,100,7417.86,0.85,11,00,00,02
Shipping_Economic_Loss,11_00_00_02,D&G&Wp,average,20,1954.32,0.86,11,00,00,02
Shipping_Economic_Loss,11_00_00_02,D&G&Wp,average,60,4621.04,0.76,11,00,00,02
Shipping_Economic_Loss,11_00_00_02,D&G&Wp,average,100,6967.24,0.67,11,00,00,02
Shipping_Economic_Loss,11_00_00_02,D&Wp,average,20,1979.99,0.86,11,00,00,02
Shipping_Economic_Loss,11_00_00_02,D&Wp,average,60,4619.48,0.72,11,00,00,02
Shipping_Economic_Loss,11_00_00_02,D&Wp,average,100,6878.6,0.6,11,00,00,02
Shipping_Economic_Loss,11_00_00_02,G,average,20,1902.97,0.87,11,00,00,02
Shipping_Economic_Loss,11_00_00_02,G,average,60,4624.16,0.86,11,00,00,02
Shipping_Economic_Loss,11_00_00_02,G,average,100,7144.53,0.85,11,00,00,02
Shipping_Economic_Loss,11_00_00_02,G&Wp,average,20,1968.03,0.86,11,00,00,02
Shipping_Economic_Loss,11_00_00_02,G&Wp,average,60,4519.07,0.72,11,00,00,02
Shipping_Economic_Loss,11_00_00_02,G&Wp,average,100,6605.27,0.6,11,00,00,02
Shipping_Economic_Loss,11_00_00_02,Wp,average,20,2033.08,0.86,11,00,00,02
Shipping_Economic_Loss,11_00_00_02,Wp,average,60,4413.98,0.62,11,00,00,02
Shipping_Economic_Loss,11_00_00_02,Wp,average,100,6066.01,0.44,11,00,00,02
Shipping_Economic_Loss,11_00_00_04,D,average,20,1306.08,0.59,11,00,00,04
Shipping_Economic_Loss,11_00_00_04,D,average,60,4493.36,0.8,11,00,00,04
Shipping_Economic_Loss,11_00_00_04,D,average,100,7556.52,0.84,11,00,00,04
Shipping_Economic_Loss,11_00_00_04,D&G,average,20,1296.73,0.59,11,00,00,04
Shipping_Economic_Loss,11_00_00_04,D&G,average,60,4442.93,0.81,11,00,00,04
Shipping_Economic_Loss,11_00_00_04,D&G,average,100,7365.52,0.85,11,00,00,04
Shipping_Economic_Loss,11_00_00_04,D&G&Wp,average,20,1319.21,0.58,11,00,00,04
Shipping_Economic_Loss,11_00_00_04,D&G&Wp,average,60,4303.53,0.71,11,00,00,04
Shipping_Economic_Loss,11_00_00_04,D&G&Wp,average,100,6802.6,0.65,11,00,00,04
Shipping_Economic_Loss,11_00_00_04,D&Wp,average,20,1335.13,0.58,11,00,00,04
Shipping_Economic_Loss,11_00_00_04,D&Wp,average,60,4259.05,0.67,11,00,00,04
Shipping_Economic_Loss,11_00_00_04,D&Wp,average,100,6616.64,0.58,11,00,00,04
Shipping_Economic_Loss,11_00_00_04,G,average,20,1287.38,0.59,11,00,00,04
Shipping_Economic_Loss,11_00_00_04,G,average,60,4392.5,0.81,11,00,00,04
Shipping_Economic_Loss,11_00_00_04,G,average,100,7174.5,0.86,11,00,00,04
Shipping_Economic_Loss,11_00_00_04,G&Wp,average,20,1325.78,0.58,11,00,00,04
Shipping_Economic_Loss,11_00_00_04,G&Wp,average,60,4208.62,0.67,11,00,00,04
Shipping_Economic_Loss,11_00_00_04,G&Wp,average,100,6425.63,0.58,11,00,00,04
Shipping_Economic_Loss,11_00_00_04,Wp,average,20,1364.18,0.57,11,00,00,04
Shipping_Economic_Loss,11_00_00_04,Wp,average,60,4024.74,0.56,11,00,00,04
Shipping_Economic_Loss,11_00_00_04,Wp,average,100,5676.76,0.41,11,00,00,04
Shipping_Economic_Loss,11_00_00_05,D,average,20,1306.08,0.59,11,00,00,05
Shipping_Economic_Loss,11_00_00_05,D,average,60,3482.72,0.62,11,00,00,05
Shipping_Economic_Loss,11_00_00_05,D,average,100,5144.8,0.57,11,00,00,05
Shipping_Economic_Loss,11_00_00_05,D&G,average,20,1296.73,0.59,11,00,00,05
Shipping_Economic_Loss,11_00_00_05,D&G,average,60,3715.96,0.67,11,00,00,05
Shipping_Economic_Loss,11_00_00_05,D&G,average,100,5516.85,0.64,11,00,00,05
Shipping_Economic_Loss,11_00_00_05,D&G&Wp,average,20,1319.21,0.58,11,00,00,05
Shipping_Economic_Loss,11_00_00_05,D&G&Wp,average,60,3555.44,0.59,11,00,00,05
Shipping_Economic_Loss,11_00_00_05,D&G&Wp,average,100,5403.88,0.52,11,00,00,05
Shipping_Economic_Loss,11_00_00_05,D&Wp,average,20,1335.13,0.58,11,00,00,05
Shipping_Economic_Loss,11_00_00_05,D&Wp,average,60,3358.56,0.53,11,00,00,05
Shipping_Economic_Loss,11_00_00_05,D&Wp,average,100,5161.38,0.45,11,00,00,05
Shipping_Economic_Loss,11_00_00_05,G,average,20,1287.38,0.59,11,00,00,05
Shipping_Economic_Loss,11_00_00_05,G,average,60,3949.2,0.73,11,00,00,05
Shipping_Economic_Loss,11_00_00_05,G,average,100,5888.89,0.7,11,00,00,05
Shipping_Economic_Loss,11_00_00_05,G&Wp,average,20,1325.78,0.58,11,00,00,05
Shipping_Economic_Loss,11_00_00_05,G&Wp,average,60,3591.8,0.57,11,00,00,05
Shipping_Economic_Loss,11_00_00_05,G&Wp,average,100,5533.42,0.5,11,00,00,05
Shipping_Economic_Loss,11_00_00_05,Wp,average,20,1364.18,0.57,11,00,00,05
Shipping_Economic_Loss,11_00_00_05,Wp,average,60,3234.39,0.45,11,00,00,05
Shipping_Economic_Loss,11_00_00_05,Wp,average,100,5177.96,0.37,11,00,00,05
Shipping_Economic_Loss,11_00_00_07,D,average,20,1036.01,0.47,11,00,00,07
Shipping_Economic_Loss,11_00_00_07,D,average,60,1609.45,0.29,11,00,00,07
Shipping_Economic_Loss,11_00_00_07,D,average,100,2166.27,0.24,11,00,00,07
Shipping_Economic_Loss,11_00_00_07,D&G,average,20,1030.59,0.47,11,00,00,07
Shipping_Economic_Loss,11_00_00_07,D&G,average,60,1575.1,0.29,11,00,00,07
Shipping_Economic_Loss,11_00_00_07,D&G,average,100,2078.93,0.24,11,00,00,07
Shipping_Economic_Loss,11_00_00_07,D&G&Wp,average,20,1042.01,0.46,11,00,00,07
Shipping_Economic_Loss,11_00_00_07,D&G&Wp,average,60,1764.93,0.29,11,00,00,07
Shipping_Economic_Loss,11_00_00_07,D&G&Wp,average,100,2748.67,0.26,11,00,00,07
Shipping_Economic_Loss,11_00_00_07,D&Wp,average,20,1050.42,0.46,11,00,00,07
Shipping_Economic_Loss,11_00_00_07,D&Wp,average,60,1877.01,0.29,11,00,00,07
Shipping_Economic_Loss,11_00_00_07,D&Wp,average,100,3127.2,0.27,11,00,00,07
Shipping_Economic_Loss,11_00_00_07,G,average,20,1025.17,0.47,11,00,00,07
Shipping_Economic_Loss,11_00_00_07,G,average,60,1540.76,0.29,11,00,00,07
Shipping_Economic_Loss,11_00_00_07,G,average,100,1991.6,0.24,11,00,00,07
Shipping_Economic_Loss,11_00_00_07,G&Wp,average,20,1045.0,0.46,11,00,00,07
Shipping_Economic_Loss,11_00_00_07,G&Wp,average,60,1842.66,0.29,11,00,00,07
Shipping_Economic_Loss,11_00_00_07,G&Wp,average,100,3039.86,0.27,11,00,00,07
Shipping_Economic_Loss,11_00_00_07,Wp,average,20,1064.84,0.45,11,00,00,07
Shipping_Economic_Loss,11_00_00_07,Wp,average,60,2144.57,0.3,11,00,00,07
Shipping_Economic_Loss,11_00_00_07,Wp,average,100,4088.13,0.3,11,00,00,07
Shipping_Economic_Loss,11_00_00_08,D,average,20,1036.01,0.47,11,00,00,08
Shipping_Economic_Loss,11_00_00_08,D,average,60,1609.45,0.29,11,00,00,08
Shipping_Economic_Loss,11_00_00_08,D,average,100,2166.27,0.24,11,00,00,08
Shipping_Economic_Loss,11_00_00_08,D&G,average,20,1030.59,0.47,11,00,00,08
Shipping_Economic_Loss,11_00_00_08,D&G,average,60,1575.1,0.29,11,00,00,08
Shipping_Economic_Loss,11_00_00_08,D&G,average,100,2078.93,0.24,11,00,00,08
Shipping_Economic_Loss,11_00_00_08,D&G&Wp,average,20,1042.01,0.46,11,00,00,08
Shipping_Economic_Loss,11_00_00_08,D&G&Wp,average,60,1764.93,0.29,11,00,00,08
Shipping_Economic_Loss,11_00_00_08,D&G&Wp,average,100,2748.67,0.26,11,00,00,08
Shipping_Economic_Loss,11_00_00_08,D&Wp,average,20,1050.42,0.46,11,00,00,08
Shipping_Economic_Loss,11_00_00_08,D&Wp,average,60,1877.01,0.29,11,00,00,08
Shipping_Economic_Loss,11_00_00_08,D&Wp,average,100,3127.2,0.27,11,00,00,08
Shipping_Economic_Loss,11_00_00_08,G,average,20,1025.17,0.47,11,00,00,08
Shipping_Economic_Loss,11_00_00_08,G,average,60,1540.76,0.29,11,00,00,08
Shipping_Economic_Loss,11_00_00_08,G,average,100,1991.6,0.24,11,00,00,08
Shipping_Economic_Loss,11_00_00_08,G&Wp,average,20,1045.0,0.46,11,00,00,08
Shipping_Economic_Loss,11_00_00_08,G&Wp,average,60,1842.66,0.29,11,00,00,08
Shipping_Economic_Loss,11_00_00_08,G&Wp,average,100,3039.86,0.27,11,00,00,08
Shipping_Economic_Loss,11_00_00_08,Wp,average,20,1064.84,0.45,11,00,00,08
Shipping_Economic_Loss,11_00_00_08,Wp,average,60,2144.57,0.3,11,00,00,08
Shipping_Economic_Loss,11_00_00_08,Wp,average,100,4088.13,0.3,11,00,00,08
Shipping_Economic_Loss,11_00_00_09,D,average,20,1036.01,0.47,11,00,00,09
Shipping_Economic_Loss,11_00_00_09,D,average,60,1609.45,0.29,11,00,00,09
Shipping_Economic_Loss,11_00_00_09,D,average,100,2166.27,0.24,11,00,00,09
Shipping_Economic_Loss,11_00_00_09,D&G,average,20,1030.59,0.47,11,00,00,09
Shipping_Economic_Loss,11_00_00_09,D&G,average,60,1575.1,0.29,11,00,00,09
Shipping_Economic_Loss,11_00_00_09,D&G,average,100,2078.93,0.24,11,00,00,09
Shipping_Economic_Loss,11_00_00_09,D&G&Wp,average,20,1042.01,0.46,11,00,00,09
Shipping_Economic_Loss,11_00_00_09,D&G&Wp,average,60,1764.93,0.29,11,00,00,09
Shipping_Economic_Loss,11_00_00_09,D&G&Wp,average,100,2748.67,0.26,11,00,00,09
Shipping_Economic_Loss,11_00_00_09,D&Wp,average,20,1050.42,0.46,11,00,00,09
Shipping_Economic_Loss,11_00_00_09,D&Wp,average,60,1877.01,0.29,11,00,00,09
Shipping_Economic_Loss,11_00_00_09,D&Wp,average,100,3127.2,0.27,11,00,00,09
Shipping_Economic_Loss,11_00_00_09,G,average,20,1025.17,0.47,11,00,00,09
Shipping_Economic_Loss,11_00_00_09,G,average,60,1540.76,0.29,11,00,00,09
Shipping_Economic_Loss,11_00_00_09,G,average,100,1991.6,0.24,11,00,00,09
Shipping_Economic_Loss,11_00_00_09,G&Wp,average,20,1045.0,0.46,11,00,00,09
Shipping_Economic_Loss,11_00_00_09,G&Wp,average,60,1842.66,0.29,11,00,00,09
Shipping_Economic_Loss,11_00_00_09,G&Wp,average,100,3039.86,0.27,11,00,00,09
Shipping_Economic_Loss,11_00_00_09,Wp,average,20,1064.84,0.45,11,00,00,09
Shipping_Economic_Loss,11_00_00_09,Wp,average,60,2144.57,0.3,11,00,00,09
Shipping_Economic_Loss,11_00_00_09,Wp,average,100,4088.13,0.3,11,00,00,09
Shipping_Economic_Loss,13_00_00_00,D,average,20,2222.52,1.0,13,00,00,00
Shipping_Economic_Loss,13_00_00_00,D,average,60,5632.03,1.0,13,00,00,00
Shipping_Economic_Loss,13_00_00_00,D,average,100,9004.04,1.0,13,00,00,00
Shipping_Economic_Loss,13_00_00_00,D&G,average,20,2207.73,1.0,13,00,00,00
Shipping_Economic_Loss,13_00_00_00,D&G,average,60,5513.18,1.0,13,00,00,00
Shipping_Economic_Loss,13_00_00_00,D&G,average,100,8681.76,1.0,13,00,00,00
Shipping_Economic_Loss,13_00_00_00,D&G&Wp,average,20,2262.94,1.0,13,00,00,00
Shipping_Economic_Loss,13_00_00_00,D&G&Wp,average,60,6051.53,1.0,13,00,00,00
Shipping_Economic_Loss,13_00_00_00,D&G&Wp,average,100,10394.12,1.0,13,00,00,00
Shipping_Economic_Loss,13_00_00_00,D&Wp,average,20,2297.93,1.0,13,00,00,00
Shipping_Economic_Loss,13_00_00_00,D&Wp,average,60,6380.12,1.0,13,00,00,00
Shipping_Economic_Loss,13_00_00_00,D&Wp,average,100,11411.45,1.0,13,00,00,00
Shipping_Economic_Loss,13_00_00_00,G,average,20,2192.94,1.0,13,00,00,00
Shipping_Economic_Loss,13_00_00_00,G,average,60,5394.34,1.0,13,00,00,00
Shipping_Economic_Loss,13_00_00_00,G,average,100,8359.48,1.0,13,00,00,00
Shipping_Economic_Loss,13_00_00_00,G&Wp,average,20,2283.14,1.0,13,00,00,00
Shipping_Economic_Loss,13_00_00_00,G&Wp,average,60,6261.28,1.0,13,00,00,00
Shipping_Economic_Loss,13_00_00_00,G&Wp,average,100,11089.17,1.0,13,00,00,00
Shipping_Economic_Loss,13_00_00_00,Wp,average,20,2373.34,1.0,13,00,00,00
Shipping_Economic_Loss,13_00_00_00,Wp,average,60,7128.22,1.0,13,00,00,00
Shipping_Economic_Loss,13_00_00_00,Wp,average,100,13818.86,1.0,13,00,00,00
Shipping_Economic_Loss,13_00_00_01,D,average,20,1778.37,0.8,13,00,00,01
Shipping_Economic_Loss,13_00_00_01,D,average,60,3251.66,0.58,13,00,00,01
Shipping_Economic_Loss,13_00_00_01,D,average,100,4695.4,0.52,13,00,00,01
Shipping_Economic_Loss,13_00_00_01,D&G,average,20,1768.37,0.8,13,00,00,01
Shipping_Economic_Loss,13_00_00_01,D&G,average,60,3196.54,0.58,13,00,00,01
Shipping_Economic_Loss,13_00_00_01,D&G,average,100,4544.17,0.52,13,00,00,01
Shipping_Economic_Loss,13_00_00_01,D&G&Wp,average,20,1791.42,0.79,13,00,00,01
Shipping_Economic_Loss,13_00_00_01,D&G&Wp,average,60,3146.94,0.52,13,00,00,01
Shipping_Economic_Loss,13_00_00_01,D&G&Wp,average,100,4596.03,0.44,13,00,00,01
Shipping_Economic_Loss,13_00_00_01,D&Wp,average,20,1807.94,0.79,13,00,00,01
Shipping_Economic_Loss,13_00_00_01,D&Wp,average,60,3149.69,0.49,13,00,00,01
Shipping_Economic_Loss,13_00_00_01,D&Wp,average,100,4697.58,0.41,13,00,00,01
Shipping_Economic_Loss,13_00_00_01,G,average,20,1758.38,0.8,13,00,00,01
Shipping_Economic_Loss,13_00_00_01,G,average,60,3141.42,0.58,13,00,00,01
Shipping_Economic_Loss,13_00_00_01,G,average,100,4392.94,0.53,13,00,00,01
Shipping_Economic_Loss,13_00_00_01,G&Wp,average,20,1797.94,0.79,13,00,00,01
Shipping_Economic_Loss,13_00_00_01,G&Wp,average,60,3094.58,0.49,13,00,00,01
Shipping_Economic_Loss,13_00_00_01,G&Wp,average,100,4546.35,0.41,13,00,00,01
Shipping_Economic_Loss,13_00_00_01,Wp,average,20,1837.51,0.77,13,00,00,01
Shipping_Economic_Loss,13_00_00_01,Wp,average,60,3047.73,0.43,13,00,00,01
Shipping_Economic_Loss,13_00_00_01,Wp,average,100,4699.76,0.34,13,00,00,01
Shipping_Economic_Loss,13_00_00_02,D,average,20,1926.9,0.87,13,00,00,02
Shipping_Economic_Loss,13_00_00_02,D,average,60,4824.98,0.86,13,00,00,02
Shipping_Economic_Loss,13_00_00_02,D,average,100,7691.2,0.85,13,00,00,02
Shipping_Economic_Loss,13_00_00_02,D&G,average,20,1914.93,0.87,13,00,00,02
Shipping_Economic_Loss,13_00_00_02,D&G,average,60,4724.57,0.86,13,00,00,02
Shipping_Economic_Loss,13_00_00_02,D&G,average,100,7417.86,0.85,13,00,00,02
Shipping_Economic_Loss,13_00_00_02,D&G&Wp,average,20,1954.32,0.86,13,00,00,02
Shipping_Economic_Loss,13_00_00_02,D&G&Wp,average,60,4621.04,0.76,13,00,00,02
Shipping_Economic_Loss,13_00_00_02,D&G&Wp,average,100,6967.24,0.67,13,00,00,02
Shipping_Economic_Loss,13_00_00_02,D&Wp,average,20,1979.99,0.86,13,00,00,02
Shipping_Economic_Loss,13_00_00_02,D&Wp,average,60,4619.48,0.72,13,00,00,02
Shipping_Economic_Loss,13_00_00_02,D&Wp,average,100,6878.6,0.6,13,00,00,02
Shipping_Economic_Loss,13_00_00_02,G,average,20,1902.97,0.87,13,00,00,02
Shipping_Economic_Loss,13_00_00_02,G,average,60,4624.16,0.86,13,00,00,02
Shipping_Economic_Loss,13_00_00_02,G,average,100,7144.53,0.85,13,00,00,02
Shipping_Economic_Loss,13_00_00_02,G&Wp,average,20,1968.03,0.86,13,00,00,02
Shipping_Economic_Loss,13_00_00_02,G&Wp,average,60,4519.07,0.72,13,00,00,02
Shipping_Economic_Loss,13_00_00_02,G&Wp,average,100,6605.27,0.6,13,00,00,02
Shipping_Economic_Loss,13_00_00_02,Wp,average,20,2033.08,0.86,13,00,00,02
Shipping_Economic_Loss,13_00_00_02,Wp,average,60,4413.98,0.62,13,00,00,02
Shipping_Economic_Loss,13_00_00_02,Wp,average,100,6066.01,0.44,13,00,00,02
Shipping_Economic_Loss,13_00_00_04,D,average,20,1306.08,0.59,13,00,00,04
Shipping_Economic_Loss,13_00_00_04,D,average,60,4493.36,0.8,13,00,00,04
Shipping_Economic_Loss,13_00_00_04,D,average,100,7556.52,0.84,13,00,00,04
Shipping_Economic_Loss,13_00_00_04,D&G,average,20,1296.73,0.59,13,00,00,04
Shipping_Economic_Loss,13_00_00_04,D&G,average,60,4442.93,0.81,13,00,00,04
Shipping_Economic_Loss,13_00_00_04,D&G,average,100,7365.52,0.85,13,00,00,04
Shipping_Economic_Loss,13_00_00_04,D&G&Wp,average,20,1319.21,0.58,13,00,00,04
Shipping_Economic_Loss,13_00_00_04,D&G&Wp,average,60,4303.53,0.71,13,00,00,04
Shipping_Economic_Loss,13_00_00_04,D&G&Wp,average,100,6802.6,0.65,13,00,00,04
Shipping_Economic_Loss,13_00_00_04,D&Wp,average,20,1335.13,0.58,13,00,00,04
Shipping_Economic_Loss,13_00_00_04,D&Wp,average,60,4259.05,0.67,13,00,00,04
Shipping_Economic_Loss,13_00_00_04,D&Wp,average,100,6616.64,0.58,13,00,00,04
Shipping_Economic_Loss,13_00_00_04,G,average,20,1287.38,0.59,13,00,00,04
Shipping_Economic_Loss,13_00_00_04,G,average,60,4392.5,0.81,13,00,00,04
Shipping_Economic_Loss,13_00_00_04,G,average,100,7174.5,0.86,13,00,00,04
Shipping_Economic_Loss,13_00_00_04,G&Wp,average,20,1325.78,0.58,13,00,00,04
Shipping_Economic_Loss,13_00_00_04,G&Wp,average,60,4208.62,0.67,13,00,00,04
Shipping_Economic_Loss,13_00_00_04,G&Wp,average,100,6425.63,0.58,13,00,00,04
Shipping_Economic_Loss,13_00_00_04,Wp,average,20,1364.18,0.57,13,00,00,04
Shipping_Economic_Loss,13_00_00_04,Wp,average,60,4024.74,0.56,13,00,00,04
Shipping_Economic_Loss,13_00_00_04,Wp,average,100,5676.76,0.41,13,00,00,04
Shipping_Economic_Loss,13_00_00_05,D,average,20,1306.08,0.59,13,00,00,05
Shipping_Economic_Loss,13_00_00_05,D,average,60,3482.72,0.62,13,00,00,05
Shipping_Economic_Loss,13_00_00_05,D,average,100,5144.8,0.57,13,00,00,05
Shipping_Economic_Loss,13_00_00_05,D&G,average,20,1296.73,0.59,13,00,00,05
Shipping_Economic_Loss,13_00_00_05,D&G,average,60,3715.96,0.67,13,00,00,05
Shipping_Economic_Loss,13_00_00_05,D&G,average,100,5516.85,0.64,13,00,00,05
Shipping_Economic_Loss,13_00_00_05,D&G&Wp,average,20,1319.21,0.58,13,00,00,05
Shipping_Economic_Loss,13_00_00_05,D&G&Wp,average,60,3555.44,0.59,13,00,00,05
Shipping_Economic_Loss,13_00_00_05,D&G&Wp,average,100,5403.88,0.52,13,00,00,05
Shipping_Economic_Loss,13_00_00_05,D&Wp,average,20,1335.13,0.58,13,00,00,05
Shipping_Economic_Loss,13_00_00_05,D&Wp,average,60,3358.56,0.53,13,00,00,05
Shipping_Economic_Loss,13_00_00_05,D&Wp,average,100,5161.38,0.45,13,00,00,05
Shipping_Economic_Loss,13_00_00_05,G,average,20,1287.38,0.59,13,00,00,05
Shipping_Economic_Loss,13_00_00_05,G,average,60,3949.2,0.73,13,00,00,05
Shipping_Economic_Loss,13_00_00_05,G,average,100,5888.89,0.7,13,00,00,05
Shipping_Economic_Loss,13_00_00_05,G&Wp,average,20,1325.78,0.58,13,00,00,05
Shipping_Economic_Loss,13_00_00_05,G&Wp,average,60,3591.8,0.57,13,00,00,05
Shipping_Economic_Loss,13_00_00_05,G&Wp,average,100,5533.42,0.5,13,00,00,05
Shipping_Economic_Loss,13_00_00_05,Wp,average,20,1364.18,0.57,13,00,00,05
Shipping_Economic_Loss,13_00_00_05,Wp,average,60,3234.39,0.45,13,00,00,05
Shipping_Economic_Loss,13_00_00_05,Wp,average,100,5177.96,0.37,13,00,00,05
Shipping_Economic_Loss,13_00_00_07,D,average,20,1036.01,0.47,13,00,00,07
Shipping_Economic_Loss,13_00_00_07,D,average,60,1609.45,0.29,13,00,00,07
Shipping_Economic_Loss,13_00_00_07,D,average,100,2166.27,0.24,13,00,00,07
Shipping_Economic_Loss,13_00_00_07,D&G,average,20,1030.59,0.47,13,00,00,07
Shipping_Economic_Loss,13_00_00_07,D&G,average,60,1575.1,0.29,13,00,00,07
Shipping_Economic_Loss,13_00_00_07,D&G,average,100,2078.93,0.24,13,00,00,07
Shipping_Economic_Loss,13_00_00_07,D&G&Wp,average,20,1042.01,0.46,13,00,00,07
Shipping_Economic_Loss,13_00_00_07,D&G&Wp,average,60,1764.93,0.29,13,00,00,07
Shipping_Economic_Loss,13_00_00_07,D&G&Wp,average,100,2748.67,0.26,13,00,00,07
Shipping_Economic_Loss,13_00_00_07,D&Wp,average,20,1050.42,0.46,13,00,00,07
Shipping_Economic_Loss,13_00_00_07,D&Wp,average,60,1877.01,0.29,13,00,00,07
Shipping_Economic_Loss,13_00_00_07,D&Wp,average,100,3127.2,0.27,13,00,00,07
Shipping_Economic_Loss,13_00_00_07,G,average,20,1025.17,0.47,13,00,00,07
Shipping_Economic_Loss,13_00_00_07,G,average,60,1540.76,0.29,13,00,00,07
Shipping_Economic_Loss,13_00_00_07,G,average,100,1991.6,0.24,13,00,00,07
Shipping_Economic_Loss,13_00_00_07,G&Wp,average,20,1045.0,0.46,13,00,00,07
Shipping_Economic_Loss,13_00_00_07,G&Wp,average,60,1842.66,0.29,13,00,00,07
Shipping_Economic_Loss,13_00_00_07,G&Wp,average,100,3039.86,0.27,13,00,00,07
Shipping_Economic_Loss,13_00_00_07,Wp,average,20,1064.84,0.45,13,00,00,07
Shipping_Economic_Loss,13_00_00_07,Wp,average,60,2144.57,0.3,13,00,00,07
Shipping_Economic_Loss,13_00_00_07,Wp,average,100,4088.13,0.3,13,00,00,07
Shipping_Economic_Loss,13_00_00_08,D,average,20,1036.01,0.47,13,00,00,08
Shipping_Economic_Loss,13_00_00_08,D,average,60,1609.45,0.29,13,00,00,08
Shipping_Economic_Loss,13_00_00_08,D,average,100,2166.27,0.24,13,00,00,08
Shipping_Economic_Loss,13_00_00_08,D&G,average,20,1030.59,0.47,13,00,00,08
Shipping_Economic_Loss,13_00_00_08,D&G,average,60,1575.1,0.29,13,00,00,08
Shipping_Economic_Loss,13_00_00_08,D&G,average,100,2078.93,0.24,13,00,00,08
Shipping_Economic_Loss,13_00_00_08,D&G&Wp,average,20,1042.01,0.46,13,00,00,08
Shipping_Economic_Loss,13_00_00_08,D&G&Wp,average,60,1764.93,0.29,13,00,00,08
Shipping_Economic_Loss,13_00_00_08,D&G&Wp,average,100,2748.67,0.26,13,00,00,08
Shipping_Economic_Loss,13_00_00_08,D&Wp,average,20,1050.42,0.46,13,00,00,08
Shipping_Economic_Loss,13_00_00_08,D&Wp,average,60,1877.01,0.29,13,00,00,08
Shipping_Economic_Loss,13_00_00_08,D&Wp,average,100,3127.2,0.27,13,00,00,08
Shipping_Economic_Loss,13_00_00_08,G,average,20,1025.17,0.47,13,00,00,08
Shipping_Economic_Loss,13_00_00_08,G,average,60,1540.76,0.29,13,00,00,08
Shipping_Economic_Loss,13_00_00_08,G,average,100,1991.6,0.24,13,00,00,08
Shipping_Economic_Loss,13_00_00_08,G&Wp,average,20,1045.0,0.46,13,00,00,08
Shipping_Economic_Loss,13_00_00_08,G&Wp,average,60,1842.66,0.29,13,00,00,08
Shipping_Economic_Loss,13_00_00_08,G&Wp,average,100,3039.86,0.27,13,00,00,08
Shipping_Economic_Loss,13_00_00_08,Wp,average,20,1064.84,0.45,13,00,00,08
Shipping_Economic_Loss,13_00_00_08,Wp,average,60,2144.57,0.3,13,00,00,08
Shipping_Economic_Loss,13_00_00_08,Wp,average,100,4088.13,0.3,13,00,00,08
Shipping_Economic_Loss,13_00_00_09,D,average,20,1036.01,0.47,13,00,00,09
Shipping_Economic_Loss,13_00_00_09,D,average,60,1609.45,0.29,13,00,00,09
Shipping_Economic_Loss,13_00_00_09,D,average,100,2166.27,0.24,13,00,00,09
Shipping_Economic_Loss,13_00_00_09,D&G,average,20,1030.59,0.47,13,00,00,09
Shipping_Economic_Loss,13_00_00_09,D&G,average,60,1575.1,0.29,13,00,00,09
Shipping_Economic_Loss,13_00_00_09,D&G,average,100,2078.93,0.24,13,00,00,09
Shipping_Economic_Loss,13_00_00_09,D&G&Wp,average,20,1042.01,0.46,13,00,00,09
Shipping_Economic_Loss,13_00_00_09,D&G&Wp,average,60,1764.93,0.29,13,00,00,09
Shipping_Economic_Loss,13_00_00_09,D&G&Wp,average,100,2748.67,0.26,13,00,00,09
Shipping_Economic_Loss,13_00_00_09,D&Wp,average,20,1050.42,0.46,13,00,00,09
Shipping_Economic_Loss,13_00_00_09,D&Wp,average,60,1877.01,0.29,13,00,00,09
Shipping_Economic_Loss,13_00_00_09,D&Wp,average,100,3127.2,0.27,13,00,00,09
Shipping_Economic_Loss,13_00_00_09,G,average,20,1025.17,0.47,13,00,00,09
Shipping_Economic_Loss,13_00_00_09,G,average,60,1540.76,0.29,13,00,00,09
Shipping_Economic_Loss,13_00_00_09,G,average,100,1991.6,0.24,13,00,00,09
Shipping_Economic_Loss,13_00_00_09,G&Wp,average,20,1045.0,0.46,13,00,00,09
Shipping_Economic_Loss,13_00_00_09,G&Wp,average,60,1842.66,0.29,13,00,00,09
Shipping_Economic_Loss,13_00_00_09,G&Wp,average,100,3039.86,0.27,13,00,00,09
Shipping_Economic_Loss,13_00_00_09,Wp,average,20,1064.84,0.45,13,00,00,09
Shipping_Economic_Loss,13_00_00_09,Wp,average,60,2144.57,0.3,13,00,00,09
Shipping_Economic_Loss,13_00_00_09,Wp,average,100,4088.13,0.3,13,00,00,09
Shipping_Measure_Costs,00_00_00_00,D,average,20,0.0,0.0,00,00,00,00
Shipping_Measure_Costs,00_00_00_00,D,average,60,0.0,0.0,00,00,00,00
Shipping_Measure_Costs,00_00_00_00,D,average,100,0.0,0.0,00,00,00,00
Shipping_Measure_Costs,00_00_00_00,D&G,average,20,0.0,0.0,00,00,00,00
Shipping_Measure_Costs,00_00_00_00,D&G,average,60,0.0,0.0,00,00,00,00
Shipping_Measure_Costs,00_00_00_00,D&G,average,100,0.0,0.0,00,00,00,00
Shipping_Measure_Costs,00_00_00_00,D&G&Wp,average,20,0.0,0.0,00,00,00,00
Shipping_Measure_Costs,00_00_00_00,D&G&Wp,average,60,0.0,0.0,00,00,00,00
Shipping_Measure_Costs,00_00_00_00,D&G&Wp,average,100,0.0,0.0,00,00,00,00
Shipping_Measure_Costs,00_00_00_00,D&Wp,average,20,0.0,0.0,00,00,00,00
Shipping_Measure_Costs,00_00_00_00,D&Wp,average,60,0.0,0.0,00,00,00,00
Shipping_Measure_Costs,00_00_00_00,D&Wp,average,100,0.0,0.0,00,00,00,00
Shipping_Measure_Costs,00_00_00_00,G,average,20,0.0,0.0,00,00,00,00
Shipping_Measure_Costs,00_00_00_00,G,average,60,0.0,0.0,00,00,00,00
Shipping_Measure_Costs,00_00_00_00,G,average,100,0.0,0.0,00,00,00,00
Shipping_Measure_Costs,00_00_00_00,G&Wp,average,20,0.0,0.0,00,00,00,00
Shipping_Measure_Costs,00_00_00_00,G&Wp,average,60,0.0,0.0,00,00,00,00
Shipping_Measure_Costs,00_00_00_00,G&Wp,average,100,0.0,0.0,00,00,00,00
Shipping_Measure_Costs,00_00_00_00,Wp,average,20,0.0,0.0,00,00,00,00
Shipping_Measure_Costs,00_00_00_00,Wp,average,60,0.0,0.0,00,00,00,00
Shipping_Measure_Costs,00_00_00_00,Wp,average,100,0.0,0.0,00,00,00,00
Shipping_Measure_Costs,00_00_00_01,D,average,20,545.88,0.42,00,00,00,01
Shipping_Measure_Costs,00_00_00_01,D,average,60,1088.6,0.51,00,00,00,01
Shipping_Measure_Costs,00_00_00_01,D,average,100,1545.95,0.47,00,00,00,01
Shipping_Measure_Costs,00_00_00_01,D&G,average,20,545.88,0.42,00,00,00,01
Shipping_Measure_Costs,00_00_00_01,D&G,average,60,1087.67,0.51,00,00,00,01
Shipping_Measure_Costs,00_00_00_01,D&G,average,100,1545.02,0.47,00,00,00,01
Shipping_Measure_Costs,00_00_00_01,D&G&Wp,average,20,580.57,0.45,00,00,00,01
Shipping_Measure_Costs,00_00_00_01,D&G&Wp,average,60,1293.39,0.6,00,00,00,01
Shipping_Measure_Costs,00_00_00_01,D&G&Wp,average,100,1849.71,0.56,00,00,00,01
Shipping_Measure_Costs,00_00_00_01,D&Wp,average,20,597.91,0.46,00,00,00,01
Shipping_Measure_Costs,00_00_00_01,D&Wp,average,60,1396.71,0.65,00,00,00,01
Shipping_Measure_Costs,00_00_00_01,D&Wp,average,100,2002.52,0.61,00,00,00,01
Shipping_Measure_Costs,00_00_00_01,G,average,20,545.88,0.42,00,00,00,01
Shipping_Measure_Costs,00_00_00_01,G,average,60,1086.74,0.51,00,00,00,01
Shipping_Measure_Costs,00_00_00_01,G,average,100,1544.1,0.47,00,00,00,01
Shipping_Measure_Costs,00_00_00_01,G&Wp,average,20,597.91,0.46,00,00,00,01
Shipping_Measure_Costs,00_00_00_01,G&Wp,average,60,1395.78,0.65,00,00,00,01
Shipping_Measure_Costs,00_00_00_01,G&Wp,average,100,2001.59,0.61,00,00,00,01
Shipping_Measure_Costs,00_00_00_01,Wp,average,20,649.95,0.5,00,00,00,01
Shipping_Measure_Costs,00_00_00_01,Wp,average,60,1704.82,0.79,00,00,00,01
Shipping_Measure_Costs,00_00_00_01,Wp,average,100,2459.08,0.75,00,00,00,01
Shipping_Measure_Costs,00_00_00_02,D,average,20,16.22,0.01,00,00,00,02
Shipping_Measure_Costs,00_00_00_02,D,average,60,87.69,0.04,00,00,00,02
Shipping_Measure_Costs,00_00_00_02,D,average,100,160.17,0.05,00,00,00,02
Shipping_Measure_Costs,00_00_00_02,D&G,average,20,16.22,0.01,00,00,00,02
Shipping_Measure_Costs,00_00_00_02,D&G,average,60,87.57,0.04,00,00,00,02
Shipping_Measure_Costs,00_00_00_02,D&G,average,100,160.05,0.05,00,00,00,02
Shipping_Measure_Costs,00_00_00_02,D&G&Wp,average,20,16.78,0.01,00,00,00,02
Shipping_Measure_Costs,00_00_00_02,D&G&Wp,average,60,537.3,0.25,00,00,00,02
Shipping_Measure_Costs,00_00_00_02,D&G&Wp,average,100,870.64,0.26,00,00,00,02
Shipping_Measure_Costs,00_00_00_02,D&Wp,average,20,17.05,0.01,00,00,00,02
Shipping_Measure_Costs,00_00_00_02,D&Wp,average,60,762.23,0.35,00,00,00,02
Shipping_Measure_Costs,00_00_00_02,D&Wp,average,100,1226.0,0.37,00,00,00,02
Shipping_Measure_Costs,00_00_00_02,G,average,20,16.22,0.01,00,00,00,02
Shipping_Measure_Costs,00_00_00_02,G,average,60,87.44,0.04,00,00,00,02
Shipping_Measure_Costs,00_00_00_02,G,average,100,159.92,0.05,00,00,00,02
Shipping_Measure_Costs,00_00_00_02,G&Wp,average,20,17.05,0.01,00,00,00,02
Shipping_Measure_Costs,00_00_00_02,G&Wp,average,60,762.1,0.35,00,00,00,02
Shipping_Measure_Costs,00_00_00_02,G&Wp,average,100,1225.87,0.37,00,00,00,02
Shipping_Measure_Costs,00_00_00_02,Wp,average,20,17.88,0.01,00,00,00,02
Shipping_Measure_Costs,00_00_00_02,Wp,average,60,1436.76,0.67,00,00,00,02
Shipping_Measure_Costs,00_00_00_02,Wp,average,100,2291.82,0.69,00,00,00,02
Shipping_Measure_Costs,00_00_00_04,D,average,20,41.08,0.03,00,00,00,04
Shipping_Measure_Costs,00_00_00_04,D,average,60,147.82,0.07,00,00,00,04
Shipping_Measure_Costs,00_00_00_04,D,average,100,255.82,0.08,00,00,00,04
Shipping_Measure_Costs,00_00_00_04,D&G,average,20,41.08,0.03,00,00,00,04
Shipping_Measure_Costs,00_00_00_04,D&G,average,60,146.27,0.07,00,00,00,04
Shipping_Measure_Costs,00_00_00_04,D&G,average,100,253.09,0.08,00,00,00,04
Shipping_Measure_Costs,00_00_00_04,D&G&Wp,average,20,41.5,0.03,00,00,00,04
Shipping_Measure_Costs,00_00_00_04,D&G&Wp,average,60,576.71,0.27,00,00,00,04
Shipping_Measure_Costs,00_00_00_04,D&G&Wp,average,100,932.95,0.28,00,00,00,04
Shipping_Measure_Costs,00_00_00_04,D&Wp,average,20,41.71,0.03,00,00,00,04
Shipping_Measure_Costs,00_00_00_04,D&Wp,average,60,792.71,0.37,00,00,00,04
Shipping_Measure_Costs,00_00_00_04,D&Wp,average,100,1274.24,0.39,00,00,00,04
Shipping_Measure_Costs,00_00_00_04,G,average,20,41.08,0.03,00,00,00,04
Shipping_Measure_Costs,00_00_00_04,G,average,60,144.73,0.07,00,00,00,04
Shipping_Measure_Costs,00_00_00_04,G,average,100,250.37,0.08,00,00,00,04
Shipping_Measure_Costs,00_00_00_04,G&Wp,average,20,41.71,0.03,00,00,00,04
Shipping_Measure_Costs,00_00_00_04,G&Wp,average,60,791.16,0.37,00,00,00,04
Shipping_Measure_Costs,00_00_00_04,G&Wp,average,100,1271.51,0.39,00,00,00,04
Shipping_Measure_Costs,00_00_00_04,Wp,average,20,42.34,0.03,00,00,00,04
Shipping_Measure_Costs,00_00_00_04,Wp,average,60,1437.6,0.67,00,00,00,04
Shipping_Measure_Costs,00_00_00_04,Wp,average,100,2292.66,0.69,00,00,00,04
Shipping_Measure_Costs,00_00_00_05,D,average,20,41.08,0.03,00,00,00,05
Shipping_Measure_Costs,00_00_00_05,D,average,60,1028.87,0.48,00,00,00,05
Shipping_Measure_Costs,00_00_00_05,D,average,100,1575.03,0.48,00,00,00,05
Shipping_Measure_Costs,00_00_00_05,D&G,average,20,41.08,0.03,00,00,00,05
Shipping_Measure_Costs,00_00_00_05,D&G,average,60,803.41,0.37,00,00,00,05
Shipping_Measure_Costs,00_00_00_05,D&G,average,100,1319.88,0.4,00,00,00,05
Shipping_Measure_Costs,00_00_00_05,D&G&Wp,average,20,41.5,0.03,00,00,00,05
Shipping_Measure_Costs,00_00_00_05,D&G&Wp,average,60,1085.58,0.5,00,00,00,05
Shipping_Measure_Costs,00_00_00_05,D&G&Wp,average,100,1710.91,0.52,00,00,00,05
Shipping_Measure_Costs,00_00_00_05,D&Wp,average,20,41.71,0.03,00,00,00,05
Shipping_Measure_Costs,00_00_00_05,D&Wp,average,60,1339.4,0.62,00,00,00,05
Shipping_Measure_Costs,00_00_00_05,D&Wp,average,100,2034.0,0.62,00,00,00,05
Shipping_Measure_Costs,00_00_00_05,G,average,20,41.08,0.03,00,00,00,05
Shipping_Measure_Costs,00_00_00_05,G,average,60,577.95,0.27,00,00,00,05
Shipping_Measure_Costs,00_00_00_05,G,average,100,1064.73,0.32,00,00,00,05
Shipping_Measure_Costs,00_00_00_05,G&Wp,average,20,41.71,0.03,00,00,00,05
Shipping_Measure_Costs,00_00_00_05,G&Wp,average,60,1113.94,0.52,00,00,00,05
Shipping_Measure_Costs,00_00_00_05,G&Wp,average,100,1778.85,0.54,00,00,00,05
Shipping_Measure_Costs,00_00_00_05,Wp,average,20,42.34,0.03,00,00,00,05
Shipping_Measure_Costs,00_00_00_05,Wp,average,60,1649.92,0.77,00,00,00,05
Shipping_Measure_Costs,00_00_00_05,Wp,average,100,2492.98,0.76,00,00,00,05
Shipping_Measure_Costs,00_00_00_07,D,average,20,1230.29,0.95,00,00,00,07
Shipping_Measure_Costs,00_00_00_07,D,average,60,1972.55,0.92,00,00,00,07
Shipping_Measure_Costs,00_00_00_07,D,average,100,2714.81,0.82,00,00,00,07
Shipping_Measure_Costs,00_00_00_07,D&G,average,20,1230.29,0.95,00,00,00,07
Shipping_Measure_Costs,00_00_00_07,D&G,average,60,1972.55,0.92,00,00,00,07
Shipping_Measure_Costs,00_00_00_07,D&G,average,100,2714.81,0.82,00,00,00,07
Shipping_Measure_Costs,00_00_00_07,D&G&Wp,average,20,1233.38,0.95,00,00,00,07
Shipping_Measure_Costs,00_00_00_07,D&G&Wp,average,60,1975.64,0.92,00,00,00,07
Shipping_Measure_Costs,00_00_00_07,D&G&Wp,average,100,2717.9,0.82,00,00,00,07
Shipping_Measure_Costs,00_00_00_07,D&Wp,average,20,1234.93,0.95,00,00,00,07
Shipping_Measure_Costs,00_00_00_07,D&Wp,average,60,1977.19,0.92,00,00,00,07
Shipping_Measure_Costs,00_00_00_07,D&Wp,average,100,2719.45,0.82,00,00,00,07
Shipping_Measure_Costs,00_00_00_07,G,average,20,1230.29,0.95,00,00,00,07
Shipping_Measure_Costs,00_00_00_07,G,average,60,1972.55,0.92,00,00,00,07
Shipping_Measure_Costs,00_00_00_07,G,average,100,2714.81,0.82,00,00,00,07
Shipping_Measure_Costs,00_00_00_07,G&Wp,average,20,1234.93,0.95,00,00,00,07
Shipping_Measure_Costs,00_00_00_07,G&Wp,average,60,1977.19,0.92,00,00,00,07
Shipping_Measure_Costs,00_00_00_07,G&Wp,average,100,2719.45,0.82,00,00,00,07
Shipping_Measure_Costs,00_00_00_07,Wp,average,20,1239.57,0.95,00,00,00,07
Shipping_Measure_Costs,00_00_00_07,Wp,average,60,1981.83,0.92,00,00,00,07
Shipping_Measure_Costs,00_00_00_07,Wp,average,100,2724.09,0.83,00,00,00,07
Shipping_Measure_Costs,00_00_00_08,D,average,20,1230.29,0.95,00,00,00,08
Shipping_Measure_Costs,00_00_00_08,D,average,60,1972.55,0.92,00,00,00,08
Shipping_Measure_Costs,00_00_00_08,D,average,100,2714.81,0.82,00,00,00,08
Shipping_Measure_Costs,00_00_00_08,D&G,average,20,1230.29,0.95,00,00,00,08
Shipping_Measure_Costs,00_00_00_08,D&G,average,60,1972.55,0.92,00,00,00,08
Shipping_Measure_Costs,00_00_00_08,D&G,average,100,2714.81,0.82,00,00,00,08
Shipping_Measure_Costs,00_00_00_08,D&G&Wp,average,20,1233.38,0.95,00,00,00,08
Shipping_Measure_Costs,00_00_00_08,D&G&Wp,average,60,1975.64,0.92,00,00,00,08
Shipping_Measure_Costs,00_00_00_08,D&G&Wp,average,100,2717.9,0.82,00,00,00,08
Shipping_Measure_Costs,00_00_00_08,D&Wp,average,20,1234.93,0.95,00,00,00,08
Shipping_Measure_Costs,00_00_00_08,D&Wp,average,60,1977.19,0.92,00,00,00,08
Shipping_Measure_Costs,00_00_00_08,D&Wp,average,100,2719.45,0.82,00,00,00,08
Shipping_Measure_Costs,00_00_00_08,G,average,20,1230.29,0.95,00,00,00,08
Shipping_Measure_Costs,00_00_00_08,G,average,60,1972.55,0.92,00,00,00,08
Shipping_Measure_Costs,00_00_00_08,G,average,100,2714.81,0.82,00,00,00,08
Shipping_Measure_Costs,00_00_00_08,G&Wp,average,20,1234.93,0.95,00,00,00,08
Shipping_Measure_Costs,00_00_00_08,G&Wp,average,60,1977.19,0.92,00,00,00,08
Shipping_Measure_Costs,00_00_00_08,G&Wp,average,100,2719.45,0.82,00,00,00,08
Shipping_Measure_Costs,00_00_00_08,Wp,average,20,1239.57,0.95,00,00,00,08
Shipping_Measure_Costs,00_00_00_08,Wp,average,60,1981.83,0.92,00,00,00,08
Shipping_Measure_Costs,00_00_00_08,Wp,average,100,2724.09,0.83,00,00,00,08
Shipping_Measure_Costs,00_00_00_09,D,average,20,1230.29,0.95,00,00,00,09
Shipping_Measure_Costs,00_00_00_09,D,average,60,1972.55,0.92,00,00,00,09
Shipping_Measure_Costs,00_00_00_09,D,average,100,2714.81,0.82,00,00,00,09
Shipping_Measure_Costs,00_00_00_09,D&G,average,20,1230.29,0.95,00,00,00,09
Shipping_Measure_Costs,00_00_00_09,D&G,average,60,1972.55,0.92,00,00,00,09
Shipping_Measure_Costs,00_00_00_09,D&G,average,100,2714.81,0.82,00,00,00,09
Shipping_Measure_Costs,00_00_00_09,D&G&Wp,average,20,1233.38,0.95,00,00,00,09
Shipping_Measure_Costs,00_00_00_09,D&G&Wp,average,60,1975.64,0.92,00,00,00,09
Shipping_Measure_Costs,00_00_00_09,D&G&Wp,average,100,2717.9,0.82,00,00,00,09
Shipping_Measure_Costs,00_00_00_09,D&Wp,average,20,1234.93,0.95,00,00,00,09
Shipping_Measure_Costs,00_00_00_09,D&Wp,average,60,1977.19,0.92,00,00,00,09
Shipping_Measure_Costs,00_00_00_09,D&Wp,average,100,2719.45,0.82,00,00,00,09
Shipping_Measure_Costs,00_00_00_09,G,average,20,1230.29,0.95,00,00,00,09
Shipping_Measure_Costs,00_00_00_09,G,average,60,1972.55,0.92,00,00,00,09
Shipping_Measure_Costs,00_00_00_09,G,average,100,2714.81,0.82,00,00,00,09
Shipping_Measure_Costs,00_00_00_09,G&Wp,average,20,1234.93,0.95,00,00,00,09
Shipping_Measure_Costs,00_00_00_09,G&Wp,average,60,1977.19,0.92,00,00,00,09
Shipping_Measure_Costs,00_00_00_09,G&Wp,average,100,2719.45,0.82,00,00,00,09
Shipping_Measure_Costs,00_00_00_09,Wp,average,20,1239.57,0.95,00,00,00,09
Shipping_Measure_Costs,00_00_00_09,Wp,average,60,1981.83,0.92,00,00,00,09
Shipping_Measure_Costs,00_00_00_09,Wp,average,100,2724.09,0.83,00,00,00,09
Shipping_Measure_Costs,01_00_00_00,D,average,20,0.0,0.0,01,00,00,00
Shipping_Measure_Costs,01_00_00_00,D,average,60,0.0,0.0,01,00,00,00
Shipping_Measure_Costs,01_00_00_00,D,average,100,0.0,0.0,01,00,00,00
Shipping_Measure_Costs,01_00_00_00,D&G,average,20,0.0,0.0,01,00,00,00
Shipping_Measure_Costs,01_00_00_00,D&G,average,60,0.0,0.0,01,00,00,00
Shipping_Measure_Costs,01_00_00_00,D&G,average,100,0.0,0.0,01,00,00,00
Shipping_Measure_Costs,01_00_00_00,D&G&Wp,average,20,0.0,0.0,01,00,00,00
Shipping_Measure_Costs,01_00_00_00,D&G&Wp,average,60,0.0,0.0,01,00,00,00
Shipping_Measure_Costs,01_00_00_00,D&G&Wp,average,100,0.0,0.0,01,00,00,00
Shipping_Measure_Costs,01_00_00_00,D&Wp,average,20,0.0,0.0,01,00,00,00
Shipping_Measure_Costs,01_00_00_00,D&Wp,average,60,0.0,0.0,01,00,00,00
Shipping_Measure_Costs,01_00_00_00,D&Wp,average,100,0.0,0.0,01,00,00,00
Shipping_Measure_Costs,01_00_00_00,G,average,20,0.0,0.0,01,00,00,00
Shipping_Measure_Costs,01_00_00_00,G,average,60,0.0,0.0,01,00,00,00
Shipping_Measure_Costs,01_00_00_00,G,average,100,0.0,0.0,01,00,00,00
Shipping_Measure_Costs,01_00_00_00,G&Wp,average,20,0.0,0.0,01,00,00,00
Shipping_Measure_Costs,01_00_00_00,G&Wp,average,60,0.0,0.0,01,00,00,00
Shipping_Measure_Costs,01_00_00_00,G&Wp,average,100,0.0,0.0,01,00,00,00
Shipping_Measure_Costs,01_00_00_00,Wp,average,20,0.0,0.0,01,00,00,00
Shipping_Measure_Costs,01_00_00_00,Wp,average,60,0.0,0.0,01,00,00,00
Shipping_Measure_Costs,01_00_00_00,Wp,average,100,0.0,0.0,01,00,00,00
Shipping_Measure_Costs,01_00_00_01,D,average,20,545.88,0.42,01,00,00,01
Shipping_Measure_Costs,01_00_00_01,D,average,60,1088.6,0.51,01,00,00,01
Shipping_Measure_Costs,01_00_00_01,D,average,100,1545.95,0.47,01,00,00,01
Shipping_Measure_Costs,01_00_00_01,D&G,average,20,545.88,0.42,01,00,00,01
Shipping_Measure_Costs,01_00_00_01,D&G,average,60,1087.67,0.51,01,00,00,01
Shipping_Measure_Costs,01_00_00_01,D&G,average,100,1545.02,0.47,01,00,00,01
Shipping_Measure_Costs,01_00_00_01,D&G&Wp,average,20,580.57,0.45,01,00,00,01
Shipping_Measure_Costs,01_00_00_01,D&G&Wp,average,60,1293.39,0.6,01,00,00,01
Shipping_Measure_Costs,01_00_00_01,D&G&Wp,average,100,1849.71,0.56,01,00,00,01
Shipping_Measure_Costs,01_00_00_01,D&Wp,average,20,597.91,0.46,01,00,00,01
Shipping_Measure_Costs,01_00_00_01,D&Wp,average,60,1396.71,0.65,01,00,00,01
Shipping_Measure_Costs,01_00_00_01,D&Wp,average,100,2002.52,0.61,01,00,00,01
Shipping_Measure_Costs,01_00_00_01,G,average,20,545.88,0.42,01,00,00,01
Shipping_Measure_Costs,01_00_00_01,G,average,60,1086.74,0.51,01,00,00,01
Shipping_Measure_Costs,01_00_00_01,G,average,100,1544.1,0.47,01,00,00,01
Shipping_Measure_Costs,01_00_00_01,G&Wp,average,20,597.91,0.46,01,00,00,01
Shipping_Measure_Costs,01_00_00_01,G&Wp,average,60,1395.78,0.65,01,00,00,01
Shipping_Measure_Costs,01_00_00_01,G&Wp,average,100,2001.59,0.61,01,00,00,01
Shipping_Measure_Costs,01_00_00_01,Wp,average,20,649.95,0.5,01,00,00,01
Shipping_Measure_Costs,01_00_00_01,Wp,average,60,1704.82,0.79,01,00,00,01
Shipping_Measure_Costs,01_00_00_01,Wp,average,100,2459.08,0.75,01,00,00,01
Shipping_Measure_Costs,01_00_00_02,D,average,20,16.22,0.01,01,00,00,02
Shipping_Measure_Costs,01_00_00_02,D,average,60,87.69,0.04,01,00,00,02
Shipping_Measure_Costs,01_00_00_02,D,average,100,160.17,0.05,01,00,00,02
Shipping_Measure_Costs,01_00_00_02,D&G,average,20,16.22,0.01,01,00,00,02
Shipping_Measure_Costs,01_00_00_02,D&G,average,60,87.57,0.04,01,00,00,02
Shipping_Measure_Costs,01_00_00_02,D&G,average,100,160.05,0.05,01,00,00,02
Shipping_Measure_Costs,01_00_00_02,D&G&Wp,average,20,16.78,0.01,01,00,00,02
Shipping_Measure_Costs,01_00_00_02,D&G&Wp,average,60,537.3,0.25,01,00,00,02
Shipping_Measure_Costs,01_00_00_02,D&G&Wp,average,100,870.64,0.26,01,00,00,02
Shipping_Measure_Costs,01_00_00_02,D&Wp,average,20,17.05,0.01,01,00,00,02
Shipping_Measure_Costs,01_00_00_02,D&Wp,average,60,762.23,0.35,01,00,00,02
Shipping_Measure_Costs,01_00_00_02,D&Wp,average,100,1226.0,0.37,01,00,00,02
Shipping_Measure_Costs,01_00_00_02,G,average,20,16.22,0.01,01,00,00,02
Shipping_Measure_Costs,01_00_00_02,G,average,60,87.44,0.04,01,00,00,02
Shipping_Measure_Costs,01_00_00_02,G,average,100,159.92,0.05,01,00,00,02
Shipping_Measure_Costs,01_00_00_02,G&Wp,average,20,17.05,0.01,01,00,00,02
Shipping_Measure_Costs,01_00_00_02,G&Wp,average,60,762.1,0.35,01,00,00,02
Shipping_Measure_Costs,01_00_00_02,G&Wp,average,100,1225.87,0.37,01,00,00,02
Shipping_Measure_Costs,01_00_00_02,Wp,average,20,17.88,0.01,01,00,00,02
Shipping_Measure_Costs,01_00_00_02,Wp,average,60,1436.76,0.67,01,00,00,02
Shipping_Measure_Costs,01_00_00_02,Wp,average,100,2291.82,0.69,01,00,00,02
Shipping_Measure_Costs,01_00_00_04,D,average,20,41.08,0.03,01,00,00,04
Shipping_Measure_Costs,01_00_00_04,D,average,60,147.82,0.07,01,00,00,04
Shipping_Measure_Costs,01_00_00_04,D,average,100,255.82,0.08,01,00,00,04
Shipping_Measure_Costs,01_00_00_04,D&G,average,20,41.08,0.03,01,00,00,04
Shipping_Measure_Costs,01_00_00_04,D&G,average,60,146.27,0.07,01,00,00,04
Shipping_Measure_Costs,01_00_00_04,D&G,average,100,253.09,0.08,01,00,00,04
Shipping_Measure_Costs,01_00_00_04,D&G&Wp,average,20,41.5,0.03,01,00,00,04
Shipping_Measure_Costs,01_00_00_04,D&G&Wp,average,60,576.71,0.27,01,00,00,04
Shipping_Measure_Costs,01_00_00_04,D&G&Wp,average,100,932.95,0.28,01,00,00,04
Shipping_Measure_Costs,01_00_00_04,D&Wp,average,20,41.71,0.03,01,00,00,04
Shipping_Measure_Costs,01_00_00_04,D&Wp,average,60,792.71,0.37,01,00,00,04
Shipping_Measure_Costs,01_00_00_04,D&Wp,average,100,1274.24,0.39,01,00,00,04
Shipping_Measure_Costs,01_00_00_04,G,average,20,41.08,0.03,01,00,00,04
Shipping_Measure_Costs,01_00_00_04,G,average,60,144.73,0.07,01,00,00,04
Shipping_Measure_Costs,01_00_00_04,G,average,100,250.37,0.08,01,00,00,04
Shipping_Measure_Costs,01_00_00_04,G&Wp,average,20,41.71,0.03,01,00,00,04
Shipping_Measure_Costs,01_00_00_04,G&Wp,average,60,791.16,0.37,01,00,00,04
Shipping_Measure_Costs,01_00_00_04,G&Wp,average,100,1271.51,0.39,01,00,00,04
Shipping_Measure_Costs,01_00_00_04,Wp,average,20,42.34,0.03,01,00,00,04
Shipping_Measure_Costs,01_00_00_04,Wp,average,60,1437.6,0.67,01,00,00,04
Shipping_Measure_Costs,01_00_00_04,Wp,average,100,2292.66,0.69,01,00,00,04
Shipping_Measure_Costs,01_00_00_05,D,average,20,41.08,0.03,01,00,00,05
Shipping_Measure_Costs,01_00_00_05,D,average,60,1028.87,0.48,01,00,00,05
Shipping_Measure_Costs,01_00_00_05,D,average,100,1575.03,0.48,01,00,00,05
Shipping_Measure_Costs,01_00_00_05,D&G,average,20,41.08,0.03,01,00,00,05
Shipping_Measure_Costs,01_00_00_05,D&G,average,60,803.41,0.37,01,00,00,05
Shipping_Measure_Costs,01_00_00_05,D&G,average,100,1319.88,0.4,01,00,00,05
Shipping_Measure_Costs,01_00_00_05,D&G&Wp,average,20,41.5,0.03,01,00,00,05
Shipping_Measure_Costs,01_00_00_05,D&G&Wp,average,60,1085.58,0.5,01,00,00,05
Shipping_Measure_Costs,01_00_00_05,D&G&Wp,average,100,1710.91,0.52,01,00,00,05
Shipping_Measure_Costs,01_00_00_05,D&Wp,average,20,41.71,0.03,01,00,00,05
Shipping_Measure_Costs,01_00_00_05,D&Wp,average,60,1339.4,0.62,01,00,00,05
Shipping_Measure_Costs,01_00_00_05,D&Wp,average,100,2034.0,0.62,01,00,00,05
Shipping_Measure_Costs,01_00_00_05,G,average,20,41.08,0.03,01,00,00,05
Shipping_Measure_Costs,01_00_00_05,G,average,60,577.95,0.27,01,00,00,05
Shipping_Measure_Costs,01_00_00_05,G,average,100,1064.73,0.32,01,00,00,05
Shipping_Measure_Costs,01_00_00_05,G&Wp,average,20,41.71,0.03,01,00,00,05
Shipping_Measure_Costs,01_00_00_05,G&Wp,average,60,1113.94,0.52,01,00,00,05
Shipping_Measure_Costs,01_00_00_05,G&Wp,average,100,1778.85,0.54,01,00,00,05
Shipping_Measure_Costs,01_00_00_05,Wp,average,20,42.34,0.03,01,00,00,05
Shipping_Measure_Costs,01_00_00_05,Wp,average,60,1649.92,0.77,01,00,00,05
Shipping_Measure_Costs,01_00_00_05,Wp,average,100,2492.98,0.76,01,00,00,05
Shipping_Measure_Costs,01_00_00_07,D,average,20,1230.29,0.95,01,00,00,07
Shipping_Measure_Costs,01_00_00_07,D,average,60,1972.55,0.92,01,00,00,07
Shipping_Measure_Costs,01_00_00_07,D,average,100,2714.81,0.82,01,00,00,07
Shipping_Measure_Costs,01_00_00_07,D&G,average,20,1230.29,0.95,01,00,00,07
Shipping_Measure_Costs,01_00_00_07,D&G,average,60,1972.55,0.92,01,00,00,07
Shipping_Measure_Costs,01_00_00_07,D&G,average,100,2714.81,0.82,01,00,00,07
Shipping_Measure_Costs,01_00_00_07,D&G&Wp,average,20,1233.38,0.95,01,00,00,07
Shipping_Measure_Costs,01_00_00_07,D&G&Wp,average,60,1975.64,0.92,01,00,00,07
Shipping_Measure_Costs,01_00_00_07,D&G&Wp,average,100,2717.9,0.82,01,00,00,07
Shipping_Measure_Costs,01_00_00_07,D&Wp,average,20,1234.93,0.95,01,00,00,07
Shipping_Measure_Costs,01_00_00_07,D&Wp,average,60,1977.19,0.92,01,00,00,07
Shipping_Measure_Costs,01_00_00_07,D&Wp,average,100,2719.45,0.82,01,00,00,07
Shipping_Measure_Costs,01_00_00_07,G,average,20,1230.29,0.95,01,00,00,07
Shipping_Measure_Costs,01_00_00_07,G,average,60,1972.55,0.92,01,00,00,07
Shipping_Measure_Costs,01_00_00_07,G,average,100,2714.81,0.82,01,00,00,07
Shipping_Measure_Costs,01_00_00_07,G&Wp,average,20,1234.93,0.95,01,00,00,07
Shipping_Measure_Costs,01_00_00_07,G&Wp,average,60,1977.19,0.92,01,00,00,07
Shipping_Measure_Costs,01_00_00_07,G&Wp,average,100,2719.45,0.82,01,00,00,07
Shipping_Measure_Costs,01_00_00_07,Wp,average,20,1239.57,0.95,01,00,00,07
Shipping_Measure_Costs,01_00_00_07,Wp,average,60,1981.83,0.92,01,00,00,07
Shipping_Measure_Costs,01_00_00_07,Wp,average,100,2724.09,0.83,01,00,00,07
Shipping_Measure_Costs,01_00_00_08,D,average,20,1230.29,0.95,01,00,00,08
Shipping_Measure_Costs,01_00_00_08,D,average,60,1972.55,0.92,01,00,00,08
Shipping_Measure_Costs,01_00_00_08,D,average,100,2714.81,0.82,01,00,00,08
Shipping_Measure_Costs,01_00_00_08,D&G,average,20,1230.29,0.95,01,00,00,08
Shipping_Measure_Costs,01_00_00_08,D&G,average,60,1972.55,0.92,01,00,00,08
Shipping_Measure_Costs,01_00_00_08,D&G,average,100,2714.81,0.82,01,00,00,08
Shipping_Measure_Costs,01_00_00_08,D&G&Wp,average,20,1233.38,0.95,01,00,00,08
Shipping_Measure_Costs,01_00_00_08,D&G&Wp,average,60,1975.64,0.92,01,00,00,08
Shipping_Measure_Costs,01_00_00_08,D&G&Wp,average,100,2717.9,0.82,01,00,00,08
Shipping_Measure_Costs,01_00_00_08,D&Wp,average,20,1234.93,0.95,01,00,00,08
Shipping_Measure_Costs,01_00_00_08,D&Wp,average,60,1977.19,0.92,01,00,00,08
Shipping_Measure_Costs,01_00_00_08,D&Wp,average,100,2719.45,0.82,01,00,00,08
Shipping_Measure_Costs,01_00_00_08,G,average,20,1230.29,0.95,01,00,00,08
Shipping_Measure_Costs,01_00_00_08,G,average,60,1972.55,0.92,01,00,00,08
Shipping_Measure_Costs,01_00_00_08,G,average,100,2714.81,0.82,01,00,00,08
Shipping_Measure_Costs,01_00_00_08,G&Wp,average,20,1234.93,0.95,01,00,00,08
Shipping_Measure_Costs,01_00_00_08,G&Wp,average,60,1977.19,0.92,01,00,00,08
Shipping_Measure_Costs,01_00_00_08,G&Wp,average,100,2719.45,0.82,01,00,00,08
Shipping_Measure_Costs,01_00_00_08,Wp,average,20,1239.57,0.95,01,00,00,08
Shipping_Measure_Costs,01_00_00_08,Wp,average,60,1981.83,0.92,01,00,00,08
Shipping_Measure_Costs,01_00_00_08,Wp,average,100,2724.09,0.83,01,00,00,08
Shipping_Measure_Costs,01_00_00_09,D,average,20,1230.29,0.95,01,00,00,09
Shipping_Measure_Costs,01_00_00_09,D,average,60,1972.55,0.92,01,00,00,09
Shipping_Measure_Costs,01_00_00_09,D,average,100,2714.81,0.82,01,00,00,09
Shipping_Measure_Costs,01_00_00_09,D&G,average,20,1230.29,0.95,01,00,00,09
Shipping_Measure_Costs,01_00_00_09,D&G,average,60,1972.55,0.92,01,00,00,09
Shipping_Measure_Costs,01_00_00_09,D&G,average,100,2714.81,0.82,01,00,00,09
Shipping_Measure_Costs,01_00_00_09,D&G&Wp,average,20,1233.38,0.95,01,00,00,09
Shipping_Measure_Costs,01_00_00_09,D&G&Wp,average,60,1975.64,0.92,01,00,00,09
Shipping_Measure_Costs,01_00_00_09,D&G&Wp,average,100,2717.9,0.82,01,00,00,09
Shipping_Measure_Costs,01_00_00_09,D&Wp,average,20,1234.93,0.95,01,00,00,09
Shipping_Measure_Costs,01_00_00_09,D&Wp,average,60,1977.19,0.92,01,00,00,09
Shipping_Measure_Costs,01_00_00_09,D&Wp,average,100,2719.45,0.82,01,00,00,09
Shipping_Measure_Costs,01_00_00_09,G,average,20,1230.29,0.95,01,00,00,09
Shipping_Measure_Costs,01_00_00_09,G,average,60,1972.55,0.92,01,00,00,09
Shipping_Measure_Costs,01_00_00_09,G,average,100,2714.81,0.82,01,00,00,09
Shipping_Measure_Costs,01_00_00_09,G&Wp,average,20,1234.93,0.95,01,00,00,09
Shipping_Measure_Costs,01_00_00_09,G&Wp,average,60,1977.19,0.92,01,00,00,09
Shipping_Measure_Costs,01_00_00_09,G&Wp,average,100,2719.45,0.82,01,00,00,09
Shipping_Measure_Costs,01_00_00_09,Wp,average,20,1239.57,0.95,01,00,00,09
Shipping_Measure_Costs,01_00_00_09,Wp,average,60,1981.83,0.92,01,00,00,09
Shipping_Measure_Costs,01_00_00_09,Wp,average,100,2724.09,0.83,01,00,00,09
Shipping_Measure_Costs,03_00_00_00,D,average,20,0.0,0.0,03,00,00,00
Shipping_Measure_Costs,03_00_00_00,D,average,60,0.0,0.0,03,00,00,00
Shipping_Measure_Costs,03_00_00_00,D,average,100,0.0,0.0,03,00,00,00
Shipping_Measure_Costs,03_00_00_00,D&G,average,20,0.0,0.0,03,00,00,00
Shipping_Measure_Costs,03_00_00_00,D&G,average,60,0.0,0.0,03,00,00,00
Shipping_Measure_Costs,03_00_00_00,D&G,average,100,0.0,0.0,03,00,00,00
Shipping_Measure_Costs,03_00_00_00,D&G&Wp,average,20,0.0,0.0,03,00,00,00
Shipping_Measure_Costs,03_00_00_00,D&G&Wp,average,60,0.0,0.0,03,00,00,00
Shipping_Measure_Costs,03_00_00_00,D&G&Wp,average,100,0.0,0.0,03,00,00,00
Shipping_Measure_Costs,03_00_00_00,D&Wp,average,20,0.0,0.0,03,00,00,00
Shipping_Measure_Costs,03_00_00_00,D&Wp,average,60,0.0,0.0,03,00,00,00
Shipping_Measure_Costs,03_00_00_00,D&Wp,average,100,0.0,0.0,03,00,00,00
Shipping_Measure_Costs,03_00_00_00,G,average,20,0.0,0.0,03,00,00,00
Shipping_Measure_Costs,03_00_00_00,G,average,60,0.0,0.0,03,00,00,00
Shipping_Measure_Costs,03_00_00_00,G,average,100,0.0,0.0,03,00,00,00
Shipping_Measure_Costs,03_00_00_00,G&Wp,average,20,0.0,0.0,03,00,00,00
Shipping_Measure_Costs,03_00_00_00,G&Wp,average,60,0.0,0.0,03,00,00,00
Shipping_Measure_Costs,03_00_00_00,G&Wp,average,100,0.0,0.0,03,00,00,00
Shipping_Measure_Costs,03_00_00_00,Wp,average,20,0.0,0.0,03,00,00,00
Shipping_Measure_Costs,03_00_00_00,Wp,average,60,0.0,0.0,03,00,00,00
Shipping_Measure_Costs,03_00_00_00,Wp,average,100,0.0,0.0,03,00,00,00
Shipping_Measure_Costs,03_00_00_01,D,average,20,545.88,0.42,03,00,00,01
Shipping_Measure_Costs,03_00_00_01,D,average,60,1088.6,0.51,03,00,00,01
Shipping_Measure_Costs,03_00_00_01,D,average,100,1545.95,0.47,03,00,00,01
Shipping_Measure_Costs,03_00_00_01,D&G,average,20,545.88,0.42,03,00,00,01
Shipping_Measure_Costs,03_00_00_01,D&G,average,60,1087.67,0.51,03,00,00,01
Shipping_Measure_Costs,03_00_00_01,D&G,average,100,1545.02,0.47,03,00,00,01
Shipping_Measure_Costs,03_00_00_01,D&G&Wp,average,20,580.57,0.45,03,00,00,01
Shipping_Measure_Costs,03_00_00_01,D&G&Wp,average,60,1293.39,0.6,03,00,00,01
Shipping_Measure_Costs,03_00_00_01,D&G&Wp,average,100,1849.71,0.56,03,00,00,01
Shipping_Measure_Costs,03_00_00_01,D&Wp,average,20,597.91,0.46,03,00,00,01
Shipping_Measure_Costs,03_00_00_01,D&Wp,average,60,1396.71,0.65,03,00,00,01
Shipping_Measure_Costs,03_00_00_01,D&Wp,average,100,2002.52,0.61,03,00,00,01
Shipping_Measure_Costs,03_00_00_01,G,average,20,545.88,0.42,03,00,00,01
Shipping_Measure_Costs,03_00_00_01,G,average,60,1086.74,0.51,03,00,00,01
Shipping_Measure_Costs,03_00_00_01,G,average,100,1544.1,0.47,03,00,00,01
Shipping_Measure_Costs,03_00_00_01,G&Wp,average,20,597.91,0.46,03,00,00,01
Shipping_Measure_Costs,03_00_00_01,G&Wp,average,60,1395.78,0.65,03,00,00,01
Shipping_Measure_Costs,03_00_00_01,G&Wp,average,100,2001.59,0.61,03,00,00,01
Shipping_Measure_Costs,03_00_00_01,Wp,average,20,649.95,0.5,03,00,00,01
Shipping_Measure_Costs,03_00_00_01,Wp,average,60,1704.82,0.79,03,00,00,01
Shipping_Measure_Costs,03_00_00_01,Wp,average,100,2459.08,0.75,03,00,00,01
Shipping_Measure_Costs,03_00_00_02,D,average,20,16.22,0.01,03,00,00,02
Shipping_Measure_Costs,03_00_00_02,D,average,60,87.69,0.04,03,00,00,02
Shipping_Measure_Costs,03_00_00_02,D,average,100,160.17,0.05,03,00,00,02
Shipping_Measure_Costs,03_00_00_02,D&G,average,20,16.22,0.01,03,00,00,02
Shipping_Measure_Costs,03_00_00_02,D&G,average,60,87.57,0.04,03,00,00,02
Shipping_Measure_Costs,03_00_00_02,D&G,average,100,160.05,0.05,03,00,00,02
Shipping_Measure_Costs,03_00_00_02,D&G&Wp,average,20,16.78,0.01,03,00,00,02
Shipping_Measure_Costs,03_00_00_02,D&G&Wp,average,60,537.3,0.25,03,00,00,02
Shipping_Measure_Costs,03_00_00_02,D&G&Wp,average,100,870.64,0.26,03,00,00,02
Shipping_Measure_Costs,03_00_00_02,D&Wp,average,20,17.05,0.01,03,00,00,02
Shipping_Measure_Costs,03_00_00_02,D&Wp,average,60,762.23,0.35,03,00,00,02
Shipping_Measure_Costs,03_00_00_02,D&Wp,average,100,1226.0,0.37,03,00,00,02
Shipping_Measure_Costs,03_00_00_02,G,average,20,16.22,0.01,03,00,00,02
Shipping_Measure_Costs,03_00_00_02,G,average,60,87.44,0.04,03,00,00,02
Shipping_Measure_Costs,03_00_00_02,G,average,100,159.92,0.05,03,00,00,02
Shipping_Measure_Costs,03_00_00_02,G&Wp,average,20,17.05,0.01,03,00,00,02
Shipping_Measure_Costs,03_00_00_02,G&Wp,average,60,762.1,0.35,03,00,00,02
Shipping_Measure_Costs,03_00_00_02,G&Wp,average,100,1225.87,0.37,03,00,00,02
Shipping_Measure_Costs,03_00_00_02,Wp,average,20,17.88,0.01,03,00,00,02
Shipping_Measure_Costs,03_00_00_02,Wp,average,60,1436.76,0.67,03,00,00,02
Shipping_Measure_Costs,03_00_00_02,Wp,average,100,2291.82,0.69,03,00,00,02
Shipping_Measure_Costs,03_00_00_04,D,average,20,41.08,0.03,03,00,00,04
Shipping_Measure_Costs,03_00_00_04,D,average,60,147.82,0.07,03,00,00,04
Shipping_Measure_Costs,03_00_00_04,D,average,100,255.82,0.08,03,00,00,04
Shipping_Measure_Costs,03_00_00_04,D&G,average,20,41.08,0.03,03,00,00,04
Shipping_Measure_Costs,03_00_00_04,D&G,average,60,146.27,0.07,03,00,00,04
Shipping_Measure_Costs,03_00_00_04,D&G,average,100,253.09,0.08,03,00,00,04
Shipping_Measure_Costs,03_00_00_04,D&G&Wp,average,20,41.5,0.03,03,00,00,04
Shipping_Measure_Costs,03_00_00_04,D&G&Wp,average,60,576.71,0.27,03,00,00,04
Shipping_Measure_Costs,03_00_00_04,D&G&Wp,average,100,932.95,0.28,03,00,00,04
Shipping_Measure_Costs,03_00_00_04,D&Wp,average,20,41.71,0.03,03,00,00,04
Shipping_Measure_Costs,03_00_00_04,D&Wp,average,60,792.71,0.37,03,00,00,04
Shipping_Measure_Costs,03_00_00_04,D&Wp,average,100,1274.24,0.39,03,00,00,04
Shipping_Measure_Costs,03_00_00_04,G,average,20,41.08,0.03,03,00,00,04
Shipping_Measure_Costs,03_00_00_04,G,average,60,144.73,0.07,03,00,00,04
Shipping_Measure_Costs,03_00_00_04,G,average,100,250.37,0.08,03,00,00,04
Shipping_Measure_Costs,03_00_00_04,G&Wp,average,20,41.71,0.03,03,00,00,04
Shipping_Measure_Costs,03_00_00_04,G&Wp,average,60,791.16,0.37,03,00,00,04
Shipping_Measure_Costs,03_00_00_04,G&Wp,average,100,1271.51,0.39,03,00,00,04
Shipping_Measure_Costs,03_00_00_04,Wp,average,20,42.34,0.03,03,00,00,04
Shipping_Measure_Costs,03_00_00_04,Wp,average,60,1437.6,0.67,03,00,00,04
Shipping_Measure_Costs,03_00_00_04,Wp,average,100,2292.66,0.69,03,00,00,04
Shipping_Measure_Costs,03_00_00_05,D,average,20,41.08,0.03,03,00,00,05
Shipping_Measure_Costs,03_00_00_05,D,average,60,1028.87,0.48,03,00,00,05
Shipping_Measure_Costs,03_00_00_05,D,average,100,1575.03,0.48,03,00,00,05
Shipping_Measure_Costs,03_00_00_05,D&G,average,20,41.08,0.03,03,00,00,05
Shipping_Measure_Costs,03_00_00_05,D&G,average,60,803.41,0.37,03,00,00,05
Shipping_Measure_Costs,03_00_00_05,D&G,average,100,1319.88,0.4,03,00,00,05
Shipping_Measure_Costs,03_00_00_05,D&G&Wp,average,20,41.5,0.03,03,00,00,05
Shipping_Measure_Costs,03_00_00_05,D&G&Wp,average,60,1085.58,0.5,03,00,00,05
Shipping_Measure_Costs,03_00_00_05,D&G&Wp,average,100,1710.91,0.52,03,00,00,05
Shipping_Measure_Costs,03_00_00_05,D&Wp,average,20,41.71,0.03,03,00,00,05
Shipping_Measure_Costs,03_00_00_05,D&Wp,average,60,1339.4,0.62,03,00,00,05
Shipping_Measure_Costs,03_00_00_05,D&Wp,average,100,2034.0,0.62,03,00,00,05
Shipping_Measure_Costs,03_00_00_05,G,average,20,41.08,0.03,03,00,00,05
Shipping_Measure_Costs,03_00_00_05,G,average,60,577.95,0.27,03,00,00,05
Shipping_Measure_Costs,03_00_00_05,G,average,100,1064.73,0.32,03,00,00,05
Shipping_Measure_Costs,03_00_00_05,G&Wp,average,20,41.71,0.03,03,00,00,05
Shipping_Measure_Costs,03_00_00_05,G&Wp,average,60,1113.94,0.52,03,00,00,05
Shipping_Measure_Costs,03_00_00_05,G&Wp,average,100,1778.85,0.54,03,00,00,05
Shipping_Measure_Costs,03_00_00_05,Wp,average,20,42.34,0.03,03,00,00,05
Shipping_Measure_Costs,03_00_00_05,Wp,average,60,1649.92,0.77,03,00,00,05
Shipping_Measure_Costs,03_00_00_05,Wp,average,100,2492.98,0.76,03,00,00,05
Shipping_Measure_Costs,03_00_00_07,D,average,20,1230.29,0.95,03,00,00,07
Shipping_Measure_Costs,03_00_00_07,D,average,60,1972.55,0.92,03,00,00,07
Shipping_Measure_Costs,03_00_00_07,D,average,100,2714.81,0.82,03,00,00,07
Shipping_Measure_Costs,03_00_00_07,D&G,average,20,1230.29,0.95,03,00,00,07
Shipping_Measure_Costs,03_00_00_07,D&G,average,60,1972.55,0.92,03,00,00,07
Shipping_Measure_Costs,03_00_00_07,D&G,average,100,2714.81,0.82,03,00,00,07
Shipping_Measure_Costs,03_00_00_07,D&G&Wp,average,20,1233.38,0.95,03,00,00,07
Shipping_Measure_Costs,03_00_00_07,D&G&Wp,average,60,1975.64,0.92,03,00,00,07
Shipping_Measure_Costs,03_00_00_07,D&G&Wp,average,100,2717.9,0.82,03,00,00,07
Shipping_Measure_Costs,03_00_00_07,D&Wp,average,20,1234.93,0.95,03,00,00,07
Shipping_Measure_Costs,03_00_00_07,D&Wp,average,60,1977.19,0.92,03,00,00,07
Shipping_Measure_Costs,03_00_00_07,D&Wp,average,100,2719.45,0.82,03,00,00,07
Shipping_Measure_Costs,03_00_00_07,G,average,20,1230.29,0.95,03,00,00,07
Shipping_Measure_Costs,03_00_00_07,G,average,60,1972.55,0.92,03,00,00,07
Shipping_Measure_Costs,03_00_00_07,G,average,100,2714.81,0.82,03,00,00,07
Shipping_Measure_Costs,03_00_00_07,G&Wp,average,20,1234.93,0.95,03,00,00,07
Shipping_Measure_Costs,03_00_00_07,G&Wp,average,60,1977.19,0.92,03,00,00,07
Shipping_Measure_Costs,03_00_00_07,G&Wp,average,100,2719.45,0.82,03,00,00,07
Shipping_Measure_Costs,03_00_00_07,Wp,average,20,1239.57,0.95,03,00,00,07
Shipping_Measure_Costs,03_00_00_07,Wp,average,60,1981.83,0.92,03,00,00,07
Shipping_Measure_Costs,03_00_00_07,Wp,average,100,2724.09,0.83,03,00,00,07
Shipping_Measure_Costs,03_00_00_08,D,average,20,1230.29,0.95,03,00,00,08
Shipping_Measure_Costs,03_00_00_08,D,average,60,1972.55,0.92,03,00,00,08
Shipping_Measure_Costs,03_00_00_08,D,average,100,2714.81,0.82,03,00,00,08
Shipping_Measure_Costs,03_00_00_08,D&G,average,20,1230.29,0.95,03,00,00,08
Shipping_Measure_Costs,03_00_00_08,D&G,average,60,1972.55,0.92,03,00,00,08
Shipping_Measure_Costs,03_00_00_08,D&G,average,100,2714.81,0.82,03,00,00,08
Shipping_Measure_Costs,03_00_00_08,D&G&Wp,average,20,1233.38,0.95,03,00,00,08
Shipping_Measure_Costs,03_00_00_08,D&G&Wp,average,60,1975.64,0.92,03,00,00,08
Shipping_Measure_Costs,03_00_00_08,D&G&Wp,average,100,2717.9,0.82,03,00,00,08
Shipping_Measure_Costs,03_00_00_08,D&Wp,average,20,1234.93,0.95,03,00,00,08
Shipping_Measure_Costs,03_00_00_08,D&Wp,average,60,1977.19,0.92,03,00,00,08
Shipping_Measure_Costs,03_00_00_08,D&Wp,average,100,2719.45,0.82,03,00,00,08
Shipping_Measure_Costs,03_00_00_08,G,average,20,1230.29,0.95,03,00,00,08
Shipping_Measure_Costs,03_00_00_08,G,average,60,1972.55,0.92,03,00,00,08
Shipping_Measure_Costs,03_00_00_08,G,average,100,2714.81,0.82,03,00,00,08
Shipping_Measure_Costs,03_00_00_08,G&Wp,average,20,1234.93,0.95,03,00,00,08
Shipping_Measure_Costs,03_00_00_08,G&Wp,average,60,1977.19,0.92,03,00,00,08
Shipping_Measure_Costs,03_00_00_08,G&Wp,average,100,2719.45,0.82,03,00,00,08
Shipping_Measure_Costs,03_00_00_08,Wp,average,20,1239.57,0.95,03,00,00,08
Shipping_Measure_Costs,03_00_00_08,Wp,average,60,1981.83,0.92,03,00,00,08
Shipping_Measure_Costs,03_00_00_08,Wp,average,100,2724.09,0.83,03,00,00,08
Shipping_Measure_Costs,03_00_00_09,D,average,20,1230.29,0.95,03,00,00,09
Shipping_Measure_Costs,03_00_00_09,D,average,60,1972.55,0.92,03,00,00,09
Shipping_Measure_Costs,03_00_00_09,D,average,100,2714.81,0.82,03,00,00,09
Shipping_Measure_Costs,03_00_00_09,D&G,average,20,1230.29,0.95,03,00,00,09
Shipping_Measure_Costs,03_00_00_09,D&G,average,60,1972.55,0.92,03,00,00,09
Shipping_Measure_Costs,03_00_00_09,D&G,average,100,2714.81,0.82,03,00,00,09
Shipping_Measure_Costs,03_00_00_09,D&G&Wp,average,20,1233.38,0.95,03,00,00,09
Shipping_Measure_Costs,03_00_00_09,D&G&Wp,average,60,1975.64,0.92,03,00,00,09
Shipping_Measure_Costs,03_00_00_09,D&G&Wp,average,100,2717.9,0.82,03,00,00,09
Shipping_Measure_Costs,03_00_00_09,D&Wp,average,20,1234.93,0.95,03,00,00,09
Shipping_Measure_Costs,03_00_00_09,D&Wp,average,60,1977.19,0.92,03,00,00,09
Shipping_Measure_Costs,03_00_00_09,D&Wp,average,100,2719.45,0.82,03,00,00,09
Shipping_Measure_Costs,03_00_00_09,G,average,20,1230.29,0.95,03,00,00,09
Shipping_Measure_Costs,03_00_00_09,G,average,60,1972.55,0.92,03,00,00,09
Shipping_Measure_Costs,03_00_00_09,G,average,100,2714.81,0.82,03,00,00,09
Shipping_Measure_Costs,03_00_00_09,G&Wp,average,20,1234.93,0.95,03,00,00,09
Shipping_Measure_Costs,03_00_00_09,G&Wp,average,60,1977.19,0.92,03,00,00,09
Shipping_Measure_Costs,03_00_00_09,G&Wp,average,100,2719.45,0.82,03,00,00,09
Shipping_Measure_Costs,03_00_00_09,Wp,average,20,1239.57,0.95,03,00,00,09
Shipping_Measure_Costs,03_00_00_09,Wp,average,60,1981.83,0.92,03,00,00,09
Shipping_Measure_Costs,03_00_00_09,Wp,average,100,2724.09,0.83,03,00,00,09
Shipping_Measure_Costs,05_00_00_00,D,average,20,0.0,0.0,05,00,00,00
Shipping_Measure_Costs,05_00_00_00,D,average,60,0.0,0.0,05,00,00,00
Shipping_Measure_Costs,05_00_00_00,D,average,100,0.0,0.0,05,00,00,00
Shipping_Measure_Costs,05_00_00_00,D&G,average,20,0.0,0.0,05,00,00,00
Shipping_Measure_Costs,05_00_00_00,D&G,average,60,0.0,0.0,05,00,00,00
Shipping_Measure_Costs,05_00_00_00,D&G,average,100,0.0,0.0,05,00,00,00
Shipping_Measure_Costs,05_00_00_00,D&G&Wp,average,20,0.0,0.0,05,00,00,00
Shipping_Measure_Costs,05_00_00_00,D&G&Wp,average,60,0.0,0.0,05,00,00,00
Shipping_Measure_Costs,05_00_00_00,D&G&Wp,average,100,0.0,0.0,05,00,00,00
Shipping_Measure_Costs,05_00_00_00,D&Wp,average,20,0.0,0.0,05,00,00,00
Shipping_Measure_Costs,05_00_00_00,D&Wp,average,60,0.0,0.0,05,00,00,00
Shipping_Measure_Costs,05_00_00_00,D&Wp,average,100,0.0,0.0,05,00,00,00
Shipping_Measure_Costs,05_00_00_00,G,average,20,0.0,0.0,05,00,00,00
Shipping_Measure_Costs,05_00_00_00,G,average,60,0.0,0.0,05,00,00,00
Shipping_Measure_Costs,05_00_00_00,G,average,100,0.0,0.0,05,00,00,00
Shipping_Measure_Costs,05_00_00_00,G&Wp,average,20,0.0,0.0,05,00,00,00
Shipping_Measure_Costs,05_00_00_00,G&Wp,average,60,0.0,0.0,05,00,00,00
Shipping_Measure_Costs,05_00_00_00,G&Wp,average,100,0.0,0.0,05,00,00,00
Shipping_Measure_Costs,05_00_00_00,Wp,average,20,0.0,0.0,05,00,00,00
Shipping_Measure_Costs,05_00_00_00,Wp,average,60,0.0,0.0,05,00,00,00
Shipping_Measure_Costs,05_00_00_00,Wp,average,100,0.0,0.0,05,00,00,00
Shipping_Measure_Costs,05_00_00_01,D,average,20,545.88,0.42,05,00,00,01
Shipping_Measure_Costs,05_00_00_01,D,average,60,1088.6,0.51,05,00,00,01
Shipping_Measure_Costs,05_00_00_01,D,average,100,1545.95,0.47,05,00,00,01
Shipping_Measure_Costs,05_00_00_01,D&G,average,20,545.88,0.42,05,00,00,01
Shipping_Measure_Costs,05_00_00_01,D&G,average,60,1087.67,0.51,05,00,00,01
Shipping_Measure_Costs,05_00_00_01,D&G,average,100,1545.02,0.47,05,00,00,01
Shipping_Measure_Costs,05_00_00_01,D&G&Wp,average,20,580.57,0.45,05,00,00,01
Shipping_Measure_Costs,05_00_00_01,D&G&Wp,average,60,1293.39,0.6,05,00,00,01
Shipping_Measure_Costs,05_00_00_01,D&G&Wp,average,100,1849.71,0.56,05,00,00,01
Shipping_Measure_Costs,05_00_00_01,D&Wp,average,20,597.91,0.46,05,00,00,01
Shipping_Measure_Costs,05_00_00_01,D&Wp,average,60,1396.71,0.65,05,00,00,01
Shipping_Measure_Costs,05_00_00_01,D&Wp,average,100,2002.52,0.61,05,00,00,01
Shipping_Measure_Costs,05_00_00_01,G,average,20,545.88,0.42,05,00,00,01
Shipping_Measure_Costs,05_00_00_01,G,average,60,1086.74,0.51,05,00,00,01
Shipping_Measure_Costs,05_00_00_01,G,average,100,1544.1,0.47,05,00,00,01
Shipping_Measure_Costs,05_00_00_01,G&Wp,average,20,597.91,0.46,05,00,00,01
Shipping_Measure_Costs,05_00_00_01,G&Wp,average,60,1395.78,0.65,05,00,00,01
Shipping_Measure_Costs,05_00_00_01,G&Wp,average,100,2001.59,0.61,05,00,00,01
Shipping_Measure_Costs,05_00_00_01,Wp,average,20,649.95,0.5,05,00,00,01
Shipping_Measure_Costs,05_00_00_01,Wp,average,60,1704.82,0.79,05,00,00,01
Shipping_Measure_Costs,05_00_00_01,Wp,average,100,2459.08,0.75,05,00,00,01
Shipping_Measure_Costs,05_00_00_02,D,average,20,16.22,0.01,05,00,00,02
Shipping_Measure_Costs,05_00_00_02,D,average,60,87.69,0.04,05,00,00,02
Shipping_Measure_Costs,05_00_00_02,D,average,100,160.17,0.05,05,00,00,02
Shipping_Measure_Costs,05_00_00_02,D&G,average,20,16.22,0.01,05,00,00,02
Shipping_Measure_Costs,05_00_00_02,D&G,average,60,87.57,0.04,05,00,00,02
Shipping_Measure_Costs,05_00_00_02,D&G,average,100,160.05,0.05,05,00,00,02
Shipping_Measure_Costs,05_00_00_02,D&G&Wp,average,20,16.78,0.01,05,00,00,02
Shipping_Measure_Costs,05_00_00_02,D&G&Wp,average,60,537.3,0.25,05,00,00,02
Shipping_Measure_Costs,05_00_00_02,D&G&Wp,average,100,870.64,0.26,05,00,00,02
Shipping_Measure_Costs,05_00_00_02,D&Wp,average,20,17.05,0.01,05,00,00,02
Shipping_Measure_Costs,05_00_00_02,D&Wp,average,60,762.23,0.35,05,00,00,02
Shipping_Measure_Costs,05_00_00_02,D&Wp,average,100,1226.0,0.37,05,00,00,02
Shipping_Measure_Costs,05_00_00_02,G,average,20,16.22,0.01,05,00,00,02
Shipping_Measure_Costs,05_00_00_02,G,average,60,87.44,0.04,05,00,00,02
Shipping_Measure_Costs,05_00_00_02,G,average,100,159.92,0.05,05,00,00,02
Shipping_Measure_Costs,05_00_00_02,G&Wp,average,20,17.05,0.01,05,00,00,02
Shipping_Measure_Costs,05_00_00_02,G&Wp,average,60,762.1,0.35,05,00,00,02
Shipping_Measure_Costs,05_00_00_02,G&Wp,average,100,1225.87,0.37,05,00,00,02
Shipping_Measure_Costs,05_00_00_02,Wp,average,20,17.88,0.01,05,00,00,02
Shipping_Measure_Costs,05_00_00_02,Wp,average,60,1436.76,0.67,05,00,00,02
Shipping_Measure_Costs,05_00_00_02,Wp,average,100,2291.82,0.69,05,00,00,02
Shipping_Measure_Costs,05_00_00_04,D,average,20,41.08,0.03,05,00,00,04
Shipping_Measure_Costs,05_00_00_04,D,average,60,147.82,0.07,05,00,00,04
Shipping_Measure_Costs,05_00_00_04,D,average,100,255.82,0.08,05,00,00,04
Shipping_Measure_Costs,05_00_00_04,D&G,average,20,41.08,0.03,05,00,00,04
Shipping_Measure_Costs,05_00_00_04,D&G,average,60,146.27,0.07,05,00,00,04
Shipping_Measure_Costs,05_00_00_04,D&G,average,100,253.09,0.08,05,00,00,04
Shipping_Measure_Costs,05_00_00_04,D&G&Wp,average,20,41.5,0.03,05,00,00,04
Shipping_Measure_Costs,05_00_00_04,D&G&Wp,average,60,576.71,0.27,05,00,00,04
Shipping_Measure_Costs,05_00_00_04,D&G&Wp,average,100,932.95,0.28,05,00,00,04
Shipping_Measure_Costs,05_00_00_04,D&Wp,average,20,41.71,0.03,05,00,00,04
Shipping_Measure_Costs,05_00_00_04,D&Wp,average,60,792.71,0.37,05,00,00,04
Shipping_Measure_Costs,05_00_00_04,D&Wp,average,100,1274.24,0.39,05,00,00,04
Shipping_Measure_Costs,05_00_00_04,G,average,20,41.08,0.03,05,00,00,04
Shipping_Measure_Costs,05_00_00_04,G,average,60,144.73,0.07,05,00,00,04
Shipping_Measure_Costs,05_00_00_04,G,average,100,250.37,0.08,05,00,00,04
Shipping_Measure_Costs,05_00_00_04,G&Wp,average,20,41.71,0.03,05,00,00,04
Shipping_Measure_Costs,05_00_00_04,G&Wp,average,60,791.16,0.37,05,00,00,04
Shipping_Measure_Costs,05_00_00_04,G&Wp,average,100,1271.51,0.39,05,00,00,04
Shipping_Measure_Costs,05_00_00_04,Wp,average,20,42.34,0.03,05,00,00,04
Shipping_Measure_Costs,05_00_00_04,Wp,average,60,1437.6,0.67,05,00,00,04
Shipping_Measure_Costs,05_00_00_04,Wp,average,100,2292.66,0.69,05,00,00,04
Shipping_Measure_Costs,05_00_00_05,D,average,20,41.08,0.03,05,00,00,05
Shipping_Measure_Costs,05_00_00_05,D,average,60,1028.87,0.48,05,00,00,05
Shipping_Measure_Costs,05_00_00_05,D,average,100,1575.03,0.48,05,00,00,05
Shipping_Measure_Costs,05_00_00_05,D&G,average,20,41.08,0.03,05,00,00,05
Shipping_Measure_Costs,05_00_00_05,D&G,average,60,803.41,0.37,05,00,00,05
Shipping_Measure_Costs,05_00_00_05,D&G,average,100,1319.88,0.4,05,00,00,05
Shipping_Measure_Costs,05_00_00_05,D&G&Wp,average,20,41.5,0.03,05,00,00,05
Shipping_Measure_Costs,05_00_00_05,D&G&Wp,average,60,1085.58,0.5,05,00,00,05
Shipping_Measure_Costs,05_00_00_05,D&G&Wp,average,100,1710.91,0.52,05,00,00,05
Shipping_Measure_Costs,05_00_00_05,D&Wp,average,20,41.71,0.03,05,00,00,05
Shipping_Measure_Costs,05_00_00_05,D&Wp,average,60,1339.4,0.62,05,00,00,05
Shipping_Measure_Costs,05_00_00_05,D&Wp,average,100,2034.0,0.62,05,00,00,05
Shipping_Measure_Costs,05_00_00_05,G,average,20,41.08,0.03,05,00,00,05
Shipping_Measure_Costs,05_00_00_05,G,average,60,577.95,0.27,05,00,00,05
Shipping_Measure_Costs,05_00_00_05,G,average,100,1064.73,0.32,05,00,00,05
Shipping_Measure_Costs,05_00_00_05,G&Wp,average,20,41.71,0.03,05,00,00,05
Shipping_Measure_Costs,05_00_00_05,G&Wp,average,60,1113.94,0.52,05,00,00,05
Shipping_Measure_Costs,05_00_00_05,G&Wp,average,100,1778.85,0.54,05,00,00,05
Shipping_Measure_Costs,05_00_00_05,Wp,average,20,42.34,0.03,05,00,00,05
Shipping_Measure_Costs,05_00_00_05,Wp,average,60,1649.92,0.77,05,00,00,05
Shipping_Measure_Costs,05_00_00_05,Wp,average,100,2492.98,0.76,05,00,00,05
Shipping_Measure_Costs,05_00_00_07,D,average,20,1230.29,0.95,05,00,00,07
Shipping_Measure_Costs,05_00_00_07,D,average,60,1972.55,0.92,05,00,00,07
Shipping_Measure_Costs,05_00_00_07,D,average,100,2714.81,0.82,05,00,00,07
Shipping_Measure_Costs,05_00_00_07,D&G,average,20,1230.29,0.95,05,00,00,07
Shipping_Measure_Costs,05_00_00_07,D&G,average,60,1972.55,0.92,05,00,00,07
Shipping_Measure_Costs,05_00_00_07,D&G,average,100,2714.81,0.82,05,00,00,07
Shipping_Measure_Costs,05_00_00_07,D&G&Wp,average,20,1233.38,0.95,05,00,00,07
Shipping_Measure_Costs,05_00_00_07,D&G&Wp,average,60,1975.64,0.92,05,00,00,07
Shipping_Measure_Costs,05_00_00_07,D&G&Wp,average,100,2717.9,0.82,05,00,00,07
Shipping_Measure_Costs,05_00_00_07,D&Wp,average,20,1234.93,0.95,05,00,00,07
Shipping_Measure_Costs,05_00_00_07,D&Wp,average,60,1977.19,0.92,05,00,00,07
Shipping_Measure_Costs,05_00_00_07,D&Wp,average,100,2719.45,0.82,05,00,00,07
Shipping_Measure_Costs,05_00_00_07,G,average,20,1230.29,0.95,05,00,00,07
Shipping_Measure_Costs,05_00_00_07,G,average,60,1972.55,0.92,05,00,00,07
Shipping_Measure_Costs,05_00_00_07,G,average,100,2714.81,0.82,05,00,00,07
Shipping_Measure_Costs,05_00_00_07,G&Wp,average,20,1234.93,0.95,05,00,00,07
Shipping_Measure_Costs,05_00_00_07,G&Wp,average,60,1977.19,0.92,05,00,00,07
Shipping_Measure_Costs,05_00_00_07,G&Wp,average,100,2719.45,0.82,05,00,00,07
Shipping_Measure_Costs,05_00_00_07,Wp,average,20,1239.57,0.95,05,00,00,07
Shipping_Measure_Costs,05_00_00_07,Wp,average,60,1981.83,0.92,05,00,00,07
Shipping_Measure_Costs,05_00_00_07,Wp,average,100,2724.09,0.83,05,00,00,07
Shipping_Measure_Costs,05_00_00_08,D,average,20,1230.29,0.95,05,00,00,08
Shipping_Measure_Costs,05_00_00_08,D,average,60,1972.55,0.92,05,00,00,08
Shipping_Measure_Costs,05_00_00_08,D,average,100,2714.81,0.82,05,00,00,08
Shipping_Measure_Costs,05_00_00_08,D&G,average,20,1230.29,0.95,05,00,00,08
Shipping_Measure_Costs,05_00_00_08,D&G,average,60,1972.55,0.92,05,00,00,08
Shipping_Measure_Costs,05_00_00_08,D&G,average,100,2714.81,0.82,05,00,00,08
Shipping_Measure_Costs,05_00_00_08,D&G&Wp,average,20,1233.38,0.95,05,00,00,08
Shipping_Measure_Costs,05_00_00_08,D&G&Wp,average,60,1975.64,0.92,05,00,00,08
Shipping_Measure_Costs,05_00_00_08,D&G&Wp,average,100,2717.9,0.82,05,00,00,08
Shipping_Measure_Costs,05_00_00_08,D&Wp,average,20,1234.93,0.95,05,00,00,08
Shipping_Measure_Costs,05_00_00_08,D&Wp,average,60,1977.19,0.92,05,00,00,08
Shipping_Measure_Costs,05_00_00_08,D&Wp,average,100,2719.45,0.82,05,00,00,08
Shipping_Measure_Costs,05_00_00_08,G,average,20,1230.29,0.95,05,00,00,08
Shipping_Measure_Costs,05_00_00_08,G,average,60,1972.55,0.92,05,00,00,08
Shipping_Measure_Costs,05_00_00_08,G,average,100,2714.81,0.82,05,00,00,08
Shipping_Measure_Costs,05_00_00_08,G&Wp,average,20,1234.93,0.95,05,00,00,08
Shipping_Measure_Costs,05_00_00_08,G&Wp,average,60,1977.19,0.92,05,00,00,08
Shipping_Measure_Costs,05_00_00_08,G&Wp,average,100,2719.45,0.82,05,00,00,08
Shipping_Measure_Costs,05_00_00_08,Wp,average,20,1239.57,0.95,05,00,00,08
Shipping_Measure_Costs,05_00_00_08,Wp,average,60,1981.83,0.92,05,00,00,08
Shipping_Measure_Costs,05_00_00_08,Wp,average,100,2724.09,0.83,05,00,00,08
Shipping_Measure_Costs,05_00_00_09,D,average,20,1230.29,0.95,05,00,00,09
Shipping_Measure_Costs,05_00_00_09,D,average,60,1972.55,0.92,05,00,00,09
Shipping_Measure_Costs,05_00_00_09,D,average,100,2714.81,0.82,05,00,00,09
Shipping_Measure_Costs,05_00_00_09,D&G,average,20,1230.29,0.95,05,00,00,09
Shipping_Measure_Costs,05_00_00_09,D&G,average,60,1972.55,0.92,05,00,00,09
Shipping_Measure_Costs,05_00_00_09,D&G,average,100,2714.81,0.82,05,00,00,09
Shipping_Measure_Costs,05_00_00_09,D&G&Wp,average,20,1233.38,0.95,05,00,00,09
Shipping_Measure_Costs,05_00_00_09,D&G&Wp,average,60,1975.64,0.92,05,00,00,09
Shipping_Measure_Costs,05_00_00_09,D&G&Wp,average,100,2717.9,0.82,05,00,00,09
Shipping_Measure_Costs,05_00_00_09,D&Wp,average,20,1234.93,0.95,05,00,00,09
Shipping_Measure_Costs,05_00_00_09,D&Wp,average,60,1977.19,0.92,05,00,00,09
Shipping_Measure_Costs,05_00_00_09,D&Wp,average,100,2719.45,0.82,05,00,00,09
Shipping_Measure_Costs,05_00_00_09,G,average,20,1230.29,0.95,05,00,00,09
Shipping_Measure_Costs,05_00_00_09,G,average,60,1972.55,0.92,05,00,00,09
Shipping_Measure_Costs,05_00_00_09,G,average,100,2714.81,0.82,05,00,00,09
Shipping_Measure_Costs,05_00_00_09,G&Wp,average,20,1234.93,0.95,05,00,00,09
Shipping_Measure_Costs,05_00_00_09,G&Wp,average,60,1977.19,0.92,05,00,00,09
Shipping_Measure_Costs,05_00_00_09,G&Wp,average,100,2719.45,0.82,05,00,00,09
Shipping_Measure_Costs,05_00_00_09,Wp,average,20,1239.57,0.95,05,00,00,09
Shipping_Measure_Costs,05_00_00_09,Wp,average,60,1981.83,0.92,05,00,00,09
Shipping_Measure_Costs,05_00_00_09,Wp,average,100,2724.09,0.83,05,00,00,09
Shipping_Measure_Costs,07_00_00_00,D,average,20,0.0,0.0,07,00,00,00
Shipping_Measure_Costs,07_00_00_00,D,average,60,0.0,0.0,07,00,00,00
Shipping_Measure_Costs,07_00_00_00,D,average,100,0.0,0.0,07,00,00,00
Shipping_Measure_Costs,07_00_00_00,D&G,average,20,0.0,0.0,07,00,00,00
Shipping_Measure_Costs,07_00_00_00,D&G,average,60,0.0,0.0,07,00,00,00
Shipping_Measure_Costs,07_00_00_00,D&G,average,100,0.0,0.0,07,00,00,00
Shipping_Measure_Costs,07_00_00_00,D&G&Wp,average,20,0.0,0.0,07,00,00,00
Shipping_Measure_Costs,07_00_00_00,D&G&Wp,average,60,0.0,0.0,07,00,00,00
Shipping_Measure_Costs,07_00_00_00,D&G&Wp,average,100,0.0,0.0,07,00,00,00
Shipping_Measure_Costs,07_00_00_00,D&Wp,average,20,0.0,0.0,07,00,00,00
Shipping_Measure_Costs,07_00_00_00,D&Wp,average,60,0.0,0.0,07,00,00,00
Shipping_Measure_Costs,07_00_00_00,D&Wp,average,100,0.0,0.0,07,00,00,00
Shipping_Measure_Costs,07_00_00_00,G,average,20,0.0,0.0,07,00,00,00
Shipping_Measure_Costs,07_00_00_00,G,average,60,0.0,0.0,07,00,00,00
Shipping_Measure_Costs,07_00_00_00,G,average,100,0.0,0.0,07,00,00,00
Shipping_Measure_Costs,07_00_00_00,G&Wp,average,20,0.0,0.0,07,00,00,00
Shipping_Measure_Costs,07_00_00_00,G&Wp,average,60,0.0,0.0,07,00,00,00
Shipping_Measure_Costs,07_00_00_00,G&Wp,average,100,0.0,0.0,07,00,00,00
Shipping_Measure_Costs,07_00_00_00,Wp,average,20,0.0,0.0,07,00,00,00
Shipping_Measure_Costs,07_00_00_00,Wp,average,60,0.0,0.0,07,00,00,00
Shipping_Measure_Costs,07_00_00_00,Wp,average,100,0.0,0.0,07,00,00,00
Shipping_Measure_Costs,07_00_00_01,D,average,20,545.88,0.42,07,00,00,01
Shipping_Measure_Costs,07_00_00_01,D,average,60,1088.6,0.51,07,00,00,01
Shipping_Measure_Costs,07_00_00_01,D,average,100,1545.95,0.47,07,00,00,01
Shipping_Measure_Costs,07_00_00_01,D&G,average,20,545.88,0.42,07,00,00,01
Shipping_Measure_Costs,07_00_00_01,D&G,average,60,1087.67,0.51,07,00,00,01
Shipping_Measure_Costs,07_00_00_01,D&G,average,100,1545.02,0.47,07,00,00,01
Shipping_Measure_Costs,07_00_00_01,D&G&Wp,average,20,580.57,0.45,07,00,00,01
Shipping_Measure_Costs,07_00_00_01,D&G&Wp,average,60,1293.39,0.6,07,00,00,01
Shipping_Measure_Costs,07_00_00_01,D&G&Wp,average,100,1849.71,0.56,07,00,00,01
Shipping_Measure_Costs,07_00_00_01,D&Wp,average,20,597.91,0.46,07,00,00,01
Shipping_Measure_Costs,07_00_00_01,D&Wp,average,60,1396.71,0.65,07,00,00,01
Shipping_Measure_Costs,07_00_00_01,D&Wp,average,100,2002.52,0.61,07,00,00,01
Shipping_Measure_Costs,07_00_00_01,G,average,20,545.88,0.42,07,00,00,01
Shipping_Measure_Costs,07_00_00_01,G,average,60,1086.74,0.51,07,00,00,01
Shipping_Measure_Costs,07_00_00_01,G,average,100,1544.1,0.47,07,00,00,01
Shipping_Measure_Costs,07_00_00_01,G&Wp,average,20,597.91,0.46,07,00,00,01
Shipping_Measure_Costs,07_00_00_01,G&Wp,average,60,1395.78,0.65,07,00,00,01
Shipping_Measure_Costs,07_00_00_01,G&Wp,average,100,2001.59,0.61,07,00,00,01
Shipping_Measure_Costs,07_00_00_01,Wp,average,20,649.95,0.5,07,00,00,01
Shipping_Measure_Costs,07_00_00_01,Wp,average,60,1704.82,0.79,07,00,00,01
Shipping_Measure_Costs,07_00_00_01,Wp,average,100,2459.08,0.75,07,00,00,01
Shipping_Measure_Costs,07_00_00_02,D,average,20,16.22,0.01,07,00,00,02
Shipping_Measure_Costs,07_00_00_02,D,average,60,87.69,0.04,07,00,00,02
Shipping_Measure_Costs,07_00_00_02,D,average,100,160.17,0.05,07,00,00,02
Shipping_Measure_Costs,07_00_00_02,D&G,average,20,16.22,0.01,07,00,00,02
Shipping_Measure_Costs,07_00_00_02,D&G,average,60,87.57,0.04,07,00,00,02
Shipping_Measure_Costs,07_00_00_02,D&G,average,100,160.05,0.05,07,00,00,02
Shipping_Measure_Costs,07_00_00_02,D&G&Wp,average,20,16.78,0.01,07,00,00,02
Shipping_Measure_Costs,07_00_00_02,D&G&Wp,average,60,537.3,0.25,07,00,00,02
Shipping_Measure_Costs,07_00_00_02,D&G&Wp,average,100,870.64,0.26,07,00,00,02
Shipping_Measure_Costs,07_00_00_02,D&Wp,average,20,17.05,0.01,07,00,00,02
Shipping_Measure_Costs,07_00_00_02,D&Wp,average,60,762.23,0.35,07,00,00,02
Shipping_Measure_Costs,07_00_00_02,D&Wp,average,100,1226.0,0.37,07,00,00,02
Shipping_Measure_Costs,07_00_00_02,G,average,20,16.22,0.01,07,00,00,02
Shipping_Measure_Costs,07_00_00_02,G,average,60,87.44,0.04,07,00,00,02
Shipping_Measure_Costs,07_00_00_02,G,average,100,159.92,0.05,07,00,00,02
Shipping_Measure_Costs,07_00_00_02,G&Wp,average,20,17.05,0.01,07,00,00,02
Shipping_Measure_Costs,07_00_00_02,G&Wp,average,60,762.1,0.35,07,00,00,02
Shipping_Measure_Costs,07_00_00_02,G&Wp,average,100,1225.87,0.37,07,00,00,02
Shipping_Measure_Costs,07_00_00_02,Wp,average,20,17.88,0.01,07,00,00,02
Shipping_Measure_Costs,07_00_00_02,Wp,average,60,1436.76,0.67,07,00,00,02
Shipping_Measure_Costs,07_00_00_02,Wp,average,100,2291.82,0.69,07,00,00,02
Shipping_Measure_Costs,07_00_00_04,D,average,20,41.08,0.03,07,00,00,04
Shipping_Measure_Costs,07_00_00_04,D,average,60,147.82,0.07,07,00,00,04
Shipping_Measure_Costs,07_00_00_04,D,average,100,255.82,0.08,07,00,00,04
Shipping_Measure_Costs,07_00_00_04,D&G,average,20,41.08,0.03,07,00,00,04
Shipping_Measure_Costs,07_00_00_04,D&G,average,60,146.27,0.07,07,00,00,04
Shipping_Measure_Costs,07_00_00_04,D&G,average,100,253.09,0.08,07,00,00,04
Shipping_Measure_Costs,07_00_00_04,D&G&Wp,average,20,41.5,0.03,07,00,00,04
Shipping_Measure_Costs,07_00_00_04,D&G&Wp,average,60,576.71,0.27,07,00,00,04
Shipping_Measure_Costs,07_00_00_04,D&G&Wp,average,100,932.95,0.28,07,00,00,04
Shipping_Measure_Costs,07_00_00_04,D&Wp,average,20,41.71,0.03,07,00,00,04
Shipping_Measure_Costs,07_00_00_04,D&Wp,average,60,792.71,0.37,07,00,00,04
Shipping_Measure_Costs,07_00_00_04,D&Wp,average,100,1274.24,0.39,07,00,00,04
Shipping_Measure_Costs,07_00_00_04,G,average,20,41.08,0.03,07,00,00,04
Shipping_Measure_Costs,07_00_00_04,G,average,60,144.73,0.07,07,00,00,04
Shipping_Measure_Costs,07_00_00_04,G,average,100,250.37,0.08,07,00,00,04
Shipping_Measure_Costs,07_00_00_04,G&Wp,average,20,41.71,0.03,07,00,00,04
Shipping_Measure_Costs,07_00_00_04,G&Wp,average,60,791.16,0.37,07,00,00,04
Shipping_Measure_Costs,07_00_00_04,G&Wp,average,100,1271.51,0.39,07,00,00,04
Shipping_Measure_Costs,07_00_00_04,Wp,average,20,42.34,0.03,07,00,00,04
Shipping_Measure_Costs,07_00_00_04,Wp,average,60,1437.6,0.67,07,00,00,04
Shipping_Measure_Costs,07_00_00_04,Wp,average,100,2292.66,0.69,07,00,00,04
Shipping_Measure_Costs,07_00_00_05,D,average,20,41.08,0.03,07,00,00,05
Shipping_Measure_Costs,07_00_00_05,D,average,60,1028.87,0.48,07,00,00,05
Shipping_Measure_Costs,07_00_00_05,D,average,100,1575.03,0.48,07,00,00,05
Shipping_Measure_Costs,07_00_00_05,D&G,average,20,41.08,0.03,07,00,00,05
Shipping_Measure_Costs,07_00_00_05,D&G,average,60,803.41,0.37,07,00,00,05
Shipping_Measure_Costs,07_00_00_05,D&G,average,100,1319.88,0.4,07,00,00,05
Shipping_Measure_Costs,07_00_00_05,D&G&Wp,average,20,41.5,0.03,07,00,00,05
Shipping_Measure_Costs,07_00_00_05,D&G&Wp,average,60,1085.58,0.5,07,00,00,05
Shipping_Measure_Costs,07_00_00_05,D&G&Wp,average,100,1710.91,0.52,07,00,00,05
Shipping_Measure_Costs,07_00_00_05,D&Wp,average,20,41.71,0.03,07,00,00,05
Shipping_Measure_Costs,07_00_00_05,D&Wp,average,60,1339.4,0.62,07,00,00,05
Shipping_Measure_Costs,07_00_00_05,D&Wp,average,100,2034.0,0.62,07,00,00,05
Shipping_Measure_Costs,07_00_00_05,G,average,20,41.08,0.03,07,00,00,05
Shipping_Measure_Costs,07_00_00_05,G,average,60,577.95,0.27,07,00,00,05
Shipping_Measure_Costs,07_00_00_05,G,average,100,1064.73,0.32,07,00,00,05
Shipping_Measure_Costs,07_00_00_05,G&Wp,average,20,41.71,0.03,07,00,00,05
Shipping_Measure_Costs,07_00_00_05,G&Wp,average,60,1113.94,0.52,07,00,00,05
Shipping_Measure_Costs,07_00_00_05,G&Wp,average,100,1778.85,0.54,07,00,00,05
Shipping_Measure_Costs,07_00_00_05,Wp,average,20,42.34,0.03,07,00,00,05
Shipping_Measure_Costs,07_00_00_05,Wp,average,60,1649.92,0.77,07,00,00,05
Shipping_Measure_Costs,07_00_00_05,Wp,average,100,2492.98,0.76,07,00,00,05
Shipping_Measure_Costs,07_00_00_07,D,average,20,1230.29,0.95,07,00,00,07
Shipping_Measure_Costs,07_00_00_07,D,average,60,1972.55,0.92,07,00,00,07
Shipping_Measure_Costs,07_00_00_07,D,average,100,2714.81,0.82,07,00,00,07
Shipping_Measure_Costs,07_00_00_07,D&G,average,20,1230.29,0.95,07,00,00,07
Shipping_Measure_Costs,07_00_00_07,D&G,average,60,1972.55,0.92,07,00,00,07
Shipping_Measure_Costs,07_00_00_07,D&G,average,100,2714.81,0.82,07,00,00,07
Shipping_Measure_Costs,07_00_00_07,D&G&Wp,average,20,1233.38,0.95,07,00,00,07
Shipping_Measure_Costs,07_00_00_07,D&G&Wp,average,60,1975.64,0.92,07,00,00,07
Shipping_Measure_Costs,07_00_00_07,D&G&Wp,average,100,2717.9,0.82,07,00,00,07
Shipping_Measure_Costs,07_00_00_07,D&Wp,average,20,1234.93,0.95,07,00,00,07
Shipping_Measure_Costs,07_00_00_07,D&Wp,average,60,1977.19,0.92,07,00,00,07
Shipping_Measure_Costs,07_00_00_07,D&Wp,average,100,2719.45,0.82,07,00,00,07
Shipping_Measure_Costs,07_00_00_07,G,average,20,1230.29,0.95,07,00,00,07
Shipping_Measure_Costs,07_00_00_07,G,average,60,1972.55,0.92,07,00,00,07
Shipping_Measure_Costs,07_00_00_07,G,average,100,2714.81,0.82,07,00,00,07
Shipping_Measure_Costs,07_00_00_07,G&Wp,average,20,1234.93,0.95,07,00,00,07
Shipping_Measure_Costs,07_00_00_07,G&Wp,average,60,1977.19,0.92,07,00,00,07
Shipping_Measure_Costs,07_00_00_07,G&Wp,average,100,2719.45,0.82,07,00,00,07
Shipping_Measure_Costs,07_00_00_07,Wp,average,20,1239.57,0.95,07,00,00,07
Shipping_Measure_Costs,07_00_00_07,Wp,average,60,1981.83,0.92,07,00,00,07
Shipping_Measure_Costs,07_00_00_07,Wp,average,100,2724.09,0.83,07,00,00,07
Shipping_Measure_Costs,07_00_00_08,D,average,20,1230.29,0.95,07,00,00,08
Shipping_Measure_Costs,07_00_00_08,D,average,60,1972.55,0.92,07,00,00,08
Shipping_Measure_Costs,07_00_00_08,D,average,100,2714.81,0.82,07,00,00,08
Shipping_Measure_Costs,07_00_00_08,D&G,average,20,1230.29,0.95,07,00,00,08
Shipping_Measure_Costs,07_00_00_08,D&G,average,60,1972.55,0.92,07,00,00,08
Shipping_Measure_Costs,07_00_00_08,D&G,average,100,2714.81,0.82,07,00,00,08
Shipping_Measure_Costs,07_00_00_08,D&G&Wp,average,20,1233.38,0.95,07,00,00,08
Shipping_Measure_Costs,07_00_00_08,D&G&Wp,average,60,1975.64,0.92,07,00,00,08
Shipping_Measure_Costs,07_00_00_08,D&G&Wp,average,100,2717.9,0.82,07,00,00,08
Shipping_Measure_Costs,07_00_00_08,D&Wp,average,20,1234.93,0.95,07,00,00,08
Shipping_Measure_Costs,07_00_00_08,D&Wp,average,60,1977.19,0.92,07,00,00,08
Shipping_Measure_Costs,07_00_00_08,D&Wp,average,100,2719.45,0.82,07,00,00,08
Shipping_Measure_Costs,07_00_00_08,G,average,20,1230.29,0.95,07,00,00,08
Shipping_Measure_Costs,07_00_00_08,G,average,60,1972.55,0.92,07,00,00,08
Shipping_Measure_Costs,07_00_00_08,G,average,100,2714.81,0.82,07,00,00,08
Shipping_Measure_Costs,07_00_00_08,G&Wp,average,20,1234.93,0.95,07,00,00,08
Shipping_Measure_Costs,07_00_00_08,G&Wp,average,60,1977.19,0.92,07,00,00,08
Shipping_Measure_Costs,07_00_00_08,G&Wp,average,100,2719.45,0.82,07,00,00,08
Shipping_Measure_Costs,07_00_00_08,Wp,average,20,1239.57,0.95,07,00,00,08
Shipping_Measure_Costs,07_00_00_08,Wp,average,60,1981.83,0.92,07,00,00,08
Shipping_Measure_Costs,07_00_00_08,Wp,average,100,2724.09,0.83,07,00,00,08
Shipping_Measure_Costs,07_00_00_09,D,average,20,1230.29,0.95,07,00,00,09
Shipping_Measure_Costs,07_00_00_09,D,average,60,1972.55,0.92,07,00,00,09
Shipping_Measure_Costs,07_00_00_09,D,average,100,2714.81,0.82,07,00,00,09
Shipping_Measure_Costs,07_00_00_09,D&G,average,20,1230.29,0.95,07,00,00,09
Shipping_Measure_Costs,07_00_00_09,D&G,average,60,1972.55,0.92,07,00,00,09
Shipping_Measure_Costs,07_00_00_09,D&G,average,100,2714.81,0.82,07,00,00,09
Shipping_Measure_Costs,07_00_00_09,D&G&Wp,average,20,1233.38,0.95,07,00,00,09
Shipping_Measure_Costs,07_00_00_09,D&G&Wp,average,60,1975.64,0.92,07,00,00,09
Shipping_Measure_Costs,07_00_00_09,D&G&Wp,average,100,2717.9,0.82,07,00,00,09
Shipping_Measure_Costs,07_00_00_09,D&Wp,average,20,1234.93,0.95,07,00,00,09
Shipping_Measure_Costs,07_00_00_09,D&Wp,average,60,1977.19,0.92,07,00,00,09
Shipping_Measure_Costs,07_00_00_09,D&Wp,average,100,2719.45,0.82,07,00,00,09
Shipping_Measure_Costs,07_00_00_09,G,average,20,1230.29,0.95,07,00,00,09
Shipping_Measure_Costs,07_00_00_09,G,average,60,1972.55,0.92,07,00,00,09
Shipping_Measure_Costs,07_00_00_09,G,average,100,2714.81,0.82,07,00,00,09
Shipping_Measure_Costs,07_00_00_09,G&Wp,average,20,1234.93,0.95,07,00,00,09
Shipping_Measure_Costs,07_00_00_09,G&Wp,average,60,1977.19,0.92,07,00,00,09
Shipping_Measure_Costs,07_00_00_09,G&Wp,average,100,2719.45,0.82,07,00,00,09
Shipping_Measure_Costs,07_00_00_09,Wp,average,20,1239.57,0.95,07,00,00,09
Shipping_Measure_Costs,07_00_00_09,Wp,average,60,1981.83,0.92,07,00,00,09
Shipping_Measure_Costs,07_00_00_09,Wp,average,100,2724.09,0.83,07,00,00,09
Shipping_Measure_Costs,09_00_00_00,D,average,20,0.0,0.0,09,00,00,00
Shipping_Measure_Costs,09_00_00_00,D,average,60,0.0,0.0,09,00,00,00
Shipping_Measure_Costs,09_00_00_00,D,average,100,0.0,0.0,09,00,00,00
Shipping_Measure_Costs,09_00_00_00,D&G,average,20,0.0,0.0,09,00,00,00
Shipping_Measure_Costs,09_00_00_00,D&G,average,60,0.0,0.0,09,00,00,00
Shipping_Measure_Costs,09_00_00_00,D&G,average,100,0.0,0.0,09,00,00,00
Shipping_Measure_Costs,09_00_00_00,D&G&Wp,average,20,0.0,0.0,09,00,00,00
Shipping_Measure_Costs,09_00_00_00,D&G&Wp,average,60,0.0,0.0,09,00,00,00
Shipping_Measure_Costs,09_00_00_00,D&G&Wp,average,100,0.0,0.0,09,00,00,00
Shipping_Measure_Costs,09_00_00_00,D&Wp,average,20,0.0,0.0,09,00,00,00
Shipping_Measure_Costs,09_00_00_00,D&Wp,average,60,0.0,0.0,09,00,00,00
Shipping_Measure_Costs,09_00_00_00,D&Wp,average,100,0.0,0.0,09,00,00,00
Shipping_Measure_Costs,09_00_00_00,G,average,20,0.0,0.0,09,00,00,00
Shipping_Measure_Costs,09_00_00_00,G,average,60,0.0,0.0,09,00,00,00
Shipping_Measure_Costs,09_00_00_00,G,average,100,0.0,0.0,09,00,00,00
Shipping_Measure_Costs,09_00_00_00,G&Wp,average,20,0.0,0.0,09,00,00,00
Shipping_Measure_Costs,09_00_00_00,G&Wp,average,60,0.0,0.0,09,00,00,00
Shipping_Measure_Costs,09_00_00_00,G&Wp,average,100,0.0,0.0,09,00,00,00
Shipping_Measure_Costs,09_00_00_00,Wp,average,20,0.0,0.0,09,00,00,00
Shipping_Measure_Costs,09_00_00_00,Wp,average,60,0.0,0.0,09,00,00,00
Shipping_Measure_Costs,09_00_00_00,Wp,average,100,0.0,0.0,09,00,00,00
Shipping_Measure_Costs,09_00_00_01,D,average,20,545.88,0.42,09,00,00,01
Shipping_Measure_Costs,09_00_00_01,D,average,60,1088.6,0.51,09,00,00,01
Shipping_Measure_Costs,09_00_00_01,D,average,100,1545.95,0.47,09,00,00,01
Shipping_Measure_Costs,09_00_00_01,D&G,average,20,545.88,0.42,09,00,00,01
Shipping_Measure_Costs,09_00_00_01,D&G,average,60,1087.67,0.51,09,00,00,01
Shipping_Measure_Costs,09_00_00_01,D&G,average,100,1545.02,0.47,09,00,00,01
Shipping_Measure_Costs,09_00_00_01,D&G&Wp,average,20,580.57,0.45,09,00,00,01
Shipping_Measure_Costs,09_00_00_01,D&G&Wp,average,60,1293.39,0.6,09,00,00,01
Shipping_Measure_Costs,09_00_00_01,D&G&Wp,average,100,1849.71,0.56,09,00,00,01
Shipping_Measure_Costs,09_00_00_01,D&Wp,average,20,597.91,0.46,09,00,00,01
Shipping_Measure_Costs,09_00_00_01,D&Wp,average,60,1396.71,0.65,09,00,00,01
Shipping_Measure_Costs,09_00_00_01,D&Wp,average,100,2002.52,0.61,09,00,00,01
Shipping_Measure_Costs,09_00_00_01,G,average,20,545.88,0.42,09,00,00,01
Shipping_Measure_Costs,09_00_00_01,G,average,60,1086.74,0.51,09,00,00,01
Shipping_Measure_Costs,09_00_00_01,G,average,100,1544.1,0.47,09,00,00,01
Shipping_Measure_Costs,09_00_00_01,G&Wp,average,20,597.91,0.46,09,00,00,01
Shipping_Measure_Costs,09_00_00_01,G&Wp,average,60,1395.78,0.65,09,00,00,01
Shipping_Measure_Costs,09_00_00_01,G&Wp,average,100,2001.59,0.61,09,00,00,01
Shipping_Measure_Costs,09_00_00_01,Wp,average,20,649.95,0.5,09,00,00,01
Shipping_Measure_Costs,09_00_00_01,Wp,average,60,1704.82,0.79,09,00,00,01
Shipping_Measure_Costs,09_00_00_01,Wp,average,100,2459.08,0.75,09,00,00,01
Shipping_Measure_Costs,09_00_00_02,D,average,20,16.22,0.01,09,00,00,02
Shipping_Measure_Costs,09_00_00_02,D,average,60,87.69,0.04,09,00,00,02
Shipping_Measure_Costs,09_00_00_02,D,average,100,160.17,0.05,09,00,00,02
Shipping_Measure_Costs,09_00_00_02,D&G,average,20,16.22,0.01,09,00,00,02
Shipping_Measure_Costs,09_00_00_02,D&G,average,60,87.57,0.04,09,00,00,02
Shipping_Measure_Costs,09_00_00_02,D&G,average,100,160.05,0.05,09,00,00,02
Shipping_Measure_Costs,09_00_00_02,D&G&Wp,average,20,16.78,0.01,09,00,00,02
Shipping_Measure_Costs,09_00_00_02,D&G&Wp,average,60,537.3,0.25,09,00,00,02
Shipping_Measure_Costs,09_00_00_02,D&G&Wp,average,100,870.64,0.26,09,00,00,02
Shipping_Measure_Costs,09_00_00_02,D&Wp,average,20,17.05,0.01,09,00,00,02
Shipping_Measure_Costs,09_00_00_02,D&Wp,average,60,762.23,0.35,09,00,00,02
Shipping_Measure_Costs,09_00_00_02,D&Wp,average,100,1226.0,0.37,09,00,00,02
Shipping_Measure_Costs,09_00_00_02,G,average,20,16.22,0.01,09,00,00,02
Shipping_Measure_Costs,09_00_00_02,G,average,60,87.44,0.04,09,00,00,02
Shipping_Measure_Costs,09_00_00_02,G,average,100,159.92,0.05,09,00,00,02
Shipping_Measure_Costs,09_00_00_02,G&Wp,average,20,17.05,0.01,09,00,00,02
Shipping_Measure_Costs,09_00_00_02,G&Wp,average,60,762.1,0.35,09,00,00,02
Shipping_Measure_Costs,09_00_00_02,G&Wp,average,100,1225.87,0.37,09,00,00,02
Shipping_Measure_Costs,09_00_00_02,Wp,average,20,17.88,0.01,09,00,00,02
Shipping_Measure_Costs,09_00_00_02,Wp,average,60,1436.76,0.67,09,00,00,02
Shipping_Measure_Costs,09_00_00_02,Wp,average,100,2291.82,0.69,09,00,00,02
Shipping_Measure_Costs,09_00_00_04,D,average,20,41.08,0.03,09,00,00,04
Shipping_Measure_Costs,09_00_00_04,D,average,60,147.82,0.07,09,00,00,04
Shipping_Measure_Costs,09_00_00_04,D,average,100,255.82,0.08,09,00,00,04
Shipping_Measure_Costs,09_00_00_04,D&G,average,20,41.08,0.03,09,00,00,04
Shipping_Measure_Costs,09_00_00_04,D&G,average,60,146.27,0.07,09,00,00,04
Shipping_Measure_Costs,09_00_00_04,D&G,average,100,253.09,0.08,09,00,00,04
Shipping_Measure_Costs,09_00_00_04,D&G&Wp,average,20,41.5,0.03,09,00,00,04
Shipping_Measure_Costs,09_00_00_04,D&G&Wp,average,60,576.71,0.27,09,00,00,04
Shipping_Measure_Costs,09_00_00_04,D&G&Wp,average,100,932.95,0.28,09,00,00,04
Shipping_Measure_Costs,09_00_00_04,D&Wp,average,20,41.71,0.03,09,00,00,04
Shipping_Measure_Costs,09_00_00_04,D&Wp,average,60,792.71,0.37,09,00,00,04
Shipping_Measure_Costs,09_00_00_04,D&Wp,average,100,1274.24,0.39,09,00,00,04
Shipping_Measure_Costs,09_00_00_04,G,average,20,41.08,0.03,09,00,00,04
Shipping_Measure_Costs,09_00_00_04,G,average,60,144.73,0.07,09,00,00,04
Shipping_Measure_Costs,09_00_00_04,G,average,100,250.37,0.08,09,00,00,04
Shipping_Measure_Costs,09_00_00_04,G&Wp,average,20,41.71,0.03,09,00,00,04
Shipping_Measure_Costs,09_00_00_04,G&Wp,average,60,791.16,0.37,09,00,00,04
Shipping_Measure_Costs,09_00_00_04,G&Wp,average,100,1271.51,0.39,09,00,00,04
Shipping_Measure_Costs,09_00_00_04,Wp,average,20,42.34,0.03,09,00,00,04
Shipping_Measure_Costs,09_00_00_04,Wp,average,60,1437.6,0.67,09,00,00,04
Shipping_Measure_Costs,09_00_00_04,Wp,average,100,2292.66,0.69,09,00,00,04
Shipping_Measure_Costs,09_00_00_05,D,average,20,41.08,0.03,09,00,00,05
Shipping_Measure_Costs,09_00_00_05,D,average,60,1028.87,0.48,09,00,00,05
Shipping_Measure_Costs,09_00_00_05,D,average,100,1575.03,0.48,09,00,00,05
Shipping_Measure_Costs,09_00_00_05,D&G,average,20,41.08,0.03,09,00,00,05
Shipping_Measure_Costs,09_00_00_05,D&G,average,60,803.41,0.37,09,00,00,05
Shipping_Measure_Costs,09_00_00_05,D&G,average,100,1319.88,0.4,09,00,00,05
Shipping_Measure_Costs,09_00_00_05,D&G&Wp,average,20,41.5,0.03,09,00,00,05
Shipping_Measure_Costs,09_00_00_05,D&G&Wp,average,60,1085.58,0.5,09,00,00,05
Shipping_Measure_Costs,09_00_00_05,D&G&Wp,average,100,1710.91,0.52,09,00,00,05
Shipping_Measure_Costs,09_00_00_05,D&Wp,average,20,41.71,0.03,09,00,00,05
Shipping_Measure_Costs,09_00_00_05,D&Wp,average,60,1339.4,0.62,09,00,00,05
Shipping_Measure_Costs,09_00_00_05,D&Wp,average,100,2034.0,0.62,09,00,00,05
Shipping_Measure_Costs,09_00_00_05,G,average,20,41.08,0.03,09,00,00,05
Shipping_Measure_Costs,09_00_00_05,G,average,60,577.95,0.27,09,00,00,05
Shipping_Measure_Costs,09_00_00_05,G,average,100,1064.73,0.32,09,00,00,05
Shipping_Measure_Costs,09_00_00_05,G&Wp,average,20,41.71,0.03,09,00,00,05
Shipping_Measure_Costs,09_00_00_05,G&Wp,average,60,1113.94,0.52,09,00,00,05
Shipping_Measure_Costs,09_00_00_05,G&Wp,average,100,1778.85,0.54,09,00,00,05
Shipping_Measure_Costs,09_00_00_05,Wp,average,20,42.34,0.03,09,00,00,05
Shipping_Measure_Costs,09_00_00_05,Wp,average,60,1649.92,0.77,09,00,00,05
Shipping_Measure_Costs,09_00_00_05,Wp,average,100,2492.98,0.76,09,00,00,05
Shipping_Measure_Costs,09_00_00_07,D,average,20,1230.29,0.95,09,00,00,07
Shipping_Measure_Costs,09_00_00_07,D,average,60,1972.55,0.92,09,00,00,07
Shipping_Measure_Costs,09_00_00_07,D,average,100,2714.81,0.82,09,00,00,07
Shipping_Measure_Costs,09_00_00_07,D&G,average,20,1230.29,0.95,09,00,00,07
Shipping_Measure_Costs,09_00_00_07,D&G,average,60,1972.55,0.92,09,00,00,07
Shipping_Measure_Costs,09_00_00_07,D&G,average,100,2714.81,0.82,09,00,00,07
Shipping_Measure_Costs,09_00_00_07,D&G&Wp,average,20,1233.38,0.95,09,00,00,07
Shipping_Measure_Costs,09_00_00_07,D&G&Wp,average,60,1975.64,0.92,09,00,00,07
Shipping_Measure_Costs,09_00_00_07,D&G&Wp,average,100,2717.9,0.82,09,00,00,07
Shipping_Measure_Costs,09_00_00_07,D&Wp,average,20,1234.93,0.95,09,00,00,07
Shipping_Measure_Costs,09_00_00_07,D&Wp,average,60,1977.19,0.92,09,00,00,07
Shipping_Measure_Costs,09_00_00_07,D&Wp,average,100,2719.45,0.82,09,00,00,07
Shipping_Measure_Costs,09_00_00_07,G,average,20,1230.29,0.95,09,00,00,07
Shipping_Measure_Costs,09_00_00_07,G,average,60,1972.55,0.92,09,00,00,07
Shipping_Measure_Costs,09_00_00_07,G,average,100,2714.81,0.82,09,00,00,07
Shipping_Measure_Costs,09_00_00_07,G&Wp,average,20,1234.93,0.95,09,00,00,07
Shipping_Measure_Costs,09_00_00_07,G&Wp,average,60,1977.19,0.92,09,00,00,07
Shipping_Measure_Costs,09_00_00_07,G&Wp,average,100,2719.45,0.82,09,00,00,07
Shipping_Measure_Costs,09_00_00_07,Wp,average,20,1239.57,0.95,09,00,00,07
Shipping_Measure_Costs,09_00_00_07,Wp,average,60,1981.83,0.92,09,00,00,07
Shipping_Measure_Costs,09_00_00_07,Wp,average,100,2724.09,0.83,09,00,00,07
Shipping_Measure_Costs,09_00_00_08,D,average,20,1230.29,0.95,09,00,00,08
Shipping_Measure_Costs,09_00_00_08,D,average,60,1972.55,0.92,09,00,00,08
Shipping_Measure_Costs,09_00_00_08,D,average,100,2714.81,0.82,09,00,00,08
Shipping_Measure_Costs,09_00_00_08,D&G,average,20,1230.29,0.95,09,00,00,08
Shipping_Measure_Costs,09_00_00_08,D&G,average,60,1972.55,0.92,09,00,00,08
Shipping_Measure_Costs,09_00_00_08,D&G,average,100,2714.81,0.82,09,00,00,08
Shipping_Measure_Costs,09_00_00_08,D&G&Wp,average,20,1233.38,0.95,09,00,00,08
Shipping_Measure_Costs,09_00_00_08,D&G&Wp,average,60,1975.64,0.92,09,00,00,08
Shipping_Measure_Costs,09_00_00_08,D&G&Wp,average,100,2717.9,0.82,09,00,00,08
Shipping_Measure_Costs,09_00_00_08,D&Wp,average,20,1234.93,0.95,09,00,00,08
Shipping_Measure_Costs,09_00_00_08,D&Wp,average,60,1977.19,0.92,09,00,00,08
Shipping_Measure_Costs,09_00_00_08,D&Wp,average,100,2719.45,0.82,09,00,00,08
Shipping_Measure_Costs,09_00_00_08,G,average,20,1230.29,0.95,09,00,00,08
Shipping_Measure_Costs,09_00_00_08,G,average,60,1972.55,0.92,09,00,00,08
Shipping_Measure_Costs,09_00_00_08,G,average,100,2714.81,0.82,09,00,00,08
Shipping_Measure_Costs,09_00_00_08,G&Wp,average,20,1234.93,0.95,09,00,00,08
Shipping_Measure_Costs,09_00_00_08,G&Wp,average,60,1977.19,0.92,09,00,00,08
Shipping_Measure_Costs,09_00_00_08,G&Wp,average,100,2719.45,0.82,09,00,00,08
Shipping_Measure_Costs,09_00_00_08,Wp,average,20,1239.57,0.95,09,00,00,08
Shipping_Measure_Costs,09_00_00_08,Wp,average,60,1981.83,0.92,09,00,00,08
Shipping_Measure_Costs,09_00_00_08,Wp,average,100,2724.09,0.83,09,00,00,08
Shipping_Measure_Costs,09_00_00_09,D,average,20,1230.29,0.95,09,00,00,09
Shipping_Measure_Costs,09_00_00_09,D,average,60,1972.55,0.92,09,00,00,09
Shipping_Measure_Costs,09_00_00_09,D,average,100,2714.81,0.82,09,00,00,09
Shipping_Measure_Costs,09_00_00_09,D&G,average,20,1230.29,0.95,09,00,00,09
Shipping_Measure_Costs,09_00_00_09,D&G,average,60,1972.55,0.92,09,00,00,09
Shipping_Measure_Costs,09_00_00_09,D&G,average,100,2714.81,0.82,09,00,00,09
Shipping_Measure_Costs,09_00_00_09,D&G&Wp,average,20,1233.38,0.95,09,00,00,09
Shipping_Measure_Costs,09_00_00_09,D&G&Wp,average,60,1975.64,0.92,09,00,00,09
Shipping_Measure_Costs,09_00_00_09,D&G&Wp,average,100,2717.9,0.82,09,00,00,09
Shipping_Measure_Costs,09_00_00_09,D&Wp,average,20,1234.93,0.95,09,00,00,09
Shipping_Measure_Costs,09_00_00_09,D&Wp,average,60,1977.19,0.92,09,00,00,09
Shipping_Measure_Costs,09_00_00_09,D&Wp,average,100,2719.45,0.82,09,00,00,09
Shipping_Measure_Costs,09_00_00_09,G,average,20,1230.29,0.95,09,00,00,09
Shipping_Measure_Costs,09_00_00_09,G,average,60,1972.55,0.92,09,00,00,09
Shipping_Measure_Costs,09_00_00_09,G,average,100,2714.81,0.82,09,00,00,09
Shipping_Measure_Costs,09_00_00_09,G&Wp,average,20,1234.93,0.95,09,00,00,09
Shipping_Measure_Costs,09_00_00_09,G&Wp,average,60,1977.19,0.92,09,00,00,09
Shipping_Measure_Costs,09_00_00_09,G&Wp,average,100,2719.45,0.82,09,00,00,09
Shipping_Measure_Costs,09_00_00_09,Wp,average,20,1239.57,0.95,09,00,00,09
Shipping_Measure_Costs,09_00_00_09,Wp,average,60,1981.83,0.92,09,00,00,09
Shipping_Measure_Costs,09_00_00_09,Wp,average,100,2724.09,0.83,09,00,00,09
Shipping_Measure_Costs,11_00_00_00,D,average,20,0.0,0.0,11,00,00,00
Shipping_Measure_Costs,11_00_00_00,D,average,60,0.0,0.0,11,00,00,00
Shipping_Measure_Costs,11_00_00_00,D,average,100,0.0,0.0,11,00,00,00
Shipping_Measure_Costs,11_00_00_00,D&G,average,20,0.0,0.0,11,00,00,00
Shipping_Measure_Costs,11_00_00_00,D&G,average,60,0.0,0.0,11,00,00,00
Shipping_Measure_Costs,11_00_00_00,D&G,average,100,0.0,0.0,11,00,00,00
Shipping_Measure_Costs,11_00_00_00,D&G&Wp,average,20,0.0,0.0,11,00,00,00
Shipping_Measure_Costs,11_00_00_00,D&G&Wp,average,60,0.0,0.0,11,00,00,00
Shipping_Measure_Costs,11_00_00_00,D&G&Wp,average,100,0.0,0.0,11,00,00,00
Shipping_Measure_Costs,11_00_00_00,D&Wp,average,20,0.0,0.0,11,00,00,00
Shipping_Measure_Costs,11_00_00_00,D&Wp,average,60,0.0,0.0,11,00,00,00
Shipping_Measure_Costs,11_00_00_00,D&Wp,average,100,0.0,0.0,11,00,00,00
Shipping_Measure_Costs,11_00_00_00,G,average,20,0.0,0.0,11,00,00,00
Shipping_Measure_Costs,11_00_00_00,G,average,60,0.0,0.0,11,00,00,00
Shipping_Measure_Costs,11_00_00_00,G,average,100,0.0,0.0,11,00,00,00
Shipping_Measure_Costs,11_00_00_00,G&Wp,average,20,0.0,0.0,11,00,00,00
Shipping_Measure_Costs,11_00_00_00,G&Wp,average,60,0.0,0.0,11,00,00,00
Shipping_Measure_Costs,11_00_00_00,G&Wp,average,100,0.0,0.0,11,00,00,00
Shipping_Measure_Costs,11_00_00_00,Wp,average,20,0.0,0.0,11,00,00,00
Shipping_Measure_Costs,11_00_00_00,Wp,average,60,0.0,0.0,11,00,00,00
Shipping_Measure_Costs,11_00_00_00,Wp,average,100,0.0,0.0,11,00,00,00
Shipping_Measure_Costs,11_00_00_01,D,average,20,545.88,0.42,11,00,00,01
Shipping_Measure_Costs,11_00_00_01,D,average,60,1088.6,0.51,11,00,00,01
Shipping_Measure_Costs,11_00_00_01,D,average,100,1545.95,0.47,11,00,00,01
Shipping_Measure_Costs,11_00_00_01,D&G,average,20,545.88,0.42,11,00,00,01
Shipping_Measure_Costs,11_00_00_01,D&G,average,60,1087.67,0.51,11,00,00,01
Shipping_Measure_Costs,11_00_00_01,D&G,average,100,1545.02,0.47,11,00,00,01
Shipping_Measure_Costs,11_00_00_01,D&G&Wp,average,20,580.57,0.45,11,00,00,01
Shipping_Measure_Costs,11_00_00_01,D&G&Wp,average,60,1293.39,0.6,11,00,00,01
Shipping_Measure_Costs,11_00_00_01,D&G&Wp,average,100,1849.71,0.56,11,00,00,01
Shipping_Measure_Costs,11_00_00_01,D&Wp,average,20,597.91,0.46,11,00,00,01
Shipping_Measure_Costs,11_00_00_01,D&Wp,average,60,1396.71,0.65,11,00,00,01
Shipping_Measure_Costs,11_00_00_01,D&Wp,average,100,2002.52,0.61,11,00,00,01
Shipping_Measure_Costs,11_00_00_01,G,average,20,545.88,0.42,11,00,00,01
Shipping_Measure_Costs,11_00_00_01,G,average,60,1086.74,0.51,11,00,00,01
Shipping_Measure_Costs,11_00_00_01,G,average,100,1544.1,0.47,11,00,00,01
Shipping_Measure_Costs,11_00_00_01,G&Wp,average,20,597.91,0.46,11,00,00,01
Shipping_Measure_Costs,11_00_00_01,G&Wp,average,60,1395.78,0.65,11,00,00,01
Shipping_Measure_Costs,11_00_00_01,G&Wp,average,100,2001.59,0.61,11,00,00,01
Shipping_Measure_Costs,11_00_00_01,Wp,average,20,649.95,0.5,11,00,00,01
Shipping_Measure_Costs,11_00_00_01,Wp,average,60,1704.82,0.79,11,00,00,01
Shipping_Measure_Costs,11_00_00_01,Wp,average,100,2459.08,0.75,11,00,00,01
Shipping_Measure_Costs,11_00_00_02,D,average,20,16.22,0.01,11,00,00,02
Shipping_Measure_Costs,11_00_00_02,D,average,60,87.69,0.04,11,00,00,02
Shipping_Measure_Costs,11_00_00_02,D,average,100,160.17,0.05,11,00,00,02
Shipping_Measure_Costs,11_00_00_02,D&G,average,20,16.22,0.01,11,00,00,02
Shipping_Measure_Costs,11_00_00_02,D&G,average,60,87.57,0.04,11,00,00,02
Shipping_Measure_Costs,11_00_00_02,D&G,average,100,160.05,0.05,11,00,00,02
Shipping_Measure_Costs,11_00_00_02,D&G&Wp,average,20,16.78,0.01,11,00,00,02
Shipping_Measure_Costs,11_00_00_02,D&G&Wp,average,60,537.3,0.25,11,00,00,02
Shipping_Measure_Costs,11_00_00_02,D&G&Wp,average,100,870.64,0.26,11,00,00,02
Shipping_Measure_Costs,11_00_00_02,D&Wp,average,20,17.05,0.01,11,00,00,02
Shipping_Measure_Costs,11_00_00_02,D&Wp,average,60,762.23,0.35,11,00,00,02
Shipping_Measure_Costs,11_00_00_02,D&Wp,average,100,1226.0,0.37,11,00,00,02
Shipping_Measure_Costs,11_00_00_02,G,average,20,16.22,0.01,11,00,00,02
Shipping_Measure_Costs,11_00_00_02,G,average,60,87.44,0.04,11,00,00,02
Shipping_Measure_Costs,11_00_00_02,G,average,100,159.92,0.05,11,00,00,02
Shipping_Measure_Costs,11_00_00_02,G&Wp,average,20,17.05,0.01,11,00,00,02
Shipping_Measure_Costs,11_00_00_02,G&Wp,average,60,762.1,0.35,11,00,00,02
Shipping_Measure_Costs,11_00_00_02,G&Wp,average,100,1225.87,0.37,11,00,00,02
Shipping_Measure_Costs,11_00_00_02,Wp,average,20,17.88,0.01,11,00,00,02
Shipping_Measure_Costs,11_00_00_02,Wp,average,60,1436.76,0.67,11,00,00,02
Shipping_Measure_Costs,11_00_00_02,Wp,average,100,2291.82,0.69,11,00,00,02
Shipping_Measure_Costs,11_00_00_04,D,average,20,41.08,0.03,11,00,00,04
Shipping_Measure_Costs,11_00_00_04,D,average,60,147.82,0.07,11,00,00,04
Shipping_Measure_Costs,11_00_00_04,D,average,100,255.82,0.08,11,00,00,04
Shipping_Measure_Costs,11_00_00_04,D&G,average,20,41.08,0.03,11,00,00,04
Shipping_Measure_Costs,11_00_00_04,D&G,average,60,146.27,0.07,11,00,00,04
Shipping_Measure_Costs,11_00_00_04,D&G,average,100,253.09,0.08,11,00,00,04
Shipping_Measure_Costs,11_00_00_04,D&G&Wp,average,20,41.5,0.03,11,00,00,04
Shipping_Measure_Costs,11_00_00_04,D&G&Wp,average,60,576.71,0.27,11,00,00,04
Shipping_Measure_Costs,11_00_00_04,D&G&Wp,average,100,932.95,0.28,11,00,00,04
Shipping_Measure_Costs,11_00_00_04,D&Wp,average,20,41.71,0.03,11,00,00,04
Shipping_Measure_Costs,11_00_00_04,D&Wp,average,60,792.71,0.37,11,00,00,04
Shipping_Measure_Costs,11_00_00_04,D&Wp,average,100,1274.24,0.39,11,00,00,04
Shipping_Measure_Costs,11_00_00_04,G,average,20,41.08,0.03,11,00,00,04
Shipping_Measure_Costs,11_00_00_04,G,average,60,144.73,0.07,11,00,00,04
Shipping_Measure_Costs,11_00_00_04,G,average,100,250.37,0.08,11,00,00,04
Shipping_Measure_Costs,11_00_00_04,G&Wp,average,20,41.71,0.03,11,00,00,04
Shipping_Measure_Costs,11_00_00_04,G&Wp,average,60,791.16,0.37,11,00,00,04
Shipping_Measure_Costs,11_00_00_04,G&Wp,average,100,1271.51,0.39,11,00,00,04
Shipping_Measure_Costs,11_00_00_04,Wp,average,20,42.34,0.03,11,00,00,04
Shipping_Measure_Costs,11_00_00_04,Wp,average,60,1437.6,0.67,11,00,00,04
Shipping_Measure_Costs,11_00_00_04,Wp,average,100,2292.66,0.69,11,00,00,04
Shipping_Measure_Costs,11_00_00_05,D,average,20,41.08,0.03,11,00,00,05
Shipping_Measure_Costs,11_00_00_05,D,average,60,1028.87,0.48,11,00,00,05
Shipping_Measure_Costs,11_00_00_05,D,average,100,1575.03,0.48,11,00,00,05
Shipping_Measure_Costs,11_00_00_05,D&G,average,20,41.08,0.03,11,00,00,05
Shipping_Measure_Costs,11_00_00_05,D&G,average,60,803.41,0.37,11,00,00,05
Shipping_Measure_Costs,11_00_00_05,D&G,average,100,1319.88,0.4,11,00,00,05
Shipping_Measure_Costs,11_00_00_05,D&G&Wp,average,20,41.5,0.03,11,00,00,05
Shipping_Measure_Costs,11_00_00_05,D&G&Wp,average,60,1085.58,0.5,11,00,00,05
Shipping_Measure_Costs,11_00_00_05,D&G&Wp,average,100,1710.91,0.52,11,00,00,05
Shipping_Measure_Costs,11_00_00_05,D&Wp,average,20,41.71,0.03,11,00,00,05
Shipping_Measure_Costs,11_00_00_05,D&Wp,average,60,1339.4,0.62,11,00,00,05
Shipping_Measure_Costs,11_00_00_05,D&Wp,average,100,2034.0,0.62,11,00,00,05
Shipping_Measure_Costs,11_00_00_05,G,average,20,41.08,0.03,11,00,00,05
Shipping_Measure_Costs,11_00_00_05,G,average,60,577.95,0.27,11,00,00,05
Shipping_Measure_Costs,11_00_00_05,G,average,100,1064.73,0.32,11,00,00,05
Shipping_Measure_Costs,11_00_00_05,G&Wp,average,20,41.71,0.03,11,00,00,05
Shipping_Measure_Costs,11_00_00_05,G&Wp,average,60,1113.94,0.52,11,00,00,05
Shipping_Measure_Costs,11_00_00_05,G&Wp,average,100,1778.85,0.54,11,00,00,05
Shipping_Measure_Costs,11_00_00_05,Wp,average,20,42.34,0.03,11,00,00,05
Shipping_Measure_Costs,11_00_00_05,Wp,average,60,1649.92,0.77,11,00,00,05
Shipping_Measure_Costs,11_00_00_05,Wp,average,100,2492.98,0.76,11,00,00,05
Shipping_Measure_Costs,11_00_00_07,D,average,20,1230.29,0.95,11,00,00,07
Shipping_Measure_Costs,11_00_00_07,D,average,60,1972.55,0.92,11,00,00,07
Shipping_Measure_Costs,11_00_00_07,D,average,100,2714.81,0.82,11,00,00,07
Shipping_Measure_Costs,11_00_00_07,D&G,average,20,1230.29,0.95,11,00,00,07
Shipping_Measure_Costs,11_00_00_07,D&G,average,60,1972.55,0.92,11,00,00,07
Shipping_Measure_Costs,11_00_00_07,D&G,average,100,2714.81,0.82,11,00,00,07
Shipping_Measure_Costs,11_00_00_07,D&G&Wp,average,20,1233.38,0.95,11,00,00,07
Shipping_Measure_Costs,11_00_00_07,D&G&Wp,average,60,1975.64,0.92,11,00,00,07
Shipping_Measure_Costs,11_00_00_07,D&G&Wp,average,100,2717.9,0.82,11,00,00,07
Shipping_Measure_Costs,11_00_00_07,D&Wp,average,20,1234.93,0.95,11,00,00,07
Shipping_Measure_Costs,11_00_00_07,D&Wp,average,60,1977.19,0.92,11,00,00,07
Shipping_Measure_Costs,11_00_00_07,D&Wp,average,100,2719.45,0.82,11,00,00,07
Shipping_Measure_Costs,11_00_00_07,G,average,20,1230.29,0.95,11,00,00,07
Shipping_Measure_Costs,11_00_00_07,G,average,60,1972.55,0.92,11,00,00,07
Shipping_Measure_Costs,11_00_00_07,G,average,100,2714.81,0.82,11,00,00,07
Shipping_Measure_Costs,11_00_00_07,G&Wp,average,20,1234.93,0.95,11,00,00,07
Shipping_Measure_Costs,11_00_00_07,G&Wp,average,60,1977.19,0.92,11,00,00,07
Shipping_Measure_Costs,11_00_00_07,G&Wp,average,100,2719.45,0.82,11,00,00,07
Shipping_Measure_Costs,11_00_00_07,Wp,average,20,1239.57,0.95,11,00,00,07
Shipping_Measure_Costs,11_00_00_07,Wp,average,60,1981.83,0.92,11,00,00,07
Shipping_Measure_Costs,11_00_00_07,Wp,average,100,2724.09,0.83,11,00,00,07
Shipping_Measure_Costs,11_00_00_08,D,average,20,1230.29,0.95,11,00,00,08
Shipping_Measure_Costs,11_00_00_08,D,average,60,1972.55,0.92,11,00,00,08
Shipping_Measure_Costs,11_00_00_08,D,average,100,2714.81,0.82,11,00,00,08
Shipping_Measure_Costs,11_00_00_08,D&G,average,20,1230.29,0.95,11,00,00,08
Shipping_Measure_Costs,11_00_00_08,D&G,average,60,1972.55,0.92,11,00,00,08
Shipping_Measure_Costs,11_00_00_08,D&G,average,100,2714.81,0.82,11,00,00,08
Shipping_Measure_Costs,11_00_00_08,D&G&Wp,average,20,1233.38,0.95,11,00,00,08
Shipping_Measure_Costs,11_00_00_08,D&G&Wp,average,60,1975.64,0.92,11,00,00,08
Shipping_Measure_Costs,11_00_00_08,D&G&Wp,average,100,2717.9,0.82,11,00,00,08
Shipping_Measure_Costs,11_00_00_08,D&Wp,average,20,1234.93,0.95,11,00,00,08
Shipping_Measure_Costs,11_00_00_08,D&Wp,average,60,1977.19,0.92,11,00,00,08
Shipping_Measure_Costs,11_00_00_08,D&Wp,average,100,2719.45,0.82,11,00,00,08
Shipping_Measure_Costs,11_00_00_08,G,average,20,1230.29,0.95,11,00,00,08
Shipping_Measure_Costs,11_00_00_08,G,average,60,1972.55,0.92,11,00,00,08
Shipping_Measure_Costs,11_00_00_08,G,average,100,2714.81,0.82,11,00,00,08
Shipping_Measure_Costs,11_00_00_08,G&Wp,average,20,1234.93,0.95,11,00,00,08
Shipping_Measure_Costs,11_00_00_08,G&Wp,average,60,1977.19,0.92,11,00,00,08
Shipping_Measure_Costs,11_00_00_08,G&Wp,average,100,2719.45,0.82,11,00,00,08
Shipping_Measure_Costs,11_00_00_08,Wp,average,20,1239.57,0.95,11,00,00,08
Shipping_Measure_Costs,11_00_00_08,Wp,average,60,1981.83,0.92,11,00,00,08
Shipping_Measure_Costs,11_00_00_08,Wp,average,100,2724.09,0.83,11,00,00,08
Shipping_Measure_Costs,11_00_00_09,D,average,20,1230.29,0.95,11,00,00,09
Shipping_Measure_Costs,11_00_00_09,D,average,60,1972.55,0.92,11,00,00,09
Shipping_Measure_Costs,11_00_00_09,D,average,100,2714.81,0.82,11,00,00,09
Shipping_Measure_Costs,11_00_00_09,D&G,average,20,1230.29,0.95,11,00,00,09
Shipping_Measure_Costs,11_00_00_09,D&G,average,60,1972.55,0.92,11,00,00,09
Shipping_Measure_Costs,11_00_00_09,D&G,average,100,2714.81,0.82,11,00,00,09
Shipping_Measure_Costs,11_00_00_09,D&G&Wp,average,20,1233.38,0.95,11,00,00,09
Shipping_Measure_Costs,11_00_00_09,D&G&Wp,average,60,1975.64,0.92,11,00,00,09
Shipping_Measure_Costs,11_00_00_09,D&G&Wp,average,100,2717.9,0.82,11,00,00,09
Shipping_Measure_Costs,11_00_00_09,D&Wp,average,20,1234.93,0.95,11,00,00,09
Shipping_Measure_Costs,11_00_00_09,D&Wp,average,60,1977.19,0.92,11,00,00,09
Shipping_Measure_Costs,11_00_00_09,D&Wp,average,100,2719.45,0.82,11,00,00,09
Shipping_Measure_Costs,11_00_00_09,G,average,20,1230.29,0.95,11,00,00,09
Shipping_Measure_Costs,11_00_00_09,G,average,60,1972.55,0.92,11,00,00,09
Shipping_Measure_Costs,11_00_00_09,G,average,100,2714.81,0.82,11,00,00,09
Shipping_Measure_Costs,11_00_00_09,G&Wp,average,20,1234.93,0.95,11,00,00,09
Shipping_Measure_Costs,11_00_00_09,G&Wp,average,60,1977.19,0.92,11,00,00,09
Shipping_Measure_Costs,11_00_00_09,G&Wp,average,100,2719.45,0.82,11,00,00,09
Shipping_Measure_Costs,11_00_00_09,Wp,average,20,1239.57,0.95,11,00,00,09
Shipping_Measure_Costs,11_00_00_09,Wp,average,60,1981.83,0.92,11,00,00,09
Shipping_Measure_Costs,11_00_00_09,Wp,average,100,2724.09,0.83,11,00,00,09
Shipping_Measure_Costs,13_00_00_00,D,average,20,0.0,0.0,13,00,00,00
Shipping_Measure_Costs,13_00_00_00,D,average,60,0.0,0.0,13,00,00,00
Shipping_Measure_Costs,13_00_00_00,D,average,100,0.0,0.0,13,00,00,00
Shipping_Measure_Costs,13_00_00_00,D&G,average,20,0.0,0.0,13,00,00,00
Shipping_Measure_Costs,13_00_00_00,D&G,average,60,0.0,0.0,13,00,00,00
Shipping_Measure_Costs,13_00_00_00,D&G,average,100,0.0,0.0,13,00,00,00
Shipping_Measure_Costs,13_00_00_00,D&G&Wp,average,20,0.0,0.0,13,00,00,00
Shipping_Measure_Costs,13_00_00_00,D&G&Wp,average,60,0.0,0.0,13,00,00,00
Shipping_Measure_Costs,13_00_00_00,D&G&Wp,average,100,0.0,0.0,13,00,00,00
Shipping_Measure_Costs,13_00_00_00,D&Wp,average,20,0.0,0.0,13,00,00,00
Shipping_Measure_Costs,13_00_00_00,D&Wp,average,60,0.0,0.0,13,00,00,00
Shipping_Measure_Costs,13_00_00_00,D&Wp,average,100,0.0,0.0,13,00,00,00
Shipping_Measure_Costs,13_00_00_00,G,average,20,0.0,0.0,13,00,00,00
Shipping_Measure_Costs,13_00_00_00,G,average,60,0.0,0.0,13,00,00,00
Shipping_Measure_Costs,13_00_00_00,G,average,100,0.0,0.0,13,00,00,00
Shipping_Measure_Costs,13_00_00_00,G&Wp,average,20,0.0,0.0,13,00,00,00
Shipping_Measure_Costs,13_00_00_00,G&Wp,average,60,0.0,0.0,13,00,00,00
Shipping_Measure_Costs,13_00_00_00,G&Wp,average,100,0.0,0.0,13,00,00,00
Shipping_Measure_Costs,13_00_00_00,Wp,average,20,0.0,0.0,13,00,00,00
Shipping_Measure_Costs,13_00_00_00,Wp,average,60,0.0,0.0,13,00,00,00
Shipping_Measure_Costs,13_00_00_00,Wp,average,100,0.0,0.0,13,00,00,00
Shipping_Measure_Costs,13_00_00_01,D,average,20,545.88,0.42,13,00,00,01
Shipping_Measure_Costs,13_00_00_01,D,average,60,1088.6,0.51,13,00,00,01
Shipping_Measure_Costs,13_00_00_01,D,average,100,1545.95,0.47,13,00,00,01
Shipping_Measure_Costs,13_00_00_01,D&G,average,20,545.88,0.42,13,00,00,01
Shipping_Measure_Costs,13_00_00_01,D&G,average,60,1087.67,0.51,13,00,00,01
Shipping_Measure_Costs,13_00_00_01,D&G,average,100,1545.02,0.47,13,00,00,01
Shipping_Measure_Costs,13_00_00_01,D&G&Wp,average,20,580.57,0.45,13,00,00,01
Shipping_Measure_Costs,13_00_00_01,D&G&Wp,average,60,1293.39,0.6,13,00,00,01
Shipping_Measure_Costs,13_00_00_01,D&G&Wp,average,100,1849.71,0.56,13,00,00,01
Shipping_Measure_Costs,13_00_00_01,D&Wp,average,20,597.91,0.46,13,00,00,01
Shipping_Measure_Costs,13_00_00_01,D&Wp,average,60,1396.71,0.65,13,00,00,01
Shipping_Measure_Costs,13_00_00_01,D&Wp,average,100,2002.52,0.61,13,00,00,01
Shipping_Measure_Costs,13_00_00_01,G,average,20,545.88,0.42,13,00,00,01
Shipping_Measure_Costs,13_00_00_01,G,average,60,1086.74,0.51,13,00,00,01
Shipping_Measure_Costs,13_00_00_01,G,average,100,1544.1,0.47,13,00,00,01
Shipping_Measure_Costs,13_00_00_01,G&Wp,average,20,597.91,0.46,13,00,00,01
Shipping_Measure_Costs,13_00_00_01,G&Wp,average,60,1395.78,0.65,13,00,00,01
Shipping_Measure_Costs,13_00_00_01,G&Wp,average,100,2001.59,0.61,13,00,00,01
Shipping_Measure_Costs,13_00_00_01,Wp,average,20,649.95,0.5,13,00,00,01
Shipping_Measure_Costs,13_00_00_01,Wp,average,60,1704.82,0.79,13,00,00,01
Shipping_Measure_Costs,13_00_00_01,Wp,average,100,2459.08,0.75,13,00,00,01
Shipping_Measure_Costs,13_00_00_02,D,average,20,16.22,0.01,13,00,00,02
Shipping_Measure_Costs,13_00_00_02,D,average,60,87.69,0.04,13,00,00,02
Shipping_Measure_Costs,13_00_00_02,D,average,100,160.17,0.05,13,00,00,02
Shipping_Measure_Costs,13_00_00_02,D&G,average,20,16.22,0.01,13,00,00,02
Shipping_Measure_Costs,13_00_00_02,D&G,average,60,87.57,0.04,13,00,00,02
Shipping_Measure_Costs,13_00_00_02,D&G,average,100,160.05,0.05,13,00,00,02
Shipping_Measure_Costs,13_00_00_02,D&G&Wp,average,20,16.78,0.01,13,00,00,02
Shipping_Measure_Costs,13_00_00_02,D&G&Wp,average,60,537.3,0.25,13,00,00,02
Shipping_Measure_Costs,13_00_00_02,D&G&Wp,average,100,870.64,0.26,13,00,00,02
Shipping_Measure_Costs,13_00_00_02,D&Wp,average,20,17.05,0.01,13,00,00,02
Shipping_Measure_Costs,13_00_00_02,D&Wp,average,60,762.23,0.35,13,00,00,02
Shipping_Measure_Costs,13_00_00_02,D&Wp,average,100,1226.0,0.37,13,00,00,02
Shipping_Measure_Costs,13_00_00_02,G,average,20,16.22,0.01,13,00,00,02
Shipping_Measure_Costs,13_00_00_02,G,average,60,87.44,0.04,13,00,00,02
Shipping_Measure_Costs,13_00_00_02,G,average,100,159.92,0.05,13,00,00,02
Shipping_Measure_Costs,13_00_00_02,G&Wp,average,20,17.05,0.01,13,00,00,02
Shipping_Measure_Costs,13_00_00_02,G&Wp,average,60,762.1,0.35,13,00,00,02
Shipping_Measure_Costs,13_00_00_02,G&Wp,average,100,1225.87,0.37,13,00,00,02
Shipping_Measure_Costs,13_00_00_02,Wp,average,20,17.88,0.01,13,00,00,02
Shipping_Measure_Costs,13_00_00_02,Wp,average,60,1436.76,0.67,13,00,00,02
Shipping_Measure_Costs,13_00_00_02,Wp,average,100,2291.82,0.69,13,00,00,02
Shipping_Measure_Costs,13_00_00_04,D,average,20,41.08,0.03,13,00,00,04
Shipping_Measure_Costs,13_00_00_04,D,average,60,147.82,0.07,13,00,00,04
Shipping_Measure_Costs,13_00_00_04,D,average,100,255.82,0.08,13,00,00,04
Shipping_Measure_Costs,13_00_00_04,D&G,average,20,41.08,0.03,13,00,00,04
Shipping_Measure_Costs,13_00_00_04,D&G,average,60,146.27,0.07,13,00,00,04
Shipping_Measure_Costs,13_00_00_04,D&G,average,100,253.09,0.08,13,00,00,04
Shipping_Measure_Costs,13_00_00_04,D&G&Wp,average,20,41.5,0.03,13,00,00,04
Shipping_Measure_Costs,13_00_00_04,D&G&Wp,average,60,576.71,0.27,13,00,00,04
Shipping_Measure_Costs,13_00_00_04,D&G&Wp,average,100,932.95,0.28,13,00,00,04
Shipping_Measure_Costs,13_00_00_04,D&Wp,average,20,41.71,0.03,13,00,00,04
Shipping_Measure_Costs,13_00_00_04,D&Wp,average,60,792.71,0.37,13,00,00,04
Shipping_Measure_Costs,13_00_00_04,D&Wp,average,100,1274.24,0.39,13,00,00,04
Shipping_Measure_Costs,13_00_00_04,G,average,20,41.08,0.03,13,00,00,04
Shipping_Measure_Costs,13_00_00_04,G,average,60,144.73,0.07,13,00,00,04
Shipping_Measure_Costs,13_00_00_04,G,average,100,250.37,0.08,13,00,00,04
Shipping_Measure_Costs,13_00_00_04,G&Wp,average,20,41.71,0.03,13,00,00,04
Shipping_Measure_Costs,13_00_00_04,G&Wp,average,60,791.16,0.37,13,00,00,04
Shipping_Measure_Costs,13_00_00_04,G&Wp,average,100,1271.51,0.39,13,00,00,04
Shipping_Measure_Costs,13_00_00_04,Wp,average,20,42.34,0.03,13,00,00,04
Shipping_Measure_Costs,13_00_00_04,Wp,average,60,1437.6,0.67,13,00,00,04
Shipping_Measure_Costs,13_00_00_04,Wp,average,100,2292.66,0.69,13,00,00,04
Shipping_Measure_Costs,13_00_00_05,D,average,20,41.08,0.03,13,00,00,05
Shipping_Measure_Costs,13_00_00_05,D,average,60,1028.87,0.48,13,00,00,05
Shipping_Measure_Costs,13_00_00_05,D,average,100,1575.03,0.48,13,00,00,05
Shipping_Measure_Costs,13_00_00_05,D&G,average,20,41.08,0.03,13,00,00,05
Shipping_Measure_Costs,13_00_00_05,D&G,average,60,803.41,0.37,13,00,00,05
Shipping_Measure_Costs,13_00_00_05,D&G,average,100,1319.88,0.4,13,00,00,05
Shipping_Measure_Costs,13_00_00_05,D&G&Wp,average,20,41.5,0.03,13,00,00,05
Shipping_Measure_Costs,13_00_00_05,D&G&Wp,average,60,1085.58,0.5,13,00,00,05
Shipping_Measure_Costs,13_00_00_05,D&G&Wp,average,100,1710.91,0.52,13,00,00,05
Shipping_Measure_Costs,13_00_00_05,D&Wp,average,20,41.71,0.03,13,00,00,05
Shipping_Measure_Costs,13_00_00_05,D&Wp,average,60,1339.4,0.62,13,00,00,05
Shipping_Measure_Costs,13_00_00_05,D&Wp,average,100,2034.0,0.62,13,00,00,05
Shipping_Measure_Costs,13_00_00_05,G,average,20,41.08,0.03,13,00,00,05
Shipping_Measure_Costs,13_00_00_05,G,average,60,577.95,0.27,13,00,00,05
Shipping_Measure_Costs,13_00_00_05,G,average,100,1064.73,0.32,13,00,00,05
Shipping_Measure_Costs,13_00_00_05,G&Wp,average,20,41.71,0.03,13,00,00,05
Shipping_Measure_Costs,13_00_00_05,G&Wp,average,60,1113.94,0.52,13,00,00,05
Shipping_Measure_Costs,13_00_00_05,G&Wp,average,100,1778.85,0.54,13,00,00,05
Shipping_Measure_Costs,13_00_00_05,Wp,average,20,42.34,0.03,13,00,00,05
Shipping_Measure_Costs,13_00_00_05,Wp,average,60,1649.92,0.77,13,00,00,05
Shipping_Measure_Costs,13_00_00_05,Wp,average,100,2492.98,0.76,13,00,00,05
Shipping_Measure_Costs,13_00_00_07,D,average,20,1230.29,0.95,13,00,00,07
Shipping_Measure_Costs,13_00_00_07,D,average,60,1972.55,0.92,13,00,00,07
Shipping_Measure_Costs,13_00_00_07,D,average,100,2714.81,0.82,13,00,00,07
Shipping_Measure_Costs,13_00_00_07,D&G,average,20,1230.29,0.95,13,00,00,07
Shipping_Measure_Costs,13_00_00_07,D&G,average,60,1972.55,0.92,13,00,00,07
Shipping_Measure_Costs,13_00_00_07,D&G,average,100,2714.81,0.82,13,00,00,07
Shipping_Measure_Costs,13_00_00_07,D&G&Wp,average,20,1233.38,0.95,13,00,00,07
Shipping_Measure_Costs,13_00_00_07,D&G&Wp,average,60,1975.64,0.92,13,00,00,07
Shipping_Measure_Costs,13_00_00_07,D&G&Wp,average,100,2717.9,0.82,13,00,00,07
Shipping_Measure_Costs,13_00_00_07,D&Wp,average,20,1234.93,0.95,13,00,00,07
Shipping_Measure_Costs,13_00_00_07,D&Wp,average,60,1977.19,0.92,13,00,00,07
Shipping_Measure_Costs,13_00_00_07,D&Wp,average,100,2719.45,0.82,13,00,00,07
Shipping_Measure_Costs,13_00_00_07,G,average,20,1230.29,0.95,13,00,00,07
Shipping_Measure_Costs,13_00_00_07,G,average,60,1972.55,0.92,13,00,00,07
Shipping_Measure_Costs,13_00_00_07,G,average,100,2714.81,0.82,13,00,00,07
Shipping_Measure_Costs,13_00_00_07,G&Wp,average,20,1234.93,0.95,13,00,00,07
Shipping_Measure_Costs,13_00_00_07,G&Wp,average,60,1977.19,0.92,13,00,00,07
Shipping_Measure_Costs,13_00_00_07,G&Wp,average,100,2719.45,0.82,13,00,00,07
Shipping_Measure_Costs,13_00_00_07,Wp,average,20,1239.57,0.95,13,00,00,07
Shipping_Measure_Costs,13_00_00_07,Wp,average,60,1981.83,0.92,13,00,00,07
Shipping_Measure_Costs,13_00_00_07,Wp,average,100,2724.09,0.83,13,00,00,07
Shipping_Measure_Costs,13_00_00_08,D,average,20,1230.29,0.95,13,00,00,08
Shipping_Measure_Costs,13_00_00_08,D,average,60,1972.55,0.92,13,00,00,08
Shipping_Measure_Costs,13_00_00_08,D,average,100,2714.81,0.82,13,00,00,08
Shipping_Measure_Costs,13_00_00_08,D&G,average,20,1230.29,0.95,13,00,00,08
Shipping_Measure_Costs,13_00_00_08,D&G,average,60,1972.55,0.92,13,00,00,08
Shipping_Measure_Costs,13_00_00_08,D&G,average,100,2714.81,0.82,13,00,00,08
Shipping_Measure_Costs,13_00_00_08,D&G&Wp,average,20,1233.38,0.95,13,00,00,08
Shipping_Measure_Costs,13_00_00_08,D&G&Wp,average,60,1975.64,0.92,13,00,00,08
Shipping_Measure_Costs,13_00_00_08,D&G&Wp,average,100,2717.9,0.82,13,00,00,08
Shipping_Measure_Costs,13_00_00_08,D&Wp,average,20,1234.93,0.95,13,00,00,08
Shipping_Measure_Costs,13_00_00_08,D&Wp,average,60,1977.19,0.92,13,00,00,08
Shipping_Measure_Costs,13_00_00_08,D&Wp,average,100,2719.45,0.82,13,00,00,08
Shipping_Measure_Costs,13_00_00_08,G,average,20,1230.29,0.95,13,00,00,08
Shipping_Measure_Costs,13_00_00_08,G,average,60,1972.55,0.92,13,00,00,08
Shipping_Measure_Costs,13_00_00_08,G,average,100,2714.81,0.82,13,00,00,08
Shipping_Measure_Costs,13_00_00_08,G&Wp,average,20,1234.93,0.95,13,00,00,08
Shipping_Measure_Costs,13_00_00_08,G&Wp,average,60,1977.19,0.92,13,00,00,08
Shipping_Measure_Costs,13_00_00_08,G&Wp,average,100,2719.45,0.82,13,00,00,08
Shipping_Measure_Costs,13_00_00_08,Wp,average,20,1239.57,0.95,13,00,00,08
Shipping_Measure_Costs,13_00_00_08,Wp,average,60,1981.83,0.92,13,00,00,08
Shipping_Measure_Costs,13_00_00_08,Wp,average,100,2724.09,0.83,13,00,00,08
Shipping_Measure_Costs,13_00_00_09,D,average,20,1230.29,0.95,13,00,00,09
Shipping_Measure_Costs,13_00_00_09,D,average,60,1972.55,0.92,13,00,00,09
Shipping_Measure_Costs,13_00_00_09,D,average,100,2714.81,0.82,13,00,00,09
Shipping_Measure_Costs,13_00_00_09,D&G,average,20,1230.29,0.95,13,00,00,09
Shipping_Measure_Costs,13_00_00_09,D&G,average,60,1972.55,0.92,13,00,00,09
Shipping_Measure_Costs,13_00_00_09,D&G,average,100,2714.81,0.82,13,00,00,09
Shipping_Measure_Costs,13_00_00_09,D&G&Wp,average,20,1233.38,0.95,13,00,00,09
Shipping_Measure_Costs,13_00_00_09,D&G&Wp,average,60,1975.64,0.92,13,00,00,09
Shipping_Measure_Costs,13_00_00_09,D&G&Wp,average,100,2717.9,0.82,13,00,00,09
Shipping_Measure_Costs,13_00_00_09,D&Wp,average,20,1234.93,0.95,13,00,00,09
Shipping_Measure_Costs,13_00_00_09,D&Wp,average,60,1977.19,0.92,13,00,00,09
Shipping_Measure_Costs,13_00_00_09,D&Wp,average,100,2719.45,0.82,13,00,00,09
Shipping_Measure_Costs,13_00_00_09,G,average,20,1230.29,0.95,13,00,00,09
Shipping_Measure_Costs,13_00_00_09,G,average,60,1972.55,0.92,13,00,00,09
Shipping_Measure_Costs,13_00_00_09,G,average,100,2714.81,0.82,13,00,00,09
Shipping_Measure_Costs,13_00_00_09,G&Wp,average,20,1234.93,0.95,13,00,00,09
Shipping_Measure_Costs,13_00_00_09,G&Wp,average,60,1977.19,0.92,13,00,00,09
Shipping_Measure_Costs,13_00_00_09,G&Wp,average,100,2719.45,0.82,13,00,00,09
Shipping_Measure_Costs,13_00_00_09,Wp,average,20,1239.57,0.95,13,00,00,09
Shipping_Measure_Costs,13_00_00_09,Wp,average,60,1981.83,0.92,13,00,00,09
Shipping_Measure_Costs,13_00_00_09,Wp,average,100,2724.09,0.83,13,00,00,09
